Country,Query,Searches
SWE,ägg,7128
SWE,mjölk,6861
SWE,ost,6419
SWE,bröd,6366
SWE,glass,4514
SWE,chips,4397
SWE,kyckling,4329
SWE,tomat,3847
SWE,potatis,3408
SWE,smör,3272
SWE,kvarg,3150
SWE,gurka,3127
SWE,cola,3061
SWE,pasta,2917
SWE,grädde,2904
SWE,snus,2838
SWE,godis,2779
SWE,korv,2679
SWE,sallad,2547
SWE,choklad,2428
SWE,gräddfil,2324
SWE,kaffe,2249
SWE,pizza,2192
SWE,pepsi,2042
SWE,kött,2017
SWE,yoghurt,1935
SWE,juice,1879
SWE,majs,1800
SWE,öl,1767
SWE,ris,1653
SWE,banan,1647
SWE,velo,1639
SWE,nudlar,1606
SWE,lök,1599
SWE,nocco,1581
SWE,redbull,1554
SWE,läsk,1544
SWE,keso,1516
SWE,protein,1512
SWE,creme,1509
SWE,skinka,1476
SWE,paprika,1419
SWE,citron,1396
SWE,toa,1387
SWE,cola zero,1378
SWE,loka,1368
SWE,lax,1339
SWE,monster,1315
SWE,taco,1312
SWE,köttfärs,1267
SWE,vitlök,1267
SWE,dipp,1221
SWE,nötfärs,1186
SWE,bacon,1165
SWE,oliver,1161
SWE,pommes,1145
SWE,köttbullar,1143
SWE,popcorn,1072
SWE,toalett,1070
SWE,kalkon,1053
SWE,frukt,1052
SWE,sås,1000
SWE,mjöl,997
SWE,feta,970
SWE,parmesan,965
SWE,grekisk,964
SWE,tvättmedel,945
SWE,havre,944
SWE,bregott,940
SWE,coca,937
SWE,jord,937
SWE,marabou,933
SWE,saft,922
SWE,grädd,920
SWE,ketchup,909
SWE,korvbröd,906
SWE,jordgubbar,897
SWE,äpple,896
SWE,is,895
SWE,sylt,863
SWE,mango,862
SWE,fanta,862
SWE,hallon,860
SWE,mino,858
SWE,tonfisk,856
SWE,blåbär,845
SWE,vatten,842
SWE,salami,835
SWE,salt,830
SWE,pesto,822
SWE,kex,821
SWE,morot,802
SWE,flingor,801
SWE,ramlösa,800
SWE,cigg,796
SWE,pepsi max,790
SWE,tortilla,783
SWE,kebab,771
SWE,nötter,769
SWE,tvål,764
SWE,vanilj,762
SWE,toapapper,749
SWE,rödlök,744
SWE,ben,731
SWE,mj,724
SWE,fisk,712
SWE,kakor,703
SWE,tomater,703
SWE,avokado,703
SWE,billys,700
SWE,toalettpapper,696
SWE,riven ost,689
SWE,lime,687
SWE,räkor,671
SWE,dill,670
SWE,coca cola,667
SWE,chili,663
SWE,red,662
SWE,kokos,657
SWE,nicks,655
SWE,tandkräm,649
SWE,oatly,635
SWE,hamburgare,633
SWE,laktosfri,632
SWE,spenat,627
SWE,honung,621
SWE,br,620
SWE,red bull,617
SWE,disk,617
SWE,celsius,614
SWE,tvätt,604
SWE,soppa,603
SWE,yo,602
SWE,bea,601
SWE,gr,597
SWE,fetaost,596
SWE,pålägg,595
SWE,zyn,593
SWE,propud,589
SWE,ky,586
SWE,socker,586
SWE,fil,582
SWE,pop,577
SWE,vape,576
SWE,morötter,569
SWE,mozzarella,559
SWE,grä,552
SWE,creme fraiche,549
SWE,granola,548
SWE,hushålls,533
SWE,katt,532
SWE,ma,532
SWE,paj,532
SWE,cig,530
SWE,falukorv,525
SWE,tårta,514
SWE,gifflar,509
SWE,sprite,506
SWE,bär,502
SWE,sköljmedel,498
SWE,kattmat,495
SWE,knäckebröd,485
SWE,senap,482
SWE,melon,480
SWE,dip,480
SWE,ka,478
SWE,glutenfri,477
SWE,halloumi,472
SWE,kaviar,470
SWE,pota,453
SWE,ch,449
SWE,tacos,449
SWE,lohilo,448
SWE,to,447
SWE,cheddar,443
SWE,zero,442
SWE,svamp,438
SWE,milk,437
SWE,vispgrädde,437
SWE,po,436
SWE,mat,436
SWE,baguette,436
SWE,pro,433
SWE,kefir,432
SWE,färs,432
SWE,basilika,430
SWE,soja,430
SWE,havregryn,424
SWE,tom,423
SWE,knäcke,422
SWE,hummus,422
SWE,camel,421
SWE,cigaretter,418
SWE,energi,417
SWE,magnum,416
SWE,potat,415
SWE,gooh,413
SWE,broccoli,408
SWE,bullar,407
SWE,brie,407
SWE,persilja,406
SWE,olja,406
SWE,ostbågar,405
SWE,lingon,400
SWE,glas,396
SWE,lakrits,395
SWE,tomatpure,394
SWE,nutella,391
SWE,musli,386
SWE,bubs,386
SWE,pringles,384
SWE,nöt,383
SWE,yog,383
SWE,apelsin,382
SWE,olivolja,380
SWE,cheese,379
SWE,makaroner,379
SWE,hushållspapper,378
SWE,mozarella,378
SWE,gurk,378
SWE,pot,377
SWE,snacks,377
SWE,phila,376
SWE,blöjor,375
SWE,sa,374
SWE,ölkorv,374
SWE,ba,370
SWE,dricka,370
SWE,diskmedel,370
SWE,toma,367
SWE,fun light,363
SWE,färdig,362
SWE,vegan,360
SWE,grönsaker,359
SWE,röd,358
SWE,ingefära,358
SWE,hårfärg,357
SWE,ket,356
SWE,fryst,356
SWE,te,356
SWE,buldak,353
SWE,majonäs,352
SWE,lasagne,352
SWE,pa,350
SWE,funlight,350
SWE,yogurt,349
SWE,tand,348
SWE,avo,348
SWE,nuggets,348
SWE,kladdkaka,347
SWE,sötpotatis,347
SWE,kattsand,347
SWE,daim,346
SWE,brö,346
SWE,jordgubb,346
SWE,vaniljsås,345
SWE,deo,344
SWE,vit,344
SWE,cho,342
SWE,vattenmelon,342
SWE,tofu,342
SWE,bönor,342
SWE,marlboro,341
SWE,filmjölk,338
SWE,mjö,338
SWE,chicken,337
SWE,salsa,337
SWE,sill,335
SWE,visp,335
SWE,zeroh,335
SWE,dressing,335
SWE,koriander,332
SWE,grill,332
SWE,päron,331
SWE,gl,330
SWE,oliv,328
SWE,sia,325
SWE,pep,325
SWE,bread,323
SWE,chark,321
SWE,havremjölk,320
SWE,färskost,318
SWE,blommor,318
SWE,riskakor,317
SWE,hamburg,317
SWE,dryck,316
SWE,kyc,315
SWE,kanel,314
SWE,chip,311
SWE,rost,311
SWE,kyck,310
SWE,cel,309
SWE,cream,309
SWE,balsam,309
SWE,vitamin,308
SWE,papper,307
SWE,kräftor,306
SWE,burrata,305
SWE,buljong,305
SWE,alvedon,304
SWE,co,303
SWE,phil,302
SWE,hund,301
SWE,ci,299
SWE,curry,299
SWE,falu,299
SWE,krossade,299
SWE,fun,297
SWE,majo,297
SWE,potatissallad,297
SWE,ha,295
SWE,baby,293
SWE,pändy,292
SWE,pastasås,292
SWE,col,291
SWE,fläsk,290
SWE,pytt,290
SWE,bindor,289
SWE,max,288
SWE,kinder,283
SWE,pannkakor,281
SWE,gräslök,281
SWE,mo,281
SWE,iskaffe,280
SWE,avocado,279
SWE,nacho,278
SWE,alpro,277
SWE,marmelad,277
SWE,färdigmat,276
SWE,liba,276
SWE,ananas,275
SWE,cre,275
SWE,peppar,274
SWE,dusch,274
SWE,fika,274
SWE,blå,273
SWE,kö,272
SWE,pi,272
SWE,oreo,271
SWE,yogh,271
SWE,smoothie,271
SWE,hushåll,270
SWE,frys,268
SWE,gräddf,267
SWE,skölj,266
SWE,vindruvor,266
SWE,smash,265
SWE,rosa,265
SWE,lins,264
SWE,mar,264
SWE,la,264
SWE,mandel,260
SWE,toal,260
SWE,peps,260
SWE,pandy,260
SWE,riven,259
SWE,leverpastej,259
SWE,tuc,258
SWE,vetemjöl,258
SWE,creme fr,257
SWE,sal,256
SWE,mor,256
SWE,kål,256
SWE,chokl,255
SWE,rom,255
SWE,lever,253
SWE,loop,253
SWE,oboy,252
SWE,skagen,252
SWE,bana,252
SWE,egg,251
SWE,mozz,248
SWE,go,247
SWE,sall,246
SWE,risi,246
SWE,sop,245
SWE,jäst,244
SWE,gräd,244
SWE,grekisk yoghurt,244
SWE,turkisk,243
SWE,sm,243
SWE,pita,243
SWE,gla,242
SWE,mara,242
SWE,sallads,242
SWE,frukost,242
SWE,ham,240
SWE,handtvål,240
SWE,oat,239
SWE,tonic,239
SWE,rostad lök,239
SWE,tryffel,239
SWE,körsbär,239
SWE,jordgu,238
SWE,hambu,238
SWE,bar,238
SWE,majskakor,237
SWE,crem,237
SWE,fuet,237
SWE,räk,237
SWE,festis,237
SWE,hamb,236
SWE,ärtor,236
SWE,coc,234
SWE,proteinbar,234
SWE,städ,234
SWE,vitamin well,233
SWE,fazer,232
SWE,energidryck,232
SWE,corn,231
SWE,va,231
SWE,olw,231
SWE,chi,230
SWE,mer,230
SWE,valio,229
SWE,kokosmjölk,229
SWE,kiwi,229
SWE,tomatsås,228
SWE,hambur,227
SWE,gur,227
SWE,salla,226
SWE,parme,226
SWE,giff,225
SWE,chia,225
SWE,billy,224
SWE,ipren,224
SWE,smö,224
SWE,estrella,222
SWE,potati,222
SWE,bak,222
SWE,pågen,221
SWE,glutenfritt,221
SWE,mozza,220
SWE,hus,220
SWE,ta,220
SWE,söt,219
SWE,barebells,219
SWE,moz,219
SWE,hush,217
SWE,gul lök,217
SWE,bananer,217
SWE,proviva,215
SWE,vego,215
SWE,wasa,214
SWE,rostbiff,214
SWE,aioli,214
SWE,so,214
SWE,cider,213
SWE,water,213
SWE,schampo,213
SWE,nudl,213
SWE,nud,212
SWE,sparris,211
SWE,salad,211
SWE,toap,211
SWE,vaniljglass,210
SWE,laktos,210
SWE,jalapeno,210
SWE,köttf,209
SWE,selleri,209
SWE,ice,209
SWE,dadlar,209
SWE,pe,209
SWE,tuggummi,208
SWE,spagetti,208
SWE,köttbull,208
SWE,jordg,207
SWE,hemmakväll,206
SWE,you,205
SWE,mjukost,205
SWE,salladslök,205
SWE,välling,205
SWE,ikaffe,205
SWE,blandfärs,205
SWE,salladsost,204
SWE,pap,204
SWE,pr,202
SWE,vin,200
SWE,fr,200
SWE,ketch,199
SWE,gluten,199
SWE,vitlöks,199
SWE,ke,199
SWE,kakao,198
SWE,hamburger,197
SWE,kyckl,197
SWE,lingonsylt,196
SWE,nässpray,196
SWE,kor,195
SWE,kelda,194
SWE,ranch,194
SWE,pan,194
SWE,lindt,194
SWE,köttbu,194
SWE,gröt,193
SWE,celcius,193
SWE,kladd,193
SWE,smörgås,193
SWE,potatismos,193
SWE,snabbkaffe,192
SWE,krossade tomater,191
SWE,doritos,191
SWE,snabb,191
SWE,kaka,191
SWE,lm,191
SWE,mayo,191
SWE,knox,191
SWE,popc,190
SWE,spaghetti,190
SWE,tort,189
SWE,marl,189
SWE,thai,189
SWE,knä,188
SWE,resorb,188
SWE,cashew,188
SWE,sch,187
SWE,tandborste,187
SWE,matlagningsgrädde,187
SWE,bro,186
SWE,hamburgar,186
SWE,youghurt,186
SWE,pinsa,185
SWE,tomato,183
SWE,äppel,183
SWE,bagel,183
SWE,jordnötssmör,183
SWE,wok,182
SWE,kebabsås,182
SWE,philadelphia,181
SWE,nachos,181
SWE,parm,181
SWE,ciga,180
SWE,chocklad,180
SWE,färsk,179
SWE,sirap,179
SWE,eldorado,179
SWE,surdeg,178
SWE,korvbr,178
SWE,delicato,178
SWE,ramen,178
SWE,köttb,177
SWE,soya,177
SWE,ruccola,176
SWE,hall,175
SWE,ban,175
SWE,saltgurka,175
SWE,mini,175
SWE,laktosfri mjölk,175
SWE,matgrädde,175
SWE,maj,175
SWE,mutti,174
SWE,lätt,174
SWE,lemon,174
SWE,hallo,174
SWE,rosa mjölk,173
SWE,ljus,173
SWE,pann,173
SWE,arla,172
SWE,dr,172
SWE,svartpeppar,172
SWE,rostbröd,170
SWE,körs,170
SWE,general,169
SWE,grön,169
SWE,jui,169
SWE,sk,169
SWE,power,168
SWE,soppåsar,168
SWE,pistage,168
SWE,biscoff,167
SWE,sockerfri,167
SWE,vinäger,167
SWE,papr,167
SWE,räksallad,166
SWE,champ,166
SWE,isglass,166
SWE,sopp,166
SWE,cr,166
SWE,yoggi,166
SWE,torsk,165
SWE,morö,165
SWE,pizz,165
SWE,sweet,164
SWE,vitkål,164
SWE,tunnbröd,164
SWE,hamburgerbröd,164
SWE,mynta,163
SWE,toast,163
SWE,garant,163
SWE,rostad,163
SWE,nick,163
SWE,bre,162
SWE,cherry,162
SWE,nötf,162
SWE,toapa,161
SWE,sötpo,161
SWE,matcha,161
SWE,holiday,161
SWE,lundgrens,161
SWE,citr,160
SWE,jor,160
SWE,lättmjölk,160
SWE,start,159
SWE,bulle,159
SWE,breg,159
SWE,chorizo,159
SWE,jordnöt,158
SWE,libero,158
SWE,näs,157
SWE,oregano,157
SWE,kycklingkebab,157
SWE,ice cream,157
SWE,marinad,157
SWE,pring,157
SWE,sesam,157
SWE,eggs,157
SWE,ri,157
SWE,butter,156
SWE,lövbiff,156
SWE,findus,156
SWE,kapris,155
SWE,matlåda,155
SWE,ko,155
SWE,drick,155
SWE,iste,155
SWE,Red Bull,154
SWE,guac,154
SWE,kaff,154
SWE,vanil,154
SWE,bl,154
SWE,gre,154
SWE,sushi,153
SWE,prot,153
SWE,vitlö,153
SWE,chilli,152
SWE,svart,152
SWE,nu,152
SWE,matlagnings,152
SWE,semper,151
SWE,margarin,151
SWE,dr pepper,151
SWE,kvar,151
SWE,dijon,151
SWE,snu,151
SWE,knäck,151
SWE,ättika,151
SWE,felix,151
SWE,gu,150
SWE,shampoo,150
SWE,ra,150
SWE,twix,150
SWE,frysta,149
SWE,batteri,149
SWE,matlag,149
SWE,os,149
SWE,lätta,149
SWE,kyckli,148
SWE,köt,148
SWE,pomm,148
SWE,lak,148
SWE,bul,148
SWE,vete,148
SWE,yoghu,147
SWE,ostbå,147
SWE,kaffefilter,147
SWE,köttfä,147
SWE,isberg,147
SWE,7up,147
SWE,hår,147
SWE,snickers,147
SWE,treo,147
SWE,gra,146
SWE,jordnö,146
SWE,jo,146
SWE,champinjoner,145
SWE,vitlöksbröd,145
SWE,tv,145
SWE,levain,145
SWE,mörk choklad,144
SWE,ton,144
SWE,cham,144
SWE,tugg,144
SWE,bu,144
SWE,tårt,143
SWE,vi,143
SWE,kryddor,143
SWE,polly,142
SWE,doft,142
SWE,kr,142
SWE,marab,142
SWE,broc,142
SWE,pers,142
SWE,haribo,142
SWE,greki,141
SWE,halal,141
SWE,be,141
SWE,Mjölk,141
SWE,onion,140
SWE,våtservetter,140
SWE,timjan,140
SWE,persika,140
SWE,banana,139
SWE,oli,139
SWE,ramlö,139
SWE,blomkål,139
SWE,kycklin,138
SWE,moza,138
SWE,bear,138
SWE,coffee,138
SWE,sp,138
SWE,piggelin,137
SWE,russin,137
SWE,paprik,137
SWE,wc,137
SWE,tacosås,136
SWE,san,136
SWE,tobak,136
SWE,hand,136
SWE,vitl,136
SWE,plast,136
SWE,gul,136
SWE,tändare,136
SWE,entrecote,136
SWE,rice,135
SWE,gif,135
SWE,zingo,135
SWE,våt,135
SWE,giffl,135
SWE,bilar,135
SWE,coco,134
SWE,sour,134
SWE,blåbä,134
SWE,jordn,134
SWE,vegansk,133
SWE,gorbys,133
SWE,kikärtor,133
SWE,gravid,133
SWE,gräddfi,133
SWE,fiskpinnar,133
SWE,äpplen,132
SWE,redbu,132
SWE,redb,132
SWE,re,132
SWE,rödbetor,132
SWE,mjolk,132
SWE,tonf,131
SWE,avok,131
SWE,no,131
SWE,barnmat,131
SWE,bulgur,131
SWE,trocadero,131
SWE,gräs,131
SWE,vani,130
SWE,yes,130
SWE,mac,130
SWE,sn,130
SWE,tortellini,130
SWE,skink,130
SWE,fond,130
SWE,nektarin,129
SWE,korvb,129
SWE,ajax,129
SWE,finn,129
SWE,hönö,129
SWE,polar,129
SWE,bbq,129
SWE,jordnötter,129
SWE,chocolate,128
SWE,ram,128
SWE,spray,128
SWE,ju,128
SWE,hushå,128
SWE,soda,128
SWE,veg,128
SWE,kycklingkorv,128
SWE,past,127
SWE,bomull,127
SWE,hamburgarbröd,127
SWE,äpp,127
SWE,råg,127
SWE,godi,126
SWE,lays,126
SWE,lambi,126
SWE,grek,126
SWE,maka,125
SWE,pas,125
SWE,ca,125
SWE,winston,124
SWE,fär,124
SWE,toale,124
SWE,frysta bär,124
SWE,coke,124
SWE,chok,123
SWE,beer,123
SWE,fa,123
SWE,god,123
SWE,Glass,122
SWE,lemonad,122
SWE,majonnäs,122
SWE,cels,122
SWE,muffins,122
SWE,spag,121
SWE,purjolök,121
SWE,hundmat,121
SWE,youg,121
SWE,corni,121
SWE,entre,121
SWE,kräm,121
SWE,corny,120
SWE,popco,120
SWE,bagu,120
SWE,bull,120
SWE,brocc,120
SWE,sol,120
SWE,tvättm,119
SWE,ce,119
SWE,linschips,119
SWE,ginger,119
SWE,juic,119
SWE,philadel,119
SWE,fralla,119
SWE,linser,119
SWE,schampoo,119
SWE,sur,118
SWE,di,118
SWE,level,118
SWE,creme frai,117
SWE,serla,117
SWE,schysst,117
SWE,fä,117
SWE,redhead,117
SWE,Ost,117
SWE,multi,117
SWE,koko,117
SWE,croissant,117
SWE,hangry,116
SWE,jordnöts,116
SWE,par,116
SWE,ro,116
SWE,kräft,116
SWE,Chips,116
SWE,majon,115
SWE,gullök,115
SWE,apelsinjuice,115
SWE,tonfi,115
SWE,dumle,115
SWE,jala,114
SWE,påsar,114
SWE,babybel,114
SWE,rapsolja,114
SWE,gb,114
SWE,capri,114
SWE,tor,114
SWE,grillkorv,113
SWE,oxfile,113
SWE,barilla,113
SWE,bland,113
SWE,nötfä,113
SWE,burger,112
SWE,santa maria,112
SWE,rak,112
SWE,korvbrö,112
SWE,torte,112
SWE,potato,112
SWE,film,112
SWE,prote,111
SWE,mon,111
SWE,roman,111
SWE,torti,111
SWE,inge,111
SWE,påse,111
SWE,ketc,111
SWE,blåb,110
SWE,prin,110
SWE,lasa,110
SWE,ostb,110
SWE,brownie,110
SWE,kva,110
SWE,soltorkade,109
SWE,ostsås,109
SWE,phi,109
SWE,barista,109
SWE,Bröd,109
SWE,torkad,109
SWE,grumme,109
SWE,cha,109
SWE,burek,109
SWE,mörk,109
SWE,cro,109
SWE,färdig mat,109
SWE,muffin,108
SWE,tony,108
SWE,toilet,108
SWE,garlic,108
SWE,nivea,108
SWE,risifrutti,108
SWE,nocc,108
SWE,pannk,108
SWE,tzat,108
SWE,råsaft,107
SWE,spa,107
SWE,kik,107
SWE,nö,107
SWE,munk,107
SWE,törst,107
SWE,tops,107
SWE,bag,107
SWE,folköl,107
SWE,klorin,107
SWE,donut,106
SWE,maräng,106
SWE,vatte,106
SWE,tacokrydda,106
SWE,fanta zero,106
SWE,barn,106
SWE,wolt,106
SWE,champis,106
SWE,sala,106
SWE,remo,106
SWE,purjo,105
SWE,strö,105
SWE,coca cola zero,105
SWE,tortill,105
SWE,dumplings,105
SWE,ica,105
SWE,ravioli,105
SWE,fi,105
SWE,grekis,105
SWE,raps,105
SWE,pudding,104
SWE,riskak,104
SWE,tandkr,104
SWE,lant,104
SWE,kina,104
SWE,light,104
SWE,mars,104
SWE,tuggumi,104
SWE,bearnaise,104
SWE,smetana,104
SWE,våtser,104
SWE,creme fra,104
SWE,vita bönor,103
SWE,vita,103
SWE,yougurt,103
SWE,vit choklad,103
SWE,mozzare,103
SWE,färd,103
SWE,sweet chili,103
SWE,nan,103
SWE,hav,102
SWE,helwit,102
SWE,st,102
SWE,plåster,102
SWE,toalet,102
SWE,kycklingfärs,102
SWE,hushållsp,102
SWE,raml,102
SWE,bur,102
SWE,blom,102
SWE,nappar,102
SWE,sorbet,102
SWE,duschtvål,102
SWE,brego,102
SWE,wrap,102
SWE,pizzakit,101
SWE,köttfär,101
SWE,digestive,101
SWE,che,101
SWE,koffein,101
SWE,kol,101
SWE,äppl,101
SWE,al,101
SWE,apple,101
SWE,lö,101
SWE,diskmaskin,100
SWE,pucko,100
SWE,ferrari,100
SWE,japp,100
SWE,sock,100
SWE,eko,100
SWE,ve,99
SWE,sandwich,99
SWE,tac,99
SWE,oddly,99
SWE,hallonsylt,99
SWE,rödbet,99
SWE,lakt,98
SWE,avfalls,98
SWE,imat,98
SWE,ryggbiff,98
SWE,rö,98
SWE,mjölk laktosfri,98
SWE,ros,98
SWE,gräddsås,98
SWE,burr,98
SWE,vanish,98
SWE,kn,98
SWE,mint,97
SWE,bill,97
SWE,bare,97
SWE,toapapp,97
SWE,högrev,97
SWE,bars,97
SWE,lingongrova,97
SWE,pri,97
SWE,mjök,97
SWE,lin,97
SWE,lä,97
SWE,rä,96
SWE,tamponger,96
SWE,snack,96
SWE,brioche,96
SWE,hemma,96
SWE,klämmis,96
SWE,tza,96
SWE,tuna,96
SWE,burgare,95
SWE,diskm,95
SWE,panko,95
SWE,protein bar,95
SWE,papri,95
SWE,barebell,95
SWE,kal,95
SWE,mascarpone,94
SWE,vätske,94
SWE,tvä,94
SWE,soy,94
SWE,färdigrätt,94
SWE,handskar,94
SWE,potatisgratäng,94
SWE,cola z,94
SWE,yalla,94
SWE,kycklingfile,93
SWE,nudla,93
SWE,dubai,93
SWE,pepp,93
SWE,gouda,93
SWE,xqs,93
SWE,riskaka,93
SWE,gorby,93
SWE,frallor,93
SWE,blåbärs,93
SWE,macka,93
SWE,bubbelvatten,93
SWE,chee,93
SWE,krydda,93
SWE,cookies,92
SWE,äppeljuice,92
SWE,schysst käk,92
SWE,gua,92
SWE,marabo,92
SWE,potatissa,92
SWE,makar,91
SWE,li,91
SWE,torky,91
SWE,sköl,91
SWE,frödinge,91
SWE,le,91
SWE,lantchips,91
SWE,potatisbullar,91
SWE,matla,91
SWE,ho,91
SWE,pepper,91
SWE,mandlar,91
SWE,västerbotten,91
SWE,cake,91
SWE,makrill,91
SWE,beöd,91
SWE,starbucks,91
SWE,cola zer,90
SWE,kak,90
SWE,champi,90
SWE,salta,90
SWE,van,90
SWE,prop,90
SWE,actimel,90
SWE,avfall,90
SWE,manna,90
SWE,tandk,90
SWE,hal,90
SWE,av,90
SWE,kokosvatten,90
SWE,zoo,90
SWE,brod,90
SWE,lasange,90
SWE,grönkål,90
SWE,kavi,89
SWE,tomatpu,89
SWE,philade,89
SWE,feta ost,89
SWE,kro,89
SWE,penne,89
SWE,Pepsi,89
SWE,vindr,89
SWE,ski,89
SWE,lakto,89
SWE,bi,89
SWE,si,88
SWE,gi,88
SWE,ketchu,88
SWE,glassbåt,88
SWE,mu,88
SWE,vaniljs,88
SWE,jordgubbs,88
SWE,röd lök,88
SWE,sc,88
SWE,karins,87
SWE,sand,87
SWE,lo,87
SWE,rakhyvel,87
SWE,loka crush,87
SWE,basil,87
SWE,risk,87
SWE,guacamole,87
SWE,kl,86
SWE,bague,86
SWE,citro,86
SWE,toalettp,86
SWE,Pizza,86
SWE,tampong,86
SWE,gott,86
SWE,filmj,86
SWE,ceasar,86
SWE,noodles,86
SWE,fullkorn,86
SWE,pulled,86
SWE,solero,86
SWE,ballerina,86
SWE,cereal,86
SWE,dumpling,86
SWE,hamburga,85
SWE,bearn,85
SWE,lev,85
SWE,diskborste,85
SWE,tro,85
SWE,kycklinglår,85
SWE,vaniljsocker,85
SWE,se,85
SWE,cream cheese,85
SWE,krä,84
SWE,fet,84
SWE,ol,84
SWE,chilisås,84
SWE,tranbär,84
SWE,form,84
SWE,binda,84
SWE,kalk,84
SWE,grav,84
SWE,frö,84
SWE,moro,84
SWE,marlb,84
SWE,nypon,84
SWE,deg,84
SWE,beef,84
SWE,servetter,83
SWE,heinz,83
SWE,cookie,83
SWE,nute,83
SWE,lok,83
SWE,creme f,83
SWE,grandiosa,83
SWE,passerade,83
SWE,premier,83
SWE,kross,82
SWE,greek,82
SWE,chevre,82
SWE,lasag,82
SWE,solros,82
SWE,strössel,82
SWE,swiffer,82
SWE,vitost,82
SWE,present,82
SWE,vegetarisk,82
SWE,bakpulver,82
SWE,grö,82
SWE,mos,82
SWE,ocb,82
SWE,kexchoklad,81
SWE,smink,81
SWE,kaffebönor,81
SWE,fis,81
SWE,chokladsås,81
SWE,tomatp,81
SWE,kyckling korv,81
SWE,ajvar,81
SWE,tejp,81
SWE,sundlings,81
SWE,hallou,81
SWE,lamm,81
SWE,fryspizza,80
SWE,brös,80
SWE,coconut,80
SWE,bärry,80
SWE,scha,80
SWE,leksak,80
SWE,jalap,80
SWE,limpa,80
SWE,baguett,80
SWE,valnötter,80
SWE,väster,80
SWE,löv,80
SWE,vogue,80
SWE,tårtbotten,80
SWE,fl,79
SWE,ben jerry,79
SWE,grillost,79
SWE,rucc,79
SWE,coop,79
SWE,trosskydd,79
SWE,kaliber,79
SWE,näss,79
SWE,kv,79
SWE,grillkrydda,79
SWE,guaca,79
SWE,chokla,79
SWE,leverp,79
SWE,tu,79
SWE,sals,79
SWE,lim,78
SWE,majska,78
SWE,matl,78
SWE,kimchi,78
SWE,knäc,78
SWE,popcor,78
SWE,olive,78
SWE,nut,78
SWE,fisksås,78
SWE,otrivin,77
SWE,kav,77
SWE,rågbröd,77
SWE,da,77
SWE,riska,77
SWE,basmati,77
SWE,milda,77
SWE,räko,77
SWE,skin,77
SWE,pinje,77
SWE,ki,77
SWE,majskaka,77
SWE,troca,76
SWE,sötpot,76
SWE,homie,76
SWE,vont,76
SWE,balsamico,76
SWE,soppå,76
SWE,nötfär,76
SWE,salmon,76
SWE,matlagning,76
SWE,mak,76
SWE,twister,76
SWE,humm,76
SWE,croi,76
SWE,havredryck,76
SWE,tacobröd,76
SWE,mi,75
SWE,ostbåg,75
SWE,ostkaka,75
SWE,lundgren,75
SWE,cit,75
SWE,glute,75
SWE,lakr,75
SWE,lakri,75
SWE,rem,75
SWE,bac,75
SWE,smörgåsgurka,75
SWE,äg,75
SWE,friggs,75
SWE,dippmix,75
SWE,pads,75
SWE,cigare,74
SWE,apel,74
SWE,soppåse,74
SWE,Dryck,74
SWE,baco,74
SWE,ärt,74
SWE,dis,74
SWE,tutti,74
SWE,protei,74
SWE,löjrom,74
SWE,gräddost,74
SWE,grekisk yo,74
SWE,basi,74
SWE,intim,74
SWE,bageri,74
SWE,dove,74
SWE,boston,74
SWE,zu,74
SWE,gran,73
SWE,pajdeg,73
SWE,pizzadeg,73
SWE,oatl,73
SWE,pom,73
SWE,Kyckling,73
SWE,plommon,73
SWE,oa,73
SWE,tr,73
SWE,ice tea,73
SWE,per,73
SWE,ingef,73
SWE,ox,73
SWE,wipes,73
SWE,foodbox,73
SWE,ni,73
SWE,Godis,73
SWE,powerking,73
SWE,rengöring,72
SWE,bubbel,72
SWE,sia glass,72
SWE,skivad ost,72
SWE,grödde,72
SWE,hu,72
SWE,kikä,72
SWE,cheez,72
SWE,Ägg,72
SWE,göass,72
SWE,krossad,72
SWE,lösgodis,72
SWE,toilet paper,72
SWE,rödlö,72
SWE,wine,72
SWE,lind,72
SWE,sprit,71
SWE,sopsäck,71
SWE,dafgård,71
SWE,ener,71
SWE,red head,71
SWE,anamma,71
SWE,takis,71
SWE,turki,71
SWE,klad,71
SWE,me,71
SWE,Sockerfri,71
SWE,majskak,71
SWE,persi,71
SWE,cigarett,71
SWE,str,71
SWE,blöj,71
SWE,makaron,71
SWE,krossa,71
SWE,fling,71
SWE,kako,70
SWE,quinoa,70
SWE,ling,70
SWE,pu,70
SWE,saffran,70
SWE,skorpor,70
SWE,surkål,70
SWE,biff,70
SWE,kes,70
SWE,Choklad,70
SWE,köttkultur,70
SWE,peanut,70
SWE,kyckling kebab,70
SWE,rödb,70
SWE,hot,70
SWE,barbells,70
SWE,folie,70
SWE,babybell,70
SWE,na,70
SWE,hals,70
SWE,pan pizza,70
SWE,pampers,70
SWE,sköljm,70
SWE,su,70
SWE,center,70
SWE,yogu,70
SWE,rosta,70
SWE,jordgub,70
SWE,fiskbullar,69
SWE,plopp,69
SWE,majsk,69
SWE,dori,69
SWE,shampo,69
SWE,monst,69
SWE,flora,69
SWE,aromat,69
SWE,fru,69
SWE,vattenm,69
SWE,tomatsoppa,69
SWE,flä,69
SWE,bakelse,69
SWE,sugrör,69
SWE,blöja,69
SWE,oil,69
SWE,almond,69
SWE,nekt,69
SWE,innocent,69
SWE,hamburge,69
SWE,kasse,69
SWE,äppelmos,69
SWE,västkust,69
SWE,mjuk,69
SWE,cornflakes,68
SWE,äppelpaj,68
SWE,grape,68
SWE,sugar,68
SWE,pancetta,68
SWE,kori,68
SWE,kalko,68
SWE,göte,68
SWE,vindru,68
SWE,nött,68
SWE,nikotin,68
SWE,smördeg,68
SWE,sport,68
SWE,tuggu,68
SWE,pannkaka,68
SWE,kron,68
SWE,goo,68
SWE,karre,68
SWE,bakplåtspapper,68
SWE,pumpa,68
SWE,erssons,67
SWE,spen,67
SWE,romsås,67
SWE,ne,67
SWE,pomme,67
SWE,präst,67
SWE,väddö,67
SWE,spe,67
SWE,bas,67
SWE,kattm,67
SWE,fry,67
SWE,kräf,67
SWE,soc,67
SWE,champin,67
SWE,costco,67
SWE,crea,67
SWE,torr,67
SWE,nugget,67
SWE,pest,67
SWE,ap,67
SWE,avoka,66
SWE,kola,66
SWE,choc,66
SWE,honu,66
SWE,pepsi ma,66
SWE,dafgårds,66
SWE,marlbo,66
SWE,ph,66
SWE,ritter,66
SWE,havregr,66
SWE,sira,66
SWE,ricotta,66
SWE,jordgubbssylt,66
SWE,kassler,66
SWE,ben &,66
SWE,zeta,66
SWE,head,66
SWE,de,66
SWE,havremj,66
SWE,pecorino,66
SWE,naturgodis,66
SWE,kolasås,66
SWE,cor,66
SWE,vispgr,66
SWE,beans,66
SWE,papp,65
SWE,ost riven,65
SWE,bön,65
SWE,glidmedel,65
SWE,cuba,65
SWE,rökt,65
SWE,Pasta,65
SWE,sena,65
SWE,nescafe,65
SWE,spri,65
SWE,kok,65
SWE,kavli,65
SWE,sura,65
SWE,grädfil,65
SWE,siracha,65
SWE,Coca cola,65
SWE,ribs,65
SWE,frysta grönsaker,65
SWE,deli,65
SWE,carrot,64
SWE,vitlökssås,64
SWE,makaro,64
SWE,laddare,64
SWE,chil,64
SWE,polarbröd,64
SWE,isbergs,64
SWE,tonfis,64
SWE,chori,64
SWE,fiber,64
SWE,jalape,64
SWE,ben and,64
SWE,quorn,64
SWE,man,64
SWE,choco,64
SWE,bravo,64
SWE,brld,64
SWE,rostb,64
SWE,krydd,64
SWE,tomatpur,64
SWE,Smör,64
SWE,mandelmjölk,64
SWE,sy,64
SWE,rödl,63
SWE,vatt,63
SWE,grekisk y,63
SWE,potatiss,63
SWE,nougat,63
SWE,gele,63
SWE,fan,63
SWE,syl,63
SWE,torres,63
SWE,sex,63
SWE,Potatis,63
SWE,kondom,63
SWE,tea,62
SWE,grillad kyckling,62
SWE,en,62
SWE,salsiccia,62
SWE,brio,62
SWE,ge,62
SWE,läkerol,62
SWE,grillad,62
SWE,smörg,62
SWE,fant,62
SWE,sockerfritt,62
SWE,sna,62
SWE,blåbärspaj,62
SWE,fish,62
SWE,knorr,62
SWE,yough,62
SWE,dig,62
SWE,Cola,62
SWE,bo,62
SWE,Pepsi max,62
SWE,rive,62
SWE,aloe,62
SWE,vegofärs,62
SWE,mons,62
SWE,pärlans,62
SWE,3 vänner,62
SWE,kort,62
SWE,snus velo,62
SWE,Party,61
SWE,schwe,61
SWE,cottage,61
SWE,parmes,61
SWE,mortadella,61
SWE,pirog,61
SWE,fläs,61
SWE,passion,61
SWE,torkad mango,61
SWE,brunsås,61
SWE,tzatziki,61
SWE,nach,61
SWE,ru,61
SWE,toalettpa,61
SWE,zucchini,61
SWE,bikarbonat,61
SWE,energ,61
SWE,glads,61
SWE,strösocker,60
SWE,nes,60
SWE,lor,60
SWE,soap,60
SWE,våtservett,60
SWE,bis,60
SWE,pros,60
SWE,honey,60
SWE,ape,60
SWE,stek,60
SWE,kolsyrat,60
SWE,mas,60
SWE,paper,60
SWE,kattgodis,60
SWE,blö,60
SWE,fruk,60
SWE,cigar,60
SWE,fryspåsar,60
SWE,fe,60
SWE,buld,60
SWE,acti,60
SWE,proteinpulver,60
SWE,vanilla,60
SWE,sva,60
SWE,skagenröra,60
SWE,rygg,60
SWE,müsli,60
SWE,getost,60
SWE,mousse,60
SWE,tonys,60
SWE,brun,60
SWE,färsk pasta,60
SWE,flin,60
SWE,rosmarin,59
SWE,tur,59
SWE,vind,59
SWE,las,59
SWE,surdegsbröd,59
SWE,smoo,59
SWE,köttbulla,59
SWE,dragon,59
SWE,topz,59
SWE,salam,59
SWE,parma,59
SWE,smakis,59
SWE,edamame,59
SWE,nötkött,59
SWE,fin,59
SWE,spr,59
SWE,rån,59
SWE,granol,59
SWE,pin,59
SWE,fikon,59
SWE,celsi,58
SWE,granat,58
SWE,sourcream,58
SWE,granatäpple,58
SWE,Tomat,58
SWE,röra,58
SWE,kuckling,58
SWE,sheba,58
SWE,res,58
SWE,fajita,58
SWE,kon,58
SWE,rödkål,58
SWE,frysmat,58
SWE,champinjon,58
SWE,taco krydda,58
SWE,du,58
SWE,romansallad,58
SWE,snör,57
SWE,kardemumma,57
SWE,almondy,57
SWE,Gurka,57
SWE,falafel,57
SWE,blåbärssoppa,57
SWE,mochi,57
SWE,Sallad,57
SWE,Juice,57
SWE,färdigrätter,57
SWE,crispy,57
SWE,vispgrä,57
SWE,star,57
SWE,tallrik,57
SWE,fläder,57
SWE,räkost,57
SWE,pur,57
SWE,pickles,57
SWE,halstabletter,57
SWE,schnitzel,56
SWE,koffeinfri,56
SWE,leverpas,56
SWE,krisp,56
SWE,leksaker,56
SWE,pankakor,56
SWE,alkoholfri,56
SWE,sambal,56
SWE,bakplåts,56
SWE,tvättmede,56
SWE,persil,56
SWE,kanelbulle,56
SWE,såser,56
SWE,cocos,56
SWE,san pellegrino,56
SWE,kantarell,56
SWE,tan,56
SWE,pepperoni,56
SWE,pannka,56
SWE,orange,56
SWE,frysta hallon,56
SWE,kombucha,56
SWE,do,56
SWE,disksvamp,56
SWE,oatley,55
SWE,hushål,55
SWE,tvättme,55
SWE,ja,55
SWE,balsa,55
SWE,m&m,55
SWE,batterier,55
SWE,santa,55
SWE,drickyoghurt,55
SWE,havr,55
SWE,remoulad,55
SWE,pak,55
SWE,brago,55
SWE,pista,55
SWE,Coca,55
SWE,bal,55
SWE,nek,55
SWE,bind,55
SWE,chicken nuggets,55
SWE,mus,55
SWE,ersättning,55
SWE,parmesa,55
SWE,häagen,55
SWE,hamburgerost,55
SWE,turkis,55
SWE,pannkak,55
SWE,morött,55
SWE,hä,55
SWE,vaniljså,55
SWE,flour,55
SWE,fu,54
SWE,ost skivad,54
SWE,havrem,54
SWE,knatter,54
SWE,engångs,54
SWE,picklad,54
SWE,rabarber,54
SWE,fli,54
SWE,chedd,54
SWE,laktosfri glass,54
SWE,came,54
SWE,tabasco,54
SWE,kat,54
SWE,burra,54
SWE,grillchips,54
SWE,köttfärssås,54
SWE,blo,54
SWE,mag,54
SWE,dessert,54
SWE,lakris,54
SWE,nyponsoppa,54
SWE,färskpotatis,54
SWE,min,54
SWE,oxpytt,54
SWE,cola ze,54
SWE,skö,54
SWE,kaffekapslar,54
SWE,hot honey,54
SWE,giflar,54
SWE,pepsi m,53
SWE,grillkol,53
SWE,rökt skinka,53
SWE,burk,53
SWE,lund,53
SWE,cucumber,53
SWE,mozare,53
SWE,osy,53
SWE,marme,53
SWE,tug,53
SWE,florsocker,53
SWE,spinach,53
SWE,mjau,53
SWE,sodastream,53
SWE,sil,53
SWE,pizzasås,53
SWE,chees,53
SWE,rödbe,53
SWE,fries,53
SWE,deodorant,53
SWE,ben and jerry,53
SWE,wasabi,53
SWE,scham,52
SWE,ströbröd,52
SWE,Kaffe,52
SWE,strimlad,52
SWE,kycklinh,52
SWE,fryspå,52
SWE,hälsosam,52
SWE,bob,52
SWE,corona,52
SWE,spage,52
SWE,marsipan,52
SWE,yoghurt laktosfri,52
SWE,tweek,52
SWE,lös,52
SWE,choklaf,52
SWE,celc,52
SWE,svartpe,52
SWE,köttbul,52
SWE,färdi,52
SWE,zucc,52
SWE,miso,52
SWE,kalvfond,52
SWE,sh,52
SWE,duck,52
SWE,nagel,52
SWE,hårspray,52
SWE,kaf,52
SWE,körsb,52
SWE,ersson,51
SWE,surimi,51
SWE,schweppes,51
SWE,lasagn,51
SWE,noc,51
SWE,kitkat,51
SWE,cole,51
SWE,torkad frukt,51
SWE,pepsimax,51
SWE,rostbi,51
SWE,nässp,51
SWE,pastej,51
SWE,rödbets,51
SWE,rosa mj,51
SWE,havrefras,51
SWE,sun,51
SWE,Grädde,51
SWE,bräm,51
SWE,baugette,51
SWE,bri,51
SWE,teriyaki,51
SWE,sour cream,51
SWE,hamburgebröd,51
SWE,ben & jerry,51
SWE,kalles,51
SWE,olive oil,51
SWE,marie,51
SWE,hårt bröd,51
SWE,cheesecake,51
SWE,toalettpapp,51
SWE,mineral,50
SWE,dor,50
SWE,bomulls,50
SWE,falukor,50
SWE,fläskfile,50
SWE,vitlöksås,50
SWE,glu,50
SWE,häppi,50
SWE,scampi,50
SWE,äppe,50
SWE,ostbollar,50
SWE,mellanmål,50
SWE,an,50
SWE,daf,50
SWE,på,50
SWE,gröddfil,50
SWE,hushållspa,50
SWE,bechamel,50
SWE,Energidrycker,50
SWE,vä,50
SWE,mozzar,50
SWE,laktosfr,50
SWE,gladd,50
SWE,disktrasa,50
SWE,sallaf,50
SWE,coke zero,50
SWE,hägen,50
SWE,kef,50
SWE,pepparrot,50
SWE,kokt skinka,50
SWE,hamburgare bröd,50
SWE,grönsa,50
SWE,mascar,50
SWE,pellegrino,49
SWE,sprite zero,49
SWE,fra,49
SWE,tandkrä,49
SWE,becel,49
SWE,leverpa,49
SWE,vitlökspulver,49
SWE,avoc,49
SWE,räksa,49
SWE,malaco,49
SWE,pizza kit,49
SWE,jam,49
SWE,kokosmj,49
SWE,vaniljkräm,49
SWE,majonä,49
SWE,pigg,49
SWE,powerade,49
SWE,cif,49
SWE,alved,49
SWE,farin,49
SWE,sardiner,49
SWE,troc,49
SWE,rå,49
SWE,prinskorv,49
SWE,inlagd,49
SWE,green,49
SWE,kefi,49
SWE,mandelsmör,48
SWE,pär,48
SWE,glutenfri pasta,48
SWE,pingvin,48
SWE,candy,48
SWE,kesella,48
SWE,blomm,48
SWE,pasta sås,48
SWE,win,48
SWE,handtv,48
SWE,hamburgarost,48
SWE,ärtsoppa,48
SWE,anan,48
SWE,dippa,48
SWE,glutenfr,48
SWE,latz,48
SWE,pitabröd,48
SWE,soltorkade tomater,48
SWE,kokosm,48
SWE,glut,48
SWE,mjölk laktos,48
SWE,gravad,48
SWE,skyr,48
SWE,chick,48
SWE,sandw,48
SWE,basili,48
SWE,kla,48
SWE,agave,48
SWE,agg,48
SWE,mjölkchoklad,48
SWE,mande,48
SWE,chokladboll,48
SWE,grana,48
SWE,alve,48
SWE,ölko,48
SWE,bub,48
SWE,mineralvatten,48
SWE,kavia,47
SWE,ayran,47
SWE,hari,47
SWE,avokad,47
SWE,babyb,47
SWE,kali,47
SWE,flor,47
SWE,zeina,47
SWE,cam,47
SWE,glid,47
SWE,tunn,47
SWE,apels,47
SWE,sri,47
SWE,kattma,47
SWE,bö,47
SWE,morots,47
SWE,vegeta,47
SWE,bisc,47
SWE,pank,47
SWE,barbe,47
SWE,vetemj,47
SWE,lättdryck,47
SWE,faluko,47
SWE,aviko,47
SWE,sockerkaka,47
SWE,sen,47
SWE,blue,47
SWE,flak,46
SWE,finn crisp,46
SWE,tandtråd,46
SWE,ferrero,46
SWE,glutenfritt bröd,46
SWE,väst,46
SWE,strawberry,46
SWE,potatisgr,46
SWE,dad,46
SWE,muff,46
SWE,Energidryck,46
SWE,kanelbullar,46
SWE,klubba,46
SWE,annanas,46
SWE,a-fil,46
SWE,bambu,46
SWE,hårt,46
SWE,turk,46
SWE,crab,46
SWE,crush,46
SWE,vaniljvisp,46
SWE,Ben & Jerry,46
SWE,mager,46
SWE,ciggaretter,46
SWE,dr pepp,46
SWE,couscous,46
SWE,gårds,46
SWE,laktosfri yoghurt,46
SWE,loh,46
SWE,vattenme,46
SWE,smo,46
SWE,pst,46
SWE,ana,46
SWE,lf,46
SWE,bakpl,45
SWE,hemmakv,45
SWE,klor,45
SWE,estre,45
SWE,dildo,45
SWE,gräslö,45
SWE,grönsak,45
SWE,obo,45
SWE,keb,45
SWE,penna,45
SWE,prästost,45
SWE,nekta,45
SWE,wiener,45
SWE,cesar,45
SWE,mang,45
SWE,rydbergs,45
SWE,dri,45
SWE,frön,45
SWE,jal,45
SWE,naan,45
SWE,kivik,45
SWE,jalapenos,45
SWE,ärter,45
SWE,Marabou,45
SWE,pä,45
SWE,propu,45
SWE,redbul,45
SWE,bakchoklad,45
SWE,kattsa,45
SWE,cigga,45
SWE,loka cr,45
SWE,mager ost,45
SWE,philad,45
SWE,fryst mango,45
SWE,peanut butter,45
SWE,scan,45
SWE,rösti,44
SWE,ti,44
SWE,sausage,44
SWE,brow,44
SWE,libabröd,44
SWE,san pell,44
SWE,citronjuice,44
SWE,may,44
SWE,halstablett,44
SWE,para,44
SWE,vap,44
SWE,sesamolja,44
SWE,leve,44
SWE,multivitamin,44
SWE,terea,44
SWE,biskvi,44
SWE,blod,44
SWE,lotion,44
SWE,zuc,44
SWE,keba,44
SWE,fanta exotic,44
SWE,red bu,44
SWE,Snus,44
SWE,toghurt,44
SWE,vegetariskt,44
SWE,Kvarg,44
SWE,carbonara,44
SWE,soltork,44
SWE,vitpeppar,44
SWE,chai,44
SWE,plastpåsar,44
SWE,bulj,44
SWE,vå,44
SWE,energy,44
SWE,nektar,44
SWE,ku,44
SWE,häxan,44
SWE,lohi,44
SWE,iska,44
SWE,musslor,44
SWE,lettuce,44
SWE,fänkål,44
SWE,sw,44
SWE,matlagningsvin,43
SWE,Ris,43
SWE,latte,43
SWE,silver,43
SWE,konden,43
SWE,aubergine,43
SWE,krso,43
SWE,tänd,43
SWE,ädelost,43
SWE,bil,43
SWE,kronärt,43
SWE,tå,43
SWE,Rostad lök,43
SWE,bakplåt,43
SWE,turkisk yoghurt,43
SWE,babysemp,43
SWE,borste,43
SWE,sked,43
SWE,sam,43
SWE,solto,43
SWE,maja,43
SWE,maple,43
SWE,for real,43
SWE,chiafrön,43
SWE,oumph,43
SWE,fönster,43
SWE,havregry,43
SWE,pärl,43
SWE,tam,43
SWE,gurla,43
SWE,bakverk,43
SWE,deod,43
SWE,kykling,43
SWE,isbergssallad,43
SWE,pelle,43
SWE,lättmj,43
SWE,kexch,43
SWE,bikar,43
SWE,salsi,43
SWE,skor,43
SWE,peka,43
SWE,san pe,43
SWE,kör,43
SWE,honun,43
SWE,rispapper,43
SWE,tortel,43
SWE,chili cheese,43
SWE,cream fr,43
SWE,trasa,42
SWE,hushållsost,42
SWE,dr pe,42
SWE,tvättmed,42
SWE,7 up,42
SWE,cash,42
SWE,delikatess,42
SWE,bin,42
SWE,pyttipanna,42
SWE,gel,42
SWE,vispg,42
SWE,Träning,42
SWE,spets,42
SWE,alkohol,42
SWE,pytti,42
SWE,mozzarell,42
SWE,moröt,42
SWE,gowell,42
SWE,bolognese,42
SWE,solt,42
SWE,soj,42
SWE,kalv,42
SWE,sv,42
SWE,lingo,42
SWE,vo,42
SWE,lion,42
SWE,triumf,42
SWE,solkräm,42
SWE,lårfile,42
SWE,pringels,42
SWE,san p,42
SWE,Ben,42
SWE,mari,42
SWE,masc,42
SWE,prince,42
SWE,ideal,42
SWE,sir,42
SWE,dr oetker,42
SWE,linsbågar,41
SWE,mjo,41
SWE,såpa,41
SWE,körsbä,41
SWE,bareb,41
SWE,meat,41
SWE,mugg,41
SWE,graviditetstest,41
SWE,geisha,41
SWE,Gräddfil,41
SWE,lindahls,41
SWE,aceton,41
SWE,jasmin,41
SWE,vårrullar,41
SWE,hon,41
SWE,panpizza,41
SWE,fal,41
SWE,piz,41
SWE,spetskål,41
SWE,napp,41
SWE,gevalia,41
SWE,Fest,41
SWE,nutell,41
SWE,passerade tomater,41
SWE,nugg,41
SWE,köttbuljong,41
SWE,pigge,41
SWE,extra,41
SWE,drink,41
SWE,onico,41
SWE,rizzla,41
SWE,champinj,41
SWE,tun,41
SWE,dum,41
SWE,mozar,41
SWE,ingefä,40
SWE,kvarh,40
SWE,fanta lemon,40
SWE,sundling,40
SWE,kvart,40
SWE,barebe,40
SWE,dump,40
SWE,tvät,40
SWE,äggvita,40
SWE,han,40
SWE,kalas,40
SWE,aprikos,40
SWE,lewa,40
SWE,lätt creme,40
SWE,potatisgra,40
SWE,cous,40
SWE,städservetter,40
SWE,sriracha,40
SWE,bregot,40
SWE,så,40
SWE,kycklingfond,40
SWE,maskindisk,40
SWE,camel blå,40
SWE,sko,40
SWE,protien,40
SWE,ga,40
SWE,gri,40
SWE,steak,40
SWE,el,40
SWE,sauce,40
SWE,vola,40
SWE,rakhy,40
SWE,in,40
SWE,silverlök,40
SWE,carolines,40
SWE,magn,40
SWE,coleslaw,40
SWE,svarta,40
SWE,oats,40
SWE,blomk,40
SWE,pickle,40
SWE,knäckebr,40
SWE,bulla,40
SWE,dumpl,40
SWE,sallat,40
SWE,munskölj,40
SWE,purj,40
SWE,mopp,40
SWE,olj,40
SWE,vat,40
SWE,tz,40
SWE,skogaholm,40
SWE,barbell,40
SWE,servett,40
SWE,drickkvarg,40
SWE,sockerärtor,40
SWE,dadl,39
SWE,salladsmix,39
SWE,läk,39
SWE,chokladkaka,39
SWE,folk,39
SWE,kräfto,39
SWE,persik,39
SWE,havreg,39
SWE,soltor,39
SWE,grekisk yog,39
SWE,tikka,39
SWE,wettex,39
SWE,schni,39
SWE,bom,39
SWE,rhode,39
SWE,sma,39
SWE,fun li,39
SWE,spagh,39
SWE,gårdschips,39
SWE,apotek,39
SWE,tampo,39
SWE,giffla,39
SWE,fjord,39
SWE,arla protein,39
SWE,dry,39
SWE,hamburgarebröd,39
SWE,dulce,39
SWE,chockl,39
SWE,nektariner,39
SWE,cos,39
SWE,caesar,39
SWE,noodle,39
SWE,lökpulver,39
SWE,softlan,39
SWE,tiramisu,39
SWE,flingsalt,39
SWE,gnocchi,39
SWE,flaska,39
SWE,gö,39
SWE,chokladpudding,39
SWE,kry,39
SWE,mentos,39
SWE,kycling,39
SWE,vetem,39
SWE,schw,39
SWE,soppås,39
SWE,gravad lax,39
SWE,pålä,39
SWE,Yoghurt,39
SWE,gravi,39
SWE,milkshake,38
SWE,red b,38
SWE,lac,38
SWE,Monster,38
SWE,spena,38
SWE,diskme,38
SWE,texmex,38
SWE,kolsyrat vatten,38
SWE,smär,38
SWE,singoalla,38
SWE,jalapen,38
SWE,persikor,38
SWE,gyros,38
SWE,ramlös,38
SWE,isber,38
SWE,avfallspåsar,38
SWE,always,38
SWE,plackers,38
SWE,lib,38
SWE,wings,38
SWE,lek,38
SWE,clean,38
SWE,snick,38
SWE,valn,38
SWE,skåne,38
SWE,gg,38
SWE,french,38
SWE,digest,38
SWE,Coca-Cola,38
SWE,havremjöl,38
SWE,val,38
SWE,våtse,38
SWE,yoghur,38
SWE,röror,38
SWE,kattsan,38
SWE,göteborgs,38
SWE,pringl,38
SWE,toa papper,38
SWE,ättik,38
SWE,sha,38
SWE,qibbla,38
SWE,prov,38
SWE,mjol,38
SWE,pass,38
SWE,creme fre,38
SWE,saltg,38
SWE,cap,38
SWE,lövbi,38
SWE,cra,38
SWE,mushroom,38
SWE,funktionsdryck,38
SWE,kladkaka,37
SWE,bonjour,37
SWE,jucie,37
SWE,risoni,37
SWE,ritz,37
SWE,smor,37
SWE,morta,37
SWE,brämhults,37
SWE,eda,37
SWE,cros,37
SWE,baby bell,37
SWE,dorit,37
SWE,volt,37
SWE,wet,37
SWE,kört,37
SWE,corners,37
SWE,steksmör,37
SWE,sötp,37
SWE,plättar,37
SWE,färg,37
SWE,orange juice,37
SWE,mackor,37
SWE,san pelle,37
SWE,svartp,37
SWE,entr,37
SWE,caramel,37
SWE,sötsur,37
SWE,ore,37
SWE,växt,37
SWE,timat,37
SWE,vel,37
SWE,marsh,37
SWE,lakrit,37
SWE,kar,37
SWE,föingor,37
SWE,dessertost,37
SWE,thai cube,37
SWE,ansikts,37
SWE,ai,37
SWE,spett,37
SWE,chipotle,37
SWE,whey,37
SWE,filmjöl,37
SWE,pl,37
SWE,ölkor,37
SWE,vinegar,37
SWE,avfa,37
SWE,bueno,37
SWE,norrlands,37
SWE,dorito,37
SWE,straw,37
SWE,pulver,37
SWE,burata,37
SWE,lingongr,37
SWE,kin,37
SWE,smörgå,37
SWE,eng,37
SWE,snabbk,36
SWE,chokladmjölk,36
SWE,karin,36
SWE,port,36
SWE,fö,36
SWE,glasnudlar,36
SWE,skorp,36
SWE,cola zeeo,36
SWE,vis,36
SWE,solrosfrön,36
SWE,dress,36
SWE,bulda,36
SWE,kan,36
SWE,pinjenötter,36
SWE,marmel,36
SWE,gratäng,36
SWE,trosor,36
SWE,sparr,36
SWE,tork,36
SWE,crisp,36
SWE,ingefär,36
SWE,flinta,36
SWE,keso mini,36
SWE,glasd,36
SWE,fryst mat,36
SWE,pink,36
SWE,fest,36
SWE,profeel,36
SWE,marm,36
SWE,nutrilett,36
SWE,bakpotatis,36
SWE,peas,36
SWE,tomate,36
SWE,potatissall,36
SWE,jordgubba,36
SWE,pinnar,36
SWE,sardeller,36
SWE,saltgu,36
SWE,mal,36
SWE,proteinpudding,36
SWE,gf,36
SWE,dil,36
SWE,kane,36
SWE,bakelser,36
SWE,tros,36
SWE,faluk,36
SWE,bakplå,36
SWE,korb,36
SWE,flingo,36
SWE,peach,36
SWE,ciabatta,36
SWE,marsan,36
SWE,löj,35
SWE,pes,35
SWE,pastasallad,35
SWE,gno,35
SWE,camel blue,35
SWE,ska,35
SWE,Bland,35
SWE,fetao,35
SWE,monste,35
SWE,tandb,35
SWE,svam,35
SWE,strumpor,35
SWE,rydberg,35
SWE,hum,35
SWE,bisco,35
SWE,stra,35
SWE,shake,35
SWE,chor,35
SWE,lemonade,35
SWE,nori,35
SWE,koria,35
SWE,via,35
SWE,stjärnor,35
SWE,dus,35
SWE,rostad lö,35
SWE,läs,35
SWE,chock,35
SWE,vega,35
SWE,tagliatelle,35
SWE,he,35
SWE,tex mex,35
SWE,panc,35
SWE,vodka,35
SWE,burg,35
SWE,aroma,35
SWE,salta pinnar,35
SWE,aiol,35
SWE,arvid,35
SWE,celsiu,35
SWE,abba,35
SWE,lunch,35
SWE,hummu,35
SWE,flowers,35
SWE,colgate,35
SWE,teri,34
SWE,tidning,34
SWE,crunch,34
SWE,vouge,34
SWE,diskmede,34
SWE,tandpetare,34
SWE,dige,34
SWE,cocacola,34
SWE,risgr,34
SWE,bröf,34
SWE,mjölj,34
SWE,alv,34
SWE,swee,34
SWE,wagyu,34
SWE,frall,34
SWE,Cola zero,34
SWE,rödvin,34
SWE,norr,34
SWE,ob,34
SWE,kokt,34
SWE,bon,34
SWE,jasminris,34
SWE,sni,34
SWE,batt,34
SWE,salladskrydda,34
SWE,lvarg,34
SWE,tomatoes,34
SWE,Nudlar,34
SWE,vinä,34
SWE,frozen,34
SWE,pad,34
SWE,lipton,34
SWE,riv,34
SWE,kondomer,34
SWE,matgr,34
SWE,vindruv,34
SWE,mjölk lf,34
SWE,pecan,34
SWE,brämhult,34
SWE,groddar,34
SWE,kaffefil,34
SWE,ramlosa,34
SWE,ny,34
SWE,persilj,34
SWE,serrano,34
SWE,crunchy,34
SWE,pak choi,34
SWE,dafg,34
SWE,Philadelphia,34
SWE,öron,34
SWE,skum,34
SWE,semp,34
SWE,twi,34
SWE,prosc,34
SWE,tre,34
SWE,gräsl,34
SWE,spraygrädde,34
SWE,kaffekap,34
SWE,ört,34
SWE,rid,34
SWE,skivad,34
SWE,mjälk,34
SWE,vege,34
SWE,knäckeb,34
SWE,snabbka,34
SWE,engelmanns,34
SWE,förs,34
SWE,blomkålsris,33
SWE,crackers,33
SWE,kötbullar,33
SWE,gröns,33
SWE,hagen,33
SWE,skage,33
SWE,buns,33
SWE,char,33
SWE,blandf,33
SWE,ypghurt,33
SWE,cross,33
SWE,sevan,33
SWE,majskolv,33
SWE,cuba cola,33
SWE,velo mini,33
SWE,mariekex,33
SWE,kikärt,33
SWE,mandeldryck,33
SWE,ekologisk,33
SWE,asia,33
SWE,fördig,33
SWE,feli,33
SWE,risnudlar,33
SWE,våts,33
SWE,färsko,33
SWE,exotic,33
SWE,halsta,33
SWE,rustica,33
SWE,olivol,33
SWE,hydrate,33
SWE,ferr,33
SWE,fisher,33
SWE,hön,33
SWE,soba,33
SWE,schy,33
SWE,halstab,33
SWE,bad,33
SWE,prins,33
SWE,ravi,33
SWE,avfallspåse,33
SWE,block,33
SWE,shamp,33
SWE,tahini,33
SWE,pärsons,33
SWE,coca c,33
SWE,strut,33
SWE,katt mat,33
SWE,rosa m,33
SWE,rödbetssallad,33
SWE,tortilla chips,33
SWE,nac,33
SWE,munkar,33
SWE,sköljme,33
SWE,mand,33
SWE,lättfil,33
SWE,pulvermos,33
SWE,läsk zero,33
SWE,kap,33
SWE,cottage cheese,33
SWE,port salut,33
SWE,soup,33
SWE,Redbull,32
SWE,linguine,32
SWE,frysta blåbär,32
SWE,tape,32
SWE,gott och blandat,32
SWE,pripps,32
SWE,greve,32
SWE,tacochips,32
SWE,lotus,32
SWE,plastfolie,32
SWE,babybe,32
SWE,nä,32
SWE,gorgonzola,32
SWE,coca col,32
SWE,laktosfri grädde,32
SWE,kyl,32
SWE,mellanmjölk,32
SWE,brocco,32
SWE,panka,32
SWE,maskin,32
SWE,swe,32
SWE,kellogs,32
SWE,bomu,32
SWE,neutral,32
SWE,peppa,32
SWE,natur,32
SWE,tän,32
SWE,godisburk,32
SWE,flytande,32
SWE,pannbiff,32
SWE,rigatoni,32
SWE,glad,32
SWE,ene,32
SWE,blodpudding,32
SWE,ballong,32
SWE,saf,32
SWE,cas,32
SWE,fröknäcke,32
SWE,zy,32
SWE,or,32
SWE,bostongurka,32
SWE,creame,32
SWE,risotto,32
SWE,näsduk,32
SWE,nespresso,32
SWE,gorb,32
SWE,mazarin,32
SWE,hot sauce,32
SWE,fiskgratäng,32
SWE,hårf,32
SWE,schamp,32
SWE,vitk,32
SWE,alkoholfri öl,32
SWE,taco chips,32
SWE,fryspåse,32
SWE,sweet potato,32
SWE,våtserv,32
SWE,smoot,32
SWE,gum,32
SWE,våfflor,32
SWE,leverpaste,32
SWE,gula,32
SWE,proteinshake,32
SWE,matje,32
SWE,spagett,32
SWE,Popcorn,31
SWE,rull,31
SWE,fiskbu,31
SWE,fullkornspasta,31
SWE,ter,31
SWE,wie,31
SWE,sö,31
SWE,ar,31
SWE,bika,31
SWE,Kött,31
SWE,sandwi,31
SWE,valnö,31
SWE,mc,31
SWE,croiss,31
SWE,tomat pure,31
SWE,verum,31
SWE,Korv,31
SWE,hö,31
SWE,hasselnöt,31
SWE,kit,31
SWE,pol,31
SWE,surdegs,31
SWE,lindor,31
SWE,ugn,31
SWE,Öl,31
SWE,äppelcider,31
SWE,tvättlappar,31
SWE,tagli,31
SWE,nesca,31
SWE,activia,31
SWE,vitam,31
SWE,sardell,31
SWE,smooth,31
SWE,nuddlar,31
SWE,blå band,31
SWE,shrimp,31
SWE,ipre,31
SWE,Banan,31
SWE,plastpåse,31
SWE,proteinella,31
SWE,asiatisk,31
SWE,oyster,31
SWE,schär,31
SWE,löl,31
SWE,body,31
SWE,snys,31
SWE,fruit,31
SWE,chokladbollar,31
SWE,liba bröd,31
SWE,lam,31
SWE,buratta,31
SWE,cotron,31
SWE,kronan,31
SWE,heineken,31
SWE,cornfl,31
SWE,zeinas,31
SWE,rivenost,31
SWE,kno,31
SWE,pinza,31
SWE,samarin,31
SWE,rana,31
SWE,gurkmeja,31
SWE,doftljus,31
SWE,mannagryn,31
SWE,nötmix,31
SWE,bean,31
SWE,pasta sauce,31
SWE,isk,31
SWE,njie,31
SWE,batter,31
SWE,erss,31
SWE,toothpaste,31
SWE,kedo,31
SWE,goog,31
SWE,gaffel,31
SWE,salt och vinäger,31
SWE,olivolj,31
SWE,sweet ch,31
SWE,paracetamol,31
SWE,malboro,31
SWE,test,31
SWE,kladdk,31
SWE,churros,31
SWE,apetina,31
SWE,hushållspapp,31
SWE,kidney,31
SWE,guldfågeln,30
SWE,try,30
SWE,katrin,30
SWE,bes,30
SWE,näsdukar,30
SWE,gueka,30
SWE,zoegas,30
SWE,pizzabotten,30
SWE,druvor,30
SWE,klyft,30
SWE,färdigr,30
SWE,fransk,30
SWE,ser,30
SWE,nicka,30
SWE,hamburgerdressing,30
SWE,bech,30
SWE,fria,30
SWE,blomjord,30
SWE,spiskummin,30
SWE,reign,30
SWE,hallomi,30
SWE,yoh,30
SWE,tamp,30
SWE,äp,30
SWE,nic,30
SWE,act,30
SWE,tortillabröd,30
SWE,bakp,30
SWE,klubbor,30
SWE,tomats,30
SWE,sköljmede,30
SWE,sötpota,30
SWE,aloe vera,30
SWE,krustader,30
SWE,lönn,30
SWE,jordnötss,30
SWE,rödbeta,30
SWE,chiliolja,30
SWE,barb,30
SWE,nuts,30
SWE,fixa,30
SWE,linsch,30
SWE,wo,30
SWE,hurka,30
SWE,avoca,30
SWE,Läsk,30
SWE,eld,30
SWE,tortil,30
SWE,mjölk lak,30
SWE,flap,30
SWE,karamell,30
SWE,vanilj glass,30
SWE,osr,30
SWE,grill chips,30
SWE,fiskp,30
SWE,gummi,30
SWE,bari,30
SWE,stilla,30
SWE,mellan,30
SWE,hårfä,30
SWE,nutel,30
SWE,ugns,30
SWE,varmkorv,30
SWE,flo,30
SWE,wa,30
SWE,kabanoss,30
SWE,matlådor,30
SWE,ot,30
SWE,kapslar,30
SWE,ren,30
SWE,riven os,30
SWE,energidricka,30
SWE,Pommes,30
SWE,snabbnudlar,30
SWE,disktr,30
SWE,kronärts,30
SWE,pist,30
SWE,tex,30
SWE,tomay,30
SWE,Majs,30
SWE,holi,29
SWE,valnöt,29
SWE,one,29
SWE,vitvins,29
SWE,naturell,29
SWE,bjäre,29
SWE,sard,29
SWE,Cigg,29
SWE,tag,29
SWE,räks,29
SWE,biscuit,29
SWE,nicks glass,29
SWE,prosciutto,29
SWE,hassel,29
SWE,förskost,29
SWE,tugummi,29
SWE,sun lolly,29
SWE,risifr,29
SWE,damm,29
SWE,Nocco,29
SWE,kiviks,29
SWE,fiskpi,29
SWE,elle,29
SWE,guld,29
SWE,torrfoder,29
SWE,krutonger,29
SWE,bresaola,29
SWE,cornichons,29
SWE,leva,29
SWE,citronpeppar,29
SWE,provi,29
SWE,wi,29
SWE,toapap,29
SWE,diges,29
SWE,djungel,29
SWE,fraiche,29
SWE,sockerfr,29
SWE,fri,29
SWE,Velo,29
SWE,pepparsås,29
SWE,Multipack,29
SWE,lavazza,29
SWE,eldo,29
SWE,tomar,29
SWE,laktosf,29
SWE,tran,29
SWE,lindahl,29
SWE,sjögräs,29
SWE,fo,29
SWE,reso,29
SWE,taco sås,29
SWE,hundgodis,29
SWE,lagerblad,29
SWE,aqua,29
SWE,skoga,29
SWE,göteborg,29
SWE,duschkräm,29
SWE,dolma,29
SWE,sug,29
SWE,gifl,29
SWE,pozza,29
SWE,kond,29
SWE,Celsius,29
SWE,mjölk la,29
SWE,cu,29
SWE,marga,29
SWE,filter,29
SWE,kvist,29
SWE,strep,29
SWE,tzatsiki,29
SWE,tapas,29
SWE,gb glass,28
SWE,ist,28
SWE,ostly,28
SWE,ruc,28
SWE,estrell,28
SWE,pauluns,28
SWE,pastas,28
SWE,taco bröd,28
SWE,cashe,28
SWE,bab,28
SWE,starbu,28
SWE,bik,28
SWE,rakblad,28
SWE,lagom,28
SWE,mm,28
SWE,axe,28
SWE,glass laktosfri,28
SWE,dill chips,28
SWE,varmrökt,28
SWE,fläskfärs,28
SWE,trasor,28
SWE,ansiktsmask,28
SWE,barnängen,28
SWE,hallonsoda,28
SWE,smörgåsg,28
SWE,saltgur,28
SWE,nyttig,28
SWE,soltorkad,28
SWE,top,28
SWE,bakning,28
SWE,vår,28
SWE,Mino,28
SWE,kind,28
SWE,laxfile,28
SWE,örtsalt,28
SWE,toni,28
SWE,kalib,28
SWE,citronsås,28
SWE,bestick,28
SWE,kick,28
SWE,köttfärsås,28
SWE,mjlk,28
SWE,cea,28
SWE,gräddis,28
SWE,gofis,28
SWE,tunnbr,28
SWE,tandbo,28
SWE,sell,28
SWE,hemm,28
SWE,Cuba,28
SWE,pick,28
SWE,farinsocker,28
SWE,humus,28
SWE,kantareller,28
SWE,strump,28
SWE,l&m,28
SWE,orega,28
SWE,bagels,28
SWE,konserv,28
SWE,pea,28
SWE,röd curry,28
SWE,turkey,28
SWE,inno,28
SWE,disktabletter,28
SWE,propp,28
SWE,flug,28
SWE,bakpo,28
SWE,mack,28
SWE,kladdka,28
SWE,buffalo,28
SWE,matgrä,28
SWE,för,27
SWE,watermelon,27
SWE,Frukt,27
SWE,resor,27
SWE,rot,27
SWE,solskydd,27
SWE,yoggi mini,27
SWE,basmatiris,27
SWE,bake,27
SWE,Tonfisk,27
SWE,ers,27
SWE,coo,27
SWE,mangoraja,27
SWE,sojabönor,27
SWE,ätti,27
SWE,lingongro,27
SWE,kebab sås,27
SWE,sallas,27
SWE,apelsin juice,27
SWE,yfood,27
SWE,isb,27
SWE,gräde,27
SWE,roast,27
SWE,glass vanilj,27
SWE,snack pot,27
SWE,kexcho,27
SWE,tutti frutti,27
SWE,blad,27
SWE,mandarin,27
SWE,panerad fisk,27
SWE,stark,27
SWE,färsking,27
SWE,tooth,27
SWE,revben,27
SWE,cracker,27
SWE,halo,27
SWE,Cigaretter,27
SWE,socke,27
SWE,oxfond,27
SWE,bura,27
SWE,blöjo,27
SWE,lamb,27
SWE,ched,27
SWE,cookie dough,27
SWE,sprutgrädde,27
SWE,protin,27
SWE,zoega,27
SWE,tof,27
SWE,swebar,27
SWE,disktrasor,27
SWE,gru,27
SWE,huel,27
SWE,pickl,27
SWE,indisk,27
SWE,olof,27
SWE,böno,27
SWE,jordnötsringar,27
SWE,singo,27
SWE,head and,27
SWE,masca,27
SWE,morotskaka,27
SWE,toblerone,27
SWE,tim,27
SWE,lun,27
SWE,snicker,27
SWE,vaniljstång,27
SWE,flux,27
SWE,tandbor,27
SWE,remouladsås,27
SWE,dr p,27
SWE,caprisun,27
SWE,äpplemos,27
SWE,Taco,27
SWE,fetaos,27
SWE,rulltårta,27
SWE,espresso,27
SWE,varmrökt lax,26
SWE,saltlakrits,26
SWE,pump,26
SWE,matjes,26
SWE,bubb,26
SWE,comfort,26
SWE,muskot,26
SWE,castello,26
SWE,golv,26
SWE,gurks,26
SWE,dafgå,26
SWE,passer,26
SWE,svarta bönor,26
SWE,alcohol,26
SWE,potatisbu,26
SWE,Protein,26
SWE,sops,26
SWE,Hamburgare,26
SWE,kombu,26
SWE,qu,26
SWE,syrup,26
SWE,krossad tomat,26
SWE,kagfe,26
SWE,charl,26
SWE,färskpo,26
SWE,matlagn,26
SWE,citroner,26
SWE,två,26
SWE,hol,26
SWE,caroline,26
SWE,bounty,26
SWE,cayenne,26
SWE,lättm,26
SWE,vaniljgl,26
SWE,philadelfia,26
SWE,pig,26
SWE,kikär,26
SWE,chedda,26
SWE,Fil,26
SWE,apelsi,26
SWE,sham,26
SWE,cost,26
SWE,minimajs,26
SWE,detergent,26
SWE,nröd,26
SWE,car,26
SWE,korv bröd,26
SWE,gene,26
SWE,fryst kyckling,26
SWE,riven o,26
SWE,risgrynsgröt,26
SWE,guan,26
SWE,babyspenat,26
SWE,party,26
SWE,burrat,26
SWE,capr,26
SWE,papeika,26
SWE,påge,26
SWE,städser,26
SWE,vårlök,26
SWE,Ramlösa,26
SWE,kä,26
SWE,hjortron,26
SWE,ingelsta,26
SWE,salakis,26
SWE,pre,26
SWE,kafe,26
SWE,dillchips,26
SWE,dough,26
SWE,Toa,26
SWE,edam,26
SWE,grödd,26
SWE,stilla vatten,26
SWE,plas,26
SWE,pringle,26
SWE,kondenserad,26
SWE,loka citron,26
SWE,trash,26
SWE,py,26
SWE,Daim,26
SWE,creme fraich,26
SWE,efterrätt,26
SWE,peo,26
SWE,gröna,26
SWE,örter,26
SWE,habanero,26
SWE,malt,25
SWE,drickyo,25
SWE,leverpast,25
SWE,laundry,25
SWE,odd,25
SWE,ikaff,25
SWE,kapr,25
SWE,smöt,25
SWE,strös,25
SWE,odt,25
SWE,bladspenat,25
SWE,kronfågel,25
SWE,strawberries,25
SWE,spis,25
SWE,cafe,25
SWE,majonn,25
SWE,vitt vin,25
SWE,pizzasallad,25
SWE,Loka,25
SWE,ök,25
SWE,taco ost,25
SWE,vicks,25
SWE,varma koppen,25
SWE,smet,25
SWE,pure,25
SWE,chilinötter,25
SWE,hel,25
SWE,ostron,25
SWE,röda linser,25
SWE,hamburgerbr,25
SWE,basilik,25
SWE,a fil,25
SWE,Kakor,25
SWE,salvia,25
SWE,lätt mjölk,25
SWE,family,25
SWE,digestiv,25
SWE,mögelost,25
SWE,rostadlök,25
SWE,lönnsirap,25
SWE,pyt,25
SWE,pit,25
SWE,vingummi,25
SWE,mkölk,25
SWE,hasselnötter,25
SWE,marlbor,25
SWE,lingonsy,25
SWE,Toalettpapper,25
SWE,pork,25
SWE,fro,25
SWE,pärlan,25
SWE,marlboro gold,25
SWE,ld,25
SWE,pec,25
SWE,chios,25
SWE,luft,25
SWE,gille,25
SWE,apple juice,25
SWE,gluten free,25
SWE,san pel,25
SWE,Lax,25
SWE,gravidi,25
SWE,haagen,25
SWE,tortell,25
SWE,marsbou,25
SWE,nestle,25
SWE,insekt,25
SWE,aluminium,25
SWE,kokosolja,25
SWE,knäckebrö,25
SWE,maca,25
SWE,kyckling fryst,25
SWE,dric,25
SWE,franska,25
SWE,baby bel,25
SWE,katts,25
SWE,hein,25
SWE,food,25
SWE,pic,25
SWE,baug,25
SWE,grekisk yogurt,25
SWE,hummer,25
SWE,blomma,25
SWE,Sylt,25
SWE,krossade tom,25
SWE,mix,25
SWE,veet,25
SWE,grönsaksbuljong,25
SWE,veget,25
SWE,apelsinju,25
SWE,schn,25
SWE,choklas,24
SWE,powe,24
SWE,laktosfritt,24
SWE,glass sia,24
SWE,kebabs,24
SWE,ost sås,24
SWE,au,24
SWE,skål,24
SWE,still water,24
SWE,mr,24
SWE,libresse,24
SWE,diskbo,24
SWE,bör,24
SWE,larsa,24
SWE,aj,24
SWE,umami,24
SWE,schnit,24
SWE,delica,24
SWE,Havre,24
SWE,tajin,24
SWE,nogger,24
SWE,kycklingbuljong,24
SWE,spicy,24
SWE,pål,24
SWE,donuts,24
SWE,mariestad,24
SWE,passions,24
SWE,loka c,24
SWE,Lök,24
SWE,nyp,24
SWE,caviar,24
SWE,riskako,24
SWE,födelsedag,24
SWE,klo,24
SWE,sou,24
SWE,grädde laktosfri,24
SWE,salld,24
SWE,srir,24
SWE,genera,24
SWE,kycklingf,24
SWE,sköljmed,24
SWE,matsvinn,24
SWE,sproud,24
SWE,lingons,24
SWE,serv,24
SWE,riz,24
SWE,asi,24
SWE,mö,24
SWE,yogg,24
SWE,magnu,24
SWE,kokosgrädde,24
SWE,brocolli,24
SWE,kronä,24
SWE,vet,24
SWE,kycklingröra,24
SWE,fanta ex,24
SWE,kycklingben,24
SWE,sparkling,24
SWE,oat milk,24
SWE,pro pud,24
SWE,rödvins,24
SWE,inlagd gurka,24
SWE,sund,24
SWE,chokladknappar,24
SWE,chimi,24
SWE,muesli,24
SWE,fran,24
SWE,havssalt,24
SWE,Creme,24
SWE,potatis sallad,24
SWE,fresh,24
SWE,Kattmat,24
SWE,keld,24
SWE,micro,24
SWE,viol,24
SWE,falcon,24
SWE,poratis,24
SWE,bearna,24
SWE,yougu,24
SWE,Starbucks,24
SWE,alovera,24
SWE,mode,24
SWE,shower,24
SWE,tampon,24
SWE,kam,24
SWE,loreal,24
SWE,sis,24
SWE,mandelmjöl,24
SWE,coffe,24
SWE,noo,24
SWE,microlax,24
SWE,salladsos,24
SWE,tob,24
SWE,citronsyra,24
SWE,salc,24
SWE,diskt,24
SWE,mynt,24
SWE,remou,24
SWE,ber,24
SWE,RedBull,24
SWE,med,24
SWE,air,24
SWE,bla,24
SWE,dammsugare,24
SWE,musl,24
SWE,matolja,24
SWE,hamburgeost,24
SWE,meatballs,24
SWE,wolt market,24
SWE,hipp,24
SWE,youghu,24
SWE,vaniljyoghurt,24
SWE,Bregott,24
SWE,fiskb,23
SWE,kotlett,23
SWE,gor,23
SWE,passionsfrukt,23
SWE,aio,23
SWE,kronärtskocka,23
SWE,bridge,23
SWE,zuccini,23
SWE,toff,23
SWE,önos,23
SWE,dillsås,23
SWE,corn flakes,23
SWE,vitlökssmör,23
SWE,gochu,23
SWE,ryd,23
SWE,bb,23
SWE,fjällfil,23
SWE,m&,23
SWE,remolad,23
SWE,is kaffe,23
SWE,seller,23
SWE,presentpapper,23
SWE,Oliver,23
SWE,my,23
SWE,taki,23
SWE,väll,23
SWE,tranb,23
SWE,white,23
SWE,feferoni,23
SWE,mjölk l,23
SWE,mandelm,23
SWE,lemoncurd,23
SWE,knöckebröd,23
SWE,potatos,23
SWE,sensodyne,23
SWE,våffel,23
SWE,ipa,23
SWE,plastglas,23
SWE,bau,23
SWE,imsdal,23
SWE,kreatin,23
SWE,bräd,23
SWE,danonino,23
SWE,tuggben,23
SWE,citron juice,23
SWE,s märke,23
SWE,engång,23
SWE,chipd,23
SWE,gidis,23
SWE,vätsk,23
SWE,avfal,23
SWE,finncrisp,23
SWE,ry,23
SWE,surt,23
SWE,cream fra,23
SWE,bakpul,23
SWE,rullpapper,23
SWE,onaka,23
SWE,guanciale,23
SWE,hlass,23
SWE,städs,23
SWE,sr,23
SWE,flapjack,23
SWE,wol,23
SWE,vax,23
SWE,tsat,23
SWE,brown,23
SWE,lövb,23
SWE,croa,23
SWE,hot dog,23
SWE,kavring,23
SWE,shot,23
SWE,kycklinglårfile,23
SWE,muffi,23
SWE,pepsi mac,23
SWE,snic,23
SWE,sojamjölk,23
SWE,pla,23
SWE,becha,23
SWE,medwurst,23
SWE,oar,23
SWE,djungelvrål,23
SWE,nduja,23
SWE,kubb,23
SWE,klyftpotatis,23
SWE,lika,23
SWE,bisk,23
SWE,chili oil,23
SWE,bönpasta,23
SWE,dolmio,23
SWE,väts,23
SWE,kalt,23
SWE,kärleksmums,23
SWE,frisco,23
SWE,kycklingk,23
SWE,jureskog,23
SWE,spar,23
SWE,hun,23
SWE,sopsä,23
SWE,olivo,23
SWE,grädf,23
SWE,Vitlök,23
SWE,dish,23
SWE,ing,23
SWE,grönt te,23
SWE,linsb,23
SWE,pis,23
SWE,pop bakery,23
SWE,lundgre,23
SWE,Ketchup,23
SWE,äl,23
SWE,kiw,23
SWE,fröd,23
SWE,messmör,23
SWE,currysås,23
SWE,sesamfrön,23
SWE,räksall,23
SWE,engel,23
SWE,pall mall,23
SWE,paul,23
SWE,läsl,22
SWE,lasagneplattor,22
SWE,krögar,22
SWE,norrl,22
SWE,icecream,22
SWE,hodis,22
SWE,båtar,22
SWE,vattenmel,22
SWE,dusc,22
SWE,fudge,22
SWE,Citron,22
SWE,söt potatis,22
SWE,cok,22
SWE,grillko,22
SWE,valio kvarg,22
SWE,funli,22
SWE,kätt,22
SWE,host,22
SWE,auber,22
SWE,kycklingbröst,22
SWE,ball,22
SWE,swi,22
SWE,fryst frukt,22
SWE,havreboll,22
SWE,har,22
SWE,göteb,22
SWE,maränger,22
SWE,ätklar,22
SWE,pall,22
SWE,asian,22
SWE,deicka,22
SWE,svarta oliver,22
SWE,hundben,22
SWE,crostini,22
SWE,sorbe,22
SWE,paneer,22
SWE,princess,22
SWE,gelatin,22
SWE,västerbo,22
SWE,peperoni,22
SWE,cotton,22
SWE,cultura,22
SWE,våff,22
SWE,jä,22
SWE,Tvättmedel,22
SWE,welli,22
SWE,pp,22
SWE,sjö,22
SWE,snabb kaffe,22
SWE,smus,22
SWE,bao,22
SWE,prickig,22
SWE,bonaqua,22
SWE,creme fraiche laktosfri,22
SWE,velo crispy,22
SWE,sl,22
SWE,ostbricka,22
SWE,olives,22
SWE,spaghett,22
SWE,cigarette,22
SWE,hud,22
SWE,rakh,22
SWE,salladsdressing,22
SWE,afil,22
SWE,manchego,22
SWE,coca co,22
SWE,cocktail,22
SWE,tuggum,22
SWE,creme fraishe,22
SWE,ätt,22
SWE,kleenex,22
SWE,puck,22
SWE,frysrätt,22
SWE,strimlad skinka,22
SWE,bran,22
SWE,broccol,22
SWE,salta chips,22
SWE,katrinplommon,22
SWE,russ,22
SWE,ginger ale,22
SWE,fördigmat,22
SWE,haricot,22
SWE,diskmas,22
SWE,midsommar,22
SWE,ölk,22
SWE,calippo,22
SWE,Sås,22
SWE,grötbröd,22
SWE,wert,22
SWE,matlagni,22
SWE,vaniljkvarg,22
SWE,Blåbär,22
SWE,yp,22
SWE,färsk potatis,22
SWE,pärs,22
SWE,es,22
SWE,handt,22
SWE,mirin,22
SWE,chill,22
SWE,kaffeb,22
SWE,fusili,22
SWE,ayr,22
SWE,anana,22
SWE,parmi,22
SWE,vreme,22
SWE,jordnötsmör,22
SWE,don,22
SWE,dumpli,22
SWE,rosor,22
SWE,paprikapulver,22
SWE,energidry,22
SWE,fiskgr,22
SWE,gårdsgoda,22
SWE,vätskeersättning,22
SWE,melo,22
SWE,grönsaks,22
SWE,blandfä,22
SWE,korean,22
SWE,Kefir,22
SWE,matlå,22
SWE,colq,22
SWE,gräddfil laktosfri,22
SWE,snöre,22
SWE,smålands,22
SWE,kltt,22
SWE,vitami,22
SWE,raggmunk,22
SWE,reload,22
SWE,läpp,21
SWE,chokladask,21
SWE,malteser,21
SWE,maza,21
SWE,cold,21
SWE,zoda,21
SWE,grano,21
SWE,gar,21
SWE,loka crus,21
SWE,cru,21
SWE,lantbröd,21
SWE,pizza sås,21
SWE,Fisk,21
SWE,parsley,21
SWE,ceva,21
SWE,ze,21
SWE,stjärn,21
SWE,herrgård,21
SWE,glassbå,21
SWE,dajm,21
SWE,mens,21
SWE,Köttbullar,21
SWE,chokladpu,21
SWE,raw,21
SWE,cheerios,21
SWE,skruvar,21
SWE,nico,21
SWE,bres,21
SWE,vidinge,21
SWE,risnu,21
SWE,drottning,21
SWE,gryt,21
SWE,entrecot,21
SWE,flintastek,21
SWE,funl,21
SWE,padta,21
SWE,palsternacka,21
SWE,tra,21
SWE,sweet chi,21
SWE,almond milk,21
SWE,dave,21
SWE,ik,21
SWE,vaniljso,21
SWE,filo,21
SWE,a-,21
SWE,ärto,21
SWE,juni,21
SWE,fila,21
SWE,lem,21
SWE,färsk ost,21
SWE,dolm,21
SWE,ben and jerrys,21
SWE,kök,21
SWE,gener,21
SWE,skaldjur,21
SWE,LM,21
SWE,potstis,21
SWE,gatorade,21
SWE,mjuko,21
SWE,isbitar,21
SWE,fikabröd,21
SWE,fiskpinn,21
SWE,grekisk yogh,21
SWE,pancake,21
SWE,potatism,21
SWE,rädisor,21
SWE,strepsil,21
SWE,dam,21
SWE,franui,21
SWE,tid,21
SWE,karde,21
SWE,tomatpuré,21
SWE,buljon,21
SWE,stick,21
SWE,körsbärs,21
SWE,tab,21
SWE,risgröt,21
SWE,lundg,21
SWE,violife,21
SWE,garnier,21
SWE,mil,21
SWE,amör,21
SWE,alko,21
SWE,turkish,21
SWE,Vape,21
SWE,häg,21
SWE,serl,21
SWE,Jordgubbar,21
SWE,ip,21
SWE,Red bull,21
SWE,blekning,21
SWE,kexc,21
SWE,fönsterputs,21
SWE,por,21
SWE,decaf,21
SWE,nätter,21
SWE,skorpa,21
SWE,nesc,21
SWE,hemmak,21
SWE,gril,21
SWE,rav,21
SWE,iberico,21
SWE,havremjö,21
SWE,tacopaj,21
SWE,soda stream,21
SWE,svinto,21
SWE,camel breeze,21
SWE,pink lady,21
SWE,tropicana,21
SWE,stark sås,21
SWE,mhölk,21
SWE,dazzley,21
SWE,briska,21
SWE,kom,21
SWE,el taco,21
SWE,dubbel,21
SWE,duschcreme,21
SWE,bågar,21
SWE,muggar,21
SWE,koffeinfritt,21
SWE,svar,21
SWE,taglia,21
SWE,biscuits,21
SWE,cheddarost,21
SWE,isgl,21
SWE,nypo,21
SWE,häa,21
SWE,gulas,21
SWE,granny,21
SWE,pizza ost,21
SWE,gold,21
SWE,häagen dazs,21
SWE,fes,21
SWE,kycklingkeb,21
SWE,kri,21
SWE,marg,21
SWE,samyang,21
SWE,ringar,21
SWE,rök,21
SWE,rostad l,21
SWE,zuch,20
SWE,paste,20
SWE,mun,20
SWE,the,20
SWE,mort,20
SWE,godid,20
SWE,Ferrari,20
SWE,xq,20
SWE,diskma,20
SWE,stevia,20
SWE,zin,20
SWE,smarties,20
SWE,mache,20
SWE,suri,20
SWE,ballonger,20
SWE,kropp,20
SWE,sesa,20
SWE,chic,20
SWE,raid,20
SWE,gnocc,20
SWE,cigarettes,20
SWE,kalamata,20
SWE,mult,20
SWE,nocci,20
SWE,tapenade,20
SWE,tonat,20
SWE,fibr,20
SWE,Toalett,20
SWE,kycklibg,20
SWE,konserver,20
SWE,Eldorado,20
SWE,ps,20
SWE,burgar,20
SWE,wild,20
SWE,vickning,20
SWE,ägh,20
SWE,smörgåsrån,20
SWE,alp,20
SWE,grapes,20
SWE,toalettpap,20
SWE,sidfläsk,20
SWE,snabbma,20
SWE,krabba,20
SWE,pulled pork,20
SWE,dr o,20
SWE,nötsmör,20
SWE,energidr,20
SWE,ika,20
SWE,grap,20
SWE,cheese dip,20
SWE,citronsaft,20
SWE,Dipp,20
SWE,oddly good,20
SWE,crois,20
SWE,wet wipes,20
SWE,köttförs,20
SWE,vetemjö,20
SWE,islatte,20
SWE,naturell yoghurt,20
SWE,måltids,20
SWE,mandelmj,20
SWE,chokladglass,20
SWE,press,20
SWE,matg,20
SWE,mushrooms,20
SWE,hem,20
SWE,cream fresh,20
SWE,malte,20
SWE,dishwasher,20
SWE,smultron,20
SWE,grillspett,20
SWE,jordgubbe,20
SWE,torrschampo,20
SWE,varm,20
SWE,matlagnin,20
SWE,coconut milk,20
SWE,Oatly,20
SWE,rucola,20
SWE,choklad mörk,20
SWE,tacok,20
SWE,sca,20
SWE,bost,20
SWE,makr,20
SWE,almon,20
SWE,pineapple,20
SWE,kycklingke,20
SWE,avocad,20
SWE,oetker,20
SWE,halst,20
SWE,jordnött,20
SWE,hair,20
SWE,latitude,20
SWE,Keso,20
SWE,peco,20
SWE,vattenflaska,20
SWE,vitlöksb,20
SWE,tortelini,20
SWE,oddl,20
SWE,eriks,20
SWE,leksa,20
SWE,hudkräm,20
SWE,smörgåsgu,20
SWE,passata,20
SWE,tomt,20
SWE,konde,20
SWE,cup,20
SWE,buljo,20
SWE,vimto,20
SWE,body wash,20
SWE,broco,20
SWE,filodeg,20
SWE,gammel,20
SWE,frosties,20
SWE,bambuskott,20
SWE,morrot,20
SWE,bresa,20
SWE,grand,20
SWE,coca-cola,20
SWE,on,20
SWE,wag,20
SWE,röd mjölk,20
SWE,texas,20
SWE,nötte,20
SWE,pappers,20
SWE,jerky,20
SWE,bulg,20
SWE,hosta,20
SWE,plastpå,20
SWE,philadelp,20
SWE,jätte,20
SWE,aoli,20
SWE,lågkalori,20
SWE,ahlgrens,20
SWE,häägen,20
SWE,termo,20
SWE,glutenf,20
SWE,sugar free,20
SWE,linsvätska,20
SWE,päronsoda,20
SWE,3 v,20
SWE,choklsd,20
SWE,spi,20
SWE,proc,20
SWE,proviv,20
SWE,fre,20
SWE,kna,20
SWE,milano,20
SWE,tsatsiki,20
SWE,hamburgare ost,20
SWE,Jord,20
SWE,ostbåga,20
SWE,dush,20
SWE,bearnaisesås,20
SWE,potatissal,20
SWE,mjölig,20
SWE,lasan,20
SWE,cheeze,20
SWE,nässpr,19
SWE,kvarg laktosfri,19
SWE,starb,19
SWE,Paprika,19
SWE,choklad marabou,19
SWE,morotsjuice,19
SWE,fefe,19
SWE,radler,19
SWE,cog,19
SWE,mozarell,19
SWE,dju,19
SWE,chili olja,19
SWE,Mj,19
SWE,mörk ch,19
SWE,lösg,19
SWE,kit kat,19
SWE,grat,19
SWE,scrub,19
SWE,celery,19
SWE,Pringles,19
SWE,niko,19
SWE,fruktkusar,19
SWE,lökringar,19
SWE,kolsy,19
SWE,fun lig,19
SWE,doggy,19
SWE,nyttigt,19
SWE,cashewnötter,19
SWE,trocader,19
SWE,rör,19
SWE,baby spenat,19
SWE,gloves,19
SWE,prima,19
SWE,bolog,19
SWE,asiatiskt,19
SWE,surde,19
SWE,kyckling buljong,19
SWE,alu,19
SWE,rfsu,19
SWE,pås,19
SWE,mjä,19
SWE,hands,19
SWE,ögon,19
SWE,Skinka,19
SWE,filmjö,19
SWE,entreco,19
SWE,pärlsocker,19
SWE,hamburgerb,19
SWE,chili con,19
SWE,baking,19
SWE,fer,19
SWE,annans,19
SWE,baba,19
SWE,kycklingklubbor,19
SWE,ben jerrys,19
SWE,chiken,19
SWE,pankak,19
SWE,mop,19
SWE,grekisk youghurt,19
SWE,vegetar,19
SWE,spra,19
SWE,lentil,19
SWE,grillk,19
SWE,öst,19
SWE,vät,19
SWE,brocoli,19
SWE,husman,19
SWE,gulasch,19
SWE,färdiga,19
SWE,yoghurt laktos,19
SWE,entrec,19
SWE,shower gel,19
SWE,ginger beer,19
SWE,kalkonbacon,19
SWE,iskaff,19
SWE,hallumi,19
SWE,speite,19
SWE,stä,19
SWE,pastaså,19
SWE,toms,19
SWE,rap,19
SWE,garan,19
SWE,kaba,19
SWE,tår,19
SWE,wien,19
SWE,bee,19
SWE,bovete,19
SWE,hoisin,19
SWE,lay,19
SWE,curr,19
SWE,winst,19
SWE,tw,19
SWE,tomst,19
SWE,Västerbotten,19
SWE,matj,19
SWE,grönt,19
SWE,nypons,19
SWE,kall,19
SWE,gat,19
SWE,vegokorv,19
SWE,berries,19
SWE,browni,19
SWE,maizena,19
SWE,tryff,19
SWE,salladmix,19
SWE,äpple juice,19
SWE,nicorette,19
SWE,ac,19
SWE,88,19
SWE,orient,19
SWE,svartpepp,19
SWE,cabbage,19
SWE,sponge,19
SWE,garam,19
SWE,Winston,19
SWE,lemo,19
SWE,låda,19
SWE,valio protein,19
SWE,majskyckling,19
SWE,oreg,19
SWE,röd paprika,19
SWE,lösk,19
SWE,bra,19
SWE,fus,19
SWE,Väddö,19
SWE,panerad,19
SWE,okra,19
SWE,tugu,19
SWE,kapri,19
SWE,sagt,19
SWE,tandborst,19
SWE,tross,19
SWE,ann,19
SWE,ciggare,19
SWE,vit cho,19
SWE,greek yoghurt,19
SWE,korv kyckling,19
SWE,mask,19
SWE,bell,19
SWE,zip,19
SWE,flass,19
SWE,japansk,19
SWE,er,19
SWE,påg,19
SWE,chips dill,19
SWE,werthers,19
SWE,salva,19
SWE,vatten stilla,19
SWE,minera,19
SWE,baka,19
SWE,gnoc,19
SWE,bliw,19
SWE,cream fre,19
SWE,hellmans,19
SWE,äggnudlar,19
SWE,deoderant,19
SWE,wer,19
SWE,tissue,19
SWE,gul lö,18
SWE,havrekuddar,18
SWE,fisherman,18
SWE,brynt smör,18
SWE,rus,18
SWE,mögel,18
SWE,nåbe,18
SWE,kanelbull,18
SWE,glassb,18
SWE,köks,18
SWE,otri,18
SWE,kåldolmar,18
SWE,gulash,18
SWE,foamy,18
SWE,anna,18
SWE,ree,18
SWE,kelly white,18
SWE,hrädde,18
SWE,pänd,18
SWE,sj,18
SWE,gazpacho,18
SWE,komb,18
SWE,småland,18
SWE,kaffefi,18
SWE,matlagningsgr,18
SWE,nejlika,18
SWE,baugett,18
SWE,proteindryck,18
SWE,grillkor,18
SWE,dr pep,18
SWE,sarde,18
SWE,kale,18
SWE,Saft,18
SWE,roma,18
SWE,kot,18
SWE,ketchuo,18
SWE,sockerärt,18
SWE,kyk,18
SWE,eldora,18
SWE,nicotinell,18
SWE,pun,18
SWE,fryst pizza,18
SWE,små,18
SWE,triu,18
SWE,pistagenötter,18
SWE,lypsyl,18
SWE,mörk cho,18
SWE,plant,18
SWE,blueberry,18
SWE,wraps,18
SWE,makarone,18
SWE,ryggb,18
SWE,lu,18
SWE,kladdkak,18
SWE,zer,18
SWE,sarek,18
SWE,matlagningsgrä,18
SWE,rostas,18
SWE,salladso,18
SWE,fun ligh,18
SWE,bage,18
SWE,Glutenfri,18
SWE,yoghi,18
SWE,tvättkapslar,18
SWE,pat,18
SWE,cols,18
SWE,bernaise,18
SWE,get,18
SWE,brieost,18
SWE,alum,18
SWE,bubd,18
SWE,färdigrä,18
SWE,gorgon,18
SWE,charlotten,18
SWE,tre vänner,18
SWE,glocken,18
SWE,cold brew,18
SWE,dolce,18
SWE,potatismjöl,18
SWE,lingon grova,18
SWE,laktosfri gräddfil,18
SWE,nöttfärs,18
SWE,marä,18
SWE,Grekisk,18
SWE,nagellack,18
SWE,grilla,18
SWE,nagelfil,18
SWE,vispgrädd,18
SWE,aub,18
SWE,pilsner,18
SWE,kycklingfilé,18
SWE,blandkasse,18
SWE,böngroddar,18
SWE,pell,18
SWE,sweet chilli,18
SWE,snabbmakaroner,18
SWE,tortillas,18
SWE,mjölk lakt,18
SWE,Bubs,18
SWE,ehrmann,18
SWE,ent,18
SWE,saltgurk,18
SWE,kallrökt lax,18
SWE,Grädd,18
SWE,ping,18
SWE,Hallon,18
SWE,mjölk lakto,18
SWE,hallons,18
SWE,qui,18
SWE,lass,18
SWE,Äpple,18
SWE,snus lund,18
SWE,tost,18
SWE,klubb,18
SWE,alo,18
SWE,sopa,18
SWE,lactose,18
SWE,ostdipp,18
SWE,Köttfärs,18
SWE,Kex,18
SWE,salladskyckling,18
SWE,hamburgar bröd,18
SWE,sus,18
SWE,fras,18
SWE,fruko,18
SWE,prpsi,18
SWE,kex choklad,18
SWE,spaghe,18
SWE,pellegr,18
SWE,yu,18
SWE,råris,18
SWE,skrapa,18
SWE,mozzarel,18
SWE,vhoklad,18
SWE,Is,18
SWE,yogurth,18
SWE,tha,18
SWE,acai,18
SWE,pannkako,18
SWE,jure,18
SWE,super,18
SWE,cheer,18
SWE,venus,18
SWE,conditioner,18
SWE,hatting,18
SWE,gaz,18
SWE,remol,18
SWE,lentils,18
SWE,salladslö,18
SWE,vhips,18
SWE,päro,18
SWE,rädisa,18
SWE,cev,18
SWE,boursin,18
SWE,penn,18
SWE,mju,18
SWE,Laktosfri,18
SWE,soft,18
SWE,annan,18
SWE,apriko,18
SWE,rengö,18
SWE,ghee,18
SWE,gin,18
SWE,bruna,18
SWE,räksalla,18
SWE,Nutella,18
SWE,remoul,18
SWE,tacokr,18
SWE,nötcreme,18
SWE,marabu,18
SWE,finish,18
SWE,mjölkch,18
SWE,rökt lax,18
SWE,con,18
SWE,rydb,18
SWE,badrum,18
SWE,näsdu,18
SWE,gilette,18
SWE,pel,18
SWE,rame,18
SWE,ansikt,18
SWE,digi,18
SWE,parace,18
SWE,lemon curd,18
SWE,västerb,18
SWE,sör,18
SWE,chokladpudd,17
SWE,våtserve,17
SWE,frök,17
SWE,soltorka,17
SWE,fruits,17
SWE,low,17
SWE,fruktdryck,17
SWE,gurkq,17
SWE,vårr,17
SWE,fral,17
SWE,creme fresh,17
SWE,daimtårta,17
SWE,korian,17
SWE,vitamin we,17
SWE,line,17
SWE,skittles,17
SWE,brioch,17
SWE,gree,17
SWE,all,17
SWE,rostbr,17
SWE,pedto,17
SWE,Billys,17
SWE,favorit,17
SWE,find,17
SWE,matvete,17
SWE,ettan,17
SWE,bindo,17
SWE,solrosolja,17
SWE,kycklingvingar,17
SWE,earl grey,17
SWE,activa,17
SWE,chips salt,17
SWE,cube,17
SWE,fläck,17
SWE,chops,17
SWE,glutenfria,17
SWE,Gräd,17
SWE,Parmesan,17
SWE,punsch,17
SWE,diaper,17
SWE,balsami,17
SWE,ciggar,17
SWE,fusilli,17
SWE,potatissalla,17
SWE,Flingor,17
SWE,capri sun,17
SWE,Cel,17
SWE,cock,17
SWE,rit,17
SWE,clementin,17
SWE,prinsess,17
SWE,limejuice,17
SWE,still,17
SWE,sibylla,17
SWE,kycl,17
SWE,mortade,17
SWE,alvedo,17
SWE,Brö,17
SWE,isbe,17
SWE,pudd,17
SWE,hallonsy,17
SWE,hr,17
SWE,merci,17
SWE,ruccol,17
SWE,nugge,17
SWE,appl,17
SWE,kärleks,17
SWE,kärlek,17
SWE,mam,17
SWE,kitchen,17
SWE,pippi,17
SWE,ibu,17
SWE,fotfil,17
SWE,bj,17
SWE,cherr,17
SWE,ättiks,17
SWE,röda,17
SWE,rödvinssås,17
SWE,ran,17
SWE,halloum,17
SWE,fläskf,17
SWE,is glass,17
SWE,räckor,17
SWE,kaffebö,17
SWE,Diskmedel,17
SWE,malmö,17
SWE,libero touch,17
SWE,tira,17
SWE,burat,17
SWE,osthyvel,17
SWE,body lotion,17
SWE,mannafrutti,17
SWE,dano,17
SWE,sour patch,17
SWE,chili mayo,17
SWE,flower,17
SWE,hotdog,17
SWE,apelsinjui,17
SWE,kyckling pålägg,17
SWE,torkade,17
SWE,sush,17
SWE,thai box,17
SWE,jos,17
SWE,wipe,17
SWE,baguet,17
SWE,mü,17
SWE,swif,17
SWE,fullkorns,17
SWE,dammsu,17
SWE,zuchini,17
SWE,tunnbrö,17
SWE,gott och,17
SWE,wave,17
SWE,goch,17
SWE,durex,17
SWE,naturdiet,17
SWE,basm,17
SWE,avlopp,17
SWE,vitron,17
SWE,tång,17
SWE,linsc,17
SWE,ögonbryn,17
SWE,choriz,17
SWE,kebab bröd,17
SWE,sardin,17
SWE,bec,17
SWE,kott,17
SWE,glass vegan,17
SWE,vol,17
SWE,dextro,17
SWE,noblesse,17
SWE,äpplejuice,17
SWE,fresh island,17
SWE,stock,17
SWE,matlagningsg,17
SWE,blan,17
SWE,färdigm,17
SWE,celleri,17
SWE,morr,17
SWE,röd pesto,17
SWE,bä,17
SWE,diskmed,17
SWE,vaniljg,17
SWE,toaborste,17
SWE,vitvin,17
SWE,rev,17
SWE,linskakor,17
SWE,salted caramel,17
SWE,lagrad ost,17
SWE,face,17
SWE,melitta,17
SWE,krok,17
SWE,mozzarela,17
SWE,pennor,17
SWE,risvin,17
SWE,wook,17
SWE,ristorante,17
SWE,nudlae,17
SWE,elvital,17
SWE,dressi,17
SWE,cheese balls,17
SWE,mikro,17
SWE,sötpotat,17
SWE,lammkorv,17
SWE,kanta,17
SWE,pru,17
SWE,cia,17
SWE,fryspås,17
SWE,red bul,17
SWE,permesan,17
SWE,kycklingburgare,17
SWE,dr oet,17
SWE,tsa,17
SWE,sportlunch,17
SWE,ric,17
SWE,celci,17
SWE,gei,17
SWE,kaffeka,17
SWE,kvsrg,17
SWE,actim,17
SWE,cornichon,17
SWE,keao,17
SWE,salsicca,17
SWE,chili flakes,17
SWE,full,17
SWE,öl korv,17
SWE,fiskbull,17
SWE,schwepp,17
SWE,fik,17
SWE,dr oe,17
SWE,oxfil,17
SWE,vit ost,17
SWE,kolsyra,17
SWE,nickd,17
SWE,sura s,17
SWE,fazer choklad,17
SWE,fefferoni,17
SWE,ed,17
SWE,sockerfri glass,17
SWE,potatid,17
SWE,sprits,17
SWE,tia,17
SWE,yoghut,17
SWE,rye,17
SWE,bru,17
SWE,barbel,17
SWE,fjordchips,17
SWE,Gifflar,16
SWE,ellas,16
SWE,malb,16
SWE,allergi,16
SWE,barbeque,16
SWE,minut,16
SWE,Estrella,16
SWE,taco truck,16
SWE,mou,16
SWE,special k,16
SWE,sushi ris,16
SWE,lola,16
SWE,potatisg,16
SWE,potatisbull,16
SWE,gen,16
SWE,ll,16
SWE,dan,16
SWE,Toapapper,16
SWE,risenta,16
SWE,riven osy,16
SWE,arne,16
SWE,pance,16
SWE,champinjo,16
SWE,cream f,16
SWE,toil,16
SWE,oxf,16
SWE,ked,16
SWE,activ,16
SWE,kaffef,16
SWE,disktablett,16
SWE,Vit,16
SWE,instant,16
SWE,Knäckebröd,16
SWE,kokosv,16
SWE,carls,16
SWE,blåbärss,16
SWE,nachochips,16
SWE,linda,16
SWE,rummo,16
SWE,sparkling water,16
SWE,sax,16
SWE,apri,16
SWE,flank,16
SWE,pop corn,16
SWE,bakmix,16
SWE,potatoes,16
SWE,glutenfrit,16
SWE,johan,16
SWE,rosm,16
SWE,ädel,16
SWE,mauri,16
SWE,paper towel,16
SWE,wins,16
SWE,järn,16
SWE,skorpo,16
SWE,Baby,16
SWE,fanta exo,16
SWE,flankstek,16
SWE,chicken breast,16
SWE,kålmix,16
SWE,Havremjölk,16
SWE,Paj,16
SWE,linspasta,16
SWE,aa,16
SWE,duk,16
SWE,glöd,16
SWE,noug,16
SWE,remmar,16
SWE,vanill,16
SWE,Makaroner,16
SWE,fizzy,16
SWE,onions,16
SWE,bou,16
SWE,mountain,16
SWE,lössnus,16
SWE,tårtb,16
SWE,laktosfri mj,16
SWE,alco,16
SWE,fontana,16
SWE,tis,16
SWE,disktra,16
SWE,cleaning,16
SWE,multiv,16
SWE,rabar,16
SWE,syltlök,16
SWE,enge,16
SWE,Mango,16
SWE,truffle,16
SWE,ostk,16
SWE,pommac,16
SWE,hörlurar,16
SWE,gas,16
SWE,hips,16
SWE,dressin,16
SWE,vattenmelo,16
SWE,tot,16
SWE,quin,16
SWE,kass,16
SWE,fårost,16
SWE,snab,16
SWE,sodas,16
SWE,e cigg,16
SWE,kondo,16
SWE,rico,16
SWE,ic,16
SWE,Blöjor,16
SWE,bila,16
SWE,otr,16
SWE,pizza deg,16
SWE,lampa,16
SWE,yogur,16
SWE,Kattsand,16
SWE,kaffesirap,16
SWE,mell,16
SWE,cat,16
SWE,dre,16
SWE,rös,16
SWE,sesamfrö,16
SWE,mygg,16
SWE,granatä,16
SWE,vanilj kvarg,16
SWE,indian,16
SWE,russi,16
SWE,diskta,16
SWE,lättdr,16
SWE,ritter sport,16
SWE,tandbors,16
SWE,vali,16
SWE,muss,16
SWE,rökor,16
SWE,Havregryn,16
SWE,novco,16
SWE,mai,16
SWE,drycka,16
SWE,gurkm,16
SWE,cocoa,16
SWE,oc,16
SWE,rape,16
SWE,schalotten,16
SWE,vitlöksbr,16
SWE,noco,16
SWE,anti,16
SWE,Magnum,16
SWE,macar,16
SWE,grandi,16
SWE,cloetta,16
SWE,rotselleri,16
SWE,soygurt,16
SWE,nat,16
SWE,Ka,16
SWE,sprut,16
SWE,fajitas,16
SWE,ögg,16
SWE,vichy,16
SWE,sodavatten,16
SWE,Tandkräm,16
SWE,majskako,16
SWE,axa,16
SWE,rakhyv,16
SWE,gyoza,16
SWE,berocca,16
SWE,mild,16
SWE,deodo,16
SWE,ste,16
SWE,crun,16
SWE,kros,16
SWE,Ma,16
SWE,mörkchoklad,16
SWE,puzza,16
SWE,ansjovis,16
SWE,gurl,16
SWE,Cheddar,16
SWE,potatisb,16
SWE,wildmix,16
SWE,frost,16
SWE,Kladdkaka,16
SWE,råsa,16
SWE,chickpea,16
SWE,Katt,16
SWE,raklödder,16
SWE,koffe,16
SWE,maks,16
SWE,kniv,16
SWE,purina,16
SWE,dulce de leche,16
SWE,lillängs,16
SWE,tresor,16
SWE,portion,16
SWE,bryggkaffe,16
SWE,linschi,16
SWE,baby wipes,16
SWE,Disk,16
SWE,toalettpappe,16
SWE,skog,16
SWE,graviditets,16
SWE,bamse,16
SWE,stre,16
SWE,vädd,16
SWE,sq,16
SWE,jordgubbsylt,16
SWE,vitlöl,16
SWE,gruyere,16
SWE,alpr,16
SWE,bajs,16
SWE,fot,16
SWE,som,16
SWE,gradde,16
SWE,tos,16
SWE,hallom,16
SWE,sverige,16
SWE,björn,16
SWE,sötmandel,16
SWE,cini,16
SWE,flu,16
SWE,poo,16
SWE,svartvinbär,16
SWE,krbab,16
SWE,hå,16
SWE,herr,16
SWE,smeta,16
SWE,potats,16
SWE,vaniljmjölk,16
SWE,curd,16
SWE,bomullsrondeller,16
SWE,rödlöl,16
SWE,tvättlapp,16
SWE,grillkry,16
SWE,baguetter,16
SWE,taci,16
SWE,chese,16
SWE,appelsin,16
SWE,ex,16
SWE,apelsinj,16
SWE,tomatjuice,16
SWE,ibuprofen,16
SWE,kycklingspett,16
SWE,tiram,15
SWE,chockla,15
SWE,tårtljus,15
SWE,coka,15
SWE,rab,15
SWE,usb,15
SWE,peper,15
SWE,äppeljui,15
SWE,kaffebröd,15
SWE,naproxen,15
SWE,baconost,15
SWE,dr.,15
SWE,condom,15
SWE,linsbå,15
SWE,halstabl,15
SWE,sötning,15
SWE,kets,15
SWE,toapappe,15
SWE,björnbär,15
SWE,portions,15
SWE,jogurt,15
SWE,ground beef,15
SWE,sti,15
SWE,haloumi,15
SWE,milda mat,15
SWE,jalla,15
SWE,samb,15
SWE,fjäll,15
SWE,coriander,15
SWE,black,15
SWE,intimtvål,15
SWE,tacokyckling,15
SWE,sötströ,15
SWE,mjökk,15
SWE,laffe,15
SWE,crimson,15
SWE,yummi,15
SWE,greek yogurt,15
SWE,Nötfärs,15
SWE,gochujang,15
SWE,svart ris,15
SWE,gräddkola,15
SWE,tahi,15
SWE,hrekisk,15
SWE,trium,15
SWE,fiskg,15
SWE,frödin,15
SWE,Honung,15
SWE,cornf,15
SWE,chr,15
SWE,blomkå,15
SWE,hala,15
SWE,rågkaka,15
SWE,baller,15
SWE,Riskakor,15
SWE,joghurt,15
SWE,hallongrotta,15
SWE,tap,15
SWE,ben & jerrys,15
SWE,grekisk you,15
SWE,Buldak,15
SWE,italiensk,15
SWE,risgryn,15
SWE,handduk,15
SWE,termometer,15
SWE,cola zeto,15
SWE,hackad,15
SWE,kas,15
SWE,punch,15
SWE,fera,15
SWE,delic,15
SWE,risi frutti,15
SWE,crispy chili,15
SWE,bikarb,15
SWE,sockerdricka,15
SWE,kallon,15
SWE,hawaii,15
SWE,pie,15
SWE,palmolive,15
SWE,fruktsoda,15
SWE,family fresh,15
SWE,mozzarella sticks,15
SWE,fryspi,15
SWE,peosi,15
SWE,shi,15
SWE,Billy,15
SWE,arnes,15
SWE,hjort,15
SWE,salmiak,15
SWE,appel,15
SWE,pärons,15
SWE,ostronsås,15
SWE,krtchup,15
SWE,pal,15
SWE,Salt,15
SWE,oatmeal,15
SWE,youh,15
SWE,tårtbo,15
SWE,smöe,15
SWE,yogurt laktosfri,15
SWE,plo,15
SWE,kokosflingor,15
SWE,lättdry,15
SWE,ärts,15
SWE,ostboll,15
SWE,ji,15
SWE,smothie,15
SWE,twee,15
SWE,cigaret,15
SWE,vaniljpulver,15
SWE,dul,15
SWE,vask,15
SWE,tändvätska,15
SWE,rose,15
SWE,oxfi,15
SWE,Tårta,15
SWE,glassbåtar,15
SWE,pepparsalami,15
SWE,olivee,15
SWE,latte art,15
SWE,kols,15
SWE,götebor,15
SWE,pepsima,15
SWE,vaselin,15
SWE,Müsli,15
SWE,saltade,15
SWE,scharlotten,15
SWE,ceas,15
SWE,dricky,15
SWE,pärondryck,15
SWE,juicr,15
SWE,kallrökt,15
SWE,digesti,15
SWE,kokosmjöl,15
SWE,skinks,15
SWE,nan 3,15
SWE,mr muscle,15
SWE,basma,15
SWE,saltade chips,15
SWE,keto,15
SWE,grappo,15
SWE,findu,15
SWE,tablettask,15
SWE,anka,15
SWE,diapers,15
SWE,monater,15
SWE,kvaeg,15
SWE,brun utan sol,15
SWE,strepsils,15
SWE,tuggumm,15
SWE,mysli,15
SWE,försk,15
SWE,gräsd,15
SWE,bearnai,15
SWE,ele,15
SWE,krossade t,15
SWE,gravlax,15
SWE,cucu,15
SWE,jordgubbskräm,15
SWE,godis sur,15
SWE,ströb,15
SWE,elektro,15
SWE,kräfta,15
SWE,creme fraice,15
SWE,svart peppar,15
SWE,bebis,15
SWE,krossade toma,15
SWE,pärson,15
SWE,Mjöl,15
SWE,girka,15
SWE,nötk,15
SWE,chiliflakes,15
SWE,refill,15
SWE,vinblad,15
SWE,beyond,15
SWE,lighter,15
SWE,mama,15
SWE,snit,15
SWE,selle,15
SWE,skag,15
SWE,basmat,15
SWE,mk,15
SWE,creme fraic,15
SWE,klä,15
SWE,paprika krydda,15
SWE,jordnötssm,15
SWE,del,15
SWE,potatisgrat,15
SWE,pins,15
SWE,växtbaserat,15
SWE,sirach,15
SWE,gyrka,15
SWE,toalettborste,15
SWE,pizzak,15
SWE,tvättmaskin,15
SWE,chreme,15
SWE,sesamkakor,15
SWE,banane,15
SWE,seaweed,15
SWE,havee,15
SWE,passerad,15
SWE,läker,15
SWE,pommes chips,15
SWE,toapp,15
SWE,tortilla bröd,15
SWE,tutt,15
SWE,freezing,15
SWE,potatismo,15
SWE,salt gurka,15
SWE,hundm,15
SWE,alfredo,15
SWE,knöcke,15
SWE,jordgubbss,15
SWE,diam,15
SWE,vita bön,15
SWE,Pep,15
SWE,grad,15
SWE,rakhyvlar,15
SWE,passe,15
SWE,tropi,15
SWE,proteinbröd,15
SWE,tacobr,15
SWE,klämmisar,15
SWE,spel,15
SWE,vingar,15
SWE,chilinö,15
SWE,vasa,15
SWE,vita b,15
SWE,tomatkross,15
SWE,helw,15
SWE,cal,15
SWE,kycklingklubba,15
SWE,panchetta,15
SWE,ströss,15
SWE,Alvedon,15
SWE,udon,15
SWE,hallonsyl,15
SWE,baby semp,15
SWE,aja,15
SWE,gruy,15
SWE,after,15
SWE,is te,15
SWE,Pågen,15
SWE,spin,15
SWE,körsbärstomater,15
SWE,protein shake,15
SWE,bullsr,15
SWE,svartvin,15
SWE,Hushållspapper,15
SWE,wc duck,15
SWE,blommo,15
SWE,hårborste,15
SWE,arom,15
SWE,th,15
SWE,natcho,15
SWE,mushr,15
SWE,salci,15
SWE,mel,15
SWE,prickig korv,15
SWE,cips,14
SWE,koev,14
SWE,kroppkakor,14
SWE,well,14
SWE,rismjöl,14
SWE,ingefära shot,14
SWE,tee,14
SWE,paprika pulver,14
SWE,capris,14
SWE,fili,14
SWE,app,14
SWE,pow,14
SWE,Bacon,14
SWE,blend,14
SWE,mejeri,14
SWE,krossade to,14
SWE,proteinba,14
SWE,friterad,14
SWE,parmesanost,14
SWE,västerbotte,14
SWE,tahin,14
SWE,Peps,14
SWE,avfallspå,14
SWE,blandfär,14
SWE,glss,14
SWE,formar,14
SWE,gara,14
SWE,plivit,14
SWE,houng,14
SWE,rökt kalkon,14
SWE,kaffegrädde,14
SWE,havredr,14
SWE,marb,14
SWE,grytbitar,14
SWE,multivit,14
SWE,snacka,14
SWE,delik,14
SWE,såa,14
SWE,rågbr,14
SWE,wor,14
SWE,Rydbergs,14
SWE,Baguette,14
SWE,gröna oliver,14
SWE,resbull,14
SWE,apr,14
SWE,canel,14
SWE,jap,14
SWE,angus,14
SWE,kel,14
SWE,delicat,14
SWE,churr,14
SWE,risvinäger,14
SWE,mango chutney,14
SWE,kaffe kapslar,14
SWE,turkisk peppar,14
SWE,fisks,14
SWE,köttfö,14
SWE,vinäg,14
SWE,korn,14
SWE,mjl,14
SWE,ajv,14
SWE,coppa,14
SWE,blandsaft,14
SWE,fun l,14
SWE,hell,14
SWE,tog,14
SWE,kaffe filter,14
SWE,salty,14
SWE,socker fri,14
SWE,kåld,14
SWE,wafer,14
SWE,bol,14
SWE,key,14
SWE,Caroline,14
SWE,hårt brö,14
SWE,nötkräm,14
SWE,pres,14
SWE,skånerost,14
SWE,nou,14
SWE,linfrö,14
SWE,flask,14
SWE,Sprite,14
SWE,potaris,14
SWE,omega,14
SWE,chiklad,14
SWE,power king,14
SWE,var,14
SWE,batte,14
SWE,nood,14
SWE,sitting,14
SWE,vitlöksp,14
SWE,handsprit,14
SWE,Cig,14
SWE,srira,14
SWE,ramslök,14
SWE,recovery,14
SWE,värmeljus,14
SWE,palm,14
SWE,marlbro,14
SWE,chicken nugg,14
SWE,ladd,14
SWE,Propud,14
SWE,ströbr,14
SWE,purjolö,14
SWE,lime juice,14
SWE,tack,14
SWE,ät,14
SWE,blueberries,14
SWE,tärnad,14
SWE,sockerfritt godis,14
SWE,coles,14
SWE,granatäpp,14
SWE,salta kex,14
SWE,cj,14
SWE,coola,14
SWE,lätt cre,14
SWE,kroketter,14
SWE,städservett,14
SWE,ersätt,14
SWE,schal,14
SWE,keychup,14
SWE,bred,14
SWE,magnesium,14
SWE,Fanta,14
SWE,frebaco,14
SWE,färdiga rätter,14
SWE,voca,14
SWE,dates,14
SWE,protein pudding,14
SWE,mozarel,14
SWE,"öl 3,5",14
SWE,kyckling lår,14
SWE,oliv olja,14
SWE,pam,14
SWE,mcd,14
SWE,mat grädde,14
SWE,skruv,14
SWE,sourdough,14
SWE,geva,14
SWE,princ,14
SWE,nektari,14
SWE,pumpafrön,14
SWE,shysst,14
SWE,carlshamn,14
SWE,clem,14
SWE,jordgubbssy,14
SWE,häge,14
SWE,mala,14
SWE,kaffebön,14
SWE,nör,14
SWE,högre,14
SWE,glutenfri pizza,14
SWE,jamon,14
SWE,sat,14
SWE,sucuk,14
SWE,väs,14
SWE,disktras,14
SWE,kaffe bönor,14
SWE,briketter,14
SWE,Broccoli,14
SWE,kaffekaps,14
SWE,cornfla,14
SWE,Ostbågar,14
SWE,vegetari,14
SWE,nässpra,14
SWE,nätfärs,14
SWE,kivi,14
SWE,mul,14
SWE,dark chocolate,14
SWE,hamburgar ost,14
SWE,Pannkakor,14
SWE,To,14
SWE,reese,14
SWE,qourn,14
SWE,sombrero,14
SWE,snabbmaka,14
SWE,balsamic,14
SWE,mellanm,14
SWE,lukt,14
SWE,coconut water,14
SWE,trash bag,14
SWE,hårfär,14
SWE,mandelmassa,14
SWE,kyckling curry,14
SWE,cream ch,14
SWE,Morötter,14
SWE,cream fraiche,14
SWE,flakes,14
SWE,for,14
SWE,jäs,14
SWE,stekfläsk,14
SWE,jelly,14
SWE,walnut,14
SWE,havs,14
SWE,pand,14
SWE,blåbärspa,14
SWE,puc,14
SWE,toalett papper,14
SWE,pringel,14
SWE,smörgåstårta,14
SWE,osts,14
SWE,oriental,14
SWE,cream frai,14
SWE,creatine,14
SWE,Rosa mjölk,14
SWE,crustader,14
SWE,hräddfil,14
SWE,skav,14
SWE,palster,14
SWE,färskos,14
SWE,trocadero zero,14
SWE,mais,14
SWE,nutri,14
SWE,göt,14
SWE,jou,14
SWE,majd,14
SWE,vine,14
SWE,Dubai,14
SWE,kolos,14
SWE,räksal,14
SWE,hushållspap,14
SWE,färdigma,14
SWE,glass flerpack,14
SWE,peotein,14
SWE,paraply,14
SWE,velo freeze,14
SWE,ravio,14
SWE,xr,14
SWE,arla mjölk,14
SWE,tunnb,14
SWE,sme,14
SWE,fodis,14
SWE,oddlygood,14
SWE,isg,14
SWE,oxp,14
SWE,pane,14
SWE,lan,14
SWE,pågens,14
SWE,Ci,14
SWE,bruna bönor,14
SWE,köttfärss,14
SWE,multivita,14
SWE,ly,14
SWE,räd,14
SWE,matjesill,14
SWE,hårt br,14
SWE,soler,14
SWE,Nicks,14
SWE,nikot,14
SWE,winegum,14
SWE,Feta,14
SWE,ava,14
SWE,protein glass,14
SWE,taba,14
SWE,nyponso,14
SWE,garbage,14
SWE,tranbä,14
SWE,Tvål,14
SWE,kellog,14
SWE,ms,14
SWE,black beans,14
SWE,skrubb,14
SWE,avf,14
SWE,ragg,14
SWE,sourcr,14
SWE,drinks,14
SWE,gainomax,14
SWE,pistag,14
SWE,kelly,14
SWE,vitt,14
SWE,ister,14
SWE,västerbott,14
SWE,handsk,14
SWE,lingong,14
SWE,tagl,14
SWE,grönk,14
SWE,skjöl,14
SWE,timja,14
SWE,rexona,13
SWE,salsicc,13
SWE,electro,13
SWE,frit,13
SWE,marbo,13
SWE,riven kokos,13
SWE,ment,13
SWE,chu,13
SWE,dep,13
SWE,edama,13
SWE,pomes,13
SWE,sia g,13
SWE,salta pinn,13
SWE,dansk,13
SWE,surk,13
SWE,kladk,13
SWE,snö,13
SWE,croissa,13
SWE,passerad tomat,13
SWE,frödi,13
SWE,mexi,13
SWE,manch,13
SWE,quino,13
SWE,städserv,13
SWE,Nötter,13
SWE,zi,13
SWE,graviditet,13
SWE,schys,13
SWE,pizzq,13
SWE,marsa,13
SWE,match,13
SWE,saff,13
SWE,redh,13
SWE,holl,13
SWE,oarly,13
SWE,nido,13
SWE,chunky,13
SWE,kyv,13
SWE,kyckling file,13
SWE,coca-,13
SWE,knor,13
SWE,laktosfri gr,13
SWE,mic,13
SWE,lactose free,13
SWE,schyss,13
SWE,chocol,13
SWE,hönsbuljong,13
SWE,Ingefära,13
SWE,chev,13
SWE,ayra,13
SWE,coca vola,13
SWE,kryddsmör,13
SWE,spread,13
SWE,kvarg naturell,13
SWE,cevapi,13
SWE,bt,13
SWE,tery,13
SWE,tä,13
SWE,iphone,13
SWE,shirataki,13
SWE,chili sås,13
SWE,tine,13
SWE,vaniljsock,13
SWE,donu,13
SWE,nug,13
SWE,tri,13
SWE,gluten fri,13
SWE,prosci,13
SWE,morötte,13
SWE,salm,13
SWE,lås,13
SWE,karins lasagne,13
SWE,diskmaskins,13
SWE,barebel,13
SWE,såd,13
SWE,fanta e,13
SWE,tempeh,13
SWE,knattar,13
SWE,senso,13
SWE,stenbitsrom,13
SWE,juc,13
SWE,kycklingko,13
SWE,camel bree,13
SWE,sor,13
SWE,lösgo,13
SWE,hp,13
SWE,glödlampa,13
SWE,sockerä,13
SWE,saklad,13
SWE,Camel,13
SWE,doftspray,13
SWE,kalori,13
SWE,garant chips,13
SWE,ts,13
SWE,kycklingkött,13
SWE,bun,13
SWE,krabb,13
SWE,nutr,13
SWE,pytt i panna,13
SWE,jordgubbsr,13
SWE,smot,13
SWE,gateau,13
SWE,Räkor,13
SWE,cogg,13
SWE,snabbm,13
SWE,carrots,13
SWE,funligh,13
SWE,choclate,13
SWE,Pop,13
SWE,risg,13
SWE,Mar,13
SWE,beetroot,13
SWE,strum,13
SWE,kinde,13
SWE,chicken wings,13
SWE,mini keso,13
SWE,mesost,13
SWE,tung,13
SWE,mörk chocklad,13
SWE,loka cru,13
SWE,barbecue,13
SWE,floss,13
SWE,mosa,13
SWE,köttfria,13
SWE,mortadela,13
SWE,Kokos,13
SWE,coff,13
SWE,puffar,13
SWE,kläm,13
SWE,tandp,13
SWE,vanilje,13
SWE,remu,13
SWE,sockervadd,13
SWE,hang,13
SWE,japansk soja,13
SWE,limp,13
SWE,kalibe,13
SWE,qibla,13
SWE,kim,13
SWE,Rosa,13
SWE,geädde,13
SWE,soenat,13
SWE,Te,13
SWE,twek,13
SWE,otly,13
SWE,chipo,13
SWE,cle,13
SWE,gpdis,13
SWE,mörk chokl,13
SWE,pankaka,13
SWE,lingonsyl,13
SWE,mustard,13
SWE,middag,13
SWE,diskbor,13
SWE,mann,13
SWE,lohmanders,13
SWE,nap,13
SWE,stjär,13
SWE,hallu,13
SWE,belvita,13
SWE,jorsgubbar,13
SWE,nuflar,13
SWE,patroner,13
SWE,john,13
SWE,smoothi,13
SWE,glasss,13
SWE,twist,13
SWE,passera,13
SWE,toba,13
SWE,kardem,13
SWE,Morot,13
SWE,lyxlasagne,13
SWE,sweet po,13
SWE,ab,13
SWE,ahl,13
SWE,grekisk yoghurt laktosfri,13
SWE,Pepsi ma,13
SWE,pasta glutenfri,13
SWE,tabas,13
SWE,cola vanilj,13
SWE,fiskgra,13
SWE,marlboro crafted,13
SWE,lantch,13
SWE,brocol,13
SWE,ciaba,13
SWE,student,13
SWE,fröknä,13
SWE,smör laktosfri,13
SWE,half,13
SWE,mutt,13
SWE,lätt creme fraiche,13
SWE,sugr,13
SWE,estr,13
SWE,rengör,13
SWE,smør,13
SWE,vegan ost,13
SWE,krossade tomat,13
SWE,crust,13
SWE,lindr,13
SWE,skogs,13
SWE,lasangeplattor,13
SWE,gräsdfil,13
SWE,teriy,13
SWE,cooki,13
SWE,höns,13
SWE,bakel,13
SWE,renskav,13
SWE,half baked,13
SWE,biskvier,13
SWE,com,13
SWE,nikotinfri,13
SWE,fue,13
SWE,mark,13
SWE,glass magnum,13
SWE,mush,13
SWE,mandl,13
SWE,fam,13
SWE,kra,13
SWE,Sia,13
SWE,kulör,13
SWE,makril,13
SWE,båt,13
SWE,delikat,13
SWE,pim,13
SWE,Dadlar,13
SWE,chilibea,13
SWE,miner,13
SWE,apples,13
SWE,äppelp,13
SWE,vanilj sås,13
SWE,snac,13
SWE,cutron,13
SWE,äppelju,13
SWE,diskhandskar,13
SWE,snabbkaff,13
SWE,blodpu,13
SWE,mes,13
SWE,pull,13
SWE,redhe,13
SWE,snus kaliber,13
SWE,we,13
SWE,vineg,13
SWE,gamm,13
SWE,torrjäst,13
SWE,hög,13
SWE,tere,13
SWE,chips grill,13
SWE,svartpep,13
SWE,nötkr,13
SWE,fef,13
SWE,dipmix,13
SWE,jerk,13
SWE,iskaf,13
SWE,levai,13
SWE,trossk,13
SWE,hellman,13
SWE,she,13
SWE,jog,13
SWE,ceasa,13
SWE,hårolja,13
SWE,giffel,13
SWE,trop,13
SWE,friter,13
SWE,valnött,13
SWE,marshmallow,13
SWE,Kaviar,13
SWE,barill,13
SWE,camel b,13
SWE,cooking cream,13
SWE,fett,13
SWE,voltaren,13
SWE,rod,13
SWE,hi,13
SWE,kålrot,13
SWE,nappflaska,13
SWE,alumi,13
SWE,äppel juice,13
SWE,grädde lf,13
SWE,Red,13
SWE,Korvbröd,13
SWE,linschip,13
SWE,Lohilo,13
SWE,piza,13
SWE,champion,13
SWE,carbo,13
SWE,dammsugar,13
SWE,krust,13
SWE,squishy,13
SWE,smörgåsgur,13
SWE,allerum,13
SWE,mangor,13
SWE,fla,13
SWE,schalottenlök,13
SWE,frökusar,13
SWE,skivad o,13
SWE,pågenlimpa,13
SWE,kycklingl,13
SWE,nudd,13
SWE,brygg,13
SWE,pizzaost,13
SWE,coma,13
SWE,vaniljsoc,13
SWE,polenta,13
SWE,pix,13
SWE,gammaldags,13
SWE,tah,13
SWE,Tortilla,13
SWE,vick,12
SWE,hand soap,12
SWE,Felix,12
SWE,gnocci,12
SWE,spaget,12
SWE,mexicana,12
SWE,pad thai,12
SWE,hei,12
SWE,peppermint,12
SWE,grillad ky,12
SWE,nan pro,12
SWE,rädi,12
SWE,gul l,12
SWE,lyx,12
SWE,household,12
SWE,chefdar,12
SWE,tändstickor,12
SWE,pepparchips,12
SWE,bann,12
SWE,chop,12
SWE,toi,12
SWE,indomie,12
SWE,bresola,12
SWE,butter chicken,12
SWE,blnor,12
SWE,linguini,12
SWE,a+,12
SWE,gräf,12
SWE,nöttkött,12
SWE,Vegan,12
SWE,glutenfri bröd,12
SWE,brea,12
SWE,feber,12
SWE,skå,12
SWE,Vatten,12
SWE,kulörtvätt,12
SWE,winsto,12
SWE,pasta s,12
SWE,hallon soda,12
SWE,apo,12
SWE,Salami,12
SWE,bakad potatis,12
SWE,maltesers,12
SWE,Tuggummi,12
SWE,glasspinnar,12
SWE,glade,12
SWE,rai,12
SWE,påläg,12
SWE,dia,12
SWE,sakt,12
SWE,sten,12
SWE,proteinpu,12
SWE,desert,12
SWE,sej,12
SWE,dulc,12
SWE,häxa,12
SWE,eäkor,12
SWE,multivi,12
SWE,spraygrä,12
SWE,Dr,12
SWE,hel kyckling,12
SWE,delika,12
SWE,vitchoklad,12
SWE,kikärto,12
SWE,pina,12
SWE,riesen,12
SWE,mör,12
SWE,dafgår,12
SWE,laktos fri,12
SWE,furka,12
SWE,eldorad,12
SWE,bam,12
SWE,paulun,12
SWE,pak ch,12
SWE,towel,12
SWE,strac,12
SWE,veli,12
SWE,dub,12
SWE,clear,12
SWE,pip,12
SWE,toslett,12
SWE,owl,12
SWE,vitkå,12
SWE,risgry,12
SWE,zucch,12
SWE,mörk c,12
SWE,havre mjölk,12
SWE,krögarpytt,12
SWE,Dr pepper,12
SWE,lättmjöl,12
SWE,mortadell,12
SWE,koffei,12
SWE,guldfågel,12
SWE,rödvinsås,12
SWE,sirac,12
SWE,msg,12
SWE,mjöll,12
SWE,chokladmousse,12
SWE,caes,12
SWE,bara,12
SWE,annas,12
SWE,potais,12
SWE,jordgubbat,12
SWE,ostka,12
SWE,chokladb,12
SWE,bakch,12
SWE,hönsbu,12
SWE,bechamelsås,12
SWE,Ch,12
SWE,mjöök,12
SWE,müs,12
SWE,kokosva,12
SWE,glasögon,12
SWE,näsd,12
SWE,kokos mjölk,12
SWE,chilis,12
SWE,sourc,12
SWE,rucol,12
SWE,är,12
SWE,sanpe,12
SWE,pul,12
SWE,cheese doo,12
SWE,lindy,12
SWE,est,12
SWE,gull,12
SWE,frys mat,12
SWE,tapenad,12
SWE,kitchen joy,12
SWE,sparri,12
SWE,tyrkisk,12
SWE,äppelj,12
SWE,uma,12
SWE,satay,12
SWE,solsken,12
SWE,torka,12
SWE,lasang,12
SWE,gry,12
SWE,panca,12
SWE,president,12
SWE,kokosmjö,12
SWE,lyckling,12
SWE,mjölkk,12
SWE,nik,12
SWE,Mara,12
SWE,flint,12
SWE,gurkma,12
SWE,peato,12
SWE,her,12
SWE,pinnglass,12
SWE,mage,12
SWE,spraygr,12
SWE,picknick,12
SWE,earl,12
SWE,Kladd,12
SWE,mill,12
SWE,listerine,12
SWE,lorv,12
SWE,vitlökss,12
SWE,skj,12
SWE,pän,12
SWE,Vanilj,12
SWE,vita bö,12
SWE,ay,12
SWE,gela,12
SWE,dazz,12
SWE,froosh,12
SWE,korvstr,12
SWE,krus,12
SWE,kopp,12
SWE,rho,12
SWE,torkat,12
SWE,lätt majonäs,12
SWE,salladsky,12
SWE,yoghurr,12
SWE,bbq sås,12
SWE,stenbit,12
SWE,våffla,12
SWE,liber,12
SWE,vibrator,12
SWE,mevolution,12
SWE,kard,12
SWE,gorg,12
SWE,risif,12
SWE,ugnsbakade,12
SWE,battery,12
SWE,bajspåsar,12
SWE,krx,12
SWE,cuc,12
SWE,ariel,12
SWE,romat,12
SWE,batiste,12
SWE,pasta fullkorn,12
SWE,bommul,12
SWE,vann,12
SWE,rödv,12
SWE,mellanmj,12
SWE,Ciga,12
SWE,sötningsmedel,12
SWE,somun,12
SWE,måltidsdryck,12
SWE,marabou glass,12
SWE,färskp,12
SWE,clemen,12
SWE,pingv,12
SWE,russian,12
SWE,kyckling kött,12
SWE,sojafärs,12
SWE,vröd,12
SWE,geis,12
SWE,buba,12
SWE,timj,12
SWE,pizza sauce,12
SWE,lammfärs,12
SWE,"3,5",12
SWE,tranbärs,12
SWE,bröd glutenfri,12
SWE,toning,12
SWE,kycklingb,12
SWE,swiff,12
SWE,toothbrush,12
SWE,hård,12
SWE,kär,12
SWE,as,12
SWE,nage,12
SWE,arl,12
SWE,vit ch,12
SWE,noodl,12
SWE,spring,12
SWE,babyplommon,12
SWE,tacoså,12
SWE,proteinbars,12
SWE,tikk,12
SWE,havreringar,12
SWE,ostbröd,12
SWE,semolina,12
SWE,argeta,12
SWE,frasrost,12
SWE,schar,12
SWE,tissues,12
SWE,jus,12
SWE,natu,12
SWE,rees,12
SWE,arla kvarg,12
SWE,snackpot,12
SWE,willys,12
SWE,klöver,12
SWE,Pesto,12
SWE,frigg,12
SWE,safr,12
SWE,glasspaket,12
SWE,västerbottenpaj,12
SWE,bomul,12
SWE,lät,12
SWE,chili con carne,12
SWE,Vispgrädde,12
SWE,buff,12
SWE,bandage,12
SWE,cheddar dip,12
SWE,joe,12
SWE,päronsplit,12
SWE,mata,12
SWE,ungs,12
SWE,tryffelsalami,12
SWE,paprikapul,12
SWE,compeed,12
SWE,pincett,12
SWE,superlim,12
SWE,vegof,12
SWE,oni,12
SWE,nail,12
SWE,aga,12
SWE,joluca,12
SWE,dai,12
SWE,hatt,12
SWE,vispgrädde laktosfri,12
SWE,persolja,12
SWE,vas,12
SWE,paracet,12
SWE,panna,12
SWE,marsi,12
SWE,krutong,12
SWE,plätt,12
SWE,muns,12
SWE,whipped cream,12
SWE,Grönsaker,12
SWE,tou,12
SWE,fala,12
SWE,saltiner,12
SWE,Gurk,12
SWE,Sandwich,12
SWE,cevapcici,12
SWE,gravl,12
SWE,low carb,12
SWE,ost mager,12
SWE,jello,12
SWE,panodil,12
SWE,ostså,12
SWE,gn,12
SWE,Milk,12
SWE,pepcid,12
SWE,hois,12
SWE,tiger,12
SWE,vindruvo,12
SWE,munsk,12
SWE,smas,12
SWE,lökpul,12
SWE,passio,12
SWE,slim,12
SWE,pekan,12
SWE,face wash,12
SWE,oregan,12
SWE,phili,12
SWE,medvurst,12
SWE,bakad,12
SWE,bern,12
SWE,sup,12
SWE,rise,12
SWE,ss,12
SWE,kaffek,12
SWE,pelegrino,12
SWE,lax sås,12
SWE,tandpe,12
SWE,triss,12
SWE,västk,12
SWE,hamburger ost,12
SWE,fryst lök,12
SWE,sallad mix,12
SWE,grönpeppar,12
SWE,rydber,12
SWE,marräng,12
SWE,gradd,12
SWE,anton,12
SWE,dog,12
SWE,apelsiner,12
SWE,vegansk glass,12
SWE,geäddfil,12
SWE,balsamvinäger,12
SWE,hemköp,12
SWE,monkey,12
SWE,Riven ost,12
SWE,starbuck,12
SWE,humu,12
SWE,drickyog,12
SWE,special,12
SWE,oxpy,12
SWE,Grä,12
SWE,färsk dill,12
SWE,rice cake,12
SWE,tårtbotte,11
SWE,majsst,11
SWE,chickpeas,11
SWE,lav,11
SWE,brn,11
SWE,ketshup,11
SWE,sweet c,11
SWE,vr,11
SWE,citrongräs,11
SWE,hårdost,11
SWE,kola sås,11
SWE,ferrar,11
SWE,stuvning,11
SWE,chokolad,11
SWE,grumm,11
SWE,mums,11
SWE,öl alkoholfri,11
SWE,bakl,11
SWE,anthon berg,11
SWE,citeon,11
SWE,kab,11
SWE,yoghurt eko,11
SWE,inlag,11
SWE,ståltråd,11
SWE,hamburgardressing,11
SWE,farfalle,11
SWE,kantar,11
SWE,haa,11
SWE,dadel,11
SWE,crème fraiche,11
SWE,marin,11
SWE,johan nyström,11
SWE,paprikakrydda,11
SWE,fisk sås,11
SWE,ekströms,11
SWE,pulverkaffe,11
SWE,dino,11
SWE,green garlic,11
SWE,havarti,11
SWE,vog,11
SWE,salladsosr,11
SWE,sojadryck,11
SWE,ostkak,11
SWE,yoghurt kvarg,11
SWE,serano,11
SWE,Rödlök,11
SWE,blond,11
SWE,maggi,11
SWE,pecor,11
SWE,tassimo,11
SWE,lättöl,11
SWE,goud,11
SWE,ref,11
SWE,ted,11
SWE,rondeller,11
SWE,karr,11
SWE,mis,11
SWE,mouse,11
SWE,fryst bröd,11
SWE,bolo,11
SWE,freeze,11
SWE,tepe,11
SWE,Tomater,11
SWE,olover,11
SWE,pizza gluten,11
SWE,gillette,11
SWE,ice te,11
SWE,garli,11
SWE,sak,11
SWE,bic,11
SWE,hamburgerdress,11
SWE,pretzel,11
SWE,keks,11
SWE,västkustchips,11
SWE,kese,11
SWE,berry,11
SWE,kondens,11
SWE,sem,11
SWE,pamp,11
SWE,vegetaris,11
SWE,smål,11
SWE,nobe,11
SWE,riso,11
SWE,vispgräd,11
SWE,körtfärs,11
SWE,fipp,11
SWE,vaniljk,11
SWE,Knäcke,11
SWE,grytb,11
SWE,ostkrokar,11
SWE,stoppa,11
SWE,kuc,11
SWE,proteinkakor,11
SWE,temp,11
SWE,kaps,11
SWE,des,11
SWE,keso laktosfri,11
SWE,pumpakärnor,11
SWE,no bake,11
SWE,nötförs,11
SWE,fläskkarre,11
SWE,ost och,11
SWE,kycklingfä,11
SWE,tors,11
SWE,löss,11
SWE,laktosfri mjöl,11
SWE,candyking,11
SWE,dec,11
SWE,pandu,11
SWE,fussili,11
SWE,solr,11
SWE,parmigiano,11
SWE,halou,11
SWE,majsstärkelse,11
SWE,dadla,11
SWE,drinkmix,11
SWE,myn,11
SWE,lemon juice,11
SWE,kummin,11
SWE,pasta alfred,11
SWE,rakl,11
SWE,Kebab,11
SWE,lassgne,11
SWE,zendium,11
SWE,bullens,11
SWE,häpp,11
SWE,conden,11
SWE,kexchokl,11
SWE,stracc,11
SWE,brown sugar,11
SWE,fruktk,11
SWE,spagg,11
SWE,tub,11
SWE,Snacks,11
SWE,Pe,11
SWE,sllad,11
SWE,dani,11
SWE,box,11
SWE,tryffe,11
SWE,raviol,11
SWE,yohurt,11
SWE,chan,11
SWE,rödbeto,11
SWE,bok,11
SWE,salted,11
SWE,felix paj,11
SWE,candle,11
SWE,grädde laktos,11
SWE,dark,11
SWE,kryd,11
SWE,kart,11
SWE,godispåse,11
SWE,våtservet,11
SWE,laz,11
SWE,vira,11
SWE,gate,11
SWE,medel,11
SWE,paa,11
SWE,nutril,11
SWE,körsbärstomat,11
SWE,barist,11
SWE,spf,11
SWE,lm blå,11
SWE,paket,11
SWE,ansik,11
SWE,diskb,11
SWE,houn,11
SWE,shaker,11
SWE,maranou,11
SWE,daddlar,11
SWE,tvättsvamp,11
SWE,proteinb,11
SWE,snack bowl,11
SWE,sumak,11
SWE,danon,11
SWE,grillo,11
SWE,korvst,11
SWE,ad,11
SWE,vaniljvis,11
SWE,hot holiday,11
SWE,cinnamon,11
SWE,buffel,11
SWE,västerbottenost,11
SWE,pizzas,11
SWE,lättmjö,11
SWE,sushiris,11
SWE,frozen fruit,11
SWE,goh,11
SWE,Coc,11
SWE,kvarg vanilj,11
SWE,ses,11
SWE,sallads ost,11
SWE,vanilj yoghurt,11
SWE,kant,11
SWE,kaltbach,11
SWE,tomatså,11
SWE,godmorgon,11
SWE,dijo,11
SWE,hamburgareost,11
SWE,salmi,11
SWE,knäcke frö,11
SWE,goc,11
SWE,ricott,11
SWE,blåbärsp,11
SWE,hälsans,11
SWE,kewpie,11
SWE,choklad m,11
SWE,gls,11
SWE,pistach,11
SWE,general slim,11
SWE,naturgo,11
SWE,novc,11
SWE,fruxo,11
SWE,creamfr,11
SWE,matjessill,11
SWE,chim,11
SWE,fol,11
SWE,kondenserad mjölk,11
SWE,pola,11
SWE,mjölkfri,11
SWE,Avokado,11
SWE,vegan glass,11
SWE,rödvinsvinäger,11
SWE,tacob,11
SWE,Pi,11
SWE,hot sweet,11
SWE,Guldfågeln,11
SWE,parac,11
SWE,cevap,11
SWE,jorv,11
SWE,broth,11
SWE,ah,11
SWE,deyck,11
SWE,zyn citrus,11
SWE,kyvkling,11
SWE,chilimajo,11
SWE,dolce gusto,11
SWE,rene,11
SWE,ätika,11
SWE,frysta grön,11
SWE,päroncider,11
SWE,toum,11
SWE,vh,11
SWE,glass s,11
SWE,im,11
SWE,pepparr,11
SWE,sourcre,11
SWE,iqos,11
SWE,pinj,11
SWE,kex ch,11
SWE,gelehallon,11
SWE,fläkt,11
SWE,Gooh,11
SWE,spol,11
SWE,grava,11
SWE,avfallsp,11
SWE,ost skiv,11
SWE,fläsksida,11
SWE,dulce de,11
SWE,pepe,11
SWE,vatten melon,11
SWE,tartex,11
SWE,mozzarella stick,11
SWE,chicke,11
SWE,pita bröd,11
SWE,mått,11
SWE,edame,11
SWE,perm,11
SWE,band,11
SWE,mazariner,11
SWE,isbergsallad,11
SWE,frukos,11
SWE,c vitamin,11
SWE,piri,11
SWE,babysp,11
SWE,greek yo,11
SWE,bläckfisk,11
SWE,gowe,11
SWE,labne,11
SWE,bröd surdeg,11
SWE,rostbif,11
SWE,grekiska,11
SWE,faz,11
SWE,fly,11
SWE,bubbelv,11
SWE,chilima,11
SWE,korr,11
SWE,kaffemjölk,11
SWE,vitkök,11
SWE,propuf,11
SWE,bakcho,11
SWE,grodd,11
SWE,cook,11
SWE,kyckling broccoli,11
SWE,blueberr,11
SWE,Fetaost,11
SWE,tall,11
SWE,mellanrost,11
SWE,kikärter,11
SWE,engå,11
SWE,syrad,11
SWE,cali,11
SWE,jörd,11
SWE,avokafo,11
SWE,yoghurt lak,11
SWE,schyst,11
SWE,caprice,11
SWE,sås fisk,11
SWE,hälsans kök,11
SWE,sar,11
SWE,arla pro,11
SWE,headset,11
SWE,billinge,11
SWE,hönökaka,11
SWE,sens,11
SWE,saltlak,11
SWE,lakrisal,11
SWE,alkoholfritt,11
SWE,medw,11
SWE,pistac,11
SWE,id,11
SWE,smart,11
SWE,nesq,11
SWE,rapsol,11
SWE,psta,11
SWE,utan socker,11
SWE,surt godis,11
SWE,lohil,11
SWE,aprik,11
SWE,grillch,11
SWE,san marzano,11
SWE,kattunge,11
SWE,snabbmat,11
SWE,kaffegr,11
SWE,aussie,11
SWE,Kalkon,11
SWE,chocköad,11
SWE,favoritsås,11
SWE,mh,11
SWE,kew,11
SWE,juce,11
SWE,kanelbu,11
SWE,skinkost,11
SWE,smiling,11
SWE,Granola,11
SWE,färdig sallad,11
SWE,bit,11
SWE,Glutenfritt,11
SWE,gröna linser,11
SWE,waffle,11
SWE,mackaroner,11
SWE,nobless,11
SWE,tp,11
SWE,lip,11
SWE,ao,11
SWE,minced,11
SWE,disktab,11
SWE,fruktku,11
SWE,poll,11
SWE,wax,11
SWE,Potatissallad,11
SWE,chups,11
SWE,kanelb,11
SWE,lingui,11
SWE,dents,11
SWE,vaniljextrakt,11
SWE,salladsk,11
SWE,have,11
SWE,musk,11
SWE,kell,11
SWE,nöter,11
SWE,snus ka,11
SWE,wett,11
SWE,laktosfri y,11
SWE,Creme fraiche,11
SWE,eldor,11
SWE,cranberry,11
SWE,bonor,11
SWE,skrattande,11
SWE,jas,11
SWE,skur,11
SWE,sticks,11
SWE,risen,11
SWE,yoghurt vanilj,11
SWE,gurkmajo,11
SWE,helnöt,11
SWE,Caesar,11
SWE,lingu,11
SWE,sav,11
SWE,raba,11
SWE,Costco,11
SWE,boujee,11
SWE,hää,11
SWE,pastrami,11
SWE,minirut,11
SWE,sweet chil,11
SWE,smu,11
SWE,laktosfritt smör,11
SWE,malac,11
SWE,ces,11
SWE,galltvål,11
SWE,mot,11
SWE,butt,11
SWE,oral b,11
SWE,mandelsm,11
SWE,pepparsa,11
SWE,torkad lök,11
SWE,gröna ärtor,11
SWE,wiene,10
SWE,knatt,10
SWE,roller,10
SWE,fryspizz,10
SWE,3vänner,10
SWE,bat,10
SWE,katt godis,10
SWE,salladsl,10
SWE,vego korv,10
SWE,honungs,10
SWE,ben och jerry,10
SWE,white chocolate,10
SWE,kaffe mjölk,10
SWE,blåband,10
SWE,kyckling k,10
SWE,tima,10
SWE,skiva,10
SWE,brun utan,10
SWE,stång,10
SWE,röst,10
SWE,colesl,10
SWE,covid,10
SWE,koriand,10
SWE,gullö,10
SWE,movicol,10
SWE,oatlu,10
SWE,mjölkersättning,10
SWE,salat,10
SWE,senaps,10
SWE,AA,10
SWE,cola dero,10
SWE,festi,10
SWE,yoghurt naturell,10
SWE,peanu,10
SWE,beijing,10
SWE,fiberhavregryn,10
SWE,insekts,10
SWE,varten,10
SWE,dij,10
SWE,tvött,10
SWE,göas,10
SWE,kebabrulle,10
SWE,toffe,10
SWE,serve,10
SWE,pizza kebab,10
SWE,proteinglass,10
SWE,bosto,10
SWE,ck,10
SWE,njalla,10
SWE,slime,10
SWE,frityr,10
SWE,tända,10
SWE,bakform,10
SWE,måltid,10
SWE,costc,10
SWE,icetea,10
SWE,ostdip,10
SWE,pepparkorn,10
SWE,varma,10
SWE,wienerkorv,10
SWE,fisksoppa,10
SWE,bleach,10
SWE,livero,10
SWE,strim,10
SWE,cheese cr,10
SWE,sliced cheese,10
SWE,cremef,10
SWE,sur godis,10
SWE,teryaki,10
SWE,frysta blå,10
SWE,kung,10
SWE,havrr,10
SWE,strips,10
SWE,velo mint,10
SWE,tropical,10
SWE,tortillachips,10
SWE,gurksallad,10
SWE,pingvinstång,10
SWE,fets,10
SWE,bomullspads,10
SWE,saltla,10
SWE,sardel,10
SWE,staro,10
SWE,not,10
SWE,drottningsylt,10
SWE,kättfärs,10
SWE,Falukorv,10
SWE,Dill,10
SWE,maz,10
SWE,ori,10
SWE,vola zero,10
SWE,havreflarn,10
SWE,naturli,10
SWE,vit chokl,10
SWE,cova,10
SWE,pesto rosso,10
SWE,vitlökspul,10
SWE,morätter,10
SWE,nouga,10
SWE,estrel,10
SWE,åotatis,10
SWE,ost och skink,10
SWE,maoam,10
SWE,coco pops,10
SWE,grönsaksbu,10
SWE,blue cheese,10
SWE,rågsikt,10
SWE,baking soda,10
SWE,laktosfri m,10
SWE,pierre robert,10
SWE,choklads,10
SWE,prezzo,10
SWE,nescaf,10
SWE,cot,10
SWE,kvisttomat,10
SWE,softener,10
SWE,nötc,10
SWE,energi dryck,10
SWE,zen,10
SWE,kinderägg,10
SWE,frallo,10
SWE,paprika chili,10
SWE,fyra,10
SWE,kabano,10
SWE,guinness,10
SWE,pfanner,10
SWE,räka,10
SWE,lager,10
SWE,scam,10
SWE,Kanel,10
SWE,gammal,10
SWE,chol,10
SWE,becham,10
SWE,grekisk ypghurt,10
SWE,påsa,10
SWE,moröttee,10
SWE,pizzaki,10
SWE,Oreo,10
SWE,rondell,10
SWE,daim tårta,10
SWE,funlig,10
SWE,textil,10
SWE,tortelloni,10
SWE,balls,10
SWE,vätskeer,10
SWE,badblöja,10
SWE,tonic water,10
SWE,velo free,10
SWE,eko mjölk,10
SWE,teriya,10
SWE,Yogurt,10
SWE,tomato sauce,10
SWE,kvarg laktos,10
SWE,hamburgerbrö,10
SWE,glass gb,10
SWE,cocon,10
SWE,velo snus,10
SWE,mess,10
SWE,rostbrö,10
SWE,dru,10
SWE,duschtv,10
SWE,babys,10
SWE,celciu,10
SWE,fördigrätt,10
SWE,vir,10
SWE,pape,10
SWE,vitvi,10
SWE,snitzel,10
SWE,prese,10
SWE,presso,10
SWE,bece,10
SWE,pepso,10
SWE,brä,10
SWE,kycklingbu,10
SWE,s märken,10
SWE,beet,10
SWE,majsmjöl,10
SWE,ansiktskräm,10
SWE,garlic bread,10
SWE,paulins,10
SWE,pablo,10
SWE,Veg,10
SWE,frysp,10
SWE,wild mix,10
SWE,red onion,10
SWE,brd,10
SWE,carolin,10
SWE,vik,10
SWE,tacco,10
SWE,blek,10
SWE,flas,10
SWE,strawb,10
SWE,äggv,10
SWE,breton,10
SWE,lava,10
SWE,Ha,10
SWE,rapsolj,10
SWE,stjä,10
SWE,pasts,10
SWE,biga,10
SWE,nydlar,10
SWE,tvättl,10
SWE,garant choklad,10
SWE,hamburgarbr,10
SWE,ramlo,10
SWE,gröd,10
SWE,bure,10
SWE,tem,10
SWE,parfym,10
SWE,cappu,10
SWE,plastpås,10
SWE,kello,10
SWE,risgryns,10
SWE,ella,10
SWE,Br,10
SWE,mine,10
SWE,parika,10
SWE,panpi,10
SWE,ear,10
SWE,gall,10
SWE,Dafgård,10
SWE,kycklingköttbullar,10
SWE,bacon snacks,10
SWE,od,10
SWE,björnar,10
SWE,bomullspinnar,10
SWE,isglas,10
SWE,piggel,10
SWE,pasta färsk,10
SWE,bak choklad,10
SWE,hårdbröd,10
SWE,duba,10
SWE,ali,10
SWE,grekiskt,10
SWE,bitsocker,10
SWE,bakpapper,10
SWE,lössn,10
SWE,Gr,10
SWE,rödk,10
SWE,øl,10
SWE,chicken nugget,10
SWE,västku,10
SWE,max dressing,10
SWE,flyt,10
SWE,gro,10
SWE,proti,10
SWE,tuv,10
SWE,berna,10
SWE,smä,10
SWE,kycklong,10
SWE,knox white,10
SWE,skr,10
SWE,minutfile,10
SWE,harri,10
SWE,kec,10
SWE,jordnötssmö,10
SWE,djung,10
SWE,Räk,10
SWE,rågmjöl,10
SWE,mejram,10
SWE,vitamin wel,10
SWE,Olw,10
SWE,eye,10
SWE,protein kakor,10
SWE,rårörda,10
SWE,pizza glutenfri,10
SWE,ostringar,10
SWE,Mozzarella,10
SWE,pean,10
SWE,wienerbröd,10
SWE,fiskbulla,10
SWE,kalkon bacon,10
SWE,chokladbo,10
SWE,kolsyr,10
SWE,werth,10
SWE,spisk,10
SWE,mineralva,10
SWE,zeta pasta,10
SWE,formbar,10
SWE,chicken nug,10
SWE,pasr,10
SWE,zink,10
SWE,värme,10
SWE,gul läk,10
SWE,papardelle,10
SWE,magnus,10
SWE,skinna,10
SWE,nicco,10
SWE,danoni,10
SWE,tzatz,10
SWE,creme fraische,10
SWE,zing,10
SWE,gutka,10
SWE,alumin,10
SWE,sea,10
SWE,tandtr,10
SWE,grötris,10
SWE,ving,10
SWE,ging,10
SWE,candy king,10
SWE,grovt,10
SWE,carr,10
SWE,skal,10
SWE,lju,10
SWE,klister,10
SWE,chokld,10
SWE,felix sås,10
SWE,vegetarian,10
SWE,beanäs,10
SWE,vegetarisk korv,10
SWE,klämmi,10
SWE,kesi,10
SWE,maltes,10
SWE,tru,10
SWE,delikates,10
SWE,majonnä,10
SWE,far,10
SWE,lättsaltade,10
SWE,konser,10
SWE,torilla,10
SWE,hallonkräm,10
SWE,Nuggets,10
SWE,creme cheese,10
SWE,gaino,10
SWE,linse,10
SWE,lus,10
SWE,sama,10
SWE,ikaf,10
SWE,matkex,10
SWE,lång,10
SWE,nlt,10
SWE,persiko,10
SWE,fizz,10
SWE,turkisk yo,10
SWE,zero sugar,10
SWE,powerk,10
SWE,vallmo,10
SWE,reng,10
SWE,Lasagne,10
SWE,lakrits glass,10
SWE,sockerf,10
SWE,blu,10
SWE,smörd,10
SWE,bläck,10
SWE,bikarbo,10
SWE,potatischips,10
SWE,bredgott,10
SWE,d vitamin,10
SWE,rvål,10
SWE,honunh,10
SWE,oi,10
SWE,snus k,10
SWE,gus,10
SWE,chili c,10
SWE,räksmörgås,10
SWE,zyx,10
SWE,otrivi,10
SWE,flingot,10
SWE,tandlräm,10
SWE,kattg,10
SWE,pulv,10
SWE,böngro,10
SWE,chiafrö,10
SWE,räkot,10
SWE,Grekisk yoghurt,10
SWE,fatzer,10
SWE,spolglans,10
SWE,kringlor,10
SWE,plack,10
SWE,jordgubbae,10
SWE,stroganoff,10
SWE,coctail,10
SWE,pasta sallad,10
SWE,twis,10
SWE,fajit,10
SWE,böd,10
SWE,frysta gr,10
SWE,cip,10
SWE,map,10
SWE,orientalisk,10
SWE,Chicken,10
SWE,dishwash,10
SWE,pickels,10
SWE,ipr,10
SWE,kinder maxi,10
SWE,klttfärs,10
SWE,trocad,10
SWE,indi,10
SWE,cheetos,10
SWE,tyrki,10
SWE,kala,10
SWE,kavrg,10
SWE,niks,10
SWE,gammeldags,10
SWE,lökring,10
SWE,hou,10
SWE,tabasc,10
SWE,bauget,10
SWE,cremefr,10
SWE,kryp,10
SWE,ersä,10
SWE,tras,10
SWE,glass rom,10
SWE,städning,10
SWE,asiati,10
SWE,Lindt,10
SWE,wokmix,10
SWE,potatis mos,10
SWE,creamf,10
SWE,lassange,10
SWE,spice,10
SWE,frystorkad,10
SWE,soppåsa,10
SWE,loks,10
SWE,salt och,10
SWE,hundma,10
SWE,kru,10
SWE,rullt,10
SWE,dish soap,10
SWE,hamburgedressing,10
SWE,brynt,10
SWE,spina,10
SWE,isbit,10
SWE,gräddså,10
SWE,krans,10
SWE,kabanos,10
SWE,frta,10
SWE,laktosfri g,10
SWE,pocket,10
SWE,pigelin,10
SWE,flytande smör,10
SWE,stru,10
SWE,3.5,10
SWE,lördag,10
SWE,crepes,10
SWE,kycklig,10
SWE,babyolja,10
SWE,crossaint,10
SWE,surd,10
SWE,Pr,10
SWE,krav,10
SWE,ciggaret,10
SWE,cl,10
SWE,sausages,10
SWE,jalapeño,10
SWE,rosmari,10
SWE,7 u,10
SWE,om,10
SWE,rib,10
SWE,schalo,10
SWE,jö,10
SWE,chis,10
SWE,bjö,10
SWE,bulgu,10
SWE,Pa,10
SWE,rostat,10
SWE,krossad choklad,10
SWE,pez,10
SWE,macaron,10
SWE,plantgurt,10
SWE,shaving,10
SWE,klee,10
SWE,kamm,10
SWE,pancakes,10
SWE,matlåd,10
SWE,engelmann,10
SWE,kykl,10
SWE,pommes frites,10
SWE,vitaminer,10
SWE,yoghirt,10
SWE,stri,10
SWE,cola cherry,10
SWE,breeze,10
SWE,mash,9
SWE,öö,9
SWE,piro,9
SWE,vanilj sirap,9
SWE,wh,9
SWE,ost bågar,9
SWE,grekisk yoghu,9
SWE,kvarg valio,9
SWE,pil,9
SWE,finska,9
SWE,faji,9
SWE,macad,9
SWE,dr peppe,9
SWE,lätt majo,9
SWE,häag,9
SWE,popcornkärnor,9
SWE,ben jerr,9
SWE,böner,9
SWE,grova,9
SWE,vitlok,9
SWE,peppe,9
SWE,kåldol,9
SWE,lf mjölk,9
SWE,bologn,9
SWE,rågb,9
SWE,tortillini,9
SWE,Socker,9
SWE,yoghurt la,9
SWE,gill,9
SWE,mao,9
SWE,het,9
SWE,timater,9
SWE,ost taco,9
SWE,lindah,9
SWE,chocolate chip,9
SWE,hemmakvä,9
SWE,youghur,9
SWE,hamburger bröd,9
SWE,san pele,9
SWE,stlt,9
SWE,fy,9
SWE,fill,9
SWE,crep,9
SWE,b12,9
SWE,am,9
SWE,sopsäckar,9
SWE,kalles kaviar,9
SWE,snus knox,9
SWE,fishermans,9
SWE,faze,9
SWE,cornflak,9
SWE,pepsu,9
SWE,mcdonalds,9
SWE,root,9
SWE,tacis,9
SWE,Po,9
SWE,Sköljmedel,9
SWE,ben j,9
SWE,nesquick,9
SWE,hårförg,9
SWE,potqtis,9
SWE,Ölkorv,9
SWE,syr,9
SWE,portionsrätt,9
SWE,ims,9
SWE,vit kebabsås,9
SWE,pizzabott,9
SWE,gelato,9
SWE,Marlboro,9
SWE,mandeldry,9
SWE,rödbetsjuice,9
SWE,stj,9
SWE,kokt s,9
SWE,Co,9
SWE,kaffekapsel,9
SWE,falc,9
SWE,mascara,9
SWE,chicken nu,9
SWE,Energi,9
SWE,chocklaf,9
SWE,sanp,9
SWE,3vä,9
SWE,handtvå,9
SWE,grandio,9
SWE,crack,9
SWE,Glas,9
SWE,chokladdoppade,9
SWE,havrefr,9
SWE,choice,9
SWE,laxsås,9
SWE,market,9
SWE,bubbe,9
SWE,vegobu,9
SWE,brunost,9
SWE,chimichurri,9
SWE,fröding,9
SWE,fel,9
SWE,Ton,9
SWE,"Äpple Granny Smith, 2 st",9
SWE,sköljnedel,9
SWE,lagrad,9
SWE,pärssons,9
SWE,ninja,9
SWE,nät,9
SWE,Findus,9
SWE,mango fryst,9
SWE,chips peppar,9
SWE,rotfrukt,9
SWE,lindh,9
SWE,cornich,9
SWE,karam,9
SWE,peppero,9
SWE,kaltba,9
SWE,termom,9
SWE,pinjenö,9
SWE,cauliflower,9
SWE,tandkräm barn,9
SWE,bue,9
SWE,ost pizza,9
SWE,halu,9
SWE,bonbon,9
SWE,water still,9
SWE,fix,9
SWE,cri,9
SWE,cucum,9
SWE,raspberries,9
SWE,Santa maria,9
SWE,rosmar,9
SWE,nappa,9
SWE,protein bars,9
SWE,cafe de paris,9
SWE,mikrofiber,9
SWE,pierre,9
SWE,guldf,9
SWE,sojab,9
SWE,pagen,9
SWE,krispsallad,9
SWE,fiskgrat,9
SWE,chips estrella,9
SWE,ole,9
SWE,macaroni,9
SWE,aaa,9
SWE,sundl,9
SWE,vitlo,9
SWE,salami milano,9
SWE,ost 17,9
SWE,äppelmust,9
SWE,healthy,9
SWE,fyra ostar,9
SWE,anton berg,9
SWE,harissa,9
SWE,guldfå,9
SWE,zyn coffee,9
SWE,cheese doodles,9
SWE,lyp,9
SWE,kokosboll,9
SWE,putt,9
SWE,avacado,9
SWE,gullöl,9
SWE,grön paprika,9
SWE,after sun,9
SWE,viso,9
SWE,pappe,9
SWE,kycklingkor,9
SWE,bref,9
SWE,kaffee,9
SWE,hamnurgare,9
SWE,vetekli,9
SWE,grattis,9
SWE,ranch dipp,9
SWE,nogg,9
SWE,franks,9
SWE,sombre,9
SWE,enegi,9
SWE,gow,9
SWE,frutti,9
SWE,apelsinm,9
SWE,mouss,9
SWE,skjölj,9
SWE,diskmaskinstabletter,9
SWE,toalety,9
SWE,Barilla,9
SWE,pasta penne,9
SWE,mellis,9
SWE,växtb,9
SWE,damsu,9
SWE,städse,9
SWE,ostbo,9
SWE,hamburgarbrö,9
SWE,blår,9
SWE,fördig mat,9
SWE,oral,9
SWE,chefd,9
SWE,isterband,9
SWE,äggvi,9
SWE,snickers glass,9
SWE,kruka,9
SWE,cheddar ost,9
SWE,färska,9
SWE,proteinmjölk,9
SWE,baby be,9
SWE,melk,9
SWE,Körsbär,9
SWE,Yo,9
SWE,vanl,9
SWE,baklava,9
SWE,marabou frukt,9
SWE,jordgubbsfil,9
SWE,leks,9
SWE,paneamore,9
SWE,laktris,9
SWE,mjukmedel,9
SWE,charger,9
SWE,polarbr,9
SWE,mini fraiche,9
SWE,Marl,9
SWE,vuse,9
SWE,gy,9
SWE,oatmilk,9
SWE,citrus,9
SWE,tvättkap,9
SWE,tuttifrutti,9
SWE,passi,9
SWE,ranc,9
SWE,citronp,9
SWE,cris,9
SWE,korea,9
SWE,calip,9
SWE,jer,9
SWE,masala,9
SWE,kondenser,9
SWE,mango loco,9
SWE,laktosfri yog,9
SWE,solk,9
SWE,nicot,9
SWE,färskpasta,9
SWE,minced beef,9
SWE,anthon,9
SWE,mussli,9
SWE,ost hamburgare,9
SWE,gräddglass,9
SWE,soltorkad tomat,9
SWE,palle,9
SWE,peanutbutter,9
SWE,rasp,9
SWE,stro,9
SWE,s-märke,9
SWE,smörgåsgurla,9
SWE,chokladp,9
SWE,hummos,9
SWE,mineralvaten,9
SWE,nudlat,9
SWE,bänor,9
SWE,rågrut,9
SWE,ögondroppar,9
SWE,bauge,9
SWE,snus stock,9
SWE,hink,9
SWE,lördagskorv,9
SWE,dry shampoo,9
SWE,paprila,9
SWE,fryst färdigmat,9
SWE,pepparkakor,9
SWE,brehott,9
SWE,lingongrov,9
SWE,toappa,9
SWE,palmo,9
SWE,chps,9
SWE,sanpellegrino,9
SWE,blockchoklad,9
SWE,charlo,9
SWE,koffeinfr,9
SWE,woo,9
SWE,pepsi maz,9
SWE,foo,9
SWE,brioc,9
SWE,fågel,9
SWE,fettu,9
SWE,vårru,9
SWE,johnnys,9
SWE,remoula,9
SWE,kalops,9
SWE,torskfile,9
SWE,fiskbul,9
SWE,yum,9
SWE,chilimayo,9
SWE,muslibar,9
SWE,nobl,9
SWE,fullkor,9
SWE,ya,9
SWE,clearblue,9
SWE,smulpaj,9
SWE,kaffr,9
SWE,salame,9
SWE,frysta b,9
SWE,tomatso,9
SWE,bakv,9
SWE,charlott,9
SWE,norrla,9
SWE,öax,9
SWE,leksand,9
SWE,linsbåg,9
SWE,men,9
SWE,sod,9
SWE,ak,9
SWE,toble,9
SWE,mella,9
SWE,svampsås,9
SWE,yoghurt lf,9
SWE,Filmjölk,9
SWE,smlr,9
SWE,nässprej,9
SWE,dijonsenap,9
SWE,kötfärs,9
SWE,"Banan Fairtrade EKO, klase",9
SWE,caye,9
SWE,ättiksgurka,9
SWE,glock,9
SWE,walnötter,9
SWE,katt sand,9
SWE,utan tillsatt socker,9
SWE,handska,9
SWE,krut,9
SWE,chilli cheese,9
SWE,hoklad,9
SWE,skiv,9
SWE,köttkul,9
SWE,velo green,9
SWE,lundgr,9
SWE,peppars,9
SWE,omep,9
SWE,em,9
SWE,sköj,9
SWE,rosma,9
SWE,rosa mjö,9
SWE,flytande honung,9
SWE,protein arla,9
SWE,kropps,9
SWE,köttku,9
SWE,juoce,9
SWE,dream,9
SWE,vm,9
SWE,lantc,9
SWE,florso,9
SWE,redbulm,9
SWE,af,9
SWE,samoa,9
SWE,diet,9
SWE,Olja,9
SWE,cogna,9
SWE,bondost,9
SWE,baking paper,9
SWE,muf,9
SWE,choi,9
SWE,nuddl,9
SWE,surfeg,9
SWE,haricots,9
SWE,göl,9
SWE,strumpbyxor,9
SWE,majskakoe,9
SWE,Olivolja,9
SWE,hår färg,9
SWE,baris,9
SWE,kräftost,9
SWE,rödvi,9
SWE,capu,9
SWE,kläd,9
SWE,burgarbröd,9
SWE,cide,9
SWE,bommu,9
SWE,jordgubbssyl,9
SWE,ben & jerr,9
SWE,götebo,9
SWE,Hamburger,9
SWE,drömmar,9
SWE,kyckling hel,9
SWE,whe,9
SWE,romså,9
SWE,alvesta,9
SWE,Svamp,9
SWE,yoghurt grekisk,9
SWE,ristora,9
SWE,chokladmj,9
SWE,olivet,9
SWE,hamburgarb,9
SWE,7u,9
SWE,werther,9
SWE,solna,9
SWE,leso,9
SWE,yumm,9
SWE,salsic,9
SWE,korvbrld,9
SWE,Curry,9
SWE,hamburgerdre,9
SWE,veganskt,9
SWE,kcarg,9
SWE,peace,9
SWE,minster,9
SWE,blodapelsin,9
SWE,sobi,9
SWE,skru,9
SWE,hänglås,9
SWE,bake off,9
SWE,vingumm,9
SWE,snud,9
SWE,asiat,9
SWE,sesame,9
SWE,gui,9
SWE,Ky,9
SWE,after eight,9
SWE,musslo,9
SWE,rökt s,9
SWE,toppits,9
SWE,snabbmak,9
SWE,foc,9
SWE,Fazer,9
SWE,mach,9
SWE,pau,9
SWE,kryddo,9
SWE,powerki,9
SWE,löjr,9
SWE,Mat,9
SWE,mangora,9
SWE,drag,9
SWE,nova,9
SWE,rädis,9
SWE,Våtservetter,9
SWE,humble,9
SWE,gräddfil lf,9
SWE,vanilla extract,9
SWE,Pepsi Max,9
SWE,nj,9
SWE,exotic snacks,9
SWE,zyn mini,9
SWE,pro viva,9
SWE,whipped,9
SWE,poke,9
SWE,marianne,9
SWE,hamburgsre,9
SWE,vemo,9
SWE,kyckling köttbullar,9
SWE,boil in bag,9
SWE,rice cakes,9
SWE,colanappar,9
SWE,beld,9
SWE,Semper,9
SWE,laktosfri grä,9
SWE,camel bre,9
SWE,wagy,9
SWE,sjög,9
SWE,harr,9
SWE,ost dipp,9
SWE,syrap,9
SWE,pregnancy,9
SWE,smörde,9
SWE,sexleksak,9
SWE,Smoothie,9
SWE,choritzo,9
SWE,Papr,9
SWE,tapen,9
SWE,seven,9
SWE,kokt sk,9
SWE,spagetthi,9
SWE,pitatis,9
SWE,dole,9
SWE,potatis sa,9
SWE,savo,9
SWE,kronär,9
SWE,hot dogs,9
SWE,drickk,9
SWE,chai latte,9
SWE,föi,9
SWE,picadeli,9
SWE,Babybel,9
SWE,vitlöksps,9
SWE,squ,9
SWE,Jui,9
SWE,cotto,9
SWE,sesamol,9
SWE,poatis,9
SWE,wal,9
SWE,tip,9
SWE,actime,9
SWE,favo,9
SWE,desinf,9
SWE,sta,9
SWE,Cream,9
SWE,uncle ben,9
SWE,inn,9
SWE,mats,9
SWE,göteborgs rape,9
SWE,äppelcidervinäger,9
SWE,plastsked,9
SWE,brus,9
SWE,fryst potatis,9
SWE,wing,9
SWE,gem,9
SWE,rocky,9
SWE,smak,9
SWE,tröja,9
SWE,vim,9
SWE,Margarin,9
SWE,chili bea,9
SWE,potatia,9
SWE,carlsberg,9
SWE,rosa mjöl,9
SWE,Tvätt,9
SWE,påndy,9
SWE,ähg,9
SWE,caffe,9
SWE,comte,9
SWE,citronjui,9
SWE,salt lakrits,9
SWE,konse,9
SWE,grov,9
SWE,persilija,9
SWE,Frys,9
SWE,mayon,9
SWE,chicken thigh,9
SWE,pots,9
SWE,fruktstång,9
SWE,duschgel,9
SWE,tandl,9
SWE,stuvad spenat,9
SWE,old el paso,9
SWE,kyxkling,9
SWE,tal,9
SWE,moo,9
SWE,våffelmix,9
SWE,fläskfil,9
SWE,päronsp,9
SWE,cher,9
SWE,paraceta,9
SWE,anam,9
SWE,mexican,9
SWE,Turkisk,9
SWE,inla,9
SWE,Färskost,9
SWE,ispåsar,9
SWE,kyckling fond,9
SWE,vio,9
SWE,Max,9
SWE,osthy,9
SWE,one blå,9
SWE,färdig kyckling,9
SWE,dent,9
SWE,nije,9
SWE,fast potatis,9
SWE,washing machine,9
SWE,eg,9
SWE,creamy,9
SWE,tamari,9
SWE,tulip,9
SWE,suprema,9
SWE,frank,9
SWE,sjöl,9
SWE,nasin,9
SWE,svin,9
SWE,trä,9
SWE,lasagna,9
SWE,scharlo,9
SWE,ost och bacon,9
SWE,kötf,9
SWE,naglar,9
SWE,Lins,9
SWE,ice crea,9
SWE,cola zerp,9
SWE,ost ri,9
SWE,ciggarett,9
SWE,tinfisk,9
SWE,grönt äpple,9
SWE,baby olja,9
SWE,Ba,9
SWE,karg,9
SWE,jokk,9
SWE,mango chut,9
SWE,maravou,9
SWE,pulverm,9
SWE,Gl,9
SWE,niv,9
SWE,kycklinglå,9
SWE,sourcreme,9
SWE,cafe de,9
SWE,sour pa,9
SWE,cur,9
SWE,croissan,9
SWE,hommus,9
SWE,dou,9
SWE,anama,9
SWE,perso,9
SWE,soa,9
SWE,paper towels,9
SWE,grillchip,9
SWE,ostar,9
SWE,zerooh,9
SWE,post,9
SWE,frigga,9
SWE,sps,9
SWE,energid,9
SWE,mimosa,9
SWE,bröst,9
SWE,uncle,9
SWE,hjortronsylt,9
SWE,gräddfil laktos,9
SWE,tomatoe,9
SWE,pan pi,9
SWE,jerry,9
SWE,bruns,9
SWE,frysta bä,9
SWE,rucco,9
SWE,somb,9
SWE,blomkåls,9
SWE,vegi,9
SWE,skogah,9
SWE,sant,9
SWE,holid,9
SWE,conde,9
SWE,caroli,9
SWE,kycklingsallad,9
SWE,Ananas,9
SWE,bakpu,9
SWE,gli,9
SWE,krög,9
SWE,yoghurtkvarg,9
SWE,Nöt,9
SWE,reeses,9
SWE,zein,9
SWE,for real foods,9
SWE,skån,9
SWE,bright,9
SWE,indomi,9
SWE,havred,8
SWE,sminkbort,8
SWE,skjöljmedel,8
SWE,kvarg lf,8
SWE,djupfryst,8
SWE,Väst,8
SWE,lår,8
SWE,oran,8
SWE,skona,8
SWE,citrons,8
SWE,guldfåg,8
SWE,glasn,8
SWE,samy,8
SWE,plås,8
SWE,card,8
SWE,finn cr,8
SWE,vilt,8
SWE,whiskas,8
SWE,waste,8
SWE,kokos vatten,8
SWE,was,8
SWE,peppar chips,8
SWE,nicotine,8
SWE,shave,8
SWE,starksås,8
SWE,sorite,8
SWE,samd,8
SWE,klu,8
SWE,Dip,8
SWE,root beer,8
SWE,pear,8
SWE,tråd,8
SWE,foil,8
SWE,sweet potat,8
SWE,munkens,8
SWE,stor,8
SWE,mro,8
SWE,öno,8
SWE,btöd,8
SWE,högrevsfärs,8
SWE,svinn,8
SWE,pärom,8
SWE,loranga,8
SWE,rosemary,8
SWE,nej,8
SWE,lyft,8
SWE,broe,8
SWE,sockerär,8
SWE,sardine,8
SWE,soppor,8
SWE,kruton,8
SWE,kitk,8
SWE,bolg,8
SWE,duscht,8
SWE,turkisk yog,8
SWE,burkskinka,8
SWE,catch,8
SWE,condi,8
SWE,klämm,8
SWE,naturel,8
SWE,tedbull,8
SWE,nacho chips,8
SWE,matlagnings grädde,8
SWE,twix glass,8
SWE,gul löl,8
SWE,choklad ask,8
SWE,gryn,8
SWE,squash,8
SWE,Tacos,8
SWE,kompress,8
SWE,blandsallad,8
SWE,hellm,8
SWE,lårfil,8
SWE,hygien,8
SWE,tobl,8
SWE,kokosmjolk,8
SWE,kantare,8
SWE,sojabö,8
SWE,havsalt,8
SWE,kung markatta,8
SWE,tolat,8
SWE,"Kinder Mjölkchokladbar Maxi, 6-pack",8
SWE,mice,8
SWE,salta pi,8
SWE,stuvad,8
SWE,pukka,8
SWE,padron,8
SWE,aqua d,8
SWE,apple cider,8
SWE,teria,8
SWE,skä,8
SWE,ben an,8
SWE,öpp,8
SWE,vitp,8
SWE,pasya,8
SWE,paprikap,8
SWE,vib,8
SWE,snabb makaroner,8
SWE,popcon,8
SWE,philadelph,8
SWE,pepparkaka,8
SWE,vitamin c,8
SWE,persila,8
SWE,fren,8
SWE,gregisk,8
SWE,vaseline,8
SWE,havre gryn,8
SWE,glass jordgubb,8
SWE,rakgel,8
SWE,sjölj,8
SWE,cremefraiche,8
SWE,hackad lök,8
SWE,Piza,8
SWE,kykli,8
SWE,sky,8
SWE,blandk,8
SWE,karamel,8
SWE,skumbananer,8
SWE,djur,8
SWE,handkräm,8
SWE,philadelphia light,8
SWE,tryffelchips,8
SWE,desinfektion,8
SWE,glass sand,8
SWE,carl,8
SWE,kalkon salami,8
SWE,mild yoghurt,8
SWE,havte,8
SWE,frans,8
SWE,vitlöksmör,8
SWE,portionssnus,8
SWE,blueb,8
SWE,Cels,8
SWE,potar,8
SWE,matyoghurt,8
SWE,tomato paste,8
SWE,never,8
SWE,hasse,8
SWE,saly,8
SWE,solroskärnor,8
SWE,fritera,8
SWE,grovt bröd,8
SWE,servet,8
SWE,kinapuffar,8
SWE,köttbulj,8
SWE,gräddo,8
SWE,kräftskiva,8
SWE,marcona,8
SWE,rolls,8
SWE,laktosfri kvarg,8
SWE,musc,8
SWE,macaroner,8
SWE,köttfärd,8
SWE,hambug,8
SWE,shots,8
SWE,Gb,8
SWE,ströso,8
SWE,maträtter,8
SWE,bambo,8
SWE,pepsi max lime,8
SWE,baksmör,8
SWE,rökt ost,8
SWE,tonfiskröra,8
SWE,anamm,8
SWE,blåbärssylt,8
SWE,crus,8
SWE,smörgåsgurk,8
SWE,pecori,8
SWE,minced meat,8
SWE,holy,8
SWE,pinn,8
SWE,pong,8
SWE,köttbullae,8
SWE,wc anka,8
SWE,djup,8
SWE,perme,8
SWE,remola,8
SWE,äggvit,8
SWE,mascapone,8
SWE,yoghurt l,8
SWE,burgare bröd,8
SWE,vase,8
SWE,nötfars,8
SWE,burga,8
SWE,lök gul,8
SWE,Arla,8
SWE,biskv,8
SWE,liv,8
SWE,vitlökspu,8
SWE,gårdsgo,8
SWE,jasm,8
SWE,salladspåse,8
SWE,blåbör,8
SWE,depend,8
SWE,Brie,8
SWE,rapso,8
SWE,brun socker,8
SWE,citronkaka,8
SWE,eldorado chips,8
SWE,brl,8
SWE,majss,8
SWE,kk,8
SWE,ostring,8
SWE,Äpplen,8
SWE,ben and j,8
SWE,eco,8
SWE,nrö,8
SWE,Vindruvor,8
SWE,mazar,8
SWE,Tomato,8
SWE,fänkol,8
SWE,badskum,8
SWE,burrats,8
SWE,korvs,8
SWE,fever,8
SWE,celcous,8
SWE,Chip,8
SWE,äppelpa,8
SWE,olivilja,8
SWE,fusi,8
SWE,cy,8
SWE,pärla,8
SWE,solrosfrö,8
SWE,korv med bröd,8
SWE,Vetemjöl,8
SWE,ostkex,8
SWE,tex mex ost,8
SWE,potatisgratä,8
SWE,brunt socker,8
SWE,gifla,8
SWE,remoulade,8
SWE,dof,8
SWE,muh,8
SWE,toilet pap,8
SWE,tryf,8
SWE,filmjölk laktosfri,8
SWE,svanp,8
SWE,desin,8
SWE,frökn,8
SWE,balkan,8
SWE,lakritsal,8
SWE,växtbaserad,8
SWE,dra,8
SWE,turkisk y,8
SWE,krt,8
SWE,Thai,8
SWE,Lm,8
SWE,gurkmajonäs,8
SWE,innoce,8
SWE,lätt c,8
SWE,kyckling färs,8
SWE,skippy,8
SWE,vre,8
SWE,finska pinnar,8
SWE,spices,8
SWE,knäcle,8
SWE,yellow,8
SWE,bay,8
SWE,pg,8
SWE,mjölkpulver,8
SWE,rusti,8
SWE,lina,8
SWE,garant pizza,8
SWE,vegan choklad,8
SWE,medicin,8
SWE,milka,8
SWE,dallad,8
SWE,nacho cheese,8
SWE,feukt,8
SWE,korvstroganoff,8
SWE,lohma,8
SWE,cori,8
SWE,tialett,8
SWE,olivi,8
SWE,gratängost,8
SWE,kaffebr,8
SWE,almond flour,8
SWE,skrattande kon,8
SWE,lufttorkad,8
SWE,fläskkotlett,8
SWE,lex,8
SWE,vitlöksost,8
SWE,kotle,8
SWE,marabou bis,8
SWE,spearmint,8
SWE,sjuk,8
SWE,dreamies,8
SWE,fiskbuljong,8
SWE,formfranska,8
SWE,balleri,8
SWE,strat,8
SWE,lindth,8
SWE,cashews,8
SWE,rhode island,8
SWE,brämhu,8
SWE,Apelsin,8
SWE,hollandaise,8
SWE,indo,8
SWE,kinder bueno,8
SWE,sin,8
SWE,cae,8
SWE,tacoost,8
SWE,chilli ch,8
SWE,doz,8
SWE,Ham,8
SWE,rakning,8
SWE,hranola,8
SWE,choklad glass,8
SWE,chili ch,8
SWE,potatisklyftor,8
SWE,must,8
SWE,chiq,8
SWE,krasse,8
SWE,chre,8
SWE,pandys,8
SWE,Västku,8
SWE,alsol,8
SWE,karameller,8
SWE,kerchup,8
SWE,Färs,8
SWE,brid,8
SWE,eis,8
SWE,fullko,8
SWE,tvättservetter,8
SWE,fish sauce,8
SWE,gräddw,8
SWE,cocac,8
SWE,bollar,8
SWE,spansk,8
SWE,harib,8
SWE,fast,8
SWE,loka naturell,8
SWE,socks,8
SWE,snacksoliver,8
SWE,km,8
SWE,brød,8
SWE,disksvam,8
SWE,präs,8
SWE,nutt,8
SWE,vitamin well zero,8
SWE,bresao,8
SWE,kattgo,8
SWE,chips vinäger,8
SWE,rainbow,8
SWE,Bindor,8
SWE,majsstä,8
SWE,hamn,8
SWE,sodast,8
SWE,pele,8
SWE,chili nötter,8
SWE,frysta grönsa,8
SWE,cheeseba,8
SWE,bly,8
SWE,black pepper,8
SWE,mjuk ost,8
SWE,Bönor,8
SWE,laktosfri yo,8
SWE,peppers,8
SWE,roll,8
SWE,margari,8
SWE,alm,8
SWE,gt,8
SWE,creime,8
SWE,blodp,8
SWE,köttk,8
SWE,peas of heaven,8
SWE,bacon chips,8
SWE,tungskrapa,8
SWE,jätten,8
SWE,rs,8
SWE,kara,8
SWE,fjo,8
SWE,tom och jerry,8
SWE,sötpotati,8
SWE,vaten,8
SWE,lå,8
SWE,sadt,8
SWE,vittvätt,8
SWE,våf,8
SWE,Schweppes,8
SWE,salamichips,8
SWE,bals,8
SWE,soy sauce,8
SWE,wat,8
SWE,Handtvål,8
SWE,libro,8
SWE,narr,8
SWE,räkröra,8
SWE,Visp,8
SWE,protein mjölk,8
SWE,proteinmousse,8
SWE,Papper,8
SWE,vanilla coke,8
SWE,mjk,8
SWE,tropisk,8
SWE,pasra,8
SWE,tortillia,8
SWE,air wick,8
SWE,Kinder,8
SWE,grädde lak,8
SWE,havregurt,8
SWE,riskakoe,8
SWE,mana,8
SWE,cov,8
SWE,nissin,8
SWE,stenbits,8
SWE,fon,8
SWE,Gur,8
SWE,tempo,8
SWE,saltvatten,8
SWE,hushållspappe,8
SWE,puff,8
SWE,margar,8
SWE,fotboll,8
SWE,mento,8
SWE,nudlr,8
SWE,lyc,8
SWE,toalettrengöring,8
SWE,lemona,8
SWE,kycklingpålägg,8
SWE,bei,8
SWE,bå,8
SWE,velo crisp,8
SWE,insek,8
SWE,shake up,8
SWE,tortelli,8
SWE,salami chips,8
SWE,chokladkna,8
SWE,corner,8
SWE,bläjor,8
SWE,gb gl,8
SWE,färskpota,8
SWE,camel br,8
SWE,zyn spearmint,8
SWE,hage,8
SWE,cila,8
SWE,picklad rödlök,8
SWE,holland,8
SWE,polarkaka,8
SWE,dill sås,8
SWE,bakpot,8
SWE,keso vanilj,8
SWE,färdig ma,8
SWE,salti,8
SWE,vetekaka,8
SWE,sitting bull,8
SWE,ful,8
SWE,hjortr,8
SWE,laktosfri grekisk,8
SWE,redo,8
SWE,kalsonger,8
SWE,monstee,8
SWE,smar,8
SWE,pwo,8
SWE,tomatee,8
SWE,at,8
SWE,softner,8
SWE,orienta,8
SWE,abisko,8
SWE,degi,8
SWE,13,8
SWE,pumpkin,8
SWE,johnny,8
SWE,radar,8
SWE,Loka Kolsyrat Vatten Jordgubb & Granatäpple,8
SWE,karré,8
SWE,löf,8
SWE,ind,8
SWE,Cuba cola,8
SWE,soltorkade tom,8
SWE,meli,8
SWE,beef jerky,8
SWE,tzats,8
SWE,plastic,8
SWE,kyckling keb,8
SWE,choko,8
SWE,potatis gratäng,8
SWE,pizzab,8
SWE,kvibille,8
SWE,sweet chilisås,8
SWE,mixer,8
SWE,nov,8
SWE,bigpack,8
SWE,Potatismos,8
SWE,natchos,8
SWE,uo,8
SWE,äppelmo,8
SWE,torrs,8
SWE,ciab,8
SWE,steks,8
SWE,pokemon,8
SWE,head and shoulders,8
SWE,svi,8
SWE,Tand,8
SWE,Göteborg,8
SWE,gå,8
SWE,spet,8
SWE,pistachio,8
SWE,roa,8
SWE,syöt,8
SWE,cola zero koffein,8
SWE,padano,8
SWE,rr,8
SWE,fullkorn pasta,8
SWE,rizla,8
SWE,wagu,8
SWE,makri,8
SWE,sprayg,8
SWE,kumin,8
SWE,baril,8
SWE,anus,8
SWE,riven pst,8
SWE,mocco,8
SWE,piroger,8
SWE,cornflake,8
SWE,wash,8
SWE,plock,8
SWE,råkost,8
SWE,krypto,8
SWE,big,8
SWE,cott,8
SWE,avi,8
SWE,pärls,8
SWE,glasnu,8
SWE,kinesisk soja,8
SWE,fintvätt,8
SWE,salt och vin,8
SWE,un,8
SWE,svarta bö,8
SWE,gott o,8
SWE,remulad,8
SWE,lassa,8
SWE,vaniljvi,8
SWE,iceberg,8
SWE,powera,8
SWE,bearnais,8
SWE,smootie,8
SWE,sombreros,8
SWE,energi dricka,8
SWE,Delicato,8
SWE,toapaper,8
SWE,häage,8
SWE,calipp,8
SWE,cosco,8
SWE,torrilla,8
SWE,letchup,8
SWE,sorb,8
SWE,chanpis,8
SWE,arab,8
SWE,syltsocker,8
SWE,moam,8
SWE,gurkmaj,8
SWE,havrefralla,8
SWE,tik,8
SWE,haric,8
SWE,HAVREDRYCK,8
SWE,glue,8
SWE,china,8
SWE,wc rent,8
SWE,got,8
SWE,skjö,8
SWE,bregptt,8
SWE,snodd,8
SWE,maraton,8
SWE,red curry,8
SWE,quo,8
SWE,salma,8
SWE,grönsaksbul,8
SWE,bät,8
SWE,Halal,8
SWE,rengörings,8
SWE,strawberr,8
SWE,inse,8
SWE,velsius,8
SWE,orotein,8
SWE,kaffe eko,8
SWE,hårsp,8
SWE,pir,8
SWE,körsbärst,8
SWE,marabou mjölk,8
SWE,cent,8
SWE,washing,8
SWE,nejlik,8
SWE,ferre,8
SWE,kå,8
SWE,nesp,8
SWE,nr,8
SWE,walnuts,8
SWE,kycj,8
SWE,lakeits,8
SWE,patron,8
SWE,lidl,8
SWE,sny,8
SWE,paprika chips,8
SWE,mjöllk,8
SWE,efterätt,8
SWE,falu rågrut,8
SWE,vaniljpul,8
SWE,gourmet,8
SWE,balle,8
SWE,korc,8
SWE,kez,8
SWE,rese,8
SWE,proteinpul,8
SWE,nag,8
SWE,mango curry,8
SWE,salt chips,8
SWE,diskmask,8
SWE,nivea deo,8
SWE,minecraft,8
SWE,apelsinkro,8
SWE,hag,8
SWE,fästing,8
SWE,njölk,8
SWE,räkos,8
SWE,pepai,8
SWE,kalkonkorv,8
SWE,boll,8
SWE,color,8
SWE,vig,8
SWE,golvmopp,8
SWE,potatissallaf,8
SWE,bond,8
SWE,kaffefilt,8
SWE,torteli,8
SWE,mortad,8
SWE,billys pizza,8
SWE,gräff,8
SWE,fisl,8
SWE,pipcorn,8
SWE,Ceasar,8
SWE,valio mjölk,8
SWE,dol,8
SWE,kladka,8
SWE,lemons,8
SWE,grädfi,8
SWE,nl,8
SWE,gräddil,8
SWE,Nässpray,8
SWE,caro,8
SWE,gott och bl,8
SWE,nog,8
SWE,kläder,8
SWE,mev,8
SWE,coxa,8
SWE,pollen,8
SWE,neskaffe,8
SWE,chokladm,8
SWE,croissants,8
SWE,polka,8
SWE,ung,8
SWE,öronproppar,8
SWE,Musli,8
SWE,diskmaski,8
SWE,Persilja,8
SWE,chedar,8
SWE,franu,8
SWE,nick’s,8
SWE,grillkr,8
SWE,Skagen,8
SWE,glass laktos,8
SWE,hot sweet chili,8
SWE,Gre,8
SWE,duch,8
SWE,propplösare,8
SWE,toffi,8
SWE,spur,8
SWE,kolas,8
SWE,toalettpaper,8
SWE,vanilj mjölk,8
SWE,nas,8
SWE,dulcolax,8
SWE,marabou choklad,8
SWE,hummo,8
SWE,vit c,8
SWE,sout,7
SWE,alk,7
SWE,gb glace,7
SWE,pressgurka,7
SWE,våffe,7
SWE,köttfr,7
SWE,glö,7
SWE,sandwish,7
SWE,tikka masala,7
SWE,ää,7
SWE,mamgo,7
SWE,dt,7
SWE,ugnsbakad,7
SWE,tacokrydd,7
SWE,Pändy,7
SWE,Chark,7
SWE,kov,7
SWE,proy,7
SWE,pepparro,7
SWE,crossa,7
SWE,portello,7
SWE,topp,7
SWE,paro,7
SWE,bos,7
SWE,korvstro,7
SWE,ansjo,7
SWE,prongles,7
SWE,glasstrut,7
SWE,linfrön,7
SWE,Körs,7
SWE,flingsa,7
SWE,Blommor,7
SWE,funlight blandsaft,7
SWE,chives,7
SWE,sår,7
SWE,jors,7
SWE,Kål,7
SWE,bresaol,7
SWE,Kaka,7
SWE,mascarp,7
SWE,sojamj,7
SWE,coldzyme,7
SWE,Grädfil,7
SWE,arn,7
SWE,kari,7
SWE,strömming,7
SWE,ib,7
SWE,general white,7
SWE,elek,7
SWE,hydr,7
SWE,kardemu,7
SWE,koffeinfritt kaffe,7
SWE,bryssel,7
SWE,glo,7
SWE,pepsi lime,7
SWE,glasnud,7
SWE,duscholja,7
SWE,chp,7
SWE,bukett,7
SWE,scho,7
SWE,his,7
SWE,utan tillsatt,7
SWE,brämh,7
SWE,macaro,7
SWE,havt,7
SWE,slad,7
SWE,styckglass,7
SWE,dazzle,7
SWE,cram,7
SWE,ölkoev,7
SWE,konder,7
SWE,finn c,7
SWE,xylitol,7
SWE,finn cri,7
SWE,san ma,7
SWE,fryst ma,7
SWE,rub,7
SWE,sche,7
SWE,rörsocker,7
SWE,fetaosy,7
SWE,köttfära,7
SWE,gravidtest,7
SWE,peanuts,7
SWE,almonds,7
SWE,kesell,7
SWE,lingon sylt,7
SWE,chili fl,7
SWE,pige,7
SWE,Sk,7
SWE,kebab pizza,7
SWE,beluga,7
SWE,vär,7
SWE,Ben and,7
SWE,ora,7
SWE,sundli,7
SWE,cheerio,7
SWE,bubbelva,7
SWE,Surkål,7
SWE,shin,7
SWE,twin,7
SWE,naso,7
SWE,bs,7
SWE,marinara,7
SWE,limonata,7
SWE,papperstallrik,7
SWE,kronfå,7
SWE,marsm,7
SWE,napkin,7
SWE,gård,7
SWE,Tom,7
SWE,bomm,7
SWE,häst,7
SWE,bona,7
SWE,schwep,7
SWE,pari,7
SWE,tup,7
SWE,chips lant,7
SWE,vikning,7
SWE,vamel,7
SWE,Sal,7
SWE,fänk,7
SWE,bostongu,7
SWE,onsala,7
SWE,loka päron,7
SWE,remuladsås,7
SWE,labneh,7
SWE,cajun,7
SWE,colasås,7
SWE,melatonin,7
SWE,dipsås,7
SWE,port sa,7
SWE,Lak,7
SWE,tryffelmajo,7
SWE,plå,7
SWE,boston gurka,7
SWE,ähh,7
SWE,tvättka,7
SWE,vs,7
SWE,Fryst,7
SWE,Valio protein,7
SWE,scw,7
SWE,cay,7
SWE,soker,7
SWE,kycklingkl,7
SWE,Sall,7
SWE,kyckling bu,7
SWE,Chili,7
SWE,snus ld,7
SWE,kalle,7
SWE,tuk,7
SWE,daim glass,7
SWE,låg kalori,7
SWE,sopsäc,7
SWE,ola,7
SWE,ring,7
SWE,Valio,7
SWE,Pistage,7
SWE,kyckling bröst,7
SWE,Smash,7
SWE,sb,7
SWE,lake,7
SWE,korsord,7
SWE,yogi,7
SWE,sexleksaker,7
SWE,frysto,7
SWE,post it,7
SWE,ailoi,7
SWE,bor,7
SWE,diskmaskin salt,7
SWE,carolines kök,7
SWE,creme fraiche lf,7
SWE,grdde,7
SWE,nose,7
SWE,pommes pinnes,7
SWE,fars,7
SWE,åizza,7
SWE,gliss,7
SWE,kuddar,7
SWE,Beer,7
SWE,ölkorb,7
SWE,blöjor 6,7
SWE,bananas,7
SWE,folkö,7
SWE,havredry,7
SWE,semper gröt,7
SWE,fueto,7
SWE,sjöljmedel,7
SWE,kyckling krydda,7
SWE,flytande margarin,7
SWE,kungsörnen,7
SWE,Oliv,7
SWE,fluor,7
SWE,ben and je,7
SWE,marieke,7
SWE,nötcre,7
SWE,poa,7
SWE,poli,7
SWE,food box,7
SWE,mörk chokla,7
SWE,Jalapeno,7
SWE,Dents,7
SWE,sallads kyckling,7
SWE,spegel,7
SWE,olw sour,7
SWE,rakor,7
SWE,minim,7
SWE,choklad mjölk,7
SWE,ks,7
SWE,rimfrost,7
SWE,Vätskeersättning,7
SWE,chipot,7
SWE,meal,7
SWE,duml,7
SWE,sf,7
SWE,Mini,7
SWE,sä,7
SWE,potatissalld,7
SWE,jordnötsr,7
SWE,svartkål,7
SWE,protein bröd,7
SWE,Fika,7
SWE,sockerfri saft,7
SWE,levin,7
SWE,hamu,7
SWE,dammsug,7
SWE,flingir,7
SWE,kokt ski,7
SWE,mr mu,7
SWE,olija,7
SWE,koksalt,7
SWE,grant,7
SWE,bomullspinn,7
SWE,krö,7
SWE,lau,7
SWE,"Loka Kolsyrat Vatten Päron, 12x33 cl",7
SWE,bladpersilja,7
SWE,japan,7
SWE,körtbullar,7
SWE,chocklas,7
SWE,"Friggs Snackpack Ost, 25 g",7
SWE,kalvfo,7
SWE,disksv,7
SWE,edamer,7
SWE,tir,7
SWE,mörkt,7
SWE,camembert,7
SWE,condensed,7
SWE,turmeric,7
SWE,squi,7
SWE,går,7
SWE,Ajax,7
SWE,fära,7
SWE,grissini,7
SWE,hangr,7
SWE,pepparmynta,7
SWE,arla yoghurt,7
SWE,tortila,7
SWE,brysselkål,7
SWE,3 vänn,7
SWE,lacta,7
SWE,gelé,7
SWE,otriv,7
SWE,gravid test,7
SWE,lantmjölk,7
SWE,majskrokar,7
SWE,xhips,7
SWE,lat,7
SWE,tak,7
SWE,börek,7
SWE,cola vanil,7
SWE,cherry tomatoes,7
SWE,creme freiche,7
SWE,mandelspån,7
SWE,tenga,7
SWE,Bla,7
SWE,Capri,7
SWE,bell pepper,7
SWE,paleo,7
SWE,fruky,7
SWE,hy,7
SWE,jättefranska,7
SWE,taco krydd,7
SWE,nott,7
SWE,crossiant,7
SWE,prus,7
SWE,nudar,7
SWE,toffee,7
SWE,kir,7
SWE,kimch,7
SWE,pellegri,7
SWE,Ice,7
SWE,foul,7
SWE,citronpepp,7
SWE,Vattenmelon,7
SWE,Koriander,7
SWE,snabbkaf,7
SWE,schalott,7
SWE,padr,7
SWE,järna,7
SWE,jacky,7
SWE,ld salmiak,7
SWE,vitvinsvinäger,7
SWE,frusta,7
SWE,yuzu,7
SWE,oreos,7
SWE,lohmander,7
SWE,diskh,7
SWE,faluråg,7
SWE,middagskorv,7
SWE,jordan,7
SWE,tuggumo,7
SWE,vetmjöl,7
SWE,pinjen,7
SWE,yeast,7
SWE,yougert,7
SWE,fullkornsris,7
SWE,Lime,7
SWE,päronsaft,7
SWE,mild ost,7
SWE,padrones,7
SWE,fefer,7
SWE,jif,7
SWE,mayonäs,7
SWE,städa,7
SWE,sallader,7
SWE,cheese dood,7
SWE,overnight,7
SWE,coca coma,7
SWE,agar,7
SWE,torrsch,7
SWE,creme fraiche lätt,7
SWE,dams,7
SWE,kötbu,7
SWE,rea,7
SWE,happi,7
SWE,hot sau,7
SWE,Näs,7
SWE,grädfill,7
SWE,soyghurt,7
SWE,djunge,7
SWE,flungor,7
SWE,sel,7
SWE,limon,7
SWE,grana padano,7
SWE,bud,7
SWE,toar,7
SWE,röding,7
SWE,tortellin,7
SWE,condoms,7
SWE,frysta jordgubbar,7
SWE,rasker,7
SWE,bergfalk,7
SWE,shortbread,7
SWE,pressbyrån,7
SWE,Vaniljsås,7
SWE,dr ot,7
SWE,skavsår,7
SWE,æg,7
SWE,Kes,7
SWE,vaskrensare,7
SWE,spru,7
SWE,chiken nuggets,7
SWE,skogaholms,7
SWE,växter,7
SWE,tomat soppa,7
SWE,gaviscon,7
SWE,vigg,7
SWE,mjoll,7
SWE,fiskpin,7
SWE,sanpell,7
SWE,nyponsopp,7
SWE,loop mini,7
SWE,lasagnepl,7
SWE,marabou japp,7
SWE,werters,7
SWE,kåldo,7
SWE,blöjor 7,7
SWE,grädde 4,7
SWE,bannan,7
SWE,SIA,7
SWE,Tortellini,7
SWE,guinn,7
SWE,spo,7
SWE,bakery,7
SWE,geish,7
SWE,kalsong,7
SWE,makeup,7
SWE,Sundling,7
SWE,poti,7
SWE,sia gla,7
SWE,nature,7
SWE,gräddfil lak,7
SWE,Phil,7
SWE,pommed,7
SWE,glasst,7
SWE,brot,7
SWE,grapefrukt,7
SWE,engelman,7
SWE,blondering,7
SWE,sweet p,7
SWE,varmr,7
SWE,dax,7
SWE,yoghury,7
SWE,weetabix,7
SWE,taco tubs,7
SWE,qin,7
SWE,magarin,7
SWE,cleme,7
SWE,bjä,7
SWE,grilloumi,7
SWE,durum,7
SWE,karamellfärg,7
SWE,frozen chicken,7
SWE,GB,7
SWE,engelmans,7
SWE,redhea,7
SWE,riven morot,7
SWE,exo,7
SWE,dots,7
SWE,haba,7
SWE,mjölk lång,7
SWE,matc,7
SWE,apelsinmarmelad,7
SWE,frus,7
SWE,säck,7
SWE,snus kal,7
SWE,gott och bla,7
SWE,råsaf,7
SWE,passerade tomat,7
SWE,riven oat,7
SWE,brok,7
SWE,hamburgero,7
SWE,cheet,7
SWE,potatus,7
SWE,youghurt laktosfri,7
SWE,felix kött,7
SWE,allren,7
SWE,grös,7
SWE,floor,7
SWE,yug,7
SWE,pringled,7
SWE,vegansk ost,7
SWE,kvarf,7
SWE,waterm,7
SWE,nötbar,7
SWE,fryst bär,7
SWE,wra,7
SWE,sanpelle,7
SWE,plaster,7
SWE,frukostbröd,7
SWE,agur,7
SWE,tvättmedel vit,7
SWE,coca cola cherry,7
SWE,taj,7
SWE,Alpro,7
SWE,pott,7
SWE,tahina,7
SWE,svart vinbär,7
SWE,jorn,7
SWE,ahlgre,7
SWE,snus mini,7
SWE,prem,7
SWE,frysr,7
SWE,basmati ris,7
SWE,organo,7
SWE,pepsodent,7
SWE,streps,7
SWE,kaffe grädde,7
SWE,drickor,7
SWE,flarn,7
SWE,röd chili,7
SWE,papar,7
SWE,Yog,7
SWE,toaletpapper,7
SWE,cheese crunch,7
SWE,stuv,7
SWE,fullk,7
SWE,keso lf,7
SWE,polarklämma,7
SWE,ananasjuice,7
SWE,grädda,7
SWE,Zyn,7
SWE,voc,7
SWE,cumin,7
SWE,propoud,7
SWE,djun,7
SWE,rågbrö,7
SWE,perssons,7
SWE,carbon,7
SWE,finnc,7
SWE,ok,7
SWE,kalvbuljong,7
SWE,kottb,7
SWE,c-vitamin,7
SWE,köttfärspaj,7
SWE,chutney,7
SWE,Krossade tomater,7
SWE,knäcl,7
SWE,Kryddor,7
SWE,pao,7
SWE,toappaper,7
SWE,hord,7
SWE,oyst,7
SWE,shu,7
SWE,saur,7
SWE,bel,7
SWE,moror,7
SWE,risvi,7
SWE,jod,7
SWE,ramlösa mer smak,7
SWE,rost bröd,7
SWE,mjölkfritt,7
SWE,stracciatella,7
SWE,gol,7
SWE,sockerkak,7
SWE,minimelts,7
SWE,iced,7
SWE,fizzy pop,7
SWE,kavel,7
SWE,pek,7
SWE,toapper,7
SWE,ost riv,7
SWE,bommuls,7
SWE,velo max,7
SWE,labn,7
SWE,ona,7
SWE,savett,7
SWE,sött,7
SWE,buttplug,7
SWE,sub,7
SWE,omeprazol,7
SWE,ritt,7
SWE,biff tomat,7
SWE,yoghurt lakt,7
SWE,spirit,7
SWE,balsamvin,7
SWE,frysta g,7
SWE,fikonmarmelad,7
SWE,macadamia,7
SWE,dryc,7
SWE,lact,7
SWE,zeeo,7
SWE,trash bags,7
SWE,bacon sn,7
SWE,ches,7
SWE,fläskytterfile,7
SWE,trocade,7
SWE,carb,7
SWE,ballerin,7
SWE,coro,7
SWE,grönsaksb,7
SWE,latitud,7
SWE,pozz,7
SWE,skanör,7
SWE,mjukos,7
SWE,mörk chok,7
SWE,choklad pudding,7
SWE,cayenn,7
SWE,cornic,7
SWE,tena,7
SWE,chips dip,7
SWE,pasa,7
SWE,bsnan,7
SWE,chesse,7
SWE,Tor,7
SWE,gratä,7
SWE,salta p,7
SWE,imsda,7
SWE,kastanj,7
SWE,porat,7
SWE,Leverpastej,7
SWE,avfals,7
SWE,sour crea,7
SWE,hamburgarebr,7
SWE,antip,7
SWE,La,7
SWE,nest,7
SWE,Cashew,7
SWE,hanburgare,7
SWE,kimc,7
SWE,ägg eko,7
SWE,skika,7
SWE,schysst k,7
SWE,Oboy,7
SWE,juive,7
SWE,zero oh,7
SWE,emil,7
SWE,pelleg,7
SWE,lindströms,7
SWE,vit bak,7
SWE,red pepper,7
SWE,tqco,7
SWE,nuf,7
SWE,sötst,7
SWE,nobles,7
SWE,hamburhare,7
SWE,nikoti,7
SWE,celler,7
SWE,chokladpulver,7
SWE,nasoferm,7
SWE,måltidsersättning,7
SWE,digis,7
SWE,crips,7
SWE,Soja,7
SWE,vänner,7
SWE,linguin,7
SWE,burrito,7
SWE,noble,7
SWE,coder,7
SWE,hob,7
SWE,hasselnö,7
SWE,redning,7
SWE,kelloggs,7
SWE,Vego,7
SWE,hägges,7
SWE,spenay,7
SWE,moze,7
SWE,kinesisk,7
SWE,wokgrönsaker,7
SWE,risv,7
SWE,jorg,7
SWE,cc,7
SWE,hrä,7
SWE,hov,7
SWE,todu,7
SWE,ff,7
SWE,ciyron,7
SWE,polarb,7
SWE,varmrö,7
SWE,kryddmix,7
SWE,tol,7
SWE,biryani,7
SWE,böngrodd,7
SWE,maiz,7
SWE,fin crisp,7
SWE,boil,7
SWE,poocorn,7
SWE,gou,7
SWE,spenar,7
SWE,chilim,7
SWE,Hårfärg,7
SWE,sag,7
SWE,fläskfi,7
SWE,akax,7
SWE,Pizz,7
SWE,billi,7
SWE,kitchen paper,7
SWE,laktos mjölk,7
SWE,lött,7
SWE,seleri,7
SWE,santa m,7
SWE,spenst,7
SWE,machego,7
SWE,soy milk,7
SWE,lindahls kvarg,7
SWE,mirötter,7
SWE,ble,7
SWE,Sardiner,7
SWE,tirami,7
SWE,peppark,7
SWE,lupin,7
SWE,underlägg,7
SWE,Anamma,7
SWE,bites,7
SWE,hundbajs,7
SWE,prinsesstårta,7
SWE,marlboro slim,7
SWE,Ostbåg,7
SWE,gravla,7
SWE,äppelc,7
SWE,Gräslök,7
SWE,tagliat,7
SWE,nikotinfritt,7
SWE,engelsk,7
SWE,amerikanska,7
SWE,Hamburgerbröd,7
SWE,olo,7
SWE,spray grädde,7
SWE,mojito,7
SWE,Zingo,7
SWE,gripen,7
SWE,chillinötter,7
SWE,scweppes,7
SWE,Pepi,7
SWE,instant noodles,7
SWE,svensk,7
SWE,gumm,7
SWE,popcorm,7
SWE,laktosfri gl,7
SWE,brr,7
SWE,parmesansås,7
SWE,bifftomat,7
SWE,lakritsglass,7
SWE,tallrikar,7
SWE,san pellegrini,7
SWE,honungsmelon,7
SWE,meatball,7
SWE,köttfärsps,7
SWE,calzone,7
SWE,cotr,7
SWE,fanta z,7
SWE,remi,7
SWE,kuckl,7
SWE,chklad,7
SWE,kelda soppa,7
SWE,hemmakväl,7
SWE,hårgel,7
SWE,värk,7
SWE,salt vinäger,7
SWE,vista,7
SWE,polmes,7
SWE,gunry,7
SWE,körr,7
SWE,grillolja,7
SWE,shir,7
SWE,svart vin,7
SWE,under,7
SWE,zingo zero,7
SWE,marmela,7
SWE,e-cig,7
SWE,Pot,7
SWE,kebabså,7
SWE,chocola,7
SWE,laktits,7
SWE,singoa,7
SWE,polarbär,7
SWE,snabb nudlar,7
SWE,vermicelli,7
SWE,elektrolyter,7
SWE,italien,7
SWE,hollan,7
SWE,Pan,7
SWE,basilica,7
SWE,sukker,7
SWE,sole,7
SWE,puder,7
SWE,bens,7
SWE,svarta vinbär,7
SWE,dricks,7
SWE,ingefärashot,7
SWE,ansiktmask,7
SWE,gurt,7
SWE,hasseln,7
SWE,remoladsås,7
SWE,havreku,7
SWE,danone,7
SWE,universal,7
SWE,Pap,7
SWE,rågr,7
SWE,mango ch,7
SWE,frust,7
SWE,sid,7
SWE,tres,7
SWE,Coca cola zero,7
SWE,innoc,7
SWE,sura nappar,7
SWE,minstingen,7
SWE,pave,7
SWE,korg,7
SWE,söcker,7
SWE,sweet baby,7
SWE,vegofä,7
SWE,botten,7
SWE,coconu,7
SWE,onion rings,7
SWE,skina,7
SWE,kalvf,7
SWE,aluminum,7
SWE,cola nappar,7
SWE,indiskt,7
SWE,nocks,7
SWE,svartpeppa,7
SWE,Lin,7
SWE,dillch,7
SWE,toalettren,7
SWE,strösse,7
SWE,vipe,7
SWE,sprej,7
SWE,ou,7
SWE,pate,7
SWE,såp,7
SWE,färsig,7
SWE,crost,7
SWE,baking powder,7
SWE,picklad lök,7
SWE,len,7
SWE,gräddfiö,7
SWE,wasa kakor,7
SWE,kaptis,7
SWE,väx,7
SWE,wasa sport,7
SWE,chipa,7
SWE,Tobak,7
SWE,frystork,7
SWE,snaks,7
SWE,kag,7
SWE,pajform,7
SWE,propid,7
SWE,canta,7
SWE,loka ce,7
SWE,kattgod,7
SWE,Potat,7
SWE,wasa sand,7
SWE,koka,7
SWE,lökpu,7
SWE,blabar,7
SWE,cava,7
SWE,våffl,7
SWE,wip,7
SWE,jör,7
SWE,tomat sås,7
SWE,prä,7
SWE,Pepsi m,7
SWE,sing,7
SWE,smör laktos,7
SWE,exot,7
SWE,plattor,7
SWE,kyckling bul,7
SWE,marlboro vista,7
SWE,godia,7
SWE,messm,7
SWE,pora,7
SWE,dusk,7
SWE,mjölk eko,7
SWE,snus loop,7
SWE,cini mini,7
SWE,us,7
SWE,OLW,7
SWE,jordnötsring,7
SWE,za,7
SWE,vegetable,7
SWE,pitabr,7
SWE,lökr,7
SWE,bologne,7
SWE,volta,7
SWE,vädö,7
SWE,cocka,7
SWE,hovmästarsås,7
SWE,crispy chicken,7
SWE,skinska,7
SWE,supermini,7
SWE,bonj,7
SWE,General,7
SWE,hab,7
SWE,pizza pocket,7
SWE,veggie,7
SWE,vattem,7
SWE,baked,7
SWE,blåbärsso,7
SWE,räkm,7
SWE,småla,7
SWE,juci,7
SWE,chef,7
SWE,protinella,7
SWE,maskindiskmedel,7
SWE,rooibos,7
SWE,pellegrini,7
SWE,skumbanan,7
SWE,underwear,7
SWE,hair color,7
SWE,lowcaly,7
SWE,deter,7
SWE,rec,7
SWE,randig,7
SWE,ramlösa 1.5,7
SWE,Go,7
SWE,aroma godis,7
SWE,Lingon,7
SWE,kycklingbacon,7
SWE,koff,7
SWE,varsågod,7
SWE,havrebollar,7
SWE,ehr,7
SWE,mung,7
SWE,uoghurt,7
SWE,nörfärs,7
SWE,protein yoghurt,7
SWE,vitlös,7
SWE,herrgårds,7
SWE,nob,7
SWE,grunme,7
SWE,gazp,7
SWE,mjäl,7
SWE,pepparot,7
SWE,kassl,7
SWE,dalla,7
SWE,kyckling färdig,7
SWE,satsumas,7
SWE,free,7
SWE,topps,7
SWE,guka,7
SWE,kryddpeppar,7
SWE,lätt mj,7
SWE,jub,7
SWE,paneng,7
SWE,sjögr,7
SWE,kli,7
SWE,sköjmedel,7
SWE,burgarost,7
SWE,morrötter,7
SWE,nötsmö,7
SWE,korvstrog,7
SWE,nutisal,7
SWE,carol,7
SWE,coklad,7
SWE,sof,7
SWE,förkylning,7
SWE,proteinp,7
SWE,Wasa,7
SWE,frtaost,7
SWE,cee,7
SWE,pannbi,7
SWE,kiei,7
SWE,cherry cola,7
SWE,fina,7
SWE,köttfärsså,7
SWE,tic,7
SWE,papa,7
SWE,syltkakor,7
SWE,romansa,7
SWE,frysrätter,7
SWE,blåbät,7
SWE,gass,7
SWE,halon,7
SWE,Youghurt,7
SWE,sweet pot,7
SWE,riga,6
SWE,chili majo,6
SWE,creme frache,6
SWE,hordgubbar,6
SWE,drum,6
SWE,Ipren,6
SWE,melob,6
SWE,gazpa,6
SWE,brat,6
SWE,"öl 3,",6
SWE,alkoholfr,6
SWE,mud,6
SWE,kylling,6
SWE,pepsim,6
SWE,edmame,6
SWE,gräddfl,6
SWE,dag,6
SWE,Tzatziki,6
SWE,sodastrea,6
SWE,kun,6
SWE,korv br,6
SWE,nudel,6
SWE,A+,6
SWE,svokado,6
SWE,spetsk,6
SWE,gurka eko,6
SWE,gb gla,6
SWE,rim,6
SWE,Tuc,6
SWE,laktosfri creme,6
SWE,greek yog,6
SWE,"Dumle Original, 200 g",6
SWE,protein pulver,6
SWE,tandpet,6
SWE,otrovin,6
SWE,rotfrukter,6
SWE,norl,6
SWE,macarons,6
SWE,fiberpasta,6
SWE,choklad boll,6
SWE,vitaminwell,6
SWE,hallongr,6
SWE,koll,6
SWE,yougur,6
SWE,skölmedel,6
SWE,drumsticks,6
SWE,cola koffein,6
SWE,ved,6
SWE,parmigi,6
SWE,kycklimg,6
SWE,guiness,6
SWE,leca,6
SWE,gårdsch,6
SWE,hårs,6
SWE,insektsspray,6
SWE,trosa,6
SWE,scharlott,6
SWE,fän,6
SWE,Laktosfri mjölk,6
SWE,pinne,6
SWE,lassg,6
SWE,vatten 1.5,6
SWE,kids,6
SWE,kaffeg,6
SWE,marshm,6
SWE,jött,6
SWE,brän,6
SWE,nöttee,6
SWE,potatisallad,6
SWE,wagyo,6
SWE,kt,6
SWE,up,6
SWE,mrs,6
SWE,hamburger dressing,6
SWE,apet,6
SWE,pico,6
SWE,fruktkus,6
SWE,"Valio Kvarg Hallon & blåbär Laktosfri 7%, 200 g",6
SWE,Torkad,6
SWE,scamp,6
SWE,tomatpurre,6
SWE,"Friggs Snackpack Popcorn, 25 g",6
SWE,cola zee,6
SWE,vitlöksbrö,6
SWE,kombi,6
SWE,sötnings,6
SWE,ica maxi,6
SWE,müsl,6
SWE,samt,6
SWE,milksha,6
SWE,kontor,6
SWE,kakmix,6
SWE,estrid,6
SWE,lao,6
SWE,v6,6
SWE,philadelfi,6
SWE,bechame,6
SWE,breakfast,6
SWE,stenb,6
SWE,over,6
SWE,pasta gluten,6
SWE,too,6
SWE,berr,6
SWE,rädlök,6
SWE,no sugar,6
SWE,folke,6
SWE,Polly,6
SWE,bubz,6
SWE,file,6
SWE,glasyr,6
SWE,koreansk,6
SWE,kc,6
SWE,lösgod,6
SWE,parmesn,6
SWE,Cider,6
SWE,faxer,6
SWE,nyggets,6
SWE,champio,6
SWE,ice cr,6
SWE,gøl,6
SWE,taco kry,6
SWE,"Risifrutti Mannafrutti Jordgubb, 165 g",6
SWE,vita böno,6
SWE,ale,6
SWE,Fläsk,6
SWE,potatis mjölig,6
SWE,glass jord,6
SWE,blodpudd,6
SWE,inl,6
SWE,ned,6
SWE,hårsnodd,6
SWE,reme,6
SWE,rice krispies,6
SWE,cinna,6
SWE,kylväska,6
SWE,Tofu,6
SWE,bodylotion,6
SWE,baconchips,6
SWE,gräddfill,6
SWE,tao,6
SWE,grapefruit,6
SWE,dnus,6
SWE,oatöy,6
SWE,toliet,6
SWE,chips dipp,6
SWE,glass lohilo,6
SWE,kroppkak,6
SWE,kebabbröd,6
SWE,rydbe,6
SWE,rostat bröd,6
SWE,dammsugarpåse,6
SWE,procutto,6
SWE,flagga,6
SWE,smi,6
SWE,zero läsk,6
SWE,tacoch,6
SWE,lakritsbåtar,6
SWE,rostade,6
SWE,gravlaxsås,6
SWE,pack,6
SWE,Äppel,6
SWE,glasspinn,6
SWE,pars,6
SWE,popcorn krydda,6
SWE,taco k,6
SWE,jolle,6
SWE,domi,6
SWE,tosca,6
SWE,philadelf,6
SWE,nötfärd,6
SWE,poy,6
SWE,garl,6
SWE,togu,6
SWE,Halloumi,6
SWE,hoi,6
SWE,fullkornsbröd,6
SWE,orzo,6
SWE,rusin,6
SWE,vanilj socker,6
SWE,pizza tony,6
SWE,keych,6
SWE,kakkor,6
SWE,ajva,6
SWE,chokladkakor,6
SWE,väl,6
SWE,köttbullat,6
SWE,citron jui,6
SWE,gnoch,6
SWE,veev,6
SWE,grill ch,6
SWE,zone,6
SWE,lätt maj,6
SWE,bregoty,6
SWE,vaniljkr,6
SWE,kryddir,6
SWE,dom,6
SWE,Vitamin well,6
SWE,bowl,6
SWE,sojadr,6
SWE,munsår,6
SWE,kalix,6
SWE,fräddfil,6
SWE,riven ist,6
SWE,wellibites,6
SWE,ans,6
SWE,paulin,6
SWE,kycjling,6
SWE,vou,6
SWE,kub,6
SWE,tupla,6
SWE,eöd,6
SWE,engelm,6
SWE,smörkniv,6
SWE,jordgubbstårta,6
SWE,bagett,6
SWE,mörkt bröd,6
SWE,tampons,6
SWE,pro v,6
SWE,låg,6
SWE,avocadp,6
SWE,mango juice,6
SWE,cic,6
SWE,mjäll,6
SWE,nellie,6
SWE,kaffe zoegas,6
SWE,fever tree,6
SWE,gb g,6
SWE,corn fl,6
SWE,wok mix,6
SWE,mozzer,6
SWE,Deo,6
SWE,kaffekapsl,6
SWE,veggies,6
SWE,pan pizz,6
SWE,Ikaffe,6
SWE,fraich,6
SWE,muha,6
SWE,knack,6
SWE,choclad,6
SWE,ypg,6
SWE,ekstr,6
SWE,frysta jord,6
SWE,ancho,6
SWE,Lakrits,6
SWE,rul,6
SWE,soyg,6
SWE,tvätt medel,6
SWE,middags,6
SWE,kffe,6
SWE,sakl,6
SWE,ponmes,6
SWE,Dafgårds,6
SWE,regn,6
SWE,celeri,6
SWE,kokkorv,6
SWE,liver,6
SWE,pepero,6
SWE,allround,6
SWE,Snabb,6
SWE,gut,6
SWE,pepparså,6
SWE,citronsy,6
SWE,trimmer,6
SWE,hönsbul,6
SWE,paj deg,6
SWE,sockerdri,6
SWE,det,6
SWE,helosan,6
SWE,nectarine,6
SWE,kamo,6
SWE,skagenrör,6
SWE,lal,6
SWE,tvättmedel grumme,6
SWE,diskha,6
SWE,alc,6
SWE,kycklingpinnar,6
SWE,kokosdryck,6
SWE,Cr,6
SWE,cale,6
SWE,Kakao,6
SWE,engångsgrill,6
SWE,vällin,6
SWE,chokladknapp,6
SWE,lårf,6
SWE,schä,6
SWE,hot amigo,6
SWE,salt persika,6
SWE,seltin,6
SWE,färskt bröd,6
SWE,bonaqu,6
SWE,tekaka,6
SWE,orien,6
SWE,inlagd vitlök,6
SWE,Yogh,6
SWE,becon,6
SWE,macha,6
SWE,oatm,6
SWE,risp,6
SWE,zyn spear,6
SWE,appe,6
SWE,mushroo,6
SWE,honubg,6
SWE,revbe,6
SWE,bärr,6
SWE,varmk,6
SWE,sweetchili,6
SWE,instant coffee,6
SWE,sweet sour,6
SWE,bonaq,6
SWE,lakro,6
SWE,persoka,6
SWE,chips 40,6
SWE,arra,6
SWE,bagle,6
SWE,Sa,6
SWE,bep,6
SWE,maa,6
SWE,hostmedicin,6
SWE,edamam,6
SWE,tb,6
SWE,rädiso,6
SWE,stora vita,6
SWE,cub,6
SWE,hl,6
SWE,by,6
SWE,asparagus,6
SWE,turkisk pe,6
SWE,peli,6
SWE,engån,6
SWE,bullen,6
SWE,cappucino,6
SWE,grill korv,6
SWE,mayonnaise,6
SWE,coca cola vanilj,6
SWE,Tonic,6
SWE,liban,6
SWE,Lundgren,6
SWE,koppar,6
SWE,fransar,6
SWE,gambas,6
SWE,seve,6
SWE,krustad,6
SWE,såenat,6
SWE,philadelpia,6
SWE,kfc,6
SWE,AG,6
SWE,Kalles,6
SWE,currypasta,6
SWE,kräftst,6
SWE,tabdkräm,6
SWE,champinjone,6
SWE,kalkom,6
SWE,söt pot,6
SWE,havregrädde,6
SWE,löjro,6
SWE,proteim,6
SWE,pynt,6
SWE,vapes,6
SWE,rigat,6
SWE,parmiggiano,6
SWE,frai,6
SWE,toscana,6
SWE,cocs,6
SWE,disposable,6
SWE,rebull,6
SWE,mjölig potatis,6
SWE,"läsk 1,5",6
SWE,foli,6
SWE,bakpulv,6
SWE,eucerin,6
SWE,choköad,6
SWE,isform,6
SWE,fönsterp,6
SWE,rm,6
SWE,ye,6
SWE,sminkbo,6
SWE,köttbullsr,6
SWE,mandelsmö,6
SWE,marina,6
SWE,grated cheese,6
SWE,puts,6
SWE,kortlek,6
SWE,Lever,6
SWE,siberia,6
SWE,chur,6
SWE,yoghurt natu,6
SWE,pärss,6
SWE,mint glass,6
SWE,vit snus,6
SWE,sparrissoppa,6
SWE,cod,6
SWE,hel ky,6
SWE,knö,6
SWE,logilo,6
SWE,mascarpo,6
SWE,vitlökskrydda,6
SWE,fikabr,6
SWE,Kräftor,6
SWE,Ra,6
SWE,vegansk korv,6
SWE,apelsin j,6
SWE,kattgodi,6
SWE,zo,6
SWE,risto,6
SWE,msjs,6
SWE,head &,6
SWE,mues,6
SWE,Pålägg,6
SWE,chokladka,6
SWE,pankako,6
SWE,sb12,6
SWE,göuten,6
SWE,majskol,6
SWE,gaspacho,6
SWE,rulle,6
SWE,skitt,6
SWE,drick kvarg,6
SWE,peccorino,6
SWE,pottis,6
SWE,pellegrin,6
SWE,cotta,6
SWE,svart te,6
SWE,breh,6
SWE,fofill,6
SWE,fläckbort,6
SWE,grön såpa,6
SWE,fikab,6
SWE,Moza,6
SWE,drik,6
SWE,kyckling klubbor,6
SWE,Salsa,6
SWE,tart,6
SWE,Risi,6
SWE,sardelle,6
SWE,"Innocent Smoothie Green Antioxidant, 300 ml",6
SWE,smil,6
SWE,ferarri,6
SWE,snuss,6
SWE,ostfralla,6
SWE,cookie d,6
SWE,Yoggi,6
SWE,bakc,6
SWE,pia,6
SWE,for re,6
SWE,revb,6
SWE,fj,6
SWE,phill,6
SWE,havre fras,6
SWE,swedish fish,6
SWE,tofs,6
SWE,vegg,6
SWE,cheng,6
SWE,voca cola,6
SWE,Gla,6
SWE,santa mari,6
SWE,chat,6
SWE,skagenr,6
SWE,chilipulver,6
SWE,Bomull,6
SWE,pappersmugg,6
SWE,mayonaise,6
SWE,herrgå,6
SWE,plomm,6
SWE,bem,6
SWE,rätt,6
SWE,chilifl,6
SWE,rist,6
SWE,efter,6
SWE,tomatju,6
SWE,stekf,6
SWE,rulltå,6
SWE,biggans,6
SWE,korv stroganoff,6
SWE,puns,6
SWE,Bär,6
SWE,emm,6
SWE,chockad,6
SWE,prou,6
SWE,crisps,6
SWE,ia,6
SWE,cheesec,6
SWE,Toal,6
SWE,Coca col,6
SWE,wr,6
SWE,ansiktsservetter,6
SWE,geta,6
SWE,ljud,6
SWE,lösviktsgodis,6
SWE,husha,6
SWE,Gul lök,6
SWE,green and garlic,6
SWE,tat,6
SWE,kyckling ätklar,6
SWE,wurst,6
SWE,dinkel,6
SWE,vileda,6
SWE,bon bon,6
SWE,lågka,6
SWE,Mandel,6
SWE,pistage glass,6
SWE,oreo glass,6
SWE,sandwhich,6
SWE,tofflor,6
SWE,ome,6
SWE,ädelos,6
SWE,lantchip,6
SWE,daimglass,6
SWE,grekisk youg,6
SWE,mjukist,6
SWE,båga,6
SWE,adv,6
SWE,kre,6
SWE,Färdigmat,6
SWE,yam,6
SWE,tacofärs,6
SWE,taco kr,6
SWE,tidn,6
SWE,prosciu,6
SWE,energidryxk,6
SWE,talg,6
SWE,tampax,6
SWE,salladost,6
SWE,Actimel,6
SWE,to fisk,6
SWE,ost skinka paj,6
SWE,saffra,6
SWE,raspberry,6
SWE,cir,6
SWE,geval,6
SWE,pizzs,6
SWE,sho,6
SWE,emser,6
SWE,chocolate chips,6
SWE,snabb ma,6
SWE,hanbu,6
SWE,paptika,6
SWE,nå,6
SWE,mono,6
SWE,ishlass,6
SWE,garofalo,6
SWE,fisherma,6
SWE,lm blue,6
SWE,göutenfri,6
SWE,kyckking,6
SWE,ost dip,6
SWE,coron,6
SWE,refill tvål,6
SWE,blanc,6
SWE,gårdsg,6
SWE,pome,6
SWE,ciggareter,6
SWE,reb,6
SWE,arla ost,6
SWE,poe,6
SWE,nål,6
SWE,chokladmo,6
SWE,gammelknas,6
SWE,marshmallows,6
SWE,dig bar,6
SWE,fläskk,6
SWE,rug,6
SWE,köttfars,6
SWE,tryffel chips,6
SWE,lasagneplatt,6
SWE,rågkusar,6
SWE,camel bl,6
SWE,Senap,6
SWE,orie,6
SWE,nd,6
SWE,häxvrål,6
SWE,fläskfä,6
SWE,oatlt,6
SWE,pulle,6
SWE,creme fraish,6
SWE,bakoulver,6
SWE,glasspi,6
SWE,libress,6
SWE,gam,6
SWE,tonisk,6
SWE,ryggbi,6
SWE,vinegr,6
SWE,grekisk toghurt,6
SWE,popp,6
SWE,zinc,6
SWE,allt,6
SWE,frult,6
SWE,Guld,6
SWE,beasås,6
SWE,kycklingkö,6
SWE,"Loka Kolsyrat Vatten Citron, 12x33cl",6
SWE,Fis,6
SWE,creamfre,6
SWE,shc,6
SWE,olof viktor,6
SWE,tomatt,6
SWE,kycklingbul,6
SWE,ranlösa,6
SWE,knäckebrld,6
SWE,cof,6
SWE,smr,6
SWE,rotmos,6
SWE,arla creme,6
SWE,tights,6
SWE,sesamolj,6
SWE,kyckling ä,6
SWE,plom,6
SWE,holisip,6
SWE,roms,6
SWE,glass p,6
SWE,energibar,6
SWE,soxker,6
SWE,smaki,6
SWE,all bran,6
SWE,nod,6
SWE,banab,6
SWE,latt,6
SWE,daft,6
SWE,fäs,6
SWE,nöt creme,6
SWE,pon,6
SWE,bluebe,6
SWE,livs,6
SWE,råd,6
SWE,kruk,6
SWE,bubbs,6
SWE,food to go,6
SWE,stål,6
SWE,disks,6
SWE,drickyou,6
SWE,kungs,6
SWE,skruvat,6
SWE,Biscoff,6
SWE,laktosfree,6
SWE,dal,6
SWE,hom,6
SWE,salald,6
SWE,gott oc,6
SWE,mex,6
SWE,lamp,6
SWE,haver,6
SWE,citrom,6
SWE,bouj,6
SWE,sprite z,6
SWE,ost sk,6
SWE,e ci,6
SWE,oy,6
SWE,plä,6
SWE,macada,6
SWE,cinn,6
SWE,folieform,6
SWE,subway,6
SWE,truffelaioli,6
SWE,sherry,6
SWE,flösk,6
SWE,redbukl,6
SWE,drickyogh,6
SWE,såklart,6
SWE,jöst,6
SWE,frozen vegetables,6
SWE,potatis bullar,6
SWE,shredded cheese,6
SWE,kronljus,6
SWE,terr,6
SWE,sportbröd,6
SWE,loca,6
SWE,Dammsugare,6
SWE,doun,6
SWE,doftpinnar,6
SWE,vhili,6
SWE,matgrädd,6
SWE,celius,6
SWE,kycklib,6
SWE,pop ba,6
SWE,naturd,6
SWE,hallongro,6
SWE,klas,6
SWE,schofrulade,6
SWE,kycklingfi,6
SWE,cousc,6
SWE,mozze,6
SWE,nesk,6
SWE,valio smör,6
SWE,grötb,6
SWE,buffalo wings,6
SWE,granit,6
SWE,Sushi,6
SWE,ow,6
SWE,presentpåse,6
SWE,tika,6
SWE,cigariller,6
SWE,luftto,6
SWE,grekisl,6
SWE,konjac,6
SWE,Ramlö,6
SWE,blåmögel,6
SWE,kyckling kor,6
SWE,nudlsr,6
SWE,cg,6
SWE,chilifla,6
SWE,kuvert,6
SWE,daz,6
SWE,isgla,6
SWE,hallon lakrits,6
SWE,grönsaker frysta,6
SWE,dö,6
SWE,ladda,6
SWE,kåldolm,6
SWE,melona,6
SWE,raisins,6
SWE,ost och skinkpaj,6
SWE,färfig,6
SWE,cognac,6
SWE,aller,6
SWE,Majo,6
SWE,lön,6
SWE,haag,6
SWE,cape,6
SWE,vitamin d,6
SWE,velo bright,6
SWE,Tonf,6
SWE,bakchok,6
SWE,msli,6
SWE,Pro,6
SWE,rispa,6
SWE,auberg,6
SWE,blöjor 5,6
SWE,la vache,6
SWE,hallum,6
SWE,So,6
SWE,heine,6
SWE,klassikerlåda,6
SWE,färdigrät,6
SWE,pepparmix,6
SWE,lik,6
SWE,tobasco,6
SWE,kycklingkrydda,6
SWE,heavy cream,6
SWE,Jordnötter,6
SWE,red vull,6
SWE,falur,6
SWE,laktosfri yogurt,6
SWE,flytt,6
SWE,pan p,6
SWE,gil,6
SWE,spritr,6
SWE,smoothies,6
SWE,philadephia,6
SWE,öo,6
SWE,isc,6
SWE,chilif,6
SWE,grön pesto,6
SWE,yoghurt päron,6
SWE,lösgodi,6
SWE,curry sås,6
SWE,buldsk,6
SWE,chili ma,6
SWE,vapr,6
SWE,äppelci,6
SWE,sweet and,6
SWE,tekakor,6
SWE,anjovis,6
SWE,almond butter,6
SWE,kotl,6
SWE,chips sour,6
SWE,leväjn,6
SWE,cheese ball,6
SWE,tacokry,6
SWE,pok,6
SWE,vanila,6
SWE,lundgrens skåne,6
SWE,Tallrik,6
SWE,snabb mak,6
SWE,Iskaffe,6
SWE,coca cola light,6
SWE,grytbas,6
SWE,riven skinka,6
SWE,engångsvape,6
SWE,Greki,6
SWE,red hea,6
SWE,ansi,6
SWE,mannafru,6
SWE,Marmelad,6
SWE,ost r,6
SWE,cko,6
SWE,kaffegrä,6
SWE,cheesy,6
SWE,sun lo,6
SWE,onio,6
SWE,Risifrutti,6
SWE,red hot,6
SWE,burgar bröd,6
SWE,mimos,6
SWE,peppermint storm,6
SWE,babywipes,6
SWE,drickkv,6
SWE,cleanser,6
SWE,sud,6
SWE,gräddful,6
SWE,ostbr,6
SWE,pastry,6
SWE,vanna,6
SWE,togurt,6
SWE,kek,6
SWE,dubbel dusch,6
SWE,lemonc,6
SWE,Toma,6
SWE,creme bonjour,6
SWE,fjor,6
SWE,cilantro,6
SWE,Havredryck,6
SWE,pricki,6
SWE,kavr,6
SWE,Lundgrens,6
SWE,mondter,6
SWE,shrimps,6
SWE,charlot,6
SWE,inpackning,6
SWE,comfo,6
SWE,flugsmälla,6
SWE,avik,6
SWE,hydro,6
SWE,pimmes,6
SWE,bacon snack,6
SWE,suk,6
SWE,mozerella,6
SWE,cen,6
SWE,vaniljgla,6
SWE,Vi,6
SWE,äggnu,6
SWE,gratän,6
SWE,maple syrup,6
SWE,nesqui,6
SWE,bakels,6
SWE,deode,6
SWE,motot,6
SWE,bomullsrondell,6
SWE,räkir,6
SWE,nicotin,6
SWE,Tomatsås,6
SWE,karl fazer,6
SWE,tacokryd,6
SWE,focaccia,6
SWE,naturell y,6
SWE,risnudl,6
SWE,turkisk p,6
SWE,Ice cream,6
SWE,smält,6
SWE,energy drink,6
SWE,mumin,6
SWE,brussel,6
SWE,cid,6
SWE,ballo,6
SWE,sesamo,6
SWE,katr,6
SWE,termos,6
SWE,mackq,6
SWE,vaniöj,6
SWE,bocco,6
SWE,romans,6
SWE,Hal,6
SWE,chili majonäs,6
SWE,vegetables,6
SWE,nudler,6
SWE,bernai,6
SWE,grovsnus,6
SWE,kada,6
SWE,orep,6
SWE,Binda,6
SWE,fiskgratä,6
SWE,ungsbakade,6
SWE,yugort,6
SWE,Stockholm,6
SWE,lins chips,6
SWE,blåbärsoppa,6
SWE,Frysta,6
SWE,curl,6
SWE,oxfilé,6
SWE,lasagne plattor,6
SWE,kallr,6
SWE,movi,6
SWE,real foods,6
SWE,dettol,6
SWE,cugg,6
SWE,marän,6
SWE,trossky,6
SWE,capellini,6
SWE,desser,6
SWE,mix sallad,6
SWE,loo,6
SWE,snus xqs,6
SWE,kättbullar,6
SWE,tvätts,6
SWE,tux,6
SWE,morotsjui,6
SWE,sols,6
SWE,tyrk,6
SWE,ben jer,6
SWE,tony's,6
SWE,popkorn,6
SWE,God,6
SWE,favor,6
SWE,djupfr,6
SWE,torrschampoo,6
SWE,mozarella sticks,6
SWE,frysta ha,6
SWE,bet,6
SWE,ant,6
SWE,coal,6
SWE,luftt,6
SWE,s mä,6
SWE,nötfärs 5%,6
SWE,byxb,6
SWE,lillängshamnen,6
SWE,grönsallad,6
SWE,pytt i,6
SWE,sim,6
SWE,"Njie Propud Choklad, 200 g",6
SWE,godismix,6
SWE,solro,6
SWE,Redb,6
SWE,malax,6
SWE,té,6
SWE,prof,6
SWE,hambru,6
SWE,vogu,6
SWE,weleda,6
SWE,söt po,6
SWE,vigaretter,6
SWE,jordnötsri,6
SWE,baler,6
SWE,korma,6
SWE,fazer bröd,6
SWE,närings,6
SWE,hushållspaper,6
SWE,pac,6
SWE,smoki,6
SWE,Bea,6
SWE,jures,6
SWE,toalwtt,6
SWE,riven mo,6
SWE,pannacotta,6
SWE,choklad havs,6
SWE,monk,6
SWE,Redbu,6
SWE,lill,6
SWE,deca,6
SWE,suc,6
SWE,daimt,6
SWE,töd,6
SWE,Cream cheese,6
SWE,pringe,6
SWE,glassstrut,6
SWE,Mor,6
SWE,hjo,6
SWE,nur,6
SWE,rödbetsalla,6
SWE,breasola,6
SWE,shn,6
SWE,mini cola,6
SWE,vu,6
SWE,celi,6
SWE,crafted,6
SWE,gochuj,6
SWE,göutenfritt,6
SWE,marc,6
SWE,linska,6
SWE,fläskfilé,6
SWE,mjölk 3,6
SWE,libre,6
SWE,paata,6
SWE,fanta orange,6
SWE,barnma,6
SWE,rödbetss,6
SWE,Garant,6
SWE,tongisk,6
SWE,odense,6
SWE,dazzl,6
SWE,Dove,6
SWE,aubergin,6
SWE,fublight,6
SWE,yoghurt jordgubb,6
SWE,lume,6
SWE,serr,6
SWE,sockerk,6
SWE,french hot,6
SWE,kulor,6
SWE,disktabl,6
SWE,tomatpuree,6
SWE,kalkon korv,6
SWE,ben&,6
SWE,royal,6
SWE,vit chok,6
SWE,frä,6
SWE,prick,6
SWE,winer,6
SWE,köttkult,6
SWE,bigga,6
SWE,frukost bröd,6
SWE,enoki,6
SWE,mr musc,6
SWE,geädd,6
SWE,matkasse,6
SWE,näring,6
SWE,licorice,6
SWE,gär,6
SWE,dessertos,6
SWE,mini majs,6
SWE,havrering,6
SWE,kaffe bön,6
SWE,bröd rost,6
SWE,hazelnut,6
SWE,cremfr,6
SWE,husk,6
SWE,vibra,6
SWE,pt,6
SWE,mut,6
SWE,kycklingcurry,6
SWE,ersso,6
SWE,kålpudding,6
SWE,mobil,6
SWE,baba gan,6
SWE,nucks,6
SWE,kycklingklubb,6
SWE,croass,6
SWE,Fr,6
SWE,voltaire,6
SWE,korriander,6
SWE,frida,6
SWE,ty,6
SWE,näri,6
SWE,taco sauce,6
SWE,orga,6
SWE,miino,6
SWE,mer smak,6
SWE,citrob,6
SWE,pain,6
SWE,röb,6
SWE,Ce,6
SWE,pecorin,6
SWE,lj,6
SWE,twe,6
SWE,Tändare,6
SWE,oasta,6
SWE,ramch,6
SWE,ara,6
SWE,lyxl,6
SWE,monstrr,6
SWE,Ri,6
SWE,fläsksvål,6
SWE,prinsko,6
SWE,bli,6
SWE,rens,6
SWE,fardi,6
SWE,tut,6
SWE,cesarsallad,6
SWE,Riska,6
SWE,mrot,6
SWE,vhokl,6
SWE,nötköt,6
SWE,tako,6
SWE,hamburh,6
SWE,tvål refill,6
SWE,gaffl,6
SWE,glass styck,6
SWE,colesla,6
SWE,hra,6
SWE,cond,6
SWE,bondbönor,6
SWE,vaniljy,6
SWE,drivka,6
SWE,doug,6
SWE,bager,6
SWE,odly,6
SWE,svart hårfärg,6
SWE,dogman,6
SWE,totilla,6
SWE,cheeseca,6
SWE,goj,6
SWE,kyckling innerfile,6
SWE,Fun,6
SWE,"Smiling Cashewnötter Salt Choklad EKO, 45 g",6
SWE,aqua dor,6
SWE,tiptop,6
SWE,pralin,6
SWE,cere,6
SWE,zuchi,6
SWE,salta s,6
SWE,passerade t,6
SWE,slice,6
SWE,mac and cheese,6
SWE,grötbar,6
SWE,Vä,6
SWE,kronofågel,6
SWE,pecco,6
SWE,parmensan,6
SWE,ost ski,6
SWE,chew,6
SWE,Ärtor,6
SWE,blandsa,6
SWE,gä,6
SWE,tårtor,6
SWE,neskaf,6
SWE,dip mix,6
SWE,creme fraiche laktos,6
SWE,baa,6
SWE,Vin,6
SWE,arla prot,6
SWE,ost s,6
SWE,Hambur,6
SWE,Soppa,6
SWE,ekologis,6
SWE,mirot,6
SWE,cica,6
SWE,kötbull,6
SWE,jasmine,6
SWE,kycklings,6
SWE,snus slim,6
SWE,fitness,6
SWE,sweet chili chips,6
SWE,konjak,6
SWE,gevali,6
SWE,choklad fazer,6
SWE,kamomill,6
SWE,Nacho,6
SWE,cola zeri,6
SWE,torrsc,6
SWE,jaffa,6
SWE,coa,6
SWE,valio k,6
SWE,kötb,6
SWE,kyckling b,6
SWE,mackar,6
SWE,Power,6
SWE,Avfallspåsar,6
SWE,fryst spenat,6
SWE,dill dipp,6
SWE,rostad majs,6
SWE,spelsin,6
SWE,torta,6
SWE,rie,6
SWE,gradfil,6
SWE,vitos,6
SWE,gröna bönor,6
SWE,herrljunga,6
SWE,spro,6
SWE,sweet potatoe,6
SWE,hallon choklad,6
SWE,drakfrukt,6
SWE,fiorelli,6
SWE,brie ost,6
SWE,pine,6
SWE,saus,6
SWE,moch,6
SWE,oum,6
SWE,creme fraiche lak,6
SWE,beö,6
SWE,pric,6
SWE,surf,6
SWE,Kiwi,6
SWE,grills,6
SWE,nöt salami,6
SWE,baguettw,6
SWE,godus,6
SWE,pesti,6
SWE,gift,6
SWE,ceasardressing,6
SWE,youhurt,6
SWE,potatisgratän,6
SWE,kycking,6
SWE,sau,6
SWE,kycli,6
SWE,frysta grö,6
SWE,ostbpgar,6
SWE,harico,6
SWE,kyling,6
SWE,godos,6
SWE,spritspåse,6
SWE,klyftpo,6
SWE,ost bricka,6
SWE,vykort,6
SWE,misli,6
SWE,saline,6
SWE,sun loll,6
SWE,hacka,6
SWE,guc,6
SWE,chilin,6
SWE,skallar,6
SWE,smetan,6
SWE,öro,6
SWE,vingum,6
SWE,vegobullar,6
SWE,grukt,6
SWE,cerea,6
SWE,färdig m,6
SWE,steksm,6
SWE,ketchup felix,6
SWE,kabel,6
SWE,kork,6
SWE,ag,6
SWE,pämdy,6
SWE,flingpr,6
SWE,deogtest,6
SWE,freezing peppermint,6
SWE,pasta sa,6
SWE,chocolate milk,6
SWE,cult,6
SWE,Frukost,6
SWE,mildost,6
SWE,dimor,6
SWE,Mo,6
SWE,riven mozzarella,6
SWE,kalkonbac,6
SWE,mobster,6
SWE,viking,6
SWE,rulltårt,6
SWE,jorgu,6
SWE,grand de,6
SWE,drott,6
SWE,Pastasås,6
SWE,el dorado,6
SWE,Västerbottens,6
SWE,burkmat,6
SWE,renee,6
SWE,chips ranch,6
SWE,glass nicks,6
SWE,snitz,6
SWE,valio pudding,6
SWE,elec,6
SWE,glassbpt,6
SWE,froo,5
SWE,garant ses,5
SWE,novalu,5
SWE,burge,5
SWE,färskpst,5
SWE,Färdig,5
SWE,semper 2,5
SWE,fruktsallad,5
SWE,havrygryn,5
SWE,carlsha,5
SWE,marsansås,5
SWE,arla y,5
SWE,näringsdryck,5
SWE,saftsoppa,5
SWE,finn cris,5
SWE,laks,5
SWE,hockey,5
SWE,lol,5
SWE,potis,5
SWE,lunch box,5
SWE,pancak,5
SWE,pulvermo,5
SWE,kavl,5
SWE,Kina,5
SWE,vanilk,5
SWE,servette,5
SWE,smör eko,5
SWE,holida,5
SWE,camem,5
SWE,Water,5
SWE,toalettbo,5
SWE,stracia,5
SWE,tonic zero,5
SWE,baks,5
SWE,tryffelolja,5
SWE,rust,5
SWE,Hemmakväll,5
SWE,sess,5
SWE,havref,5
SWE,pee,5
SWE,myr,5
SWE,laktosfri fil,5
SWE,hälsa,5
SWE,rum,5
SWE,honug,5
SWE,påhen,5
SWE,cigr,5
SWE,cheeseballs,5
SWE,muslie,5
SWE,fettucine,5
SWE,tandborste barn,5
SWE,Nektarin,5
SWE,beanaise,5
SWE,glow,5
SWE,kiv,5
SWE,köttgärs,5
SWE,vårrul,5
SWE,activis,5
SWE,potai,5
SWE,stålull,5
SWE,kenab,5
SWE,tagi,5
SWE,vitlål,5
SWE,schweppe,5
SWE,vaniljsocke,5
SWE,enbär,5
SWE,tropic,5
SWE,rio,5
SWE,hamburgaros,5
SWE,turkisl,5
SWE,cremefra,5
SWE,nicor,5
SWE,pytte,5
SWE,vegansk choklad,5
SWE,candy people,5
SWE,Jordn,5
SWE,san pellegr,5
SWE,dryk,5
SWE,tudd,5
SWE,camember,5
SWE,liva,5
SWE,gräddee,5
SWE,marsma,5
SWE,crustini,5
SWE,ben a,5
SWE,arabi,5
SWE,kex c,5
SWE,choklad bak,5
SWE,vetemjök,5
SWE,kettle,5
SWE,fried,5
SWE,wasa frukost,5
SWE,nocco grand,5
SWE,ceasarsallad,5
SWE,curry paste,5
SWE,salt och vi,5
SWE,lätt crem,5
SWE,kardemum,5
SWE,scharlotte,5
SWE,cantadou,5
SWE,gummis,5
SWE,osaltade,5
SWE,fulkorn,5
SWE,Guldf,5
SWE,Sweet,5
SWE,salt and vinegar,5
SWE,belo,5
SWE,lent,5
SWE,cremw,5
SWE,kadayif,5
SWE,span,5
SWE,jack,5
SWE,tunnbrld,5
SWE,styck,5
SWE,funkight,5
SWE,risifru,5
SWE,rig,5
SWE,kolsyrad,5
SWE,vanilj ex,5
SWE,rapé,5
SWE,pum,5
SWE,middagsk,5
SWE,biscotti,5
SWE,tvättla,5
SWE,il,5
SWE,zyn black,5
SWE,godis vegan,5
SWE,"Valio Kvarg Mango Laktosfri 7%, 200 g",5
SWE,choklqd,5
SWE,frukt och mandel,5
SWE,apa,5
SWE,silvertejp,5
SWE,coconut oil,5
SWE,rums,5
SWE,grötklämminsar,5
SWE,gid,5
SWE,mjöli,5
SWE,placker,5
SWE,calipo,5
SWE,dagens,5
SWE,mjöö,5
SWE,Brioche,5
SWE,dew,5
SWE,fanta exoti,5
SWE,india,5
SWE,aspara,5
SWE,frunk,5
SWE,dill gräslök,5
SWE,skölj medel,5
SWE,Diskborste,5
SWE,mini rut,5
SWE,ost och bacon korv,5
SWE,äh,5
SWE,högrevsburgare,5
SWE,kärle,5
SWE,salmia,5
SWE,stöd,5
SWE,twining,5
SWE,morrö,5
SWE,fiko,5
SWE,kryptoniter,5
SWE,hårvård,5
SWE,saffr,5
SWE,winerbröd,5
SWE,hand tvål,5
SWE,kina puffar,5
SWE,xhoklad,5
SWE,juvie,5
SWE,hanburgar,5
SWE,wine gum,5
SWE,föns,5
SWE,ost bollar,5
SWE,matsvin,5
SWE,hasselnöts,5
SWE,stö,5
SWE,visp grädde,5
SWE,jozo,5
SWE,sourcrem,5
SWE,singoall,5
SWE,maskindi,5
SWE,yg,5
SWE,alkoh,5
SWE,vid,5
SWE,Kycklingfärs,5
SWE,kvistomat,5
SWE,gp,5
SWE,crossi,5
SWE,yoghurt barn,5
SWE,velo freezing,5
SWE,redbi,5
SWE,ginger joe,5
SWE,kycklingfo,5
SWE,allre,5
SWE,plop,5
SWE,laktosfri mellanmjölk,5
SWE,Premier,5
SWE,carot,5
SWE,cocq,5
SWE,xylo,5
SWE,rökt kyckling,5
SWE,samba,5
SWE,adapter,5
SWE,såkl,5
SWE,centrr,5
SWE,dr oetk,5
SWE,ben and jerr,5
SWE,dillchip,5
SWE,Glu,5
SWE,raggm,5
SWE,grejisk,5
SWE,blodap,5
SWE,lojilo,5
SWE,potato salad,5
SWE,bullr,5
SWE,krydds,5
SWE,marlbr,5
SWE,soppo,5
SWE,alw,5
SWE,sockerfri choklad,5
SWE,klädroller,5
SWE,ootatis,5
SWE,tårtbott,5
SWE,seee,5
SWE,juicy,5
SWE,slpro,5
SWE,skööjmedel,5
SWE,olv,5
SWE,frysta rätter,5
SWE,böngrodda,5
SWE,lactacyd,5
SWE,green curry,5
SWE,hot wings,5
SWE,chike,5
SWE,caprisu,5
SWE,vanis,5
SWE,ost hamb,5
SWE,svartris,5
SWE,Ve,5
SWE,naturgod,5
SWE,matr,5
SWE,mentol,5
SWE,g3,5
SWE,brysse,5
SWE,danskt,5
SWE,cane,5
SWE,dex,5
SWE,skus,5
SWE,manche,5
SWE,inner,5
SWE,dill pickle,5
SWE,mascarpon,5
SWE,kvi,5
SWE,bodywash,5
SWE,ladagne,5
SWE,13.00,5
SWE,herb,5
SWE,kallops,5
SWE,risnud,5
SWE,tortillach,5
SWE,lätt cr,5
SWE,aq,5
SWE,barnä,5
SWE,Tampong,5
SWE,semla,5
SWE,Oat,5
SWE,hangey,5
SWE,airfryer,5
SWE,qi,5
SWE,limeblad,5
SWE,icec,5
SWE,suga,5
SWE,Hamburg,5
SWE,bako,5
SWE,nus,5
SWE,mjölkchokl,5
SWE,ita,5
SWE,cil,5
SWE,frukt fryst,5
SWE,chillisås,5
SWE,velcius,5
SWE,flugor,5
SWE,"Fazer Dumle Summer Mix, 180 g",5
SWE,skälj,5
SWE,dlingor,5
SWE,juresk,5
SWE,ice cool,5
SWE,glass fler,5
SWE,wellness,5
SWE,will,5
SWE,chilinött,5
SWE,rakbl,5
SWE,epa,5
SWE,Bre,5
SWE,Cornflakes,5
SWE,gummy,5
SWE,dazzly,5
SWE,hallonbåtar,5
SWE,lättd,5
SWE,färdig may,5
SWE,is ka,5
SWE,cug,5
SWE,hamburgarr,5
SWE,guanc,5
SWE,äfg,5
SWE,silvetkök,5
SWE,vello,5
SWE,lördags,5
SWE,hamburgebrld,5
SWE,magi,5
SWE,chelsie,5
SWE,mince,5
SWE,serra,5
SWE,anj,5
SWE,frikt,5
SWE,beoccoli,5
SWE,gryta,5
SWE,ver,5
SWE,electrolytes,5
SWE,grekisk to,5
SWE,via tvättmedel,5
SWE,ecigg,5
SWE,cidet,5
SWE,toffifee,5
SWE,sig,5
SWE,lego,5
SWE,rodbet,5
SWE,färdigrättee,5
SWE,kryddoe,5
SWE,Gummihandskar,5
SWE,coockies,5
SWE,rosso,5
SWE,faku,5
SWE,chili chee,5
SWE,pret,5
SWE,mandel mjölk,5
SWE,gb sa,5
SWE,köttsoppa,5
SWE,salt lak,5
SWE,grädds,5
SWE,mjs,5
SWE,ristor,5
SWE,fryst grönsaker,5
SWE,ker,5
SWE,capsules,5
SWE,pistache,5
SWE,grapef,5
SWE,knäckr,5
SWE,sos,5
SWE,choklad mj,5
SWE,lati,5
SWE,kycklinglårfilé,5
SWE,lot,5
SWE,brownies,5
SWE,Lövbiff,5
SWE,dr peper,5
SWE,baban,5
SWE,Burrata,5
SWE,glasputs,5
SWE,fid,5
SWE,dark cho,5
SWE,drick yoghurt,5
SWE,showergel,5
SWE,ypug,5
SWE,nudöar,5
SWE,crunc,5
SWE,popcornkrydda,5
SWE,nocellara,5
SWE,shni,5
SWE,poc,5
SWE,Prince,5
SWE,sugarfree,5
SWE,ekolo,5
SWE,creme frais,5
SWE,kvae,5
SWE,balaam,5
SWE,kokosvatte,5
SWE,libero 6,5
SWE,vårt,5
SWE,flors,5
SWE,tvätta,5
SWE,toothbr,5
SWE,yoghurt mini,5
SWE,havsa,5
SWE,cou,5
SWE,lambo,5
SWE,åommes,5
SWE,billyz,5
SWE,växtbas,5
SWE,halstablet,5
SWE,protein mousse,5
SWE,monster zero,5
SWE,rais,5
SWE,chocklad ask,5
SWE,sensody,5
SWE,chips chili,5
SWE,make up,5
SWE,saltlakri,5
SWE,alchol,5
SWE,jordgubb sylt,5
SWE,limeju,5
SWE,husm,5
SWE,siby,5
SWE,röd lö,5
SWE,iced c,5
SWE,Tomatpure,5
SWE,Pandy,5
SWE,sopppå,5
SWE,rissi,5
SWE,ostbp,5
SWE,mjulk,5
SWE,keldas,5
SWE,hambura,5
SWE,frystmat,5
SWE,rizzl,5
SWE,smul,5
SWE,sushi rice,5
SWE,hj,5
SWE,mela,5
SWE,kly,5
SWE,maxi,5
SWE,charlotte,5
SWE,bomullsr,5
SWE,Hus,5
SWE,Cigarette,5
SWE,måla,5
SWE,aco,5
SWE,snabb ka,5
SWE,olov,5
SWE,yall,5
SWE,avfallspås,5
SWE,pizzabo,5
SWE,protein choklad,5
SWE,filidutter,5
SWE,iberi,5
SWE,moc,5
SWE,marib,5
SWE,dl,5
SWE,abbas,5
SWE,grädfe,5
SWE,poppcorn,5
SWE,lasgne,5
SWE,kycklingbulj,5
SWE,energidrick,5
SWE,ingelsta kalkon,5
SWE,Majonäs,5
SWE,grekisk yoh,5
SWE,San p,5
SWE,digistive,5
SWE,padd,5
SWE,chamo,5
SWE,vegitarisk,5
SWE,hönl,5
SWE,sempee,5
SWE,greksik,5
SWE,papriks,5
SWE,öl 3,5
SWE,flimgor,5
SWE,danish,5
SWE,Ice Kaffe,5
SWE,make,5
SWE,svål,5
SWE,kycklingspe,5
SWE,cren,5
SWE,rad,5
SWE,dough and beyond,5
SWE,cream frais,5
SWE,ingefärsshot,5
SWE,Glute,5
SWE,föingo,5
SWE,lithells,5
SWE,tbätt,5
SWE,churro,5
SWE,rut,5
SWE,Col,5
SWE,Giff,5
SWE,sinka,5
SWE,oatle,5
SWE,san pelleg,5
SWE,arrak,5
SWE,Capri sun,5
SWE,sbus,5
SWE,fiber havre,5
SWE,Ferrar,5
SWE,snis,5
SWE,Jordnötssmör,5
SWE,Prin,5
SWE,hör,5
SWE,rd,5
SWE,batterie,5
SWE,fuer,5
SWE,laktosfrimjölk,5
SWE,borst,5
SWE,masa,5
SWE,salladsblad,5
SWE,mac n,5
SWE,äpplej,5
SWE,hyvel,5
SWE,födelse,5
SWE,manho,5
SWE,bio,5
SWE,senao,5
SWE,hellma,5
SWE,but,5
SWE,strösoc,5
SWE,kex cho,5
SWE,konditori,5
SWE,grädee,5
SWE,Mjlk,5
SWE,wate,5
SWE,grapp,5
SWE,softl,5
SWE,wella,5
SWE,chiå,5
SWE,bollnäs,5
SWE,äng,5
SWE,minestrone,5
SWE,häftmassa,5
SWE,Cottage cheese,5
SWE,flytan,5
SWE,syrad grädde,5
SWE,gutk,5
SWE,hovm,5
SWE,gojibär,5
SWE,cogn,5
SWE,rostad läk,5
SWE,fetta,5
SWE,orginalrost,5
SWE,ben och,5
SWE,Chi,5
SWE,ameri,5
SWE,köty,5
SWE,sas,5
SWE,kvisttomater,5
SWE,biffar,5
SWE,gruka,5
SWE,kokt korv,5
SWE,bärmix,5
SWE,vini,5
SWE,färdig rätt,5
SWE,Grön,5
SWE,chokladflingor,5
SWE,hemk,5
SWE,yoggi yalla,5
SWE,stärkelse,5
SWE,monstet,5
SWE,lemoncu,5
SWE,jordnötsm,5
SWE,felix pommes,5
SWE,dröm,5
SWE,lättsal,5
SWE,obot,5
SWE,radish,5
SWE,sweetch,5
SWE,vegoburgare,5
SWE,Aioli,5
SWE,cloud,5
SWE,carro,5
SWE,panang,5
SWE,vege gel,5
SWE,mountain dew,5
SWE,feff,5
SWE,elle tidning,5
SWE,mlö,5
SWE,kycköing,5
SWE,klyf,5
SWE,colo,5
SWE,drago,5
SWE,ice kaffe,5
SWE,Fanta zero,5
SWE,pajskal,5
SWE,japansk soya,5
SWE,apl,5
SWE,creme bon,5
SWE,eriksberg,5
SWE,carlsh,5
SWE,toman,5
SWE,pen,5
SWE,laktose,5
SWE,muham,5
SWE,Glss,5
SWE,baconsnacks,5
SWE,cell,5
SWE,vegan godis,5
SWE,vt,5
SWE,"Festis Fruktdryck Cactus Lime, 50 cl",5
SWE,dmör,5
SWE,milk lf,5
SWE,croissanter,5
SWE,gb glas,5
SWE,creme fraixhe,5
SWE,chistorra,5
SWE,taco skal,5
SWE,parmesab,5
SWE,chicken burger,5
SWE,orange chicken,5
SWE,oneblade,5
SWE,Rosa mj,5
SWE,Matlagningsgrädde,5
SWE,nicks gl,5
SWE,zyn co,5
SWE,pastasa,5
SWE,sanpel,5
SWE,thyme,5
SWE,stekost,5
SWE,mineral water,5
SWE,vicknin,5
SWE,kräfts,5
SWE,cola burk,5
SWE,kalorisnål,5
SWE,mat gr,5
SWE,ground,5
SWE,jubileum,5
SWE,ost gouda,5
SWE,läckerol,5
SWE,jast,5
SWE,förg,5
SWE,fiskburgare,5
SWE,ost skivor,5
SWE,Hangry,5
SWE,dadd,5
SWE,mimosasallad,5
SWE,riss,5
SWE,schwei,5
SWE,rosepeppar,5
SWE,tvättmedel via,5
SWE,glutenfri knäcke,5
SWE,torrfoder katt,5
SWE,gaspa,5
SWE,kanelbulla,5
SWE,e27,5
SWE,halomi,5
SWE,tomat eko,5
SWE,smoke,5
SWE,nan 2,5
SWE,"Arla Protein Kvarg Blåbär Laktosfri,, 200 g",5
SWE,mamma scan,5
SWE,tomat baby,5
SWE,walkers,5
SWE,blåba,5
SWE,corn f,5
SWE,kycklingköttb,5
SWE,cer,5
SWE,crme,5
SWE,elektr,5
SWE,krusta,5
SWE,fincrisp,5
SWE,somersby,5
SWE,falksalt,5
SWE,fläsksv,5
SWE,upghurt,5
SWE,bubbel vatten,5
SWE,sicker,5
SWE,suchi,5
SWE,västkus,5
SWE,lacto,5
SWE,Zucchini,5
SWE,sötsur sås,5
SWE,mintstång,5
SWE,tvått,5
SWE,mosarella,5
SWE,fjällf,5
SWE,noodlar,5
SWE,Maka,5
SWE,monster ultra,5
SWE,vanilla sugar,5
SWE,spare,5
SWE,jalopeno,5
SWE,göa,5
SWE,moisturiser,5
SWE,Strö,5
SWE,majsbröd,5
SWE,laktosfri youghurt,5
SWE,oliver vitlök,5
SWE,tandboste,5
SWE,broccolini,5
SWE,spageti,5
SWE,kore,5
SWE,grillpinnar,5
SWE,laxer,5
SWE,dried,5
SWE,cocus,5
SWE,druv,5
SWE,itron,5
SWE,ug,5
SWE,Avo,5
SWE,godis bubs,5
SWE,qorn,5
SWE,nespress,5
SWE,chokladdoppad,5
SWE,fanta cherry,5
SWE,tacko,5
SWE,klt,5
SWE,magnes,5
SWE,sprutgrä,5
SWE,kroppk,5
SWE,salt lakris,5
SWE,marabou jordgubb,5
SWE,cordon,5
SWE,apple pie,5
SWE,desinfe,5
SWE,chips tryffel,5
SWE,puddi,5
SWE,sunlo,5
SWE,pizzakut,5
SWE,vitlökspress,5
SWE,alaska,5
SWE,spicy chips,5
SWE,hemmalväll,5
SWE,apot,5
SWE,grot,5
SWE,art,5
SWE,cheese do,5
SWE,salladskr,5
SWE,hoghurt,5
SWE,puzz,5
SWE,70,5
SWE,vand,5
SWE,höno,5
SWE,tårts,5
SWE,kyckling schnitzel,5
SWE,red he,5
SWE,blåvär,5
SWE,proscu,5
SWE,yoghurt jord,5
SWE,kyckling nuggets,5
SWE,ritchie,5
SWE,friterat,5
SWE,synål,5
SWE,fosk,5
SWE,lk,5
SWE,stella,5
SWE,kolbasz,5
SWE,cla,5
SWE,fryst fisk,5
SWE,akinka,5
SWE,cooking oil,5
SWE,nesquik,5
SWE,tortillq,5
SWE,citronjuic,5
SWE,cultu,5
SWE,Köttf,5
SWE,drog,5
SWE,zyb,5
SWE,kyckling vingar,5
SWE,otl,5
SWE,chips ho,5
SWE,padt,5
SWE,cheddar popcorn,5
SWE,utan,5
SWE,sharlo,5
SWE,felix soppa,5
SWE,diap,5
SWE,matlagninsgrädde,5
SWE,zat,5
SWE,färdkost,5
SWE,chips h,5
SWE,pj,5
SWE,öppet,5
SWE,vanilj extrakt,5
SWE,sylt hallon,5
SWE,stekspade,5
SWE,jordb,5
SWE,bamb,5
SWE,jans,5
SWE,jubel,5
SWE,garant chili,5
SWE,vips,5
SWE,kvarg citron,5
SWE,aröa,5
SWE,mik,5
SWE,gott och bland,5
SWE,hallon frysta,5
SWE,chokladbol,5
SWE,croisant,5
SWE,hårmask,5
SWE,farbror,5
SWE,bang,5
SWE,napro,5
SWE,basic,5
SWE,skägg,5
SWE,gott blandat,5
SWE,carbona,5
SWE,frkost,5
SWE,yoghuet,5
SWE,samlad,5
SWE,pork sausage,5
SWE,aftereight,5
SWE,hans,5
SWE,potst,5
SWE,talrik,5
SWE,lohiko,5
SWE,vino,5
SWE,fröknäck,5
SWE,dall,5
SWE,siaglass,5
SWE,Breg,5
SWE,acet,5
SWE,shallot,5
SWE,skalle,5
SWE,crac,5
SWE,erik,5
SWE,notfärs,5
SWE,sockerfri godis,5
SWE,chips garant,5
SWE,nagellim,5
SWE,plasthandskar,5
SWE,torkad fr,5
SWE,herme,5
SWE,grill chip,5
SWE,konos,5
SWE,köyy,5
SWE,vanij,5
SWE,hsm,5
SWE,pregnancy test,5
SWE,paj felix,5
SWE,tomato juice,5
SWE,Gran,5
SWE,Gräddsås,5
SWE,kiri,5
SWE,grönsaksmix,5
SWE,oetk,5
SWE,wc blå,5
SWE,tödlök,5
SWE,maran,5
SWE,palt,5
SWE,cigarr,5
SWE,Dijon,5
SWE,krba,5
SWE,minimo,5
SWE,vaniljpu,5
SWE,Zeroh,5
SWE,pecc,5
SWE,potatispress,5
SWE,Barebells,5
SWE,pastq,5
SWE,bolognes,5
SWE,long drink,5
SWE,frazer,5
SWE,frys påsar,5
SWE,bearbaise,5
SWE,buffa,5
SWE,blue edition,5
SWE,senapssill,5
SWE,srirach,5
SWE,strutrån,5
SWE,nötcrem,5
SWE,chess,5
SWE,ld snus,5
SWE,razor,5
SWE,croas,5
SWE,kondense,5
SWE,brokoli,5
SWE,Godi,5
SWE,ben n,5
SWE,laktosfri yogh,5
SWE,glassås,5
SWE,wape,5
SWE,smacks,5
SWE,frui,5
SWE,goat,5
SWE,rökt skink,5
SWE,cacao,5
SWE,djupfryst mat,5
SWE,vina,5
SWE,oatlet,5
SWE,tigerkaka,5
SWE,jale,5
SWE,pärso,5
SWE,nutrile,5
SWE,hot sås,5
SWE,quiona,5
SWE,Gräddf,5
SWE,chilio,5
SWE,hambugare,5
SWE,papprika,5
SWE,fryspiz,5
SWE,färdigmat fryst,5
SWE,havry,5
SWE,yogut,5
SWE,gris,5
SWE,food studio,5
SWE,wolt ma,5
SWE,salt med jod,5
SWE,ingefärs,5
SWE,qib,5
SWE,fryst paj,5
SWE,kall sås,5
SWE,glidm,5
SWE,Bearn,5
SWE,tvättkapsl,5
SWE,lilläng,5
SWE,creme fraise,5
SWE,clementiner,5
SWE,mys,5
SWE,bob saft,5
SWE,graham,5
SWE,dulche,5
SWE,tamlösa,5
SWE,glasstrutar,5
SWE,almo,5
SWE,anjo,5
SWE,hårtbröd,5
SWE,kaffes,5
SWE,finkrisp,5
SWE,vegans,5
SWE,san m,5
SWE,krlda,5
SWE,pho,5
SWE,Cub,5
SWE,ligh,5
SWE,cin,5
SWE,rostadlö,5
SWE,glass choklad,5
SWE,pizza s,5
SWE,hushållpapper,5
SWE,mineralvate,5
SWE,kalkonkött,5
SWE,vitamin water,5
SWE,tvl,5
SWE,jordgubbsk,5
SWE,tonfisl,5
SWE,roman sallad,5
SWE,sugarsnaps,5
SWE,läckö,5
SWE,grytbit,5
SWE,cupcake,5
SWE,Avacado,5
SWE,mamma,5
SWE,pizza dr,5
SWE,sesamk,5
SWE,resa,5
SWE,snörgås,5
SWE,den ga,5
SWE,salt and,5
SWE,farin socker,5
SWE,päronso,5
SWE,pepsi lemon,5
SWE,jorgubbar,5
SWE,frosti,5
SWE,fryst m,5
SWE,thermometer,5
SWE,focc,5
SWE,laktosfri gräd,5
SWE,marabpu,5
SWE,biscu,5
SWE,vanilj yog,5
SWE,Proteinbar,5
SWE,virus,5
SWE,Gröt,5
SWE,apelsinjuic,5
SWE,ågg,5
SWE,clean drink,5
SWE,piggeli,5
SWE,rättika,5
SWE,jan,5
SWE,minib,5
SWE,kycklo,5
SWE,tacobrö,5
SWE,xh,5
SWE,domino,5
SWE,ypu,5
SWE,ekolog,5
SWE,rullpapp,5
SWE,nötmi,5
SWE,kyckling ko,5
SWE,snus kali,5
SWE,lindhal,5
SWE,gröna äpplen,5
SWE,vätskeersä,5
SWE,kirurgtejp,5
SWE,gråddfil,5
SWE,mous,5
SWE,hubba,5
SWE,Dippmix,5
SWE,crene,5
SWE,fard,5
SWE,matgräde,5
SWE,mojit,5
SWE,non stop,5
SWE,sia sand,5
SWE,filt,5
SWE,böngr,5
SWE,sojam,5
SWE,surdegsb,5
SWE,maizen,5
SWE,youghuet,5
SWE,chips liten,5
SWE,neu,5
SWE,chocolates,5
SWE,smärke,5
SWE,hallon lak,5
SWE,ice c,5
SWE,kajmak,5
SWE,Ener,5
SWE,fabric,5
SWE,loka pä,5
SWE,ljus sirap,5
SWE,bostong,5
SWE,charlottenlök,5
SWE,vaniljssås,5
SWE,Kycklingkebab,5
SWE,Salladsost,5
SWE,kuckli,5
SWE,smm,5
SWE,Fi,5
SWE,psyllium,5
SWE,powerrade,5
SWE,ättikssprit,5
SWE,oranges,5
SWE,lag,5
SWE,foam,5
SWE,jakob,5
SWE,glasspinne,5
SWE,väste,5
SWE,beg,5
SWE,skipp,5
SWE,red wine,5
SWE,probiotika,5
SWE,färsk bröd,5
SWE,tex me,5
SWE,Coca Cola,5
SWE,färsk pot,5
SWE,medalj,5
SWE,sob,5
SWE,mköl,5
SWE,lowc,5
SWE,mandelpotatis,5
SWE,i mat,5
SWE,arr,5
SWE,Bind,5
SWE,micr,5
SWE,avicado,5
SWE,schysstkäk,5
SWE,Treo,5
SWE,pajde,5
SWE,tunna,5
SWE,kaffe sirap,5
SWE,grum,5
SWE,Matgrädde,5
SWE,danta,5
SWE,biscof,5
SWE,quron,5
SWE,Yougurt,5
SWE,vitpe,5
SWE,kortison,5
SWE,bagg,5
SWE,oyster sauce,5
SWE,ailo,5
SWE,yugurt,5
SWE,glass protein,5
SWE,kelda ost,5
SWE,kinamix,5
SWE,tandkröm,5
SWE,medwu,5
SWE,naturg,5
SWE,ferrer,5
SWE,böng,5
SWE,hamburgerdr,5
SWE,jouice,5
SWE,suma,5
SWE,electrolyte,5
SWE,paris,5
SWE,salladskry,5
SWE,vaniljp,5
SWE,sats,5
SWE,vaniljbullr,5
SWE,Färsk,5
SWE,Selleri,5
SWE,grädde la,5
SWE,choklad mara,5
SWE,mej,5
SWE,wetex,5
SWE,wette,5
SWE,tru fru,5
SWE,blockch,5
SWE,fardig,5
SWE,plastf,5
SWE,Heinz,5
SWE,moss,5
SWE,äpplepaj,5
SWE,cream fraich,5
SWE,hot h,5
SWE,glass ben,5
SWE,fryst brocc,5
SWE,teix,5
SWE,kiosk,5
SWE,matabou,5
SWE,ärtsopp,5
SWE,gir,5
SWE,Kolasås,5
SWE,edm,5
SWE,motzarella,5
SWE,sitron,5
SWE,falukorb,5
SWE,suger,5
SWE,jordärt,5
SWE,pistagekräm,5
SWE,juice apelsin,5
SWE,chokkad,5
SWE,milksh,5
SWE,bjär,5
SWE,daloon,5
SWE,fav,5
SWE,grillos,5
SWE,päron soda,5
SWE,buf,5
SWE,peppar salami,5
SWE,taco tub,5
SWE,kethcup,5
SWE,whoopies,5
SWE,profee,5
SWE,flädk,5
SWE,kroppstvål,5
SWE,duo,5
SWE,citronsa,5
SWE,dippsås,5
SWE,rödbetssa,5
SWE,Mascarpone,5
SWE,cola lemon,5
SWE,cite,5
SWE,fläd,5
SWE,bladsp,5
SWE,färdiga smörgåsar,5
SWE,spruta,5
SWE,mjölk choklad,5
SWE,frysta gröns,5
SWE,cigh,5
SWE,blöjpå,5
SWE,rice paper,5
SWE,hushållsfärg,5
SWE,stu,5
SWE,buj,5
SWE,kiks,5
SWE,harribo,5
SWE,orea,5
SWE,advo,5
SWE,lett,5
SWE,strimla,5
SWE,cantaloupe,5
SWE,Zen,5
SWE,kroke,5
SWE,sprayflaska,5
SWE,gred,5
SWE,oca,5
SWE,Bechamel,5
SWE,sei,5
SWE,riven osr,5
SWE,torre,5
SWE,klaff,5
SWE,barr,5
SWE,jordgubs,5
SWE,flowe,5
SWE,finkrossade,5
SWE,krossade timater,5
SWE,arla mild kvarg,5
SWE,vienetta,5
SWE,zoe,5
SWE,handskalade,5
SWE,Dricka,5
SWE,arla milk,5
SWE,tortills,5
SWE,bearne,5
SWE,intim tvål,5
SWE,yoghurt lakto,5
SWE,Gräddfi,5
SWE,mousserande,5
SWE,havre dryck,5
SWE,listerin,5
SWE,sult,5
SWE,gud,5
SWE,sensodyn,5
SWE,buldan,5
SWE,Rom,5
SWE,chrem,5
SWE,crou,5
SWE,nocco grand sour,5
SWE,kolo,5
SWE,jell,5
SWE,vailj,5
SWE,Majskakor,5
SWE,salta katt,5
SWE,vetm,5
SWE,fruktmums,5
SWE,högr,5
SWE,mod,5
SWE,pakcho,5
SWE,pepsi mx,5
SWE,kardemumm,5
SWE,hjor,5
SWE,wete,5
SWE,rullpa,5
SWE,juo,5
SWE,dennis,5
SWE,citronju,5
SWE,cognacs,5
SWE,apelsinkrokant,5
SWE,samar,5
SWE,redbill,5
SWE,toarulle,5
SWE,körd,5
SWE,mandelmjö,5
SWE,toetilla,5
SWE,tbä,5
SWE,aiolo,5
SWE,pitt,5
SWE,notebook,5
SWE,fanta exotic zero,5
SWE,hela,5
SWE,tuggumk,5
SWE,santa ma,5
SWE,omepr,5
SWE,Svartpeppar,5
SWE,vickn,5
SWE,Potatisgratäng,5
SWE,skagenrö,5
SWE,vattenflask,5
SWE,lvar,5
SWE,steö,5
SWE,yoghurt n,5
SWE,vip,5
SWE,laviar,5
SWE,notfars,5
SWE,glass l,5
SWE,choklad lindt,5
SWE,toalette,5
SWE,chockladsås,5
SWE,balsamspray,5
SWE,eyeliner,5
SWE,pizzabulle,5
SWE,dio,5
SWE,kycklint,5
SWE,gorgonz,5
SWE,baby semp 1,5
SWE,mål,5
SWE,shira,5
SWE,Salla,5
SWE,vanlij,5
SWE,vanan,5
SWE,matgräd,5
SWE,apote,5
SWE,passionsfr,5
SWE,air fryer,5
SWE,iphone laddare,5
SWE,doodles,5
SWE,sprutgr,5
SWE,pink l,5
SWE,banna,5
SWE,diop,5
SWE,vanilj you,5
SWE,semoli,5
SWE,condensed milk,5
SWE,guacam,5
SWE,bollo,5
SWE,pepparsala,5
SWE,vanilsås,5
SWE,colazero,5
SWE,worc,5
SWE,phia,5
SWE,duschrvål,5
SWE,mannafr,5
SWE,färdog,5
SWE,babysemp 1,5
SWE,bm,5
SWE,ask,5
SWE,oizza,5
SWE,sköt,5
SWE,skoljmedel,5
SWE,pizzasa,5
SWE,juresko,5
SWE,poco,5
SWE,magnum glass,5
SWE,head a,5
SWE,bränhult,5
SWE,nötkö,5
SWE,formb,5
SWE,1.15,5
SWE,shaving cream,5
SWE,glasstru,5
SWE,bular,5
SWE,choklad garant,5
SWE,toall,5
SWE,vannamei,5
SWE,Ke,5
SWE,Smö,5
SWE,chokladkn,5
SWE,kyckling grillad,5
SWE,sugar snaps,5
SWE,saltlakr,5
SWE,tomatsopp,5
SWE,äppel paj,5
SWE,slingor,5
SWE,truffel,5
SWE,tomfisk,5
SWE,fryst hallon,5
SWE,Italiensk,5
SWE,wont,5
SWE,lyxlasa,5
SWE,choklad lakrits,5
SWE,kikartor,5
SWE,banan glass,5
SWE,maryland,5
SWE,raddler,5
SWE,sweat,5
SWE,havrek,5
SWE,körsbärstom,5
SWE,mozs,5
SWE,fg,5
SWE,chokladbolla,5
SWE,creps,5
SWE,"1,5",5
SWE,katmat,5
SWE,chailatte,5
SWE,Gräs,5
SWE,jordnötts,5
SWE,disksva,5
SWE,lejon,5
SWE,whipping cream,5
SWE,stic,5
SWE,kålr,5
SWE,Bravo,5
SWE,yoghurt naturel,5
SWE,avokadoolja,5
SWE,svh,5
SWE,jird,5
SWE,peac,5
SWE,soda vatten,5
SWE,Jordgubb,5
SWE,truff,5
SWE,Chai,5
SWE,choklad knappar,5
SWE,jordgubbst,5
SWE,majskolvar,5
SWE,kyckling klubba,5
SWE,zero cola,5
SWE,gev,5
SWE,pasta sas,5
SWE,chockladkaka,5
SWE,libr,5
SWE,vårlö,5
SWE,lohill,5
SWE,muffinsform,5
SWE,parmen,5
SWE,boun,5
SWE,safy,5
SWE,grönsake,5
SWE,tvål dove,5
SWE,blä,5
SWE,glass la,5
SWE,mimo,5
SWE,creme frei,5
SWE,organic,5
SWE,mkö,5
SWE,canne,5
SWE,pasta garant,5
SWE,Kl,5
SWE,ace,5
SWE,korria,5
SWE,kaffe b,5
SWE,fava,5
SWE,cellofan,5
SWE,von,5
SWE,gotland,5
SWE,handd,5
SWE,lantchi,5
SWE,löfbergs,5
SWE,minikeso,5
SWE,creme brulee,5
SWE,grekisk yougurt,5
SWE,hummis,5
SWE,cream chee,5
SWE,salsicha,5
SWE,handskalade räkor,5
SWE,Anton,5
SWE,body soap,5
SWE,gdde,5
SWE,san pelegrino,5
SWE,lusmedel,5
SWE,sia choklad,5
SWE,chili lime,5
SWE,majsko,5
SWE,cherries,5
SWE,hamburgeros,5
SWE,disk svamp,5
SWE,Marab,5
SWE,lettu,5
SWE,lösvikt,5
SWE,dupp,5
SWE,ölkotv,5
SWE,ohil,5
SWE,mars glass,5
SWE,oro,5
SWE,lig,5
SWE,rengöringsmedel,5
SWE,skicka,5
SWE,kyclin,5
SWE,dammsugarpåsar,5
SWE,kaökon,5
SWE,snax,5
SWE,cheese slice,5
SWE,kefit,5
SWE,Che,5
SWE,Trocadero,5
SWE,sempre,5
SWE,spaghet,5
SWE,fin cri,5
SWE,klementin,5
SWE,guacemole,5
SWE,kolaså,5
SWE,goji,5
SWE,dagen efter,5
SWE,Tonfi,5
SWE,Ballerina,5
SWE,Fun light,5
SWE,panp,5
SWE,vinbl,5
SWE,zei,5
SWE,choklad mousse,5
SWE,tobasc,5
SWE,flädersaft,5
SWE,brue,5
SWE,potatis m,5
SWE,garam masala,5
SWE,sombr,5
SWE,sib,5
SWE,bilarbonat,5
SWE,sushi lax,5
SWE,lavaz,5
SWE,godis mix,5
SWE,turkisk youghurt,5
SWE,bladspe,5
SWE,vattrn,5
SWE,frech,5
SWE,glass banan,5
SWE,amerikan,5
SWE,vejp,5
SWE,grådde,5
SWE,exp,5
SWE,white cho,5
SWE,Fling,5
SWE,bq,5
SWE,havremjölj,5
SWE,philadep,5
SWE,daj,5
SWE,ostfrallor,5
SWE,graddfil,5
SWE,sodastr,5
SWE,fants,5
SWE,shysst käk,5
SWE,vanli,5
SWE,kycklinf,5
SWE,panan,5
SWE,green beans,5
SWE,kitchen roll,5
SWE,ish,5
SWE,handtvätt,5
SWE,swiffe,5
SWE,crispy chi,5
SWE,cera,5
SWE,Torres,5
SWE,"""Coca-Cola Zero, 10x33 cl """,5
SWE,bratwurst,5
SWE,bröd lev,5
SWE,gal,5
SWE,soygu,5
SWE,klttbullar,5
SWE,s märk,5
SWE,fiskså,5
SWE,god morgon,5
SWE,osalta,5
SWE,Popc,5
SWE,torill,5
SWE,gyo,5
SWE,olivrr,5
SWE,teriak,5
SWE,Risifr,5
SWE,Coca co,5
SWE,sausa,5
SWE,hass,5
SWE,zyn peach,5
SWE,tryffel salami,5
SWE,havreris,5
SWE,bröd lingon,5
SWE,nikotinpåsar,5
SWE,portabello,5
SWE,skedar,5
SWE,tigg,5
SWE,lövbif,5
SWE,kris,5
SWE,frystor,5
SWE,mini velo,5
SWE,gorgo,5
SWE,int,5
SWE,mae,5
SWE,marr,5
SWE,fw,5
SWE,Triumf,5
SWE,snabkaffe,5
SWE,famil,5
SWE,kamben,5
SWE,Burgare,5
SWE,bong,5
SWE,beb,5
SWE,fullkornsmakaroner,5
SWE,otrivin menthol,5
SWE,hallon sylt,5
SWE,Coop,5
SWE,frukts,5
SWE,neska,5
SWE,daimtå,5
SWE,snua,5
SWE,loka citr,5
SWE,glass san,5
SWE,malbo,5
SWE,soo,5
SWE,chicken kebab,5
SWE,chilli oil,5
SWE,proteinkak,5
SWE,100,5
SWE,föaska,5
SWE,Mac,5
SWE,blockljus,5
SWE,fud,5
SWE,sidfl,5
SWE,mandla,5
SWE,gräddaås,5
SWE,russi frutti,5
SWE,Cigarettes,5
SWE,hjärt,5
SWE,Mjolk,5
SWE,morotsk,5
SWE,fiberhusk,5
SWE,chips ugn,5
SWE,Bananer,5
SWE,softla,5
SWE,Fuet,5
SWE,roas,5
SWE,mr mus,5
SWE,cjips,5
SWE,hundb,5
SWE,sofa,5
SWE,matlagningsost,5
SWE,sura mixen,5
SWE,marmelade,5
SWE,blånä,5
SWE,Kaliber,5
SWE,grekisk yough,5
SWE,marsc,5
SWE,glass van,5
SWE,pamper,5
SWE,manuka,5
SWE,smoothie mix,5
SWE,foca,5
SWE,motor,5
SWE,glass lak,5
SWE,rock,5
SWE,tvättk,5
SWE,sour c,5
SWE,skruf,5
SWE,blöjor pampers,5
SWE,häx,5
SWE,nöttf,5
SWE,surdegsbr,5
SWE,kok korv,5
SWE,kic,5
SWE,inotyol,5
SWE,Tu,5
SWE,kokosnöt,5
SWE,spinat,5
SWE,päronglass,5
SWE,glutenfritt brö,5
SWE,makaronee,5
SWE,cayen,5
SWE,socket,5
SWE,skivad os,5
SWE,sve,5
SWE,mangoraj,5
SWE,matlagningsgrädd,5
SWE,ice coffee,5
SWE,stek smör,5
SWE,röd p,5
SWE,knöck,5
SWE,hamnurg,5
SWE,philadelphi,5
SWE,salladsmi,5
SWE,him,5
SWE,Tug,5
SWE,gyr,5
SWE,brämhul,5
SWE,pizza bröd,5
SWE,kaffe ka,5
SWE,grillad paprika,5
SWE,potato bun,5
SWE,yomat,5
SWE,isl,5
SWE,fryst b,5
SWE,Lo,5
SWE,kastanjer,5
SWE,max ham,5
SWE,flaskborste,5
SWE,marbou,5
SWE,parn,5
SWE,Goo,5
SWE,apor,5
SWE,ships,5
SWE,halom,5
SWE,lucky,5
SWE,curry mango,5
SWE,bommull,5
SWE,soppåsae,5
SWE,kaffebonor,5
SWE,lakti,5
SWE,bero,5
SWE,cola koff,5
SWE,cco,5
SWE,Zeina,5
SWE,cream che,5
SWE,slt,5
SWE,micropop,5
SWE,fat,5
SWE,chokladn,5
SWE,vate,5
SWE,innerfile,5
SWE,räl,5
SWE,kad,5
SWE,chedder,5
SWE,tacks,5
SWE,hand wash,5
SWE,fryst bro,5
SWE,kotv,5
SWE,raklö,5
SWE,frusen,5
SWE,mandels,5
SWE,choklad dryck,5
SWE,choklad biscoff,5
SWE,knappar,5
SWE,tester,5
SWE,lf yogurt,5
SWE,can,5
SWE,fruktkrusar,5
SWE,marsip,5
SWE,famta,5
SWE,laktr,5
SWE,kräftstjärtar,5
SWE,roi,5
SWE,paprikapure,5
SWE,näspray,5
SWE,tvättserv,5
SWE,7-up,5
SWE,färskpot,5
SWE,matab,5
SWE,mouthwash,5
SWE,guace,5
SWE,pasta alfredo,5
SWE,idea,5
SWE,naa,5
SWE,citrn,5
SWE,Si,5
SWE,glutenfritt b,5
SWE,röd pap,5
SWE,musko,5
SWE,dumle snacks,5
SWE,valio laktosfri,5
SWE,kerir,5
SWE,kantarel,5
SWE,pasta gf,5
SWE,Snit,5
SWE,oä,5
SWE,ägt,5
SWE,hamburgaro,5
SWE,birthday,5
SWE,orangina,5
SWE,Basilika,5
SWE,aro,5
SWE,kit ka,5
SWE,Mörk choklad,5
SWE,nypotatis,5
SWE,skärbräda,5
SWE,pinn glass,5
SWE,kycki,5
SWE,puffat,5
SWE,Ostbå,5
SWE,glass tillbehör,5
SWE,fötter,5
SWE,ehrman,5
SWE,potTis,5
SWE,kokoschips,5
SWE,mue,5
SWE,duc,5
SWE,skratt,5
SWE,natt,5
SWE,gods,5
SWE,Ruccola,5
SWE,gratäng ost,5
SWE,qua,5
