Country,Query,Searches
MLT,water,11904
MLT,milk,10453
MLT,bread,8340
MLT,eggs,6904
MLT,chicken,5818
MLT,ice,5508
MLT,cheese,4963
MLT,ice cream,4474
MLT,benna,3725
MLT,tuna,3416
MLT,butter,3232
MLT,ham,3212
MLT,rice,3132
MLT,pasta,3040
MLT,garlic,3038
MLT,toilet,2714
MLT,egg,2511
MLT,tomato,2505
MLT,beer,2395
MLT,coca,2392
MLT,greek,2378
MLT,banana,2338
MLT,protein,2311
MLT,pizza,2275
MLT,coke,2222
MLT,lemon,2215
MLT,chocolate,2176
MLT,onion,2088
MLT,coffee,2064
MLT,pepsi,2052
MLT,cream,1985
MLT,toilet paper,1948
MLT,bacon,1921
MLT,alpro,1853
MLT,salad,1852
MLT,wipes,1832
MLT,monster,1812
MLT,yogurt,1782
MLT,vape,1773
MLT,juice,1671
MLT,mayo,1662
MLT,chips,1661
MLT,feta,1639
MLT,wine,1610
MLT,cheddar,1587
MLT,potato,1581
MLT,kefir,1538
MLT,kinder,1535
MLT,corn,1521
MLT,sugar,1519
MLT,pesto,1491
MLT,sprite,1485
MLT,mozzarella,1450
MLT,fruit,1449
MLT,ice tea,1443
MLT,salmon,1430
MLT,cucumber,1424
MLT,cereal,1420
MLT,lettuce,1404
MLT,meat,1402
MLT,nutella,1395
MLT,sausage,1392
MLT,beef,1390
MLT,nescafe,1388
MLT,salt,1371
MLT,avocado,1354
MLT,honey,1348
MLT,noodles,1343
MLT,pepper,1309
MLT,cisk,1239
MLT,tomatoes,1222
MLT,cola,1206
MLT,frozen,1205
MLT,kinnie,1199
MLT,olives,1196
MLT,yoghurt,1182
MLT,coconut,1172
MLT,apple,1150
MLT,spinach,1148
MLT,terea,1140
MLT,oil,1114
MLT,crisps,1102
MLT,co,1098
MLT,potatoes,1096
MLT,burger,1093
MLT,shampoo,1074
MLT,flour,1056
MLT,garbage,1049
MLT,fanta,1024
MLT,fairy,1017
MLT,cake,1017
MLT,kitchen,1011
MLT,mince,1002
MLT,kristal,999
MLT,nuts,991
MLT,onions,984
MLT,basil,983
MLT,sparkling,981
MLT,salami,981
MLT,parsley,968
MLT,cottage,967
MLT,ginger,959
MLT,coca cola,958
MLT,soap,958
MLT,zero,957
MLT,fries,956
MLT,lenor,947
MLT,twistees,941
MLT,orange,939
MLT,gluten free,927
MLT,redbull,925
MLT,olive oil,917
MLT,red,915
MLT,cherry,909
MLT,popcorn,895
MLT,wudy,894
MLT,fish,893
MLT,dip,892
MLT,kitchen roll,889
MLT,vodka,889
MLT,coke zero,889
MLT,straw,888
MLT,watermelon,884
MLT,oats,879
MLT,oat,876
MLT,carrots,872
MLT,baby,871
MLT,beans,866
MLT,tea,860
MLT,dove,860
MLT,peanut,859
MLT,wrap,857
MLT,tooth,854
MLT,sweet,847
MLT,crackers,844
MLT,carrot,841
MLT,biscuits,834
MLT,barilla,830
MLT,floor,827
MLT,bana,809
MLT,wraps,806
MLT,strawberry,805
MLT,red bull,803
MLT,chick,798
MLT,pringles,796
MLT,mushrooms,792
MLT,toma,790
MLT,snacks,778
MLT,grated,775
MLT,paper,772
MLT,bleach,767
MLT,shower gel,767
MLT,rothmans,766
MLT,ketchup,760
MLT,dish,759
MLT,ch,750
MLT,coc,745
MLT,almond,740
MLT,olive,736
MLT,toothpaste,735
MLT,turkey,734
MLT,blue,732
MLT,sausages,725
MLT,kunserva,722
MLT,chi,714
MLT,tomat,712
MLT,mint,710
MLT,sauce,710
MLT,hair,704
MLT,shower,695
MLT,7up,686
MLT,ariel,685
MLT,nivea,684
MLT,lactose free,683
MLT,potat,679
MLT,mushroom,677
MLT,peach,671
MLT,organic,670
MLT,bolero,660
MLT,vanilla,660
MLT,cream cheese,658
MLT,peas,653
MLT,pads,647
MLT,cat,643
MLT,choc,640
MLT,minced,637
MLT,hummus,636
MLT,dishwasher,636
MLT,pa,635
MLT,ba,634
MLT,granola,631
MLT,apples,627
MLT,velo,627
MLT,melon,620
MLT,oppo,619
MLT,go and fun,619
MLT,vegan,617
MLT,lime,616
MLT,hell,614
MLT,chill,613
MLT,sponge,607
MLT,pork,605
MLT,yog,605
MLT,grapes,602
MLT,grated cheese,600
MLT,galletti,600
MLT,sour,600
MLT,tonic,600
MLT,cider,599
MLT,panini,593
MLT,gbejna,593
MLT,pampers,589
MLT,parmesan,587
MLT,coco,586
MLT,laundry,580
MLT,cottage cheese,575
MLT,bag,571
MLT,polpa,570
MLT,tom,569
MLT,ricotta,567
MLT,avo,565
MLT,dips,565
MLT,kiwi,562
MLT,foil,562
MLT,marlboro,558
MLT,to,557
MLT,peanut butter,557
MLT,bbq,553
MLT,lactose,551
MLT,blueberries,549
MLT,go,548
MLT,mango,547
MLT,cookies,544
MLT,prosecco,543
MLT,chicken breast,538
MLT,pro,535
MLT,yo,535
MLT,parm,534
MLT,orange juice,528
MLT,cat food,526
MLT,rummo,516
MLT,mozza,511
MLT,peppers,510
MLT,oreo,506
MLT,penne,506
MLT,gin,504
MLT,broccoli,503
MLT,vogue,503
MLT,corona,501
MLT,taco,498
MLT,icecream,497
MLT,sa,496
MLT,strawberries,495
MLT,choco,493
MLT,gar,493
MLT,wat,491
MLT,buns,488
MLT,ma,486
MLT,halo,486
MLT,pop,482
MLT,cuc,481
MLT,litter,479
MLT,toil,479
MLT,cotton,478
MLT,wa,476
MLT,tortilla,475
MLT,greek yogurt,475
MLT,gatorade,474
MLT,mozarella,470
MLT,mozz,469
MLT,rucola,469
MLT,burgers,467
MLT,maltese,466
MLT,chic,465
MLT,mustard,465
MLT,brea,465
MLT,deo,464
MLT,white,463
MLT,baked beans,461
MLT,black,459
MLT,sun,457
MLT,pep,456
MLT,magnum,456
MLT,pota,454
MLT,banan,454
MLT,jam,454
MLT,dog,454
MLT,dettol,451
MLT,aptamil,451
MLT,pancetta,449
MLT,bagel,448
MLT,passata,448
MLT,par,447
MLT,oat milk,441
MLT,lavazza,440
MLT,roth,439
MLT,soy,438
MLT,cig,438
MLT,bags,437
MLT,pineapple,432
MLT,pe,432
MLT,ftira,430
MLT,soup,429
MLT,veg,429
MLT,dill,428
MLT,jelly,424
MLT,che,424
MLT,sweets,422
MLT,pot,422
MLT,tofu,421
MLT,pall mall,421
MLT,monin,420
MLT,conditioner,420
MLT,baking,419
MLT,lighter,418
MLT,cho,417
MLT,gloves,415
MLT,vivace,415
MLT,spar,414
MLT,spaghetti,412
MLT,sparkling water,411
MLT,nappies,407
MLT,mush,407
MLT,snack,406
MLT,detergent,404
MLT,deodorant,403
MLT,doritos,401
MLT,vinegar,401
MLT,white wine,400
MLT,garbage bags,400
MLT,mo,398
MLT,croissant,397
MLT,crisp,396
MLT,cigarettes,396
MLT,hand,395
MLT,gluten,395
MLT,burrata,394
MLT,sp,393
MLT,tortellini,392
MLT,ca,390
MLT,chicke,390
MLT,milka,390
MLT,greens,390
MLT,jesper,389
MLT,edam,388
MLT,toast,386
MLT,gree,386
MLT,paprika,385
MLT,pall,385
MLT,coconut milk,383
MLT,le,382
MLT,sour cream,379
MLT,fresh,377
MLT,pan,376
MLT,mil,375
MLT,coolee,373
MLT,greek yoghurt,373
MLT,haribo,373
MLT,dates,372
MLT,drinks,372
MLT,coriander,371
MLT,pea,368
MLT,bre,368
MLT,apple juice,367
MLT,green,365
MLT,mayor,364
MLT,biscuit,363
MLT,panna,363
MLT,sugar free,363
MLT,moz,360
MLT,biscoff,360
MLT,marl,360
MLT,spark,356
MLT,babylino,355
MLT,always,355
MLT,celery,354
MLT,parme,354
MLT,sandwich,353
MLT,nes,353
MLT,tissue,353
MLT,pastry,351
MLT,creatine,350
MLT,candle,350
MLT,innocent,348
MLT,nuggets,348
MLT,brown,348
MLT,perrier,348
MLT,chees,347
MLT,chia,347
MLT,energy,346
MLT,almond milk,345
MLT,san,344
MLT,coffe,343
MLT,wate,342
MLT,dark chocolate,340
MLT,felix,339
MLT,la,338
MLT,tilda,337
MLT,rice cakes,337
MLT,sal,337
MLT,cor,337
MLT,charcoal,337
MLT,valsoia,336
MLT,gran,336
MLT,red wine,334
MLT,salsa,334
MLT,condoms,333
MLT,garli,332
MLT,sweet potato,331
MLT,twis,330
MLT,ice crea,330
MLT,strawb,330
MLT,hand soap,329
MLT,may,329
MLT,mutti,329
MLT,hair dye,328
MLT,baguette,328
MLT,cucum,327
MLT,levissima,327
MLT,noodle,325
MLT,wolt,324
MLT,parma,323
MLT,be,323
MLT,almonds,323
MLT,hot dog,322
MLT,excel,322
MLT,peaches,322
MLT,sau,322
MLT,cucu,321
MLT,nut,320
MLT,syrup,320
MLT,bu,319
MLT,bigilla,318
MLT,chee,318
MLT,steak,317
MLT,slice,317
MLT,vileda,317
MLT,bin,317
MLT,soda,317
MLT,sliced,313
MLT,po,310
MLT,babybel,310
MLT,condom,310
MLT,knorr,310
MLT,ci,309
MLT,ben,309
MLT,ice c,307
MLT,berries,306
MLT,twist,306
MLT,br,305
MLT,dunhill,304
MLT,tomatoe,304
MLT,durex,303
MLT,caramel,303
MLT,chickpeas,303
MLT,pine,302
MLT,ant,300
MLT,cracker,298
MLT,heinz,298
MLT,ban,298
MLT,baygon,298
MLT,brown sugar,298
MLT,chilli,298
MLT,napkins,297
MLT,pecorino,296
MLT,minced beef,295
MLT,actimel,295
MLT,soya,294
MLT,cr,294
MLT,toi,293
MLT,tissues,292
MLT,yogu,292
MLT,carr,291
MLT,trash,291
MLT,peps,291
MLT,toothbrush,291
MLT,spray,290
MLT,tomato sauce,290
MLT,curry,290
MLT,zott,289
MLT,monte,288
MLT,aperol,287
MLT,glass,287
MLT,cok,287
MLT,pr,287
MLT,stra,286
MLT,skol,286
MLT,nachos,285
MLT,al,285
MLT,kinn,285
MLT,gum,285
MLT,mi,284
MLT,washing,283
MLT,breezer,282
MLT,couscous,282
MLT,strawberr,281
MLT,weetabix,281
MLT,saus,281
MLT,sausa,280
MLT,avoc,280
MLT,protein bar,280
MLT,hipp,279
MLT,baked,279
MLT,lindt,279
MLT,bun,279
MLT,astonish,279
MLT,candy,278
MLT,grana,278
MLT,ella,277
MLT,pi,277
MLT,cups,276
MLT,birthday,276
MLT,twi,276
MLT,pickles,275
MLT,wipe,273
MLT,peanuts,272
MLT,ocb,272
MLT,vegetables,272
MLT,pepsi max,272
MLT,bisc,271
MLT,world cup,271
MLT,brie,271
MLT,fabuloso,271
MLT,muffin,271
MLT,zymil,270
MLT,pepp,270
MLT,benn,269
MLT,phila,268
MLT,flowers,267
MLT,dolce,267
MLT,schar,267
MLT,greek yo,267
MLT,vuse,266
MLT,dewfresh,266
MLT,pods,265
MLT,golden,265
MLT,rice cake,264
MLT,chocol,264
MLT,nespresso,264
MLT,chill berry,264
MLT,bis,264
MLT,bauli,264
MLT,tun,264
MLT,razor,263
MLT,lays,263
MLT,aia,263
MLT,ice cre,263
MLT,powerade,262
MLT,wet,262
MLT,lett,262
MLT,daves,261
MLT,fabric,261
MLT,organix,261
MLT,conad,260
MLT,car,260
MLT,dolce gusto,260
MLT,ready,260
MLT,blueb,259
MLT,cup,258
MLT,carro,257
MLT,plastic,257
MLT,lemons,256
MLT,fage,256
MLT,fresh cream,256
MLT,coconut water,255
MLT,dark,255
MLT,dog food,254
MLT,con,254
MLT,mus,254
MLT,ha,253
MLT,oranges,252
MLT,toile,252
MLT,rizla,252
MLT,camel,252
MLT,spri,251
MLT,ic,250
MLT,mosquito,250
MLT,ki,250
MLT,sala,249
MLT,alberto,248
MLT,cinnamon,248
MLT,pring,248
MLT,goat,248
MLT,nute,247
MLT,appl,247
MLT,walkers,246
MLT,mon,246
MLT,nail,246
MLT,pars,245
MLT,mar,244
MLT,cigarette,243
MLT,alcohol,243
MLT,cranberry,242
MLT,oxva,242
MLT,ri,242
MLT,kale,241
MLT,onio,241
MLT,sliced cheese,240
MLT,so,240
MLT,cookie,240
MLT,ace,240
MLT,cocoa,239
MLT,mushr,239
MLT,chocolate chips,239
MLT,shredded,238
MLT,oatly,238
MLT,spag,237
MLT,phil,237
MLT,body wash,237
MLT,rio mare,237
MLT,spring,237
MLT,chillberry,236
MLT,prawn,236
MLT,rose,235
MLT,fr,235
MLT,pita,234
MLT,vapes,234
MLT,mop,233
MLT,tobacco,232
MLT,fro,232
MLT,sunflower,232
MLT,capers,232
MLT,nood,232
MLT,iqos,231
MLT,shrimp,231
MLT,sardines,231
MLT,lentils,231
MLT,mortadella,230
MLT,baking paper,230
MLT,ga,229
MLT,gra,229
MLT,crips,228
MLT,ciga,227
MLT,blueberr,227
MLT,jumbo,227
MLT,wet wipes,227
MLT,butt,227
MLT,lasagna,227
MLT,light,227
MLT,toilet pap,227
MLT,takis,226
MLT,walnuts,226
MLT,nutell,226
MLT,kettle,225
MLT,acqua,225
MLT,go and,224
MLT,bro,224
MLT,moscato,224
MLT,batteries,223
MLT,mal,223
MLT,pink,222
MLT,deod,222
MLT,broc,222
MLT,rum,222
MLT,cadbury,222
MLT,drink,222
MLT,halal,221
MLT,plasmon,221
MLT,roll,221
MLT,greek yog,221
MLT,nacho,221
MLT,garba,220
MLT,cous,220
MLT,lemo,220
MLT,waist,220
MLT,tuff,219
MLT,kit,219
MLT,spa,219
MLT,basmati,218
MLT,coleslaw,218
MLT,betty,218
MLT,elan,218
MLT,coff,218
MLT,cashew,217
MLT,prot,216
MLT,air,216
MLT,ice coffee,216
MLT,beyond,215
MLT,smoked,215
MLT,pumpkin,215
MLT,sourdough,214
MLT,pancake,214
MLT,sushi,214
MLT,spin,214
MLT,mu,213
MLT,chiken,213
MLT,brush,213
MLT,maltese bread,212
MLT,cabbage,212
MLT,frumist,212
MLT,rio,212
MLT,pavi,212
MLT,bi,211
MLT,cole,211
MLT,nesca,211
MLT,malboro,211
MLT,wafer,211
MLT,burger buns,209
MLT,col,209
MLT,pregnancy,209
MLT,gouda,207
MLT,chocolate milk,207
MLT,avoca,206
MLT,pas,206
MLT,dew,205
MLT,baking soda,205
MLT,lentil,205
MLT,gammon,204
MLT,cigar,203
MLT,cro,203
MLT,oliv,203
MLT,7 up,203
MLT,gall,202
MLT,fruits,202
MLT,quorn,202
MLT,mars,202
MLT,crack,202
MLT,yogh,201
MLT,soft,201
MLT,tampax,201
MLT,chili,201
MLT,fa,200
MLT,digestive,200
MLT,potatoe,200
MLT,bar,200
MLT,mill,200
MLT,pouch,200
MLT,cu,200
MLT,lurpak,200
MLT,sprit,199
MLT,tw,199
MLT,body,199
MLT,drain,198
MLT,ke,198
MLT,whole,198
MLT,cond,198
MLT,glade,198
MLT,gel,197
MLT,president,197
MLT,maple,197
MLT,moza,197
MLT,tuc,196
MLT,alpr,196
MLT,blu,195
MLT,dis,195
MLT,m&m,195
MLT,cool,195
MLT,parsl,194
MLT,guanciale,194
MLT,froze,194
MLT,smoked salmon,193
MLT,marlb,193
MLT,ric,193
MLT,gr,193
MLT,nestle,193
MLT,softener,193
MLT,lube,193
MLT,levi,193
MLT,candles,193
MLT,travel,193
MLT,zucchini,193
MLT,benna milk,192
MLT,halo top,192
MLT,pickle,192
MLT,sugo,192
MLT,regina,191
MLT,meatballs,191
MLT,waterme,191
MLT,waterm,190
MLT,de,190
MLT,bur,190
MLT,decaf,190
MLT,lamb,190
MLT,quinoa,190
MLT,yeast,190
MLT,bananas,190
MLT,ket,189
MLT,chorizo,189
MLT,oshee,189
MLT,spr,189
MLT,chedd,189
MLT,snickers,189
MLT,cif,189
MLT,sparkl,189
MLT,garlic powder,188
MLT,grape,188
MLT,bac,188
MLT,card,188
MLT,su,187
MLT,gallett,187
MLT,rothm,187
MLT,pie,187
MLT,chicco,187
MLT,ta,187
MLT,bee,187
MLT,ice cr,186
MLT,power,186
MLT,cleaning,185
MLT,aloe,185
MLT,garb,185
MLT,star,185
MLT,croi,185
MLT,pueblo,185
MLT,soy sauce,184
MLT,cherr,184
MLT,lunch,184
MLT,past,184
MLT,diet,184
MLT,baking powder,184
MLT,cat litter,183
MLT,cloth,183
MLT,snus,183
MLT,st,183
MLT,shandy,182
MLT,sweet corn,182
MLT,prosciutto,182
MLT,orang,181
MLT,flo,181
MLT,party,181
MLT,ketch,181
MLT,sh,180
MLT,cott,180
MLT,oregano,180
MLT,di,180
MLT,activia,180
MLT,olly,180
MLT,stock,180
MLT,ravioli,179
MLT,toilet p,179
MLT,flora,179
MLT,prin,179
MLT,li,179
MLT,danone,179
MLT,str,179
MLT,glue,179
MLT,tape,178
MLT,halloumi,178
MLT,espresso,178
MLT,salam,177
MLT,matcha,177
MLT,mayon,177
MLT,whey,176
MLT,starbucks,175
MLT,frozen fruit,175
MLT,kin,175
MLT,panc,174
MLT,ap,174
MLT,iced tea,174
MLT,blueberry,174
MLT,garl,174
MLT,eg,174
MLT,pancakes,174
MLT,cap,174
MLT,gat,174
MLT,capri,174
MLT,hash,173
MLT,kerry,173
MLT,rav,173
MLT,spina,173
MLT,pom,172
MLT,tu,172
MLT,tomato paste,172
MLT,pavesi,172
MLT,beetroot,172
MLT,ritz,172
MLT,hand wash,172
MLT,pepperoni,172
MLT,do,172
MLT,coconut oil,171
MLT,kitkat,171
MLT,strawbe,171
MLT,garlic bread,171
MLT,ritter,171
MLT,prote,171
MLT,vegetable,170
MLT,maxibon,170
MLT,pistachio,170
MLT,golden harvest,170
MLT,kef,170
MLT,bueno,170
MLT,mozzare,170
MLT,pros,169
MLT,tort,169
MLT,sweetcorn,169
MLT,maxi,169
MLT,iced,169
MLT,mayonnaise,169
MLT,pinsa,169
MLT,mini,168
MLT,cola zero,168
MLT,gato,168
MLT,brocc,168
MLT,re,168
MLT,chip,168
MLT,gator,167
MLT,broom,167
MLT,cra,167
MLT,sponges,167
MLT,wash,167
MLT,pantene,166
MLT,chicken strips,166
MLT,deter,165
MLT,twix,165
MLT,insect,165
MLT,bottle,165
MLT,scrub,165
MLT,tempo,165
MLT,evian,165
MLT,corned beef,165
MLT,battery,164
MLT,peper,164
MLT,fan,164
MLT,hot,164
MLT,powder,164
MLT,head,164
MLT,acai,164
MLT,bo,164
MLT,towel,163
MLT,frozen veg,163
MLT,ice cubes,163
MLT,dairy milk,163
MLT,sweet pot,163
MLT,ruc,163
MLT,bacardi,163
MLT,cri,162
MLT,greek y,162
MLT,sliced bread,162
MLT,lem,161
MLT,cer,161
MLT,orbit,161
MLT,sweet po,161
MLT,nesc,161
MLT,lettu,161
MLT,cherry tomatoes,160
MLT,skimmed,160
MLT,oran,159
MLT,sesame,159
MLT,toilet pa,159
MLT,va,158
MLT,water wipes,158
MLT,sausag,158
MLT,preg,158
MLT,broth,158
MLT,wax,158
MLT,thyme,157
MLT,cris,157
MLT,min,157
MLT,garbage bag,157
MLT,pean,157
MLT,zoflora,157
MLT,red onion,157
MLT,face,156
MLT,plates,156
MLT,condensed,156
MLT,shaving,156
MLT,alp,156
MLT,or,156
MLT,wolt market,156
MLT,dish soap,156
MLT,kunser,156
MLT,kellogs,155
MLT,cumin,155
MLT,kinnie zero,155
MLT,mos,155
MLT,toot,154
MLT,rothman,154
MLT,galle,154
MLT,ready to eat,154
MLT,whiskas,154
MLT,halls,154
MLT,pet,154
MLT,beet,154
MLT,me,154
MLT,muesli,154
MLT,kerrygold,154
MLT,sundried,153
MLT,gre,153
MLT,brioche,153
MLT,prawns,153
MLT,ro,152
MLT,ravjul,152
MLT,pear,152
MLT,chicken nuggets,152
MLT,squash,152
MLT,kitch,151
MLT,kids,151
MLT,pista,151
MLT,pudding,151
MLT,mulino,151
MLT,nu,150
MLT,mixed,150
MLT,blades,150
MLT,philadelphia,150
MLT,pama,150
MLT,well,150
MLT,rolling,150
MLT,noo,150
MLT,we,150
MLT,bean,150
MLT,frisian,150
MLT,twistee,149
MLT,crea,149
MLT,bovril,149
MLT,persil,149
MLT,pate,149
MLT,vidal,148
MLT,gbejn,148
MLT,lemon juice,148
MLT,oli,148
MLT,healthy,148
MLT,guan,148
MLT,parmalat,147
MLT,minced meat,147
MLT,creme,147
MLT,cakes,147
MLT,rothma,147
MLT,pick,147
MLT,pap,147
MLT,handwash,147
MLT,malt,146
MLT,burg,146
MLT,electrolytes,146
MLT,kinni,146
MLT,te,145
MLT,bath,145
MLT,sand,145
MLT,vo,145
MLT,cooking cream,145
MLT,edamame,145
MLT,san michel,145
MLT,swee,145
MLT,arla,144
MLT,chocolate chip,144
MLT,lacto,144
MLT,dark choc,144
MLT,herbs,144
MLT,pal,144
MLT,can,144
MLT,ramen,144
MLT,blue cheese,144
MLT,bakery,144
MLT,Water,143
MLT,glove,143
MLT,fuze,143
MLT,milkshake,143
MLT,flag,143
MLT,iced coffee,143
MLT,kebab,143
MLT,chickpea,142
MLT,cotto,142
MLT,pro milk,142
MLT,baco,142
MLT,bio,142
MLT,pri,142
MLT,french,142
MLT,colour,141
MLT,organic bag,141
MLT,puff,141
MLT,maltesers,141
MLT,breakfast,141
MLT,gnocchi,141
MLT,cereal bar,140
MLT,marrow,140
MLT,lava,140
MLT,rosemary,140
MLT,flower,140
MLT,wholemeal,140
MLT,av,140
MLT,charger,140
MLT,tampon,140
MLT,kolios,139
MLT,wc,139
MLT,white chocolate,139
MLT,sha,139
MLT,cocon,139
MLT,pink stuff,139
MLT,burger bun,139
MLT,chives,139
MLT,misura,139
MLT,sanex,139
MLT,breast,138
MLT,belvita,138
MLT,nicotine,138
MLT,tampons,138
MLT,vege,138
MLT,pad,137
MLT,mons,137
MLT,dr,137
MLT,choclate,137
MLT,luncheon,137
MLT,goat cheese,137
MLT,napkin,136
MLT,wip,136
MLT,vaseline,136
MLT,han,136
MLT,jui,136
MLT,electro,136
MLT,mozzar,135
MLT,minc,135
MLT,breas,135
MLT,condensed milk,135
MLT,cre,135
MLT,batter,135
MLT,smiles,135
MLT,you,135
MLT,balsamic,135
MLT,marrows,135
MLT,disposable,134
MLT,dishwash,134
MLT,dessert,134
MLT,mouthwash,134
MLT,cod,134
MLT,wel,134
MLT,popc,134
MLT,gal,134
MLT,parma ham,134
MLT,pre,134
MLT,seeds,133
MLT,na,133
MLT,pasta sauce,133
MLT,kris,133
MLT,bitter,133
MLT,pop corn,133
MLT,pizz,133
MLT,colgate,133
MLT,monst,133
MLT,filter,133
MLT,vap,133
MLT,chocola,132
MLT,diet coke,132
MLT,granita,132
MLT,tacos,132
MLT,lemon soda,132
MLT,elmlea,132
MLT,pfanner,132
MLT,noodl,132
MLT,bluebe,131
MLT,parmi,131
MLT,elite,131
MLT,ora,131
MLT,vita,131
MLT,maypole,131
MLT,dough,131
MLT,brown bread,130
MLT,mascarpone,130
MLT,peanu,130
MLT,skyr,130
MLT,acti,130
MLT,white sauce,130
MLT,fifa,130
MLT,kri,130
MLT,wella,129
MLT,protei,129
MLT,smoothie,129
MLT,mash,129
MLT,wi,129
MLT,sprite zero,129
MLT,spread,128
MLT,kombucha,128
MLT,pata,128
MLT,lidl,128
MLT,cotta,128
MLT,lorenz,128
MLT,mc,128
MLT,septona,128
MLT,torte,128
MLT,tur,128
MLT,roll on,127
MLT,bl,127
MLT,crac,127
MLT,special k,127
MLT,tor,127
MLT,waistnot,127
MLT,spi,127
MLT,nature valley,127
MLT,capp,127
MLT,liquid,127
MLT,rikotta,127
MLT,galetti,127
MLT,ru,127
MLT,chocolat,127
MLT,cucumb,127
MLT,leviss,127
MLT,tyson,126
MLT,nescaf,126
MLT,corned,126
MLT,condi,126
MLT,iceberg,126
MLT,sug,126
MLT,senso,126
MLT,frank,126
MLT,gran cucina,126
MLT,veet,126
MLT,rolls,126
MLT,Nutella,126
MLT,hanini,126
MLT,coo,126
MLT,kefi,126
MLT,lion,126
MLT,recycling,125
MLT,coca zero,125
MLT,bay,125
MLT,wings,125
MLT,emlea,125
MLT,cooler,125
MLT,sunscreen,125
MLT,vanish,125
MLT,avocad,124
MLT,energy drink,124
MLT,mushroo,124
MLT,krist,124
MLT,ive,124
MLT,cornetto,124
MLT,vi,124
MLT,wayer,124
MLT,recy,124
MLT,softner,124
MLT,gilette,124
MLT,gbej,124
MLT,veggie,124
MLT,go fun,124
MLT,jerky,124
MLT,ginger ale,123
MLT,cotton buds,123
MLT,kinder bueno,123
MLT,dew fresh,123
MLT,dr pepper,123
MLT,oven,123
MLT,sex,123
MLT,whiskey,123
MLT,garlic butter,122
MLT,jespers,122
MLT,spagh,122
MLT,sandw,122
MLT,chia seeds,122
MLT,finish,122
MLT,dairy,122
MLT,bell,122
MLT,ne,122
MLT,bounty,122
MLT,berry,122
MLT,rot,121
MLT,bavaria,121
MLT,la vache,121
MLT,cherry tom,121
MLT,oni,121
MLT,se,121
MLT,leek,121
MLT,gbe,121
MLT,barista,121
MLT,chil,121
MLT,kun,121
MLT,win,121
MLT,cheese slice,120
MLT,feta cheese,120
MLT,tesoro,120
MLT,baby wipes,120
MLT,ellas,120
MLT,pine nuts,120
MLT,garbag,120
MLT,redb,120
MLT,baci,120
MLT,cigare,119
MLT,lev,119
MLT,watermel,119
MLT,buldak,119
MLT,toilet roll,119
MLT,dishwa,119
MLT,yoghu,119
MLT,bagels,119
MLT,gold,119
MLT,protein milk,119
MLT,toulet,119
MLT,strawber,119
MLT,conden,118
MLT,mevgal,118
MLT,rasp,118
MLT,ants,118
MLT,prose,118
MLT,parmes,118
MLT,walnut,118
MLT,whi,118
MLT,rico,118
MLT,lemonade,118
MLT,detol,117
MLT,bucket,117
MLT,pregnancy test,117
MLT,lact,117
MLT,ketc,117
MLT,aubergine,117
MLT,fab,117
MLT,rothmans red,117
MLT,hotdog,117
MLT,app,117
MLT,torti,117
MLT,beef mince,117
MLT,oral b,116
MLT,purina,116
MLT,crix,116
MLT,jack,116
MLT,devon,116
MLT,chedda,116
MLT,ve,116
MLT,baby spinach,116
MLT,mac,115
MLT,vitamin,115
MLT,cori,115
MLT,caviar,115
MLT,cacao,115
MLT,ribeye,115
MLT,plate,115
MLT,deli,115
MLT,pin,115
MLT,serano,115
MLT,cold,114
MLT,pen,114
MLT,protein powder,114
MLT,duck,114
MLT,jocca,114
MLT,berr,114
MLT,floo,114
MLT,per,114
MLT,wra,113
MLT,rocket,113
MLT,ribena,113
MLT,rice paper,113
MLT,nappy,113
MLT,fl,113
MLT,cherries,113
MLT,da,113
MLT,sardine,113
MLT,dildo,113
MLT,tiss,113
MLT,dunh,112
MLT,salmo,112
MLT,clean,112
MLT,Greek,112
MLT,yogur,112
MLT,orzo,112
MLT,jesp,112
MLT,hein,112
MLT,char,112
MLT,bol,111
MLT,pringl,111
MLT,ju,111
MLT,pest,111
MLT,ice cube,111
MLT,blade,111
MLT,pringle,111
MLT,perfume,111
MLT,mosq,111
MLT,brow,111
MLT,milk pro,110
MLT,fork,110
MLT,mea,110
MLT,organi,110
MLT,world,110
MLT,almon,110
MLT,kit kat,110
MLT,magn,110
MLT,custard,110
MLT,parmigiano,110
MLT,fusilli,110
MLT,heavy cream,110
MLT,bake,109
MLT,coconu,109
MLT,wor,109
MLT,tahini,109
MLT,ginger beer,109
MLT,cocacola,109
MLT,marlbo,109
MLT,ground,109
MLT,breadcrumbs,109
MLT,prosc,109
MLT,puff pastry,109
MLT,truffle,109
MLT,aloe vera,109
MLT,ti,109
MLT,dark cho,109
MLT,vegeta,108
MLT,grap,108
MLT,muffins,108
MLT,window,108
MLT,sch,108
MLT,illest,108
MLT,froz,108
MLT,fri,108
MLT,aqua,108
MLT,lac,108
MLT,gbejniet,108
MLT,water melon,108
MLT,naan,108
MLT,magnesium,108
MLT,levis,108
MLT,kr,108
MLT,stevia,108
MLT,black pepper,108
MLT,valor,108
MLT,cross,107
MLT,sprinkles,107
MLT,suga,107
MLT,waffle,107
MLT,floor cleaner,107
MLT,onion powder,107
MLT,tequila,107
MLT,sparkli,107
MLT,vine,107
MLT,pistac,107
MLT,ryvita,107
MLT,gullon,107
MLT,hopla,107
MLT,bathroom,107
MLT,cof,107
MLT,black bags,107
MLT,svelto,107
MLT,clothes,107
MLT,tonic water,107
MLT,ra,106
MLT,spagetti,106
MLT,green beans,106
MLT,coka,106
MLT,ja,106
MLT,dry,106
MLT,maggi,106
MLT,spices,106
MLT,almo,106
MLT,mouth,106
MLT,cream ch,106
MLT,barill,106
MLT,shamp,106
MLT,yougurt,106
MLT,coffee beans,105
MLT,mask,105
MLT,apta,105
MLT,gummies,105
MLT,pizza sauce,105
MLT,cocktail,105
MLT,sho,105
MLT,raisins,105
MLT,chickp,105
MLT,food,104
MLT,kellog,104
MLT,plant,104
MLT,domestos,104
MLT,too,104
MLT,wo,104
MLT,cottag,104
MLT,mince beef,104
MLT,ice te,104
MLT,but,104
MLT,black olives,104
MLT,biscui,104
MLT,morning,104
MLT,sgrassatore,103
MLT,egg white,103
MLT,fres,103
MLT,filters,103
MLT,smarties,103
MLT,venus,103
MLT,butte,103
MLT,det,103
MLT,cauliflower,103
MLT,sunshine,103
MLT,plum,103
MLT,old,103
MLT,prune,103
MLT,stickers,103
MLT,lasagne,102
MLT,seasoning,102
MLT,chewing,102
MLT,gummy,102
MLT,dorito,102
MLT,seaweed,102
MLT,parmeg,102
MLT,nesq,102
MLT,nutel,102
MLT,ce,102
MLT,pat,102
MLT,kitche,102
MLT,crodo,102
MLT,gluten free bread,101
MLT,frui,101
MLT,peppe,101
MLT,coca cola zero,101
MLT,chicken stock,101
MLT,stick,101
MLT,everyday,101
MLT,parsle,101
MLT,toothp,101
MLT,napp,101
MLT,sweetener,101
MLT,nature,101
MLT,sunflower oil,101
MLT,nail polish,101
MLT,bell pepper,101
MLT,wood,100
MLT,bolognese,100
MLT,anti,100
MLT,bas,100
MLT,mccain,100
MLT,vod,100
MLT,red bu,100
MLT,twirl,100
MLT,vin,100
MLT,soft drinks,100
MLT,zucc,100
MLT,thermometer,100
MLT,apple cider,100
MLT,sou,100
MLT,sna,100
MLT,organic bags,99
MLT,chewing gum,99
MLT,croiss,99
MLT,muller,99
MLT,dressing,99
MLT,mag,99
MLT,hair gel,99
MLT,hall,99
MLT,conde,99
MLT,baby food,99
MLT,salad cream,99
MLT,still water,99
MLT,smetana,99
MLT,cerea,99
MLT,blea,99
MLT,prime,99
MLT,deodo,99
MLT,crois,98
MLT,salm,98
MLT,ear,98
MLT,perr,98
MLT,icing,98
MLT,donut,98
MLT,container,98
MLT,malb,98
MLT,makeup,98
MLT,peperami,98
MLT,cere,98
MLT,cran,98
MLT,knife,98
MLT,len,98
MLT,lager,97
MLT,sticks,97
MLT,el,97
MLT,wud,97
MLT,welbees,97
MLT,safari,97
MLT,ched,97
MLT,leno,97
MLT,pants,97
MLT,bech,96
MLT,hone,96
MLT,fru,96
MLT,youg,96
MLT,weeta,96
MLT,shrimps,96
MLT,royal,96
MLT,lasag,96
MLT,weet,96
MLT,kuns,96
MLT,brita,95
MLT,bes,95
MLT,tiramisu,95
MLT,chocos,95
MLT,cis,95
MLT,papers,95
MLT,tooth paste,95
MLT,krista,95
MLT,carta,95
MLT,red pepper,95
MLT,brownie,95
MLT,cheesecake,95
MLT,bin bags,95
MLT,turk,95
MLT,eye,95
MLT,asparagus,95
MLT,cilantro,94
MLT,floss,94
MLT,colour catcher,94
MLT,paper towel,94
MLT,spoon,94
MLT,gallet,94
MLT,tza,94
MLT,hair spray,94
MLT,grat,94
MLT,no,94
MLT,humm,94
MLT,fire,94
MLT,dett,94
MLT,fi,94
MLT,white vinegar,94
MLT,watwr,94
MLT,lettuc,94
MLT,bisco,93
MLT,ho,93
MLT,elm,93
MLT,watee,93
MLT,spice,93
MLT,corian,93
MLT,algida,93
MLT,he,93
MLT,nori,93
MLT,dave,93
MLT,ob,93
MLT,mentos,93
MLT,popco,92
MLT,burr,92
MLT,pears,92
MLT,cordon,92
MLT,french fries,92
MLT,flou,92
MLT,like,92
MLT,mozare,92
MLT,rauch,92
MLT,wh,92
MLT,meats,92
MLT,dun,92
MLT,marsh,92
MLT,gravy,92
MLT,guac,92
MLT,nesquik,91
MLT,black bag,91
MLT,spring onion,91
MLT,cards,91
MLT,sw,91
MLT,must,91
MLT,cheetos,91
MLT,hal,90
MLT,figs,90
MLT,whisk,90
MLT,dishwas,90
MLT,pistacchio,90
MLT,fre,90
MLT,ter,90
MLT,straws,90
MLT,crab,90
MLT,tabacco,90
MLT,crispy,90
MLT,sc,90
MLT,cooking,90
MLT,bechamel,90
MLT,zalza,90
MLT,cereals,90
MLT,fish fingers,90
MLT,collagen,90
MLT,tony,90
MLT,ni,89
MLT,swim,89
MLT,skimmed milk,89
MLT,cooki,89
MLT,vani,89
MLT,kitten,89
MLT,juic,89
MLT,white claw,89
MLT,caponata,89
MLT,morta,89
MLT,jo,89
MLT,dishwashing,88
MLT,zym,88
MLT,malte,88
MLT,alama,88
MLT,pamper,88
MLT,dori,88
MLT,besc,88
MLT,lasa,88
MLT,huggies,88
MLT,kitchen towel,88
MLT,dan,88
MLT,egga,88
MLT,kitc,88
MLT,smirnoff,88
MLT,rib,88
MLT,woody,88
MLT,Milk,87
MLT,soda water,87
MLT,gavi,87
MLT,cook,87
MLT,morning coffee,87
MLT,veget,87
MLT,emy,87
MLT,tamp,87
MLT,sugu,87
MLT,bbq sauce,87
MLT,swe,87
MLT,gl,87
MLT,fajita,87
MLT,box,87
MLT,cinna,86
MLT,sun lolly,86
MLT,canned,86
MLT,spritz,86
MLT,sorbet,86
MLT,tesori,86
MLT,bree,86
MLT,barley,86
MLT,pinea,86
MLT,red b,86
MLT,m&,86
MLT,icec,86
MLT,croissants,86
MLT,spinac,86
MLT,orga,86
MLT,passa,86
MLT,corvo,86
MLT,balloons,86
MLT,cling,85
MLT,glu,85
MLT,spon,85
MLT,gi,85
MLT,dry shampoo,85
MLT,dried,85
MLT,redbu,85
MLT,malibu,85
MLT,cotton pads,85
MLT,tab,85
MLT,tooth brush,85
MLT,loaf,85
MLT,teddi,85
MLT,unsalted butter,85
MLT,jager,85
MLT,si,85
MLT,rye,84
MLT,wedges,84
MLT,peac,84
MLT,parmeggiano,84
MLT,van,84
MLT,nan,84
MLT,san mi,84
MLT,pickl,84
MLT,croutons,84
MLT,packets,84
MLT,cros,84
MLT,fabu,84
MLT,face wash,84
MLT,wellbees,84
MLT,fig,84
MLT,pallmall,84
MLT,uht,83
MLT,nugget,83
MLT,cand,83
MLT,dunhil,83
MLT,cornflakes,83
MLT,chesse,83
MLT,mix,83
MLT,rice cak,83
MLT,comfort,83
MLT,wu,83
MLT,latte,83
MLT,jasmine,83
MLT,bla,83
MLT,multi,83
MLT,vogu,83
MLT,chocolates,83
MLT,cupcake,83
MLT,pizza base,83
MLT,after sun,82
MLT,dijon,82
MLT,milky,82
MLT,galaxy,82
MLT,vitasnella,82
MLT,blueber,82
MLT,micro,82
MLT,icetea,82
MLT,hamburger,82
MLT,gu,82
MLT,ol,82
MLT,hei,82
MLT,lactose free milk,82
MLT,hum,82
MLT,ball,81
MLT,foxy,81
MLT,spong,81
MLT,cofee,81
MLT,santa maria,81
MLT,clipper,81
MLT,felce,81
MLT,boler,81
MLT,nap,81
MLT,unsalted,81
MLT,glut,81
MLT,ac,81
MLT,yakult,81
MLT,philadel,81
MLT,fair,81
MLT,ton,81
MLT,taba,81
MLT,pitta,81
MLT,ging,81
MLT,lu,81
MLT,stella,81
MLT,kind,81
MLT,ribs,81
MLT,bague,81
MLT,tin,81
MLT,fant,81
MLT,hydration,81
MLT,coke zer,80
MLT,bal,80
MLT,rigatoni,80
MLT,bab,80
MLT,novi,80
MLT,panin,80
MLT,cone,80
MLT,kiddy,80
MLT,cafe,80
MLT,inno,80
MLT,kunserv,80
MLT,step,80
MLT,freezer,80
MLT,pance,80
MLT,pif,80
MLT,tropicana,80
MLT,lubricant,80
MLT,zo,80
MLT,fe,80
MLT,tere,80
MLT,bowl,80
MLT,gift,80
MLT,mexican,80
MLT,cereal bars,79
MLT,double cream,79
MLT,hp,79
MLT,brio,79
MLT,fo,79
MLT,panko,79
MLT,pane,79
MLT,clem,79
MLT,shredded cheese,79
MLT,mixed veg,79
MLT,diablo,79
MLT,parmig,79
MLT,chicken wings,79
MLT,pic,79
MLT,spicy,79
MLT,sea,79
MLT,act,79
MLT,balloon,79
MLT,val,78
MLT,sk,78
MLT,fuel,78
MLT,gua,78
MLT,good,78
MLT,just,78
MLT,showe,78
MLT,oreos,78
MLT,slim,78
MLT,pascual,78
MLT,pu,78
MLT,grey,78
MLT,ice creams,78
MLT,mel,78
MLT,Ice,78
MLT,redbul,78
MLT,eater,78
MLT,pick up,78
MLT,berch,78
MLT,toba,78
MLT,cock,78
MLT,zu,78
MLT,rice ca,78
MLT,pump,78
MLT,pla,78
MLT,soa,78
MLT,orzata,78
MLT,nuvenia,78
MLT,protein shake,78
MLT,ras,78
MLT,bin bag,77
MLT,fet,77
MLT,glasses,77
MLT,ches,77
MLT,guanc,77
MLT,tortell,77
MLT,flax,77
MLT,limes,77
MLT,bitter lemon,77
MLT,pedigree,77
MLT,ajax,77
MLT,charc,77
MLT,was,77
MLT,pecor,77
MLT,martini,77
MLT,almond flour,77
MLT,pam,77
MLT,wee,77
MLT,chai,77
MLT,babybell,77
MLT,oa,77
MLT,stork,77
MLT,actim,76
MLT,aluminium,76
MLT,plant based,76
MLT,viva,76
MLT,gyoza,76
MLT,gourmet,76
MLT,sham,76
MLT,waste,76
MLT,peach juice,76
MLT,shave,76
MLT,whis,76
MLT,reese,76
MLT,pecan,76
MLT,fennel,76
MLT,fox,76
MLT,beetr,76
MLT,on,76
MLT,coles,76
MLT,green tea,76
MLT,melo,76
MLT,chicken mince,75
MLT,go&fun,75
MLT,tray,75
MLT,toni,75
MLT,kello,75
MLT,philad,75
MLT,bubble,75
MLT,lotus,75
MLT,dubai,75
MLT,sweet potat,75
MLT,Greek yogurt,75
MLT,viv,75
MLT,sandwi,75
MLT,lau,75
MLT,vibrator,75
MLT,pass,75
MLT,ice lolly,75
MLT,let,75
MLT,avent,75
MLT,panina,74
MLT,wasser,74
MLT,lipton,74
MLT,sensodyne,74
MLT,vog,74
MLT,jalapeno,74
MLT,jes,74
MLT,liver,74
MLT,zuc,74
MLT,coro,74
MLT,valso,74
MLT,roast,74
MLT,cashews,74
MLT,pretzel,74
MLT,bak,74
MLT,foot,74
MLT,dip dip,74
MLT,ener,73
MLT,du,73
MLT,dumplings,73
MLT,ricott,73
MLT,bagu,73
MLT,laun,73
MLT,cele,73
MLT,stir fry,73
MLT,tortillas,73
MLT,turkey ham,73
MLT,tissu,73
MLT,gran cu,73
MLT,whisky,73
MLT,wal,73
MLT,para,73
MLT,glute,73
MLT,tana,73
MLT,mas,73
MLT,brown rice,73
MLT,seed,73
MLT,pickled,73
MLT,biscu,73
MLT,raspberry,73
MLT,make up,73
MLT,party time,73
MLT,bri,73
MLT,sparklin,73
MLT,mozzarell,72
MLT,yogurts,72
MLT,plaster,72
MLT,trash bag,72
MLT,chilly,72
MLT,caper,72
MLT,sn,72
MLT,san mich,72
MLT,grenade,72
MLT,electrolyte,72
MLT,maltese sausage,72
MLT,cauli,72
MLT,bars,72
MLT,cappuccino,72
MLT,mozar,72
MLT,farfalle,72
MLT,liquid soap,72
MLT,electrol,72
MLT,sour patch,72
MLT,potatos,72
MLT,batt,72
MLT,qu,72
MLT,lucky,72
MLT,whipped,72
MLT,terrea,72
MLT,recycle,72
MLT,celer,71
MLT,tonno,71
MLT,mirinda,71
MLT,dark ch,71
MLT,welb,71
MLT,cam,71
MLT,gatora,71
MLT,lady,71
MLT,cel,71
MLT,listerine,71
MLT,sangria,71
MLT,wol,71
MLT,benna ice cream,71
MLT,chef,71
MLT,emmental,71
MLT,dorit,71
MLT,antibacterial,71
MLT,hi,71
MLT,semolina,71
MLT,pepsi zero,71
MLT,color,71
MLT,bear,71
MLT,nutmeg,71
MLT,mouth wash,71
MLT,cocoa powder,71
MLT,kidney,71
MLT,hair color,71
MLT,beef jerky,71
MLT,oyster,71
MLT,voi,71
MLT,salt and vinegar,71
MLT,walker,71
MLT,plastic cups,71
MLT,cake mix,71
MLT,eggplant,70
MLT,icing sugar,70
MLT,cheerios,70
MLT,lun,70
MLT,light cheese,70
MLT,simple,70
MLT,baked bea,70
MLT,tomate,70
MLT,tesoro mio,70
MLT,riz,70
MLT,betty crocker,70
MLT,pepe,70
MLT,ice t,70
MLT,pani,70
MLT,Bread,70
MLT,meatball,70
MLT,pes,70
MLT,mr,70
MLT,ar,70
MLT,peco,70
MLT,sauces,70
MLT,panca,70
MLT,citronella,70
MLT,mixed nuts,70
MLT,big,69
MLT,butter beans,69
MLT,slice cheese,69
MLT,hot sauce,69
MLT,carefree,69
MLT,instant,69
MLT,go & fun,69
MLT,hon,69
MLT,curl,69
MLT,grate,69
MLT,freskezza,69
MLT,polo,69
MLT,indomie,69
MLT,bourbon,69
MLT,jell,69
MLT,lur,69
MLT,phi,69
MLT,philade,69
MLT,frozen berries,69
MLT,besciamella,69
MLT,super,69
MLT,rice crackers,69
MLT,vanilla extract,69
MLT,rabbit,69
MLT,happy birthday,69
MLT,boost,68
MLT,whole milk,68
MLT,vanill,68
MLT,royals,68
MLT,ground beef,68
MLT,jala,68
MLT,je,68
MLT,zip,68
MLT,paste,68
MLT,oxo,68
MLT,bred,68
MLT,sard,68
MLT,all,68
MLT,pod,68
MLT,fly,68
MLT,brocco,68
MLT,soya milk,68
MLT,carta forno,68
MLT,cot,67
MLT,coffee pods,67
MLT,auber,67
MLT,after,67
MLT,broco,67
MLT,roasted,67
MLT,palse,67
MLT,cranb,67
MLT,spf,67
MLT,icecrea,67
MLT,pizza dough,67
MLT,ice lollies,67
MLT,turke,67
MLT,vodk,67
MLT,onion rings,67
MLT,humus,67
MLT,bea,67
MLT,chik,67
MLT,coke z,67
MLT,lo,67
MLT,juices,67
MLT,eda,67
MLT,ranch,67
MLT,cha,67
MLT,kimchi,66
MLT,blac,66
MLT,vanilla ice cream,66
MLT,plug,66
MLT,chinese,66
MLT,pif paf,66
MLT,waffles,66
MLT,gluten free pasta,66
MLT,primitivo,66
MLT,alm,66
MLT,kitchen paper,66
MLT,shampo,66
MLT,black beans,66
MLT,skittles,66
MLT,jalap,66
MLT,delta,66
MLT,strawberry milk,66
MLT,cockroach,66
MLT,lasagn,66
MLT,mat,66
MLT,frozen chips,66
MLT,pledge,66
MLT,chickpe,65
MLT,tal,65
MLT,raid,65
MLT,gb,65
MLT,nesqui,65
MLT,coca col,65
MLT,air freshner,65
MLT,bolo,65
MLT,lactos,65
MLT,vals,65
MLT,syr,65
MLT,turmeric,65
MLT,hair mask,65
MLT,toilet pape,65
MLT,cheese dip,65
MLT,cornet,65
MLT,pret,65
MLT,apt,65
MLT,ber,65
MLT,maltes,65
MLT,basi,65
MLT,minute,65
MLT,non alcoholic,64
MLT,rucol,64
MLT,sl,64
MLT,sea salt,64
MLT,cinn,64
MLT,cortado,64
MLT,frozen vegetables,64
MLT,football,64
MLT,por,64
MLT,lotion,64
MLT,burra,64
MLT,cher,64
MLT,cappucino,64
MLT,chicken burger,64
MLT,mousse,64
MLT,benna pro,64
MLT,nugg,64
MLT,peperoni,64
MLT,polp,64
MLT,foster,64
MLT,la va,64
MLT,bleac,64
MLT,tiger,64
MLT,cherry tomato,64
MLT,gas,64
MLT,protein pasta,64
MLT,dark choco,64
MLT,socks,64
MLT,fresh pasta,63
MLT,dor,63
MLT,frozen peas,63
MLT,burge,63
MLT,hair colour,63
MLT,coal,63
MLT,trolli,63
MLT,tinned,63
MLT,tetley,63
MLT,qui,63
MLT,salamini,63
MLT,john,63
MLT,loacker,63
MLT,mort,63
MLT,pastizzi,63
MLT,irkotta,63
MLT,prunes,63
MLT,orange j,63
MLT,flake,63
MLT,watermelo,63
MLT,mais,63
MLT,coria,63
MLT,nesquick,63
MLT,shaving foam,63
MLT,pome,63
MLT,zija,63
MLT,muff,63
MLT,tob,63
MLT,vegetable oil,63
MLT,coron,63
MLT,frosties,63
MLT,kitchen r,62
MLT,dishwasher salt,62
MLT,kidd,62
MLT,italian,62
MLT,sli,62
MLT,Pepsi,62
MLT,hazelnut,62
MLT,dixan,62
MLT,pec,62
MLT,marlbor,62
MLT,bresaola,62
MLT,date,62
MLT,bell peppers,62
MLT,pink lady,62
MLT,beach,62
MLT,gillette,62
MLT,bucato,62
MLT,mor,62
MLT,parmiggiano,62
MLT,crudo,62
MLT,salted,62
MLT,cappu,62
MLT,whit,62
MLT,coole,62
MLT,washing machine,62
MLT,protein pudding,62
MLT,orange jui,62
MLT,diapers,62
MLT,dental,62
MLT,bake rolls,62
MLT,protein bars,62
MLT,fti,62
MLT,malbo,62
MLT,war,62
MLT,cou,62
MLT,heineken,62
MLT,passat,61
MLT,long life,61
MLT,face mask,61
MLT,hari,61
MLT,iron,61
MLT,sanitary,61
MLT,cubes,61
MLT,eau,61
MLT,elec,61
MLT,lin,61
MLT,kiw,61
MLT,the,61
MLT,laundr,61
MLT,riso,61
MLT,yogi,61
MLT,chocolate bar,61
MLT,lent,61
MLT,chese,61
MLT,icecre,61
MLT,maple syrup,61
MLT,cones,61
MLT,sgrassa,61
MLT,deterg,61
MLT,Ice cream,61
MLT,pets,61
MLT,cal,61
MLT,scottex,61
MLT,pist,61
MLT,babybe,61
MLT,sex toy,60
MLT,knor,60
MLT,fu,60
MLT,mascar,60
MLT,fel,60
MLT,popcor,60
MLT,crunch,60
MLT,rubbish,60
MLT,toilet cleaner,60
MLT,piz,60
MLT,kno,60
MLT,breaf,60
MLT,kinde,60
MLT,usb,60
MLT,ketchu,60
MLT,mince meat,60
MLT,recyc,60
MLT,sure,60
MLT,double,60
MLT,cin,60
MLT,chicken b,60
MLT,kleenex,60
MLT,hairspray,60
MLT,ben and,60
MLT,sunflower seeds,60
MLT,benna ice,60
MLT,gherkins,60
MLT,indian,60
MLT,mould,60
MLT,special,60
MLT,pepperami,60
MLT,yellow,60
MLT,pain,60
MLT,pork belly,60
MLT,kitchen rolls,59
MLT,qnt,59
MLT,child,59
MLT,bicar,59
MLT,laundry detergent,59
MLT,cornbeef,59
MLT,diffuser,59
MLT,omino,59
MLT,packet,59
MLT,porridge,59
MLT,water bottle,59
MLT,disinfectant,59
MLT,bulb,59
MLT,fris,59
MLT,short,59
MLT,mc cain,59
MLT,papri,59
MLT,vineg,59
MLT,rec,59
MLT,condition,59
MLT,octopus,59
MLT,show,59
MLT,air fresh,59
MLT,matches,59
MLT,twiste,59
MLT,kitchen ro,59
MLT,ftir,59
MLT,still,59
MLT,sweet and sour,59
MLT,in,59
MLT,bres,59
MLT,aftersun,58
MLT,go &,58
MLT,cube,58
MLT,marr,58
MLT,bayg,58
MLT,santa,58
MLT,lamb brand,58
MLT,ste,58
MLT,hipro,58
MLT,lunc,58
MLT,lav,58
MLT,icecr,58
MLT,krave,58
MLT,sourd,58
MLT,intimate,58
MLT,pinot,58
MLT,croissa,58
MLT,sammontana,58
MLT,anchovies,58
MLT,burger sauce,58
MLT,lip,58
MLT,fabul,58
MLT,toys,58
MLT,aptamil 2,58
MLT,hot dogs,58
MLT,pancak,58
MLT,showergel,58
MLT,digestives,58
MLT,free,58
MLT,green valley,58
MLT,bec,58
MLT,floor detergent,58
MLT,pol,58
MLT,surf,58
MLT,pamp,58
MLT,peanut b,58
MLT,all bran,58
MLT,slush,57
MLT,gogo,57
MLT,mustela,57
MLT,bigi,57
MLT,tortill,57
MLT,stelz,57
MLT,vape juice,57
MLT,buttermilk,57
MLT,nach,57
MLT,rice c,57
MLT,organ,57
MLT,dishw,57
MLT,smile,57
MLT,pl,57
MLT,ice-cream,57
MLT,krips,57
MLT,condit,57
MLT,plas,57
MLT,walk,57
MLT,zero sugar,57
MLT,corn flour,57
MLT,platter,57
MLT,grapefruit,57
MLT,mushro,57
MLT,sun dried,57
MLT,cheese grated,57
MLT,ph,57
MLT,grated ch,57
MLT,shaker,57
MLT,toothpas,57
MLT,brioss,57
MLT,baby oil,57
MLT,chedder,57
MLT,glov,57
MLT,electr,57
MLT,seafood,56
MLT,jaffa,56
MLT,bon,56
MLT,ollys,56
MLT,sgra,56
MLT,taki,56
MLT,pumpkin seeds,56
MLT,guacamole,56
MLT,chicken br,56
MLT,meet,56
MLT,sesame oil,56
MLT,sun cream,56
MLT,rais,56
MLT,kell,56
MLT,stir,56
MLT,reeses,56
MLT,warer,56
MLT,chori,56
MLT,mojito,56
MLT,sens,56
MLT,waist not,56
MLT,brocoli,56
MLT,fuet,56
MLT,stain,56
MLT,thai,56
MLT,frie,56
MLT,coca c,56
MLT,johnson,56
MLT,clementine,56
MLT,beers,56
MLT,goodfellas,56
MLT,crunchips,56
MLT,ava,56
MLT,trash bags,56
MLT,asian,55
MLT,tan,55
MLT,lavazz,55
MLT,ari,55
MLT,th,55
MLT,flakes,55
MLT,hobz,55
MLT,sam,55
MLT,spaghe,55
MLT,dol,55
MLT,fis,55
MLT,marg,55
MLT,no sugar,55
MLT,cottage ch,55
MLT,melatonin,55
MLT,fior,55
MLT,dye,55
MLT,cherry to,55
MLT,tr,55
MLT,milk chocolate,55
MLT,chocl,55
MLT,dav,55
MLT,donuts,55
MLT,digest,55
MLT,avacado,55
MLT,weetab,55
MLT,panty,55
MLT,osh,55
MLT,read,55
MLT,caprice,55
MLT,Philadelphia,55
MLT,ice cu,55
MLT,ligh,55
MLT,capuccino,55
MLT,las,55
MLT,peppermint,55
MLT,sel,55
MLT,laund,55
MLT,paper plates,55
MLT,fuze tea,54
MLT,absolut,54
MLT,sticker,54
MLT,orange ju,54
MLT,adidas,54
MLT,frozen chicken,54
MLT,i e,54
MLT,parmesa,54
MLT,amigo,54
MLT,home,54
MLT,nico,54
MLT,thigh,54
MLT,limon,54
MLT,cash,54
MLT,0%,54
MLT,zy,54
MLT,frozen pizza,54
MLT,sweetner,54
MLT,garnier,54
MLT,pomsticks,54
MLT,seedless,54
MLT,benecol,54
MLT,ge,54
MLT,pueb,54
MLT,bb,54
MLT,baby lino,54
MLT,palm,54
MLT,bisto,54
MLT,ble,54
MLT,adapter,54
MLT,wet wipe,54
MLT,san mic,54
MLT,litt,54
MLT,dust,54
MLT,cajun,54
MLT,hu,53
MLT,wholegrain,53
MLT,toothpa,53
MLT,sesam,53
MLT,all purpose,53
MLT,nescafe gold,53
MLT,cad,53
MLT,bran,53
MLT,Maltese,53
MLT,activit,53
MLT,max,53
MLT,plums,53
MLT,paper cups,53
MLT,babyb,53
MLT,diges,53
MLT,cheer,53
MLT,tomatos,53
MLT,bov,53
MLT,biscotti,53
MLT,sale,53
MLT,mayonn,53
MLT,frankfurter,53
MLT,perri,53
MLT,heavy,53
MLT,linguine,53
MLT,bole,53
MLT,meadow,53
MLT,skips,53
MLT,ice coffe,53
MLT,almond butter,53
MLT,sex toys,52
MLT,colesl,52
MLT,balsa,52
MLT,silk,52
MLT,sta,52
MLT,alcohol free,52
MLT,praw,52
MLT,nive,52
MLT,chopped,52
MLT,egg whites,52
MLT,keto,52
MLT,stationery,52
MLT,pouches,52
MLT,greek yogh,52
MLT,bul,52
MLT,Greek yo,52
MLT,cru,52
MLT,beef stock,52
MLT,risotto,52
MLT,courgette,52
MLT,herb,52
MLT,friskies,52
MLT,wafers,52
MLT,ors,52
MLT,chicken thighs,52
MLT,grated c,52
MLT,corriander,52
MLT,koolsak,52
MLT,lolly,52
MLT,glass cleaner,52
MLT,helwa,52
MLT,edama,52
MLT,rolling paper,52
MLT,banna,52
MLT,plastic bag,52
MLT,mozzarel,52
MLT,capsicum,52
MLT,spage,51
MLT,oral,51
MLT,jamon,51
MLT,biscof,51
MLT,microwave,51
MLT,wrapping,51
MLT,wellbee,51
MLT,siberia,51
MLT,liq,51
MLT,coco pops,51
MLT,lurp,51
MLT,waff,51
MLT,bufala,51
MLT,prosecc,51
MLT,hawaiian,51
MLT,aaa,51
MLT,baby powder,51
MLT,ciabatta,51
MLT,passion,51
MLT,cak,51
MLT,parmal,51
MLT,skoll,51
MLT,cheese slices,51
MLT,snick,51
MLT,come,51
MLT,sunblock,51
MLT,magnu,51
MLT,prosec,51
MLT,tzat,51
MLT,fabulo,51
MLT,korma,51
MLT,cream chee,51
MLT,ku,51
MLT,nutri,51
MLT,worc,51
MLT,cisk excel,51
MLT,sni,51
MLT,baked b,51
MLT,deterge,51
MLT,aa,50
MLT,gift bag,50
MLT,chicken thigh,50
MLT,mackerel,50
MLT,riley,50
MLT,tikka,50
MLT,fitness,50
MLT,ore,50
MLT,sant,50
MLT,cheddar cheese,50
MLT,milj,50
MLT,surface,50
MLT,man,50
MLT,ice co,50
MLT,kiri,50
MLT,fabric softener,50
MLT,gelato,50
MLT,nectarines,50
MLT,kellogg,50
MLT,pomegranate,50
MLT,pis,50
MLT,coconut cream,50
MLT,soft drink,50
MLT,mir,50
MLT,vouge,50
MLT,marro,50
MLT,koleston,50
MLT,pollo,50
MLT,findus,50
MLT,crunchy,50
MLT,cigaret,50
MLT,moretti,50
MLT,protien,50
MLT,alo,50
MLT,peanut butt,50
MLT,cappy,50
MLT,molisana,50
MLT,focaccia,50
MLT,bage,50
MLT,cigarett,50
MLT,protein drink,50
MLT,toliet,50
MLT,blue dragon,50
MLT,thermo,50
MLT,apple jui,50
MLT,whip,50
MLT,bakin,50
MLT,nairns,50
MLT,pavesini,49
MLT,prince,49
MLT,salame,49
MLT,nic,49
MLT,chick peas,49
MLT,bescia,49
MLT,caffe,49
MLT,raisin,49
MLT,sweet chili,49
MLT,sunflo,49
MLT,desert,49
MLT,bird,49
MLT,jameson,49
MLT,garlic po,49
MLT,pre workout,49
MLT,kuhne,49
MLT,agua,49
MLT,air freshener,49
MLT,shower ge,49
MLT,cara,49
MLT,cous cous,49
MLT,nest,49
MLT,cherry t,49
MLT,olive o,49
MLT,niv,49
MLT,skimm,49
MLT,cadb,49
MLT,adult,49
MLT,baking pow,49
MLT,chicken cube,49
MLT,ski,49
MLT,corny,49
MLT,lettice,49
MLT,helium,49
MLT,yoghurts,49
MLT,pregnan,49
MLT,bra,49
MLT,joghurt,49
MLT,pies,48
MLT,hawaiian tropic,48
MLT,soap bar,48
MLT,kerr,48
MLT,veal,48
MLT,pampers pants,48
MLT,sol,48
MLT,bari,48
MLT,cl,48
MLT,champagne,48
MLT,sweet pota,48
MLT,guancale,48
MLT,self,48
MLT,salad dressing,48
MLT,lenti,48
MLT,vega,48
MLT,vitas,48
MLT,filo,48
MLT,tagliatelle,48
MLT,piadina,48
MLT,go&,48
MLT,raw,48
MLT,patato,48
MLT,dewf,48
MLT,glo,48
MLT,serrano,48
MLT,fontana,48
MLT,kalamata,48
MLT,ka,48
MLT,gelatin,48
MLT,ree,48
MLT,teso,48
MLT,nestle cream,48
MLT,charco,48
MLT,paves,47
MLT,arie,47
MLT,rucc,47
MLT,tam,47
MLT,coll,47
MLT,fry,47
MLT,self raising,47
MLT,granol,47
MLT,cracke,47
MLT,dish washer,47
MLT,plastic bags,47
MLT,toblerone,47
MLT,tabasco,47
MLT,sweet chilli,47
MLT,shoe,47
MLT,brazil,47
MLT,old spice,47
MLT,tuna dip,47
MLT,deodrant,47
MLT,spaghett,47
MLT,lind,47
MLT,campari,47
MLT,potato salad,47
MLT,whipping,47
MLT,valsoi,47
MLT,dumpling,47
MLT,milk benna,47
MLT,dragon,47
MLT,papr,47
MLT,broccol,47
MLT,sgrass,47
MLT,sushi rice,47
MLT,sig,47
MLT,long,47
MLT,slic,47
MLT,corn starch,47
MLT,diet kinnie,47
MLT,cale,47
MLT,biona,47
MLT,artichoke,47
MLT,mortad,47
MLT,ghee,47
MLT,somersby,47
MLT,loreal,47
MLT,dash,47
MLT,mont,47
MLT,omega,47
MLT,esti,47
MLT,ice cub,47
MLT,malteser,47
MLT,quark,47
MLT,panadol,47
MLT,smoking,47
MLT,baked bean,46
MLT,aptam,46
MLT,crem,46
MLT,whey protein,46
MLT,la vach,46
MLT,grano,46
MLT,chicken broth,46
MLT,bandage,46
MLT,lim,46
MLT,warrior,46
MLT,mussels,46
MLT,swimming,46
MLT,zi,46
MLT,pregn,46
MLT,thermos,46
MLT,fla,46
MLT,corn beef,46
MLT,twee,46
MLT,tes,46
MLT,john frieda,46
MLT,pool,46
MLT,natrue,46
MLT,russian,46
MLT,zof,46
MLT,cousc,46
MLT,raspberries,46
MLT,ice tea peach,46
MLT,taz zija,46
MLT,isotonic,46
MLT,nectar,46
MLT,Coca,46
MLT,diaper,46
MLT,corn flakes,46
MLT,Cadbury,46
MLT,quin,46
MLT,zwan,46
MLT,chicken s,46
MLT,konjac,46
MLT,condo,46
MLT,danette,46
MLT,body lotion,46
MLT,sma,46
MLT,jal,46
MLT,cat foo,46
MLT,kett,46
MLT,peri,46
MLT,innoc,46
MLT,creat,46
MLT,starbu,46
MLT,palmolive,46
MLT,schesir,46
MLT,starb,46
MLT,parmegg,45
MLT,milton,45
MLT,worch,45
MLT,baking po,45
MLT,washing up,45
MLT,sardin,45
MLT,mature,45
MLT,mold,45
MLT,washi,45
MLT,shower g,45
MLT,test,45
MLT,whipped cream,45
MLT,frosty,45
MLT,cadbu,45
MLT,spo,45
MLT,ben and jerry,45
MLT,buzz,45
MLT,go an,45
MLT,bug,45
MLT,jus,45
MLT,fiesta,45
MLT,tortel,45
MLT,forks,45
MLT,bravo,45
MLT,em,45
MLT,super glue,45
MLT,curd,45
MLT,chicken t,45
MLT,san pell,45
MLT,gran cuc,45
MLT,pav,45
MLT,proc,45
MLT,anch,45
MLT,bicarbonate,45
MLT,sanit,45
MLT,waln,45
MLT,schwe,45
MLT,kelloggs,45
MLT,miranda,45
MLT,corne,45
MLT,pineapple juice,45
MLT,sm,45
MLT,grill,45
MLT,extension,45
MLT,fry light,45
MLT,protein bread,45
MLT,fabr,45
MLT,mio,45
MLT,picnic,45
MLT,nails,45
MLT,dar,45
MLT,clo,45
MLT,princess,45
MLT,ipa,45
MLT,carls,44
MLT,bic,44
MLT,ko,44
MLT,ayran,44
MLT,sani,44
MLT,spe,44
MLT,white vin,44
MLT,talc,44
MLT,break,44
MLT,sensation,44
MLT,fai,44
MLT,tulip,44
MLT,schweppes,44
MLT,ipak,44
MLT,toothpast,44
MLT,oshe,44
MLT,sen,44
MLT,nandos,44
MLT,san m,44
MLT,cera,44
MLT,sriracha,44
MLT,zucch,44
MLT,egs,44
MLT,frozen yogurt,44
MLT,ben &,44
MLT,vegetarian,44
MLT,veroni,44
MLT,ruccola,44
MLT,revlon,44
MLT,dige,44
MLT,dou,44
MLT,tac,44
MLT,dewfr,44
MLT,skewers,44
MLT,nando,44
MLT,kefa,44
MLT,dispo,44
MLT,pifpaf,44
MLT,smet,44
MLT,lunche,44
MLT,like cola,44
MLT,baril,44
MLT,domingo,44
MLT,beauty,44
MLT,wr,44
MLT,breadcr,44
MLT,pineapp,44
MLT,ready meals,44
MLT,san pellegrino,44
MLT,rumm,44
MLT,tumeric,44
MLT,bahlsen,44
MLT,whole chicken,44
MLT,ex,44
MLT,chicken bre,44
MLT,ele,44
MLT,mirin,44
MLT,kipling,44
MLT,blue label,43
MLT,korean,43
MLT,m&ms,43
MLT,smoke,43
MLT,tou,43
MLT,pum,43
MLT,non,43
MLT,cashe,43
MLT,abe,43
MLT,gumm,43
MLT,pecori,43
MLT,white cho,43
MLT,fus,43
MLT,cutlery,43
MLT,soinach,43
MLT,low,43
MLT,wet food,43
MLT,cottage chee,43
MLT,wellb,43
MLT,brus,43
MLT,bavar,43
MLT,sauc,43
MLT,scale,43
MLT,refill,43
MLT,pancett,43
MLT,danish,43
MLT,Maltese bread,43
MLT,peanut bu,43
MLT,buckwheat,43
MLT,mineral,43
MLT,eml,43
MLT,jalapenos,43
MLT,toilett,43
MLT,wine gums,43
MLT,ruco,43
MLT,detergen,43
MLT,aper,43
MLT,dry food,43
MLT,fior di vita,43
MLT,winston,43
MLT,fran,43
MLT,sprin,43
MLT,vape liquid,43
MLT,aviko,43
MLT,napki,43
MLT,wrapping paper,43
MLT,Cheese,43
MLT,golden har,43
MLT,tampo,43
MLT,salads,43
MLT,fros,43
MLT,fulfil,43
MLT,floor cloth,42
MLT,illy,42
MLT,coca co,42
MLT,fingers,42
MLT,snac,42
MLT,lunch box,42
MLT,green pepper,42
MLT,pepato,42
MLT,Nescafé,42
MLT,mortade,42
MLT,corr,42
MLT,rit,42
MLT,an,42
MLT,nect,42
MLT,swiffer,42
MLT,mul,42
MLT,hobza,42
MLT,crossaint,42
MLT,tabac,42
MLT,handsoap,42
MLT,strawberry jam,42
MLT,lub,42
MLT,whipping cream,42
MLT,butternut,42
MLT,baby bell,42
MLT,gale,42
MLT,spring rolls,42
MLT,nectarine,42
MLT,fiocco,42
MLT,jar,42
MLT,dunhi,42
MLT,dark c,42
MLT,macaroni,42
MLT,oven chips,42
MLT,scissors,42
MLT,bigill,42
MLT,dujardin,42
MLT,breez,42
MLT,terra,42
MLT,twisties,42
MLT,rai,42
MLT,burger cheese,42
MLT,shot,42
MLT,marlboro gold,42
MLT,Kinder,42
MLT,neacafe,42
MLT,tabaco,42
MLT,yogurt greek,42
MLT,blue vogue,42
MLT,welbee,42
MLT,plastic cup,42
MLT,twe,42
MLT,non alc,42
MLT,every,42
MLT,toulet paper,42
MLT,homemate,42
MLT,gran c,42
MLT,sundr,42
MLT,marshmallow,42
MLT,monste,42
MLT,crou,41
MLT,fruit salad,41
MLT,har,41
MLT,shallot,41
MLT,ehgs,41
MLT,becha,41
MLT,cus,41
MLT,fusi,41
MLT,mustar,41
MLT,broad beans,41
MLT,match,41
MLT,bicarb,41
MLT,taglia,41
MLT,crispy onions,41
MLT,olive oi,41
MLT,Garlic,41
MLT,dog treats,41
MLT,nesp,41
MLT,sigar,41
MLT,ses,41
MLT,rimmel,41
MLT,birthday card,41
MLT,ravi,41
MLT,dig,41
MLT,fini,41
MLT,chicken strip,41
MLT,buck,41
MLT,stuffed olives,41
MLT,Chicken,41
MLT,crema,41
MLT,air fr,41
MLT,mints,41
MLT,sir,41
MLT,pineap,41
MLT,sweet potatoe,41
MLT,galett,41
MLT,rees,41
MLT,youghurt,41
MLT,bambo,41
MLT,toy,41
MLT,smir,41
MLT,nac,41
MLT,cinamon,41
MLT,back,41
MLT,ice loll,41
MLT,tortilla chips,41
MLT,mosqui,41
MLT,sizzlers,41
MLT,harib,41
MLT,oat flour,41
MLT,levissi,41
MLT,crossa,41
MLT,wather,40
MLT,pizza rings,40
MLT,pana,40
MLT,nat,40
MLT,eyebrow,40
MLT,cisk chill,40
MLT,gil,40
MLT,fun,40
MLT,frost,40
MLT,activ,40
MLT,butcher,40
MLT,cling film,40
MLT,squ,40
MLT,tot,40
MLT,buratta,40
MLT,ready meal,40
MLT,auberg,40
MLT,penn,40
MLT,washin,40
MLT,baby bel,40
MLT,pepper sauce,40
MLT,riko,40
MLT,hallo,40
MLT,stuffed,40
MLT,bou,40
MLT,hair oil,40
MLT,ragu,40
MLT,kenco,40
MLT,rise,40
MLT,ancho,40
MLT,frozen yog,40
MLT,feli,40
MLT,croissan,40
MLT,kiev,40
MLT,lurpa,40
MLT,cornstarch,40
MLT,conditio,40
MLT,wolt market qormi,40
MLT,brussel,40
MLT,andes,40
MLT,tronky,40
MLT,chicken nu,40
MLT,san carlo,40
MLT,elephant,40
MLT,cloves,40
MLT,sanitizer,40
MLT,inse,40
MLT,air fryer,40
MLT,galleti,39
MLT,aunt,39
MLT,fabri,39
MLT,teeth,39
MLT,mm,39
MLT,komb,39
MLT,polish,39
MLT,fanta zero,39
MLT,cream che,39
MLT,capo,39
MLT,kinder joy,39
MLT,coccolino,39
MLT,wggs,39
MLT,cat f,39
MLT,fil,39
MLT,garbage ba,39
MLT,snicker,39
MLT,burrat,39
MLT,golde,39
MLT,kidney beans,39
MLT,grated chee,39
MLT,toiletpaper,39
MLT,chicken ham,39
MLT,emm,39
MLT,mack,39
MLT,kitchen towels,39
MLT,sri,39
MLT,Orange juice,39
MLT,pencil,39
MLT,rana,39
MLT,weetabi,39
MLT,bava,39
MLT,iso,39
MLT,coke ze,39
MLT,balsam,39
MLT,en,39
MLT,freshner,39
MLT,dete,39
MLT,blue nun,39
MLT,frozen yo,39
MLT,caram,39
MLT,plast,39
MLT,com,39
MLT,bat,39
MLT,teriyaki,39
MLT,chicken cubes,39
MLT,brocolli,39
MLT,ape,39
MLT,baking p,39
MLT,cle,39
MLT,guanci,39
MLT,davidoff,39
MLT,blender,39
MLT,sliced ch,39
MLT,silk cut,39
MLT,gno,39
MLT,citron,39
MLT,welbe,39
MLT,good earth,39
MLT,max factor,39
MLT,exc,39
MLT,health,39
MLT,umbrella,39
MLT,acqua panna,39
MLT,cucumbers,39
MLT,whol,39
MLT,lay,39
MLT,bell pepp,39
MLT,animal,39
MLT,alcool,39
MLT,canne,39
MLT,rosem,39
MLT,sage,39
MLT,camo,39
MLT,shaving cream,39
MLT,candl,39
MLT,souce,39
MLT,bone,39
MLT,go max,39
MLT,arm bands,39
MLT,pape,38
MLT,razors,38
MLT,captain,38
MLT,margarine,38
MLT,pant,38
MLT,chill berr,38
MLT,tomato juice,38
MLT,Greek yoghurt,38
MLT,loaker,38
MLT,siracha,38
MLT,energ,38
MLT,dishes,38
MLT,cleaner,38
MLT,mulk,38
MLT,mulino bianco,38
MLT,kid,38
MLT,she,38
MLT,bread crumbs,38
MLT,domes,38
MLT,chamomile,38
MLT,derh,38
MLT,men,38
MLT,colo,38
MLT,musli,38
MLT,deoderant,38
MLT,mkz,38
MLT,benna yo,38
MLT,sweet potatoes,38
MLT,cigs,38
MLT,raz,38
MLT,sheep,38
MLT,bon cuisine,38
MLT,hand so,38
MLT,came,38
MLT,rib eye,38
MLT,drum,38
MLT,necta,38
MLT,bud,38
MLT,quaker,38
MLT,lean,38
MLT,musta,38
MLT,vitasn,38
MLT,speck,38
MLT,bel,38
MLT,innoce,38
MLT,flying,38
MLT,coolie,38
MLT,benna yogurt,38
MLT,tagliata,38
MLT,barbecue,38
MLT,vanilla ice,38
MLT,deodor,38
MLT,wurstel,38
MLT,cabb,38
MLT,proseco,38
MLT,kinnie zest,38
MLT,tira,38
MLT,cord,38
MLT,shallots,38
MLT,powerad,38
MLT,baked be,38
MLT,alco,38
MLT,ferrero,38
MLT,gher,38
MLT,frozen strawberries,38
MLT,soy milk,38
MLT,mis,38
MLT,fillet,38
MLT,dov,38
MLT,masc,38
MLT,sai,38
MLT,inn,38
MLT,pistacc,38
MLT,aqua panna,38
MLT,alc,38
MLT,polenta,37
MLT,smi,37
MLT,qua,37
MLT,pann,37
MLT,gums,37
MLT,milk lactose,37
MLT,leeks,37
MLT,hel,37
MLT,aub,37
MLT,flauti,37
MLT,malti,37
MLT,hydra,37
MLT,castor,37
MLT,Bavaria,37
MLT,bubble bath,37
MLT,tanning,37
MLT,tortil,37
MLT,rinse,37
MLT,brown pasta,37
MLT,integrale,37
MLT,tobacc,37
MLT,Marlboro,37
MLT,nec,37
MLT,prosci,37
MLT,beead,37
MLT,agave,37
MLT,electroly,37
MLT,capu,37
MLT,blueberri,37
MLT,detergents,37
MLT,hazelnuts,37
MLT,carnation,37
MLT,sensod,37
MLT,shredd,37
MLT,hai,37
MLT,tropical,37
MLT,go a,37
MLT,cinnam,37
MLT,cips,37
MLT,snaks,37
MLT,malbor,37
MLT,raviol,37
MLT,chocolate ch,37
MLT,maltova,37
MLT,meat balls,37
MLT,napk,37
MLT,Nivea,37
MLT,kombu,37
MLT,jespe,37
MLT,ry,37
MLT,chesterfield,37
MLT,go ahead,37
MLT,oatmilk,37
MLT,guancia,37
MLT,pall m,37
MLT,air fre,37
MLT,low fat,37
MLT,chicken brea,37
MLT,orange juic,37
MLT,gluten fr,37
MLT,patat,37
MLT,vanilla syrup,37
MLT,notebook,37
MLT,avocado oil,37
MLT,chike,37
MLT,mochi,37
MLT,peache,37
MLT,l&m,37
MLT,lint,37
MLT,stuffer,37
MLT,dairy free,37
MLT,chew,37
MLT,scrub daddy,37
MLT,flapjack,37
MLT,Pepsi max,37
MLT,grated che,37
MLT,detto,37
MLT,vegetab,37
MLT,mulik,36
MLT,hazel,36
MLT,yoghur,36
MLT,tis,36
MLT,shav,36
MLT,baguett,36
MLT,sliced ham,36
MLT,sti,36
MLT,smil,36
MLT,exce,36
MLT,lig,36
MLT,rolled oats,36
MLT,Orange,36
MLT,greek yogu,36
MLT,pina,36
MLT,caster,36
MLT,cbd,36
MLT,gherkin,36
MLT,toa,36
MLT,white choc,36
MLT,paccheri,36
MLT,pearl,36
MLT,Rice,36
MLT,quino,36
MLT,surimi,36
MLT,nesqu,36
MLT,edamam,36
MLT,ice flakes,36
MLT,gla,36
MLT,shaver,36
MLT,tic,36
MLT,bulgur,36
MLT,table,36
MLT,bread sticks,36
MLT,marinated,36
MLT,serum,36
MLT,cable,36
MLT,cole zero,36
MLT,head and,36
MLT,peroni,36
MLT,fathers day,36
MLT,lady fingers,36
MLT,slimex,36
MLT,milk powder,36
MLT,slice bread,36
MLT,nicotine pouches,36
MLT,Juice,36
MLT,bena,36
MLT,suns,36
MLT,margerine,36
MLT,mozzarela,36
MLT,curly,36
MLT,grana padano,36
MLT,paprik,36
MLT,hummu,36
MLT,franui,36
MLT,cranberries,36
MLT,la vac,36
MLT,emmen,36
MLT,kunse,36
MLT,kerryg,36
MLT,camom,36
MLT,foul,36
MLT,Doritos,36
MLT,fren,36
MLT,halib,36
MLT,peppa,36
MLT,ariel pods,36
MLT,dolc,36
MLT,disin,36
MLT,nairn,36
MLT,molk,36
MLT,pasti,36
MLT,roast chicken,36
MLT,pineappl,36
MLT,bour,35
MLT,chester,35
MLT,pancet,35
MLT,zymi,35
MLT,toner,35
MLT,tuba,35
MLT,sr,35
MLT,world cup stickers,35
MLT,olive oul,35
MLT,ciak,35
MLT,cleme,35
MLT,uncle ben,35
MLT,vera,35
MLT,furniture,35
MLT,mayp,35
MLT,pow,35
MLT,sof,35
MLT,cia,35
MLT,paella,35
MLT,chutney,35
MLT,tettiera,35
MLT,fresh chicken,35
MLT,oi,35
MLT,hygiene,35
MLT,table salt,35
MLT,washing powder,35
MLT,mixed herbs,35
MLT,camomile,35
MLT,baking pap,35
MLT,wallnuts,35
MLT,meats and eats,35
MLT,til,35
MLT,harissa,35
MLT,babyli,35
MLT,meal,35
MLT,jog,35
MLT,liqu,35
MLT,mik,35
MLT,siga,35
MLT,stell,35
MLT,nose,35
MLT,tina,35
MLT,tea bags,35
MLT,caulif,35
MLT,seven,35
MLT,mr riley,35
MLT,white cheese,35
MLT,Coffee,35
MLT,ox,35
MLT,pompoms,35
MLT,catch,35
MLT,tag,35
MLT,garlic pow,35
MLT,marker,35
MLT,jag,35
MLT,jb,35
MLT,panini stickers,35
MLT,oil spray,35
MLT,7u,35
MLT,cherry toma,35
MLT,vivac,35
MLT,gordon,35
MLT,vitamin c,35
MLT,grissini,35
MLT,rice cracker,35
MLT,wheat,35
MLT,smart,35
MLT,mouse,35
MLT,rizzla,35
MLT,fra,35
MLT,father,35
MLT,capellini,35
MLT,cappuc,35
MLT,david,35
MLT,rexo,35
MLT,pistach,35
MLT,tomato s,35
MLT,non al,35
MLT,mineral water,35
MLT,washing liquid,35
MLT,buttons,35
MLT,catcher,35
MLT,popp,35
MLT,res,35
MLT,sour crea,35
MLT,quasar,35
MLT,cann,35
MLT,cerial,35
MLT,tapas,35
MLT,chor,34
MLT,minced chicken,34
MLT,paracetamol,34
MLT,biotech,34
MLT,ravio,34
MLT,seltzer,34
MLT,tagli,34
MLT,watet,34
MLT,gocciole,34
MLT,minute steak,34
MLT,cupcakes,34
MLT,fish sauce,34
MLT,san pel,34
MLT,pan di,34
MLT,ice coff,34
MLT,mang,34
MLT,head and shoulders,34
MLT,cornett,34
MLT,vancat,34
MLT,hair brush,34
MLT,pimple,34
MLT,san pelle,34
MLT,ive cream,34
MLT,pretzels,34
MLT,ricot,34
MLT,jasmine rice,34
MLT,pull up,34
MLT,elmea,34
MLT,sour cr,34
MLT,rikott,34
MLT,ros,34
MLT,mixer,34
MLT,strawberri,34
MLT,mashed,34
MLT,sesa,34
MLT,glas,34
MLT,elect,34
MLT,chocolate spread,34
MLT,brown sug,34
MLT,doughnuts,34
MLT,sy,34
MLT,frankf,34
MLT,smo,34
MLT,foam,34
MLT,sultana,34
MLT,smac,34
MLT,Eggs,34
MLT,calve,34
MLT,vegan cheese,34
MLT,fresk,34
MLT,strawberrie,34
MLT,angus,34
MLT,toul,34
MLT,seven up,34
MLT,lid,34
MLT,pukka,34
MLT,mascara,34
MLT,long life milk,34
MLT,james,34
MLT,doughnut,34
MLT,mozzarella balls,34
MLT,brown su,34
MLT,benna y,34
MLT,comb,34
MLT,hot do,34
MLT,chedar,34
MLT,rumo,34
MLT,chilled,34
MLT,maltese sau,34
MLT,cat treats,34
MLT,low carb,34
MLT,chess,34
MLT,caesar,34
MLT,ready to,34
MLT,vegg,34
MLT,liners,34
MLT,radish,34
MLT,kom,34
MLT,borotalco,34
MLT,chillb,34
MLT,jasper,34
MLT,apricot,34
MLT,cornfl,34
MLT,arborio,34
MLT,baki,34
MLT,storage,34
MLT,steel,33
MLT,liner,33
MLT,luncheon meat,33
MLT,toothbr,33
MLT,ai,33
MLT,cold drinks,33
MLT,frozen mango,33
MLT,gobblers,33
MLT,cigars,33
MLT,chicken burgers,33
MLT,cucumbe,33
MLT,oatmeal,33
MLT,air fres,33
MLT,condens,33
MLT,pall ma,33
MLT,bacard,33
MLT,vanilla milk,33
MLT,ea,33
MLT,mini pizza,33
MLT,tomo,33
MLT,white ch,33
MLT,prim,33
MLT,royal canin,33
MLT,gol,33
MLT,bolog,33
MLT,extra,33
MLT,tomato sau,33
MLT,basma,33
MLT,cordon bleu,33
MLT,des,33
MLT,zer,33
MLT,apple ju,33
MLT,tomato sa,33
MLT,ziggy,33
MLT,mug,33
MLT,nano,33
MLT,plain,33
MLT,squeezer,33
MLT,hash brown,33
MLT,happy,33
MLT,brwad,33
MLT,tastees,33
MLT,chr,33
MLT,tild,33
MLT,capri sun,33
MLT,cab,33
MLT,maoam,33
MLT,chock,33
MLT,uncle,33
MLT,eh,33
MLT,smirn,33
MLT,mozarell,33
MLT,kusksu,33
MLT,powe,33
MLT,vinega,33
MLT,plain flour,33
MLT,bann,33
MLT,ft,33
MLT,caul,33
MLT,toothb,33
MLT,sunf,33
MLT,greek you,33
MLT,xl,33
MLT,blue berries,33
MLT,raspb,33
MLT,cheese spread,33
MLT,toilet brush,33
MLT,widy,33
MLT,who,33
MLT,bacos,33
MLT,cosk,33
MLT,tablets,33
MLT,gorgonzola,33
MLT,bell p,33
MLT,food colouring,33
MLT,pra,33
MLT,frozen berr,33
MLT,moist,33
MLT,nits,33
MLT,iv,33
MLT,drumsticks,33
MLT,buf,33
MLT,nivea men,33
MLT,bor,33
MLT,eat,33
MLT,alber,33
MLT,treats,33
MLT,mosqu,33
MLT,select,33
MLT,chicken nugg,33
MLT,regi,33
MLT,dishwasher tablets,33
MLT,monini,33
MLT,energy drinks,33
MLT,saniti,33
MLT,san pe,33
MLT,starbuck,33
MLT,toothpick,33
MLT,tuna in brine,33
MLT,Bolognese,33
MLT,conv,33
MLT,thym,32
MLT,ginge,32
MLT,green onion,32
MLT,moisturiser,32
MLT,pickup,32
MLT,red label,32
MLT,wet wip,32
MLT,gam,32
MLT,bier,32
MLT,floor wash,32
MLT,vina,32
MLT,birra,32
MLT,garlic b,32
MLT,anchov,32
MLT,cranberr,32
MLT,mr kipling,32
MLT,tar,32
MLT,pomeg,32
MLT,cabba,32
MLT,vase,32
MLT,sirloin,32
MLT,hawa,32
MLT,white bread,32
MLT,felice,32
MLT,heine,32
MLT,sizz,32
MLT,camembert,32
MLT,spelt,32
MLT,foc,32
MLT,mezzan,32
MLT,pip,32
MLT,squee,32
MLT,mayonaise,32
MLT,fried,32
MLT,chicken str,32
MLT,crouton,32
MLT,caps,32
MLT,makeup remover,32
MLT,rose wine,32
MLT,lea,32
MLT,mr muscle,32
MLT,muffi,32
MLT,johnsons,32
MLT,space,32
MLT,shortcrust,32
MLT,miso,32
MLT,loa,32
MLT,chicken seasoning,32
MLT,throat,32
MLT,tol,32
MLT,dr p,32
MLT,tub,32
MLT,maca,32
MLT,oul,32
MLT,Benna,32
MLT,roasted chicken,32
MLT,kol,32
MLT,benna yoghurt,32
MLT,iluma,32
MLT,pue,32
MLT,go and fu,32
MLT,basmati rice,32
MLT,plasti,32
MLT,zoflo,32
MLT,camem,32
MLT,protein ice,32
MLT,bir,32
MLT,low calorie,32
MLT,prosciu,32
MLT,besch,32
MLT,light bulb,32
MLT,bleech,32
MLT,towels,32
MLT,smooth,32
MLT,Gatorade,32
MLT,wc net,32
MLT,mac and cheese,32
MLT,cur,32
MLT,ful,32
MLT,frozen straw,32
MLT,vicks,32
MLT,puree,32
MLT,see,32
MLT,nappi,32
MLT,Greek y,32
MLT,shoes,32
MLT,broad,32
MLT,cooking oil,32
MLT,milk shake,32
MLT,roc,32
MLT,crystal,32
MLT,garbage b,32
MLT,opp,32
MLT,anchovy,32
MLT,crout,32
MLT,royal oak,32
MLT,vanil,32
MLT,sweet p,32
MLT,red kidney,32
MLT,balsami,32
MLT,falafel,32
MLT,lime juice,31
MLT,silver,31
MLT,puzza,31
MLT,bau,31
MLT,fire starter,31
MLT,cocopops,31
MLT,ceaser,31
MLT,ya,31
MLT,flags,31
MLT,clemen,31
MLT,cocnut,31
MLT,dri,31
MLT,gruyere,31
MLT,fridge,31
MLT,dolce g,31
MLT,aspa,31
MLT,jasmin,31
MLT,rice noodles,31
MLT,Pringles,31
MLT,leave in,31
MLT,spring roll,31
MLT,john west,31
MLT,cape,31
MLT,nanny,31
MLT,frisian flag,31
MLT,salty,31
MLT,microfibre,31
MLT,hallou,31
MLT,marb,31
MLT,valfrutta,31
MLT,recycl,31
MLT,pregna,31
MLT,trimmer,31
MLT,yough,31
MLT,terr,31
MLT,sprouts,31
MLT,instant coffee,31
MLT,toiley,31
MLT,ceral,31
MLT,refuse,31
MLT,small,31
MLT,way,31
MLT,rice pudding,31
MLT,high protein,31
MLT,little,31
MLT,ther,31
MLT,curry powder,31
MLT,beard,31
MLT,olio,31
MLT,pel,31
MLT,desperados,31
MLT,alpen,31
MLT,champ,31
MLT,becham,31
MLT,cat li,31
MLT,wholewheat,31
MLT,flap,31
MLT,choriz,31
MLT,fibre,31
MLT,teabags,31
MLT,vegan ice cream,31
MLT,bodywash,31
MLT,mocha,31
MLT,chia seed,31
MLT,bamboo,31
MLT,vanilla essence,31
MLT,far,31
MLT,red l,31
MLT,brit,31
MLT,san benedetto,31
MLT,southern,31
MLT,red bul,31
MLT,red le,31
MLT,cas,31
MLT,maxib,31
MLT,probiotic,31
MLT,delice,31
MLT,besci,31
MLT,hdmi,31
MLT,lactose f,31
MLT,hanger,31
MLT,cleanser,31
MLT,es,31
MLT,zoo,31
MLT,maxi nutrition,30
MLT,crumpets,30
MLT,tabacc,30
MLT,tomato pas,30
MLT,crushed,30
MLT,scha,30
MLT,chante,30
MLT,red sauce,30
MLT,bruschetta,30
MLT,mission,30
MLT,cucina,30
MLT,bio eggs,30
MLT,vitamins,30
MLT,bura,30
MLT,puebl,30
MLT,toli,30
MLT,lee,30
MLT,tobac,30
MLT,string,30
MLT,baby bottle,30
MLT,brownies,30
MLT,yorkie,30
MLT,band,30
MLT,face cream,30
MLT,kristal water,30
MLT,frozen yoghurt,30
MLT,walnu,30
MLT,hair removal,30
MLT,fairy liquid,30
MLT,cina,30
MLT,brot,30
MLT,pickers,30
MLT,ilma,30
MLT,cheese cake,30
MLT,saffron,30
MLT,crossaints,30
MLT,kopp,30
MLT,guaca,30
MLT,vino,30
MLT,peosi,30
MLT,sweet chi,30
MLT,angel,30
MLT,cayenne,30
MLT,breadsticks,30
MLT,avi,30
MLT,milks,30
MLT,paint,30
MLT,masca,30
MLT,basic,30
MLT,tuma,30
MLT,flow,30
MLT,mixe,30
MLT,guava,30
MLT,ling,30
MLT,fabric conditioner,30
MLT,aero,30
MLT,chicken legs,30
MLT,cranbe,30
MLT,nasal,30
MLT,body soap,30
MLT,kettl,30
MLT,creatin,30
MLT,savo,30
MLT,ant trap,30
MLT,baking pa,30
MLT,lardon,30
MLT,soy sa,30
MLT,pomodoro,30
MLT,sacla,30
MLT,oce,30
MLT,lion tea,30
MLT,antibac,30
MLT,bet,30
MLT,chilli flakes,30
MLT,cac,30
MLT,sg,30
MLT,almond m,30
MLT,moni,30
MLT,dish wash,30
MLT,onion pow,30
MLT,cea,30
MLT,basilico,30
MLT,stretch,30
MLT,cocco,30
MLT,nugge,30
MLT,handwas,30
MLT,natural,30
MLT,grani,30
MLT,hy,30
MLT,kinder b,30
MLT,pine nut,30
MLT,desserts,30
MLT,lollipop,30
MLT,chicken leg,30
MLT,apri,30
MLT,omega 3,30
MLT,fat,30
MLT,evaporated,30
MLT,joh,30
MLT,jalape,30
MLT,jel,30
MLT,baby spi,30
MLT,benna yog,30
MLT,light mayo,29
MLT,cornflour,29
MLT,mature cheddar,29
MLT,chuck,29
MLT,savoiardi,29
MLT,pastr,29
MLT,cadbur,29
MLT,la fiesta,29
MLT,clot,29
MLT,jack daniels,29
MLT,woo,29
MLT,zofl,29
MLT,yak,29
MLT,spec,29
MLT,sunfl,29
MLT,ty,29
MLT,caprisun,29
MLT,limoncello,29
MLT,stelline,29
MLT,waf,29
MLT,albert,29
MLT,brown s,29
MLT,peppercorn,29
MLT,ted,29
MLT,banana milk,29
MLT,fruit and fibre,29
MLT,ela,29
MLT,jerk,29
MLT,wet w,29
MLT,cog,29
MLT,tzatziki,29
MLT,zot,29
MLT,pegs,29
MLT,vit,29
MLT,tortelli,29
MLT,tice,29
MLT,sirop,29
MLT,kitchen rol,29
MLT,cau,29
MLT,water small,29
MLT,pork chops,29
MLT,innocen,29
MLT,lavaz,29
MLT,laughing cow,29
MLT,minced bee,29
MLT,make,29
MLT,tescoma,29
MLT,zucchi,29
MLT,tesor,29
MLT,smoki,29
MLT,wioes,29
MLT,sause,29
MLT,black garbage,29
MLT,arial,29
MLT,hydr,29
MLT,cinam,29
MLT,sparki,29
MLT,loll,29
MLT,stain remover,29
MLT,skim,29
MLT,basmat,29
MLT,vegetabl,29
MLT,wolt mark,29
MLT,rkotta,29
MLT,baby spin,29
MLT,branston,29
MLT,dr pe,29
MLT,wellbe,29
MLT,garlic paste,29
MLT,Chocolate,29
MLT,aloro,29
MLT,wais,29
MLT,red on,29
MLT,bals,29
MLT,cornf,29
MLT,el sabor,29
MLT,fior di,29
MLT,shri,29
MLT,peeler,29
MLT,soy sau,29
MLT,pino,29
MLT,pretz,29
MLT,pelmeni,29
MLT,hellman,29
MLT,softe,29
MLT,as,29
MLT,soft cheese,29
MLT,oro,29
MLT,spagett,29
MLT,emborg,29
MLT,salt and,29
MLT,ed,29
MLT,paxo,29
MLT,garlic sauce,29
MLT,lemon jui,29
MLT,denim,29
MLT,shre,29
MLT,chocken,29
MLT,radler,29
MLT,krystal,28
MLT,bicchieri,28
MLT,chu,28
MLT,barbe,28
MLT,hp sauce,28
MLT,tres,28
MLT,mosc,28
MLT,rock,28
MLT,gile,28
MLT,tresemme,28
MLT,smok,28
MLT,olive pil,28
MLT,ice crean,28
MLT,oatl,28
MLT,tras,28
MLT,back bacon,28
MLT,maio,28
MLT,tissue box,28
MLT,capr,28
MLT,burata,28
MLT,org,28
MLT,cheet,28
MLT,cream c,28
MLT,baygo,28
MLT,fresh parsley,28
MLT,go and f,28
MLT,hair conditioner,28
MLT,teq,28
MLT,calypso,28
MLT,josefa,28
MLT,greek yoghu,28
MLT,satay,28
MLT,mozzarella sticks,28
MLT,tpilet,28
MLT,patatine,28
MLT,minis,28
MLT,patata,28
MLT,dil,28
MLT,mead,28
MLT,iced co,28
MLT,gnocc,28
MLT,chicolate,28
MLT,gor,28
MLT,napisan,28
MLT,pave,28
MLT,extra virgin,28
MLT,muscle,28
MLT,chupa,28
MLT,Beer,28
MLT,bread rolls,28
MLT,hawaii,28
MLT,ze,28
MLT,bread roll,28
MLT,ker,28
MLT,black bean,28
MLT,caster sugar,28
MLT,therm,28
MLT,buis,28
MLT,sq,28
MLT,small water,28
MLT,0.0,28
MLT,chill b,28
MLT,convenience,28
MLT,royals red,28
MLT,sparking,28
MLT,microfiber,28
MLT,shar,28
MLT,bacar,28
MLT,tra,28
MLT,hot d,28
MLT,coce,28
MLT,pompom,28
MLT,hob,28
MLT,caramel syrup,28
MLT,lingu,28
MLT,minstrels,28
MLT,robinsons,28
MLT,vil,28
MLT,crepe,28
MLT,crispy onion,28
MLT,Ariel,28
MLT,creamer,28
MLT,yougart,28
MLT,icw,28
MLT,aleo,28
MLT,cav,28
MLT,sausage roll,28
MLT,baguet,28
MLT,brios,28
MLT,ost,28
MLT,cit,28
MLT,ice bag,28
MLT,wolt ma,28
MLT,sumac,28
MLT,bue,28
MLT,shan,28
MLT,pasra,28
MLT,water wipe,28
MLT,gamm,28
MLT,camel blue,28
MLT,temp,28
MLT,soarkling,28
MLT,marshmallows,28
MLT,adaptor,28
MLT,huskie,28
MLT,essence,28
MLT,au,28
MLT,dewfre,28
MLT,mou,28
MLT,smeta,28
MLT,gorgon,28
MLT,salat,28
MLT,aluminum,28
MLT,Dr pepper,28
MLT,bulgar,28
MLT,fresh c,28
MLT,baking so,28
MLT,frozen potatoes,28
MLT,dog f,28
MLT,dom,28
MLT,plasm,28
MLT,gherk,28
MLT,pee,28
MLT,hand s,28
MLT,pepsi ma,28
MLT,salted butter,28
MLT,don,28
MLT,cans,28
MLT,ellas kitchen,28
MLT,Coke zero,28
MLT,pres,28
MLT,gluten free pizza,27
MLT,water sparkling,27
MLT,carne,27
MLT,sgrassat,27
MLT,polaretti,27
MLT,cucmber,27
MLT,flavoured water,27
MLT,mozarel,27
MLT,powera,27
MLT,wall,27
MLT,fanta lemon,27
MLT,farfa,27
MLT,black label,27
MLT,tru,27
MLT,wet wi,27
MLT,sar,27
MLT,ene,27
MLT,esta,27
MLT,ground coffee,27
MLT,colour cat,27
MLT,rowntree,27
MLT,sliced cheddar,27
MLT,raspberr,27
MLT,rggs,27
MLT,gro,27
MLT,chardonnay,27
MLT,gold blend,27
MLT,brocol,27
MLT,brad,27
MLT,primi,27
MLT,cheese sauce,27
MLT,shand,27
MLT,sav,27
MLT,basm,27
MLT,pull ups,27
MLT,pers,27
MLT,dolce gu,27
MLT,chicken st,27
MLT,fruit and,27
MLT,fer,27
MLT,condense,27
MLT,freezer bag,27
MLT,onion po,27
MLT,water wip,27
MLT,yellow tail,27
MLT,tir,27
MLT,cottage c,27
MLT,tomato puree,27
MLT,brodo,27
MLT,yoghurt benna,27
MLT,kinnie z,27
MLT,cheese sticks,27
MLT,mixed vegetables,27
MLT,tram,27
MLT,eat real,27
MLT,frozen fish,27
MLT,clea,27
MLT,cup a soup,27
MLT,baca,27
MLT,cort,27
MLT,shaving gel,27
MLT,magnes,27
MLT,lit,27
MLT,cust,27
MLT,blue ch,27
MLT,basket,27
MLT,paw patrol,27
MLT,whiteclaw,27
MLT,os,27
MLT,cranberry juice,27
MLT,rice vinegar,27
MLT,syru,27
MLT,black bin,27
MLT,rice up,27
MLT,vache,27
MLT,wolt mar,27
MLT,dannette,27
MLT,desp,27
MLT,sugar free ice cream,27
MLT,ottini,27
MLT,foundation,27
MLT,coriand,27
MLT,blueberrie,27
MLT,bica,27
MLT,toiket,27
MLT,vale,27
MLT,Monster,27
MLT,white beans,27
MLT,paper towels,27
MLT,saikebon,27
MLT,black b,27
MLT,fresh crea,27
MLT,alu,27
MLT,kus,27
MLT,viled,27
MLT,lister,27
MLT,microf,27
MLT,dep,27
MLT,pork mince,27
MLT,taz,27
MLT,dried fruit,27
MLT,semi,27
MLT,Greek yog,27
MLT,crip,27
MLT,forno,27
MLT,chive,27
MLT,orega,27
MLT,watter,27
MLT,shortbread,27
MLT,lubri,27
MLT,cornd,27
MLT,frozen y,27
MLT,ell,27
MLT,chill be,27
MLT,merlot,27
MLT,hip,26
MLT,cordial,26
MLT,burger b,26
MLT,tikka masala,26
MLT,frisi,26
MLT,batteri,26
MLT,nappie,26
MLT,remia,26
MLT,asp,26
MLT,ice lol,26
MLT,relish,26
MLT,corri,26
MLT,alpro yogurt,26
MLT,smiley,26
MLT,bar soap,26
MLT,tutti,26
MLT,fabulos,26
MLT,oat m,26
MLT,homey,26
MLT,sunflower seed,26
MLT,brioch,26
MLT,dunhill silver,26
MLT,mozzer,26
MLT,moth,26
MLT,sesame seeds,26
MLT,all purpose flour,26
MLT,icr,26
MLT,suncream,26
MLT,butter milk,26
MLT,dr pepp,26
MLT,quor,26
MLT,arti,26
MLT,drin,26
MLT,fresh cre,26
MLT,hellm,26
MLT,cigg,26
MLT,pinapple,26
MLT,gelat,26
MLT,lactose fr,26
MLT,tuns,26
MLT,reg,26
MLT,hop,26
MLT,pecans,26
MLT,moam,26
MLT,club,26
MLT,ideal,26
MLT,sauer,26
MLT,wen,26
MLT,sor,26
MLT,mist,26
MLT,dure,26
MLT,chiv,26
MLT,pink st,26
MLT,barila,26
MLT,Ice tea,26
MLT,vile,26
MLT,nescafe espresso,26
MLT,cheese s,26
MLT,kolio,26
MLT,panty liners,26
MLT,tee,26
MLT,kool,26
MLT,grated chees,26
MLT,mushroom sauce,26
MLT,intim,26
MLT,starch,26
MLT,frozen ve,26
MLT,cooked chicken,26
MLT,meatba,26
MLT,hot chocolate,26
MLT,soil,26
MLT,talcum,26
MLT,passion fruit,26
MLT,peppera,26
MLT,ice lo,26
MLT,daim,26
MLT,fresh milk,26
MLT,gatorad,26
MLT,marshm,26
MLT,nutela,26
MLT,squa,26
MLT,alpro soya,26
MLT,breaded,26
MLT,chc,26
MLT,crossant,26
MLT,tet,26
MLT,natu,26
MLT,pil,26
MLT,cheese sli,26
MLT,diary,26
MLT,asto,26
MLT,rothmans blue,26
MLT,maltese sa,26
MLT,sugarfree,26
MLT,clove,26
MLT,jogo,26
MLT,heinek,26
MLT,wine white,26
MLT,mango juice,26
MLT,egg whi,26
MLT,baby s,26
MLT,bread flour,26
MLT,carrits,26
MLT,rubber,26
MLT,carlsberg,26
MLT,eggpl,26
MLT,amigos,26
MLT,wasabi,26
MLT,dustpan,26
MLT,cotton bud,26
MLT,sko,26
MLT,vread,26
MLT,carl,26
MLT,baker,26
MLT,baking sheet,26
MLT,cocc,26
MLT,oc,26
MLT,alum,26
MLT,brrad,26
MLT,salaf,26
MLT,shred,26
MLT,whater,26
MLT,dark chocol,26
MLT,buc,26
MLT,body cream,26
MLT,cerave,26
MLT,rice cr,26
MLT,breadc,26
MLT,hash browns,26
MLT,kefal,26
MLT,lombardi,26
MLT,chocolate syrup,26
MLT,my,26
MLT,ryv,26
MLT,babyl,26
MLT,cusk,26
MLT,brioc,25
MLT,chopp,25
MLT,bourn,25
MLT,carpet,25
MLT,breadcrumb,25
MLT,frozen food,25
MLT,organic bin,25
MLT,violife,25
MLT,chico,25
MLT,bresa,25
MLT,mues,25
MLT,frozen fr,25
MLT,gelatine,25
MLT,vape oil,25
MLT,protein yogurt,25
MLT,dewfres,25
MLT,ambi,25
MLT,ice tea zero,25
MLT,farf,25
MLT,digesti,25
MLT,tobasco,25
MLT,frisia,25
MLT,meado,25
MLT,arkadia,25
MLT,water filter,25
MLT,ir,25
MLT,applied nutrition,25
MLT,pepsi m,25
MLT,weed,25
MLT,roya,25
MLT,granit,25
MLT,Barilla,25
MLT,worl,25
MLT,body scrub,25
MLT,tomato p,25
MLT,egg wh,25
MLT,lollies,25
MLT,beetroo,25
MLT,childs,25
MLT,sun block,25
MLT,beef cubes,25
MLT,paneer,25
MLT,camel brand,25
MLT,seas,25
MLT,three hills,25
MLT,surgical,25
MLT,cour,25
MLT,caf,25
MLT,arizona,25
MLT,philips,25
MLT,season,25
MLT,la v,25
MLT,tin foil,25
MLT,lam,25
MLT,adele,25
MLT,buscuits,25
MLT,pipe,25
MLT,kal,25
MLT,sandwic,25
MLT,slices,25
MLT,garlix,25
MLT,fera,25
MLT,Lemon,25
MLT,am,25
MLT,calgon,25
MLT,creati,25
MLT,paper roll,25
MLT,indo,25
MLT,thalia,25
MLT,jer,25
MLT,aspar,25
MLT,wine red,25
MLT,free range,25
MLT,meadowlea,25
MLT,mest,25
MLT,ben & jerry,25
MLT,benson,25
MLT,mexi,25
MLT,lore,25
MLT,gn,25
MLT,fio,25
MLT,garlic dip,25
MLT,pancake mix,25
MLT,cheese balls,25
MLT,scallions,25
MLT,bathroom cleaner,25
MLT,aptamil 3,25
MLT,soya sauce,25
MLT,jum,25
MLT,colee,25
MLT,pesti,25
MLT,Ham,25
MLT,lindor,25
MLT,baul,25
MLT,grinder,25
MLT,sunshine snacks,25
MLT,duplo,25
MLT,cham,25
MLT,red cabbage,25
MLT,ger,25
MLT,lactose free cheese,25
MLT,surface cleaner,25
MLT,new,25
MLT,salted caramel,25
MLT,fon,25
MLT,capsi,25
MLT,frenc,25
MLT,breadcru,25
MLT,plasters,25
MLT,sgr,25
MLT,parmigg,25
MLT,sur,25
MLT,padta,25
MLT,dia,25
MLT,freezer bags,25
MLT,chicken breas,25
MLT,bell pe,25
MLT,apr,25
MLT,bovr,25
MLT,cane,25
MLT,bru,25
MLT,pumpkin seed,25
MLT,recycling bags,25
MLT,San,25
MLT,pante,25
MLT,sche,25
MLT,nug,25
MLT,sun screen,25
MLT,baby carrots,25
MLT,harpic,25
MLT,cheeselet,25
MLT,sanitiser,25
MLT,jumb,25
MLT,baba,25
MLT,nacho cheese,25
MLT,French fries,25
MLT,babylin,25
MLT,plat,25
MLT,mayona,25
MLT,pastizz,25
MLT,eyeliner,25
MLT,yoh,25
MLT,plantain,25
MLT,remover,25
MLT,braun,25
MLT,dum,25
MLT,prawn cocktail,25
MLT,ziffa,25
MLT,buzzball,25
MLT,capunata,25
MLT,micellar,25
MLT,marm,25
MLT,teri,25
MLT,furnetti,25
MLT,flowe,25
MLT,tz,25
MLT,childs farm,25
MLT,Toilet,24
MLT,kandoo,24
MLT,nestl,24
MLT,strong,24
MLT,de cecco,24
MLT,fever,24
MLT,sardi,24
MLT,nail file,24
MLT,sugar free ice,24
MLT,spirit,24
MLT,lol,24
MLT,Kinnie,24
MLT,mosca,24
MLT,sprink,24
MLT,nice,24
MLT,mikk,24
MLT,plan,24
MLT,make up remover,24
MLT,dr beckmann,24
MLT,adapt,24
MLT,pac,24
MLT,evaporated milk,24
MLT,colour ca,24
MLT,tum,24
MLT,kitchen cleaner,24
MLT,peato,24
MLT,beef min,24
MLT,wax strips,24
MLT,lubr,24
MLT,bread crum,24
MLT,esp,24
MLT,jambon,24
MLT,natur,24
MLT,swedish,24
MLT,baby shampoo,24
MLT,calamari,24
MLT,halloum,24
MLT,family,24
MLT,Apple,24
MLT,malta,24
MLT,trop,24
MLT,ella’s,24
MLT,Kristal,24
MLT,spring onions,24
MLT,uova,24
MLT,parse,24
MLT,paraley,24
MLT,cisk 0,24
MLT,green chilli,24
MLT,cake tin,24
MLT,light cream,24
MLT,za,24
MLT,shrim,24
MLT,peperam,24
MLT,levissim,24
MLT,taralli,24
MLT,mix veg,24
MLT,formaggio,24
MLT,alumin,24
MLT,nutr,24
MLT,gnocci,24
MLT,yogurth,24
MLT,ama,24
MLT,sci,24
MLT,peppermint tea,24
MLT,chocolate chi,24
MLT,sept,24
MLT,haagen,24
MLT,bitt,24
MLT,emment,24
MLT,marger,24
MLT,cote,24
MLT,gluten free flour,24
MLT,cotton pad,24
MLT,stel,24
MLT,bene,24
MLT,getor,24
MLT,dujar,24
MLT,fonzies,24
MLT,felc,24
MLT,mixed spice,24
MLT,mirror,24
MLT,mixed salad,24
MLT,ravju,24
MLT,frozen c,24
MLT,deco,24
MLT,sundried tomatoes,24
MLT,sprout,24
MLT,protein p,24
MLT,kcina,24
MLT,stic,24
MLT,sweet c,24
MLT,omino bianco,24
MLT,spra,24
MLT,schw,24
MLT,bott,24
MLT,chicken soup,24
MLT,insala,24
MLT,rol,24
MLT,courg,24
MLT,frankfurt,24
MLT,pfa,24
MLT,bell pep,24
MLT,lynx,24
MLT,bui,24
MLT,Betty crocker,24
MLT,toilette,24
MLT,pronta,24
MLT,quiche,24
MLT,roce,24
MLT,muscles,24
MLT,american,24
MLT,boneless,24
MLT,travel size,24
MLT,alumi,24
MLT,formula,24
MLT,nai,24
MLT,riomare,24
MLT,crun,24
MLT,Tomato,24
MLT,snak,24
MLT,alwa,24
MLT,mic,24
MLT,exten,24
MLT,berrie,24
MLT,moo,24
MLT,nivea sun,24
MLT,apric,24
MLT,sun lo,24
MLT,white fox,24
MLT,tak,24
MLT,Toilet paper,24
MLT,hiney,24
MLT,la molisana,24
MLT,taytos,24
MLT,garlic fresh,24
MLT,aube,24
MLT,ped,24
MLT,tetl,24
MLT,goats,24
MLT,inecto,24
MLT,chicken seas,24
MLT,supermarket,24
MLT,sausage rolls,24
MLT,lean beef,24
MLT,hand soa,24
MLT,malboro gold,24
MLT,fresh juice,24
MLT,pudd,24
MLT,chicken n,24
MLT,pure,24
MLT,panty liner,24
MLT,battries,24
MLT,breeze,24
MLT,dish washing,24
MLT,sliced che,24
MLT,meyn,24
MLT,crossiant,24
MLT,alb,24
MLT,aston,24
MLT,hagen,24
MLT,good health,24
MLT,film,24
MLT,sour cre,24
MLT,van cat,24
MLT,rump,24
MLT,colour catch,23
MLT,aunt mabel,23
MLT,fusili,23
MLT,cum,23
MLT,session,23
MLT,doce,23
MLT,razo,23
MLT,nature va,23
MLT,aioli,23
MLT,thighs,23
MLT,bay leaves,23
MLT,garden,23
MLT,keffir,23
MLT,red pe,23
MLT,cat l,23
MLT,all pur,23
MLT,sweetcor,23
MLT,rown,23
MLT,organic eggs,23
MLT,cide,23
MLT,sas,23
MLT,apero,23
MLT,low gi,23
MLT,bin liners,23
MLT,msg,23
MLT,cerelac,23
MLT,shr,23
MLT,wster,23
MLT,rad,23
MLT,bav,23
MLT,elite tuna,23
MLT,crunchie,23
MLT,soja,23
MLT,ash,23
MLT,slim pasta,23
MLT,egg whit,23
MLT,soften,23
MLT,oreg,23
MLT,areon,23
MLT,burger bu,23
MLT,pozza,23
MLT,kebabs,23
MLT,completa,23
MLT,hotdogs,23
MLT,cheese shredded,23
MLT,piza,23
MLT,grater,23
MLT,pet food,23
MLT,bombay,23
MLT,smoked paprika,23
MLT,rea,23
MLT,cooking spray,23
MLT,water pack,23
MLT,sliced c,23
MLT,pfann,23
MLT,pork sausage,23
MLT,cotton wool,23
MLT,romaine,23
MLT,cranberry cheese,23
MLT,fresh bread,23
MLT,vetri,23
MLT,oregan,23
MLT,bus,23
MLT,swi,23
MLT,light mozzarella,23
MLT,mue,23
MLT,whitening,23
MLT,ricr,23
MLT,type c,23
MLT,bug spray,23
MLT,goodfe,23
MLT,pectol,23
MLT,tahi,23
MLT,infacare,23
MLT,tank,23
MLT,fresh garlic,23
MLT,apple pie,23
MLT,ribe,23
MLT,orange squash,23
MLT,quo,23
MLT,conditi,23
MLT,sigarette,23
MLT,toilet bleach,23
MLT,dog foo,23
MLT,Olive oil,23
MLT,speite,23
MLT,bett,23
MLT,cream chees,23
MLT,buffalo,23
MLT,koli,23
MLT,smoo,23
MLT,snic,23
MLT,old el,23
MLT,bellini,23
MLT,papaya,23
MLT,apple juic,23
MLT,sweete,23
MLT,ind,23
MLT,jogurt,23
MLT,sparkling wine,23
MLT,sheba,23
MLT,chis,23
MLT,geto,23
MLT,rummi,23
MLT,mars ice,23
MLT,chicken tigh,23
MLT,nespress,23
MLT,fur,23
MLT,caff,23
MLT,buter,23
MLT,tobaco,23
MLT,papa,23
MLT,hoisin,23
MLT,promilk,23
MLT,cheese block,23
MLT,eggd,23
MLT,Cucumber,23
MLT,zaflora,23
MLT,mol,23
MLT,pit,23
MLT,Chips,23
MLT,skewer,23
MLT,shavi,23
MLT,lard,23
MLT,sweet paprika,23
MLT,Cisk,23
MLT,toothbru,23
MLT,white vine,23
MLT,domest,23
MLT,veggi,23
MLT,her,23
MLT,hea,23
MLT,perf,23
MLT,pampers 4,23
MLT,tropi,23
MLT,loofah,23
MLT,stre,23
MLT,turm,23
MLT,sus,23
MLT,yoga,23
MLT,trese,23
MLT,protein wrap,23
MLT,ziplock,23
MLT,kinder bu,23
MLT,avac,23
MLT,wiped,23
MLT,bake roll,23
MLT,strac,23
MLT,ser,23
MLT,Ben,23
MLT,jungle,23
MLT,axe,23
MLT,sour c,23
MLT,buff,23
MLT,apple cider vinegar,23
MLT,dr pep,23
MLT,body oil,23
MLT,Fanta,22
MLT,kala,22
MLT,pasta barilla,22
MLT,morning c,22
MLT,cavi,22
MLT,insalata,22
MLT,cameo,22
MLT,sour dough,22
MLT,frankfu,22
MLT,fresh orange,22
MLT,infa,22
MLT,lighte,22
MLT,miracle,22
MLT,greek 10%,22
MLT,haloumi,22
MLT,pelle,22
MLT,chicken tighs,22
MLT,kopparberg,22
MLT,calvo,22
MLT,frankfurters,22
MLT,philadelp,22
MLT,birds,22
MLT,Garbage,22
MLT,tomatoe paste,22
MLT,exquisa,22
MLT,pez,22
MLT,la torre,22
MLT,lemongrass,22
MLT,wis,22
MLT,pepera,22
MLT,white sa,22
MLT,bod,22
MLT,mezete,22
MLT,laughing,22
MLT,creme fraiche,22
MLT,frozen ch,22
MLT,denta,22
MLT,chillies,22
MLT,cil,22
MLT,ice pack,22
MLT,mint tea,22
MLT,cristal,22
MLT,roas,22
MLT,Frozen,22
MLT,banane,22
MLT,station,22
MLT,gluten f,22
MLT,pellito,22
MLT,hyg,22
MLT,rolling papers,22
MLT,gonger,22
MLT,robinson,22
MLT,stat,22
MLT,cabbag,22
MLT,muss,22
MLT,carot,22
MLT,cooking wine,22
MLT,water 5l,22
MLT,matc,22
MLT,chard,22
MLT,saline,22
MLT,yello,22
MLT,parsley fresh,22
MLT,sals,22
MLT,stea,22
MLT,espress,22
MLT,bannana,22
MLT,chicken fillet,22
MLT,holl,22
MLT,poke,22
MLT,flor,22
MLT,tera,22
MLT,hit,22
MLT,tilda rice,22
MLT,frozen garlic,22
MLT,first aid,22
MLT,dreamies,22
MLT,grated cheddar,22
MLT,amadori,22
MLT,nud,22
MLT,sira,22
MLT,for,22
MLT,chol,22
MLT,un,22
MLT,egg w,22
MLT,milky buttons,22
MLT,loac,22
MLT,vegtables,22
MLT,frozen f,22
MLT,kitchen to,22
MLT,liqui,22
MLT,nappy bags,22
MLT,peppero,22
MLT,ps,22
MLT,chrese,22
MLT,mortadel,22
MLT,thon,22
MLT,8.6,22
MLT,barbeque,22
MLT,Tuna,22
MLT,nitella,22
MLT,bape,22
MLT,puff pas,22
MLT,berri,22
MLT,red velvet,22
MLT,green bean,22
MLT,perla,22
MLT,chicken sausage,22
MLT,dryer,22
MLT,artichokes,22
MLT,besh,22
MLT,med,22
MLT,whipp,22
MLT,lactose free ice cream,22
MLT,gou,22
MLT,heat,22
MLT,sourdo,22
MLT,line,22
MLT,spinge,22
MLT,ready made,22
MLT,peo,22
MLT,adap,22
MLT,intimate wash,22
MLT,old hol,22
MLT,floor deter,22
MLT,bigil,22
MLT,frozen blueberries,22
MLT,viakal,22
MLT,white cream,22
MLT,oat bar,22
MLT,dogs,22
MLT,yaku,22
MLT,ron,22
MLT,twinings,22
MLT,avicado,22
MLT,tiram,22
MLT,has,22
MLT,san miche,22
MLT,tartufo,22
MLT,sauvignon,22
MLT,cheese string,22
MLT,citro,22
MLT,astoni,22
MLT,tonys,22
MLT,chips frozen,22
MLT,moet,22
MLT,vaporesso,22
MLT,clip,22
MLT,lm,22
MLT,prun,22
MLT,protein yoghurt,22
MLT,vermicelli,22
MLT,buckw,22
MLT,aloa,22
MLT,milk lactose free,22
MLT,wing,22
MLT,Turkey,22
MLT,fiji,22
MLT,mai,22
MLT,Pizza,22
MLT,chicken nugget,22
MLT,hot dog buns,22
MLT,gingerale,22
MLT,red o,22
MLT,kelkin,22
MLT,galet,22
MLT,sald,22
MLT,vegan ice,22
MLT,iphone,22
MLT,lemon tea,22
MLT,loofa,22
MLT,zip lock,22
MLT,thy,22
MLT,wTer,22
MLT,mali,22
MLT,leaves,22
MLT,bin liner,22
MLT,cat litt,21
MLT,panini world cup,21
MLT,mondter,21
MLT,crease,21
MLT,bygon,21
MLT,massage,21
MLT,wai,21
MLT,cleaning spray,21
MLT,indomi,21
MLT,candeggina,21
MLT,presi,21
MLT,bavari,21
MLT,sant anna,21
MLT,clotted,21
MLT,milk cream,21
MLT,cranber,21
MLT,buld,21
MLT,estathe,21
MLT,lactose free greek,21
MLT,Salad,21
MLT,gifts,21
MLT,ice cof,21
MLT,cloths,21
MLT,cooking chocolate,21
MLT,sandwhich,21
MLT,aja,21
MLT,chickem,21
MLT,buds,21
MLT,salt and vin,21
MLT,frozen p,21
MLT,toas,21
MLT,short crust,21
MLT,prosciutt,21
MLT,applied,21
MLT,coconut flakes,21
MLT,miri,21
MLT,arugula,21
MLT,rubbish bags,21
MLT,gratef,21
MLT,trays,21
MLT,garlic frozen,21
MLT,grey bags,21
MLT,saf,21
MLT,get,21
MLT,nivea deo,21
MLT,jerry,21
MLT,smileys,21
MLT,sultanas,21
MLT,kie,21
MLT,wire,21
MLT,mnm,21
MLT,tuna brine,21
MLT,chocolate sauce,21
MLT,fresh fruit,21
MLT,turkish,21
MLT,jogobella,21
MLT,aca,21
MLT,bacon cubes,21
MLT,milk cho,21
MLT,brut,21
MLT,acq,21
MLT,minestra,21
MLT,child farm,21
MLT,gater,21
MLT,rubb,21
MLT,vanilla ex,21
MLT,tins,21
MLT,red peppers,21
MLT,cut,21
MLT,mosquit,21
MLT,freske,21
MLT,bcaa,21
MLT,cruesli,21
MLT,sweet and,21
MLT,tursin,21
MLT,thomas,21
MLT,m and m,21
MLT,patch,21
MLT,spoons,21
MLT,leffe,21
MLT,americano,21
MLT,goats cheese,21
MLT,filt,21
MLT,airfryer,21
MLT,calippo,21
MLT,Strawberries,21
MLT,deodoran,21
MLT,cheerio,21
MLT,fin,21
MLT,moisturizer,21
MLT,antiba,21
MLT,tangerine,21
MLT,mackarel,21
MLT,sgras,21
MLT,parsely,21
MLT,air f,21
MLT,sweetco,21
MLT,fuz,21
MLT,zig,21
MLT,frozen blu,21
MLT,gui,21
MLT,leer,21
MLT,müsli,21
MLT,caleo,21
MLT,cic,21
MLT,tagl,21
MLT,elderflower,21
MLT,gela,21
MLT,nutella ice,21
MLT,rice cra,21
MLT,tartar,21
MLT,bluberries,21
MLT,apl,21
MLT,tuna salad,21
MLT,roller,21
MLT,sigare,21
MLT,acid,21
MLT,chill ber,21
MLT,curry paste,21
MLT,caro,21
MLT,cheery,21
MLT,bulbs,21
MLT,cesar,21
MLT,gelati,21
MLT,maxi nut,21
MLT,haze,21
MLT,curr,21
MLT,fit,21
MLT,nespre,21
MLT,paper plate,21
MLT,water 500,21
MLT,crunchy nut,21
MLT,friut,21
MLT,meals,21
MLT,coconut wa,21
MLT,tweezers,21
MLT,white choco,21
MLT,balsen,21
MLT,sky,21
MLT,cucm,21
MLT,wholeme,21
MLT,lait,21
MLT,foster clark,21
MLT,danacol,21
MLT,maionese,21
MLT,cordo,21
MLT,batte,21
MLT,gri,21
MLT,chicken th,21
MLT,smoked sal,21
MLT,M&M,21
MLT,golden harv,21
MLT,getorade,21
MLT,elvive,21
MLT,corn fl,21
MLT,dove soap,21
MLT,saysage,21
MLT,organic b,21
MLT,cereali,21
MLT,chipotle,21
MLT,bai,21
MLT,salad mix,21
MLT,iceb,21
MLT,blood,21
MLT,parmala,21
MLT,sigaret,21
MLT,picke,21
MLT,chicken nug,21
MLT,butter bean,21
MLT,meats and,21
MLT,vou,21
MLT,insec,21
MLT,feastables,21
MLT,ceas,21
MLT,tadam,21
MLT,Rothmans,21
MLT,plum cake,21
MLT,large,21
MLT,luc,21
MLT,ad,21
MLT,strongbow,21
MLT,sos,21
MLT,body mist,21
MLT,fabric soft,21
MLT,cocu,21
MLT,Egg,21
MLT,sweetc,21
MLT,maypol,21
MLT,tap,21
MLT,gluten fre,21
MLT,lamp,21
MLT,canneloni,21
MLT,fresh cr,21
MLT,sla,21
MLT,chili flakes,20
MLT,fabric cond,20
MLT,worcester,20
MLT,actinel,20
MLT,glaze,20
MLT,cheese sliced,20
MLT,lemon cake,20
MLT,vas,20
MLT,aceto,20
MLT,twestees,20
MLT,peri peri,20
MLT,ae,20
MLT,sundri,20
MLT,purple,20
MLT,poppies,20
MLT,sfoglia,20
MLT,chewin,20
MLT,carrot juice,20
MLT,parmag,20
MLT,poo,20
MLT,kievs,20
MLT,shake,20
MLT,cold beer,20
MLT,truff,20
MLT,fulfill,20
MLT,masala,20
MLT,sweet wine,20
MLT,lemona,20
MLT,pasc,20
MLT,moscat,20
MLT,say,20
MLT,golden h,20
MLT,blue berr,20
MLT,pierre,20
MLT,dark brown sugar,20
MLT,powdered,20
MLT,smoked pap,20
MLT,bonduelle,20
MLT,caca,20
MLT,cover,20
MLT,frozen v,20
MLT,conve,20
MLT,laundry pods,20
MLT,cocao,20
MLT,capucc,20
MLT,decaf tea,20
MLT,butger,20
MLT,eis,20
MLT,luncheo,20
MLT,baby wash,20
MLT,pasata,20
MLT,letu,20
MLT,bailey,20
MLT,solero,20
MLT,l&,20
MLT,marbolo,20
MLT,tvorog,20
MLT,kiei,20
MLT,multipack,20
MLT,birthday cake,20
MLT,minced m,20
MLT,pt,20
MLT,skip,20
MLT,wilkinson,20
MLT,ground pepper,20
MLT,hopleaf,20
MLT,baileys,20
MLT,srir,20
MLT,pou,20
MLT,candies,20
MLT,monater,20
MLT,book,20
MLT,mama,20
MLT,rizl,20
MLT,softn,20
MLT,beer 0,20
MLT,hat,20
MLT,pampers 5,20
MLT,groun,20
MLT,cheese stick,20
MLT,crunc,20
MLT,parmegiano,20
MLT,kalam,20
MLT,marmite,20
MLT,fusil,20
MLT,chocolate dark,20
MLT,sink,20
MLT,detersivo,20
MLT,ravj,20
MLT,pocket,20
MLT,lactose free yogurt,20
MLT,worces,20
MLT,ye,20
MLT,Nescafe,20
MLT,insal,20
MLT,sourdou,20
MLT,saisage,20
MLT,care,20
MLT,almond mil,20
MLT,kni,20
MLT,phili,20
MLT,gille,20
MLT,strips,20
MLT,mand,20
MLT,pepero,20
MLT,wholem,20
MLT,tic tac,20
MLT,tomato pa,20
MLT,udon,20
MLT,farina,20
MLT,ceasar,20
MLT,cleaning wipes,20
MLT,fabric so,20
MLT,lux,20
MLT,coffee filter,20
MLT,tyr,20
MLT,pinto,20
MLT,sirup,20
MLT,english,20
MLT,meatb,20
MLT,sto,20
MLT,koppar,20
MLT,oll,20
MLT,eyelashes,20
MLT,birth,20
MLT,carame,20
MLT,jug,20
MLT,cough,20
MLT,pork sausages,20
MLT,pickels,20
MLT,tumble,20
MLT,pull,20
MLT,frozen berry,20
MLT,cast,20
MLT,brnna,20
MLT,pringels,20
MLT,contact,20
MLT,arm,20
MLT,plu,20
MLT,kinder egg,20
MLT,skin,20
MLT,hyd,20
MLT,pasta sau,20
MLT,deserts,20
MLT,couscou,20
MLT,turkey breast,20
MLT,coriande,20
MLT,rinse aid,20
MLT,tof,20
MLT,sep,20
MLT,sourdough bread,20
MLT,pom pom,20
MLT,yogurteria,20
MLT,hibiscus,20
MLT,septo,20
MLT,salt vinegar,20
MLT,color catcher,20
MLT,donu,20
MLT,dump,20
MLT,herbal tea,20
MLT,go n fun,20
MLT,pp,20
MLT,nescafe ice,20
MLT,poms,20
MLT,Yogurt,20
MLT,chest,20
MLT,tea bag,20
MLT,morn,20
MLT,rik,20
MLT,mak,20
MLT,album,20
MLT,are,20
MLT,ananas,20
MLT,wolt m,20
MLT,milk long,20
MLT,emme,20
MLT,ice tray,20
MLT,flip,20
MLT,stationary,20
MLT,kefit,20
MLT,cat fo,20
MLT,aubergines,20
MLT,ceri,20
MLT,ham cubes,20
MLT,herbal,20
MLT,vitaldin,20
MLT,sensitive,20
MLT,greek yogur,20
MLT,powdered sugar,20
MLT,diary milk,20
MLT,chopped tomato,20
MLT,cannelloni,20
MLT,cisk zero,20
MLT,chrips,20
MLT,hellmans,20
MLT,pita bread,20
MLT,fruit pouch,20
MLT,pitted,20
MLT,radox,20
MLT,sandwich ham,20
MLT,chich,20
MLT,wispa,20
MLT,vongole,20
MLT,bail,20
MLT,swiss,20
MLT,ab,20
MLT,cols,20
MLT,gill,20
MLT,balsamico,20
MLT,cookie dough,20
MLT,deca,20
MLT,kerrygol,20
MLT,go and fun zero,20
MLT,cornfla,20
MLT,hygene,20
MLT,mozzarella light,20
MLT,avocados,20
MLT,dog wipes,20
MLT,rub,20
MLT,wgg,20
MLT,chicken cub,20
MLT,food bags,20
MLT,cov,19
MLT,nutrlla,19
MLT,garlic granules,19
MLT,crispy on,19
MLT,pote,19
MLT,3 in 1,19
MLT,pingui,19
MLT,neutro,19
MLT,frico,19
MLT,dark brown,19
MLT,ive tea,19
MLT,poteto,19
MLT,hair d,19
MLT,eva,19
MLT,chillberr,19
MLT,nicorefill,19
MLT,cats,19
MLT,poop,19
MLT,kinder delice,19
MLT,old el paso,19
MLT,sweat,19
MLT,vitam,19
MLT,primit,19
MLT,heal,19
MLT,cj,19
MLT,pack,19
MLT,kn,19
MLT,conditione,19
MLT,freezer food,19
MLT,eli,19
MLT,rice flour,19
MLT,protein b,19
MLT,I've,19
MLT,bufola,19
MLT,muesl,19
MLT,disi,19
MLT,micr,19
MLT,letti,19
MLT,del,19
MLT,veggies,19
MLT,griss,19
MLT,dann,19
MLT,lane,19
MLT,zucchine,19
MLT,pomegran,19
MLT,hash b,19
MLT,imqaret,19
MLT,sprinkle,19
MLT,luck,19
MLT,hair dy,19
MLT,kitk,19
MLT,spam,19
MLT,flu,19
MLT,plunger,19
MLT,arancini,19
MLT,green peppers,19
MLT,davi,19
MLT,evia,19
MLT,chios,19
MLT,papier,19
MLT,baby sp,19
MLT,toothpicks,19
MLT,cocktail sausages,19
MLT,gorgo,19
MLT,rom,19
MLT,kuskus,19
MLT,feet,19
MLT,jordans,19
MLT,sme,19
MLT,elml,19
MLT,powd,19
MLT,oat mi,19
MLT,baby milk,19
MLT,worce,19
MLT,kiddi,19
MLT,yakul,19
MLT,tinn,19
MLT,honey mustard,19
MLT,ritt,19
MLT,sunflow,19
MLT,baby potatoes,19
MLT,apple j,19
MLT,Red bull,19
MLT,Vivace,19
MLT,Coconut,19
MLT,breezers,19
MLT,cow,19
MLT,enervit,19
MLT,ciab,19
MLT,felic,19
MLT,parace,19
MLT,peach water,19
MLT,yogut,19
MLT,sensa,19
MLT,gerk,19
MLT,beef cube,19
MLT,mozze,19
MLT,citr,19
MLT,nail polish remover,19
MLT,nature vall,19
MLT,prosciutto cotto,19
MLT,gren,19
MLT,gif,19
MLT,naked,19
MLT,oyster sauce,19
MLT,nuve,19
MLT,lessive,19
MLT,waffer,19
MLT,ev,19
MLT,koppa,19
MLT,sweet ch,19
MLT,rice kr,19
MLT,yogo,19
MLT,hidehere,19
MLT,tem,19
MLT,soar,19
MLT,aeq,19
MLT,lolli,19
MLT,part,19
MLT,grek,19
MLT,charcol,19
MLT,frankfur,19
MLT,pins,19
MLT,pomegr,19
MLT,emmenthal,19
MLT,freeze,19
MLT,melon salad,19
MLT,hangers,19
MLT,bio milk,19
MLT,chocla,19
MLT,vid,19
MLT,tanq,19
MLT,golden virginia,19
MLT,sund,19
MLT,world c,19
MLT,wedding,19
MLT,boun,19
MLT,chciken,19
MLT,loren,19
MLT,morning co,19
MLT,golden wonder,19
MLT,aperol spritz,19
MLT,chicken tonight,19
MLT,teddy,19
MLT,ehg,19
MLT,bs,19
MLT,actime,19
MLT,pom poms,19
MLT,poat,19
MLT,pasta sa,19
MLT,bey,19
MLT,zal,19
MLT,dumpl,19
MLT,dolce gus,19
MLT,misu,19
MLT,milksh,19
MLT,hair dryer,19
MLT,Coco,19
MLT,fish finger,19
MLT,chixken,19
MLT,cica,19
MLT,pallm,19
MLT,waistn,19
MLT,white c,19
MLT,vigue,19
MLT,port,19
MLT,alpro greek,19
MLT,cay,19
MLT,tzatz,19
MLT,sorb,19
MLT,sammon,19
MLT,toilette paper,19
MLT,red lei,19
MLT,Banana,19
MLT,cacao powder,19
MLT,dild,19
MLT,light soy,19
MLT,sugar fr,19
MLT,dry sham,19
MLT,courgettes,19
MLT,italian seasoning,19
MLT,gran pavesi,19
MLT,cold cuts,19
MLT,peccorino,19
MLT,elmle,19
MLT,salade,19
MLT,stracc,19
MLT,perrie,19
MLT,tomatoe sauce,19
MLT,Mozzarella,19
MLT,marmalade,19
MLT,ginger paste,19
MLT,bulda,19
MLT,chco,19
MLT,himalayan,19
MLT,breaded chicken,19
MLT,face wipes,19
MLT,protain,19
MLT,cheese cheddar,19
MLT,garlic bu,19
MLT,lei,19
MLT,irko,19
MLT,goud,19
MLT,enka,19
MLT,AAA,19
MLT,tequ,19
MLT,Lorenz,19
MLT,halumi,19
MLT,nread,19
MLT,Red,19
MLT,nair,19
MLT,Beef,19
MLT,melato,19
MLT,paper cup,19
MLT,edemame,19
MLT,baby po,19
MLT,sauv,19
MLT,keba,19
MLT,marbloro,19
MLT,cisl,19
MLT,daddy,19
MLT,eco,19
MLT,pero,19
MLT,hand cream,19
MLT,pallma,19
MLT,ris,19
MLT,dental floss,19
MLT,somers,19
MLT,organic ba,19
MLT,chichen,19
MLT,rucula,19
MLT,risoni,19
MLT,sliced olives,19
MLT,earl,19
MLT,Apple juice,19
MLT,Rio mare,19
MLT,pistachios,19
MLT,magne,19
MLT,pur,19
MLT,chan,19
MLT,timpana,19
MLT,bucat,19
MLT,buitoni,19
MLT,keb,19
MLT,mira,19
MLT,weap,19
MLT,chicjen,19
MLT,wipex,19
MLT,tewm,19
MLT,top,19
MLT,oxi,19
MLT,kefalo,19
MLT,gorg,19
MLT,applaws,19
MLT,pepperam,19
MLT,san p,19
MLT,autan,19
MLT,brown brea,19
MLT,kofta,19
MLT,baby corn,19
MLT,crakers,19
MLT,prongles,19
MLT,red wi,19
MLT,hercules,18
MLT,sheets,18
MLT,thc,18
MLT,ritter sport,18
MLT,solo,18
MLT,frisk,18
MLT,hollan,18
MLT,rhum,18
MLT,kiddylicious,18
MLT,bologne,18
MLT,sigarettes,18
MLT,schwepp,18
MLT,cornb,18
MLT,conven,18
MLT,water wi,18
MLT,Twistees,18
MLT,chillbe,18
MLT,pall mal,18
MLT,Coca cola,18
MLT,vu,18
MLT,headphones,18
MLT,dane,18
MLT,banans,18
MLT,stracciatella,18
MLT,pine nu,18
MLT,foo,18
MLT,mortadell,18
MLT,guin,18
MLT,gnoc,18
MLT,tomaten,18
MLT,plants,18
MLT,fizzy,18
MLT,medjool,18
MLT,scent,18
MLT,wafe,18
MLT,xlim,18
MLT,apple sauce,18
MLT,cerral,18
MLT,potato sa,18
MLT,garluc,18
MLT,pops,18
MLT,cotton bu,18
MLT,wodka,18
MLT,letuce,18
MLT,cidk,18
MLT,cheese light,18
MLT,fabric softner,18
MLT,ziti,18
MLT,iceber,18
MLT,elastic,18
MLT,nespr,18
MLT,provolone,18
MLT,artich,18
MLT,gillet,18
MLT,indom,18
MLT,crutons,18
MLT,splashers,18
MLT,dai,18
MLT,spritw,18
MLT,tiolet,18
MLT,White wine,18
MLT,Bacon,18
MLT,penut,18
MLT,cucamber,18
MLT,starbuc,18
MLT,waste bag,18
MLT,linda,18
MLT,wok,18
MLT,crus,18
MLT,ostie,18
MLT,azz,18
MLT,mois,18
MLT,lactose milk,18
MLT,Pasta,18
MLT,garam,18
MLT,topping,18
MLT,mull,18
MLT,harvest,18
MLT,eagle,18
MLT,courge,18
MLT,window cleaner,18
MLT,capon,18
MLT,cokr,18
MLT,bulmers,18
MLT,btead,18
MLT,belv,18
MLT,italian herbs,18
MLT,ant bait,18
MLT,lock,18
MLT,scourer,18
MLT,dove deo,18
MLT,Sausage,18
MLT,tampa,18
MLT,Butter,18
MLT,frozen frui,18
MLT,sweet chil,18
MLT,sprite z,18
MLT,vitamin d,18
MLT,abocado,18
MLT,albe,18
MLT,bluey,18
MLT,kitchen t,18
MLT,antipasto,18
MLT,valsoia ice cream,18
MLT,pizza pastry,18
MLT,tabl,18
MLT,chablis,18
MLT,kabanos,18
MLT,red leicester,18
MLT,katsu,18
MLT,cona,18
MLT,sliced chee,18
MLT,ever,18
MLT,tamari,18
MLT,diab,18
MLT,hashbrown,18
MLT,bach,18
MLT,mutt,18
MLT,cilan,18
MLT,wer,18
MLT,hallumi,18
MLT,Cola,18
MLT,rowntrees,18
MLT,ice tea lemon,18
MLT,isio,18
MLT,hamb,18
MLT,beyond meat,18
MLT,hala,18
MLT,ruce,18
MLT,berchtes,18
MLT,beef burger,18
MLT,kinder cards,18
MLT,desper,18
MLT,maxibo,18
MLT,major,18
MLT,johns,18
MLT,alcol,18
MLT,coconut m,18
MLT,market,18
MLT,beyo,18
MLT,brown b,18
MLT,spain,18
MLT,sil,18
MLT,hemp,18
MLT,shorts,18
MLT,pink s,18
MLT,kel,18
MLT,garni,18
MLT,rothmas,18
MLT,spade,18
MLT,floor det,18
MLT,buisc,18
MLT,organic waste,18
MLT,rasberry,18
MLT,facial,18
MLT,macadamia,18
MLT,mcca,18
MLT,succo,18
MLT,pork sau,18
MLT,tarja,18
MLT,sandwich bread,18
MLT,alpro almond,18
MLT,coco pop,18
MLT,toast bread,18
MLT,collar,18
MLT,milk choc,18
MLT,oven paper,18
MLT,sugar f,18
MLT,dragon fruit,18
MLT,protein ba,18
MLT,oar,18
MLT,dur,18
MLT,water 5,18
MLT,aqu,18
MLT,anchovi,18
MLT,sugar cubes,18
MLT,ginger tea,18
MLT,fala,18
MLT,yougu,18
MLT,cheesw,18
MLT,come zero,18
MLT,hand sanitizer,18
MLT,red lentils,18
MLT,emle,18
MLT,degreaser,18
MLT,gyo,18
MLT,buen,18
MLT,ben jerry,18
MLT,almond mi,18
MLT,ice tra,18
MLT,flex,18
MLT,kinder brioss,18
MLT,charcoa,18
MLT,powder milk,18
MLT,teistees,18
MLT,infasil,18
MLT,marga,18
MLT,grancucina,18
MLT,protein ice cream,18
MLT,rabeko,18
MLT,montorsi,18
MLT,barb,18
MLT,halotop,18
MLT,water mel,18
MLT,melin,18
MLT,wooden,18
MLT,pola,18
MLT,balconi,18
MLT,country,18
MLT,hen,18
MLT,Vodka,18
MLT,moistu,18
MLT,finger,18
MLT,hois,18
MLT,runa,18
MLT,rainbow,18
MLT,musc,18
MLT,chopped tomatoes,18
MLT,marmelade,18
MLT,lip balm,18
MLT,potato chips,18
MLT,museli,18
MLT,wernsing,18
MLT,rigat,18
MLT,egg noodles,18
MLT,a4,18
MLT,puppy,18
MLT,kfc,18
MLT,nduja,18
MLT,bowls,18
MLT,pall mall silver,18
MLT,soba,18
MLT,il bucato,18
MLT,salmone,18
MLT,splash,18
MLT,chickrn,18
MLT,nicotine pouch,18
MLT,bah,18
MLT,apricots,18
MLT,pot noodle,18
MLT,capuc,18
MLT,piatti,18
MLT,goodfell,18
MLT,black pe,18
MLT,bigila,18
MLT,dairymilk,18
MLT,creamcheese,18
MLT,feast,18
MLT,ginger shot,18
MLT,dura,18
MLT,cousco,18
MLT,choclate chips,18
MLT,tat,18
MLT,arrosto,18
MLT,latex,18
MLT,oat mil,18
MLT,parazone,18
MLT,oct,17
MLT,tork,17
MLT,activi,17
MLT,cisk lemon,17
MLT,patatoes,17
MLT,biscut,17
MLT,puffs,17
MLT,padd,17
MLT,evap,17
MLT,alkohol,17
MLT,peach ice,17
MLT,blad,17
MLT,brown suga,17
MLT,chicken stri,17
MLT,asahi,17
MLT,orz,17
MLT,chicken popcorn,17
MLT,sera,17
MLT,pates,17
MLT,twisters,17
MLT,father's day,17
MLT,benna kids,17
MLT,ecover,17
MLT,shw,17
MLT,keychup,17
MLT,shredded mozzarella,17
MLT,walke,17
MLT,vigo,17
MLT,alw,17
MLT,togurt,17
MLT,phone,17
MLT,dome,17
MLT,triple,17
MLT,strae,17
MLT,two,17
MLT,hol,17
MLT,broccoli mix,17
MLT,tomar,17
MLT,hawai,17
MLT,go n,17
MLT,breadcrum,17
MLT,frozen chi,17
MLT,pumpk,17
MLT,low cal,17
MLT,jalapen,17
MLT,white w,17
MLT,retro,17
MLT,room,17
MLT,frizen,17
MLT,deodarant,17
MLT,cob,17
MLT,sancerre,17
MLT,doug,17
MLT,crum,17
MLT,alpro barista,17
MLT,sweet cor,17
MLT,alma,17
MLT,wolt marke,17
MLT,pan di stelle,17
MLT,head and sh,17
MLT,sweet co,17
MLT,lor,17
MLT,baguettes,17
MLT,cork,17
MLT,white pepper,17
MLT,gammo,17
MLT,fam,17
MLT,musl,17
MLT,celentani,17
MLT,gilett,17
MLT,stevi,17
MLT,seitan,17
MLT,sandwitch,17
MLT,tpilet paper,17
MLT,white sau,17
MLT,oxv,17
MLT,oat drink,17
MLT,nonna,17
MLT,browni,17
MLT,lingui,17
MLT,uce,17
MLT,palmal,17
MLT,koles,17
MLT,beetro,17
MLT,fabric con,17
MLT,parmesan cheese,17
MLT,tomato sauc,17
MLT,land,17
MLT,bugles,17
MLT,palmall,17
MLT,creme fr,17
MLT,gris,17
MLT,wisk,17
MLT,wuddy,17
MLT,gatlic,17
MLT,mussles,17
MLT,panad,17
MLT,prosseco,17
MLT,disg,17
MLT,i e cream,17
MLT,peg,17
MLT,riga,17
MLT,cockr,17
MLT,milk almond,17
MLT,no added sugar,17
MLT,black olive,17
MLT,panten,17
MLT,nutt,17
MLT,roa,17
MLT,red pepp,17
MLT,lat,17
MLT,alpro milk,17
MLT,freshener,17
MLT,biere,17
MLT,pouc,17
MLT,lenir,17
MLT,tuf,17
MLT,grou,17
MLT,malib,17
MLT,nescafe iced,17
MLT,ref,17
MLT,conta,17
MLT,wone,17
MLT,breadstick,17
MLT,mapl,17
MLT,coconut wat,17
MLT,bait,17
MLT,mer,17
MLT,mars ice cream,17
MLT,sport,17
MLT,hashbrowns,17
MLT,worchester,17
MLT,coconut mil,17
MLT,san miguel,17
MLT,airwick,17
MLT,intimo,17
MLT,white onion,17
MLT,jale,17
MLT,roy,17
MLT,pomst,17
MLT,marinara,17
MLT,rive,17
MLT,golden ha,17
MLT,black oliv,17
MLT,artic,17
MLT,thoot,17
MLT,smirnof,17
MLT,water me,17
MLT,diet co,17
MLT,Sun,17
MLT,porr,17
MLT,casa,17
MLT,inzolia,17
MLT,sang,17
MLT,sout,17
MLT,squas,17
MLT,sizzler,17
MLT,termometro,17
MLT,maxi bon,17
MLT,kinnie zer,17
MLT,gerkins,17
MLT,ziggi,17
MLT,spaget,17
MLT,chianti,17
MLT,isoto,17
MLT,balls,17
MLT,tomato past,17
MLT,bist,17
MLT,coffee bean,17
MLT,hippo,17
MLT,collee,17
MLT,maltese br,17
MLT,summer,17
MLT,hambu,17
MLT,england,17
MLT,bottles,17
MLT,pank,17
MLT,nerds,17
MLT,guinness,17
MLT,pepperon,17
MLT,antibacterial wipes,17
MLT,rye bread,17
MLT,chery,17
MLT,mascarpo,17
MLT,tabs,17
MLT,soups,17
MLT,gauda,17
MLT,goodfella,17
MLT,crossain,17
MLT,bologn,17
MLT,sponge cake,17
MLT,asiago,17
MLT,mince chicken,17
MLT,vidka,17
MLT,smina,17
MLT,sweer,17
MLT,greeck,17
MLT,cc,17
MLT,kitka,17
MLT,mous,17
MLT,tonic zero,17
MLT,taco seasoning,17
MLT,dry sha,17
MLT,filfla,17
MLT,paratha,17
MLT,cos,17
MLT,sucuk,17
MLT,lunchbox,17
MLT,freskezz,17
MLT,red kid,17
MLT,cheeto,17
MLT,tzaziki,17
MLT,paper to,17
MLT,w5,17
MLT,corta,17
MLT,bacin,17
MLT,mc donalds,17
MLT,muste,17
MLT,corn on the cob,17
MLT,saxa,17
MLT,carbonara,17
MLT,ram,17
MLT,bubble tea,17
MLT,cold drink,17
MLT,horse,17
MLT,san ben,17
MLT,valley,17
MLT,mornflake,17
MLT,tacchino,17
MLT,foca,17
MLT,black ba,17
MLT,every day,17
MLT,litte,17
MLT,milkpro,17
MLT,beef j,17
MLT,perier,17
MLT,kinder bue,17
MLT,cereal b,17
MLT,Dove,17
MLT,hand san,17
MLT,nutella ice cream,17
MLT,cup cake,17
MLT,cocopop,17
MLT,leo,17
MLT,laundry deter,17
MLT,yogurt 0,17
MLT,sweetne,17
MLT,lemon pepper,17
MLT,spoo,17
MLT,black p,17
MLT,minced b,17
MLT,pesto rosso,17
MLT,garlic butt,17
MLT,black pepp,17
MLT,kitchen spray,17
MLT,benna m,17
MLT,cirn,17
MLT,vig,17
MLT,milksha,17
MLT,corrian,17
MLT,chillber,17
MLT,trea,17
MLT,ice cream cones,17
MLT,vanilla e,17
MLT,deodr,17
MLT,nectari,17
MLT,light brown sugar,16
MLT,im,16
MLT,fragrance,16
MLT,skitt,16
MLT,goa,16
MLT,corn flo,16
MLT,spuma,16
MLT,coctail,16
MLT,dippers,16
MLT,all pu,16
MLT,white win,16
MLT,healthy snacks,16
MLT,tights,16
MLT,gray,16
MLT,soap refill,16
MLT,ping,16
MLT,parsnip,16
MLT,dair,16
MLT,ricola,16
MLT,tinned milk,16
MLT,aptamil 1,16
MLT,frosting,16
MLT,dishwashe,16
MLT,kinder ice,16
MLT,three,16
MLT,nicot,16
MLT,map,16
MLT,black tea,16
MLT,mozer,16
MLT,tart,16
MLT,football shirt,16
MLT,chicken thi,16
MLT,frozen fruits,16
MLT,natura,16
MLT,spic,16
MLT,rice tilda,16
MLT,fried onion,16
MLT,selpak,16
MLT,tonn,16
MLT,coton,16
MLT,glass clean,16
MLT,kalama,16
MLT,dec,16
MLT,chicken frozen,16
MLT,San mi,16
MLT,hotdo,16
MLT,2%,16
MLT,bovri,16
MLT,limescale,16
MLT,garlic p,16
MLT,Gluten free,16
MLT,perlana,16
MLT,fusill,16
MLT,classic,16
MLT,milk mixer,16
MLT,toolet,16
MLT,cornbee,16
MLT,jordan,16
MLT,green apple,16
MLT,baby pot,16
MLT,hom,16
MLT,underwear,16
MLT,panadols,16
MLT,krisps,16
MLT,by,16
MLT,gochu,16
MLT,ready m,16
MLT,lon,16
MLT,waxing,16
MLT,pre packed,16
MLT,tyrells,16
MLT,body spray,16
MLT,nut butter,16
MLT,bayer,16
MLT,frumi,16
MLT,saike,16
MLT,fiber,16
MLT,minced garlic,16
MLT,palmol,16
MLT,white sugar,16
MLT,cala,16
MLT,electric,16
MLT,curcuma,16
MLT,ciaba,16
MLT,dog treat,16
MLT,farm,16
MLT,sous,16
MLT,multivitamin,16
MLT,chill berries,16
MLT,washing pods,16
MLT,il,16
MLT,proti,16
MLT,belvi,16
MLT,sunsc,16
MLT,kitchen tow,16
MLT,ast,16
MLT,saisages,16
MLT,greek 0,16
MLT,regin,16
MLT,berberine,16
MLT,kegir,16
MLT,pampe,16
MLT,tuna in water,16
MLT,maypo,16
MLT,barle,16
MLT,frozen meat,16
MLT,spf 50,16
MLT,lan,16
MLT,strawbery,16
MLT,prawn cock,16
MLT,Vape,16
MLT,gbejni,16
MLT,paper tow,16
MLT,oignon,16
MLT,pulse,16
MLT,lactose free butter,16
MLT,grey bag,16
MLT,dish wa,16
MLT,towe,16
MLT,rolled,16
MLT,sparkling wa,16
MLT,nail glue,16
MLT,catfood,16
MLT,conc,16
MLT,mocktail,16
MLT,hairdye,16
MLT,snickers ice,16
MLT,mela,16
MLT,medow,16
MLT,burger bread,16
MLT,coconut mi,16
MLT,lemin,16
MLT,rasbe,16
MLT,tomato soup,16
MLT,punk,16
MLT,bund,16
MLT,goji,16
MLT,tahin,16
MLT,lentil pasta,16
MLT,cannellini,16
MLT,oxva vape,16
MLT,caffeine,16
MLT,white wi,16
MLT,aroel,16
MLT,halva,16
MLT,Mr kipling,16
MLT,coffee po,16
MLT,bruss,16
MLT,corn f,16
MLT,cappuci,16
MLT,seal,16
MLT,flan,16
MLT,balm,16
MLT,tedd,16
MLT,garlic salt,16
MLT,cooking salt,16
MLT,meatbal,16
MLT,parmeggian,16
MLT,mot,16
MLT,deto,16
MLT,mcc,16
MLT,is,16
MLT,fabta,16
MLT,frozen blue,16
MLT,minst,16
MLT,Gillette,16
MLT,ocean,16
MLT,healt,16
MLT,uht milk,16
MLT,sour candy,16
MLT,fondant,16
MLT,capsule,16
MLT,schwartz,16
MLT,panna water,16
MLT,rothmans select,16
MLT,foil tray,16
MLT,russ,16
MLT,hydrat,16
MLT,better,16
MLT,mashroom,16
MLT,clothe,16
MLT,ceci,16
MLT,soda stream,16
MLT,bit,16
MLT,toffee,16
MLT,rice pap,16
MLT,ginger al,16
MLT,scissor,16
MLT,granarolo,16
MLT,suger,16
MLT,malbec,16
MLT,kitchen towe,16
MLT,hair c,16
MLT,uno,16
MLT,macar,16
MLT,lemon so,16
MLT,bount,16
MLT,roti,16
MLT,durango,16
MLT,inter,16
MLT,cigarets,16
MLT,aptami,16
MLT,hali,16
MLT,floor cl,16
MLT,spir,16
MLT,antiseptic,16
MLT,house,16
MLT,prosciutto crudo,16
MLT,mussel,16
MLT,retinol,16
MLT,mild curry,16
MLT,aftershave,16
MLT,paper towe,16
MLT,vegetable stock,16
MLT,ken,16
MLT,curly hair,16
MLT,pak,16
MLT,lens,16
MLT,vasel,16
MLT,kalamatta,16
MLT,frozen vege,16
MLT,Wine,16
MLT,danon,16
MLT,7 days,16
MLT,ehhs,16
MLT,enliven,16
MLT,e liquid,16
MLT,ei,16
MLT,baby carr,16
MLT,chevre,16
MLT,ferr,16
MLT,pinot grigio,16
MLT,leche,16
MLT,capt,16
MLT,playing cards,16
MLT,salt vape,16
MLT,tupperware,16
MLT,bourb,16
MLT,kim,16
MLT,real,16
MLT,pall mall blue,16
MLT,caputo,16
MLT,vanilla ic,16
MLT,cocktail sau,16
MLT,olimp,16
MLT,furn,16
MLT,blisters,16
MLT,tre,16
MLT,mice,16
MLT,badil,16
MLT,alska,16
MLT,otti,16
MLT,marshma,16
MLT,white cl,16
MLT,note,16
MLT,sock,16
MLT,pomegra,16
MLT,cold coffee,16
MLT,vegtable,16
MLT,pal mal blu,16
MLT,cox,16
MLT,bread stick,16
MLT,vee,16
MLT,stor,16
MLT,chicc,16
MLT,total,16
MLT,yogurt benna,16
MLT,haa,16
MLT,mark,16
MLT,sorite,16
MLT,gillete,16
MLT,chea,16
MLT,dalan,16
MLT,leak,16
MLT,shall,16
MLT,greec,16
MLT,smoked sa,16
MLT,chicken c,16
MLT,focc,16
MLT,danne,16
MLT,pink salt,16
MLT,minu,16
MLT,washing po,16
MLT,fav,16
MLT,semol,16
MLT,samm,16
MLT,ringo,16
MLT,duja,16
MLT,mighty,16
MLT,bonel,16
MLT,vape pod,16
MLT,candels,16
MLT,shin,16
MLT,green olives,16
MLT,beef jer,16
MLT,bundaberg,16
MLT,sve,16
MLT,busc,16
MLT,goodf,16
MLT,spring on,16
MLT,microwave rice,16
MLT,laudry,16
MLT,cockt,16
MLT,squishy,16
MLT,mr brownie,16
MLT,vegt,16
MLT,shavings,16
MLT,grancu,15
MLT,food bag,15
MLT,Blue,15
MLT,whe,15
MLT,pop tart,15
MLT,pet wipes,15
MLT,sim,15
MLT,mozzarella ball,15
MLT,Bbq,15
MLT,baby potato,15
MLT,unsweetened,15
MLT,toliet paper,15
MLT,mario,15
MLT,olla,15
MLT,airfr,15
MLT,parmasan,15
MLT,iberico,15
MLT,tanning oil,15
MLT,Alberto,15
MLT,hellma,15
MLT,nur,15
MLT,dee,15
MLT,marvis,15
MLT,shi,15
MLT,laundry soap,15
MLT,marlboro red,15
MLT,lilac,15
MLT,guanca,15
MLT,Dettol,15
MLT,birthday candle,15
MLT,tyre,15
MLT,flavour,15
MLT,swim nappies,15
MLT,hopl,15
MLT,tablet,15
MLT,led,15
MLT,mango chutney,15
MLT,sun loll,15
MLT,chimp,15
MLT,mozarella balls,15
MLT,ice bags,15
MLT,avena,15
MLT,plasmo,15
MLT,blister,15
MLT,water still,15
MLT,sunglasses,15
MLT,ins,15
MLT,semi skimmed,15
MLT,baking sod,15
MLT,anc,15
MLT,prima,15
MLT,cheddar slice,15
MLT,bt,15
MLT,lint roller,15
MLT,buca,15
MLT,vaoe,15
MLT,brr,15
MLT,fruit juice,15
MLT,organic garbage,15
MLT,Nesquik,15
MLT,chicken burg,15
MLT,beets,15
MLT,gerkin,15
MLT,devia,15
MLT,mee,15
MLT,pampers 3,15
MLT,confetti,15
MLT,weel,15
MLT,mixed ve,15
MLT,touch,15
MLT,ment,15
MLT,ovaltine,15
MLT,pellegrino,15
MLT,crump,15
MLT,red onio,15
MLT,beschamel,15
MLT,gour,15
MLT,jelly bab,15
MLT,ribbon,15
MLT,aperil,15
MLT,ife,15
MLT,beauty formula,15
MLT,princ,15
MLT,fat bastard,15
MLT,chilli powder,15
MLT,Tomatoes,15
MLT,70,15
MLT,buiscuits,15
MLT,senza,15
MLT,popsicle,15
MLT,kettle chips,15
MLT,biro,15
MLT,bok,15
MLT,coa,15
MLT,tighs,15
MLT,water san,15
MLT,skill,15
MLT,kristall,15
MLT,span,15
MLT,vacuum,15
MLT,verm,15
MLT,insalatissime,15
MLT,pickled onions,15
MLT,bulg,15
MLT,sorbe,15
MLT,whey isolate,15
MLT,dolce gust,15
MLT,saur,15
MLT,brown sauce,15
MLT,pacifier,15
MLT,floor dete,15
MLT,festa,15
MLT,repellent,15
MLT,huice,15
MLT,vapr,15
MLT,contain,15
MLT,cappellini,15
MLT,benna i,15
MLT,focacc,15
MLT,donna,15
MLT,ou,15
MLT,paper toilet,15
MLT,chicken w,15
MLT,megval,15
MLT,new york,15
MLT,pink stu,15
MLT,cooked,15
MLT,cila,15
MLT,dummy,15
MLT,tooth br,15
MLT,smoked cheese,15
MLT,tropic,15
MLT,cont,15
MLT,frozen chill,15
MLT,pomodori,15
MLT,French,15
MLT,vogue blue,15
MLT,grenadine,15
MLT,muli,15
MLT,perzut,15
MLT,sleep,15
MLT,parmigi,15
MLT,brise,15
MLT,disposable gloves,15
MLT,flat,15
MLT,da vinci,15
MLT,red p,15
MLT,loack,15
MLT,non bio,15
MLT,blue be,15
MLT,cubetti,15
MLT,frieda,15
MLT,bahl,15
MLT,sco,15
MLT,pw,15
MLT,bresd,15
MLT,proce,15
MLT,soft dri,15
MLT,lashes,15
MLT,mevg,15
MLT,pha,15
MLT,treseme,15
MLT,ala,15
MLT,gran cuci,15
MLT,handwa,15
MLT,mev,15
MLT,nutritional yeast,15
MLT,edame,15
MLT,spro,15
MLT,hair co,15
MLT,brandy,15
MLT,yogourt,15
MLT,ede,15
MLT,dan cake,15
MLT,electrolyt,15
MLT,twes,15
MLT,sheet,15
MLT,omni,15
MLT,cub,15
MLT,drumstick,15
MLT,hair clip,15
MLT,instant noodles,15
MLT,iq,15
MLT,dij,15
MLT,dad,15
MLT,atun,15
MLT,vanila,15
MLT,milkshak,15
MLT,guiness,15
MLT,cleanin,15
MLT,a modo mio,15
MLT,fish fin,15
MLT,frizzante,15
MLT,tortellin,15
MLT,pasta gluten free,15
MLT,rice cris,15
MLT,melon sal,15
MLT,fets,15
MLT,protein cheese,15
MLT,rice p,15
MLT,lactose free ice,15
MLT,baronesse,15
MLT,waistno,15
MLT,green pe,15
MLT,jelly beans,15
MLT,fuse,15
MLT,cigarr,15
MLT,gamon,15
MLT,dishwashing liquid,15
MLT,elpozo,15
MLT,amaretto,15
MLT,choc chips,15
MLT,bay leaf,15
MLT,vio,15
MLT,tonic wa,15
MLT,glutenfree,15
MLT,pink lemonade,15
MLT,kole,15
MLT,isolate,15
MLT,wet cat,15
MLT,nann,15
MLT,bbq sa,15
MLT,green onions,15
MLT,choclat,15
MLT,goggles,15
MLT,origano,15
MLT,pastina,15
MLT,melat,15
MLT,miglior,15
MLT,benns,15
MLT,sunflowe,15
MLT,ov,15
MLT,smirno,15
MLT,aro,15
MLT,chewi,15
MLT,schwep,15
MLT,pokemon,15
MLT,kidne,15
MLT,wisky,15
MLT,water w,15
MLT,dairy mil,15
MLT,bercht,15
MLT,haz,15
MLT,protein ball,15
MLT,parfume,15
MLT,walt,15
MLT,bajtra,15
MLT,misticanza,15
MLT,compost,15
MLT,sod,15
MLT,prov,15
MLT,toilet wipes,15
MLT,clips,15
MLT,evapo,15
MLT,tortelini,15
MLT,sat,15
MLT,hair spr,15
MLT,silkcut,15
MLT,palmo,15
MLT,cariss,15
MLT,ballons,15
MLT,ġbejna,15
MLT,green pepp,15
MLT,7 u,15
MLT,kinne,15
MLT,trancetto,15
MLT,latin,15
MLT,vib,15
MLT,jac,15
MLT,caramel sauce,15
MLT,marma,15
MLT,cadburry,15
MLT,mr kip,15
MLT,gala,15
MLT,yor,15
MLT,icet,15
MLT,tuna olive,15
MLT,energy dr,15
MLT,non alco,15
MLT,colg,15
MLT,septon,15
MLT,grav,15
MLT,tobl,15
MLT,bananna,15
MLT,popz,15
MLT,colga,15
MLT,habaq,15
MLT,san b,15
MLT,snow,15
MLT,lemon ju,15
MLT,srira,15
MLT,flavoured,15
MLT,nasal spray,15
MLT,gourm,15
MLT,vinigar,15
MLT,gun,15
MLT,teriy,15
MLT,soray,15
MLT,greek 10,15
MLT,red win,15
MLT,fif,15
MLT,tys,15
MLT,milk skimmed,15
MLT,seve,15
MLT,pecorin,15
MLT,antib,15
MLT,nuv,15
MLT,cli,15
MLT,milkybar,15
MLT,zebbug,15
MLT,saucisson,15
MLT,pelleg,15
MLT,rosé,15
MLT,farfall,15
MLT,low fat cheese,15
MLT,sauvi,15
MLT,alway,15
MLT,pell,15
MLT,kinie,15
MLT,zuch,15
MLT,ghe,15
MLT,mango loco,15
MLT,protein yo,14
MLT,cheese str,14
MLT,cande,14
MLT,salas,14
MLT,poppy,14
MLT,cardamom,14
MLT,wedge,14
MLT,unsal,14
MLT,drai,14
MLT,marti,14
MLT,nero,14
MLT,better than,14
MLT,toble,14
MLT,est,14
MLT,nuttela,14
MLT,root,14
MLT,lightning,14
MLT,wallnut,14
MLT,boba,14
MLT,healthy snack,14
MLT,chicken drumsticks,14
MLT,green p,14
MLT,wine glass,14
MLT,coje,14
MLT,south,14
MLT,er,14
MLT,all purpo,14
MLT,soft dr,14
MLT,croisant,14
MLT,white rice,14
MLT,krys,14
MLT,nescafe decaf,14
MLT,electrolites,14
MLT,dr beck,14
MLT,voug,14
MLT,pot noodles,14
MLT,ixe,14
MLT,maltese saus,14
MLT,mc do,14
MLT,ginger powder,14
MLT,strainer,14
MLT,benec,14
MLT,compote,14
MLT,bread slice,14
MLT,boro,14
MLT,choclate milk,14
MLT,febreeze,14
MLT,nuven,14
MLT,feuit,14
MLT,green be,14
MLT,battr,14
MLT,tara,14
MLT,minster,14
MLT,riben,14
MLT,chillie,14
MLT,run,14
MLT,borges,14
MLT,prawn crackers,14
MLT,ana,14
MLT,ll,14
MLT,truf,14
MLT,watw,14
MLT,scott,14
MLT,lego,14
MLT,deo due,14
MLT,aprite,14
MLT,floor d,14
MLT,aroma,14
MLT,beef minc,14
MLT,shots,14
MLT,blackberry,14
MLT,holland,14
MLT,prez,14
MLT,desperado,14
MLT,pal mal,14
MLT,red oni,14
MLT,bella,14
MLT,koolsa,14
MLT,wines,14
MLT,red w,14
MLT,sweet and sour sauce,14
MLT,Prosecco,14
MLT,arroz,14
MLT,isot,14
MLT,prosciut,14
MLT,lactose fre,14
MLT,fire starters,14
MLT,bounce,14
MLT,juicy,14
MLT,red wine vinegar,14
MLT,pepper corn,14
MLT,craker,14
MLT,marinade,14
MLT,oven fries,14
MLT,buttee,14
MLT,sauseges,14
MLT,chocolate mil,14
MLT,pranut,14
MLT,almond fl,14
MLT,sourcream,14
MLT,aspara,14
MLT,dustbin,14
MLT,sem,14
MLT,alpro yoghurt,14
MLT,san Michel,14
MLT,dano,14
MLT,disinfec,14
MLT,sup,14
MLT,cid,14
MLT,pg,14
MLT,sea food,14
MLT,okives,14
MLT,vegta,14
MLT,juice orange,14
MLT,oatm,14
MLT,fazzoletti,14
MLT,yaourt,14
MLT,brod,14
MLT,fromage,14
MLT,vamoosh,14
MLT,avaca,14
MLT,cheeseca,14
MLT,gate,14
MLT,toaster,14
MLT,sodastream,14
MLT,Pineapple,14
MLT,pelati,14
MLT,cooler bag,14
MLT,pistachio cream,14
MLT,maom,14
MLT,pronamel,14
MLT,evgs,14
MLT,coccodi,14
MLT,salad sauce,14
MLT,Chinese,14
MLT,flav,14
MLT,ott,14
MLT,ice cream tub,14
MLT,garlic baguette,14
MLT,corned bee,14
MLT,rith,14
MLT,harlic,14
MLT,ice cream cone,14
MLT,yogirt,14
MLT,cart,14
MLT,biscuits glu,14
MLT,posh,14
MLT,moisture,14
MLT,finish dish,14
MLT,popper,14
MLT,plastic glass,14
MLT,cigaretts,14
MLT,diced,14
MLT,moistur,14
MLT,orange jiuce,14
MLT,mc d,14
MLT,pimple patch,14
MLT,hsm,14
MLT,shredded coconut,14
MLT,probio,14
MLT,flapja,14
MLT,furnar,14
MLT,stev,14
MLT,thna,14
MLT,aran,14
MLT,betty cro,14
MLT,poto,14
MLT,woter,14
MLT,chocolate c,14
MLT,fabric sof,14
MLT,chicken min,14
MLT,riceup,14
MLT,recycling bag,14
MLT,picc,14
MLT,beauty formulas,14
MLT,carta for,14
MLT,insa,14
MLT,birthday candles,14
MLT,cotolette,14
MLT,cauliflo,14
MLT,cavia,14
MLT,birt,14
MLT,slippers,14
MLT,int,14
MLT,broo,14
MLT,protein chips,14
MLT,simba,14
MLT,chease,14
MLT,slpro,14
MLT,pastiz,14
MLT,Nespresso,14
MLT,ryvit,14
MLT,hot honey,14
MLT,beef broth,14
MLT,bresao,14
MLT,colslaw,14
MLT,ice cream vanilla,14
MLT,mevga,14
MLT,brew,14
MLT,black oli,14
MLT,chant,14
MLT,facewash,14
MLT,presiden,14
MLT,leap,14
MLT,sweetn,14
MLT,good fellas,14
MLT,pink gin,14
MLT,tinned tomatoes,14
MLT,peanut but,14
MLT,milk kefir,14
MLT,nocco,14
MLT,ftita,14
MLT,beyon,14
MLT,elastoplast,14
MLT,vuse go,14
MLT,zoflor,14
MLT,tp,14
MLT,rizz,14
MLT,capona,14
MLT,alpro coconut,14
MLT,ross,14
MLT,jelly babies,14
MLT,cat treat,14
MLT,font,14
MLT,parl,14
MLT,Sugar,14
MLT,piad,14
MLT,russian salad,14
MLT,king,14
MLT,ruler,14
MLT,sodium,14
MLT,yea,14
MLT,Biscuits,14
MLT,chin,14
MLT,zalza pronta,14
MLT,old h,14
MLT,black gar,14
MLT,steam,14
MLT,kir,14
MLT,sensody,14
MLT,ice tes,14
MLT,pascu,14
MLT,ciders,14
MLT,ear buds,14
MLT,base,14
MLT,black garb,14
MLT,lolipop,14
MLT,rose water,14
MLT,vibra,14
MLT,skimmed m,14
MLT,dipdip,14
MLT,longlife,14
MLT,calorie,14
MLT,whiska,14
MLT,lay’s,14
MLT,white chocolate chips,14
MLT,jon,14
MLT,ice crem,14
MLT,savoi,14
MLT,Wilkinson,14
MLT,chlorine,14
MLT,ais,14
MLT,gob,14
MLT,basc,14
MLT,dive,14
MLT,cheese tiger,14
MLT,raspbe,14
MLT,ibu,14
MLT,hi pro,14
MLT,AA,14
MLT,hair wax,14
MLT,mento,14
MLT,rosema,14
MLT,cell,14
MLT,spiced rum,14
MLT,pampers 2,14
MLT,misti,14
MLT,frize,14
MLT,apple cid,14
MLT,sieve,14
MLT,vinager,14
MLT,milo,14
MLT,bresola,14
MLT,chocolate powder,14
MLT,vol,14
MLT,bubbles,14
MLT,presid,14
MLT,earbuds,14
MLT,elder,14
MLT,cheeae,14
MLT,the pink stuff,14
MLT,digestiv,14
MLT,superglue,14
MLT,mam,14
MLT,floor de,14
MLT,nicea,14
MLT,fruit n,14
MLT,lucky strike,14
MLT,chrisps,14
MLT,penguin,14
MLT,Avocado,14
MLT,dent,14
MLT,siber,14
MLT,saug,14
MLT,laundry powder,14
MLT,wurs,14
MLT,super mario,14
MLT,breq,14
MLT,cuscus,14
MLT,cookin,14
MLT,soark,14
MLT,coca-cola,14
MLT,comp,14
MLT,multigrain,14
MLT,turnip,14
MLT,sheen,14
MLT,makeup wipes,14
MLT,sweet pa,14
MLT,sigarett,14
MLT,white vi,14
MLT,world cu,14
MLT,whiske,14
MLT,jiuce,14
MLT,sush,14
MLT,red pesto,14
MLT,chicken pop,14
MLT,watr,14
MLT,lentil chips,14
MLT,pasante,14
MLT,sot,14
MLT,bamb,14
MLT,vel,14
MLT,spinach leaves,14
MLT,drynites,14
MLT,el paso,14
MLT,hair mousse,14
MLT,pannini,14
MLT,Potatoes,14
MLT,monin syrup,14
MLT,aq,14
MLT,tost,14
MLT,gli,14
MLT,gelati granola,14
MLT,tyrell,14
MLT,fine salt,14
MLT,pho,14
MLT,beef jerk,14
MLT,croquettes,14
MLT,bufa,14
MLT,chivas,14
MLT,bitterlemon,14
MLT,tuna elite,14
MLT,frisan,14
MLT,friz,14
MLT,light brown,14
MLT,Maltese sausage,14
MLT,lunch bags,14
MLT,chef way,14
MLT,arbo,14
MLT,ristorante,14
MLT,lemon sod,14
MLT,yu,14
MLT,potato mash,14
MLT,parmaham,14
MLT,cortage,14
MLT,eghs,14
MLT,wot,14
MLT,ove,14
MLT,pork and beef,14
MLT,baloons,14
MLT,shwe,14
MLT,space balls,13
MLT,tamarind,13
MLT,pens,13
MLT,dany,13
MLT,duracell,13
MLT,faboloso,13
MLT,aptimil,13
MLT,vitamin water,13
MLT,werther,13
MLT,joli,13
MLT,baby wi,13
MLT,coca z,13
MLT,crushed ice,13
MLT,evi,13
MLT,blue c,13
MLT,cherios,13
MLT,vini,13
MLT,moc,13
MLT,waste bags,13
MLT,white s,13
MLT,watrr,13
MLT,muf,13
MLT,dus,13
MLT,blesch,13
MLT,tena,13
MLT,tigullio,13
MLT,cat food dry,13
MLT,carri,13
MLT,cp,13
MLT,strawberry syrup,13
MLT,pasr,13
MLT,mult,13
MLT,baby wip,13
MLT,ant spray,13
MLT,beat,13
MLT,milk strawberry,13
MLT,moi,13
MLT,rock salt,13
MLT,baby pasta,13
MLT,via,13
MLT,lievito,13
MLT,luncheonmeat,13
MLT,tonato,13
MLT,bay lea,13
MLT,ple,13
MLT,blue b,13
MLT,rudolf,13
MLT,hair col,13
MLT,talco,13
MLT,baby be,13
MLT,micell,13
MLT,hot dog bun,13
MLT,hair rem,13
MLT,tzaz,13
MLT,baking s,13
MLT,baby f,13
MLT,kedir,13
MLT,wins,13
MLT,dub,13
MLT,tupper,13
MLT,airf,13
MLT,pampers wipes,13
MLT,choch,13
MLT,ottijiet,13
MLT,wenzhou,13
MLT,mozzarella stick,13
MLT,kam,13
MLT,alchol,13
MLT,pecorino romano,13
MLT,york,13
MLT,beer zero,13
MLT,blub,13
MLT,parmegian,13
MLT,carrefour,13
MLT,hair sp,13
MLT,pavi pama,13
MLT,bread gluten,13
MLT,non alcohol,13
MLT,cava,13
MLT,semo,13
MLT,whole nut,13
MLT,chup,13
MLT,nutritional,13
MLT,amaro,13
MLT,ware,13
MLT,alcoh,13
MLT,alpro vanilla,13
MLT,snikers,13
MLT,boats,13
MLT,shavin,13
MLT,haw,13
MLT,food colour,13
MLT,halou,13
MLT,00,13
MLT,toghurt,13
MLT,garn,13
MLT,mayo light,13
MLT,pear juice,13
MLT,barilla pasta,13
MLT,cappucc,13
MLT,mozo,13
MLT,beg,13
MLT,envelope,13
MLT,morning coff,13
MLT,plastic glasses,13
MLT,veggie straws,13
MLT,mlk,13
MLT,bitte,13
MLT,perfu,13
MLT,proactive,13
MLT,hummus chips,13
MLT,lemon s,13
MLT,pampers 6,13
MLT,pepa,13
MLT,croq,13
MLT,new po,13
MLT,pastries,13
MLT,goo,13
MLT,elit,13
MLT,kahlua,13
MLT,devo,13
MLT,green b,13
MLT,dry sh,13
MLT,oat fl,13
MLT,assorbenti,13
MLT,acetone,13
MLT,conf,13
MLT,passoa,13
MLT,loof,13
MLT,greek 0%,13
MLT,beck,13
MLT,lil,13
MLT,tajin,13
MLT,high,13
MLT,hairsp,13
MLT,dixa,13
MLT,fruit and fib,13
MLT,3 leaves,13
MLT,desca,13
MLT,xhicken,13
MLT,grapefr,13
MLT,mayonna,13
MLT,chisk,13
MLT,gluten free cereal,13
MLT,golden w,13
MLT,borlotti,13
MLT,jacobs,13
MLT,chicken pieces,13
MLT,wedding card,13
MLT,banaa,13
MLT,tiramis,13
MLT,worches,13
MLT,rice crack,13
MLT,nit,13
MLT,swan,13
MLT,yogurt light,13
MLT,hair ties,13
MLT,bistro,13
MLT,love,13
MLT,colsl,13
MLT,molisa,13
MLT,grand,13
MLT,chci,13
MLT,queso,13
MLT,cirio,13
MLT,vanilla ess,13
MLT,alice,13
MLT,fenn,13
MLT,yorkshire,13
MLT,wurst,13
MLT,oppa,13
MLT,baby p,13
MLT,pronto,13
MLT,voss,13
MLT,shampoo kids,13
MLT,bin b,13
MLT,cocktails,13
MLT,weat,13
MLT,alcohol free beer,13
MLT,elme,13
MLT,strawberry ice,13
MLT,cup a,13
MLT,shredded cheddar,13
MLT,cheeselets,13
MLT,tomato pure,13
MLT,vanilla bean,13
MLT,abo,13
MLT,milch,13
MLT,alcho,13
MLT,mayonese,13
MLT,rab,13
MLT,cocac,13
MLT,diah,13
MLT,lenses,13
MLT,curls,13
MLT,icete,13
MLT,chestnut,13
MLT,sweet pap,13
MLT,chicken ti,13
MLT,malr,13
MLT,deode,13
MLT,Kefir,13
MLT,merito,13
MLT,rio m,13
MLT,pop cor,13
MLT,ee,13
MLT,fruit and nut,13
MLT,cornmeal,13
MLT,chocolate drops,13
MLT,green curry,13
MLT,benna pro milk,13
MLT,trifle,13
MLT,dr juice,13
MLT,ginger b,13
MLT,toiler,13
MLT,shirt,13
MLT,ck,13
MLT,cartaforno,13
MLT,britta,13
MLT,torch,13
MLT,maz,13
MLT,skimme,13
MLT,krustini,13
MLT,chadder,13
MLT,arjoli,13
MLT,pharmacy,13
MLT,eggplan,13
MLT,nudeln,13
MLT,braz,13
MLT,marge,13
MLT,wetabix,13
MLT,jars,13
MLT,valsoia gelato,13
MLT,hanin,13
MLT,sparkling wat,13
MLT,prpsi,13
MLT,nail pol,13
MLT,scotti,13
MLT,bread cru,13
MLT,apro,13
MLT,cheddar shredded,13
MLT,Corona,13
MLT,croa,13
MLT,jet lighters,13
MLT,washing up liquid,13
MLT,nappy bag,13
MLT,garlic brea,13
MLT,miel,13
MLT,aun,13
MLT,Panini,13
MLT,abso,13
MLT,cear,13
MLT,salted crisps,13
MLT,soaghetti,13
MLT,tshirt,13
MLT,cofe,13
MLT,sque,13
MLT,yp,13
MLT,bone broth,13
MLT,sudo,13
MLT,disinf,13
MLT,refried,13
MLT,insect spray,13
MLT,aprico,13
MLT,tett,13
MLT,sun-dried,13
MLT,busy bee,13
MLT,tooth p,13
MLT,truvia,13
MLT,toilet cl,13
MLT,chicken sauce,13
MLT,cheedar,13
MLT,marie,13
MLT,kombuch,13
MLT,leave,13
MLT,Onion,13
MLT,bucato di adele,13
MLT,majo,13
MLT,toule,13
MLT,pill,13
MLT,hambur,13
MLT,pia,13
MLT,sac,13
MLT,little greens,13
MLT,poulet,13
MLT,cumberland,13
MLT,hydratio,13
MLT,tabas,13
MLT,condiments,13
MLT,cholesterol,13
MLT,paracet,13
MLT,cornflak,13
MLT,lenon,13
MLT,ver,13
MLT,plastic plates,13
MLT,lactose free yo,13
MLT,colou,13
MLT,mao,13
MLT,saysages,13
MLT,bbq sau,13
MLT,Vegan,13
MLT,screw,13
MLT,jimjams,13
MLT,sauvig,13
MLT,febreze,13
MLT,ground almonds,13
MLT,wed,13
MLT,loo,13
MLT,carn,13
MLT,mach,13
MLT,fish oil,13
MLT,tiger cheese,13
MLT,peperon,13
MLT,outdoor,13
MLT,ant killer,13
MLT,tobler,13
MLT,mustel,13
MLT,smell,13
MLT,probiotics,13
MLT,chocolate s,13
MLT,gib,13
MLT,masdam,13
MLT,whole grain,13
MLT,dragonfruit,13
MLT,bam,13
MLT,gluten free oats,13
MLT,pizza d,13
MLT,tin milk,13
MLT,japanese,13
MLT,deoder,13
MLT,gilet,13
MLT,brans,13
MLT,measuring,13
MLT,corria,13
MLT,tolie,13
MLT,self rai,13
MLT,disposa,13
MLT,garic,13
MLT,oniom,13
MLT,powdered milk,13
MLT,cram,13
MLT,bubb,13
MLT,nail po,13
MLT,biscuts,13
MLT,snack a jack,13
MLT,ice cresm,13
MLT,chilli oil,13
MLT,dishsoap,13
MLT,fructis,13
MLT,jif,13
MLT,benna mil,13
MLT,webbs,13
MLT,chocomel,13
MLT,okra,13
MLT,flatbread,13
MLT,cali,13
MLT,swet,13
MLT,rice milk,13
MLT,pasa,13
MLT,ballon,13
MLT,dress,13
MLT,capi,13
MLT,Noodles,13
MLT,usb c,13
MLT,cinnamo,13
MLT,shredded c,13
MLT,pesr,13
MLT,mortadela,13
MLT,lychee,13
MLT,rice crispies,13
MLT,key,13
MLT,vanilla icecream,13
MLT,Drinks,13
MLT,burratta,13
MLT,ballo,13
MLT,belte,13
MLT,night,13
MLT,pelm,13
MLT,moze,13
MLT,rex,13
MLT,martin,13
MLT,dew fre,13
MLT,hair pins,13
MLT,smar,13
MLT,sua,13
MLT,dr bec,13
MLT,oat barista,13
MLT,chok,13
MLT,vitasne,13
MLT,cotton b,13
MLT,Italian,13
MLT,wonton,13
MLT,seawee,13
MLT,carb,13
MLT,watt,13
MLT,garloc,13
MLT,misto,13
MLT,pickel,13
MLT,maj,13
MLT,ritaglie,13
MLT,nanna,13
MLT,vegtab,13
MLT,glicine,13
MLT,sun pro,13
MLT,Parma ham,13
MLT,wound,13
MLT,thread,13
MLT,mosqi,13
MLT,ami,13
MLT,camp,13
MLT,salad cr,13
MLT,blue berry,13
MLT,blube,13
MLT,corn star,13
MLT,sonko,13
MLT,pistacch,13
MLT,dra,13
MLT,chili oil,13
MLT,vegan cream,13
MLT,rolling pin,13
MLT,coarse salt,13
MLT,grease,13
MLT,lavas,13
MLT,chix,13
MLT,spicy mayo,13
MLT,cottage chees,13
MLT,curry mango,13
MLT,soarkling water,13
MLT,waye,13
MLT,worldcup,13
MLT,colesla,13
MLT,kebab sticks,13
MLT,saice,13
MLT,mcdonalds,13
MLT,Ginger,13
MLT,paper napkins,13
MLT,alch,13
MLT,skill up,13
MLT,wholew,13
MLT,solution,13
MLT,marlboro touch,13
MLT,goat ch,13
MLT,grea,13
MLT,apple c,13
MLT,waterwipes,13
MLT,boursin,13
MLT,orange soda,13
MLT,febre,13
MLT,keune,12
MLT,calabrese,12
MLT,stu,12
MLT,monstwr,12
MLT,iced t,12
MLT,nicotin,12
MLT,Nesquik drink,12
MLT,santhe,12
MLT,nutd,12
MLT,seaw,12
MLT,almond flakes,12
MLT,file,12
MLT,meat ball,12
MLT,somer,12
MLT,tropica,12
MLT,Cheddar,12
MLT,lighters,12
MLT,kühne,12
MLT,spirits,12
MLT,sew,12
MLT,backed,12
MLT,dish was,12
MLT,oat flakes,12
MLT,fish cake,12
MLT,pasta protein,12
MLT,wast,12
MLT,dio,12
MLT,dish sponge,12
MLT,canel,12
MLT,mayonai,12
MLT,uncle bens,12
MLT,medicine,12
MLT,sele,12
MLT,pilau,12
MLT,absol,12
MLT,hr,12
MLT,malizia,12
MLT,watwe,12
MLT,ori,12
MLT,efes,12
MLT,shwep,12
MLT,kolest,12
MLT,poa,12
MLT,cristallite,12
MLT,gateau,12
MLT,kinnie ze,12
MLT,organic oats,12
MLT,lubric,12
MLT,charcole,12
MLT,handw,12
MLT,marina,12
MLT,zalz,12
MLT,nivea deodorant,12
MLT,Worcestershire,12
MLT,dog nappies,12
MLT,Mayo,12
MLT,huggi,12
MLT,rem,12
MLT,cat dry food,12
MLT,higene,12
MLT,cheese strings,12
MLT,french beans,12
MLT,cornstar,12
MLT,dispos,12
MLT,irish,12
MLT,cashew nuts,12
MLT,insta,12
MLT,to ic,12
MLT,papier toilette,12
MLT,euro,12
MLT,Kitchen,12
MLT,dish liquid,12
MLT,toothpi,12
MLT,BBQ,12
MLT,pop tarts,12
MLT,cleaning gloves,12
MLT,twees,12
MLT,baking tray,12
MLT,nannys,12
MLT,ayra,12
MLT,bull,12
MLT,rosemar,12
MLT,vanilla extr,12
MLT,coffee pod,12
MLT,green apples,12
MLT,chicken drum,12
MLT,vus,12
MLT,tha,12
MLT,parmegan,12
MLT,black garbage bags,12
MLT,salz,12
MLT,box pod,12
MLT,soother,12
MLT,sour p,12
MLT,pasta s,12
MLT,maltese brea,12
MLT,applesauce,12
MLT,burger king,12
MLT,linder,12
MLT,disinfect,12
MLT,besciamel,12
MLT,Potato,12
MLT,tomic,12
MLT,wolt market qo,12
MLT,caes,12
MLT,mine,12
MLT,Watermelon,12
MLT,eet,12
MLT,choclates,12
MLT,smoot,12
MLT,steel wool,12
MLT,parma ha,12
MLT,powerrade,12
MLT,hugg,12
MLT,frozen be,12
MLT,deodora,12
MLT,blanc,12
MLT,fly spray,12
MLT,sesame seed,12
MLT,ino,12
MLT,fonz,12
MLT,party ti,12
MLT,parmegi,12
MLT,tinned fish,12
MLT,bens,12
MLT,pall mall red,12
MLT,comf,12
MLT,oay,12
MLT,Gin,12
MLT,sugat,12
MLT,chocolate box,12
MLT,dani,12
MLT,unblocker,12
MLT,colour c,12
MLT,black pep,12
MLT,gruy,12
MLT,hotd,12
MLT,beef m,12
MLT,recycli,12
MLT,chicken sausages,12
MLT,elas,12
MLT,maple sy,12
MLT,patatoe,12
MLT,banana chips,12
MLT,Maltese sa,12
MLT,besciam,12
MLT,water 500ml,12
MLT,can opener,12
MLT,shark,12
MLT,erd,12
MLT,splasher,12
MLT,gard,12
MLT,protein yog,12
MLT,nidra,12
MLT,tomates,12
MLT,peel,12
MLT,proscu,12
MLT,palmoli,12
MLT,coca cola can,12
MLT,all b,12
MLT,mms,12
MLT,mangi,12
MLT,pizza sau,12
MLT,plain yoghurt,12
MLT,Starbucks,12
MLT,seaso,12
MLT,coockies,12
MLT,Fruit,12
MLT,cornette,12
MLT,silicone,12
MLT,anti bac,12
MLT,set,12
MLT,apple ci,12
MLT,inion,12
MLT,fussili,12
MLT,corega,12
MLT,flaxseed,12
MLT,cat lit,12
MLT,clement,12
MLT,yougert,12
MLT,wenz,12
MLT,spray oil,12
MLT,lemon j,12
MLT,water m,12
MLT,good boy,12
MLT,cik,12
MLT,Fairy,12
MLT,diet c,12
MLT,shower gels,12
MLT,corn mix,12
MLT,frosti,12
MLT,containers,12
MLT,cheesec,12
MLT,corns,12
MLT,vermi,12
MLT,Coke,12
MLT,pare,12
MLT,foster clarks,12
MLT,organic trash,12
MLT,male,12
MLT,parmas,12
MLT,zewa,12
MLT,wakame,12
MLT,pinza,12
MLT,frutana,12
MLT,sake,12
MLT,dek,12
MLT,mixed herb,12
MLT,wholemeal flour,12
MLT,ali,12
MLT,fathers,12
MLT,glace,12
MLT,deser,12
MLT,ouzo,12
MLT,Burger,12
MLT,seltz,12
MLT,floor clean,12
MLT,aromat,12
MLT,washing ma,12
MLT,selt,12
MLT,hielo,12
MLT,laundry de,12
MLT,lightbulb,12
MLT,Heineken,12
MLT,dat,12
MLT,chh,12
MLT,flavo,12
MLT,maltese b,12
MLT,limo,12
MLT,magic,12
MLT,garlic bre,12
MLT,Sparkling,12
MLT,cheese snack,12
MLT,Weetabix,12
MLT,orogel,12
MLT,panch,12
MLT,rolli,12
MLT,krema,12
MLT,ara,12
MLT,porcini,12
MLT,washing mac,12
MLT,groceries,12
MLT,sparkling w,12
MLT,coffee syrup,12
MLT,snorkel,12
MLT,ammorbidente,12
MLT,brewdog,12
MLT,benna milkshake,12
MLT,rice vin,12
MLT,after shave,12
MLT,puf,12
MLT,bread maltese,12
MLT,cereal ba,12
MLT,gel hair,12
MLT,cannel,12
MLT,hugo,12
MLT,nutte,12
MLT,easy,12
MLT,ice lollie,12
MLT,saud,12
MLT,hand wa,12
MLT,seedl,12
MLT,fajit,12
MLT,zest,12
MLT,pablo,12
MLT,mr mus,12
MLT,gusto,12
MLT,american cheese,12
MLT,fette,12
MLT,chicken pie,12
MLT,rice k,12
MLT,hair tie,12
MLT,dovr,12
MLT,chipd,12
MLT,nodd,12
MLT,Betty,12
MLT,red kidney beans,12
MLT,ballut,12
MLT,hell energy,12
MLT,solt,12
MLT,party food,12
MLT,tayt,12
MLT,burro,12
MLT,grana pa,12
MLT,parch,12
MLT,frit,12
MLT,zuegg,12
MLT,swif,12
MLT,brusc,12
MLT,leerd,12
MLT,pesro,12
MLT,exe,12
MLT,roman,12
MLT,gordons,12
MLT,ww,12
MLT,chicj,12
MLT,tah,12
MLT,fog,12
MLT,deli to go,12
MLT,flour 00,12
MLT,orange huice,12
MLT,goat milk,12
MLT,nivea cream,12
MLT,slime,12
MLT,mes,12
MLT,bw,12
MLT,benna cream,12
MLT,Spaghetti,12
MLT,sung,12
MLT,mayonnai,12
MLT,carmel,12
MLT,tomato pulp,12
MLT,any,12
MLT,winegums,12
MLT,yankee,12
MLT,panini sticker,12
MLT,baby shower,12
MLT,ice cram,12
MLT,happy hippo,12
MLT,spinaci,12
MLT,Ben and,12
MLT,rev,12
MLT,despe,12
MLT,tirami,12
MLT,rice salad,12
MLT,descaler,12
MLT,spinachi,12
MLT,ehrmann,12
MLT,girgentina,12
MLT,case,12
MLT,whole meal,12
MLT,lip oil,12
MLT,chopped tom,12
MLT,cuberoll,12
MLT,famta,12
MLT,arr,12
MLT,chop,12
MLT,cae,12
MLT,laundry perfume,12
MLT,vitami,12
MLT,liste,12
MLT,toilet papee,12
MLT,yaya,12
MLT,body was,12
MLT,crumpet,12
MLT,sliced brea,12
MLT,creamy,12
MLT,rileys,12
MLT,hair remo,12
MLT,pru,12
MLT,nescafw,12
MLT,bianco,12
MLT,mozzorella,12
MLT,mutton,12
MLT,duster,12
MLT,joghu,12
MLT,flea,12
MLT,Mr,12
MLT,mins,12
MLT,nee,12
MLT,ave,12
MLT,fish f,12
MLT,gluten free biscuits,12
MLT,saua,12
MLT,clay,12
MLT,cisk ex,12
MLT,bad,12
MLT,vanilla yogurt,12
MLT,getora,12
MLT,hand w,12
MLT,barilla pesto,12
MLT,dry fruit,12
MLT,lipstick,12
MLT,jalep,12
MLT,pizza do,12
MLT,eurospin,12
MLT,garlic bag,12
MLT,vegetable burgers,12
MLT,regil,12
MLT,fioc,12
MLT,corneto,12
MLT,corndbeef,12
MLT,John frieda,12
MLT,carna,12
MLT,torta,12
MLT,pae,12
MLT,baking chocolate,12
MLT,coil,12
MLT,freshly,12
MLT,pinap,12
MLT,san bene,12
MLT,Shower,12
MLT,citric,12
MLT,old spi,12
MLT,raisi,12
MLT,benma,12
MLT,fag,12
MLT,mugs,12
MLT,oxy,12
MLT,onion ring,12
MLT,leibniz,12
MLT,cheesel,12
MLT,bulga,12
MLT,chivk,12
MLT,delia,12
MLT,self raising flour,12
MLT,mozarella sticks,12
MLT,lord chambray,12
MLT,kinder buen,12
MLT,measure,12
MLT,todu,12
MLT,thoo,12
MLT,keistal,12
MLT,gummy bears,12
MLT,protein po,12
MLT,training,12
MLT,toilet rolls,12
MLT,goat c,12
MLT,mouthwas,12
MLT,air fry,12
MLT,hummas,12
MLT,fiary,12
MLT,bunda,12
MLT,parmeggia,12
MLT,rasb,12
MLT,fabric s,12
MLT,wolt market san,12
MLT,falanghina,12
MLT,benna strawberry,12
MLT,bzar,12
MLT,pots,12
MLT,lach,12
MLT,jas,12
MLT,kap,12
MLT,drain cleaner,12
MLT,brown bre,12
MLT,sugar fre,12
MLT,capiscum,12
MLT,lunchmeat,12
MLT,blee,12
MLT,cocoa po,12
MLT,albume,12
MLT,ground cinnamon,12
MLT,caulifl,12
MLT,lemonsoda,12
MLT,rolling pap,12
MLT,thermome,12
MLT,mili,12
MLT,foi,12
MLT,potati,12
MLT,batteries aaa,12
MLT,beauty form,12
MLT,exq,12
MLT,chamo,12
MLT,slaw,12
MLT,ben and jerrys,12
MLT,Pa,12
MLT,insalat,12
MLT,acqu,12
MLT,moli,12
MLT,sca,12
MLT,toalet,12
MLT,almondy,12
MLT,leib,12
MLT,frozen b,12
MLT,dish so,12
MLT,jello,12
MLT,showerg,12
MLT,pok,12
MLT,pre work,12
MLT,labneh,12
MLT,old amsterdam,12
MLT,desin,12
MLT,yogart,12
MLT,napo,12
MLT,blue chee,12
MLT,sweet sour,12
MLT,elasto,12
MLT,creatine monohydrate,12
MLT,crossai,12
MLT,maggie,12
MLT,funghi,12
MLT,cockro,12
MLT,frizz,12
MLT,doubl,12
MLT,frozen po,12
MLT,breqd,12
MLT,hand sanit,12
MLT,oreo ice cream,12
MLT,cherry tomat,12
MLT,wholenut,12
MLT,parchment,12
MLT,curry pow,12
MLT,rice kri,12
MLT,jim,12
MLT,fazola,12
MLT,peoper,12
MLT,kon,12
MLT,table cloth,12
MLT,calv,12
MLT,Vapes,12
MLT,paro,12
MLT,corn flak,12
MLT,pellegr,12
MLT,pinenuts,12
MLT,gluten free crackers,12
MLT,ironing,12
MLT,marvel,12
MLT,bonless,11
MLT,nougat,11
MLT,stil,11
MLT,loak,11
MLT,besca,11
MLT,dishwasher tabs,11
MLT,choca,11
MLT,kry,11
MLT,benna lactose,11
MLT,irk,11
MLT,pulled,11
MLT,dugar,11
MLT,bayernland,11
MLT,rice kris,11
MLT,suc,11
MLT,cream of tartar,11
MLT,rice basmati,11
MLT,vanilla sugar,11
MLT,cicken,11
MLT,hair cream,11
MLT,twistes,11
MLT,float,11
MLT,cotton candy,11
MLT,vanilla extra,11
MLT,ricw,11
MLT,safar,11
MLT,earl grey,11
MLT,cherri,11
MLT,mr koolsak,11
MLT,coca-,11
MLT,clog,11
MLT,mashr,11
MLT,vegan chocolate,11
MLT,Salt,11
MLT,thermal,11
MLT,algi,11
MLT,garlic oil,11
MLT,ready food,11
MLT,orza,11
MLT,oo,11
MLT,cockroa,11
MLT,gluten free p,11
MLT,cumber,11
MLT,fettu,11
MLT,go & f,11
MLT,talcum powder,11
MLT,tender,11
MLT,coop,11
MLT,greek yogurt 0%,11
MLT,Onions,11
MLT,margh,11
MLT,drums,11
MLT,argentina,11
MLT,margarita,11
MLT,milk protein,11
MLT,coffee ground,11
MLT,wine gum,11
MLT,alluminium,11
MLT,staw,11
MLT,bagno,11
MLT,fish cakes,11
MLT,ink,11
MLT,kra,11
MLT,purina one,11
MLT,tang,11
MLT,pampers size 4,11
MLT,lilo,11
MLT,ardo,11
MLT,under,11
MLT,sienna,11
MLT,form,11
MLT,bbq s,11
MLT,aria,11
MLT,golden vir,11
MLT,allro,11
MLT,teres,11
MLT,loli,11
MLT,goblers,11
MLT,ix,11
MLT,frut,11
MLT,garlic clove,11
MLT,tomato can,11
MLT,elseve,11
MLT,red pep,11
MLT,hamster,11
MLT,carex,11
MLT,wedg,11
MLT,lavender,11
MLT,offer,11
MLT,butter unsalted,11
MLT,profi,11
MLT,finish dishwasher,11
MLT,lactose free cream,11
MLT,tuna rio,11
MLT,bash,11
MLT,tim,11
MLT,bennA,11
MLT,sunshi,11
MLT,mr mu,11
MLT,mirind,11
MLT,alcohol wipes,11
MLT,freshly baked,11
MLT,teist,11
MLT,klee,11
MLT,mout,11
MLT,voda,11
MLT,japan,11
MLT,Smarties,11
MLT,spre,11
MLT,dolce guato,11
MLT,maple syr,11
MLT,deals,11
MLT,stellini,11
MLT,colla,11
MLT,cul,11
MLT,roasted almonds,11
MLT,tictac,11
MLT,cheesy,11
MLT,herring,11
MLT,wine rose,11
MLT,hoi,11
MLT,sanitary pads,11
MLT,pedto,11
MLT,aquafresh,11
MLT,baby cereal,11
MLT,frea,11
MLT,truffl,11
MLT,incense,11
MLT,prof,11
MLT,sparl,11
MLT,pesto vegan,11
MLT,long li,11
MLT,twest,11
MLT,wd,11
MLT,sliced bre,11
MLT,alpo,11
MLT,7-up,11
MLT,strech,11
MLT,tomato jui,11
MLT,+boost,11
MLT,ta zija,11
MLT,didh,11
MLT,yogurt gree,11
MLT,distilled,11
MLT,concentrate,11
MLT,nail clippers,11
MLT,milky way,11
MLT,eye cream,11
MLT,fresh cheese,11
MLT,aloe vera gel,11
MLT,sasa,11
MLT,croisa,11
MLT,termo,11
MLT,alpro cream,11
MLT,gallette,11
MLT,bestway,11
MLT,recycle bags,11
MLT,child's farm,11
MLT,lavash,11
MLT,ran,11
MLT,lr,11
MLT,beed,11
MLT,renu,11
MLT,cheddar slices,11
MLT,randoms,11
MLT,vr,11
MLT,salza,11
MLT,wustel,11
MLT,yogurt natural,11
MLT,soy s,11
MLT,johnso,11
MLT,panceta,11
MLT,aerial,11
MLT,bayle,11
MLT,sandwiches,11
MLT,pink l,11
MLT,soi,11
MLT,chicken kiev,11
MLT,fresh chi,11
MLT,Velo,11
MLT,black bea,11
MLT,pampers size,11
MLT,antiperspirant,11
MLT,peppercorns,11
MLT,rice cri,11
MLT,eliquid,11
MLT,sul,11
MLT,wern,11
MLT,pomsti,11
MLT,tinned fruit,11
MLT,chops,11
MLT,cupca,11
MLT,paw,11
MLT,tal fur,11
MLT,lash,11
MLT,gluten free beer,11
MLT,rusk,11
MLT,die,11
MLT,tut,11
MLT,training pads,11
MLT,icebe,11
MLT,triple sec,11
MLT,peach jui,11
MLT,rep,11
MLT,frozen vegetable,11
MLT,penu,11
MLT,coffee machine,11
MLT,grated parmesan,11
MLT,Eat real,11
MLT,wax strip,11
MLT,naco,11
MLT,alk,11
MLT,quail,11
MLT,rio ma,11
MLT,protein cereal,11
MLT,cocke,11
MLT,eine,11
MLT,pq,11
MLT,skinny,11
MLT,actiph,11
MLT,plumcake,11
MLT,canned tom,11
MLT,baygin,11
MLT,alpro oat,11
MLT,San michel,11
MLT,ruccol,11
MLT,protein pancake,11
MLT,moji,11
MLT,planet,11
MLT,peng,11
MLT,castor sugar,11
MLT,ayr,11
MLT,morett,11
MLT,bayern,11
MLT,pasts,11
MLT,sirach,11
MLT,pomme,11
MLT,cracjers,11
MLT,dark chocola,11
MLT,wholemeal bread,11
MLT,keratin,11
MLT,mear,11
MLT,montadella,11
MLT,garlic ba,11
MLT,Salmon,11
MLT,guancial,11
MLT,hair cond,11
MLT,octo,11
MLT,portugal,11
MLT,pecc,11
MLT,mart,11
MLT,fresch,11
MLT,carta forn,11
MLT,corn on,11
MLT,repe,11
MLT,pumpki,11
MLT,ss,11
MLT,sun l,11
MLT,michel,11
MLT,rothmand,11
MLT,picl,11
MLT,bon cui,11
MLT,garkic,11
MLT,crep,11
MLT,tomsto,11
MLT,hydrate,11
MLT,pole,11
MLT,Innocent,11
MLT,busy,11
MLT,pora,11
MLT,pro mi,11
MLT,gin tonic,11
MLT,cheddae,11
MLT,fish crackers,11
MLT,linguini,11
MLT,non alcoholic wine,11
MLT,wet cat food,11
MLT,india,11
MLT,tomatoea,11
MLT,saucisse,11
MLT,old s,11
MLT,cocunut,11
MLT,nr,11
MLT,budweiser,11
MLT,eraser,11
MLT,zit,11
MLT,gofun,11
MLT,mountain,11
MLT,eipes,11
MLT,pizza s,11
MLT,multiv,11
MLT,tea tree,11
MLT,sog,11
MLT,coco powder,11
MLT,bucatini,11
MLT,bagle,11
MLT,chenin,11
MLT,castor oil,11
MLT,gallerti,11
MLT,peanutbutter,11
MLT,tro,11
MLT,pepers,11
MLT,humid,11
MLT,x-epil,11
MLT,razor blades,11
MLT,disposable bbq,11
MLT,cannabis,11
MLT,lete,11
MLT,zigg,11
MLT,astonis,11
MLT,I've cream,11
MLT,limonata,11
MLT,cheese dippers,11
MLT,glitter,11
MLT,mandarin,11
MLT,protein pow,11
MLT,finis,11
MLT,cocaco,11
MLT,pretze,11
MLT,hipp 2,11
MLT,sweden,11
MLT,buffala,11
MLT,plain yogurt,11
MLT,santa helena,11
MLT,ilk,11
MLT,kinder ice cream,11
MLT,soia,11
MLT,cocktail sa,11
MLT,corn st,11
MLT,brisee,11
MLT,Kunserva,11
MLT,child’s farm,11
MLT,dermo,11
MLT,edam cheese,11
MLT,red onions,11
MLT,schat,11
MLT,parmigia,11
MLT,gherki,11
MLT,fior d,11
MLT,hair condi,11
MLT,pea protein,11
MLT,pascal,11
MLT,tweezer,11
MLT,chicken whole,11
MLT,kerrygo,11
MLT,microfi,11
MLT,spearmint,11
MLT,pasta rummo,11
MLT,deoda,11
MLT,rig,11
MLT,peds,11
MLT,nipple,11
MLT,riesling,11
MLT,bread cr,11
MLT,nilk,11
MLT,spirulina,11
MLT,exte,11
MLT,cayen,11
MLT,nor,11
MLT,pedi,11
MLT,choco flakes,11
MLT,salad cheese,11
MLT,heart,11
MLT,pron,11
MLT,cotton disc,11
MLT,glass clea,11
MLT,food colo,11
MLT,peca,11
MLT,rap,11
MLT,gnocch,11
MLT,hide,11
MLT,cheesele,11
MLT,fresc,11
MLT,hams,11
MLT,nappies pants,11
MLT,mr kool,11
MLT,block,11
MLT,chicken sto,11
MLT,brewd,11
MLT,hollandaise,11
MLT,mushroom soup,11
MLT,zucchin,11
MLT,gy,11
MLT,frta,11
MLT,fiocc,11
MLT,vick,11
MLT,ola,11
MLT,tarragon,11
MLT,pfan,11
MLT,durec,11
MLT,ella’s kitchen,11
MLT,cocn,11
MLT,hi gene,11
MLT,yoghurt greek,11
MLT,apple jiuce,11
MLT,old holborn,11
MLT,chocolatw,11
MLT,fat free,11
MLT,bok choy,11
MLT,taral,11
MLT,speci,11
MLT,mk,11
MLT,wasa,11
MLT,crossants,11
MLT,batterie,11
MLT,glue stick,11
MLT,bob,11
MLT,fish fing,11
MLT,desser,11
MLT,bran flakes,11
MLT,sanitiz,11
MLT,sparking water,11
MLT,tomati,11
MLT,cheee,11
MLT,oxva xlim,11
MLT,glass spray,11
MLT,sousage,11
MLT,Coca-Cola,11
MLT,om,11
MLT,nescage,11
MLT,flip flop,11
MLT,Croissants,11
MLT,nescaffe,11
MLT,winr,11
MLT,skittl,11
MLT,mond,11
MLT,thermom,11
MLT,hair s,11
MLT,four,11
MLT,m & m,11
MLT,duj,11
MLT,nibea,11
MLT,spreadable,11
MLT,scamorza,11
MLT,tong,11
MLT,capell,11
MLT,coollee,11
MLT,nannies,11
MLT,hotdogd,11
MLT,soff,11
MLT,oat flo,11
MLT,garlic br,11
MLT,almond f,11
MLT,Protein,11
MLT,disp,11
MLT,seeet,11
MLT,dream,11
MLT,garlic powd,11
MLT,domesto,11
MLT,dog fo,11
MLT,clam,11
MLT,bicarbonate of soda,11
MLT,scra,11
MLT,soag,11
MLT,colman,11
MLT,momster,11
MLT,bead,11
MLT,mild,11
MLT,marscapone,11
MLT,soft drin,11
MLT,minced me,11
MLT,hariss,11
MLT,harisa,11
MLT,fabric c,11
MLT,mascarp,11
MLT,chris,11
MLT,fresh p,11
MLT,bestini,11
MLT,trav,11
MLT,toothbrus,11
MLT,dark choclate,11
MLT,milk uht,11
MLT,nov,11
MLT,fosh,11
MLT,sun dried tomatoes,11
MLT,napoli,11
MLT,ditali,11
MLT,pillow,11
MLT,band aid,11
MLT,safa,11
MLT,frozen str,11
MLT,diet kinn,11
MLT,baby spina,11
MLT,fac,11
MLT,liquid so,11
MLT,vanis,11
MLT,crostini,11
MLT,chair,11
MLT,sunpat,11
MLT,espre,11
MLT,creame,11
MLT,felce azz,11
MLT,washing machine cleaner,11
MLT,smoked ham,11
MLT,kitcheb,11
MLT,snu,11
MLT,Co,11
MLT,negroni,11
MLT,gato negro,11
MLT,chicken breat,11
MLT,crossiants,11
MLT,fal,11
MLT,chilli con,11
MLT,ness,11
MLT,7up zero,11
MLT,chocolate cake,11
MLT,joc,11
MLT,cordon blue,11
MLT,multi purpose,11
MLT,papper,11
MLT,Cherry,11
MLT,mince b,11
MLT,wiles,11
MLT,babylino pants,11
MLT,Tofu,11
MLT,dove bar,11
MLT,litchen,11
MLT,cream crackers,11
MLT,sweet n low,11
MLT,unsalt,11
MLT,bany,11
MLT,choclate chip,11
MLT,new pot,11
MLT,cocs,11
MLT,spaghet,11
MLT,cheese sti,11
MLT,baby w,11
MLT,french fri,11
MLT,diet pepsi,11
MLT,vegan burger,11
MLT,troll,11
MLT,nestea,11
MLT,galbani,11
MLT,Olives,11
MLT,Nail,11
MLT,coffeee,11
MLT,granulated,11
MLT,butter salted,11
MLT,italian sausage,11
MLT,napol,11
MLT,grayed,11
MLT,tetti,11
MLT,twistess,11
MLT,camomille,11
MLT,sib,11
MLT,ice fream,11
MLT,gara,11
MLT,moka,11
MLT,hoison,11
MLT,frozen onion,11
MLT,list,11
MLT,hand was,11
MLT,dew fres,11
MLT,Orange jui,11
MLT,cisj,11
MLT,Lenor,11
MLT,disposable cups,11
MLT,nic salt,11
MLT,la vache qui rit,11
MLT,Granola,11
MLT,bandaid,11
MLT,hot cho,11
MLT,pg tips,11
MLT,chefdar,11
MLT,amica,11
MLT,hin,11
MLT,cheese and onion,11
MLT,sundrie,11
MLT,ICE cream,11
MLT,bris,11
MLT,ready to ea,11
MLT,wur,11
MLT,hmira,11
MLT,dey,11
MLT,brand,11
MLT,picker,11
MLT,spanish,11
MLT,psyllium,11
MLT,Honey,11
MLT,papeika,11
MLT,maison,11
MLT,toscana,11
MLT,ajvar,11
MLT,mc don,11
MLT,water kristal,11
MLT,chicken kebab,11
MLT,medi,11
MLT,rikot,11
MLT,bonne,11
MLT,onuons,11
MLT,veev,10
MLT,soya sau,10
MLT,pelmen,10
MLT,romain,10
MLT,been,10
MLT,zinc,10
MLT,Walnuts,10
MLT,Oat milk,10
MLT,backing,10
MLT,pork s,10
MLT,qater,10
MLT,beer non,10
MLT,salad leaves,10
MLT,sunb,10
MLT,bed,10
MLT,pop co,10
MLT,sponach,10
MLT,skimmed mil,10
MLT,soin,10
MLT,rikota,10
MLT,geomar,10
MLT,paper bag,10
MLT,ill,10
MLT,milk small,10
MLT,Cake,10
MLT,Olive,10
MLT,alpro chocolate,10
MLT,caje,10
MLT,engl,10
MLT,daily,10
MLT,orea,10
MLT,captain morgan,10
MLT,olive oil spray,10
MLT,crumb,10
MLT,digestive biscuits,10
MLT,tomaro,10
MLT,benna banana,10
MLT,size 4,10
MLT,your,10
MLT,sour pa,10
MLT,chicken ceasar,10
MLT,A4,10
MLT,kidn,10
MLT,beef st,10
MLT,ice pop,10
MLT,pats,10
MLT,sauce tomato,10
MLT,haag,10
MLT,family fish,10
MLT,doun,10
MLT,sausge,10
MLT,pink lad,10
MLT,benacol,10
MLT,coder,10
MLT,sce,10
MLT,oasta,10
MLT,7days,10
MLT,carry,10
MLT,ster,10
MLT,Roth,10
MLT,roach,10
MLT,treat,10
MLT,unblock,10
MLT,white chocol,10
MLT,fans,10
MLT,paci,10
MLT,kah,10
MLT,escalopes,10
MLT,san be,10
MLT,edem,10
MLT,Lettuce,10
MLT,Spinach,10
MLT,fish sau,10
MLT,pallmal,10
MLT,san mig,10
MLT,markers,10
MLT,gram,10
MLT,chivken,10
MLT,mari,10
MLT,baby wipe,10
MLT,zuchini,10
MLT,wolt qormi,10
MLT,protein pita,10
MLT,yogurt drink,10
MLT,inions,10
MLT,yoghurt ice cream,10
MLT,sult,10
MLT,zipp,10
MLT,baron,10
MLT,moster,10
MLT,cheed,10
MLT,mozerella,10
MLT,Be,10
MLT,mosquitos,10
MLT,parmesean,10
MLT,zippo,10
MLT,nuta,10
MLT,keflatori,10
MLT,balloo,10
MLT,bottl,10
MLT,chia see,10
MLT,serr,10
MLT,doub,10
MLT,fish cubes,10
MLT,liter,10
MLT,dt,10
MLT,svelt,10
MLT,coconut c,10
MLT,omin,10
MLT,kefalotiri,10
MLT,kichen,10
MLT,burat,10
MLT,pomstick,10
MLT,oliveoil,10
MLT,potsto,10
MLT,barr,10
MLT,ambi pur,10
MLT,nesquic,10
MLT,biacuits,10
MLT,vanilla i,10
MLT,squid,10
MLT,tig,10
MLT,amer,10
MLT,m8lk,10
MLT,almomd,10
MLT,xo,10
MLT,philip,10
MLT,corn cake,10
MLT,wus,10
MLT,brag,10
MLT,morgan,10
MLT,bath soap,10
MLT,ring,10
MLT,cooc,10
MLT,sewing,10
MLT,helwa tat tork,10
MLT,pitt,10
MLT,ec,10
MLT,crut,10
MLT,greated cheese,10
MLT,golden virgi,10
MLT,wath,10
MLT,crak,10
MLT,frozen corn,10
MLT,misur,10
MLT,red curry,10
MLT,goat che,10
MLT,tea lion,10
MLT,vegan pesto,10
MLT,sakad,10
MLT,seabass,10
MLT,Powerade,10
MLT,onion powd,10
MLT,stretch and seal,10
MLT,recyclin,10
MLT,gly,10
MLT,petrus,10
MLT,raspe,10
MLT,a modo,10
MLT,tuna ftira,10
MLT,sanitar,10
MLT,youghu,10
MLT,eeet,10
MLT,greco,10
MLT,indi,10
MLT,carrota,10
MLT,cooll,10
MLT,four cheese,10
MLT,becon,10
MLT,Shampoo,10
MLT,noddles,10
MLT,ot,10
MLT,heese,10
MLT,amber,10
MLT,qa,10
MLT,yogikids,10
MLT,ark,10
MLT,riv,10
MLT,coockie,10
MLT,water glass,10
MLT,millk,10
MLT,wha,10
MLT,cick,10
MLT,Crisps,10
MLT,sali,10
MLT,protein pa,10
MLT,games,10
MLT,nar,10
MLT,cleani,10
MLT,ginger a,10
MLT,baby c,10
MLT,cerr,10
MLT,gym,10
MLT,biotechusa,10
MLT,sprinkl,10
MLT,crosa,10
MLT,triangle,10
MLT,oatley,10
MLT,crista,10
MLT,psy,10
MLT,carbo,10
MLT,core,10
MLT,hot choc,10
MLT,greek togurt,10
MLT,stapler,10
MLT,knorr chicken,10
MLT,dobe,10
MLT,messicana,10
MLT,caye,10
MLT,chicken bur,10
MLT,samo,10
MLT,foil dish,10
MLT,spat,10
MLT,eclairs,10
MLT,brioches,10
MLT,bioorto,10
MLT,socket,10
MLT,pao,10
MLT,ıce,10
MLT,jack daniel,10
MLT,cheddat,10
MLT,scrub d,10
MLT,jogh,10
MLT,crust,10
MLT,ferrarelle,10
MLT,palma,10
MLT,worche,10
MLT,buttet,10
MLT,cuca,10
MLT,tei,10
MLT,dry cat food,10
MLT,cellentani,10
MLT,salad crea,10
MLT,aranciata,10
MLT,ibuprofen,10
MLT,beckmann,10
MLT,rotmans,10
MLT,chickr,10
MLT,kitchen toll,10
MLT,spare,10
MLT,smarti,10
MLT,chopped garlic,10
MLT,powde,10
MLT,noode,10
MLT,gummy bear,10
MLT,red l&,10
MLT,dalt,10
MLT,kenko,10
MLT,Apple jui,10
MLT,cola zer,10
MLT,granny,10
MLT,kean,10
MLT,bisq,10
MLT,noodels,10
MLT,scam,10
MLT,biscuita,10
MLT,pos,10
MLT,beaked beans,10
MLT,sasu,10
MLT,smoked salmo,10
MLT,dino,10
MLT,chicken cu,10
MLT,schwepps,10
MLT,sensodine,10
MLT,baby carrot,10
MLT,cabage,10
MLT,bagette,10
MLT,play,10
MLT,babylini,10
MLT,pizza flour,10
MLT,black hair,10
MLT,baking powd,10
MLT,sprea,10
MLT,bite,10
MLT,chicken wi,10
MLT,espr,10
MLT,fruit funk,10
MLT,nail poli,10
MLT,camon,10
MLT,fonta,10
MLT,alfa,10
MLT,choi,10
MLT,cill,10
MLT,arra,10
MLT,spu,10
MLT,spf50,10
MLT,sparkin,10
MLT,bean sprout,10
MLT,lefir,10
MLT,thermometre,10
MLT,milk ch,10
MLT,focca,10
MLT,panties,10
MLT,oven cleaner,10
MLT,cutlets,10
MLT,modo,10
MLT,cocoa pow,10
MLT,maltese s,10
MLT,frozen spinach,10
MLT,spaghettini,10
MLT,safron,10
MLT,iced coff,10
MLT,mqaret,10
MLT,cars,10
MLT,bacia,10
MLT,Meat,10
MLT,aloe ver,10
MLT,pizza sa,10
MLT,mizza,10
MLT,cake flour,10
MLT,tipiak,10
MLT,wholemeal pasta,10
MLT,zyn,10
MLT,hygi,10
MLT,anna,10
MLT,crispa,10
MLT,sofficini,10
MLT,benna fresh,10
MLT,body lo,10
MLT,Ella's,10
MLT,beverages,10
MLT,chicken m,10
MLT,sf,10
MLT,lady fin,10
MLT,fifa stickers,10
MLT,luna,10
MLT,corn cob,10
MLT,berc,10
MLT,pepper sa,10
MLT,snik,10
MLT,backed beans,10
MLT,eice,10
MLT,cherry tomatoe,10
MLT,imperial,10
MLT,ice crwam,10
MLT,iced c,10
MLT,cannoli,10
MLT,pomo,10
MLT,sulta,10
MLT,kinder pingui,10
MLT,twostees,10
MLT,aglio,10
MLT,straciatella,10
MLT,manda,10
MLT,jimmy,10
MLT,spiral,10
MLT,tonic wat,10
MLT,cheese gouda,10
MLT,rabbi,10
MLT,mince bee,10
MLT,superking,10
MLT,op,10
MLT,romano,10
MLT,vera water,10
MLT,wagyu,10
MLT,purin,10
MLT,dosh,10
MLT,aci,10
MLT,cream milk,10
MLT,strawberry frozen,10
MLT,padano,10
MLT,scot,10
MLT,valeriana,10
MLT,sunlolly,10
MLT,hankies,10
MLT,recycle bag,10
MLT,mur,10
MLT,viande,10
MLT,jam shed,10
MLT,pepsi mac,10
MLT,guanti,10
MLT,what,10
MLT,piccolo,10
MLT,sofa,10
MLT,gbejnie,10
MLT,starter,10
MLT,vegi,10
MLT,mashrooms,10
MLT,erdinger,10
MLT,greated,10
MLT,frozen strawberry,10
MLT,votka,10
MLT,him,10
MLT,wrustel,10
MLT,lurpack,10
MLT,vic,10
MLT,curry sauce,10
MLT,haribi,10
MLT,tama,10
MLT,jimjam,10
MLT,pasta gluten,10
MLT,carrot cake,10
MLT,toilet gel,10
MLT,alprp,10
MLT,abs,10
MLT,spray bottle,10
MLT,washing pow,10
MLT,kataifi,10
MLT,buscuit,10
MLT,faj,10
MLT,nuttel,10
MLT,sangr,10
MLT,medium,10
MLT,crist,10
MLT,sigarets,10
MLT,potato s,10
MLT,water bott,10
MLT,wine opener,10
MLT,lava cake,10
MLT,chrisp,10
MLT,bub,10
MLT,waffl,10
MLT,qara,10
MLT,kusks,10
MLT,vida,10
MLT,brown br,10
MLT,teis,10
MLT,bread crumb,10
MLT,kinserva,10
MLT,fiocchi,10
MLT,cocktail sausage,10
MLT,knives,10
MLT,kip,10
MLT,dry cat,10
MLT,adult toys,10
MLT,infusion,10
MLT,burgee,10
MLT,dayes,10
MLT,beef minced,10
MLT,ife cream,10
MLT,Acqua,10
MLT,brazil nuts,10
MLT,ashwa,10
MLT,inti,10
MLT,arcadia,10
MLT,vanilla pudding,10
MLT,juicr,10
MLT,roast ch,10
MLT,soy sauc,10
MLT,milk straw,10
MLT,lunch bag,10
MLT,button,10
MLT,arab,10
MLT,7ip,10
MLT,extra virgin olive oil,10
MLT,sunsh,10
MLT,trap,10
MLT,water bottles,10
MLT,lemon beer,10
MLT,japa,10
MLT,dr be,10
MLT,corkscrew,10
MLT,dumpli,10
MLT,sammo,10
MLT,cordon blu,10
MLT,stro,10
MLT,sudocream,10
MLT,potstoes,10
MLT,ji,10
MLT,garlic cloves,10
MLT,sprie,10
MLT,board,10
MLT,yogurt kids,10
MLT,prach,10
MLT,hair serum,10
MLT,vape liq,10
MLT,feb,10
MLT,panck,10
MLT,koppaberg,10
MLT,arka,10
MLT,nicore,10
MLT,breads,10
MLT,puding,10
MLT,gold kiwi,10
MLT,liquer,10
MLT,kop,10
MLT,argan,10
MLT,musg,10
MLT,mayple,10
MLT,limonc,10
MLT,rasber,10
MLT,eggs bio,10
MLT,lozenges,10
MLT,vinai,10
MLT,feozen,10
MLT,irkot,10
MLT,darta,10
MLT,burger sa,10
MLT,streaky,10
MLT,scan,10
MLT,rumba,10
MLT,sane,10
MLT,cotrage,10
MLT,efg,10
MLT,яйца,10
MLT,pacc,10
MLT,potet,10
MLT,cocos,10
MLT,cold dr,10
MLT,bonbon,10
MLT,Aptamil,10
MLT,self ra,10
MLT,dust pan,10
MLT,horlicks,10
MLT,sugar free chocolate,10
MLT,brocoll,10
MLT,cheese grat,10
MLT,pico,10
MLT,beef sausage,10
MLT,koka,10
MLT,noodlea,10
MLT,sauerkraut,10
MLT,colgat,10
MLT,cupa,10
MLT,high pro,10
MLT,pif pa,10
MLT,Cinnamon,10
MLT,parley,10
MLT,Beans,10
MLT,havarti,10
MLT,frum,10
MLT,salty snacks,10
MLT,tuk,10
MLT,samb,10
MLT,milm,10
MLT,check,10
MLT,colour catc,10
MLT,smirnoff ice,10
MLT,melon sa,10
MLT,puff pastr,10
MLT,mob,10
MLT,veggie sticks,10
MLT,gsrlic,10
MLT,sapone,10
MLT,sprou,10
MLT,cisk exc,10
MLT,graham,10
MLT,vanille,10
MLT,shredde,10
MLT,jage,10
MLT,canola,10
MLT,Blue cheese,10
MLT,air frier,10
MLT,tool,10
MLT,pomm,10
MLT,liquo,10
MLT,most,10
MLT,diff,10
MLT,freschello,10
MLT,oat bars,10
MLT,vape shop,10
MLT,patty,10
MLT,chicken breadt,10
MLT,cracker bread,10
MLT,avokado,10
MLT,pills,10
MLT,soring,10
MLT,capsic,10
MLT,pumpkin see,10
MLT,juce,10
MLT,puff pa,10
MLT,specia,10
MLT,qormi,10
MLT,chicken slices,10
MLT,dist,10
MLT,herba,10
MLT,bitter le,10
MLT,hell latte,10
MLT,Parmesan,10
MLT,beretta,10
MLT,qaghaq,10
MLT,whip cream,10
MLT,pai,10
MLT,period,10
MLT,breath,10
MLT,Baygon,10
MLT,steal,10
MLT,baciamella,10
MLT,byg,10
MLT,giar,10
MLT,piadine,10
MLT,power bank,10
MLT,cat dry,10
MLT,milky bar,10
MLT,Berchtesgadener,10
MLT,cellery,10
MLT,cucam,10
MLT,Terea,10
MLT,powder sugar,10
MLT,gullo,10
MLT,pud,10
MLT,cottage che,10
MLT,benna ic,10
MLT,valsoia ice,10
MLT,crab sticks,10
MLT,french frie,10
MLT,napi,10
MLT,paper t,10
MLT,red beans,10
MLT,lipt,10
MLT,ladyfingers,10
MLT,full,10
MLT,longlife milk,10
MLT,frozen chip,10
MLT,wolt market burmarrad,10
MLT,intesa,10
MLT,maxfactor,10
MLT,chab,10
MLT,dess,10
MLT,ground pork,10
MLT,razer,10
MLT,bicarbo,10
MLT,whipes,10
MLT,John,10
MLT,air wick,10
MLT,bezzun,10
MLT,tequil,10
MLT,shep,10
MLT,at,10
MLT,karta,10
MLT,neut,10
MLT,melting,10
MLT,torteli,10
MLT,ice l,10
MLT,sim card,10
MLT,kids snacks,10
MLT,danet,10
MLT,cardboard,10
MLT,tio,10
MLT,corner,10
MLT,cooling,10
MLT,shell,10
MLT,jagger,10
MLT,norway,10
MLT,children,10
MLT,allure,10
MLT,lost mary,10
MLT,twa,10
MLT,reb,10
MLT,bayl,10
MLT,all p,10
MLT,Wrap,10
MLT,oriental,10
MLT,dipd,10
MLT,exel,10
MLT,butter b,10
MLT,haddock,10
MLT,baylea,10
MLT,kapunata,10
MLT,leg,10
MLT,baby potat,10
MLT,ziff,10
MLT,scru,10
MLT,spring onio,10
MLT,Cotton,10
MLT,Soap,10
MLT,cucc,10
MLT,gf,10
MLT,arl,10
MLT,fennel tea,10
MLT,quaker oats,10
MLT,curl cream,10
MLT,special K,10
MLT,Pavi,10
MLT,stock pot,10
MLT,cappe,10
MLT,plastic cu,10
MLT,wt,10
MLT,waka,10
MLT,vita coco,10
MLT,dalad,10
MLT,hair ge,10
MLT,fresh orange juice,10
MLT,wagner,10
MLT,alcoho,10
MLT,shreded,10
MLT,icam,10
MLT,sensodyn,10
MLT,toik,10
MLT,garliv,10
MLT,gluten free b,10
MLT,club soda,10
MLT,sliced chedd,10
MLT,colouring,10
MLT,kiwi gold,10
MLT,food waste,10
MLT,Sprite,10
MLT,concealer,10
MLT,yoghurt lactose,10
MLT,eggp,10
MLT,cheese slic,10
MLT,car food,10
MLT,wheat flour,10
MLT,19,10
MLT,butter chicken,10
MLT,vola,10
MLT,pomp,10
MLT,taylors,10
MLT,oy,10
MLT,crave,10
MLT,scotte,10
MLT,friit,10
MLT,fish sticks,10
MLT,lucy,10
MLT,chicken wrap,9
MLT,Mr kip,9
MLT,rukola,9
MLT,got,9
MLT,skit,9
MLT,kof,9
MLT,nivea roll on,9
MLT,general,9
MLT,sun flower,9
MLT,tortina,9
MLT,frozen stra,9
MLT,trixie,9
MLT,brown ri,9
MLT,piccolini,9
MLT,kusk,9
MLT,yohurt,9
MLT,alpro protein,9
MLT,frozen s,9
MLT,heavy c,9
MLT,calama,9
MLT,roe,9
MLT,kefor,9
MLT,aptamil comfort,9
MLT,toms,9
MLT,oreo ice,9
MLT,Dr p,9
MLT,coucous,9
MLT,showr,9
MLT,chicken season,9
MLT,dry s,9
MLT,fajitas,9
MLT,rasberries,9
MLT,toilet clea,9
MLT,ground almond,9
MLT,conditoner,9
MLT,manuka,9
MLT,cacio,9
MLT,strain,9
MLT,eu,9
MLT,octop,9
MLT,sharing,9
MLT,mohito,9
MLT,rolling pa,9
MLT,baby sha,9
MLT,electric toothbrush,9
MLT,hair re,9
MLT,wiskey,9
MLT,kf,9
MLT,fuss,9
MLT,cain,9
MLT,cotton p,9
MLT,pepai,9
MLT,bay l,9
MLT,poweraid,9
MLT,yogurt lactose,9
MLT,fairy pods,9
MLT,dog shampoo,9
MLT,calip,9
MLT,breadst,9
MLT,chilli flake,9
MLT,snicke,9
MLT,irkott,9
MLT,sweeten,9
MLT,medowlea,9
MLT,more,9
MLT,bicarbonato,9
MLT,weelb,9
MLT,sundried tom,9
MLT,krip,9
MLT,linguin,9
MLT,porato,9
MLT,ypgurt,9
MLT,morning coffe,9
MLT,caramel log,9
MLT,brood,9
MLT,tarall,9
MLT,garlick,9
MLT,antip,9
MLT,scoop,9
MLT,Corn,9
MLT,ada,9
MLT,mashed potatoes,9
MLT,sliced b,9
MLT,arri,9
MLT,feta c,9
MLT,spinich,9
MLT,scallion,9
MLT,milk choco,9
MLT,chicken mi,9
MLT,skew,9
MLT,pizelli,9
MLT,corn on the,9
MLT,parsly,9
MLT,mokate,9
MLT,plant base,9
MLT,pulled pork,9
MLT,descal,9
MLT,string cheese,9
MLT,baby l,9
MLT,chicken noodle,9
MLT,vapo,9
MLT,coin,9
MLT,pizza dou,9
MLT,shea,9
MLT,Paprika,9
MLT,burger sau,9
MLT,Greek you,9
MLT,pross,9
MLT,antibact,9
MLT,cotten,9
MLT,mojit,9
MLT,poptart,9
MLT,burher,9
MLT,goat chee,9
MLT,candel,9
MLT,marriw,9
MLT,tpil,9
MLT,neer,9
MLT,parac,9
MLT,Smirnoff,9
MLT,pim,9
MLT,hairbrush,9
MLT,capun,9
MLT,chickeb,9
MLT,doughnu,9
MLT,parmezan,9
MLT,smokin,9
MLT,ace juice,9
MLT,hor,9
MLT,Hair,9
MLT,alpro yog,9
MLT,cheeze,9
MLT,toilet papaer,9
MLT,tomato pu,9
MLT,sun dried tomato,9
MLT,magg,9
MLT,raspberry jam,9
MLT,wudt,9
MLT,prune juice,9
MLT,single cream,9
MLT,cheese cak,9
MLT,iced cofee,9
MLT,blackberries,9
MLT,xh,9
MLT,brra,9
MLT,salte,9
MLT,nappy cream,9
MLT,croass,9
MLT,pavesin,9
MLT,spritzer,9
MLT,paul,9
MLT,parmesano,9
MLT,web,9
MLT,tsa,9
MLT,crysta,9
MLT,Alcohol,9
MLT,lubrica,9
MLT,habanero,9
MLT,boo,9
MLT,spring oni,9
MLT,grec,9
MLT,non a,9
MLT,philadelphi,9
MLT,Chia,9
MLT,blood orange,9
MLT,ay,9
MLT,lettus,9
MLT,black ol,9
MLT,bahlse,9
MLT,res bull,9
MLT,golden harves,9
MLT,type,9
MLT,frozen pi,9
MLT,garg,9
MLT,bouillon,9
MLT,mens,9
MLT,vimto,9
MLT,kiddyli,9
MLT,jogobe,9
MLT,bottle brush,9
MLT,heiniken,9
MLT,chamom,9
MLT,aloe vera drink,9
MLT,yogurt lactose free,9
MLT,ben and je,9
MLT,broccolini,9
MLT,cocolate,9
MLT,patak,9
MLT,remo,9
MLT,gummi,9
MLT,oesto,9
MLT,roasted ch,9
MLT,rabbit food,9
MLT,Al,9
MLT,half,9
MLT,baa,9
MLT,krisp,9
MLT,proactiv,9
MLT,slim p,9
MLT,supplements,9
MLT,degre,9
MLT,notepad,9
MLT,salt an,9
MLT,bambo nature,9
MLT,celen,9
MLT,popa,9
MLT,cola z,9
MLT,chilen,9
MLT,halo t,9
MLT,aalad,9
MLT,Bay,9
MLT,mister,9
MLT,clingfilm,9
MLT,beef chuck,9
MLT,poi,9
MLT,pf,9
MLT,Bananas,9
MLT,zaf,9
MLT,mackar,9
MLT,Popcorn,9
MLT,thatchers,9
MLT,nite,9
MLT,mouss,9
MLT,minced mea,9
MLT,blue chees,9
MLT,wiston,9
MLT,sopalin,9
MLT,pampers 7,9
MLT,porto,9
MLT,Lemon soda,9
MLT,msyo,9
MLT,Scotch,9
MLT,almond flo,9
MLT,lunchemeat,9
MLT,volume,9
MLT,fish stock,9
MLT,hash br,9
MLT,besha,9
MLT,protein wraps,9
MLT,smoothi,9
MLT,fast,9
MLT,bagett,9
MLT,cruton,9
MLT,quak,9
MLT,fire start,9
MLT,drops,9
MLT,capric,9
MLT,cota,9
MLT,papi,9
MLT,filte,9
MLT,marsala,9
MLT,red la,9
MLT,sais,9
MLT,white fish,9
MLT,freshcream,9
MLT,sacl,9
MLT,odour,9
MLT,kalamat,9
MLT,frozen fru,9
MLT,kinder bueno ice,9
MLT,dolci,9
MLT,curry leaves,9
MLT,lavazzo,9
MLT,emental,9
MLT,mellin,9
MLT,hang,9
MLT,listeri,9
MLT,vital,9
MLT,tayto,9
MLT,floor c,9
MLT,nature v,9
MLT,rexog,9
MLT,hani,9
MLT,saint,9
MLT,vise,9
MLT,small pasta,9
MLT,miz,9
MLT,smoked salm,9
MLT,furne,9
MLT,crispy chicken,9
MLT,elbow,9
MLT,kit ka,9
MLT,gobbl,9
MLT,protein w,9
MLT,foil dishes,9
MLT,cooking sauce,9
MLT,coffee capsules,9
MLT,chiclen,9
MLT,amar,9
MLT,el sa,9
MLT,cheese burger,9
MLT,sauce tomate,9
MLT,focacci,9
MLT,pompo,9
MLT,monster zero,9
MLT,anti per,9
MLT,Party,9
MLT,itali,9
MLT,vanilla cake,9
MLT,unsa,9
MLT,silken,9
MLT,rubbish bag,9
MLT,ben&,9
MLT,lemom,9
MLT,energy zero,9
MLT,Oats,9
MLT,caterpillar,9
MLT,water bot,9
MLT,pato,9
MLT,mc ca,9
MLT,worcest,9
MLT,babana,9
MLT,shak,9
MLT,tal furnar,9
MLT,wea,9
MLT,smoked p,9
MLT,diswasher,9
MLT,rocchetta,9
MLT,taylor,9
MLT,teabag,9
MLT,tooth pa,9
MLT,minstr,9
MLT,milmil,9
MLT,eve,9
MLT,gras,9
MLT,astral,9
MLT,pizza tuna,9
MLT,gril,9
MLT,Dubai,9
MLT,Minnie,9
MLT,waterproof,9
MLT,tinne,9
MLT,ben an,9
MLT,salt chips,9
MLT,golden virg,9
MLT,choy,9
MLT,cheese cream,9
MLT,menthol,9
MLT,fresche,9
MLT,I've tea,9
MLT,kit k,9
MLT,sparklers,9
MLT,parquet,9
MLT,lady finger,9
MLT,beand,9
MLT,Spark,9
MLT,nan 3,9
MLT,mcain,9
MLT,neecafe,9
MLT,marin,9
MLT,carda,9
MLT,rice cales,9
MLT,vape li,9
MLT,clipp,9
MLT,fetta,9
MLT,chopping board,9
MLT,yocca,9
MLT,betty cr,9
MLT,bannan,9
MLT,jungle sticks,9
MLT,tish,9
MLT,guinn,9
MLT,samon,9
MLT,zott protein,9
MLT,trave,9
MLT,bao,9
MLT,onuon,9
MLT,hay,9
MLT,San carlo,9
MLT,cova,9
MLT,bake r,9
MLT,frozen veget,9
MLT,chili powder,9
MLT,bitter lem,9
MLT,signature,9
MLT,mcdo,9
MLT,iced te,9
MLT,weight,9
MLT,kleen,9
MLT,nea,9
MLT,tyrrell,9
MLT,mornin,9
MLT,cons,9
MLT,fruit buns,9
MLT,flak,9
MLT,macha,9
MLT,peroxide,9
MLT,inte,9
MLT,arbor,9
MLT,milt,9
MLT,kups,9
MLT,belvedere,9
MLT,pecco,9
MLT,twin,9
MLT,chocalate,9
MLT,torilla,9
MLT,platters,9
MLT,kakao,9
MLT,old e,9
MLT,kl,9
MLT,bucati,9
MLT,bescham,9
MLT,husk,9
MLT,cream body,9
MLT,wrapp,9
MLT,ak,9
MLT,ready t,9
MLT,blackb,9
MLT,pasqual,9
MLT,Yoghurt,9
MLT,bolt,9
MLT,southern fried,9
MLT,babies,9
MLT,roast potatoes,9
MLT,galler,9
MLT,milk mix,9
MLT,potao,9
MLT,spagetthi,9
MLT,fruit past,9
MLT,myshr,9
MLT,fou,9
MLT,organic milk,9
MLT,poo bags,9
MLT,fruit cocktail,9
MLT,svel,9
MLT,pfanne,9
MLT,face wax,9
MLT,hills,9
MLT,soltoro,9
MLT,colour catchers,9
MLT,water s,9
MLT,pasta sf,9
MLT,olivr,9
MLT,panty lin,9
MLT,sfo,9
MLT,jp,9
MLT,ale,9
MLT,berber,9
MLT,headache,9
MLT,oat mill,9
MLT,latt,9
MLT,boxer,9
MLT,5l,9
MLT,pumkin,9
MLT,filo pastry,9
MLT,davidof,9
MLT,garlic chopped,9
MLT,voca,9
MLT,energy d,9
MLT,greek youg,9
MLT,juice apple,9
MLT,cux,9
MLT,onion frozen,9
MLT,rotisserie,9
MLT,goat chees,9
MLT,fairy li,9
MLT,spare ribs,9
MLT,prosse,9
MLT,spider,9
MLT,homema,9
MLT,ultra,9
MLT,asti,9
MLT,mosta,9
MLT,lune,9
MLT,repell,9
MLT,long grain,9
MLT,⁠Cooking Cream,9
MLT,surprise,9
MLT,farley,9
MLT,grillo,9
MLT,salt dish,9
MLT,cheesecak,9
MLT,hair con,9
MLT,nod,9
MLT,strawbee,9
MLT,hard cheese,9
MLT,aptamil 4,9
MLT,lurpac,9
MLT,cir,9
MLT,ground chicken,9
MLT,capelli,9
MLT,chicken thig,9
MLT,cooking choc,9
MLT,arm band,9
MLT,workout,9
MLT,turnips,9
MLT,water crackers,9
MLT,mogyi,9
MLT,gecchele,9
MLT,wine box,9
MLT,thick,9
MLT,tooth past,9
MLT,meadowle,9
MLT,golden kiwi,9
MLT,coffee nescafe,9
MLT,pras,9
MLT,peppermi,9
MLT,school,9
MLT,reggiano,9
MLT,lactosefree,9
MLT,fruit and f,9
MLT,mytea,9
MLT,new potatoes,9
MLT,Zero,9
MLT,sevenup,9
MLT,togu,9
MLT,bucke,9
MLT,fresh meat,9
MLT,vernel,9
MLT,mozzerella,9
MLT,spring ro,9
MLT,margari,9
MLT,jelly tots,9
MLT,mayone,9
MLT,ricecakes,9
MLT,ic cream,9
MLT,cupcak,9
MLT,jocc,9
MLT,Basil,9
MLT,macaro,9
MLT,sweet and low,9
MLT,honey rings,9
MLT,Bacardi,9
MLT,calc,9
MLT,potato sal,9
MLT,dal,9
MLT,fruot,9
MLT,fabol,9
MLT,sprite zer,9
MLT,modo mio,9
MLT,pickled onion,9
MLT,cannell,9
MLT,eye liner,9
MLT,gobon,9
MLT,asparag,9
MLT,pele,9
MLT,cases,9
MLT,hand sa,9
MLT,corn fla,9
MLT,bird food,9
MLT,gobbler,9
MLT,capsules,9
MLT,meat pie,9
MLT,lewz,9
MLT,cottahe,9
MLT,domin,9
MLT,yomato,9
MLT,alldays,9
MLT,kitxhen,9
MLT,pasat,9
MLT,fabo,9
MLT,plant b,9
MLT,saussage,9
MLT,chicken se,9
MLT,halo too,9
MLT,decaff,9
MLT,dijon mustard,9
MLT,acido,9
MLT,toie,9
MLT,coolle,9
MLT,fish cube,9
MLT,head &,9
MLT,gh,9
MLT,condiriso,9
MLT,cheeri,9
MLT,uhu,9
MLT,dana,9
MLT,olive dip,9
MLT,minestrone,9
MLT,eye mask,9
MLT,sun cre,9
MLT,Alpro,9
MLT,shor,9
MLT,dentas,9
MLT,scr,9
MLT,baby pow,9
MLT,pig,9
MLT,baby bottles,9
MLT,hummis,9
MLT,ıce cream,9
MLT,kale mix,9
MLT,thin,9
MLT,go&fu,9
MLT,bisqui,9
MLT,my tea,9
MLT,sgrassator,9
MLT,budw,9
MLT,ice fl,9
MLT,miner,9
MLT,bfree,9
MLT,geta,9
MLT,made good,9
MLT,thuna,9
MLT,kapu,9
MLT,kinder eg,9
MLT,flat peaches,9
MLT,beens,9
MLT,toilet papa,9
MLT,hobey,9
MLT,fresh fish,9
MLT,french fr,9
MLT,energy gel,9
MLT,hair care,9
MLT,cocopo,9
MLT,maple s,9
MLT,unsalted peanuts,9
MLT,curvies,9
MLT,focac,9
MLT,vegan icecream,9
MLT,sourdoug,9
MLT,hand gel,9
MLT,food container,9
MLT,starburst,9
MLT,coe,9
MLT,fetq,9
MLT,rice krispies,9
MLT,dei,9
MLT,jalepeno,9
MLT,toilet b,9
MLT,cutl,9
MLT,sciss,9
MLT,tronk,9
MLT,opener,9
MLT,maltese bre,9
MLT,peach tea,9
MLT,cooking c,9
MLT,corn cakes,9
MLT,chocolatr,9
MLT,carta igienica,9
MLT,snap,9
MLT,ready to e,9
MLT,ketchuo,9
MLT,labne,9
MLT,butter be,9
MLT,cholate,9
MLT,ice berg,9
MLT,porc,9
MLT,jack dan,9
MLT,canned tomatoes,9
MLT,waters,9
MLT,mut,9
MLT,beef s,9
MLT,stirfry,9
MLT,stracci,9
MLT,calculator,9
MLT,green bea,9
MLT,margarin,9
MLT,parn,9
MLT,gardiniera,9
MLT,frira,9
MLT,sliced ched,9
MLT,fried onions,9
MLT,coconut sugar,9
MLT,eyelash,9
MLT,rexoguard,9
MLT,tay,9
MLT,welbess,9
MLT,papp,9
MLT,iqo,9
MLT,tolet,9
MLT,airfreshner,9
MLT,tapioca,9
MLT,asia,9
MLT,shee,9
MLT,crunchi,9
MLT,tunna,9
MLT,mouth was,9
MLT,walt market,9
MLT,bouquet,9
MLT,vaselin,9
MLT,acana,9
MLT,international,9
MLT,intenso,9
MLT,Orange j,9
MLT,toiket paper,9
MLT,cream soda,9
MLT,benna mi,9
MLT,coke 0,9
MLT,macad,9
MLT,hendr,9
MLT,cold water,9
MLT,wet paper,9
MLT,blossom,9
MLT,Blueberries,9
MLT,goggle,9
MLT,friu,9
MLT,row,9
MLT,healthy leaf,9
MLT,bix,9
MLT,wolt market q,9
MLT,cheescake,9
MLT,refil,9
MLT,pingu,9
MLT,it,9
MLT,hit dog,9
MLT,toadt,9
MLT,rownt,9
MLT,iced coffe,9
MLT,ashtray,9
MLT,tortilla chip,9
MLT,mulin,9
MLT,cocq,9
MLT,Regina,9
MLT,aponge,9
MLT,bicarbon,9
MLT,orange sq,9
MLT,coconut w,9
MLT,pepdi,9
MLT,benna yogh,9
MLT,iced cof,9
MLT,tradh,9
MLT,ey,9
MLT,parmigian,9
MLT,rice pu,9
MLT,meat and eats,9
MLT,copper,9
MLT,electroli,9
MLT,harino,9
MLT,metal,9
MLT,glives,9
MLT,tyso,9
MLT,intima,9
MLT,Turkey ham,9
MLT,kilk,9
MLT,stoc,9
MLT,tran,9
MLT,wil,9
MLT,bbq daddy,9
MLT,tavo,9
MLT,som,9
MLT,cheese onion,9
MLT,shiwer,9
MLT,pet hair,9
MLT,charg,9
MLT,clementines,9
MLT,pila,9
MLT,reis,9
MLT,proteine,9
MLT,liquorice,9
MLT,morni,9
MLT,cres,9
MLT,met,9
MLT,San mich,9
MLT,poe,9
MLT,boxers,9
MLT,mall,9
MLT,panino,9
MLT,lristal,9
MLT,heni,9
MLT,tequilla,9
MLT,toith,9
MLT,cheese edam,9
MLT,Listerine,9
MLT,coconut flake,9
MLT,baby b,9
MLT,banana yoghurt,9
MLT,color catch,9
MLT,schwart,9
MLT,artichok,9
MLT,jun,9
MLT,brodu,9
MLT,mincef,9
MLT,stainless,9
MLT,cherrios,9
MLT,danine,9
MLT,grab,9
MLT,classic mix,9
MLT,fulf,9
MLT,organiz,9
MLT,higs,9
MLT,pastw,9
MLT,barl,9
MLT,crisps salt,9
MLT,friza,9
MLT,gerki,9
MLT,cke,9
MLT,kien,9
MLT,cheede,9
MLT,greek yogurt 0,9
MLT,stars,9
MLT,coock,9
MLT,shampp,9
MLT,margerita,9
MLT,dried figs,9
MLT,Deodorant,9
MLT,bread sliced,9
MLT,white bag,9
MLT,yogurt protein,9
MLT,mcd,9
MLT,galax,9
MLT,paper kitchen,9
MLT,tonica,9
MLT,plastic fork,9
MLT,polar,9
MLT,squeez,9
MLT,cloro,9
MLT,cuba,9
MLT,budino,9
MLT,bow,9
MLT,swep,9
MLT,colour run,9
MLT,yellow t,9
MLT,rob,9
MLT,sweet chill,9
MLT,energy dri,9
MLT,air freshe,9
MLT,listerin,9
MLT,rabb,9
MLT,barattolino,9
MLT,nature valle,9
MLT,cheddar sliced,9
MLT,chick pea,9
MLT,rice pa,9
MLT,cat wet,9
MLT,manchego,9
MLT,sprir,9
MLT,tas,9
MLT,krit,9
MLT,frosty mills,9
MLT,aer,9
MLT,muts,9
MLT,sandwich bags,9
MLT,bagnoschiuma,9
MLT,sun lotion,8
MLT,greens supermarket,8
MLT,butane,8
MLT,demerara,8
MLT,flaxseeds,8
MLT,skimmed mi,8
MLT,haris,8
MLT,kelo,8
MLT,wooden spoon,8
MLT,pasta sauces,8
MLT,gallo,8
MLT,Biscoff,8
MLT,russia,8
MLT,sottilette,8
MLT,buffa,8
MLT,pitted olives,8
MLT,maion,8
MLT,spinacj,8
MLT,protein pudd,8
MLT,salv,8
MLT,dishwasher tab,8
MLT,vinaigrette,8
MLT,shower grl,8
MLT,sertis,8
MLT,zwro,8
MLT,jefir,8
MLT,ben jerr,8
MLT,cooked meat,8
MLT,tooth pas,8
MLT,oramge,8
MLT,wite,8
MLT,auto,8
MLT,Green,8
MLT,Haribo,8
MLT,garlic and herb,8
MLT,Devon,8
MLT,backn,8
MLT,rag,8
MLT,strab,8
MLT,500ml,8
MLT,Coc,8
MLT,carnaroli,8
MLT,marble,8
MLT,chi ken,8
MLT,bread sti,8
MLT,wholemea,8
MLT,tooth picks,8
MLT,sauciss,8
MLT,zero coke,8
MLT,chicken noodles,8
MLT,protein brea,8
MLT,aga,8
MLT,lio,8
MLT,ground black pepper,8
MLT,bondu,8
MLT,birthd,8
MLT,life,8
MLT,pot n,8
MLT,the pink,8
MLT,sweet and s,8
MLT,aranc,8
MLT,qin,8
MLT,coffee cream,8
MLT,kewpie,8
MLT,peacan,8
MLT,ces,8
MLT,chopsticks,8
MLT,bechame,8
MLT,peppa pig,8
MLT,pineaple,8
MLT,chilli fla,8
MLT,nail clipper,8
MLT,fresh pas,8
MLT,ladyfinger,8
MLT,slice che,8
MLT,azzura,8
MLT,aloa vera,8
MLT,pala,8
MLT,camomilla,8
MLT,incen,8
MLT,tik,8
MLT,mines,8
MLT,finlandia,8
MLT,detox,8
MLT,zalzett,8
MLT,arg,8
MLT,levisi,8
MLT,royal can,8
MLT,baloo,8
MLT,rithmans,8
MLT,smetan,8
MLT,frozen chicke,8
MLT,beef cu,8
MLT,chicken minced,8
MLT,firestarter,8
MLT,contai,8
MLT,cheddars,8
MLT,rothmans res,8
MLT,rice noo,8
MLT,deli meat,8
MLT,elma,8
MLT,Ha,8
MLT,sammont,8
MLT,gauze,8
MLT,mung,8
MLT,dado,8
MLT,bert,8
MLT,utensils,8
MLT,branst,8
MLT,greek yoghur,8
MLT,wholegrai,8
MLT,jaeger,8
MLT,puff p,8
MLT,santa ma,8
MLT,canned milk,8
MLT,rice cale,8
MLT,burbon,8
MLT,single,8
MLT,Clementine,8
MLT,cs,8
MLT,kindrr,8
MLT,jame,8
MLT,brusse,8
MLT,cortad,8
MLT,silicon,8
MLT,pizzq,8
MLT,dishwasher pods,8
MLT,breed,8
MLT,peace,8
MLT,mini chedd,8
MLT,vanilla protein,8
MLT,redbull zero,8
MLT,Air,8
MLT,Halo,8
MLT,leifh,8
MLT,herm,8
MLT,basilic,8
MLT,juoce,8
MLT,betty c,8
MLT,wips,8
MLT,beauty for,8
MLT,storage box,8
MLT,water spark,8
MLT,chimi,8
MLT,apron,8
MLT,baby pota,8
MLT,custa,8
MLT,tron,8
MLT,sterimar,8
MLT,tagliat,8
MLT,much,8
MLT,squis,8
MLT,won,8
MLT,footb,8
MLT,chicken fillets,8
MLT,alpto,8
MLT,nonn,8
MLT,wolt market qorm,8
MLT,bkeach,8
MLT,labello,8
MLT,teab,8
MLT,funfil,8
MLT,nutri grain,8
MLT,corned b,8
MLT,mom,8
MLT,ketcup,8
MLT,frumist triple,8
MLT,heav,8
MLT,sunflower s,8
MLT,pearls,8
MLT,balsamic vinegar,8
MLT,ice cream sugar free,8
MLT,wet tissue,8
MLT,deal,8
MLT,bronze,8
MLT,purple shampoo,8
MLT,guancal,8
MLT,careot,8
MLT,serra,8
MLT,frozen pasta,8
MLT,Mr riley,8
MLT,belo,8
MLT,passionata,8
MLT,tinned tom,8
MLT,porrid,8
MLT,sunblo,8
MLT,mcvities,8
MLT,illes,8
MLT,coof,8
MLT,twos,8
MLT,liquid s,8
MLT,shredded ch,8
MLT,pasta sauc,8
MLT,salad dress,8
MLT,desinf,8
MLT,comte,8
MLT,wape,8
MLT,spiros,8
MLT,burger s,8
MLT,frozen potato,8
MLT,Astonish,8
MLT,Pepper,8
MLT,vaseli,8
MLT,din,8
MLT,cheeslet,8
MLT,potatoe salad,8
MLT,creatina,8
MLT,lad,8
MLT,water bo,8
MLT,milk s,8
MLT,White,8
MLT,tweestes,8
MLT,sum,8
MLT,frozen beans,8
MLT,iqos iluma,8
MLT,green o,8
MLT,snickers ice cream,8
MLT,hellmann,8
MLT,sweps,8
MLT,cucciolone,8
MLT,ground meat,8
MLT,yogurt 0%,8
MLT,sambuca,8
MLT,gardi,8
MLT,haba,8
MLT,lactose free yoghurt,8
MLT,self tan,8
MLT,bell peper,8
MLT,wine bag,8
MLT,pellicola,8
MLT,paa,8
MLT,gull,8
MLT,horseradish,8
MLT,refu,8
MLT,strawberry juice,8
MLT,pelito,8
MLT,loundry,8
MLT,burger bund,8
MLT,milk po,8
MLT,mini ice cream,8
MLT,packed,8
MLT,brown r,8
MLT,crazy,8
MLT,edemam,8
MLT,pearl barley,8
MLT,pizza pockets,8
MLT,codka,8
MLT,frozen berri,8
MLT,gea,8
MLT,greek t,8
MLT,Pantene,8
MLT,coffee instant,8
MLT,mr beast,8
MLT,gummie,8
MLT,crouto,8
MLT,organic wine,8
MLT,chocolate chip cookies,8
MLT,bace,8
MLT,la vas,8
MLT,icd,8
MLT,Activia,8
MLT,microfib,8
MLT,mr k,8
MLT,branettes,8
MLT,sno,8
MLT,x epil,8
MLT,fost,8
MLT,caula,8
MLT,yug,8
MLT,grapef,8
MLT,rotham,8
MLT,provola,8
MLT,red kidn,8
MLT,straberry,8
MLT,protwin,8
MLT,Brown,8
MLT,sparkling wate,8
MLT,ice vream,8
MLT,rubish,8
MLT,mizz,8
MLT,poato,8
MLT,naa,8
MLT,tona,8
MLT,mn,8
MLT,bem,8
MLT,lave,8
MLT,diffu,8
MLT,kiwo,8
MLT,epic,8
MLT,brew dog,8
MLT,ven,8
MLT,cheeese,8
MLT,lew,8
MLT,kinder bueno ice cream,8
MLT,heavy crea,8
MLT,cooking sp,8
MLT,stock cubes,8
MLT,cedevita,8
MLT,chalk,8
MLT,secret,8
MLT,garbi,8
MLT,tetle,8
MLT,bogue,8
MLT,cornflo,8
MLT,shsmpoo,8
MLT,M&,8
MLT,beetroots,8
MLT,winst,8
MLT,allu,8
MLT,cism,8
MLT,cipolla,8
MLT,banab,8
MLT,sparklimg,8
MLT,roast chicke,8
MLT,allspice,8
MLT,bescha,8
MLT,dip d,8
MLT,baby ca,8
MLT,gluten free bun,8
MLT,panti,8
MLT,golden syrup,8
MLT,halum,8
MLT,salt &,8
MLT,Dove soap,8
MLT,puff past,8
MLT,natura bella,8
MLT,hello,8
MLT,cheese ba,8
MLT,cornetti,8
MLT,flax seeds,8
MLT,corndb,8
MLT,heated tobacco,8
MLT,sant’anna,8
MLT,hamm,8
MLT,dish brush,8
MLT,paulaner,8
MLT,antiper,8
MLT,magnesi,8
MLT,lemob,8
MLT,ord,8
MLT,beef burgers,8
MLT,gyoz,8
MLT,b&g,8
MLT,Kellogg's,8
MLT,pizza bas,8
MLT,bauli croissant,8
MLT,sparkle,8
MLT,philadelph,8
MLT,prework,8
MLT,ehr,8
MLT,bodka,8
MLT,tortelloni,8
MLT,tos,8
MLT,san michelle,8
MLT,protein cream,8
MLT,rechargeable,8
MLT,osso,8
MLT,eskigel,8
MLT,deodorant men,8
MLT,good ea,8
MLT,sun spray,8
MLT,protein past,8
MLT,tenderstem,8
MLT,corned be,8
MLT,aloevera,8
MLT,nestcafe,8
MLT,rice pud,8
MLT,birr,8
MLT,selp,8
MLT,curler,8
MLT,conser,8
MLT,citrus,8
MLT,coconut oi,8
MLT,colours,8
MLT,aeron,8
MLT,flask,8
MLT,paprika powder,8
MLT,durez,8
MLT,nectarin,8
MLT,rubber gloves,8
MLT,reeces,8
MLT,bread gluten free,8
MLT,kic,8
MLT,cheeses,8
MLT,potaties,8
MLT,papas,8
MLT,tabo,8
MLT,peaxh,8
MLT,il bucato di adele,8
MLT,proper,8
MLT,chanteclair,8
MLT,benna chocolate,8
MLT,oven c,8
MLT,ACE,8
MLT,milk coconut,8
MLT,frozen fries,8
MLT,bid,8
MLT,nata,8
MLT,mast,8
MLT,melting chocolate,8
MLT,frid,8
MLT,envelopes,8
MLT,San mic,8
MLT,thimas,8
MLT,prima cat,8
MLT,raf,8
MLT,cat wet food,8
MLT,hm,8
MLT,adhesive,8
MLT,sugar free biscuits,8
MLT,areal,8
MLT,marsa,8
MLT,essen,8
MLT,teet,8
MLT,alom,8
MLT,mac and,8
MLT,crab stick,8
MLT,color cat,8
MLT,sauge,8
MLT,ital,8
MLT,duct tape,8
MLT,heets,8
MLT,chicen,8
MLT,prota,8
MLT,nag,8
MLT,hag,8
MLT,fool,8
MLT,kinder sorpresa,8
MLT,sop,8
MLT,gul,8
MLT,balsamo,8
MLT,chicken tikka,8
MLT,ariel po,8
MLT,el sab,8
MLT,SANTA MARIA,8
MLT,lemon sorbet,8
MLT,gorgonz,8
MLT,serran,8
MLT,danett,8
MLT,gell,8
MLT,chec,8
MLT,marv,8
MLT,Toothpaste,8
MLT,cappucin,8
MLT,chipa,8
MLT,mouthw,8
MLT,edible,8
MLT,freeze dried,8
MLT,diet sprite,8
MLT,poison,8
MLT,roll o,8
MLT,fresh mint,8
MLT,pifp,8
MLT,burguer,8
MLT,chicken ceaser,8
MLT,cupcake cases,8
MLT,carlsb,8
MLT,capta,8
MLT,savi,8
MLT,Redbull,8
MLT,c type,8
MLT,hicken,8
MLT,gobb,8
MLT,pork & beef,8
MLT,swiss cheese,8
MLT,chardo,8
MLT,parma h,8
MLT,cr2032,8
MLT,nudd,8
MLT,cheese d,8
MLT,ollie,8
MLT,cjeese,8
MLT,crossan,8
MLT,Garbage bags,8
MLT,bscon,8
MLT,ICE,8
MLT,domi,8
MLT,lanc,8
MLT,Lubricant,8
MLT,vitasnell,8
MLT,nappys,8
MLT,cucumbet,8
MLT,chri,8
MLT,lavtose,8
MLT,tho,8
MLT,vinag,8
MLT,salmon dip,8
MLT,benne,8
MLT,white bags,8
MLT,birds eye,8
MLT,hait,8
MLT,ao,8
MLT,red bell pepper,8
MLT,dinhill,8
MLT,fue,8
MLT,preside,8
MLT,Air fresh,8
MLT,food storage,8
MLT,broad bean,8
MLT,ravjoli,8
MLT,inocent,8
MLT,protie,8
MLT,vir,8
MLT,pepi,8
MLT,cyder,8
MLT,papel,8
MLT,taco mix,8
MLT,teriya,8
MLT,country flags,8
MLT,frozen pea,8
MLT,coconut yogurt,8
MLT,kinder brio,8
MLT,golden vi,8
MLT,rucu,8
MLT,gatorafe,8
MLT,paprica,8
MLT,vie,8
MLT,pena,8
MLT,mexican cheese,8
MLT,cors,8
MLT,straightener,8
MLT,gluten free pas,8
MLT,Oat,8
MLT,prp,8
MLT,fix,8
MLT,greek yougurt,8
MLT,jeger,8
MLT,becamel,8
MLT,elfbar,8
MLT,dried cranberries,8
MLT,bells,8
MLT,alfredo,8
MLT,venna,8
MLT,crisp bread,8
MLT,green peas,8
MLT,sweet potato fries,8
MLT,takis blue,8
MLT,correga,8
MLT,nappy pants,8
MLT,breD,8
MLT,san marzano,8
MLT,thre,8
MLT,kitchen pap,8
MLT,tow,8
MLT,spinach fresh,8
MLT,frother,8
MLT,chicken wing,8
MLT,пельмени,8
MLT,kinder crispy,8
MLT,emil,8
MLT,felce azzurra,8
MLT,pepsi z,8
MLT,ice cream mini,8
MLT,minced pork,8
MLT,bayonet,8
MLT,filet,8
MLT,battrey,8
MLT,bacardi cola,8
MLT,wipped cream,8
MLT,go free,8
MLT,cordon b,8
MLT,ahmad,8
MLT,fir,8
MLT,birthday cards,8
MLT,vita snella,8
MLT,fos,8
MLT,seedless grapes,8
MLT,mexic,8
MLT,turkey mince,8
MLT,ace gentile,8
MLT,fresh ch,8
MLT,your organic,8
MLT,alpro van,8
MLT,kaba,8
MLT,minute st,8
MLT,tettier,8
MLT,croque,8
MLT,microw,8
MLT,oeuf,8
MLT,camel b,8
MLT,suma,8
MLT,kittle,8
MLT,bugilla,8
MLT,Guinness,8
MLT,filini,8
MLT,Biscuit,8
MLT,fui,8
MLT,Sal,8
MLT,4 cheese,8
MLT,beaked,8
MLT,fruit n fibre,8
MLT,clementin,8
MLT,sugar free i,8
MLT,rice brown,8
MLT,Conditioner,8
MLT,turmeri,8
MLT,jasm,8
MLT,fruit loops,8
MLT,venu,8
MLT,baby bath,8
MLT,king prawns,8
MLT,soo,8
MLT,cocun,8
MLT,candied,8
MLT,beef mi,8
MLT,35,8
MLT,mexica,8
MLT,tenders,8
MLT,melt,8
MLT,pelme,8
MLT,ginger bee,8
MLT,jasmi,8
MLT,35 south,8
MLT,toth,8
MLT,lemon water,8
MLT,solo italia,8
MLT,crème fraîche,8
MLT,tack,8
MLT,grain,8
MLT,very,8
MLT,fle,8
MLT,pastrami,8
MLT,sports,8
MLT,humu,8
MLT,out,8
MLT,moose,8
MLT,light mozza,8
MLT,dry nites,8
MLT,iogurt,8
MLT,yougur,8
MLT,feta ch,8
MLT,smash,8
MLT,trip,8
MLT,hands,8
MLT,old sp,8
MLT,poloa,8
MLT,kwfir,8
MLT,cleansing,8
MLT,Br,8
MLT,oransoda,8
MLT,pink 7,8
MLT,baking sh,8
MLT,chocolate nuts,8
MLT,rotans,8
MLT,calam,8
MLT,boat,8
MLT,San bene,8
MLT,soresina,8
MLT,divini,8
MLT,kaponata,8
MLT,flash,8
MLT,hulala,8
MLT,alioli,8
MLT,lean mince,8
MLT,potato wedges,8
MLT,pesca,8
MLT,spazzolino,8
MLT,l’oreal,8
MLT,kor,8
MLT,phill,8
MLT,mate,8
MLT,ib,8
MLT,strawberry ice cream,8
MLT,sogni,8
MLT,eee,8
MLT,levisima,8
MLT,pom sticks,8
MLT,cooked ham,8
MLT,porri,8
MLT,gran cucin,8
MLT,italia,8
MLT,white board,8
MLT,poc,8
MLT,chili con,8
MLT,jackfruit,8
MLT,milk be,8
MLT,azzur,8
MLT,vegatable,8
MLT,ml,8
MLT,happ,8
MLT,tog,8
MLT,sunburn,8
MLT,huevos,8
MLT,sunshade,8
MLT,mini wraps,8
MLT,vinig,8
MLT,tie,8
MLT,tango,8
MLT,alpri,8
MLT,freshway,8
MLT,mescafe,8
MLT,lollip,8
MLT,shampoo and conditioner,8
MLT,floor wipes,8
MLT,vegan protein,8
MLT,Fish,8
MLT,balkan,8
MLT,yoghurt drink,8
MLT,soap hand,8
MLT,crinkle,8
MLT,hot sau,8
MLT,wtaer,8
MLT,foster clar,8
MLT,Nutella ice,8
MLT,colander,8
MLT,pilsner,8
MLT,pitted dates,8
MLT,green v,8
MLT,magnesiu,8
MLT,youghart,8
MLT,serv,8
MLT,Ma,8
MLT,dtr,8
MLT,electo,8
MLT,peeled,8
MLT,tresemm,8
MLT,jamshed,8
MLT,rothmans re,8
MLT,wiper,8
MLT,coarse,8
MLT,delay,8
MLT,froxen,8
MLT,puri,8
MLT,wraos,8
MLT,despera,8
MLT,lamb b,8
MLT,kiplin,8
MLT,rolled o,8
MLT,blackcurrant,8
MLT,kids tooth,8
MLT,cotton discs,8
MLT,humi,8
MLT,konserva,8
MLT,poridge,8
MLT,chicken halal,8
MLT,jyice,8
MLT,floor detergents,8
MLT,ripple,8
MLT,acr,8
MLT,donegal,8
MLT,bia,8
MLT,imq,8
MLT,frosen,8
MLT,salad cre,8
MLT,tigi,8
MLT,basili,8
MLT,arug,8
MLT,cy,8
MLT,kimder,8
MLT,sommersby,8
MLT,nutm,8
MLT,brussels,8
MLT,hair colo,8
MLT,cine,8
MLT,coconut o,8
MLT,dalmon,8
MLT,passionfruit,8
MLT,tanger,8
MLT,whole wheat,8
MLT,azzu,8
MLT,sotto zero,8
MLT,water spar,8
MLT,statio,8
MLT,cookied,8
MLT,basin,8
MLT,salt and vineg,8
MLT,protein water,8
MLT,loyd,8
MLT,davido,8
MLT,barista oat,8
MLT,youghurts,8
MLT,corn s,8
MLT,cuder,8
MLT,knorr cubes,8
MLT,bn,8
MLT,giard,8
MLT,taboulet,8
MLT,protein wafer,8
MLT,vinaigre,8
MLT,protein pu,8
MLT,apple cider vin,8
MLT,puddi,8
MLT,white sauc,8
MLT,moul,8
MLT,alpro yo,8
MLT,tortila,8
MLT,yoguet,8
MLT,moa,8
MLT,teak,8
MLT,maltese sausa,8
MLT,protein bre,8
MLT,advo,8
MLT,exfol,8
MLT,2032,8
MLT,integral,8
MLT,long grain rice,8
MLT,arix,8
MLT,liquor,8
MLT,mr kipl,8
MLT,calipo,8
MLT,vac,8
MLT,bread s,8
MLT,food color,8
MLT,pumpkin s,8
MLT,deo duo,8
MLT,dail,8
MLT,diswa,8
MLT,plastic wrap,8
MLT,tablecloth,8
MLT,heinz beans,8
MLT,needle,8
MLT,cogarettes,8
MLT,self r,8
MLT,fragolino,8
MLT,pop c,8
MLT,pixza,8
MLT,friea,8
MLT,Dijon,8
MLT,salad c,8
MLT,call,8
MLT,oata,8
MLT,buzz ball,8
MLT,esca,8
MLT,champa,8
MLT,spianata,8
MLT,chewing gu,8
MLT,baby formula,8
MLT,egh,8
MLT,brown p,8
MLT,drinking,8
MLT,chicken liver,8
MLT,vienna,8
MLT,camomi,8
MLT,icing su,8
MLT,Deo,8
MLT,beac,8
MLT,cocop,8
MLT,lenor out,8
MLT,rus,8
MLT,diet cok,8
MLT,hot dig,8
MLT,pene,8
MLT,bufal,8
MLT,heavy cre,8
MLT,chewing g,8
MLT,be na,8
MLT,toilet papwr,8
MLT,wholegrain rice,8
MLT,fresh beef,8
MLT,anti bacterial,8
MLT,cocnu,8
MLT,bavaria ultra,8
MLT,Devia,8
MLT,Tea,8
MLT,san michael,8
MLT,Chi,8
MLT,canell,8
MLT,delicate,8
MLT,choclaye,8
MLT,nanny's wipes,8
MLT,holder,8
MLT,brok,8
MLT,pepat,8
MLT,gran padano,8
MLT,floor clo,8
MLT,Detergent,8
MLT,toilet blocks,8
MLT,spur,8
MLT,kinnoe,8
MLT,cold brew,8
MLT,hallu,8
MLT,lunserva,8
MLT,perugina,8
MLT,rau,8
MLT,profit,8
MLT,spak,8
MLT,ice v,8
MLT,koft,8
MLT,avocato,8
MLT,canned tomato,8
MLT,sommers,8
MLT,kery,8
MLT,cug,8
MLT,carpaccio,8
MLT,sanita,8
MLT,fett,8
MLT,souer,8
MLT,cilant,8
MLT,fabric softe,8
MLT,magi,8
MLT,done,8
MLT,convi,8
MLT,coke cola,8
MLT,wet toilet,8
MLT,benna you,8
MLT,taco sauce,8
MLT,monstee,8
MLT,extra virgin olive,8
MLT,lemon ice,8
MLT,froes,8
MLT,glass c,8
MLT,ketchip,8
MLT,grena,8
MLT,tzazi,8
MLT,hair pin,8
MLT,dema,8
MLT,rothmans r,8
MLT,wheet,8
MLT,aquani,8
MLT,pavo,8
MLT,spatula,8
MLT,pled,8
MLT,laundry pod,8
MLT,coleslow,8
MLT,lubrican,8
MLT,chice,8
MLT,hard,8
MLT,boc,8
MLT,ricco,8
MLT,kindet,8
MLT,thoma,8
MLT,ham and cheese,8
MLT,vuse pro,8
MLT,wudy pop,8
MLT,prsto,8
MLT,grana pada,8
MLT,papet,8
MLT,vitis,8
MLT,pot noo,8
MLT,macka,8
MLT,sad,8
MLT,eggpla,8
MLT,marbo,8
MLT,kinder de,8
MLT,diet k,8
MLT,fever tree,8
MLT,Always,8
MLT,viking,8
MLT,strawberrys,8
MLT,dea,8
MLT,afters,8
MLT,alpro coco,8
MLT,chur,8
MLT,tongs,8
MLT,patate,8
MLT,poli,8
MLT,hundreds,8
MLT,broad bea,8
MLT,natr,8
MLT,almind,8
MLT,chili con carne,8
MLT,frozen onions,8
MLT,areo,8
MLT,chopped ham,8
MLT,sour pat,8
MLT,alpro y,8
MLT,Mal,8
MLT,Cornstarch,8
MLT,turtle,8
MLT,chia s,8
MLT,cereale,8
MLT,carots,8
MLT,golden v,8
MLT,dru,8
MLT,myshrooms,8
MLT,doe,8
MLT,mussl,8
MLT,Peanut butter,8
MLT,bordon,8
MLT,spur cream,8
MLT,barilla penne,8
MLT,yoghut,8
MLT,onion p,8
MLT,pesi,8
MLT,pantry,8
MLT,ny,8
MLT,limone,8
MLT,carta fo,8
MLT,bolognes,8
MLT,crr,8
MLT,chicken nood,8
MLT,dev,8
MLT,nutrigrain,8
MLT,prickly,8
MLT,tuna in olive oil,8
MLT,bourbo,8
MLT,padt,8
MLT,floor clea,8
MLT,bay leave,8
MLT,margerin,8
MLT,chl,8
MLT,maccaroni,8
MLT,lasagna sheets,8
MLT,cry,8
MLT,frozen broccoli,8
MLT,zip lock bags,8
MLT,cheese ball,8
MLT,leave in conditioner,8
MLT,margar,8
MLT,masks,8
MLT,tesoro m,8
MLT,wei,8
MLT,Panna,8
MLT,ginger garlic,8
MLT,rica,8
MLT,soffritto,8
MLT,windows,8
MLT,sea weed,8
MLT,coconuts,8
MLT,wta,8
MLT,kerrigold,8
MLT,kaf,8
MLT,dog pads,8
MLT,take away,8
MLT,gran pa,8
MLT,nacho dip,7
MLT,whote wine,7
MLT,all spice,7
MLT,Almond,7
MLT,m and,7
MLT,pukk,7
MLT,instan,7
MLT,dark chocolat,7
MLT,organic egg,7
MLT,tic t,7
MLT,gae,7
MLT,choko,7
MLT,hygien,7
MLT,arkad,7
MLT,wir,7
MLT,cointreau,7
MLT,cooking paper,7
MLT,sga,7
MLT,lactose free y,7
MLT,rin,7
MLT,mrat,7
MLT,tyrr,7
MLT,grates,7
MLT,Cat,7
MLT,handwashing,7
MLT,insecticide,7
MLT,Sourdough,7
MLT,cheese sl,7
MLT,mini cheddar,7
MLT,prawn cra,7
MLT,frozen cherries,7
MLT,argeta,7
MLT,quacker,7
MLT,camomil,7
MLT,gyro,7
MLT,smoking papers,7
MLT,grozen,7
MLT,shampoing,7
MLT,fettuc,7
MLT,Pets,7
MLT,washing m,7
MLT,tyrel,7
MLT,soap dish,7
MLT,bread buns,7
MLT,cake box,7
MLT,white wine vinegar,7
MLT,kar,7
MLT,granade,7
MLT,manner,7
MLT,nongshim,7
MLT,wqter,7
MLT,blist,7
MLT,breakf,7
MLT,sliced chicken,7
MLT,doming,7
MLT,thatcher,7
MLT,sunflower see,7
MLT,tanqu,7
MLT,scrubber,7
MLT,cotton swab,7
MLT,panche,7
MLT,monstr,7
MLT,arrab,7
MLT,kopperberg,7
MLT,toilet ro,7
MLT,slus,7
MLT,Icecream,7
MLT,lick,7
MLT,buito,7
MLT,dandruff,7
MLT,exotic,7
MLT,milk free,7
MLT,low fat ham,7
MLT,broad b,7
MLT,chefd,7
MLT,sabor,7
MLT,musel,7
MLT,duran,7
MLT,msy,7
MLT,tilfa,7
MLT,käse,7
MLT,doma,7
MLT,ham whole,7
MLT,parodontax,7
MLT,playdough,7
MLT,dish w,7
MLT,OCB,7
MLT,beef tomato,7
MLT,wod,7
MLT,green on,7
MLT,face scrub,7
MLT,cheddar ch,7
MLT,oval,7
MLT,barone,7
MLT,capsul,7
MLT,chocolate nut,7
MLT,lique,7
MLT,benedetto,7
MLT,barbecue sauce,7
MLT,pref,7
MLT,peach ice tea,7
MLT,whiteboard,7
MLT,cearal,7
MLT,caju,7
MLT,balsamic glaze,7
MLT,twisti,7
MLT,brownie mix,7
MLT,koo,7
MLT,woodie,7
MLT,sticky notes,7
MLT,depdorant,7
MLT,pampers night,7
MLT,belly,7
MLT,sammonta,7
MLT,melon sala,7
MLT,mizzare,7
MLT,lobster,7
MLT,gord,7
MLT,tax,7
MLT,nan 2,7
MLT,pantyliner,7
MLT,sunscr,7
MLT,bygo,7
MLT,floor deterg,7
MLT,tooth pick,7
MLT,pistaccio,7
MLT,muahrooms,7
MLT,wag,7
MLT,Korean,7
MLT,sharpener,7
MLT,termom,7
MLT,clotted cream,7
MLT,peanut butte,7
MLT,icecube,7
MLT,bacio,7
MLT,jogabella,7
MLT,eate,7
MLT,almond mill,7
MLT,everything,7
MLT,aftershock,7
MLT,cee,7
MLT,250 ml water,7
MLT,bull ice,7
MLT,swimsuit,7
MLT,hershey,7
MLT,furna,7
MLT,pun,7
MLT,rothmans sel,7
MLT,uva,7
MLT,toilet clean,7
MLT,heinz salad cream,7
MLT,sherry,7
MLT,welbes,7
MLT,butgers,7
MLT,chicken dr,7
MLT,spun,7
MLT,local,7
MLT,frozeb,7
MLT,food ba,7
MLT,Lactose free,7
MLT,kelli,7
MLT,Wipes,7
MLT,primitiv,7
MLT,booze,7
MLT,sulfate free,7
MLT,tortilla wraps,7
MLT,kools,7
MLT,aiol,7
MLT,juive,7
MLT,minuty,7
MLT,vh,7
MLT,borotal,7
MLT,self raisi,7
MLT,buts,7
MLT,ftit,7
MLT,vet,7
MLT,electri,7
MLT,kinder c,7
MLT,provence,7
MLT,jucie,7
MLT,ester,7
MLT,lar,7
MLT,crod,7
MLT,nescafe ice coffee,7
MLT,olived,7
MLT,rio mar,7
MLT,flying wheel,7
MLT,ice cream s,7
MLT,bytter,7
MLT,mleko,7
MLT,gyros,7
MLT,save,7
MLT,medo,7
MLT,handso,7
MLT,maltija,7
MLT,dishwaser,7
MLT,mod,7
MLT,benna choc,7
MLT,france,7
MLT,hand sani,7
MLT,milano,7
MLT,bubble wrap,7
MLT,tomatoe juice,7
MLT,pappa,7
MLT,bluberr,7
MLT,criossant,7
MLT,rotj,7
MLT,vuse pod,7
MLT,carp,7
MLT,panna chef,7
MLT,clott,7
MLT,pork mi,7
MLT,white on,7
MLT,morning cof,7
MLT,noi,7
MLT,fried chicken,7
MLT,cisk 0.0,7
MLT,frozen strawberr,7
MLT,push,7
MLT,ras el,7
MLT,cheese st,7
MLT,feminine,7
MLT,cheese c,7
MLT,activis,7
MLT,did,7
MLT,spinash,7
MLT,apti,7
MLT,cige,7
MLT,viak,7
MLT,benna yogu,7
MLT,minut,7
MLT,tresem,7
MLT,sayce,7
MLT,les,7
MLT,isotoni,7
MLT,makeu,7
MLT,coconit,7
MLT,amaizin,7
MLT,bala,7
MLT,kafir,7
MLT,multiseed,7
MLT,kitchen clean,7
MLT,feasta,7
MLT,fabulosi,7
MLT,Tonic,7
MLT,filf,7
MLT,nesk,7
MLT,miglior cane,7
MLT,cittage,7
MLT,tonat,7
MLT,finnish,7
MLT,family pack,7
MLT,redish,7
MLT,back ba,7
MLT,dominos,7
MLT,tuna pizza,7
MLT,siap,7
MLT,dressin,7
MLT,lily,7
MLT,baygone,7
MLT,uncl,7
MLT,oil sunflower,7
MLT,kitt,7
MLT,pamcetta,7
MLT,bachamel,7
MLT,monce,7
MLT,hydro,7
MLT,lasang,7
MLT,surg,7
MLT,choci,7
MLT,nicoti,7
MLT,excell,7
MLT,ren,7
MLT,Cheetos,7
MLT,Cereal,7
MLT,dryni,7
MLT,pomegrana,7
MLT,bath sponge,7
MLT,chickn,7
MLT,salsiccia,7
MLT,ready mea,7
MLT,mickey,7
MLT,swiff,7
MLT,soft d,7
MLT,master,7
MLT,yummy,7
MLT,capo di,7
MLT,tan nanna,7
MLT,pax,7
MLT,umb,7
MLT,garlic mayo,7
MLT,kok,7
MLT,jose,7
MLT,pizza pa,7
MLT,leif,7
MLT,tempeh,7
MLT,Sa,7
MLT,rice vine,7
MLT,frozen potat,7
MLT,dry fruits,7
MLT,deodar,7
MLT,bacardi coca,7
MLT,aco,7
MLT,honey loops,7
MLT,a4 paper,7
MLT,duba,7
MLT,heated,7
MLT,watermelom,7
MLT,viagra,7
MLT,Cottage cheese,7
MLT,icr cream,7
MLT,ziploc,7
MLT,robin,7
MLT,chocolate raisins,7
MLT,protein shaker,7
MLT,potay,7
MLT,ferre,7
MLT,ince,7
MLT,multi pack,7
MLT,dre,7
MLT,polarett,7
MLT,conce,7
MLT,pifpa,7
MLT,gecc,7
MLT,peun,7
MLT,disw,7
MLT,proscuitto,7
MLT,still wat,7
MLT,cinammon,7
MLT,butr,7
MLT,frozen pe,7
MLT,ice cubs,7
MLT,gozo,7
MLT,cookie do,7
MLT,kiddylic,7
MLT,pees,7
MLT,tanqueray,7
MLT,croussant,7
MLT,applewood,7
MLT,us,7
MLT,mustard powder,7
MLT,musse,7
MLT,proac,7
MLT,baling,7
MLT,cioccolato,7
MLT,scales,7
MLT,og,7
MLT,sunscre,7
MLT,kata,7
MLT,bisvuits,7
MLT,sori,7
MLT,body lot,7
MLT,tuna water,7
MLT,meadow lea,7
MLT,Milka,7
MLT,headp,7
MLT,pork saus,7
MLT,colle,7
MLT,m and ms,7
MLT,icea,7
MLT,jaspers,7
MLT,molis,7
MLT,potein,7
MLT,nicor,7
MLT,albero,7
MLT,wafer paper,7
MLT,haban,7
MLT,fumist,7
MLT,milk benn,7
MLT,Shower gel,7
MLT,edan,7
MLT,aw,7
MLT,wet hankies,7
MLT,happy vibes,7
MLT,wudu,7
MLT,superkings,7
MLT,granu,7
MLT,miced,7
MLT,mackrel,7
MLT,alpe,7
MLT,peanut oil,7
MLT,vegan mayo,7
MLT,oin,7
MLT,cooking cre,7
MLT,Oil,7
MLT,chicken le,7
MLT,fairt,7
MLT,icecrean,7
MLT,cream chese,7
MLT,Blue ch,7
MLT,getorad,7
MLT,taco shells,7
MLT,sanitis,7
MLT,hem,7
MLT,bio orto,7
MLT,paf,7
MLT,shir,7
MLT,taco seas,7
MLT,benna icecream,7
MLT,bleqch,7
MLT,schoko,7
MLT,bennq,7
MLT,liquid soa,7
MLT,osher,7
MLT,ip,7
MLT,toilet ble,7
MLT,viaka,7
MLT,stool,7
MLT,slad,7
MLT,grana p,7
MLT,frozen sausages,7
MLT,greek yoghurt 0,7
MLT,juice peach,7
MLT,dolcino,7
MLT,piff,7
MLT,orig,7
MLT,mysh,7
MLT,winw,7
MLT,sprote,7
MLT,pamperd,7
MLT,brat,7
MLT,green label,7
MLT,powerbar,7
MLT,garlic sau,7
MLT,pouf,7
MLT,white monster,7
MLT,ypg,7
MLT,ita,7
MLT,essential oil,7
MLT,theet,7
MLT,sunshin,7
MLT,blue la,7
MLT,incontinence,7
MLT,cooking cr,7
MLT,weight loss,7
MLT,sasauge,7
MLT,alaska,7
MLT,hercu,7
MLT,car air,7
MLT,Sun cream,7
MLT,sodium bicarbonate,7
MLT,basa,7
MLT,lattuce,7
MLT,dewfresh sau,7
MLT,slat,7
MLT,milk pow,7
MLT,kids shampoo,7
MLT,chicken fill,7
MLT,face w,7
MLT,apperol,7
MLT,birthda,7
MLT,reece,7
MLT,coli,7
MLT,hand sanitiser,7
MLT,apple vinegar,7
MLT,henna,7
MLT,freschezza,7
MLT,ricc,7
MLT,oniond,7
MLT,silk cu,7
MLT,marlbolo,7
MLT,sun protect,7
MLT,la vache qui,7
MLT,vintage,7
MLT,sharpner,7
MLT,mozarrella,7
MLT,teaba,7
MLT,rice cookies,7
MLT,pusta,7
MLT,taci,7
MLT,saltlets,7
MLT,milk pr,7
MLT,biscoff biscuits,7
MLT,ice flak,7
MLT,rasor,7
MLT,ice tee,7
MLT,lucky strike red,7
MLT,corsl,7
MLT,bute,7
MLT,smoothies,7
MLT,chabli,7
MLT,wydy,7
MLT,keth,7
MLT,scir,7
MLT,san michell,7
MLT,granola bar,7
MLT,pumk,7
MLT,balcon,7
MLT,palmoliv,7
MLT,multivit,7
MLT,fusion,7
MLT,chedsar,7
MLT,cocca,7
MLT,chicken f,7
MLT,tyme,7
MLT,camel yellow,7
MLT,cinamo,7
MLT,red wine vin,7
MLT,carror,7
MLT,raddish,7
MLT,ftie,7
MLT,blie,7
MLT,dressi,7
MLT,agar,7
MLT,tomt,7
MLT,oak,7
MLT,jan,7
MLT,tzak,7
MLT,eclair,7
MLT,whippi,7
MLT,mila,7
MLT,cooking crea,7
MLT,santa mari,7
MLT,benna butter,7
MLT,canned peaches,7
MLT,feta light,7
MLT,freah,7
MLT,tsco,7
MLT,tequi,7
MLT,bers,7
MLT,nick,7
MLT,skincare,7
MLT,kinder ping,7
MLT,dishe,7
MLT,bay le,7
MLT,confort,7
MLT,floir,7
MLT,icream,7
MLT,milk choclate,7
MLT,stram,7
MLT,sparkler,7
MLT,chp,7
MLT,profiteroles,7
MLT,wtaps,7
MLT,buckwh,7
MLT,rosita,7
MLT,embor,7
MLT,aquar,7
MLT,mozzarella b,7
MLT,remington,7
MLT,varilla,7
MLT,foot file,7
MLT,pitta bread,7
MLT,humis,7
MLT,diet kin,7
MLT,Kipling,7
MLT,shoeer,7
MLT,ready me,7
MLT,soave,7
MLT,milk mi,7
MLT,juc,7
MLT,peublo,7
MLT,ella's,7
MLT,gluten bread,7
MLT,poppa,7
MLT,chocolate sticks,7
MLT,peppered,7
MLT,BBQ sauce,7
MLT,shandi,7
MLT,Tony's,7
MLT,cko,7
MLT,Kin,7
MLT,wudd,7
MLT,calvi,7
MLT,size 5,7
MLT,mint sauce,7
MLT,small garbage,7
MLT,Chili,7
MLT,tomato passata,7
MLT,electronics,7
MLT,hamd,7
MLT,friskie,7
MLT,peotein,7
MLT,twost,7
MLT,hig,7
MLT,fizz,7
MLT,cupc,7
MLT,off,7
MLT,dairy m,7
MLT,scw,7
MLT,cocr,7
MLT,sanitary towels,7
MLT,brusch,7
MLT,mentis,7
MLT,carton,7
MLT,shal,7
MLT,frozen cherr,7
MLT,frozen bread,7
MLT,gairy,7
MLT,chine,7
MLT,James,7
MLT,jae,7
MLT,ok,7
MLT,Angel,7
MLT,crumbs,7
MLT,betroot,7
MLT,benna pr,7
MLT,mosquito repellent,7
MLT,beads,7
MLT,streaky bacon,7
MLT,kerastase,7
MLT,water 6,7
MLT,beurre,7
MLT,chilies,7
MLT,cooker,7
MLT,chocolate m,7
MLT,due,7
MLT,Fabuloso,7
MLT,mostard,7
MLT,lavazza a modo mio,7
MLT,hoppla,7
MLT,broa,7
MLT,aft,7
MLT,sao,7
MLT,fruity,7
MLT,karta forno,7
MLT,frozen yogu,7
MLT,lactose free yogh,7
MLT,Palmolive,7
MLT,corv,7
MLT,lacry,7
MLT,applr,7
MLT,scrat,7
MLT,ameri,7
MLT,stain re,7
MLT,leom,7
MLT,parmiggian,7
MLT,rolling p,7
MLT,bread c,7
MLT,stellin,7
MLT,russi,7
MLT,gad,7
MLT,sosa,7
MLT,cherry juice,7
MLT,phys,7
MLT,convin,7
MLT,ruca,7
MLT,chefway,7
MLT,hair foam,7
MLT,babylino 2,7
MLT,tri,7
MLT,water f,7
MLT,grlic,7
MLT,dulce,7
MLT,macker,7
MLT,fresian,7
MLT,milk c,7
MLT,samontana,7
MLT,zuccini,7
MLT,rice sushi,7
MLT,immune,7
MLT,privolat,7
MLT,veggie burger,7
MLT,frox,7
MLT,Dairy,7
MLT,kambucha,7
MLT,sprire,7
MLT,window spray,7
MLT,vanilla pod,7
MLT,color ca,7
MLT,pork chop,7
MLT,italy,7
MLT,protein benna,7
MLT,wufy,7
MLT,chino,7
MLT,macine,7
MLT,caramelised,7
MLT,seasonin,7
MLT,kenn,7
MLT,alpro so,7
MLT,dr beckman,7
MLT,italian mix,7
MLT,scotch,7
MLT,Parsley,7
MLT,nord,7
MLT,aptim,7
MLT,plastic ba,7
MLT,scented,7
MLT,milky butt,7
MLT,vanilla almond,7
MLT,qarabali,7
MLT,protr,7
MLT,salamo,7
MLT,evg,7
MLT,migl,7
MLT,cerel,7
MLT,spring r,7
MLT,kupiec,7
MLT,share,7
MLT,churu,7
MLT,mizzarella,7
MLT,coconut alpro,7
MLT,piccoli,7
MLT,razor blade,7
MLT,santa mar,7
MLT,plant milk,7
MLT,cigalrillos,7
MLT,scarlino,7
MLT,wopes,7
MLT,tezoro,7
MLT,nonna piu,7
MLT,intens,7
MLT,salted c,7
MLT,la to,7
MLT,sausges,7
MLT,nun,7
MLT,neem,7
MLT,mulle,7
MLT,nido,7
MLT,wilt,7
MLT,clear,7
MLT,eylure,7
MLT,prossec,7
MLT,ky,7
MLT,tuna light,7
MLT,sauci,7
MLT,greens super,7
MLT,sgrassato,7
MLT,farlic,7
MLT,7up pink lemonade,7
MLT,Wraps,7
MLT,foster cl,7
MLT,cocoa p,7
MLT,butella,7
MLT,milka cookies,7
MLT,hab,7
MLT,beer corona,7
MLT,flouer,7
MLT,salami napoli,7
MLT,pregnacy,7
MLT,dit,7
MLT,jus d’orange,7
MLT,h2,7
MLT,himala,7
MLT,sweet bread,7
MLT,amber leaf,7
MLT,capinata,7
MLT,spiced,7
MLT,saled,7
MLT,strip,7
MLT,sunbest,7
MLT,lima,7
MLT,dipa,7
MLT,cooli,7
MLT,sweatner,7
MLT,pommes,7
MLT,risk,7
MLT,momo,7
MLT,fudge,7
MLT,granulated sugar,7
MLT,cheese baby,7
MLT,buffola,7
MLT,grape juice,7
MLT,protein powd,7
MLT,sandwich spread,7
MLT,benna protein,7
MLT,sheimp,7
MLT,bournville,7
MLT,amb,7
MLT,Dip,7
MLT,scamo,7
MLT,mushroom s,7
MLT,ricota,7
MLT,dujard,7
MLT,room spray,7
MLT,strw,7
MLT,gluten free c,7
MLT,steri,7
MLT,iogurte,7
MLT,benna lactose free,7
MLT,showrr,7
MLT,Strawberry,7
MLT,chicken filet,7
MLT,washing mach,7
MLT,hair clips,7
MLT,penis,7
MLT,stuffed ol,7
MLT,clothes deter,7
MLT,joy,7
MLT,bacterial,7
MLT,jonson,7
MLT,dry dog,7
MLT,coffee cap,7
MLT,protien bar,7
MLT,krispini,7
MLT,buo,7
MLT,muc,7
MLT,shirataki,7
MLT,low car,7
MLT,lacca,7
MLT,tootj,7
MLT,eye patch,7
MLT,cruto,7
MLT,covonut,7
MLT,jalapeño,7
MLT,shells,7
MLT,philips avent,7
MLT,oke,7
MLT,youga,7
MLT,hose,7
MLT,vienn,7
MLT,pang,7
MLT,mixed fruit,7
MLT,light chee,7
MLT,allbran,7
MLT,spear,7
MLT,virginia,7
MLT,redelmar,7
MLT,Tagliatelle,7
MLT,strepsil,7
MLT,lenot,7
MLT,leic,7
MLT,chicken brest,7
MLT,Mango,7
MLT,tt,7
MLT,Orange ju,7
MLT,terre,7
MLT,bloss,7
MLT,luxury,7
MLT,mr r,7
MLT,make up wipes,7
MLT,soonge,7
MLT,wak,7
MLT,carre,7
MLT,thi,7
MLT,ypghurt,7
MLT,baby cream,7
MLT,pork bel,7
MLT,ferrer,7
MLT,Pads,7
MLT,comtec,7
MLT,car care,7
MLT,kennie,7
MLT,drumsti,7
MLT,aluminum foil,7
MLT,leerdammer,7
MLT,pro act,7
MLT,coffee bea,7
MLT,protractor,7
MLT,plain yo,7
MLT,mmm,7
MLT,okive oil,7
MLT,bears,7
MLT,rotma,7
MLT,montepul,7
MLT,dausage,7
MLT,cornbe,7
MLT,diet ice,7
MLT,burno,7
MLT,pullup,7
MLT,duracel,7
MLT,bechiamel,7
MLT,tooth brus,7
MLT,vl,7
MLT,bullet,7
MLT,sliced chedda,7
MLT,pomodo,7
MLT,carte,7
MLT,beacon,7
MLT,butternut squash,7
MLT,suppliment,7
MLT,red ki,7
MLT,bouq,7
MLT,pro activ,7
MLT,chockate,7
MLT,tea b,7
MLT,peani,7
MLT,vivos,7
MLT,ang,7
MLT,wolt market qor,7
MLT,eier,7
MLT,kvas,7
MLT,Greens,7
MLT,bon c,7
MLT,pedig,7
MLT,açai,7
MLT,protine,7
MLT,rocotta,7
MLT,fresh mozzarella,7
MLT,natural yoghurt,7
MLT,fresh pa,7
MLT,kitchen sponge,7
MLT,mixed nut,7
MLT,chicken slice,7
MLT,meas,7
MLT,strawberies,7
MLT,lw,7
MLT,prob,7
MLT,maiz,7
MLT,white choclate,7
MLT,buttern,7
MLT,procu,7
MLT,vegetaria,7
MLT,baxon,7
MLT,chips fro,7
MLT,panado,7
MLT,Kitchen roll,7
MLT,Arizona,7
MLT,rice bag,7
MLT,lindy,7
MLT,dp,7
MLT,sofrito,7
MLT,pasta integrale,7
MLT,rocket leaves,7
MLT,old ho,7
MLT,rugu,7
MLT,parlsey,7
MLT,women,7
MLT,taz-zija,7
MLT,new p,7
MLT,milk long life,7
MLT,ts,7
MLT,mayer,7
MLT,kolestone,7
MLT,seeets,7
MLT,sweet chilly,7
MLT,curiously,7
MLT,benna p,7
MLT,sotto,7
MLT,resbull,7
MLT,toilrt,7
MLT,fernet,7
MLT,aubergin,7
MLT,blur,7
MLT,brez,7
MLT,bicor,7
MLT,free lac,7
MLT,conserva,7
MLT,coke can,7
MLT,corn sta,7
MLT,Glu,7
MLT,white v,7
MLT,chopping,7
MLT,fior di latte,7
MLT,valsois,7
MLT,yum yum,7
MLT,muse,7
MLT,lufa,7
MLT,meri,7
MLT,esc,7
MLT,aqua pana,7
MLT,breadsti,7
MLT,airw,7
MLT,ehh,7
MLT,cane sugar,7
MLT,party items,7
MLT,chestnuts,7
MLT,planta,7
MLT,eo,7
MLT,water mix,7
MLT,chocolate buns,7
MLT,waste not,7
MLT,chicken nugge,7
MLT,tul,7
MLT,eagle cree,7
MLT,caba,7
MLT,pizzs,7
MLT,crsckers,7
MLT,betond,7
MLT,penuts,7
MLT,sk special,7
MLT,tirkey,7
MLT,washing li,7
MLT,peos,7
MLT,Lactose-free,7
MLT,gluten free ice cream,7
MLT,icw cream,7
MLT,kinder beuno,7
MLT,cream chesse,7
MLT,blue l,7
MLT,smoking paper,7
MLT,galleyti,7
MLT,protein crunch,7
MLT,white musk,7
MLT,zalza maltese,7
MLT,tip,7
MLT,banaba,7
MLT,broko,7
MLT,hallomi,7
MLT,box tissues,7
MLT,baguete,7
MLT,slimcea,7
MLT,bavon,7
MLT,large bag,7
MLT,kapuna,7
MLT,salr,7
MLT,miran,7
MLT,softene,7
MLT,wein,7
MLT,termometer,7
MLT,scratching,7
MLT,dewfresh sausages,7
MLT,surface cle,7
MLT,corndbee,7
MLT,maria,7
MLT,sv,7
MLT,gocc,7
MLT,cotton pa,7
MLT,cisk e,7
MLT,fiah,7
MLT,detergente,7
MLT,grassatore,7
MLT,dashi,7
MLT,dehumidifier,7
MLT,lec,7
MLT,chicp,7
MLT,sesame o,7
MLT,vaso,7
MLT,tumble dryer,7
MLT,custar,7
MLT,disaronno,7
MLT,onion rin,7
MLT,tal f,7
MLT,burt,7
MLT,beech,7
MLT,kunderva,7
MLT,grana pad,7
MLT,chinotto,7
MLT,aloe drink,7
MLT,breadcrums,7
MLT,fig jam,7
MLT,chesterf,7
MLT,mistard,7
MLT,iams,7
MLT,hand liquid soap,7
MLT,ground al,7
MLT,soya cream,7
MLT,marshmellow,7
MLT,kinse,7
MLT,random,7
MLT,cayenne pepper,7
MLT,buz,7
MLT,hero,7
MLT,var,7
MLT,bacardi coke,7
MLT,Pampers,7
MLT,kunseva,7
MLT,jelly be,7
MLT,jacob,7
MLT,fila,7
MLT,vegetable cube,7
MLT,pepso,7
MLT,maypr,7
MLT,wine g,7
MLT,pepper corns,7
MLT,sante,7
MLT,galletas,7
MLT,euc,7
MLT,brokkoli,7
MLT,multipurpose,7
MLT,dari,7
MLT,decaf nescafe,7
MLT,canbage,7
MLT,ice cream magnum,7
MLT,t shirt,7
MLT,lamb br,7
MLT,barilla sauce,7
MLT,Ice crea,7
MLT,etan,7
MLT,straberries,7
MLT,penc,7
MLT,dew f,7
MLT,beef bur,7
MLT,Gloves,7
MLT,egf,7
MLT,dem,7
MLT,hot ch,7
MLT,vanilla esse,7
MLT,fish s,7
MLT,nic nac,7
MLT,park,7
MLT,prepacked,7
MLT,toolet paper,7
MLT,caffè,7
MLT,tomato ju,7
MLT,tikk,7
MLT,chilli flak,7
MLT,chicken tight,7
MLT,ova,7
MLT,little swe,7
MLT,minced be,7
MLT,icee,7
MLT,marinated chicken,7
MLT,sallad,7
MLT,fires,7
MLT,wayermelon,7
MLT,almond flou,7
MLT,hartleys,7
MLT,letuc,7
MLT,go and fin,7
MLT,rollin,7
MLT,piscopo,7
MLT,fresh eggs,7
MLT,starmix,7
MLT,turtle wax,7
MLT,red len,7
MLT,fresh pars,7
MLT,provo,7
MLT,Flour,7
MLT,pepsimax,7
MLT,partytime,7
MLT,cooking sau,7
MLT,courgett,7
MLT,tiolet paper,7
MLT,no su,7
MLT,pab,7
MLT,10,7
MLT,laugh,7
MLT,ella',7
MLT,marrowfat,7
MLT,parboiled,7
MLT,sap,7
MLT,espres,7
MLT,packe,7
MLT,pizza gluten free,7
MLT,liqo,7
MLT,shweps,7
MLT,cocla,7
MLT,chocolare,7
MLT,omino bian,7
MLT,nescafe es,7
MLT,nose spray,7
MLT,doughn,7
MLT,coffee gold,7
MLT,kna,7
MLT,batiste,7
MLT,dog t,7
MLT,mini ch,7
MLT,head and shou,7
MLT,mild c,7
MLT,helwa ta tork,7
MLT,cg,7
MLT,wine passer,7
MLT,salmi,7
MLT,moisturi,7
MLT,mini bites,7
MLT,panchetta,7
MLT,grated mozzarella,7
MLT,tree,7
MLT,breakfas,7
MLT,corn flake,7
MLT,robi,7
MLT,schwa,7
MLT,paper pl,7
MLT,protein bat,7
MLT,healty,7
MLT,nurs,7
MLT,soffi,7
MLT,pampers premium,7
MLT,arro,7
MLT,kich,7
MLT,lemon grass,7
MLT,meu,7
MLT,hocolate,7
MLT,roma,7
MLT,70%,7
MLT,black sesame,7
MLT,Vogues,7
MLT,mozzarella s,7
MLT,yoghurt p,7
MLT,soysauce,7
MLT,spl,7
MLT,hg,7
MLT,baby sh,7
MLT,sousa,7
MLT,exf,7
MLT,beau,7
MLT,tomato pur,7
MLT,long l,7
MLT,strepsils,7
MLT,spritr,7
MLT,gochuchan,7
MLT,gon,7
MLT,chamois,7
MLT,day,7
MLT,milk shak,7
MLT,ground ginger,7
MLT,cookie mix,7
MLT,medina,7
MLT,semoli,7
MLT,formag,7
MLT,valer,7
MLT,brwa,7
MLT,candied peel,7
MLT,sensi,7
MLT,charcuterie,7
MLT,Cottage,7
MLT,burrito,7
MLT,lay's,7
MLT,green app,7
MLT,melk,7
MLT,ice f,7
MLT,thermal bag,7
MLT,fresh par,7
MLT,French fri,7
MLT,powerbank,7
MLT,protein cookie,7
MLT,velvet,7
MLT,gbejna bzar,7
MLT,pasta pot,7
MLT,fabuloso floor,7
MLT,straight,7
MLT,becks,7
MLT,ske,7
MLT,melita,7
MLT,regilait,7
MLT,sandwish,7
MLT,pan cakes,7
MLT,cike,7
MLT,frumis,7
MLT,hs,7
MLT,plastic b,7
MLT,teat,7
MLT,monter,7
MLT,kindr,7
MLT,sticky rice,7
MLT,kitchen soap,7
MLT,sud,7
MLT,farro,7
MLT,fill,7
MLT,party bags,7
MLT,lovetoy,7
MLT,cearel,7
MLT,sungl,7
MLT,sausagea,7
MLT,nutme,7
MLT,cake mi,7
MLT,kindee,7
MLT,cheak,7
MLT,goch,7
MLT,green isle,7
MLT,stuffed olive,7
MLT,little sweden,7
MLT,playing card,7
MLT,Red Bull,7
MLT,strat,7
MLT,wellbies,7
MLT,beaf,7
MLT,cheese grater,7
MLT,beciamella,7
MLT,kinmie,7
MLT,blackhead,7
MLT,parslet,7
MLT,bakes,7
MLT,juuce,7
MLT,animal kingdom,7
MLT,milk bar,7
MLT,compo,7
MLT,catf,7
MLT,sero,7
MLT,pink la,7
MLT,banner,7
MLT,salt dishwasher,7
MLT,erotic,7
MLT,calab,7
MLT,seawe,7
MLT,peop,7
MLT,cooking chocol,7
MLT,compass,7
MLT,dr peppe,7
MLT,wathe,7
MLT,ice crram,7
MLT,roast chi,7
MLT,karfus,7
MLT,tumeri,7
MLT,toe,7
MLT,sports drink,7
MLT,coffe beans,7
MLT,arugola,7
MLT,green chili,7
MLT,pon,7
MLT,benna lact,7
MLT,cereales,7
MLT,dipper,7
MLT,wontons,7
MLT,whote,7
MLT,jalapeños,7
MLT,merinda,7
MLT,coffee mate,7
MLT,salts,7
MLT,dog dry food,7
MLT,eistee,7
MLT,aqua pa,7
MLT,fish cu,7
MLT,bin ba,7
MLT,linen,7
MLT,mixed v,7
MLT,pock,7
MLT,onion r,7
MLT,Mo,7
MLT,confom,7
MLT,hot sa,7
MLT,san bened,7
MLT,conaf,7
MLT,toilet c,7
MLT,sches,7
MLT,ice ta,7
MLT,lollipops,7
MLT,vegetables frozen,7
MLT,orag,7
MLT,cacoa,7
MLT,maasdam,7
MLT,short bread,7
MLT,all purp,7
MLT,coffee decaf,7
MLT,bajery,7
MLT,gliten,7
MLT,buttwr,7
MLT,champion,7
MLT,organic bin bags,7
MLT,pink sausages,7
MLT,strabe,7
MLT,cooking cho,7
MLT,salsa dip,7
MLT,keg,7
MLT,rope,7
MLT,milk oat,7
MLT,candi,7
MLT,deta,7
MLT,pepper black,7
MLT,straci,7
MLT,potst,7
MLT,no added,7
MLT,medit,7
MLT,brown paper,7
MLT,ln,7
MLT,Coffe,7
MLT,mcvit,7
MLT,elab,7
MLT,frozen meal,7
MLT,coca ze,7
MLT,pepperco,7
MLT,pouche,7
MLT,antibacterial spray,7
MLT,deodorant dove,7
MLT,yougarts,7
MLT,havana,7
MLT,vanilla paste,7
MLT,granila,7
MLT,bama,7
MLT,crud,7
MLT,herc,7
MLT,perl,7
MLT,spring o,7
MLT,chicken sea,7
MLT,saucage,7
MLT,ufo,7
MLT,tutti frutti,7
MLT,wipes baby,7
MLT,outdoorable,7
MLT,strawberry j,7
MLT,lavaxza,7
MLT,pak choi,7
MLT,contact lens,7
MLT,cola ze,7
MLT,maizena,7
MLT,maternity,7
MLT,pink sausa,7
MLT,small bin,7
MLT,findu,7
MLT,carott,7
MLT,hot cross,7
MLT,kinnie spritz,7
MLT,tuna in br,7
MLT,kinser,7
MLT,barri,7
MLT,topp,7
MLT,Mexican,7
MLT,nocc,7
MLT,7up pink,7
MLT,cocking,7
MLT,began,7
MLT,extra v,7
MLT,nivea spray,7
MLT,body butter,7
MLT,meadowl,7
MLT,fungi,7
MLT,weaps,7
MLT,apple huice,7
MLT,salt and vi,7
MLT,souse,7
MLT,orep,7
MLT,tabasc,7
MLT,coloured,7
MLT,electrolite,7
MLT,Vaseline,7
MLT,fresh basil,7
MLT,wet ones,7
MLT,Ketchup,7
MLT,turjey,7
MLT,turkey bacon,7
MLT,sweetened,6
MLT,nana,6
MLT,butter cookies,6
MLT,toilet bleac,6
MLT,torras,6
MLT,aj,6
MLT,cst,6
MLT,yogurt greco,6
MLT,savoia,6
MLT,Branston,6
MLT,ice-,6
MLT,hors,6
MLT,сливки,6
MLT,falan,6
MLT,quavers,6
MLT,sweeteners,6
MLT,carc,6
MLT,mint sau,6
MLT,fins,6
MLT,jelly bean,6
MLT,airfresh,6
MLT,popsi,6
MLT,strawberry yogurt,6
MLT,milk whole,6
MLT,protein y,6
MLT,articho,6
MLT,kinder country,6
MLT,dr b,6
MLT,exqu,6
MLT,nivea s,6
MLT,slimline,6
MLT,deve,6
MLT,bondue,6
MLT,offee,6
MLT,cokk,6
MLT,eye brow,6
MLT,felce azzura,6
MLT,chia se,6
MLT,double c,6
MLT,maldon,6
MLT,cramberry,6
MLT,rucul,6
MLT,m an,6
MLT,vegeterian,6
MLT,jabon,6
MLT,deep,6
MLT,corn nuts,6
MLT,weathers,6
MLT,ice cream protein,6
MLT,masking tape,6
MLT,dried mango,6
MLT,glutin,6
MLT,peat,6
MLT,cucumner,6
MLT,twinin,6
MLT,mozzarella st,6
MLT,lis,6
MLT,mccai,6
MLT,spicy sauce,6
MLT,fruit and fi,6
MLT,spreadable butter,6
MLT,aquarius,6
MLT,pussy,6
MLT,tomato j,6
MLT,pasta brown,6
MLT,shanpoo,6
MLT,Windows,6
MLT,canellini,6
MLT,oven chip,6
MLT,charge,6
MLT,Tomato paste,6
MLT,popla,6
MLT,chres,6
MLT,strawberry m,6
MLT,cheess,6
MLT,wagon wheel,6
MLT,caeser,6
MLT,eyel,6
MLT,iced tea zero,6
MLT,pain de mie,6
MLT,lindo,6
MLT,aid,6
MLT,brazi,6
MLT,skin care,6
MLT,cheez,6
MLT,floor cle,6
MLT,minced beed,6
MLT,rodeo,6
MLT,gost cheese,6
MLT,canelloni,6
MLT,Ben and j,6
MLT,stew,6
MLT,rings,6
MLT,mez,6
MLT,toilr,6
MLT,belli,6
MLT,dif,6
MLT,love hearts,6
MLT,carme,6
MLT,black ga,6
MLT,avocaf,6
MLT,auntie,6
MLT,froEn,6
MLT,epsom,6
MLT,tosc,6
MLT,nl,6
MLT,Le,6
MLT,briosh,6
MLT,pork bell,6
MLT,protein whey,6
MLT,pall mall sil,6
MLT,tress,6
MLT,jogob,6
MLT,lipto,6
MLT,Azzopardi,6
MLT,frozen rasp,6
MLT,Bolero,6
MLT,rasoir,6
MLT,detang,6
MLT,mandar,6
MLT,washing liq,6
MLT,Peppers,6
MLT,lord cham,6
MLT,chenet,6
MLT,bagn,6
MLT,tima,6
MLT,bisk,6
MLT,ice cra,6
MLT,liquir,6
MLT,cold cut,6
MLT,hermanos,6
MLT,besns,6
MLT,gatorate,6
MLT,pork neck,6
MLT,gru,6
MLT,jap,6
MLT,cheese lactose free,6
MLT,mayonaisse,6
MLT,sun cr,6
MLT,black lab,6
MLT,chicken dippers,6
MLT,coke 500ml,6
MLT,Wa,6
MLT,cron,6
MLT,kids pasta,6
MLT,dental sticks,6
MLT,guze,6
MLT,sprtiz,6
MLT,rice pudd,6
MLT,inc,6
MLT,3hills,6
MLT,mix nuts,6
MLT,cat foof,6
MLT,houmous,6
MLT,dailies,6
MLT,rioja,6
MLT,tissue roll,6
MLT,nivea m,6
MLT,egss,6
MLT,stawb,6
MLT,kefir milk,6
MLT,Noodle,6
MLT,erhmann,6
MLT,rac,6
MLT,aceite,6
MLT,coke sero,6
MLT,coffee be,6
MLT,cuco,6
MLT,coca cola z,6
MLT,bell peppe,6
MLT,cheese shr,6
MLT,torr,6
MLT,noddle,6
MLT,parmasean,6
MLT,mini burger,6
MLT,mini ice,6
MLT,hashbr,6
MLT,monto,6
MLT,carnation caramel,6
MLT,stati,6
MLT,diet ki,6
MLT,alovera,6
MLT,bronzer,6
MLT,chirizo,6
MLT,dentifricio,6
MLT,minestr,6
MLT,dermofardi,6
MLT,frozen m,6
MLT,converter,6
MLT,spounge,6
MLT,serviette,6
MLT,babylono,6
MLT,00 flour,6
MLT,cumi,6
MLT,veey,6
MLT,olivee,6
MLT,aqua pan,6
MLT,carrotd,6
MLT,thr,6
MLT,carta igenica,6
MLT,schweps,6
MLT,captai,6
MLT,bootle,6
MLT,Blue c,6
MLT,worchester sauce,6
MLT,creatine mono,6
MLT,kosher,6
MLT,tuna pouch,6
MLT,zueg,6
MLT,Oreo,6
MLT,chocolate bars,6
MLT,bread r,6
MLT,chef choice,6
MLT,eat natural,6
MLT,swimm,6
MLT,rubbi,6
MLT,sultan,6
MLT,kids snack,6
MLT,dishwasher sal,6
MLT,baby spinac,6
MLT,springrolls,6
MLT,Orange squash,6
MLT,tumer,6
MLT,fonzi,6
MLT,sourpatch,6
MLT,black peper,6
MLT,pizza pocket,6
MLT,mascarpon,6
MLT,Hell,6
MLT,regal,6
MLT,hand liquid,6
MLT,beo,6
MLT,hell coffee,6
MLT,hartley,6
MLT,beown,6
MLT,halomi,6
MLT,peccor,6
MLT,foccacia,6
MLT,taz-,6
MLT,furniture polish,6
MLT,chadd,6
MLT,fonzie,6
MLT,papes,6
MLT,kitchen rool,6
MLT,golden wonders,6
MLT,cuki,6
MLT,paper cu,6
MLT,kets,6
MLT,furnet,6
MLT,inf,6
MLT,coca vola,6
MLT,green chil,6
MLT,sapone intimo,6
MLT,il buca,6
MLT,baqu,6
MLT,patatos,6
MLT,stir fr,6
MLT,decor,6
MLT,cake bars,6
MLT,valfr,6
MLT,guav,6
MLT,pran,6
MLT,beef and pork,6
MLT,baker's,6
MLT,alpha,6
MLT,coke x,6
MLT,nodle,6
MLT,portugal flag,6
MLT,satin care,6
MLT,hot s,6
MLT,blanket,6
MLT,san gwann,6
MLT,salami sticks,6
MLT,bio d,6
MLT,wipws,6
MLT,Maltese sau,6
MLT,hummous,6
MLT,tez,6
MLT,parsnips,6
MLT,cric,6
MLT,kru,6
MLT,хлеб,6
MLT,gomax,6
MLT,comfo,6
MLT,tramezzini,6
MLT,octopu,6
MLT,Green beans,6
MLT,biltong,6
MLT,hook,6
MLT,icing s,6
MLT,softne,6
MLT,wafer rolls,6
MLT,coco pow,6
MLT,dry wine,6
MLT,bbq crisps,6
MLT,Peas,6
MLT,baps,6
MLT,canned tuna,6
MLT,stroop,6
MLT,dijo,6
MLT,kitchen sp,6
MLT,rice 5kg,6
MLT,ollies,6
MLT,pecorino wine,6
MLT,rowntr,6
MLT,crackets,6
MLT,lasagnia,6
MLT,turbo mop,6
MLT,nicto,6
MLT,qorn,6
MLT,mash potato,6
MLT,goldfish,6
MLT,hoopla,6
MLT,bacter,6
MLT,siz,6
MLT,crushed garlic,6
MLT,cb,6
MLT,champange,6
MLT,kinnir,6
MLT,wetwipes,6
MLT,smoked sausage,6
MLT,icecubes,6
MLT,blue cheese dip,6
MLT,montana,6
MLT,light yogurt,6
MLT,pain au,6
MLT,water fil,6
MLT,biot,6
MLT,tinned fr,6
MLT,washing detergent,6
MLT,thai curry,6
MLT,chocolate cooking,6
MLT,kaas,6
MLT,mika,6
MLT,piadin,6
MLT,Air freshener,6
MLT,rio mare mex,6
MLT,avovado,6
MLT,hoop,6
MLT,rust,6
MLT,dish washi,6
MLT,lemon soda twist,6
MLT,appe,6
MLT,forzen,6
MLT,mr muscl,6
MLT,moscato d,6
MLT,ghiaccio,6
MLT,coxa,6
MLT,sluced,6
MLT,rainbow cake,6
MLT,barca,6
MLT,branette,6
MLT,orient,6
MLT,arom,6
MLT,frozen ber,6
MLT,oxva pod,6
MLT,extr,6
MLT,ic3,6
MLT,taljan,6
MLT,salsi,6
MLT,iced tea peach,6
MLT,orbi,6
MLT,turs,6
MLT,Stelz,6
MLT,mess,6
MLT,wholewh,6
MLT,millet,6
MLT,oral-b,6
MLT,citrone,6
MLT,speaker,6
MLT,red bl,6
MLT,insects,6
MLT,hair due,6
MLT,buttrr,6
MLT,homem,6
MLT,hair g,6
MLT,Greek yogh,6
MLT,mandm,6
MLT,red chi,6
MLT,gim,6
MLT,spelt flour,6
MLT,hula,6
MLT,kids cheese,6
MLT,no sug,6
MLT,hair powder,6
MLT,sprite ze,6
MLT,alberta,6
MLT,toilete paper,6
MLT,aubergi,6
MLT,mixed berries,6
MLT,brita filter,6
MLT,condes,6
MLT,facemask,6
MLT,shweppes,6
MLT,soul,6
MLT,sunglass,6
MLT,cocacol,6
MLT,chunky,6
MLT,back b,6
MLT,coen,6
MLT,fiocca,6
MLT,crodi,6
MLT,qtip,6
MLT,fruit pa,6
MLT,polis,6
MLT,pepper cheese,6
MLT,dishwashwr,6
MLT,green pep,6
MLT,violif,6
MLT,carlic,6
MLT,frostie,6
MLT,tast,6
MLT,rok,6
MLT,dush,6
MLT,vheese,6
MLT,hair bands,6
MLT,flos,6
MLT,wind,6
MLT,crumpe,6
MLT,arbori,6
MLT,kitchen pa,6
MLT,pain au chocolat,6
MLT,ginger be,6
MLT,parat,6
MLT,bagg,6
MLT,crackera,6
MLT,orn,6
MLT,orb,6
MLT,lacquer,6
MLT,pomegranate juice,6
MLT,doritos red,6
MLT,red chilli,6
MLT,ragi,6
MLT,deodorant spray,6
MLT,disinfe,6
MLT,gratedcheese,6
MLT,laundry white,6
MLT,coat,6
MLT,hydrogen,6
MLT,turbo,6
MLT,lubricants,6
MLT,chhe,6
MLT,baby fruit,6
MLT,mozorella,6
MLT,yoghurt kids,6
MLT,ritte,6
MLT,Apple ju,6
MLT,beef strips,6
MLT,bolonese,6
MLT,lue,6
MLT,frutt,6
MLT,ice creM,6
MLT,mayor sugo,6
MLT,helw,6
MLT,pierogi,6
MLT,frozen st,6
MLT,micro fibre,6
MLT,whitener,6
MLT,bulgu,6
MLT,eme,6
MLT,kingfisher,6
MLT,bathro,6
MLT,Spa,6
MLT,lwttuce,6
MLT,bubs,6
MLT,banana juice,6
MLT,eegs,6
MLT,mornfl,6
MLT,lemon curd,6
MLT,carroy,6
MLT,led bulb,6
MLT,azzopardi,6
MLT,cookues,6
MLT,hob cleaner,6
MLT,baby powd,6
MLT,salva,6
MLT,mixed nu,6
MLT,eggz,6
MLT,crest,6
MLT,obs,6
MLT,Lidl,6
MLT,macchiato,6
MLT,crackling,6
MLT,chiche,6
MLT,cotte,6
MLT,que,6
MLT,chocolate bun,6
MLT,coka cola,6
MLT,fairy non bio,6
MLT,lactose free i,6
MLT,gutsy,6
MLT,toiletpap,6
MLT,eastern,6
MLT,chicken salad,6
MLT,toit,6
MLT,kids yoghurt,6
MLT,mined beef,6
MLT,artichoke hearts,6
MLT,up,6
MLT,fll,6
MLT,kifir,6
MLT,carrott,6
MLT,medical,6
MLT,platt,6
MLT,tovaglioli,6
MLT,sugar free jelly,6
MLT,chov,6
MLT,micelar,6
MLT,alcahol,6
MLT,tm,6
MLT,goodnight,6
MLT,outdo,6
MLT,vutter,6
MLT,water melo,6
MLT,couc,6
MLT,party bag,6
MLT,kitchen scale,6
MLT,Ba,6
MLT,cigga,6
MLT,pc,6
MLT,brasil,6
MLT,lag,6
MLT,hunmus,6
MLT,tagatesse,6
MLT,frutta,6
MLT,laz,6
MLT,salted peanuts,6
MLT,mega,6
MLT,parmiggi,6
MLT,desinfect,6
MLT,Chill,6
MLT,stationa,6
MLT,organic oat,6
MLT,ham block,6
MLT,rice came,6
MLT,best,6
MLT,clif,6
MLT,sloce,6
MLT,vot,6
MLT,essential,6
MLT,stainless steel,6
MLT,mackere,6
MLT,heniken,6
MLT,Steak,6
MLT,slo,6
MLT,musk,6
MLT,reas,6
MLT,Washing powder,6
MLT,kec,6
MLT,meat and eat,6
MLT,Mars,6
MLT,marks,6
MLT,Heinz,6
MLT,chrr,6
MLT,kerry gold,6
MLT,hell ice,6
MLT,notebooks,6
MLT,roaste,6
MLT,levia,6
MLT,multifruit,6
MLT,anchio,6
MLT,strawberry yoghurt,6
MLT,plastic c,6
MLT,raps,6
MLT,watermelin,6
MLT,pipcorn,6
MLT,wibe,6
MLT,sauda,6
MLT,toilt,6
MLT,rasper,6
MLT,maci,6
MLT,bathr,6
MLT,cutle,6
MLT,coca coma,6
MLT,amig,6
MLT,yi,6
MLT,coffee cup,6
MLT,kozel,6
MLT,whole earth,6
MLT,massage oil,6
MLT,Mayonnaise,6
MLT,Mac,6
MLT,toothpastw,6
MLT,parsni,6
MLT,gta,6
MLT,Ariel pods,6
MLT,softdrink,6
MLT,chio,6
MLT,extra virg,6
MLT,hp sa,6
MLT,chapati,6
MLT,dishwasher ta,6
MLT,chunk,6
MLT,kunsr,6
MLT,ricecake,6
MLT,grilled veg,6
MLT,marshmallo,6
MLT,mac and chees,6
MLT,balero,6
MLT,wholemeal wrap,6
MLT,yeas,6
MLT,frozen yogh,6
MLT,pul,6
MLT,jespee,6
MLT,salt and pepper,6
MLT,go max 9000,6
MLT,thro,6
MLT,red c,6
MLT,crispy o,6
MLT,picked,6
MLT,vache qui,6
MLT,light may,6
MLT,pine n,6
MLT,dumplin,6
MLT,q tips,6
MLT,borb,6
MLT,chocolate peanuts,6
MLT,carmen,6
MLT,ice tea,6
MLT,prom,6
MLT,scal,6
MLT,egfs,6
MLT,salt & vinegar,6
MLT,vogi,6
MLT,wild,6
MLT,gainer,6
MLT,corton,6
MLT,nocciola,6
MLT,rix,6
MLT,extention,6
MLT,escalop,6
MLT,gur,6
MLT,colore,6
MLT,extension cord,6
MLT,coconut watwr,6
MLT,cisk session,6
MLT,bones,6
MLT,pll,6
MLT,rossi,6
MLT,lime juic,6
MLT,tuna paste,6
MLT,nescafe c,6
MLT,hage,6
MLT,nan pro,6
MLT,cuci,6
MLT,water 2,6
MLT,fabulous,6
MLT,tu a,6
MLT,ice crr,6
MLT,herma,6
MLT,Asian,6
MLT,asi,6
MLT,ambipur,6
MLT,fruit pas,6
MLT,Ta,6
MLT,cleaning liquid,6
MLT,fresh strawberries,6
MLT,bresaula,6
MLT,great,6
MLT,sucu,6
MLT,moj,6
MLT,Glut,6
MLT,toff,6
MLT,Monin,6
MLT,chocolate squares,6
MLT,president milk,6
MLT,sour patch kids,6
MLT,mixed beans,6
MLT,bisci,6
MLT,hamburg,6
MLT,foun,6
MLT,vach,6
MLT,şalgam,6
MLT,surup,6
MLT,whole chic,6
MLT,Cream cheese,6
MLT,fresh dill,6
MLT,tomato sause,6
MLT,heat protect,6
MLT,vermouth,6
MLT,rucco,6
MLT,suggar,6
MLT,maxi nutr,6
MLT,kunerva,6
MLT,amatri,6
MLT,ds,6
MLT,sun lol,6
MLT,gbejna tal bzar,6
MLT,greek youghurt,6
MLT,offers,6
MLT,tsat,6
MLT,fontina,6
MLT,light soy sauce,6
MLT,branett,6
MLT,concentrated,6
MLT,alpeo,6
MLT,popsicles,6
MLT,candegina,6
MLT,rice wine,6
MLT,benna cho,6
MLT,minecraft,6
MLT,italian herb,6
MLT,Tom,6
MLT,oan,6
MLT,galo,6
MLT,insen,6
MLT,toilet tissue,6
MLT,nespres,6
MLT,mass,6
MLT,minest,6
MLT,milk soya,6
MLT,Cig,6
MLT,amare,6
MLT,cfc,6
MLT,freshen,6
MLT,kola,6
MLT,cake pan,6
MLT,cous c,6
MLT,dubai chocolate,6
MLT,safety,6
MLT,snack a,6
MLT,protein rice,6
MLT,canna,6
MLT,swepp,6
MLT,hash bro,6
MLT,ahower gel,6
MLT,yafa,6
MLT,white rum,6
MLT,temperature,6
MLT,ariel liquid,6
MLT,cocnut milk,6
MLT,chicken breaat,6
MLT,chicken l,6
MLT,mgarr,6
MLT,eothmans,6
MLT,fruttolo,6
MLT,dolce gusti,6
MLT,baby snacks,6
MLT,chhese,6
MLT,collag,6
MLT,lemon zest,6
MLT,bioderma,6
MLT,slip,6
MLT,umbre,6
MLT,baled beans,6
MLT,rocke,6
MLT,patches,6
MLT,shepp,6
MLT,strawberry fruit,6
MLT,cocunut water,6
MLT,tarta,6
MLT,tobas,6
MLT,makeup rem,6
MLT,spray cream,6
MLT,ladyf,6
MLT,cheese g,6
MLT,foot mask,6
MLT,twisy,6
MLT,tools,6
MLT,dob,6
MLT,energetic,6
MLT,ply,6
MLT,nutella bis,6
MLT,nicnac,6
MLT,cge,6
MLT,frozen pot,6
MLT,chocalte,6
MLT,green chill,6
MLT,marbol,6
MLT,nand,6
MLT,Almond milk,6
MLT,disa,6
MLT,kunafa,6
MLT,bubble ba,6
MLT,protein pas,6
MLT,dettol wipes,6
MLT,smoked s,6
MLT,barbecu,6
MLT,feastable,6
MLT,sun protection,6
MLT,vanilla yoghurt,6
MLT,head and sho,6
MLT,walln,6
MLT,Sugu,6
MLT,apple water,6
MLT,ciggar,6
MLT,game,6
MLT,alr,6
MLT,senza glutine,6
MLT,salami stick,6
MLT,pizza alberto,6
MLT,hair remov,6
MLT,pinguin,6
MLT,made,6
MLT,lamb bra,6
MLT,tru fru,6
MLT,tit,6
MLT,hot dog bread,6
MLT,chocolate ice,6
MLT,elast,6
MLT,cheese family,6
MLT,gluten free oat,6
MLT,frying pan,6
MLT,moja,6
MLT,usbc,6
MLT,garlic but,6
MLT,mistican,6
MLT,sish,6
MLT,glass cle,6
MLT,quic,6
MLT,colombian,6
MLT,Sausages,6
MLT,art,6
MLT,lora,6
MLT,turmer,6
MLT,dala,6
MLT,knofe,6
MLT,bachamella,6
MLT,paral,6
MLT,glow,6
MLT,gi loaf,6
MLT,sparlking,6
MLT,light mozz,6
MLT,banana yo,6
MLT,nail polish remo,6
MLT,Rice cakes,6
MLT,hir,6
MLT,xa,6
MLT,wiener,6
MLT,lutt,6
MLT,cup noodles,6
MLT,mex,6
MLT,yighurt,6
MLT,wateem,6
MLT,malto,6
MLT,chocolate p,6
MLT,lactose free mozzarella,6
MLT,mozarella stick,6
MLT,riso scotti,6
MLT,greek toghurt,6
MLT,wio,6
MLT,poppers,6
MLT,sport drink,6
MLT,pink sau,6
MLT,pork sa,6
MLT,fruc,6
MLT,sph,6
MLT,franu,6
MLT,jet,6
MLT,slish,6
MLT,agu,6
MLT,bluber,6
MLT,tiger ch,6
MLT,appkes,6
MLT,chocolte,6
MLT,nasal aspirator,6
MLT,maltese breas,6
MLT,talcu,6
MLT,smooth orange,6
MLT,apple p,6
MLT,pasy,6
MLT,galbusera,6
MLT,beyond mince,6
MLT,pimp,6
MLT,cinamm,6
MLT,fresh ginger,6
MLT,alama curl,6
MLT,bottega,6
MLT,soba noodles,6
MLT,pistachi,6
MLT,fish battered,6
MLT,egg plant,6
MLT,frutto,6
MLT,Wolt market,6
MLT,brane,6
MLT,leap nutrition,6
MLT,choa,6
MLT,furnett,6
MLT,gurke,6
MLT,benna light,6
MLT,reed diffuser,6
MLT,beckman,6
MLT,red bull zero,6
MLT,srr,6
MLT,zotti,6
MLT,vanilla es,6
MLT,mimce,6
MLT,parmigiana,6
MLT,worchestershire,6
MLT,flapj,6
MLT,20,6
MLT,biotin,6
MLT,smiles ice cream,6
MLT,hibis,6
MLT,chicken nreast,6
MLT,seara,6
MLT,beach toys,6
MLT,Cumberland,6
MLT,fryit,6
MLT,salmon smoked,6
MLT,coke xero,6
MLT,pimple patches,6
MLT,rice crac,6
MLT,aparkling,6
MLT,corg,6
MLT,sleepy,6
MLT,harobo,6
MLT,pocorn,6
MLT,appo,6
MLT,flavou,6
MLT,ragù,6
MLT,parmesan grated,6
MLT,marboro,6
MLT,latex gloves,6
MLT,sanw,6
MLT,maille,6
MLT,foster c,6
MLT,arabiata,6
MLT,Crisp,6
MLT,laundry tablet,6
MLT,veggie straw,6
MLT,super glu,6
MLT,goccio,6
MLT,marlboto,6
MLT,saumon,6
MLT,ice cream zero,6
MLT,body lotio,6
MLT,Crackers,6
MLT,small bag,6
MLT,laundry d,6
MLT,omino bianc,6
MLT,wras,6
MLT,pillows,6
MLT,rio mare tuna,6
MLT,Lipton,6
MLT,simp,6
MLT,chicje,6
MLT,sparlin,6
MLT,weig,6
MLT,san pellegr,6
MLT,mr ki,6
MLT,expresso,6
MLT,nappies 7,6
MLT,tinned tomato,6
MLT,high pr,6
MLT,sweet chili sauce,6
MLT,rose d,6
MLT,disposable g,6
MLT,matche,6
MLT,cki,6
MLT,tasties,6
MLT,eyebro,6
MLT,Grated cheese,6
MLT,martows,6
MLT,hair band,6
MLT,pork l,6
MLT,showe gel,6
MLT,gluten-free,6
MLT,wine gu,6
MLT,pineapple ju,6
MLT,mozzarella lactose,6
MLT,baloon,6
MLT,shiwer gel,6
MLT,gaelic,6
MLT,kras,6
MLT,tuna mix,6
MLT,integra,6
MLT,crossia,6
MLT,non alch,6
MLT,vanilla sy,6
MLT,yell,6
MLT,grech,6
MLT,italpizza,6
MLT,wilki,6
MLT,parms,6
MLT,tops,6
MLT,alg,6
MLT,veg oil,6
MLT,lavaza,6
MLT,ground black,6
MLT,surgical spirit,6
MLT,gochujang,6
MLT,confi,6
MLT,dolcificante,6
MLT,breat,6
MLT,coi,6
MLT,primiti,6
MLT,hreek,6
MLT,marsi,6
MLT,zig zag,6
MLT,blue che,6
MLT,la moli,6
MLT,wet dog,6
MLT,ono,6
MLT,pafs,6
MLT,phar,6
MLT,dun cake,6
MLT,garbagw,6
MLT,sacchetti,6
MLT,bluberry,6
MLT,yogurt g,6
MLT,jea,6
MLT,taste,6
MLT,scampi,6
MLT,nib,6
MLT,fresh mince,6
MLT,schweppers,6
MLT,baro,6
MLT,dishwashin,6
MLT,limoncell,6
MLT,football stickers,6
MLT,sopa,6
MLT,choxolate,6
MLT,slinach,6
MLT,rugula,6
MLT,backing soda,6
MLT,sugar free jam,6
MLT,aniseed,6
MLT,soda wat,6
MLT,codfee,6
MLT,cutlet,6
MLT,weta,6
MLT,nuttella,6
MLT,almond ground,6
MLT,blue lab,6
MLT,chicken seaso,6
MLT,bere,6
MLT,piscop,6
MLT,chicken minc,6
MLT,biode,6
MLT,wipes water,6
MLT,eyeb,6
MLT,xantha,6
MLT,zanetti,6
MLT,gammin,6
MLT,ail,6
MLT,greeting card,6
MLT,callipo,6
MLT,ehrm,6
MLT,makerel,6
MLT,rice krisp,6
MLT,protein sh,6
MLT,vann,6
MLT,maltese sausag,6
MLT,oeufs,6
MLT,rgg,6
MLT,matcha powder,6
MLT,oign,6
MLT,prit,6
MLT,spirals,6
MLT,hair treatment,6
MLT,leav,6
MLT,radi,6
MLT,letruce,6
MLT,ler,6
MLT,rothamns,6
MLT,frame,6
MLT,snacka,6
MLT,cardamon,6
MLT,meg,6
MLT,gau,6
MLT,sausahe,6
MLT,ricotta salata,6
MLT,hawaiian tropical,6
MLT,juicer,6
MLT,cisk str,6
MLT,cinnamon powder,6
MLT,bath bomb,6
MLT,cevap,6
MLT,glass cl,6
MLT,anan,6
MLT,vag,6
MLT,protein balls,6
MLT,tagliate,6
MLT,cheese and,6
MLT,sweppes,6
MLT,wet towel,6
MLT,straccia,6
MLT,drinking chocolate,6
MLT,overnight,6
MLT,Twis,6
MLT,coconut fl,6
MLT,lost,6
MLT,buzzballs,6
MLT,risott,6
MLT,diet kinni,6
MLT,fairy non,6
MLT,taco sea,6
MLT,flies,6
MLT,sourc,6
MLT,cola can,6
MLT,alcoo,6
MLT,wolt market bur,6
MLT,milk chocol,6
MLT,like c,6
MLT,mini burgers,6
MLT,that,6
MLT,coke zeeo,6
MLT,absolut vodka,6
MLT,mouthwa,6
MLT,waist n,6
MLT,mango chu,6
MLT,crossi,6
MLT,ange,6
MLT,Caramel,6
MLT,juie,6
MLT,tastee,6
MLT,carm,6
MLT,elite butter,6
MLT,powerade zero,6
MLT,pampers 1,6
MLT,nicoref,6
MLT,schokolade,6
MLT,Coriander,6
MLT,italian sea,6
MLT,slipper,6
MLT,disposable plates,6
MLT,ginger biscuits,6
MLT,Gree,6
MLT,chev,6
MLT,one blade,6
MLT,omeg,6
MLT,chicken fi,6
MLT,doppio,6
MLT,mushroom sau,6
MLT,royh,6
MLT,stuff,6
MLT,italian season,6
MLT,ice cream co,6
MLT,oats gluten free,6
MLT,piada,6
MLT,frischkäse,6
MLT,beef sau,6
MLT,parsn,6
MLT,timatoes,6
MLT,сыр,6
MLT,deso,6
MLT,mincemeat,6
MLT,non alcoh,6
MLT,choppe,6
MLT,toilet papet,6
MLT,ranc,6
MLT,messina,6
MLT,fairy liq,6
MLT,spagg,6
MLT,dishwashi,6
MLT,frozen cake,6
MLT,toilet oaper,6
MLT,insalata di riso,6
MLT,amai,6
MLT,workd,6
MLT,fiorucci,6
MLT,realistic dildo,6
MLT,golden virgin,6
MLT,silk c,6
MLT,vileda mop,6
MLT,dios,6
MLT,greated c,6
MLT,amatr,6
MLT,kinder fingers,6
MLT,kfir,6
MLT,picle,6
MLT,fli,6
MLT,sugar free ic,6
MLT,dog bag,6
MLT,pistacchio cream,6
MLT,kidney b,6
MLT,meze,6
MLT,mango c,6
MLT,blue black,6
MLT,costa,6
MLT,eff,6
MLT,vibr,6
MLT,free milk,6
MLT,bitter l,6
MLT,onion flakes,6
MLT,sizzl,6
MLT,gammon ham,6
MLT,sausege,6
MLT,mara,6
MLT,toasted,6
MLT,Sour,6
MLT,toal,6
MLT,freez,6
MLT,kimch,6
MLT,salum,6
MLT,tea towel,6
MLT,butter bea,6
MLT,energy drin,6
MLT,shredded mo,6
MLT,lime jui,6
MLT,cognac,6
MLT,7uo,6
MLT,viennetta,6
MLT,battered,6
MLT,vibrat,6
MLT,juniper,6
MLT,souo,6
MLT,heini,6
MLT,brokk,6
MLT,picles,6
MLT,guacam,6
MLT,pta,6
MLT,toilet bl,6
MLT,lemi,6
MLT,sauvign,6
MLT,no salt,6
MLT,strawberry sauce,6
MLT,salumi,6
MLT,vanilla p,6
MLT,sticky,6
MLT,mishrooms,6
MLT,kappar,6
MLT,neutr,6
MLT,baget,6
MLT,lettucw,6
MLT,laughin,6
MLT,xxl,6
MLT,epil,6
MLT,chat,6
MLT,red leic,6
MLT,tangerines,6
MLT,spite,6
MLT,barc,6
MLT,lidt,6
MLT,tartare,6
MLT,mig,6
MLT,doshwasher,6
MLT,polps,6
MLT,sww,6
MLT,plumcak,6
MLT,party t,6
MLT,breezee,6
MLT,tunA,6
MLT,CeraVe,6
MLT,frutaqua,6
MLT,pal mall,6
MLT,suace,6
MLT,pizza p,6
MLT,fish stick,6
MLT,cherrie,6
MLT,softdrinks,6
MLT,underarm,6
MLT,fairy dish,6
MLT,sulfate,6
MLT,facial wash,6
MLT,minces,6
MLT,welbies,6
MLT,tune,6
MLT,cleaning products,6
MLT,scharr,6
MLT,aloe ve,6
MLT,tweez,6
MLT,corned beed,6
MLT,Foil,6
MLT,lunch to go,6
MLT,flax seed,6
MLT,muah,6
MLT,insect re,6
MLT,montenegro,6
MLT,lemonad,6
MLT,tali,6
MLT,grass,6
MLT,dinner,6
MLT,tin tomatoes,6
MLT,Cream,6
MLT,choccolate,6
MLT,plastic container,6
MLT,freshn,6
MLT,sun c,6
MLT,Oatly,6
MLT,seasoni,6
MLT,disposab,6
MLT,hydrati,6
MLT,milk p,6
MLT,zuchi,6
MLT,Lighter,6
MLT,Nut,6
MLT,haricot,6
MLT,fagioli,6
MLT,oe,6
MLT,suasage,6
MLT,sea sal,6
MLT,timato,6
MLT,chede,6
MLT,bathroo,6
MLT,maxtra,6
MLT,deodoranr,6
MLT,thomas he,6
MLT,whole m,6
MLT,wody,6
MLT,gha,6
MLT,Mentoa,6
MLT,veggie burgers,6
MLT,lips,6
MLT,ct,6
MLT,cake base,6
MLT,rice noodle,6
MLT,kosksu,6
MLT,bacham,6
MLT,sambazon,6
MLT,tagliatell,6
MLT,nocilla,6
MLT,blue dra,6
MLT,dese,6
MLT,lup,6
MLT,pizza ring,6
MLT,chocolste,6
MLT,mutto,6
MLT,camping gas,6
MLT,ice cres,6
MLT,almod,6
MLT,de cecc,6
MLT,body gel,6
MLT,bubbl,6
MLT,caly,6
MLT,luggage,6
MLT,shredded lettuce,6
MLT,cookies and cream,6
MLT,irganic,6
MLT,exqui,6
MLT,soarkl,6
MLT,twister,6
MLT,haire,6
MLT,chicken d,6
MLT,smokey,6
MLT,green ch,6
MLT,mini buns,6
MLT,truffle mayo,6
MLT,embo,6
MLT,phillips avent,6
MLT,intimat,6
MLT,lunchen,6
MLT,mayonnais,6
MLT,smilies,6
MLT,confectionary,6
MLT,cottagw,6
MLT,wors,6
MLT,confe,6
MLT,mountain dew,6
MLT,egg yolk,6
MLT,rusks,6
MLT,pizzas,6
MLT,ginseng,6
MLT,soler,6
MLT,trashbag,6
MLT,escalope,6
MLT,kutchen,6
MLT,piatt,6
MLT,desinfe,6
MLT,clams,6
MLT,tesa,6
MLT,unsalted butt,6
MLT,coca zer,6
MLT,spah,6
MLT,Marlboro gold,6
MLT,besciamell,6
MLT,monstet,6
MLT,carrit,6
MLT,paper hi,6
MLT,evian water,6
MLT,lasan,6
MLT,chicken stoc,6
MLT,novibloc,6
MLT,rainbo,6
MLT,salom,6
MLT,chicken kievs,6
MLT,avik,6
MLT,roast po,6
MLT,fresh vegetables,6
MLT,fuze te,6
MLT,um,6
MLT,xhoc,6
MLT,chocolaye,6
MLT,biscoff spread,6
MLT,Toma,6
MLT,non-,6
MLT,cio,6
MLT,fruit and fiber,6
MLT,chlo,6
MLT,cheese par,6
MLT,toilett paper,6
MLT,frag,6
MLT,vermice,6
MLT,multi surface,6
MLT,box tissue,6
MLT,eeat,6
MLT,shredded chee,6
MLT,tutt,6
MLT,grilled chicken,6
MLT,baby detergent,6
MLT,pork be,6
MLT,coolies,6
MLT,gordo,6
MLT,brown penne,6
MLT,organic apples,6
MLT,pitcher,6
MLT,toilet paoer,6
MLT,villiger,6
MLT,puddin,6
MLT,potatoed,6
MLT,non alcaholic,6
MLT,chopped toma,6
MLT,sirloi,6
MLT,fea,6
MLT,io,6
MLT,frisan flag,6
MLT,chicken sa,6
MLT,slice chee,6
MLT,sirlo,6
MLT,mange,6
MLT,benna skimmed,6
MLT,butterbeans,6
MLT,Oranges,6
MLT,baby fo,6
MLT,terea t,6
MLT,olive ol,6
MLT,munch,6
MLT,bev,6
MLT,ellas kit,6
MLT,hot water bottle,6
MLT,tomatoes sauce,6
MLT,tomot,6
MLT,tuna p,6
MLT,world cup sticker,6
MLT,curry po,6
MLT,konder,6
MLT,fenne,6
MLT,margherita,6
MLT,ivecream,6
MLT,ls,6
MLT,marme,6
MLT,alcohol spray,6
MLT,strawberry milkshake,6
MLT,ice cream sandwich,6
MLT,yogurt coffee,6
MLT,barones,6
MLT,felice azz,6
MLT,orangen,6
MLT,bk,6
MLT,marmal,6
MLT,mishroom,6
MLT,clementi,6
MLT,mosnter,6
MLT,phy,6
MLT,kids yogurt,6
MLT,saffr,6
MLT,umbrel,6
MLT,milk bio,6
MLT,cet,6
MLT,soya mil,6
MLT,lactose free feta,6
MLT,hazeln,6
MLT,quinoa pasta,6
MLT,ext,6
MLT,jam strawberry,6
MLT,lyn,6
MLT,buscu,6
MLT,stuffed oliv,6
MLT,kt,6
MLT,aluminium tray,6
MLT,rosso,6
MLT,ice x,6
MLT,scar,6
MLT,strawberry water,6
MLT,pasta bar,6
MLT,colmans,6
MLT,vanilla ice crea,6
MLT,plun,6
MLT,magnium,6
MLT,ly,6
MLT,wom,6
MLT,saly,6
MLT,alpro rice,6
MLT,frescezza,6
MLT,chili flake,6
MLT,mount,6
MLT,twestes,6
MLT,cheeder,6
MLT,barbie,6
MLT,creme caramel,6
MLT,pto,6
MLT,avicad,6
MLT,mixed bean,6
MLT,turn,6
MLT,curd cheese,6
MLT,tuna sa,6
MLT,mad,6
MLT,Charcoal,6
MLT,chicken cooked,6
MLT,clor,6
MLT,pre cooked,6
MLT,go fu,6
MLT,combucha,6
MLT,seasalt,6
MLT,yoo,6
MLT,fresh creme,6
MLT,kinder e,6
MLT,cheese goat,6
MLT,Coca Cola,6
MLT,hearts,6
MLT,emla,6
MLT,canned peas,6
MLT,leibn,6
MLT,freezer ba,6
MLT,laundry det,6
MLT,wiskas,6
MLT,banana m,6
MLT,fish fi,6
MLT,parc,6
MLT,slmon,6
MLT,den,6
MLT,Candy,6
MLT,gut,6
MLT,aloe v,6
MLT,low ca,6
MLT,Baking,6
MLT,carnex,6
MLT,Vanilla,6
MLT,white vineg,6
MLT,capucino,6
MLT,crs,6
MLT,flat bread,6
MLT,cup a s,6
MLT,gatorade zero,6
MLT,free lactose,6
MLT,glad,6
MLT,jhon,6
MLT,home mate,6
MLT,garbage bags large,6
MLT,xheese,6
MLT,sasuage,6
MLT,hair p,6
MLT,cruesl,6
MLT,mt,6
MLT,protein s,6
MLT,lamette,6
MLT,dry f,6
MLT,negr,6
MLT,alama shampoo,6
MLT,LM,6
MLT,high p,6
MLT,legg,6
MLT,grezzo,6
MLT,alko,6
MLT,nescafe dolce gusto,6
MLT,new potato,6
MLT,mevral,6
MLT,gluten free brea,6
MLT,chicken stripes,6
MLT,san pele,6
MLT,rocher,6
MLT,coint,6
MLT,nong,6
MLT,milk lacto,6
MLT,utter,6
MLT,dh,6
MLT,delicata,6
MLT,coconut fla,6
MLT,duc,6
MLT,sparklinh,6
MLT,beef slice,6
MLT,paper pla,6
MLT,baby o,6
MLT,protai,6
MLT,frozen d,6
MLT,Shrimp,6
MLT,green t,6
MLT,nutells,6
MLT,twini,6
MLT,rice microwave,6
MLT,blend,6
MLT,la c,6
MLT,twin pack,6
MLT,marmit,6
MLT,nutter,6
MLT,mca,6
MLT,pallman,6
MLT,hav,6
MLT,carbonated,6
MLT,utensil,6
MLT,ice ct,6
MLT,brocolis,6
MLT,Santa,6
MLT,tabocco,6
MLT,vre,6
MLT,nesa,6
MLT,bruschett,6
MLT,shreddies,6
MLT,campa,6
MLT,averna,6
MLT,ginger bis,6
MLT,aleo aloe,6
MLT,liquid detergent,6
MLT,hairspra,6
MLT,ferry,6
MLT,kw,6
MLT,mayor sug,6
MLT,doc,6
MLT,osti,6
MLT,halla,6
MLT,coto,6
MLT,toilet r,6
MLT,pregan,6
MLT,solar,6
MLT,ice b,6
MLT,Pesto,6
MLT,toorh,6
MLT,pir,6
MLT,baby car,6
MLT,melaton,6
MLT,shallo,6
MLT,repel,6
MLT,frolla,6
MLT,spumante,6
MLT,spagu,6
MLT,fresh salmon,6
MLT,lemon juic,6
MLT,charcoal bbq,6
MLT,old am,6
MLT,disha,6
MLT,lactose free yog,6
MLT,holla,6
MLT,bum,6
MLT,beer mix,6
MLT,cussons,6
MLT,mined,6
MLT,merl,6
MLT,tomoto,6
MLT,guacamol,6
MLT,chups,6
MLT,saucis,6
MLT,wolt market san gwann,6
MLT,gbejnit,6
MLT,monk,6
MLT,passio,6
MLT,garage,6
MLT,tiole,6
MLT,breaded fish,6
MLT,hib,6
MLT,infac,6
MLT,royal cani,6
MLT,mango frozen,6
MLT,england flag,6
MLT,foccac,6
MLT,red peppe,6
MLT,tat taljan,6
MLT,himal,6
MLT,Levissima,6
MLT,apinach,6
MLT,noodled,6
MLT,zero beer,6
MLT,bomba,6
MLT,nurofen,6
MLT,sisa,6
MLT,chicol,6
MLT,make up remo,6
MLT,tori,6
MLT,besciame,6
MLT,od,6
MLT,go f,6
MLT,colemans,6
MLT,herbal ess,6
MLT,Dr,6
MLT,kitchen s,6
MLT,switch,6
MLT,soc,6
MLT,tif,6
MLT,alpro s,6
MLT,manitoba,6
MLT,kids toothpaste,6
MLT,carlsber,6
MLT,bei,6
MLT,instant yeast,6
MLT,nature val,6
MLT,vegetable frozen,6
MLT,coct,6
MLT,cate,6
MLT,soup mix,6
MLT,fruit fibre,6
MLT,coconut wate,6
MLT,fip,6
MLT,voi wet,6
MLT,paper rolls,6
MLT,fresh b,6
MLT,san car,6
MLT,apll,6
MLT,gallert,6
MLT,",,,",6
MLT,cico,6
MLT,party tim,6
MLT,condensed mil,6
MLT,cheese sh,6
MLT,nutrition,6
MLT,pink 7up,6
MLT,disc,6
MLT,San miche,6
MLT,grated par,6
MLT,heineke,6
MLT,exfoliate,6
MLT,pasyry,6
MLT,earl gre,6
MLT,football stickers,6
MLT,af,6
MLT,stai,6
MLT,pals,6
MLT,To,6
MLT,mayor sugu,6
MLT,Bee,6
MLT,robins,6
MLT,sour d,6
MLT,chim,6
MLT,hamper,6
MLT,delica,6
MLT,beauty fo,6
MLT,nail clip,6
MLT,chocco,6
MLT,Tampax,6
MLT,hazelnu,6
MLT,min e,6
MLT,ground b,6
MLT,sunshine sna,6
MLT,coccoli,6
MLT,grilled,6
MLT,ifantis,6
MLT,sunbl,6
MLT,tresor,6
MLT,mirac,6
MLT,fitne,6
MLT,vegan yoghurt,6
MLT,foste,6
MLT,clov,6
MLT,carbon,6
MLT,fond,6
MLT,icer,6
MLT,berries frozen,6
MLT,pistache,6
MLT,crys,6
MLT,winston blue,6
MLT,protein sha,6
MLT,anise,6
MLT,frozen chick,6
MLT,portable,6
MLT,vhicken,6
MLT,ftiea,6
MLT,oasis,6
MLT,sick,6
MLT,yogury,6
MLT,gnoch,6
MLT,creme fra,6
MLT,pregnanc,6
MLT,neu,6
MLT,brooms,6
MLT,valo,6
MLT,swedi,6
MLT,avocafo,6
MLT,oeanut,6
MLT,Dr pep,6
MLT,m &,6
MLT,watwrmelon,6
MLT,corn bee,6
MLT,Pepsi zero,6
MLT,crosps,6
MLT,kinder brios,6
MLT,shiraz,6
MLT,frozen mea,6
MLT,german,6
MLT,rice s,6
MLT,greap,6
MLT,bonne maman,6
MLT,schwar,6
MLT,mox,6
MLT,milk bottle,6
MLT,kinni zero,6
MLT,mishr,6
MLT,boer,6
MLT,garlic powde,6
MLT,organic garbage bags,6
MLT,drag,6
MLT,tolit,6
MLT,mini pasta,6
MLT,Vogue,6
MLT,pepper bell,6
MLT,a5,6
MLT,abbracci,6
MLT,coclate,6
MLT,suck,6
MLT,icin,6
MLT,bog,6
MLT,mirr,6
MLT,carto,6
MLT,meay,6
MLT,ribey,6
MLT,gab,6
MLT,squeeze,6
MLT,chocokate,6
MLT,pea soup,6
MLT,mr m,6
MLT,bbq charcoal,6
MLT,mozzarella di,6
MLT,radis,6
MLT,pom sti,6
MLT,teistee,6
MLT,mayonise,6
MLT,chicken bro,6
MLT,jolly,6
MLT,baking pan,6
MLT,cream s,6
MLT,corn b,6
MLT,solanie,6
MLT,dog tre,6
MLT,laundry p,6
MLT,recyl,6
MLT,white chocolat,5
MLT,ive cubes,5
MLT,ben and j,5
MLT,jaspe,5
MLT,packs of vape oil,5
MLT,pamoers,5
MLT,dely,5
MLT,start,5
MLT,chocolate syr,5
MLT,pavipama,5
MLT,baby float,5
MLT,spae,5
MLT,ch8cken,5
MLT,White sauce,5
MLT,floue,5
MLT,bajd,5
MLT,Kinn,5
MLT,lite,5
MLT,taj,5
MLT,proscui,5
MLT,Beauty,5
MLT,covo,5
MLT,tootbrush,5
MLT,rosma,5
MLT,squeeg,5
MLT,mop head,5
MLT,negro,5
MLT,cotr,5
MLT,Beetroot,5
MLT,surface cl,5
MLT,ice flake,5
MLT,byrger,5
MLT,bot,5
MLT,whole ham,5
MLT,feta chee,5
MLT,dog biscuits,5
MLT,cafemio,5
MLT,chicken so,5
MLT,chcolate,5
MLT,lighter fluid,5
MLT,benba,5
MLT,lotter,5
MLT,biscuites,5
MLT,cotton balls,5
MLT,garam masala,5
MLT,tile,5
MLT,t-shirt,5
MLT,littl,5
MLT,tweestees,5
MLT,choco pops,5
MLT,sip,5
MLT,glur,5
MLT,fary,5
MLT,laundry conditioner,5
MLT,pirk,5
MLT,gee,5
MLT,almons,5
MLT,hoplea,5
MLT,marsiglia,5
MLT,oramge juice,5
MLT,polla,5
MLT,baratt,5
MLT,hot chocol,5
MLT,swordfish,5
MLT,grayed cheese,5
MLT,fabric det,5
MLT,hähnchen,5
MLT,lentals,5
MLT,milto,5
MLT,pizza ri,5
MLT,bisquits,5
MLT,yourt,5
MLT,galetto,5
MLT,chocolate buttons,5
MLT,urine,5
MLT,mel9n,5
MLT,etsi,5
MLT,creal,5
MLT,strak,5
MLT,galic,5
MLT,rittersport,5
MLT,benna white,5
MLT,kc,5
MLT,protect,5
MLT,fresh spinach,5
MLT,macke,5
MLT,wv,5
MLT,hold,5
MLT,bater,5
MLT,light yoghurt,5
MLT,ircotta,5
MLT,nan bread,5
MLT,ice cream benna,5
MLT,bresaol,5
MLT,ice creame,5
MLT,beuno,5
MLT,kinder p,5
MLT,wrinkle,5
MLT,mixed seeds,5
MLT,vodca,5
MLT,tinned peas,5
MLT,veron,5
MLT,ice vr,5
MLT,inflatable,5
MLT,bacob,5
MLT,apa,5
MLT,arrabiata,5
MLT,rotz,5
MLT,lidnt,5
MLT,coffee maker,5
MLT,das,5
MLT,horlick,5
MLT,dove roll,5
MLT,tisane,5
MLT,pee pads,5
MLT,sandals,5
MLT,fuse tea,5
MLT,fragola,5
MLT,jeaper,5
MLT,condenced,5
MLT,advocado,5
MLT,pone,5
MLT,sigaretts,5
MLT,red thai,5
MLT,food co,5
MLT,appel,5
MLT,tiilet,5
MLT,lomb,5
MLT,salsa pronta,5
MLT,sunflower se,5
MLT,aleo vera,5
MLT,cat good,5
MLT,herb butter,5
MLT,hawaian,5
MLT,kelligs,5
MLT,letter,5
MLT,sahne,5
MLT,frozen yogur,5
MLT,vaca,5
MLT,tpile,5
MLT,spades,5
MLT,cocolate chips,5
MLT,aponges,5
MLT,wdy,5
MLT,keral,5
MLT,beee,5
MLT,area,5
MLT,frozem,5
MLT,touket,5
MLT,e27,5
MLT,snail,5
MLT,canned corn,5
MLT,pwp,5
MLT,soice,5
MLT,zimyl,5
MLT,speay,5
MLT,parmeggi,5
MLT,buit,5
MLT,absolu,5
MLT,ant tra,5
MLT,gelato Nutella,5
MLT,foot cream,5
MLT,crustini,5
MLT,Sweet corn,5
MLT,marmelad,5
MLT,hornet,5
MLT,make up re,5
MLT,hun,5
MLT,swim nap,5
MLT,after sub,5
MLT,protein pancakes,5
MLT,jagermaister,5
MLT,foster cla,5
MLT,emilea,5
MLT,shredded wheat,5
MLT,arb,5
MLT,milk can,5
MLT,fleur,5
MLT,ice ream,5
MLT,vigs,5
MLT,kirchen roll,5
MLT,banama,5
MLT,wrapd,5
MLT,almond butt,5
MLT,roast pot,5
MLT,garnie,5
MLT,pedt,5
MLT,rolon,5
MLT,sunc,5
MLT,taco spice,5
MLT,capti,5
MLT,vuse go 1000,5
MLT,insence,5
MLT,oero,5
MLT,mamma,5
MLT,oat bis,5
MLT,sant'anna,5
MLT,parmessan,5
MLT,heavy cr,5
MLT,lamb bran,5
MLT,kinder pi,5
MLT,anniversary,5
MLT,pickled veg,5
MLT,gralic,5
MLT,fleshlight,5
MLT,cama,5
MLT,ambrosia,5
MLT,ella kitchen,5
MLT,semi skimmed milk,5
MLT,mint chocolate,5
MLT,cashew dip,5
MLT,Baking paper,5
MLT,rie,5
MLT,skewe,5
MLT,bonduell,5
MLT,zup,5
MLT,iro,5
MLT,uo,5
MLT,wheatabix,5
MLT,unstoppable,5
MLT,comd,5
MLT,tuna olive oil,5
MLT,coco p,5
MLT,spray mop,5
MLT,sterile,5
MLT,parf,5
MLT,redwine,5
MLT,stock cube,5
MLT,crambe,5
MLT,devel,5
MLT,quich,5
MLT,corn tortilla,5
MLT,dew fr,5
MLT,gaterade,5
MLT,tapenade,5
MLT,lemon fanta,5
MLT,airwi,5
MLT,mr br,5
MLT,pixz,5
MLT,green val,5
MLT,toylet,5
MLT,depilatory,5
MLT,rasberr,5
MLT,yoghurt lac,5
MLT,lasagna pasta,5
MLT,herbal essence,5
MLT,batilla,5
MLT,ground cumin,5
MLT,eagle creek,5
MLT,pink stuf,5
MLT,light cream cheese,5
MLT,mizarella,5
MLT,antis,5
MLT,blood pressure,5
MLT,vogue pink,5
MLT,nivea roll,5
MLT,interna,5
MLT,zero calorie,5
MLT,ice cream van,5
MLT,coce zero,5
MLT,Ar,5
MLT,potato frozen,5
MLT,knorr soup,5
MLT,Ben and jerry,5
MLT,perfum,5
MLT,bayleaf,5
MLT,otto,5
MLT,go go,5
MLT,corb,5
MLT,mustard seed,5
MLT,star mix,5
MLT,baby water,5
MLT,masda,5
MLT,yogarts,5
MLT,prt,5
MLT,handle,5
MLT,farin,5
MLT,twir,5
MLT,ice tr,5
MLT,milk banana,5
MLT,obc,5
MLT,crepes,5
MLT,dove men,5
MLT,tooth pic,5
MLT,champig,5
MLT,sauss,5
MLT,jammy,5
MLT,wagon,5
MLT,moister,5
MLT,neat,5
MLT,Hawaiian,5
MLT,Dishwashing,5
MLT,avocat,5
MLT,live,5
MLT,chocolate cookies,5
MLT,chiclate,5
MLT,flau,5
MLT,kelloggs granola,5
MLT,Lion,5
MLT,coils,5
MLT,ice cube bags,5
MLT,prossecco,5
MLT,abracc,5
MLT,gran ragu,5
MLT,some,5
MLT,frozen piz,5
MLT,thins,5
MLT,cooking choco,5
MLT,conad chocolate,5
MLT,peanut buttrr,5
MLT,gov,5
MLT,portable fan,5
MLT,disinfectant spray,5
MLT,sugar brown,5
MLT,strawberry y,5
MLT,este,5
MLT,make up rem,5
MLT,fava,5
MLT,cat tr,5
MLT,vam,5
MLT,tuke,5
MLT,vipiteno,5
MLT,elvi,5
MLT,marzipan,5
MLT,eta,5
MLT,low sugar,5
MLT,mastro,5
MLT,werthers,5
MLT,gbrjna,5
MLT,tako,5
MLT,showet,5
MLT,seafood mix,5
MLT,honey corner,5
MLT,Hand wash,5
MLT,amad,5
MLT,dishwasher tablet,5
MLT,kinder bri,5
MLT,Calypso,5
MLT,rodent,5
MLT,arrabi,5
MLT,stilton,5
MLT,ice tea pea,5
MLT,halwa,5
MLT,miele,5
MLT,tuna in,5
MLT,zero alcohol,5
MLT,tocineta,5
MLT,active,5
MLT,milk b,5
MLT,marshme,5
MLT,foot spray,5
MLT,tupp,5
MLT,soil product,5
MLT,pizza gluten,5
MLT,heat protection,5
MLT,smacks,5
MLT,strawberry mil,5
MLT,contact len,5
MLT,rasin,5
MLT,sweet pastry,5
MLT,mini m,5
MLT,Jesper,5
MLT,linseed,5
MLT,c4,5
MLT,dparkling,5
MLT,daye,5
MLT,coconat,5
MLT,bigg,5
MLT,caco,5
MLT,voo,5
MLT,la gioiosa,5
MLT,noccio,5
MLT,hendricks,5
MLT,ice cream sugar,5
MLT,sugar free juice,5
MLT,capsu,5
MLT,protein alpro,5
MLT,mozarela,5
MLT,juice no sugar,5
MLT,checken,5
MLT,worcestershire,5
MLT,buldak noodles,5
MLT,tomato juic,5
MLT,ferro,5
MLT,glade vanilla,5
MLT,jr,5
MLT,london,5
MLT,chocolate 70,5
MLT,dolcegusto,5
MLT,integr,5
MLT,Capers,5
MLT,frozen chic,5
MLT,mellieha,5
MLT,aunt ma,5
MLT,bolero ice,5
MLT,tomato concentrate,5
MLT,ziga,5
MLT,cottom,5
MLT,sharwoods,5
MLT,champi,5
MLT,options,5
MLT,parazon,5
MLT,mattress,5
MLT,chicken lu,5
MLT,camping,5
MLT,iqos illuma,5
MLT,ijs,5
MLT,360,5
MLT,gobble,5
MLT,ginger cookies,5
MLT,instant rice,5
MLT,makaron,5
MLT,leerda,5
MLT,alor,5
MLT,tyrrell's,5
MLT,fruit snack,5
MLT,chocho,5
MLT,weigh,5
MLT,babycorn,5
MLT,Condensed milk,5
MLT,gilden,5
MLT,sunl,5
MLT,trash ba,5
MLT,bond,5
MLT,tavernello,5
MLT,light feta,5
MLT,jumbo egg,5
MLT,chille,5
MLT,asiag,5
MLT,alpro bar,5
MLT,thea,5
MLT,vegan chees,5
MLT,contact lenses,5
MLT,silken tofu,5
MLT,garlic butte,5
MLT,barf,5
MLT,milk bread,5
MLT,nicotine pou,5
MLT,disposable vape,5
MLT,nuts mix,5
MLT,datterini,5
MLT,hair soray,5
MLT,laus,5
MLT,voffee,5
MLT,Pep,5
MLT,browns,5
MLT,smothie,5
MLT,tilds,5
MLT,lotu,5
MLT,pepti,5
MLT,beef meat,5
MLT,prs,5
MLT,oil olive,5
MLT,barbeq,5
MLT,Mushrooms,5
MLT,bottle opener,5
MLT,cat liter,5
MLT,beef sauce,5
MLT,real thai,5
MLT,baccardi,5
MLT,nivea dry,5
MLT,chesdar,5
MLT,sampoo,5
MLT,jäger,5
MLT,frite,5
MLT,pringe,5
MLT,pie crust,5
MLT,drie,5
MLT,kinderbueno,5
MLT,syro,5
MLT,colic,5
MLT,vogue lilac,5
MLT,bakedbeans,5
MLT,vegan meat,5
MLT,ricotta la,5
MLT,cleaning sponge,5
MLT,dog training,5
MLT,greek 2,5
MLT,cayenn,5
MLT,St,5
MLT,greech,5
MLT,sterg,5
MLT,Brio,5
MLT,wc n,5
MLT,africa,5
MLT,tarj,5
MLT,kini,5
MLT,orchid,5
MLT,cake decoration,5
MLT,desinfectant,5
MLT,wter,5
MLT,dish soa,5
MLT,lion t,5
MLT,marinate,5
MLT,cat tre,5
MLT,oeas,5
MLT,pregnancy kit,5
MLT,nappy pads,5
MLT,honey loop,5
MLT,tunn,5
MLT,calg,5
MLT,yofu,5
MLT,dew fresh sausage,5
MLT,bicarbona,5
MLT,Mac and cheese,5
MLT,cristalite,5
MLT,nacho ch,5
MLT,showerge,5
MLT,dairy fre,5
MLT,giardiniera,5
MLT,dummies,5
MLT,saudage,5
MLT,toilete,5
MLT,gift wrap,5
MLT,blieberries,5
MLT,applaw,5
MLT,sensat,5
MLT,wooden s,5
MLT,fraiche,5
MLT,cushion,5
MLT,bauge,5
MLT,oignons,5
MLT,yellow ta,5
MLT,Spag,5
MLT,minced chi,5
MLT,linnie,5
MLT,rudolfs,5
MLT,meringue,5
MLT,grenad,5
MLT,smilie,5
MLT,kenie,5
MLT,strawv,5
MLT,world cup ball,5
MLT,aug,5
MLT,alrp,5
MLT,burgu,5
MLT,wet ti,5
MLT,2.5,5
MLT,ppp,5
MLT,Mosquito,5
MLT,still w,5
MLT,immunity,5
MLT,greek yoh,5
MLT,hyal,5
MLT,i ecream,5
MLT,mureda,5
MLT,capa,5
MLT,good hea,5
MLT,peant,5
MLT,ahmad tea,5
MLT,cigarillo,5
MLT,travel bottle,5
MLT,tuff cider,5
MLT,drea,5
MLT,gold ble,5
MLT,foil trays,5
MLT,bathroom cle,5
MLT,dew fresh burgers,5
MLT,borota,5
MLT,smac gel,5
MLT,liv,5
MLT,spsr,5
MLT,kamb,5
MLT,iron spray,5
MLT,patr,5
MLT,labn,5
MLT,round,5
MLT,10%,5
MLT,lm red,5
MLT,kendamil,5
MLT,del monte,5
MLT,toilet fresh,5
MLT,onin,5
MLT,aio,5
MLT,cerwal,5
MLT,tea light,5
MLT,warburtons,5
MLT,baby rice,5
MLT,mc c,5
MLT,mops,5
MLT,semolin,5
MLT,seran,5
MLT,baio,5
MLT,qun,5
MLT,kalamata olives,5
MLT,babby,5
MLT,buttermil,5
MLT,fig rolls,5
MLT,Martini,5
MLT,turki,5
MLT,spider man,5
MLT,loghter,5
MLT,birthday banner,5
MLT,berf,5
MLT,orange s,5
MLT,san benedett,5
MLT,Dan,5
MLT,cesh,5
MLT,albertos,5
MLT,sweep,5
MLT,ciken,5
MLT,party bunch,5
MLT,salad dre,5
MLT,spea,5
MLT,loake,5
MLT,moski,5
MLT,heinz mayo,5
MLT,green valle,5
MLT,bli,5
MLT,mouth wa,5
MLT,miny,5
MLT,beoccoli,5
MLT,croas,5
MLT,jerkey,5
MLT,devin,5
MLT,cheese sa,5
MLT,lik,5
MLT,arrabiatta,5
MLT,chicken kie,5
MLT,teeth whitening,5
MLT,cora,5
MLT,cappel,5
MLT,scotex,5
MLT,shira,5
MLT,adul,5
MLT,fior Di vita,5
MLT,mayi,5
MLT,gav,5
MLT,kimbo,5
MLT,alro,5
MLT,affettati,5
MLT,gran p,5
MLT,binegar,5
MLT,bellpepper,5
MLT,noc,5
MLT,ani,5
MLT,Santa maria,5
MLT,gaic,5
MLT,Cat food,5
MLT,kund,5
MLT,Thermometer,5
MLT,hot sauc,5
MLT,rain,5
MLT,greek lactose free,5
MLT,chicken tenders,5
MLT,diss,5
MLT,tweest,5
MLT,twisteea,5
MLT,betr,5
MLT,tua,5
MLT,strawberries frozen,5
MLT,yoyo,5
MLT,microfiber cloth,5
MLT,stracia,5
MLT,Pink,5
MLT,monim,5
MLT,diabetic,5
MLT,windo,5
MLT,mature ch,5
MLT,hummus dip,5
MLT,tuna fish,5
MLT,alluminio,5
MLT,suppli,5
MLT,gluten free lasagna,5
MLT,citric acid,5
MLT,maxi nu,5
MLT,aperol sp,5
MLT,beanies,5
MLT,clock,5
MLT,gg,5
MLT,tana toilet paper,5
MLT,oppo protein,5
MLT,cialde,5
MLT,melatoni,5
MLT,colm,5
MLT,John west,5
MLT,sakebon,5
MLT,kids too,5
MLT,fresh mi,5
MLT,green va,5
MLT,fazzol,5
MLT,cheese sprea,5
MLT,lasanga,5
MLT,roasted chick,5
MLT,kot,5
MLT,poul,5
MLT,ovalt,5
MLT,tuna pasta,5
MLT,freshe,5
MLT,goida,5
MLT,ceva,5
MLT,pren,5
MLT,ariel powder,5
MLT,typhoo,5
MLT,cherru,5
MLT,Chicken breast,5
MLT,sugar cube,5
MLT,toblero,5
MLT,Turkey ha,5
MLT,body l,5
MLT,noodle soup,5
MLT,peanit butter,5
MLT,grey garbage,5
MLT,maize,5
MLT,kinder j,5
MLT,dishwasher soap,5
MLT,snap peas,5
MLT,kinder sor,5
MLT,goc,5
MLT,fresh past,5
MLT,cisk z,5
MLT,toilwt,5
MLT,flaked,5
MLT,rice cream,5
MLT,yoga mat,5
MLT,choc chip,5
MLT,party decorations,5
MLT,fb,5
MLT,chcik,5
MLT,domestic,5
MLT,applejuice,5
MLT,Leeks,5
MLT,spain flag,5
MLT,blue dr,5
MLT,brioche bun,5
MLT,cold and flu,5
MLT,shampoo baby,5
MLT,tongue,5
MLT,alrpo,5
MLT,kebab stick,5
MLT,provol,5
MLT,uns,5
MLT,nescafe gol,5
MLT,bikini,5
MLT,weihen,5
MLT,purina 1,5
MLT,shap,5
MLT,passatta,5
MLT,vake,5
MLT,chlor,5
MLT,gnejna,5
MLT,hairs,5
MLT,fliur,5
MLT,helm,5
MLT,grin,5
MLT,nure,5
MLT,nutella bisc,5
MLT,Winston,5
MLT,3 ply,5
MLT,Ban,5
MLT,milk pa,5
MLT,knot,5
MLT,aplro,5
MLT,cucom,5
MLT,jaffa cakes,5
MLT,wager,5
MLT,frozon,5
MLT,squi,5
MLT,qo,5
MLT,baug,5
MLT,happy face,5
MLT,valaoia,5
MLT,preserve,5
MLT,elf,5
MLT,unsweet,5
MLT,ariel pod,5
MLT,spaf,5
MLT,chocolate icecream,5
MLT,english break,5
MLT,elep,5
MLT,tate,5
MLT,malbori,5
MLT,split peas,5
MLT,eng,5
MLT,medj,5
MLT,panthenol,5
MLT,body s,5
MLT,toilet br,5
MLT,gyozas,5
MLT,baybel,5
MLT,hals,5
MLT,panini world,5
MLT,crushed tomatoes,5
MLT,viniger,5
MLT,creamchee,5
MLT,cartot,5
MLT,crusp,5
MLT,Ch,5
MLT,Choco,5
MLT,onion mar,5
MLT,chre,5
MLT,frozen pineapple,5
MLT,omion,5
MLT,shaving f,5
MLT,mixed peppers,5
MLT,cud,5
MLT,Ant,5
MLT,crost,5
MLT,father's,5
MLT,blue cur,5
MLT,Italian herbs,5
MLT,olivs,5
MLT,shampoo men,5
MLT,slim pas,5
MLT,alpro butter,5
MLT,grissin,5
MLT,wipes anti,5
MLT,gben,5
MLT,noberasco,5
MLT,washing up liq,5
MLT,sac poubelle,5
MLT,football kit,5
MLT,roasted chickpeas,5
MLT,tamar,5
MLT,fresh pork,5
MLT,nature addicts,5
MLT,jams,5
MLT,beef bu,5
MLT,spinch,5
MLT,heel,5
MLT,thooth,5
MLT,dettil,5
MLT,jol,5
MLT,bratw,5
MLT,aoy,5
MLT,turme,5
MLT,grq,5
MLT,Quinoa,5
MLT,dish washing liquid,5
MLT,oceanix,5
MLT,cokezero,5
MLT,wait,5
MLT,halo to,5
MLT,belgi,5
MLT,cheder,5
MLT,good ear,5
MLT,suri,5
MLT,barrila,5
MLT,kitte,5
MLT,hipp ha,5
MLT,eps,5
MLT,poll,5
MLT,greek 1,5
MLT,reec,5
MLT,tger,5
MLT,scholl,5
MLT,escafe,5
MLT,falaf,5
MLT,potq,5
MLT,savoury,5
MLT,hand fan,5
MLT,water9,5
MLT,wipea,5
MLT,dark soy,5
MLT,nescafe coffee,5
MLT,soy mi,5
MLT,shirts,5
MLT,pids,5
MLT,beef seasoning,5
MLT,black bins,5
MLT,carote,5
MLT,dr karg,5
MLT,kidney bean,5
MLT,minced meet,5
MLT,bulm,5
MLT,bio egg,5
MLT,pain killer,5
MLT,concombre,5
MLT,Camel,5
MLT,pesto gen,5
MLT,mixed s,5
MLT,heavy whi,5
MLT,soy mil,5
MLT,fat bas,5
MLT,henik,5
MLT,cuxumber,5
MLT,corn c,5
MLT,ice cream scoop,5
MLT,acne,5
MLT,tomstoes,5
MLT,kunaerva,5
MLT,alam,5
MLT,flout,5
MLT,tippex,5
MLT,ground pepp,5
MLT,dasti,5
MLT,3 hills,5
MLT,Sprite zero,5
MLT,coco water,5
MLT,ag,5
MLT,chucken,5
MLT,bron,5
MLT,coffee powder,5
MLT,cebolla,5
MLT,cornsta,5
MLT,gnochi,5
MLT,snor,5
MLT,go snd fun,5
MLT,birthday ca,5
MLT,green peppe,5
MLT,extra vi,5
MLT,rice crisp,5
MLT,banana mi,5
MLT,chewing gums,5
MLT,pepsi ze,5
MLT,dekton,5
MLT,candle 2,5
MLT,wrapa,5
MLT,prode,5
MLT,ketxhup,5
MLT,maternity pads,5
MLT,Sweets,5
MLT,neutro roberts,5
MLT,basal,5
MLT,buttercream,5
MLT,chox,5
MLT,milkyway,5
MLT,italy flag,5
MLT,green chilly,5
MLT,chicken.,5
MLT,ror,5
MLT,juice safari,5
MLT,greet,5
MLT,sausage r,5
MLT,broccolo,5
MLT,kee,5
MLT,virgin,5
MLT,cheese cakes,5
MLT,note book,5
MLT,baronese,5
MLT,chicken sau,5
MLT,boere,5
MLT,schew,5
MLT,sweet pitato,5
MLT,biscott,5
MLT,hine,5
MLT,pizza hut,5
MLT,churru,5
MLT,sle,5
MLT,reed,5
MLT,wholegra,5
MLT,vitamin kids,5
MLT,tvo,5
MLT,passats,5
MLT,fresh ga,5
MLT,duct tap,5
MLT,scahr,5
MLT,sunsation,5
MLT,uni,5
MLT,stretta,5
MLT,mosa,5
MLT,vit c,5
MLT,glass bottle,5
MLT,variety,5
MLT,cosl,5
MLT,raw honey,5
MLT,salty snack,5
MLT,peope,5
MLT,care free,5
MLT,wasp,5
MLT,bolero ice tea,5
MLT,vivo,5
MLT,Wolt,5
MLT,dung,5
MLT,baked neans,5
MLT,lef,5
MLT,frozen pastry,5
MLT,water-based,5
MLT,nuggest,5
MLT,hashb,5
MLT,grabola,5
MLT,wetw,5
MLT,mrs,5
MLT,garlic f,5
MLT,babylon,5
MLT,benna lac,5
MLT,gullin,5
MLT,whitening strips,5
MLT,pavimenti,5
MLT,baquette,5
MLT,schar pizza,5
MLT,poptarts,5
MLT,May,5
MLT,frozen peppers,5
MLT,Benn,5
MLT,jaff,5
MLT,febr,5
MLT,brokoli,5
MLT,Bagel,5
MLT,packing tape,5
MLT,salt and v,5
MLT,almom,5
MLT,kinf,5
MLT,suppl,5
MLT,absolute,5
MLT,champignon,5
MLT,opo,5
MLT,noidles,5
MLT,deefresh,5
MLT,Jack,5
MLT,sunny,5
MLT,enoki,5
MLT,eye drops,5
MLT,roberts,5
MLT,comdom,5
MLT,dog bags,5
MLT,persi,5
MLT,masking,5
MLT,kab,5
MLT,ese,5
MLT,rotiss,5
MLT,spunach,5
MLT,shower soap,5
MLT,vanilla yog,5
MLT,intimate wipes,5
MLT,творог,5
MLT,red curry paste,5
MLT,vottage,5
MLT,mussle,5
MLT,tal furn,5
MLT,conceal,5
MLT,Coke z,5
MLT,pava,5
MLT,yogurt b,5
MLT,kinderjoy,5
MLT,cream fresh,5
MLT,salt him,5
MLT,glass jar,5
MLT,strow,5
MLT,smoked papr,5
MLT,gluten free cake,5
MLT,6x,5
MLT,parmesian,5
MLT,Waltmarket,5
MLT,wxcel,5
MLT,darl,5
MLT,président,5
MLT,water sma,5
MLT,cotra,5
MLT,mr kipli,5
MLT,fanta z,5
MLT,farl,5
MLT,cafe au,5
MLT,grated parm,5
MLT,knorr cups soup,5
MLT,derm,5
MLT,fridge bag,5
MLT,whgs,5
MLT,cheek,5
MLT,garbeg,5
MLT,benna vanilla,5
MLT,nasn,5
MLT,coffee milk,5
MLT,siro,5
MLT,bake ro,5
MLT,flaxsee,5
MLT,oluve,5
MLT,lavazza oro,5
MLT,American,5
MLT,guine,5
MLT,pringel,5
MLT,pork scr,5
MLT,Cider,5
MLT,box of chocolates,5
MLT,wholemeal wraps,5
MLT,mamgo,5
MLT,panini sti,5
MLT,skippy,5
MLT,psta,5
MLT,vintage cheddar,5
MLT,vpdka,5
MLT,senf,5
MLT,ciggaretes,5
MLT,vanilla ext,5
MLT,philadelpia,5
MLT,sliced turkey,5
MLT,Daves,5
MLT,red berries,5
MLT,glicin,5
MLT,vilefa,5
MLT,maas,5
MLT,saladcream,5
MLT,cutting board,5
MLT,squeegie,5
MLT,beansprouts,5
MLT,borj,5
MLT,choco chips,5
MLT,selpa,5
MLT,hp sau,5
MLT,energi,5
MLT,fresh t,5
MLT,to wash,5
MLT,knacki,5
MLT,chocolate covered,5
MLT,epilator,5
MLT,filfli,5
MLT,electric kettle,5
MLT,princes,5
MLT,jungl,5
MLT,stee,5
MLT,develey,5
MLT,pepperm,5
MLT,panda,5
MLT,online,5
MLT,skittle,5
MLT,corn be,5
MLT,dentastix,5
MLT,vaccum,5
MLT,nas,5
MLT,pancka,5
MLT,granola fuel,5
MLT,disposable gl,5
MLT,chicken spice,5
MLT,burger patty,5
MLT,tight,5
MLT,womens,5
MLT,pistacho,5
MLT,vegitarian,5
MLT,bacom,5
MLT,not,5
MLT,tinned frui,5
MLT,toilet papper,5
MLT,eye drop,5
MLT,cheddar grated,5
MLT,shu,5
MLT,coca cola zer,5
MLT,cib,5
MLT,polen,5
MLT,vegtable oil,5
MLT,licor,5
MLT,pistacchio ice cream,5
MLT,john f,5
MLT,omino bi,5
MLT,mc vit,5
MLT,cotton budd,5
MLT,chocolate drink,5
MLT,miracle foods,5
MLT,mulino bia,5
MLT,while,5
MLT,cleaning glo,5
MLT,kitchrn,5
MLT,water pa,5
MLT,Pasta sauce,5
MLT,rw,5
MLT,silver shampoo,5
MLT,tanpax,5
MLT,wine gavi,5
MLT,rizzl,5
MLT,kerri,5
MLT,pork minced,5
MLT,malboro red,5
MLT,il bucat,5
MLT,plastic g,5
MLT,pada,5
MLT,chicken kebabs,5
MLT,omino bia,5
MLT,letchup,5
MLT,chamomile tea,5
MLT,juis,5
MLT,red cheddar,5
MLT,Tetley,5
MLT,mincr,5
MLT,cheddsr,5
MLT,cacaolat,5
MLT,bbq sauc,5
MLT,cold co,5
MLT,sweetcoen,5
MLT,pasta cream,5
MLT,corn flou,5
MLT,farmers,5
MLT,proteib,5
MLT,milk frother,5
MLT,queens,5
MLT,tuna pa,5
MLT,7 up zero,5
MLT,like co,5
MLT,cold tea,5
MLT,gratwd,5
MLT,bio oil,5
MLT,ait,5
MLT,insalatis,5
MLT,crean,5
MLT,crunchip,5
MLT,sponge kinder,5
MLT,coga,5
MLT,vegsn,5
MLT,poiatti,5
MLT,black garba,5
MLT,peach yoghurt,5
MLT,ax,5
MLT,popped,5
MLT,pinot noir,5
MLT,milk l,5
MLT,boost collagen,5
MLT,pnion,5
MLT,toothbrush soft,5
MLT,vinegar white,5
MLT,salt sea,5
MLT,deodorant roll,5
MLT,crisos,5
MLT,cheddar slic,5
MLT,apple juce,5
MLT,pepsi can,5
MLT,chocoa,5
MLT,baga,5
MLT,b3,5
MLT,chocolate i,5
MLT,mun,5
MLT,kopparber,5
MLT,ice packs,5
MLT,yogurt be,5
MLT,kunservs,5
MLT,oniins,5
MLT,lenons,5
MLT,yerba,5
MLT,cant,5
MLT,crystal water,5
MLT,Yog,5
MLT,Felix,5
MLT,gummys,5
MLT,cll,5
MLT,Mixed,5
MLT,tal fu,5
MLT,henn,5
MLT,Babylino,5
MLT,kahl,5
MLT,pati,5
MLT,watermellon,5
MLT,oik,5
MLT,Gar,5
MLT,ristora,5
MLT,packing,5
MLT,ben a,5
MLT,tunno,5
MLT,santanna,5
MLT,kinley,5
MLT,wudi,5
MLT,q10,5
MLT,calamar,5
MLT,mare,5
MLT,basel,5
MLT,eucerin,5
MLT,liwi,5
MLT,Nescafé classic,5
MLT,cecco,5
MLT,grated mo,5
MLT,alpine,5
MLT,greek 2%,5
MLT,condones,5
MLT,phile,5
MLT,yumurta,5
MLT,nestle crea,5
MLT,face wa,5
MLT,shitake,5
MLT,perm,5
MLT,anal,5
MLT,multi vitamin,5
MLT,bugers,5
MLT,yogert,5
MLT,mini chocolate,5
MLT,olly’s,5
MLT,sonnencreme,5
MLT,twining,5
MLT,monster energy,5
MLT,tezo,5
MLT,buondi,5
MLT,knott,5
MLT,mayonais,5
MLT,stitch,5
MLT,ome,5
MLT,rasperry,5
MLT,ear cl,5
MLT,bounty ice cream,5
MLT,ham gluten,5
MLT,Pastry,5
MLT,slushie,5
MLT,soya m,5
MLT,oluv,5
MLT,muscl,5
MLT,ash tray,5
MLT,algid,5
MLT,vibrato,5
MLT,moun,5
MLT,tranc,5
MLT,obe,5
MLT,frozen shrimp,5
MLT,heat pro,5
MLT,seba,5
MLT,aptamil lactose free,5
MLT,proci,5
MLT,Nan,5
MLT,swim shoes,5
MLT,garlic spread,5
MLT,sanc,5
MLT,oven baked,5
MLT,dunhill sil,5
MLT,waer,5
MLT,amando,5
MLT,babylino 6,5
MLT,deliciously,5
MLT,water bottl,5
MLT,jumbo oats,5
MLT,vegan sausage,5
MLT,small wraps,5
MLT,ice cream lactose free,5
MLT,chickpea pasta,5
MLT,grant,5
MLT,sodi,5
MLT,siup,5
MLT,kiddly,5
MLT,planner,5
MLT,caprisu,5
MLT,cocom,5
MLT,levissima water,5
MLT,wild rice,5
MLT,sausg,5
MLT,old ams,5
MLT,marble cake,5
MLT,cioco,5
MLT,ep,5
MLT,machine,5
MLT,djon,5
MLT,xanthan,5
MLT,barth,5
MLT,мука,5
MLT,ceres,5
MLT,fum,5
MLT,chicolate milk,5
MLT,red cabb,5
MLT,sd,5
MLT,wakam,5
MLT,qn,5
MLT,Dan cake,5
MLT,bologna,5
MLT,power ade,5
MLT,pink lemon,5
MLT,berett,5
MLT,White vinegar,5
MLT,sugar free syrup,5
MLT,balo,5
MLT,guinne,5
MLT,nudle,5
MLT,extension lead,5
MLT,asa,5
MLT,cream cooking,5
MLT,bean sprouts,5
MLT,rack,5
MLT,testo,5
MLT,biote,5
MLT,cedar,5
MLT,limonade,5
MLT,Tescoma,5
MLT,shower gell,5
MLT,bef,5
MLT,horse radish,5
MLT,carrotts,5
MLT,bakerolls,5
MLT,barilla gluten,5
MLT,dog food wet,5
MLT,pitato,5
MLT,diap,5
MLT,cease,5
MLT,gio,5
MLT,tapa,5
MLT,micel,5
MLT,cheese snacks,5
MLT,aptimel,5
MLT,olive oil extra,5
MLT,cheese dipper,5
MLT,degr,5
MLT,aple,5
MLT,pepper c,5
MLT,tabb,5
MLT,pellegrin,5
MLT,Flowers,5
MLT,azelaic,5
MLT,juice p,5
MLT,diat,5
MLT,bersch,5
MLT,pet wipe,5
MLT,zyml,5
MLT,emen,5
MLT,kat,5
MLT,cca,5
MLT,tilet,5
MLT,yogurt white,5
MLT,printer,5
MLT,chicken saus,5
MLT,Brea,5
MLT,cheese parm,5
MLT,mella,5
MLT,Peaches,5
MLT,Oppo,5
MLT,Peper,5
MLT,snackd,5
MLT,emman,5
MLT,tezori,5
MLT,nak,5
MLT,floyr,5
MLT,mr ril,5
MLT,kellig,5
MLT,pier,5
MLT,French fr,5
MLT,coma,5
MLT,swed,5
MLT,baby snack,5
MLT,olic,5
MLT,milk sha,5
MLT,Princess,5
MLT,Ixe,5
MLT,gardin,5
MLT,pot nood,5
MLT,juice vape,5
MLT,Mrs,5
MLT,l’,5
MLT,sliced brown,5
MLT,chie,5
MLT,ass,5
MLT,tramezz,5
MLT,harribo,5
MLT,bratwurst,5
MLT,apo,5
MLT,pasta salad,5
MLT,pinn,5
MLT,chocolate ice cream,5
MLT,junior,5
MLT,popci,5
MLT,cream of,5
MLT,shel,5
MLT,beef fillet,5
MLT,dita,5
MLT,efgs,5
MLT,bate,5
MLT,head & shoulders,5
MLT,party rings,5
MLT,ryvi,5
MLT,ws,5
MLT,ice crw,5
MLT,milbona,5
MLT,yogurt p,5
MLT,toliet pap,5
MLT,yogurt 1kg,5
MLT,cheese platter,5
MLT,power plus six way,5
MLT,tonix,5
MLT,vedo,5
MLT,candegg,5
MLT,loin,5
MLT,Berchtesgaden,5
MLT,vai,5
MLT,x-,5
MLT,kipl,5
MLT,verdalat,5
MLT,avod,5
MLT,sofritto,5
MLT,parfu,5
MLT,Fruits,5
MLT,corona beer,5
MLT,canape,5
MLT,milk parmalat,5
MLT,dark rum,5
MLT,pizza ba,5
MLT,induction,5
MLT,condiment,5
MLT,swuash,5
MLT,strap,5
MLT,mashe,5
MLT,cream of rice,5
MLT,az,5
MLT,baby pil,5
MLT,breso,5
MLT,potates,5
MLT,ant traps,5
MLT,born,5
MLT,slee,5
MLT,dl,5
MLT,mineral wa,5
MLT,bread sourdough,5
MLT,fresh parsl,5
MLT,zipper,5
MLT,betro,5
MLT,rigato,5
MLT,chocolate mi,5
MLT,liquid vape,5
MLT,pizza bases,5
MLT,mirand,5
MLT,go&f,5
MLT,seab,5
MLT,vanilla alpro,5
MLT,kinder br,5
MLT,clothes dryer,5
MLT,san Michael,5
MLT,tender coconut,5
MLT,chupa chups,5
MLT,walt mark,5
MLT,Flag,5
MLT,vegan butter,5
MLT,grre,5
MLT,control,5
MLT,chocal,5
MLT,boisson,5
MLT,kid snacks,5
MLT,pennette,5
MLT,velo mini,5
MLT,laven,5
MLT,garlic clo,5
MLT,father’s day,5
MLT,eyebrows,5
MLT,ravul,5
MLT,kienn,5
MLT,lamb chops,5
MLT,marsovin,5
MLT,ballara,5
MLT,feed,5
MLT,can tomato,5
MLT,nutellla,5
MLT,benna ri,5
MLT,santero,5
MLT,so…?,5
MLT,anguria,5
MLT,panna cotta,5
MLT,tiri,5
MLT,blue drag,5
MLT,allways,5
MLT,dy,5
MLT,quirn,5
MLT,hair o,5
MLT,cotage,5
MLT,mezz,5
MLT,ricecak,5
MLT,geli,5
MLT,mixed cheese,5
MLT,rahal,5
MLT,pink sausage,5
MLT,alpro choc,5
MLT,tandoori,5
MLT,colouring book,5
MLT,goodfel,5
MLT,flaked almonds,5
MLT,nail g,5
MLT,toaster bag,5
MLT,bico,5
MLT,laundry liquid,5
MLT,block cheese,5
MLT,chicken lun,5
MLT,Frozen yog,5
MLT,raspber,5
MLT,baby so,5
MLT,pizza b,5
MLT,tabak,5
MLT,dishwasher rinse,5
MLT,color hair,5
MLT,peosi max,5
MLT,aruel,5
MLT,Mint,5
MLT,carbona,5
MLT,light ch,5
MLT,chevr,5
MLT,toilet duck,5
MLT,screws,5
MLT,souther,5
MLT,flying wh,5
MLT,extra vir,5
MLT,bbq c,5
MLT,besamel,5
MLT,chapa,5
MLT,ruk,5
MLT,enli,5
MLT,moscato dasti,5
MLT,potar,5
MLT,enliv,5
MLT,cordon bl,5
MLT,juju,5
MLT,drumstic,5
MLT,termome,5
MLT,rauc,5
MLT,benna str,5
MLT,cuttlery,5
MLT,water san michel,5
MLT,burn,5
MLT,grrek,5
MLT,daus,5
MLT,wood cleaner,5
MLT,alpro cooking,5
MLT,penny,5
MLT,pork min,5
MLT,baj,5
MLT,antonin,5
MLT,mouth w,5
MLT,potk,5
MLT,spiderman,5
MLT,terea tur,5
MLT,fumi,5
MLT,dentifrice,5
MLT,coconut barista,5
MLT,hh,5
MLT,mushroom sa,5
MLT,Green tea,5
MLT,coconut rings,5
MLT,karg,5
MLT,merguez,5
MLT,ciser,5
MLT,aru,5
MLT,sausagr,5
MLT,wipes makeup,5
MLT,pelegrino,5
MLT,pull u,5
MLT,arabi,5
MLT,tuna 1,5
MLT,vegab,5
MLT,disposable plate,5
MLT,boos,5
MLT,hash brow,5
MLT,beef je,5
MLT,toothpaste kids,5
MLT,rechargeable vape,5
MLT,tery,5
MLT,ici,5
MLT,aftersh,5
MLT,kif,5
MLT,mikado,5
MLT,atiel,5
MLT,intimate soap,5
MLT,tooth b,5
MLT,hashbro,5
MLT,low calo,5
MLT,leerdamer,5
MLT,pullups,5
MLT,phanner,5
MLT,tic ta,5
MLT,wnerg,5
MLT,montalto,5
MLT,spei,5
MLT,wholmeal,5
MLT,fette bis,5
MLT,magners,5
MLT,red lab,5
MLT,scrap,5
MLT,poppi,5
MLT,pringkes,5
MLT,bottle water,5
MLT,lunch meat,5
MLT,saw,5
MLT,mago,5
MLT,laud,5
MLT,fanr,5
MLT,teriyaki sauce,5
MLT,dr beckma,5
MLT,sok,5
MLT,bolognaise,5
MLT,so?,5
MLT,Lucy,5
MLT,zen,5
MLT,vivagel,5
MLT,pasta reggia,5
MLT,acocado,5
MLT,kids yog,5
MLT,marriws,5
MLT,boscuits,5
MLT,sliced chees,5
MLT,kenc,5
MLT,digital thermometer,5
MLT,fresco,5
MLT,thom,5
MLT,frozen chillberry,5
MLT,ice ceeam,5
MLT,mixed see,5
MLT,panka,5
MLT,marsc,5
MLT,chips paprika,5
MLT,soju,5
MLT,shiitake,5
MLT,bacardi breezer,5
MLT,sachet,5
MLT,nipple shield,5
MLT,Schwartz,5
MLT,milk almo,5
MLT,nob,5
MLT,buiscuit,5
MLT,food box,5
MLT,azzop,5
MLT,hitdog,5
MLT,vian,5
MLT,black rice,5
MLT,zalza ma,5
MLT,chcken,5
MLT,water b,5
MLT,inco,5
MLT,fish seasoning,5
MLT,face pads,5
MLT,chuc,5
MLT,rice 10,5
MLT,open,5
MLT,bread fresh,5
MLT,sausagw,5
MLT,kunder,5
MLT,dise,5
MLT,popcorm,5
MLT,toulet pap,5
MLT,benna youg,5
MLT,red labe,5
MLT,neo,5
MLT,self raisin,5
MLT,Brown sugar,5
MLT,go and fun coffee,5
MLT,fetacheese,5
MLT,nescaff,5
MLT,creckers,5
MLT,organic pads,5
MLT,math,5
MLT,marshmello,5
MLT,jesoer,5
MLT,Pink stuff,5
MLT,toilet paprr,5
MLT,cappell,5
MLT,yogurt l,5
MLT,finish salt,5
MLT,pss,5
MLT,cotteg,5
MLT,no gluten,5
MLT,fitn,5
MLT,cocoun,5
MLT,condenc,5
MLT,abrac,5
MLT,greel,5
MLT,peppr,5
MLT,yougurth,5
MLT,craft beer,5
MLT,hydration tabs,5
MLT,tooth bru,5
MLT,ilm,5
MLT,oakberry,5
MLT,77,5
MLT,vival,5
MLT,goat chese,5
MLT,tzakiki,5
MLT,canta,5
MLT,diet come,5
MLT,bechamela,5
MLT,sulphate free,5
MLT,soagh,5
MLT,mys,5
MLT,eb,5
MLT,protein puddin,5
MLT,bio appl,5
MLT,loght,5
MLT,shampoo color,5
MLT,enchilada,5
MLT,plastik,5
MLT,Blue chees,5
MLT,coccol,5
MLT,Green be,5
MLT,chicekn,5
MLT,cici,5
MLT,Jasmine,5
MLT,Burrata,5
MLT,cheri,5
MLT,cotagge,5
MLT,Croissant,5
MLT,carciofi,5
MLT,condito,5
MLT,hoisi,5
MLT,barilla protein,5
MLT,airpure,5
MLT,pizza rin,5
MLT,mini digestives,5
MLT,maa,5
MLT,wrappi,5
MLT,forest,5
MLT,lif,5
MLT,had,5
MLT,olives pitted,5
MLT,potato crisps,5
MLT,nappy sack,5
MLT,toilet rol,5
MLT,garden peas,5
MLT,greek yogurt protein,5
MLT,daipers,5
MLT,go and gun,5
MLT,2 pin,5
MLT,yogobella,5
MLT,pulp,5
MLT,tedbull,5
MLT,crram,5
MLT,hot choclate,5
MLT,tommee tippee,5
MLT,sauvignon blanc,5
MLT,yougrt,5
MLT,pakets,5
MLT,sgombro,5
MLT,depil,5
MLT,pritein,5
MLT,cero,5
MLT,casarecce,5
MLT,patties,5
MLT,caffee,5
MLT,chicken k,5
MLT,monster white,5
MLT,surgi,5
MLT,pharma,5
MLT,rou,5
MLT,fips,5
MLT,merit,5
MLT,sea bass,5
MLT,zero cal,5
MLT,puffed rice,5
MLT,greek yogurt 10%,5
MLT,three hil,5
MLT,nudel,5
MLT,cheddar s,5
MLT,augar,5
MLT,coloured peppers,5
MLT,yole,5
MLT,tiu,5
MLT,celtic,5
MLT,medowl,5
MLT,white vinega,5
MLT,tide,5
MLT,pinr,5
MLT,half baked,5
MLT,toiletp,5
MLT,lady fi,5
MLT,ricard,5
MLT,parata,5
MLT,sole,5
MLT,eagl,5
MLT,nike,5
MLT,durum,5
MLT,larger,5
MLT,rosmary,5
MLT,la roche,5
MLT,onioms,5
MLT,rice nood,5
MLT,caa,5
MLT,Garli,5
MLT,dove deodorant,5
MLT,cable ties,5
MLT,soffrito,5
MLT,dinosaur,5
MLT,nibbles,5
MLT,quorm,5
MLT,fennel seeds,5
MLT,frozr,5
MLT,hartl,5
MLT,amaiz,5
MLT,chilli fl,5
MLT,ruccula,5
MLT,polish remover,5
MLT,hair mou,5
MLT,Benna ice cream,5
MLT,corron,5
MLT,et,5
MLT,pomstiks,5
MLT,ice re,5
MLT,stake,5
MLT,mosquito spray,5
MLT,nutella bi,5
MLT,dina,5
MLT,moscito,5
MLT,Kerry,5
MLT,witch hazel,5
MLT,vok,5
MLT,cheeros,5
MLT,paper a4,5
MLT,Twisties,5
MLT,humous,5
MLT,pampers size 5,5
MLT,south african,5
MLT,cini,5
MLT,pasta shells,5
MLT,remote,5
MLT,Walt market,5
MLT,chicken bu,5
MLT,critterio,5
MLT,cocktail saus,5
MLT,irn bru,5
MLT,star anise,5
MLT,goandfun,5
MLT,rikottina,5
MLT,ho la,5
MLT,toilet unblocker,5
MLT,milk longlife,5
MLT,fabric detergent,5
MLT,mcv,5
MLT,dalla,5
MLT,mayor pizza,5
MLT,smootie,5
MLT,benna ricotta,5
MLT,matu,5
MLT,mozA,5
MLT,prickly pears,5
MLT,alpro plain,5
MLT,swanky,5
MLT,sanwich,5
MLT,Orange s,5
MLT,moe,5
MLT,cheese di,5
MLT,steam house,5
MLT,bacardi bree,5
MLT,tuekey,5
MLT,elite cheese,5
MLT,dylon,5
MLT,Glute,5
MLT,marjoram,5
MLT,Garbage bag,5
MLT,cherry ice,5
MLT,water 50,5
MLT,siv,5
MLT,heineken zero,5
MLT,saikeb,5
MLT,jeager,5
MLT,babybrl,5
MLT,carnitine,5
MLT,hands soap,5
MLT,bara,5
MLT,kins,5
MLT,oat flake,5
MLT,handker,5
MLT,Vileda,5
MLT,leicester,5
MLT,crab meat,5
MLT,sweet n,5
MLT,pimenton,5
MLT,powerwde,5
MLT,bebba,5
MLT,grated p,5
MLT,jack da,5
MLT,nail p,5
MLT,shapoo,5
MLT,cadbury fingers,5
MLT,maradona,5
MLT,vape oxva,5
MLT,paff,5
MLT,Organic,5
MLT,vegetable burger,5
MLT,camera,5
MLT,bonle,5
MLT,wet foo,5
MLT,strongbo,5
MLT,organic tomato,5
MLT,ch9,5
MLT,shower gel men,5
MLT,preser,5
MLT,dishwashee,5
MLT,plazma,5
MLT,household,5
MLT,bisquit,5
MLT,doigh,5
MLT,onios,5
MLT,granc,5
MLT,fuzetea,5
MLT,cassava,5
MLT,limesc,5
MLT,reming,5
MLT,frosted,5
MLT,bran fl,5
MLT,origan,5
MLT,alarm,5
MLT,mint t,5
MLT,parchment paper,5
MLT,shamoo,5
MLT,sweet and sour sa,5
MLT,powersde,5
MLT,vegtabl,5
MLT,door,5
MLT,runmo,5
MLT,rennie,5
MLT,sourdougg,5
MLT,velo purple,5
MLT,Yougurt,5
MLT,red sa,5
MLT,frii,5
MLT,grissi,5
MLT,keychu,5
MLT,shot glasses,5
MLT,son,5
MLT,frozen mushrooms,5
MLT,rose w,5
MLT,haie,5
MLT,tomato ket,5
MLT,m7,5
MLT,aperol s,5
MLT,visk,5
MLT,wl,5
MLT,humidity,5
MLT,carta i,5
MLT,ixe cream,5
MLT,d3,5
MLT,pro a,5
MLT,kult,5
MLT,Tomato sauce,5
MLT,abracci,5
MLT,t.pa,5
MLT,black o,5
MLT,bicchier,5
MLT,desi,5
MLT,still wa,5
MLT,Primitivo,5
MLT,yugurt,5
MLT,corn chips,5
MLT,cjo,5
MLT,strongb,5
MLT,babylino 4,5
MLT,miglio,5
MLT,wolt san,5
MLT,iran,5
MLT,donnafugata,5
MLT,robert,5
MLT,zip bag,5
MLT,beeg,5
MLT,iceburg,5
MLT,not milk,5
MLT,Ic,5
MLT,cheese gra,5
MLT,red bell,5
MLT,aunty,5
MLT,slami,5
MLT,engli,5
MLT,pet shampoo,5
MLT,astonish spray,5
MLT,male up,5
MLT,soap liquid,5
MLT,salt pink,5
MLT,box of,5
MLT,aloe Vera,5
MLT,gbr,5
MLT,chickens,5
MLT,cereql,5
MLT,mozzarella slice,5
MLT,lavatrice,5
MLT,eye patches,5
MLT,portob,5
MLT,cracket,5
MLT,seven u,5
MLT,Frozen yo,5
MLT,raso,5
MLT,emmental cheese,5
MLT,sec,5
MLT,kro,5
MLT,cheese chips,5
MLT,raki,5
MLT,saucepan,5
MLT,vegetari,5
MLT,lv,5
MLT,petit,5
MLT,actin,5
MLT,water sp,5
MLT,enerf,5
MLT,corn salad,5
MLT,gbejna benna,5
MLT,frozen me,5
MLT,lwnor,5
MLT,benna kid,5
MLT,benac,5
MLT,ariel l,5
MLT,chicken drums,5
MLT,aperol spr,5
MLT,Sauce,5
MLT,puffbar,5
MLT,white be,5
MLT,bums,5
MLT,corn on the co,5
MLT,kombuc,5
MLT,glass woter,5
MLT,kitchen ri,5
MLT,chili crisp,5
MLT,cheese vegan,5
MLT,ready salted,5
MLT,diar,5
MLT,benna yougurt,5
MLT,vogue bl,5
MLT,suave,5
MLT,tissue paper,5
MLT,Che,5
MLT,cheese mix,5
MLT,mashroo,5
MLT,lacr,5
MLT,ainsley,5
MLT,nivea eye,5
MLT,ready to drink lavazza,5
MLT,snowdonia,5
MLT,john fri,5
MLT,white sliced,5
MLT,wipped,5
MLT,nappies 6,5
MLT,tvor,5
MLT,vuse pods,5
MLT,ice p,5
MLT,canilla,5
MLT,greeg,5
MLT,spicy cheese,5
MLT,nesqi,5
MLT,lays max,5
MLT,nacho chips,5
MLT,iber,5
MLT,sygar,5
MLT,ice cream nutella,5
MLT,marlbro,5
MLT,galleta,5
MLT,chilli con carne,5
MLT,parmagian,5
MLT,dry food cat,5
MLT,softer,5
MLT,borlo,5
MLT,meat seas,5
MLT,benna c,5
MLT,xhi,5
MLT,apple wood,5
MLT,Rosemary,5
MLT,Ben and Jerry's,5
MLT,lamb mince,5
MLT,gouten free,5
MLT,gluten free wrap,5
MLT,pre pac,5
MLT,stuffed oli,5
MLT,tuna natural,5
MLT,dishwah,5
MLT,birthday decoration,5
MLT,oys,5
MLT,Royal,5
MLT,Asahi,5
MLT,tornado,5
MLT,btea,5
MLT,ben & jerr,5
MLT,ninja,5
MLT,spac,5
MLT,iqos device,5
MLT,harina,5
MLT,scho,5
MLT,snack cheese,5
MLT,gt,5
MLT,douche,5
MLT,mogu,5
MLT,exeter,5
MLT,condem,5
MLT,rioma,5
MLT,jasp,5
MLT,lubrifi,5
MLT,cana,5
MLT,spit,5
MLT,demo,5
MLT,jogu,5
MLT,menstrual,5
MLT,Brown bread,5
MLT,mustard oil,5
MLT,tew,5
MLT,oralb,5
MLT,novea,5
MLT,Mozza,5
MLT,antibacteria,5
MLT,cesa,5
MLT,pif p,5
MLT,vegan choc,5
MLT,amo,5
MLT,cachet,5
MLT,water 2l,5
MLT,urea,5
MLT,crosss,5
MLT,pinenut,5
MLT,fekix,5
MLT,ginger garlic paste,5
MLT,coffie,5
MLT,birger,5
MLT,drawing,5
MLT,aftersu,5
MLT,calyp,5
MLT,collar bacon,5
MLT,kraut,5
MLT,caponat,5
MLT,nail polish re,5
MLT,caffeine free,5
MLT,brusche,5
MLT,kitchen pape,5
MLT,favuloso,5
MLT,ingwer,5
MLT,cotton dis,5
MLT,brith,5
MLT,Jack Daniele,5
MLT,milka ice cream,5
MLT,salt vapes,5
MLT,Washing,5
MLT,koftas,5
MLT,napies,5
MLT,cuber,5
MLT,greee,5
MLT,laudr,5
MLT,taver,5
MLT,marmel,5
MLT,ketchup zero,5
MLT,rice pasta,5
MLT,farsons,5
MLT,salt and vinega,5
MLT,moo free,5
MLT,grapefruit juice,5
MLT,guar,5
MLT,I e,5
MLT,corslaw,5
MLT,Coke Zero,5
MLT,ice fla,5
MLT,sugarsnap,5
MLT,chipo,5
MLT,tad,5
MLT,wax st,5
MLT,olivrs,5
MLT,pellegri,5
MLT,bokchoy,5
MLT,ciger,5
MLT,farm range,5
MLT,kefur,5
MLT,Walt,5
MLT,protein pan,5
MLT,gift b,5
MLT,Cornetto,5
MLT,milk lact,5
MLT,stamp,5
MLT,rr,5
MLT,snatt,5
MLT,cheese gr,5
MLT,galley,5
MLT,head and shoulder,5
MLT,kimc,5
MLT,voska,5
MLT,vegan pizza,5
MLT,galletto,5
MLT,cocou,5
MLT,after su,5
MLT,beef steak,5
MLT,geeek,5
MLT,rolled oat,5
MLT,drinkd,5
MLT,popcorn cheese,5
MLT,coccod,5
MLT,short crust pastry,5
MLT,7-,5
MLT,El sabor,5
MLT,prange,5
MLT,lactose cheese,5
MLT,frisian fl,5
MLT,greek to,5
MLT,plant based milk,5
MLT,medjo,5
MLT,dop,5
MLT,pesnut,5
MLT,water flav,5
MLT,lom,5
MLT,wastenot,5
MLT,gooda,5
MLT,water nappies,5
MLT,greens q,5
MLT,pasta shell,5
MLT,bière,5
MLT,soft buns,5
MLT,oatmil,5
MLT,frozen fi,5
MLT,water c,5
MLT,lachr,5
MLT,chicken es,5
MLT,always ultra,5
MLT,tesori d,5
MLT,baby oi,5
MLT,yoghury,5
MLT,fruit p,5
MLT,amarone,5
MLT,deodorante,5
MLT,Car,5
MLT,tattoo,5
MLT,plum tomatoes,5
MLT,Mil,5
MLT,twustees,5
MLT,coconot,5
MLT,ice pa,5
MLT,Maltese s,5
MLT,jagermeister,5
MLT,comple,5
MLT,molasses,5
MLT,100,5
MLT,glob,5
MLT,milk la,5
MLT,mini ma,5
MLT,corner beef,5
MLT,guarana,5
MLT,sunbloc,5
MLT,peppee,5
MLT,papee,5
MLT,washing machin,5
MLT,bambinella,5
MLT,ive te,5
MLT,pink sa,5
MLT,term,5
MLT,nivea shower,5
MLT,escal,5
MLT,horli,5
MLT,haor,5
MLT,estat,5
MLT,gibger,5
MLT,amica chips,5
MLT,eoth,5
MLT,coriander powder,5
MLT,buscoff,5
MLT,toielt,5
MLT,pepsi 0,5
MLT,toilet blea,5
MLT,surfa,5
MLT,BBQ s,5
MLT,pott,5
MLT,nitr,5
MLT,capuccin,5
MLT,voc,5
MLT,eggwhite,5
MLT,lemon sofa,5
MLT,greek yoghurt 0%,5
MLT,car wash,5
MLT,mapel,5
MLT,girge,5
MLT,Sunscreen,5
MLT,beef tom,5
MLT,dole,5
MLT,dinde,5
MLT,Iced,5
MLT,butter c,5
MLT,nylon,5
MLT,ati,5
MLT,teiste,5
MLT,italian dressing,5
MLT,present,5
MLT,soured,5
MLT,potato peeler,5
MLT,appet,5
MLT,Gluten,5
MLT,wolt san gwann,5
MLT,crot,5
MLT,muffin cases,5
MLT,cheda,5
MLT,dak,5
MLT,risto,5
MLT,cw,5
MLT,nespressi,5
MLT,laundry po,5
MLT,health aid,5
MLT,allumi,5
MLT,crispbread,5
MLT,nouille,5
MLT,bacardi co,5
MLT,chantilly,5
MLT,dr peper,5
MLT,lasagna sheet,5
MLT,grocery,5
MLT,chovolate,5
MLT,bitter lemo,5
MLT,nuii,5
MLT,taxo,5
MLT,greek ypgurt,5
MLT,steakhouse,5
MLT,john fr,5
MLT,liquid hand soap,5
MLT,wood clean,5
MLT,lord,5
MLT,black chocolate,5
MLT,black peppe,5
MLT,airfre,5
MLT,Thalia,5
MLT,vitabakes,5
MLT,oki,5
MLT,soap ba,5
MLT,sex t,5
MLT,chesee,5
MLT,pust,5
MLT,neste,5
MLT,aople,5
MLT,greem,5
MLT,Akdeniz,5
MLT,homemat,5
MLT,crops,5
MLT,spaghetti rummo,5
MLT,earbu,5
MLT,handsoa,5
MLT,cisc,5
MLT,baby el,5
MLT,strau,5
MLT,pepper mill,5
MLT,stabilo,5
MLT,bemna,5
MLT,queen,5
MLT,quee,5
MLT,marke,5
MLT,baby lotion,5
MLT,coxo,5
MLT,allergy,5
MLT,cups plastic,5
MLT,rosm,5
MLT,elle,5
MLT,green onio,5
MLT,oatb,5
MLT,ciffee,5
MLT,toat,5
MLT,chick pe,5
MLT,hien,5
MLT,ben’s,5
MLT,shade,5
MLT,cashew milk,5
MLT,nescag,5
MLT,mato,5
MLT,unsalte,5
MLT,Hartley,5
MLT,spinat,5
MLT,fette biscottate,5
MLT,smoked bacon,5
MLT,parazo,5
MLT,cheese mozzarella,5
MLT,ice cream lactose,5
MLT,antibacterial soap,5
MLT,poro,5
MLT,cleaning cloth,5
MLT,nuveni,5
MLT,chicken win,5
MLT,supplement,5
MLT,Pro,5
MLT,kinnie spri,5
MLT,sandwich cheese,5
MLT,condese,5
MLT,delic,5
MLT,der,5
MLT,salted chips,5
MLT,kids shower,5
MLT,Lactose,5
MLT,Candles,5
MLT,vanilla y,5
MLT,boeuf,5
MLT,pasta 1,5
MLT,loops,5
MLT,stainle,5
MLT,sani lady,5
MLT,san marz,5
MLT,woddy,5
MLT,hair cli,5
MLT,incont,5
MLT,chrip,5
MLT,omino b,5
MLT,faji,5
MLT,oat f,5
MLT,morocco,5
MLT,onion powde,5
MLT,twix ice cream,5
MLT,onion soup,5
MLT,mazorella,5
MLT,green appl,5
MLT,Kinnie zero,5
MLT,lettuce mix,5
MLT,ditalini,5
MLT,from,5
MLT,rits,5
MLT,cheddq,5
MLT,eden,5
MLT,wuinoa,5
MLT,royal ca,5
MLT,yogurt gelato,5
MLT,vaper,5
MLT,god,5
MLT,number,5
MLT,ta kalc,5
MLT,lacazza,5
MLT,tukey,5
MLT,ice team,5
MLT,jamo,5
MLT,tomata,5
MLT,basha,5
MLT,cridp,5
MLT,frozen burger,5
MLT,Special k,5
MLT,saik,5
MLT,sift,5
MLT,iced latte,5
MLT,carg,5
MLT,long lif,5
MLT,alpro gree,5
MLT,fee,5
MLT,saitaku,5
MLT,san ca,5
MLT,tomato pasta,5
MLT,Vegan ch,5
MLT,chill lemon,5
MLT,coconut oul,5
MLT,ruck,5
MLT,vegan yogurt,5
MLT,bagles,5
MLT,coconut crea,5
MLT,mushrooms frozen,5
MLT,jambo,5
MLT,mango ice,5
MLT,smack,5
MLT,qtips,5
MLT,vegete,5
MLT,casade,5
MLT,dick,5
MLT,salt himal,5
MLT,celle,5
MLT,ice crewm,5
MLT,clothes detergent,5
MLT,aprrol,5
MLT,quas,5
MLT,coke zwro,5
MLT,mayo zero,5
MLT,hair removal cream,5
MLT,biac,5
MLT,salamin,5
MLT,iat,5
MLT,Mr mash,5
MLT,meats a,5
MLT,kidi,5
MLT,dove body wash,5
MLT,ice ce,5
MLT,prezzemolo,5
MLT,chocolate pudding,5
MLT,gourme,5
MLT,oz,5
MLT,taper,5
MLT,ice frea,5
MLT,lipgloss,5
MLT,cheese chedd,5
MLT,soya icecream,5
MLT,miċk,5
MLT,animal biscuits,5
MLT,kinder ca,5
MLT,Tooth,5
MLT,powder detergent,5
MLT,my con,5
MLT,amuchina,5
MLT,Pepsi ma,5
MLT,patt,5
MLT,scottecs,5
MLT,kinder Bueno,5
MLT,tossue,5
MLT,gluten free pi,5
