Country,Query,Searches
GRC,γαλα,23344
GRC,νερο,19431
GRC,αυγα,16579
GRC,γιαουρτι,16116
GRC,τυρι,12545
GRC,coca,12391
GRC,water,11834
GRC,φετα,11226
GRC,ψωμι,11172
GRC,παγωτο,10525
GRC,cottage,10162
GRC,χαρτι,9183
GRC,πατατες,8273
GRC,terea,7674
GRC,γιαούρτι,7408
GRC,coca cola,7334
GRC,protein,6838
GRC,milk,6547
GRC,monster,5742
GRC,σακουλες,5645
GRC,νερα,5585
GRC,πατατακια,5554
GRC,ρυζι,5544
GRC,γάλα,5509
GRC,παγωτό,5084
GRC,παγος,5072
GRC,σαλατα,4934
GRC,κεφιρ,4830
GRC,κοτοπουλο,4827
GRC,ben,4519
GRC,τονος,4508
GRC,νερό,4453
GRC,μακαρονια,4431
GRC,χυμος,4426
GRC,παγωτα,4344
GRC,magic,4318
GRC,γαλοπουλα,4303
GRC,κιμας,4278
GRC,ice,4235
GRC,βουτυρο,4114
GRC,αυγά,4093
GRC,bread,4056
GRC,κρεμα,4014
GRC,zero,3997
GRC,eggs,3851
GRC,planet,3834
GRC,μωρομαντηλα,3779
GRC,cola,3775
GRC,νερ,3773
GRC,ψωμί,3758
GRC,χαρτι υγειας,3736
GRC,χαρτί,3709
GRC,καφες,3681
GRC,αλευρι,3487
GRC,τυρί,3487
GRC,dove,3409
GRC,nescafe,3371
GRC,ντοματες,3333
GRC,μπανανες,3323
GRC,ice cream,3302
GRC,vegan,3282
GRC,cheese,3275
GRC,μελι,3269
GRC,chips,3232
GRC,γιαου,3214
GRC,σοδα,3188
GRC,μαλακτικο,3161
GRC,yogurt,3159
GRC,φέτα,3154
GRC,λεμονια,3139
GRC,bolero,3110
GRC,σαλτσα,3109
GRC,skip,3105
GRC,noodles,3102
GRC,gouda,3064
GRC,για,3060
GRC,χαρτ,3057
GRC,πατα,3056
GRC,δημητριακα,2975
GRC,βρωμη,2967
GRC,μπισκοτα,2967
GRC,χαρτι κουζινας,2949
GRC,πατάτες,2918
GRC,ξυδι,2901
GRC,dettol,2870
GRC,μαγιονεζα,2862
GRC,γιαουρτ,2846
GRC,pesto,2844
GRC,σερβιετες,2841
GRC,αφρολουτρο,2837
GRC,πα,2824
GRC,ντοματινια,2814
GRC,κρεμα γαλακτος,2806
GRC,ντοματα,2805
GRC,pepsi,2801
GRC,τοστ,2792
GRC,ζαχαρη,2784
GRC,αγγουρι,2779
GRC,ζελε,2765
GRC,λεμονι,2726
GRC,φρουτα,2714
GRC,beer,2675
GRC,σοκολατα,2635
GRC,ντομα,2626
GRC,alpro,2594
GRC,μπαρες,2570
GRC,παγωτ,2564
GRC,ψωμι τοστ,2553
GRC,chicken,2510
GRC,αλατι,2500
GRC,σαμπουαν,2498
GRC,χλωρινη,2496
GRC,hell,2493
GRC,παγω,2451
GRC,αποσμητικο,2440
GRC,πιπεριες,2433
GRC,μπυρα,2408
GRC,κρουασαν,2402
GRC,καροτα,2385
GRC,green,2381
GRC,rice,2375
GRC,σκορδο,2366
GRC,τσαι,2320
GRC,butter,2309
GRC,pampers,2295
GRC,κρεμ,2284
GRC,μπυρες,2273
GRC,co,2271
GRC,σακούλες,2264
GRC,granola,2258
GRC,γαντια,2257
GRC,κοτόπουλο,2250
GRC,kinder,2250
GRC,arla,2249
GRC,νουνου,2242
GRC,κουβερτουρα,2230
GRC,λαδι,2221
GRC,ντοματ,2212
GRC,ελιες,2203
GRC,κοτο,2186
GRC,κρεμμ,2178
GRC,μανιταρια,2177
GRC,tomato,2172
GRC,γαλοπούλα,2168
GRC,πατατ,2157
GRC,καλαμποκι,2157
GRC,παγο,2154
GRC,fairy,2153
GRC,παρμεζανα,2144
GRC,wasa,2124
GRC,ντομ,2114
GRC,χυμο,2114
GRC,παγ,2112
GRC,coc,2088
GRC,ice tea,2080
GRC,βούτυρο,2077
GRC,πανες,2059
GRC,μπεικον,2052
GRC,κακαο,2042
GRC,coffee,2014
GRC,χυμός,2012
GRC,μωρο,2006
GRC,μωρομ,1993
GRC,baby,1978
GRC,mochi,1977
GRC,ολυμπος,1976
GRC,nes,1964
GRC,οδοντοκρεμα,1955
GRC,κρασι,1944
GRC,sprite,1939
GRC,total,1928
GRC,feta,1915
GRC,γιαο,1912
GRC,fanta,1912
GRC,πιπερι,1911
GRC,terrea,1909
GRC,κοτομπουκιες,1902
GRC,χαρτί υγείας,1892
GRC,οδοντο,1889
GRC,egg,1884
GRC,κρεμμυδι,1877
GRC,pizza,1876
GRC,καρπουζι,1873
GRC,τσιγαρα,1872
GRC,πιτες,1869
GRC,φακες,1862
GRC,πατατα,1837
GRC,ρυζο,1830
GRC,oreo,1822
GRC,lemon,1819
GRC,κασερι,1804
GRC,barilla,1800
GRC,αγγ,1783
GRC,πατατάκια,1777
GRC,veev,1776
GRC,μουσταρδα,1773
GRC,red,1769
GRC,lime,1750
GRC,μακαρόνια,1738
GRC,καφε,1725
GRC,soda,1725
GRC,klinex,1724
GRC,ariel,1722
GRC,juice,1702
GRC,σαλάτα,1691
GRC,durex,1689
GRC,ψωμ,1688
GRC,μωρομα,1678
GRC,μπανα,1678
GRC,chocolate,1668
GRC,σφουγγαρι,1662
GRC,αβοκαντο,1627
GRC,βανιλια,1615
GRC,κρε,1604
GRC,pop,1594
GRC,sanitas,1578
GRC,pasta,1576
GRC,σφουγγ,1574
GRC,septona,1574
GRC,ρύζι,1571
GRC,τυρι τοστ,1571
GRC,μπισκότα,1562
GRC,φρυγανιες,1558
GRC,avocado,1543
GRC,σακου,1531
GRC,cott,1528
GRC,lays,1527
GRC,κρεας,1524
GRC,τορτιγια,1520
GRC,μπ,1517
GRC,nutree,1514
GRC,κα,1504
GRC,ajax,1503
GRC,tuna,1496
GRC,σαπουνι,1492
GRC,cream,1477
GRC,swiffer,1476
GRC,ter,1471
GRC,φραουλες,1470
GRC,βιταμ,1458
GRC,σφου,1451
GRC,aperol,1450
GRC,nutella,1439
GRC,μπατονετες,1438
GRC,mayo,1435
GRC,coca cola zero,1430
GRC,λεμο,1424
GRC,σπανακι,1422
GRC,καψουλες,1419
GRC,onion,1417
GRC,corn,1417
GRC,κρεμμυδια,1402
GRC,wine,1400
GRC,caprice,1400
GRC,fitness,1398
GRC,lenor,1394
GRC,αγγουρια,1393
GRC,κετσαπ,1390
GRC,κεικ,1382
GRC,lipton,1379
GRC,μαγιο,1377
GRC,ζαγορι,1370
GRC,μαγιονέζα,1362
GRC,σερβ,1361
GRC,παξιμαδια,1358
GRC,γιαουρ,1358
GRC,αγγου,1355
GRC,σακουλ,1350
GRC,βουτ,1348
GRC,γιαουρτια,1340
GRC,panini,1337
GRC,franui,1332
GRC,detol,1323
GRC,τορτι,1321
GRC,λεμον,1320
GRC,ψωμί τοστ,1317
GRC,cheddar,1317
GRC,γαριδες,1316
GRC,ξυραφακια,1314
GRC,red bull,1308
GRC,τορτ,1299
GRC,espresso,1296
GRC,μαρμελαδα,1293
GRC,lacta,1292
GRC,φυστικο,1288
GRC,τυρ,1286
GRC,bee bros,1283
GRC,ταχινι,1268
GRC,μαιντανος,1266
GRC,stevia,1265
GRC,starbucks,1264
GRC,παγωτά,1264
GRC,σα,1264
GRC,μαρουλι,1262
GRC,αυγ,1258
GRC,σαλατες,1256
GRC,digestive,1256
GRC,βικος,1254
GRC,salad,1253
GRC,banana,1244
GRC,μα,1244
GRC,μηλα,1244
GRC,coconut,1243
GRC,μαλακτικό,1240
GRC,αποσμ,1238
GRC,cotta,1238
GRC,redbull,1228
GRC,ginger,1228
GRC,κατικι,1227
GRC,χαρτί κουζίνας,1226
GRC,κρέμα,1222
GRC,aqua,1221
GRC,buldak,1220
GRC,μπα,1214
GRC,φαγε,1213
GRC,αλεύρι,1213
GRC,τυρι κρεμα,1212
GRC,bacon,1209
GRC,στεργιου,1208
GRC,κο,1207
GRC,garlic,1204
GRC,τόνος,1204
GRC,γαλ,1201
GRC,kefir,1199
GRC,vape,1198
GRC,τσιχλες,1193
GRC,καλαμακια,1193
GRC,μπανάνες,1192
GRC,azax,1187
GRC,τυρι τριμμενο,1187
GRC,burger,1186
GRC,μακαρ,1185
GRC,παρμε,1182
GRC,αβγα,1180
GRC,καφές,1180
GRC,πάγος,1179
GRC,honey,1177
GRC,μανιτάρια,1174
GRC,phila,1167
GRC,tonic,1164
GRC,πιτσα,1164
GRC,oatly,1161
GRC,αρακας,1160
GRC,κριτσινια,1158
GRC,halo top,1157
GRC,τορτιγιες,1153
GRC,beef,1151
GRC,κρέμα γάλακτος,1151
GRC,αφρο,1149
GRC,iqos,1143
GRC,yoghurt,1142
GRC,nivea,1142
GRC,σοκολάτα,1139
GRC,κιμάς,1136
GRC,γα,1136
GRC,απορ,1134
GRC,κρεμμύδι,1128
GRC,mozzarella,1124
GRC,κοκα,1121
GRC,phil,1119
GRC,halo,1117
GRC,ζάχαρη,1110
GRC,coke,1109
GRC,πιπερια,1108
GRC,καρ,1107
GRC,ντομάτες,1107
GRC,salmon,1107
GRC,gluten free,1105
GRC,πιπερ,1100
GRC,νερά,1098
GRC,tere,1097
GRC,δημητριακά,1095
GRC,toilet,1089
GRC,chia,1089
GRC,paper,1087
GRC,πεπονι,1085
GRC,ava,1082
GRC,pringles,1079
GRC,τονο,1079
GRC,always,1072
GRC,γραβιερα,1072
GRC,fitness meals,1065
GRC,ροκα,1064
GRC,tofu,1063
GRC,knorr,1061
GRC,salt,1058
GRC,γλυκο,1057
GRC,oat,1057
GRC,mo,1055
GRC,babylino,1055
GRC,σερβι,1048
GRC,toilet paper,1047
GRC,σολομος,1046
GRC,απορρυπαντικο,1045
GRC,noma,1045
GRC,λουκανικα,1045
GRC,pink,1044
GRC,αγγο,1041
GRC,χαρτο,1037
GRC,bee,1034
GRC,κιμα,1034
GRC,καροτο,1031
GRC,αγγούρι,1028
GRC,tortilla,1027
GRC,οδοντ,1022
GRC,adoro,1017
GRC,σαμπουάν,1016
GRC,μπατο,1015
GRC,ανθρακουχο,1015
GRC,κρουασάν,1011
GRC,milko,1010
GRC,φρούτα,1006
GRC,μπύρα,1001
GRC,sugar,999
GRC,vitaline,998
GRC,πελτες,994
GRC,κρεμοσαπουνο,990
GRC,φρεσκουλης,988
GRC,oil,983
GRC,cucumber,982
GRC,μπαταριες,982
GRC,lego,981
GRC,axe,980
GRC,κρεμμυ,975
GRC,απο,975
GRC,ντομάτα,974
GRC,vodka,973
GRC,σαλαμι,972
GRC,ρυζ,969
GRC,σαλα,967
GRC,εβαπορε,965
GRC,μωρομαν,962
GRC,χυμοι,962
GRC,ξινο,960
GRC,haribo,954
GRC,απορρ,953
GRC,χυμ,952
GRC,garnier,952
GRC,cif,947
GRC,μαλακ,943
GRC,κατσικισιο,943
GRC,popcorn,942
GRC,ketchup,941
GRC,plan,941
GRC,μπαναν,940
GRC,γαλοπ,939
GRC,γάντια,939
GRC,σερ,937
GRC,χαρ,935
GRC,πατ,934
GRC,αντι,934
GRC,αμμος,927
GRC,κολοκ,925
GRC,fruit,923
GRC,shampoo,922
GRC,bio,921
GRC,αγγουρ,919
GRC,basmati,916
GRC,gin,916
GRC,βου,916
GRC,conditioner,916
GRC,καρυδια,915
GRC,healthy,915
GRC,amita,913
GRC,tea,912
GRC,σάλτσα,910
GRC,advance,910
GRC,blue,909
GRC,οδοντοβουρτσα,909
GRC,βρώμη,908
GRC,σαλ,907
GRC,πεστο,907
GRC,star,906
GRC,ψω,904
GRC,κερασια,902
GRC,ρυζογκοφρετες,902
GRC,milner,901
GRC,μοτσαρελα,900
GRC,χλωρίνη,895
GRC,agrino,894
GRC,brioche,894
GRC,ζυμαρικα,893
GRC,jumbo,892
GRC,πιτα,892
GRC,pepper,891
GRC,meat,889
GRC,φρυγα,888
GRC,λεμ,880
GRC,μακα,878
GRC,ξυνο,878
GRC,takis,876
GRC,ζαμπον,876
GRC,μακαρο,874
GRC,bagel,872
GRC,merenda,870
GRC,olive oil,869
GRC,φυστικοβουτυρο,868
GRC,pro,868
GRC,καλαμ,867
GRC,κρι κρι,867
GRC,sushi,866
GRC,γαλα αμυγδαλου,865
GRC,μαγια,861
GRC,τσι,861
GRC,ποπ,861
GRC,αφρος,860
GRC,σουρωτη,860
GRC,cereal,860
GRC,σακο,858
GRC,κοτοπ,858
GRC,μπιφτεκια,857
GRC,pop corn,854
GRC,ντο,853
GRC,οδον,850
GRC,πελτε,850
GRC,elvive,847
GRC,φασολακια,847
GRC,μπύρες,846
GRC,γι,845
GRC,ρολο,844
GRC,πρωτεινη,843
GRC,αποσμη,843
GRC,κανελα,842
GRC,κρ,840
GRC,αμυγδαλα,838
GRC,μπροκολο,838
GRC,pumaro,835
GRC,flair,834
GRC,καλαμπο,832
GRC,ξύδι,832
GRC,soupline,832
GRC,sparkling water,829
GRC,μερεντα,828
GRC,σολωμος,828
GRC,καρπούζι,827
GRC,nirvana,827
GRC,nuts,826
GRC,nesca,824
GRC,κου,821
GRC,καρυδα,820
GRC,υγρο,819
GRC,καλαμπόκι,818
GRC,καρότα,817
GRC,sparkling,816
GRC,μπυρ,815
GRC,ma,814
GRC,καλα,814
GRC,potato,809
GRC,αν,808
GRC,endless,807
GRC,αλάτι,803
GRC,karelia,801
GRC,σφουγγαριστρα,798
GRC,κρεμα γαλα,797
GRC,μέλι,797
GRC,κοτ,797
GRC,σταγονες,796
GRC,κριθαρακι,795
GRC,σοκολ,795
GRC,ζαχα,795
GRC,fage,794
GRC,μασκα,794
GRC,μπάρες,793
GRC,δυοσμος,792
GRC,λεμόνι,788
GRC,μπαν,787
GRC,χαρτι υγ,786
GRC,πιπεριές,785
GRC,μπατον,784
GRC,τρουφα,779
GRC,τυρί τριμμένο,778
GRC,veet,777
GRC,λεμοναδα,775
GRC,pantene,774
GRC,οδο,774
GRC,χαρτοπετσετες,774
GRC,παριζα,772
GRC,ελαιολαδο,771
GRC,αβοκ,770
GRC,παξιμαδι,770
GRC,ταμπον,770
GRC,τοματινια,770
GRC,starb,769
GRC,σοκο,769
GRC,ρυζογκο,768
GRC,soy,765
GRC,νε,765
GRC,ανηθος,765
GRC,παξιμ,764
GRC,κεφίρ,763
GRC,καροτ,761
GRC,knor,759
GRC,πορτοκαλια,758
GRC,sauce,757
GRC,σερβιε,753
GRC,φρυγ,753
GRC,μαγιον,752
GRC,γλυκα,751
GRC,σφουγγα,750
GRC,ποτηρια,750
GRC,life,749
GRC,μαλακτ,748
GRC,ham,747
GRC,fish,747
GRC,κινοα,746
GRC,μουστάρδα,746
GRC,τυρί τοστ,743
GRC,μπανανα,743
GRC,λακ,741
GRC,old,740
GRC,κρι,739
GRC,κουβερ,738
GRC,lotus,736
GRC,βουτυ,735
GRC,αναψυκτικά,734
GRC,μπατ,733
GRC,biscoff,732
GRC,σόδα,730
GRC,σφουγ,730
GRC,σφουγγάρι,730
GRC,ζαχαρ,728
GRC,παρμεζάνα,726
GRC,σαλατ,725
GRC,ρυζογ,723
GRC,πικλες,722
GRC,μπαρα,720
GRC,ζαχαρουχο,720
GRC,κουκακη,720
GRC,cot,719
GRC,γαλο,718
GRC,zagori,718
GRC,cottag,716
GRC,sch,716
GRC,blu,716
GRC,χλωρ,716
GRC,viakal,714
GRC,οδοντόκρεμα,714
GRC,ροδακινα,712
GRC,κρου,712
GRC,frozen,710
GRC,nounou,710
GRC,soap,707
GRC,νεκταρινια,707
GRC,ανανας,706
GRC,loreal,706
GRC,parmesan,705
GRC,σολ,704
GRC,haagen,704
GRC,κρεμμύδια,704
GRC,τουρσι,703
GRC,yo,703
GRC,nesc,702
GRC,sani,702
GRC,ποπ κορν,701
GRC,coco,700
GRC,ριγανη,699
GRC,lor,698
GRC,γαλοπο,698
GRC,lurpak,697
GRC,πιπ,697
GRC,power,695
GRC,olives,693
GRC,orange,693
GRC,delia,693
GRC,pummaro,692
GRC,ντοματι,692
GRC,hummus,692
GRC,mon,692
GRC,iceberg,691
GRC,απορρυ,685
GRC,στεβια,682
GRC,μοσχαρι,682
GRC,nachos,682
GRC,πιπε,682
GRC,σακ,681
GRC,κρακερ,681
GRC,ρυζογκ,681
GRC,olive,680
GRC,ξυρα,680
GRC,φρ,679
GRC,κατεψυγμενα,679
GRC,λαχανικα,678
GRC,δημη,678
GRC,apple,678
GRC,matcha,677
GRC,καλαμπ,675
GRC,turkey,674
GRC,παξιμάδια,672
GRC,ανθοτυρο,671
GRC,ζελέ,671
GRC,sour,670
GRC,mango,670
GRC,sw,669
GRC,πουρες,668
GRC,σνακ,667
GRC,ψαρι,667
GRC,baking,666
GRC,παπρικα,665
GRC,μαρμελάδα,664
GRC,τυρο,663
GRC,ρυζογαλο,663
GRC,παξιμα,663
GRC,δημητρ,662
GRC,αραβικη,662
GRC,τσιγάρα,661
GRC,λεμόνια,660
GRC,καρο,659
GRC,βαλσαμικο,659
GRC,μπι,658
GRC,teza,657
GRC,everyday,657
GRC,σκόρδο,657
GRC,σιροπι,657
GRC,wipes,655
GRC,nespresso,654
GRC,jacobs,653
GRC,ανα,653
GRC,φυστ,651
GRC,χυ,650
GRC,σο,647
GRC,ρεβυθια,645
GRC,αντικου,645
GRC,cake,644
GRC,prosecco,644
GRC,0%,642
GRC,αναψυκτικα,642
GRC,βαφη,642
GRC,yog,640
GRC,σαπούνι,639
GRC,almond,638
GRC,bueno,635
GRC,ετοιμα,634
GRC,flour,633
GRC,σνιτσελ,632
GRC,κάψουλες,632
GRC,μωρομαντ,631
GRC,πουτιγκα,630
GRC,πορτο,629
GRC,ελιές,628
GRC,mozz,627
GRC,φακές,627
GRC,mozza,627
GRC,συκα,627
GRC,wettex,626
GRC,ανθρα,626
GRC,γατα,624
GRC,σταφ,624
GRC,τριμμενο,624
GRC,αβοκάντο,624
GRC,motion,623
GRC,παξι,623
GRC,κοτοπο,622
GRC,κουβερτ,621
GRC,wolt,621
GRC,μωρομαντιλα,619
GRC,χα,619
GRC,λαιμ,618
GRC,αλ,618
GRC,doritos,617
GRC,μπιφτεκι,617
GRC,πατατε,616
GRC,pudding,616
GRC,τοματ,616
GRC,ζελεδακια,616
GRC,μπέικον,615
GRC,el sabor,614
GRC,watermelon,614
GRC,λαχανο,613
GRC,κρουτον,613
GRC,ba,612
GRC,cream cheese,612
GRC,κρασί,611
GRC,κοκα κολα,611
GRC,μαν,610
GRC,pa,608
GRC,αφρολ,608
GRC,air,608
GRC,νιοκι,607
GRC,terr,607
GRC,βουτηρο,607
GRC,acai,607
GRC,ασπραδι,605
GRC,πενες,604
GRC,μαλα,604
GRC,old spice,602
GRC,φρυ,601
GRC,αποσμητικό,601
GRC,σφουγγαρ,600
GRC,country,599
GRC,ξηροι,599
GRC,χαρτι κου,598
GRC,coca c,598
GRC,μηλο,597
GRC,πιατα,595
GRC,κατεψυγμένα,595
GRC,το,595
GRC,μπυ,591
GRC,green cola,591
GRC,ριζο,591
GRC,alfa,591
GRC,χαρτοπ,591
GRC,σογια,591
GRC,snacks,590
GRC,χαρτοπετσέτες,590
GRC,βασιλικος,589
GRC,healthy habits,588
GRC,vanish,586
GRC,πατατακι,585
GRC,cat,584
GRC,κυκνος,584
GRC,activia,584
GRC,μωρ,582
GRC,τσάι,582
GRC,ρυ,582
GRC,χλω,582
GRC,det,581
GRC,καπνος,581
GRC,μαϊντανός,580
GRC,πορτοκ,579
GRC,μαντηλακια,579
GRC,cola zero,578
GRC,φρυγανιές,578
GRC,cookies,577
GRC,bag,577
GRC,zewa,576
GRC,toothpaste,576
GRC,salami,575
GRC,λάδι,574
GRC,to,573
GRC,decaf,571
GRC,ροδοπη,571
GRC,ντ,569
GRC,dett,569
GRC,μανι,568
GRC,tooth,567
GRC,θεονη,567
GRC,φρυγανια,567
GRC,avo,566
GRC,καρπου,566
GRC,γαλοπου,566
GRC,παγακια,565
GRC,swe,565
GRC,parme,564
GRC,bake,564
GRC,vanilla,564
GRC,βανίλια,564
GRC,ελαιόλαδο,563
GRC,carrot,561
GRC,σφο,561
GRC,crackers,560
GRC,ζυμαρικά,559
GRC,τυ,558
GRC,λουκα,557
GRC,bake rolls,557
GRC,ca,557
GRC,κιμ,554
GRC,soya,554
GRC,σερβιετακια,552
GRC,οδοντοκ,551
GRC,toast,551
GRC,sweet,550
GRC,ξηροι καρποι,550
GRC,light,549
GRC,αφρ,549
GRC,κερι,549
GRC,hungry not,549
GRC,fix,549
GRC,σκορδ,548
GRC,ch,548
GRC,αφρολο,548
GRC,αντικο,547
GRC,strawberry,546
GRC,μανιτ,546
GRC,υγρο πιατων,545
GRC,ion,545
GRC,powerade,544
GRC,wet,543
GRC,coke zero,542
GRC,κουνουπια,542
GRC,κεφαλοτυρι,542
GRC,μπαταρίες,541
GRC,ξυ,541
GRC,milka,541
GRC,μπεσαμελ,541
GRC,te,540
GRC,τομα,540
GRC,φυστι,539
GRC,corona,539
GRC,απορρυπαντικό,538
GRC,εντομο,537
GRC,κεφι,537
GRC,χαρτί υγειας,537
GRC,εβολ,536
GRC,coca col,536
GRC,γιωτης,536
GRC,πάνες,536
GRC,πραλινα,535
GRC,almond milk,535
GRC,syoss,533
GRC,χαρτομαντηλα,533
GRC,μουστ,533
GRC,Όλυμπος,532
GRC,μπισκο,532
GRC,philade,530
GRC,πορτοκαλαδα,530
GRC,nut,529
GRC,chi,529
GRC,κασέρι,529
GRC,quaker,528
GRC,ξυραφ,526
GRC,τσουρεκι,526
GRC,τυρι φετες,526
GRC,parm,525
GRC,λουκανικο,525
GRC,tomatoes,525
GRC,φυλλο,524
GRC,κεφ,524
GRC,torti,523
GRC,ανθρακούχο,523
GRC,noo,522
GRC,φυστικοβ,521
GRC,τορτιγ,521
GRC,πτι,521
GRC,pe,520
GRC,βαμβακι,520
GRC,σταφιδες,518
GRC,πατατακ,518
GRC,beans,517
GRC,nute,516
GRC,de,516
GRC,πιατων,516
GRC,πανακια,516
GRC,τορτίγια,515
GRC,φαρινα,514
GRC,marlboro,513
GRC,μεβγαλ,513
GRC,κε,512
GRC,κρεμμυδ,512
GRC,finish,512
GRC,μυρτιλα,511
GRC,γαριδακια,511
GRC,swi,511
GRC,μαιν,510
GRC,κοτομπ,508
GRC,καθαριστικο,508
GRC,φρα,508
GRC,αντ,507
GRC,calgon,506
GRC,λουξ,506
GRC,schw,505
GRC,λαδοκολλα,505
GRC,αφρόλουτρο,505
GRC,ζα,505
GRC,παρμ,504
GRC,σοκολα,503
GRC,moz,503
GRC,capri,502
GRC,υποσεντονα,502
GRC,σοκολατες,500
GRC,schwe,499
GRC,illy,499
GRC,φετ,498
GRC,wa,498
GRC,μαγιονε,496
GRC,tubo,496
GRC,ζυμη,496
GRC,noodle,495
GRC,πτι μπερ,494
GRC,πίτες,494
GRC,λουκ,494
GRC,magnum,494
GRC,ξυραφάκια,494
GRC,peanut,493
GRC,φράουλες,493
GRC,σοκοφρετα,493
GRC,πι,493
GRC,oat milk,493
GRC,aroxol,493
GRC,σοδες,492
GRC,mere,491
GRC,cherry,491
GRC,mons,490
GRC,αρκαδι,490
GRC,σκορ,489
GRC,λε,489
GRC,fra,489
GRC,κολοκυθ,489
GRC,χαρτί υγ,489
GRC,μο,488
GRC,καρπ,488
GRC,κοτομπου,488
GRC,magi,487
GRC,κορν,487
GRC,spinach,486
GRC,γκουντα,486
GRC,αβ,486
GRC,τυρια,485
GRC,τριμμένο,485
GRC,σακουλες σκουπιδιων,485
GRC,γιαπυρτι,484
GRC,αλλαντικα,484
GRC,bbq,484
GRC,ηλιελαιο,483
GRC,mars,481
GRC,κρεμοσα,481
GRC,κρουα,481
GRC,σακουλα,480
GRC,κακάο,479
GRC,trata,478
GRC,φασολια,478
GRC,αφρολου,477
GRC,χωρις ζαχαρη,476
GRC,αλφα,476
GRC,αναψ,475
GRC,ταμπλετες,475
GRC,cottage cheese,475
GRC,Στεργίου,475
GRC,καλαμα,474
GRC,πορτοκαλι,473
GRC,ζωμος,473
GRC,nero,472
GRC,μαιντα,472
GRC,μπιφτέκια,471
GRC,tuborg,471
GRC,coca co,471
GRC,μαιντανο,471
GRC,maybelline,470
GRC,χουμους,470
GRC,αμυγδ,470
GRC,ιον,468
GRC,sour cream,468
GRC,philad,468
GRC,βα,467
GRC,σκουπα,467
GRC,pet,466
GRC,κατε,466
GRC,σερβιετ,466
GRC,nood,465
GRC,κοτοπου,465
GRC,Philadelphia,465
GRC,κασιους,463
GRC,titan,463
GRC,peanut butter,463
GRC,dirollo,461
GRC,παρμεζ,461
GRC,μαιντ,461
GRC,pan,461
GRC,αλευρ,460
GRC,φυστικ,460
GRC,αγγούρια,459
GRC,καρπο,459
GRC,κολο,458
GRC,snack,458
GRC,no sugar,458
GRC,ανιθος,458
GRC,sa,457
GRC,κατσικίσιο,457
GRC,λουκάνικα,456
GRC,χαρτι κουζ,456
GRC,γιαούρτια,456
GRC,καπαρη,456
GRC,γλυκοπ,453
GRC,la,451
GRC,σως,451
GRC,laundry,451
GRC,υγρό,451
GRC,αβοκα,450
GRC,bu,450
GRC,πο,450
GRC,oats,449
GRC,schweppes,449
GRC,στεργίου,448
GRC,αυ,448
GRC,kaiser,448
GRC,απορυ,448
GRC,μωρομάντηλα,447
GRC,υγειας,447
GRC,κρεμα γα,447
GRC,masti,447
GRC,κολοκυ,447
GRC,σπανα,447
GRC,τοματες,446
GRC,ασετον,446
GRC,μαι,446
GRC,αρωματικο,446
GRC,πορτ,446
GRC,coffe,445
GRC,σφ,445
GRC,straw,445
GRC,χλωρι,444
GRC,γραβιέρα,444
GRC,τυρι τρ,443
GRC,αμυγ,442
GRC,bana,442
GRC,mozarella,442
GRC,hair,442
GRC,steak,442
GRC,peps,442
GRC,καρελια,441
GRC,blueberries,441
GRC,αλου,441
GRC,molto,440
GRC,τοματα,440
GRC,γλυκοπατατες,439
GRC,μαλακτι,439
GRC,γαρίδες,439
GRC,τσιπς,438
GRC,προβειο,438
GRC,φραου,438
GRC,μπαλονια,437
GRC,berries,437
GRC,αμυγδα,437
GRC,burrata,436
GRC,fit,436
GRC,αλουμ,435
GRC,τριμμ,435
GRC,icecream,435
GRC,αλουμινοχαρτο,434
GRC,sausage,434
GRC,hungry,434
GRC,κατσικι,434
GRC,candy,432
GRC,αρα,432
GRC,μουστα,431
GRC,σπανάκι,431
GRC,προ,431
GRC,cookie,430
GRC,χυμό,430
GRC,marl,430
GRC,tort,430
GRC,potatoes,430
GRC,vikos,429
GRC,ταχίνι,429
GRC,μαγι,429
GRC,αναψυ,429
GRC,μαρμε,428
GRC,vileda,428
GRC,plan(e)t,428
GRC,μαρούλι,428
GRC,fa,427
GRC,al,427
GRC,προσουτο,426
GRC,sc,426
GRC,gel,426
GRC,pita,426
GRC,αλευ,425
GRC,αντηλιακο,425
GRC,tequila,425
GRC,σκο,424
GRC,μπισκ,424
GRC,μπατα,423
GRC,κατ,423
GRC,πεννες,423
GRC,σουσαμι,422
GRC,αλε,422
GRC,ζελ,422
GRC,τυρί κρέμα,421
GRC,κουβερτούρα,420
GRC,καρυ,419
GRC,mentos,419
GRC,swif,419
GRC,μπαρμπα,418
GRC,σακουλε,417
GRC,ταπερ,417
GRC,αχνη,417
GRC,prot,417
GRC,αβο,417
GRC,mint,416
GRC,perrier,416
GRC,san,415
GRC,σαλτσες,415
GRC,τσιγ,414
GRC,ανηθο,414
GRC,γαρι,414
GRC,χωρις λακτοζη,413
GRC,be,413
GRC,lettuce,413
GRC,μπατονε,413
GRC,so,413
GRC,cheetos,412
GRC,κριτσι,412
GRC,wat,412
GRC,toma,411
GRC,pickle,411
GRC,radler,410
GRC,σάντουιτς,410
GRC,κολλα,410
GRC,bar,409
GRC,pickles,409
GRC,τοφου,409
GRC,tissue,408
GRC,vinegar,407
GRC,αλουμι,407
GRC,μοτσα,407
GRC,heinz,407
GRC,pancakes,407
GRC,φρου,406
GRC,παρ,406
GRC,orange juice,406
GRC,γαλα βρωμης,404
GRC,βο,404
GRC,κρεμα γαλ,403
GRC,paliria,402
GRC,κρέας,402
GRC,τυρι τρι,401
GRC,pros,401
GRC,τζατζικι,401
GRC,ξυραφα,401
GRC,ramen,401
GRC,ουζο,400
GRC,απορρυπ,400
GRC,pep,399
GRC,αραβικες,398
GRC,κοτομ,398
GRC,Ben,398
GRC,protein bar,398
GRC,che,398
GRC,λουκαν,396
GRC,ψωμακια,395
GRC,prose,395
GRC,pamp,395
GRC,αμυ,395
GRC,parsley,394
GRC,δημ,394
GRC,ελληνικος,393
GRC,κριθαράκι,393
GRC,fran,392
GRC,basil,392
GRC,fruits,392
GRC,κατσικ,391
GRC,πινδος,391
GRC,ben and,391
GRC,boler,391
GRC,κυβος,390
GRC,Γαλα,390
GRC,λαδο,390
GRC,ευρηκα,389
GRC,terra,389
GRC,μπριζολα,389
GRC,monst,389
GRC,κουβ,388
GRC,Γιαούρτι,388
GRC,ροδα,388
GRC,τσιγα,388
GRC,στεργ,387
GRC,γλυκοπα,387
GRC,grape,387
GRC,πιπέρι,387
GRC,σαμπου,387
GRC,tomat,386
GRC,κρεμο,386
GRC,χαρτοπε,386
GRC,δελτα,385
GRC,πορτοκα,385
GRC,θεωνη,385
GRC,τορτελινια,385
GRC,σελινο,385
GRC,pla,385
GRC,μπιφτ,385
GRC,spri,384
GRC,water wipes,384
GRC,μαρ,384
GRC,philadel,383
GRC,ρεβ,383
GRC,λαδ,383
GRC,ηλιε,383
GRC,λα,383
GRC,μήλα,382
GRC,πατωμα,382
GRC,αντικουνουπικο,382
GRC,po,381
GRC,σταφυλια,380
GRC,σαμπο,379
GRC,spray,379
GRC,βανι,378
GRC,philadelphia,378
GRC,ανθο,378
GRC,αγγουρακια,378
GRC,coka,377
GRC,στραγγιστο,377
GRC,παρμεζα,377
GRC,oral b,376
GRC,πλαστικα,376
GRC,duck,376
GRC,πεπόνι,376
GRC,οινοπνευμα,375
GRC,gluten,375
GRC,κουλουρι,375
GRC,camel,375
GRC,χωρις,374
GRC,ψωμι του τοστ,374
GRC,peach,374
GRC,mil,373
GRC,οδοντοβ,373
GRC,μπαρ,373
GRC,υγρό πιάτων,373
GRC,λου,373
GRC,dige,372
GRC,πελτ,372
GRC,χουρμαδες,372
GRC,γρα,371
GRC,τσίχλες,371
GRC,βανιλ,371
GRC,cho,371
GRC,agnotis,371
GRC,ανηθ,370
GRC,ultrex,370
GRC,scrub,370
GRC,σερβιέτες,369
GRC,pads,369
GRC,φρεσκο,369
GRC,τζιν,368
GRC,nestle,368
GRC,καρυδ,368
GRC,σκονη,368
GRC,γυρος,368
GRC,γαριδ,367
GRC,γλυκοπατατα,367
GRC,καφέ,367
GRC,φραουλα,366
GRC,σταφυ,366
GRC,σουρ,365
GRC,no,365
GRC,choco,365
GRC,μπυρε,364
GRC,mag,364
GRC,μπιφτε,364
GRC,πουμαρο,364
GRC,mar,363
GRC,μανιτα,363
GRC,ηλι,363
GRC,ket,362
GRC,χαρτι υ,362
GRC,καφ,361
GRC,energy,361
GRC,ανθ,361
GRC,κοτομπο,361
GRC,noxzema,361
GRC,μπεικ,361
GRC,καλαμάκια,360
GRC,γαρ,360
GRC,σαλτ,360
GRC,μπαχαρικα,360
GRC,mustard,360
GRC,edam,359
GRC,pum,359
GRC,baril,359
GRC,παπαδοπουλου,358
GRC,καπνικα,358
GRC,the bee,358
GRC,lemonade,358
GRC,vapona,358
GRC,condi,358
GRC,μελιτζανες,357
GRC,starbu,357
GRC,πρασο,356
GRC,ruffles,356
GRC,τορτιγι,356
GRC,airwick,355
GRC,αγ,355
GRC,παν,355
GRC,jam,355
GRC,νου,355
GRC,capr,355
GRC,βρωμ,355
GRC,κουνου,354
GRC,wolt market,354
GRC,dish,354
GRC,hankies,354
GRC,φρυγαν,354
GRC,γλυ,354
GRC,σολω,354
GRC,prote,352
GRC,venus,352
GRC,whey,352
GRC,αραβικ,352
GRC,tuboflo,351
GRC,κολ,351
GRC,κρουασα,351
GRC,lux,351
GRC,baking powder,351
GRC,σταγόνες,350
GRC,lactose free,350
GRC,cat food,350
GRC,di,350
GRC,sponge,350
GRC,twix,350
GRC,φασολ,349
GRC,κατεψ,349
GRC,μαλακτικ,349
GRC,croissant,349
GRC,νεκτα,349
GRC,nuggets,348
GRC,κονκασε,348
GRC,σολο,348
GRC,nescaf,348
GRC,χλ,347
GRC,nan,347
GRC,barista,346
GRC,σιρόπι,346
GRC,αποσ,346
GRC,μεμβρανη,345
GRC,μπει,344
GRC,χαρουπι,344
GRC,hot dog,344
GRC,πιτ,344
GRC,ξυδ,344
GRC,nacho,344
GRC,αρωμα,344
GRC,cracker,344
GRC,prin,344
GRC,coca zero,344
GRC,αλατ,343
GRC,sugar free,343
GRC,cap,342
GRC,lactose,342
GRC,gum,342
GRC,le,342
GRC,νεκταρ,342
GRC,ντεμακιγιαζ,342
GRC,αντικ,341
GRC,κουβε,340
GRC,ροδι,340
GRC,terre,339
GRC,cotton,339
GRC,γαλα χωρις,339
GRC,κριθα,339
GRC,yogu,338
GRC,dry,338
GRC,ξυραφακι,338
GRC,babybel,337
GRC,απος,337
GRC,jerky,337
GRC,head,337
GRC,kiwi,337
GRC,στερ,337
GRC,κερακια,336
GRC,algida,336
GRC,δημητρι,336
GRC,γαλα αμυ,336
GRC,κερα,336
GRC,garbage,335
GRC,de cecco,335
GRC,taco,335
GRC,βουτυρ,335
GRC,ταψι,335
GRC,grana,335
GRC,tom,334
GRC,ανθότυρο,334
GRC,vaseline,334
GRC,οδοντοκρ,333
GRC,soup,333
GRC,κολοκυθακια,333
GRC,bur,333
GRC,κατσι,332
GRC,λαδόκολλα,332
GRC,super,332
GRC,μαγιά,332
GRC,gourmet,332
GRC,χαρτι υγε,331
GRC,κερ,331
GRC,pamper,331
GRC,fair,331
GRC,sp,331
GRC,φυστικοβου,330
GRC,swiff,330
GRC,noodl,330
GRC,πορτοκαλ,330
GRC,pr,330
GRC,παξ,330
GRC,cocacola,330
GRC,γρανιτα,330
GRC,pom,330
GRC,χωρίς ζάχαρη,329
GRC,θυμαρι,329
GRC,my,329
GRC,kellogs,329
GRC,cuc,329
GRC,bol,328
GRC,γάλα αμυγδάλου,328
GRC,σαντ,328
GRC,λαδοκο,328
GRC,bul,327
GRC,mini,327
GRC,πεκορινο,327
GRC,aza,326
GRC,γλυκ,326
GRC,αμυγδαλο,326
GRC,κολα,326
GRC,σαμπ,326
GRC,sandwich,325
GRC,gra,325
GRC,mozzarela,325
GRC,με,325
GRC,Νερο,325
GRC,σπανακ,325
GRC,misko,325
GRC,fuze,325
GRC,οδοντοκρε,324
GRC,azera,324
GRC,θερμος,324
GRC,mal,324
GRC,creatine,324
GRC,coconut water,323
GRC,con,323
GRC,κολοκυθια,323
GRC,my market,323
GRC,detergent,323
GRC,αρακα,323
GRC,fr,322
GRC,κοτατζ,322
GRC,χαρτομ,322
GRC,μπρ,322
GRC,σαλάτες,322
GRC,ηπειρος,321
GRC,bari,321
GRC,χαρτακια,321
GRC,κρεμα γαλακ,321
GRC,αζαξ,321
GRC,grapefruit,320
GRC,ρίγανη,320
GRC,κερια,320
GRC,tsakiris,320
GRC,lavazza,320
GRC,bags,320
GRC,phi,320
GRC,σταφυλι,320
GRC,ταινια,319
GRC,φα,319
GRC,μακαρονι,319
GRC,κεφαλο,319
GRC,protei,319
GRC,ανευ,318
GRC,corn flakes,317
GRC,aper,317
GRC,ηλιέλαιο,317
GRC,κρεμυ,317
GRC,gran,317
GRC,σολομός,317
GRC,κεράσια,317
GRC,baby planet,316
GRC,κρο,316
GRC,tony,316
GRC,φασολάκια,316
GRC,ha,316
GRC,ανανα,315
GRC,almiron,315
GRC,τριμ,315
GRC,ξινο νερο,315
GRC,nu,315
GRC,maggi,315
GRC,χρωμο,315
GRC,μεγαλωνω,315
GRC,χαρτί υ,315
GRC,αρακάς,315
GRC,mythos,314
GRC,αραβ,314
GRC,moc,314
GRC,ετοιμα γευματα,314
GRC,μπε,314
GRC,ne,313
GRC,ξυρ,313
GRC,υποσε,313
GRC,kno,312
GRC,βανιλι,312
GRC,shower gel,312
GRC,γιουρτι,312
GRC,qua,311
GRC,pring,311
GRC,Nescafé,311
GRC,chili,310
GRC,αλλαντικά,310
GRC,cok,310
GRC,μπρι,310
GRC,gloves,310
GRC,τυρι τριμ,310
GRC,fitness meal,310
GRC,souroti,309
GRC,λαδοκ,309
GRC,pi,309
GRC,μπαμιες,309
GRC,πρ,309
GRC,βαλσα,309
GRC,carrots,309
GRC,αλουμινο,309
GRC,ροδακινο,308
GRC,cocktail,308
GRC,wrap,308
GRC,αμυγδαλου,308
GRC,φιλετο,308
GRC,deodorant,308
GRC,Starbucks,308
GRC,lurp,307
GRC,τεκιλα,307
GRC,απορυπαντικο,306
GRC,κατεψυ,306
GRC,νεκτ,306
GRC,σπα,306
GRC,σπαν,306
GRC,χαρτί κου,305
GRC,plan(e,305
GRC,προφυλακτικα,305
GRC,κέτσαπ,305
GRC,tub,305
GRC,κρεμα σωματος,305
GRC,ροφημα,305
GRC,ολυμπο,304
GRC,ελαιο,304
GRC,μακ,304
GRC,ke,304
GRC,καθαριστικα,304
GRC,χαρτί κουζινας,303
GRC,πουρακια,303
GRC,greek yogurt,303
GRC,δημητρια,303
GRC,προφ,302
GRC,κυβοι,302
GRC,holy,302
GRC,βαφη μαλλιων,302
GRC,ρε,302
GRC,wc,302
GRC,μου,302
GRC,barill,301
GRC,πελτέ,301
GRC,σπανακο,301
GRC,colgate,301
GRC,cornetto,301
GRC,τορτε,301
GRC,par,301
GRC,ξυνο νερο,301
GRC,kudu,301
GRC,καραμελες,300
GRC,organix,300
GRC,rio mare,300
GRC,after sun,300
GRC,αποσμητ,300
GRC,ελι,299
GRC,brio,299
GRC,καλαμποκ,299
GRC,kline,299
GRC,ντοματίνια,299
GRC,ανθρακ,298
GRC,τορ,298
GRC,φραουλ,298
GRC,καρύδα,298
GRC,ζεας,298
GRC,Γάλα,297
GRC,τρ,297
GRC,καρότο,297
GRC,βρω,296
GRC,crisps,296
GRC,πιπεριά,296
GRC,κριτσ,296
GRC,φυστικι,296
GRC,σοδ,295
GRC,cajoline,295
GRC,χωρις γλουτενη,295
GRC,pam,295
GRC,trash,295
GRC,kitchen,295
GRC,go,294
GRC,dog,294
GRC,ρο,294
GRC,ροδ,294
GRC,lip,294
GRC,τερεα,293
GRC,μυρτ,293
GRC,απορρυπαντικά,293
GRC,μαντ,292
GRC,τυροπιτα,291
GRC,ζαμπόν,291
GRC,plane,291
GRC,τυρι τριμμ,291
GRC,hipp,290
GRC,τσιχ,290
GRC,στα,290
GRC,κατσελης,290
GRC,σολωμο,290
GRC,παξιμαδ,290
GRC,μαννα,290
GRC,phils,290
GRC,καπν,289
GRC,razor,289
GRC,becel,288
GRC,σακουλακια,288
GRC,δυοσμο,288
GRC,πε,288
GRC,baby oil,288
GRC,bioten,288
GRC,blueb,288
GRC,μπρόκολο,288
GRC,γραβ,288
GRC,μελιτζ,288
GRC,evian,288
GRC,δημητ,288
GRC,ανιθο,288
GRC,white wine,287
GRC,mi,287
GRC,μοτσαρέλα,287
GRC,μαγ,287
GRC,μαρμ,287
GRC,κονσερβα,287
GRC,μυζηθρα,287
GRC,γαλοπουλ,287
GRC,τς,286
GRC,ποτήρια,286
GRC,φακ,286
GRC,glade,286
GRC,adva,286
GRC,σοκολατ,285
GRC,organic,285
GRC,gou,285
GRC,κρεμυδι,284
GRC,σαπου,284
GRC,καρύδια,284
GRC,μπιφτέκι,284
GRC,λευκο,284
GRC,κερασι,284
GRC,pest,283
GRC,ψιχα,283
GRC,zer,282
GRC,ζαγ,282
GRC,κοκ,282
GRC,high protein,282
GRC,τα,282
GRC,μακαρον,282
GRC,ρυζόγαλο,282
GRC,every,282
GRC,μωρομαντη,282
GRC,καλ,282
GRC,goud,281
GRC,χαρτι κουζι,281
GRC,ποτηρι,281
GRC,τσουρέκι,280
GRC,greek,280
GRC,kare,280
GRC,ζαχ,280
GRC,gar,280
GRC,body,280
GRC,τρικαλινο,280
GRC,κουνουπι,280
GRC,τσιχλ,280
GRC,ζαγο,279
GRC,γκρανολα,279
GRC,γαλα αμυγ,279
GRC,toothbrush,279
GRC,sept,279
GRC,redb,279
GRC,chip,279
GRC,ανθρακου,279
GRC,φρουτ,279
GRC,maple,278
GRC,tena,278
GRC,vi,278
GRC,πελτές,278
GRC,soft,278
GRC,αμύγδαλα,278
GRC,πρωτε,277
GRC,φιδακι,277
GRC,ξηροί καρποί,277
GRC,devesa,276
GRC,σολομ,276
GRC,palse,276
GRC,πικλ,276
GRC,καλαμακι,276
GRC,πορτοκαλάδα,276
GRC,br,276
GRC,γιαού,275
GRC,col,275
GRC,medicube,275
GRC,choc,275
GRC,αφρολουτρ,275
GRC,αλα,275
GRC,shrimp,275
GRC,wet wipes,275
GRC,αλουμιν,274
GRC,σαλτσα ντοματας,274
GRC,αυγο,274
GRC,μηλ,274
GRC,βερ,274
GRC,bab,274
GRC,bisc,273
GRC,μαντηλ,273
GRC,σελερι,273
GRC,moch,273
GRC,ρολό,273
GRC,cra,273
GRC,σαβαγιαρ,273
GRC,puma,272
GRC,βρ,272
GRC,the bee bros,272
GRC,red wine,272
GRC,πεπο,272
GRC,m&m,272
GRC,lurpa,272
GRC,μαλ,272
GRC,φρυγανι,272
GRC,σφουγγαρίστρα,271
GRC,γαντ,271
GRC,ξιδι,271
GRC,Coca,271
GRC,γλυκοπατάτες,271
GRC,sou,271
GRC,οδοντόβουρτσα,271
GRC,απ,271
GRC,ολικης,271
GRC,μαλλια,271
GRC,δαφνη,271
GRC,mozzare,270
GRC,βανιλιες,270
GRC,μπεικιν,270
GRC,μπιρα,270
GRC,οινόπνευμα,270
GRC,may,270
GRC,edamame,270
GRC,τριμμενο τυρι,270
GRC,κριτ,269
GRC,αφρός,269
GRC,μελ,269
GRC,ci,269
GRC,ελ,268
GRC,τσα,268
GRC,σκ,268
GRC,εντο,268
GRC,χωρίς,268
GRC,καθαριστικό,267
GRC,chee,267
GRC,δυόσμος,267
GRC,ολυμπ,267
GRC,μπαταρ,267
GRC,μαρου,267
GRC,χαρτι τουαλετας,266
GRC,overlay,266
GRC,dressing,266
GRC,elite,266
GRC,Παγωτό,266
GRC,gooda,266
GRC,malboro,265
GRC,εντομ,265
GRC,ched,265
GRC,tabasco,265
GRC,καρα,265
GRC,πουτι,265
GRC,ta,265
GRC,σολωμ,265
GRC,soy sauce,265
GRC,onigiri,264
GRC,χαρτομα,264
GRC,χωμι,264
GRC,pistachio,264
GRC,κουνουπ,264
GRC,βαφή,264
GRC,γαριδα,264
GRC,baking soda,264
GRC,μοτσαρε,264
GRC,μαστιχα,264
GRC,pick,264
GRC,haa,263
GRC,μω,263
GRC,ανιθ,263
GRC,swep,263
GRC,κανελ,263
GRC,αγγουρακι,263
GRC,melissa,263
GRC,hot,262
GRC,la vache,262
GRC,condom,262
GRC,αλατα,261
GRC,tomato paste,261
GRC,αρακ,261
GRC,re,261
GRC,βαφες,261
GRC,velo,261
GRC,ξυνονερο,261
GRC,nui,260
GRC,7up,260
GRC,απορρυπα,260
GRC,φυ,260
GRC,τσιπουρο,260
GRC,baby wipes,260
GRC,ναρο,260
GRC,τσαντα,260
GRC,mix,260
GRC,ζαχαρου,260
GRC,lay,259
GRC,celery,259
GRC,ντοματο,259
GRC,σφουγγάρια,259
GRC,su,259
GRC,bre,259
GRC,λεμονάδα,259
GRC,μερε,258
GRC,blueberry,258
GRC,κεφτεδακια,258
GRC,φρο,258
GRC,βετεξ,258
GRC,breezer,258
GRC,βρωμης,258
GRC,spaghetti,258
GRC,τρι,257
GRC,ben and jerrys,257
GRC,halls,257
GRC,old hol,257
GRC,ντοματινι,257
GRC,προφυ,257
GRC,τορτίγιες,256
GRC,Ζαγόρι,256
GRC,φρυγανιά,256
GRC,χωρίς γλουτένη,256
GRC,καραμολεγκος,256
GRC,τυροπιτακια,256
GRC,λουμιδης,256
GRC,βαν,256
GRC,car,256
GRC,aja,256
GRC,pecorino,256
GRC,lava,255
GRC,uncle,255
GRC,paprika,255
GRC,χαρτι υγεια,255
GRC,σταφύλια,255
GRC,μανιταρ,255
GRC,χαρτι κο,255
GRC,moza,255
GRC,sun,255
GRC,μαρμελ,255
GRC,κουβερτου,254
GRC,κολοκυθι,254
GRC,ρόκα,254
GRC,ve,254
GRC,φυστικια,254
GRC,τομ,254
GRC,σου,253
GRC,καρολινα,253
GRC,γιαουρτι 2,253
GRC,σταμου,253
GRC,hand soap,253
GRC,αντηλιακό,253
GRC,τσια,252
GRC,τουρσί,252
GRC,dolce,252
GRC,roll,251
GRC,shower,251
GRC,κασερ,251
GRC,bic,251
GRC,brie,251
GRC,el,251
GRC,μπεσα,251
GRC,σαρδελες,251
GRC,chilli,250
GRC,do,250
GRC,βιολογικα,250
GRC,ριζ,250
GRC,κουζινας,250
GRC,σαπουνι χεριων,250
GRC,νεκ,250
GRC,σοκολατουχο,250
GRC,νες,250
GRC,ka,250
GRC,παστα,250
GRC,vee,249
GRC,grapes,249
GRC,felix,249
GRC,soon,249
GRC,λαχα,249
GRC,oral,249
GRC,snickers,249
GRC,κουοπουλο,248
GRC,φετες,248
GRC,λαζανια,248
GRC,pineapple,248
GRC,sanex,248
GRC,lur,248
GRC,πορτοκάλια,248
GRC,τροφη,248
GRC,ben &,248
GRC,ντακος,248
GRC,κατσα,247
GRC,arizona,247
GRC,cbd,247
GRC,άνηθος,247
GRC,κολοκυθα,247
GRC,vetex,247
GRC,μπισκοτ,247
GRC,βιολο,247
GRC,μανο,247
GRC,αμυγδαλ,247
GRC,dry shampoo,247
GRC,ξηροί,247
GRC,nutel,246
GRC,κρέμα γαλακτος,246
GRC,li,246
GRC,stra,246
GRC,πικλα,246
GRC,pork,246
GRC,sal,246
GRC,via,246
GRC,ξηρ,246
GRC,dark chocolate,245
GRC,πλυντηριο,245
GRC,gree,245
GRC,σαλάμι,245
GRC,tu,245
GRC,carroten,245
GRC,ποτα,245
GRC,truffle,245
GRC,bisco,245
GRC,βουρτσα,245
GRC,λουκανι,245
GRC,κουκ,245
GRC,αντικουν,244
GRC,fi,244
GRC,mojito,244
GRC,granol,244
GRC,autan,244
GRC,mastiqua,244
GRC,γιο,244
GRC,κουβας,244
GRC,γαλα καρυδας,244
GRC,after,244
GRC,Νερό,244
GRC,σουρω,243
GRC,Αυγα,243
GRC,κρεμυδια,243
GRC,davidoff,243
GRC,sprit,243
GRC,βιο,243
GRC,κακα,243
GRC,gua,242
GRC,digest,242
GRC,σοκ,242
GRC,σαντουιτς,242
GRC,black,242
GRC,cr,242
GRC,ρολο κουζινας,242
GRC,persil,242
GRC,καραμ,242
GRC,fries,241
GRC,nox,241
GRC,χαρτί κουζ,241
GRC,ντοματιν,241
GRC,σπρει,241
GRC,avoca,241
GRC,xixo,241
GRC,παγα,241
GRC,σφουγγαρια,241
GRC,καλαμακ,241
GRC,μαντηλάκια,241
GRC,bis,240
GRC,πετσετα,240
GRC,φιλ,240
GRC,ocb,240
GRC,ολυ,240
GRC,dr,240
GRC,lu,240
GRC,φασο,240
GRC,ασπρα,239
GRC,dubai,239
GRC,αποσμητι,239
GRC,γιαούρτ,239
GRC,πίτσα,238
GRC,γλ,238
GRC,γιγαντες,238
GRC,πρόβειο,238
GRC,le petit,238
GRC,τοματο,237
GRC,μελιτ,237
GRC,candle,237
GRC,cranberry,237
GRC,rol,237
GRC,σοκολατα υγειας,237
GRC,melon,237
GRC,plastic,237
GRC,νουν,237
GRC,harpic,236
GRC,dixan,236
GRC,μπρο,236
GRC,Dettol,236
GRC,φε,235
GRC,λαχανικά,235
GRC,cinnamon,235
GRC,aloe,235
GRC,τζατζίκι,235
GRC,κρεμες,235
GRC,deli,235
GRC,dill,235
GRC,avoc,235
GRC,biscuit,235
GRC,kettle,235
GRC,πουρε,235
GRC,3αλφα,235
GRC,έτοιμα,234
GRC,korean,234
GRC,tomato sauce,234
GRC,άμμος,234
GRC,αβγά,234
GRC,κρουασ,234
GRC,listerine,234
GRC,tampon,234
GRC,μοσχ,234
GRC,bole,234
GRC,βιολαντα,234
GRC,αντικουνου,234
GRC,yes,234
GRC,detto,234
GRC,spr,233
GRC,καρπουζ,233
GRC,πουρές,233
GRC,κέικ,233
GRC,μπανάνα,233
GRC,σολομο,233
GRC,salsa,232
GRC,αραβι,232
GRC,zip,232
GRC,μπολ,232
GRC,concentrate,232
GRC,αντικολλ,232
GRC,λαμπα,232
GRC,πιπεριε,231
GRC,λακτοζη,231
GRC,θε,231
GRC,tacos,231
GRC,τσικι,231
GRC,τορτελ,231
GRC,τυρί τρ,231
GRC,μπανανε,230
GRC,chick,230
GRC,στ,230
GRC,τσ,230
GRC,beef jerky,230
GRC,pu,230
GRC,ob,230
GRC,στηθος,230
GRC,καψου,230
GRC,meren,230
GRC,paloma,230
GRC,γλυκό,229
GRC,ντοματε,229
GRC,caramel,229
GRC,carnicero,229
GRC,vita,229
GRC,ri,229
GRC,αμμο,229
GRC,μανγκο,229
GRC,κριθ,229
GRC,σκλα,229
GRC,pumm,228
GRC,free,228
GRC,μαυρη σοκολατα,228
GRC,γαντι,228
GRC,αφρολουτ,228
GRC,τρούφα,228
GRC,birthday,228
GRC,diges,228
GRC,δυο,228
GRC,μουσταρ,228
GRC,τζιντζερ,228
GRC,raid,228
GRC,μαλλακτικο,227
GRC,κι,227
GRC,φύλλο,227
GRC,mushroom,227
GRC,aloma,227
GRC,banan,227
GRC,γαλα αμ,227
GRC,spar,227
GRC,sh,226
GRC,μπουμπας,226
GRC,σταφίδες,226
GRC,ανθρακουχο νερο,226
GRC,kiss,226
GRC,αμ,226
GRC,ανι,226
GRC,pepsi max,225
GRC,αντικολλητικο,225
GRC,depon,225
GRC,nutr,225
GRC,προφυλακτικά,225
GRC,κρεα,225
GRC,guan,225
GRC,theoni,225
GRC,baygon,225
GRC,παυλιδης,225
GRC,βυσσινο,224
GRC,bounty,224
GRC,κρεμα γ,224
GRC,λουκανικ,224
GRC,χλωριν,224
GRC,rio,224
GRC,alp,224
GRC,super spoon,223
GRC,rose,223
GRC,γλυκοπατα,223
GRC,long chips,223
GRC,palmolive,223
GRC,deo,223
GRC,φυστικοβο,223
GRC,τζα,222
GRC,αποσμητικα,222
GRC,ηβη,222
GRC,kyknos,222
GRC,παριζακι,222
GRC,μελιτζα,222
GRC,kit,222
GRC,st,222
GRC,ροδάκινα,222
GRC,ρι,221
GRC,slim,221
GRC,συρμα,221
GRC,καπνός,221
GRC,alpha,221
GRC,mac,221
GRC,φιλτρα,221
GRC,σοβολος,221
GRC,cor,221
GRC,κουκα,220
GRC,πάγο,220
GRC,μοτσαρ,220
GRC,πιατ,220
GRC,χαρτι κ,220
GRC,μπεικο,220
GRC,μαργαρινη,220
GRC,τσενταρ,220
GRC,ras,220
GRC,μαμος,220
GRC,rice cake,220
GRC,γκούντα,220
GRC,παξιμάδι,220
GRC,χυμοί,219
GRC,σπανακορυζο,219
GRC,ξινονερο,219
GRC,μπουγατσα,219
GRC,αχλαδια,219
GRC,nou,219
GRC,γαλα αμυγδα,219
GRC,septo,219
GRC,omo,219
GRC,μαρμελα,219
GRC,δυοσμ,219
GRC,αλουμινόχαρτο,218
GRC,μαινταν,218
GRC,απορυπ,218
GRC,μυ,218
GRC,marlb,218
GRC,broccoli,218
GRC,coca cola light,218
GRC,τουαλετα,217
GRC,asian,217
GRC,ψάρι,217
GRC,μάσκα,217
GRC,βασι,217
GRC,regato,217
GRC,mc,217
GRC,cota,217
GRC,πουτίγκα,217
GRC,λευκο τυρι,217
GRC,cig,217
GRC,pri,216
GRC,βασιλικός,216
GRC,se,216
GRC,μπασματι,216
GRC,lemons,216
GRC,7days,216
GRC,drink,216
GRC,κρεμοσ,215
GRC,κετσα,215
GRC,καπ,215
GRC,body wash,215
GRC,gerber,215
GRC,malt,215
GRC,cook,215
GRC,γατο,215
GRC,ph,214
GRC,κανέλα,214
GRC,βαμβα,214
GRC,world cup,214
GRC,καραμελα,214
GRC,tost,213
GRC,κρέμα γα,213
GRC,δημητριακ,213
GRC,whiskas,213
GRC,κόκα,213
GRC,bee br,213
GRC,τζατζ,212
GRC,proseco,212
GRC,μασκες,212
GRC,κρεπες,212
GRC,smoothie,212
GRC,φρεσκ,212
GRC,μοσχάρι,212
GRC,χαμομηλι,212
GRC,hel,212
GRC,φουντουνια,212
GRC,ψωμί το,212
GRC,wate,212
GRC,χαρτια,212
GRC,spa,212
GRC,φραο,212
GRC,alpr,212
GRC,humus,211
GRC,σνίτσελ,211
GRC,βερυκοκα,211
GRC,every day,211
GRC,απορυπα,211
GRC,βαμβ,211
GRC,spark,211
GRC,σταφι,211
GRC,lact,211
GRC,σκυλο,211
GRC,tonys,211
GRC,fitn,211
GRC,γαλα ολυμπος,211
GRC,νεκταρι,210
GRC,karel,210
GRC,kleenex,210
GRC,muffin,210
GRC,olympos,210
GRC,τυροπ,210
GRC,κουκουναρι,210
GRC,κυβο,210
GRC,χούμους,210
GRC,Αυγά,210
GRC,mast,210
GRC,ξινό,210
GRC,nail,210
GRC,μελιτζάνες,209
GRC,υγρ,209
GRC,πλιγουρι,209
GRC,σερβιετα,209
GRC,espre,209
GRC,τοματι,209
GRC,mos,209
GRC,ταχ,209
GRC,ζαχαρι,209
GRC,χαρτί υγε,209
GRC,μανουρι,209
GRC,σαπο,209
GRC,πάπρικα,209
GRC,Nutella,209
GRC,hellmans,208
GRC,mas,208
GRC,ταμπλέτες,208
GRC,proderm,208
GRC,πελ,208
GRC,αραβική,208
GRC,φιδες,208
GRC,air wick,208
GRC,white,208
GRC,tortillas,208
GRC,ja,207
GRC,Μερέντα,207
GRC,κρεατινη,207
GRC,ριζογκο,207
GRC,επιδορπιο,207
GRC,chedd,207
GRC,τόνο,207
GRC,mask,207
GRC,freelact,207
GRC,φασόλια,207
GRC,ροδακ,207
GRC,φασολα,207
GRC,onions,207
GRC,κατσ,207
GRC,μπαρε,206
GRC,strawberries,206
GRC,κρέμα γαλα,206
GRC,ζαγορ,206
GRC,τραχανας,206
GRC,αρ,206
GRC,free lact,206
GRC,ασπράδι,206
GRC,γατοτροφη,206
GRC,υγείας,206
GRC,quinoa,206
GRC,τον,206
GRC,απιο,206
GRC,ρεβυ,205
GRC,me,205
GRC,βοτκα,205
GRC,παγωτινια,205
GRC,nutell,205
GRC,mamos,205
GRC,κανε,205
GRC,κοτοπουλ,205
GRC,crisp,205
GRC,παπα,205
GRC,sourdough,205
GRC,βιδες,204
GRC,cond,204
GRC,σφουγγαρακι,204
GRC,ταχι,204
GRC,μπου,204
GRC,αγαυη,204
GRC,basma,204
GRC,κονιακ,203
GRC,ouzo,203
GRC,pancake,203
GRC,καπνο,203
GRC,φουντ,203
GRC,winston,203
GRC,ροδακι,203
GRC,all bran,203
GRC,μπισκοτο,203
GRC,purina,203
GRC,κρα,203
GRC,pap,203
GRC,αντιηλιακο,203
GRC,κατίκι,203
GRC,rizla,202
GRC,klin,202
GRC,βαφ,202
GRC,χωνακια,202
GRC,κεφαλ,202
GRC,υπο,202
GRC,μπιρες,202
GRC,χωρίς λακτόζη,202
GRC,μαϊντανό,202
GRC,gordon,202
GRC,kit kat,202
GRC,ζυμ,201
GRC,coconut milk,201
GRC,coriander,201
GRC,cotage,201
GRC,fan,201
GRC,oregano,201
GRC,μπιφ,201
GRC,κουβερτο,201
GRC,brets,201
GRC,ελιε,200
GRC,τυροκαυτερη,200
GRC,έτοιμα γεύματα,200
GRC,γιαουρτι 2%,200
GRC,ζε,200
GRC,bro,200
GRC,κουλου,200
GRC,χαρτομάντιλα,200
GRC,ρεβύθια,200
GRC,κακ,200
GRC,ανθος,200
GRC,mosquito,199
GRC,σπ,199
GRC,γιαουρτι χωρις,199
GRC,φουντου,199
GRC,γαλα χωρις λακτοζη,199
GRC,tor,199
GRC,παστελι,199
GRC,bo,199
GRC,nutela,199
GRC,Σουρωτή,199
GRC,τυρί κρεμα,199
GRC,levia,199
GRC,towel,198
GRC,κονταρι,198
GRC,apples,198
GRC,γραβι,198
GRC,amstel,198
GRC,ga,198
GRC,bi,198
GRC,haag,197
GRC,φυλλα,197
GRC,χαρτι υγει,197
GRC,σπαγγετι,197
GRC,γατ,197
GRC,pele,197
GRC,εβα,197
GRC,χυμος ντοματας,197
GRC,mascarpone,197
GRC,πανα,197
GRC,κερασ,196
GRC,κολοκυθάκια,196
GRC,κριθαρ,196
GRC,lo,196
GRC,ce,196
GRC,ace,196
GRC,κρεμοσαπ,196
GRC,sweet potato,196
GRC,κυ,196
GRC,kri,196
GRC,dishwasher,196
GRC,βασιλικο,196
GRC,spicy,195
GRC,βιολ,195
GRC,αβοκαν,195
GRC,σοκοφρε,195
GRC,tampax,195
GRC,μπαχαρι,195
GRC,πρωινο,195
GRC,σκου,195
GRC,μαντη,195
GRC,stella,195
GRC,ποτ,195
GRC,φυτικο,195
GRC,paper towel,195
GRC,ceasar,195
GRC,πλ,195
GRC,curry,195
GRC,καθαρι,194
GRC,μουρα,194
GRC,ποτηρ,194
GRC,prosc,194
GRC,sensodyne,194
GRC,ipa,194
GRC,plan(e),194
GRC,friso,194
GRC,βερικοκα,194
GRC,δωδωνη,194
GRC,mousse,194
GRC,στε,194
GRC,bagels,194
GRC,βιολογικ,194
GRC,σταγ,194
GRC,dori,194
GRC,υγρα,194
GRC,ψαρ,194
GRC,mozzar,193
GRC,cucu,193
GRC,cal,193
GRC,bananas,193
GRC,αντη,193
GRC,σκουπ,193
GRC,σαλτσ,193
GRC,ροδοπ,193
GRC,ακτινιδια,193
GRC,κνορ,192
GRC,ergon,192
GRC,φρεσκούλης,192
GRC,σύκα,192
GRC,sunscreen,192
GRC,ki,192
GRC,χου,192
GRC,pelegrino,192
GRC,γαλα αμυγδ,192
GRC,μαργαρίνη,192
GRC,biscof,192
GRC,iceb,191
GRC,sesame,191
GRC,Coca cola,191
GRC,rice paper,191
GRC,ζύμη,191
GRC,κους,191
GRC,boost,191
GRC,φρεσκου,191
GRC,μους,190
GRC,toni,190
GRC,vegetables,190
GRC,σαμ,190
GRC,κους κους,190
GRC,μαντιλακια,190
GRC,ador,190
GRC,fai,190
GRC,davi,190
GRC,φαριν,190
GRC,ρυζογκοφ,190
GRC,vega,190
GRC,παγάκια,190
GRC,στραγγ,190
GRC,cup,190
GRC,lemo,190
GRC,αναν,189
GRC,alcohol,189
GRC,ασπρ,189
GRC,μεμβράνη,189
GRC,σε,189
GRC,wol,189
GRC,χαρτοπετ,189
GRC,πανε,189
GRC,ολυμ,189
GRC,buld,189
GRC,αποσμητικ,189
GRC,οδοντοβου,189
GRC,χαλουμι,188
GRC,chedar,188
GRC,cocoa,188
GRC,fru,188
GRC,τονικ,188
GRC,aim,188
GRC,βικο,188
GRC,kitchen roll,188
GRC,βιτα,188
GRC,κρεμα τυρι,188
GRC,ντεμα,188
GRC,peas,187
GRC,χαρτί κο,187
GRC,καστανη,187
GRC,μανταλακια,187
GRC,ribeye,187
GRC,μανα,187
GRC,swifer,187
GRC,χρωμοπαγιδες,187
GRC,ferry,187
GRC,καραμε,187
GRC,panc,187
GRC,dolce gusto,187
GRC,ροδο,187
GRC,φι,186
GRC,νεκταρίνια,186
GRC,παπ,186
GRC,hari,186
GRC,σαμπουα,186
GRC,αγγουρα,186
GRC,κιμά,186
GRC,πορτοκαλα,186
GRC,χοιρινο,186
GRC,str,186
GRC,χαρτι υγείας,186
GRC,δισκοι,186
GRC,swee,186
GRC,γκαζακι,186
GRC,δυ,185
GRC,κατσαρ,185
GRC,moven,185
GRC,πένες,185
GRC,πλαστικά,185
GRC,χορτα,185
GRC,μωρομαντηλ,185
GRC,movenpick,185
GRC,ευζι,185
GRC,παντ,185
GRC,dig,185
GRC,ψωνι,185
GRC,σακού,184
GRC,πιτε,184
GRC,mince,184
GRC,καθαρ,184
GRC,κοτομπουκ,184
GRC,rum,184
GRC,potat,184
GRC,καρβουνα,184
GRC,senso,184
GRC,Maybelline,184
GRC,τζαμια,184
GRC,jaco,184
GRC,καψ,183
GRC,ψωμί του τοστ,183
GRC,εβαπο,183
GRC,βασιλ,183
GRC,λιπαντικο,183
GRC,ben and jerry,183
GRC,τυροπι,183
GRC,7 days,183
GRC,ad,183
GRC,ριζογ,183
GRC,chocolate chips,183
GRC,μοσχα,183
GRC,Cottage,183
GRC,hagen,182
GRC,γαλα εβαπορε,182
GRC,παριζ,182
GRC,σοκολατακια,182
GRC,kitchen paper,182
GRC,γλυκά,182
GRC,χτενα,182
GRC,ανθρ,182
GRC,μπριζολες,182
GRC,holy llama,182
GRC,ρουχων,182
GRC,party,181
GRC,carr,181
GRC,he,181
GRC,Γιαουρτι,181
GRC,essex,181
GRC,pinsa,181
GRC,τόφου,181
GRC,nesp,181
GRC,panini world cup,181
GRC,ζεμυθα,181
GRC,κατι,181
GRC,bleach,181
GRC,φρουτο,181
GRC,coff,181
GRC,οδ,181
GRC,πουτ,180
GRC,μαλακτικο ρουχων,180
GRC,barila,180
GRC,αρωματικο χωρου,180
GRC,Τυρι,180
GRC,ανη,180
GRC,σκυλος,180
GRC,κουν,180
GRC,fresh,180
GRC,τσουρε,180
GRC,αυρα,180
GRC,kitkat,180
GRC,kello,180
GRC,μορταδελα,180
GRC,guacamole,180
GRC,γαλατακια,180
GRC,κριτσινι,180
GRC,φερα,180
GRC,nuii,180
GRC,panko,179
GRC,ψωμακι,179
GRC,pot,179
GRC,silver,179
GRC,μυρτι,179
GRC,ψωμί τ,179
GRC,prime,179
GRC,gold,179
GRC,μειγμα,179
GRC,minced,179
GRC,cu,179
GRC,καθα,178
GRC,αχλαδι,178
GRC,μπαλσαμικο,178
GRC,sardines,178
GRC,bifi,178
GRC,self tan,178
GRC,λιαστη,178
GRC,τσιπ,178
GRC,φυστικοβούτυρο,178
GRC,bref,178
GRC,ανθοτ,178
GRC,αρωματικα,178
GRC,σαλαμι αερος,178
GRC,κινόα,178
GRC,spag,178
GRC,χαρτί κ,178
GRC,ταψ,177
GRC,rib,177
GRC,pota,177
GRC,χρωμ,177
GRC,μιραντα,177
GRC,burata,177
GRC,grano,177
GRC,esp,177
GRC,ριζογκ,177
GRC,ψωμι το,177
GRC,Water,177
GRC,τυροκ,177
GRC,νημα,177
GRC,berry,177
GRC,τυρι light,177
GRC,μπο,177
GRC,peppers,177
GRC,ketc,177
GRC,campari,177
GRC,φαρμα,176
GRC,humm,176
GRC,κεφα,176
GRC,wetex,176
GRC,τυρι φετα,176
GRC,ricotta,176
GRC,kli,176
GRC,αποσμινη,176
GRC,beers,176
GRC,Ψωμί,176
GRC,mop,176
GRC,λαχαν,176
GRC,har,176
GRC,πατά,176
GRC,κον,176
GRC,nori,176
GRC,va,176
GRC,σερβιετε,175
GRC,σκόνη,175
GRC,καραμέλες,175
GRC,plan(,175
GRC,ποτη,175
GRC,λεκανη,175
GRC,hand,175
GRC,κεφαλοτύρι,175
GRC,μιμικος,175
GRC,ab,175
GRC,garni,175
GRC,washing,175
GRC,βύσσινο,175
GRC,ετοι,175
GRC,sex,175
GRC,νουνού,175
GRC,pasta sauce,175
GRC,χουρμάδες,175
GRC,τσίπουρο,174
GRC,ζαχαρη αχνη,174
GRC,sche,174
GRC,ρόφημα,174
GRC,κουκακ,174
GRC,μπισ,174
GRC,στέβια,174
GRC,κουνούπια,174
GRC,oatl,174
GRC,βιολογικο,174
GRC,πουρ,174
GRC,μπανιο,174
GRC,chic,174
GRC,κατεψυγ,174
GRC,Karen,174
GRC,μπαρες δημητριακων,174
GRC,πίτα,174
GRC,τυροκα,174
GRC,ξυν,174
GRC,russet,174
GRC,jac,173
GRC,λαδοκολα,173
GRC,chees,173
GRC,ανθοτυ,173
GRC,ριζογκοφρετες,173
GRC,κεφτεδάκια,173
GRC,σαντου,173
GRC,little moons,173
GRC,gilette,173
GRC,κρακερς,173
GRC,ban,173
GRC,Ροδόπη,173
GRC,σοκοφ,173
GRC,vani,173
GRC,arla protein,173
GRC,kri kri,173
GRC,old holborn,173
GRC,παπι,173
GRC,αλοιφες,173
GRC,maybe,173
GRC,νουντλς,173
GRC,acti,173
GRC,sticks,172
GRC,Χαρτί,172
GRC,sprite zero,172
GRC,fiji,172
GRC,av,172
GRC,γαλατα,172
GRC,καψουλ,172
GRC,soupl,172
GRC,μπατονέτες,172
GRC,σος,172
GRC,advan,172
GRC,cucum,172
GRC,φιλαδε,172
GRC,na,171
GRC,τυρί φέτες,171
GRC,σταγονες σοκολατας,171
GRC,friskies,171
GRC,Pepsi,171
GRC,φορμα,171
GRC,nutri,171
GRC,μπαταρι,171
GRC,toil,171
GRC,eye,171
GRC,lion,171
GRC,ρεβυθ,171
GRC,χουρμ,170
GRC,ευ,170
GRC,Monster,170
GRC,hum,170
GRC,καρε,170
GRC,γιαουρτι 0,170
GRC,σαβα,170
GRC,ar,170
GRC,rasp,170
GRC,cherries,170
GRC,wo,170
GRC,vuse,170
GRC,ηλιελ,170
GRC,reeses,170
GRC,λογαδι,170
GRC,οδοντό,170
GRC,δη,170
GRC,ανθρακο,169
GRC,χαρτομαν,169
GRC,papoutsanis,169
GRC,sand,169
GRC,tissues,169
GRC,τριμμε,169
GRC,μαρο,169
GRC,krispies,169
GRC,biscuits,169
GRC,johnson,169
GRC,you,169
GRC,εβαπορέ,169
GRC,που,168
GRC,metaxa,168
GRC,pumar,168
GRC,σαρδέλες,168
GRC,βερυ,168
GRC,ko,168
GRC,χαλβας,168
GRC,pronto,168
GRC,πεπ,168
GRC,μαρουλ,168
GRC,drinks,168
GRC,νουνο,168
GRC,mot,168
GRC,βαμβάκι,168
GRC,λακτόζη,168
GRC,la va,167
GRC,μπλοκ,167
GRC,τυρι σε φετες,167
GRC,σακουλες τροφιμων,167
GRC,σαρδ,167
GRC,φιλα,167
GRC,κράκερ,167
GRC,little,167
GRC,extra,167
GRC,diro,167
GRC,ελαι,167
GRC,καψουλες καφε,167
GRC,complet,167
GRC,σοκοφρ,167
GRC,tsanos,166
GRC,john,166
GRC,peanuts,166
GRC,babyl,166
GRC,βι,166
GRC,ste,166
GRC,pl,166
GRC,per,166
GRC,ic,166
GRC,καπαρ,166
GRC,pel,166
GRC,τσου,166
GRC,απορρυπαν,165
GRC,cabbage,165
GRC,μπιφτεκ,165
GRC,veg,165
GRC,γατες,165
GRC,μπαρμπα σταθης,165
GRC,apple juice,165
GRC,κονσέρβα,165
GRC,mimikos,164
GRC,penne,164
GRC,πεπον,164
GRC,σαπουνι πιατων,164
GRC,χαλ,164
GRC,μαυρο,164
GRC,κασε,164
GRC,cups,164
GRC,νιτσιακος,164
GRC,tahini,164
GRC,nature,164
GRC,φιδε,164
GRC,goat,163
GRC,bluebe,163
GRC,συκ,163
GRC,or,163
GRC,ni,163
GRC,ρυζογα,163
GRC,μασκα μαλλιων,163
GRC,pellegrino,163
GRC,liposan,163
GRC,jelly,163
GRC,κριθαρα,163
GRC,σοκολάτες,163
GRC,sta,163
GRC,νετο,162
GRC,brea,162
GRC,cea,162
GRC,χρυση,162
GRC,golden,162
GRC,beebros,162
GRC,ρωσικη,162
GRC,teak,162
GRC,μπάρα,162
GRC,iced tea,162
GRC,γκο,162
GRC,ετοιμ,162
GRC,capric,162
GRC,kombucha,162
GRC,φυτικό,162
GRC,κρεμα γαλακτ,161
GRC,was,161
GRC,da,161
GRC,παρα,161
GRC,παστιτσιο,161
GRC,κόκα κολα,161
GRC,barbe,161
GRC,lentil,161
GRC,travel,161
GRC,ωτο,161
GRC,haage,161
GRC,γλυκοπατ,161
GRC,βουτη,161
GRC,καρυδι,161
GRC,οινοπν,161
GRC,τυρι τ,161
GRC,φακε,161
GRC,dimello,161
GRC,μεντα,161
GRC,sala,161
GRC,όλυμπος,160
GRC,ζυμα,160
GRC,παγοκ,160
GRC,τυρι τριμενο,160
GRC,ζαχαρο,160
GRC,λο,160
GRC,τυρί τρι,160
GRC,red b,160
GRC,κατικ,160
GRC,Garnier,160
GRC,rice cakes,160
GRC,χρωμοπα,160
GRC,country chips,160
GRC,καπνι,160
GRC,ciga,159
GRC,καλτσες,159
GRC,πανσετα,159
GRC,καφεδ,159
GRC,σαρδελα,159
GRC,εψα,159
GRC,redbu,159
GRC,φάγε,159
GRC,wash,159
GRC,κρέμα γ,159
GRC,τορτελινι,159
GRC,ice crea,159
GRC,pea,159
GRC,τυρόπιτα,159
GRC,tortill,159
GRC,bacardi,159
GRC,elvi,159
GRC,frozen yogurt,159
GRC,λεμονα,158
GRC,gr,158
GRC,σαλαμ,158
GRC,kin,158
GRC,hein,158
GRC,αντικολ,158
GRC,σακούλες σκουπιδιών,158
GRC,μπριζ,158
GRC,κριτσιν,158
GRC,ζαγόρι,158
GRC,κουταλ,158
GRC,Σολωμός,158
GRC,wett,158
GRC,sanit,158
GRC,μαντα,158
GRC,μηλοξ,158
GRC,dog food,158
GRC,mill,158
GRC,apero,157
GRC,fitne,157
GRC,guanciale,157
GRC,rib eye,157
GRC,μερεν,157
GRC,tide,157
GRC,nutre,157
GRC,sni,157
GRC,jo,157
GRC,λευκό τυρί,157
GRC,ψαρο,157
GRC,jacob,157
GRC,ντεμακι,157
GRC,πιάτων,157
GRC,σελ,157
GRC,chicken breast,156
GRC,ντολμαδακια,156
GRC,παρι,156
GRC,pudd,156
GRC,βαμ,156
GRC,condoms,156
GRC,noxz,156
GRC,frulite,156
GRC,μανιταρι,156
GRC,babycare,156
GRC,chutney,156
GRC,εξαδα,156
GRC,οινοπ,156
GRC,viak,156
GRC,φυστικοβουτ,156
GRC,brown sugar,156
GRC,ψωμι τ,156
GRC,nirv,156
GRC,καραμολ,156
GRC,septon,155
GRC,σακούλ,155
GRC,μπαγκετα,155
GRC,γά,155
GRC,dijon,155
GRC,στραγγιστό,155
GRC,fri,155
GRC,old ho,155
GRC,ζαμπο,155
GRC,λάχανο,155
GRC,gi,155
GRC,mushrooms,155
GRC,healthy ha,155
GRC,brownie,155
GRC,τζατ,155
GRC,Πατάτες,155
GRC,χουρμα,155
GRC,spoon,155
GRC,keogh,154
GRC,γαριδάκια,154
GRC,brush,154
GRC,face mask,154
GRC,επιδόρπιο,154
GRC,ice te,154
GRC,μαγειρικη σοδα,154
GRC,ρουμι,154
GRC,whiskey,154
GRC,κονσερβες,154
GRC,γιαουρτι στραγγιστο,154
GRC,κουνο,154
GRC,σακκουλες,154
GRC,θεο,154
GRC,σουρωτ,154
GRC,γύρος,154
GRC,πλαστικα ποτηρια,154
GRC,αντηλ,154
GRC,σι,153
GRC,γιαουρτο,153
GRC,Ψωμι,153
GRC,vo,153
GRC,βατομουρα,153
GRC,raw,153
GRC,μουσ,153
GRC,κουκάκη,153
GRC,syrup,153
GRC,after shave,153
GRC,yogh,153
GRC,dir,153
GRC,ανανάς,153
GRC,καραμελ,153
GRC,stev,153
GRC,μαυρη,153
GRC,gillette,153
GRC,σαντιγι,153
GRC,αμυγδάλου,152
GRC,3bit,152
GRC,καθαριστ,152
GRC,fructis,152
GRC,αναψυκ,152
GRC,glass,152
GRC,πανακι,152
GRC,smart,152
GRC,brioch,152
GRC,dure,152
GRC,μπριος,152
GRC,κύκνος,152
GRC,bakin,152
GRC,de ce,151
GRC,λεμονιά,151
GRC,kellog,151
GRC,αερος,151
GRC,σαν,151
GRC,γαν,151
GRC,creme,151
GRC,teres,151
GRC,sep,151
GRC,κονσερ,151
GRC,bees,151
GRC,pretzel,151
GRC,βιολογ,151
GRC,λεμό,151
GRC,bean,150
GRC,lipt,150
GRC,λουκάνικο,150
GRC,χυμος πορτοκαλι,150
GRC,Coca-Cola,150
GRC,zero sugar,150
GRC,πολτος,150
GRC,Νουνού,150
GRC,σαρδε,150
GRC,heavy cream,150
GRC,maltesers,150
GRC,πανι,150
GRC,κριτσίνια,150
GRC,χρωμοπ,150
GRC,κρουτ,149
GRC,tape,149
GRC,noynoy,149
GRC,air fryer,149
GRC,blueberr,149
GRC,απιον,149
GRC,μπις,149
GRC,cafe,149
GRC,κουο,149
GRC,creta,149
GRC,μπαχαρικά,149
GRC,χαμομήλι,149
GRC,tampons,149
GRC,φρεσκουλ,149
GRC,crack,149
GRC,μοσχαρ,149
GRC,χαρτοπετσε,149
GRC,βανιλινη,149
GRC,ceas,149
GRC,airw,149
GRC,bulda,149
GRC,τσιλι,149
GRC,aqu,149
GRC,νεεο,148
GRC,vital,148
GRC,m&,148
GRC,dip,148
GRC,χαρτάκια,148
GRC,μπαταρια,148
GRC,oli,148
GRC,deto,148
GRC,φορτιστης,148
GRC,πλυντηριο πιατων,148
GRC,redbul,148
GRC,ζυμαρ,148
GRC,σόγια,148
GRC,αβα,148
GRC,φαρ,148
GRC,pic,148
GRC,ra,148
GRC,καν,148
GRC,μπαρμπασταθης,147
GRC,κόκα κόλα,147
GRC,sanilac,147
GRC,βαλ,147
GRC,wette,147
GRC,κορ,147
GRC,hu,147
GRC,ρεσω,147
GRC,harib,147
GRC,ντομά,147
GRC,μαντηλα,147
GRC,bri,147
GRC,μαγιονεζ,147
GRC,αφ,147
GRC,ρεσο,147
GRC,tesori,147
GRC,κουλουρ,147
GRC,χωνακι,147
GRC,adv,146
GRC,ψωμι ολικης,146
GRC,alterra,146
GRC,σακούλα,146
GRC,βαφή μαλλιών,146
GRC,τε,146
GRC,σκορδα,146
GRC,δαμασκηνα,146
GRC,κουλο,146
GRC,απορρυπαντικα,146
GRC,γαλακτο,146
GRC,shaker,146
GRC,τυρί τ,146
GRC,κωσταρελος,146
GRC,el sa,146
GRC,leno,146
GRC,αντικουνουπικα,146
GRC,garn,146
GRC,pants,146
GRC,Terea,146
GRC,αρωματικό,146
GRC,carro,146
GRC,σιρ,146
GRC,μπροκ,146
GRC,sau,145
GRC,dish soap,145
GRC,sienna,145
GRC,ice cre,145
GRC,σουπα,145
GRC,ουισκι,145
GRC,powder,145
GRC,balsamic,145
GRC,μυρ,145
GRC,gala,145
GRC,ζυ,145
GRC,soflan,145
GRC,du,145
GRC,αντιλιακο,145
GRC,ελια,145
GRC,hal,145
GRC,φου,144
GRC,mastiq,144
GRC,cran,144
GRC,κουτα,144
GRC,μελιτζανα,144
GRC,sanita,144
GRC,πίκλες,144
GRC,γλυκοξινη,144
GRC,γκοφρετες,144
GRC,αντιση,144
GRC,οδοντοκρεμ,144
GRC,ρυζογκοφρετα,144
GRC,μπαλα,144
GRC,αρωμ,144
GRC,broc,144
GRC,ροζε,144
GRC,γιου,144
GRC,ice t,143
GRC,εντ,143
GRC,pante,143
GRC,μυζ,143
GRC,οδοντόκρεμες,143
GRC,scotch,143
GRC,αντισ,143
GRC,μπροκο,143
GRC,fytro,143
GRC,γαλα κατσικισιο,143
GRC,Γιώτης,143
GRC,γεμιστα,143
GRC,face,143
GRC,αφρολουτρα,143
GRC,απορρυπαντικο ρουχων,143
GRC,mexican,143
GRC,bl,143
GRC,arie,143
GRC,ρυζογκοφρε,143
GRC,γαλα φρεσκο,143
GRC,jack,143
GRC,κριτς,143
GRC,τουρτα,143
GRC,καραμο,143
GRC,φιξ,143
GRC,βε,143
GRC,bee bro,143
GRC,ταμπλ,143
GRC,σαλατε,142
GRC,malte,142
GRC,merend,142
GRC,κρεμμυδακι,142
GRC,μουσταρδ,142
GRC,coconut oil,142
GRC,μοτ,142
GRC,mocktail,142
GRC,σκυλοτροφη,142
GRC,cleaning,142
GRC,παρμεζαν,142
GRC,μπουκοβο,142
GRC,adora,142
GRC,hot sauce,142
GRC,mer,142
GRC,τυρί τριμμενο,142
GRC,lac,142
GRC,οινο,142
GRC,babyb,142
GRC,τυρι κρε,141
GRC,κυβ,141
GRC,χουμ,141
GRC,black pepper,141
GRC,μυρτιλ,141
GRC,χυμος λεμονι,141
GRC,απορρυπαντ,141
GRC,cof,141
GRC,σουσάμι,141
GRC,κυμινο,141
GRC,σταφυλ,141
GRC,σπορελαιο,141
GRC,fliq,141
GRC,σπορ,141
GRC,απορρυπαντικο πιατων,141
GRC,σουρωτή,141
GRC,cornflakes,141
GRC,cacao,140
GRC,πρωτ,140
GRC,φασ,140
GRC,απιονισμενο,140
GRC,bura,140
GRC,chickpeas,140
GRC,sheba,140
GRC,παντζαρι,140
GRC,ολικής,140
GRC,ασπραδια,140
GRC,monokeros,140
GRC,miln,140
GRC,χαρι,140
GRC,παιχνιδια,140
GRC,mu,140
GRC,λευκό,140
GRC,cider,140
GRC,lotion,140
GRC,κοφτο,139
GRC,στρα,139
GRC,γιαουρτι χωρις λακτοζη,139
GRC,grap,139
GRC,κρασι λευκο,139
GRC,παστ,139
GRC,λευκο κρασι,139
GRC,Τυρί,139
GRC,hemo,139
GRC,ριζι,139
GRC,diapers,139
GRC,ketch,139
GRC,υγρό πιατων,139
GRC,σουσι,139
GRC,τυρί φετες,139
GRC,wipe,139
GRC,mock,139
GRC,ben jerry,139
GRC,ρολ,139
GRC,φράουλα,138
GRC,pumma,138
GRC,endl,138
GRC,Φετα,138
GRC,ριγα,138
GRC,fro,138
GRC,λιγκουινι,138
GRC,κουλουρακια,138
GRC,dark,138
GRC,κοτα,138
GRC,κρακ,138
GRC,τριμμένο τυρί,138
GRC,χαρτι κουζινα,138
GRC,ψωμα,138
GRC,κατσαριδες,138
GRC,ελληνικο,138
GRC,Φέτα,138
GRC,break,138
GRC,arox,138
GRC,νυμφη,138
GRC,κομποστα,138
GRC,brown,138
GRC,tan,138
GRC,oranges,138
GRC,αφρος ξυρισματος,138
GRC,ασπραδ,137
GRC,mayb,137
GRC,αβγ,137
GRC,ze,137
GRC,κερί,137
GRC,κρεμοσάπουνο,137
GRC,αναπτ,137
GRC,fiit,137
GRC,σταφιδ,137
GRC,crunch,137
GRC,teriyaki,137
GRC,πρασινο,137
GRC,parmi,137
GRC,frozen fruit,137
GRC,σαπουν,137
GRC,rigatoni,137
GRC,κουκου,137
GRC,vod,137
GRC,pal,137
GRC,μερ,136
GRC,σφολιατα,136
GRC,brow,136
GRC,βιτ,136
GRC,βοσινακη,136
GRC,φουντουκια,136
GRC,pringl,136
GRC,αντιη,136
GRC,prosciutto,136
GRC,αζα,136
GRC,σπανακοπιτα,136
GRC,karen,136
GRC,θυμάρι,136
GRC,high,136
GRC,smarties,136
GRC,μπαλ,136
GRC,chiken,136
GRC,πρωτει,136
GRC,fe,136
GRC,ανθρακούχο νερό,136
GRC,martini,136
GRC,aro,136
GRC,καψο,136
GRC,kl,136
GRC,ton,136
GRC,κοτό,136
GRC,βαφες μαλλιων,136
GRC,ol,135
GRC,blue cheese,135
GRC,σπαραγγια,135
GRC,orbit,135
GRC,τεστ,135
GRC,καστανη ζαχαρη,135
GRC,battery,135
GRC,πιάτα,135
GRC,conce,135
GRC,si,135
GRC,foil,135
GRC,peppa,135
GRC,krave,135
GRC,basm,135
GRC,κατεψυγμ,135
GRC,ψωμί τοσ,135
GRC,πιρουνια,135
GRC,zillion,135
GRC,μακαρονια ολικης,135
GRC,ζωμός,135
GRC,μπατονετ,135
GRC,αλκοολ,135
GRC,pon,135
GRC,γαυρος,135
GRC,μπατονετε,135
GRC,cigarette,134
GRC,κανελονια,134
GRC,ever,134
GRC,nirva,134
GRC,γιαουρτι φαγε,134
GRC,λαμπες,134
GRC,μεμβ,134
GRC,franu,134
GRC,υποσεν,134
GRC,rizzla,134
GRC,κεφαλοτ,134
GRC,passata,134
GRC,cre,134
GRC,calg,134
GRC,μι,134
GRC,πλυντήριο,134
GRC,τσιχλα,134
GRC,cro,134
GRC,ολ,134
GRC,sriracha,134
GRC,monste,134
GRC,μπουγάτσα,134
GRC,cocon,134
GRC,αλμη,134
GRC,dor,133
GRC,φιλαδ,133
GRC,θερμός,133
GRC,χοιρινό,133
GRC,jasmine,133
GRC,σαντι,133
GRC,donut,133
GRC,cilantro,133
GRC,teq,133
GRC,μηλοξυδο,133
GRC,david,133
GRC,σκορο,133
GRC,heineken,133
GRC,αντιλ,133
GRC,γκου,133
GRC,tabas,133
GRC,ap,133
GRC,aqua carpatica,133
GRC,we,133
GRC,μαλακτικό ρούχων,133
GRC,τυριά,133
GRC,digesti,133
GRC,lindt,133
GRC,Cola,132
GRC,μπεσαμέλ,132
GRC,lentils,132
GRC,raspberry,132
GRC,γίγαντες,132
GRC,nesq,132
GRC,mascara,132
GRC,butt,132
GRC,soba,132
GRC,spices,132
GRC,φευα,132
GRC,ελληνικος καφες,132
GRC,pepp,132
GRC,Magic,132
GRC,ear,132
GRC,ξιν,132
GRC,πέστο,132
GRC,ru,132
GRC,dorito,132
GRC,ταψακι,132
GRC,harmony,132
GRC,ju,132
GRC,κοτομπουκι,132
GRC,wudy,132
GRC,ντομάτ,132
GRC,wet hankies,132
GRC,μασουτης,132
GRC,iq,132
GRC,πορτοκάλι,132
GRC,gillete,131
GRC,pelle,131
GRC,pes,131
GRC,χαρουπ,131
GRC,greek yo,131
GRC,pin,131
GRC,τσουρ,131
GRC,noxema,131
GRC,long,131
GRC,han,131
GRC,πορ,131
GRC,pink grapefruit,131
GRC,tera,131
GRC,λαδοκολ,131
GRC,nach,131
GRC,beyond,131
GRC,gyoza,131
GRC,χαλβα,131
GRC,ξι,131
GRC,yeast,131
GRC,φακη,131
GRC,sweets,131
GRC,dates,131
GRC,malb,131
GRC,youphoria,131
GRC,red bu,131
GRC,τυρακια,131
GRC,χο,131
GRC,ranch,130
GRC,φραπε,130
GRC,dorit,130
GRC,Nespresso,130
GRC,κατς,130
GRC,πλυντ,130
GRC,πιτακια,130
GRC,πέννες,130
GRC,σταφιδα,130
GRC,cream cra,130
GRC,αρω,130
GRC,elephant,130
GRC,μπριαμ,130
GRC,diet coke,130
GRC,αντικουνο,130
GRC,τυρι του τοστ,130
GRC,αντικολλητικό,130
GRC,πατακια,130
GRC,panca,130
GRC,baby food,130
GRC,garnie,130
GRC,αποτριχωση,129
GRC,φυλλ,129
GRC,ψαροκροκετες,129
GRC,παντζ,129
GRC,ταμπλε,129
GRC,ντακο,129
GRC,ro,129
GRC,bake roll,129
GRC,tota,129
GRC,βιολογικά,129
GRC,οσπρια,129
GRC,μπουκαλι,129
GRC,καρπος,129
GRC,αναπ,129
GRC,γκοφρετα,129
GRC,syos,129
GRC,βαλσαμ,129
GRC,μαλακτικη,129
GRC,χαρου,129
GRC,κοτομπουκιές,128
GRC,παγωτι,128
GRC,wraps,128
GRC,λιμα,128
GRC,oliv,128
GRC,ψαρια,128
GRC,triple sec,128
GRC,μιας χρησης,128
GRC,φρε,128
GRC,bars,128
GRC,pizz,128
GRC,κατεψυγμενα φρουτα,128
GRC,νησος,128
GRC,sri,128
GRC,baby care,128
GRC,conc,128
GRC,ξηροί καρποι,128
GRC,αραβικές,128
GRC,μπαμ,128
GRC,αποσκλ,128
GRC,breakfast,128
GRC,ενυδατικη,128
GRC,γιαουρτακια,128
GRC,υφαντης,127
GRC,σπαρα,127
GRC,fer,127
GRC,καρυδας,127
GRC,starbuck,127
GRC,γευματα,127
GRC,χειροπετσετες,127
GRC,pappy,127
GRC,σαλά,127
GRC,mozare,127
GRC,borotalco,127
GRC,οδοντοβο,127
GRC,cream crackers,127
GRC,κρεμα γάλακτος,127
GRC,ακτι,127
GRC,ari,127
GRC,αριανι,127
GRC,ice c,127
GRC,baking po,127
GRC,καφεδες,127
GRC,morfat,127
GRC,lactacyd,127
GRC,κουταλια,127
GRC,φιλτρακια,127
GRC,απορρυπαντικ,127
GRC,softener,127
GRC,σκούπα,127
GRC,cigarettes,127
GRC,ginger ale,127
GRC,almonds,126
GRC,κρασια,126
GRC,μπανά,126
GRC,moscato,126
GRC,petit,126
GRC,βασιλι,126
GRC,paysafe,126
GRC,ζωμο,126
GRC,βυσσιναδα,126
GRC,pant,126
GRC,γάλα αμυ,126
GRC,συκο,126
GRC,tubof,126
GRC,vitamin,126
GRC,καφες φιλτρου,126
GRC,pre,126
GRC,μπλε,126
GRC,πεν,126
GRC,μπαλόνια,126
GRC,κρεμυδ,126
GRC,τσιπουρα,126
GRC,κερας,126
GRC,tur,126
GRC,σακουλες σκου,126
GRC,υποσ,126
GRC,fre,126
GRC,σουσα,125
GRC,χαρτι κουζίνας,125
GRC,λεμόν,125
GRC,chocolate milk,125
GRC,old h,125
GRC,σολωμός,125
GRC,χυλοπιτες,125
GRC,hansaplast,125
GRC,φαρίνα,125
GRC,πουρα,125
GRC,zillions,125
GRC,stick,125
GRC,gil,125
GRC,condit,125
GRC,trident,125
GRC,φρουι,125
GRC,κοτοπιτα,125
GRC,αλο,125
GRC,vin,125
GRC,ζελεδα,125
GRC,ψωμάκια,125
GRC,αποτρ,125
GRC,berr,125
GRC,καρτα,125
GRC,muesli,125
GRC,αντις,125
GRC,barbeque,124
GRC,πολυ,124
GRC,cock,124
GRC,burr,124
GRC,coctail,124
GRC,el sab,124
GRC,glue,124
GRC,plant,124
GRC,aq,124
GRC,marlbo,124
GRC,batteries,124
GRC,parmes,124
GRC,chocol,124
GRC,sojade,124
GRC,αντισηπτικα,124
GRC,φιλέτο,124
GRC,bake ro,124
GRC,ροδοπακι,124
GRC,bee b,124
GRC,ruff,124
GRC,κατσαρι,124
GRC,trash bag,124
GRC,δυοσ,124
GRC,γιαουτ,124
GRC,τριμμεν,123
GRC,ριγαν,123
GRC,ασπ,123
GRC,brioc,123
GRC,sparkl,123
GRC,πρασ,123
GRC,αρωματικ,123
GRC,babybe,123
GRC,φυτικο γαλα,123
GRC,nucrema,123
GRC,usb,123
GRC,κεφτε,123
GRC,μπριζόλα,123
GRC,στεβ,123
GRC,arl,123
GRC,παγοθ,123
GRC,starbuc,122
GRC,ταμπ,122
GRC,fifa,122
GRC,ζυμαρι,122
GRC,σκυλ,122
GRC,popc,122
GRC,waterwipes,122
GRC,ζελεδ,122
GRC,lighter,122
GRC,chlorine,122
GRC,μερο,122
GRC,μποσκοτα,122
GRC,τσιγαρ,122
GRC,loux,122
GRC,pods,122
GRC,πατάτ,122
GRC,γάλ,122
GRC,γάλα χωρίς,122
GRC,beet,122
GRC,vit,122
GRC,φυσ,122
GRC,tza,121
GRC,Δημητριακά,121
GRC,ελα,121
GRC,καθαριστικά,121
GRC,μαστίχα,121
GRC,μωρομά,121
GRC,τραχα,121
GRC,μεγαλώνω,121
GRC,σάλτσες,121
GRC,ζυγαρια,121
GRC,κύβος,121
GRC,χαμο,121
GRC,ταινία,121
GRC,κάπαρη,121
GRC,μανηταρια,121
GRC,deca,121
GRC,ξυνό,121
GRC,sunflower,121
GRC,biotech,121
GRC,perr,121
GRC,pom pon,121
GRC,φιλτρ,121
GRC,make up,120
GRC,σάλτσα ντομάτας,120
GRC,Milk,120
GRC,στυλο,120
GRC,airwi,120
GRC,κρακε,120
GRC,eg,120
GRC,del,120
GRC,Κοτόπουλο,120
GRC,iceber,120
GRC,fris,120
GRC,2%,120
GRC,avocad,120
GRC,λευκαντικο,120
GRC,prosec,120
GRC,bonne,120
GRC,garbage bag,120
GRC,ora,120
GRC,φυστίκι,120
GRC,calgo,120
GRC,σπαγγέτι,120
GRC,bree,120
GRC,ρουχα,120
GRC,μοσχο,120
GRC,κολιανδρος,120
GRC,οδοντόβουρτσες,120
GRC,συ,120
GRC,πρωτεΐνη,120
GRC,σκλαβενιτης,120
GRC,προσου,120
GRC,carpatica,120
GRC,old sp,120
GRC,ντεμακ,120
GRC,tr,120
GRC,καλσον,120
GRC,coo,120
GRC,charger,120
GRC,χυμός ντομάτας,120
GRC,μυρμ,119
GRC,παραγκα,119
GRC,Gouda,119
GRC,υγρο πατωματος,119
GRC,yum,119
GRC,hol,119
GRC,crea,119
GRC,σκευη,119
GRC,davido,119
GRC,rice up,119
GRC,γάλα αμυγ,119
GRC,pimple,119
GRC,ροδακιν,119
GRC,riz,119
GRC,ξηρο,119
GRC,salted,119
GRC,μπουτι,119
GRC,ρυζογκοφρ,119
GRC,souplin,119
GRC,πρα,119
GRC,καπνιστος,119
GRC,κουταλι,119
GRC,heal,119
GRC,λεμονιτα,119
GRC,peper,119
GRC,χουρ,119
GRC,τυρί το,119
GRC,buratta,119
GRC,napkins,119
GRC,guac,119
GRC,πατε,119
GRC,gre,118
GRC,caesar,118
GRC,herbal,118
GRC,μπύρ,118
GRC,τρομπα,118
GRC,cigar,118
GRC,αλλα,118
GRC,planet παγωτο,118
GRC,hellm,118
GRC,κανελλα,118
GRC,Lipton,118
GRC,κρεατα,118
GRC,babyli,118
GRC,izzy,118
GRC,spread,118
GRC,za,118
GRC,zago,118
GRC,pampe,118
GRC,κονσε,118
GRC,Χαρτι,118
GRC,κρέμα γαλ,117
GRC,tzatziki,117
GRC,κιν,117
GRC,πατοι,117
GRC,sardine,117
GRC,αμμ,117
GRC,corn flour,117
GRC,soupli,117
GRC,παγοκυ,117
GRC,lacto,117
GRC,σνι,117
GRC,μήλο,117
GRC,καραμελε,117
GRC,kitten,117
GRC,αλαντικα,117
GRC,lipto,117
GRC,masca,117
GRC,τσιπο,117
GRC,sorbet,117
GRC,mayonnaise,117
GRC,rocket,117
GRC,τουρ,117
GRC,hellman,117
GRC,στήθος,117
GRC,mccain,117
GRC,shave,117
GRC,πλιγούρι,117
GRC,Βίκος,117
GRC,paper towels,117
GRC,sweps,117
GRC,φιλτρου,116
GRC,γαρυφαλλο,116
GRC,εντομοα,116
GRC,pista,116
GRC,rasb,116
GRC,μυζήθρα,116
GRC,παπαδο,116
GRC,bens,116
GRC,ξυραφάκι,116
GRC,lem,116
GRC,batiste,116
GRC,green tea,116
GRC,πτιμπερ,116
GRC,soda water,116
GRC,τζελ,116
GRC,Βούτυρο,116
GRC,σαπούνι χεριών,116
GRC,dav,116
GRC,ski,116
GRC,ακτινι,116
GRC,sweppes,116
GRC,αρκα,116
GRC,tot,116
GRC,floss,116
GRC,dov,116
GRC,fant,116
GRC,λευκη,116
GRC,activ,116
GRC,yogur,116
GRC,gu,116
GRC,keto,116
GRC,σπο,116
GRC,mozzarel,116
GRC,προς,115
GRC,kell,115
GRC,κεφαλοτυ,115
GRC,τυροπιτάκια,115
GRC,kimchi,115
GRC,ηλιο,115
GRC,φαβα,115
GRC,fitness m,115
GRC,τριμενο,115
GRC,υγ,115
GRC,μαστι,115
GRC,halloumi,115
GRC,mice,115
GRC,spring,115
GRC,χαρτα,115
GRC,greek yoghurt,115
GRC,ζαμπ,115
GRC,κλιαφα,115
GRC,χαρτια υγειας,114
GRC,es,114
GRC,σουβλακι,114
GRC,health,114
GRC,ροκ,114
GRC,ποπ κο,114
GRC,jif,114
GRC,Schweppes,114
GRC,ape,114
GRC,body lotion,114
GRC,nature valley,114
GRC,φιλαδελφεια,114
GRC,πατατά,114
GRC,tsa,114
GRC,φουν,114
GRC,τρου,114
GRC,mayon,114
GRC,healthy hab,114
GRC,κρικρι,114
GRC,αρκάδι,114
GRC,γιαούρ,114
GRC,τζι,114
GRC,fisher,114
GRC,γκοφρ,114
GRC,ελαιολ,114
GRC,θερμο,114
GRC,cherr,114
GRC,cheerios,114
GRC,μαλακτικα,114
GRC,Πατατάκια,114
GRC,espress,114
GRC,taba,114
GRC,alwa,114
GRC,φαρασι,114
GRC,tomatoe,113
GRC,tobacco,113
GRC,προβ,113
GRC,udon,113
GRC,cook at home,113
GRC,pine,113
GRC,καρότ,113
GRC,κολιανδρο,113
GRC,χωρ,113
GRC,schar,113
GRC,φυστικοβουτηρο,113
GRC,αρκ,113
GRC,burg,113
GRC,ψαροδημος,113
GRC,πλυντη,113
GRC,ποτήρι,113
GRC,τσακιρης,113
GRC,κρεμαστρες,113
GRC,τομάτες,113
GRC,κρασ,113
GRC,vase,113
GRC,ροδάκινο,113
GRC,νες καφε,113
GRC,προσούτο,113
GRC,Σακούλες,113
GRC,ούζο,113
GRC,stevi,113
GRC,amber,113
GRC,γάλα βρώμης,113
GRC,αποσμητικο χωρου,113
GRC,duo,113
GRC,αγγουράκια,112
GRC,κυμας,112
GRC,άλατα,112
GRC,κρέμα σώματος,112
GRC,φιδ,112
GRC,τσάντα,112
GRC,vitali,112
GRC,αλλ,112
GRC,γκοφρε,112
GRC,ξη,112
GRC,tof,112
GRC,agno,112
GRC,crac,112
GRC,cotag,112
GRC,τροφή,112
GRC,sha,112
GRC,χαρτομαντ,112
GRC,άχνη,112
GRC,σαντο,112
GRC,οινοπνε,112
GRC,παγωτο 0,112
GRC,λιγκου,112
GRC,nir,112
GRC,παντζα,112
GRC,καπα,112
GRC,μαυροματικα,112
GRC,βελουδο,112
GRC,παγοτο,112
GRC,νεκταρινι,111
GRC,τορτελι,111
GRC,ice cr,111
GRC,kefi,111
GRC,καρελ,111
GRC,χωριανο,111
GRC,chil,111
GRC,νυχο,111
GRC,παγακ,111
GRC,Πίνδος,111
GRC,καλωδιο,111
GRC,soja,111
GRC,ριγκατονι,111
GRC,αβοκαντ,111
GRC,ηλεκτρο,111
GRC,μπαρμπ,111
GRC,ac,111
GRC,βιοαγρος,111
GRC,passion,111
GRC,keoghs,111
GRC,Παγωτο,111
GRC,βελουδ,111
GRC,μύρτιλα,111
GRC,bage,111
GRC,walnuts,111
GRC,flai,111
GRC,men,111
GRC,πεκορ,111
GRC,mevgal,111
GRC,zag,111
GRC,ζαχαρούχο,111
GRC,πετσέτα,110
GRC,krisp,110
GRC,magn,110
GRC,παπαδ,110
GRC,cheesecake,110
GRC,ζαχαρουχο γαλα,110
GRC,croi,110
GRC,old spi,110
GRC,basmat,110
GRC,royal,110
GRC,pickl,110
GRC,bue,110
GRC,Παγωτά,110
GRC,food,110
GRC,κοκακολα,110
GRC,επιδο,110
GRC,φυλλα ρυζιου,110
GRC,cam,110
GRC,χρ,110
GRC,φαγητο,110
GRC,delta,110
GRC,κοτινο,110
GRC,baking pow,110
GRC,σαντιγυ,110
GRC,fl,110
GRC,protein powder,110
GRC,μεμ,110
GRC,γαλα νουνου,110
GRC,agri,110
GRC,σελερ,110
GRC,ταχιν,109
GRC,peco,109
GRC,ζαχαρουχ,109
GRC,marsh,109
GRC,βενετης,109
GRC,σαπ,109
GRC,tab,109
GRC,meli,109
GRC,ρολο χαρτι,109
GRC,αντισηπτικά,109
GRC,καιμακι,109
GRC,ελαιολα,109
GRC,πρω,109
GRC,gill,109
GRC,εβαπ,109
GRC,γάτα,109
GRC,γκ,109
GRC,ric,109
GRC,βούρτσα,109
GRC,προφυλ,109
GRC,shamp,109
GRC,mic,109
GRC,pringle,109
GRC,jumb,109
GRC,pani,109
GRC,μηλιτης,109
GRC,pedigree,109
GRC,χαμομ,109
GRC,frisogrow,109
GRC,ifantis,109
GRC,οδοντογλ,109
GRC,panten,109
GRC,νετ,109
GRC,baking paper,108
GRC,ginger beer,108
GRC,κυκν,108
GRC,diaper,108
GRC,αντηλι,108
GRC,τσανος,108
GRC,κας,108
GRC,βασιλικ,108
GRC,condito,108
GRC,γάλα φρέσκο,108
GRC,πεστ,108
GRC,coco pops,108
GRC,λουμι,108
GRC,Αρκάδι,108
GRC,act,108
GRC,rosemary,108
GRC,άνηθο,108
GRC,kar,107
GRC,βελου,107
GRC,quak,107
GRC,pink gr,107
GRC,αγγού,107
GRC,lim,107
GRC,three,107
GRC,Ariel,107
GRC,αχλα,107
GRC,βιολογι,107
GRC,ευβ,107
GRC,γιαπυ,107
GRC,frisomel,107
GRC,αρωματ,107
GRC,σακουλάκια,107
GRC,cookie dough,107
GRC,snus,107
GRC,cumin,107
GRC,νερπ,107
GRC,zyn,107
GRC,hun,107
GRC,μπριζο,107
GRC,λαμπ,107
GRC,my ma,106
GRC,hair mask,106
GRC,αγγουράκι,106
GRC,ομοσπονδια,106
GRC,κόλλα,106
GRC,ηλεκτρολ,106
GRC,stergiou,106
GRC,blueber,106
GRC,τζιντ,106
GRC,gnocchi,106
GRC,πλαστικ,106
GRC,bak,106
GRC,kinde,106
GRC,cin,106
GRC,αρκαδ,106
GRC,σαντιγί,106
GRC,over,106
GRC,Πίτσα,106
GRC,καραμολε,106
GRC,siracha,106
GRC,πλυντηριου,106
GRC,figs,106
GRC,anua,106
GRC,hansa,106
GRC,ντε,106
GRC,buen,105
GRC,sus,105
GRC,color,105
GRC,somersby,105
GRC,ηλιοσπ,105
GRC,παγωτό χωρίς ζάχαρη,105
GRC,αναπτηρας,105
GRC,βερίκοκα,105
GRC,bb,105
GRC,τετραδιο,105
GRC,deod,105
GRC,γιαούρτι χωρίς,105
GRC,spi,105
GRC,τυρι τριμμένο,105
GRC,ευβιοτοποι,105
GRC,pell,105
GRC,σμεουρα,105
GRC,cranb,105
GRC,μαλλ,105
GRC,oni,105
GRC,dirolo,105
GRC,walnut,105
GRC,waffle,105
GRC,beetroot,105
GRC,μπριζολ,105
GRC,παρτυ,104
GRC,απακι,104
GRC,μαργα,104
GRC,τορτί,104
GRC,φουντουκι,104
GRC,tortil,104
GRC,powe,104
GRC,κερακι,104
GRC,trash bags,104
GRC,γαλακτοφετες,104
GRC,λαδι μαλλιων,104
GRC,corne,104
GRC,γραν,104
GRC,pumpkin,104
GRC,sna,104
GRC,κινας,104
GRC,Ήπειρος,104
GRC,fis,104
GRC,bay,104
GRC,sol,104
GRC,γιαούρτι 2,104
GRC,orang,104
GRC,δαγκωτο,104
GRC,kareli,104
GRC,φιλετο κοτοπουλο,104
GRC,kind,104
GRC,χαρτικα,104
GRC,μπάμιες,104
GRC,μεμβρ,104
GRC,pirulo,104
GRC,αφροκουτρο,104
GRC,σπαγγ,104
GRC,schwepp,104
GRC,παστέλι,104
GRC,κουβα,104
GRC,kr,104
GRC,αυηα,103
GRC,τρουφ,103
GRC,κρεμοσαπο,103
GRC,μαρκαδοροι,103
GRC,πιρούνι,103
GRC,κινο,103
GRC,ψαλιδι,103
GRC,λουφα,103
GRC,νεροπιστολο,103
GRC,meals,103
GRC,carls,103
GRC,ριζογαλο,103
GRC,μερεντ,103
GRC,pom pom,103
GRC,yougurt,103
GRC,triple,103
GRC,αντισηπτικό,103
GRC,mush,103
GRC,βοσιν,103
GRC,κρουασανακια,103
GRC,μοτσαρελ,103
GRC,wax,103
GRC,ντακ,103
GRC,kids,103
GRC,γυρο,103
GRC,Μωρομάντηλα,103
GRC,μπαρμ,103
GRC,σταγο,103
GRC,κουλούρι,103
GRC,κουλουράκια,103
GRC,καθαριστικ,103
GRC,wowchi,102
GRC,palette,102
GRC,τζ,102
GRC,καμπος,102
GRC,κουζινα,102
GRC,Πατατες,102
GRC,swepp,102
GRC,γετα,102
GRC,μοτσ,102
GRC,μαιντανός,102
GRC,σετ,102
GRC,dew,102
GRC,Barilla,102
GRC,πουδρα,102
GRC,φέτες,102
GRC,δα,102
GRC,conditio,102
GRC,σοφα,102
GRC,σιρο,102
GRC,βουτιρο,102
GRC,αλευρι ολικης,102
GRC,πουτιγκ,102
GRC,strawberr,102
GRC,leave in,102
GRC,χαρο,102
GRC,endle,102
GRC,πιτσ,102
GRC,τοματιν,102
GRC,activi,102
GRC,πατάτε,102
GRC,3 αλφα,102
GRC,παγοθηκη,102
GRC,κομπόστα,102
GRC,airfryer,101
GRC,jalapeno,101
GRC,νυχ,101
GRC,κολια,101
GRC,jala,101
GRC,quacker,101
GRC,good,101
GRC,ηλιοσπο,101
GRC,σοκοφρετ,101
GRC,αμιτα,101
GRC,του,101
GRC,κατα,101
GRC,hair dye,101
GRC,fini,101
GRC,nespre,101
GRC,drink eat,101
GRC,αχλ,101
GRC,γιαουρτι προβειο,101
GRC,iglo,101
GRC,βίκος,101
GRC,ferrero,101
GRC,topine,101
GRC,χαρτι κουζιν,101
GRC,sush,101
GRC,pulse,101
GRC,canderel,101
GRC,ντολμαδάκια,101
GRC,σκλ,101
GRC,καρβ,101
GRC,παγωυο,101
GRC,αλοι,101
GRC,rana,101
GRC,cappuccino,101
GRC,παντζαρια,101
GRC,family,101
GRC,peaches,101
GRC,ινδοκαρυδο,101
GRC,γραβιε,101
GRC,παγωτο χωρις ζαχαρη,101
GRC,χαρτί υγει,101
GRC,υγρό πι,101
GRC,ταψακια,101
GRC,γελα,101
GRC,σαβαγιάρ,101
GRC,αφρό,100
GRC,chicken nuggets,100
GRC,βίδες,100
GRC,φέτ,100
GRC,φρυγανιε,100
GRC,βαφλα,100
GRC,floor,100
GRC,carbonara,100
GRC,tsai,100
GRC,ζελατινη,100
GRC,νερο 500,100
GRC,buns,100
GRC,πιρουνι,100
GRC,zuc,100
GRC,kraft,100
GRC,crab,100
GRC,κετ,100
GRC,wayer,100
GRC,μεγα,100
GRC,ξυραφακ,100
GRC,ηλιαι,100
GRC,smirnoff,100
GRC,φιλε,99
GRC,ρυζογαλ,99
GRC,παρατες,99
GRC,whisk,99
GRC,bas,99
GRC,gummy,99
GRC,dry sha,99
GRC,κολιαν,99
GRC,το μαννα,99
GRC,softex,99
GRC,ηλιοσπορος,99
GRC,viaka,99
GRC,κουνουπιδι,99
GRC,oran,99
GRC,ben & jerry,99
GRC,σιδερο,99
GRC,derby,99
GRC,χυμους,99
GRC,δονητης,99
GRC,waterm,99
GRC,Μακαρόνια,99
GRC,lurpac,99
GRC,πρωτειν,99
GRC,αντισηπτικο,99
GRC,κολλ,99
GRC,σκλαβε,99
GRC,οδοντογ,99
GRC,capsules,99
GRC,σαρ,99
GRC,Χυμός,99
GRC,τρο,99
GRC,εντομοαπ,99
GRC,μεμβρα,99
GRC,meal,99
GRC,κατεψυγμε,99
GRC,προφυλα,98
GRC,tamp,98
GRC,Nivea,98
GRC,οδοντοβουρτ,98
GRC,gl,98
GRC,Gillette,98
GRC,my mar,98
GRC,κυκνο,98
GRC,shw,98
GRC,εντομοκτονο,98
GRC,πολ,98
GRC,swim,98
GRC,παντοφλες,98
GRC,Σκλαβενίτης,98
GRC,σαντιγ,98
GRC,aloe vera,98
GRC,Hell,98
GRC,toi,98
GRC,μπαλσα,98
GRC,χειροπ,98
GRC,Παγωτα,98
GRC,Pringles,98
GRC,κουκακι,98
GRC,εβ,98
GRC,cina,98
GRC,υγρό π,98
GRC,minced meat,98
GRC,κασ,98
GRC,lube,98
GRC,λεμοναδ,98
GRC,θεω,98
GRC,roll on,98
GRC,emmental,98
GRC,ντοματακια,98
GRC,kimoco,98
GRC,bear,98
GRC,coconu,98
GRC,αναψυκτ,98
GRC,γαλα σογιας,98
GRC,βυσσι,97
GRC,τσουρεκ,97
GRC,pali,97
GRC,κύβοι,97
GRC,burra,97
GRC,ακτινιδιο,97
GRC,neomat,97
GRC,γλυκοπατάτα,97
GRC,μασκαρπονε,97
GRC,syo,97
GRC,sangria,97
GRC,κετσ,97
GRC,strawb,97
GRC,keo,97
GRC,dry sh,97
GRC,avra,97
GRC,αλειφωτη,97
GRC,νο,97
GRC,απορρυπαντι,97
GRC,micro,97
GRC,gno,97
GRC,cooki,97
GRC,τηγανι,97
GRC,cashew,97
GRC,qu,97
GRC,νυ,97
GRC,πατωματος,97
GRC,πλαστ,97
GRC,φουντο,97
GRC,rispet,97
GRC,sham,97
GRC,fet,97
GRC,παστίτσιο,97
GRC,coca cola z,97
GRC,αρωματικά,97
GRC,ντεμ,97
GRC,νρ,97
GRC,τυρί τριμ,97
GRC,κρουας,97
GRC,centella,97
GRC,λευκ,96
GRC,μαχαιρι,96
GRC,κουζίνας,96
GRC,καθαριστι,96
GRC,tam,96
GRC,τοταλ,96
GRC,μελιτζαν,96
GRC,tenacious,96
GRC,Μαγιονέζα,96
GRC,κουρου,96
GRC,αντιηλ,96
GRC,kris,96
GRC,υποσεντ,96
GRC,garbage bags,96
GRC,ψωμί του,96
GRC,θεόνη,96
GRC,onio,96
GRC,γερμανικου,96
GRC,egg white,96
GRC,elviv,96
GRC,shaving,96
GRC,σαλάτ,96
GRC,face wash,96
GRC,hellma,96
GRC,μιλκο,96
GRC,βλητα,96
GRC,schwep,96
GRC,Χαρτί υγείας,96
GRC,αλευρι βρωμης,96
GRC,Fanta,96
GRC,Vegan,96
GRC,απορυπαν,96
GRC,νουτελα,96
GRC,βουρ,96
GRC,τριμμενη,96
GRC,σακκ,96
GRC,πλυ,96
GRC,τροφη γατας,96
GRC,δυος,96
GRC,μπριζόλες,96
GRC,μπουρατα,96
GRC,ceasars,96
GRC,Φιλαδέλφεια,96
GRC,vodk,95
GRC,λαδι καρυδας,95
GRC,γιαυ,95
GRC,λουλουδια,95
GRC,frisolac,95
GRC,ρετσινα,95
GRC,espr,95
GRC,ακ,95
GRC,iced,95
GRC,φρεσκουλη,95
GRC,cole,95
GRC,κρας,95
GRC,γιαοθρτι,95
GRC,γιαουρτι νουνου,95
GRC,big,95
GRC,twi,95
GRC,cornet,95
GRC,spin,95
GRC,rad,95
GRC,hi,95
GRC,γάτες,95
GRC,chocolat,95
GRC,χω,95
GRC,proc,95
GRC,energy drink,95
GRC,protein pudding,95
GRC,σαλτς,95
GRC,γαλοπουλα φετες,95
GRC,ηλεκτρολυτες,95
GRC,μυρμηγκια,95
GRC,cordon,95
GRC,ζαχαρινη,95
GRC,φρουτοσαλατα,95
GRC,lidl,95
GRC,ανθρακουχ,95
GRC,τυρί light,95
GRC,ντολμ,95
GRC,fig,95
GRC,the,95
GRC,σακούλες σκουπιδιων,95
GRC,φυλ,95
GRC,πατζαρι,95
GRC,αλοιφ,95
GRC,tooth paste,95
GRC,σνιτ,95
GRC,τυρί τοσ,95
GRC,ore,94
GRC,helmans,94
GRC,samba,94
GRC,3α,94
GRC,champion,94
GRC,instant,94
GRC,condition,94
GRC,κουτ,94
GRC,end,94
GRC,κρεπα,94
GRC,pop bakery,94
GRC,fanta zero,94
GRC,noun,94
GRC,peleg,94
GRC,χυλοπ,94
GRC,χωνα,94
GRC,pon pon,94
GRC,travel size,94
GRC,σέλινο,94
GRC,τυρι τριμμε,94
GRC,bran,94
GRC,βατο,94
GRC,Νερ,94
GRC,σαρδελ,94
GRC,πατατεσ,94
GRC,απορυπαντικα,94
GRC,candles,94
GRC,λαζα,94
GRC,pay,94
GRC,σιροπ,94
GRC,αναπτήρας,94
GRC,lila,94
GRC,almi,94
GRC,κρεμοσαπου,94
GRC,τοματινι,94
GRC,flo,94
GRC,γκαζ,94
GRC,τουαλ,94
GRC,sr,94
GRC,hank,94
GRC,λαχανι,94
GRC,peroni,94
GRC,κοκτειλ,94
GRC,τρικα,94
GRC,υγρά,94
GRC,χαρούπι,93
GRC,ροδόπη,93
GRC,fitnes,93
GRC,καλαμποκο,93
GRC,wassa,93
GRC,σκυ,93
GRC,χαρτί τουαλέτας,93
GRC,σελε,93
GRC,μπανάν,93
GRC,gord,93
GRC,σουβλακια,93
GRC,μπεσαμ,93
GRC,επιδ,93
GRC,μεγαλ,93
GRC,σπαρ,93
GRC,κουρκουμας,93
GRC,κουλ,93
GRC,toilet roll,93
GRC,max,93
GRC,λουμ,93
GRC,μασκαρα,93
GRC,protein bread,93
GRC,φρέσκο,93
GRC,τριμμένη,93
GRC,πί,93
GRC,γαλοπουλα βραστη,93
GRC,popco,93
GRC,Αλεύρι,93
GRC,παπρ,93
GRC,γάλα αμ,93
GRC,μαλαγουζια,93
GRC,merito,93
GRC,κρεμα γαλακτο,93
GRC,βού,93
GRC,τοματίνια,93
GRC,str8,93
GRC,τρικαλ,93
GRC,πά,92
GRC,απιονι,92
GRC,pata,92
GRC,μανταλάκια,92
GRC,hag,92
GRC,επιδορ,92
GRC,βρώμης,92
GRC,νερο καρυδας,92
GRC,chicke,92
GRC,μαστ,92
GRC,πατζα,92
GRC,swan,92
GRC,tiramisu,92
GRC,σωλομος,92
GRC,ness,92
GRC,cold brew,92
GRC,hea,92
GRC,youg,92
GRC,κολοκυθακι,92
GRC,ταλαγανι,92
GRC,ψαθα,92
GRC,uncle ben,92
GRC,γιαουρτακι,92
GRC,captain,92
GRC,ετ,92
GRC,ποπκορν,92
GRC,malibu,92
GRC,az,92
GRC,πρασινο σαπουνι,92
GRC,makeup,92
GRC,crispies,92
GRC,ai,92
GRC,ευβιο,92
GRC,Σαμπουάν,92
GRC,bee broa,92
GRC,γάλα καρύδας,92
GRC,καρβου,92
GRC,taki,92
GRC,γευμα,92
GRC,market,92
GRC,pad,92
GRC,vibrator,92
GRC,flower,92
GRC,αντηλιακά,92
GRC,tubor,92
GRC,καρπού,92
GRC,vettex,92
GRC,παγωτο 0%,92
GRC,dessert,92
GRC,whi,92
GRC,candelinas,92
GRC,γιαουρτι κατσικισιο,92
GRC,parmigiano,92
GRC,vete,92
GRC,cajo,92
GRC,pampers premium,92
GRC,collagen,92
GRC,uhu,91
GRC,μανούρι,91
GRC,παριζάκι,91
GRC,kn,91
GRC,scw,91
GRC,αποτρι,91
GRC,frozen yo,91
GRC,μακβελ,91
GRC,barb,91
GRC,superspoon,91
GRC,πικ,91
GRC,δοχειο,91
GRC,τυροσαλατα,91
GRC,χαρτί υγεια,91
GRC,χρωμα,91
GRC,δαμασκ,91
GRC,cold,91
GRC,λάμπα,91
GRC,αχ,91
GRC,polybag,91
GRC,jager,91
GRC,bakery,91
GRC,μπάρμπα,91
GRC,τρατα,91
GRC,χειρο,91
GRC,ριγ,91
GRC,τομάτα,91
GRC,flakes,91
GRC,μιτσικελι,91
GRC,chocola,91
GRC,ταψί,91
GRC,pampers pants,91
GRC,gluten free bread,91
GRC,curl,91
GRC,σαβαγ,91
GRC,κουλουρια,91
GRC,joh,91
GRC,whey protein,91
GRC,κατσελ,91
GRC,Protein,91
GRC,vet,90
GRC,mus,90
GRC,amit,90
GRC,αλει,90
GRC,Τσιγάρα,90
GRC,Οδοντόκρεμα,90
GRC,βούτ,90
GRC,κάσιους,90
GRC,χρω,90
GRC,φιδα,90
GRC,Ελληνικός,90
GRC,happy,90
GRC,νιοκ,90
GRC,optimum,90
GRC,ζυμαρικ,90
GRC,λαδοκολλ,90
GRC,χοιρ,90
GRC,koko,90
GRC,oatmeal,90
GRC,σακουλες σκ,90
GRC,γρανι,90
GRC,bin,90
GRC,colour,90
GRC,malbo,90
GRC,bake r,90
GRC,χαρτι του,90
GRC,τσιχλε,90
GRC,γλυκοξ,90
GRC,Γαλοπούλα,90
GRC,φο,90
GRC,γλασε,90
GRC,σνακς,90
GRC,σποροι,90
GRC,ti,90
GRC,gordons,90
GRC,mereda,90
GRC,noy,90
GRC,diet,90
GRC,χαρτιά,90
GRC,εβαπορ,90
GRC,αγνο,90
GRC,τρικ,90
GRC,garli,90
GRC,goo,90
GRC,crystal,90
GRC,logo,90
GRC,ηλ,90
GRC,xino,89
GRC,gordo,89
GRC,τυρί τριμμ,89
GRC,αστρακι,89
GRC,ψωμί ολικής,89
GRC,αγα,89
GRC,τονοσαλατα,89
GRC,ριζοτο,89
GRC,reese,89
GRC,σταφύλι,89
GRC,ακτιν,89
GRC,τυζι,89
GRC,καρι,89
GRC,eggplant,89
GRC,ασετ,89
GRC,μαύρη σοκολάτα,89
GRC,αμυγδαλοβ,89
GRC,γερμανικο,89
GRC,fitness mea,89
GRC,λευκο ξυδι,89
GRC,can,89
GRC,ρασπα,89
GRC,Σαλάτα,89
GRC,pars,89
GRC,kef,89
GRC,λακτ,89
GRC,χρωμοπαγιδα,89
GRC,mist,89
GRC,ρεβίθια,89
GRC,ground beef,89
GRC,τυροπιτ,89
GRC,γαλα πληρες,89
GRC,πλυν,89
GRC,sn,89
GRC,zucchini,89
GRC,γάλα αμυγδ,88
GRC,βερνικι,88
GRC,chipita,88
GRC,baguette,88
GRC,γιαυρτι,88
GRC,red bul,88
GRC,sausages,88
GRC,ado,88
GRC,τρικαλινό,88
GRC,gif,88
GRC,γιουρτ,88
GRC,ελληνικός,88
GRC,μπουκ,88
GRC,τυρί σε φέτες,88
GRC,τυρί φέτα,88
GRC,βυσσ,88
GRC,τυρί του τοστ,88
GRC,ελλη,88
GRC,vine,88
GRC,oa,88
GRC,orzo,88
GRC,my m,88
GRC,αλοιφές,88
GRC,broth,88
GRC,φας,88
GRC,κρεμος,88
GRC,clean,88
GRC,γρανιτες,88
GRC,μουχλα,88
GRC,bun,87
GRC,jerry,87
GRC,πεπερονι,87
GRC,anti,87
GRC,γλουτενη,87
GRC,vanil,87
GRC,κωσταρε,87
GRC,τυρι το,87
GRC,μπαχα,87
GRC,iqo,87
GRC,bowl,87
GRC,cola light,87
GRC,κουβερτουρ,87
GRC,φιλαδελ,87
GRC,L'Oréal,87
GRC,χαρτοπετς,87
GRC,γιαουρτι 0%,87
GRC,σκλαβ,87
GRC,ρυζογκοφρέτες,87
GRC,ορεο,87
GRC,diroll,87
GRC,haagen dazs,87
GRC,παξαμας,87
GRC,ψωμο,87
GRC,johns,87
GRC,οδοντοπαστα,87
GRC,sweet chili,87
GRC,ging,87
GRC,γκαζοζα,87
GRC,alway,87
GRC,frui,87
GRC,vege,87
GRC,ακτ,87
GRC,surimi,87
GRC,Amita,87
GRC,χαρτομάντηλα,87
GRC,insect,87
GRC,βρομη,87
GRC,κεράσι,87
GRC,world,87
GRC,θεον,87
GRC,bud,87
GRC,guda,87
GRC,tassimo,87
GRC,λοσιον,87
GRC,καβουρι,87
GRC,dry s,87
GRC,χρυση ζυμη,87
GRC,fu,87
GRC,φριγα,87
GRC,κρις κρις,87
GRC,cotagge,87
GRC,cream ch,87
GRC,Αφρόλουτρο,87
GRC,παιχνίδια,87
GRC,αποξηραμενα,87
GRC,aroxo,87
GRC,mat,87
GRC,αλλαντ,87
GRC,vitalin,86
GRC,uncle bens,86
GRC,γιαουρτι ολυμπος,86
GRC,red onion,86
GRC,κονσέρβες,86
GRC,strawbe,86
GRC,γακα,86
GRC,τάπερ,86
GRC,τσιμπιδακι,86
GRC,σπρέι,86
GRC,βρεφικο,86
GRC,cofee,86
GRC,flowers,86
GRC,chedda,86
GRC,sandw,86
GRC,watwr,86
GRC,λευ,86
GRC,βαλσ,86
GRC,pop co,86
GRC,τσαν,86
GRC,παγωτπ,86
GRC,shampo,86
GRC,souro,86
GRC,glo,86
GRC,Μαλακτικό,86
GRC,coro,86
GRC,kai,86
GRC,καπαρι,86
GRC,βελουδακι,86
GRC,Μπισκότα,86
GRC,παγοκυστη,86
GRC,move,86
GRC,micel,86
GRC,μοσχοκαρυδο,86
GRC,cha,86
GRC,βαφλες,86
GRC,λι,86
GRC,τουαλετας,86
GRC,βερυκ,86
GRC,ΓΑΛΑ,86
GRC,mr,86
GRC,dumplings,86
GRC,φυτικ,86
GRC,aj,86
GRC,φιλαδελφια,86
GRC,ψαροκ,86
GRC,σν,86
GRC,χαρτομαντιλα,86
GRC,zagor,85
GRC,φρεσκο κρεμμυδι,85
GRC,γαλα φυτικο,85
GRC,chives,85
GRC,van,85
GRC,φρι,85
GRC,pink grape,85
GRC,κρεμα μαλλιων,85
GRC,χαρτι τουα,85
GRC,pen,85
GRC,hotdog,85
GRC,παπαδοπου,85
GRC,αυγό,85
GRC,ντολμα,85
GRC,λευκη σοκολατα,85
GRC,philadelfia,85
GRC,ami,85
GRC,cocac,85
GRC,νεε,85
GRC,salam,85
GRC,καστανή,85
GRC,προσ,85
GRC,κοκκινη,85
GRC,vegetable,85
GRC,icebe,85
GRC,κάψουλες καφέ,85
GRC,στραγ,85
GRC,δωρο,85
GRC,πραλι,85
GRC,μορτα,85
GRC,ball,85
GRC,ντα,85
GRC,carni,85
GRC,noxze,85
GRC,masc,85
GRC,αμμος γατας,85
GRC,electro,85
GRC,amaretti,85
GRC,αυγα βιολογικα,85
GRC,αυτ,85
GRC,δυόσμο,85
GRC,καθαρισ,85
GRC,μελιτζάνα,85
GRC,yoghu,84
GRC,ψωμι του,84
GRC,boro,84
GRC,gille,84
GRC,sour patch,84
GRC,zill,84
GRC,guaca,84
GRC,αφρός ξυρίσματος,84
GRC,φουρνου,84
GRC,μυζη,84
GRC,παντζάρια,84
GRC,corn fl,84
GRC,spf,84
GRC,γρ,84
GRC,Παπαδοπούλου,84
GRC,bra,84
GRC,μανταλα,84
GRC,guanc,84
GRC,γερμα,84
GRC,viacal,84
GRC,φιλετ,84
GRC,PLAN(E)T,84
GRC,esti,84
GRC,Πατατακια,84
GRC,gatorade,84
GRC,skla,84
GRC,νιφαδες,84
GRC,γάλα χωρίς λακτόζη,84
GRC,lemon juice,84
GRC,asparagus,84
GRC,γιαπ,84
GRC,frozen berries,84
GRC,πρας,84
GRC,κατσε,84
GRC,Τόνος,84
GRC,κρέμα γαλακ,84
GRC,cook at,84
GRC,chia seeds,84
GRC,fork,84
GRC,win,84
GRC,elef,84
GRC,soon 2,84
GRC,am,84
GRC,Chips,84
GRC,σοκολάτα υγείας,84
GRC,φρες,84
GRC,μαλλα,84
GRC,νετα,84
GRC,babybell,84
GRC,three cents,84
GRC,jui,84
GRC,κουβάς,84
GRC,σαβ,84
GRC,chill,84
GRC,jerk,84
GRC,toile,84
GRC,sweet chilli,83
GRC,almo,83
GRC,laundry detergent,83
GRC,body cream,83
GRC,m&ms,83
GRC,agave,83
GRC,blanc,83
GRC,λεκάνη,83
GRC,ho,83
GRC,zi,83
GRC,ταλιατελες,83
GRC,seasoning,83
GRC,herbs,83
GRC,cica,83
GRC,πατατες baby,83
GRC,βοσι,83
GRC,oz,83
GRC,mineral water,83
GRC,μεγαλω,83
GRC,soy milk,83
GRC,bronze,83
GRC,chupa,83
GRC,papa,83
GRC,πανάκια,83
GRC,βιολογικό,83
GRC,ρολό κουζίνας,83
GRC,vitamin c,83
GRC,μανταλ,83
GRC,ρυζι καρολινα,83
GRC,freddo,83
GRC,μασκ,83
GRC,γάλα αμυγδαλου,83
GRC,μη,83
GRC,κρις,83
GRC,ξίδι,83
GRC,στιγμιαιος,83
GRC,bon,83
GRC,σακούλες σκου,83
GRC,vapes,83
GRC,protein bars,83
GRC,ξινό νερό,83
GRC,pummar,83
GRC,Ρύζι,83
GRC,μπάρες δημητριακών,83
GRC,κουομπουκιες,83
GRC,σπορια,83
GRC,hall,83
GRC,διαβολακος,82
GRC,card,82
GRC,μαλλιά,82
GRC,χρωμοπαγ,82
GRC,φυτικη κρεμα,82
GRC,aca,82
GRC,σουριμι,82
GRC,aaa,82
GRC,κεφτ,82
GRC,γαλοπουλα καπνιστη,82
GRC,τριμε,82
GRC,salted caramel,82
GRC,μείγμα,82
GRC,cooking cream,82
GRC,body mist,82
GRC,ψι,82
GRC,εύρηκα,82
GRC,πουμαρ,82
GRC,myth,82
GRC,ice cubes,82
GRC,σελι,82
GRC,μπαχαρ,82
GRC,φορτ,82
GRC,concealer,82
GRC,l'or,82
GRC,βαμβακ,82
GRC,coctel,82
GRC,wella,82
GRC,yogi,82
GRC,σογιας,82
GRC,ρόδι,82
GRC,agr,82
GRC,curls,82
GRC,dr pepper,82
GRC,γιωτη,82
GRC,planet ice cream,82
GRC,ελλην,82
GRC,δι,82
GRC,πρασα,81
GRC,tes,81
GRC,nairn,81
GRC,hand wash,81
GRC,dirol,81
GRC,ανθρακούχο νερο,81
GRC,κατεψυγμένα φρούτα,81
GRC,παι,81
GRC,ταινιες,81
GRC,πιρου,81
GRC,whole,81
GRC,fin,81
GRC,απι,81
GRC,fuze tea,81
GRC,βυσ,81
GRC,ristorante,81
GRC,αποσμι,81
GRC,υγρο πια,81
GRC,palmo,81
GRC,biodance,81
GRC,ντοματας,81
GRC,πικλε,81
GRC,hung,81
GRC,Παυλίδης,81
GRC,καπνιστο,81
GRC,γαλα δελτα,81
GRC,xa,81
GRC,goat milk,81
GRC,μιξερ,81
GRC,lorea,81
GRC,cheet,81
GRC,χυλο,81
GRC,σιμιγδαλι,81
GRC,καθαριστικο πατωματος,81
GRC,sause,81
GRC,βουτηρ,81
GRC,πλαστικά ποτήρια,81
GRC,γκρα,81
GRC,Nescafe,81
GRC,γκα,81
GRC,pat,81
GRC,whis,81
GRC,μιξ,81
GRC,φρουτοσαλάτα,81
GRC,mozar,81
GRC,γαμτια,81
GRC,τραχανα,81
GRC,ται,81
GRC,πεκο,81
GRC,piz,81
GRC,γαλατ,80
GRC,κεφορ,80
GRC,στηθος κοτοπουλο,80
GRC,μαστιχ,80
GRC,μαργαρ,80
GRC,toilet p,80
GRC,χτ,80
GRC,Oreo,80
GRC,ολυμπις,80
GRC,ψυγειο,80
GRC,δεντρολιβανο,80
GRC,παντζάρι,80
GRC,παστι,80
GRC,wasabi,80
GRC,algi,80
GRC,Green,80
GRC,λιναρο,80
GRC,νερακια,80
GRC,cer,80
GRC,davidof,80
GRC,orzene,80
GRC,ferr,80
GRC,τονοσ,80
GRC,πάστα,80
GRC,υγρο πιατ,80
GRC,βαφλ,80
GRC,κοντάρι,80
GRC,Μωρομαντηλα,80
GRC,nerds,80
GRC,παυλ,80
GRC,γαλα βιολογικο,80
GRC,πατωμ,80
GRC,ναρα,80
GRC,φτ,80
GRC,dis,80
GRC,χωρι,80
GRC,crispy,80
GRC,σαλτα,80
GRC,φυστίκια,80
GRC,ανεμ,80
GRC,ελλ,80
GRC,τοτ,80
GRC,cream c,80
GRC,φρεσκα,80
GRC,χυλοπίτες,80
GRC,gliss,80
GRC,χωριο,80
GRC,ντοματακι,80
GRC,βρώμ,80
GRC,tun,80
GRC,cat litter,80
GRC,φύλλα,80
GRC,μπαταρία,80
GRC,μωρό,79
GRC,coca cola zer,79
GRC,γιαοθ,79
GRC,γιαουρτα,79
GRC,bonne maman,79
GRC,kerrygold,79
GRC,alm,79
GRC,μαυρη ζαχαρη,79
GRC,δαμα,79
GRC,napkin,79
GRC,πραλ,79
GRC,σπανακορ,79
GRC,Νερα,79
GRC,pol,79
GRC,λεβαντα,79
GRC,μαλλακ,79
GRC,φασολακ,79
GRC,all,79
GRC,καρτες,79
GRC,Κιμάς,79
GRC,ηλια,79
GRC,pelegr,79
GRC,παγοθηκες,79
GRC,χαρτι τγειας,79
GRC,κρεπ,79
GRC,καρβουν,79
GRC,πιρ,79
GRC,xarti,79
GRC,μιτσι,79
GRC,λευκό τυρι,79
GRC,θερμ,79
GRC,balsa,79
GRC,σκουπι,79
GRC,spice,79
GRC,milk cream,79
GRC,zwan,79
GRC,thyme,79
GRC,sea,79
GRC,απλωστρα,79
GRC,ελληνι,79
GRC,ζαμ,78
GRC,αναπτη,78
GRC,coca-cola,78
GRC,πάγ,78
GRC,φαρι,78
GRC,ψα,78
GRC,but,78
GRC,capers,78
GRC,χταποδι,78
GRC,spritz,78
GRC,γλουτένη,78
GRC,lin,78
GRC,σαγιοναρες,78
GRC,λουκανικοπιτακια,78
GRC,nesquik,78
GRC,τσιπου,78
GRC,lister,78
GRC,pecor,78
GRC,pear,78
GRC,terea silver,78
GRC,σπανακόρυζο,78
GRC,grated cheese,78
GRC,ακτινίδια,78
GRC,φτερουγες,78
GRC,ceasa,78
GRC,αντηλιακα,78
GRC,φτερ,78
GRC,φυτ,78
GRC,Κρέμα γάλακτος,78
GRC,καβα,78
GRC,bac,78
GRC,γάλα εβαπορε,78
GRC,αντηλιακ,78
GRC,old s,78
GRC,fish sticks,78
GRC,choclate,78
GRC,complete,78
GRC,παγουρι,78
GRC,lucky,78
GRC,τσιπούρα,78
GRC,min,78
GRC,old holb,78
GRC,Mochi,78
GRC,fitness me,78
GRC,electrolytes,78
GRC,cloth,78
GRC,πετσε,78
GRC,fla,78
GRC,σπρε,78
GRC,ζαχαρη καστανη,78
GRC,αχλάδια,78
GRC,burat,78
GRC,καρό,77
GRC,μαντι,77
GRC,ts,77
GRC,alw,77
GRC,φυτικη,77
GRC,παπαδοπ,77
GRC,mascar,77
GRC,αρωματι,77
GRC,κρεμοσά,77
GRC,τουαλέτα,77
GRC,mineral,77
GRC,πολυσπορο,77
GRC,mouthwash,77
GRC,ρεβυθι,77
GRC,cereals,77
GRC,knife,77
GRC,pepperoni,77
GRC,salm,77
GRC,la vac,77
GRC,head and shoulders,77
GRC,πενε,77
GRC,θηκη,77
GRC,glu,77
GRC,italian,77
GRC,πράσο,77
GRC,viko,77
GRC,γαριδε,77
GRC,απορρυπαντικό πιάτων,77
GRC,φυλλο κρουστας,77
GRC,φουντουκο,77
GRC,σακουλες σκουπι,77
GRC,nac,77
GRC,ας,77
GRC,σοκοφρετες,77
GRC,bin bags,77
GRC,κουζ,77
GRC,limes,77
GRC,watee,77
GRC,φορτι,77
GRC,παπουτσανης,77
GRC,κάρβουνα,76
GRC,Δωδώνη,76
GRC,βασ,76
GRC,sam,76
GRC,αμύγδαλο,76
GRC,σπανακόπιτα,76
GRC,deter,76
GRC,too,76
GRC,ber,76
GRC,maple syrup,76
GRC,τυρί κρ,76
GRC,waterme,76
GRC,cand,76
GRC,came,76
GRC,λαχ,76
GRC,vapo,76
GRC,σουβλ,76
GRC,shot,76
GRC,καψουλε,76
GRC,γιαουρτη,76
GRC,cucumbers,76
GRC,lot,76
GRC,χαρτί κουζι,76
GRC,χωρις λακτ,76
GRC,mogu,76
GRC,ξε,76
GRC,γραβιερ,76
GRC,gor,76
GRC,ποπ κορ,76
GRC,len,76
GRC,καλαμπογκο,76
GRC,bees bros,76
GRC,sens,76
GRC,κυμ,76
GRC,cotton pads,76
GRC,mescafe,76
GRC,αποφρα,76
GRC,εκχυλισμα,76
GRC,ουίσκι,76
GRC,καλαμπό,76
GRC,hungr,76
GRC,καφες ελληνικος,76
GRC,kerry,76
GRC,Σερβιετες,76
GRC,mayonaise,76
GRC,καπνικ,76
GRC,sk,76
GRC,ψαροκρο,76
GRC,Καρέλια,76
GRC,korres,76
GRC,tw,76
GRC,λοσιόν,76
GRC,παυλι,76
GRC,skyr,76
GRC,επιδόρπια,75
GRC,αλμυρα,75
GRC,Bread,75
GRC,μαϊ,75
GRC,μικρο,75
GRC,vap,75
GRC,wow,75
GRC,oyster,75
GRC,ωτοκ,75
GRC,ανγα,75
GRC,Ice cream,75
GRC,klee,75
GRC,κρεμμυδακια,75
GRC,στεργι,75
GRC,παφ,75
GRC,σόδες,75
GRC,σερβιετάκια,75
GRC,αγαυ,75
GRC,κοτοπουλο στηθος,75
GRC,απορρυπαντικό ρούχων,75
GRC,powera,75
GRC,garlic powder,75
GRC,spina,75
GRC,cinamon,75
GRC,χυμος μηλο,75
GRC,bake rol,75
GRC,σακούλες σκ,75
GRC,cucumb,75
GRC,ελε,75
GRC,lamb,75
GRC,τριμμένο τυρι,75
GRC,sira,75
GRC,αλλαν,75
GRC,paste,75
GRC,mortadella,75
GRC,βούτυ,75
GRC,musli,75
GRC,κουρ,75
GRC,γαλα κατσι,75
GRC,γιαούρτι 2%,75
GRC,αχλαδ,75
GRC,el paso,75
GRC,τοφ,75
GRC,eda,75
GRC,εβγα,75
GRC,μπυρα ανευ,75
GRC,mosc,75
GRC,φουντούκια,75
GRC,γλυκό κουταλιού,75
GRC,Μανιτάρια,75
GRC,φρεσ,75
GRC,tra,74
GRC,οδοντοβουρ,74
GRC,γαλα βρω,74
GRC,president,74
GRC,wi,74
GRC,τζατζι,74
GRC,μπίρα,74
GRC,βρώ,74
GRC,μπεργκερ,74
GRC,ρικοτα,74
GRC,μπροκολ,74
GRC,dur,74
GRC,πατζαρια,74
GRC,ξηρη μαγια,74
GRC,turbo,74
GRC,babylin,74
GRC,jameson,74
GRC,linguini,74
GRC,αυγα βιο,74
GRC,κασταν,74
GRC,σφουγκαρι,74
GRC,jum,74
GRC,poly,74
GRC,tanq,74
GRC,tsaki,74
GRC,δαμάσκηνα,74
GRC,dove men,74
GRC,Ice,74
GRC,yum tales,74
GRC,κατεψυγμεν,74
GRC,toilet pap,74
GRC,λιαστ,74
GRC,sug,74
GRC,grapef,74
GRC,τζίντζερ,74
GRC,κατσαριδ,74
GRC,αμυγδαλοβουτυρο,74
GRC,cigare,74
GRC,qui,74
GRC,Zero,74
GRC,protien,74
GRC,prosecc,74
GRC,πανακ,74
GRC,kings,74
GRC,beach,74
GRC,ξυλακια,74
GRC,Ζάχαρη,74
GRC,γλυκοπατατ,74
GRC,κουακερ,74
GRC,χων,74
GRC,arkadi,74
GRC,eye patches,74
GRC,τσένταρ,74
GRC,ρούχων,74
GRC,zaros,74
GRC,soju,74
GRC,man,74
GRC,αντηλια,73
GRC,chorizo,73
GRC,τυρι κρεμ,73
GRC,garden,73
GRC,βερι,73
GRC,φυς,73
GRC,weed,73
GRC,hair spray,73
GRC,χελε,73
GRC,κρεμμύ,73
GRC,κοτόπ,73
GRC,γκοφ,73
GRC,πάριζα,73
GRC,Πα,73
GRC,σακουλες σ,73
GRC,τυτι,73
GRC,στοματικο,73
GRC,Νερά,73
GRC,wasser,73
GRC,pud,73
GRC,χαλβ,73
GRC,falafel,73
GRC,pretzels,73
GRC,cae,73
GRC,ben an,73
GRC,pret,73
GRC,αρωματικα χωρου,73
GRC,κουνουπίδι,73
GRC,ινδο,73
GRC,hip,73
GRC,overl,73
GRC,cesar,73
GRC,γαρυ,73
GRC,toys,73
GRC,bred,73
GRC,πατάτα,73
GRC,τυρί κρε,73
GRC,τριφτη,73
GRC,προσο,73
GRC,wafer,73
GRC,fabuloso,73
GRC,perrie,73
GRC,ντολ,73
GRC,καλαμπογκοφρετες,73
GRC,λιγκ,73
GRC,eve,73
GRC,κολοκύθια,73
GRC,χαρτοπετσ,73
GRC,πια,73
GRC,bao,73
GRC,ρυζι γλασε,73
GRC,radl,73
GRC,λεβετι,72
GRC,ανε,72
GRC,ayga,72
GRC,σταγον,72
GRC,ρουχ,72
GRC,πλιγ,72
GRC,φρεσκο γαλα,72
GRC,banana bread,72
GRC,λαστιχ,72
GRC,gummies,72
GRC,sensod,72
GRC,γαλα εβα,72
GRC,Πανες,72
GRC,miso,72
GRC,chickpea,72
GRC,prawn,72
GRC,baki,72
GRC,pils,72
GRC,lore,72
GRC,μούρα,72
GRC,eva,72
GRC,αυτια,72
GRC,χειροπε,72
GRC,πρασινο τσαι,72
GRC,καρύδας,72
GRC,pow,72
GRC,αναψυκτι,72
GRC,havarti,72
GRC,Doritos,72
GRC,σαγιονάρες,72
GRC,Αγγούρι,72
GRC,γιαπυρτ,72
GRC,carbonated,72
GRC,serenata,72
GRC,οδοντι,72
GRC,icetea,72
GRC,l’or,72
GRC,nugget,72
GRC,σφουγκ,72
GRC,potatos,72
GRC,vitex,72
GRC,τυρι για τοστ,72
GRC,πανες ακρατειας,72
GRC,σογι,72
GRC,σφουγγάρ,72
GRC,βότκα,72
GRC,block,72
GRC,Dove,72
GRC,κατσικισιο γαλα,72
GRC,ginger shot,72
GRC,αντικολλη,72
GRC,pec,72
GRC,λευκα,72
GRC,pop c,72
GRC,brocoli,72
GRC,old el paso,72
GRC,helm,72
GRC,smoked salmon,71
GRC,freshko,71
GRC,πτ,71
GRC,βιταμινες,71
GRC,ταμπο,71
GRC,sweep,71
GRC,riga,71
GRC,αποξηραμένα,71
GRC,μωρομαντυλα,71
GRC,σολωμό,71
GRC,πατζ,71
GRC,sweeps,71
GRC,com,71
GRC,μπά,71
GRC,ρυχι,71
GRC,κονσ,71
GRC,σακούλες τροφίμων,71
GRC,αναψυκτικο,71
GRC,cranberries,71
GRC,μαύρη,71
GRC,sy,71
GRC,φαλαφελ,71
GRC,halva,71
GRC,Αποσμητικό,71
GRC,κολι,71
GRC,ντοματί,71
GRC,ψωμι burger,71
GRC,καρβουνακια,71
GRC,βιοτοπος,71
GRC,τριγωνακια,71
GRC,almon,71
GRC,rega,71
GRC,ομο,71
GRC,σωλο,71
GRC,χαλβάς,71
GRC,κονσερβ,71
GRC,κομπο,71
GRC,ειδη παρτυ,71
GRC,ele,71
GRC,Noodles,71
GRC,δε,71
GRC,ΝΕΡΟ,71
GRC,τραχανάς,71
GRC,μπιρ,71
GRC,Βαφές μαλλιών,71
GRC,marvis,71
GRC,νεσκαφε,71
GRC,τυροτρελα,71
GRC,Χαρτί κουζίνας,71
GRC,ρυζαλευρο,71
GRC,γιαούρτι χωρίς λακτόζη,71
GRC,teri,71
GRC,αλευρι αμυγδαλου,71
GRC,warer,71
GRC,chilly,71
GRC,τσο,71
GRC,brownies,71
GRC,ner,71
GRC,nutrer,71
GRC,μεβγα,71
GRC,power bowl,71
GRC,list,71
GRC,wolt mar,70
GRC,παντο,70
GRC,χυμός πορτοκάλι,70
GRC,ben n,70
GRC,havana,70
GRC,ρυζογκοφρετ,70
GRC,αλειφ,70
GRC,αποφρακτικο,70
GRC,μανδρεκας,70
GRC,mastiqu,70
GRC,οδοντοβουρτσες,70
GRC,carlsberg,70
GRC,must,70
GRC,ρυχ,70
GRC,ive,70
GRC,cream cr,70
GRC,κρέπες,70
GRC,healt,70
GRC,pas,70
GRC,test,70
GRC,φρτα,70
GRC,green col,70
GRC,cheese slice,70
GRC,almond butter,70
GRC,ξηρη,70
GRC,ανθοτυρ,70
GRC,κρέ,70
GRC,coca cola ze,70
GRC,μαγειρικη,70
GRC,planet παγωτό,70
GRC,αλλαντικ,70
GRC,alc,70
GRC,σω,70
GRC,ΑΒ,70
GRC,mocktails,70
GRC,εν,70
GRC,smoked,70
GRC,κλ,70
GRC,κρουσαν,70
GRC,μαυρ,70
GRC,Κεφιρ,70
GRC,θυμα,70
GRC,κεριά,70
GRC,μανό,70
GRC,θυμ,70
GRC,tabon,70
GRC,απορρι,70
GRC,χωρις λακ,70
GRC,κορπη,70
GRC,listerin,70
GRC,champagne,70
GRC,χαρτι υγριας,70
GRC,λιγκο,70
GRC,αρακά,70
GRC,minced beef,70
GRC,σνιτσε,70
GRC,tortellini,70
GRC,λαστιχακια,70
GRC,palir,70
GRC,rasberry,70
GRC,snak,69
GRC,κοκκινη σαλτσα,69
GRC,γαλακ,69
GRC,chu,69
GRC,βετε,69
GRC,carot,69
GRC,υγρο πι,69
GRC,κασι,69
GRC,στεργιο,69
GRC,beef jer,69
GRC,Winston,69
GRC,mistral,69
GRC,cande,69
GRC,μιλνερ,69
GRC,σοκολατάκια,69
GRC,στεβι,69
GRC,oriental,69
GRC,μασκα προσωπου,69
GRC,oly,69
GRC,φραουλε,69
GRC,lav,69
GRC,παυλιδη,69
GRC,παιδικο,69
GRC,happy hippo,69
GRC,shrimps,69
GRC,pean,69
GRC,ψωμι για τοστ,69
GRC,Ρυζι,69
GRC,sando,69
GRC,little moon,69
GRC,corega,69
GRC,φρέσκο γάλα,69
GRC,πιρο,69
GRC,ντοματοχυμος,69
GRC,smir,69
GRC,πιτσινια,69
GRC,τσιμπ,69
GRC,bitter,69
GRC,κει,69
GRC,χαλούμι,69
GRC,philadelp,69
GRC,mastic,69
GRC,swh,69
GRC,παστα ελιας,69
GRC,kale,69
GRC,golden virginia,69
GRC,καλαμά,69
GRC,γυρ,69
GRC,σκονη σκορδο,69
GRC,Ντομάτες,69
GRC,τριγων,69
GRC,kid,69
GRC,zucc,69
GRC,ψωμι τος,69
GRC,μαμ,69
GRC,γαλα κα,68
GRC,ρετσίνα,68
GRC,ταμπόν,68
GRC,fila,68
GRC,couscous,68
GRC,agrin,68
GRC,cris,68
GRC,πενν,68
GRC,τρα,68
GRC,nive,68
GRC,αραβο,68
GRC,σαντυγι,68
GRC,γιαουετι,68
GRC,kaizer,68
GRC,ξυνον,68
GRC,Ben and,68
GRC,coun,68
GRC,κολοκυθο,68
GRC,κωστα,68
GRC,wh,68
GRC,panini world,68
GRC,εντομα,68
GRC,aircash,68
GRC,edama,68
GRC,karavaki,68
GRC,μπάρμπα Στάθης,68
GRC,mous,68
GRC,carp,68
GRC,grapefr,68
GRC,κωσταρ,68
GRC,κονκ,68
GRC,σπορε,68
GRC,μπουκλες,68
GRC,κοκα κολ,68
GRC,κατοτα,68
GRC,nea,68
GRC,agua,68
GRC,hairspray,68
GRC,φλωρινης,68
GRC,πάτωμα,68
GRC,φέ,68
GRC,corneto,68
GRC,dental,68
GRC,μπάρ,68
GRC,κεράκια,68
GRC,Caprice,68
GRC,she,68
GRC,srira,68
GRC,φιδακ,68
GRC,κρεμι,68
GRC,zuccherrino,68
GRC,bal,68
GRC,φαλα,68
GRC,αντικουνουπικ,68
GRC,litter,68
GRC,κομπ,68
GRC,frappe,68
GRC,σπαραγ,68
GRC,sava,68
GRC,aperil,67
GRC,μπαλονι,67
GRC,γαλοπουλα τυρι,67
GRC,froze,67
GRC,halotop,67
GRC,πιγκαλ,67
GRC,κοτομπουκες,67
GRC,λευκό κρασί,67
GRC,chef,67
GRC,ax,67
GRC,cannabis,67
GRC,somer,67
GRC,σφουγγαρακια,67
GRC,πατω,67
GRC,παγιδες,67
GRC,sushi rice,67
GRC,ματσα,67
GRC,μυρμήγκια,67
GRC,tequ,67
GRC,potatoe,67
GRC,μαλακτική,67
GRC,supline,67
GRC,παγοκυστες,67
GRC,παρατακια,67
GRC,βερυκο,67
GRC,ravioli,67
GRC,ελληνικ,67
GRC,κοκκ,67
GRC,toilet pa,67
GRC,pastry,67
GRC,πουτιγ,67
GRC,vile,67
GRC,φυτι,67
GRC,νατσος,67
GRC,κυκ,67
GRC,σωσιβιο,67
GRC,nespress,67
GRC,δημιτριακα,67
GRC,garl,67
GRC,μεβγ,67
GRC,χαλβατζη,67
GRC,seeds,67
GRC,ζωμ,67
GRC,advanc,67
GRC,καφες καψουλες,67
GRC,αντικουνουπικό,67
GRC,γερμαν,67
GRC,φετες τυρι,67
GRC,pink gra,67
GRC,angus,67
GRC,dark cho,67
GRC,πουρέ,67
GRC,αγελαδιτσα,67
GRC,Δημητριακα,67
GRC,Ben and Jerry's,67
GRC,elv,67
GRC,υγρό πια,67
GRC,ειδη,67
GRC,λαζάνια,67
GRC,σερβιετακι,67
GRC,Κουκάκι,67
GRC,fo,67
GRC,tooth brush,67
GRC,υγρα μαντηλακια,67
GRC,παγβτο,67
GRC,παγβ,67
GRC,πεκορι,67
GRC,war,67
GRC,Χυμος,67
GRC,σιμι,67
GRC,id,67
GRC,kets,67
GRC,κορο,67
GRC,negroni,67
GRC,δαμ,67
GRC,παγοσ,67
GRC,μουσαρελα,67
GRC,πετσετες,67
GRC,nescafe gold,66
GRC,green beans,66
GRC,φουντουκ,66
GRC,καπελο,66
GRC,απορι,66
GRC,μπατονέ,66
GRC,twister,66
GRC,τυροτρ,66
GRC,ηλεκτρ,66
GRC,sparkling wa,66
GRC,σφολ,66
GRC,γαριδακ,66
GRC,λακτο,66
GRC,capsule,66
GRC,spagh,66
GRC,μπαγκ,66
GRC,zif,66
GRC,νυχοκοπτης,66
GRC,φετα ηπειρος,66
GRC,Nirvana,66
GRC,goody,66
GRC,tiro,66
GRC,μανοταρια,66
GRC,ree,66
GRC,τορτιγιε,66
GRC,γιουρ,66
GRC,βυσς,66
GRC,σπαράγγια,66
GRC,κηπουρου,66
GRC,αποτ,66
GRC,neo,66
GRC,talc,66
GRC,καραμέλα,66
GRC,sweet ch,66
GRC,τοματοπολτος,66
GRC,sushida,66
GRC,μανιτάρι,66
GRC,fischer,66
GRC,planet ice,66
GRC,espres,66
GRC,ag,66
GRC,green onion,66
GRC,amita free,66
GRC,corn f,66
GRC,kakao,66
GRC,γκαζα,66
GRC,μαυρομάτικα,66
GRC,πορτοκαλί,66
GRC,gift,66
GRC,container,66
GRC,high pro,66
GRC,fouantre,66
GRC,tsi,66
GRC,τι,66
GRC,αποσμηνη,66
GRC,τριγω,66
GRC,vegan cheese,66
GRC,balls,66
GRC,ηλιελα,66
GRC,σφουγγαρισ,66
GRC,sparkli,66
GRC,Rice,66
GRC,good food,66
GRC,θερ,66
GRC,πουρακι,66
GRC,Pampers,66
GRC,ling,66
GRC,babylino pants,66
GRC,πακοτινια,66
GRC,επι,65
GRC,white chocolate,65
GRC,cadbury,65
GRC,wet wipe,65
GRC,ροζ,65
GRC,goat cheese,65
GRC,λαζαν,65
GRC,επιδορπια,65
GRC,de c,65
GRC,mastiha,65
GRC,πατατακοα,65
GRC,παρκε,65
GRC,monok,65
GRC,αποθηκευση,65
GRC,carpa,65
GRC,ευρη,65
GRC,raspberries,65
GRC,finn,65
GRC,kim,65
GRC,εντομοκ,65
GRC,μοσ,65
GRC,snick,65
GRC,βερικοκο,65
GRC,sav,65
GRC,batter,65
GRC,neacafe,65
GRC,να,65
GRC,nugg,65
GRC,μισκο,65
GRC,χατ,65
GRC,lactac,65
GRC,ναρ,65
GRC,ταιγαρα,65
GRC,παυ,65
GRC,πρωτεϊνη,65
GRC,softner,65
GRC,hage,65
GRC,linguine,65
GRC,Marlboro,65
GRC,κρακερακια,65
GRC,κρέμες,65
GRC,κακο,65
GRC,fres,65
GRC,ant,65
GRC,μπιμπερο,65
GRC,φουρνος,65
GRC,φαστ,65
GRC,greek yog,65
GRC,wor,65
GRC,ποδια,65
GRC,terra creta,65
GRC,nescafe con,65
GRC,κουλουρα,65
GRC,gla,65
GRC,σκύλος,65
GRC,Γιαουρτ,65
GRC,campa,65
GRC,κονκα,65
GRC,το μανα,65
GRC,merenta,65
GRC,protein shake,65
GRC,boni,65
GRC,popcor,65
GRC,κοτομπουκιε,65
GRC,Ντοματινια,65
GRC,mis,65
GRC,χεριων,65
GRC,Πιπεριές,65
GRC,pil,65
GRC,γιαουρτι total,65
GRC,nescafe espresso,65
GRC,αντισηπ,65
GRC,nail polish,65
GRC,υποβρ,65
GRC,καστα,65
GRC,vegan ice cream,65
GRC,μοτς,65
GRC,kle,65
GRC,βυσσιν,65
GRC,αραβικη πιτα,65
GRC,whipped cream,65
GRC,τυροκαυ,65
GRC,παγοτ,65
GRC,vegan παγωτο,65
GRC,ηλιος,65
GRC,δωδω,64
GRC,head and,64
GRC,mymarket,64
GRC,pampers 5,64
GRC,χατζη,64
GRC,μυρμη,64
GRC,αα,64
GRC,κοροπουλο,64
GRC,crodino,64
GRC,ταμ,64
GRC,κτ,64
GRC,σαλτσα ντοματα,64
GRC,my mark,64
GRC,pepsi zero,64
GRC,πουτινγκα,64
GRC,ποπ κ,64
GRC,γεμιστά,64
GRC,straws,64
GRC,soft kings,64
GRC,pump,64
GRC,πιτσες,64
GRC,papou,64
GRC,κρι κ,64
GRC,Μασούτης,64
GRC,παπρι,64
GRC,lotu,64
GRC,botanic,64
GRC,nicotine,64
GRC,οδοντογλυφίδες,64
GRC,προζυμι,64
GRC,παιδικα,64
GRC,lost mary,64
GRC,crois,64
GRC,swiffe,64
GRC,πεννε,64
GRC,βασιλικό,64
GRC,λαστι,64
GRC,ready,64
GRC,barbecue,64
GRC,ρεβιθια,64
GRC,parmig,64
GRC,τονις,64
GRC,kinder bueno,64
GRC,φαρμακειο,64
GRC,mono,64
GRC,μανη,64
GRC,seven,64
GRC,marshmallow,64
GRC,ανοκαντο,64
GRC,sup,64
GRC,filter,64
GRC,Ajax,64
GRC,μαντιλ,64
GRC,nirvan,64
GRC,δεντρο,64
GRC,skittles,64
GRC,gourm,64
GRC,καδος,64
GRC,μουστο,64
GRC,στρ,64
GRC,μπουγ,64
GRC,mr beast,64
GRC,σακκο,64
GRC,μπύ,64
GRC,χωρου,63
GRC,φριγανιες,63
GRC,jon,63
GRC,ροφημα βρωμης,63
GRC,κορν φλαουρ,63
GRC,denta,63
GRC,crun,63
GRC,μαντιλα,63
GRC,γαλα χωρ,63
GRC,απιονισμένο,63
GRC,clothes,63
GRC,σιδερ,63
GRC,kre,63
GRC,τυρι κ,63
GRC,milne,63
GRC,de cecc,63
GRC,whisky,63
GRC,liste,63
GRC,ev,63
GRC,στραγγι,63
GRC,αλειμμα,63
GRC,marlbor,63
GRC,χωρις λα,63
GRC,Σερβιέτες,63
GRC,juic,63
GRC,Μπανάνες,63
GRC,γαλα βρ,63
GRC,τυρι κρ,63
GRC,cova,63
GRC,σφολιάτα,63
GRC,σακουλες απορριματων,63
GRC,χαλια,63
GRC,ευρ,63
GRC,προσωπου,63
GRC,κουκουνάρι,63
GRC,mou,63
GRC,οδοντικο,63
GRC,καλαμάκι,63
GRC,soft king,63
GRC,πινδο,63
GRC,sir,63
GRC,μοσχοκ,63
GRC,stock,63
GRC,tajin,63
GRC,μπαγκέτα,63
GRC,ζελα,63
GRC,μορταδ,63
GRC,pop cor,63
GRC,wins,63
GRC,νουμου,63
GRC,γαρυφα,63
GRC,zu,63
GRC,Sprite,63
GRC,μάσκες,63
GRC,χτένα,63
GRC,digestiv,63
GRC,τοματοχυμος,63
GRC,shwe,63
GRC,γυ,63
GRC,coffee beans,63
GRC,Γιαου,63
GRC,νυχια,63
GRC,mov,63
GRC,χουμο,62
GRC,ξυραφι,62
GRC,Παγω,62
GRC,φιλτ,62
GRC,cappu,62
GRC,azer,62
GRC,ζεα,62
GRC,mouse,62
GRC,μπασμ,62
GRC,bravo,62
GRC,πινδ,62
GRC,eat real,62
GRC,απολυμαντικο,62
GRC,κρφιρ,62
GRC,καπνιστό,62
GRC,μπασμάτι,62
GRC,cheeto,62
GRC,ζελεδακι,62
GRC,νηστ,62
GRC,λευκαντικό,62
GRC,αρι,62
GRC,γιαούρτι στραγγιστο,62
GRC,κασιο,62
GRC,χωμι τοστ,62
GRC,κρεμα προσωπου,62
GRC,Παγωτ,62
GRC,ντονατ,62
GRC,cajol,62
GRC,μαρμελαδ,62
GRC,φετε,62
GRC,baco,62
GRC,υγρό πλυντηρίου,62
GRC,κατσικισ,62
GRC,bece,62
GRC,nairns,62
GRC,dough,62
GRC,toner,62
GRC,glute,62
GRC,ψάρια,62
GRC,γαλα α,62
GRC,nest,62
GRC,mes,62
GRC,εντομοκτονα,62
GRC,τουρσ,62
GRC,yu,62
GRC,breas,62
GRC,ηλε,62
GRC,noulac,62
GRC,creamer,62
GRC,μαγιονεζα light,62
GRC,τσιμπι,62
GRC,παγιδα,62
GRC,wete,62
GRC,σφουγκα,62
GRC,luc,62
GRC,γαριδακι,62
GRC,pecan,62
GRC,concen,62
GRC,1664,62
GRC,sesame oil,62
GRC,έτοιμα γευματα,62
GRC,λιναροσπορος,62
GRC,αγγουρακ,62
GRC,γκρειπ,62
GRC,τυρι gouda,62
GRC,λαχανικ,61
GRC,ener,61
GRC,corn fla,61
GRC,cards,61
GRC,lady,61
GRC,παγωτό 0,61
GRC,τυρί κ,61
GRC,γαλα αμυγδαλ,61
GRC,σφολια,61
GRC,σπαγ,61
GRC,σοδε,61
GRC,countr,61
GRC,air fr,61
GRC,sprinkles,61
GRC,τσί,61
GRC,νεκταριν,61
GRC,ruf,61
GRC,σφουγγαρα,61
GRC,βρεφικα,61
GRC,γιαούρτι 0,61
GRC,frozen yog,61
GRC,λουμιδ,61
GRC,vanis,61
GRC,kewpie,61
GRC,jalapenos,61
GRC,χωρις λακτο,61
GRC,cri,61
GRC,arabic,61
GRC,σακουλες σκο,61
GRC,maybel,61
GRC,wolt ma,61
GRC,λάιμ,61
GRC,aa,61
GRC,holly,61
GRC,σακκου,61
GRC,bat,61
GRC,δια,61
GRC,σουβλάκι,61
GRC,rice vinegar,61
GRC,πουτιγκες,61
GRC,φυτικα,61
GRC,dettil,61
GRC,nes cafe,61
GRC,ξεβαφτικο,61
GRC,γαλλικος,61
GRC,past,61
GRC,φαιδων,61
GRC,παξιμαδακια,61
GRC,Yogurt,61
GRC,γερμ,61
GRC,λαστιχο,61
GRC,πισινα,61
GRC,pink grap,61
GRC,prince,61
GRC,Beer,61
GRC,Nutree,61
GRC,bonn,61
GRC,ultre,61
GRC,perri,61
GRC,chop,61
GRC,τυρι γκουντα,61
GRC,κρανμπερι,61
GRC,καπνιστη,61
GRC,βερικ,61
GRC,μαγιό,61
GRC,κατσαριδοκτονο,61
GRC,lost,61
GRC,βοσινα,61
GRC,12,61
GRC,άνθος,61
GRC,φιλτρο,61
GRC,aftersun,60
GRC,λουμιδη,60
GRC,spring rolls,60
GRC,Χλωρίνη,60
GRC,apricot,60
GRC,jalap,60
GRC,κριτσί,60
GRC,fajita,60
GRC,μακαρό,60
GRC,καπνιστ,60
GRC,σοκολατου,60
GRC,caotonic,60
GRC,nom,60
GRC,φυστικοβουτυ,60
GRC,ρούμι,60
GRC,vitam,60
GRC,βανίλ,60
GRC,σεληνο,60
GRC,taft,60
GRC,κρασι ροζε,60
GRC,ανανά,60
GRC,tomate,60
GRC,pancetta,60
GRC,χαρτι ψησιματος,60
GRC,γαρυφ,60
GRC,μυρτιλλα,60
GRC,an,60
GRC,βατόμουρα,60
GRC,carefree,60
GRC,bell,60
GRC,parmezan,60
GRC,κοφτό,60
GRC,coct,60
GRC,σακουλες σκουπ,60
GRC,broco,60
GRC,Coca Cola,60
GRC,cru,60
GRC,μοσχοκάρυδο,60
GRC,στρωμα,60
GRC,kitchen towel,60
GRC,ρεγκατο,60
GRC,άμμο,60
GRC,apivita,60
GRC,pomegranate,60
GRC,γαλα καρ,60
GRC,ποτο,60
GRC,ηπειρ,60
GRC,la vach,60
GRC,septina,60
GRC,μακαρινια,60
GRC,ελμα,60
GRC,μελο,60
GRC,ψίχα,60
GRC,πλη,60
GRC,φράου,60
GRC,φτερούγες,60
GRC,roka,60
GRC,λικερ,60
GRC,shaver,60
GRC,βιτάμ,60
GRC,bros,60
GRC,ζελες,60
GRC,le pet,60
GRC,φορμες,60
GRC,χαρτι τουαλ,60
GRC,τορτιγες,60
GRC,πίκλα,60
GRC,καφές φίλτρου,60
GRC,γε,60
GRC,nucre,60
GRC,hans,60
GRC,un,60
GRC,ριγανι,60
GRC,uncl,60
GRC,γατοτρ,60
GRC,αποτρίχωση,60
GRC,Δέλτα,60
GRC,φρά,60
GRC,σαντουι,60
GRC,σκόρδ,60
GRC,danette,60
GRC,αρλα,60
GRC,μπισκότο,60
GRC,φίλτρου,60
GRC,παπρικ,60
GRC,la v,60
GRC,μάσκα μαλλιών,60
GRC,cheese slices,60
GRC,pitta,60
GRC,krema,60
GRC,τυροσα,60
GRC,4all,60
GRC,σακούλες σκο,59
GRC,margarita,59
GRC,caprise,59
GRC,μοανανες,59
GRC,βυ,59
GRC,παγωτό χωρίς,59
GRC,Σάλτσα,59
GRC,γαλακτος,59
GRC,ομοσπονδία,59
GRC,ice coffee,59
GRC,χαρτι τ,59
GRC,cov,59
GRC,σακούλες σ,59
GRC,μηλίτης,59
GRC,xix,59
GRC,γαλακτ,59
GRC,νι,59
GRC,cerave,59
GRC,para,59
GRC,γιγα,59
GRC,crepe,59
GRC,heavy,59
GRC,champ,59
GRC,παγακι,59
GRC,πουμα,59
GRC,καρέλια,59
GRC,υγρομαντηλα,59
GRC,cham,59
GRC,κάρτα,59
GRC,viral,59
GRC,γάλα βρωμης,59
GRC,κρουτο,59
GRC,χαρτί κουζί,59
GRC,noodls,59
GRC,deka,59
GRC,goida,59
GRC,cold cuts,59
GRC,μικροινες,59
GRC,βαζο,59
GRC,o.b,59
GRC,ετοιμο,59
GRC,passion fruit,59
GRC,vil,59
GRC,durec,59
GRC,dumpling,59
GRC,ben a,59
GRC,ποτά,59
GRC,ξυλο,59
GRC,sea salt,59
GRC,κατσικισιο τυρι,59
GRC,πλα,59
GRC,moons,59
GRC,οινοπνευ,59
GRC,Καρότα,59
GRC,en,59
GRC,dum,59
GRC,compl,59
GRC,φρεσκο κρε,59
GRC,sweet po,59
GRC,onig,59
GRC,plates,59
GRC,ροφημα αμυγδαλου,59
GRC,kinder joy,59
GRC,νερο 12,59
GRC,ανοιχτηρι,59
GRC,μωρό μαντήλα,59
GRC,γαλοπούλα βραστή,59
GRC,sco,59
GRC,ταψα,59
GRC,eater,59
GRC,χυμοσ,59
GRC,βεν,59
GRC,Μακαρονια,59
GRC,λαμπρ,59
GRC,μηλι,59
GRC,zil,59
GRC,ziplock,59
GRC,αριαν,59
GRC,le pe,59
GRC,κρυο τσαι,59
GRC,mp,59
GRC,βανιλιν,59
GRC,ultr,59
GRC,καρολ,59
GRC,ορος,59
GRC,σουσ,59
GRC,βιταμίνες,59
GRC,torte,59
GRC,σπρευ,59
GRC,toothp,59
GRC,Κατσέλης,59
GRC,σκουπιδ,59
GRC,νουντ,59
GRC,φαριν λακτε,59
GRC,μωρομαντι,59
GRC,παγπς,59
GRC,παλ,59
GRC,μιτσικ,59
GRC,γατας,59
GRC,χοι,58
GRC,tomato juice,58
GRC,Παπαδόπουλου,58
GRC,λαδι τρουφας,58
GRC,olympus,58
GRC,rees,58
GRC,crema,58
GRC,wass,58
GRC,swa,58
GRC,peri,58
GRC,graviera,58
GRC,water wip,58
GRC,mm,58
GRC,ντοματοπολτος,58
GRC,χυμος τοματας,58
GRC,papado,58
GRC,ruffl,58
GRC,Eggs,58
GRC,amare,58
GRC,naughty,58
GRC,προφιτερολ,58
GRC,nikas,58
GRC,ποτηρακια,58
GRC,φρουι ζελε,58
GRC,κορν φλ,58
GRC,sti,58
GRC,got,58
GRC,σοκολατα μαυρη,58
GRC,sparklin,58
GRC,χυλοπι,58
GRC,χοιριν,58
GRC,ou,58
GRC,παγωυ,58
GRC,magnu,58
GRC,scot,58
GRC,παυλιδ,58
GRC,σφουγγά,58
GRC,αντικουνουπι,58
GRC,plant based,58
GRC,καθ,58
GRC,puddi,58
GRC,μπαλο,58
GRC,λιγκουίνι,58
GRC,motio,58
GRC,λευκή,58
GRC,γκραν,58
GRC,weetabix,58
GRC,καλαμαρακια,58
GRC,τούρτα,58
GRC,τριγωνα,58
GRC,ρυζι μπασματι,58
GRC,coka cola,58
GRC,veev one,58
GRC,peato,58
GRC,μωρομάντ,58
GRC,χημος,58
GRC,κοντ,58
GRC,ζελε γιωτης,58
GRC,παγωτο χωρις,58
GRC,κρεμοσαπουν,58
GRC,biote,58
GRC,σακούλε,58
GRC,καραβακι,58
GRC,πρωτεινης,58
GRC,μοσχοκα,58
GRC,saus,58
GRC,χαρτομαντη,58
GRC,cher,58
GRC,doce,58
GRC,σκευος,58
GRC,μπρικι,58
GRC,λαχανο καροτο,58
GRC,waffles,58
GRC,σκό,58
GRC,tomatos,58
GRC,χόρτα,58
GRC,γαλα κατς,58
GRC,φυλο,58
GRC,ελαιολαδ,58
GRC,χαρτί υγεία,58
GRC,panin,58
GRC,βιολα,58
GRC,sabor,58
GRC,hair gel,58
GRC,ξηροι καρ,58
GRC,βελ,58
GRC,easy home,58
GRC,βυσι,58
GRC,jello,58
GRC,αναψυκτικ,57
GRC,Πάγος,57
GRC,κερακ,57
GRC,ηλεκ,57
GRC,βαλς,57
GRC,χωρίς ζαχαρη,57
GRC,χωρις αλατι,57
GRC,fuz,57
GRC,χαρτακ,57
GRC,gillet,57
GRC,γυα,57
GRC,βανί,57
GRC,σουσαμ,57
GRC,Κουβερτούρα,57
GRC,ice cube,57
GRC,peeler,57
GRC,pre workout,57
GRC,toulet,57
GRC,Κρεμμύδι,57
GRC,μορ,57
GRC,beauty,57
GRC,ψωμι μπεργκερ,57
GRC,βαζελινη,57
GRC,cuba,57
GRC,mushr,57
GRC,garden gourmet,57
GRC,on,57
GRC,μαχαι,57
GRC,ολυμπος γαλα,57
GRC,el sabo,57
GRC,ευλογημενο,57
GRC,broom,57
GRC,πινελο,57
GRC,toot,57
GRC,φαριναπ,57
GRC,pepsi lime,57
GRC,Cheese,57
GRC,Ben &,57
GRC,serkova,57
GRC,cream chee,57
GRC,χυμος ανανα,57
GRC,cashews,57
GRC,ηλεκτρολύτες,57
GRC,άνευ,57
GRC,pocky,57
GRC,χαλου,57
GRC,mockt,57
GRC,Φρυγανιές,57
GRC,νουνου γαλα,57
GRC,μαγειρική σόδα,57
GRC,Terrea,57
GRC,τερε,57
GRC,αντικουνουπ,57
GRC,ρεγγα,57
GRC,lip balm,57
GRC,ψο,57
GRC,καρβο,57
GRC,προσωπο,57
GRC,λαστιχα,57
GRC,παγοθη,57
GRC,σκόνη πλυντηρίου,57
GRC,plastic bag,57
GRC,τζιφρης,57
GRC,καλαμπογκ,57
GRC,παπαδοπο,57
GRC,mosq,57
GRC,ηλιοσ,57
GRC,Καφές,57
GRC,anassa,57
GRC,omino,57
GRC,πράσινο,57
GRC,rico,57
GRC,appl,57
GRC,χταπόδι,57
GRC,νεσεσερ,57
GRC,ser,57
GRC,Karelia,57
GRC,ζαχαροπλαστικη,57
GRC,αυτοκολλητα,57
GRC,ment,57
GRC,κουτι,57
GRC,ακουστικα,57
GRC,palm,57
GRC,protein milk,57
GRC,υγεια,57
GRC,Σοκολάτα,57
GRC,βας,57
GRC,alg,57
GRC,deodo,56
GRC,Πάνες,56
GRC,parmesa,56
GRC,αλευρο,56
GRC,serum,56
GRC,λεκεδες,56
GRC,χυμο πορτοκαλι,56
GRC,πετ,56
GRC,ecomil,56
GRC,φαγ,56
GRC,εκχυλισμα βανιλιας,56
GRC,scholl,56
GRC,γατοτρο,56
GRC,παγωτινι,56
GRC,ηπε,56
GRC,γιαορτι,56
GRC,brazil,56
GRC,lipo,56
GRC,αερο,56
GRC,black beans,56
GRC,muratti,56
GRC,τυρί φε,56
GRC,βαλσαμι,56
GRC,Χαρτ,56
GRC,socks,56
GRC,παντόφλες,56
GRC,hei,56
GRC,adoraballs,56
GRC,κρεμμύδ,56
GRC,ge,56
GRC,χαρρι,56
GRC,γαλα κατσικ,56
GRC,ρυζι basmati,56
GRC,καταψυξη,56
GRC,κρεατ,56
GRC,κορν φ,56
GRC,thomas,56
GRC,ου,56
GRC,φασολακι,56
GRC,coron,56
GRC,pink g,56
GRC,rolls,56
GRC,orga,56
GRC,πετσ,56
GRC,moet,56
GRC,mor,56
GRC,πίτ,56
GRC,bubble,56
GRC,τυρι γαλοπουλα,56
GRC,πλυντήριο πιάτων,56
GRC,σλ,56
GRC,whipped,56
GRC,Pantene,56
GRC,βυς,56
GRC,llama,56
GRC,μανιτά,56
GRC,παλαμα,56
GRC,cox,56
GRC,σαλάμι αέρος,56
GRC,ελαφροπετρα,56
GRC,βρε,56
GRC,επιδορπιο γιαουρτιου,56
GRC,τουρς,56
GRC,γαρύφαλλο,56
GRC,rise,56
GRC,ανθρακουχα,56
GRC,γεύματα,56
GRC,ji,56
GRC,μπαταριε,56
GRC,lavas,56
GRC,τροφ,56
GRC,πακο,56
GRC,Μα,56
GRC,box,56
GRC,regat,56
GRC,Υφαντής,56
GRC,πρωινό,56
GRC,λιπαντικό,56
GRC,γλα,56
GRC,charcoal,56
GRC,φαντα,56
GRC,ξυδι λευκο,56
GRC,vegeta,56
GRC,crunchy,56
GRC,garofalo,56
GRC,ketchu,56
GRC,bret,56
GRC,τοματοπ,56
GRC,ραβιολι,56
GRC,τορτελιν,56
GRC,hair oil,56
GRC,halo t,56
GRC,Pesto,56
GRC,γρανίτα,56
GRC,πλυντηρίου,56
GRC,αυτι,56
GRC,βαμβακια,56
GRC,oreos,56
GRC,helma,56
GRC,cont,56
GRC,rasberries,56
GRC,greek y,56
GRC,παγι,56
GRC,νερι,55
GRC,εμφ,55
GRC,γιωτ,55
GRC,παστε,55
GRC,ημιγλυκο,55
GRC,παπατες,55
GRC,κριθαρακ,55
GRC,double,55
GRC,σελοτειπ,55
GRC,leg,55
GRC,σκονη πλυντηριου,55
GRC,apple cider,55
GRC,red pepper,55
GRC,αγγούρ,55
GRC,αοδα,55
GRC,μπεικι,55
GRC,ola bio,55
GRC,βερο,55
GRC,ψωμι τοσυ,55
GRC,λαι,55
GRC,terres,55
GRC,ινδοκ,55
GRC,Μέλι,55
GRC,χαχαρη,55
GRC,υποσέντονα,55
GRC,ντάκος,55
GRC,βοσινακ,55
GRC,Planet,55
GRC,lurpack,55
GRC,σαλτσα ντο,55
GRC,χαλκιαδακης,55
GRC,αποφρ,55
GRC,οδοντογλυ,55
GRC,καφιρ,55
GRC,tampo,55
GRC,sien,55
GRC,βυσινο,55
GRC,χαρτινα,55
GRC,koukaki,55
GRC,frul,55
GRC,τααι,55
GRC,κοτόπο,55
GRC,reg,55
GRC,γαλα κακαο,55
GRC,γαα,55
GRC,αχν,55
GRC,guiness,55
GRC,spring onion,55
GRC,μονοκερος,55
GRC,mel,55
GRC,πουμ,55
GRC,danone,55
GRC,srir,55
GRC,bolo,55
GRC,κατσικισι,55
GRC,βελούδο,55
GRC,γάλα κα,55
GRC,μπουκάλι,55
GRC,κρασι κοκκινο,55
GRC,ποτηρια πλαστικα,55
GRC,dec,55
GRC,κρεμιδι,55
GRC,aegean,55
GRC,pampers 4,55
GRC,meet,55
GRC,sod,55
GRC,mam,55
GRC,sos,55
GRC,total 2,55
GRC,ξυροι,55
GRC,πετσετ,55
GRC,fery,55
GRC,γαρυφαλο,55
GRC,balloon,55
GRC,τσε,55
GRC,beauty of joseon,55
GRC,ξυρισμα,55
GRC,φυτική,55
GRC,airwic,55
GRC,χουμου,55
GRC,αρτι,55
GRC,Chocolate,55
GRC,παξιμά,55
GRC,natura,55
GRC,fil,55
GRC,ill,55
GRC,τουα,55
GRC,γαλα αμυγδάλου,55
GRC,βερικο,55
GRC,μουσλι,55
GRC,κρεμα γιωτης,55
GRC,αλουμινοχ,55
GRC,κατοικιδια,54
GRC,cotto,54
GRC,μηλοξιδο,54
GRC,top,54
GRC,spagg,54
GRC,actimel,54
GRC,lett,54
GRC,φουαντρε,54
GRC,φριγ,54
GRC,ριγκα,54
GRC,cocs,54
GRC,san pel,54
GRC,μοτσαρελλα,54
GRC,τσαντ,54
GRC,pumarro,54
GRC,pink soda,54
GRC,seaweed,54
GRC,fanda,54
GRC,πολυδη,54
GRC,heine,54
GRC,creta farm,54
GRC,tez,54
GRC,arugula,54
GRC,τονι,54
GRC,hazelnut,54
GRC,σακουλες απο,54
GRC,smoke,54
GRC,detox,54
GRC,φαρμα κουκακη,54
GRC,ταμπλετ,54
GRC,septem,54
GRC,καρπός,54
GRC,mach,54
GRC,zillio,54
GRC,καλώδιο,54
GRC,μαχαίρι,54
GRC,κερά,54
GRC,κρασί λευκό,54
GRC,κατσέλης,54
GRC,μουσα,54
GRC,sho,54
GRC,creta farms,54
GRC,ψαροκρ,54
GRC,σαρδέλα,54
GRC,parmez,54
GRC,sofa,54
GRC,σκουπιδιων,54
GRC,musk,54
GRC,oshee,54
GRC,baked,54
GRC,φράουλ,54
GRC,πίκλ,54
GRC,nutri valley,54
GRC,boss,54
GRC,αποσκλη,54
GRC,harpi,54
GRC,plan(et,54
GRC,v8,54
GRC,φάρμα,54
GRC,lactose free milk,54
GRC,γλυκόξινη,54
GRC,Τονος,54
GRC,camp,54
GRC,winst,54
GRC,suger,54
GRC,Λουμίδης,54
GRC,κετς,54
GRC,καραμελωμενο,54
GRC,Ξυδι,54
GRC,smoo,54
GRC,σεικερ,54
GRC,cheda,54
GRC,γαλοπούλα καπνιστή,54
GRC,φετες τοστ,54
GRC,τσεν,54
GRC,καταψ,54
GRC,βιολογικα αυγα,54
GRC,σκόρ,54
GRC,lingui,54
GRC,sard,54
GRC,τραχαν,54
GRC,φιδάκι,54
GRC,chillato,54
GRC,καπνό,54
GRC,Arla,54
GRC,γιώτης,54
GRC,μερα,54
GRC,por,54
GRC,fruli,54
GRC,libresse,54
GRC,limon,54
GRC,salat,54
GRC,emental,54
GRC,σκορος,54
GRC,σερβιετακ,54
GRC,υποσεντο,54
GRC,bec,54
GRC,tir,54
GRC,oven,54
GRC,spe,54
GRC,jin,54
GRC,μηλοκλ,54
GRC,σακουλες τρο,54
GRC,πίνδος,54
GRC,tubofl,54
GRC,πολυμπριζο,54
GRC,xi,53
GRC,είδη,53
GRC,toilet cleaner,53
GRC,baca,53
GRC,l’,53
GRC,organi,53
GRC,σελερυ,53
GRC,ajaz,53
GRC,σκονη πλ,53
GRC,dark choc,53
GRC,Φρούτα,53
GRC,στιγμ,53
GRC,γκουν,53
GRC,μυδια,53
GRC,momster,53
GRC,Jacobs,53
GRC,καλαμαρι,53
GRC,scru,53
GRC,latte,53
GRC,εντομοαπω,53
GRC,ροκφορ,53
GRC,χωμα,53
GRC,green c,53
GRC,th,53
GRC,ξεβα,53
GRC,tortilla chips,53
GRC,nutree bars,53
GRC,Green cola,53
GRC,instant coffee,53
GRC,φίλτρα,53
GRC,στιγμι,53
GRC,ριζογκοφ,53
GRC,violife,53
GRC,σφουγγαριστ,53
GRC,Kinder,53
GRC,iron,53
GRC,γαλα καρυ,53
GRC,club,53
GRC,γιαουρι,53
GRC,kombu,53
GRC,πατακι,53
GRC,υγει,53
GRC,cinn,53
GRC,panadol,53
GRC,αντιηλιακό,53
GRC,οξυ,53
GRC,σαβαγι,53
GRC,νεροπι,53
GRC,μπρατσακια,53
GRC,pit,53
GRC,αποτριχω,53
GRC,σοκολατούχο,53
GRC,healthy habi,53
GRC,σαγιο,53
GRC,moji,53
GRC,αντικολλητικο χαρτι,53
GRC,κυμα,53
GRC,πυρ,53
GRC,μπαρες δημη,53
GRC,όσπρια,53
GRC,ταραμ,53
GRC,micell,53
GRC,καλλυντικα,53
GRC,aftershave,53
GRC,planet baby,53
GRC,υποβ,53
GRC,oatmilk,53
GRC,φόρμα,53
GRC,γιαουρτι κατσι,53
GRC,absolut,53
GRC,noxe,53
GRC,parma,53
GRC,μορτ,53
GRC,Παγος,53
GRC,cori,53
GRC,netflix,53
GRC,onion rings,53
GRC,υγρο π,53
GRC,αζαχ,53
GRC,bla,53
GRC,κά,53
GRC,rummo,53
GRC,σφουγγαριστρ,53
GRC,γουακα,53
GRC,phill,53
GRC,makeup remover,53
GRC,Μπάρα,53
GRC,δενδρο,53
GRC,αυγά βιολογικά,53
GRC,super bowl,53
GRC,συκωτι,53
GRC,μήλ,53
GRC,Ψωμί τοστ,52
GRC,Σοδα,52
GRC,nectarine,52
GRC,βελο,52
GRC,συμπ,52
GRC,καψουλες πλυντηριου,52
GRC,μασκαρ,52
GRC,eat,52
GRC,σφουγγαρι πιατων,52
GRC,pistac,52
GRC,croiss,52
GRC,τοματε,52
GRC,ανεμιστηρας,52
GRC,τοφο,52
GRC,dinner lady,52
GRC,σοκολατο,52
GRC,κατσικις,52
GRC,εντομοαπωθητικα,52
GRC,santa,52
GRC,breez,52
GRC,παγωτό 0%,52
GRC,μπαμι,52
GRC,ρολα,52
GRC,αρια,52
GRC,τό,52
GRC,chesse,52
GRC,μηλοξυ,52
GRC,grated,52
GRC,palmol,52
GRC,kra,52
GRC,raspb,52
GRC,γαλα χωρι,52
GRC,mento,52
GRC,μικροι,52
GRC,γουακαμολε,52
GRC,rock,52
GRC,scandal,52
GRC,κουζι,52
GRC,macaroni,52
GRC,κιμασ,52
GRC,πετσέτες,52
GRC,αλατι πλ,52
GRC,thc,52
GRC,κουζιν,52
GRC,πουρακ,52
GRC,οδοντοβουρτα,52
GRC,dive,52
GRC,pepe,52
GRC,γαλα ε,52
GRC,προσουτ,52
GRC,τυρί για τοστ,52
GRC,μαγνησιο,52
GRC,fabric,52
GRC,μπεσαμε,52
GRC,bresaola,52
GRC,baby pla,52
GRC,ασετο,52
GRC,Παγ,52
GRC,τυρι φε,52
GRC,ketsup,52
GRC,jalape,52
GRC,carbon,52
GRC,γαλοπού,52
GRC,λιαστες,52
GRC,Σαλατα,52
GRC,egg whites,52
GRC,conditi,52
GRC,ινδοκα,52
GRC,δημι,52
GRC,3αλ,52
GRC,κασιου,52
GRC,σελιν,52
GRC,χλωρί,52
GRC,protein pasta,52
GRC,bolognese,52
GRC,caroten,52
GRC,tequi,52
GRC,αλλαντι,52
GRC,γερμανικού,52
GRC,Septona,52
GRC,turmeric,52
GRC,τερ,52
GRC,σλατα,52
GRC,μπασμα,52
GRC,loreal men,52
GRC,Alpro,52
GRC,rose wine,52
GRC,l oreal,52
GRC,επιδορπ,52
GRC,water 500,52
GRC,καλαμαρ,52
GRC,γενεθλια,52
GRC,yellow,52
GRC,σαλτσα ντομ,52
GRC,κάλτσες,52
GRC,type c,52
GRC,κεφτεδα,52
GRC,gile,52
GRC,ρυζιου,52
GRC,vanill,52
GRC,Buldak,52
GRC,βρεφικ,52
GRC,σογ,52
GRC,δίσκοι,52
GRC,nesquick,52
GRC,τεζα,52
GRC,vapon,52
GRC,ετοιμα φαγητα,52
GRC,gas,52
GRC,babylini,52
GRC,air wi,52
GRC,Panini,52
GRC,μπαχάρι,52
GRC,θηκες,52
GRC,depo,51
GRC,patches,51
GRC,dulce,51
GRC,Τοστ,51
GRC,ρου,51
GRC,γαλα χω,51
GRC,μωρομάν,51
GRC,rigat,51
GRC,micellar,51
GRC,πορτοκαλαδ,51
GRC,ground,51
GRC,craven,51
GRC,πολυδημητριακα,51
GRC,cere,51
GRC,νιο,51
GRC,σανπουαν,51
GRC,PLAN(E,51
GRC,acqua,51
GRC,bionol,51
GRC,πολτο,51
GRC,πακιμαδια,51
GRC,βουρτ,51
GRC,adori,51
GRC,foam,51
GRC,μιγμα,51
GRC,sandwi,51
GRC,θαλασσινα,51
GRC,τρεις,51
GRC,πατατάκι,51
GRC,μακαρι,51
GRC,τριφτης,51
GRC,φορτιστής,51
GRC,αφρος μαλλιων,51
GRC,amar,51
GRC,vegan τυρι,51
GRC,κοπανακι,51
GRC,cac,51
GRC,teso,51
GRC,ακορδο,51
GRC,alf,51
GRC,επιδόρπιο γιαουρτιού,51
GRC,γκουντ,51
GRC,ψωμη,51
GRC,διπλο,51
GRC,soon to,51
GRC,χαλι,51
GRC,νες κα,51
GRC,κραν,51
GRC,cone,51
GRC,teeth,51
GRC,παρατ,51
GRC,ροφη,51
GRC,sex toys,51
GRC,starba,51
GRC,meri,51
GRC,καπνιστός,51
GRC,νιφάδες,51
GRC,μερέντα,51
GRC,Ντομάτα,51
GRC,drain,51
GRC,κεφτεδ,51
GRC,σφεν,51
GRC,app,51
GRC,γκοφρετ,51
GRC,pie,51
GRC,ψωνι τοστ,51
GRC,μπακα,51
GRC,πανκο,51
GRC,πλυντηρ,51
GRC,bayg,51
GRC,πανσε,51
GRC,glove,51
GRC,ben and j,51
GRC,evo,51
GRC,ταλκ,51
GRC,αλουμίνιο,51
GRC,mohito,51
GRC,πλασ,51
GRC,βερυκοκ,51
GRC,xl,51
GRC,betty,51
GRC,lasagna,51
GRC,cinna,51
GRC,φραπ,51
GRC,Βρώμη,51
GRC,μιρα,51
GRC,ψωμι τοσ,51
GRC,βιολογικο γαλα,51
GRC,τηγανια,51
GRC,brita,51
GRC,χυμός λεμόνι,51
GRC,bikos,51
GRC,baby πατατες,51
GRC,rusk,51
GRC,πληντ,51
GRC,πρόβ,51
GRC,Αφρολουτρο,51
GRC,turk,51
GRC,Κρέμα,51
GRC,chocolate chip,51
GRC,αντζ,51
GRC,capp,51
GRC,Λεμόνι,51
GRC,glut,51
GRC,κατσαρίδες,51
GRC,εντομοκτ,51
GRC,στιγμιαίος,51
GRC,κεμπαπ,50
GRC,πλαστι,50
GRC,donuts,50
GRC,υπος,50
GRC,in,50
GRC,cous,50
GRC,aluminium,50
GRC,tabasc,50
GRC,παπαρδελες,50
GRC,microfiber,50
GRC,freskoulis,50
GRC,sl,50
GRC,perier,50
GRC,matc,50
GRC,cranbe,50
GRC,ντου,50
GRC,purple,50
GRC,lingu,50
GRC,τουαλε,50
GRC,peppe,50
GRC,πιατω,50
GRC,maybeline,50
GRC,γαλα κατσικι,50
GRC,φρούτ,50
GRC,jamon,50
GRC,αποτριχ,50
GRC,μαλλιων,50
GRC,πτι μπ,50
GRC,σκουμπρι,50
GRC,χαρτη,50
GRC,κρεμε,50
GRC,healthy h,50
GRC,creamy,50
GRC,bug,50
GRC,χωμ,50
GRC,mang,50
GRC,kel,50
GRC,τυρί φετα,50
GRC,νουντλ,50
GRC,πλην,50
GRC,σακουκες,50
GRC,μασ,50
GRC,dress,50
GRC,τυρί σε,50
GRC,νύμφη,50
GRC,απιονισμ,50
GRC,μαντηλακ,50
GRC,komb,50
GRC,organic eggs,50
GRC,salmo,50
GRC,σφουγγαρισμα,50
GRC,tac,50
GRC,χαρτακι,50
GRC,νήμα,50
GRC,μάννα,50
GRC,Ελιές,50
GRC,καφες ελλ,50
GRC,βοσ,50
GRC,σαπούνι πιάτων,50
GRC,keog,50
GRC,ενταμ,50
GRC,green co,50
GRC,beef j,50
GRC,χαγορι,50
GRC,nescaffe,50
GRC,υγρά μαντηλάκια,50
GRC,plate,50
GRC,κεφί,50
GRC,μποφτεκια,50
GRC,κριθαρο,50
GRC,brocc,50
GRC,coca colla,50
GRC,pumpers,50
GRC,watermel,50
GRC,ker,50
GRC,γλυκαν,50
GRC,φακελος,50
GRC,stoli,50
GRC,color catcher,50
GRC,σελο,50
GRC,νηστίσιμα,50
GRC,συγα,50
GRC,μορταδε,50
GRC,bottle,50
GRC,Στάμου,50
GRC,φαγοπυρο,50
GRC,σχοινοπρασο,50
GRC,ben & jerrys,50
GRC,τυρι τριμμεν,50
GRC,dan,50
GRC,7 up,50
GRC,papri,50
GRC,κάρυ,50
GRC,υποβρυχιο,50
GRC,scr,50
GRC,λουκου,50
GRC,φαγητα,50
GRC,οδοντογλυφιδες,50
GRC,super market,50
GRC,μάνγκο,50
GRC,rice chips,50
GRC,ασε,50
GRC,comp,50
GRC,root,50
GRC,old el,50
GRC,παγωτιν,50
GRC,ris,50
GRC,halal,50
GRC,dema,50
GRC,κόλα,50
GRC,παγις,50
GRC,prosci,50
GRC,1+1,50
GRC,ben jerrys,50
GRC,Ζελε,50
GRC,vichy,49
GRC,lak,49
GRC,μελισσα,49
GRC,παιδ,49
GRC,φακή,49
GRC,μηλοπιτα,49
GRC,nud,49
GRC,ψωμακ,49
GRC,overla,49
GRC,mouth,49
GRC,olymp,49
GRC,pindos,49
GRC,σπογγο,49
GRC,κουκουν,49
GRC,καλαμποκελαιο,49
GRC,κρεμα καραμελε,49
GRC,milk lactose,49
GRC,παγοτα,49
GRC,μιας,49
GRC,Σφουγγάρι,49
GRC,nera,49
GRC,conti,49
GRC,beauty of,49
GRC,στάμου,49
GRC,barber,49
GRC,ver,49
GRC,ξηρους,49
GRC,Butter,49
GRC,biltong,49
GRC,μαλακτικό ρουχων,49
GRC,πατο,49
GRC,αγκ,49
GRC,care,49
GRC,φιογκακια,49
GRC,βατομ,49
GRC,θεων,49
GRC,φετα τυρι,49
GRC,σακούλες απο,49
GRC,ηπει,49
GRC,σταφίδα,49
GRC,παγωτο magic,49
GRC,φρπυτα,49
GRC,ξυλ,49
GRC,santa maria,49
GRC,λαδό,49
GRC,cl,49
GRC,kykn,49
GRC,μπεσ,49
GRC,γαλακτοφ,49
GRC,τυρί του,49
GRC,tsiki,49
GRC,κρέμα σωματος,49
GRC,κρέμα σ,49
GRC,γαλα χωρίς,49
GRC,Πατα,49
GRC,protein cheese,49
GRC,nespr,49
GRC,αλμ,49
GRC,chopsticks,49
GRC,salad dressing,49
GRC,Halo,49
GRC,lemona,49
GRC,pescanova,49
GRC,σχοι,49
GRC,σφολι,49
GRC,σχοιν,49
GRC,zele,49
GRC,cornett,49
GRC,vanila,49
GRC,dentyne,49
GRC,νεροπ,49
GRC,caro,49
GRC,σιμιγδάλι,49
GRC,σχ,49
GRC,hon,49
GRC,μπακαλιαρος,49
GRC,σκευ,49
GRC,ολικ,49
GRC,mol,49
GRC,σοκολατε,49
GRC,αλειφω,49
GRC,tzat,49
GRC,άρωμα,49
GRC,γαζες,49
GRC,σωλ,49
GRC,cortage,49
GRC,κοκκινο κρασι,49
GRC,soft cookies,49
GRC,χαρτοταινια,49
GRC,motsa,49
GRC,φετα light,49
GRC,μπουκο,49
GRC,μάσκα προσώπου,49
GRC,ετο,49
GRC,φρέσκα,49
GRC,notebook,49
GRC,διο,49
GRC,καβου,49
GRC,Aqua,49
GRC,κομ,49
GRC,Co,49
GRC,τυρι τριμε,49
GRC,magg,49
GRC,μολυβι,49
GRC,τόν,49
GRC,Καλαμπόκι,49
GRC,watet,48
GRC,χτμος,48
GRC,moon,48
GRC,Granola,48
GRC,τροφή για γάτες,48
GRC,ξινομ,48
GRC,σησα,48
GRC,βατ,48
GRC,καυτερη,48
GRC,sm,48
GRC,terea amber,48
GRC,sensody,48
GRC,σμέουρα,48
GRC,vik,48
GRC,moctail,48
GRC,φριγανια,48
GRC,καφεσ,48
GRC,au,48
GRC,Οδοντόβουρτσα,48
GRC,arla pro,48
GRC,χρωμοπαγι,48
GRC,υγε,48
GRC,μαλλι,48
GRC,πανια,48
GRC,τσακι,48
GRC,almond flour,48
GRC,johnsons,48
GRC,αντιλι,48
GRC,cheer,48
GRC,γαλατακι,48
GRC,αέρος,48
GRC,razors,48
GRC,βρεφ,48
GRC,le peti,48
GRC,αβοκά,48
GRC,Για,48
GRC,viva,48
GRC,kiosk,48
GRC,παντζαρ,48
GRC,λιπ,48
GRC,cornstarch,48
GRC,γο,48
GRC,colo,48
GRC,balloons,48
GRC,cou,48
GRC,κανταιφι,48
GRC,dol,48
GRC,calippo,48
GRC,ψωμί για τοστ,48
GRC,βιβλια,48
GRC,humu,48
GRC,κρεμμυδάκι,48
GRC,σαπού,48
GRC,απορυπαντ,48
GRC,carnic,48
GRC,dime,48
GRC,foot,48
GRC,fajitas,48
GRC,smi,48
GRC,ζω,48
GRC,terea teak,48
GRC,nutricia,48
GRC,crem,48
GRC,πανσετες,48
GRC,pretz,48
GRC,lucky strike,48
GRC,χριστοδουλου,48
GRC,silv,48
GRC,scwe,48
GRC,αντζουγιες,48
GRC,phils granola,48
GRC,coal,48
GRC,μας,48
GRC,λεκ,48
GRC,πιατακια,48
GRC,αφρολουτρι,48
GRC,lavaz,48
GRC,γομα,48
GRC,τυρί σε φετες,48
GRC,black tea,48
GRC,εμενταλ,48
GRC,τζιντζ,48
GRC,frezyderm,48
GRC,μοσχατο,48
GRC,avomi,48
GRC,scale,48
GRC,κολωνια,48
GRC,pana,48
GRC,πιν,48
GRC,ΑΥΓΑ,48
GRC,σπόροι,48
GRC,ταμπλετες πλυντηριου,48
GRC,φιλετινια,48
GRC,σερβιέ,48
GRC,κοτατ,48
GRC,υγρα μαντ,48
GRC,grill,48
GRC,holy ll,48
GRC,zero cola,48
GRC,σαλτσε,48
GRC,τυρι τρυμμενο,48
GRC,γιαούρτι πρόβειο,48
GRC,σαβαγια,48
GRC,nat,48
GRC,frozen fruits,48
GRC,ben and je,48
GRC,Γάντια,48
GRC,borot,48
GRC,γαλα βρωμη,48
GRC,απιονισμενο νερο,48
GRC,κορν φλεικς,48
GRC,ασετόν,48
GRC,σαντιγη,48
GRC,Μπισκοτα,48
GRC,ελιά,48
GRC,aze,48
GRC,sklavenitis,48
GRC,sausa,48
GRC,miranda,48
GRC,Μιτσικέλι,48
GRC,γλυκαντικο,48
GRC,σαντυ,48
GRC,Coffee,48
GRC,fou,48
GRC,μπούτι,48
GRC,ευλο,48
GRC,jer,47
GRC,ten,47
GRC,κουνού,47
GRC,πίεριες,47
GRC,brown rice,47
GRC,mondter,47
GRC,mirin,47
GRC,ζελεδακ,47
GRC,cooking,47
GRC,γάλα νουνου,47
GRC,χυμος μηλου,47
GRC,moschato,47
GRC,κοκκινο,47
GRC,water w,47
GRC,γλωσσα,47
GRC,καρποι,47
GRC,black angus,47
GRC,χωρια,47
GRC,coa,47
GRC,nounou kid,47
GRC,καμπος χιου,47
GRC,24,47
GRC,γάντι,47
GRC,σμε,47
GRC,σακουλακι,47
GRC,gaea,47
GRC,Chicken,47
GRC,avacado,47
GRC,kfc,47
GRC,shaving cream,47
GRC,γσλα,47
GRC,υγρασια,47
GRC,κουνούπι,47
GRC,ess,47
GRC,clusters,47
GRC,βουτι,47
GRC,keratin,47
GRC,ωμι,47
GRC,ευζο,47
GRC,bakerolls,47
GRC,tak,47
GRC,γιαουρυι,47
GRC,αγγιυρι,47
GRC,πηρου,47
GRC,cinam,47
GRC,bath,47
GRC,Σα,47
GRC,phil’s,47
GRC,προφι,47
GRC,tonic water,47
GRC,κρεμα βανιλια,47
GRC,μανγ,47
GRC,parsl,47
GRC,auta,47
GRC,παγωτο βανιλια,47
GRC,Κιμας,47
GRC,butte,47
GRC,καρελι,47
GRC,εκχύλισμα,47
GRC,smooth,47
GRC,low calorie,47
GRC,ουισκ,47
GRC,dolc,47
GRC,sesam,47
GRC,νυχοκ,47
GRC,crouton,47
GRC,healthy habit,47
GRC,ster,47
GRC,γαλατακ,47
GRC,Σαμπουαν,47
GRC,ψωμάκι,47
GRC,kal,47
GRC,λιαστή,47
GRC,garb,47
GRC,ανεμι,47
GRC,agnot,47
GRC,muff,47
GRC,nair,47
GRC,υποβρύχιο,47
GRC,electrolyte,47
GRC,δυό,47
GRC,dodoni,47
GRC,ζαρος,47
GRC,γιω,47
GRC,bread crumbs,47
GRC,κύμινο,47
GRC,cajoli,47
GRC,σοκολατουχο γαλα,47
GRC,ped,47
GRC,εμφιαλ,47
GRC,πατατάκ,47
GRC,proce,47
GRC,filade,47
GRC,carbo,47
GRC,luco,47
GRC,φασολι,47
GRC,carl,47
GRC,βικ,47
GRC,ρύζ,47
GRC,αλειμα,47
GRC,joghurt,47
GRC,pelleg,47
GRC,niv,47
GRC,κοτόπου,47
GRC,φιλέτο κοτόπουλο,47
GRC,Βαφές,47
GRC,τροφη σκυλου,47
GRC,mini market,47
GRC,iso,47
GRC,απορρυπαντικό πλυντηρίου,47
GRC,Μωρομ,47
GRC,plast,47
GRC,weiss,46
GRC,δωδ,46
GRC,αφρος ξυρι,46
GRC,πατζαρ,46
GRC,Ρυζογκοφρετες,46
GRC,res,46
GRC,χυνος,46
GRC,μοα,46
GRC,κουκο,46
GRC,μπυρα χωρις,46
GRC,κρπυασαν,46
GRC,τετράδιο,46
GRC,bluey,46
GRC,kleen,46
GRC,σά,46
GRC,ben and jerr,46
GRC,ευαισθητη,46
GRC,sie,46
GRC,διοσμος,46
GRC,γάλα βρ,46
GRC,tiss,46
GRC,ψαλίδι,46
GRC,helman,46
GRC,παιχν,46
GRC,γαλοπυλα,46
GRC,σαμουρη,46
GRC,frezy,46
GRC,ντεμακιγιάζ,46
GRC,coca light,46
GRC,ref,46
GRC,βανίλιες,46
GRC,piz buin,46
GRC,Λεμόνια,46
GRC,τρυ,46
GRC,lavazz,46
GRC,mitsikeli,46
GRC,κυδι,46
GRC,prawns,46
GRC,αθγα,46
GRC,χαρρ,46
GRC,πρό,46
GRC,χτε,46
GRC,σαλτσα ντ,46
GRC,ΙΟΝ,46
GRC,νεσ,46
GRC,δεν,46
GRC,pancak,46
GRC,προφιτερόλ,46
GRC,plas,46
GRC,lou,46
GRC,clay,46
GRC,bathroom,46
GRC,ροφ,46
GRC,λεκα,46
GRC,κρεμα σωμ,46
GRC,coffee capsules,46
GRC,σπορελ,46
GRC,χαρτί του,46
GRC,ketcup,46
GRC,μπωλ,46
GRC,ohonos,46
GRC,ξυρι,46
GRC,Ντοματίνια,46
GRC,καλαο,46
GRC,tsakiri,46
GRC,διατροφικη μαγια,46
GRC,κανελόνια,46
GRC,σακκουλ,46
GRC,whitening,46
GRC,ethnic,46
GRC,sliced cheese,46
GRC,Καρπούζι,46
GRC,rasbe,46
GRC,mnm,46
GRC,απολ,46
GRC,canna,46
GRC,parmeg,46
GRC,mitsi,46
GRC,spec,46
GRC,μαγιονέ,46
GRC,ξυλακι,46
GRC,παγωτο planet,46
GRC,βασιλο,46
GRC,σκον,46
GRC,chivas,46
GRC,sof,46
GRC,Gordon,46
GRC,αφρος ξυ,46
GRC,vanilla extract,46
GRC,baker,46
GRC,Μαρμελάδα,46
GRC,στραγγιστ,46
GRC,milki,46
GRC,Θεώνη,46
GRC,δέλτα,46
GRC,coce,46
GRC,πληγουρι,46
GRC,herb,46
GRC,σακουλεσ,46
GRC,καρτ,46
GRC,skl,46
GRC,nioki,46
GRC,american,46
GRC,dry sham,46
GRC,πολτ,46
GRC,ξινον,46
GRC,free lac,46
GRC,Coke,46
GRC,ελαιό,46
GRC,πυραυλος,46
GRC,special k,46
GRC,ταλια,46
GRC,ρόφημα αμυγδάλου,46
GRC,μαυρομα,46
GRC,σούπα,46
GRC,σνα,46
GRC,Γα,46
GRC,baloon,46
GRC,ολυμπος μεγαλωνω,46
GRC,dr oetker,46
GRC,feli,46
GRC,σοβο,46
GRC,gyros,46
GRC,γλυκοξι,46
GRC,ama,46
GRC,στοματικό,46
GRC,rexona,46
GRC,everyd,46
GRC,κουτάλι,46
GRC,ηαλα,46
GRC,bou,45
GRC,tres,45
GRC,χαρτιά υγείας,45
GRC,κολοκύθα,45
GRC,jogurt,45
GRC,agn,45
GRC,cocaco,45
GRC,κατο,45
GRC,κρητικος,45
GRC,φρεσκο κρεμμ,45
GRC,κρέμα τυρι,45
GRC,κρεμα σω,45
GRC,fresh cream,45
GRC,mc cain,45
GRC,σαπουνι προσωπου,45
GRC,καστ,45
GRC,Pizza,45
GRC,Ξύδι,45
GRC,αραβικε,45
GRC,παγοκυψελες,45
GRC,ξηροί κ,45
GRC,νου νου,45
GRC,swaz,45
GRC,after s,45
GRC,αποσμητιξο,45
GRC,master,45
GRC,πρι,45
GRC,alo,45
GRC,μανου,45
GRC,τυρα,45
GRC,μουστά,45
GRC,onion powder,45
GRC,φορ,45
GRC,clinex,45
GRC,feta cheese,45
GRC,αλαν,45
GRC,φουρνο,45
GRC,τριμενο τυρι,45
GRC,rice noodles,45
GRC,hungrynot,45
GRC,αγγουρακι τουρσι,45
GRC,chut,45
GRC,κομπό,45
GRC,φάβα,45
GRC,ροζέ,45
GRC,happy birthday,45
GRC,μωρομάντιλα,45
GRC,γαλα βρωμ,45
GRC,woter,45
GRC,Μιράντα,45
GRC,Αλάτι,45
GRC,baby pl,45
GRC,εσπρεσο,45
GRC,ches,45
GRC,Franui,45
GRC,ξηρά τροφή,45
GRC,Bee,45
GRC,nuttela,45
GRC,πηλος,45
GRC,Στέργιου,45
GRC,harp,45
GRC,χαλκια,45
GRC,ζυμη πιτσας,45
GRC,nod,45
GRC,sil,45
GRC,peanu,45
GRC,mea,45
GRC,δακρυα,45
GRC,τηγάνι,45
GRC,breeze,45
GRC,soft cookie,45
GRC,ζεμ,45
GRC,γιαουρτι παιδικο,45
GRC,γαλα εβ,45
GRC,λιπα,45
GRC,κρέμα τυρί,45
GRC,caj,45
GRC,αλκοο,45
GRC,algid,45
GRC,γιαουρτι στρα,45
GRC,jal,45
GRC,πραλιν,45
GRC,vegan παγωτό,45
GRC,πατάτες baby,45
GRC,αυτοκ,45
GRC,τζαμ,45
GRC,θεώνη,45
GRC,βανίλι,45
GRC,easy,45
GRC,καταψυ,45
GRC,cocacol,45
GRC,puddin,45
GRC,αποσκληρυντικο,45
GRC,τονος σε νερο,45
GRC,san pe,45
GRC,δαμασ,45
GRC,τεκίλα,45
GRC,fruct,45
GRC,ολα,45
GRC,ξινό νερο,45
GRC,καλαμποκαλευρο,45
GRC,αλαντ,45
GRC,εμ,45
GRC,alu,45
GRC,φεουτα,45
GRC,gluten free pasta,45
GRC,soa,45
GRC,balsami,45
GRC,caes,45
GRC,self,45
GRC,buf,45
GRC,ανθό,45
GRC,polare,45
GRC,καστανο ρυζι,45
GRC,Jumbo,45
GRC,lub,45
GRC,tru,45
GRC,vina,45
GRC,μουστακας,45
GRC,κιμαδ,45
GRC,κλινεξ,45
GRC,χαλο,44
GRC,life tsai,44
GRC,brocolli,44
GRC,χειρ,44
GRC,Μπανανες,44
GRC,μπύρε,44
GRC,sampoo,44
GRC,μαρκα,44
GRC,κουρκου,44
GRC,carbonated water,44
GRC,γιαουρτι 1,44
GRC,προτεινη,44
GRC,κουζίνα,44
GRC,χωρις ζα,44
GRC,shri,44
GRC,φιδακια,44
GRC,fuantre,44
GRC,malteser,44
GRC,φουντουκοβουτυρο,44
GRC,wochi,44
GRC,ντι,44
GRC,ara,44
GRC,oetker,44
GRC,γκοφρέτες,44
GRC,Bee bros,44
GRC,calve,44
GRC,Φακές,44
GRC,adorab,44
GRC,στιγ,44
GRC,ταιχλες,44
GRC,νυχοκο,44
GRC,macha,44
GRC,perfume,44
GRC,κόκα κ,44
GRC,san pellegrino,44
GRC,Red,44
GRC,awua,44
GRC,bell pepper,44
GRC,Stevia,44
GRC,zip lock,44
GRC,coca ca,44
GRC,tou,44
GRC,σαντουιτ,44
GRC,μυθος,44
GRC,la vas,44
GRC,tonik,44
GRC,fresh milk,44
GRC,Palmolive,44
GRC,χαρτικά,44
GRC,pome,44
GRC,sterg,44
GRC,φυσικος,44
GRC,sunflower oil,44
GRC,gouda light,44
GRC,rig,44
GRC,σαπούνι χεριων,44
GRC,pampers 6,44
GRC,balsamico,44
GRC,γαλα ελαφρυ,44
GRC,κοκτέιλ,44
GRC,montorsi,44
GRC,ταχί,44
GRC,chicken wings,44
GRC,φυτικο τυρι,44
GRC,χορτ,44
GRC,αμύ,44
GRC,χωνάκι,44
GRC,πτι μ,44
GRC,ξηρα,44
GRC,πούδρα,44
GRC,σαγ,44
GRC,στι,44
GRC,french,44
GRC,led,44
GRC,verv,44
GRC,wet ha,44
GRC,πλιγου,44
GRC,lubricant,44
GRC,icec,44
GRC,σταγονε,44
GRC,μαρμελαδες,44
GRC,προζυ,44
GRC,μηλιτ,44
GRC,white vinegar,44
GRC,",,",44
GRC,γιαουτι,44
GRC,καλλυντικά,44
GRC,make,44
GRC,gour,44
GRC,χωρίς λακτοζη,44
GRC,Ντομ,44
GRC,pola,44
GRC,ΓΙΑΟΥΡΤΙ,44
GRC,θυμαρ,44
GRC,ζελατ,44
GRC,μπισκοτα χωρις ζαχαρη,44
GRC,everyda,44
GRC,kimo,44
GRC,valley,44
GRC,beast,44
GRC,vasel,44
GRC,σύκο,44
GRC,δο,44
GRC,ιταλικη,44
GRC,καραμολέγκος,44
GRC,εμφια,44
GRC,kalamata,44
GRC,muffins,44
GRC,μαγειρική,44
GRC,pineapple juice,44
GRC,ντον,44
GRC,Κρεμμύδια,44
GRC,φορμ,44
GRC,teddi,44
GRC,χερι,44
GRC,αγελα,43
GRC,φυσικο,43
GRC,διαβολ,43
GRC,αντιηλι,43
GRC,croissa,43
GRC,Total,43
GRC,caviar,43
GRC,hamburger,43
GRC,ηπειρο,43
GRC,lettu,43
GRC,ψιχ,43
GRC,φυτινη,43
GRC,καθαριστικο προσωπου,43
GRC,σρ,43
GRC,φυστικοβού,43
GRC,νιόκι,43
GRC,stain,43
GRC,λιγ,43
GRC,κόλιανδρο,43
GRC,wood,43
GRC,cosrx,43
GRC,σπανακορυ,43
GRC,αγγπυρι,43
GRC,μαγιονέζα light,43
GRC,sanil,43
GRC,cheddar cheese,43
GRC,pag,43
GRC,χωνάκια,43
GRC,Σαλτσα,43
GRC,teriy,43
GRC,τυρακι,43
GRC,κουκά,43
GRC,μπακαλ,43
GRC,προβε,43
GRC,μπατες,43
GRC,καρπτα,43
GRC,condensed milk,43
GRC,σακουλες γιγας,43
GRC,πολτός,43
GRC,tampa,43
GRC,ριγκ,43
GRC,ωτοκα,43
GRC,ναμα,43
GRC,σιμιγ,43
GRC,σταγόνες σοκολάτας,43
GRC,floor cleaner,43
GRC,φερ,43
GRC,τσαντες,43
GRC,air w,43
GRC,eyeliner,43
GRC,pecori,43
GRC,dent,43
GRC,λαζ,43
GRC,Mozzarella,43
GRC,αλάτ,43
GRC,καστανή ζάχαρη,43
GRC,glykaki,43
GRC,παυλίδης,43
GRC,λευκαν,43
GRC,τζαμι,43
GRC,χειροπετ,43
GRC,βιτεξ,43
GRC,count,43
GRC,yogurt 0,43
GRC,far,43
GRC,FITNESS MEALS,43
GRC,διοσμο,43
GRC,ricot,43
GRC,oriental express,43
GRC,fred,43
GRC,στηθ,43
GRC,Caesar,43
GRC,σοκολατουχ,43
GRC,φαγε fruits,43
GRC,λουκουμ,43
GRC,cupcake,43
GRC,μυρτιλο,43
GRC,έτοιμα φαγητά,43
GRC,tob,43
GRC,adapter,43
GRC,οιν,43
GRC,mai,43
GRC,μπισκότα χωρίς ζάχαρη,43
GRC,τυρί φ,43
GRC,αφρός ξ,43
GRC,meatballs,43
GRC,nails,43
GRC,μπιρε,43
GRC,σπανακό,43
GRC,αφου,43
GRC,burrat,43
GRC,souvlaki,43
GRC,παστελ,43
GRC,chocolates,43
GRC,γαλα ολυ,43
GRC,φουντουκοβ,43
GRC,αριελ,43
GRC,Αποσμητικο,43
GRC,je,43
GRC,babi,43
GRC,natura vita,43
GRC,green pepper,43
GRC,hummu,43
GRC,nesqui,43
GRC,βαλσαμικ,43
GRC,cobb,43
GRC,canned,43
GRC,θαλασσα,43
GRC,ντονα,43
GRC,σοκολάτ,43
GRC,ταρα,43
GRC,grapefruit soda,43
GRC,μπαχ,43
GRC,αχλάδι,43
GRC,κρι κρ,43
GRC,sardin,43
GRC,λουκάνικ,43
GRC,μπιφτεκι κοτοπουλο,43
GRC,χωρις αλκοολ,43
GRC,Bolero,43
GRC,alco,43
GRC,nestea,43
GRC,ariz,43
GRC,icing,43
GRC,beef jerk,43
GRC,υγρο πλυντηριου,43
GRC,cable,43
GRC,δενδρολιβανο,43
GRC,κρεοπ,43
GRC,κρεμμυδι φρεσκο,43
GRC,king,43
GRC,χωρίς λακ,43
GRC,εκχύλισμα βανίλιας,43
GRC,Αναψυκτικά,43
GRC,κρεπε,43
GRC,κεφαλογραβιερα,43
GRC,δεντρολ,43
GRC,frisk,43
GRC,καψουλα,43
GRC,σπογγ,43
GRC,cottagw,43
GRC,χαρτοπετσέτα,43
GRC,io,43
GRC,λάδι καρύδας,43
GRC,pank,43
GRC,σακούλες σκουπ,43
GRC,γκοφρέτα,43
GRC,λιπαν,43
GRC,διαβο,43
GRC,μαρκαδ,43
GRC,gia,43
GRC,υγρό σαπούνι,43
GRC,biot,43
GRC,σαπουνι πιατα,43
GRC,Σακουλες,43
GRC,monster energy,42
GRC,kima,42
GRC,δαφν,42
GRC,iced coffee,42
GRC,creat,42
GRC,gol,42
GRC,liver,42
GRC,arborio,42
GRC,φουντουνι,42
GRC,φουσκωτο,42
GRC,τορτιγια ολικης,42
GRC,tesor,42
GRC,plum,42
GRC,frosties,42
GRC,pampers premium care,42
GRC,don,42
GRC,πατέ,42
GRC,κουκουνα,42
GRC,Νήσος,42
GRC,Halo top,42
GRC,mission,42
GRC,nouno,42
GRC,ζάχαρη άχνη,42
GRC,γρανιτ,42
GRC,turb,42
GRC,peperoni,42
GRC,γαλα χωρις λα,42
GRC,καθαρισμός,42
GRC,Tabasco,42
GRC,παρμεζά,42
GRC,προβει,42
GRC,χθμος,42
GRC,ηλεκτ,42
GRC,chickp,42
GRC,ανεμιστήρας,42
GRC,coconut cream,42
GRC,savo,42
GRC,ριγκατ,42
GRC,τριμεν,42
GRC,Κοτοπουλο,42
GRC,aero,42
GRC,πλι,42
GRC,cleaner,42
GRC,balsam,42
GRC,κατοικίδια,42
GRC,μιλ,42
GRC,λάστιχο,42
GRC,χρυση κασετινα,42
GRC,cake mix,42
GRC,καταικισιο,42
GRC,fanta lemon,42
GRC,α4,42
GRC,intersport,42
GRC,Μουστάρδα,42
GRC,nutt,42
GRC,μεβ,42
GRC,αυτο,42
GRC,jasmin,42
GRC,βουτυτο,42
GRC,icecrea,42
GRC,πλαστικα πο,42
GRC,sofl,42
GRC,anchovies,42
GRC,γαλα αμυγδαλο,42
GRC,μαργ,42
GRC,γιαιυρτι,42
GRC,ζεμυ,42
GRC,λακτοζ,42
GRC,feet,42
GRC,μασκες προσωπου,42
GRC,match,42
GRC,αλεύρι ολικής,42
GRC,Μπυρα,42
GRC,γουα,42
GRC,σορμπε,42
GRC,strawber,42
GRC,cod,42
GRC,frutop,42
GRC,bulgur,42
GRC,βεργινα,42
GRC,μαρμελαδα φραουλα,42
GRC,χριστο,42
GRC,μεταλλικο,42
GRC,baking p,42
GRC,cas,42
GRC,maggie,42
GRC,γλυφ,42
GRC,μπλε τυρι,42
GRC,τσίχλα,42
GRC,παπουτ,42
GRC,twist,42
GRC,μυζηθ,42
GRC,reggato,42
GRC,μαλαρονια,42
GRC,τσιπουρ,42
GRC,πλαστικο,42
GRC,έτοιμα γ,42
GRC,holy l,42
GRC,cardinal,42
GRC,chik,42
GRC,τοσ,42
GRC,Greek yogurt,42
GRC,Κρουασαν,42
GRC,κομας,42
GRC,πιπεριες φλωρινης,42
GRC,pine nuts,42
GRC,νερα μικρα,42
GRC,glass skin,42
GRC,στήθος κοτόπουλο,42
GRC,πλιγο,42
GRC,χαρτί κουζινα,42
GRC,ομπρελα,42
GRC,dou,42
GRC,Melissa,42
GRC,νιφαδες βρωμης,42
GRC,Γαλ,42
GRC,ανοι,42
GRC,φουντούκι,42
GRC,bea,42
GRC,κρέμα σω,42
GRC,radle,42
GRC,γαλα κατ,42
GRC,βοτ,42
GRC,cons,42
GRC,taifun,42
GRC,gumm,42
GRC,πρασι,42
GRC,papoutsa,42
GRC,cornf,42
GRC,still water,42
GRC,καλαμακια πλαστικα,42
GRC,meatka,42
GRC,rizz,42
GRC,de cec,42
GRC,morta,42
GRC,κοτοπουλπ,42
GRC,σακούλες τρ,42
GRC,κρεμαστρα,42
GRC,κανα,42
GRC,γρανίτες,42
GRC,1.5,42
GRC,μαλακτικο μαλλιων,42
GRC,λαδι μαυρισματος,42
GRC,ηλιόσποροι,42
GRC,σφενδα,42
GRC,ριζογκοφρ,42
GRC,ευγα,42
GRC,ξυστρα,42
GRC,magic almond,42
GRC,ξυνό νερό,42
GRC,βρεφικά,42
GRC,vermouth,42
GRC,salata,42
GRC,wings,42
GRC,pepsi twist,42
GRC,feastables,42
GRC,σουτζ,42
GRC,αχνη ζαχαρη,42
GRC,fuse,42
GRC,συρ,42
GRC,αγκιναρες,42
GRC,high pr,42
GRC,i e,42
GRC,γάλα εβα,42
GRC,γιαούρτι κατσικίσιο,41
GRC,Καραμολέγκος,41
GRC,Ντοματες,41
GRC,εντομοκτόνο,41
GRC,ντοματοπ,41
GRC,Colgate,41
GRC,beck,41
GRC,πεπό,41
GRC,medi,41
GRC,αποξη,41
GRC,φύλλο κρούστας,41
GRC,ψωμια,41
GRC,Μπυρες,41
GRC,millhouse,41
GRC,κορεατικα,41
GRC,3 cents,41
GRC,αφρος ξ,41
GRC,mac and cheese,41
GRC,medic,41
GRC,αφρόλ,41
GRC,πιρούνια,41
GRC,τσά,41
GRC,ζυγαριά,41
GRC,ρυζι καστανο,41
GRC,haloumi,41
GRC,speculoos,41
GRC,σκουπιδι,41
GRC,detoll,41
GRC,eco,41
GRC,ven,41
GRC,βρεφικό,41
GRC,απλ,41
GRC,bals,41
GRC,καβουρ,41
GRC,φαρμ,41
GRC,Πατατ,41
GRC,αποχν,41
GRC,θρακης,41
GRC,Μαϊντανός,41
GRC,σοκολά,41
GRC,σταφιδε,41
GRC,υποσεντον,41
GRC,carpat,41
GRC,cola z,41
GRC,tre,41
GRC,holy lama,41
GRC,ουι,41
GRC,condensed,41
GRC,skin,41
GRC,πηρουνι,41
GRC,spaghe,41
GRC,τσαλα,41
GRC,μπούμπας,41
GRC,πατακ,41
GRC,φουντούνια,41
GRC,σουβλα,41
GRC,myt,41
GRC,κουσκους,41
GRC,stracc,41
GRC,ψυ,41
GRC,tee,41
GRC,dacristo,41
GRC,Κα,41
GRC,snicker,41
GRC,eis,41
GRC,καστανο,41
GRC,πυρηνελαιο,41
GRC,paper roll,41
GRC,σοκοφρέτα,41
GRC,worc,41
GRC,σολομό,41
GRC,βουτυρπ,41
GRC,κόλιανδρος,41
GRC,γκρ,41
GRC,zew,41
GRC,somers,41
GRC,ατ,41
GRC,λεμονο,41
GRC,σχοινο,41
GRC,ελιέ,41
GRC,cranberr,41
GRC,μπαλσαμ,41
GRC,espresso con,41
GRC,σοκολατα στεβια,41
GRC,bombay,41
GRC,strac,41
GRC,αντισυ,41
GRC,polar,41
GRC,ροδό,41
GRC,vien,41
GRC,αλοιφη,41
GRC,γιοαυρτι,41
GRC,σακουλες τροφ,41
GRC,σαπουνια,41
GRC,sparkling wine,41
GRC,camembert,41
GRC,κρέμα προσώπου,41
GRC,κοντα,41
GRC,ΧΑΡΤΙ,41
GRC,σφε,41
GRC,tz,41
GRC,γαά,41
GRC,tissu,41
GRC,κρουσ,41
GRC,βοσινακης,41
GRC,υγρό πιατ,41
GRC,l or,41
GRC,σφενδ,41
GRC,πακ,41
GRC,αφρος ξυρ,41
GRC,πανες σκυλου,41
GRC,xart,41
GRC,γαντια μιας χρησης,41
GRC,δεντρολίβανο,41
GRC,ολικη,41
GRC,αλευρι που,41
GRC,παιδικ,41
GRC,dim,41
GRC,ed,41
GRC,ρυζπ,41
GRC,κρασί κόκκινο,41
GRC,swimming,41
GRC,borota,41
GRC,σιμιγδ,41
GRC,παλι,41
GRC,γυαλινο,41
GRC,gauda,41
GRC,κατσελη,41
GRC,τσαντα θαλασσης,41
GRC,energ,41
GRC,ky,41
GRC,οδοντόπαστα,41
GRC,ty,41
GRC,κόκκινη,41
GRC,movenpi,41
GRC,6αδα,41
GRC,κωσταρελ,41
GRC,Καρολίνα,41
GRC,mak,41
GRC,band,41
GRC,αλά,41
GRC,nespres,41
GRC,πδοντοκρεμα,41
GRC,φρουτοκρεμα,41
GRC,φρουτοσα,41
GRC,AB,41
GRC,κρεμμα,41
GRC,σουρο,41
GRC,ξηρους καρπους,41
GRC,μακαρόνια ολικής,41
GRC,granola bars,41
GRC,χαρτι ρολο,41
GRC,κάψουλες καφε,41
GRC,granola bar,41
GRC,ταιν,41
GRC,oc,40
GRC,frozen y,40
GRC,tetea,40
GRC,kallimanis,40
GRC,papp,40
GRC,ρεγκα,40
GRC,μπθ,40
GRC,πιοεριες,40
GRC,αποσμυ,40
GRC,γαλα 0,40
GRC,εσπρεσσο,40
GRC,αρωματικά χώρου,40
GRC,παγωτο ξυλακι,40
GRC,snac,40
GRC,heat,40
GRC,μαμο,40
GRC,sourot,40
GRC,μπάρμπα σταθης,40
GRC,cleanser,40
GRC,tostaki,40
GRC,ξύδ,40
GRC,αποσκ,40
GRC,κρεοπωλειο,40
GRC,κονκασέ,40
GRC,τριγ,40
GRC,panini stickers,40
GRC,καρμποναρα,40
GRC,smoothies,40
GRC,papr,40
GRC,κανελλ,40
GRC,σακουλες σκουπιδ,40
GRC,bonne m,40
GRC,burge,40
GRC,νουτ,40
GRC,χαρτί τ,40
GRC,zuch,40
GRC,αλκο,40
GRC,Nes,40
GRC,moo,40
GRC,σκε,40
GRC,sour cre,40
GRC,φιδέ,40
GRC,wal,40
GRC,μπουγα,40
GRC,πασ,40
GRC,κοκκι,40
GRC,νιτσια,40
GRC,αλατι χοντρο,40
GRC,ζάχαρ,40
GRC,Κάψουλες,40
GRC,plug,40
GRC,chicken stock,40
GRC,εντομοαπο,40
GRC,washing machine,40
GRC,edamam,40
GRC,κοκκοι,40
GRC,άνιθος,40
GRC,soon to expire,40
GRC,χωρις ζαχαρ,40
GRC,τοστ τυρι,40
GRC,υγρο σαπουνι,40
GRC,καφές ελληνικός,40
GRC,βερικοκ,40
GRC,orange jui,40
GRC,τσαντα δωρου,40
GRC,κολιανδ,40
GRC,ginge,40
GRC,χαμ,40
GRC,baby bell,40
GRC,frozen yoghurt,40
GRC,caffe,40
GRC,λεκαν,40
GRC,Αλευρι,40
GRC,ψωμί burger,40
GRC,smarter,40
GRC,μορο,40
GRC,eleph,40
GRC,veget,40
GRC,σαλουλες,40
GRC,dole,40
GRC,chamomile,40
GRC,γιγαν,40
GRC,monster zero,40
GRC,πραλίνα,40
GRC,hone,40
GRC,χυμος ροδι,40
GRC,δαμας,40
GRC,ancho,40
GRC,pina,40
GRC,tyri,40
GRC,russ,40
GRC,johnso,40
GRC,τζάμια,40
GRC,pist,40
GRC,olive oul,40
GRC,σταμ,40
GRC,απορυπαντι,40
GRC,stell,40
GRC,δρακουλινια,40
GRC,magnesium,40
GRC,κεφιτ,40
GRC,λευκό ξύδι,40
GRC,απορριμ,40
GRC,swepps,40
GRC,coffee capsule,40
GRC,kom,40
GRC,sweetener,40
GRC,burger bun,40
GRC,κουταλακια,40
GRC,πον,40
GRC,ult,40
GRC,ρωσικ,40
GRC,ρωσική,40
GRC,αυγα μεγαλα,40
GRC,plastic cups,40
GRC,χαμομη,40
GRC,χλο,40
GRC,ρολο κου,40
GRC,σοκολατας,40
GRC,μουρ,40
GRC,νηστισιμο,40
GRC,μπέ,40
GRC,οδοντόκρεμ,40
GRC,σκονη σκορδου,40
GRC,γαλοπούλ,40
GRC,γάλα Όλυμπος,40
GRC,γιαούρτι στραγγιστό,40
GRC,evi,40
GRC,παγοδ,40
GRC,πατάκια,40
GRC,Σαπούνι,40
GRC,τυροσαλ,40
GRC,weet,40
GRC,wolt mark,40
GRC,εβλο,40
GRC,κλαμερ,40
GRC,ολυμπς,40
GRC,νουνιυ,40
GRC,ζά,40
GRC,buckwheat,40
GRC,μωρομαντηλο,40
GRC,αποσμιτικο,40
GRC,συμπυκνωμένο,40
GRC,ελαφρ,40
GRC,soya milk,40
GRC,mexi,40
GRC,protein drink,40
GRC,ουζ,40
GRC,αλευρι που φουσκωνει,40
GRC,sparking,40
GRC,cottahe,40
GRC,μεμβραν,40
GRC,αγο,40
GRC,διατροφικη,39
GRC,spiderman,39
GRC,αρτο,39
GRC,tsakir,39
GRC,ben & jerr,39
GRC,hair color,39
GRC,char,39
GRC,φαράσι,39
GRC,σπιραλ,39
GRC,ροφημ,39
GRC,λουκά,39
GRC,corn starch,39
GRC,μηλοκλεφτης,39
GRC,low,39
GRC,βαση,39
GRC,λιναρόσπορος,39
GRC,drum,39
GRC,φλ,39
GRC,Κρεας,39
GRC,τυρι τοσ,39
GRC,ρεβι,39
GRC,waterw,39
GRC,καρύδι,39
GRC,οδοντόκ,39
GRC,κοχυλια,39
GRC,pedi,39
GRC,στικ,39
GRC,τσαι κρυο,39
GRC,ΤΥΡΙ,39
GRC,οδοντοβουρτς,39
GRC,ome,39
GRC,διαβ,39
GRC,ξιδ,39
GRC,nose,39
GRC,ξύ,39
GRC,πληντυριο,39
GRC,τυρι τος,39
GRC,tsan,39
GRC,fabu,39
GRC,φρέσκο γαλα,39
GRC,pir,39
GRC,παπου,39
GRC,μπονετ,39
GRC,Βανίλια,39
GRC,elec,39
GRC,κοχυ,39
GRC,make up remover,39
GRC,κρεατίνη,39
GRC,Παριζα,39
GRC,patates,39
GRC,ευαίσθητη,39
GRC,hankie,39
GRC,κατπουζι,39
GRC,οι,39
GRC,bollero,39
GRC,ζέας,39
GRC,contrex,39
GRC,ariel pods,39
GRC,αφρόλο,39
GRC,ολυμπος τσαι,39
GRC,soya sauce,39
GRC,ζαχαροπαστα,39
GRC,freela,39
GRC,ζελεδάκια,39
GRC,μπαρες πρωτεινης,39
GRC,carn,39
GRC,παε,39
GRC,παω,39
GRC,κατεψυγμενα λαχανικα,39
GRC,υπ,39
GRC,Καροτα,39
GRC,γευμ,39
GRC,οδοντικό,39
GRC,φασολαδα,39
GRC,αλοη,39
GRC,kider,39
GRC,royal canin,39
GRC,cream che,39
GRC,ολυμπος χυμος,39
GRC,detrol,39
GRC,airf,39
GRC,μέντα,39
GRC,fabric softener,39
GRC,patch,39
GRC,πιοερι,39
GRC,chese,39
GRC,hanki,39
GRC,καρύδ,39
GRC,baby wipe,39
GRC,alpiland,39
GRC,toblerone,39
GRC,halo too,39
GRC,νηστίσιμο,39
GRC,τυρι φ,39
GRC,ευλογ,39
GRC,evol,39
GRC,tresemme,39
GRC,παιχνιδι,39
GRC,πρασινη,39
GRC,πολυδ,39
GRC,μανουρ,39
GRC,ζαχαρωτα,39
GRC,Κουβερτουρα,39
GRC,pape,39
GRC,Σόδα,39
GRC,ντουρου,39
GRC,Κρουασάν,39
GRC,καθαρισμος,39
GRC,γυαλιστικο,39
GRC,λιπο,39
GRC,δεντρ,39
GRC,ντεπον,39
GRC,πσ,39
GRC,ξεβαφ,39
GRC,tras,39
GRC,βλ,39
GRC,ψωμι ζεας,39
GRC,lasagne,39
GRC,Wasa,39
GRC,βαζε,39
GRC,πδοντο,39
GRC,ντουζ,39
GRC,coxa,39
GRC,πεκορίνο,39
GRC,swifter,39
GRC,Ντοματ,39
GRC,κιτ,39
GRC,φιογκ,39
GRC,cool,39
GRC,ouz,39
GRC,κοτοπουλο φιλετο,39
GRC,sen,39
GRC,εξάδα,39
GRC,ruffle,39
GRC,kett,39
GRC,μπουκαλ,39
GRC,γαριφαλο,39
GRC,υφαν,39
GRC,half,39
GRC,paysa,39
GRC,fruc,39
GRC,hair brush,39
GRC,κατσικισιο γιαουρτι,39
GRC,σκυλου,39
GRC,μπρα,39
GRC,comb,39
GRC,γάλα χωρις,39
GRC,χαρτοπετσετ,39
GRC,σκεύη,39
GRC,κατσικί,39
GRC,καλλ,39
GRC,παπί,39
GRC,dildo,39
GRC,μπουμπ,39
GRC,nutrlla,39
GRC,orange ju,39
GRC,αλουμινι,39
GRC,ομπρέλα,39
GRC,Ginger,39
GRC,χωνακ,39
GRC,zilli,39
GRC,σόδ,39
GRC,οδοντικο νημα,39
GRC,λιβανι,39
GRC,τυρι σε,39
GRC,σφουγγαρις,39
GRC,κρύο τσαι,39
GRC,εσπρέσσο,39
GRC,wet han,39
GRC,masoutis,39
GRC,τυροτ,39
GRC,ποντικι,39
GRC,Μπύρα,39
GRC,amita motion,39
GRC,λιναρ,39
GRC,bru,39
GRC,φευ,39
GRC,βατον,39
GRC,κρεοπωλείο,39
GRC,γιαούρτι 1,38
GRC,σακουλες τρ,38
GRC,χυμος πορτο,38
GRC,καπρι,38
GRC,old spic,38
GRC,βετ,38
GRC,padano,38
GRC,μαγειρική σοδα,38
GRC,soy s,38
GRC,γαλακτοκομικα,38
GRC,σνιτσ,38
GRC,μαρού,38
GRC,cocq,38
GRC,κεζαπ,38
GRC,grana padano,38
GRC,εκχυ,38
GRC,ταπ,38
GRC,αερ,38
GRC,κοπ,38
GRC,smo,38
GRC,roli,38
GRC,ανυ,38
GRC,υγρο χεριων,38
GRC,κεφο,38
GRC,ρυζό,38
GRC,γαιουρτι,38
GRC,παλίρροια,38
GRC,μαυροδαφνη,38
GRC,χαρτι θγειας,38
GRC,Γαλοπουλα,38
GRC,γυαλια,38
GRC,μαυρη σοκο,38
GRC,sofla,38
GRC,500ml,38
GRC,ολυμπος γιαουρτι,38
GRC,supl,38
GRC,μαλλακτ,38
GRC,creatin,38
GRC,υγρα μαν,38
GRC,garba,38
GRC,σμεου,38
GRC,planet πα,38
GRC,χαρτι το,38
GRC,bonduelle,38
GRC,McCain,38
GRC,listeri,38
GRC,raisins,38
GRC,swiss,38
GRC,μυρωδικα,38
GRC,tri,38
GRC,κασερο,38
GRC,deoderant,38
GRC,perie,38
GRC,mixer,38
GRC,γιαουρρι,38
GRC,tortel,38
GRC,clo,38
GRC,unc,38
GRC,κατσαριδο,38
GRC,ποτι,38
GRC,towels,38
GRC,χαρτοπετσετε,38
GRC,nug,38
GRC,υγρομα,38
GRC,holl,38
GRC,φυτικά,38
GRC,cad,38
GRC,cranber,38
GRC,power bank,38
GRC,ananas,38
GRC,Γιαο,38
GRC,red label,38
GRC,αλουμινιου,38
GRC,boun,38
GRC,παραλια,38
GRC,papo,38
GRC,moct,38
GRC,organ,38
GRC,σπρ,38
GRC,texa,38
GRC,Fitness,38
GRC,optimum nutrition,38
GRC,φακέ,38
GRC,captice,38
GRC,hellmann,38
GRC,rice pudding,38
GRC,μπανάνε,38
GRC,ambre,38
GRC,απολυμαντικό,38
GRC,noy noy,38
GRC,γατοτροφ,38
GRC,κρεο,38
GRC,χυμος ντο,38
GRC,κρουτόν,38
GRC,αλμυρά,38
GRC,αγρο,38
GRC,samyang,38
GRC,loofah,38
GRC,Τυρί τριμμένο,38
GRC,σουπες,38
GRC,began,38
GRC,ξινόνερο,38
GRC,σιροπι αγαυης,38
GRC,κρεμμυδα,38
GRC,μπυσταρδα,38
GRC,φλωρ,38
GRC,χωριατικο,38
GRC,aqua carpa,38
GRC,acne,38
GRC,minster,38
GRC,καλαμπόκ,38
GRC,bucket,38
GRC,τορτίγ,38
GRC,ριζότο,38
GRC,αποφρακ,38
GRC,γισ,38
GRC,λουμίδης,38
GRC,βελουδα,38
GRC,σκουμπρί,38
GRC,χού,38
GRC,παρατα,38
GRC,υδρο,38
GRC,greek coffee,38
GRC,pokemon,38
GRC,καρολι,38
GRC,flou,38
GRC,χε,38
GRC,σπανακοπ,38
GRC,wok,38
GRC,σφουγγαρί,38
GRC,εντομοαπωθητικο,38
GRC,σκιπ,38
GRC,μορφατ,38
GRC,ζεμυθ,38
GRC,γιαουρτακ,38
GRC,krikri,38
GRC,αλειφωτή,38
GRC,σωμα,38
GRC,σαγκρια,38
GRC,multi,38
GRC,ρες,38
GRC,voss,38
GRC,ηλιοσποροι,38
GRC,μαυ,38
GRC,d asti,38
GRC,δενδρ,38
GRC,ππ,38
GRC,σουπ,38
GRC,γάλα κατσικίσιο,38
GRC,τυρί φετε,38
GRC,halo to,38
GRC,μαγει,38
GRC,πεπερ,38
GRC,Kaiser,38
GRC,ping,38
GRC,snic,38
GRC,σοκολατα σταγονες,38
GRC,λιαστη ντοματα,38
GRC,mouth wash,38
GRC,ξυλα,38
GRC,κοπα,38
GRC,πατατκια,38
GRC,ψωμι χωρις γλουτενη,38
GRC,αποριπαντικο,38
GRC,electr,38
GRC,καρυδο,38
GRC,dips,38
GRC,κουρκουμα,38
GRC,σακούλες τρο,38
GRC,lactacy,38
GRC,nice,38
GRC,foca,37
GRC,πακοτι,37
GRC,κοκα κο,37
GRC,l',37
GRC,come,37
GRC,σακουλες απορρ,37
GRC,παξα,37
GRC,του τοπου,37
GRC,νηστι,37
GRC,χρυσή,37
GRC,φιλτρα καφε,37
GRC,ναξου,37
GRC,κνο,37
GRC,βοτκ,37
GRC,σταφύ,37
GRC,brut,37
GRC,wip,37
GRC,free la,37
GRC,γαριφ,37
GRC,μπαλσ,37
GRC,vineg,37
GRC,βιότοπος,37
GRC,μρ,37
GRC,χει,37
GRC,supermarket,37
GRC,γοα,37
GRC,ψάθα,37
GRC,μαγο,37
GRC,μονστερ,37
GRC,date,37
GRC,cling film,37
GRC,Μπ,37
GRC,ξυνονερ,37
GRC,Μαλακτικο,37
GRC,bati,37
GRC,ξυραφά,37
GRC,malbor,37
GRC,γιοα,37
GRC,χωρίς λακτ,37
GRC,dried,37
GRC,βαλσάμικο,37
GRC,σοκολατα γαλακτος,37
GRC,τυρι τοσυ,37
GRC,movhi,37
GRC,aroma,37
GRC,Αγγουρι,37
GRC,olym,37
GRC,ξηροι καρπο,37
GRC,liquid,37
GRC,Κρεμα,37
GRC,lig,37
GRC,Απορρυπαντικό,37
GRC,nivea men,37
GRC,γαλα μακρας,37
GRC,αμερικανικη,37
GRC,λουκανοπιτακια,37
GRC,χυλοπιτ,37
GRC,Ξυραφάκια,37
GRC,candel,37
GRC,μολύβι,37
GRC,milk lactose free,37
GRC,fleriana,37
GRC,αλόη,37
GRC,7day,37
GRC,Καφες,37
GRC,ινδ,37
GRC,γιαπυρτια,37
GRC,σκορδο σκονη,37
GRC,mala,37
GRC,scotch brite,37
GRC,cecco,37
GRC,σάλτ,37
GRC,λουλούδια,37
GRC,burger sauce,37
GRC,chlo,37
GRC,σιδε,37
GRC,γαζα,37
GRC,veo,37
GRC,endles,37
GRC,sprin,37
GRC,πράσα,37
GRC,comple,37
GRC,ταχινι κακαο,37
GRC,hippo,37
GRC,χωρις γλου,37
GRC,aqua car,37
GRC,lind,37
GRC,ετοιμα γευ,37
GRC,απολυμα,37
GRC,μιραν,37
GRC,cotton buds,37
GRC,dark ch,37
GRC,κρέμα καραμελε,37
GRC,alumin,37
GRC,ταλα,37
GRC,ortiz,37
GRC,soy sau,37
GRC,μινι,37
GRC,Ice tea,37
GRC,προσπυτο,37
GRC,ροδά,37
GRC,κουταλα,37
GRC,γαλα βιο,37
GRC,σοφ,37
GRC,παιδικό,37
GRC,elit,37
GRC,σόγιας,37
GRC,ψων,37
GRC,τυρι του,37
GRC,sliced,37
GRC,water wi,37
GRC,κτε,37
GRC,Αγγ,37
GRC,καψουλες πλ,37
GRC,granila,37
GRC,σιζαρ,37
GRC,γιαουρτι προβ,37
GRC,Νουνου,37
GRC,Μπάρες,37
GRC,PLAN,37
GRC,protein ice,37
GRC,energy drinks,37
GRC,ντοματίν,37
GRC,βιταμίνη,37
GRC,chup,37
GRC,ζωγραφος,37
GRC,plasti,37
GRC,κανελο,37
GRC,βυσιναδα,37
GRC,almir,37
GRC,σοκομος,37
GRC,filad,37
GRC,εσπρε,37
GRC,κρεμαστρ,37
GRC,icecre,37
GRC,gourme,37
GRC,ferrano,37
GRC,dececco,37
GRC,sere,37
GRC,μπριζόλ,37
GRC,γατοτ,37
GRC,sweet chil,37
GRC,Skip,37
GRC,hdmi,37
GRC,Lays,37
GRC,αλευρι σκληρο,37
GRC,dep,37
GRC,φρουρα,37
GRC,μαυρα,37
GRC,Pepsi max,37
GRC,φύλλα ρυζιού,37
GRC,φυσικος χυμος,37
GRC,εκχ,37
GRC,Σερβ,37
GRC,ξηροι κ,37
GRC,γαλσ,37
GRC,ροδοπα,37
GRC,ΝΟΥΝΟΥ,37
GRC,πυ,37
GRC,κουοπ,37
GRC,σύκ,37
GRC,γλυφι,37
GRC,σπαραγγ,37
GRC,γαλοπουλα τοστ,37
GRC,uno,37
GRC,γάλα α,37
GRC,ψωμι χωρις,37
GRC,blue dragon,37
GRC,kat,37
GRC,Κοτομπουκιες,37
GRC,γλυκο κουταλιου,37
GRC,aut,37
GRC,ρα,37
GRC,mur,37
GRC,bel,37
GRC,ΦΕΤΑ,37
GRC,φυτική κρέμα,37
GRC,χαρτι ψη,37
GRC,μπάλα,37
GRC,revitalift,37
GRC,blackberries,37
GRC,rice pap,37
GRC,feast,37
GRC,ευβι,37
GRC,Takis,37
GRC,dove whole,37
GRC,σφουγγαρι κουζινας,36
GRC,μιμικο,36
GRC,Παξιμάδια,36
GRC,τριβελακι,36
GRC,πιτς,36
GRC,μαργαριτα,36
GRC,olysand,36
GRC,εκ,36
GRC,leek,36
GRC,μπαμιε,36
GRC,μαλλακτι,36
GRC,καλαθι,36
GRC,pho,36
GRC,ντοματοχ,36
GRC,estrella,36
GRC,παγιδ,36
GRC,τοττ,36
GRC,σλα,36
GRC,pesti,36
GRC,λαστ,36
GRC,piru,36
GRC,σουβλάκια,36
GRC,λουκανικοπι,36
GRC,κορεα,36
GRC,μεγαλων,36
GRC,άλφα,36
GRC,ΦΑΓΕ,36
GRC,derb,36
GRC,Γλυκά,36
GRC,Άμμος,36
GRC,wet h,36
GRC,patat,36
GRC,hipro,36
GRC,betty crocker,36
GRC,ρεγ,36
GRC,seven up,36
GRC,marker,36
GRC,ψωμι φρεσκο,36
GRC,strudel,36
GRC,γάλα κατσ,36
GRC,nau,36
GRC,μαρατα,36
GRC,κρυο,36
GRC,Aperol,36
GRC,μαγειρευτα,36
GRC,κοκα κ,36
GRC,il,36
GRC,deterg,36
GRC,σπδα,36
GRC,προδερμ,36
GRC,τυροκαυτ,36
GRC,βαφη μαλλ,36
GRC,τζατζικ,36
GRC,kykno,36
GRC,ρυρι,36
GRC,silk,36
GRC,neutro,36
GRC,χυμος ντομ,36
GRC,foundation,36
GRC,styling,36
GRC,κόκα κολ,36
GRC,τυρι φετ,36
GRC,fag,36
GRC,iv,36
GRC,μμ,36
GRC,χοιρι,36
GRC,δρακου,36
GRC,olive oi,36
GRC,παντοφ,36
GRC,papadopoulou,36
GRC,χαβιαρι,36
GRC,ομοσπο,36
GRC,πηρουνια,36
GRC,lil,36
GRC,tira,36
GRC,pain,36
GRC,kara,36
GRC,zeeo,36
GRC,Ζελέ,36
GRC,window,36
GRC,σακιυλες,36
GRC,water melon,36
GRC,active,36
GRC,cherry tomatoes,36
GRC,τυρι φετε,36
GRC,yug,36
GRC,hanger,36
GRC,face cream,36
GRC,frozen vegetables,36
GRC,Αβοκάντο,36
GRC,baked beans,36
GRC,σκλαβεν,36
GRC,Βρωμη,36
GRC,νυχι,36
GRC,αφουγγ,36
GRC,παγ το,36
GRC,kor,36
GRC,ανθος αρα,36
GRC,Klinex,36
GRC,φρεσκο κρεμ,36
GRC,σνιτς,36
GRC,puding,36
GRC,hava,36
GRC,tit,36
GRC,κεφαλοτυρ,36
GRC,πιρουν,36
GRC,υγρό για,36
GRC,γάντ,36
GRC,arab,36
GRC,τσακ,36
GRC,smirno,36
GRC,brookie,36
GRC,finis,36
GRC,schwee,36
GRC,kore,36
GRC,μπέικιν,36
GRC,μαγε,36
GRC,Swiffer,36
GRC,french fries,36
GRC,βιολαν,36
GRC,Lemon,36
GRC,τηγα,36
GRC,Ολυμπος,36
GRC,bioderma,36
GRC,καφες ε,36
GRC,πλαστελινη,36
GRC,browni,36
GRC,παστιτ,36
GRC,ξηροι κα,36
GRC,mozarell,36
GRC,dragon,36
GRC,gat,36
GRC,cic,36
GRC,tonos,36
GRC,μακιγιαζ,36
GRC,freevia,36
GRC,Haribo,36
GRC,κρέμα γαλακτ,36
GRC,prim,36
GRC,cockroach,36
GRC,vert,36
GRC,θεό,36
GRC,ζαγό,36
GRC,ζελε μαλλιων,36
GRC,sweet c,36
GRC,αππ,36
GRC,natural,36
GRC,maca,36
GRC,οα,36
GRC,κοτόπιτα,36
GRC,kerr,36
GRC,δετα,36
GRC,vegan mayo,36
GRC,παγοκυψ,36
GRC,εμφι,36
GRC,αμυγδαλοβου,36
GRC,katiki,36
GRC,Knorr,36
GRC,γισουρτι,36
GRC,Φρουτα,36
GRC,ψαροδ,36
GRC,carotten,36
GRC,φρυδια,36
GRC,Μωρο,36
GRC,koka,36
GRC,berri,36
GRC,τοννος,36
GRC,σαντιγύ,36
GRC,cocal,36
GRC,ξηρούς καρπούς,36
GRC,λεμπ,36
GRC,ρυχο,36
GRC,ψωμι για,36
GRC,Μηλα,36
GRC,τυρί φετ,36
GRC,splash,36
GRC,ρύ,36
GRC,dolma,36
GRC,breadcrumbs,36
GRC,dish washer,36
GRC,baby potatoes,36
GRC,basilico,36
GRC,μπλ,36
GRC,apr,36
GRC,focaccia,36
GRC,ελαφρο,36
GRC,lungo,36
GRC,παντεσπανι,36
GRC,ελαφρυ,36
GRC,ola,36
GRC,δελτ,36
GRC,my marke,36
GRC,κρεμα σοκολατα,36
GRC,patatakia,35
GRC,υγρά μα,35
GRC,σακουλακ,35
GRC,mocha,35
GRC,υγρα μαντη,35
GRC,σαπουνι πια,35
GRC,ok,35
GRC,oral b io,35
GRC,Baby,35
GRC,lipton ice tea,35
GRC,savoi,35
GRC,ευβο,35
GRC,yogourt,35
GRC,pago,35
GRC,παγου,35
GRC,φτε,35
GRC,αφουγγαρι,35
GRC,fiber,35
GRC,marse,35
GRC,super glue,35
GRC,λεβε,35
GRC,κιχι,35
GRC,φιλαδελφ,35
GRC,χυμος πο,35
GRC,Adoro,35
GRC,κουκάκ,35
GRC,υφαντ,35
GRC,org,35
GRC,ευρηκ,35
GRC,cocoa powder,35
GRC,pip,35
GRC,νικας,35
GRC,σησαμελαιο,35
GRC,γαλοπούλα φέτες,35
GRC,έλαιο,35
GRC,φριγαν,35
GRC,ζελατίνη,35
GRC,ρθ,35
GRC,cornfl,35
GRC,spong,35
GRC,san pelle,35
GRC,slip,35
GRC,toa,35
GRC,αλουμινοχα,35
GRC,ταψια,35
GRC,χθ,35
GRC,πεπονακι,35
GRC,chlor,35
GRC,σωσίβιο,35
GRC,ψαλι,35
GRC,φαρα,35
GRC,μωρα,35
GRC,ya,35
GRC,advanced,35
GRC,Fairy,35
GRC,peosi,35
GRC,airfr,35
GRC,βεντουζα,35
GRC,μαργαρι,35
GRC,τσαλαφουτι,35
GRC,κυπριακες,35
GRC,σαγιον,35
GRC,ul,35
GRC,Σολομός,35
GRC,alum,35
GRC,viv,35
GRC,αντζου,35
GRC,fizzy drinks,35
GRC,capt,35
GRC,τραπουλα,35
GRC,ben n jerry,35
GRC,φυσικός χυμός,35
GRC,κρέατα,35
GRC,φορτιστη,35
GRC,shredded cheese,35
GRC,σουπερ,35
GRC,σπαγγε,35
GRC,τηλε,35
GRC,AAA,35
GRC,coffee pods,35
GRC,αλκοόλ,35
GRC,caf,35
GRC,noxzem,35
GRC,basi,35
GRC,κονς,35
GRC,πλαστικά ποτηρια,35
GRC,κινα,35
GRC,γιαούρτι χωρις,35
GRC,milk bio,35
GRC,φρέσκο κρεμμυδάκι,35
GRC,moj,35
GRC,σακουλα σκουπιδιων,35
GRC,τυροπιτακι,35
GRC,ζαχαρη καρυδας,35
GRC,μπανιου,35
GRC,σιτρονελα,35
GRC,μαρκαδόροι,35
GRC,κω,35
GRC,κωστ,35
GRC,pilot,35
GRC,καλω,35
GRC,τσιμ,35
GRC,stickers,35
GRC,gorgonzola,35
GRC,moster,35
GRC,κοπαν,35
GRC,Λεμονια,35
GRC,nou nou,35
GRC,half baked,35
GRC,λεκε,35
GRC,cottagr,35
GRC,ρόλο,35
GRC,elma,35
GRC,σγ,35
GRC,tanning,35
GRC,all br,35
GRC,cherry tomato,35
GRC,tzatz,35
GRC,πανσετ,35
GRC,Στεργιου,35
GRC,dishwash,35
GRC,luck,35
GRC,farina,35
GRC,κρεμα σωμα,35
GRC,βυσιν,35
GRC,τριμμενη φρυγανια,35
GRC,ahax,35
GRC,ωτοκαθα,35
GRC,κρεμαστ,35
GRC,φιστ,35
GRC,χαρτομαντηλ,35
GRC,Σκόρδο,35
GRC,ευβοιο,35
GRC,μασου,35
GRC,κραγιον,35
GRC,specu,35
GRC,thema,35
GRC,cesa,35
GRC,Ava,35
GRC,penut,35
GRC,τεβυθια,35
GRC,cel,35
GRC,breadery,35
GRC,υποσεντονο,35
GRC,γσ,35
GRC,egs,35
GRC,χυμος ντοματα,35
GRC,τρικαλι,35
GRC,fala,35
GRC,βανιλινι,35
GRC,αποσμητικο dove,35
GRC,onigi,35
GRC,φυστίκι βούτυρο,35
GRC,bin bag,35
GRC,ale,35
GRC,porto,35
GRC,bepanthol,35
GRC,σέλερι,35
GRC,Johnson,35
GRC,hand cream,35
GRC,μπαγ,35
GRC,smoot,35
GRC,χυμοα,35
GRC,COCA,35
GRC,σαπουνι χερ,35
GRC,whip,35
GRC,protein ice cream,35
GRC,vaselin,35
GRC,σμεο,35
GRC,akip,35
GRC,σουφλε,35
GRC,winsto,35
GRC,burgers,35
GRC,ceaser,35
GRC,μωρι,35
GRC,zaro,35
GRC,ριζογα,35
GRC,αποσκληρ,35
GRC,mosca,35
GRC,κρέμα μαλλιών,35
GRC,υγρο πατ,35
GRC,λρ,35
GRC,σουτζουκάκια,35
GRC,corr,35
GRC,μπιφτέκι κοτόπουλο,35
GRC,χρυσα αυγα,35
GRC,riot,35
GRC,χυμος ντομα,35
GRC,ενυδα,35
GRC,Γιαουρ,35
GRC,στρώμα,35
GRC,easy bake,35
GRC,σακούλες σκουπι,35
GRC,παπουτσια,35
GRC,terea russet,35
GRC,tsip,35
GRC,Smirnoff,35
GRC,Τορτιγιες,35
GRC,πορτοκά,35
GRC,Espresso,35
GRC,τορτίγι,35
GRC,nescafe co,35
GRC,νερο 6,35
GRC,mcain,35
GRC,κολιανδρ,35
GRC,κρέμ,35
GRC,περι,35
GRC,μανν,35
GRC,παεζανα,35
GRC,μασο,35
GRC,ζερο,35
GRC,ψομι,35
GRC,πανί,35
GRC,guin,35
GRC,Vaseline,35
GRC,κρεατι,35
GRC,douwe,35
GRC,esse,35
GRC,υγρο πατω,35
GRC,strong,35
GRC,γερμανικου τυπου,35
GRC,αμπελο,35
GRC,cc,35
GRC,zero coca,35
GRC,love,35
GRC,wet hank,35
GRC,μάσκαρα,35
GRC,loofa,35
GRC,shi,35
GRC,κάμπος,34
GRC,σφουγγαρακ,34
GRC,κατικο,34
GRC,eau,34
GRC,μπύρα ανευ,34
GRC,μονοκ,34
GRC,colga,34
GRC,el s,34
GRC,ρυζα,34
GRC,le p,34
GRC,peotein,34
GRC,μεζουρα,34
GRC,electrol,34
GRC,οδοντοπ,34
GRC,virto,34
GRC,τθρι,34
GRC,russe,34
GRC,Ελαιόλαδο,34
GRC,ριζογκοφρετα,34
GRC,χαρτί κουζιν,34
GRC,σαλτσα ν,34
GRC,γαλα βιολ,34
GRC,μυλο,34
GRC,eli,34
GRC,Παρμεζάνα,34
GRC,φουντουν,34
GRC,μοαχαρι,34
GRC,rizl,34
GRC,Χλωρινη,34
GRC,σταμο,34
GRC,κρουστα,34
GRC,salads,34
GRC,chardonnay,34
GRC,κρυ,34
GRC,γάλα καρ,34
GRC,sma,34
GRC,baby plan,34
GRC,san p,34
GRC,κουρτινα,34
GRC,μπουκα,34
GRC,παγωτίνια,34
GRC,peti,34
GRC,αλεύρ,34
GRC,μαλακτικά,34
GRC,pur,34
GRC,suga,34
GRC,χαρτί υγεί,34
GRC,stic,34
GRC,γιαουρτι προ,34
GRC,γραβιέ,34
GRC,bonne mama,34
GRC,μαλλακτικ,34
GRC,ρωσ,34
GRC,ηλεκτρολυ,34
GRC,essp,34
GRC,τροφιμων,34
GRC,φιστι,34
GRC,sangr,34
GRC,ντοματοχυμο,34
GRC,γλυφιτζουρι,34
GRC,plastic cup,34
GRC,micellaire,34
GRC,πιοερια,34
GRC,tono,34
GRC,υγρο πατωμα,34
GRC,γκρε,34
GRC,πιάτ,34
GRC,μος,34
GRC,boo,34
GRC,σακατα,34
GRC,πατατες κατε,34
GRC,chewing gum,34
GRC,τροφή για,34
GRC,κρουσα,34
GRC,τεστ εγκυ,34
GRC,λαμ,34
GRC,cips,34
GRC,tita,34
GRC,συροπι,34
GRC,χαλβατζ,34
GRC,as,34
GRC,oddkin,34
GRC,σωματος,34
GRC,αντζο,34
GRC,λουκουμας,34
GRC,toba,34
GRC,acetone,34
GRC,προσαναμα,34
GRC,prunes,34
GRC,βιακαλ,34
GRC,nec,34
GRC,long ch,34
GRC,γαλα χωρις λακ,34
GRC,κουβά,34
GRC,ευαισθητη περιοχη,34
GRC,pedto,34
GRC,hangers,34
GRC,χλορινη,34
GRC,πηρ,34
GRC,ζελε φραουλα,34
GRC,caot,34
GRC,beluga,34
GRC,ακρες,34
GRC,famta,34
GRC,bonne ma,34
GRC,ηπ,34
GRC,fredd,34
GRC,sour cherry,34
GRC,νιτσι,34
GRC,χωρίς αλάτι,34
GRC,theo,34
GRC,σταγονες σοκο,34
GRC,σησαμ,34
GRC,no su,34
GRC,maguc,34
GRC,ροδουλα,34
GRC,χαρτομά,34
GRC,ana,34
GRC,ερο,34
GRC,μανταλακι,34
GRC,soo,34
GRC,έτοιμα γε,34
GRC,πιατο,34
GRC,ΠΑΓΩΤΑ,34
GRC,εβλογημενο,34
GRC,πανες ακ,34
GRC,ταπε,34
GRC,προφυλακ,34
GRC,κατσαρολα,34
GRC,ανο,34
GRC,σκουπιδια,34
GRC,ψωμί για,34
GRC,φιλετο στηθος,34
GRC,kinoa,34
GRC,baby powder,34
GRC,σους,34
GRC,Plan,34
GRC,στοματικό διάλυμα,34
GRC,τσίλι,34
GRC,τιρ,34
GRC,γιγαντ,34
GRC,παα,34
GRC,mojit,34
GRC,σγου,34
GRC,conden,34
GRC,seafood,34
GRC,capris,34
GRC,Σφουγγ,34
GRC,watter,34
GRC,κρουστας,34
GRC,ice tra,34
GRC,Κο,34
GRC,πεστροφα,34
GRC,orzen,34
GRC,φρυγανια τριμμενη,34
GRC,μεγ,34
GRC,bem,34
GRC,υγρο πλ,34
GRC,bil,34
GRC,αποριπ,34
GRC,libre,34
GRC,κατσικίσιο τυρί,34
GRC,Φρεσκούλης,34
GRC,coffeeway,34
GRC,kola,34
GRC,βιταμι,34
GRC,ροφήματα,34
GRC,ασπραδι αυγου,34
GRC,nutmeg,34
GRC,καθαριστικό πατ,34
GRC,ξινομυζήθρα,34
GRC,mali,34
GRC,λουκανο,34
GRC,dasti,34
GRC,Λαδι,34
GRC,μαντηλακι,34
GRC,aperi,34
GRC,κοκκιν,34
GRC,καραμελω,34
GRC,σταφυδες,34
GRC,καραμολεγ,34
GRC,απολυ,34
GRC,βαλμα,34
GRC,kafe,34
GRC,νρο,34
GRC,μαλακτικπ,34
GRC,γαρίδ,34
GRC,Μελι,34
GRC,ταουρεκι,34
GRC,φραπέ,34
GRC,paw patrol,34
GRC,lavache,34
GRC,nio,34
GRC,summer,34
GRC,oxi,34
GRC,Κακαο,34
GRC,flax,34
GRC,papout,34
GRC,Soda,34
GRC,κονκασ,34
GRC,Tomato,34
GRC,φτερο,34
GRC,jel,34
GRC,mozarela,34
GRC,κατάψυξη,34
GRC,ομικρον,34
GRC,adoro cottage,34
GRC,σακουλες μεγαλες,34
GRC,αυτοκόλλητα,34
GRC,απολυμ,34
GRC,maltes,34
GRC,βερν,34
GRC,gilet,34
GRC,spon,34
GRC,dishwashing,34
GRC,πδο,34
GRC,Κεφίρ,34
GRC,blue ch,34
GRC,μασουτη,34
GRC,mytho,34
GRC,αποθήκευση,34
GRC,septi,34
GRC,αποξ,34
GRC,toothb,34
GRC,γκρανο,34
GRC,σαπούνια,34
GRC,αμυγδαλοβο,34
GRC,μπαλον,34
GRC,cheese mix,34
GRC,nectarines,34
GRC,olmeca,34
GRC,κριτσίνι,34
GRC,pink stuff,34
GRC,κολοκυθοσπορος,34
GRC,fit slim,34
GRC,ταραμας,33
GRC,mostra,33
GRC,πλυντηριο ρουχων,33
GRC,σαπουνι χερι,33
GRC,βερνίκι,33
GRC,ξηρα τροφη,33
GRC,Αγγούρια,33
GRC,ρωσι,33
GRC,dishes,33
GRC,ψαρονέφρι,33
GRC,σαλτσα πιτσας,33
GRC,σταφίδ,33
GRC,ήπειρος,33
GRC,καπνισ,33
GRC,Φακες,33
GRC,αναπτηρα,33
GRC,φραπες,33
GRC,γαριδαρες,33
GRC,μπάρε,33
GRC,exotic,33
GRC,γαλαπουλα,33
GRC,βενετη,33
GRC,abocado,33
GRC,φαλ,33
GRC,ζαμπον τυρι,33
GRC,pers,33
GRC,pambers,33
GRC,wee,33
GRC,κουτί,33
GRC,ψωι,33
GRC,κατσίκι,33
GRC,toothpa,33
GRC,ρυζοκ,33
GRC,line,33
GRC,konjac,33
GRC,colg,33
GRC,αποχνου,33
GRC,καυτερ,33
GRC,χαετι,33
GRC,κολοκύθι,33
GRC,φαγοπ,33
GRC,άνι,33
GRC,γαλα λακτοζη,33
GRC,καππαρη,33
GRC,ηλιοσπορο,33
GRC,νες καφέ,33
GRC,χρυσή ζύμη,33
GRC,κατοι,33
GRC,tsak,33
GRC,Δημη,33
GRC,τετρ,33
GRC,νιφάδες βρώμης,33
GRC,barist,33
GRC,goji,33
GRC,μον,33
GRC,δαγ,33
GRC,nestl,33
GRC,Coca cola zero,33
GRC,capu,33
GRC,ερ,33
GRC,kitch,33
GRC,χυμος πορτ,33
GRC,monater,33
GRC,μανητ,33
GRC,τυρθ,33
GRC,αγρολουτρο,33
GRC,φορμα κεικ,33
GRC,raisin,33
GRC,φρέσκα ζυμαρικά,33
GRC,παξαμα,33
GRC,Σκλαβενίτη,33
GRC,κάρτες,33
GRC,καθαριστικο πλυντηριου,33
GRC,3a,33
GRC,τυροτρε,33
GRC,Κρασί,33
GRC,soy sa,33
GRC,σπαγγετινι,33
GRC,coca zer,33
GRC,μαστιχες,33
GRC,τσιμπιδ,33
GRC,τακο,33
GRC,youghurt,33
GRC,blub,33
GRC,προβιο,33
GRC,whater,33
GRC,Heineken,33
GRC,λαβρακι,33
GRC,ραβιο,33
GRC,πέ,33
GRC,Ελληνικός καφές,33
GRC,brios,33
GRC,repel,33
GRC,τροφή γατας,33
GRC,χωρις ζαχα,33
GRC,σάλτσα ντ,33
GRC,fera,33
GRC,frisol,33
GRC,καλας,33
GRC,dinner,33
GRC,αποθ,33
GRC,drolio,33
GRC,fredo,33
GRC,pavlidis,33
GRC,λιν,33
GRC,caca,33
GRC,βπυτυρο,33
GRC,κερσαπ,33
GRC,carelia,33
GRC,presi,33
GRC,frisog,33
GRC,sli,33
GRC,γερ,33
GRC,φίλτρο,33
GRC,skin1004,33
GRC,μαυρομ,33
GRC,λαζανι,33
GRC,weeta,33
GRC,νυμ,33
GRC,ντολμαδ,33
GRC,ligh,33
GRC,τριμμενη ντοματα,33
GRC,splashers,33
GRC,Κατσέλη,33
GRC,jasmine rice,33
GRC,αλλατινη,33
GRC,sweet potatoes,33
GRC,δω,33
GRC,ζυμαρικα ολικης,33
GRC,cranberry juice,33
GRC,Olive oil,33
GRC,αλουμινιο,33
GRC,gn,33
GRC,χελ,33
GRC,μπουκαλακια,33
GRC,filter coffee,33
GRC,bioda,33
GRC,πρασσο,33
GRC,μοτσαρέ,33
GRC,εντομοκτόνα,33
GRC,vas,33
GRC,squishy,33
GRC,απλώστρα,33
GRC,sweet chi,33
GRC,old holbor,33
GRC,φυτικό γάλα,33
GRC,oi,33
GRC,cigaret,33
GRC,babylino premium,33
GRC,el greco,33
GRC,μελασα,33
GRC,poppers,33
GRC,smirnof,33
GRC,κρεμα καρα,33
GRC,χορ,33
GRC,mapl,33
GRC,αραβικες πιτες,33
GRC,wild,33
GRC,κονταρ,33
GRC,λευκό ξυδι,33
GRC,vot,33
GRC,τραχ,33
GRC,κουλούρια,33
GRC,χαρτι ψησι,33
GRC,πληντυ,33
GRC,wine red,33
GRC,nesk,33
GRC,δωρου,33
GRC,Elvive,33
GRC,malti,33
GRC,μακβ,33
GRC,σαπουνι πιατ,33
GRC,υγρο πιατω,33
GRC,riceup,33
GRC,vio,33
GRC,lau,33
GRC,natu,33
GRC,litt,33
GRC,pp,33
GRC,ηλιελαι,33
GRC,τηλεφωνο,33
GRC,σπαγγετ,33
GRC,βούτυρ,33
GRC,ζαχαργ,33
GRC,γαλα εβαπο,33
GRC,lifter,33
GRC,κρεμιδια,33
GRC,κρεμα χεριων,33
GRC,Γαντια,33
GRC,tumeric,33
GRC,εντομοκτο,33
GRC,organic milk,33
GRC,πολυμπ,33
GRC,hen,33
GRC,dove αποσμητικο,33
GRC,handwash,33
GRC,παγίδα,33
GRC,hell zero,33
GRC,mozzarell,33
GRC,πιτουρο,33
GRC,jose,33
GRC,amaret,33
GRC,bubble tea,33
GRC,πατσ,33
GRC,οαγωτο,33
GRC,glutenfree,33
GRC,icos,33
GRC,bai,33
GRC,yaourt,33
GRC,χωρίς ζα,33
GRC,τυρι κομματι,33
GRC,σπανακοπι,33
GRC,άνιθο,33
GRC,αλεύρι βρώμης,33
GRC,λεβάντα,33
GRC,water pack,33
GRC,σερβιρτες,33
GRC,caesa,33
GRC,κονιάκ,33
GRC,γάλα αμυγδα,33
GRC,κομματακια σοκολατας,33
GRC,Τσιγαρα,33
GRC,παστο,32
GRC,φαρμακείο,32
GRC,δρα,32
GRC,φυστικομπαλες,32
GRC,pays,32
GRC,πακιμαδι,32
GRC,μπισκοτα χωρις,32
GRC,100,32
GRC,kimas,32
GRC,κοπανακια,32
GRC,neskafe,32
GRC,μπίρες,32
GRC,λαμπρυντικο,32
GRC,χτεν,32
GRC,bang,32
GRC,mocc,32
GRC,mamo,32
GRC,καλαμαράκια,32
GRC,Lego,32
GRC,παιχ,32
GRC,cord,32
GRC,χωρίς λα,32
GRC,καται,32
GRC,τσακιρη,32
GRC,λολα,32
GRC,πετσετα θαλασσης,32
GRC,σακουλες απορ,32
GRC,cereal bar,32
GRC,puppy,32
GRC,παπια,32
GRC,peel,32
GRC,papad,32
GRC,lama,32
GRC,arla cottage,32
GRC,Tony's,32
GRC,σαλτσα για πιτσα,32
GRC,goggles,32
GRC,σαλτσα ντομα,32
GRC,kloron,32
GRC,kew,32
GRC,δαφ,32
GRC,ξυλινα,32
GRC,πανσ,32
GRC,κατσικίσιο γιαούρτι,32
GRC,εσωρουχα,32
GRC,ντετολ,32
GRC,τυι,32
GRC,σαλσα,32
GRC,aluminum,32
GRC,motchi,32
GRC,ψαροδη,32
GRC,ρό,32
GRC,φρού,32
GRC,liquid soap,32
GRC,ξηρή μαγιά,32
GRC,eme,32
GRC,mythos ice,32
GRC,γυαλι,32
GRC,πεκαν,32
GRC,γουακ,32
GRC,γάλατα,32
GRC,καδ,32
GRC,chios,32
GRC,Quaker,32
GRC,sugarfree,32
GRC,Χρυσή,32
GRC,key,32
GRC,χωριανό,32
GRC,toulet paper,32
GRC,νερό καρύδας,32
GRC,σάλ,32
GRC,cheese grated,32
GRC,εν ελλαδι,32
GRC,anch,32
GRC,λουλου,32
GRC,μιτσικε,32
GRC,αγκου,32
GRC,τονοα,32
GRC,προζυμ,32
GRC,cao,32
GRC,ταμπλετε,32
GRC,Κρασι,32
GRC,καθαρις,32
GRC,expired,32
GRC,asti,32
GRC,ξυνονε,32
GRC,κρεμμυσι,32
GRC,γυμναστικη,32
GRC,kyk,32
GRC,σάλτσα ντο,32
GRC,Dubai,32
GRC,μωρομαντιλ,32
GRC,άν,32
GRC,korea,32
GRC,κόκκινο,32
GRC,προσα,32
GRC,starch,32
GRC,απορριπαντικο,32
GRC,βοθ,32
GRC,burno,32
GRC,φακος,32
GRC,μίγμα,32
GRC,schwepps,32
GRC,candies,32
GRC,seed,32
GRC,Τορτίγια,32
GRC,μπρικ,32
GRC,δελ,32
GRC,yogurt 0%,32
GRC,λαδι σωματος,32
GRC,trat,32
GRC,put,32
GRC,condo,32
GRC,σακούλες α,32
GRC,μπαχαρικ,32
GRC,μποφτεκι,32
GRC,yougu,32
GRC,coca-,32
GRC,cale,32
GRC,Πιπεριες,32
GRC,siena,32
GRC,μπουτ,32
GRC,κεφαλογρα,32
GRC,motz,32
GRC,κοτοπουλο μπουτι,32
GRC,nesqu,32
GRC,pool,32
GRC,apo,32
GRC,sheep,32
GRC,arla p,32
GRC,γιαουρτι στραγγ,32
GRC,hallo,32
GRC,τιρι,32
GRC,zuchini,32
GRC,σοβολ,32
GRC,toy,32
GRC,σημητριακα,32
GRC,eye pa,32
GRC,nap,32
GRC,παπαρδ,32
GRC,purina one,32
GRC,jack daniels,32
GRC,baby po,32
GRC,ταλιατ,32
GRC,απολεπιση,32
GRC,filo,32
GRC,γάλα πλήρες,32
GRC,waff,32
GRC,γιαουρτι 5,32
GRC,spagetti,32
GRC,sweet pot,32
GRC,κορν φλα,32
GRC,delice,32
GRC,nivea sun,32
GRC,sklave,32
GRC,pinea,32
GRC,ψαλ,32
GRC,κοχυλι,32
GRC,lubri,32
GRC,cann,32
GRC,borotal,32
GRC,σκόνη σκόρδου,32
GRC,youp,32
GRC,kelloggs,32
GRC,rai,32
GRC,σπανά,32
GRC,αντιηλιακα,32
GRC,ice berg,32
GRC,φρεσκού,32
GRC,κοτομπουκοες,32
GRC,pistach,32
GRC,o.b.,32
GRC,kok,32
GRC,schnitzel,32
GRC,κατοικι,32
GRC,πατώματος,32
GRC,γαλα κατσ,32
GRC,κουβερτπυρα,32
GRC,fli,32
GRC,primo,32
GRC,cera,32
GRC,ξυριστικη μηχανη,32
GRC,μανητα,32
GRC,retsina,32
GRC,αγγι,32
GRC,potato chips,32
GRC,cat sand,32
GRC,ότι μπερ,32
GRC,parmezana,32
GRC,μηκα,32
GRC,μπριο,32
GRC,jumbo chips,32
GRC,pregnancy,32
GRC,palmoli,32
GRC,γαλα καρυδ,32
GRC,kleene,32
GRC,πλυντηρι,32
GRC,σερβιετες always,32
GRC,κρικ,32
GRC,water wipe,32
GRC,paper to,32
GRC,πιπεριέ,32
GRC,μαντιλάκια,32
GRC,whole wheat,32
GRC,καθαριστικό πατώματος,32
GRC,λευκή σοκολάτα,32
GRC,αλμυρα σνακ,32
GRC,colour catcher,32
GRC,πολυμ,32
GRC,rasber,32
GRC,ger,32
GRC,Ανθότυρο,32
GRC,αρωματικό χώρου,32
GRC,venetis,32
GRC,πεκοριν,32
GRC,wolt m,32
GRC,kaise,32
GRC,αντζούγιες,32
GRC,καλαμπογ,32
GRC,roller,32
GRC,ηλιόσπορος,32
GRC,αντισηπτικ,32
GRC,aer,32
GRC,mimi,32
GRC,χημο,32
GRC,batt,32
GRC,veggie,32
GRC,γαλα χ,32
GRC,hollinger,32
GRC,toas,31
GRC,1 2 bake,31
GRC,manouri,31
GRC,super sp,31
GRC,tea bags,31
GRC,gly,31
GRC,knot,31
GRC,κρεμα ματιων,31
GRC,chinese,31
GRC,δισκ,31
GRC,μπαμπα,31
GRC,provolone,31
GRC,ευλογημένο,31
GRC,polareti,31
GRC,beebr,31
GRC,γακοπουλα,31
GRC,ψιχα τοστ,31
GRC,τιραμισου,31
GRC,αντιλη,31
GRC,αντισηπτ,31
GRC,χυμός ντοματας,31
GRC,χυμος λεμ,31
GRC,Angus,31
GRC,her,31
GRC,rizo,31
GRC,Cucumber,31
GRC,Πατατα,31
GRC,κοκακ,31
GRC,spra,31
GRC,dr beck,31
GRC,ζάχα,31
GRC,Σερ,31
GRC,ρώσικη,31
GRC,φτουτα,31
GRC,αλατι πλυντηριου,31
GRC,batis,31
GRC,Κουκάκη,31
GRC,paliri,31
GRC,sar,31
GRC,βαφή μαλλιων,31
GRC,ghee,31
GRC,σάλτσα ντοματας,31
GRC,διοσμ,31
GRC,δοχείο,31
GRC,κυπριακ,31
GRC,bif,31
GRC,πάνες ακράτειας,31
GRC,kol,31
GRC,χυμός λεμονιού,31
GRC,καροτς,31
GRC,lit,31
GRC,blanco,31
GRC,κολοκυθακ,31
GRC,tortila,31
GRC,powerrade,31
GRC,cointreau,31
GRC,κρεμα γαλακτπς,31
GRC,χυμός ντο,31
GRC,sovolos,31
GRC,cinammon,31
GRC,Ζυμαρικά,31
GRC,ακουστικά,31
GRC,χωρίς ζαχ,31
GRC,shushi,31
GRC,raf,31
GRC,χουρμας,31
GRC,χι,31
GRC,pou,31
GRC,γαλοπούλα φετες,31
GRC,sweetcorn,31
GRC,mont,31
GRC,cocktails,31
GRC,τροφη για σκυλους,31
GRC,κρύο τσάι,31
GRC,shu,31
GRC,χωνι,31
GRC,βλαχας,31
GRC,λογα,31
GRC,αυγσ,31
GRC,Sani,31
GRC,casoline,31
GRC,puff,31
GRC,παλα,31
GRC,συκώτι,31
GRC,χαρτί ψησίματος,31
GRC,φρυγανιες ολικης,31
GRC,palmoliv,31
GRC,ζελατι,31
GRC,τρυμ,31
GRC,αλφ,31
GRC,αλουμινίου,31
GRC,νεσκα,31
GRC,γάλα φρεσκο,31
GRC,vanilla ice cream,31
GRC,compeed,31
GRC,μπριζολε,31
GRC,lactos,31
GRC,φουρν,31
GRC,βασιλοπουλος,31
GRC,ανταλλακτικο,31
GRC,Βουτυρο,31
GRC,λινα,31
GRC,shout,31
GRC,παταες,31
GRC,αντισηπτι,31
GRC,μουστοκουλουρα,31
GRC,σταγονες σοκολατα,31
GRC,σοδα μαγειρικη,31
GRC,excellence,31
GRC,Νίκος,31
GRC,caffeine,31
GRC,ex,31
GRC,παζλ,31
GRC,σφουγκαρ,31
GRC,viac,31
GRC,chocl,31
GRC,concentr,31
GRC,fus,31
GRC,lasa,31
GRC,αλλειμα,31
GRC,κιμας κοτοπουλο,31
GRC,powerbank,31
GRC,μπισκότ,31
GRC,leave,31
GRC,σανιτας,31
GRC,sakoules,31
GRC,planer,31
GRC,ντομάτας,31
GRC,carbona,31
GRC,alpeo,31
GRC,προζ,31
GRC,μαρκ,31
GRC,bier,31
GRC,γιαούρτι 0%,31
GRC,wer,31
GRC,air fry,31
GRC,amareti,31
GRC,στυλό,31
GRC,baileys,31
GRC,αποριπα,31
GRC,ντους,31
GRC,truff,31
GRC,υφα,31
GRC,ace gentile,31
GRC,βενε,31
GRC,φρέσκο κρε,31
GRC,οδοντόβ,31
GRC,frulit,31
GRC,Παγο,31
GRC,πασα,31
GRC,ταξιδιου,31
GRC,υγρα μα,31
GRC,ωτ,31
GRC,παφω,31
GRC,μαχαιρο,31
GRC,wolt marke,31
GRC,Σοδ,31
GRC,natur,31
GRC,bepa,31
GRC,γλει,31
GRC,τιραμισού,31
GRC,κοκκινη πιπερια,31
GRC,πελτε ντοματας,31
GRC,batist,31
GRC,terrea amber,31
GRC,τοκα,31
GRC,απορυπαντικο ρουχων,31
GRC,γαλοπυ,31
GRC,πίτουρο,31
GRC,Honey,31
GRC,φυκι,31
GRC,kais,31
GRC,μαρμελαδα χωρις ζαχαρη,31
GRC,arabi,31
GRC,χυμος life,31
GRC,τακος,31
GRC,κόκκινο κρασί,31
GRC,λάδι μαλλιών,31
GRC,frost,31
GRC,συσκευασια,31
GRC,morf,31
GRC,viofast,31
GRC,πριζα,31
GRC,αποτριχωτικη,31
GRC,beefeater,31
GRC,κασετι,31
GRC,οινοπνευμ,31
GRC,αρτ,31
GRC,ωχ,31
GRC,barbeq,31
GRC,ανθος αραβοσιτου,31
GRC,σπορακια,31
GRC,yoga,31
GRC,mozarel,31
GRC,cling,31
GRC,χωρίς αλατι,31
GRC,ελληνικός καφές,31
GRC,ζιπ,31
GRC,greens,31
GRC,milko free,31
GRC,back,31
GRC,θερμομετρο,31
GRC,γαλα 500,31
GRC,γαλα β,31
GRC,spring roll,31
GRC,paper tow,31
GRC,έτοιμα γευ,31
GRC,μυγες,31
GRC,φουσκ,31
GRC,ασπρά,31
GRC,κρέμα γάλα,31
GRC,pumari,31
GRC,quake,31
GRC,μανταρινι,31
GRC,see,31
GRC,bod,31
GRC,halloum,31
GRC,tride,31
GRC,γαυρο,31
GRC,αφρι,31
GRC,πανες ενηλικων,31
GRC,αλεύρι για,31
GRC,monoke,31
GRC,μπαρες δη,31
GRC,arla pr,31
GRC,καταιφι,31
GRC,χερια,31
GRC,foua,31
GRC,faji,31
GRC,τυτ,31
GRC,idylle,31
GRC,bany,31
GRC,raw earth,31
GRC,veeb,31
GRC,ρυζογκοφρετε,31
GRC,σουτζουκακια,31
GRC,Σοκολατα,31
GRC,risp,31
GRC,φιστικια,31
GRC,ιταλική,31
GRC,φρεσκα ζυμαρικα,31
GRC,γιαούρτι στρα,31
GRC,tubirg,31
GRC,χαιτογλου,31
GRC,golden vi,31
GRC,ΔΕΛΤΑ,31
GRC,detol spray,31
GRC,vial,31
GRC,λούφα,31
GRC,BBQ,31
GRC,λαζανακι,31
GRC,ξυροι καρποι,31
GRC,κρεμα σ,31
GRC,γιαουρτι κρι κρι,31
GRC,σφουγα,31
GRC,sausag,31
GRC,αλευρη,31
GRC,ντεμακιγ,31
GRC,κανατα,31
GRC,μανταρίνι,31
GRC,τυρι για,31
GRC,τηγαν,31
GRC,μακαρόν,31
GRC,after save,31
GRC,φουντού,31
GRC,Κρεμ,31
GRC,σκυλοτρ,31
GRC,βιολάντα,31
GRC,bit,31
GRC,σαβουαγιαρ,31
GRC,κουρκ,31
GRC,cigg,31
GRC,καρπούζ,31
GRC,γλυκαντ,30
GRC,σακουλες σκουπιδι,30
GRC,σαπουνο,30
GRC,chai,30
GRC,αναπτηρ,30
GRC,μαύρη ζάχαρη,30
GRC,nes ca,30
GRC,karellia,30
GRC,μαξιλάρι,30
GRC,υδροχλ,30
GRC,κόλ,30
GRC,pellegr,30
GRC,τσία,30
GRC,ψαρονεφρι,30
GRC,τοατ,30
GRC,som,30
GRC,pimple patch,30
GRC,blueberri,30
GRC,bronzer,30
GRC,πλαστικα ποτ,30
GRC,long chip,30
GRC,laus,30
GRC,icecr,30
GRC,karelias,30
GRC,πιπι,30
GRC,chicken thigh,30
GRC,lipton ice,30
GRC,πεγωτο,30
GRC,μπαρες δημ,30
GRC,salty,30
GRC,μπερ,30
GRC,σαμπανια,30
GRC,ψητο,30
GRC,μαυρο πιπερι,30
GRC,botanic therapy,30
GRC,pingui,30
GRC,αποχνουδωτης,30
GRC,musta,30
GRC,rus,30
GRC,red beans,30
GRC,κρρ,30
GRC,τορτελίνια,30
GRC,mmm,30
GRC,cil,30
GRC,seve,30
GRC,περ,30
GRC,aromatics,30
GRC,fish sauce,30
GRC,hai,30
GRC,blender,30
GRC,ΠΑΓΩΤΟ,30
GRC,buldag,30
GRC,ρεσ,30
GRC,αναψυκτικό,30
GRC,tyr,30
GRC,αλεύ,30
GRC,Lacta,30
GRC,lif,30
GRC,calipo,30
GRC,σχο,30
GRC,freelac,30
GRC,σεργαλ,30
GRC,αφρόλου,30
GRC,ricott,30
GRC,moti,30
GRC,παφωτο,30
GRC,γάλα κατσι,30
GRC,κινεζικο,30
GRC,παπουτσα,30
GRC,ντοματοχυ,30
GRC,αριανη,30
GRC,coria,30
GRC,abs,30
GRC,παγβτ,30
GRC,Hummus,30
GRC,fab,30
GRC,σούπες,30
GRC,βελαν,30
GRC,polyb,30
GRC,αφρωδης,30
GRC,ντάκο,30
GRC,lay’s,30
GRC,πάνες ακ,30
GRC,spo,30
GRC,500,30
GRC,sweet balance,30
GRC,asahi,30
GRC,ανθότυ,30
GRC,τρελα,30
GRC,τυρι τρυμενο,30
GRC,χαρτί τουα,30
GRC,pins,30
GRC,Σφουγγαρι,30
GRC,gluten f,30
GRC,sex shop,30
GRC,μωρομαντηκα,30
GRC,l’oreal,30
GRC,alcohol free,30
GRC,καπέλο,30
GRC,αιγινης,30
GRC,caesars,30
GRC,ντεμακιγια,30
GRC,plastic wrap,30
GRC,swhe,30
GRC,μακαρόνι,30
GRC,ασ,30
GRC,Κακάο,30
GRC,breaf,30
GRC,μηλοκ,30
GRC,μβρο,30
GRC,corn flo,30
GRC,σάλτσα ντομ,30
GRC,der,30
GRC,agnoti,30
GRC,αυτιά,30
GRC,wet wip,30
GRC,λογαδ,30
GRC,απορρυπαντικό ρουχων,30
GRC,παγοθηκ,30
GRC,sensitive,30
GRC,οσπρ,30
GRC,βερύκοκα,30
GRC,σουρι,30
GRC,alph,30
GRC,κεράκι,30
GRC,paul,30
GRC,βούτηρο,30
GRC,μελιτζανοσαλατα,30
GRC,Αυγ,30
GRC,τουαλετ,30
GRC,"νερο 1,5",30
GRC,ανθρακού,30
GRC,mosqui,30
GRC,Μπανα,30
GRC,κακά,30
GRC,αριάνι,30
GRC,ξυσι,30
GRC,χωρίς γλουτενη,30
GRC,paradontax,30
GRC,pate,30
GRC,glasses,30
GRC,μολ,30
GRC,kellogg,30
GRC,κοτοπουκο,30
GRC,χωρις λακτόζη,30
GRC,αλυ,30
GRC,cerea,30
GRC,cola ze,30
GRC,αντιβα,30
GRC,body scrub,30
GRC,πρωτείνη,30
GRC,γάλα σόγιας,30
GRC,καλαμάκ,30
GRC,φιογκα,30
GRC,ricota,30
GRC,σακουλες τροφι,30
GRC,τονοσα,30
GRC,σοκολατοπιτα,30
GRC,dettol spray,30
GRC,χυμός ν,30
GRC,γαρίδα,30
GRC,toothpas,30
GRC,yuzu,30
GRC,cheese dip,30
GRC,αστρα,30
GRC,σπαραγγι,30
GRC,βαφές,30
GRC,λιγκουι,30
GRC,ραβιολ,30
GRC,cointr,30
GRC,σακούλες απορριμμάτων,30
GRC,Μπύρες,30
GRC,vertuo,30
GRC,νερο ανθρακουχο,30
GRC,μηλιτη,30
GRC,ξυδο,30
GRC,vale,30
GRC,instant noodles,30
GRC,smoking,30
GRC,lats,30
GRC,terea bronze,30
GRC,μαγειρ,30
GRC,νερο μικρο,30
GRC,μπιφτεκια κοτοπουλο,30
GRC,prongles,30
GRC,af,30
GRC,bio milk,30
GRC,ρυζογαλα,30
GRC,περιπτερο,30
GRC,Τοπου μ,30
GRC,suns,30
GRC,peelerz,30
GRC,haagen da,30
GRC,χωρίς ζ,30
GRC,em,30
GRC,azaj,30
GRC,χωριό,30
GRC,αυτοκο,30
GRC,Cheetos,30
GRC,conse,30
GRC,αποφ,30
GRC,παγοε,30
GRC,algo,30
GRC,truf,30
GRC,raz,30
GRC,Rio mare,30
GRC,σερβο,30
GRC,crepes,30
GRC,paulaner,30
GRC,αφεολουτρο,30
GRC,γάλα ολυμπος,30
GRC,πασατα,30
GRC,πλαστε,30
GRC,Digestive,30
GRC,coke light,30
GRC,noon,30
GRC,παγούρι,30
GRC,cajolin,30
GRC,deve,30
GRC,σακουλες μικρες,30
GRC,πανες βρακακι,30
GRC,κρι κρι παγωτο,30
GRC,pagoto,30
GRC,σαλαμι αερ,30
GRC,φρεσκο ψωμι,30
GRC,toothpast,30
GRC,oyakata,30
GRC,Ultrex,30
GRC,vita coco,30
GRC,ταραμα,30
GRC,χαρτι τουαλε,30
GRC,aqua ca,30
GRC,proper,30
GRC,έτοιμο,30
GRC,mest,30
GRC,sq,30
GRC,hat,30
GRC,body soap,30
GRC,νερο 1,30
GRC,ακρ,30
GRC,πεπερο,30
GRC,χαρυ,30
GRC,κλι,30
GRC,σουβλακ,30
GRC,zuccherino,30
GRC,νομα,30
GRC,πηρο,30
GRC,san pell,30
GRC,powerad,30
GRC,αλευρι αμυ,30
GRC,thins,30
GRC,gal,30
GRC,ντοματοπελτες,30
GRC,stain remover,30
GRC,μπισκό,30
GRC,ελληνικο καφε,30
GRC,μιρ,30
GRC,γιαούρτι χω,30
GRC,γαλα κ,30
GRC,solo,30
GRC,τεστ εγ,30
GRC,μπισκοτα βρωμης,30
GRC,πετς,30
GRC,sour cr,30
GRC,Χριστοδούλου,30
GRC,γάλα εβαπορέ,30
GRC,tai,30
GRC,γιουρτο,30
GRC,κυβους,30
GRC,λιχουδιές,30
GRC,αφρός ξυ,30
GRC,φιξ ανευ,29
GRC,γιαυρτ,29
GRC,let,29
GRC,παιχνι,29
GRC,mura,29
GRC,αλατι πλυ,29
GRC,gnocc,29
GRC,Τορτιγια,29
GRC,healty,29
GRC,mastika,29
GRC,αγγουρο,29
GRC,αποσμυτικο,29
GRC,βανικια,29
GRC,ενυδατική,29
GRC,pizza sauce,29
GRC,cals,29
GRC,fever,29
GRC,κουβερτού,29
GRC,τυροτρελ,29
GRC,το μαν,29
GRC,curly,29
GRC,aspa,29
GRC,γερμανικό,29
GRC,courgette,29
GRC,ξυριστικη,29
GRC,βανιλινες,29
GRC,nugge,29
GRC,πίερι,29
GRC,αθ,29
GRC,ροφημα αμυ,29
GRC,σακούλες απ,29
GRC,νοστιμια,29
GRC,dishwas,29
GRC,Vitaline,29
GRC,φετα δωδωνη,29
GRC,νερο 500ml,29
GRC,ροδάκ,29
GRC,φυστικοβουτυρ,29
GRC,Kellogg's,29
GRC,turke,29
GRC,Σφου,29
GRC,sesa,29
GRC,Α4,29
GRC,hali,29
GRC,βατομο,29
GRC,αλκ,29
GRC,μαϊντα,29
GRC,χυμος ολυμπος,29
GRC,japanese,29
GRC,μιλφειγ,29
GRC,waln,29
GRC,pampers no,29
GRC,Powerade,29
GRC,Γι,29
GRC,ντομάτε,29
GRC,glas,29
GRC,Feta,29
GRC,coca xola,29
GRC,γκρανολ,29
GRC,χλορ,29
GRC,pelegri,29
GRC,ας μαγειρέψουμε,29
GRC,cotagg,29
GRC,μυζιθρα,29
GRC,mits,29
GRC,βαζελ,29
GRC,snikers,29
GRC,cloves,29
GRC,crave,29
GRC,world cup 2026,29
GRC,motza,29
GRC,σερβίρετε,29
GRC,απιονισμε,29
GRC,tsipouro,29
GRC,χαρτι υγρ,29
GRC,lemoni,29
GRC,Αβ,29
GRC,γαλα καρυδα,29
GRC,ηλιαιλ,29
GRC,proder,29
GRC,muscle,29
GRC,χατζης,29
GRC,risotto,29
GRC,iphone,29
GRC,baklava,29
GRC,αμστελ,29
GRC,ντομαυ,29
GRC,frut,29
GRC,Λάδι,29
GRC,herbal essences,29
GRC,total 0,29
GRC,aioli,29
GRC,crod,29
GRC,αλουμινοχαρτ,29
GRC,μπαλόνι,29
GRC,salted butter,29
GRC,υγρομ,29
GRC,carrote,29
GRC,σαλτσα τοματας,29
GRC,pinot,29
GRC,μανδρε,29
GRC,water bottle,29
GRC,νουνου kid,29
GRC,head &,29
GRC,μέλ,29
GRC,concentra,29
GRC,axa,29
GRC,beets,29
GRC,sparkling wat,29
GRC,almiro,29
GRC,light bulb,29
GRC,φτερνες,29
GRC,cb,29
GRC,amst,29
GRC,φακελ,29
GRC,ted,29
GRC,chis,29
GRC,Κασέρι,29
GRC,lactacid,29
GRC,τηγανιά,29
GRC,antibacterial,29
GRC,Red bull,29
GRC,ρούχα,29
GRC,hungry n,29
GRC,καπνις,29
GRC,χταπο,29
GRC,wc net,29
GRC,προσφορες,29
GRC,ιν,29
GRC,frisom,29
GRC,μιτ,29
GRC,μάσκα μαλλιων,29
GRC,γιαπυρ,29
GRC,μανταρ,29
GRC,φατα,29
GRC,ρυζοτο,29
GRC,gilett,29
GRC,aqua carp,29
GRC,ντοματίνι,29
GRC,αγκινάρες,29
GRC,γλυκοπατάτ,29
GRC,γαλακτοκομικά,29
GRC,πλαστικα ποτη,29
GRC,πληγ,29
GRC,ποδι,29
GRC,μπαρμπαστ,29
GRC,Γάλα αμυγδάλου,29
GRC,glycolic,29
GRC,monin,29
GRC,χάντρες,29
GRC,καντ,29
GRC,oxy,29
GRC,estia,29
GRC,gnochi,29
GRC,αποσμιν,29
GRC,wu,29
GRC,Life,29
GRC,σκορδοψωμο,29
GRC,αγαύη,29
GRC,Αγγου,29
GRC,καφες φιλ,29
GRC,mort,29
GRC,μοανα,29
GRC,φιστικι,29
GRC,μοσχοκαρ,29
GRC,μουσταρδο,29
GRC,Μπρόκολο,29
GRC,σουβ,29
GRC,κραμ,29
GRC,ζελε χωρις,29
GRC,σκονη σκο,29
GRC,Παπαδόπουλος,29
GRC,τσιγά,29
GRC,buffalo,29
GRC,Ανθρακούχο,29
GRC,tikka,29
GRC,milk chocolate,29
GRC,xar,29
GRC,χυμό ντομάτας,29
GRC,Ζαχαρη,29
GRC,sake,29
GRC,hot do,29
GRC,καθαριστικο πατωμα,29
GRC,1+,29
GRC,ben jerr,29
GRC,pesca,29
GRC,snaks,29
GRC,high p,29
GRC,Ταχίνι,29
GRC,cornfla,29
GRC,Χαρτοπετσέτες,29
GRC,τουμποφλο,29
GRC,bond,29
GRC,chur,29
GRC,μαλλακτικό,29
GRC,pop ba,29
GRC,ντοματεσ,29
GRC,protein yogurt,29
GRC,ενυδατ,29
GRC,κρανμπ,29
GRC,προτ,29
GRC,ττ,29
GRC,δον,29
GRC,υγρο ρουχων,29
GRC,βεργ,29
GRC,έτοιμες,29
GRC,Δυόσμος,29
GRC,Οδοντ,29
GRC,κεράσ,29
GRC,απα,29
GRC,ξηρά,29
GRC,ακουα,29
GRC,whit,29
GRC,γαρί,29
GRC,sweet and,29
GRC,Wine,29
GRC,sor,29
GRC,αραβοσι,29
GRC,ταψακ,29
GRC,cucmber,29
GRC,Γατα,29
GRC,αραβοσιτελαιο,29
GRC,ματ,29
GRC,ξηροί κα,29
GRC,ροδοπακ,29
GRC,sur,29
GRC,moisturiser,29
GRC,το ος,29
GRC,savoiardi,29
GRC,υγιεινα,29
GRC,Τσακίρης,29
GRC,κοφτ,29
GRC,κοτόπουλ,29
GRC,cottage ch,29
GRC,meta,29
GRC,σοβολο,29
GRC,rolling paper,29
GRC,σφουγγαράκι,29
GRC,oralb,29
GRC,stur,29
GRC,film,29
GRC,Σπανάκι,29
GRC,σιτρο,29
GRC,ayran,29
GRC,smirn,29
GRC,παπο,29
GRC,βρεφικο γαλα,29
GRC,boba,29
GRC,plastic bags,29
GRC,χημ,29
GRC,campar,29
GRC,elep,29
GRC,lillet,29
GRC,esspre,29
GRC,γιαοθρτ,29
GRC,ams,29
GRC,κοτοπι,29
GRC,Kefir,29
GRC,papaya,29
GRC,vic,29
GRC,paw,29
GRC,kettl,29
GRC,ταρτα,29
GRC,clip,29
GRC,red velvet,29
GRC,mocchi,29
GRC,πακοτ,29
GRC,γιαουρτι στρ,29
GRC,γαλοππυλα,29
GRC,soft drinks,29
GRC,πλευρωτους,29
GRC,Durex,29
GRC,non,29
GRC,γιαουρτι 5%,29
GRC,glory,29
GRC,dinkel,29
GRC,sour candy,29
GRC,σοβ,29
GRC,ξυνο νε,29
GRC,κορνε,29
GRC,bail,29
GRC,villeda,29
GRC,χαντρες,29
GRC,egga,29
GRC,αλατινη,29
GRC,mr muscle,29
GRC,καντα,29
GRC,νεσε,29
GRC,ξινομυ,29
GRC,dolce g,29
GRC,αγελαδ,29
GRC,καρβουνακι,29
GRC,μοσχαρακι,29
GRC,ντιμ,29
GRC,veneti,29
GRC,ξηροι καρπ,29
GRC,met,29
GRC,και,29
GRC,burger buns,29
GRC,Χυμοι,29
GRC,3 bit,29
GRC,γιαρτ,29
GRC,τοματοχ,28
GRC,σκουπιδιών,28
GRC,novo,28
GRC,coca cola li,28
GRC,φιογ,28
GRC,xino nero,28
GRC,ala,28
GRC,dane,28
GRC,πιττες,28
GRC,nai,28
GRC,ρύζι μπασμάτι,28
GRC,Brioche,28
GRC,babylino 6,28
GRC,λεβετ,28
GRC,μωρπ,28
GRC,αλατο,28
GRC,σφολιατ,28
GRC,asp,28
GRC,mix τυριων,28
GRC,ψωμι φρε,28
GRC,μιας χρήσης,28
GRC,coca-cola zero,28
GRC,dream long,28
GRC,γιαουρτι φραουλα,28
GRC,μπισκοτα παπαδοπουλου,28
GRC,mockta,28
GRC,σπανακοριζο,28
GRC,γιαρ,28
GRC,αποσμην,28
GRC,γάλα βρω,28
GRC,σάλτσ,28
GRC,αγελ,28
GRC,ben&,28
GRC,wick,28
GRC,απερολ,28
GRC,κανέ,28
GRC,βικοσ,28
GRC,cheese gouda,28
GRC,Τσάι,28
GRC,σακουλς,28
GRC,φούρνου,28
GRC,μπάνιο,28
GRC,papper,28
GRC,σιροπι σοκολατας,28
GRC,μπουρ,28
GRC,xy,28
GRC,παιδι,28
GRC,καρύ,28
GRC,Λεμονι,28
GRC,Egg,28
GRC,χαρτί τουαλετας,28
GRC,κλια,28
GRC,old holbo,28
GRC,πάστα ελιάς,28
GRC,βαλεριανα,28
GRC,clear,28
GRC,σκι,28
GRC,κρεμοσάπ,28
GRC,kebab,28
GRC,Gluten free,28
GRC,μαγινεζα,28
GRC,λαστιχακι,28
GRC,sour c,28
GRC,βρεφι,28
GRC,zagoru,28
GRC,αλαντικ,28
GRC,tsigara,28
GRC,Ψωμι τοστ,28
GRC,μαύρη σοκολατα,28
GRC,jag,28
GRC,ποτήρ,28
GRC,cooking oil,28
GRC,παπαδοπουλο,28
GRC,αντο,28
GRC,μινερβα,28
GRC,σημειο,28
GRC,χαρτινα ποτηρια,28
GRC,ben & je,28
GRC,αμι,28
GRC,marmalade,28
GRC,σουροτη,28
GRC,protein arla,28
GRC,λουκανικοπ,28
GRC,kou,28
GRC,μορταδελ,28
GRC,stamou,28
GRC,ατζ,28
GRC,lager,28
GRC,the b,28
GRC,εμφιαλωμενο,28
GRC,veey,28
GRC,πη,28
GRC,cauliflower,28
GRC,nissin,28
GRC,esspresso,28
GRC,κοχ,28
GRC,hig,28
GRC,τσιγάρο,28
GRC,μαχαιρ,28
GRC,blac,28
GRC,sorbe,28
GRC,δάφνη,28
GRC,gyo,28
GRC,πτι μπε,28
GRC,desert,28
GRC,aceton,28
GRC,γιαούρτι στραγγ,28
GRC,krispi,28
GRC,babibel,28
GRC,κολω,28
GRC,εμφιαλωμένο,28
GRC,κρέπα,28
GRC,bbq sauce,28
GRC,στιγμια,28
GRC,meallion,28
GRC,γαουρτι,28
GRC,ντοματακ,28
GRC,vaseli,28
GRC,guancia,28
GRC,γάλα φυτικό,28
GRC,κυπρ,28
GRC,τυρί τριμενο,28
GRC,λαδακι,28
GRC,θυ,28
GRC,ανεμιστ,28
GRC,votka,28
GRC,σακκούλες,28
GRC,σχοινι,28
GRC,σπατουλα,28
GRC,τροφίμων,28
GRC,υγροσαπουνο,28
GRC,mcc,28
GRC,dr be,28
GRC,pepero,28
GRC,smoked turkey,28
GRC,Jameson,28
GRC,kala,28
GRC,αραβοσ,28
GRC,αλκοολούχος,28
GRC,Μπέικον,28
GRC,low carb,28
GRC,ψωμι τοστ ολικης,28
GRC,φλωρι,28
GRC,caper,28
GRC,μπακαλιάρος,28
GRC,beef je,28
GRC,one blade,28
GRC,λεμονά,28
GRC,axax,28
GRC,wather,28
GRC,planet παγ,28
GRC,pites,28
GRC,ψησιματος,28
GRC,cracke,28
GRC,kolios,28
GRC,νιφα,28
GRC,λευκανση,28
GRC,sun cream,28
GRC,μακαρονια παστιτσιο,28
GRC,sourd,28
GRC,εξα,28
GRC,κουκακης,28
GRC,τυρακ,28
GRC,φυσικός,28
GRC,casa,28
GRC,ΠΑ,28
GRC,kud,28
GRC,πατατακια jumbo,28
GRC,πάνες α,28
GRC,mouss,28
GRC,tasty,28
GRC,celer,28
GRC,opti,28
GRC,ku,28
GRC,σακουλα δωρου,28
GRC,κοχυλ,28
GRC,μουστοκούλουρα,28
GRC,spite,28
GRC,carpet,28
GRC,nudl,28
GRC,post,28
GRC,μαχα,28
GRC,Coke zero,28
GRC,φλω,28
GRC,αρκά,28
GRC,Μπατονετες,28
GRC,καπριτσιοζα,28
GRC,shallot,28
GRC,asia,28
GRC,βρομ,28
GRC,μπαγκε,28
GRC,foc,28
GRC,καπνιστή,28
GRC,σακοθ,28
GRC,elf,28
GRC,porcanova,28
GRC,γιαουρτι 1kg,28
GRC,γλειφ,28
GRC,εβάορε,28
GRC,magix,28
GRC,γιαουρτι κα,28
GRC,παπαρ,28
GRC,sauc,28
GRC,paper cup,28
GRC,Μανιταρια,28
GRC,Sanitas,28
GRC,ντολμαδα,28
GRC,pema,28
GRC,απολυμαντικα,28
GRC,chive,28
GRC,pis,28
GRC,τοματοπελτες,28
GRC,νιτσ,28
GRC,πλαστικα πιατα,28
GRC,dr pe,28
GRC,talk,28
GRC,cent,28
GRC,λουιζα,28
GRC,goodys,28
GRC,παγωτο γιαουρτι,28
GRC,απορυπαντικο πιατων,28
GRC,mms,28
GRC,corriander,28
GRC,ps,28
GRC,βελουδάκι,28
GRC,noxem,28
GRC,αγρ,28
GRC,τρόμπα,28
GRC,νερο εξαδα,28
GRC,παρτι,28
GRC,edless,28
GRC,hiney,28
GRC,rucola,28
GRC,phil’,28
GRC,bakero,28
GRC,αλκοολουχος,28
GRC,κροκετες,28
GRC,todu,28
GRC,cash,28
GRC,αντιλια,28
GRC,αντισυπτικο,28
GRC,gnoc,28
GRC,τουμπο,28
GRC,Pop,28
GRC,sourdough bread,28
GRC,θεομη,28
GRC,του τοπου μας,28
GRC,sage,28
GRC,κοκα κολες,28
GRC,ριγκατο,28
GRC,κιμας σογιας,28
GRC,mered,28
GRC,protein whey,28
GRC,σακούλες τροφιμων,28
GRC,beebro,28
GRC,βρο,28
GRC,αγγορ,28
GRC,πεκ,28
GRC,χρωμα ζαχαροπλαστικης,28
GRC,ταμπουλε,28
GRC,αλμυ,28
GRC,μιμικ,28
GRC,terea s,28
GRC,ετοιμες,28
GRC,baby spinach,28
GRC,alter,28
GRC,Ντομα,28
GRC,frez,28
GRC,emma,28
GRC,σό,28
GRC,scha,28
GRC,post it,28
GRC,κουρασαν,28
GRC,κακαο γαλα,28
GRC,crou,28
GRC,ντεκαπαζ,28
GRC,νερακι,28
GRC,protein chips,28
GRC,παγπ,28
GRC,προζύμι,28
GRC,basili,28
GRC,ποτες,28
GRC,rasberr,28
GRC,μιμι,28
GRC,απορυπαντικ,28
GRC,sudo,28
GRC,ρετ,28
GRC,crispy onion,28
GRC,γιαουτρι,28
GRC,poumaro,28
GRC,green mo,28
GRC,q tips,28
GRC,ότι,28
GRC,baby bel,28
GRC,wine white,28
GRC,Azax,28
GRC,μαύρα,28
GRC,καθαριστικο τουαλετας,28
GRC,τηλέφωνο,28
GRC,σταφί,28
GRC,Σερβι,28
GRC,γαλλικο,28
GRC,γαβτια,28
GRC,πέονι,28
GRC,ceral,28
GRC,αντισυπ,28
GRC,mana,27
GRC,χυμούς,27
GRC,ακευρι,27
GRC,cros,27
GRC,perio,27
GRC,Pasta,27
GRC,Axe,27
GRC,λουλ,27
GRC,"1,5",27
GRC,μακρονια,27
GRC,παγωτο καιμακι,27
GRC,πράσινα,27
GRC,μορομαντιλα,27
GRC,coca cola l,27
GRC,κουπα,27
GRC,prosciu,27
GRC,παρφε,27
GRC,κρεμιδ,27
GRC,γαλετα,27
GRC,τσεντ,27
GRC,tray,27
GRC,φαγη,27
GRC,soarkling,27
GRC,sanitad,27
GRC,Pink,27
GRC,softe,27
GRC,glov,27
GRC,μιτσ,27
GRC,πίτε,27
GRC,tanning oil,27
GRC,πιτσι,27
GRC,tedd,27
GRC,babylono,27
GRC,baby shampoo,27
GRC,fry,27
GRC,νήσος,27
GRC,kerastase,27
GRC,αγγπ,27
GRC,φαγητοδοχειο,27
GRC,emen,27
GRC,ντεκαφ,27
GRC,πουράκια,27
GRC,μπαρμπα στα,27
GRC,αλτις,27
GRC,waterwip,27
GRC,χοτ,27
GRC,Φράουλες,27
GRC,pomegra,27
GRC,beef stock,27
GRC,Χαρτι κουζινας,27
GRC,Σερβιε,27
GRC,παμπερς,27
GRC,cream chees,27
GRC,πατατακθα,27
GRC,τριμμέ,27
GRC,baygo,27
GRC,Tofu,27
GRC,φυλλο κρου,27
GRC,premium,27
GRC,σοκωμος,27
GRC,wd,27
GRC,πισίνα,27
GRC,fava,27
GRC,γαλα σο,27
GRC,fros,27
GRC,three cent,27
GRC,χυμός πορτοκαλι,27
GRC,karelia slim,27
GRC,ουισ,27
GRC,μπσ,27
GRC,alpri,27
GRC,κον κασε,27
GRC,τσαι μαυρο,27
GRC,νεκταρίνι,27
GRC,σουιφερ,27
GRC,σοκολατα κουβερτουρα,27
GRC,δονη,27
GRC,blueberrie,27
GRC,sardi,27
GRC,polyba,27
GRC,λεκανης,27
GRC,υγρό πατ,27
GRC,pallete,27
GRC,μπουμ,27
GRC,ομοσ,27
GRC,αφροκ,27
GRC,οδοντρο,27
GRC,silk cut,27
GRC,ea,27
GRC,stu,27
GRC,el valle,27
GRC,οξυζενε,27
GRC,Χυμο,27
GRC,alumi,27
GRC,Νε,27
GRC,tahin,27
GRC,sorite,27
GRC,αφουγγαριστρα,27
GRC,scissors,27
GRC,φιαουρτι,27
GRC,proscu,27
GRC,πάνε,27
GRC,Λεμο,27
GRC,nerd,27
GRC,garnier fructis,27
GRC,βερυκοκο,27
GRC,καπαρο,27
GRC,λουκο,27
GRC,μωρόμαντηλα,27
GRC,αχιβαδες,27
GRC,καθαριστικό π,27
GRC,υδροχ,27
GRC,1 2,27
GRC,κρανμ,27
GRC,μπαταρί,27
GRC,schweppe,27
GRC,χυμο ντοματας,27
GRC,μπαρα πρωτεινης,27
GRC,παγωτό χω,27
GRC,μπιφτέ,27
GRC,δωδώνη,27
GRC,ψαροκροκ,27
GRC,ασπράδια,27
GRC,gel μαλλιων,27
GRC,sane,27
GRC,κοτοπουλο φετες,27
GRC,αγγουρι τουρσι,27
GRC,ψωμι γερμ,27
GRC,βαζ,27
GRC,γαλς,27
GRC,μαυρη σοκολ,27
GRC,prune,27
GRC,παγωτο no sugar,27
GRC,φρέσκο κρεμμύδι,27
GRC,φρούτο,27
GRC,αξια,27
GRC,maybell,27
GRC,stir fry,27
GRC,gelato,27
GRC,μαρπυλι,27
GRC,Ηλιέλαιο,27
GRC,ice tray,27
GRC,φέτες τοστ,27
GRC,γάλα χω,27
GRC,κρέμα σοκολατα,27
GRC,μαϊν,27
GRC,spinac,27
GRC,κρεμμυδάκια,27
GRC,protein pu,27
GRC,Oatly,27
GRC,filadel,27
GRC,πανεσ,27
GRC,smok,27
GRC,ψαλιδακι,27
GRC,γλυκακι,27
GRC,polaretti,27
GRC,limo,27
GRC,vat,27
GRC,prosseco,27
GRC,Πατ,27
GRC,smirnoff ice,27
GRC,ξηρούς,27
GRC,milk lacto,27
GRC,μουρες,27
GRC,pross,27
GRC,sitos,27
GRC,λογάδι,27
GRC,αλευρι ολ,27
GRC,φιογκακι,27
GRC,μανγκ,27
GRC,κάψουλες πλυντηρίου,27
GRC,mark,27
GRC,youph,27
GRC,merit,27
GRC,γάλα καρυδας,27
GRC,frosting,27
GRC,cocacola zero,27
GRC,αποσμητικα χωρου,27
GRC,γαλατάκια,27
GRC,αμπελ,27
GRC,Bio,27
GRC,τυρί κρεμ,27
GRC,dove soap,27
GRC,all bra,27
GRC,vialal,27
GRC,γιαουρτι βιολογικο,27
GRC,blan,27
GRC,αμύγδα,27
GRC,τυροκαυτερ,27
GRC,ζάχ,27
GRC,Yoghurt,27
GRC,κολοκυθοσπο,27
GRC,απορθ,27
GRC,κρεμα βαλσαμικο,27
GRC,πεινιρλι,27
GRC,koukakis,27
GRC,phili,27
GRC,ανοιχτ,27
GRC,melba,27
GRC,cheese light,27
GRC,tobac,27
GRC,bee bris,27
GRC,ben and jerries,27
GRC,salame,27
GRC,τοσυ,27
GRC,orea,27
GRC,μονο,27
GRC,el sabot,27
GRC,παξιμάδ,27
GRC,σοσα,27
GRC,γλυκεμα,27
GRC,purin,27
GRC,γατιδης,27
GRC,κουταλάκια,27
GRC,γλειφι,27
GRC,Κοτο,27
GRC,splas,27
GRC,okra,27
GRC,φρυγανιά τριμμένη,27
GRC,ζαχαρίνη,27
GRC,fit and slim,27
GRC,δημητριαξα,27
GRC,γαντια μιας,27
GRC,Endless,27
GRC,brocol,27
GRC,frisola,27
GRC,toast bread,27
GRC,fuan,27
GRC,χυλ,27
GRC,ξυνο νερ,27
GRC,sesame seeds,27
GRC,μακαρονοα,27
GRC,coke zer,27
GRC,πολύσπορο,27
GRC,babyc,27
GRC,tekila,27
GRC,στομ,27
GRC,koto,27
GRC,kayak,27
GRC,james,27
GRC,μηλοκλε,27
GRC,sun screen,27
GRC,wisk,27
GRC,orze,27
GRC,δωρ,27
GRC,ρετσ,27
GRC,lam,27
GRC,protein panc,27
GRC,terea t,27
GRC,επ,27
GRC,mixed,27
GRC,αο,27
GRC,mash,27
GRC,παμ,27
GRC,βουρτσακι,27
GRC,υγρο πα,27
GRC,jell,27
GRC,ottage,27
GRC,αντιβακ,27
GRC,Coc,27
GRC,pets,27
GRC,σοκολατα λευκη,27
GRC,σύρμα,27
GRC,άλμη,27
GRC,low fat,27
GRC,xo,27
GRC,Felix,27
GRC,lack,27
GRC,πολυδημ,27
GRC,goldtouch,27
GRC,ΠΑΤΑΤΕΣ,27
GRC,αφρός μαλλιών,27
GRC,Κατεψυγμένα,27
GRC,vinega,27
GRC,Αλλατίνη,27
GRC,Lurpak,27
GRC,τεκ,27
GRC,carpati,27
GRC,drops,27
GRC,ποπκο,27
GRC,παγά,27
GRC,soj,27
GRC,κοτοπουλο ψητο,27
GRC,βερύ,27
GRC,προτε,27
GRC,διατροφική,27
GRC,τπ,27
GRC,κοτόπουλο στήθος,27
GRC,ταλιατε,27
GRC,clove,27
GRC,παγοκυστ,27
GRC,tubi,27
GRC,τυρι κρέμα,27
GRC,whole body,27
GRC,καβ,27
GRC,buttermilk,27
GRC,αοκολατα,27
GRC,βουρυρο,27
GRC,γαλα 0%,27
GRC,super spoo,27
GRC,dr.,27
GRC,τσιμπιδα,27
GRC,χαρτοπετσέ,27
GRC,αβ βασιλοπουλος,27
GRC,απλω,27
GRC,κορδελα,27
GRC,suri,27
GRC,virginia,27
GRC,πιτάκια,27
GRC,kotino,27
GRC,ντονατες,27
GRC,μπακ,27
GRC,wot,27
GRC,βάφλες,27
GRC,kiddo,27
GRC,gifflar,26
GRC,sponges,26
GRC,ψωμι φ,26
GRC,Λεμ,26
GRC,σιμ,26
GRC,vidal,26
GRC,sneakers,26
GRC,σακουλεδ,26
GRC,chea,26
GRC,σφουγγαρο,26
GRC,healthy habbits,26
GRC,green apple,26
GRC,λλ,26
GRC,δρ,26
GRC,marshm,26
GRC,αγαυης,26
GRC,meliss,26
GRC,creme fraiche,26
GRC,brot,26
GRC,αντιλιακα,26
GRC,pomeg,26
GRC,μπισκότα χωρίς,26
GRC,ladi,26
GRC,λευκό τυ,26
GRC,total 2%,26
GRC,ωτοκαθ,26
GRC,τυροσ,26
GRC,μύρτι,26
GRC,caprese,26
GRC,φρτ,26
GRC,babyca,26
GRC,lint,26
GRC,passa,26
GRC,πιοερ,26
GRC,white musk,26
GRC,καυτερή,26
GRC,σοκολάτα υγ,26
GRC,ωωμι,26
GRC,κοτι,26
GRC,chicken sausage,26
GRC,σαντυγ,26
GRC,παγβτα,26
GRC,Γαρίδες,26
GRC,τοπ,26
GRC,carb,26
GRC,ready meals,26
GRC,βιοαγρ,26
GRC,Toilet paper,26
GRC,Κασερι,26
GRC,καθαρισμου,26
GRC,tesa,26
GRC,μοσχαρισια,26
GRC,κινό,26
GRC,crakers,26
GRC,altera,26
GRC,πακι,26
GRC,τζελ μαλλιων,26
GRC,chickpe,26
GRC,golden v,26
GRC,craker,26
GRC,veaneger,26
GRC,ξινο ν,26
GRC,σταγονες σοκολ,26
GRC,λινγκουινι,26
GRC,wet wi,26
GRC,πρασινη σαλατα,26
GRC,ευλ,26
GRC,pellito,26
GRC,buff,26
GRC,guancale,26
GRC,ricecake,26
GRC,kitche,26
GRC,whe,26
GRC,κολιος,26
GRC,caputo,26
GRC,marga,26
GRC,Αντηλιακό,26
GRC,ας μαγειρεψουμε,26
GRC,cornflour,26
GRC,στραγαλια,26
GRC,οδοντικ,26
GRC,ακτινιδ,26
GRC,χθμο,26
GRC,junior,26
GRC,ρυζοκο,26
GRC,arka,26
GRC,orient,26
GRC,lol,26
GRC,Babylino,26
GRC,shav,26
GRC,ξινογαλο,26
GRC,σφουγγαρι σωματος,26
GRC,κρεμα καρυδας,26
GRC,σταγό,26
GRC,adoro creamy,26
GRC,αγκουρι,26
GRC,Ben & Jerry's,26
GRC,rye,26
GRC,τουαλέτας,26
GRC,flake,26
GRC,φραπυλες,26
GRC,αυγε,26
GRC,γαρυφαλ,26
GRC,pasata,26
GRC,πατατακια ριγανη,26
GRC,ρύζι γλασε,26
GRC,γιουρτια,26
GRC,melis,26
GRC,freel,26
GRC,ακρατ,26
GRC,φυτα,26
GRC,φρέσκο κρεμμ,26
GRC,ελαφροπ,26
GRC,klimex,26
GRC,διαβολα,26
GRC,Ρίγανη,26
GRC,χωρίς ζαχα,26
GRC,cappucino,26
GRC,σελινοριζα,26
GRC,terrea silver,26
GRC,κατσικίσιο γάλα,26
GRC,χαρού,26
GRC,μπάρες πρωτεΐνης,26
GRC,Γιωτης,26
GRC,bonne mam,26
GRC,hands,26
GRC,a4,26
GRC,σταγονες σοκ,26
GRC,Champion,26
GRC,κρεμας,26
GRC,Βεργίνα,26
GRC,Lime,26
GRC,γκουα,26
GRC,sauvignon,26
GRC,ταραμο,26
GRC,ολυμπι,26
GRC,αυγα βιολ,26
GRC,πατατεε,26
GRC,cocnut,26
GRC,baby lino,26
GRC,cola zer,26
GRC,κερια γενεθλιων,26
GRC,ΣΑΚΟΥΛΕΣ,26
GRC,τοστ ψωμι,26
GRC,γάν,26
GRC,κηπος,26
GRC,ψαλιδ,26
GRC,στραγγισ,26
GRC,κατεψυγμενες,26
GRC,σκουμπ,26
GRC,σαλτες,26
GRC,ριζογαλ,26
GRC,τριμενη,26
GRC,παριζά,26
GRC,σιρμα,26
GRC,Φυστικοβουτυρο,26
GRC,μεταλλικο νερο,26
GRC,γαλα εβολ,26
GRC,haig,26
GRC,tennis,26
GRC,cid,26
GRC,froz,26
GRC,ζωμό,26
GRC,period,26
GRC,shwep,26
GRC,gnocci,26
GRC,απορρυπαντικο πλυντηριου,26
GRC,gloss,26
GRC,Μαρούλι,26
GRC,popp,26
GRC,goodmood,26
GRC,healthy snacks,26
GRC,λευκη κουβερτουρα,26
GRC,margarine,26
GRC,μπαρμπαστα,26
GRC,βιοτο,26
GRC,δοχεια,26
GRC,κεμπάπ,26
GRC,ηλιοσπορ,26
GRC,ξυράφι,26
GRC,κυμι,26
GRC,water 1.5,26
GRC,m and m,26
GRC,βατονετες,26
GRC,Tea,26
GRC,τοματί,26
GRC,σελοφαν,26
GRC,Χαρτι υγειας,26
GRC,καρέ,26
GRC,epsa,26
GRC,aeroxol,26
GRC,κροκέτες,26
GRC,snit,26
GRC,αποσμητικπ,26
GRC,supersp,26
GRC,χαλκ,26
GRC,guanci,26
GRC,αμύγδ,26
GRC,chess,26
GRC,οδοντόκρ,26
GRC,μπούκλες,26
GRC,uncle be,26
GRC,ντάκ,26
GRC,sany,26
GRC,cadb,26
GRC,χιου,26
GRC,bitam,26
GRC,puzzle,26
GRC,καβο,26
GRC,καρμπονάρα,26
GRC,τσαι ροδακινο,26
GRC,Olive,26
GRC,αλαντι,26
GRC,ατζου,26
GRC,fofico,26
GRC,υγρό πιατω,26
GRC,σοσ,26
GRC,pills,26
GRC,μιας χρ,26
GRC,activis,26
GRC,κουσ,26
GRC,προσωπ,26
GRC,χυλοπιτακι,26
GRC,μαϊνταν,26
GRC,Μαϊντανό,26
GRC,rumo,26
GRC,cross,26
GRC,ρασπ,26
GRC,yes stores,26
GRC,σιτα,26
GRC,sienn,26
GRC,φια,26
GRC,φαλαφ,26
GRC,heinek,26
GRC,τσίχλ,26
GRC,yogi tea,26
GRC,αγου,26
GRC,Κρεμμυδια,26
GRC,ημι,26
GRC,τροφή γάτας,26
GRC,τροφη για,26
GRC,αντιβ,26
GRC,theon,26
GRC,jalapen,26
GRC,βιολαντ,26
GRC,vev,26
GRC,apple sauce,26
GRC,nescafe concentrate,26
GRC,λευκό κρασι,26
GRC,λεμονι χυμος,26
GRC,Ελληνικός καφες,26
GRC,des,26
GRC,ινδοκαρυ,26
GRC,παιδικά,26
GRC,καυ,26
GRC,frozen veg,26
GRC,viled,26
GRC,jus,26
GRC,πάνες ακρατειας,26
GRC,γιγ,26
GRC,lipstick,26
GRC,γάλα ολυ,26
GRC,ακρα,26
GRC,Γιαούρτια,26
GRC,misk,26
GRC,ρολο κουζ,26
GRC,βαφε,26
GRC,fire,26
GRC,ψαρτι,26
GRC,αλουμινό,26
GRC,εμμενταλ,26
GRC,γιαούρτι νουνου,26
GRC,beb,26
GRC,water small,26
GRC,ecos,26
GRC,Σφουγγαρίστρα,26
GRC,τρίφτη,26
GRC,pineap,26
GRC,samaria,26
GRC,storage,26
GRC,spla,26
GRC,κρέμα γά,26
GRC,άνηθ,26
GRC,slim fix,26
GRC,νρρο,26
GRC,σοκολατα υγ,26
GRC,σούσι,26
GRC,μπαρα δημητριακων,26
GRC,τσανο,26
GRC,ποτιρια,26
GRC,tomatoe paste,26
GRC,corn flak,26
GRC,setting spray,26
GRC,λιχουδιες,26
GRC,μελιτζάν,26
GRC,καλαμποκα,26
GRC,Ρυζο,26
GRC,ψωμι γερμανικου,26
GRC,υποσέ,26
GRC,Καρπουζι,26
GRC,5%,26
GRC,μπισκοτοκρεμα,26
GRC,στηθο,26
GRC,berill,26
GRC,σαφραν,26
GRC,μέλισσα,26
GRC,misco,26
GRC,ρουζ,26
GRC,γκυκα,26
GRC,καφές φ,26
GRC,είδη πάρτυ,26
GRC,χοντρο αλατι,26
GRC,πιπεριεσ,26
GRC,cream crac,26
GRC,καφές ελλ,26
GRC,cava,26
GRC,fea,26
GRC,Veev,26
GRC,soft coo,26
GRC,κηπουρού,26
GRC,μορταδέλα,26
GRC,kaseri,26
GRC,Ντοματα,26
GRC,Μωρομα,26
GRC,σπανακοπιτακια,26
GRC,άνιθ,26
GRC,ακρατειας,26
GRC,χλωρινγ,26
GRC,πρωιν,26
GRC,σαλάμι αερος,26
GRC,play,26
GRC,ζυμη για πιτσα,26
GRC,Bacardi,26
GRC,μαφιν,26
GRC,νρωμη,26
GRC,ναι,26
GRC,manna,26
GRC,lent,26
GRC,νες καφ,26
GRC,kidney,26
GRC,καλλυ,26
GRC,λαδόκ,26
GRC,σοκολατα ιον,26
GRC,κουτάλια,26
GRC,chicken broth,26
GRC,νουνου τυρι,26
GRC,mini bab,26
GRC,oat mil,26
GRC,τετρα,26
GRC,greek you,26
GRC,κοτοπολο,26
GRC,κοτοποθ,26
GRC,ομοσπ,26
GRC,σερβίετες,26
GRC,beetr,26
GRC,dolce gu,26
GRC,πτι φουρ,26
GRC,jame,26
GRC,vanilla milk,26
GRC,χυνο,26
GRC,Σκορδο,26
GRC,mountain,26
GRC,ποτήρια πλαστικά,26
GRC,αυγα ελευθερας,26
GRC,μπαμπ,26
GRC,desperados,26
GRC,πανα βρακακι,26
GRC,μαξιλαρι,26
GRC,μσ,26
GRC,οδοντοκρεμες,26
GRC,cole zero,26
GRC,πύραυλος,26
GRC,σοανακι,25
GRC,διατρ,25
GRC,eye patch,25
GRC,hoisin,25
GRC,cila,25
GRC,δαγκ,25
GRC,σακουλες α,25
GRC,γλαστρα,25
GRC,crunc,25
GRC,antho,25
GRC,seiffer,25
GRC,phile,25
GRC,κρεοπω,25
GRC,κουοπο,25
GRC,σακούλες απορ,25
GRC,καταψυγμενα,25
GRC,tessori,25
GRC,catis,25
GRC,Σνίτσελ,25
GRC,sang,25
GRC,σταγόνες σοκολατας,25
GRC,eggs bio,25
GRC,μοαρες,25
GRC,gelatin,25
GRC,χαχα,25
GRC,ριζοκο,25
GRC,Prosecco,25
GRC,adoro light,25
GRC,γαντια νιτριλιου,25
GRC,κροκος,25
GRC,βανιλια σκονη,25
GRC,διατρο,25
GRC,rice ca,25
GRC,aloro,25
GRC,καπνικά,25
GRC,πιπέ,25
GRC,ΚΕΦΙΡ,25
GRC,παξαμ,25
GRC,παρτ,25
GRC,αμυγδαλογαλα,25
GRC,τοματακια,25
GRC,πεπε,25
GRC,ακτινιδι,25
GRC,τσαλαφ,25
GRC,ροδάκιν,25
GRC,parboiled,25
GRC,Ρυ,25
GRC,fary,25
GRC,Frozen,25
GRC,Λουκάνικα,25
GRC,αφροα,25
GRC,κρέμα σωμα,25
GRC,καφές φιλτρου,25
GRC,νεσκ,25
GRC,σοκολατα χωρις ζαχαρη,25
GRC,δαγκωτό,25
GRC,dece,25
GRC,tomato pas,25
GRC,παγωτο vegan,25
GRC,νυχακι,25
GRC,σς,25
GRC,topin,25
GRC,Σακο,25
GRC,Ψωμ,25
GRC,parado,25
GRC,καε,25
GRC,πανιμαδια,25
GRC,zilions,25
GRC,tsano,25
GRC,χωρίς αλκοόλ,25
GRC,αρνι,25
GRC,υδροχλωρικό,25
GRC,νυμφ,25
GRC,σχολικα,25
GRC,σαβουα,25
GRC,παλιρ,25
GRC,fennel,25
GRC,τσάντες,25
GRC,gerb,25
GRC,χυμός πο,25
GRC,γαλα σοκολατουχο,25
GRC,μικροιν,25
GRC,δυόσμ,25
GRC,οδοντοπα,25
GRC,μπασματ,25
GRC,camping,25
GRC,σημ,25
GRC,πορτοκάλ,25
GRC,βουτιρ,25
GRC,ψυγείο,25
GRC,whiska,25
GRC,γυαουρτι,25
GRC,baby wi,25
GRC,rice p,25
GRC,πυρη,25
GRC,mit,25
GRC,τρικαλιν,25
GRC,cana,25
GRC,youpho,25
GRC,prode,25
GRC,Conditioner,25
GRC,μαγιονεχα,25
GRC,μαγειρικη σο,25
GRC,πλυντηριου πιατων,25
GRC,μαγια ξηρη,25
GRC,καλαμαρα,25
GRC,pesto rosso,25
GRC,μπρό,25
GRC,beckman,25
GRC,χαρτί το,25
GRC,βαφη μ,25
GRC,golde,25
GRC,icr,25
GRC,chops,25
GRC,πτο,25
GRC,bilero,25
GRC,μαλακτικη μαλλιων,25
GRC,μούχλα,25
GRC,καλτσ,25
GRC,bygon,25
GRC,σερβιεττες,25
GRC,παστα ελ,25
GRC,olive o,25
GRC,freezer,25
GRC,πασατε,25
GRC,pim,25
GRC,προσανα,25
GRC,kefalo,25
GRC,coffee filter,25
GRC,τσακιρ,25
GRC,μπάρα δημητριακών,25
GRC,makaronia,25
GRC,γάλα βρωμ,25
GRC,αλμυρ,25
GRC,mcca,25
GRC,σκουπες,25
GRC,χλωριμη,25
GRC,grapefrui,25
GRC,αντισκ,25
GRC,tony's,25
GRC,παταυες,25
GRC,κοτόουλο,25
GRC,κοτόπουλο φιλέτο,25
GRC,mini babybel,25
GRC,advance bio,25
GRC,κρέμα τυ,25
GRC,nounou gouda,25
GRC,coffee cap,25
GRC,alati,25
GRC,σοα,25
GRC,tol,25
GRC,patato,25
GRC,ροφηματα,25
GRC,φρεσκούλ,25
GRC,μπασ,25
GRC,ευβοι,25
GRC,υγρη,25
GRC,beige,25
GRC,γκρει,25
GRC,ΝΕΡ,25
GRC,ντουλαπα,25
GRC,ρω,25
GRC,pozza,25
GRC,kio,25
GRC,σουμακ,25
GRC,coppa,25
GRC,lis,25
GRC,zwa,25
GRC,ραβι,25
GRC,χαρτιν,25
GRC,do e,25
GRC,πίερια,25
GRC,γαλακτοφε,25
GRC,A4,25
GRC,frisogr,25
GRC,tequil,25
GRC,rodeo,25
GRC,κατσαριδα,25
GRC,φαρμακ,25
GRC,λά,25
GRC,ram,25
GRC,babylino 5,25
GRC,επιδόρπιο γ,25
GRC,δωρα,25
GRC,la petit,25
GRC,χαλκι,25
GRC,legi,25
GRC,πλαστικό,25
GRC,σαρδελε,25
GRC,μαρκαδορος,25
GRC,οδοντικό νήμα,25
GRC,φύλλα ρυζιου,25
GRC,green mock,25
GRC,Σπανακι,25
GRC,Καφε,25
GRC,Κέτσαπ,25
GRC,τυζο,25
GRC,got2,25
GRC,stitch,25
GRC,Χαρ,25
GRC,rolling,25
GRC,api,25
GRC,κυπριακη,25
GRC,μανταλακ,25
GRC,ΜΠΙΣΚΟΤΑ,25
GRC,αγγοθ,25
GRC,μικρ,25
GRC,iqos iluma,25
GRC,mayo light,25
GRC,ταινι,25
GRC,σιρατσα,25
GRC,χαρτθ,25
GRC,γαυρ,25
GRC,ζελε σκονη,25
GRC,καφες στιγμιαιος,25
GRC,ποτηρα,25
GRC,sweet corn,25
GRC,ae,25
GRC,rice pa,25
GRC,ben je,25
GRC,Βικος,25
GRC,μαρουλια,25
GRC,απορρυπαντικά ρούχων,25
GRC,ros,25
GRC,αεροζολ,25
GRC,Nounou,25
GRC,Μεγαλωνω,25
GRC,frozen pizza,25
GRC,Μπα,25
GRC,afroso,25
GRC,kot,25
GRC,papers,25
GRC,vite,25
GRC,fuzetea,25
GRC,Πατε,25
GRC,ομ,25
GRC,essence,25
GRC,κρέμα καρα,25
GRC,ben n jerrys,25
GRC,σαβου,25
GRC,waza,25
GRC,mik,25
GRC,chease,25
GRC,μπαλσαμι,25
GRC,καλωδ,25
GRC,anchovy,25
GRC,chocos,25
GRC,dumpl,25
GRC,reb,25
GRC,dried fruit,25
GRC,biscu,25
GRC,μπαρμπεκιου,25
GRC,εζα,25
GRC,pure,25
GRC,powerbowl,25
GRC,mira,25
GRC,σκονη πλυ,25
GRC,καγιεν,25
GRC,παη,25
GRC,χυμός μηλο,25
GRC,mocta,25
GRC,ready meal,25
GRC,porridge,25
GRC,λιμε,25
GRC,pickled,25
GRC,φυλλα ρυ,25
GRC,pharmacy,25
GRC,PLAN(,25
GRC,πατατακια φουρνου,25
GRC,αμυγδά,25
GRC,γύρο,25
GRC,μασσαλιας,25
GRC,nutte,25
GRC,ay,25
GRC,Ρυζογκοφρέτες,25
GRC,αλυερι,25
GRC,Sour,25
GRC,πεσ,25
GRC,ψοψα,25
GRC,Κρε,25
GRC,poo,25
GRC,φυτικό γαλα,25
GRC,ziploc,25
GRC,goyda,25
GRC,λεβ,25
GRC,Πεπόνι,25
GRC,ροζε κρασι,25
GRC,βαφη μα,25
GRC,papouts,25
GRC,Juice,25
GRC,καα,25
GRC,tartar,25
GRC,κριυ,25
GRC,κρητ,25
GRC,ξηροί καρ,25
GRC,color cat,25
GRC,hot d,25
GRC,φέτα light,25
GRC,γιαουρτι κατς,25
GRC,pickels,25
GRC,φρυδ,25
GRC,παροζα,25
GRC,hot dogs,25
GRC,cottafe,25
GRC,dobe,25
GRC,σακούλες τροφ,25
GRC,frap,25
GRC,τρυμμενο,25
GRC,μύρτ,25
GRC,καρπυζι,25
GRC,kostarelos,25
GRC,χοιρινη,25
GRC,ble,25
GRC,Φρυγανιες,25
GRC,harribo,25
GRC,υγρό απορρυπαντικό,25
GRC,αγουρι,25
GRC,soft drink,25
GRC,λογ,25
GRC,γιαουρυ,25
GRC,keychup,25
GRC,sheb,25
GRC,κρεμα σωματ,25
GRC,speite,25
GRC,παπαδοπούλου,25
GRC,old Holborn,25
GRC,παντοφλ,25
GRC,tenac,25
GRC,Ελιες,25
GRC,ben j,25
GRC,morfa,25
GRC,μετα,25
GRC,κατοικ,25
GRC,Μοτσαρέλα,25
GRC,spage,25
GRC,cotrage,25
GRC,ισο,25
GRC,χαλουμ,25
GRC,μπαλς,25
GRC,μπουγατ,25
GRC,core,25
GRC,σαμπουαν μαλλιων,25
GRC,ben and jer,25
GRC,ντονατα,25
GRC,γλυκό του κουταλιού,25
GRC,gy,25
GRC,camem,25
GRC,mym,25
GRC,franuu,25
GRC,ακτινίδιο,25
GRC,Κοτ,25
GRC,emm,25
GRC,garbag,25
GRC,κρες,25
GRC,καρμπο,25
GRC,grani,25
GRC,ψαροκροκέτες,25
GRC,ΓΙΩΤΗΣ,24
GRC,cube,24
GRC,σοκοκατα,24
GRC,καφες ελλη,24
GRC,Arizona,24
GRC,sweet potat,24
GRC,καιμα,24
GRC,cucamber,24
GRC,dixa,24
GRC,tomato sau,24
GRC,pyrox,24
GRC,γιαουρτι protein,24
GRC,camomile,24
GRC,γαλιπουλα,24
GRC,liposa,24
GRC,κατσέ,24
GRC,μπαρεσ,24
GRC,puri,24
GRC,μοτσι,24
GRC,αραβική πίτα,24
GRC,τροφη για γατες,24
GRC,gaia,24
GRC,πατατς,24
GRC,burrito,24
GRC,γααλ,24
GRC,Καρ,24
GRC,tery,24
GRC,Σαπουνι,24
GRC,γιαυρ,24
GRC,7d,24
GRC,Τσι,24
GRC,μακαρονακι,24
GRC,light cheese,24
GRC,παγωτο οικογενειακο,24
GRC,βοειο,24
GRC,τόνικ,24
GRC,Καλαμακια,24
GRC,ξυρισμ,24
GRC,peo,24
GRC,set,24
GRC,τεστ εγκ,24
GRC,ζαχαροπλ,24
GRC,μαλακτικό ρου,24
GRC,washing up liquid,24
GRC,parsle,24
GRC,noddles,24
GRC,ευζ,24
GRC,τσαο,24
GRC,Blue,24
GRC,Μήλα,24
GRC,κολονια,24
GRC,rice basmati,24
GRC,expire,24
GRC,σπυρωτη,24
GRC,nappies,24
GRC,ice tea peach,24
GRC,soon2,24
GRC,pueblo,24
GRC,corian,24
GRC,papi,24
GRC,μυλοι,24
GRC,λουκουμια,24
GRC,ρυζι μπονετ,24
GRC,μιμ,24
GRC,καθαριστικο πλ,24
GRC,γάτας,24
GRC,λακτα,24
GRC,sklav,24
GRC,μπουρα,24
GRC,κρύο,24
GRC,βιταμιν,24
GRC,picke,24
GRC,κυπρι,24
GRC,coriand,24
GRC,duba,24
GRC,αφροδ,24
GRC,πάρτυ,24
GRC,εντομοαπωθ,24
GRC,shr,24
GRC,auga,24
GRC,food bag,24
GRC,snack pot,24
GRC,lamp,24
GRC,zar,24
GRC,tomato sause,24
GRC,sprite z,24
GRC,βαφές μαλλιών,24
GRC,ran,24
GRC,λουκουμαδες,24
GRC,αλκοολου,24
GRC,wellaflex,24
GRC,club soda,24
GRC,oul,24
GRC,ντοματαδα,24
GRC,τροφες,24
GRC,φιλετο κοτο,24
GRC,εβλ,24
GRC,πλας,24
GRC,ψάρ,24
GRC,τζιφ,24
GRC,ανεμιστήρα,24
GRC,γάλα χωρ,24
GRC,στιγμιαίος καφές,24
GRC,ξηροί καρπο,24
GRC,κρεμα γαλαξτος,24
GRC,Apple,24
GRC,γαλα βιολο,24
GRC,chutn,24
GRC,οκ,24
GRC,μάνα,24
GRC,rice cracker,24
GRC,mart,24
GRC,ρύζι Καρολίνα,24
GRC,moisturizer,24
GRC,αρωματικό χωρου,24
GRC,μπέικ,24
GRC,ψητο κοτοπουλο,24
GRC,κοντο,24
GRC,φαγητό,24
GRC,του τόπου μας,24
GRC,σακουλακια τροφιμων,24
GRC,σαγκ,24
GRC,3alfa,24
GRC,coke cola,24
GRC,purple shampoo,24
GRC,τσακίρης,24
GRC,aseton,24
GRC,way,24
GRC,kimder,24
GRC,κόκκινη πιπεριά,24
GRC,κκ,24
GRC,καραμελωμ,24
GRC,βατομου,24
GRC,baby p,24
GRC,coca ze,24
GRC,οτο,24
GRC,fresko,24
GRC,septoma,24
GRC,lea,24
GRC,sunflower seeds,24
GRC,αφρολοθ,24
GRC,πινσα,24
GRC,croisant,24
GRC,philadephia,24
GRC,aft,24
GRC,princ,24
GRC,hair conditioner,24
GRC,pecorin,24
GRC,ζαχαρη λευκη,24
GRC,γαλοπουλο,24
GRC,sporos,24
GRC,αφροκου,24
GRC,sanila,24
GRC,meatball,24
GRC,garlic bread,24
GRC,my love,24
GRC,NOMA,24
GRC,διπλ,24
GRC,κουβερτουρα στεβια,24
GRC,γκαζο,24
GRC,μαρμελάδα φράουλα,24
GRC,γαντια κουζινας,24
GRC,air freshener,24
GRC,σκα,24
GRC,λουλο,24
GRC,cucm,24
GRC,latex,24
GRC,νυχοκοπτη,24
GRC,λαβδας,24
GRC,βιδ,24
GRC,τριμμένη ντομάτα,24
GRC,jar,24
GRC,νητσιακος,24
GRC,πλυσιμο στο χερι,24
GRC,μπαμα,24
GRC,γιαούρτι φαγε,24
GRC,αμυγδαλοβούτυρο,24
GRC,homey,24
GRC,καλσόν,24
GRC,antiseptic,24
GRC,sauces,24
GRC,γιαουρτια παιδικα,24
GRC,διπλοζ,24
GRC,after sha,24
GRC,ξανθ,24
GRC,ketsap,24
GRC,τριβε,24
GRC,dark choco,24
GRC,tomato sa,24
GRC,μυζηθρ,24
GRC,αλοιφή,24
GRC,τυρί για,24
GRC,κιτρινο τυρι,24
GRC,ραβ,24
GRC,διαβολάκος,24
GRC,12αδα,24
GRC,Toothpaste,24
GRC,tal,24
GRC,port,24
GRC,ξηρή,24
GRC,finn crisp,24
GRC,για τα πιατα,24
GRC,γάλα εβαπο,24
GRC,τυει,24
GRC,σωλομο,24
GRC,φρεσκο κρ,24
GRC,κρουασά,24
GRC,γλυκό του,24
GRC,μπεικιν παουντερ,24
GRC,κουβέρτα,24
GRC,kozel,24
GRC,grey,24
GRC,washing liquid,24
GRC,pepa,24
GRC,lentil chips,24
GRC,γακ,24
GRC,κρεμα γαλακτοα,24
GRC,αλευρι για πιτσα,24
GRC,tobasco,24
GRC,fillet,24
GRC,χαρτί τουαλ,24
GRC,γλαρος,24
GRC,ταπα,24
GRC,φασολά,24
GRC,4 τυρια,24
GRC,στικς,24
GRC,shredded,24
GRC,ρουχω,24
GRC,τος,24
GRC,δαμασκη,24
GRC,hairbrush,24
GRC,σοκολατακι,24
GRC,μωρό μαντίλα,24
GRC,pomegr,24
GRC,ion protein,24
GRC,πολυδημη,24
GRC,γεμι,24
GRC,θήκη,24
GRC,planet παγω,24
GRC,veal,24
GRC,Φιστικοβούτυρο,24
GRC,δενδρολ,24
GRC,airfry,24
GRC,σφουγκαριστρα,24
GRC,σοφια,24
GRC,squash,24
GRC,ξύστρα,24
GRC,φαγητ,24
GRC,ξεβαφτικα,24
GRC,monoker,24
GRC,αφροκο,24
GRC,καθαριστικό πλυντηρίου,24
GRC,coin,24
GRC,Γιαουρτια,24
GRC,Davidoff,24
GRC,Σαλ,24
GRC,ll,24
GRC,AA,24
GRC,γατοτροφή,24
GRC,Χυμ,24
GRC,worl,24
GRC,χουρμά,24
GRC,patata,24
GRC,barr,24
GRC,πλύσιμο,24
GRC,Γραβιέρα,24
GRC,golden vir,24
GRC,ενυ,24
GRC,κεμπα,24
GRC,γιαούρτι total,24
GRC,deterge,24
GRC,πασατεμπο,24
GRC,nico,24
GRC,vikos cola,24
GRC,bandaid,24
GRC,αγκι,24
GRC,coffee mate,24
GRC,pumpkin seeds,24
GRC,Οδοντοκρεμα,24
GRC,cofe,24
GRC,pass,24
GRC,δημητρικα,24
GRC,γερμανι,24
GRC,mint tea,24
GRC,cia,24
GRC,αλειμ,24
GRC,sauer,24
GRC,μικ,24
GRC,dia,24
GRC,ψωμι του το,24
GRC,minerva,24
GRC,ρολό κ,24
GRC,τοστιερα,24
GRC,ελαφρόπετρα,24
GRC,ΧΑΡΤΙ ΥΓΕΙΑΣ,24
GRC,φυτικο ροφημα,24
GRC,πελτέ ντομάτας,24
GRC,nucr,24
GRC,κσ,24
GRC,Popcorn,24
GRC,peanut bu,24
GRC,spicy mayo,24
GRC,κροκ,24
GRC,dry sa,24
GRC,arla prot,24
GRC,ariani,24
GRC,λιμ,24
GRC,avocado oil,24
GRC,κρεμες σωματος,24
GRC,αποχ,24
GRC,τσιμπιδακια,24
GRC,ταραμοσαλατα,24
GRC,αφε,24
GRC,μείγμα για,24
GRC,Χυ,24
GRC,waterwi,24
GRC,swepes,24
GRC,dem,24
GRC,Αποσμ,24
GRC,νερο θεωνη,24
GRC,condon,24
GRC,σερβιρ,24
GRC,πιπερια κοκκινη,24
GRC,φαρμα ελασσονας,24
GRC,naughty dogs,24
GRC,γαριφαλλο,24
GRC,παωωτο,24
GRC,ευαισθ,24
GRC,paper towe,24
GRC,αυγς,24
GRC,Burger,24
GRC,Delia,24
GRC,sliced bread,24
GRC,Dr,24
GRC,λευκαντι,24
GRC,τεκιλ,24
GRC,black p,24
GRC,σουτ,24
GRC,specul,24
GRC,Πιπερι,24
GRC,pod,24
GRC,μπες,24
GRC,δερ,24
GRC,εσώρουχα,24
GRC,swim pants,24
GRC,lollipop,24
GRC,fir,24
GRC,conde,24
GRC,χωριαν,24
GRC,fish sti,24
GRC,popsicle,24
GRC,porca,24
GRC,γκαζακ,24
GRC,ζάχαρη καστανή,24
GRC,rivo,24
GRC,Haagen,24
GRC,lacto free,24
GRC,γαλα κουκακη,24
GRC,στήθος κοτόπουλου,24
GRC,προζυμο,24
GRC,mammos,24
GRC,holborn,24
GRC,φακής,24
GRC,squi,24
GRC,κασεροπιτα,24
GRC,espresso concentrate,24
GRC,monter,24
GRC,ολική,24
GRC,pti,24
GRC,θαλασσινά,24
GRC,bus,24
GRC,oho,24
GRC,chocolate dark,24
GRC,parmegiano,24
GRC,dish wash,24
GRC,μπαρμπασ,24
GRC,μανταλάκι,24
GRC,τονοσαλάτα,24
GRC,dental floss,24
GRC,καλαθακι,24
GRC,baby oi,24
GRC,γεωργικη,24
GRC,μηλοπ,24
GRC,chock,24
GRC,lucozade,24
GRC,mitsik,24
GRC,fresk,24
GRC,αποξηραμενα φρουτα,24
GRC,νπ,23
GRC,agrini,23
GRC,καθαρο,23
GRC,Chia,23
GRC,ρυζι καρ,23
GRC,Σαλάτες,23
GRC,κοθ,23
GRC,double cream,23
GRC,σαλτσα πιτσα,23
GRC,las,23
GRC,soko,23
GRC,Ρυζογκο,23
GRC,σερω,23
GRC,γάλα β,23
GRC,σελια,23
GRC,γάλα ε,23
GRC,πον πον,23
GRC,μεζούρα,23
GRC,ανθοτυρος,23
GRC,Ζαγορι,23
GRC,χαν,23
GRC,baris,23
GRC,water sparkling,23
GRC,έτοιμα φαγητα,23
GRC,lip liner,23
GRC,dimel,23
GRC,απορρυπαντικο πι,23
GRC,pimple patches,23
GRC,pregnancy test,23
GRC,nur,23
GRC,γαλα φρε,23
GRC,βος,23
GRC,bufala,23
GRC,hot pepper,23
GRC,protein ba,23
GRC,ψωμι φετες,23
GRC,παιδικο γιαουρτι,23
GRC,egberts,23
GRC,ποπκ,23
GRC,pall,23
GRC,γαλλ,23
GRC,quack,23
GRC,γαλα βρώμης,23
GRC,τθρ,23
GRC,keik,23
GRC,κηπου,23
GRC,Φαγε,23
GRC,χουρμαδ,23
GRC,πράσινο σαπούνι,23
GRC,pampers 3,23
GRC,cottages,23
GRC,ΨΩΜΙ,23
GRC,μακαρομια,23
GRC,poly bag,23
GRC,almond mil,23
GRC,τσίκι,23
GRC,wc block,23
GRC,καφρ,23
GRC,riso,23
GRC,breadsticks,23
GRC,σερβε,23
GRC,palo,23
GRC,νες κ,23
GRC,fix ανευ,23
GRC,giaourti,23
GRC,γιαουρτι κουκακη,23
GRC,gato,23
GRC,Salt,23
GRC,ευζογαλο,23
GRC,avicado,23
GRC,philadelf,23
GRC,harino,23
GRC,αμπε,23
GRC,ground coffee,23
GRC,ρύζι basmati,23
GRC,σιταρι,23
GRC,καψπυλες,23
GRC,Noma,23
GRC,χρυ,23
GRC,no s,23
GRC,shake,23
GRC,ευλογη,23
GRC,tori,23
GRC,caoto,23
GRC,αζ,23
GRC,τοματοπολτό,23
GRC,σιδερωστρα,23
GRC,map,23
GRC,ταλαγα,23
GRC,maltese,23
GRC,τονοσαλ,23
GRC,σαμπουαν παιδικο,23
GRC,ζυμες,23
GRC,ρίγα,23
GRC,εκχυλι,23
GRC,gordon blue,23
GRC,πολυπριζο,23
GRC,λεβα,23
GRC,swifger,23
GRC,gyro,23
GRC,Σο,23
GRC,Πιπεριά,23
GRC,καρου,23
GRC,pharmasept,23
GRC,bor,23
GRC,shoe,23
GRC,δεντ,23
GRC,μύθος,23
GRC,αστ,23
GRC,ταινίες,23
GRC,χαετ,23
GRC,Garlic,23
GRC,μοτσαρελα τυρι,23
GRC,parmesana,23
GRC,lettuc,23
GRC,ρυζι για γεμιστα,23
GRC,ταμπασκο,23
GRC,magic double,23
GRC,ψωμί χωρίς,23
GRC,βαρακια,23
GRC,λαδι μαλλ,23
GRC,gui,23
GRC,λεμοναδες,23
GRC,κπ,23
GRC,Αφρο,23
GRC,τετραδια,23
GRC,τριχες,23
GRC,μαιντανό,23
GRC,νισεστε,23
GRC,βιδε,23
GRC,cur,23
GRC,κεμονια,23
GRC,oil spray,23
GRC,becon,23
GRC,χρυς,23
GRC,πιπερια φλωρινης,23
GRC,Μπιφτέκια,23
GRC,παγωτο oreo,23
GRC,osh,23
GRC,αποξηρα,23
GRC,χώμα,23
GRC,ανταλλακτικά,23
GRC,Απορ,23
GRC,san pele,23
GRC,krem,23
GRC,χαρτοπετσετα,23
GRC,oregan,23
GRC,κατί,23
GRC,7da,23
GRC,honey rings,23
GRC,dij,23
GRC,nescafe conce,23
GRC,χυμος πορτοκ,23
GRC,μεβγάλ,23
GRC,ξινονερ,23
GRC,σοκοφρετακια,23
GRC,σκονη σκορδ,23
GRC,Χαρτομάντιλα,23
GRC,μαλλιών,23
GRC,γιγας,23
GRC,pumper,23
GRC,men expert,23
GRC,medicu,23
GRC,ημιγλ,23
GRC,Alfa,23
GRC,αυφα,23
GRC,cockt,23
GRC,γκυκο,23
GRC,ryzi,23
GRC,ρεγγ,23
GRC,χωρίς λακτο,23
GRC,χαρτι υγειαα,23
GRC,οδοντοβουρτσα μαλακη,23
GRC,skincare,23
GRC,stro,23
GRC,αλεύρι αμυγδάλου,23
GRC,smar,23
GRC,απορρυπαντικο π,23
GRC,ση,23
GRC,old hold,23
GRC,ροφημα αμ,23
GRC,golden virg,23
GRC,Φυστικο,23
GRC,πίπεριες,23
GRC,μολυ,23
GRC,Milko,23
GRC,φιλτρακ,23
GRC,bluberries,23
GRC,Listerine,23
GRC,κοκακο,23
GRC,πουτί,23
GRC,οινό,23
GRC,φρουτοσαλα,23
GRC,στριφτ,23
GRC,bad,23
GRC,κρεοπωλεία,23
GRC,σαπούνι χ,23
GRC,eggpl,23
GRC,sour pa,23
GRC,croissants,23
GRC,λαδόκο,23
GRC,αγγπυ,23
GRC,jog,23
GRC,pariza,23
GRC,χυμος βυσσινο,23
GRC,ταξιδι,23
GRC,beckmann,23
GRC,skit,23
GRC,χρωμό,23
GRC,bites,23
GRC,tarama,23
GRC,ελεις,23
GRC,anchov,23
GRC,μπλου,23
GRC,σαπούν,23
GRC,ντακακια,23
GRC,οδοντοβουρτσ,23
GRC,γιαούρτι παιδικό,23
GRC,joseon,23
GRC,parodontax,23
GRC,stol,23
GRC,ρεβύ,23
GRC,ευα,23
GRC,παστιλιες,23
GRC,quac,23
GRC,no suga,23
GRC,aleays,23
GRC,φάρμα Ελασσόνας,23
GRC,ινδοκαρ,23
GRC,beach towel,23
GRC,mini burger,23
GRC,electric,23
GRC,pill,23
GRC,Μακαρ,23
GRC,chipi,23
GRC,Sugar,23
GRC,βραστηρας,23
GRC,cool tea,23
GRC,τυρι τρυ,23
GRC,ψοψ,23
GRC,μακατονια,23
GRC,teryaki,23
GRC,καιμακ,23
GRC,gon,23
GRC,αγκιν,23
GRC,μπαρες δημητρ,23
GRC,τρυμμ,23
GRC,πυρηνε,23
GRC,roku,23
GRC,galopoula,23
GRC,Tony,23
GRC,χωρις γλουτε,23
GRC,tsoureki,23
GRC,Χρυσή ζύμη,23
GRC,βουτηρπ,23
GRC,Αλατι,23
GRC,whole chicken,23
GRC,βλεφαριδες,23
GRC,γευση,23
GRC,ψιλι,23
GRC,κρασί λευκο,23
GRC,αγγουρά,23
GRC,Merenda,23
GRC,fresh bread,23
GRC,αβ βα,23
GRC,planey,23
GRC,pae,23
GRC,brus,23
GRC,ye,23
GRC,αλλαντικο,23
GRC,my planet,23
GRC,spaggeti,23
GRC,wheat,23
GRC,αφρολουτρο παιδικο,23
GRC,ρυζι καρολ,23
GRC,caps,23
GRC,σμ,23
GRC,yfantis,23
GRC,wine rose,23
GRC,κυπ,23
GRC,strips,23
GRC,χτα,23
GRC,σπιρτα,23
GRC,nutri va,23
GRC,λαμπρυ,23
GRC,maille,23
GRC,σαντυγη,23
GRC,αποσμητικά,23
GRC,dr bec,23
GRC,γαμ,23
GRC,σωσ,23
GRC,skip σκονη,23
GRC,ζάχαρη αχνη,23
GRC,gift bag,23
GRC,ακου,23
GRC,Κρεμοσαπουνο,23
GRC,high prot,23
GRC,στριφτο,23
GRC,φαριν απ,23
GRC,κρέμα γαλακτο,23
GRC,strawberry jam,23
GRC,elepha,23
GRC,snea,23
GRC,πρετσελ,23
GRC,dump,23
GRC,μωτ,23
GRC,συμ,23
GRC,ψωμί του τ,23
GRC,οδοντοβουρτσα παιδικη,23
GRC,chocolate drops,23
GRC,ει,23
GRC,χωρίς λ,23
GRC,απορρυπαντικο πια,23
GRC,molt,23
GRC,magic παγωτο,23
GRC,φουσκωτα,23
GRC,baby pot,23
GRC,υποστρωμα,23
GRC,οαγ,23
GRC,φράο,23
GRC,κομποστ,23
GRC,κρεατικα,23
GRC,ροδονερο,23
GRC,φόρμες,23
GRC,ρολά,23
GRC,lemonad,23
GRC,οσπ,23
GRC,αγριο ρυζι,23
GRC,κάψουλ,23
GRC,τσιλ,23
GRC,sani lady,23
GRC,dra,23
GRC,κολοκύ,23
GRC,mohi,23
GRC,roc,23
GRC,γυαλιά,23
GRC,αδ,23
GRC,rufles,23
GRC,τυρι για μακαρονια,23
GRC,pres,23
GRC,κρεμμυδακ,23
GRC,μακαρόνια ολικης,23
GRC,φυσικ,23
GRC,αποξηραμ,23
GRC,buter,23
GRC,saffron,23
GRC,γιαούρτι κρι κρι,23
GRC,καρδαμο,23
GRC,μωρομάντη,23
GRC,air fresh,23
GRC,μωρον,23
GRC,the be,23
GRC,χυμός λεμονι,23
GRC,coca cola 500,23
GRC,γκυ,23
GRC,duc,23
GRC,beeb,23
GRC,πιγκάλ,23
GRC,φιστίκια,23
GRC,coca z,23
GRC,wet w,23
GRC,garo,23
GRC,οσο,23
GRC,ανεφ,23
GRC,dye,23
GRC,σούπερ,23
GRC,korn,23
GRC,ξινομυζηθρα,23
GRC,βιοτ,23
GRC,hy,23
GRC,pagos,23
GRC,ζαχαρη μαυρη,23
GRC,πατατες κατεψυγμενες,23
GRC,αγγιναρες,23
GRC,skip wonder,23
GRC,pet city,23
GRC,ξεβαφτικ,23
GRC,λιπαντ,23
GRC,den,23
GRC,ντινκελ,23
GRC,Sushi,23
GRC,φινοκιο,23
GRC,λίμα,23
GRC,drin,23
GRC,συσκευη,23
GRC,ιολη,23
GRC,mascarpo,23
GRC,sweepes,23
GRC,fissan,23
GRC,ντοματοπο,23
GRC,κεμονι,23
GRC,sla,23
GRC,farin,23
GRC,αρτοπουλος,23
GRC,olympo,23
GRC,κουρκο,23
GRC,Δάφνη,23
GRC,Cotta,23
GRC,thermos,23
GRC,ψαρον,23
GRC,ελληνικος κα,23
GRC,leave in conditioner,23
GRC,μοσχαρισιο,23
GRC,brazi,23
GRC,chupa chups,23
GRC,ciff,23
GRC,rice cak,23
GRC,φασόλ,23
GRC,linguin,23
GRC,Κοτομπουκιές,23
GRC,κερακια γενεθλιων,23
GRC,φιστικο,23
GRC,πεγος,23
GRC,Pillsbury,23
GRC,brown bread,23
GRC,vegan ice,23
GRC,χυμός ντ,23
GRC,prima,23
GRC,clor,23
GRC,Ποτήρια,23
GRC,ριζογκοφρε,23
GRC,arizon,23
GRC,Φρυγανιά,23
GRC,capta,23
GRC,citr,23
GRC,γκαζι,23
GRC,κοτοπουλα,23
GRC,Fage,23
GRC,Θράκης,23
GRC,σκόνη πλ,23
GRC,τυρι κιτρινο,23
GRC,venu,23
GRC,berrie,23
GRC,lady fingers,23
GRC,zuegg,23
GRC,λεμονατο,23
GRC,fal,23
GRC,αχαξ,22
GRC,super s,22
GRC,ελευθερας,22
GRC,on the go,22
GRC,σαπούνι π,22
GRC,καφέδες,22
GRC,μαμμος,22
GRC,ξυνομ,22
GRC,msg,22
GRC,togurt,22
GRC,apri,22
GRC,μπαρμα,22
GRC,οικογε,22
GRC,amste,22
GRC,δακουλες,22
GRC,Οδοντο,22
GRC,garbage ba,22
GRC,toothpick,22
GRC,βαλιτσα,22
GRC,crispbread,22
GRC,micr,22
GRC,καρολιν,22
GRC,Χαρτί υγειας,22
GRC,γάλα ελαφρύ,22
GRC,Παπαδόπουλο,22
GRC,pom po,22
GRC,φακιες,22
GRC,ποτή,22
GRC,pretze,22
GRC,κατσαπ,22
GRC,τσίχ,22
GRC,Bueno,22
GRC,φρυγανιέ,22
GRC,air f,22
GRC,solt,22
GRC,κρασι ημιγλυκο,22
GRC,Χαρτί κουζινας,22
GRC,μαα,22
GRC,ΚΑΦΕΣ,22
GRC,χυμπ,22
GRC,ρικ,22
GRC,αλάτι πλ,22
GRC,sissini,22
GRC,er,22
GRC,ζελο,22
GRC,vache,22
GRC,Φρυγα,22
GRC,ice bag,22
GRC,maka,22
GRC,χυμός λεμ,22
GRC,χαρτικ,22
GRC,cooler,22
GRC,σακουλες μπανιου,22
GRC,Γλυκοπατάτες,22
GRC,πρασινο μηλο,22
GRC,ρυζι καρο,22
GRC,τυρι νουνου,22
GRC,πιγκ,22
GRC,λευκαντικ,22
GRC,the bee bro,22
GRC,Χα,22
GRC,βερίκοκο,22
GRC,γιαούρτι χ,22
GRC,Απο,22
GRC,bond repair,22
GRC,farfalle,22
GRC,beer 0,22
GRC,χαε,22
GRC,αξιαγα,22
GRC,lemonades,22
GRC,σερβιετεσ,22
GRC,colou,22
GRC,Ρόκα,22
GRC,Coconut,22
GRC,swife,22
GRC,Βιταμ,22
GRC,λενο,22
GRC,μιτς,22
GRC,chin,22
GRC,vette,22
GRC,movenp,22
GRC,cerial,22
GRC,dishwa,22
GRC,Φιλαδέλφειας,22
GRC,ζελοτειπ,22
GRC,βιολογικές,22
GRC,nect,22
GRC,pomade,22
GRC,baking so,22
GRC,πλευρω,22
GRC,χαρτινα πιατα,22
GRC,10,22
GRC,γαύρος,22
GRC,γυαλ,22
GRC,αντικολλητικό χαρτί,22
GRC,cigarett,22
GRC,γαλα χωρίς λακτόζη,22
GRC,μορομ,22
GRC,intimate,22
GRC,κακαο σκονη,22
GRC,kanela,22
GRC,γαλα παιδικο,22
GRC,Απορρυπαντικά,22
GRC,πολυσπο,22
GRC,bene,22
GRC,γλουτ,22
GRC,Cornetto,22
GRC,Τοματινια,22
GRC,tara,22
GRC,duster,22
GRC,μασκα μα,22
GRC,καθαριστικό πα,22
GRC,dust,22
GRC,giotis,22
GRC,τριγωνάκια,22
GRC,λεβετη,22
GRC,Pro,22
GRC,βενζινη,22
GRC,γαλα σ,22
GRC,χωρις λακτοζ,22
GRC,flora,22
GRC,light τυρι,22
GRC,τυρι κατσικισιο,22
GRC,ανθότ,22
GRC,Πιπερ,22
GRC,βλη,22
GRC,στιγμιαιος καφες,22
GRC,Greek,22
GRC,ταλ,22
GRC,ψωμι ολ,22
GRC,koleston,22
GRC,γαλα bio,22
GRC,υγρο για,22
GRC,αρο,22
GRC,Κρεμμ,22
GRC,pilsb,22
GRC,τοματακι,22
GRC,κετο,22
GRC,γιαουρτι σογιας,22
GRC,ντοματα κονκασε,22
GRC,bitter lemon,22
GRC,jerr,22
GRC,φιο,22
GRC,avac,22
GRC,κυπρια,22
GRC,bolog,22
GRC,βοθτυρο,22
GRC,vel,22
GRC,baby wip,22
GRC,mesca,22
GRC,pampers pre,22
GRC,cheese spread,22
GRC,Ποπ,22
GRC,nounou light,22
GRC,Pummaro,22
GRC,πασατ,22
GRC,χυμός πορτοκαλιού,22
GRC,kon,22
GRC,κορε,22
GRC,λευκαντ,22
GRC,τηγ,22
GRC,γου,22
GRC,το μα,22
GRC,Σακουλ,22
GRC,στραγγιστο γιαουρτι,22
GRC,fabul,22
GRC,vitamin water,22
GRC,minecraft,22
GRC,κουα,22
GRC,coca vola,22
GRC,προτη,22
GRC,λαβράκι,22
GRC,cookie crisp,22
GRC,cara,22
GRC,Σακούλες σκουπιδιών,22
GRC,cayenne,22
GRC,ποντίκι,22
GRC,tortelini,22
GRC,πουρι,22
GRC,moods,22
GRC,γαλα βανιλια,22
GRC,orz,22
GRC,μύδια,22
GRC,κτημα,22
GRC,carrot juice,22
GRC,κορπ,22
GRC,ρενε,22
GRC,pun,22
GRC,φτυγανιες,22
GRC,soyade,22
GRC,αφρολουτο,22
GRC,σακτσα,22
GRC,gren,22
GRC,καπνιστος σολωμος,22
GRC,syrah,22
GRC,Πάριζα,22
GRC,foudounia,22
GRC,πινατς,22
GRC,πουηρια,22
GRC,coffee way,22
GRC,iogurt,22
GRC,στομα,22
GRC,baby o,22
GRC,some,22
GRC,ψωμί τοστ ολικής,22
GRC,αμιτ,22
GRC,γιαουρτι χωρις λα,22
GRC,σακπυλες,22
GRC,νερό 500,22
GRC,dimell,22
GRC,χωρίς γλ,22
GRC,home,22
GRC,κέι,22
GRC,arizo,22
GRC,krasi,22
GRC,αφρολοθτρο,22
GRC,biod,22
GRC,σπογγοπετσετα,22
GRC,oat mi,22
GRC,sparking water,22
GRC,νυχοκοπ,22
GRC,μελεκουνι,22
GRC,λουκουμα,22
GRC,υγρά μαντ,22
GRC,fresh pasta,22
GRC,brocco,22
GRC,nature va,22
GRC,sparkling w,22
GRC,χαμπον,22
GRC,καρυδοψιχα,22
GRC,3bi,22
GRC,noud,22
GRC,φορτιστ,22
GRC,sisinni,22
GRC,sunsc,22
GRC,πλαστελ,22
GRC,suplin,22
GRC,sweet pota,22
GRC,δαγκω,22
GRC,razer,22
GRC,picle,22
GRC,oat m,22
GRC,pummari,22
GRC,coleslaw,22
GRC,baby w,22
GRC,πς,22
GRC,απιονισ,22
GRC,detr,22
GRC,bazaar,22
GRC,espresso αλεσμενος,22
GRC,Κάμπος,22
GRC,νερο ζαγορι,22
GRC,dry sampoo,22
GRC,πορτοκαλά,22
GRC,γλασέ,22
GRC,σεικ,22
GRC,ψομ,22
GRC,γάλα 0,22
GRC,νιφ,22
GRC,mountain tea,22
GRC,στυλ,22
GRC,kinder egg,22
GRC,βιοαγ,22
GRC,μιτσικελ,22
GRC,δενδρολίβανο,22
GRC,σόβολος,22
GRC,τσουρέ,22
GRC,σταγονες σ,22
GRC,sne,22
GRC,καθαριστικο μπανιου,22
GRC,καμπο,22
GRC,toilet pape,22
GRC,mountain dew,22
GRC,Τριμμένο,22
GRC,ψωμί χωρίς γλουτένη,22
GRC,σκουμπρ,22
GRC,μπλο,22
GRC,κοκαλ,22
GRC,mine,22
GRC,Tuna,22
GRC,αγκο,22
GRC,cotton pad,22
GRC,σελοτ,22
GRC,pet food,22
GRC,καθαριστικό προσώπου,22
GRC,no sug,22
GRC,δισκο,22
GRC,σσ,22
GRC,cele,22
GRC,siga,22
GRC,φιλτρακι,22
GRC,παγωτό χωρις,22
GRC,chili oil,22
GRC,πιπέρ,22
GRC,ive cream,22
GRC,φετσ,22
GRC,bluberry,22
GRC,shrim,22
GRC,λουκουμάδες,22
GRC,κρέμα ζαχαροπλαστικής,22
GRC,λασι,22
GRC,καβούρι,22
GRC,γιαουρτι χωρ,22
GRC,παυατες,22
GRC,afters,22
GRC,τυροβουτιες,22
GRC,παριζακ,22
GRC,ξηρή μαγια,22
GRC,τιρα,22
GRC,καψουλες πλυ,22
GRC,pop b,22
GRC,παπατ,22
GRC,νερο καρ,22
GRC,Νεκταρίνια,22
GRC,Αν,22
GRC,μοι,22
GRC,καφες καψ,22
GRC,thousand,22
GRC,pouches,22
GRC,sneaker,22
GRC,χτυπητη,22
GRC,αρνί,22
GRC,crout,22
GRC,hallou,22
GRC,fouan,22
GRC,bount,22
GRC,backpack,22
GRC,capsu,22
GRC,ακρατεια,22
GRC,hata,22
GRC,Corn,22
GRC,boos,22
GRC,ομοσπον,22
GRC,nuc,22
GRC,γαριφα,22
GRC,ψυχα,22
GRC,corn flower,22
GRC,οδοντόβο,22
GRC,αμυλο,22
GRC,ηα,22
GRC,voca,22
GRC,ζελατιν,22
GRC,elviart,22
GRC,ρυζοκοφρετες,22
GRC,λιασ,22
GRC,moist,22
GRC,lact free,22
GRC,small,22
GRC,melatonin,22
GRC,πανες α,22
GRC,ελειες,22
GRC,cum,22
GRC,vidka,22
GRC,γαλα ζαχαρουχο,22
GRC,Καλαμάκια,22
GRC,αυη,22
GRC,ζιφ,22
GRC,citronella,22
GRC,klinez,22
GRC,pizza dough,22
GRC,sove,22
GRC,τομος,22
GRC,αντικουνουπικά,22
GRC,healthy snack,22
GRC,viaca,22
GRC,ΞΥΔΙ,22
GRC,kitc,22
GRC,cocu,22
GRC,Ben and jerry,22
GRC,babib,22
GRC,σωλομ,22
GRC,ultra,22
GRC,Ion,22
GRC,kitka,22
GRC,nescafe es,22
GRC,χαρτι κπυζινας,22
GRC,αφροσ,22
GRC,κύ,22
GRC,ξυδι ρυζιου,22
GRC,pimpl,22
GRC,pra,22
GRC,ζελατινα,22
GRC,φαγο,22
GRC,καριτα,22
GRC,μουσακας,22
GRC,κρεμα γαλακτοσ,22
GRC,Cott,22
GRC,coke z,22
GRC,cali,22
GRC,orega,22
GRC,θερμό,22
GRC,Orange juice,22
GRC,γαλλικ,22
GRC,κολοκυθοσπ,22
GRC,sourdo,22
GRC,hellmanns,22
GRC,σαρδέλ,22
GRC,lr,22
GRC,greek yogu,22
GRC,glad,22
GRC,αξιαγά,22
GRC,κριυασαν,22
GRC,vib,22
GRC,got2b,22
GRC,holy ginger,22
GRC,παγωτό planet,22
GRC,αλάτι χοντρό,22
GRC,υγρομαντ,22
GRC,σακουλεα,22
GRC,ξυλιν,22
GRC,oat drink,22
GRC,pero,22
GRC,χαρτιά υγειας,22
GRC,Ροδάκινα,22
GRC,odd,22
GRC,sab,22
GRC,κν,22
GRC,ρυζι μπα,21
GRC,gator,21
GRC,καφές φι,21
GRC,μει,21
GRC,dove whole body,21
GRC,βουτθρο,21
GRC,emme,21
GRC,cheerio,21
GRC,nescafe esp,21
GRC,σφουγγαριστα,21
GRC,gli,21
GRC,mee,21
GRC,intim,21
GRC,ολικής άλεσης,21
GRC,fage fruits,21
GRC,dentas,21
GRC,vinager,21
GRC,saltsa,21
GRC,ριζοκ,21
GRC,γκαζάκι,21
GRC,πετσέτα θαλάσσης,21
GRC,πατστ,21
GRC,sca,21
GRC,fisch,21
GRC,cappuc,21
GRC,τορτιγιες ολικης,21
GRC,Plan(e)t,21
GRC,dub,21
GRC,γαλα 2,21
GRC,Πορτοκαλάδα,21
GRC,κασετινα,21
GRC,Κατσικίσιο,21
GRC,μπύρα χωρίς,21
GRC,Βα,21
GRC,beard,21
GRC,νεο,21
GRC,σερβιετά,21
GRC,korona,21
GRC,εοδακινα,21
GRC,παγωτό βανίλια,21
GRC,πλαστελίνη,21
GRC,shweps,21
GRC,χυμός τομάτας,21
GRC,κιμας απαχος,21
GRC,Τσαι,21
GRC,Σοκολάτες,21
GRC,ρίγ,21
GRC,χαλβατ,21
GRC,ζαρ,21
GRC,sweet and sour,21
GRC,ice tea zero,21
GRC,καλαμακοα,21
GRC,cutlery,21
GRC,coca coll,21
GRC,μπαξες,21
GRC,απιονις,21
GRC,ρόφημα σόγιας,21
GRC,ελιες καλαμων,21
GRC,vegan protein,21
GRC,balm,21
GRC,mini b,21
GRC,parmesean,21
GRC,tabo,21
GRC,καζανακι,21
GRC,καβουρο,21
GRC,rizzl,21
GRC,free lactose,21
GRC,σαπούνι για,21
GRC,σκού,21
GRC,απορρυπαντικό π,21
GRC,καυτερο,21
GRC,ετοιμα γε,21
GRC,peanut b,21
GRC,ξυλι,21
GRC,bb cream,21
GRC,tirotrela,21
GRC,ραπα,21
GRC,ελει,21
GRC,μλ,21
GRC,eggs organic,21
GRC,αλάτι πλυ,21
GRC,oral-b,21
GRC,μασουτ,21
GRC,scone,21
GRC,la roche,21
GRC,soufler,21
GRC,souffler,21
GRC,rolled oats,21
GRC,ζαχαροπλαστειο,21
GRC,τσαντακι,21
GRC,φυστικιβ,21
GRC,πιο,21
GRC,bts,21
GRC,nefeli,21
GRC,ντουρ,21
GRC,καφες φιλτ,21
GRC,καφεε,21
GRC,φρεσκο κρεμμυδακι,21
GRC,pale,21
GRC,chocolate spread,21
GRC,baby πατα,21
GRC,Strawberry,21
GRC,ogx,21
GRC,ακαρεα,21
GRC,nutrr,21
GRC,πάνες ακρα,21
GRC,νερο βικος,21
GRC,αρωματικο χω,21
GRC,paro,21
GRC,φυστικη,21
GRC,αυτοκολ,21
GRC,καραμελομενο,21
GRC,κριθαρά,21
GRC,υγρασία,21
GRC,γαλι,21
GRC,Tuborg,21
GRC,yugurt,21
GRC,Φρ,21
GRC,eye cream,21
GRC,vol,21
GRC,country ch,21
GRC,χυμου,21
GRC,preg,21
GRC,tweezer,21
GRC,χαλκιαδα,21
GRC,παπαδοπουλ,21
GRC,τοματοπο,21
GRC,Άνηθος,21
GRC,μελιτζανε,21
GRC,protein p,21
GRC,καρπουζο,21
GRC,χωρις γ,21
GRC,smile,21
GRC,ημίγλυκο,21
GRC,sout,21
GRC,γενεθ,21
GRC,sweet chill,21
GRC,retinol,21
GRC,lunch,21
GRC,blonde,21
GRC,delic,21
GRC,συσκευασία,21
GRC,πίτσες,21
GRC,cain,21
GRC,πλυσιμο,21
GRC,χαρουπιου,21
GRC,κοτοπυλο,21
GRC,γλασο,21
GRC,αρωματικο χωρ,21
GRC,capuccino,21
GRC,Μπεικον,21
GRC,μελιτζανο,21
GRC,cocte,21
GRC,scoop,21
GRC,masala,21
GRC,tabaco,21
GRC,MAGIC,21
GRC,havart,21
GRC,σπορο,21
GRC,nescag,21
GRC,μαλια,21
GRC,μέ,21
GRC,ντιμα,21
GRC,ανθός,21
GRC,cluster,21
GRC,φάγε fruits,21
GRC,κθ,21
GRC,ψυγει,21
GRC,wafers,21
GRC,orie,21
GRC,malib,21
GRC,φριυτα,21
GRC,τορτελίνι,21
GRC,κατυδα,21
GRC,πτιμ,21
GRC,σεξ,21
GRC,papadop,21
GRC,ραδικια,21
GRC,le petite,21
GRC,κρτσαπ,21
GRC,oe,21
GRC,sis,21
GRC,baby plane,21
GRC,ακο,21
GRC,fruit juice,21
GRC,ρολο υγειας,21
GRC,nitsiakos,21
GRC,josi,21
GRC,μαλαγ,21
GRC,σκοτδο,21
GRC,beyond meat,21
GRC,barba,21
GRC,whipping cream,21
GRC,pomegran,21
GRC,cooc,21
GRC,μακαρονια πενες,21
GRC,νουνου light,21
GRC,χωρις ζαχ,21
GRC,χαρυι,21
GRC,3al,21
GRC,paper plates,21
GRC,μιξ τυριων,21
GRC,coconut wa,21
GRC,M&M,21
GRC,skitt,21
GRC,baloons,21
GRC,ξεβ,21
GRC,Σαλαμι,21
GRC,7 day,21
GRC,λαμπριντικο,21
GRC,σπορελα,21
GRC,fle,21
GRC,goy,21
GRC,παξυμαδια,21
GRC,καλαμποκε,21
GRC,πυρα,21
GRC,corn flake,21
GRC,pampera,21
GRC,βί,21
GRC,υλικα τοστ,21
GRC,χυμος καροτο,21
GRC,cocA,21
GRC,διακοι,21
GRC,fy,21
GRC,Vikos,21
GRC,ξυνο ν,21
GRC,minc,21
GRC,αλευρι για,21
GRC,σερβιετεε,21
GRC,σπυ,21
GRC,ντουρουντους,21
GRC,αυφ,21
GRC,κατσικίσιο τυρι,21
GRC,ξεβαφη,21
GRC,fua,21
GRC,πατατακια αλατι,21
GRC,τζαμιων,21
GRC,μελι αττικη,21
GRC,μανεστρα,21
GRC,γιαουρτι π,21
GRC,χσρτι,21
GRC,γιαουρτι πρ,21
GRC,μαγειρι,21
GRC,φύλλα ρυ,21
GRC,αβγο,21
GRC,chewing,21
GRC,body lo,21
GRC,frisogro,21
GRC,colgat,21
GRC,μακαρονια βιδες,21
GRC,arroz,21
GRC,εσπρ,21
GRC,λιναροσπ,21
GRC,uzo,21
GRC,υποβρυ,21
GRC,touch,21
GRC,pespi,21
GRC,elderflower,21
GRC,Κρέας,21
GRC,κρεμα γαλακρος,21
GRC,Σολωμό,21
GRC,bes,21
GRC,μαυροδ,21
GRC,jasm,21
GRC,μτομα,21
GRC,χωρις ζάχαρη,21
GRC,dowe,21
GRC,Μείγμα,21
GRC,Σκ,21
GRC,Βιτάμ,21
GRC,πιτσακια,21
GRC,gluten fr,21
GRC,ρολό κου,21
GRC,απορρυπαντικά πλυντηρίου,21
GRC,κατοτο,21
GRC,αβολ,21
GRC,κολοκύθ,21
GRC,φαρίν,21
GRC,καστανη ζα,21
GRC,kouka,21
GRC,ρυζι γεμιστα,21
GRC,άο,21
GRC,κρεμα ζαχαροπλαστικης,21
GRC,δρακ,21
GRC,capsul,21
GRC,νερακ,21
GRC,ergo,21
GRC,πάνες ακρ,21
GRC,cols,21
GRC,αμύγδαλ,21
GRC,kro,21
GRC,δοντια,21
GRC,βάση,21
GRC,γισο,21
GRC,κασέ,21
GRC,παξιμαδα,21
GRC,κουλού,21
GRC,μαυρο ρυζι,21
GRC,nescafe caramel,21
GRC,ξυραφια,21
GRC,caudalie,21
GRC,γαλοπουλα σε φετες,21
GRC,croutons,21
GRC,σφουγαρι,21
GRC,αεριο,21
GRC,fish fingers,21
GRC,σαπουνι π,21
GRC,βαρ,21
GRC,sig,21
GRC,marshmellow,21
GRC,γιαιυ,21
GRC,igloo,21
GRC,bao bun,21
GRC,moca,21
GRC,Παρμεζανα,21
GRC,tortillia,21
GRC,βουτηματα,21
GRC,ποδιων,21
GRC,χαλβά,21
GRC,3αλφ,21
GRC,γιαουρτι χωρις λακ,21
GRC,αλοιφε,21
GRC,κυραφακια,21
GRC,σχοινοπ,21
GRC,καφές κάψουλες,21
GRC,cort,21
GRC,βατονε,21
GRC,est,21
GRC,feas,21
GRC,μπρατσα,21
GRC,sel,21
GRC,Pellegrino,21
GRC,creta far,21
GRC,μαστιχονερο,21
GRC,ελιες ροδελες,21
GRC,catcher,21
GRC,kelo,21
GRC,μεν,21
GRC,wis,21
GRC,dominos,21
GRC,Κριθαράκι,21
GRC,αρακασ,21
GRC,lov,21
GRC,σιροπι καραμελα,21
GRC,concent,21
GRC,Lenor,21
GRC,wholegrain,21
GRC,oay,21
GRC,σιτ,21
GRC,almora,21
GRC,γιαουρτι στραγ,21
GRC,My,21
GRC,habits,21
GRC,σαπούνι πιατων,21
GRC,μονοκερ,21
GRC,fabulo,21
GRC,aspara,21
GRC,teddy,21
GRC,χαρτί ψη,21
GRC,Κρεμοσάπουνο,21
GRC,hey clay,21
GRC,αμύγ,21
GRC,synka,21
GRC,Cream,21
GRC,ταινιες αποτριχωσης,21
GRC,yogurt 2%,21
GRC,αγγουτι,21
GRC,σταγόνες σ,21
GRC,fudge,21
GRC,σάουνι,21
GRC,el gre,21
GRC,primer,21
GRC,ribs,21
GRC,γιαούρτι κρι,21
GRC,pinapple,21
GRC,monokero,21
GRC,zw,21
GRC,band aid,21
GRC,γιαούρτι πρ,21
GRC,χωρις γλ,21
GRC,βιοαγρός,21
GRC,τυρι λευκο,21
GRC,madeca,21
GRC,tereA,21
GRC,dairy,21
GRC,γιαουρτι κρι,21
GRC,sundried,21
GRC,παττ,21
GRC,handsoap,21
GRC,σφπυ,21
GRC,Milner,21
GRC,κουρκουμάς,21
GRC,βανιλιε,21
GRC,χυμός πορτ,21
GRC,αλι,21
GRC,ποτσα,21
GRC,Μπαναν,21
GRC,chili flakes,21
GRC,φιλεντεμ,21
GRC,watermelo,21
GRC,γλυκαντικό,21
GRC,γιαουρτι ολυ,21
GRC,fofi,21
GRC,καισαρα,21
GRC,γεμιστ,21
GRC,ψωμι γερ,21
GRC,skio,21
GRC,ευχ,21
GRC,σάλτσα ντομα,21
GRC,κατοτ,21
GRC,frape,21
GRC,αλευρι βρ,21
GRC,τυροσαλα,21
GRC,χρωμοπαγίδες,21
GRC,Ψωμί του τοστ,21
GRC,γάλα χωρίς λακ,21
GRC,αντιηλιακ,21
GRC,coca cila,21
GRC,ballon,21
GRC,ροκφόρ,21
GRC,χταπ,21
GRC,bagu,21
GRC,μοαν,21
GRC,Blu,21
GRC,σχινο,21
GRC,eye mask,21
GRC,χυμός ντομ,21
GRC,γιαιυρ,21
GRC,αλευρι αμ,21
GRC,αυγά βιο,21
GRC,κοτοπουλο ολοκληρο,21
GRC,mexicana,21
GRC,ανταλλακτικα,21
GRC,Biscoff,21
GRC,cones,21
GRC,Αμύγδαλα,21
GRC,Phil,21
GRC,body oil,21
GRC,ψωμί ολικης,21
GRC,corny,21
GRC,cos,21
GRC,ethni,21
GRC,λεν,21
GRC,σακουλάκι,21
GRC,underwear,21
GRC,vikis,21
GRC,σακούλες απορριμάτων,21
GRC,Magnum,21
GRC,κάψου,21
GRC,turbog,21
GRC,πιπιλα,21
GRC,τιστ,21
GRC,pedig,21
GRC,κρεμμυδο,21
GRC,mascarp,21
GRC,chedder,21
GRC,eye pat,21
GRC,meridian,21
GRC,indian,21
GRC,καλο,21
GRC,cold cut,21
GRC,marmelade,21
GRC,χωρις γλο,21
GRC,hala,21
GRC,lash,21
GRC,noi,21
GRC,βιυτυρο,21
GRC,δοχε,21
GRC,dragon fruit,21
GRC,dressi,21
GRC,aqua c,21
GRC,fizzy,21
GRC,σιρό,21
GRC,πσγ,21
GRC,γιαουρτι νου,21
GRC,Πορτοκάλια,21
GRC,ie,21
GRC,αγγπυρια,21
GRC,Σολ,21
GRC,ετοιμες σαλατες,21
GRC,μπαλαντεζα,21
GRC,lenti,21
GRC,smoothi,21
GRC,lotus biscoff,21
GRC,φυσι,21
GRC,ορ,21
GRC,πηλιαγνο,21
GRC,Ρυζ,21
GRC,γαλα αμυγδαλπυ,21
GRC,μπακετα,21
GRC,chr,21
GRC,φρέσκουλης,21
GRC,κολαν,21
GRC,aha,21
GRC,νερε,21
GRC,chat,21
GRC,pillow,21
GRC,ocean,21
GRC,netf,20
GRC,Υγρό,20
GRC,vie,20
GRC,μανιτάρ,20
GRC,ΧΥΜΟΣ,20
GRC,ανοιχ,20
GRC,προτειν,20
GRC,φριγανι,20
GRC,σουτζου,20
GRC,πιτακι,20
GRC,άχνη ζάχαρη,20
GRC,μύρτιλο,20
GRC,sink,20
GRC,lagavulin,20
GRC,cold spice,20
GRC,coco pop,20
GRC,σαγιονα,20
GRC,σανι,20
GRC,τσεντα,20
GRC,μπουκαλακι,20
GRC,jack links,20
GRC,mango loco,20
GRC,πιτες ολικης,20
GRC,tweezers,20
GRC,παξιμαδια ολικης,20
GRC,λευκο ξυ,20
GRC,pouch,20
GRC,bdl,20
GRC,οδονο,20
GRC,reggiano,20
GRC,oro,20
GRC,φημη,20
GRC,γαλα σογια,20
GRC,Δελτα,20
GRC,κονσερβε,20
GRC,χτμο,20
GRC,mac and,20
GRC,ecover,20
GRC,τσαι χωρις ζαχαρη,20
GRC,washi,20
GRC,capti,20
GRC,ισοθερ,20
GRC,black pe,20
GRC,nigiri,20
GRC,banna,20
GRC,εμπλαστρο,20
GRC,Gin,20
GRC,μαυρη σοκ,20
GRC,peac,20
GRC,κύκν,20
GRC,τουρτ,20
GRC,mexic,20
GRC,fusilli,20
GRC,γυρις,20
GRC,afte,20
GRC,buratt,20
GRC,γυάλινο,20
GRC,κροασαν,20
GRC,αλλειματα,20
GRC,vegetarian,20
GRC,apple cider vinegar,20
GRC,νη,20
GRC,Ter,20
GRC,γιαουρτι μπανανα,20
GRC,ces,20
GRC,ετοιμο γευμα,20
GRC,τσικ,20
GRC,ρουμ,20
GRC,χαρτι τουαλετα,20
GRC,qualer,20
GRC,γκρανόλα,20
GRC,Υγρό πιάτων,20
GRC,Κε,20
GRC,cream cracker,20
GRC,κρεμαστρε,20
GRC,Μπαν,20
GRC,light mayo,20
GRC,επιδόρπιο για,20
GRC,φρουτοσαλ,20
GRC,eureka,20
GRC,μαύρη σοκολ,20
GRC,χαλακι,20
GRC,rio ma,20
GRC,fruit salad,20
GRC,Guinness,20
GRC,χωρις λ,20
GRC,παγωτό χωρ,20
GRC,tupper,20
GRC,moze,20
GRC,barrila,20
GRC,dre,20
GRC,gau,20
GRC,μπριζό,20
GRC,taco seasoning,20
GRC,oreg,20
GRC,pront,20
GRC,τριφτ,20
GRC,dr beckman,20
GRC,Loreal,20
GRC,truffle mayo,20
GRC,σφενδαμου,20
GRC,nan 3,20
GRC,Μαλαγουζιά,20
GRC,Ζαμπον,20
GRC,japan,20
GRC,χώρου,20
GRC,μωρόμ,20
GRC,after sh,20
GRC,rice c,20
GRC,dark c,20
GRC,βλήτα,20
GRC,σκορδπ,20
GRC,ψυγειακι,20
GRC,αποτριχωτικες,20
GRC,πλυντηριο πια,20
GRC,rice vine,20
GRC,αλευει,20
GRC,terea sienna,20
GRC,lio,20
GRC,Pudding,20
GRC,πανες ακρα,20
GRC,ρολό κο,20
GRC,γάλα όλυμπος,20
GRC,βασικικος,20
GRC,disa,20
GRC,θαλασσης,20
GRC,ρυζι για σουσι,20
GRC,πάρι,20
GRC,dentastix,20
GRC,πιλερ,20
GRC,τυροκαυτερή,20
GRC,βατομουρο,20
GRC,οξυζ,20
GRC,γαλα νου,20
GRC,ψωμά,20
GRC,χυμαρικα,20
GRC,κρους,20
GRC,βαφή μα,20
GRC,shoes,20
GRC,mochi ice cream,20
GRC,μπρικον,20
GRC,verm,20
GRC,cinnam,20
GRC,λυ,20
GRC,tin,20
GRC,kera,20
GRC,hungry no,20
GRC,Snickers,20
GRC,μπρια,20
GRC,Βουτ,20
GRC,σωσι,20
GRC,cane,20
GRC,Cappuccino,20
GRC,coll,20
GRC,Πορτοκαλια,20
GRC,hot sau,20
GRC,apperol,20
GRC,pudi,20
GRC,βιολογος,20
GRC,kelli,20
GRC,νερο 1.5,20
GRC,rice crackers,20
GRC,twr,20
GRC,μυτ,20
GRC,απορρυπαντικο πλ,20
GRC,παπατακια,20
GRC,λαμπρι,20
GRC,Ba,20
GRC,μαυρη σ,20
GRC,zero c,20
GRC,βυσσινα,20
GRC,χτυπη,20
GRC,Τυρ,20
GRC,υγρό πλ,20
GRC,cittage,20
GRC,zero caffeine,20
GRC,μπυρα χωρις αλκοολ,20
GRC,thomas henry,20
GRC,´αγωτο,20
GRC,ζωμος λαχανικων,20
GRC,vett,20
GRC,pulze,20
GRC,ραπανακι,20
GRC,Βασιλόπουλος,20
GRC,καπνιστη παπρικα,20
GRC,σακουλες απ,20
GRC,μαρμελά,20
GRC,tass,20
GRC,vitamins,20
GRC,τομά,20
GRC,trrea,20
GRC,ben & jerry's,20
GRC,σεκουλες,20
GRC,kotopoulo,20
GRC,χεριών,20
GRC,παγουρ,20
GRC,ρολό κοτόπουλο,20
GRC,νιμα,20
GRC,σακουλες ρουχων,20
GRC,κατελια,20
GRC,σερβιέτ,20
GRC,κιντερ,20
GRC,πας,20
GRC,γιαρτι,20
GRC,Αρακας,20
GRC,cottage c,20
GRC,paper cups,20
GRC,raspberr,20
GRC,χριστοδ,20
GRC,μπιφτέκ,20
GRC,ηλεκτρικη,20
GRC,kitk,20
GRC,συμπυκνωμένο γάλα,20
GRC,λιαστές,20
GRC,Ζαμπόν,20
GRC,χαρτι υγεία,20
GRC,γιαούρτι στραγγιστ,20
GRC,alr,20
GRC,μακρ,20
GRC,ice cream sandwich,20
GRC,Αφρός,20
GRC,turq,20
GRC,κεμπ,20
GRC,soft kin,20
GRC,σαλτσα μακαρονια,20
GRC,calsberg,20
GRC,70%,20
GRC,μαλακτικο ρου,20
GRC,Σάλτσα ντομάτας,20
GRC,mold,20
GRC,parmesan cheese,20
GRC,γάλα εβ,20
GRC,ελιεσ,20
GRC,Lotus,20
GRC,γαλα advance,20
GRC,pron,20
GRC,κονκας,20
GRC,μαγιονέζ,20
GRC,donu,20
GRC,ferre,20
GRC,τσογαρα,20
GRC,3b,20
GRC,ice cub,20
GRC,αλευρι για ολες,20
GRC,γλυκοπατά,20
GRC,γλειφιτζουρι,20
GRC,feasta,20
GRC,maybelli,20
GRC,μεσοδοντια,20
GRC,λινγ,20
GRC,κατσαριδοκ,20
GRC,pee,20
GRC,κρεμασ,20
GRC,πανκ,20
GRC,κοκτε,20
GRC,ladyfingers,20
GRC,σακα,20
GRC,blackb,20
GRC,thin,20
GRC,littl,20
GRC,σκιουφ,20
GRC,εσπ,20
GRC,λαχανικων,20
GRC,μασκα μαλλ,20
GRC,iluma,20
GRC,κοτομπυκιες,20
GRC,cordon bleu,20
GRC,μύρτιλ,20
GRC,γοαουρτι,20
GRC,νεκταρί,20
GRC,sous,20
GRC,λευκο ξ,20
GRC,petite,20
GRC,αχιβ,20
GRC,bey,20
GRC,βραστη,20
GRC,ice tes,20
GRC,ελαφροπε,20
GRC,καϊμάκι,20
GRC,pouma,20
GRC,baby corn,20
GRC,φιστικοβουτυρο,20
GRC,ρολλο,20
GRC,Καρύδια,20
GRC,γλυκαντικα,20
GRC,nits,20
GRC,dubai chocolate,20
GRC,Matcha,20
GRC,καθαρισμ,20
GRC,προφιτ,20
GRC,Gordon's,20
GRC,κολοκυθοα,20
GRC,πατατακια ξυδι,20
GRC,μετ,20
GRC,PLAN(E),20
GRC,lon,20
GRC,μαχ,20
GRC,philla,20
GRC,spana,20
GRC,γιαούρτι 1kg,20
GRC,carlsb,20
GRC,Vodka,20
GRC,brez,20
GRC,paprik,20
GRC,τριανταφυλλο,20
GRC,puree,20
GRC,vicko,20
GRC,mince meat,20
GRC,αναλατο,20
GRC,lubr,20
GRC,pt,20
GRC,μπατονετα,20
GRC,μαυρη σο,20
GRC,illu,20
GRC,ζυγα,20
GRC,Απορρυπαντικο,20
GRC,bisk,20
GRC,Tere,20
GRC,ny,20
GRC,βαμβακο,20
GRC,dumpli,20
GRC,taxini,20
GRC,λάδι τρούφας,20
GRC,ντομάτι,20
GRC,nescafe decaf,20
GRC,δισκοι ντεμακιγιαζ,20
GRC,malaktiko,20
GRC,laund,20
GRC,Τυρί τοστ,20
GRC,χυμος φραουλα,20
GRC,chike,20
GRC,Salad,20
GRC,milk almond,20
GRC,toothbru,20
GRC,σαπουνι χε,20
GRC,ζελε χωρις ζαχαρη,20
GRC,δημιτρ,20
GRC,γατε,20
GRC,lay's,20
GRC,κεφαλογ,20
GRC,φακης,20
GRC,chipa,20
GRC,ευαι,20
GRC,dac,20
GRC,terea sil,20
GRC,μπουμπα,20
GRC,ενεργ,20
GRC,νησ,20
GRC,cous cous,20
GRC,Redbull,20
GRC,πεπερον,20
GRC,σακι,20
GRC,θαλα,20
GRC,γάντια μιας χρήσης,20
GRC,ψωμι κατσελης,20
GRC,τεκι,20
GRC,καθαριστικο φουρνου,20
GRC,λεδι,20
GRC,υγρο πλυ,20
GRC,conf,20
GRC,καλυμμα,20
GRC,Cheddar,20
GRC,βρεφικες,20
GRC,αποσμητικό χώρου,20
GRC,γκαζόζα,20
GRC,γλθ,20
GRC,κρασιά,20
GRC,κατεψυγμένο,20
GRC,tabac,20
GRC,ωτοκαθαριστες,20
GRC,peanutbutter,20
GRC,μελιτζά,20
GRC,σαπουνι χερια,20
GRC,κεφαλιτυρι,20
GRC,Bolognese,20
GRC,φακελο,20
GRC,πομ,20
GRC,ακράτεια,20
GRC,aoda,20
GRC,frozen yogu,20
GRC,turkey bacon,20
GRC,Σταφύλια,20
GRC,ψωμι μπερ,20
GRC,παρο,20
GRC,water 1,20
GRC,cak,20
GRC,ξυλάκια,20
GRC,μωροματηλα,20
GRC,σαμπουν,20
GRC,chilli oil,20
GRC,cheese sticks,20
GRC,mosqu,20
GRC,Οδοντοβουρτσα,20
GRC,κουταλιου,20
GRC,αρκάδ,20
GRC,γιαουρτι κατσικι,20
GRC,ori,20
GRC,ΑΛΦΑ,20
GRC,φεαουλες,20
GRC,lee,20
GRC,φυλλο κρ,20
GRC,Μουσταρδα,20
GRC,μτοματες,20
GRC,αλεθρι,20
GRC,φύλλο κρ,20
GRC,skin care,20
GRC,ants,20
GRC,sumac,20
GRC,σαπουνι για πιατα,20
GRC,mais,20
GRC,υπόστρωμα,20
GRC,sant,20
GRC,γιαοθρ,20
GRC,ice co,20
GRC,fakes,20
GRC,ΠΑΓΟΣ,20
GRC,λουκάνι,20
GRC,λοθ,20
GRC,Ben & jerry,20
GRC,αντισυπτικα,20
GRC,rubbish bags,20
GRC,green mocktail,20
GRC,demak,20
GRC,spagge,20
GRC,onigir,20
GRC,delicate,20
GRC,συγκλινο,20
GRC,cats,20
GRC,proteim,20
GRC,earl,20
GRC,μαναβικο,20
GRC,fam,20
GRC,κασερι φετες,20
GRC,μιλκ,20
GRC,churros,20
GRC,υγρομαν,20
GRC,camel blue,20
GRC,ballo,20
GRC,πηλ,20
GRC,τυρι vegan,20
GRC,μασκαρπόνε,20
GRC,coconut w,20
GRC,yoh,20
GRC,alkohol,20
GRC,famil,20
GRC,laun,20
GRC,air wic,20
GRC,πολυσπ,20
GRC,Ανθρακούχο νερό,20
GRC,πλυντήριο πιατων,20
GRC,light cream,20
GRC,ρυι,20
GRC,squ,20
GRC,mutti,20
GRC,χαρτί κουζίνα,20
GRC,apricots,20
GRC,Λαχανικά,20
GRC,ρύζι καστανό,20
GRC,τσάντα δώρου,20
GRC,ρυζι νυχακι,20
GRC,χη,20
GRC,σιμιγδα,20
GRC,βαφλακια,20
GRC,λεκεδ,20
GRC,ανοκα,20
GRC,geek,20
GRC,μποφτε,20
GRC,pul,20
GRC,To,20
GRC,αναπτηρες,20
GRC,cherry juice,20
GRC,monsters,20
GRC,paraga,20
GRC,ροκφ,20
GRC,Καλα,20
GRC,ρολο κουζι,20
GRC,dow,20
GRC,toliet,20
GRC,oatm,20
GRC,αγροκηπος,20
GRC,vegan yogurt,20
GRC,buck,20
GRC,parmigi,20
GRC,χυν,20
GRC,καπνιστή πάπρικα,20
GRC,βίκο,20
GRC,corn cakes,20
GRC,woody,20
GRC,low cal,20
GRC,facial,20
GRC,ψωμι ψιχα,20
GRC,απαχος,20
GRC,vegan milk,20
GRC,αφρόλουτρα,20
GRC,φιστικ,20
GRC,αλειματα,20
GRC,φακο,20
GRC,γαλοπουλα ψητη,20
GRC,freezer bag,20
GRC,φαρμα ελα,20
GRC,knort,20
GRC,indomie,20
GRC,παμες,20
GRC,superglue,20
GRC,χυμο λεμονι,20
GRC,αντικολλητι,20
GRC,ξεβαφτ,20
GRC,Always,20
GRC,ελληνικός καφες,20
GRC,αβολαντο,20
GRC,συρμ,20
GRC,καριδια,20
GRC,libres,20
GRC,τεστ εγκυμοσύνης,20
GRC,σκουρια,20
GRC,ben & j,20
GRC,coffee island,20
GRC,κλωστη,20
GRC,miner,20
GRC,exce,20
GRC,terea ru,20
GRC,Όλυμπος τσαι,20
GRC,κατσο,20
GRC,ΧΑΡΤ,20
GRC,El sabor,20
GRC,φιλέ,20
GRC,μπατονέτ,20
GRC,χαλιων,20
GRC,been bros,20
GRC,ice pack,20
GRC,γατοτροφες,20
GRC,Αυ,20
GRC,spoo,20
GRC,φρουτοποτο,20
GRC,stat,20
GRC,breadstick,20
GRC,ντοματονια,20
GRC,evia,20
GRC,Μεβγαλ,20
GRC,δημητριου,20
GRC,σκουμ,20
GRC,lurpark,20
GRC,αγριο,20
GRC,0.0,20
GRC,μπούκοβο,20
GRC,σισα,20
GRC,bull,20
GRC,μπουτια,20
GRC,αππο,20
GRC,Κριτσινια,20
GRC,kouk,20
GRC,ντομσ,20
GRC,abo,20
GRC,lashes,20
GRC,μασκαρπ,20
GRC,χυμο μηλο,20
GRC,βαφη μαλ,20
GRC,worce,20
GRC,clorox,20
GRC,επιδορπι,20
GRC,τριφ,20
GRC,μαναβικη,20
GRC,Παξιμάδι,20
GRC,Ντο,20
GRC,spic,20
GRC,αλεύρι που φουσκώνει,20
GRC,cheese cheddar,20
GRC,κόκκοι,20
GRC,βανιλίνη,20
GRC,my market local,20
GRC,πατονε,20
GRC,abso,20
GRC,movh,20
GRC,σκοτ,20
GRC,ροδελες,20
GRC,μπουκοβ,20
GRC,αγν,20
GRC,σπορα,20
GRC,azzera,20
GRC,calypso,20
GRC,κρέμα βα,20
GRC,τσιγάρ,20
GRC,γαζ,20
GRC,Αβοκαντο,20
GRC,αυγά μεγάλα,19
GRC,φευγανιες,19
GRC,σαπουνι προ,19
GRC,by,19
GRC,πεπσι,19
GRC,προσω,19
GRC,χυμος λε,19
GRC,τυρι τριμμενπ,19
GRC,zeea,19
GRC,πρωι,19
GRC,γαλάκτωμα,19
GRC,bio eggs,19
GRC,σκούπ,19
GRC,γαλα alpro,19
GRC,σαπουνι για,19
GRC,βλαχα,19
GRC,gluten fre,19
GRC,moctails,19
GRC,ααλατα,19
GRC,γιαούρτι προβειο,19
GRC,άοσμητικο,19
GRC,αγγουράκι τουρσί,19
GRC,παγοθήκη,19
GRC,κρυθα,19
GRC,γλυκι,19
GRC,basilic,19
GRC,zucch,19
GRC,relish,19
GRC,φρανκ,19
GRC,nyx,19
GRC,κασσιατα,19
GRC,head and sh,19
GRC,pop bak,19
GRC,οδοντοπαστ,19
GRC,mushroo,19
GRC,κατεψυγμενο,19
GRC,free range,19
GRC,grapefru,19
GRC,baba,19
GRC,ταψάκι,19
GRC,μπύρα άνευ,19
GRC,σαντουιτσ,19
GRC,neo mat,19
GRC,μαξιλ,19
GRC,μαυρο ψωμι,19
GRC,proti,19
GRC,προτει,19
GRC,σαγι,19
GRC,χλορι,19
GRC,ελασσ,19
GRC,sarti,19
GRC,πράσινο τσάι,19
GRC,rizogalo,19
GRC,ketchap,19
GRC,penn,19
GRC,romano,19
GRC,i e cream,19
GRC,concet,19
GRC,κατσικισιο για,19
GRC,fever tree,19
GRC,ΟΛΥΜΠΟΣ,19
GRC,βουρυ,19
GRC,doc,19
GRC,σπανακοπιτ,19
GRC,norvana,19
GRC,καιμ,19
GRC,blube,19
GRC,kram,19
GRC,kalamaki,19
GRC,σαμου,19
GRC,cakes,19
GRC,πίε,19
GRC,ταμπλετες πλ,19
GRC,τυρι τοατ,19
GRC,**,19
GRC,tuba,19
GRC,βιυ,19
GRC,raff,19
GRC,ατγα,19
GRC,3d,19
GRC,ασπράδ,19
GRC,ανθρακούχ,19
GRC,αλευρι χωρις,19
GRC,body spray,19
GRC,υγρα πανακια,19
GRC,κανακη,19
GRC,supe,19
GRC,γσλ,19
GRC,amer,19
GRC,ττρι,19
GRC,γιαουρτι ολυμπ,19
GRC,χυμός πορ,19
GRC,θήκες,19
GRC,ντιματες,19
GRC,κεφαλογραβιέρα,19
GRC,amarett,19
GRC,ζαχαριν,19
GRC,σχινοπρασο,19
GRC,mad,19
GRC,νουνου γιαουρτι,19
GRC,ψωμι τοατ,19
GRC,after su,19
GRC,παπουτσ,19
GRC,gym,19
GRC,garof,19
GRC,semolina,19
GRC,rodopi,19
GRC,αντικολλητ,19
GRC,bona,19
GRC,sleep,19
GRC,φαρμα ελ,19
GRC,skordo,19
GRC,old hor,19
GRC,Dr pepper,19
GRC,Beef,19
GRC,νατσο,19
GRC,bot,19
GRC,soft ki,19
GRC,οαγω,19
GRC,ao,19
GRC,dream,19
GRC,cup cake,19
GRC,τυρί σε φ,19
GRC,hang,19
GRC,cat f,19
GRC,βπυ,19
GRC,hand sanitizer,19
GRC,φυτική κρεμα,19
GRC,premium care,19
GRC,φρεσκο κ,19
GRC,μαυρισμα,19
GRC,φιστίκι,19
GRC,ξύδι λευκό,19
GRC,dove αφρολουτρο,19
GRC,durex xl,19
GRC,Corona,19
GRC,Ρυζογκ,19
GRC,χυμος ντ,19
GRC,κανελονι,19
GRC,γιαουρτι κατσικ,19
GRC,emmen,19
GRC,κιμινο,19
GRC,kimch,19
GRC,power b,19
GRC,γυαλακια,19
GRC,σαλατα μαρουλι,19
GRC,kit ka,19
GRC,αντιλιακ,19
GRC,μετεντα,19
GRC,τυρί τριμμε,19
GRC,hydration,19
GRC,ayg,19
GRC,cati,19
GRC,κλα,19
GRC,τυρί γ,19
GRC,περιποιηση,19
GRC,rice flour,19
GRC,dark chocol,19
GRC,χλωρίν,19
GRC,μοτζ,19
GRC,χρωματο,19
GRC,γραβιέρ,19
GRC,jumpo,19
GRC,Μαγιονεζα,19
GRC,εμφιαλω,19
GRC,σφουγγάρι κουζίνας,19
GRC,noul,19
GRC,kerryg,19
GRC,ρακι,19
GRC,xenia,19
GRC,cashe,19
GRC,φουσκωτό,19
GRC,dul,19
GRC,κεμ,19
GRC,μυζι,19
GRC,κρέμα γιωτης,19
GRC,oat flour,19
GRC,σάλτσα ντομάτα,19
GRC,apro,19
GRC,πολυπ,19
GRC,κοκκινα,19
GRC,pals,19
GRC,πιπρ,19
GRC,unsalted butter,19
GRC,χρώμα,19
GRC,σκορφο,19
GRC,tzaziki,19
GRC,κομποσ,19
GRC,Ben an,19
GRC,λάδ,19
GRC,αντα,19
GRC,bir,19
GRC,μακβε,19
GRC,ταχινη,19
GRC,αγγιυ,19
GRC,brew,19
GRC,αναπτήρα,19
GRC,samp,19
GRC,the bee b,19
GRC,pock,19
GRC,γιαορτ,19
GRC,σακουλες δωρου,19
GRC,κηπουρ,19
GRC,cla,19
GRC,φρυγανια τρ,19
GRC,adap,19
GRC,κλινε,19
GRC,πυραυ,19
GRC,τριμμέν,19
GRC,harmon,19
GRC,despe,19
GRC,ρολο κ,19
GRC,idy,19
GRC,μπέι,19
GRC,capeice,19
GRC,Ruffles,19
GRC,fruyo,19
GRC,Αρ,19
GRC,"γαλα 1,5",19
GRC,avokado,19
GRC,coconut flakes,19
GRC,coint,19
GRC,veler,19
GRC,μαντιλακι,19
GRC,candeli,19
GRC,Ζελεδακια,19
GRC,Pepper,19
GRC,μακαρόνια παστίτσιο,19
GRC,τυρι φέτες,19
GRC,ristor,19
GRC,karota,19
GRC,νουτε,19
GRC,αυα,19
GRC,diri,19
GRC,wud,19
GRC,juices,19
GRC,fusili,19
GRC,γενικης,19
GRC,crak,19
GRC,μαυροδα,19
GRC,sorb,19
GRC,espreso,19
GRC,ben's,19
GRC,κουβερτουρες,19
GRC,τοματοχυ,19
GRC,pari,19
GRC,pizza rolls,19
GRC,χλωρο,19
GRC,λαζανα,19
GRC,συγ,19
GRC,toilett,19
GRC,λιπαντικά,19
GRC,θερμόμετρο,19
GRC,σπαλα,19
GRC,buffala,19
GRC,κρεν,19
GRC,cente,19
GRC,babylino no,19
GRC,motc,19
GRC,διος,19
GRC,σκόνη σκο,19
GRC,sto,19
GRC,χυλοπιτα,19
GRC,e27,19
GRC,σεε,19
GRC,nan opti,19
GRC,φύλλ,19
GRC,Cherry,19
GRC,μωριμ,19
GRC,ουγγαρεζα,19
GRC,bei,19
GRC,νουτυρο,19
GRC,Μερεντα,19
GRC,νιβεα,19
GRC,χωρίς γλου,19
GRC,mulino,19
GRC,clea,19
GRC,οδοντόκρε,19
GRC,wra,19
GRC,laundr,19
GRC,tonn,19
GRC,ψωμι σαντουιτς,19
GRC,ισοθερμικη,19
GRC,soft cook,19
GRC,αλειμματα,19
GRC,χαχαρ,19
GRC,phone,19
GRC,βατόμουρο,19
GRC,πορτοκαλάδα μπλε,19
GRC,ρυζαλε,19
GRC,φυκια,19
GRC,bero,19
GRC,χατι,19
GRC,αμμο γατας,19
GRC,σταγονες σοκολα,19
GRC,πασατεμπος,19
GRC,adaptor,19
GRC,παγοκυψε,19
GRC,sky,19
GRC,stella artois,19
GRC,Πτι,19
GRC,αποφρακτικό,19
GRC,ανθπτυρο,19
GRC,giflar,19
GRC,ζαχαροπ,19
GRC,λαφες,19
GRC,bonora,19
GRC,ανοιχτήρι,19
GRC,ξυλινο,19
GRC,Essex,19
GRC,water bottles,19
GRC,Νιοκι,19
GRC,turkey slices,19
GRC,flip,19
GRC,παπακι,19
GRC,φριτεζα,19
GRC,nicea,19
GRC,χωρις γλουτένη,19
GRC,caff,19
GRC,εστρα,19
GRC,ρουβας,19
GRC,χαρτι υηειας,19
GRC,coreg,19
GRC,αποσμητικο nivea,19
GRC,φύλλο κ,19
GRC,ντοματα σαλτσα,19
GRC,mots,19
GRC,νοο,19
GRC,χαρτί  υγείας,19
GRC,σαμπιυαν,19
GRC,broo,19
GRC,βαφή μ,19
GRC,parmeza,19
GRC,mom,19
GRC,Σταγόνες,19
GRC,paracetamol,19
GRC,chicken nugget,19
GRC,συκωτ,19
GRC,ive tea,19
GRC,αναμ,19
GRC,αβ βασι,19
GRC,mocci,19
GRC,cica cola,19
GRC,σνοτσελ,19
GRC,παταταξια,19
GRC,paprica,19
GRC,tresori,19
GRC,βρεφικη,19
GRC,αμα,19
GRC,αβοκάν,19
GRC,ρολό κουζ,19
GRC,cornflake,19
GRC,πάρ,19
GRC,γιγαντε,19
GRC,supers,19
GRC,καραβάκι,19
GRC,tanqu,19
GRC,knowr,19
GRC,10%,19
GRC,no added sugar,19
GRC,bague,19
GRC,bomb,19
GRC,wine opener,19
GRC,πακιμα,19
GRC,the bee broa,19
GRC,ρολο κο,19
GRC,μαινα,19
GRC,L'Oreal,19
GRC,γιαουρτι free,19
GRC,tess,19
GRC,σκουποξυλο,19
GRC,champa,19
GRC,topi,19
GRC,honey mustard,19
GRC,κιτρινο,19
GRC,αφρω,19
GRC,laim,19
GRC,serko,19
GRC,ρόκ,19
GRC,τυρί γκούντα,19
GRC,εβλογη,19
GRC,κανονικά,19
GRC,free l,19
GRC,ελληνικος καφ,19
GRC,fin crisp,19
GRC,Terra,19
GRC,os,19
GRC,μεγαλώ,19
GRC,κρεμα τυρ,19
GRC,ζαχαροπλαστεία,19
GRC,τθ,19
GRC,tony’s,19
GRC,πανς,19
GRC,ενυδατικ,19
GRC,bread sticks,19
GRC,χαλβατζης,19
GRC,λαδι τρ,19
GRC,πρασινη πιπερια,19
GRC,mango juice,19
GRC,κοκακολες,19
GRC,κηπο,19
GRC,adoraba,19
GRC,azac,19
GRC,λαδιου,19
GRC,isotonic,19
GRC,ζωνος,19
GRC,κλαμπ,19
GRC,ware,19
GRC,γιαουρρ,19
GRC,necta,19
GRC,ζαχαρη καστα,19
GRC,iquos,19
GRC,Amita free,19
GRC,attiki,19
GRC,νεροπιστ,19
GRC,μαρκαδο,19
GRC,gochu,19
GRC,αντισι,19
GRC,σερβιτ,19
GRC,κουβερουρα,19
GRC,βικος νερο,19
GRC,Ben and jerrys,19
GRC,od,19
GRC,snik,19
GRC,παντεσπάνι,19
GRC,digestive bar,19
GRC,ελιες ροδ,19
GRC,μερέ,19
GRC,μβρομ,19
GRC,γαυ,19
GRC,krispie,19
GRC,fast,19
GRC,υφαντής,19
GRC,zuccini,19
GRC,κύβο,19
GRC,3cent,19
GRC,πορτοκαλοπιτα,19
GRC,αντιηλια,19
GRC,γάντια κουζίνας,19
GRC,σφενδαμο,19
GRC,juce,19
GRC,kidney beans,19
GRC,natsos,19
GRC,cesars,19
GRC,μεξικανικο,19
GRC,pet shop,19
GRC,Πουρές,19
GRC,πλε,19
GRC,ben’s,19
GRC,Sriracha,19
GRC,αλευρι αμυγδα,19
GRC,baton,19
GRC,orien,19
GRC,γαλα σοκο,19
GRC,σαλου,19
GRC,the bee br,19
GRC,ζαγορο,19
GRC,long chi,19
GRC,μανδρ,19
GRC,amb,19
GRC,αλοιφωτη,19
GRC,Shampoo,19
GRC,γαλοπούλα βραστη,19
GRC,χαρτι υγειαδ,19
GRC,marlboro gold,19
GRC,κάψ,19
GRC,almiron 2,19
GRC,kios,19
GRC,δεντρολι,19
GRC,sauv,19
GRC,persi,19
GRC,white bread,19
GRC,ξηνο,19
GRC,προβειο γιαουρτι,19
GRC,κομματακια,19
GRC,αντιλαϊκό,19
GRC,δημιτ,19
GRC,κατίκ,19
GRC,ketsa,19
GRC,σπαρά,19
GRC,κρεμα μαλλ,19
GRC,μπισκοτα παπα,19
GRC,ταμπλετες ρουχων,19
GRC,γιαουρτι χω,19
GRC,γαρίφαλο,19
GRC,σιδα,19
GRC,παγωτό magic,19
GRC,αυγά βιολ,19
GRC,οδοντόβου,19
GRC,βαζα,19
GRC,παγωμενα φρουτα,19
GRC,togu,19
GRC,stre,19
GRC,γάλα νου,19
GRC,babel,19
GRC,φοκατσια,19
GRC,χαρτι υγειασ,19
GRC,γάλα φυτικο,19
GRC,κιμαα,19
GRC,αφτ,19
GRC,λακτό,19
GRC,απορρυπαντικό πιατων,19
GRC,mayone,19
GRC,γάτ,19
GRC,anc,19
GRC,7 da,19
GRC,carob,19
GRC,παράγκα,19
GRC,σκιου,19
GRC,libr,19
GRC,λαδι καρυ,19
GRC,ανθπ,19
GRC,γιαούρτι χωρ,19
GRC,λουκούμια,19
GRC,mpa,19
GRC,πηλός,19
GRC,super spread,19
GRC,περιπ,19
GRC,μαϊντανος,19
GRC,ψωμί σάντουιτς,19
GRC,ρόφημα βρώμης,19
GRC,bio shout,19
GRC,κρεασ,19
GRC,jackaroo,19
GRC,παγωτσ,19
GRC,μανού,19
GRC,γάλακτος,19
GRC,Λεμον,19
GRC,μαμιταρια,19
GRC,cotton swab,19
GRC,βενζ,19
GRC,θηκ,19
GRC,special,19
GRC,χαρτι θγ,19
GRC,Τονο,19
GRC,starbacks,19
GRC,χατζ,19
GRC,proscuitto,19
GRC,γιαπύρτι,19
GRC,string,19
GRC,mini ba,19
GRC,bone broth,19
GRC,πράσινο σαπουνι,19
GRC,blue chee,19
GRC,friski,19
GRC,πατατεδ,19
GRC,κατσικίσ,19
GRC,σάλτσα ντοματα,19
GRC,μηλόπιτα,19
GRC,zeas,19
GRC,νταμα,19
GRC,σοκοφρέ,19
GRC,μπυτ,19
GRC,ξύλο,19
GRC,αποσκληρυντικό,19
GRC,κανέλ,19
GRC,Νεκταρινια,19
GRC,Ψω,19
GRC,lemonia,19
GRC,ταβλι,19
GRC,wash and go,19
GRC,nespreso,19
GRC,τοματίν,19
GRC,pears,19
GRC,αυγα βιολο,19
GRC,τυχι,19
GRC,ηλεκτρονικο,19
GRC,γκουαν,19
GRC,αποδημητικό,19
GRC,friz,19
GRC,βιγκαν,19
GRC,μπάνιου,19
GRC,Μάσκα,19
GRC,λαδι καρ,19
GRC,φαρας,19
GRC,φυλα,19
GRC,vir,19
GRC,eu,19
GRC,σλατ,19
GRC,ζυμη πιτσα,19
GRC,caram,19
GRC,Ποπ κορν,19
GRC,korean beauty,19
GRC,γλυκο του κουταλιου,19
GRC,planet παγωτ,19
GRC,tiger,19
GRC,μυλος,19
GRC,ξινο νερ,19
GRC,Κράκερ,19
GRC,μπάρες δη,19
GRC,kak,19
GRC,panpers,19
GRC,παιδικο σαμπουαν,19
GRC,λουμί,19
GRC,brava,19
GRC,χωρίς αλκοολ,19
GRC,ruc,19
GRC,παγοκύστη,19
GRC,λουκανικακια,19
GRC,ψψμι,19
GRC,κρανμπε,19
GRC,Salmon,19
GRC,marg,19
GRC,Turkey,19
GRC,καπνιστο τυρι,19
GRC,πατον,19
GRC,mustar,19
GRC,nudles,19
GRC,chipit,19
GRC,βαζελι,18
GRC,τονν,18
GRC,σιροπη,18
GRC,μαύρο,18
GRC,πέν,18
GRC,butger,18
GRC,quin,18
GRC,αντικολλητικ,18
GRC,αποσμίνη,18
GRC,αφρις,18
GRC,φακεσ,18
GRC,Μπατονέτες,18
GRC,ναρό,18
GRC,σπαγγος,18
GRC,σφπυγγαρι,18
GRC,pistachios,18
GRC,ανθα,18
GRC,ρυζι μπασμ,18
GRC,Cookie,18
GRC,λουφ,18
GRC,living things,18
GRC,umbrella,18
GRC,λάμπες,18
GRC,σαλατα ετοιμη,18
GRC,molk,18
GRC,baby πατ,18
GRC,faye,18
GRC,στεργί,18
GRC,σαπουνι για τα πιατα,18
GRC,φορτιστες,18
GRC,αθγ,18
GRC,κοτοππυλο,18
GRC,πατατεα,18
GRC,χαρτί ψ,18
GRC,cubes,18
GRC,cat foo,18
GRC,alch,18
GRC,sleek,18
GRC,κοπανα,18
GRC,pastries,18
GRC,φω,18
GRC,κρέμα χεριών,18
GRC,χρυσο,18
GRC,twinings,18
GRC,ολικης αλεσης,18
GRC,τρίφτης,18
GRC,ντομαρ,18
GRC,πιπερο,18
GRC,finger,18
GRC,μορομα,18
GRC,μαλαγου,18
GRC,ψωμι ολι,18
GRC,μαλακρικο,18
GRC,σπραιτ,18
GRC,κρεμοσάπου,18
GRC,μάσκα μα,18
GRC,μπάρμπεκιου,18
GRC,sport,18
GRC,bakeroll,18
GRC,is,18
GRC,ntoma,18
GRC,κολοκυθοσποροι,18
GRC,σπρει μαλλιων,18
GRC,κορα,18
GRC,γαλόουλα,18
GRC,υγρα μαντιλακια,18
GRC,αμπελοφυλλα,18
GRC,παπαγια,18
GRC,σαλατα φρεσκουλης,18
GRC,go on,18
GRC,vu,18
GRC,τυρι γ,18
GRC,colla,18
GRC,ευβιοτ,18
GRC,Αγγουρ,18
GRC,ΝΕΡΑ,18
GRC,γαρυφαλλ,18
GRC,αε,18
GRC,prod,18
GRC,συζι,18
GRC,Po,18
GRC,heineke,18
GRC,νουνου gouda,18
GRC,χυμος ανανας,18
GRC,σκονη σκ,18
GRC,chicken legs,18
GRC,9v,18
GRC,ice breaker,18
GRC,φτερου,18
GRC,carino,18
GRC,μπαρμπας,18
GRC,νρρ,18
GRC,basmati rice,18
GRC,lightning,18
GRC,Star,18
GRC,grav,18
GRC,βανιλοα,18
GRC,Μοσχάτο,18
GRC,Πρωτεινη,18
GRC,καφες φ,18
GRC,καραμελωμενο ζαχαρουχο,18
GRC,mir,18
GRC,ΑΑ,18
GRC,απορριματων,18
GRC,πυρην,18
GRC,βιολογικο γιαουρτι,18
GRC,αυτοκολλ,18
GRC,ντιματ,18
GRC,kei,18
GRC,terea br,18
GRC,creati,18
GRC,τζε,18
GRC,γαλα ολυμπ,18
GRC,χωρίς γλο,18
GRC,σκυλοτρο,18
GRC,cram,18
GRC,γιαουε,18
GRC,ξανθα,18
GRC,σαπουαν,18
GRC,φακοι,18
GRC,άνθος αραβοσίτου,18
GRC,σίδερο,18
GRC,disposable,18
GRC,φέτες τυρι,18
GRC,shots,18
GRC,κασερια,18
GRC,thon,18
GRC,neoma,18
GRC,ντεκα,18
GRC,γαλακτωμα,18
GRC,nectar,18
GRC,σποροι τσια,18
GRC,poc,18
GRC,salade,18
GRC,εσω,18
GRC,τσαι βουνου,18
GRC,fagr,18
GRC,ζαχαρη α,18
GRC,ευβοιοτοποι,18
GRC,stir,18
GRC,uht,18
GRC,le coq,18
GRC,peppermint,18
GRC,θρα,18
GRC,estre,18
GRC,τονοε,18
GRC,άλας,18
GRC,Pringle,18
GRC,καφές ε,18
GRC,καλαμάκια πλαστικά,18
GRC,ζυγαρ,18
GRC,παφωτα,18
GRC,υγρο πιατα,18
GRC,ζαχαρη αχ,18
GRC,earl grey,18
GRC,χαρτι υγεθας,18
GRC,psomi,18
GRC,agg,18
GRC,πενες ολικης,18
GRC,ψητα λαχανικα,18
GRC,μανιταρια κονσερβα,18
GRC,σαλαμακι,18
GRC,κοκακολ,18
GRC,trese,18
GRC,tis,18
GRC,yes store,18
GRC,κρεω,18
GRC,σφουγγαρίσ,18
GRC,νησο,18
GRC,parchment,18
GRC,beetroo,18
GRC,pringels,18
GRC,palom,18
GRC,inflatable,18
GRC,volca,18
GRC,leer,18
GRC,αλεύρι που,18
GRC,γιαουρτι ολ,18
GRC,γαι,18
GRC,σφουγγαρι μπανιου,18
GRC,τοματας,18
GRC,bacard,18
GRC,familia,18
GRC,ove,18
GRC,πλιγουρ,18
GRC,αποξηρ,18
GRC,concetrate,18
GRC,cova cola,18
GRC,focac,18
GRC,canel,18
GRC,ταα,18
GRC,nounou protein,18
GRC,Τορτ,18
GRC,kiw,18
GRC,dulce de,18
GRC,καρπυ,18
GRC,eur,18
GRC,αις,18
GRC,dres,18
GRC,segafredo,18
GRC,sweet chilly,18
GRC,sparkling wate,18
GRC,μασκαρπο,18
GRC,showe,18
GRC,μαιντανοσ,18
GRC,προτηγ,18
GRC,micelar,18
GRC,monster ultra,18
GRC,cama,18
GRC,fisherman,18
GRC,inedit,18
GRC,Flair,18
GRC,COCA COLA,18
GRC,Γαύρος,18
GRC,επιδόρπια γιαουρτιού,18
GRC,τολο,18
GRC,σφοθ,18
GRC,whipes,18
GRC,pack,18
GRC,giuda,18
GRC,Zagori,18
GRC,ribe,18
GRC,sanitizer,18
GRC,σπογ,18
GRC,grand,18
GRC,καυτερες,18
GRC,διπλοζυμωτο,18
GRC,καφες φι,18
GRC,φούρνος,18
GRC,ıce,18
GRC,λαζά,18
GRC,γλασ,18
GRC,φτα,18
GRC,cars,18
GRC,νερο ανθρα,18
GRC,σφολιατινια,18
GRC,γευ,18
GRC,mnms,18
GRC,σαπουνι χ,18
GRC,καπελ,18
GRC,καρππυζι,18
GRC,σοκολατα ροφημα,18
GRC,χαλα,18
GRC,cry,18
GRC,τυε,18
GRC,κουκουρι,18
GRC,vanilla ice,18
GRC,καφες κα,18
GRC,terea si,18
GRC,κρουασανα,18
GRC,κόκκινη σάλτσα,18
GRC,pau,18
GRC,Gerber,18
GRC,κριτα,18
GRC,avocando,18
GRC,ταχίν,18
GRC,ψωμθ,18
GRC,johnie,18
GRC,davidoff gold,18
GRC,Sandwich,18
GRC,λικέρ,18
GRC,setting,18
GRC,pipe,18
GRC,waterwipe,18
GRC,kosher,18
GRC,αποαμητικο,18
GRC,vanilia,18
GRC,σαπούνι πι,18
GRC,mn,18
GRC,arabiata,18
GRC,κοκκα,18
GRC,fuse tea,18
GRC,μαγειρευτά,18
GRC,long c,18
GRC,απαχο,18
GRC,βιβλιο,18
GRC,κρι κρι γιαουρτι,18
GRC,προφυλακτ,18
GRC,σησαμέλαιο,18
GRC,vermicelli,18
GRC,μουσταρδομαγιονεζα,18
GRC,φυλλα ρυζ,18
GRC,καραμολεγκο,18
GRC,μαυροδάφνη,18
GRC,κρουστ,18
GRC,Χαλκιαδάκης,18
GRC,αρωματικά χωρου,18
GRC,mmilk,18
GRC,cheeseca,18
GRC,κοροπ,18
GRC,sour crea,18
GRC,sturb,18
GRC,trid,18
GRC,sirop,18
GRC,cottage chee,18
GRC,βαμβά,18
GRC,eyebrow,18
GRC,φουσκω,18
GRC,gro,18
GRC,rigato,18
GRC,eye p,18
GRC,σαμο,18
GRC,Banana,18
GRC,shc,18
GRC,λαδι μα,18
GRC,breed,18
GRC,σακούλες σκουπιδι,18
GRC,protin,18
GRC,Mac,18
GRC,εξ,18
GRC,πετσέτες θαλάσσης,18
GRC,dazs,18
GRC,σπόρια,18
GRC,aia,18
GRC,πουτες,18
GRC,παγωτο χωρις ζα,18
GRC,ινδοκάρυδο,18
GRC,μωρόμα,18
GRC,γαλα light,18
GRC,dr oe,18
GRC,hand so,18
GRC,marshmallows,18
GRC,χυμος λεμονιου,18
GRC,blea,18
GRC,bamboo,18
GRC,machos,18
GRC,Μπαταρίες,18
GRC,zinc,18
GRC,ξθ,18
GRC,σαβο,18
GRC,μαυρο τσαι,18
GRC,σκοτα,18
GRC,tas,18
GRC,τυροκομικα,18
GRC,φιδές,18
GRC,ρυζι για,18
GRC,καδι,18
GRC,napoli,18
GRC,κρυα,18
GRC,φουντουκοβο,18
GRC,τόφ,18
GRC,coffee cream,18
GRC,baking sod,18
GRC,Καθαριστικό,18
GRC,ειδη παρτι,18
GRC,θαλασσ,18
GRC,κατεψυγμέν,18
GRC,murat,18
GRC,arra,18
GRC,γενεθλ,18
GRC,αυτά,18
GRC,ράσπα,18
GRC,Φρυγ,18
GRC,suncream,18
GRC,Mr beast,18
GRC,spicy chips,18
GRC,υγρη τροφη,18
GRC,χκωρινη,18
GRC,παστου,18
GRC,οικογενειακο,18
GRC,ψιλο,18
GRC,μουστοκο,18
GRC,vinc,18
GRC,nodl,18
GRC,amaretto,18
GRC,προσφορές,18
GRC,lenon,18
GRC,spoons,18
GRC,οξ,18
GRC,μπύρες ανευ,18
GRC,ψωμι bu,18
GRC,γκοφρετε,18
GRC,νεεα,18
GRC,ανοκ,18
GRC,zero co,18
GRC,μυλοξ,18
GRC,smoked paprika,18
GRC,Hungry,18
GRC,scotc,18
GRC,φακι,18
GRC,μαγιά ξηρή,18
GRC,γλυκοξυνη,18
GRC,Υγρο,18
GRC,creme fr,18
GRC,la vache qui,18
GRC,tomato past,18
GRC,χυμός ανανά,18
GRC,πουρά,18
GRC,nairs,18
GRC,ψβμι,18
GRC,αλευρι για ολες τις χρησεις,18
GRC,baria,18
GRC,arlo,18
GRC,shweppes,18
GRC,χονακια,18
GRC,batte,18
GRC,guancial,18
GRC,libress,18
GRC,milk powder,18
GRC,νυοματες,18
GRC,raffles,18
GRC,ot,18
GRC,σπορέλαιο,18
GRC,ανεμιστήρες,18
GRC,σαγκουινι,18
GRC,waffer,18
GRC,γιαπυρτο,18
GRC,μαιδανος,18
GRC,cottsge,18
GRC,dr oet,18
GRC,brad,18
GRC,marb,18
GRC,φετα ολυμπος,18
GRC,Λουξ,18
GRC,παιδικα γιαουρτια,18
GRC,choco full,18
GRC,γαλα μεβγαλ,18
GRC,deodrant,18
GRC,σιδεροπανο,18
GRC,Αλουμινόχαρτο,18
GRC,ελαιόλα,18
GRC,bowls,18
GRC,Πίτες,18
GRC,εσωρ,18
GRC,jos,18
GRC,know,18
GRC,chazz,18
GRC,κρέμα τυρ,18
GRC,αγγιυρια,18
GRC,picl,18
GRC,κρεμυδακι,18
GRC,coca cols,18
GRC,αφρολουτρπ,18
GRC,bologn,18
GRC,double caramel,18
GRC,giff,18
GRC,τσουρεκια,18
GRC,καφεινη,18
GRC,σοκα,18
GRC,χορτόπιτα,18
GRC,ετοιμες σαλτσες,18
GRC,deves,18
GRC,galo,18
GRC,αφρωδες,18
GRC,φασκόμηλο,18
GRC,nurofen,18
GRC,dev,18
GRC,yes st,18
GRC,deodor,18
GRC,ροκφο,18
GRC,χρωμοπαγιδ,18
GRC,κοτομπουλιες,18
GRC,agrinio,18
GRC,χαρτονι,18
GRC,σέικερ,18
GRC,sif,18
GRC,γαλα ολ,18
GRC,tobaco,18
GRC,μποσκο,18
GRC,τροφή γ,18
GRC,αραπικο,18
GRC,βενετ,18
GRC,μαϊντ,18
GRC,μπαρμπαστάθης,18
GRC,kimc,18
GRC,πραλινες,18
GRC,ασιατικα,18
GRC,tart,18
GRC,κεχρι,18
GRC,neste,18
GRC,για πιατα,18
GRC,maple sy,18
GRC,αρωματα,18
GRC,στρατσιατελα,18
GRC,kahlua,18
GRC,σαπούνι χερ,18
GRC,τομάτ,18
GRC,combucha,18
GRC,head & shoulders,18
GRC,lost ma,18
GRC,καφε φιλτρου,18
GRC,aerozol,18
GRC,brazilian,18
GRC,παγωτο οικο,18
GRC,bron,18
GRC,παρνεζανα,18
GRC,δωδων,18
GRC,fanta μπλε,18
GRC,σαο,18
GRC,dar,18
GRC,Λαδόκολλα,18
GRC,γαλα σοκ,18
GRC,espresso decaf,18
GRC,χωρίς γ,18
GRC,washing powder,18
GRC,κουβερτουρα χωρις ζαχαρη,18
GRC,χυμος λεμο,18
GRC,slippers,18
GRC,tupperware,18
GRC,wster,18
GRC,baby pota,18
GRC,Bioten,18
GRC,wonder,18
GRC,φιλετο μπουτι,18
GRC,neom,18
GRC,sweetner,18
GRC,το μάνα,18
GRC,απολυμαν,18
GRC,spider,18
GRC,πό,18
GRC,φρυγανια τρι,18
GRC,ταμπλέ,18
GRC,σαπούνι χερι,18
GRC,bulb,18
GRC,protein b,18
GRC,spaghet,18
GRC,γενέθλια,18
GRC,rifai,18
GRC,σαγανάκι,18
GRC,κτημα αλφα,18
GRC,ξθδι,18
GRC,μπαρες δημητριακών,18
GRC,Caroline,18
GRC,ελαφρύ,18
GRC,ζυμι,18
GRC,ρτζι,18
GRC,ελ γκρεκο,18
GRC,διμιτριακα,18
GRC,ολυμποσ,18
GRC,τασακι,18
GRC,Nuts,18
GRC,σάλτσα ν,18
GRC,καπνοι,18
GRC,ζαγπρι,18
GRC,μπαλσαμικ,18
GRC,cander,18
GRC,septona baby,18
GRC,φρουί,18
GRC,καλτ,18
GRC,bia,18
GRC,σαλτσα για,18
GRC,έτοιμο φαγητό,18
GRC,παταρες,18
GRC,sweppe,18
GRC,κατσαριδοκτ,18
GRC,babyoil,18
GRC,φρουτοσ,18
GRC,ψωμι τπστ,18
GRC,algofren,18
GRC,oet,18
GRC,σοκολάτα υγειας,18
GRC,white sugar,18
GRC,sanitary,18
GRC,σκιο,18
GRC,υγρο πατωμ,18
GRC,παωος,18
GRC,αλειφωτ,18
GRC,μουσαρε,18
GRC,topino,18
GRC,Magi,18
GRC,βιταμινη,18
GRC,Σακου,18
GRC,καυτε,18
GRC,γαλα χωρίς λα,18
GRC,σιρόπι βύσσινο,18
GRC,στηθος κοτο,18
GRC,χρυσ,18
GRC,philadep,18
GRC,alpo,18
GRC,καικ,18
GRC,gluten free flour,18
GRC,ρεσώ,18
GRC,scooby,18
GRC,καθαριστικο π,18
GRC,Μαγιο,18
GRC,αφουγγα,18
GRC,veet men,18
GRC,nor,18
GRC,planet παγωτα,18
GRC,φετς,18
GRC,γαλα φρέσκο,18
GRC,πατάτες κατε,18
GRC,πιτεσ,18
GRC,γάλα ολ,18
GRC,μακαρονια παστι,18
GRC,πηρουν,18
GRC,mich,18
GRC,γάλα κατ,18
GRC,ρολο κοτοπουλο,18
GRC,bota,18
GRC,tempeh,18
GRC,κατεψυγμένα λαχανικά,18
GRC,χειροπετσ,18
GRC,arrabiata,18
GRC,φρούτα του δάσους,18
GRC,chicolate,18
GRC,pink lemonade,18
GRC,χαρτι τγ,18
GRC,oce,18
GRC,candere,18
GRC,Λακ,18
GRC,μαί,18
GRC,χαβιάρι,18
GRC,σφουγγαριστρες,18
GRC,ταμπό,18
GRC,τυρί τοσυ,18
GRC,σαλατα ροκα,18
GRC,Aroxol,18
GRC,baling,18
GRC,bira,18
GRC,hemp,18
GRC,εντομοκτον,18
GRC,σταθης,18
GRC,ψωμι υοστ,17
GRC,σακουλεε,17
GRC,βιοαγρο,17
GRC,Mo,17
GRC,Αμμος,17
GRC,ευχετήρια,17
GRC,ντεμακιγι,17
GRC,noc,17
GRC,cir,17
GRC,μπουκαλια,17
GRC,Cereal,17
GRC,αξιαγ,17
GRC,τιραμ,17
GRC,μτοματα,17
GRC,zea,17
GRC,herbal ess,17
GRC,οδοντογλυφ,17
GRC,downy,17
GRC,υγραεριο,17
GRC,coca cola 1,17
GRC,idyll,17
GRC,kech,17
GRC,Αποσμη,17
GRC,ιαουρτι,17
GRC,souff,17
GRC,wua,17
GRC,ελιες πρασινες,17
GRC,πρασινα μηλα,17
GRC,οδοντπ,17
GRC,color catch,17
GRC,πάρτι,17
GRC,σακούλα σκουπιδιών,17
GRC,stea,17
GRC,Syoss,17
GRC,Χυμοί,17
GRC,ανυθος,17
GRC,monstwr,17
GRC,φαγητοδ,17
GRC,creta f,17
GRC,Korean,17
GRC,organic egg,17
GRC,καλαμποκιου,17
GRC,τοματοπε,17
GRC,φυστί,17
GRC,δαλτσα,17
GRC,πάνα,17
GRC,wind,17
GRC,αλμύρα,17
GRC,arial,17
GRC,No,17
GRC,τσιγαρο,17
GRC,αλτι,17
GRC,φυστικι αιγινης,17
GRC,αποχνο,17
GRC,μουστρ,17
GRC,mailos,17
GRC,fytr,17
GRC,σακούλες τ,17
GRC,holb,17
GRC,απορρυπαντικο ρου,17
GRC,jogh,17
GRC,fish st,17
GRC,hortex,17
GRC,καφες στι,17
GRC,αραβική πιτα,17
GRC,παντε,17
GRC,fino,17
GRC,καφε ελληνικο,17
GRC,at,17
GRC,dijo,17
GRC,γαλα φ,17
GRC,Oil,17
GRC,χειροπετσε,17
GRC,συκω,17
GRC,type,17
GRC,λεβαν,17
GRC,πορτοκαλαδα μπλε,17
GRC,νηστισιμα,17
GRC,medicine,17
GRC,scallion,17
GRC,μπρατ,17
GRC,flap,17
GRC,γαλα σοκολ,17
GRC,gun,17
GRC,ρυζογκπ,17
GRC,color ca,17
GRC,ρυζοχαρτο,17
GRC,ας μαγ,17
GRC,κοχύλια,17
GRC,φιαλ,17
GRC,έτοιμ,17
GRC,τσαι ολυμπος,17
GRC,maoam,17
GRC,terrea t,17
GRC,malr,17
GRC,μακαρονια π,17
GRC,χαρτά,17
GRC,ετοιμα γ,17
GRC,striploin,17
GRC,syrop,17
GRC,σοκολατακ,17
GRC,mr mu,17
GRC,βουρτσ,17
GRC,Milka,17
GRC,αμπελοφ,17
GRC,ντά,17
GRC,vottage,17
GRC,υγρό πατώματος,17
GRC,αγγορι,17
GRC,αφρος ξυρισμα,17
GRC,oldspice,17
GRC,zero s,17
GRC,αραξας,17
GRC,χαρτι θ,17
GRC,ambre solaire,17
GRC,υγρό πατωμα,17
GRC,new,17
GRC,nit,17
GRC,γερμανικ,17
GRC,all b,17
GRC,τρεις μαγισσες,17
GRC,υγρο πιάτων,17
GRC,protien bar,17
GRC,λεμονιτ,17
GRC,atun,17
GRC,ποτηράκια,17
GRC,brok,17
GRC,paysaf,17
GRC,στραγα,17
GRC,pitsinia,17
GRC,bacar,17
GRC,δημητριακα χωρις,17
GRC,κρισ,17
GRC,Almond,17
GRC,βιολογικά αυγά,17
GRC,aw,17
GRC,αι,17
GRC,sticker,17
GRC,ζαγόρ,17
GRC,the bees,17
GRC,bakerol,17
GRC,tapioca,17
GRC,chicken b,17
GRC,αντικοθ,17
GRC,lat,17
GRC,frizolac,17
GRC,vegan burger,17
GRC,cotton bud,17
GRC,ωτοασπ,17
GRC,ark,17
GRC,πετρα,17
GRC,συσκευή,17
GRC,γλυκα ψυγειου,17
GRC,νιτ,17
GRC,spaghett,17
GRC,nuk,17
GRC,Λουμιδης,17
GRC,φυστικπ,17
GRC,μπαγκετ,17
GRC,Ξυνο,17
GRC,τυροβ,17
GRC,αμυδ,17
GRC,mozerella,17
GRC,arbo,17
GRC,Βαφή μαλλιών,17
GRC,ταμπλετες πλυντηριου ρουχων,17
GRC,ανρ,17
GRC,birthday candle,17
GRC,κροτ,17
GRC,σπαγκετι,17
GRC,2032,17
GRC,mosch,17
GRC,milj,17
GRC,odo,17
GRC,riomare,17
GRC,ζη,17
GRC,mashed,17
GRC,laga,17
GRC,σακουλες αποθηκευσης,17
GRC,nesscafe,17
GRC,μπαρα δημ,17
GRC,smartie,17
GRC,ψωμι βρωμης,17
GRC,ζαχαρού,17
GRC,κεφτεδακι,17
GRC,παπούτσια,17
GRC,κρη,17
GRC,taram,17
GRC,κατσικισιο γ,17
GRC,βερνι,17
GRC,τζιφρ,17
GRC,frapp,17
GRC,coffee ca,17
GRC,Πιπέρι,17
GRC,baking powd,17
GRC,evaporated,17
GRC,αφρόλουτ,17
GRC,dogs,17
GRC,ντοματινα,17
GRC,cootage,17
GRC,Γλυκό,17
GRC,le petit mars,17
GRC,χαρτπ,17
GRC,πλύσιμο στο χέρι,17
GRC,bon mama,17
GRC,negro,17
GRC,σαπούνι χε,17
GRC,καφες φιλτρ,17
GRC,εστραγκον,17
GRC,waffl,17
GRC,aga,17
GRC,σταφύλ,17
GRC,salaf,17
GRC,milch,17
GRC,υγρο απο,17
GRC,ενυδ,17
GRC,Αλ,17
GRC,μωτομαντηλα,17
GRC,πιρού,17
GRC,chipotle,17
GRC,πλαν,17
GRC,la pet,17
GRC,χαρτι ξουζινας,17
GRC,λεμονάδ,17
GRC,icecubes,17
GRC,χαρτι κουζιναδ,17
GRC,gum on,17
GRC,ΚΡΕΜΑ,17
GRC,kate,17
GRC,τραχανά,17
GRC,καγες,17
GRC,inter,17
GRC,γιαούρτι κατσι,17
GRC,nicotine pouches,17
GRC,λαδι κα,17
GRC,Bacon,17
GRC,ευρυκα,17
GRC,tar,17
GRC,bandage,17
GRC,γεύμα,17
GRC,lib,17
GRC,Καλαμποκι,17
GRC,qtips,17
GRC,citron,17
GRC,σακκουλε,17
GRC,leav,17
GRC,virgin,17
GRC,ορο,17
GRC,πορτοκαλο,17
GRC,gonger,17
GRC,καυτ,17
GRC,poweraid,17
GRC,παγωτο κρι κρι,17
GRC,volcanix,17
GRC,υγρό πατω,17
GRC,κριθινα,17
GRC,λιποκα,17
GRC,σακουλες σκουπιδιών,17
GRC,cheesec,17
GRC,φεα,17
GRC,melisa,17
GRC,μαχλεπι,17
GRC,parad,17
GRC,milk 1.5,17
GRC,med,17
GRC,αποριπαν,17
GRC,tonnys,17
GRC,high protei,17
GRC,ξυριστ,17
GRC,φυστικοβούτ,17
GRC,μορω,17
GRC,ΠΑΓ,17
GRC,salamat,17
GRC,monsyer,17
GRC,παλαμας,17
GRC,φυλλα δαφνης,17
GRC,μπριζα,17
GRC,ρυζι κιτρινο,17
GRC,αντισιπτικα,17
GRC,σφουγκαρια,17
GRC,μωρομανυηλα,17
GRC,σπανακορυζ,17
GRC,THOMAS,17
GRC,αισμπεργκ,17
GRC,γιαουρτι πληρες,17
GRC,γαλα σογ,17
GRC,λαδοκολλες,17
GRC,γάλα εβαπ,17
GRC,mimik,17
GRC,πλυντηριου ρουχων,17
GRC,cheese pie,17
GRC,χαρτι ψ,17
GRC,ρεδ,17
GRC,γαρύ,17
GRC,αλπρο,17
GRC,frozen mango,17
GRC,κωσταρελο,17
GRC,poe,17
GRC,όμικρον,17
GRC,αποθη,17
GRC,γαλοπούλα τυρι,17
GRC,sunf,17
GRC,πυρεξ,17
GRC,bres,17
GRC,τσιγαρα καρελια,17
GRC,michi,17
GRC,σοδα λεμονι,17
GRC,cream milk,17
GRC,νερα ε,17
GRC,πατατες κατ,17
GRC,chori,17
GRC,γιαούρτι στραγ,17
GRC,μπέργκερ,17
GRC,vive,17
GRC,ψωμί του τοσ,17
GRC,μασκε,17
GRC,yogurt protein,17
GRC,vergina,17
GRC,Οδο,17
GRC,tenacious greek,17
GRC,υγρό πα,17
GRC,τπυρσι,17
GRC,swch,17
GRC,γαλα μικρο,17
GRC,γάλα χ,17
GRC,Κουβερ,17
GRC,λινγκ,17
GRC,ετοιμα γευμα,17
GRC,veev vape,17
GRC,hot chocolate,17
GRC,blue c,17
GRC,πατάτακια,17
GRC,γάλα βρώμη,17
GRC,αχι,17
GRC,τερρεα,17
GRC,pita bread,17
GRC,Σπα,17
GRC,monto,17
GRC,βαλι,17
GRC,pumkin,17
GRC,μοσχαρίσια,17
GRC,papadopoulos,17
GRC,χυμις,17
GRC,ανθος αρ,17
GRC,lenga,17
GRC,oy,17
GRC,passat,17
GRC,elect,17
GRC,πληγο,17
GRC,tuc,17
GRC,προφιτερ,17
GRC,herba,17
GRC,τενα,17
GRC,ivi,17
GRC,δυσμος,17
GRC,χαρτι κουζιναα,17
GRC,τροφή για γατες,17
GRC,coco po,17
GRC,Havana,17
GRC,becks,17
GRC,λευκο ξιδι,17
GRC,κατεψηγμενα,17
GRC,bale,17
GRC,κό,17
GRC,Σερβιετ,17
GRC,ξυρο,17
GRC,ποτό,17
GRC,μυρω,17
GRC,ψωμι σε φετες,17
GRC,αγγπυρ,17
GRC,hqd,17
GRC,γεμισ,17
GRC,πλαστικά π,17
GRC,Κρητικός,17
GRC,κάψουλες πλ,17
GRC,Ceasars,17
GRC,vegam,17
GRC,κασέρ,17
GRC,ξυρισματος,17
GRC,ροφημα αμυγδ,17
GRC,στοματι,17
GRC,κεζα,17
GRC,lavach,17
GRC,φαρασ,17
GRC,psyllium,17
GRC,new york,17
GRC,Pa,17
GRC,βερνικ,17
GRC,miraval,17
GRC,Αβγά,17
GRC,de cecci,17
GRC,πετσετες θαλασσης,17
GRC,book,17
GRC,μοτσαρέλ,17
GRC,ζελατίνα,17
GRC,γιαουρτθ,17
GRC,χτέ,17
GRC,mocktai,17
GRC,karpea,17
GRC,ψητό κοτόπουλο,17
GRC,παγωτό no sugar,17
GRC,chiq,17
GRC,ντοματοπε,17
GRC,στρι,17
GRC,skinos,17
GRC,Ασετον,17
GRC,μαιδανο,17
GRC,αυγα ελευ,17
GRC,sauvignon blanc,17
GRC,βραστα,17
GRC,αντικολητικο,17
GRC,repe,17
GRC,σταγονες σο,17
GRC,bougatsa,17
GRC,χυμός μήλου,17
GRC,γλι,17
GRC,teriya,17
GRC,sweet p,17
GRC,feri,17
GRC,πιυ,17
GRC,ελεο,17
GRC,suggar,17
GRC,dri,17
GRC,nuxe,17
GRC,ηλεκτρονικό,17
GRC,spam,17
GRC,ρυζόγ,17
GRC,cigarets,17
GRC,Καραμολέγκου,17
GRC,Καλαμ,17
GRC,τριγωνακι,17
GRC,πλαστης,17
GRC,pickel,17
GRC,tex,17
GRC,ψωμι μπ,17
GRC,Πλαστικά ποτήρια,17
GRC,cocopops,17
GRC,ost,17
GRC,τυρι ηπειρος,17
GRC,ισοθερμικο,17
GRC,βενταλια,17
GRC,καταικ,17
GRC,παρκ,17
GRC,capsicum,17
GRC,ειδη καπνου,17
GRC,ben & Jerry's,17
GRC,παλιρροια,17
GRC,golden Virginia,17
GRC,Tortilla,17
GRC,Hellmann's,17
GRC,κατεψυγμένες,17
GRC,πρασσα,17
GRC,αμυγδαλοβουτ,17
GRC,NOYNOY,17
GRC,levi,17
GRC,σκουπο,17
GRC,καλυμ,17
GRC,κρασί ροζε,17
GRC,συμπυ,17
GRC,cuf,17
GRC,chlori,17
GRC,λουρι,17
GRC,στιγμης,17
GRC,Coca c,17
GRC,dif,17
GRC,άμμος γατας,17
GRC,χιχο,17
GRC,ψωμι club,17
GRC,μπαταρίε,17
GRC,baby πα,17
GRC,pampers aqua,17
GRC,ζωγρ,17
GRC,solomos,17
GRC,mentis,17
GRC,κουρκουμ,17
GRC,magiv,17
GRC,Πελτές,17
GRC,χαρτι α4,17
GRC,vus,17
GRC,cinamo,17
GRC,345,17
GRC,Μοσχάρι,17
GRC,panna,17
GRC,ρυζι agrino,17
GRC,cauli,17
GRC,πακοτινι,17
GRC,micelair,17
GRC,syr,17
GRC,danet,17
GRC,μιμίκος,17
GRC,γαριδά,17
GRC,λαστιχάκια,17
GRC,χυμός ανα,17
GRC,ωτοασπίδες,17
GRC,forks,17
GRC,Caesars,17
GRC,κοταζ,17
GRC,λαιμο,17
GRC,De,17
GRC,μαριυλι,17
GRC,fisc,17
GRC,ντοματα χυμος,17
GRC,φέτα τυρί,17
GRC,πουρο,17
GRC,fresh onion,17
GRC,γιαι,17
GRC,αροξολ,17
GRC,κεφιρ protein,17
GRC,scho,17
GRC,Maggi,17
GRC,πελτες ντοματας,17
GRC,gorgon,17
GRC,bufa,17
GRC,σακούλες απορρ,17
GRC,confetti,17
GRC,Χαρτομάντηλα,17
GRC,καροτσ,17
GRC,waf,17
GRC,τροφές,17
GRC,arom,17
GRC,πριζ,17
GRC,bathroom cleaner,17
GRC,φως,17
GRC,ροξ,17
GRC,Βασιλικός,17
GRC,αραβοσιτ,17
GRC,χυμπς,17
GRC,alom,17
GRC,Ma,17
GRC,coffee creamer,17
GRC,αποφρακτ,17
GRC,neac,17
GRC,craft,17
GRC,δημητρο,17
GRC,inox,17
GRC,ξυρισ,17
GRC,χιμο,17
GRC,Τσιγ,17
GRC,κεφιε,17
GRC,dano,17
GRC,μειγμ,17
GRC,μαλακτικό ρο,17
GRC,yougert,17
GRC,πλαστικά πο,17
GRC,σουπε,17
GRC,απλωστ,17
GRC,δονητ,17
GRC,soft co,17
GRC,Teza,17
GRC,σκλαβενι,17
GRC,weetab,17
GRC,sunflo,17
GRC,γαλό,17
GRC,Raid,17
GRC,Τσίχλες,17
GRC,ghost,17
GRC,rice papers,17
GRC,κατεψυγμένα φρουτα,17
GRC,dove deo,17
GRC,φλωρίνης,17
GRC,Μπαρες,17
GRC,μουστοκ,17
GRC,παγωτό χωρίς ζαχαρη,17
GRC,τονοι,17
GRC,adoro cott,17
GRC,penguin,17
GRC,αστρ,17
GRC,χαμομηλ,17
GRC,βελουδακ,17
GRC,κουβερτουρα γαλακτος,17
GRC,σιδερωμα,17
GRC,τράτα,17
GRC,σφουγγάρι μπάνιου,17
GRC,ρυζι κα,17
GRC,most,17
GRC,ζελε γιωτ,17
GRC,birth,17
GRC,plaster,17
GRC,hair removal,17
GRC,colour cat,17
GRC,amos,17
GRC,καθαριστικο λεκανης,17
GRC,ραβιολια,17
GRC,κεφιρ ολυμπος,17
GRC,espresso conc,17
GRC,πυλος,17
GRC,ρυζι μπ,17
GRC,wiskas,17
GRC,gilete,17
GRC,σαλάμι α,17
GRC,ια,17
GRC,νιτσιακ,17
GRC,νερο για σιδερο,17
GRC,omin,17
GRC,ρυζάλευρο,17
GRC,μαντιλακ,17
GRC,στηθος κο,17
GRC,υγρά μαν,17
GRC,κρεμμυδι σκονη,17
GRC,falaf,17
GRC,εολο,17
GRC,αντιβακτ,17
GRC,jambon,17
GRC,Amstel,17
GRC,υπερατου,17
GRC,fabta,17
GRC,χειροπετσέτες,17
GRC,μπαρες δ,17
GRC,ψωμι γερμα,17
GRC,mimiko,17
GRC,rais,17
GRC,πανάκι,17
GRC,Spaghetti,17
GRC,nan 1,17
GRC,κρέμα γάλ,17
GRC,Ρολό,17
GRC,μανυ,17
GRC,χυμος μπανανα,17
GRC,σαγκου,17
GRC,αφρου,17
GRC,συλλεκτης,17
GRC,ξυλάκι,17
GRC,gourmet gold,17
GRC,three friends,17
GRC,βιολογικη,17
GRC,Τορτι,17
GRC,ψαρτ,17
GRC,ice cream vanilla,17
GRC,mini baby,17
GRC,πόδια,17
GRC,cucumbe,17
GRC,στυ,17
GRC,ρυζιού,17
GRC,ντοματιναι,17
GRC,λαβας,17
GRC,γλου,17
GRC,dr beckmann,17
GRC,patc,17
GRC,φρουτα του δασους,17
GRC,zilion,17
GRC,οδονυο,17
GRC,harm,17
GRC,παγωτί,17
GRC,toiletpaper,17
GRC,οκυμπος,17
GRC,aubergine,17
GRC,creta fa,17
GRC,wowch,17
GRC,mul,17
GRC,shira,17
GRC,χυμός πορτο,17
GRC,δαφνο,17
GRC,διαλυμα,17
GRC,ωτοασπιδες,17
GRC,λασ,17
GRC,υγρό σαπουνι,17
GRC,χωριάτικο,17
GRC,τσάνος,17
GRC,παλαμ,17
GRC,κορν φλαουερ,17
GRC,κρέμα σωμ,17
GRC,greip,17
GRC,caso,17
GRC,αρτος,17
GRC,κουπ,17
GRC,γιαουρτι κ,17
GRC,pet chef,17
GRC,yogurt 2,17
GRC,ρεγκ,17
GRC,mua,17
GRC,Fa,17
GRC,πατατρς,17
GRC,ανανασ,17
GRC,σποροι chia,17
GRC,κρεμες γαλακτος,17
GRC,assos,17
GRC,ζωγραφική,17
GRC,φυλλα ρ,17
GRC,Mon,17
GRC,πράσινο τσαι,17
GRC,νυφαδες,17
GRC,οικογενειακό,17
GRC,ρεβυθοα,17
GRC,choco pops,17
GRC,ψωμι hot dog,17
GRC,Nivea men,17
GRC,philip,17
GRC,mozzerella,17
GRC,σιροπι σοκολατα,17
GRC,Motion,17
GRC,roya,17
GRC,ζύμη για,17
GRC,παταρ,17
GRC,οδοντόβουρτσ,17
GRC,Avomi,17
GRC,tesso,17
GRC,nescafw,17
GRC,gari,17
GRC,υλικα,17
GRC,διμ,17
GRC,παστα ντοματας,17
GRC,ζωγρα,17
GRC,γιαούρτι π,17
GRC,νερό καρ,17
GRC,thermo,17
GRC,κοκκινη σαλ,17
GRC,αφρός ξυρ,17
GRC,κουσκου,17
GRC,brezer,17
GRC,μαύρη ζαχαρη,17
GRC,almiron 4,17
GRC,χμ,17
GRC,λιποκαθαριστης,17
GRC,κρέμα καρ,17
GRC,σαπουνι πι,17
GRC,poma,17
GRC,dalf,17
GRC,πορτοκαλαδες,17
GRC,artichoke,17
GRC,γιαούρτι Όλυμπος,17
GRC,κρικρ,17
GRC,απορρυπαντικα ρουχων,17
GRC,rosso,17
GRC,ολυμπος για,17
GRC,γρε,17
GRC,μαύρη σο,17
GRC,veggies,17
GRC,συμα,17
GRC,ζαχαρωτά,17
GRC,εβλογ,17
GRC,cordo,17
GRC,χαρτι υγεοας,17
GRC,demake,17
GRC,καγε,17
GRC,chicken nugg,17
GRC,μά,17
GRC,φαλάφελ,17
GRC,αγρόκηπος,17
GRC,εμεντ,16
GRC,ξυνο νερό,16
GRC,κουβρ,16
GRC,Rio,16
GRC,cheese cake,16
GRC,hazel,16
GRC,johnnie,16
GRC,εντομω,16
GRC,rice milk,16
GRC,σκονη πλυν,16
GRC,νιτριλιου,16
GRC,chitos,16
GRC,σγουγγ,16
GRC,μαχαιροπιρουνα,16
GRC,tips,16
GRC,γιαουρτι βιο,16
GRC,φυστικιβουτυρο,16
GRC,PROTEIN,16
GRC,pico,16
GRC,Paloma,16
GRC,χυμός το,16
GRC,veev pods,16
GRC,rame,16
GRC,ισοθ,16
GRC,μπουκιες,16
GRC,μοσχοκαρυ,16
GRC,Παξιμαδια,16
GRC,αλατι χον,16
GRC,roy,16
GRC,HELL,16
GRC,γαμτ,16
GRC,Greek yo,16
GRC,κονι,16
GRC,Μαλακ,16
GRC,σπορους,16
GRC,noz,16
GRC,nats,16
GRC,Ολύμπος,16
GRC,elixir,16
GRC,strongbow,16
GRC,καρυδοψ,16
GRC,σιρόπι καραμέλα,16
GRC,Σακ,16
GRC,στο φουρνο,16
GRC,μπάρες δημ,16
GRC,ψψ,16
GRC,μαύρο πιπέρι,16
GRC,Το,16
GRC,ρυζι γλας,16
GRC,for,16
GRC,carpo,16
GRC,φρπ,16
GRC,thermometer,16
GRC,herbal essence,16
GRC,σκληρο τυρι,16
GRC,μαρμελαδα χωρις,16
GRC,ρθζι,16
GRC,ruce,16
GRC,omega,16
GRC,τονατες,16
GRC,γθ,16
GRC,σοκολάτα μαύρη,16
GRC,ακουστ,16
GRC,κατσαβιδι,16
GRC,ψωμι πολυσπορο,16
GRC,τορτιγε,16
GRC,γλυκισματα,16
GRC,τόφο,16
GRC,Κεικ,16
GRC,βοτυρο,16
GRC,χαβι,16
GRC,sayce,16
GRC,γαλοπιυλα,16
GRC,μτοματινια,16
GRC,kuki,16
GRC,dolce gust,16
GRC,απάκι,16
GRC,γιοαυ,16
GRC,μαλι,16
GRC,κέ,16
GRC,Αρακάς,16
GRC,goda,16
GRC,brn,16
GRC,συμπυκνωμενο,16
GRC,marm,16
GRC,οσπρι,16
GRC,ρολακια,16
GRC,στιγμιαι,16
GRC,καραμέ,16
GRC,feta light,16
GRC,υγρά μ,16
GRC,pampers p,16
GRC,serrano,16
GRC,smarti,16
GRC,φιλετακια,16
GRC,χαρτομάντ,16
GRC,orep,16
GRC,captain iglo,16
GRC,κεε,16
GRC,μαξιλα,16
GRC,cream crack,16
GRC,πλαστικα π,16
GRC,leo,16
GRC,νερά μικρα,16
GRC,carots,16
GRC,παρωμα,16
GRC,παγωμενα,16
GRC,bay leaf,16
GRC,yi,16
GRC,μπισκότα βρώμης,16
GRC,μηλόξυδο,16
GRC,λευκά,16
GRC,grinder,16
GRC,αλκοολο,16
GRC,terrea russet,16
GRC,antiba,16
GRC,kiosky,16
GRC,beri,16
GRC,φρουτα κατε,16
GRC,candl,16
GRC,sauerkraut,16
GRC,toilette,16
GRC,σταρ,16
GRC,braz,16
GRC,brit,16
GRC,Μακα,16
GRC,esspreso,16
GRC,almond m,16
GRC,Μπαταριες,16
GRC,εντομοαποθητικο,16
GRC,αντιβακτη,16
GRC,protein garden,16
GRC,μπαλακια,16
GRC,αγελαδινό,16
GRC,κρπυτον,16
GRC,dishwasher salt,16
GRC,gummy bears,16
GRC,ristora,16
GRC,τυρι arla,16
GRC,ψυγε,16
GRC,Country,16
GRC,phy,16
GRC,concentrated,16
GRC,μετε,16
GRC,σελλια,16
GRC,Fish,16
GRC,coconat,16
GRC,κωσταρέλος,16
GRC,αγκουρ,16
GRC,ενυδατικη κρεμα,16
GRC,χυμός βύσσινο,16
GRC,eggd,16
GRC,conditione,16
GRC,τσουρεκακια,16
GRC,l'oreal,16
GRC,κτο,16
GRC,saf,16
GRC,Τοματ,16
GRC,Προ,16
GRC,pamb,16
GRC,τπστ,16
GRC,τροφη γατα,16
GRC,γυαου,16
GRC,black olives,16
GRC,frta,16
GRC,ντακα,16
GRC,κινε,16
GRC,αω,16
GRC,lotto,16
GRC,ΧΛΩΡΙΝΗ,16
GRC,σολωμος καπνιστος,16
GRC,kam,16
GRC,δακ,16
GRC,philadelph,16
GRC,alpil,16
GRC,supli,16
GRC,κικ,16
GRC,λευκό τυρ,16
GRC,skip υγρο,16
GRC,καφες κ,16
GRC,σκουπακι,16
GRC,sweet wine,16
GRC,καθαριστικο πατω,16
GRC,κρενα,16
GRC,ψυλ,16
GRC,νηστίσιμ,16
GRC,ζωμος κοτας,16
GRC,Καπνος,16
GRC,γαλοπούλα καπνιστη,16
GRC,φτυ,16
GRC,louk,16
GRC,ημ,16
GRC,ζαχαροπλα,16
GRC,υπνο,16
GRC,σακουλάκια τροφίμων,16
GRC,κουνερτουρα,16
GRC,γιαούρτι στρ,16
GRC,πανά,16
GRC,τράπουλα,16
GRC,capuc,16
GRC,αβοκανυο,16
GRC,mozzer,16
GRC,silvo,16
GRC,Καπ,16
GRC,fenistil,16
GRC,το μάννα,16
GRC,danon,16
GRC,γεν,16
GRC,salt chips,16
GRC,dusty,16
GRC,τιγανη,16
GRC,αλευρι αμυγ,16
GRC,θυμια,16
GRC,thai,16
GRC,splasher,16
GRC,αυτοκίνητο,16
GRC,pelmeni,16
GRC,belgian,16
GRC,avga,16
GRC,Μασσαλίας,16
GRC,καρολίνα,16
GRC,banane,16
GRC,cottage adoro,16
GRC,Πετσέτα,16
GRC,ΜΩΡΟΜΑΝΤΗΛΑ,16
GRC,υγεο,16
GRC,Nero,16
GRC,πανες μαγιο,16
GRC,προφυλακτικ,16
GRC,βιολογικό γάλα,16
GRC,κάδος,16
GRC,σοκολάτα χωρίς,16
GRC,ηαλ,16
GRC,γιαούρτι φάγε,16
GRC,pampers night,16
GRC,terea beige,16
GRC,ψυλλιο,16
GRC,κολυ,16
GRC,Σολωμος,16
GRC,θρ,16
GRC,γιαουρτι τοταλ,16
GRC,blackberry,16
GRC,head a,16
GRC,Φρυ,16
GRC,σπορελαι,16
GRC,χυμός ανανα,16
GRC,garam,16
GRC,bback,16
GRC,ξινογαλα,16
GRC,χωρις γλουτ,16
GRC,out,16
GRC,τυρας,16
GRC,μωρομαντξλα,16
GRC,tereq,16
GRC,flex,16
GRC,micellair,16
GRC,σακουλες χαλιων,16
GRC,margarin,16
GRC,parsely,16
GRC,bicarbonate,16
GRC,ξινομερο,16
GRC,χάρτινα,16
GRC,κουνούπ,16
GRC,τορτο,16
GRC,prov,16
GRC,tirq,16
GRC,μπιτ,16
GRC,πδοντοβουρτσα,16
GRC,κοκκινες,16
GRC,σαλάμ,16
GRC,guinness,16
GRC,προσώπου,16
GRC,nail clipper,16
GRC,κουλουρακ,16
GRC,topps,16
GRC,chino,16
GRC,δοδα,16
GRC,παγωτό οικο,16
GRC,ξαν,16
GRC,fresh juice,16
GRC,rio mar,16
GRC,mexica,16
GRC,Πένες,16
GRC,καφες κοκκοι,16
GRC,νεροπίστολο,16
GRC,χυμος μ,16
GRC,kinder cards,16
GRC,ισοτονικα,16
GRC,Παρμεζ,16
GRC,ΑΑΑ,16
GRC,mac n cheese,16
GRC,καλαμποκογκο,16
GRC,pasa,16
GRC,water still,16
GRC,musl,16
GRC,πιπιλες,16
GRC,parilia,16
GRC,κονσέρβ,16
GRC,μικρα νερα,16
GRC,γάλα χωρίς λα,16
GRC,prt,16
GRC,triple se,16
GRC,κρέμα κα,16
GRC,πουτιν,16
GRC,καφες ελλην,16
GRC,γιαουρτάκι,16
GRC,weight,16
GRC,ΚΑ,16
GRC,tum,16
GRC,proten,16
GRC,zip bag,16
GRC,μιλφει,16
GRC,υγρο φακων,16
GRC,aegean tonic,16
GRC,όλυμπο,16
GRC,espe,16
GRC,ακουαφορτε,16
GRC,mex,16
GRC,κρεμα αποτριχωσης,16
GRC,Ανα,16
GRC,αλειμμ,16
GRC,mara,16
GRC,σελοτε,16
GRC,Κρουτον,16
GRC,ας μα,16
GRC,slime,16
GRC,babylino 7,16
GRC,hug,16
GRC,κουβερο,16
GRC,νορι,16
GRC,αππορ,16
GRC,terea b,16
GRC,μαρουλο,16
GRC,terea bron,16
GRC,παρν,16
GRC,aqua forte,16
GRC,πιττα,16
GRC,Χυμό,16
GRC,μαξ,16
GRC,sf,16
GRC,σαλάτε,16
GRC,δερβ,16
GRC,Σταφ,16
GRC,λοσιο,16
GRC,μακαρόνια νο,16
GRC,Κορν,16
GRC,γαντια νιτρι,16
GRC,nesspresso,16
GRC,μπάμ,16
GRC,Nesca,16
GRC,shusi,16
GRC,Illy,16
GRC,nee,16
GRC,white monster,16
GRC,muf,16
GRC,τσαντα παραλιας,16
GRC,heets,16
GRC,χορτο,16
GRC,καφρς,16
GRC,aoste,16
GRC,cca,16
GRC,sensodyn,16
GRC,σκληρο,16
GRC,κάνναβη,16
GRC,ετοιμα γευμ,16
GRC,γαρύφ,16
GRC,Μπάρμπα,16
GRC,kechup,16
GRC,fish stick,16
GRC,βρωμι,16
GRC,πληντυριο πιατων,16
GRC,eye liner,16
GRC,μουσλ,16
GRC,Starb,16
GRC,δακου,16
GRC,babylino 4,16
GRC,αφρος ξυρισμ,16
GRC,mona,16
GRC,κωσ,16
GRC,Be,16
GRC,φυλλο κ,16
GRC,cocca,16
GRC,fof,16
GRC,Old,16
GRC,Ketchup,16
GRC,σιροπι αγα,16
GRC,asi,16
GRC,ketsu,16
GRC,bace,16
GRC,χαρτοπετσέτ,16
GRC,Όλυμπος γαλα,16
GRC,moscat,16
GRC,αλατων,16
GRC,bake rols,16
GRC,bronz,16
GRC,κρυθαρακι,16
GRC,χωρίς γλουτ,16
GRC,Κάμπος Χίου,16
GRC,russian,16
GRC,ξινονε,16
GRC,ελληνικό,16
GRC,street,16
GRC,εμε,16
GRC,ραπανα,16
GRC,Πλαστικά,16
GRC,κατσικίσιο γαλα,16
GRC,pizza fan,16
GRC,στριφτη,16
GRC,Ne,16
GRC,ανεμιστη,16
GRC,μαλαγουζιά,16
GRC,αναψυξτικα,16
GRC,καπελα,16
GRC,καραμπ,16
GRC,Καφ,16
GRC,Dirollo,16
GRC,zeri,16
GRC,alpi,16
GRC,ντοματεα,16
GRC,beril,16
GRC,mach 3,16
GRC,εοδοπη,16
GRC,kanaki,16
GRC,ινδικη,16
GRC,klenex,16
GRC,ατμο,16
GRC,Ζα,16
GRC,παττα,16
GRC,barley,16
GRC,μαλακυικο,16
GRC,φινο,16
GRC,χυμος πορ,16
GRC,γάλα κακαο,16
GRC,απισ,16
GRC,σεεβιετες,16
GRC,Σαλάμι,16
GRC,dakos,16
GRC,scissor,16
GRC,parmiggiano,16
GRC,μαντηλά,16
GRC,rump,16
GRC,sour dough,16
GRC,mortade,16
GRC,cabb,16
GRC,carel,16
GRC,bos,16
GRC,mulk,16
GRC,bees bro,16
GRC,σαμπυαν,16
GRC,φιαλη,16
GRC,απορρυπαντικο πλυ,16
GRC,βουτυρα,16
GRC,gummi,16
GRC,μυρτιλλ,16
GRC,arian,16
GRC,σοκολατα υγεια,16
GRC,μουστοκου,16
GRC,ολυμπος κατσικισιο,16
GRC,τυρι γραβιερα,16
GRC,μειγμα για,16
GRC,γελοπουλα,16
GRC,σουροτ,16
GRC,fler,16
GRC,γαλλα,16
GRC,Δέλτα advance,16
GRC,swiffer wet,16
GRC,air freshner,16
GRC,like,16
GRC,kafes,16
GRC,κολοκυθόσπορος,16
GRC,yellow cheese,16
GRC,laya,16
GRC,σφπ,16
GRC,gullon,16
GRC,γαλα ολυμπο,16
GRC,τεστ ε,16
GRC,όλυμπ,16
GRC,απιονισμένο νερό,16
GRC,βοσινάκη,16
GRC,μακαρπνια,16
GRC,κρεμα σώματος,16
GRC,άνθος αρα,16
GRC,mega,16
GRC,casoli,16
GRC,wggs,16
GRC,μαιδα,16
GRC,worcester,16
GRC,strat,16
GRC,πολυμπαγκ,16
GRC,απορριμμάτων,16
GRC,νιυνου,16
GRC,country chip,16
GRC,διατροφ,16
GRC,karav,16
GRC,allways,16
GRC,sulfate,16
GRC,μωτο,16
GRC,florina,16
GRC,αφρώδης,16
GRC,north,16
GRC,υγρό καθαριστικό,16
GRC,διαφα,16
GRC,mass,16
GRC,θερμοπρο,16
GRC,lasag,16
GRC,tubiflo,16
GRC,κλαμ,16
GRC,schee,16
GRC,Fruit,16
GRC,καρρ,16
GRC,pao,16
GRC,soap bar,16
GRC,μυλοξιδο,16
GRC,σοδα μαγ,16
GRC,croissan,16
GRC,γλυκοξιν,16
GRC,orange j,16
GRC,slice,16
GRC,Τομα,16
GRC,mrbeast,16
GRC,Φασόλια,16
GRC,μεσο,16
GRC,μαστί,16
GRC,picles,16
GRC,gri,16
GRC,afr,16
GRC,προσεκο,16
GRC,blue berries,16
GRC,ben & jer,16
GRC,πατατσ,16
GRC,γαλλι,16
GRC,κολοκυθάκι,16
GRC,sauvi,16
GRC,χαρτοπετσες,16
GRC,kaf,16
GRC,corri,16
GRC,παγωτό γιαούρτι,16
GRC,νονου,16
GRC,sec,16
GRC,Bake rolls,16
GRC,backing,16
GRC,στοματ,16
GRC,lip gloss,16
GRC,baby milk,16
GRC,peeling,16
GRC,sunscree,16
GRC,καραμελωμενα,16
GRC,αγελαδι,16
GRC,τυροκομικά,16
GRC,gluten-free,16
GRC,αμαξι,16
GRC,χαρι υγειας,16
GRC,κορν φλε,16
GRC,moh,16
GRC,ρυζιγ,16
GRC,frozen fish,16
GRC,κατσικίσι,16
GRC,mond,16
GRC,γαλα απαχο,16
GRC,γαλοποθλα,16
GRC,δαμασκινα,16
GRC,cajun,16
GRC,τονατινια,16
GRC,sci,16
GRC,πανακια καθαρισμου,16
GRC,κατεψυγμένα φρ,16
GRC,χυμος πορτοκα,16
GRC,parma ham,16
GRC,spf50,16
GRC,ρύζο,16
GRC,ανθος αραβ,16
GRC,coca colq,16
GRC,ολυμπος βιο,16
GRC,ειδ,16
GRC,καραμελωμε,16
GRC,yea,16
GRC,muratt,16
GRC,Candy,16
GRC,καθαρισμός προσώπου,16
GRC,sirac,16
GRC,sweefer,16
GRC,bee brod,16
GRC,αγε,16
GRC,καθαρισμος προσωπου,16
GRC,ψιλ,16
GRC,σησαμι,16
GRC,εντομοαπωθητ,16
GRC,igl,16
GRC,σιδ,16
GRC,Activia,16
GRC,lemon soda,16
GRC,γιαουρτι κατσ,16
GRC,ρόφημα αμυγ,16
GRC,τρουφας,16
GRC,CBD,16
GRC,rice vin,16
GRC,μασσαλ,16
GRC,έντομο,16
GRC,ox,16
GRC,κότατζ,16
GRC,lait,16
GRC,Meat,16
GRC,corta,16
GRC,τυρι τρο,16
GRC,stel,16
GRC,ριζυ,16
GRC,souf,16
GRC,κατσικισια,16
GRC,σλαατα,16
GRC,chocolate powder,16
GRC,μαλακρ,16
GRC,haze,16
GRC,ντοματοχυμ,16
GRC,όλυ,16
GRC,klo,16
GRC,ευχε,16
GRC,digestives,16
GRC,παστραμι,16
GRC,fishst,16
GRC,χυμός λε,16
GRC,ω3,16
GRC,σκόνη σκορδο,16
GRC,cooking spray,16
GRC,ice lolly,16
GRC,χαρτοτ,16
GRC,pantr,16
GRC,Κρεμμυδι,16
GRC,parmegi,16
GRC,καφές φιλ,16
GRC,ζαρο,16
GRC,γάλα ολυμ,16
GRC,eth,16
GRC,Σολομος,16
GRC,ανοιχτη,16
GRC,μπεργ,16
GRC,soft c,16
GRC,ομπ,16
GRC,tirotre,16
GRC,κουακ,16
GRC,Cola zero,16
GRC,παραδοσιακη,16
GRC,ροφημα σογιας,16
GRC,καπε,16
GRC,country c,16
GRC,σακπουαν,16
GRC,protrin,16
GRC,ζο,16
GRC,σκονη κακαο,16
GRC,νερο απιο,16
GRC,decaff,16
GRC,χωνακια παγωτου,16
GRC,greek salad,16
GRC,πιε,16
GRC,χθμ,16
GRC,βουτυρου,16
GRC,gnoch,16
GRC,πολυπρ,16
GRC,IPA,16
GRC,chamo,16
GRC,lipos,16
GRC,m m,16
GRC,μπισκοτα πτι μπερ,16
GRC,ρόφημα αμ,16
GRC,tobler,16
GRC,διαβολακο,16
GRC,νουτλς,16
GRC,προσπ,16
GRC,frizo,16
GRC,ευαίσθητη περιοχή,16
GRC,κρασί ροζέ,16
GRC,Parmesan,16
GRC,καρουα,16
GRC,sero,16
GRC,μωρομάντηλ,16
GRC,oniom,16
GRC,ευζογκοφρετες,16
GRC,αφρολουτρο dove,16
GRC,ψωμι του τοσυ,16
GRC,ωμο,16
GRC,ελευθ,16
GRC,cp,16
GRC,λαδακι μαλλιων,16
GRC,torres,16
GRC,Onion,16
GRC,ποδ,16
GRC,risto,16
GRC,ψυγ,16
GRC,κομμα,16
GRC,ηλιέ,16
GRC,cherry tom,16
GRC,μωρομανρηλα,16
GRC,πορτοκαλοα,16
GRC,κανται,16
GRC,τόνος σε νερό,16
GRC,καφετιερα,16
GRC,υγρα μαντηλα,16
GRC,Καφέ,16
GRC,μπυρεσ,16
GRC,χωρί,16
GRC,μονωτικη,16
GRC,Χρυσή ζυμη,16
GRC,πράσ,16
GRC,κουτες,16
GRC,wasab,16
GRC,brr,16
GRC,μπουτι κοτοπουλο,16
GRC,πινέλο,16
GRC,χρυσα,16
GRC,gold touch,16
GRC,lime juice,16
GRC,xero,16
GRC,Häagen-Dazs,16
GRC,πλυντηρίου πιάτων,16
GRC,πουμαρό,16
GRC,παγωτο στεβια,16
GRC,ετοιμη,16
GRC,χαρτομάν,16
GRC,χερτι,16
GRC,scrab,16
GRC,roe,16
GRC,Μανιτ,16
GRC,baby potato,16
GRC,μίξερ,16
GRC,χωρίς ζαχαρ,16
GRC,βαλσά,16
GRC,the bees bros,16
GRC,πανιμαδι,16
GRC,μτ,16
GRC,ροφημα αμυγδα,16
GRC,τορτίγιας,16
GRC,αλευρι 00,16
GRC,Ξηροί καρποί,16
GRC,παριχα,16
GRC,μαλλινα,16
GRC,λιναροσπορο,16
GRC,χυμος ν,16
GRC,μακαρονια για παστιτσιο,16
GRC,γκρεκα,16
GRC,praw,16
GRC,Jacob,16
GRC,τυρι τρμενο,16
GRC,mayona,16
GRC,katelia,16
GRC,θυμά,16
GRC,ζύμη πίτσας,16
GRC,bechamel,16
GRC,Λεμονάδα,16
GRC,γάλα κατσικ,16
GRC,φουρ,16
GRC,Tonic,16
GRC,φαρμα κουκα,16
GRC,ΖΕΛΕ,16
GRC,λεμονη,16
GRC,κοχυλακι,16
GRC,κετααπ,16
GRC,κουλουρακι,16
GRC,curl cream,16
GRC,rice vi,16
GRC,chevre,16
GRC,συμπυκ,16
GRC,μπυρα αλφα,16
GRC,vola,16
GRC,philips,16
GRC,ροφημα αμυγ,16
GRC,Ελασσόνα,16
GRC,stru,16
GRC,φαγε γιαουρτι,16
GRC,αφουγ,16
GRC,nescafe espresso concentrate,16
GRC,οδοντοκρεμα παιδικη,16
GRC,κοτπ,16
GRC,serano,16
GRC,γισου,16
GRC,nail polish remover,16
GRC,καρυδα τριμμενη,16
GRC,wet hanki,16
GRC,0 sugar,16
GRC,πετιμεζι,16
GRC,μπισκοτα πτι,16
GRC,γάλα κατσικι,16
GRC,caotoni,16
GRC,λιπη,16
GRC,υποστρ,16
GRC,γιαούρτι σ,16
GRC,masou,16
GRC,tiram,16
GRC,οσοντο,16
GRC,χυμός μήλο,16
GRC,ζωγράφος,16
GRC,κρισπις,16
GRC,Καρότο,16
GRC,μπρίκι,16
GRC,σουσά,16
GRC,ψωμί του το,16
GRC,oatlt,16
GRC,φυστίκ,16
GRC,πιτου,16
GRC,been,16
GRC,ef,16
GRC,arrab,16
GRC,σκεύος,15
GRC,knotr,15
GRC,κοτοπουλο πανε,15
GRC,μουσταρσα,15
GRC,ριγκατόνι,15
GRC,ηυδι,15
GRC,αγελαδίτσα,15
GRC,βάλσαμο,15
GRC,corn oil,15
GRC,σιροπι σ,15
GRC,Καρύδα,15
GRC,ελασσονας,15
GRC,γάλα κ,15
GRC,organic fruit,15
GRC,φορμα για κεικ,15
GRC,δενδ,15
GRC,gouda cheese,15
GRC,πανες ακράτειας,15
GRC,παταρα,15
GRC,barbequ,15
GRC,whole milk,15
GRC,ρύζι κα,15
GRC,Πιτες,15
GRC,MA,15
GRC,κουβερου,15
GRC,elies,15
GRC,foud,15
GRC,νυοματα,15
GRC,Αβγα,15
GRC,fun,15
GRC,δοχ,15
GRC,φιλέτο κοτοπουλο,15
GRC,ΑΛΑΤΙ,15
GRC,λεκάνης,15
GRC,αναλατ,15
GRC,mascarpon,15
GRC,THREE,15
GRC,σιτρ,15
GRC,σκόνη σκόρδο,15
GRC,olive paste,15
GRC,μπλοκ ζωγραφικης,15
GRC,terea yellow,15
GRC,watrr,15
GRC,kik,15
GRC,Apple juice,15
GRC,σφπυγγ,15
GRC,φιλετο κοτ,15
GRC,αλοθ,15
GRC,Όλυμπος γιαούρτι,15
GRC,μπαρμπα σ,15
GRC,κερκυρας,15
GRC,scan,15
GRC,κρεμα γαλκτος,15
GRC,disinfectant,15
GRC,ελις,15
GRC,Μπανάνα,15
GRC,μελα,15
GRC,ice creams,15
GRC,copa,15
GRC,kombuch,15
GRC,νυομα,15
GRC,watr,15
GRC,μοισκοτα,15
GRC,βατομουρ,15
GRC,νερο μεγαλο,15
GRC,space,15
GRC,tortell,15
GRC,Fitness meals,15
GRC,rubbish,15
GRC,δώρο,15
GRC,tag,15
GRC,καω,15
GRC,παπουτς,15
GRC,σφουγαρ,15
GRC,κριτσίν,15
GRC,πιτσιν,15
GRC,ρέγγα,15
GRC,flokos,15
GRC,Ben and je,15
GRC,ses,15
GRC,emment,15
GRC,raspbe,15
GRC,σεντονι,15
GRC,φετα χωριο,15
GRC,κουλουρά,15
GRC,χυμοε,15
GRC,χαρτι κιυζινας,15
GRC,μανιταρο,15
GRC,τριμμα,15
GRC,edel,15
GRC,επιθεματα,15
GRC,μπθρα,15
GRC,sweat,15
GRC,σαποθ,15
GRC,πυρο,15
GRC,μπας,15
GRC,Μανι,15
GRC,χυμος τομ,15
GRC,τροφή για σκύλους,15
GRC,πουμαρι,15
GRC,σάλτσα για πίτσα,15
GRC,punk,15
GRC,Λουκ,15
GRC,γιαορ,15
GRC,γαλα φυ,15
GRC,παιδικη,15
GRC,γαλα πλ,15
GRC,negr,15
GRC,edelmeister,15
GRC,avocados,15
GRC,karpouzi,15
GRC,γαλατά,15
GRC,πιτσας,15
GRC,Πουρες,15
GRC,herbal tea,15
GRC,cupcakes,15
GRC,τροφή σκύλου,15
GRC,υγρο απορρ,15
GRC,Μυζήθρα,15
GRC,Οδοντοκ,15
GRC,εμφιαλωμένο νερό,15
GRC,σοκολάτα στεβια,15
GRC,πεγωτα,15
GRC,σκραμπ,15
GRC,συμπυκν,15
GRC,επιδορπιο γιαο,15
GRC,greek yogh,15
GRC,κιτ κατ,15
GRC,scheppes,15
GRC,λάδι μαλλιων,15
GRC,κρεμα ζαχα,15
GRC,απακ,15
GRC,turborg,15
GRC,tteok,15
GRC,γλυφιτζ,15
GRC,κράνμπερι,15
GRC,cadbur,15
GRC,three c,15
GRC,πατστες,15
GRC,φύκια,15
GRC,κλαμε,15
GRC,λευκό ξ,15
GRC,monk,15
GRC,Φρουτ,15
GRC,Βαφές μαλλιων,15
GRC,wt,15
GRC,vegan pesto,15
GRC,σιλικονη,15
GRC,εβο,15
GRC,kri kr,15
GRC,100ml,15
GRC,ανθρακούχο ν,15
GRC,Titan,15
GRC,μμμ,15
GRC,κρεατικά,15
GRC,μονοκε,15
GRC,brazilian nuts,15
GRC,jasmi,15
GRC,ζομος,15
GRC,κουοπου,15
GRC,mim,15
GRC,zy,15
GRC,throat,15
GRC,πθ,15
GRC,lips,15
GRC,βικος κολα,15
GRC,συνκα,15
GRC,gillett,15
GRC,vienetta,15
GRC,chiv,15
GRC,besel,15
GRC,τριβ,15
GRC,crodi,15
GRC,τυρι ολυμπος,15
GRC,ζάχαρη καρύδας,15
GRC,καλσ,15
GRC,ζεμύθα,15
GRC,μασκα θαλασσης,15
GRC,Πιπερια,15
GRC,Sa,15
GRC,capre,15
GRC,μαυρι,15
GRC,Κρ,15
GRC,tapas,15
GRC,lizi,15
GRC,γάλα σ,15
GRC,μαγειρικη σ,15
GRC,pampers 7,15
GRC,μηλό,15
GRC,κουρού,15
GRC,σκλη,15
GRC,Soy,15
GRC,crispi,15
GRC,οξυζενέ,15
GRC,κρέμα μαλλ,15
GRC,food bags,15
GRC,εκχυλ,15
GRC,protein τυρι,15
GRC,γαλα σκονη,15
GRC,maxi,15
GRC,κίτρινο,15
GRC,korre,15
GRC,μύ,15
GRC,ξυς,15
GRC,ei,15
GRC,distilled water,15
GRC,alcho,15
GRC,αφρπ,15
GRC,κουτια,15
GRC,λαδια,15
GRC,puff pastry,15
GRC,παγίδες,15
GRC,gusto,15
GRC,adoro co,15
GRC,bonavita,15
GRC,σοκολαυα,15
GRC,jakobs,15
GRC,Ντ,15
GRC,tripl,15
GRC,burger ψωμι,15
GRC,σοκολατα παυλιδης,15
GRC,turboflo,15
GRC,Τυρί κρεμα,15
GRC,νερά μικρά,15
GRC,θερμομ,15
GRC,night,15
GRC,παπρικα γλυκια,15
GRC,durex play,15
GRC,αλευρι φαρινα,15
GRC,φασκομηλο,15
GRC,μοσχατ,15
GRC,scand,15
GRC,υγρό χεριών,15
GRC,μπαναες,15
GRC,ηπειρος ελαφρυ,15
GRC,citro,15
GRC,wiskey,15
GRC,Coca co,15
GRC,μαλακτιξο,15
GRC,skimmed milk,15
GRC,dr p,15
GRC,ΠΑΓΩΤ,15
GRC,Ben's,15
GRC,στιφτης,15
GRC,karp,15
GRC,wil,15
GRC,κςφιρ,15
GRC,ξυνογαλο,15
GRC,rio m,15
GRC,flatbread,15
GRC,αποφλ,15
GRC,κολων,15
GRC,crep,15
GRC,milkshake,15
GRC,ρυζι σουσι,15
GRC,magik,15
GRC,kerrygol,15
GRC,chloe,15
GRC,Γλυκοπατάτα,15
GRC,toothbr,15
GRC,mascot,15
GRC,παγωτκ,15
GRC,toilet brush,15
GRC,Choco,15
GRC,τοστακι,15
GRC,σαπουνι προσω,15
GRC,αλεύρι βρ,15
GRC,φετα μαλακη,15
GRC,μτομ,15
GRC,ταλι,15
GRC,πομαδα,15
GRC,ξυνόνερο,15
GRC,Αγγουρια,15
GRC,musc,15
GRC,tagliatelle,15
GRC,whispering,15
GRC,goat yogurt,15
GRC,Φασολάκια,15
GRC,soinach,15
GRC,nutella ice cream,15
GRC,luroak,15
GRC,πατατες τηγανητες,15
GRC,diap,15
GRC,sprite zer,15
GRC,magic salted,15
GRC,σιροπι α,15
GRC,ουτυρο,15
GRC,παρμεν,15
GRC,fettu,15
GRC,ready to eat,15
GRC,yogut,15
GRC,σαπουνι υγρο,15
GRC,pada,15
GRC,εντομοαποθ,15
GRC,ενυδατι,15
GRC,μπθσκοτα,15
GRC,ουρο,15
GRC,dije,15
GRC,καφε καψουλες,15
GRC,sourcream,15
GRC,ήβη,15
GRC,Σαλατες,15
GRC,νέο,15
GRC,κουρο,15
GRC,ΧΑ,15
GRC,tobl,15
GRC,tobacc,15
GRC,celimax,15
GRC,κροκε,15
GRC,κη,15
GRC,περίπτερο,15
GRC,μαντηλακια καθαρισμου,15
GRC,παρμεζαβα,15
GRC,παγωτό ξυλάκι,15
GRC,καλαμαρακι,15
GRC,ετπιμα,15
GRC,cit,15
GRC,μανταλά,15
GRC,nescafr,15
GRC,αγγοθρι,15
GRC,βρεφικό γάλα,15
GRC,χαντ,15
GRC,ισοτο,15
GRC,cli,15
GRC,neska,15
GRC,σισαμ,15
GRC,market in,15
GRC,κατεψυγμενα φ,15
GRC,τυρι ligh,15
GRC,rom,15
GRC,σελατα,15
GRC,γιαουρτι λακτοζη,15
GRC,birthday candles,15
GRC,lenir,15
GRC,Λου,15
GRC,τυρί li,15
GRC,pampers premium care pants,15
GRC,γεμ,15
GRC,patak,15
GRC,λαμπε,15
GRC,ricecakes,15
GRC,dove body,15
GRC,Advance,15
GRC,nescafe conc,15
GRC,ov,15
GRC,Ρυζόγαλο,15
GRC,cleaning spray,15
GRC,Μπατ,15
GRC,μπάρμπα στάθης,15
GRC,στριφ,15
GRC,μακαρονια νο,15
GRC,Δημ,15
GRC,Σπανα,15
GRC,κοτιν,15
GRC,κουβερτούρ,15
GRC,Φρεσκουλης,15
GRC,τεστ εγκυμοσυνης,15
GRC,Ροδ,15
GRC,So,15
GRC,teria,15
GRC,ψωμί φρέσκο,15
GRC,Cream cheese,15
GRC,καπακι,15
GRC,υγρομαντιλα,15
GRC,γαλα εβαπ,15
GRC,snatt,15
GRC,τυράκια,15
GRC,παξιμαδο,15
GRC,κρεμα καρ,15
GRC,σιροπι σφενδαμου,15
GRC,οδοντικρεμα,15
GRC,bad apple,15
GRC,λουλουδ,15
GRC,juc,15
GRC,soft fuse,15
GRC,γαλοπουκα,15
GRC,οδοντρ,15
GRC,αλατι πλυντ,15
GRC,kotsovolos,15
GRC,water 1l,15
GRC,τορτιγιας,15
GRC,μπυρες ανευ,15
GRC,worces,15
GRC,θα,15
GRC,δημητρα,15
GRC,Mere,15
GRC,cold coffee,15
GRC,πανκεικ,15
GRC,fuji,15
GRC,bar soap,15
GRC,net,15
GRC,λαδερα,15
GRC,στιγμιαιο,15
GRC,γαλιπ,15
GRC,after bite,15
GRC,ντολμαδακι,15
GRC,εμφιαλωμε,15
GRC,cline,15
GRC,βερμουτ,15
GRC,μισ,15
GRC,γρανίτ,15
GRC,sunfl,15
GRC,μπαμανες,15
GRC,seas,15
GRC,shar,15
GRC,yugort,15
GRC,ec,15
GRC,yum earth,15
GRC,θαλ,15
GRC,πιά,15
GRC,αλευρι χωρις γλουτενη,15
GRC,sko,15
GRC,φασι,15
GRC,ip,15
GRC,white cho,15
GRC,alea,15
GRC,τσιγατα,15
GRC,αραβιξες,15
GRC,μαλακτικό μαλλιών,15
GRC,σκοροκτ,15
GRC,ΛΑΔΙ,15
GRC,cucomber,15
GRC,σπορος,15
GRC,protein pudd,15
GRC,σπορέ,15
GRC,υμος,15
GRC,τρού,15
GRC,Dolce gusto,15
GRC,sald,15
GRC,πιοε,15
GRC,gemista,15
GRC,γύ,15
GRC,ground meat,15
GRC,καλαμπογκοφ,15
GRC,σακουκ,15
GRC,klinex spray,15
GRC,βυσσινάδα,15
GRC,dolmades,15
GRC,μιλφ,15
GRC,et,15
GRC,τοματοπολ,15
GRC,κοτοπουλος,15
GRC,υγρό σα,15
GRC,Τυρί κρέμα,15
GRC,ζωγ,15
GRC,αγγουτ,15
GRC,καλαμάρι,15
GRC,duracell,15
GRC,τόπου,15
GRC,γλυκα κουταλιου,15
GRC,σταρενιο,15
GRC,κοτοποθλο,15
GRC,βερα,15
GRC,κολοκυθοσ,15
GRC,ευρικα,15
GRC,Φιλαδέλφια,15
GRC,κόκα κο,15
GRC,χρυσή ζυμη,15
GRC,μπαντ,15
GRC,θάλασσα,15
GRC,κρέμα βαλ,15
GRC,ultrez,15
GRC,βαλσαμοκο,15
GRC,Κινοα,15
GRC,chok,15
GRC,αγουρ,15
GRC,pink lady,15
GRC,φιδάκια,15
GRC,gordon bl,15
GRC,world cup stickers,15
GRC,κατσαρο,15
GRC,pops,15
GRC,κρακερσ,15
GRC,μορομαν,15
GRC,πέστροφα,15
GRC,ταχινι ολικης,15
GRC,frogo,15
GRC,bodywash,15
GRC,καλτσακια,15
GRC,λάδι καρυδας,15
GRC,ιο,15
GRC,healthy hanits,15
GRC,πλεξουδες,15
GRC,dete,15
GRC,bluber,15
GRC,κόκκινες φακές,15
GRC,φετα δωδ,15
GRC,comfort,15
GRC,myma,15
GRC,cinnamon roll,15
GRC,τριμμενη καρυδα,15
GRC,κρητικο,15
GRC,palet,15
GRC,τσαι χωρις,15
GRC,not hungry,15
GRC,οδι,15
GRC,triden,15
GRC,φυστιξο,15
GRC,μακατ,15
GRC,σαμπα,15
GRC,πατοι παπουτσιων,15
GRC,βιβλια χωρα,15
GRC,μπηρα,15
GRC,καφες λου,15
GRC,super ma,15
GRC,κορονα,15
GRC,Μαιντανος,15
GRC,φτυαρι,15
GRC,dalfour,15
GRC,protwin,15
GRC,seven days,15
GRC,doge,15
GRC,ετικετες,15
GRC,twee,15
GRC,λιπαντι,15
GRC,σπαγκ,15
GRC,αλευρι βρω,15
GRC,whole grain,15
GRC,nun,15
GRC,slice cheese,15
GRC,ramune,15
GRC,μυλ,15
GRC,χλωτινη,15
GRC,condense,15
GRC,ζαχαρούχο γαλα,15
GRC,φαρμακε,15
GRC,δημηυριακα,15
GRC,κοφ,15
GRC,καθαριστικο πλυ,15
GRC,αποσμητικο χώρου,15
GRC,σαγκρ,15
GRC,ανυθ,15
GRC,Κουβερτ,15
GRC,Καπνός,15
GRC,λαχανικών,15
GRC,pampers 8,15
GRC,ΝΤΟΜΑΤΕΣ,15
GRC,Deodorant,15
GRC,noudles,15
GRC,Κρι κρι,15
GRC,μαρμαρο,15
GRC,undone,15
GRC,νύχια,15
GRC,ρογανη,15
GRC,macadamia,15
GRC,birthday cake,15
GRC,σερβιευες,15
GRC,παγωτο σοκολατα,15
GRC,κηροι,15
GRC,καστανή ζαχαρη,15
GRC,παραγ,15
GRC,Βιο,15
GRC,χυμό πορτοκάλι,15
GRC,Γλυκα,15
GRC,bow,15
GRC,κατεχ,15
GRC,snorkel,15
GRC,fel,15
GRC,κουταλακι,15
GRC,oat flakes,15
GRC,πατάτες τηγανητές,15
GRC,φυτικό ρόφημα,15
GRC,cottge,15
GRC,κοκκινο πιπερι,15
GRC,κεφαλπ,15
GRC,golden virgi,15
GRC,παυα,15
GRC,arakas,15
GRC,Paper,15
GRC,γαλλικός,15
GRC,σκορδαλια,15
GRC,ταλαγαν,15
GRC,botanica,15
GRC,astonish,15
GRC,vanilla yogurt,15
GRC,μανιτατια,15
GRC,εσπρέσο,15
GRC,κρεμα βαλ,15
GRC,miran,15
GRC,octopus,15
GRC,gelo,15
GRC,whole body deo,15
GRC,oreal,15
GRC,oca,15
GRC,χαρτιυγειας,15
GRC,brazil nuts,15
GRC,μαλακη,15
GRC,cream of rice,15
GRC,μαρα,15
GRC,κομματια σοκολατας,15
GRC,schwepes,15
GRC,καφες espresso,15
GRC,σιρόπι αγαύης,15
GRC,tomato s,15
GRC,καλυ,15
GRC,δροσατη,15
GRC,olympis,15
GRC,καψουλες κα,15
GRC,μπος,15
GRC,μωρόμαντήλα,15
GRC,κατσικίσιο γ,15
GRC,συλλέκτης,15
GRC,κρεμοσαπουνα,15
GRC,ben & jerry’s,15
GRC,Worcestershire,15
GRC,AVA,15
GRC,aforo,15
GRC,italian seasoning,15
GRC,pantrne,15
GRC,icing sugar,15
GRC,σφολιατι,15
GRC,ο φουρνος,15
GRC,elite crackers,15
GRC,γιαούρτι προβ,15
GRC,κηπουρο,15
GRC,πληγούρι,15
GRC,γατι,15
GRC,ede,15
GRC,tahi,15
GRC,σκουπιδο,15
GRC,αναπτυ,15
GRC,pampers prem,15
GRC,κουσκουσακι,15
GRC,Mentos,15
GRC,φυσικό,15
GRC,aprite,15
GRC,γιαουρτι σ,15
GRC,headphones,15
GRC,εο,15
GRC,washing pods,15
GRC,waterproof,15
GRC,ωμ,15
GRC,monstee,15
GRC,Καρελια,15
GRC,sigar,15
GRC,scwh,15
GRC,ψαρονε,15
GRC,κοκαλα,15
GRC,slipper,15
GRC,oyster sauce,15
GRC,resbull,15
GRC,φρέσκο κρεμ,15
GRC,orangeade,15
GRC,Καπνικα,15
GRC,ρολό χαρτί,15
GRC,holy lla,15
GRC,ποτηρια μιας χρησης,15
GRC,dacr,15
GRC,θεόν,15
GRC,καμ,15
GRC,bet,15
GRC,φετελ,15
GRC,murati,15
GRC,coi,15
GRC,vitami,15
GRC,πολύ,15
GRC,χαρτι υγεις,15
GRC,pornstar,15
GRC,ωα,15
GRC,alchol,15
GRC,μιλν,15
GRC,οατα,15
GRC,catfood,15
GRC,μηρμ,15
GRC,phol,15
GRC,ζυγαρι,15
GRC,κόλια,15
GRC,freskou,15
GRC,νατσ,15
GRC,νερα 500,15
GRC,ελληνικος κ,15
GRC,whiten,15
GRC,chils,15
GRC,αποτριχωτικη κρεμα,15
GRC,δημητριακα χωρις ζαχαρη,15
GRC,Φασολακια,15
GRC,kino,15
GRC,Veet,15
GRC,μαύρη σοκο,15
GRC,Κουνούπια,15
GRC,παπαρδε,15
GRC,ζωης,15
GRC,γαλα 1,15
GRC,Sc,15
GRC,μεντ,15
GRC,φρυγανις,15
GRC,baby πατάτες,15
GRC,frozen berr,15
GRC,friit,15
GRC,χαρτοταινία,15
GRC,Aloe,15
GRC,Σφουγγα,15
GRC,lemonada,15
GRC,αποστ,15
GRC,sak,15
GRC,τριμμενο τυ,15
GRC,lions,15
GRC,salt and vinegar,15
GRC,grape fruit,15
GRC,ρύζι γλ,15
GRC,poum,15
GRC,tezza,15
GRC,χαλβατζή,15
GRC,protein cottage,15
GRC,butcher,15
GRC,pane,15
GRC,Απ,15
GRC,avene,15
GRC,ψωμι γερμαν,15
GRC,ΑΦΡΟΛΟΥΤΡΟ,15
GRC,Φλωρίνης,15
GRC,paula,15
GRC,αφρός μαλλιων,15
GRC,γιαουρτι κατ,15
GRC,electroly,15
GRC,chopst,15
GRC,ζαψαρη,15
GRC,μεταξα,15
GRC,ξινό νερ,15
GRC,σελη,15
GRC,σαπουνι πρ,15
GRC,φαρφαλες,15
GRC,gin tonic,15
GRC,Σοκο,15
GRC,4nuts,15
GRC,παγοθή,15
GRC,carote,15
GRC,chopsti,15
GRC,καναβη,15
GRC,dry white wine,15
GRC,δαλατα,15
GRC,καλτσε,15
GRC,σουτζουκι,15
GRC,ριζογκοφρετε,15
GRC,voda,15
GRC,dry shamp,15
GRC,panet,15
GRC,Μελιτζάνες,15
GRC,φαγητοδο,15
GRC,γαλα χωρίς λακτοζη,15
GRC,Αντικου,15
GRC,watt,15
GRC,eraser,15
GRC,omega 3,15
GRC,πάτοι,15
GRC,κλιαφ,15
GRC,τρομπ,15
GRC,κικας,15
GRC,Απορρ,15
GRC,μαραθος,15
GRC,Άνηθο,15
GRC,σιλ,15
GRC,sneak,15
GRC,tah,15
GRC,ψητ,15
GRC,οικογενειακό παγωτό,15
GRC,cilit,15
GRC,Γαριδες,15
GRC,αβι,15
GRC,Joghurt,15
GRC,porc,15
GRC,πατατο,15
GRC,waters,15
GRC,tup,15
GRC,σιρα,15
GRC,mevg,15
GRC,σατ,15
GRC,red sauce,15
GRC,καραμολεγκ,15
GRC,macad,15
GRC,revita,15
GRC,cheese cream,15
GRC,dishw,15
GRC,ifa,15
GRC,marinara,15
GRC,maio,15
GRC,πατάτες κατεψυγμένες,15
GRC,Guanciale,15
GRC,Ρεβύθια,15
GRC,ζωγραφικη,15
GRC,αντζουγ,15
GRC,τοττιγια,15
GRC,κρπ,15
GRC,parfum,15
GRC,nisos,15
GRC,aba,15
GRC,σκουφακι,15
GRC,μπισκότα Παπαδοπούλου,15
GRC,βιοα,15
GRC,γλυκπ,15
GRC,Σερβιετακια,15
GRC,phills,15
GRC,σερβί,15
GRC,Θεονη,15
GRC,rocca,15
GRC,γάντια μιας,15
GRC,κουρτίνα,15
GRC,πάνες βρακάκι,15
GRC,διαφαν,15
GRC,sandwitch,15
GRC,κυπριακή,15
GRC,Μαρ,15
GRC,μποσκ,15
GRC,χέρι,15
GRC,nescage,15
GRC,mev,15
GRC,Ξινό,15
GRC,σκόρδα,15
GRC,tro,15
GRC,gud,15
GRC,Προφυλακτικά,15
GRC,κοκκινη φακη,15
GRC,πατατες κα,15
GRC,corrage,15
GRC,magia,15
GRC,ταχυνι,15
GRC,glyk,15
GRC,yoghur,15
GRC,pasta sa,15
GRC,σάλτσα για,15
GRC,biscotti,15
GRC,σπε,15
GRC,afro,15
GRC,table,15
GRC,pregna,15
GRC,μαύρη σ,15
GRC,απορρυπαντικό πλ,15
GRC,σταγόνες σο,15
GRC,αστερακι,15
GRC,σιρόπι σ,15
GRC,κρεμα σωματο,15
GRC,χλωρινι,15
GRC,dix,15
GRC,majo,15
GRC,exp,15
GRC,Τορτίγιες,15
GRC,ντοματοπολ,15
GRC,ehgs,15
GRC,μακαρονια παστ,15
GRC,αποθηκευσης,15
GRC,πλευ,15
GRC,black pep,15
GRC,Nan,15
GRC,Cot,15
GRC,γιαούρτι χωρι,15
GRC,πίτσ,15
GRC,Autan,15
GRC,whiske,15
GRC,χρωμα ζαχα,15
GRC,durez,15
GRC,if,15
GRC,ενισχ,15
GRC,Orange,15
GRC,μπεικιν πα,15
GRC,pelegrin,15
GRC,mortadela,15
GRC,χλοριν,15
GRC,malboro gold,15
GRC,παξυ,15
GRC,τριμμένο τ,15
GRC,kataifi,15
GRC,overly,15
GRC,μπαλσάμικο,15
GRC,Dijon,15
GRC,pampers pa,15
GRC,liguini,15
GRC,bleu,15
GRC,Gordon blue,15
GRC,υδροχλωρικο,15
GRC,aqua carpati,15
GRC,μουστάρδ,15
GRC,απορρυπαντιξο,15
GRC,delica,15
GRC,νερομπομπες,15
GRC,creme cheese,15
GRC,alcoh,15
GRC,Κουκάκ,15
GRC,Nut,15
GRC,skip active,15
GRC,spiral,15
GRC,ασπράδι αυγού,15
GRC,rings,15
GRC,ρεβύθ,15
GRC,Crackers,15
GRC,τυροκροκετες,15
GRC,harmo,15
GRC,αγαβη,15
GRC,τυρι ελαφρυ,14
GRC,olive pil,14
GRC,κριτδ,14
GRC,ΓΑ,14
GRC,καλάθι,14
GRC,sproud,14
GRC,Μπανανα,14
GRC,δαγκωτ,14
GRC,moscha,14
GRC,δρακο,14
GRC,frank,14
GRC,συνεργα,14
GRC,3Α,14
GRC,στο,14
GRC,ντομαυες,14
GRC,pompon,14
GRC,ξύλινα,14
GRC,σουπερ μαρκετ,14
GRC,three ce,14
GRC,vegt,14
GRC,little moo,14
GRC,δώρα,14
GRC,εστια,14
GRC,καρπτ,14
GRC,μυρμηγ,14
GRC,ξερη μαγια,14
GRC,ene,14
GRC,ταλιατελ,14
GRC,ραπανακια,14
GRC,τειμμενο,14
GRC,τουρτες,14
GRC,κατιξι,14
GRC,Camel,14
GRC,ντιπ,14
GRC,κτεμα,14
GRC,shak,14
GRC,απορριπα,14
GRC,παταυ,14
GRC,ξα,14
GRC,Οινόπνευμα,14
GRC,jacka,14
GRC,παγωρο,14
GRC,αντικολλητική,14
GRC,coca-Cola,14
GRC,δώρου,14
GRC,low fat milk,14
GRC,πυζο,14
GRC,zero coc,14
GRC,garde,14
GRC,zero coca cola,14
GRC,σακουλες τ,14
GRC,ταμπλέτες πλ,14
GRC,γραφικη,14
GRC,ισοτονικο,14
GRC,Coco,14
GRC,rice pape,14
GRC,γαλα 500ml,14
GRC,αποσμητικο ποδιων,14
GRC,χιλοπ,14
GRC,passio,14
GRC,puti,14
GRC,νατ,14
GRC,drain cleaner,14
GRC,ροδάκι,14
GRC,niok,14
GRC,nes caf,14
GRC,εβά,14
GRC,χτμ,14
GRC,contr,14
GRC,pencil,14
GRC,μπισξοτα,14
GRC,μιραντ,14
GRC,lioton,14
GRC,Στραγγιστό γιαούρτι,14
GRC,leche,14
GRC,m &,14
GRC,κόκκινα,14
GRC,ξηρος καρπος,14
GRC,MONSTER,14
GRC,φασό,14
GRC,σκονη σκορ,14
GRC,glass cleaner,14
GRC,φιλετο κο,14
GRC,detti,14
GRC,κεκακια,14
GRC,τσουρεκακι,14
GRC,salami sticks,14
GRC,klinex foam,14
GRC,υγρό α,14
GRC,nessp,14
GRC,crumbs,14
GRC,tyro,14
GRC,amita fun,14
GRC,trimmer,14
GRC,age,14
GRC,χυμος μη,14
GRC,κοτομπυ,14
GRC,covid,14
GRC,poke,14
GRC,παγουο,14
GRC,schweps,14
GRC,γαλα εβάορε,14
GRC,pom p,14
GRC,terea am,14
GRC,Vape,14
GRC,tet,14
GRC,ppers,14
GRC,οικογενειακό παγωτο,14
GRC,vitaline protein,14
GRC,kritsinia,14
GRC,Everyday,14
GRC,fuego,14
GRC,pasteli,14
GRC,вода,14
GRC,κρητι,14
GRC,μεριδες,14
GRC,pumk,14
GRC,ραπ,14
GRC,γάλα αμυγδά,14
GRC,zipper,14
GRC,laundry deter,14
GRC,wowc,14
GRC,moustakas,14
GRC,απορρυμ,14
GRC,pla(,14
GRC,Μαύρη σοκολάτα,14
GRC,Cake,14
GRC,beef mince,14
GRC,μεζο,14
GRC,mastixa,14
GRC,σφιυ,14
GRC,corned,14
GRC,νεραο,14
GRC,burger bread,14
GRC,ντουρο,14
GRC,γεωργ,14
GRC,psy,14
GRC,ret,14
GRC,τερι,14
GRC,sex toy,14
GRC,μιτσικελη,14
GRC,ας μ,14
GRC,γιαουρτι πρωτεινη,14
GRC,σοκολάτα χωρίς ζάχαρη,14
GRC,xiaomi,14
GRC,πσγωτο,14
GRC,σταγόν,14
GRC,κατεψυγμενες πατατες,14
GRC,la vache qui rit,14
GRC,neaca,14
GRC,ΡΥΖΙ,14
GRC,εμφιαλωμενο νερο,14
GRC,Σκλα,14
GRC,στεκα,14
GRC,τοστι,14
GRC,τυροκρο,14
GRC,focca,14
GRC,champi,14
GRC,Κολοκ,14
GRC,αμο,14
GRC,κοπης,14
GRC,χυμοδ,14
GRC,corn cake,14
GRC,cup noodles,14
GRC,πατος,14
GRC,shirt,14
GRC,περκα,14
GRC,windex,14
GRC,beads,14
GRC,μυρμι,14
GRC,νεράκια,14
GRC,Αρακ,14
GRC,εντομοαπωθητικά,14
GRC,λαφι,14
GRC,πραλινα φουντουκιου,14
GRC,Hawaiian,14
GRC,ψησι,14
GRC,ren,14
GRC,σοκολατα χωρις,14
GRC,rusks,14
GRC,γάζα,14
GRC,πηλο,14
GRC,Φρα,14
GRC,sno,14
GRC,νυχιων,14
GRC,sweet and balance,14
GRC,lighter than,14
GRC,κεδ,14
GRC,Golden,14
GRC,hair s,14
GRC,pancet,14
GRC,σακκούλ,14
GRC,mano,14
GRC,gee,14
GRC,γραβιερα ναξου,14
GRC,μιλνε,14
GRC,χιλοπιτες,14
GRC,νρομα,14
GRC,αφαλα,14
GRC,τορτελί,14
GRC,γιαυρτια,14
GRC,οξύ,14
GRC,λοσι,14
GRC,τυρι adoro,14
GRC,onion ring,14
GRC,pink salt,14
GRC,υφαντη,14
GRC,clearblue,14
GRC,καταψυγ,14
GRC,σερβιετες ακρατειας,14
GRC,αντηλιακο προσωπου,14
GRC,νςρο,14
GRC,twrea,14
GRC,Li,14
GRC,panco,14
GRC,μπαχαρικο,14
GRC,καλαμαρια,14
GRC,09.08.2026,14
GRC,breadcrumb,14
GRC,σιτρον,14
GRC,hair tie,14
GRC,τροφή γα,14
GRC,φρουρ,14
GRC,hot sa,14
GRC,nam,14
GRC,απολυμαντικ,14
GRC,prima dog,14
GRC,rizi,14
GRC,κοκο,14
GRC,ΜΕΛΙ,14
GRC,οζα,14
GRC,harissa,14
GRC,ευβιό,14
GRC,κομμ,14
GRC,oya,14
GRC,κετδαπ,14
GRC,κοφτο μακαρονι,14
GRC,poppy,14
GRC,δρακουλι,14
GRC,πιπερια πρασινη,14
GRC,παιδακια,14
GRC,δακρ,14
GRC,καριδα,14
GRC,καραβ,14
GRC,γκού,14
GRC,xe,14
GRC,sul,14
GRC,kotso,14
GRC,αφρόλουτρ,14
GRC,Wettex,14
GRC,vienn,14
GRC,phola,14
GRC,αλουμινενια,14
GRC,nissos,14
GRC,σιμιγδαλ,14
GRC,bann,14
GRC,μασκα μαλλι,14
GRC,okf,14
GRC,lili,14
GRC,ice rea,14
GRC,mccai,14
GRC,υγρό απο,14
GRC,tow,14
GRC,αριε,14
GRC,μπάρμπα σ,14
GRC,μπιακοτα,14
GRC,φιν,14
GRC,mayonn,14
GRC,ρυζαλ,14
GRC,αγνό,14
GRC,κρέμα βανιλια,14
GRC,μπαλακι,14
GRC,τυρι τρυμ,14
GRC,πράσινο σαπ,14
GRC,Ca,14
GRC,ξυλο κοπης,14
GRC,bep,14
GRC,apple pie,14
GRC,tanqueray,14
GRC,chunky,14
GRC,χαρρι υγειας,14
GRC,μπυρας,14
GRC,concetr,14
GRC,αυρ,14
GRC,βιολογικο χωριο,14
GRC,ντοριτος,14
GRC,kefit,14
GRC,garlic paste,14
GRC,alpro protein,14
GRC,Σφουγγαριστρα,14
GRC,Cottag,14
GRC,βικος cola,14
GRC,nescafe c,14
GRC,beckm,14
GRC,malagouzia,14
GRC,γαλα μ,14
GRC,Πορτο,14
GRC,σκουπιδοσακουλες,14
GRC,philadelphi,14
GRC,kaka,14
GRC,ιον αμυγδαλου,14
GRC,cocta,14
GRC,ρυζι basma,14
GRC,swiffee,14
GRC,κωλοχαρτο,14
GRC,Frozen fruit,14
GRC,πλυντηριο πι,14
GRC,Olives,14
GRC,αποκ,14
GRC,seltzer,14
GRC,λεκεδων,14
GRC,ibuprofen,14
GRC,toul,14
GRC,νυχοκοπτ,14
GRC,νιοκο,14
GRC,fleri,14
GRC,φρέσκ,14
GRC,σουλτανινα,14
GRC,Καρυδα,14
GRC,o.,14
GRC,κουτά,14
GRC,τυρί l,14
GRC,hd,14
GRC,bef,14
GRC,prosse,14
GRC,fishsticks,14
GRC,κοτοπουλι,14
GRC,kiknos,14
GRC,frozen straw,14
GRC,παστουρμας,14
GRC,μυλοξυδο,14
GRC,σερβιρτ,14
GRC,μοαναν,14
GRC,tid,14
GRC,ciabatta,14
GRC,My market,14
GRC,rafaello,14
GRC,Στεβια,14
GRC,bread crumb,14
GRC,μπιφτέκια κοτόπουλο,14
GRC,τριμμένη φρυγανιά,14
GRC,Ξυ,14
GRC,pits,14
GRC,dimelo,14
GRC,7u,14
GRC,λοσ,14
GRC,mayonai,14
GRC,wuaker,14
GRC,roce,14
GRC,Coco pops,14
GRC,käse,14
GRC,Όλυμπο,14
GRC,ρυζόγα,14
GRC,λουλουδι,14
GRC,rice cra,14
GRC,σκιουφιχτα,14
GRC,alterr,14
GRC,χαβια,14
GRC,ταμπλετα,14
GRC,ζαχαρόπαστα,14
GRC,κουβαδ,14
GRC,σοκολάτας,14
GRC,squid,14
GRC,kall,14
GRC,φυστίκοβούτυρο,14
GRC,acet,14
GRC,ματια,14
GRC,σεντονια,14
GRC,burratta,14
GRC,κρμ,14
GRC,savoia,14
GRC,local,14
GRC,εντομοαπωθη,14
GRC,Κρι,14
GRC,νερό καρυδας,14
GRC,φουσκες,14
GRC,παφωτ,14
GRC,sourotu,14
GRC,Καροτ,14
GRC,milco,14
GRC,games,14
GRC,σαλαυα,14
GRC,almiron 3,14
GRC,άνη,14
GRC,θη,14
GRC,καραμελέ,14
GRC,πρασσ,14
GRC,ανγ,14
GRC,αυγα bio,14
GRC,terea soft,14
GRC,γαλα Όλυμπος,14
GRC,sock,14
GRC,γαριδο,14
GRC,Stella,14
GRC,overnight,14
GRC,μαγειρικ,14
GRC,γραω,14
GRC,πατάτες κατ,14
GRC,ουφο,14
GRC,Σαρδελες,14
GRC,δάκρυα,14
GRC,Σοκοφρετα,14
GRC,γιορτή,14
GRC,orange juic,14
GRC,Ξυραφάκι,14
GRC,franoui,14
GRC,χυμός Όλυμπος,14
GRC,truffle chips,14
GRC,Sch,14
GRC,ξερ,14
GRC,δαμπουαν,14
GRC,γαλπ,14
GRC,προσού,14
GRC,Ελ γκρεκο,14
GRC,μπαρμπε,14
GRC,taglia,14
GRC,suroti,14
GRC,gluten free ψωμι,14
GRC,pantene conditioner,14
GRC,ντοματα τριμμενη,14
GRC,pirul,14
GRC,γιαούρτι προ,14
GRC,γάλα κατσικισιο,14
GRC,nto,14
GRC,little m,14
GRC,noute,14
GRC,diffuser,14
GRC,φρεσκια,14
GRC,motsare,14
GRC,μαγιω,14
GRC,απορρυπαντικο πλυντ,14
GRC,λευκό τ,14
GRC,ballons,14
GRC,Τσ,14
GRC,σπυρ,14
GRC,τυρί σε φε,14
GRC,Αρκαδι,14
GRC,Νουνού kid,14
GRC,τροφη σκ,14
GRC,πιτο,14
GRC,nakd,14
GRC,αμμωνια,14
GRC,εοκα,14
GRC,hanz,14
GRC,Πιπ,14
GRC,μεταλλικό,14
GRC,αντιμ,14
GRC,xottage,14
GRC,επιδορπια γιαουρτιου,14
GRC,επιτραπεζια,14
GRC,repellent,14
GRC,has,14
GRC,καζαν,14
GRC,αχιβαδ,14
GRC,αφρογαλα,14
GRC,γάλα Νουνού,14
GRC,roshen,14
GRC,μαρουκι,14
GRC,melitta,14
GRC,βιολογικες,14
GRC,σλατσα,14
GRC,nespressi,14
GRC,αγκινα,14
GRC,πλαστικα πουηρια,14
GRC,ζύμες,14
GRC,σαμοουαν,14
GRC,calrice,14
GRC,φάρμα ελασσόνας,14
GRC,σερβιετς,14
GRC,ταξιδ,14
GRC,αφρο ξυρισματος,14
GRC,biona,14
GRC,papadopo,14
GRC,ice cream no sugar,14
GRC,μουστάρ,14
GRC,φέτες τυρί,14
GRC,σπορι,14
GRC,altis,14
GRC,otrivin,14
GRC,sprey,14
GRC,huggies,14
GRC,υποσέν,14
GRC,cornflak,14
GRC,πγ,14
GRC,παραφ,14
GRC,σαπουνι χεριω,14
GRC,johnny,14
GRC,ταχινι με κακαο,14
GRC,χωρίς ζά,14
GRC,κυβι,14
GRC,spf 50,14
GRC,μαγκο,14
GRC,submarine,14
GRC,holy llam,14
GRC,χαρτυ,14
GRC,napol,14
GRC,τυρι l,14
GRC,ρύζι καρ,14
GRC,μαστιχα χιου,14
GRC,mogu mogu,14
GRC,κρεμα τυ,14
GRC,shaving foam,14
GRC,Τυ,14
GRC,κιμς,14
GRC,baby b,14
GRC,πσγωτ,14
GRC,σκοινι,14
GRC,χαρτιμαντηλα,14
GRC,Κου,14
GRC,κύβους,14
GRC,κρεμα φαλακτος,14
GRC,λαχανακια,14
GRC,farma,14
GRC,carame,14
GRC,κονσερβα σκυλου,14
GRC,μακαρονια ολ,14
GRC,ανηθπ,14
GRC,yoghurt 0,14
GRC,ξινο νε,14
GRC,βελανιδι,14
GRC,compote,14
GRC,ερυθριτολη,14
GRC,γισουρτ,14
GRC,έτοιμα γευμα,14
GRC,παωτ,14
GRC,fructi,14
GRC,ομοσπονδ,14
GRC,superspoo,14
GRC,Fuze,14
GRC,ΓΑΛΟΠΟΥΛΑ,14
GRC,τονατ,14
GRC,μαυρο ροδο,14
GRC,τονοδ,14
GRC,τοτα,14
GRC,φιλτράκια,14
GRC,σεφ,14
GRC,μάσκα μ,14
GRC,putt,14
GRC,ασυρτικο,14
GRC,ολυμπος καρπος,14
GRC,log,14
GRC,χαλιά,14
GRC,χυμος ροδακινο,14
GRC,κοκαλακια,14
GRC,μωρο μαντηλα,14
GRC,λεπιδες,14
GRC,λάμπ,14
GRC,κορίτσι,14
GRC,πανάκ,14
GRC,Λίμα,14
GRC,τυρό,14
GRC,Ham,14
GRC,λεμι,14
GRC,φιλο,14
GRC,κρεοπωλε,14
GRC,σαρδέ,14
GRC,M&,14
GRC,απορρυπαντικο πιατ,14
GRC,Βανιλια,14
GRC,παιδικες,14
GRC,πολτος ντοματας,14
GRC,σοκολάτα γάλακτος,14
GRC,polish,14
GRC,jons,14
GRC,kombuc,14
GRC,ατζο,14
GRC,curaprox,14
GRC,μαρκαδορ,14
GRC,ανυθο,14
GRC,αρωματικο τουαλετας,14
GRC,παστέ,14
GRC,captain ig,14
GRC,γλυφιτ,14
GRC,nescafe azera,14
GRC,κρουασανακι,14
GRC,διατροφική μαγιά,14
GRC,coke ze,14
GRC,γρηγορης,14
GRC,χαρτι ψησιμ,14
GRC,μεταλλικό νερό,14
GRC,ρυζι γ,14
GRC,arla cheese,14
GRC,Terr,14
GRC,ανιθπ,14
GRC,tic,14
GRC,μηλί,14
GRC,carnice,14
GRC,grena,14
GRC,tama,14
GRC,tt,14
GRC,παγωτο κρι,14
GRC,karamo,14
GRC,cab,14
GRC,blush,14
GRC,egg whi,14
GRC,wr,14
GRC,terreA,14
GRC,πέπονι,14
GRC,Αγγο,14
GRC,acr,14
GRC,πυρηνέλαιο,14
GRC,ice coff,14
GRC,τυρι li,14
GRC,dog shampoo,14
GRC,φουαν,14
GRC,τουμπ,14
GRC,isolate,14
GRC,cottage che,14
GRC,ψωμί σ,14
GRC,μπουκαλι νερο,14
GRC,dulc,14
GRC,pesp,14
GRC,quino,14
GRC,vini,14
GRC,ξύρισμα,14
GRC,νερό 500ml,14
GRC,λαλ,14
GRC,κοραλ,14
GRC,τριμα,14
GRC,αυγά βιολο,14
GRC,Ben a,14
GRC,trip,14
GRC,unsalted,14
GRC,μαστίχ,14
GRC,kewp,14
GRC,quark,14
GRC,sandwich bag,14
GRC,βλα,14
GRC,χαχαρουχο,14
GRC,νεςκαφε,14
GRC,σαμπουά,14
GRC,soray,14
GRC,lir,14
GRC,cough,14
GRC,buddy,14
GRC,din,14
GRC,ΝΤΟΜΑΤΑ,14
GRC,διπλοζυ,14
GRC,ΓΙΑΟΥ,14
GRC,Πελτε,14
GRC,koulouri,14
GRC,μηλοπι,14
GRC,σκοροκτονο,14
GRC,μουτεβελης,14
GRC,nutree bar,14
GRC,πδοντ,14
GRC,αλπ,14
GRC,almond mi,14
GRC,cherry toma,14
GRC,deso,14
GRC,κόλλα στιγμής,14
GRC,bee bross,14
GRC,ΤΟΣΤ,14
GRC,cut,14
GRC,θραψαλο,14
GRC,strawberry milk,14
GRC,χαιτο,14
GRC,σμεουρ,14
GRC,τσιπού,14
GRC,κονσέ,14
GRC,χαμομιλι,14
GRC,γιαουρτι χ,14
GRC,κουβέρτ,14
GRC,vickos,14
GRC,leaves,14
GRC,green olives,14
GRC,βραστή,14
GRC,γαλα ολυμ,14
GRC,hell ice,14
GRC,panini fifa,14
GRC,gatora,14
GRC,aperol spritz,14
GRC,cook home,14
GRC,lavender,14
GRC,ταμπλετες πλυ,14
GRC,farf,14
GRC,Dett,14
GRC,χτυπ,14
GRC,αγγελακης,14
GRC,Mr,14
GRC,χυμός τομ,14
GRC,ψιλοκομμένη,14
GRC,χαρτί κουζίν,14
GRC,παγκ,14
GRC,λιβάνι,14
GRC,bono,14
GRC,πανες ενη,14
GRC,raki,14
GRC,evaporated milk,14
GRC,kri k,14
GRC,bao buns,14
GRC,ry,14
GRC,χιμ,14
GRC,jhon,14
GRC,Σαμπ,14
GRC,Purina,14
GRC,acua,14
GRC,ποντικ,14
GRC,ολυνπος,14
GRC,aqua carpat,14
GRC,σαλαμο,14
GRC,rive,14
GRC,baby σπανακι,14
GRC,το μανν,14
GRC,colq,14
GRC,Mayonnaise,14
GRC,χρυση κασε,14
GRC,every da,14
GRC,κεράς,14
GRC,στοματικο διαλυμα,14
GRC,κουβερτουρα με στεβια,14
GRC,φυλλο κρουστα,14
GRC,δις,14
GRC,φυλλα ριζιου,14
GRC,μπαρμπα σταθη,14
GRC,fusion,14
GRC,πιυσα,14
GRC,καγ,14
GRC,fij,14
GRC,ξρε,14
GRC,ρακ,14
GRC,τάερ,14
GRC,adoraball,14
GRC,apa,14
GRC,telia,14
GRC,μακιγιάζ,14
GRC,flow,14
GRC,αλουνι,14
GRC,σπρέι για,14
GRC,νερο θεονη,14
GRC,0mg,14
GRC,ζελε ανανα,14
GRC,αραβοσιτε,14
GRC,ml,14
GRC,"νερο 0,5",14
GRC,Τσιχλες,14
GRC,crav,14
GRC,powdered sugar,14
GRC,φουσκωτά,14
GRC,reeces,14
GRC,κιμας κο,14
GRC,τζιτζερ,14
GRC,Ben jerry,14
GRC,nanou,14
GRC,oo,14
GRC,ft,14
GRC,χυμός μ,14
GRC,αντισκο,14
GRC,sty,14
GRC,αλλει,14
GRC,σακούλες σκουπιδ,14
GRC,φάκελος,14
GRC,χωριατικο φυλλο,14
GRC,κατσαρόλα,14
GRC,ευοιοτοποι,14
GRC,puzza,14
GRC,trikalino,14
GRC,κρέμα σοκολάτα,14
GRC,κρεμυδα,14
GRC,lettice,14
GRC,aura,14
GRC,dei,14
GRC,Malibu,14
GRC,souriti,14
GRC,sun dried,14
GRC,serena,14
GRC,Στάθης,14
GRC,γαριδας,14
GRC,κοτοπουλου,14
GRC,φαρμακα,14
GRC,πεπόν,14
GRC,γαλα σοκολα,14
GRC,αντιλο,14
GRC,φερι,14
GRC,emedal,14
GRC,σπάτουλα,14
GRC,Κέικ,14
GRC,οδοντοπας,14
GRC,chc,14
GRC,one,14
GRC,φλωρινη,14
GRC,γιαουτρ,14
GRC,πλυντήριο πια,14
GRC,lup,14
GRC,γιαούρτι στραγγι,14
GRC,υγρό για πιάτα,14
GRC,μαρμελάδ,14
GRC,αγγουρακια τουρσι,14
GRC,Μπεσαμελ,14
GRC,σκεύη αλουμινίου,14
GRC,κερασοα,14
GRC,σκόρος,14
GRC,triplo,14
GRC,μυρωδικά,14
GRC,water 500ml,14
GRC,peppa pig,14
GRC,παπουτσαν,14
GRC,hamon,14
GRC,κροκο,14
GRC,μηλοξυδ,14
GRC,Ταχινι,14
GRC,κουρκουμά,14
GRC,cegan,14
GRC,φακελακια,14
GRC,microwave,14
GRC,καφές espresso,14
GRC,πατατες κυπρου,14
GRC,χυμός π,14
GRC,γαλοπούλα τοστ,14
GRC,Βου,14
GRC,φωμι,14
GRC,πατατες κ,14
GRC,χαρτι ψης,14
GRC,shaving gel,14
GRC,starv,14
GRC,σκονη ρουχων,14
GRC,πατατες προ,14
GRC,φρυγανιεδ,14
GRC,eapresso,14
GRC,ermol,14
GRC,maison,14
GRC,lasagn,14
GRC,σφι,14
GRC,αφρώδες,14
GRC,kalli,14
GRC,knoor,14
GRC,φαλαφε,14
GRC,γιαούρτι ολυμπος,14
GRC,ταλαγανη,14
GRC,καλαμποκαλ,14
GRC,υγρο για πιατα,14
GRC,καραμελο,14
GRC,μιας χ,14
GRC,φακός,14
GRC,τραπ,14
GRC,παξιμαδια χαρουπι,14
GRC,φλωριν,14
GRC,Σκούπα,14
GRC,υγρο απορρυπαντικο,14
GRC,φυσικός χ,14
GRC,φυσιολογικος ορος,14
GRC,saur,14
GRC,Bbq,14
GRC,Σνακ,14
GRC,picanha,14
GRC,κανέλλα,14
GRC,σιτρονε,14
GRC,κοκκινες πιπεριες,14
GRC,chocolate c,14
GRC,απλωμα,14
GRC,spaget,14
GRC,σακουλα τροφιμων,14
GRC,δελτα γαλα,14
GRC,lige,14
GRC,ααα,14
GRC,κατεψυγμένα φρο,14
GRC,ηλεκτρολιτες,14
GRC,σφουγγάρισμα,14
GRC,χαρτο υγειας,14
GRC,marme,14
GRC,nounou family,14
GRC,εβάπορε,14
GRC,γαλα free,14
GRC,φτερνα,14
GRC,sandwhich,14
GRC,boll,14
GRC,filadelfia,14
GRC,γατουροφη,14
GRC,gluten free beer,14
GRC,αφροντους,14
GRC,strained,14
GRC,strip,14
GRC,green mocktails,14
GRC,vegan meat,14
GRC,τυρι mix,14
GRC,μπαρες δημητ,14
GRC,kitchen r,14
GRC,παξιμαδια χαρουπιου,14
GRC,ντοματοπολτ,14
GRC,μαρως,14
GRC,παρκέ,14
GRC,καρυδόψιχα,14
GRC,ποο,14
GRC,βανίλιας,14
GRC,Λιγκουίνι,14
GRC,maple syr,14
GRC,μαλαγο,14
GRC,souce,14
GRC,disinfect,14
GRC,hair cream,14
GRC,terea r,14
GRC,yogurt fage,14
GRC,vegetable oil,14
GRC,τρια,14
GRC,γαλουπουλα,14
GRC,μαγνήσιο,14
GRC,καφες καψο,14
GRC,ψωμακια burger,14
GRC,σιρόπι σοκολάτας,14
GRC,Corriander,14
GRC,ξύδι λευκο,14
GRC,plamet,14
GRC,Miln,14
GRC,νερομ,14
GRC,αντικουνοπικο,14
GRC,αποθηκ,14
GRC,mach3,14
GRC,καρτε,14
GRC,Mango,14
GRC,υγρα μαντηλ,14
GRC,σακατες,14
GRC,buo,14
GRC,φρουτσ,14
GRC,κεφτεδακ,14
GRC,ββακι,14
GRC,καλά,14
GRC,φίλτρ,14
GRC,μαραθ,14
GRC,φαρμα κου,14
GRC,μοχιτο,14
GRC,Tubo,14
GRC,Χούμους,14
GRC,sat,14
GRC,πεπονη,14
GRC,ζαχαρη αχν,14
GRC,elseve,14
GRC,γύρ,14
GRC,ρυζι γλ,14
GRC,tortilla chip,14
GRC,bresa,14
GRC,direx,14
GRC,κιμας μοσχ,14
GRC,λαβ,14
GRC,σακοθλες,14
GRC,hawa,14
GRC,nacos,14
GRC,chco,14
GRC,bread stick,14
GRC,φασολάδα,14
GRC,caco,14
GRC,αλατι πλυν,14
GRC,radish,14
GRC,απορυπαντικό,14
GRC,εδεμ,14
GRC,αγγοθρια,14
GRC,μιζ,14
GRC,tronky,14
GRC,σταφιλια,14
GRC,ada,14
GRC,hl,14
GRC,κεφαλογρ,14
GRC,χιμος,14
GRC,σαλαμι αε,14
GRC,BEN,14
GRC,κουρτ,14
GRC,mymar,14
GRC,φετα ηπ,14
GRC,concetra,14
GRC,τυρί vegan,14
GRC,αμερικα,14
GRC,PLAN(ET,14
GRC,oshe,14
GRC,χοντρο,14
GRC,noula,14
GRC,κους κου,14
GRC,γιαουρτι 10,14
GRC,αντιβακτηρι,14
GRC,cari,14
GRC,coockies,14
GRC,Wolt,14
GRC,baiocchi,14
GRC,λαχανα,14
GRC,γαντια μαυρα,14
GRC,σακουλες απορρι,14
GRC,turkey ham,14
GRC,lemor,14
GRC,γαλα χωρις λακτο,14
GRC,υγρό γ,14
GRC,velvet,14
GRC,εμφιαλωμ,14
GRC,brusc,14
GRC,σουσαμελαιο,14
GRC,νερο 6αδα,14
GRC,βυσινα,14
GRC,φαγητά,14
GRC,limoncello,14
GRC,chilli flakes,14
GRC,καλαμποκελ,14
GRC,μοσχαρισιος κιμας,14
GRC,Ben n,14
GRC,σωσιβ,14
GRC,vegalina,14
GRC,εσπρεσ,14
GRC,γαλα ζωης,14
GRC,leeks,14
GRC,τρε,14
GRC,κερι γενεθλιων,14
GRC,κετα,14
GRC,dave,14
GRC,dalon,14
GRC,fina,14
GRC,κυβος λαχανικων,14
GRC,ζελς,14
GRC,swc,14
GRC,clin,14
GRC,κερκ,14
GRC,αλουμινοχαρ,14
GRC,pedigr,14
GRC,ponpon,14
GRC,bilt,14
GRC,φυστικομπ,14
GRC,b&j,14
GRC,lid,14
GRC,vineger,14
GRC,αντισυπτ,14
GRC,3 alfa,14
GRC,ακράτειας,14
GRC,ice cu,14
GRC,lavac,14
GRC,αγελαδινο,14
GRC,ζαχαρη κα,14
GRC,μετρο,14
GRC,Γαριδακια,14
GRC,chinotto,14
GRC,σταμος,14
GRC,δακρυα σοκολατας,14
GRC,small water,13
GRC,lemonaid,13
GRC,dishwashing liquid,13
GRC,συσκε,13
GRC,σγγ,13
GRC,γιαουρτι στ,13
GRC,αλκοολη,13
GRC,βηταμ,13
GRC,deg,13
GRC,σόγ,13
GRC,mago,13
GRC,αποθηκευ,13
GRC,ypgurt,13
GRC,γαο,13
GRC,Spinach,13
GRC,ψιλοκ,13
GRC,milk rice,13
GRC,επιπλα,13
GRC,life τσαι,13
GRC,aege,13
GRC,γρεναδινη,13
GRC,λινγκου,13
GRC,hagen da,13
GRC,οινόπ,13
GRC,σακε,13
GRC,ζαχαρη καρ,13
GRC,τσαι lipton,13
GRC,nois,13
GRC,baking pa,13
GRC,τυράκι,13
GRC,ψωμι ολικ,13
GRC,elvibe,13
GRC,shop,13
GRC,cocao,13
GRC,kas,13
GRC,πυροφανι,13
GRC,qui rit,13
GRC,gea,13
GRC,ηλιοσπορους,13
GRC,BOLERO,13
GRC,υγρο σα,13
GRC,χρτι,13
GRC,lactose f,13
GRC,prorein,13
GRC,συροπ,13
GRC,watermellon,13
GRC,linder,13
GRC,γαλα καρύδας,13
GRC,ζεκ,13
GRC,inse,13
GRC,αλομα,13
GRC,διμι,13
GRC,aru,13
GRC,sensi,13
GRC,πρετ,13
GRC,τσιπουρε,13
GRC,cv,13
GRC,corned beef,13
GRC,βρεφικο γιαουρτι,13
GRC,ξινό ν,13
GRC,χωρίς γλουτεν,13
GRC,Γαρ,13
GRC,αλυρι,13
GRC,σικαλ,13
GRC,διαβολακος του λεκε,13
GRC,Απορρυ,13
GRC,μπύρες χωρίς,13
GRC,katselis,13
GRC,κριταμο,13
GRC,μηλοπιτ,13
GRC,ετοιμη σαλατα,13
GRC,super spo,13
GRC,mastih,13
GRC,rea,13
GRC,hor,13
GRC,White wine,13
GRC,nutree balls,13
GRC,gorg,13
GRC,holly lama,13
GRC,οικογενειακο παγωτο,13
GRC,insecticide,13
GRC,πυραυλο,13
GRC,ευβιοτο,13
GRC,κανελα κευλανης,13
GRC,tissue box,13
GRC,Χωρίς γλουτένη,13
GRC,πρασινο σαπ,13
GRC,ζύμη για πίτσα,13
GRC,panad,13
GRC,νελι,13
GRC,Agrino,13
GRC,oar,13
GRC,probiotic,13
GRC,antibac,13
GRC,ψαροδήμος,13
GRC,αφροκουτρ,13
GRC,fishsti,13
GRC,alt,13
GRC,non alcoholic,13
GRC,Κεράσια,13
GRC,peoper,13
GRC,Σογια,13
GRC,ετοιμα φαγ,13
GRC,ολθ,13
GRC,κολώνια,13
GRC,χωρίς αλ,13
GRC,pastrami,13
GRC,ψη,13
GRC,riccota,13
GRC,Ξυραφ,13
GRC,τζιντερ,13
GRC,βανιλιας,13
GRC,καφες ελληνι,13
GRC,ρυζιγκο,13
GRC,netfli,13
GRC,οξυζε,13
GRC,ψωμί γερμανικού,13
GRC,Μαύρη,13
GRC,monstet,13
GRC,κεδιρ,13
GRC,procc,13
GRC,houmous,13
GRC,spreads,13
GRC,λενονια,13
GRC,oak,13
GRC,σιλικόνη,13
GRC,ριζοκοφρετες,13
GRC,γγ,13
GRC,sousa,13
GRC,βρα,13
GRC,Μωρομαν,13
GRC,κορν φλει,13
GRC,bayer,13
GRC,maska,13
GRC,delact,13
GRC,gio,13
GRC,μαυρες,13
GRC,φαξες,13
GRC,γιαουρτι advance,13
GRC,septin,13
GRC,don julio,13
GRC,βαβ,13
GRC,παπατα,13
GRC,motzarella,13
GRC,ανταλλ,13
GRC,greencola,13
GRC,φιστικοβουτ,13
GRC,γερμανικο ψωμι,13
GRC,wha,13
GRC,guacam,13
GRC,τυρι cottage,13
GRC,σακουλάκια τροφιμων,13
GRC,χαρτια υ,13
GRC,γουμεν,13
GRC,Κατικι,13
GRC,sampo,13
GRC,τετραδ,13
GRC,tru fru,13
GRC,Χαρτο,13
GRC,τραπεζομαντηλο,13
GRC,cacao nibs,13
GRC,σκόνη σκορδου,13
GRC,σουρωτηρι,13
GRC,Κανελα,13
GRC,μπιγ,13
GRC,σουαζ,13
GRC,barri,13
GRC,παπουτσι,13
GRC,πρπ,13
GRC,carnicer,13
GRC,βοδινο,13
GRC,pomodoro,13
GRC,roq,13
GRC,βλητ,13
GRC,dil,13
GRC,sparl,13
GRC,Pan,13
GRC,μαο,13
GRC,επιδεσμος,13
GRC,κορομπουκιες,13
GRC,ζελε γι,13
GRC,zueg,13
GRC,lepton,13
GRC,naugh,13
GRC,κατεψυγμενα λαχα,13
GRC,κοτομπουκια,13
GRC,τυρι lig,13
GRC,halou,13
GRC,χαττι,13
GRC,mints,13
GRC,κατυδια,13
GRC,τυρι gooda,13
GRC,Ελληνικός κα,13
GRC,βπυτ,13
GRC,κραμα,13
GRC,γλυκο του,13
GRC,αντζουγια,13
GRC,food to go,13
GRC,parchment paper,13
GRC,Γαλο,13
GRC,φουντούνι,13
GRC,μεριτο,13
GRC,Trata,13
GRC,καμπ,13
GRC,OMO,13
GRC,nounoy,13
GRC,γκρανό,13
GRC,Σιρόπι,13
GRC,χαβ,13
GRC,siss,13
GRC,γιαουρτι προβιο,13
GRC,motsarela,13
GRC,τσιπσ,13
GRC,quick,13
GRC,λαχανιξα,13
GRC,κρεμαγαλακτος,13
GRC,γιωτγς,13
GRC,Γκουντα,13
GRC,lavash,13
GRC,αφρολουτεο,13
GRC,rufl,13
GRC,φωτ,13
GRC,φετα κατσικισια,13
GRC,υγρο απορ,13
GRC,patate,13
GRC,χουρμαδε,13
GRC,brocoll,13
GRC,σπαράγγι,13
GRC,polaret,13
GRC,arug,13
GRC,marseillais,13
GRC,lurpak soft,13
GRC,πανσετε,13
GRC,Κατε,13
GRC,Pay,13
GRC,american snacks,13
GRC,3cents,13
GRC,oreo ice,13
GRC,ανεμιστηρ,13
GRC,πλογουρι,13
GRC,κατεψη,13
GRC,luk,13
GRC,expert,13
GRC,μαρμελαδα φρα,13
GRC,toubo,13
GRC,σαπουνι για τα,13
GRC,καβουροψυχα,13
GRC,fas,13
GRC,Εβαπορέ,13
GRC,vegan παγω,13
GRC,alcool,13
GRC,υγρό πιά,13
GRC,ΣΟΔΑ,13
GRC,ρολι,13
GRC,ΒΙΟΤΟΠΟΣ,13
GRC,luncheon,13
GRC,frezylac,13
GRC,υγρό πλυ,13
GRC,Χαρτομ,13
GRC,sangri,13
GRC,newcafe,13
GRC,nature vall,13
GRC,γιαουρτι χωρίς,13
GRC,σγο,13
GRC,rist,13
GRC,παγωτο aloma,13
GRC,ημιγ,13
GRC,μοσχαρο,13
GRC,ΒΟΥΤΥΡΟ,13
GRC,κορμ,13
GRC,μπυρες χωρις,13
GRC,supercan,13
GRC,ζελρ,13
GRC,ΣΟΚΟΛΑΤΑ,13
GRC,αποχνουδ,13
GRC,haagen daz,13
GRC,πάστα ελιας,13
GRC,ροκκα,13
GRC,organic chicken,13
GRC,well,13
GRC,μπεκιν,13
GRC,πίερ,13
GRC,θερμοπ,13
GRC,merlot,13
GRC,χειροπετς,13
GRC,taf,13
GRC,γαριφαλ,13
GRC,chilla,13
GRC,μαυροδαφ,13
GRC,αυγα large,13
GRC,foccacia,13
GRC,Πορτοκ,13
GRC,Οδον,13
GRC,muffi,13
GRC,ig,13
GRC,ali,13
GRC,ben n jerr,13
GRC,kalam,13
GRC,μπύρα α,13
GRC,σερβοετες,13
GRC,σέλ,13
GRC,καφες εσπρεσσο,13
GRC,κοντοσουβλι,13
GRC,Θερμός,13
GRC,alpto,13
GRC,ταξι,13
GRC,noodles ρυζιου,13
GRC,δημητροακα,13
GRC,σοκολάτα ιον,13
GRC,φιλετα,13
GRC,Σνιτσελ,13
GRC,ligu,13
GRC,flu,13
GRC,pik,13
GRC,Sparkling,13
GRC,αλευρι που φου,13
GRC,ρεβθ,13
GRC,rib ey,13
GRC,γλειφιτ,13
GRC,prsto,13
GRC,γλυκο κουτα,13
GRC,marouli,13
GRC,Ψαρι,13
GRC,γιαούρτι πλήρες,13
GRC,mini ma,13
GRC,κρπυ,13
GRC,αφρολπυτρο,13
GRC,ψά,13
GRC,ζυμη για,13
GRC,Σκλ,13
GRC,ee,13
GRC,praline,13
GRC,ψεκα,13
GRC,σαμπάνια,13
GRC,μαναβ,13
GRC,garlic pow,13
GRC,μαγειρική σο,13
GRC,αλατι πλυντη,13
GRC,Δημητρι,13
GRC,σπανάκ,13
GRC,Nu,13
GRC,υγρά μαντη,13
GRC,μινερ,13
GRC,μπολερό,13
GRC,ποντ,13
GRC,twin,13
GRC,sheet,13
GRC,ξεσκονοπανο,13
GRC,ροδοπη κρεμα,13
GRC,κρεμα ξυρισματος,13
GRC,καφς,13
GRC,γόμα,13
GRC,κοκκινα φασολια,13
GRC,κατσικίσιο γιαουρτι,13
GRC,μοσχά,13
GRC,papoutsan,13
GRC,αλεύρι β,13
GRC,Θε,13
GRC,αλευρι ολικ,13
GRC,hansapl,13
GRC,λιπτον,13
GRC,Λουκαν,13
GRC,φύλλα ρυζ,13
GRC,τσιμπιδάκι,13
GRC,pepai,13
GRC,πουτιγκα πρωτεινης,13
GRC,lad,13
GRC,Λαδ,13
GRC,κπυβερτουρα,13
GRC,gravi,13
GRC,ξυραφάκ,13
GRC,διχτυ,13
GRC,uh,13
GRC,kan,13
GRC,σπογγοπε,13
GRC,γλουτε,13
GRC,επιδόρπιο γι,13
GRC,cape,13
GRC,cret,13
GRC,χυμός ντομα,13
GRC,καφες εσπρεσο,13
GRC,omi,13
GRC,Παξιμ,13
GRC,trave,13
GRC,coffee capsu,13
GRC,dressings,13
GRC,ρυζι μαυρο,13
GRC,μωριμαντηλα,13
GRC,ρεβύθι,13
GRC,κόλι,13
GRC,ζωγραφ,13
GRC,κρεμάστρες,13
GRC,μωραντηλα,13
GRC,ζυμαρι πιτσας,13
GRC,υγρασι,13
GRC,κάρ,13
GRC,noodlea,13
GRC,arla food,13
GRC,Χωρίς ζάχαρη,13
GRC,vegan τυρί,13
GRC,αλτ,13
GRC,milks,13
GRC,θερμοπροστατευτικο,13
GRC,σκόνη σκ,13
GRC,kris kris,13
GRC,mosquit,13
GRC,βεντ,13
GRC,protein c,13
GRC,κατσαριδοκτόνο,13
GRC,wei,13
GRC,Σολωμ,13
GRC,pancake mix,13
GRC,μπατονετεσ,13
GRC,fiit marine,13
GRC,cocteil,13
GRC,ham and cheese,13
GRC,peach juice,13
GRC,γυμναστική,13
GRC,ντοματιμια,13
GRC,bomba,13
GRC,grenadine,13
GRC,σαπούνι προσώπου,13
GRC,chocla,13
GRC,κονσέρ,13
GRC,kindee,13
GRC,κειμ,13
GRC,μονόκερος,13
GRC,tsipo,13
GRC,ψωμι του τ,13
GRC,σιροπια,13
GRC,dairy free,13
GRC,goats milk,13
GRC,φυτικο γα,13
GRC,ζαχαρούχο γάλα,13
GRC,helathy,13
GRC,σταθ,13
GRC,κρεμα προ,13
GRC,κοτοπουλο βιο,13
GRC,χυμός μη,13
GRC,Long,13
GRC,je l,13
GRC,spinge,13
GRC,φρεσκο κρεμμυ,13
GRC,Edamame,13
GRC,παστελια,13
GRC,παγωτο φραουλα,13
GRC,προτηγανισμενες,13
GRC,Καροτο,13
GRC,μπανι,13
GRC,πληντυρ,13
GRC,Nutr,13
GRC,νερο θε,13
GRC,ωρ,13
GRC,chor,13
GRC,haggen,13
GRC,Φυστικ,13
GRC,πει,13
GRC,νουνου εβαπορε,13
GRC,καλαμποκοφρετες,13
GRC,σκύλο,13
GRC,κοτομπι,13
GRC,creme f,13
GRC,ο μπαξες,13
GRC,τυρί gouda,13
GRC,συμιγδαλι,13
GRC,panceta,13
GRC,krav,13
GRC,ψωμί γ,13
GRC,κρουτιν,13
GRC,σαλατες ετοιμες,13
GRC,σερβιέτα,13
GRC,bisko,13
GRC,οσον,13
GRC,οδοντόβουρτ,13
GRC,Μπιφτεκι,13
GRC,vand,13
GRC,κυν,13
GRC,Γρα,13
GRC,υγρο πλυντη,13
GRC,επιτραπέζια,13
GRC,χαρτιά υ,13
GRC,proteine,13
GRC,ζελεδεκια,13
GRC,vero,13
GRC,shisan,13
GRC,μουνου,13
GRC,pf,13
GRC,tika,13
GRC,neapresso,13
GRC,τσαντιλα,13
GRC,σοκολατα 70,13
GRC,sulfate free,13
GRC,blu pod,13
GRC,αφρολουρ,13
GRC,Yo,13
GRC,ασπρο,13
GRC,αγροκ,13
GRC,τοστ ολικης,13
GRC,σέλερ,13
GRC,Μαρουλι,13
GRC,μποφτ,13
GRC,μπανανεσ,13
GRC,ποντι,13
GRC,Worcester,13
GRC,american cheese,13
GRC,pitsa,13
GRC,καλαμπογκοφρ,13
GRC,μελανι,13
GRC,πρασιν,13
GRC,egg wh,13
GRC,κινεζικη,13
GRC,beyo,13
GRC,φιογκακ,13
GRC,μπαρα δημη,13
GRC,Στραγγιστό,13
GRC,μαχαιροπ,13
GRC,πάνες ενηλίκων,13
GRC,Air,13
GRC,χαρμα,13
GRC,ρολο για τριχες,13
GRC,nucrem,13
GRC,ββ,13
GRC,Paysafe,13
GRC,νταμ,13
GRC,πιπερι τριμμενο,13
GRC,Κρέμα γαλακτος,13
GRC,κριτσινα,13
GRC,frozen chicken,13
GRC,cardamom,13
GRC,φουντουκελα,13
GRC,bellini,13
GRC,korpi,13
GRC,λεμομι,13
GRC,κρεμες προσωπου,13
GRC,blo,13
GRC,καραβα,13
GRC,Σουρωτη,13
GRC,φραν,13
GRC,sour creme,13
GRC,skup,13
GRC,Ja,13
GRC,espresso co,13
GRC,vigan,13
GRC,λεμπνια,13
GRC,καρυδοα,13
GRC,τυζ,13
GRC,λιναροσπο,13
GRC,walker,13
GRC,γλυκισμα,13
GRC,Champio,13
GRC,Moscato,13
GRC,truffl,13
GRC,βιβλι,13
GRC,κωλονια,13
GRC,cigarr,13
GRC,νης,13
GRC,evio,13
GRC,chopped,13
GRC,κοτοπιτ,13
GRC,joy,13
GRC,lactose free yogurt,13
GRC,Power,13
GRC,moni,13
GRC,πάτε,13
GRC,γαλοποθ,13
GRC,Δυοσμος,13
GRC,ισιωτικη,13
GRC,nuttree,13
GRC,αποσκληρυ,13
GRC,πολυος,13
GRC,χρυση κασετ,13
GRC,ρύζι καρολίνα,13
GRC,γαου,13
GRC,ζυμαρικά ολικής,13
GRC,κτεμ,13
GRC,brizer,13
GRC,χρωμόα,13
GRC,aegea,13
GRC,bepan,13
GRC,fregio,13
GRC,ηιαουρτι,13
GRC,ρύζι για,13
GRC,usb c,13
GRC,παταταλια,13
GRC,magic caramel,13
GRC,κεφρι,13
GRC,beead,13
GRC,βαρακι,13
GRC,daz,13
GRC,σογια σος,13
GRC,κρέμα καραμε,13
GRC,απρ,13
GRC,Οδοντόπαστα,13
GRC,ευαισθη,13
GRC,ντιματα,13
GRC,πλαστικα καλαμακια,13
GRC,μαυροματ,13
GRC,πατατατ,13
GRC,Μαν,13
GRC,Μακαρο,13
GRC,terea silv,13
GRC,χλωριο,13
GRC,οαγωτ,13
GRC,fresh mint,13
GRC,τυροκο,13
GRC,καταικι,13
GRC,αλκοολουχ,13
GRC,μάρμαρα,13
GRC,ey,13
GRC,μαραθο,13
GRC,lottus,13
GRC,ξρ,13
GRC,Σφουγγαρ,13
GRC,τσαι παγωμενο,13
GRC,val,13
GRC,Φαίδων,13
GRC,ντομαυα,13
GRC,Σοκολ,13
GRC,φαρμα κουκ,13
GRC,γάλα βιολογικό,13
GRC,σφουγαριστρα,13
GRC,κνορρ,13
GRC,ΓΙ,13
GRC,Αυτοκόλλητα,13
GRC,ice coffe,13
GRC,πολυμπρ,13
GRC,disin,13
GRC,φθ,13
GRC,χθμοι,13
GRC,πετρ,13
GRC,αποτριχωσης,13
GRC,στεβια ζάχαρη,13
GRC,κριθαρι,13
GRC,διαφανεια,13
GRC,κανελον,13
GRC,καππ,13
GRC,λεκέ,13
GRC,κολλητική ταινία,13
GRC,liq,13
GRC,leader,13
GRC,καρουο,13
GRC,high prote,13
GRC,ξυνομυ,13
GRC,Ben and j,13
GRC,ροδοπάκι,13
GRC,τροφη γ,13
GRC,Όλυμπος μεγαλώνω,13
GRC,βαγ,13
GRC,pritein,13
GRC,flowe,13
GRC,κρασι λε,13
GRC,κρεμα βαλσα,13
GRC,γαβ,13
GRC,φουα,13
GRC,nr,13
GRC,chablis,13
GRC,μπαταριες ααα,13
GRC,κόκκινες,13
GRC,puf,13
GRC,αλατι χονδρο,13
GRC,ins,13
GRC,υγεία,13
GRC,carry,13
GRC,μιν,13
GRC,prigles,13
GRC,πάν,13
GRC,yogo,13
GRC,ταλαγ,13
GRC,χαρτι υωειας,13
GRC,γαλλικη,13
GRC,napki,13
GRC,vegan nuggets,13
GRC,adoro c,13
GRC,κράκερς,13
GRC,χωρις ζαχαρι,13
GRC,hydrogen,13
GRC,επιδό,13
GRC,nescafe e,13
GRC,πιγ,13
GRC,sierra,13
GRC,κρανμπερ,13
GRC,τοττι,13
GRC,μτο,13
GRC,μαρμα,13
GRC,βιακ,13
GRC,παγωμ,13
GRC,γιαουρτι ροδοπη,13
GRC,veve,13
GRC,χαρτί α,13
GRC,μορταδελλα,13
GRC,passionfruit,13
GRC,σοκολατα υγε,13
GRC,free lacto,13
GRC,μαπ,13
GRC,πλυντηριο πιατ,13
GRC,σπι,13
GRC,καστανό,13
GRC,τυρι ζαμπον,13
GRC,Αφρ,13
GRC,mog,13
GRC,chl,13
GRC,regatto,13
GRC,clu,13
GRC,slices,13
GRC,έτοιμα φα,13
GRC,ντοματς,13
GRC,ρόφημα αμυ,13
GRC,Πτι μπερ,13
GRC,rebull,13
GRC,cog,13
GRC,consetrate,13
GRC,airan,13
GRC,spearmint,13
GRC,φτερν,13
GRC,θυματι,13
GRC,babylo,13
GRC,krema galaktos,13
GRC,εντα,13
GRC,καθαριστικό πατωματος,13
GRC,om,13
GRC,hair serum,13
GRC,3 cent,13
GRC,Ρε,13
GRC,oetk,13
GRC,μαγιν,13
GRC,λευκο τ,13
GRC,αυγά ελευθ,13
GRC,μπισκοτα oreo,13
GRC,τοματοπολτός,13
GRC,azax kloron,13
GRC,μαθντανος,13
GRC,ναν,13
GRC,τσανακια,13
GRC,Ζωμός,13
GRC,clipper,13
GRC,ρεσό,13
GRC,parmigia,13
GRC,charge,13
GRC,ταραμοσαλάτα,13
GRC,Potato,13
GRC,γκοφρέ,13
GRC,οδοντοβουρτσα soft,13
GRC,μπτ,13
GRC,κάπνισμα,13
GRC,cousc,13
GRC,αστερ,13
GRC,σγουρη,13
GRC,Αμυγδαλα,13
GRC,Κρεμμυ,13
GRC,καρπι,13
GRC,frizen,13
GRC,desp,13
GRC,νερό ανθρακούχο,13
GRC,omino bianco,13
GRC,cadburry,13
GRC,nitvana,13
GRC,μπιφτεκι κοτ,13
GRC,op,13
GRC,elvive conditioner,13
GRC,yogurt 10,13
GRC,sega,13
GRC,πανακοτα,13
GRC,γιαούρτι κατσ,13
GRC,sra,13
GRC,ξινολαχανο,13
GRC,φυλλο κρο,13
GRC,collag,13
GRC,black bean,13
GRC,zili,13
GRC,Di,13
GRC,φριγανιε,13
GRC,ρασ,13
GRC,snicke,13
GRC,μιλα,13
GRC,Μπατο,13
GRC,κατεψυγμέ,13
GRC,μειγμα για κρεπες,13
GRC,οδοντροκρεμα,13
GRC,τονατα,13
GRC,Φυστ,13
GRC,σαπουνι για τα χερια,13
GRC,kimoc,13
GRC,panck,13
GRC,Τρούφα,13
GRC,Ζαχαρούχο,13
GRC,ήλιος,13
GRC,ΠΑΓΩ,13
GRC,breads,13
GRC,αλεύρι για όλες,13
GRC,εβλογημένο,13
GRC,τρυμμενο τυρι,13
GRC,απορρυπαντικά πιάτων,13
GRC,ζελε γιω,13
GRC,Χαμομήλι,13
GRC,βουτρ,13
GRC,anana,13
GRC,ponk,13
GRC,q tip,13
GRC,plant milk,13
GRC,ρτ,13
GRC,μασκα προ,13
GRC,panes,13
GRC,κάπαρ,13
GRC,ζαχαρουζο,13
GRC,χαρτι α,13
GRC,Κουβ,13
GRC,σκορφ,13
GRC,water 6,13
GRC,ωρο,13
GRC,yough,13
GRC,Φορτιστής,13
GRC,κοτοσουπα,13
GRC,resses,13
GRC,schepp,13
GRC,προσαν,13
GRC,αφγ,13
GRC,κοτοπυ,13
GRC,λαδικο,13
GRC,πλυσιμο χερι,13
GRC,alho,13
GRC,grants,13
GRC,bacin,13
GRC,Detol,13
GRC,οινόπν,13
GRC,are,13
GRC,σοκολατά,13
GRC,zel,13
GRC,ρίγαν,13
GRC,ρετσι,13
GRC,γεροβασιλειου,13
GRC,heat pro,13
GRC,χωριατ,13
GRC,tabasko,13
GRC,nesa,13
GRC,νουνοθ,13
GRC,ες,13
GRC,dryer,13
GRC,κουμ,13
GRC,laundry soap,13
GRC,dast,13
GRC,γλυκανισος,13
GRC,Cottage cheese,13
GRC,παγοκυσ,13
GRC,μπουκλ,13
GRC,φισ,13
GRC,Αβοκ,13
GRC,χριστοδου,13
GRC,concea,13
GRC,fami,13
GRC,rolli,13
GRC,αλιμπ,13
GRC,tax,13
GRC,σερβιεττ,13
GRC,carne,13
GRC,σκόνη πλυ,13
GRC,καψουλες πλυν,13
GRC,αποφρακτι,13
GRC,στη,13
GRC,county,13
GRC,ρακετες,13
GRC,τυρι τριμεν,13
GRC,sip,13
GRC,ντοματοπολτο,13
GRC,natch,13
GRC,Σοκολατες,13
GRC,κουταλάκι,13
GRC,dal,13
GRC,παγοα,13
GRC,αγρος,13
GRC,ψησιμο,13
GRC,τυρι τριμμενξ,13
GRC,granil,13
GRC,micellar water,13
GRC,κρφ,13
GRC,σελλ,13
GRC,silver shampoo,13
GRC,ρυζι γλα,13
GRC,Schwe,13
GRC,αυγα ελε,13
GRC,dink,13
GRC,mues,13
GRC,ξινογα,13
GRC,κρεατιν,13
GRC,μοσχοφιλερο,13
GRC,φυσιολογικός ορός,13
GRC,ημισκληρο,13
GRC,Ζύμη,13
GRC,γαλοππ,13
GRC,bs,13
GRC,ιον στεβια,13
GRC,peppermint tea,13
GRC,στρω,13
GRC,nivea body,13
GRC,καθαριστικό τζαμιών,13
GRC,μαξι,13
GRC,ηλεκτρική,13
GRC,νιτς,13
GRC,μπαρμπα στ,13
GRC,σαπουνι πιατω,13
GRC,σκληρό,13
GRC,movenpic,13
GRC,Καλαμπ,13
GRC,κοκτ,13
GRC,μπύρες άνευ,13
GRC,τυρι παρμεζανα,13
GRC,σοκολατού,13
GRC,σουριμ,13
GRC,healthy havits,13
GRC,napk,13
GRC,rollon,13
GRC,mousta,13
GRC,σαμαρια,13
GRC,palett,13
GRC,riesling,13
GRC,egg w,13
GRC,κωλο,13
GRC,ρετς,13
GRC,elfbar,13
GRC,τυρί κρέ,13
GRC,στραγγιστό γιαούρτι,13
GRC,White,13
GRC,tempura,13
GRC,εμεν,13
GRC,pimp,13
GRC,mv,13
GRC,twirl,13
GRC,σαγανακι,13
GRC,Λουκάνικο,13
GRC,μπαρες δημητρια,13
GRC,φυστικοβουτιρο,13
GRC,κασέρι φέτες,13
GRC,Olympus,13
GRC,white w,13
GRC,σουπλιν,13
GRC,χαρτί τουαλε,13
GRC,baby cream,13
GRC,chardon,13
GRC,αλμυρά σνακ,13
GRC,κρέμα καρύδας,13
GRC,κρεμα βα,13
GRC,κροτσινια,13
GRC,παστιτσι,13
GRC,hygiene,13
GRC,Όλυμπος παιδικο,13
GRC,κανναβη,13
GRC,chciken,13
GRC,κριτδινια,13
GRC,ψωμί τοατ,13
GRC,διατροφικ,13
GRC,Πορτοκαλι,13
GRC,proteinbar,13
GRC,football,13
GRC,cop,13
GRC,frozen fr,13
GRC,coconut sugar,13
GRC,σκυλουροφη,13
GRC,Dodoni,13
GRC,τουμ,13
GRC,read,13
GRC,τοαστ,13
GRC,anan,13
GRC,soroti,13
GRC,γάλα κακάο,13
GRC,τροφή σκυλου,13
GRC,κυνο,13
GRC,geek bar,13
GRC,chocolate ch,13
GRC,karpo,13
GRC,mixed nuts,13
GRC,υδρ,13
GRC,κρτ,13
GRC,φιλετιν,13
GRC,moskito,13
GRC,washing up,13
GRC,kraker,13
GRC,χαντρ,13
GRC,παγωτο plan,13
GRC,deli sun,13
GRC,ζελε φρα,13
GRC,γρουτα,13
GRC,Toast,13
GRC,κρόκος,13
GRC,fove,13
GRC,toghurt,13
GRC,συσκ,13
GRC,parmasan,13
GRC,ζεχαρη,13
GRC,παγωτό βανιλια,13
GRC,ψωμί μπ,13
GRC,Blueberries,13
GRC,υγρα μ,13
GRC,γτ,13
GRC,κοκκοι καφε,13
GRC,μπισκότα χω,13
GRC,σακπ,13
GRC,προδ,13
GRC,μς,13
GRC,γκρειπφρουτ,13
GRC,Χωρίς,13
GRC,Μακ,13
GRC,αγουρια,13
GRC,λιχου,13
GRC,γς,13
GRC,παρθενο,13
GRC,fetta,13
GRC,tzin,13
GRC,coronna,13
GRC,face cleanser,13
GRC,mikk,13
GRC,ursus,13
GRC,bub,13
GRC,τυρι protein,13
GRC,chutne,13
GRC,φυστικια αιγινης,13
GRC,κρουασανακ,13
GRC,garbier,13
GRC,ος,13
GRC,κολοκυθοσπορο,13
GRC,κρεμμι,13
GRC,υπερ,13
GRC,παραμ,13
GRC,γιαούρτι ολυ,13
GRC,κανάτα,13
GRC,λεκανι,13
GRC,cala,13
GRC,protein pud,13
GRC,γάτες τροφη,13
GRC,μπουράτα,13
GRC,Toilet,13
GRC,ξυλομπογιες,13
GRC,ταμπλέτες πλυντηρίου,13
GRC,μπιμπ,13
GRC,νερα εξαδα,13
GRC,poli,13
GRC,αλιμπι,13
GRC,teriaki,13
GRC,σοκολατα υ,13
GRC,cloro,13
GRC,φευγα,13
GRC,βιολογικά φρούτα,13
GRC,κριθαρακο,13
GRC,water spar,13
GRC,fett,13
GRC,camam,13
GRC,πιτα ολικης,13
GRC,panty,13
GRC,μπισκουα,13
GRC,σκυλοτροφ,13
GRC,υγροσα,13
GRC,φευγανια,13
GRC,νερομπο,13
GRC,worch,13
GRC,gairy,13
GRC,Μαρμελαδα,13
GRC,Όλυμπος protein,13
GRC,πιτακ,13
GRC,Κανέλα,13
GRC,μακαρονηα,13
GRC,πατονετες,13
GRC,κέτ,13
GRC,marti,13
GRC,κορν φλεικ,13
GRC,happ,13
GRC,χημοι,13
GRC,λιγκουιν,13
GRC,sette,13
GRC,desserts,13
GRC,βρρ,13
GRC,sirup,13
GRC,εν ελλ,13
GRC,οατατες,13
GRC,λουκετο,13
GRC,nail file,13
GRC,πατάκι,13
GRC,μακαρονθα,13
GRC,κρέμα αποτρίχωσης,13
GRC,μαλλακτικη,13
GRC,μαγονεζα,13
GRC,otri,13
GRC,λουκάν,13
GRC,ισοθερμικό,13
GRC,κωσταρελλος,13
GRC,toff,13
GRC,στεγ,13
GRC,dove spray,13
GRC,marlo,13
GRC,γλιφ,13
GRC,redbl,13
GRC,red bull zero,13
GRC,πιπεριες πρασινες,13
GRC,curr,13
GRC,maybellin,13
GRC,loli,13
GRC,Σφουγ,13
GRC,karell,13
GRC,αμυγδαλο φιλε,13
GRC,άμυλο,13
GRC,μπισκότα γεμιστά,13
GRC,αντιβακτηριδιακά,13
GRC,ζαρτι,13
GRC,rolo,13
GRC,αντιβακτηρ,13
GRC,γιαούρτι παιδικο,13
GRC,creme caramel,13
GRC,Μεμβράνη,13
GRC,bone,13
GRC,κορι,13
GRC,φοφικο,13
GRC,λουκουμι,13
GRC,Terre,13
GRC,ψησταρια,13
GRC,ευβιότοποι,13
GRC,kefa,13
GRC,ανταλ,13
GRC,ανθρακούχο νε,13
GRC,Μπι,13
GRC,shwepp,13
GRC,διοσ,13
GRC,ρας,13
GRC,παντζά,13
GRC,φρέσκα ζ,13
GRC,αρν,13
GRC,sparki,13
GRC,Υποβρύχιο,13
GRC,αλευρι ολι,13
GRC,kalamakia,13
GRC,τρυμενο,13
GRC,pw,13
GRC,coctai,13
GRC,mari,13
GRC,protein yo,13
GRC,ρί,13
GRC,ξυριστικα,13
GRC,παγωτό aloma,13
GRC,ζι,13
GRC,Σακούλα,13
GRC,bleac,13
GRC,art,13
GRC,yor,13
GRC,κρεμα γαλακτος 35,13
GRC,γάλα φρ,13
GRC,cadbu,12
GRC,υγρό πατωματος,12
GRC,always night,12
GRC,arla co,12
GRC,Στεργ,12
GRC,creamcheese,12
GRC,spicy sauce,12
GRC,magic alm,12
GRC,whip cream,12
GRC,watwe,12
GRC,Dr.,12
GRC,τονος νερο,12
GRC,κέτσα,12
GRC,toalet,12
GRC,βασιλικη,12
GRC,φυτικό γ,12
GRC,καραμέλ,12
GRC,βιβλ,12
GRC,ποτηρια πλα,12
GRC,coffee caps,12
GRC,susi,12
GRC,proteib,12
GRC,dressin,12
GRC,ben jer,12
GRC,αμυγδαλοβού,12
GRC,πατετες,12
GRC,προϊόντα,12
GRC,κατρ,12
GRC,λαβα,12
GRC,pink gre,12
GRC,πανδαι,12
GRC,τυρος,12
GRC,fly,12
GRC,γλυκό κουταλιου,12
GRC,sweet chilli sauce,12
GRC,βραστ,12
GRC,lighter than light,12
GRC,σταγονες κουβερτουρας,12
GRC,καφές ελ,12
GRC,blond,12
GRC,Σκλαβενιτης,12
GRC,carott,12
GRC,Τζατζίκι,12
GRC,νερό 12,12
GRC,αφρός ξυρι,12
GRC,vicos,12
GRC,Μωρομαντιλα,12
GRC,τοστιέρα,12
GRC,κεμπαμπ,12
GRC,vienneta,12
GRC,κυπελ,12
GRC,τριμμένο τυρ,12
GRC,χυμός τ,12
GRC,μεξικάνικο,12
GRC,βαζελίνη,12
GRC,life tea,12
GRC,αποσμί,12
GRC,Nesc,12
GRC,ξεφιρ,12
GRC,souri,12
GRC,zee,12
GRC,καθαριστικό φούρνου,12
GRC,agrimo,12
GRC,trela,12
GRC,terea bro,12
GRC,xyno,12
GRC,pampers pr,12
GRC,Μπροκολο,12
GRC,φαγε καρυδα,12
GRC,ψωμι bur,12
GRC,σολομως,12
GRC,bae,12
GRC,magne,12
GRC,κουβερτα,12
GRC,ζυμος,12
GRC,ementa,12
GRC,ordinary,12
GRC,kaiz,12
GRC,Pop corn,12
GRC,poll,12
GRC,ah,12
GRC,"1,2",12
GRC,chicken fillet,12
GRC,mandarin,12
GRC,απωθητικό,12
GRC,ζελε κερασι,12
GRC,κρεμα κ,12
GRC,applesauce,12
GRC,ion pr,12
GRC,chixken,12
GRC,yello,12
GRC,γαλα συμπ,12
GRC,σοκοφτ,12
GRC,optipro,12
GRC,food storage,12
GRC,Tomatoes,12
GRC,τπρτι,12
GRC,razo,12
GRC,αλευρι που φουσκ,12
GRC,εσπρες,12
GRC,νερό ανθρα,12
GRC,ευαισ,12
GRC,γιαπθρτι,12
GRC,σουρωτες,12
GRC,πίκ,12
GRC,λουκανικόπιτα,12
GRC,giao,12
GRC,marinated,12
GRC,elite cra,12
GRC,m and,12
GRC,σκιρδο,12
GRC,masout,12
GRC,ice cream oreo,12
GRC,statbucks,12
GRC,ion dark,12
GRC,cr2032,12
GRC,ον,12
GRC,ΤΟΝΟΣ,12
GRC,κευλα,12
GRC,gantia,12
GRC,κρεμα προσω,12
GRC,γεριδες,12
GRC,χυμός ρόδι,12
GRC,loumidis,12
GRC,γιώ,12
GRC,διαβολακ,12
GRC,ραμεν,12
GRC,τδ,12
GRC,μαγειρε,12
GRC,φυτικο γιαουρτι,12
GRC,Χαρτί υγ,12
GRC,βαμιλια,12
GRC,yam,12
GRC,αβ β,12
GRC,μαγνη,12
GRC,bluberr,12
GRC,toiket,12
GRC,τρικολορε,12
GRC,σικαλη,12
GRC,νητσι,12
GRC,σανπου,12
GRC,νταμα κουπα,12
GRC,μάμος,12
GRC,basket,12
GRC,μωρομσντηλα,12
GRC,blu bar,12
GRC,κορδονια,12
GRC,oliven,12
GRC,λουκανικοπιτάκια,12
GRC,rinse aid,12
GRC,holbo,12
GRC,λουκανοπ,12
GRC,χαλιών,12
GRC,eama,12
GRC,althea,12
GRC,123,12
GRC,Planet Υγρό Απορρυπαντικό Πλυντηρίου Ρούχων,12
GRC,rice ch,12
GRC,αλεύρι βρω,12
GRC,κορνφλ,12
GRC,πουτιγξα,12
GRC,Αντι,12
GRC,baby potatos,12
GRC,panini world cup stickers,12
GRC,σοαν,12
GRC,καπνιστος σολομος,12
GRC,Καραμολέγκο,12
GRC,raddler,12
GRC,Ταμπον,12
GRC,σψ,12
GRC,ravio,12
GRC,χαρτι περι,12
GRC,arrena,12
GRC,ξιρα,12
GRC,file,12
GRC,ντοματοπελ,12
GRC,μή,12
GRC,piperi,12
GRC,tsakiris sticks,12
GRC,pennes,12
GRC,tsips,12
GRC,kora,12
GRC,τζί,12
GRC,some by mi,12
GRC,μάτσα,12
GRC,Σφο,12
GRC,ρεγκατ,12
GRC,απολυμαντ,12
GRC,τσάι ροδάκινο,12
GRC,κρέμα κ,12
GRC,ΚΑΦΕ,12
GRC,Ferrero,12
GRC,ζαγοτι,12
GRC,ξεσκο,12
GRC,coca coal,12
GRC,prosciut,12
GRC,protein bat,12
GRC,ψωμι ο,12
GRC,melin,12
GRC,καρεκια,12
GRC,φυστο,12
GRC,σεεβ,12
GRC,πιταα,12
GRC,viol,12
GRC,πατατας,12
GRC,μια,12
GRC,periog,12
GRC,fingers,12
GRC,babay,12
GRC,εκχύλισμα βανιλιας,12
GRC,αξιαγαπ,12
GRC,twic,12
GRC,tomato p,12
GRC,Σακούλ,12
GRC,ανυγδαλα,12
GRC,αποξηραμεν,12
GRC,chocolate cake,12
GRC,κόκκινα φασόλια,12
GRC,καπνος old,12
GRC,periogard,12
GRC,παγωτά χωρις ζάχαρη,12
GRC,"Lipton Ice Tea Sugar Free Πράσινο-Λεμόνι, 500 ml",12
GRC,nan op,12
GRC,πρόσωπο,12
GRC,vegetab,12
GRC,ψωμακια τοστ,12
GRC,ροκο,12
GRC,mikel,12
GRC,λια,12
GRC,le petit marseillais,12
GRC,πεπα,12
GRC,serk,12
GRC,hips,12
GRC,μακαρόνια για παστίτσιο,12
GRC,φροθτα,12
GRC,hair shampoo,12
GRC,περιτυ,12
GRC,δακες,12
GRC,αφρολουττο,12
GRC,chopstick,12
GRC,lut,12
GRC,parod,12
GRC,iceburg,12
GRC,μπισκοτα πρωινου,12
GRC,ΚΟΤΟΠΟΥΛΟ,12
GRC,makaro,12
GRC,γιαουρτι με,12
GRC,σακουλας,12
GRC,brandy,12
GRC,cream soda,12
GRC,prossec,12
GRC,xeno,12
GRC,μεκαρονια,12
GRC,θρακης γευσεις,12
GRC,μπαναμες,12
GRC,σακουλα σκου,12
GRC,σαα,12
GRC,πεστπ,12
GRC,ψητό,12
GRC,AXE,12
GRC,ισοθερμικ,12
GRC,σκηνη,12
GRC,Σακούλες απορριμμάτων,12
GRC,Καρπο,12
GRC,κορνφ,12
GRC,σησαμε,12
GRC,frozen be,12
GRC,squish,12
GRC,olme,12
GRC,ler,12
GRC,γιαουρτι στραγγιστό,12
GRC,ακατι,12
GRC,gam,12
GRC,sunny,12
GRC,yogurt 10%,12
GRC,αποθηκε,12
GRC,μικροί,12
GRC,gravy,12
GRC,giaoyrti,12
GRC,cau,12
GRC,kep,12
GRC,μηλου,12
GRC,mey,12
GRC,promo,12
GRC,συραπτικο,12
GRC,budak,12
GRC,choco balls,12
GRC,protein granola,12
GRC,φταουλες,12
GRC,Iqos,12
GRC,σκονη πλυντη,12
GRC,jerrys,12
GRC,Capr,12
GRC,ily,12
GRC,extr,12
GRC,alra,12
GRC,absol,12
GRC,jalepeno,12
GRC,sabo,12
GRC,λαμπριν,12
GRC,Laundry,12
GRC,karava,12
GRC,αμερικ,12
GRC,capei,12
GRC,ομπρελ,12
GRC,"Blue Ice Σακούλα Πάγος, 3 Kg",12
GRC,βπ,12
GRC,σκορδου,12
GRC,πατάτες κατεψ,12
GRC,στριφτό,12
GRC,κεμον,12
GRC,γερανι,12
GRC,salad mix,12
GRC,κοτόπουλο ψητο,12
GRC,νερσ,12
GRC,γαλοπούλα ψητή,12
GRC,bug spray,12
GRC,ραδίκια,12
GRC,sem,12
GRC,waste,12
GRC,λαχανιδα,12
GRC,βτωμη,12
GRC,trap,12
GRC,head shoulders,12
GRC,ασετό,12
GRC,frozen fries,12
GRC,σκονη πλυντ,12
GRC,γερμας,12
GRC,canab,12
GRC,κυδ,12
GRC,αλευρι καλαμποκιου,12
GRC,γιαουρτι καρυδα,12
GRC,κπυ,12
GRC,alona,12
GRC,σπιρτ,12
GRC,Μπάμιες,12
GRC,nis,12
GRC,σαπουνι για χερια,12
GRC,μπυρεε,12
GRC,Maggie,12
GRC,τυρι γκου,12
GRC,κρεμάστρα,12
GRC,Ροδακ,12
GRC,glyka,12
GRC,coockie,12
GRC,αυγά με,12
GRC,barbie,12
GRC,freddo espresso,12
GRC,Lo,12
GRC,καταψυγμ,12
GRC,Coca-cola,12
GRC,κασσερι,12
GRC,αρώματα,12
GRC,pengui,12
GRC,παγωτό no,12
GRC,χαρτιά υγ,12
GRC,arkad,12
GRC,παγωτα ben,12
GRC,αποσμηυ,12
GRC,παρθένο,12
GRC,νερο εμφιαλωμενο,12
GRC,worchester,12
GRC,σουροτι,12
GRC,ρικότα,12
GRC,baio,12
GRC,Φυ,12
GRC,βουτυο,12
GRC,μωρο μαν,12
GRC,ατεργιου,12
GRC,ρεβιθι,12
GRC,φρέσκο ψωμι,12
GRC,jy,12
GRC,καλποκι,12
GRC,ψαροκροκε,12
GRC,παρκεζανα,12
GRC,νεσο,12
GRC,okive oil,12
GRC,airc,12
GRC,δονητή,12
GRC,Μαλακτ,12
GRC,καψουλεδ,12
GRC,coca  cola,12
GRC,κρεμα μα,12
GRC,ομπρε,12
GRC,vick,12
GRC,terrea sil,12
GRC,plane)t,12
GRC,vegetabl,12
GRC,μενγαλ,12
GRC,mozer,12
GRC,Αραβική,12
GRC,πληντυριου,12
GRC,νουνου protein,12
GRC,πειν,12
GRC,Ομοσπονδία,12
GRC,tiri,12
GRC,αγγουράκ,12
GRC,δρουτα,12
GRC,zero coke,12
GRC,γαντια νιτρ,12
GRC,γαλακτοφετ,12
GRC,στραγγις,12
GRC,τροφη γατες,12
GRC,γαλα νουν,12
GRC,chickem,12
GRC,γιαιυρτ,12
GRC,kalas,12
GRC,tice,12
GRC,ping pong,12
GRC,salad sauce,12
GRC,fit and,12
GRC,Κριτσίνια,12
GRC,brow tint,12
GRC,green m,12
GRC,kosta,12
GRC,τοδα,12
GRC,beaf,12
GRC,στρατ,12
GRC,πατατες τηγανιτες,12
GRC,teix,12
GRC,flat,12
GRC,καθαρισμός προσωπου,12
GRC,βαμβακακια,12
GRC,kinder bu,12
GRC,πιτες σουβλακι,12
GRC,wok shop,12
GRC,αλλαντικό,12
GRC,penut butter,12
GRC,χυμος καρπουζι,12
GRC,coca cola lemon,12
GRC,βαμα,12
GRC,el sabir,12
GRC,mao,12
GRC,πανσέτα,12
GRC,water 500 ml,12
GRC,παγωτό χωρίς ζ,12
GRC,grana pa,12
GRC,ισοθε,12
GRC,βενζίνη,12
GRC,cheery,12
GRC,πατάτες Κύπρου,12
GRC,κριυα,12
GRC,καλς,12
GRC,μπιφτεκια κοτο,12
GRC,δεματικα,12
GRC,σιροπι σφε,12
GRC,nutri vall,12
GRC,μεταλικο,12
GRC,κρεμα καραμ,12
GRC,μελεκ,12
GRC,φαρμακο,12
GRC,2πλο,12
GRC,φυα,12
GRC,ρυζαλευ,12
GRC,spl,12
GRC,Amita Free,12
GRC,γιαουρτι καταικισιο,12
GRC,τρυμε,12
GRC,Ch,12
GRC,βασιλοπο,12
GRC,παυλί,12
GRC,aria,12
GRC,νερα εμφιαλωμενα,12
GRC,κακακο,12
GRC,γρυγανιες,12
GRC,chia seed,12
GRC,καφές εσπρέσσο,12
GRC,σακουλες φαγητου,12
GRC,nodles,12
GRC,χαρρι κουζινας,12
GRC,μηλόξ,12
GRC,4 all,12
GRC,shus,12
GRC,χαρτια υγ,12
GRC,κραδι,12
GRC,pampers 1,12
GRC,χρωμόαγιδες,12
GRC,απισμητ,12
GRC,qual,12
GRC,οικογεν,12
GRC,καφες λουμι,12
GRC,gpuda,12
GRC,Φα,12
GRC,σπαγκος,12
GRC,θερμοφορα,12
GRC,παιδικό γιαούρτι,12
GRC,πατατες country,12
GRC,μαγεια,12
GRC,σφουγγαρίστρ,12
GRC,γυαο,12
GRC,βουτγρο,12
GRC,ουσκι,12
GRC,εκιες,12
GRC,αντζούγια,12
GRC,philadelfi,12
GRC,σακούλες σκουπιδιω,12
GRC,dr o,12
GRC,μουσταρδα με μελι,12
GRC,μιχ,12
GRC,500 ml,12
GRC,humana,12
GRC,ξυριστικες,12
GRC,codi,12
GRC,ντομάτινια,12
GRC,οδοντογλυφι,12
GRC,samy,12
GRC,taper,12
GRC,tonic zero,12
GRC,white ch,12
GRC,μπαταριες αα,12
GRC,milk oat,12
GRC,mythis,12
GRC,ΜΑΛΑΚΤΙΚΟ,12
GRC,fishs,12
GRC,ravi,12
GRC,γαλα μακ,12
GRC,γαλοπούλα σε φέτες,12
GRC,samya,12
GRC,Λάχανο,12
GRC,peanut butt,12
GRC,Halo Top,12
GRC,ριγαμη,12
GRC,espresso beans,12
GRC,φυστικοβουτη,12
GRC,χαρτι κουζιβας,12
GRC,fifa world cup,12
GRC,phil's,12
GRC,lemon jui,12
GRC,βελού,12
GRC,τυρι milner,12
GRC,πρετζελ,12
GRC,γιαουρτι χωρι,12
GRC,υγρο χερ,12
GRC,bokero,12
GRC,super m,12
GRC,κορεάτικα,12
GRC,Ben Jerry's,12
GRC,chet,12
GRC,νιφαδες σοκολατας,12
GRC,NAN,12
GRC,bom,12
GRC,apple ci,12
GRC,τσάντα δωρου,12
GRC,vegg,12
GRC,washin,12
GRC,γιαουρτια χωρις,12
GRC,Στε,12
GRC,σπιράλ,12
GRC,τορτιλια,12
GRC,powerb,12
GRC,κρέμα μα,12
GRC,καθαρισμο,12
GRC,ας μαγειρε,12
GRC,real,12
GRC,αρτυμα,12
GRC,ωω,12
GRC,walnu,12
GRC,γκαζοζ,12
GRC,βρυ,12
GRC,El,12
GRC,pearl,12
GRC,σφουγγαρια κουζινας,12
GRC,phil’s granola,12
GRC,μερεμτα,12
GRC,sensodine,12
GRC,πιτα για σουβλακι,12
GRC,σιδερω,12
GRC,ταψιά,12
GRC,red ve,12
GRC,la pe,12
GRC,benecol,12
GRC,manitaria,12
GRC,soi,12
GRC,μπούτι κοτόπουλο,12
GRC,plat,12
GRC,κανν,12
GRC,Καρο,12
GRC,μοτσαρελλ,12
GRC,Quak,12
GRC,κίτρινο τυρί,12
GRC,ελαφ,12
GRC,mmmilk,12
GRC,πιυες,12
GRC,φρούτα του,12
GRC,coca cola lig,12
GRC,maybeli,12
GRC,goa,12
GRC,κρακεε,12
GRC,wileda,12
GRC,cream body,12
GRC,σακκουλες τροφιμων,12
GRC,βιβλία,12
GRC,charcuterie,12
GRC,δελτα advance,12
GRC,αολομος,12
GRC,φυστικιβου,12
GRC,ρύζι μπα,12
GRC,huice,12
GRC,tang,12
GRC,ζημαρικα,12
GRC,παραλιας,12
GRC,makar,12
GRC,συλ,12
GRC,πουρές πατάτας,12
GRC,πάνες βρακακι,12
GRC,βρωμγ,12
GRC,anth,12
GRC,milk light,12
GRC,πελορινο,12
GRC,γλυκσ,12
GRC,κακαο αγλυκο,12
GRC,αυγά βι,12
GRC,nulac,12
GRC,μαλακτική μαλλιών,12
GRC,ηλιον,12
GRC,tik,12
GRC,κουρτιν,12
GRC,τορτίγια ολικής,12
GRC,απορρυπαντικο πλυντηριου πιατων,12
GRC,moro,12
GRC,prosu,12
GRC,άμμος γάτας,12
GRC,μονσ,12
GRC,προφιτε,12
GRC,liquer,12
GRC,oreo παγωτο,12
GRC,Ψίχα,12
GRC,πορτοκαλδα,12
GRC,ifan,12
GRC,χυμος λ,12
GRC,τριυφα,12
GRC,τριγωνο,12
GRC,κυρ,12
GRC,παουντερ,12
GRC,ολυμπος χυ,12
GRC,τρικολ,12
GRC,επιτρα,12
GRC,mushro,12
GRC,λουκούμι,12
GRC,σαμαρ,12
GRC,fine,12
GRC,noodels,12
GRC,kioski,12
GRC,cease,12
GRC,pale ale,12
GRC,alfa beer,12
GRC,Στερ,12
GRC,fanta blue,12
GRC,"Ruffles Πατατάκια Αλάτι, 400 g",12
GRC,χρωματα,12
GRC,μαρμελάδα χωρίς ζάχαρη,12
GRC,σακοτ,12
GRC,γαλα αμυγα,12
GRC,ροζ σοδα,12
GRC,παγωτο protein,12
GRC,καλαμποκια,12
GRC,σεπτονα,12
GRC,αλεύρι αμ,12
GRC,carioca,12
GRC,ηλιοπ,12
GRC,tortu,12
GRC,φοκα,12
GRC,tortigia,12
GRC,κς,12
GRC,protein pancakes,12
GRC,giant,12
GRC,cocc,12
GRC,cottaf,12
GRC,βερνικι νυχιων,12
GRC,Pancakes,12
GRC,pocket,12
GRC,τονοσαλα,12
GRC,σακίδιο,12
GRC,πατατακια χωρις,12
GRC,kit k,12
GRC,εντομοαπωθητικ,12
GRC,chery,12
GRC,περιτ,12
GRC,τπρτιγιες,12
GRC,vrgan,12
GRC,παγωρ,12
GRC,αμθ,12
GRC,karo,12
GRC,σακουλες σκουπιδιω,12
GRC,μεξικα,12
GRC,ριγκατον,12
GRC,τοματινοα,12
GRC,μαύρη σοκ,12
GRC,walter,12
GRC,pinot noir,12
GRC,σφολιατες,12
GRC,σάλτσα πιτσας,12
GRC,Calgon,12
GRC,fleria,12
GRC,kalama,12
GRC,βαφή μαλλ,12
GRC,παγωτα χωρις,12
GRC,Τυρι τοστ,12
GRC,στιφ,12
GRC,βαλσάμ,12
GRC,minions,12
GRC,ροδόη,12
GRC,knott,12
GRC,γάλα κου,12
GRC,avaca,12
GRC,Λουκανικα,12
GRC,ct,12
GRC,μπροκοκο,12
GRC,καψουλες πλυντηριου ρουχων,12
GRC,Sw,12
GRC,pistacio,12
GRC,gillette fusion,12
GRC,βρεφικές,12
GRC,ταψάκια,12
GRC,rok,12
GRC,εμπλ,12
GRC,κοτολ,12
GRC,αναπτυρας,12
GRC,happy swing,12
GRC,χαρτοται,12
GRC,ani,12
GRC,marshma,12
GRC,cheeze,12
GRC,swu,12
GRC,νουνου χωρις,12
GRC,Perrier,12
GRC,gelat,12
GRC,ψωμι hot,12
GRC,maybelline lifter,12
GRC,κεχρ,12
GRC,κέφι,12
GRC,Παρ,12
GRC,papel,12
GRC,πιπέρια,12
GRC,μπλε τρακτερ,12
GRC,ζάχαρη καστανη,12
GRC,μπουτακια,12
GRC,οικο,12
GRC,μπεο,12
GRC,καθαριστικο πιατων,12
GRC,Parsley,12
GRC,παραλία,12
GRC,παρμεζανα τριμμενη,12
GRC,παρμεζάν,12
GRC,fii,12
GRC,κρεοπωλ,12
GRC,γαλαα,12
GRC,αισμπ,12
GRC,iced latte,12
GRC,soua,12
GRC,λαχανια,12
GRC,τουλ,12
GRC,beefe,12
GRC,καριδ,12
GRC,καρφι,12
GRC,Σαλα,12
GRC,trashbag,12
GRC,σουτζο,12
GRC,παγοτω,12
GRC,αυγα ελ,12
GRC,σαπούνι προσωπου,12
GRC,Κρεμα γαλακτος,12
GRC,κινεζι,12
GRC,sherry,12
GRC,cherios,12
GRC,κριτσινια ολικης,12
GRC,refill,12
GRC,γκουαντσαλε,12
GRC,rondo,12
GRC,αβ βας,12
GRC,καταψυξης,12
GRC,ορεινο,12
GRC,porri,12
GRC,Στα,12
GRC,αφα,12
GRC,γιαουρτι δελτα,12
GRC,sporo,12
GRC,αλιμ,12
GRC,tress,12
GRC,swimm,12
GRC,marlboro touch,12
GRC,natures,12
GRC,σφουγγαρισττα,12
GRC,primo gusto,12
GRC,ασι,12
GRC,extra protein,12
GRC,ζαμπόν τυρί,12
GRC,παιχνιδ,12
GRC,ταχινι με μελι,12
GRC,τσακιρης αυγα,12
GRC,ξυρους,12
GRC,πουηρι,12
GRC,αλευρι αμυγδ,12
GRC,nika,12
GRC,τυρί τριμμεν,12
GRC,αποξηραμενο,12
GRC,lunch box,12
GRC,coffee pod,12
GRC,album,12
GRC,μορταδέ,12
GRC,κατοικιδιο,12
GRC,assy,12
GRC,γαλόπουλα,12
GRC,μελιντ,12
GRC,παγωτο ma,12
GRC,70,12
GRC,"Lay's Πατατάκια Αλάτι, 150 g",12
GRC,chocolonely,12
GRC,freskoulis salad,12
GRC,πινελα,12
GRC,φακελοι,12
GRC,septe,12
GRC,σόδα μαγ,12
GRC,tem,12
GRC,krit,12
GRC,μωρόμαν,12
GRC,dry wine,12
GRC,μελε,12
GRC,μαιντανις,12
GRC,παμπ,12
GRC,σπανακόρ,12
GRC,ife cream,12
GRC,schwa,12
GRC,pillows,12
GRC,lla,12
GRC,edem,12
GRC,rigaton,12
GRC,ευλογημ,12
GRC,μουσακάς,12
GRC,water glass,12
GRC,ψαθ,12
GRC,coconut mil,12
GRC,scoo,12
GRC,ταμπλετες πιατων,12
GRC,μαυρη σοκολα,12
GRC,τυροπιτακ,12
GRC,guine,12
GRC,hand s,12
GRC,sokolata,12
GRC,ροφημα αμυγδαλο,12
GRC,τοστ τυρί,12
GRC,βίδε,12
GRC,μακαρονακι κοφτο,12
GRC,speci,12
GRC,πατωματα,12
GRC,σαπούνι για τα πιάτα,12
GRC,pampers 2,12
GRC,arugu,12
GRC,magic ice cream,12
GRC,ξηροί καρπ,12
GRC,μαγειρική σ,12
GRC,λευκο τυ,12
GRC,eice,12
GRC,φαιδ,12
GRC,γραβιερα κρητης,12
GRC,mois,12
GRC,naan,12
GRC,Μαγιά,12
GRC,m & m,12
GRC,σοανακ,12
GRC,τυρι γαλο,12
GRC,οπ,12
GRC,Red Bull,12
GRC,μπύρα ανε,12
GRC,παγοθηκε,12
GRC,face clean,12
GRC,καφες φίλτρου,12
GRC,paper t,12
GRC,ρολο κουζίνας,12
GRC,αιρ,12
GRC,sanilac 2,12
GRC,limonc,12
GRC,Heinz,12
GRC,σεντ,12
GRC,πλαστικά ποτ,12
GRC,puls,12
GRC,μερι,12
GRC,σοκολατόπιτα,12
GRC,bioagros,12
GRC,παταε,12
GRC,πατστακια,12
GRC,μωρομαντγλα,12
GRC,almiron 1,12
GRC,βασιλοπ,12
GRC,lor espresso,12
GRC,απολυμαντι,12
GRC,αφρωδ,12
GRC,λουκανοπι,12
GRC,τυρί σ,12
GRC,hydra,12
GRC,pind,12
GRC,Φαρινα,12
GRC,ceev,12
GRC,συλλ,12
GRC,Mini,12
GRC,καφες στ,12
GRC,αμος,12
GRC,ristretto,12
GRC,κοπανιστη,12
GRC,tirotrella,12
GRC,ντομαρινια,12
GRC,αλατι π,12
GRC,χυμος χωρις ζαχαρη,12
GRC,μπαξές,12
GRC,μαρμελασα,12
GRC,μβρομα,12
GRC,churro,12
GRC,νεα,12
GRC,Θεόνη,12
GRC,alpro soya,12
GRC,κουβερτουτα,12
GRC,αφεο,12
GRC,σκοροκτο,12
GRC,Πίτα,12
GRC,αποσμητοκο,12
GRC,turm,12
GRC,non dairy,12
GRC,sx,12
GRC,πάνες ενηλικων,12
GRC,βεργι,12
GRC,κριθινο,12
GRC,μπουρατ,12
GRC,nestle fitness,12
GRC,Virginia,12
GRC,κοκκο,12
GRC,frizomel,12
GRC,skin 1004,12
GRC,παναρ,12
GRC,ουγ,12
GRC,shee,12
GRC,ατα,12
GRC,coca coa,12
GRC,tomo,12
GRC,lupa,12
GRC,δονητη,12
GRC,ραδ,12
GRC,καπνιστη γαλοπουλα,12
GRC,vanille,12
GRC,rosema,12
GRC,fish s,12
GRC,Νου,12
GRC,Oats,12
GRC,veev καψουλα,12
GRC,bion,12
GRC,pats,12
GRC,προσάναμμα,12
GRC,μπισκπτα,12
GRC,φυλλα κρουστας,12
GRC,τριβελ,12
GRC,wall,12
GRC,νετό,12
GRC,τιλιο,12
GRC,glaze,12
GRC,medicibe,12
GRC,sweet potatoe,12
GRC,coca x,12
GRC,βρεφική,12
GRC,cottage protein,12
GRC,πανες ακρ,12
GRC,πανακο,12
GRC,θηκε,12
GRC,coffeway,12
GRC,vann,12
GRC,γατιδες,12
GRC,χαλού,12
GRC,Φιλέτο,12
GRC,tonny,12
GRC,πελε,12
GRC,baking s,12
GRC,50,12
GRC,rize,12
GRC,μηλόξιδο,12
GRC,tena pants,12
GRC,Nescafé espresso,12
GRC,γυαλινο μπουκαλι,12
GRC,chicken thighs,12
GRC,Ανανάς,12
GRC,pulled,12
GRC,pink st,12
GRC,σοκολάτα υ,12
GRC,κιμάς σόγιας,12
GRC,γιαούρτι αμυγδάλου,12
GRC,macar,12
GRC,αμερι,12
GRC,ψωμι τιστ,12
GRC,μπί,12
GRC,πλανετ,12
GRC,τσαντάκι,12
GRC,κρεμα γαλατος,12
GRC,βάζο,12
GRC,φροτ,12
GRC,Tassimo,12
GRC,γαλα ελα,12
GRC,αλουμινε,12
GRC,Ha,12
GRC,γλυκανισο,12
GRC,φιλεντ,12
GRC,αγελαδος,12
GRC,μίνι,12
GRC,ρυζι bas,12
GRC,υγα,12
GRC,ενερ,12
GRC,φτυγανια,12
GRC,moi,12
GRC,φρεσκούλη,12
GRC,λιγκουνι,12
GRC,tabacco,12
GRC,faj,12
GRC,green moc,12
GRC,Krispies,12
GRC,Μπιφτ,12
GRC,Nutell,12
GRC,λονι,12
GRC,πυρηνελα,12
GRC,ολυμπος bio,12
GRC,σιταρ,12
GRC,βασιλοπου,12
GRC,σικ,12
GRC,ευζογκο,12
GRC,κυμιν,12
GRC,pomo,12
GRC,Pla,12
GRC,Ελασσόνας,12
GRC,ξινογ,12
GRC,lemonjito,12
GRC,room,12
GRC,sercova,12
GRC,γάζες,12
GRC,μανοτ,12
GRC,αμμοσ,12
GRC,απορρυπαντικπ,12
GRC,besamel,12
GRC,υποστ,12
GRC,Rice cake,12
GRC,τομο,12
GRC,Coca col,12
GRC,SEPTONA,12
GRC,Φυστικοβούτυρο,12
GRC,κάστανο,12
GRC,σφενδάμου,12
GRC,αφρωδη,12
GRC,μορομαντ,12
GRC,mince beef,12
GRC,diet cola,12
GRC,σοκολατα υγει,12
GRC,hola,12
GRC,botani,12
GRC,χοιρινή,12
GRC,betadine,12
GRC,parfait,12
GRC,wool,12
GRC,movem,12
GRC,χυμός ρ,12
GRC,bigi,12
GRC,τυρι σε φ,12
GRC,Μασκα,12
GRC,uce,12
GRC,after sa,12
GRC,φις,12
GRC,γαντα,12
GRC,φυστίκι Αιγίνης,12
GRC,toffee,12
GRC,αντισιπτικο,12
GRC,pance,12
GRC,τεχινι,12
GRC,moth,12
GRC,ice cream protein,12
GRC,de ceco,12
GRC,nona,12
GRC,μιρά,12
GRC,μιλητης,12
GRC,azax πατωμα,12
GRC,Θεωνη,12
GRC,wgg,12
GRC,υγρό γι,12
GRC,aroa,12
GRC,παταα,12
GRC,Ξυραφακια,12
GRC,baby potat,12
GRC,γιαούρτι με,12
GRC,γαλα υψηλης,12
GRC,loll,12
GRC,ζαγορισιο,12
GRC,κορδ,12
GRC,τοετ,12
GRC,Σφουγγαράκι,12
GRC,caz,12
GRC,καρπτο,12
GRC,Hungry not,12
GRC,gorgo,12
GRC,φυτικό τυρί,12
GRC,καρφ,12
GRC,l'o,12
GRC,first aid,12
GRC,ζυμη πι,12
GRC,Mojito,12
GRC,παστέλ,12
GRC,ποπερι,12
GRC,lolipop,12
GRC,τγρο,12
GRC,κρεμα μ,12
GRC,καθαριστικό πατω,12
GRC,green olive,12
GRC,αχνη ζα,12
GRC,μαιονεζα,12
GRC,fill,12
GRC,prpsi,12
GRC,αναπτήρες,12
GRC,bonomi,12
GRC,ρυχογ,12
GRC,Avocado,12
GRC,μανέστρα,12
GRC,βαφη μαλλοων,12
GRC,oh,12
GRC,σημη,12
GRC,crepa,12
GRC,πολυκαθαριστικο,12
GRC,ψωμι ολικής,12
GRC,Σφουγγάρια,12
GRC,τηλ,12
GRC,ρεβιθ,12
GRC,Πεπονι,12
GRC,βηκος,12
GRC,σοκολατακια υγειας,12
GRC,σακουλες μαυρες,12
GRC,heinz zero,12
GRC,σαπούνι πιατ,12
GRC,powde,12
GRC,sanitaa,12
GRC,καρασια,12
GRC,delicatessen,12
GRC,κοντά,12
GRC,σιρόπι αγαυης,12
GRC,χαρτι κουζίνα,12
GRC,γάλα φ,12
GRC,gaz,12
GRC,κρεμα κα,12
GRC,Ροκα,12
GRC,συμι,12
GRC,πλευρ,12
GRC,σάλτα,12
GRC,σπρα,12
GRC,αυτοκινητο,12
GRC,κασερι τριμμενο,12
GRC,moci,12
GRC,απορρυπαντικο πλυντη,12
GRC,αιγ,12
GRC,σακυ,12
GRC,ριζα,12
GRC,τυρο τοστ,12
GRC,πρασινα,12
GRC,Ελ,12
GRC,φακεδ,12
GRC,δυσ,12
GRC,sahne,12
GRC,sot,12
GRC,red lentils,12
GRC,μαναβι,12
GRC,humous,12
GRC,NUTELLA,12
GRC,κουατζ,12
GRC,konj,12
GRC,BIO,12
GRC,kec,12
GRC,μαυρο μπλε,12
GRC,γαλα αγνο,12
GRC,χριστ,12
GRC,manster,12
GRC,χαρτάκι,12
GRC,mug,12
GRC,πάνες για,12
GRC,ζελε φ,12
GRC,ξυφι,12
GRC,go protein,12
GRC,βρωμη γαλα,12
GRC,cheese stick,12
GRC,χωμί,12
GRC,vegan τυρ,12
GRC,Κακ,12
GRC,red peppers,12
GRC,zo,12
GRC,Nestlé,12
GRC,κρεμα ζαχαρο,12
GRC,βαλερι,12
GRC,Teresa,12
GRC,μηχανη,12
GRC,ρυζογκοφρέτα,12
GRC,χιος,12
GRC,αποσμητικι,12
GRC,μαρούλ,12
GRC,πενακι,12
GRC,γιαουττι,12
GRC,non alc,12
GRC,ανθρακουχο ν,12
GRC,καθαριστικο τζαμιων,12
GRC,ιβισκος,12
GRC,bato,12
GRC,white choco,12
GRC,curd,12
GRC,Πο,12
GRC,"NOUNOU 5 Φρούτα από 6 Μηνών, 300 g",12
GRC,γρυ,12
GRC,νουτελ,12
GRC,ταχινι ολυμπος,12
GRC,botan,12
GRC,σγουγ,12
GRC,say,12
GRC,buzz,12
GRC,fee,12
GRC,ινδι,12
GRC,κιτρ,12
GRC,Λε,12
GRC,greek yougurt,12
GRC,κευσαπ,12
GRC,italia,12
GRC,planet π,12
GRC,σόγι,12
GRC,ροδου,12
GRC,delta advance,12
GRC,κερασμα,12
GRC,ανθρακούχα,12
GRC,ξαφες,12
GRC,λιποζαν,12
GRC,αλεβρι,12
GRC,νοστιμιά,12
GRC,παυλο,12
GRC,τοννο,12
GRC,vino,12
GRC,cockro,12
GRC,dry sam,12
GRC,yogurts,12
GRC,μαλακι,12
GRC,el ef,12
GRC,wTer,12
GRC,υγρο καθαρισμου,12
GRC,ζαχαρη καστ,12
GRC,μαγν,12
GRC,μέλο,12
GRC,lev,12
GRC,Bul,12
GRC,δέλτα advance,12
GRC,φιστικοβου,12
GRC,χρυση κα,12
GRC,φρουτοπ,12
GRC,Χατζή,12
GRC,Prote,12
GRC,Τουρσί,12
GRC,healthy habb,12
GRC,μαυρο σουσαμι,12
GRC,ανθότυρ,12
GRC,viene,12
GRC,Αρκ,12
GRC,floor clean,12
GRC,Kare,12
GRC,Χλωρ,11
GRC,σακουλες sanitas,11
GRC,φρυγανιές ολικής,11
GRC,san pelegrino,11
GRC,καφος,11
GRC,olys,11
GRC,κυρα,11
GRC,baa,11
GRC,πέο,11
GRC,piccolo,11
GRC,αλεβρ,11
GRC,χαρούπ,11
GRC,panini world cup 2026,11
GRC,ισοτονικ,11
GRC,εκχύλισμα βαν,11
GRC,wax melt,11
GRC,zip bags,11
GRC,turkey slice,11
GRC,ΧΑΡΤΙ ΚΟΥΖΙΝΑΣ,11
GRC,αμμος γατα,11
GRC,λαχανορυζο,11
GRC,φιλετι,11
GRC,kreas,11
GRC,bourbon,11
GRC,φυλλο για πιτα,11
GRC,γάλα καρυ,11
GRC,παξιμαδια λαδιου,11
GRC,κρεμα γαλακτος light,11
GRC,soda lemon,11
GRC,Ξηροι,11
GRC,call,11
GRC,σκυλι,11
GRC,κρεμα ροδοπη,11
GRC,πορτοκαλι χυμος,11
GRC,Βικο,11
GRC,σκοροκτονα,11
GRC,pralines,11
GRC,Σαρδέλες,11
GRC,πλύσιμο ρούχων,11
GRC,λρε,11
GRC,adapt,11
GRC,tul,11
GRC,fa men,11
GRC,κοτοπουλο σε φετες,11
GRC,μαρινατος,11
GRC,τυρι φερες,11
GRC,thr,11
GRC,cola cola,11
GRC,pharma,11
GRC,βίκ,11
GRC,snu,11
GRC,Lor,11
GRC,broccol,11
GRC,contitio,11
GRC,maybelline super stay,11
GRC,βουτυρι,11
GRC,classic,11
GRC,υγρό ρουχων,11
GRC,Ρυζογ,11
GRC,κρυα ροφηματα,11
GRC,σκόρο,11
GRC,terrea ti,11
GRC,ποτε,11
GRC,κρουασν,11
GRC,βανιλί,11
GRC,καναπε,11
GRC,μάραθο,11
GRC,haribi,11
GRC,eh,11
GRC,κρρμα,11
GRC,στρουντελ,11
GRC,Κάπαρη,11
GRC,Βαλσαμικο,11
GRC,zaxa,11
GRC,σαλτσα πεστο,11
GRC,frozen strawberries,11
GRC,frie,11
GRC,Μαγιον,11
GRC,πιτουρο βρωμης,11
GRC,ΠΙΠΕΡΙΕΣ,11
GRC,orei,11
GRC,πδ,11
GRC,αφρολπ,11
GRC,gums,11
GRC,gae,11
GRC,σάλτσα πίτσας,11
GRC,μακαρονια χωρις γλουτενη,11
GRC,ζελέ μαλλιών,11
GRC,candelina,11
GRC,pesi,11
GRC,Δέλτα αμυγδαλο,11
GRC,tin foil,11
GRC,βιολογικο κατσικισιο,11
GRC,κολοκθ,11
GRC,baby detergent,11
GRC,Δημητρια,11
GRC,grey goose,11
GRC,αλεύρι καρυδας,11
GRC,μινι μαρκετ,11
GRC,pako,11
GRC,ice ber,11
GRC,wiped,11
GRC,μουσαρ,11
GRC,cold br,11
GRC,batteri,11
GRC,carlsber,11
GRC,λάδι κα,11
GRC,ωμοπλατη,11
GRC,mini cookies,11
GRC,hold,11
GRC,gravier,11
GRC,τριαντα,11
GRC,σοκαλατα,11
GRC,χαρτι κουχ,11
GRC,aroma farms,11
GRC,καπσουλες,11
GRC,beat,11
GRC,veer,11
GRC,Zewa,11
GRC,αποξηραμένα φρούτα,11
GRC,κοραλακι,11
GRC,cucumbet,11
GRC,nail po,11
GRC,gaa,11
GRC,corn chips,11
GRC,γαλα βρεφικο,11
GRC,terrea bronze,11
GRC,Προσούτο,11
GRC,full fat milk,11
GRC,actim,11
GRC,krivek,11
GRC,κρούστας,11
GRC,chimay,11
GRC,τζιντζε,11
GRC,ψεκαστηρι,11
GRC,ξινο νερό,11
GRC,Κοκα,11
GRC,milla,11
GRC,Πελτες,11
GRC,ομος,11
GRC,καπακια,11
GRC,klinex hygiene,11
GRC,αντισιπ,11
GRC,tomato puree,11
GRC,Curry,11
GRC,λυπαντικο,11
GRC,detro,11
GRC,ηλιαιλεο,11
GRC,more,11
GRC,αλατι χο,11
GRC,αλευρι ρυζιου,11
GRC,παρε,11
GRC,kap,11
GRC,μασαζ,11
GRC,ΡΟΛΟ,11
GRC,maple s,11
GRC,ewa,11
GRC,estr,11
GRC,μπριάμ,11
GRC,σκωρ,11
GRC,chocalate,11
GRC,νηστησιμο,11
GRC,hanzaplast,11
GRC,νεφ,11
GRC,αακουλες,11
GRC,Παπαδοπούλου Μπισκότα Μιράντα 30% Λιγότερη Ζάχαρη,11
GRC,άμμος γ,11
GRC,milk organic,11
GRC,ΑΓΓ,11
GRC,μακαρονια πα,11
GRC,borotalc,11
GRC,πολυσυσκευασια,11
GRC,γιαούτ,11
GRC,pet natura,11
GRC,ελιες κομμενες,11
GRC,jako,11
GRC,super mar,11
GRC,vid,11
GRC,φαγε fr,11
GRC,απορριμα,11
GRC,λεμονοα,11
GRC,karpos,11
GRC,παπαδοπουλου μπισκοτα,11
GRC,γιαούρτι φράουλα,11
GRC,περιπτερα,11
GRC,τζιβανες,11
GRC,hash,11
GRC,camamber,11
GRC,ξυλακ,11
GRC,aroel,11
GRC,καραλης,11
GRC,self t,11
GRC,cle,11
GRC,pineapp,11
GRC,δαμασκην,11
GRC,Καρπ,11
GRC,επιδορπιο για,11
GRC,κοφτο μακα,11
GRC,fridge,11
GRC,ave,11
GRC,ψωμι μπε,11
GRC,μελισ,11
GRC,ρολερ,11
GRC,παπαρουν,11
GRC,Ab,11
GRC,γατια,11
GRC,υγρο τζαμιων,11
GRC,kodak,11
GRC,extra virgin,11
GRC,λευκό ξίδι,11
GRC,σκυλοτ,11
GRC,ΒΙΟ,11
GRC,χωρισ ζαχαρη,11
GRC,γαλα βιολογ,11
GRC,δισκοι ντεμα,11
GRC,limonce,11
GRC,φετα η,11
GRC,ciab,11
GRC,85,11
GRC,τοξος,11
GRC,χυμος β,11
GRC,καλημερα,11
GRC,γιώτη,11
GRC,καλαθ,11
GRC,anass,11
GRC,ανακ,11
GRC,energy balls,11
GRC,calgonit,11
GRC,χυμός βυ,11
GRC,παηο,11
GRC,kids toothpaste,11
GRC,dorritos,11
GRC,κρεμα στιγμης,11
GRC,καθαριστικό πατωμα,11
GRC,απορυμ,11
GRC,μακαριν,11
GRC,presiden,11
GRC,κοτοππ,11
GRC,sale,11
GRC,πληγου,11
GRC,χυμος ολυ,11
GRC,ριζογκοφρετ,11
GRC,κωστη,11
GRC,ρυζι basm,11
GRC,emendal,11
GRC,pop tarts,11
GRC,πρε,11
GRC,35,11
GRC,skip active clean,11
GRC,ΣΕΡΒΙΕΤΕΣ,11
GRC,vill,11
GRC,προτηγα,11
GRC,rafa,11
GRC,margarina,11
GRC,ΤΣΙΓΑΡΑ,11
GRC,ρόλο κουζινας,11
GRC,washing detergent,11
GRC,zeto,11
GRC,ομπρ,11
GRC,napo,11
GRC,vegtables,11
GRC,τυρι φευες,11
GRC,βελα,11
GRC,ψυλλ,11
GRC,σπρει χωρου,11
GRC,oki,11
GRC,groun,11
GRC,κατεψυγμενες φραουλες,11
GRC,coke sero,11
GRC,πολυκα,11
GRC,NESCAFE,11
GRC,νουνου γ,11
GRC,σφουγγάρι πιάτων,11
GRC,naught,11
GRC,metax,11
GRC,μαρι,11
GRC,croisa,11
GRC,air cash,11
GRC,πάστα ντομάτας,11
GRC,champio,11
GRC,pame,11
GRC,στον τρίφτη,11
GRC,πρασινο σαπο,11
GRC,knoe,11
GRC,blue berry,11
GRC,srirac,11
GRC,γαλα κουκα,11
GRC,εξαφα,11
GRC,φύλλα ρ,11
GRC,μωρου,11
GRC,ξυνό ν,11
GRC,Μελ,11
GRC,κοτομοουκιες,11
GRC,lifter gel,11
GRC,babylino 8,11
GRC,δισκοι ντε,11
GRC,aspar,11
GRC,friga,11
GRC,tropical,11
GRC,sunflower seed,11
GRC,απσ,11
GRC,μαγιι,11
GRC,τονα,11
GRC,δημητριακά χωρίς,11
GRC,γάλα βρωμη,11
GRC,chrese,11
GRC,phar,11
GRC,lotis,11
GRC,tablets,11
GRC,nespresso decaf,11
GRC,Γραβιερα,11
GRC,mochar,11
GRC,φάρμα ελα,11
GRC,κιμάς κοτόπουλου,11
GRC,χυμος λεμον,11
GRC,νεσψαφε,11
GRC,σλε,11
GRC,power bo,11
GRC,Μυρμήγκια,11
GRC,ρικο,11
GRC,ελοες,11
GRC,φρέσκα ζυ,11
GRC,τορτυγια,11
GRC,leffe,11
GRC,quir,11
GRC,grissini,11
GRC,αλευρθ,11
GRC,ketchup zero,11
GRC,αγαθ,11
GRC,αγαρ,11
GRC,γεύση,11
GRC,εσ,11
GRC,ice tee,11
GRC,water 0.5,11
GRC,μαχαιρια,11
GRC,κρέμα ματιών,11
GRC,χυμς,11
GRC,λάδι μ,11
GRC,cordial,11
GRC,τλ,11
GRC,ντοματρς,11
GRC,φετες ζωης,11
GRC,pillsbury,11
GRC,κρέπ,11
GRC,lipton zero,11
GRC,τραπεζο,11
GRC,tomato pasta,11
GRC,ψωμι brioche,11
GRC,tomahawk,11
GRC,καρολονα,11
GRC,φακρς,11
GRC,γλυκοπατατε,11
GRC,antib,11
GRC,Νο,11
GRC,κρέμα σοκολ,11
GRC,Γαριδ,11
GRC,σαλαα,11
GRC,minera,11
GRC,arabic bread,11
GRC,umberto,11
GRC,elvive dream long,11
GRC,φυστικοα,11
GRC,μπυρεα,11
GRC,κρεμα ποδιων,11
GRC,heart,11
GRC,Gordons,11
GRC,violanta,11
GRC,σερβιςτες,11
GRC,πηρούνι,11
GRC,bake roo,11
GRC,παγωτό προσφορά,11
GRC,κουομπο,11
GRC,μειγ,11
GRC,απορριπ,11
GRC,pumarr,11
GRC,Λαχανικα,11
GRC,πατατες τηγ,11
GRC,καψουλες dolce,11
GRC,κατεψυγμένα φ,11
GRC,ολυμποα,11
GRC,πολυμπρι,11
GRC,κύκ,11
GRC,yogurt drink,11
GRC,τορτιγιεδ,11
GRC,cornsta,11
GRC,τιρμπουσον,11
GRC,λευκό ξυ,11
GRC,πρά,11
GRC,kinder delice,11
GRC,Βίκος cola,11
GRC,παστιτς,11
GRC,βαφη μαλλι,11
GRC,coconut wat,11
GRC,μανιταροα,11
GRC,αλλατι,11
GRC,foot mask,11
GRC,cleaning wipes,11
GRC,airca,11
GRC,σφιυγγ,11
GRC,αποσκληρυντικ,11
GRC,ζεκε,11
GRC,καρέλ,11
GRC,χαρτ υγειας,11
GRC,αλλατ,11
GRC,Κετσαπ,11
GRC,sprinkle,11
GRC,Ρολο,11
GRC,σιρόι,11
GRC,υγρο πλυντ,11
GRC,clipp,11
GRC,ζαα,11
GRC,πστατες,11
GRC,advamce,11
GRC,prof,11
GRC,σορ,11
GRC,mochito,11
GRC,κοτομπουκιέ,11
GRC,κρέμα Γιώτης,11
GRC,watermelon ice,11
GRC,Νύμφη,11
GRC,μωριμα,11
GRC,ψησίματος,11
GRC,coca cola sero,11
GRC,μασκα ποδιων,11
GRC,αολ,11
GRC,stella art,11
GRC,καναβ,11
GRC,αλκοολουχα,11
GRC,κοτόπουλο ψητό,11
GRC,ο φουρνος του ψωμα,11
GRC,buttee,11
GRC,αγηου,11
GRC,υγρό για πιατα,11
GRC,croa,11
GRC,Βιότοπος,11
GRC,κουκουναρ,11
GRC,olia,11
GRC,calsb,11
GRC,γραουλες,11
GRC,μαργαρί,11
GRC,ασπορο,11
GRC,μαλαματινα,11
GRC,λάδι τρ,11
GRC,Palse,11
GRC,ξεβαφή,11
GRC,τυρι τοαστ,11
GRC,αλιμπινισης,11
GRC,retouch,11
GRC,φετα ποπ,11
GRC,goua,11
GRC,πατταες,11
GRC,dog treat,11
GRC,κουςκους,11
GRC,kalimanis,11
GRC,χυμι,11
GRC,who,11
GRC,bere,11
GRC,t bone,11
GRC,ext,11
GRC,oramge,11
GRC,healthy chips,11
GRC,diet co,11
GRC,Sun,11
GRC,κρέμα καραμ,11
GRC,Κουκακη,11
GRC,λευκο τυρ,11
GRC,τριχ,11
GRC,ρυζη,11
GRC,καθαριστικο πατ,11
GRC,καθαριστικό για,11
GRC,mirror,11
GRC,captai,11
GRC,λακτόζ,11
GRC,κόκκινη σαλτσα,11
GRC,6x1.5,11
GRC,demakeup,11
GRC,coffee ground,11
GRC,details,11
GRC,canela,11
GRC,λιβα,11
GRC,bread gluten free,11
GRC,Δημητ,11
GRC,παξιμάδια λαδιού,11
GRC,καλώ,11
GRC,peperon,11
GRC,chicken s,11
GRC,εξαδ,11
GRC,blade,11
GRC,power ade,11
GRC,party mix,11
GRC,παννες,11
GRC,Ήβη,11
GRC,τριγωνακ,11
GRC,μετσοβονε,11
GRC,μακι,11
GRC,ξεβαφτικό,11
GRC,yamas,11
GRC,Sparkling water,11
GRC,Nuggets,11
GRC,μπλανκο,11
GRC,Μπαλόνια,11
GRC,γαλά,11
GRC,no sugar ice cream,11
GRC,πλυντηριο πιατω,11
GRC,ION,11
GRC,glow,11
GRC,σιροπι σοκο,11
GRC,fettuccine,11
GRC,νερομπ,11
GRC,sanitas flex,11
GRC,jumbo country,11
GRC,νεεό,11
GRC,φετα fit,11
GRC,kali,11
GRC,απορρυπαντικό πια,11
GRC,coca Cola,11
GRC,cree,11
GRC,γαλαπο,11
GRC,soft cooki,11
GRC,ταμπλέτες π,11
GRC,μαλακτικό ρ,11
GRC,αλκοολούχα,11
GRC,σακολ,11
GRC,Μπεσαμέλ,11
GRC,jap,11
GRC,"Coca-Cola Zero Caffeine Free Κουτί, (6x330 ml)",11
GRC,καψουλες espresso,11
GRC,ερα,11
GRC,bake rools,11
GRC,cockta,11
GRC,καρμπον,11
GRC,raspber,11
GRC,ελιτ,11
GRC,μεταλ,11
GRC,αλευρι γοχ,11
GRC,μαλαρ,11
GRC,κανακ,11
GRC,βιοτοπο,11
GRC,sokofreta,11
GRC,coctails,11
GRC,Νεκταρ,11
GRC,power foam,11
GRC,tzi,11
GRC,λουκανικοπιτα,11
GRC,ψβμ,11
GRC,κολλητικη,11
GRC,μαιδ,11
GRC,Ιον,11
GRC,τρουφες,11
GRC,μπρόκολ,11
GRC,mox,11
GRC,προσφ,11
GRC,σοκολατα κακαο,11
GRC,φρεσκο κρεμυδι,11
GRC,life χυμος,11
GRC,Che,11
GRC,traya,11
GRC,schwarzkopf,11
GRC,gouda nounou,11
GRC,sommersby,11
GRC,λάδι καρ,11
GRC,φτεσκουλης,11
GRC,σνο,11
GRC,γαλα 2%,11
GRC,φετες γαλοπουλα,11
GRC,mapple,11
GRC,βενζι,11
GRC,tometo,11
GRC,citric acid,11
GRC,beee,11
GRC,σγουγγαρι,11
GRC,ρυζι κ,11
GRC,σιτοπι,11
GRC,lemon j,11
GRC,bee beos,11
GRC,κρεμοσαποθνο,11
GRC,brook,11
GRC,lactofree,11
GRC,φρέσκο κρ,11
GRC,εκχυλισμα βα,11
GRC,σπαραγκια,11
GRC,spagget,11
GRC,ns,11
GRC,vacuum,11
GRC,luggage,11
GRC,απολυμαντικό ρουχων,11
GRC,Aim,11
GRC,αβοκαντπ,11
GRC,γλας,11
GRC,da cristo,11
GRC,lens,11
GRC,ep,11
GRC,vegan π,11
GRC,ανθρακούχο νερ,11
GRC,Sou,11
GRC,ηλεκτρικη οδοντοβουρτσα,11
GRC,νερά 500,11
GRC,βαράκι,11
GRC,ριο μαρε,11
GRC,γαλοπουλα 8,11
GRC,ελευθέρας,11
GRC,oatley,11
GRC,φρουτοκ,11
GRC,cvmi,11
GRC,μαροθ,11
GRC,κρπυα,11
GRC,soupe,11
GRC,σοκοφρετε,11
GRC,αντλια,11
GRC,schep,11
GRC,condens,11
GRC,μυρμήγκι,11
GRC,pingu,11
GRC,υγείας Παυλίδη,11
GRC,rav,11
GRC,υγρό ρούχων,11
GRC,peg,11
GRC,neutr,11
GRC,wet paper,11
GRC,ben’,11
GRC,arla prote,11
GRC,καφες ελ,11
GRC,Ξυρ,11
GRC,baking pap,11
GRC,αφρός μα,11
GRC,λευκή σοκο,11
GRC,original,11
GRC,ice cream 0,11
GRC,chicken burger,11
GRC,αναψυχτικα,11
GRC,ion break,11
GRC,θρακη,11
GRC,sag,11
GRC,φετες του τοστ,11
GRC,φουσ,11
GRC,υδροχλω,11
GRC,stains,11
GRC,κουρα,11
GRC,φυστικοβοθ,11
GRC,avi,11
GRC,arocol,11
GRC,μακαρόνια παστ,11
GRC,nose strip,11
GRC,tp,11
GRC,klinex power,11
GRC,πανεε,11
GRC,pasti,11
GRC,εμεντα,11
GRC,zippo,11
GRC,savou,11
GRC,τυρπ,11
GRC,θαλασ,11
GRC,ουγγ,11
GRC,μηλίτη,11
GRC,Σαλατ,11
GRC,ρεμα,11
GRC,λαφε,11
GRC,αλευρι που φ,11
GRC,σαλτσα τομα,11
GRC,natchos,11
GRC,κατεψυγμενα φρ,11
GRC,peron,11
GRC,NES,11
GRC,oldho,11
GRC,mix τυ,11
GRC,dela,11
GRC,φαν,11
GRC,all purpose,11
GRC,πίπερι,11
GRC,σόδα μα,11
GRC,ears,11
GRC,tint,11
GRC,καροτι,11
GRC,απιρ,11
GRC,grain,11
GRC,conditoner,11
GRC,φυστικοβούτηρο,11
GRC,bita,11
GRC,συεργιου,11
GRC,"νερό 1,5",11
GRC,δημιτρι,11
GRC,ταιπουρο,11
GRC,κρεοπωλεια,11
GRC,planet i,11
GRC,nuttel,11
GRC,εκαιολαδο,11
GRC,chillat,11
GRC,παγωτο ben,11
GRC,wetwx,11
GRC,κονια,11
GRC,rag,11
GRC,καραμελωμεν,11
GRC,polpa,11
GRC,αυγά ελευθέρας,11
GRC,mall,11
GRC,sugar free ice cream,11
GRC,chopped tomatoes,11
GRC,string cheese,11
GRC,conta,11
GRC,ντόνατ,11
GRC,AJAX,11
GRC,Μοσχαρι,11
GRC,κρι κρι frozen,11
GRC,αναλατα,11
GRC,χρι,11
GRC,τριμμενες,11
GRC,χαρτι περ,11
GRC,καλυντικα,11
GRC,Μπιφτεκια,11
GRC,ταχίνι ολικης,11
GRC,μν,11
GRC,αβοκάντ,11
GRC,yogurt ice cream,11
GRC,γιαουρτι 500,11
GRC,κοριοι,11
GRC,wath,11
GRC,mama,11
GRC,"Βενέτης Ρυζόγαλο, 180 g",11
GRC,ταιπουρα,11
GRC,πραλί,11
GRC,Αποσ,11
GRC,wone,11
GRC,lemon water,11
GRC,αποφλοιωτης,11
GRC,σεβιετες,11
GRC,παγωτό ξυλακι,11
GRC,provo,11
GRC,υγρο απ,11
GRC,ξινολ,11
GRC,citrone,11
GRC,pon pom,11
GRC,tamari,11
GRC,rub,11
GRC,buldack,11
GRC,κουοπουλ,11
GRC,λαδόκολλ,11
GRC,kiwis,11
GRC,γαλοπουλα βρα,11
GRC,miche,11
GRC,boleto,11
GRC,banana milk,11
GRC,οτ,11
GRC,presid,11
GRC,σκευος αλουμινιου,11
GRC,κιμαε,11
GRC,Nui,11
GRC,ξυδια,11
GRC,τσαϊ,11
GRC,μουτ,11
GRC,Γλυκ,11
GRC,αποσμιτ,11
GRC,πατατακαι,11
GRC,τάκος,11
GRC,yogart,11
GRC,angel,11
GRC,nespresso con,11
GRC,κιμας μοσχαρι,11
GRC,Kleenex,11
GRC,sprote,11
GRC,μάσκα μαλλι,11
GRC,κρεμα γλα,11
GRC,breef,11
GRC,washing machine cleaner,11
GRC,insa,11
GRC,βουρτς,11
GRC,φλο,11
GRC,doctor,11
GRC,tirot,11
GRC,ben and Jerry's,11
GRC,νυχοκόπτης,11
GRC,living,11
GRC,αυγά ελευ,11
GRC,flat bread,11
GRC,μανεστρ,11
GRC,pre work,11
GRC,κουκάκι,11
GRC,σακούλα δωρου,11
GRC,σκυλους,11
GRC,6x,11
GRC,magic classic,11
GRC,bed,11
GRC,Spri,11
GRC,Βαφή,11
GRC,σαμπουαν elvive,11
GRC,μουστρδα,11
GRC,μπανανεε,11
GRC,γαλα φυτ,11
GRC,alte,11
GRC,nature's promise,11
GRC,nutri v,11
GRC,Αφρος,11
GRC,αμερ,11
GRC,νερα εμφια,11
GRC,Μουστ,11
GRC,σχαρα,11
GRC,πρασινο σα,11
GRC,ntomates,11
GRC,σκοροκ,11
GRC,sosa,11
GRC,milk fresh,11
GRC,woo,11
GRC,salted cara,11
GRC,sheet mask,11
GRC,breadcr,11
GRC,canned tomato,11
GRC,παιδικο αφρολουτρο,11
GRC,millk,11
GRC,ζαχαρουχο γάλα,11
GRC,low calories,11
GRC,πενιρλι,11
GRC,apiv,11
GRC,instant noodle,11
GRC,cookie do,11
GRC,νεκρ,11
GRC,χαρτι περιτυλιγματος,11
GRC,κοκκινοψαρο,11
GRC,san pelleg,11
GRC,hou,11
GRC,βαφές μαλλιων,11
GRC,Nescaf,11
GRC,γλυκοζη,11
GRC,mamm,11
GRC,breadcru,11
GRC,τορτυ,11
GRC,planwt,11
GRC,agribo,11
GRC,μακαρονια 10,11
GRC,kikkoman,11
GRC,σχοινοπρα,11
GRC,dolce gus,11
GRC,κολίανδρο,11
GRC,σουλτα,11
GRC,μπυτα,11
GRC,klor,11
GRC,γάλα βιολογικο,11
GRC,πατάτες κ,11
GRC,greek youg,11
GRC,miceler,11
GRC,δωσωνη,11
GRC,billionaire,11
GRC,happy hi,11
GRC,αφρός ξυρισματος,11
GRC,μανδ,11
GRC,Oat milk,11
GRC,κρεμμύδι φρέσκο,11
GRC,ολυμπος protein,11
GRC,Μανταλάκια,11
GRC,cracers,11
GRC,παωτο,11
GRC,baby be,11
GRC,aco,11
GRC,disarono,11
GRC,papadopoulo,11
GRC,ψμι,11
GRC,ζαχαεη,11
GRC,φρουτα βιολογικα,11
GRC,χαρτι κοθ,11
GRC,ινδικη καρυδα,11
GRC,tomata,11
GRC,shoulders,11
GRC,granolla,11
GRC,Μου,11
GRC,χεριω,11
GRC,apple jui,11
GRC,ypo,11
GRC,powersde,11
GRC,hard cheese,11
GRC,αχλά,11
GRC,oil olive,11
GRC,oliva,11
GRC,padan,11
GRC,sourdoug,11
GRC,cordon blue,11
GRC,carolina,11
GRC,μπυρες αλφα,11
GRC,Όλυμπος χυμος,11
GRC,πεμες,11
GRC,στενια,11
GRC,γαλα 1.5,11
GRC,Le,11
GRC,peccorino,11
GRC,χονακι,11
GRC,soy drink,11
GRC,lm,11
GRC,apric,11
GRC,ντοματοπελτε,11
GRC,δενδρολι,11
GRC,elsa,11
GRC,Κολ,11
GRC,espresso ground,11
GRC,biko,11
GRC,yougrt,11
GRC,ξυρη,11
GRC,pampers no5,11
GRC,νπυ,11
GRC,Τόνο,11
GRC,αλεύρι αμυ,11
GRC,septona family,11
GRC,opt,11
GRC,Κιμ,11
GRC,yp,11
GRC,πιστ,11
GRC,χούμου,11
GRC,πρωτο,11
GRC,jonson,11
GRC,cob,11
GRC,bologne,11
GRC,"Φάρμα Κουκάκη Ρυζόγαλο, 180 g",11
GRC,ψαροδημο,11
GRC,phl,11
GRC,λεμονιου,11
GRC,tresor,11
GRC,karoto,11
GRC,γαλα μεγαλωνω,11
GRC,χαρτιπετσετες,11
GRC,γιωρης,11
GRC,la petite,11
GRC,sea bass,11
GRC,σόδα μαγειρικής,11
GRC,nose strips,11
GRC,Ben and Jerry,11
GRC,παιδικές,11
GRC,cbg,11
GRC,καφες καψου,11
GRC,allro,11
GRC,βτ,11
GRC,τουλι,11
GRC,cheese sliced,11
GRC,κεμο,11
GRC,βαφη μαλλιω,11
GRC,σφα,11
GRC,lolly,11
GRC,krak,11
GRC,κανελλονια,11
GRC,ακουπα,11
GRC,"0,",11
GRC,τσαλ,11
GRC,μπατι,11
GRC,novea,11
GRC,pampers s,11
GRC,chips salt,11
GRC,σερβοε,11
GRC,Nachos,11
GRC,ασημ,11
GRC,τραπεζομα,11
GRC,ετοιμο φαγητο,11
GRC,noxima,11
GRC,Βίκο,11
GRC,birt,11
GRC,μαρμελάδα χωρίς,11
GRC,sour patch kids,11
GRC,καφεδε,11
GRC,παγάκι,11
GRC,sparkin,11
GRC,τσιρ,11
GRC,lint roller,11
GRC,κετσά,11
GRC,cazo,11
GRC,γιαουρτι χωρις λ,11
GRC,cell,11
GRC,denty,11
GRC,φυστικιβο,11
GRC,συμπη,11
GRC,tsou,11
GRC,σοδα μαγει,11
GRC,Sheba,11
GRC,δυόσ,11
GRC,γαλα νο,11
GRC,αμμος για γατες,11
GRC,micella,11
GRC,μελιτα,11
GRC,φαγόπυρο,11
GRC,αναψη,11
GRC,votk,11
GRC,corn flowe,11
GRC,πλυντήρια,11
GRC,τσσι,11
GRC,φορτις,11
GRC,καλαμποκιού,11
GRC,tomic,11
GRC,νερο ανθ,11
GRC,insala,11
GRC,μασκα μ,11
GRC,αυτα,11
GRC,blue ice,11
GRC,laundry de,11
GRC,πάριζ,11
GRC,bay leaves,11
GRC,ψωμι για μπεργκερ,11
GRC,Αβοκα,11
GRC,ξυνογ,11
GRC,ribey,11
GRC,βιολογο,11
GRC,τοετιγιες,11
GRC,ρόφημα αμυγδ,11
GRC,rollitos,11
GRC,vegetal,11
GRC,Biscuits,11
GRC,chetos,11
GRC,κάρι,11
GRC,bannana,11
GRC,ολι,11
GRC,klinex wc,11
GRC,strawbery,11
GRC,gifl,11
GRC,κρι κρο,11
GRC,hair d,11
GRC,Σάντουιτς,11
GRC,παστιτσ,11
GRC,μωρομαντηλσ,11
GRC,Δημητρ,11
GRC,paraley,11
GRC,onion ri,11
GRC,fruite,11
GRC,wet tissues,11
GRC,γαροδες,11
GRC,μαγινε,11
GRC,beer zero,11
GRC,caproce,11
GRC,alfredo,11
GRC,τυρόπι,11
GRC,gingerbeer,11
GRC,ξεβαφτι,11
GRC,γιαούρτι κουκάκη,11
GRC,αγγουράκια τουρσί,11
GRC,σκλαβενιτη,11
GRC,floo,11
GRC,Oat,11
GRC,non alcohol,11
GRC,world cu,11
GRC,λεχανο,11
GRC,Meren,11
GRC,Prin,11
GRC,γαλατάκ,11
GRC,olanet,11
GRC,mac n,11
GRC,σάλτσα μακαρόνια,11
GRC,vanilla cream,11
GRC,απορρο,11
GRC,χαρτι υφειας,11
GRC,Aza,11
GRC,Br,11
GRC,φρυγανιά τρ,11
GRC,κολλητική,11
GRC,cow,11
GRC,πολυσπορ,11
GRC,σκόν,11
GRC,αλευρι ψωμι,11
GRC,σταυρο,11
GRC,πετσέ,11
GRC,πατατάκια ρίγανη,11
GRC,dolm,11
GRC,ανθου,11
GRC,μαντολ,11
GRC,nodd,11
GRC,γιαούρτι όλυμπος,11
GRC,καπρ,11
GRC,mallboro,11
GRC,αχιβα,11
GRC,syn,11
GRC,Asian,11
GRC,cocunut,11
GRC,κόλλ,11
GRC,erg,11
GRC,Weetabix,11
GRC,Reese's,11
GRC,αγγελ,11
GRC,χυμός λ,11
GRC,pregn,11
GRC,Απος,11
GRC,toral,11
GRC,das,11
GRC,ρυρ,11
GRC,οδοντοβουρτσα μαλακή,11
GRC,soap refill,11
GRC,μπυστ,11
GRC,mint chocolate,11
GRC,σοκολατούχο γαλα,11
GRC,μπισκοτα digestive,11
GRC,insta,11
GRC,μπού,11
GRC,απανακι,11
GRC,chocolate sauce,11
GRC,κρασο,11
GRC,κοπανι,11
GRC,frozen berry,11
GRC,Hel,11
GRC,παγακοα,11
GRC,pampers premi,11
GRC,καφες στιγμ,11
GRC,cottage chees,11
GRC,κρασι λευ,11
GRC,πανδαισία,11
GRC,φιλέτο μπουτι,11
GRC,Netflix,11
GRC,αβ βασ,11
GRC,nugets,11
GRC,χαζα,11
GRC,youphori,11
GRC,παναρισμα,11
GRC,feni,11
GRC,instant soup,11
GRC,iqos συσκευη,11
GRC,κυπρου,11
GRC,Καλαμάκι,11
GRC,parodo,11
GRC,κεφαλες,11
GRC,κρουαν,11
GRC,aquaforte,11
GRC,νιωτικο,11
GRC,lille,11
GRC,σπιρα,11
GRC,μανταρι,11
GRC,cereal bars,11
GRC,ρύζι καρολινα,11
GRC,γαλιπο,11
GRC,flak,11
GRC,chocken,11
GRC,παραδοσιακό,11
GRC,panini cards,11
GRC,Super,11
GRC,cip,11
GRC,assyrtiko,11
GRC,babylino p,11
GRC,πουα,11
GRC,aeg,11
GRC,μακαρινι,11
GRC,κατεψυγμένες πατάτες,11
GRC,alfa strong,11
GRC,whol,11
GRC,φουαντ,11
GRC,χυμος παιδικος,11
GRC,φιάλη,11
GRC,usa,11
GRC,αναμεικτα,11
GRC,cinamm,11
GRC,λπ,11
GRC,wolt market marousi,11
GRC,winston blue,11
GRC,crispie,11
GRC,salad cream,11
GRC,0% sugar,11
GRC,garlic po,11
GRC,χαρτινο,11
GRC,vegan γιαουρτι,11
GRC,green bean,11
GRC,peppero,11
GRC,vibr,11
GRC,κορδόνια,11
GRC,surim,11
GRC,μακαρονα,11
GRC,γυρος κοτοπουλο,11
GRC,ρολόι,11
GRC,talagani,11
GRC,cacao powder,11
GRC,χυμος το,11
GRC,almond flo,11
GRC,chocolate drink,11
GRC,green pe,11
GRC,χυμος τοματα,11
GRC,βουκα,11
GRC,γάλα βρώ,11
GRC,ακα,11
GRC,syra,11
GRC,σολομοσ,11
GRC,buffa,11
GRC,πρασινες,11
GRC,μακαρονια πεννες,11
GRC,sunscr,11
GRC,vitaline mousse,11
GRC,αλεύρι σκληρό,11
GRC,Πινδος,11
GRC,sirach,11
GRC,Johnny,11
GRC,hairspr,11
GRC,frozen peas,11
GRC,μπρες,11
GRC,sojad,11
GRC,γαλοπουλς,11
GRC,βετέξ,11
GRC,μυρμιγκια,11
GRC,ορε,11
GRC,έτοιμο γεύμα,11
GRC,μπθρες,11
GRC,χαρτι κουζινασ,11
GRC,απορρη,11
GRC,βλή,11
GRC,Phila,11
GRC,easa,11
GRC,πιστολακι,11
GRC,crys,11
GRC,μποφ,11
GRC,μικρες,11
GRC,βρωνη,11
GRC,orangade,11
GRC,optim,11
GRC,salte,11
GRC,εντομοαπωθητικό,11
GRC,mashroom,11
GRC,dog bags,11
GRC,woc,11
GRC,κατσαβ,11
GRC,sim,11
GRC,βρεφικη κρεμα,11
GRC,φους,11
GRC,anti bacterial,11
GRC,sommer,11
GRC,pizza fun,11
GRC,πρίζα,11
GRC,ζομ,11
GRC,απορρυπαντικο ρ,11
GRC,houm,11
GRC,mcdonalds,11
GRC,αγιον,11
GRC,πάνες ακρατεια,11
GRC,twis,11
GRC,dove roll,11
GRC,grater,11
GRC,φυστικοβουτυτο,11
GRC,ολυμπος κεφιρ,11
GRC,cj,11
GRC,κουβαδα,11
GRC,κρέμα μαλλιων,11
GRC,μωρομσ,11
GRC,νερο καρυ,11
GRC,focc,11
GRC,φετα δωδω,11
GRC,lavaza,11
GRC,Ξηροί,11
GRC,arla cream,11
GRC,Mc,11
GRC,κοντάρ,11
GRC,ποντικο,11
GRC,δτ,11
GRC,αντιξ,11
GRC,fac,11
GRC,κρεμύδι,11
GRC,dai,11
GRC,rafaelo,11
GRC,cocona,11
GRC,kota,11
GRC,pink so,11
GRC,clothe,11
GRC,euphoria,11
GRC,αποσμητικο σπρει,11
GRC,Ρεβυθια,11
GRC,αλοιμα,11
GRC,loof,11
GRC,nik,11
GRC,fresh snack,11
GRC,Μερε,11
GRC,αφρος ξυρις,11
GRC,alpen,11
GRC,adoro gouda,11
GRC,ΤΣΑΙ,11
GRC,χυμο πο,11
GRC,βραστη γαλοπουλα,11
GRC,πρακινα,11
GRC,kt,11
GRC,τροφή γατα,11
GRC,βουτυτ,11
GRC,show,11
GRC,Πίνδο,11
GRC,μυρμυγκια,11
GRC,Χυμός πορτοκάλι,11
GRC,εντονο,11
GRC,nov,11
GRC,choch,11
GRC,brooki,11
GRC,τζίφρης,11
GRC,vim,11
GRC,popper,11
GRC,ψαρικα,11
GRC,mortad,11
GRC,radi,11
GRC,hibi,11
GRC,hair clip,11
GRC,τριμμενη φρυ,11
GRC,ntom,11
GRC,κύβ,11
GRC,beer free,11
GRC,Φυστι,11
GRC,μπαλες,11
GRC,lock,11
GRC,μαύρη σοκολα,11
GRC,πιπετ,11
GRC,kimbo,11
GRC,παγωτακια,11
GRC,παστερ,11
GRC,μαντηλια,11
GRC,Στ,11
GRC,πατατες τη,11
GRC,σταφίδε,11
GRC,eggpla,11
GRC,προφυλακτι,11
GRC,ice crean,11
GRC,γερο,11
GRC,μπαρονετες,11
GRC,Tena,11
GRC,edemame,11
GRC,γρανολα,11
GRC,νερό 6,11
GRC,Ζελ,11
GRC,Αλφα,11
GRC,φρεσκα ζυμ,11
GRC,πατε ελιας,11
GRC,alpro vanilla,11
GRC,μπέικο,11
GRC,kerchup,11
GRC,πάνες ακρατ,11
GRC,πιλαφι,11
GRC,paracet,11
GRC,λαδικ,11
GRC,αντησ,11
GRC,χρωματ,11
GRC,σόδα λεμόνι,11
GRC,καρπους,11
GRC,4 seasons,11
GRC,δηνητριακα,11
GRC,σακπυ,11
GRC,αποσμητικο χω,11
GRC,παλαμά,11
GRC,φαγοπυ,11
GRC,σαλτσα το,11
GRC,snake,11
GRC,tl,11
GRC,παντό,11
GRC,cheese chips,11
GRC,μασκαρπον,11
GRC,φυσικός χυμος,11
GRC,μιυσταρδα,11
GRC,Santa maria,11
GRC,στο φούρνο,11
GRC,"Barilla Spaghettoni No7, 500 g",11
GRC,φύλλο κρου,11
GRC,χρισ,11
GRC,rosem,11
GRC,ροφημα βρω,11
GRC,μπλοκ ζωγραφικής,11
GRC,δημηττ,11
GRC,ψοτταγε,11
GRC,panthenol,11
GRC,κεφρ,11
GRC,πλαστικά ποτη,11
GRC,τσαι λεμονι,11
GRC,σακούλες τροφιμ,11
GRC,ενυδατικη σωματος,11
GRC,cera ve,11
GRC,πινελ,11
GRC,kawa,11
GRC,δημητρισκα,11
GRC,μανηταρ,11
GRC,booster,11
GRC,μανε,11
GRC,μανηταρι,11
GRC,Jaco,11
GRC,liqu,11
GRC,detergen,11
GRC,πυι,11
GRC,tsig,11
GRC,pesro,11
GRC,Απορυπαντικο,11
GRC,τυρι του το,11
GRC,r1,11
GRC,helt,11
GRC,μωρομαμ,11
GRC,δυμ,11
GRC,spray oil,11
GRC,Tequila,11
GRC,κουβερυ,11
GRC,stuy,11
GRC,χυμός life,11
GRC,noddle,11
GRC,αγγοτ,11
GRC,kpop,11
GRC,τσαι πρασινο,11
GRC,κρυθ,11
GRC,σαλτσα σογιας,11
GRC,sce,11
GRC,μιλο,11
GRC,παιδικη οδοντο,11
GRC,κρακερα,11
GRC,κορπι,11
GRC,στέβι,11
GRC,arena,11
GRC,meatless,11
GRC,κοροπου,11
GRC,tuma,11
GRC,bueni,11
GRC,κοντοσούβλι,11
GRC,σανγ,11
GRC,açai,11
GRC,red onions,11
GRC,λουκανικοπιτ,11
GRC,saisage,11
GRC,ατζουγιες,11
GRC,μαλακτικο ρ,11
GRC,φετα κατσι,11
GRC,τετεα,11
GRC,κουβερτουρα stevia,11
GRC,forest,11
GRC,ion pro,11
GRC,Bar,11
GRC,ποδοναρια,11
GRC,marseil,11
GRC,βιταμ soft,11
GRC,σφυ,11
GRC,Soap,11
GRC,pha,11
GRC,βουτυρο καρπων,11
GRC,ντατες,11
GRC,κοκκους,11
GRC,γύρος κοτόπουλο,11
GRC,μαθ,11
GRC,blue tack,11
GRC,παπαρουνοσπορος,11
GRC,κατεψυγμενα φρου,11
GRC,Καπν,11
GRC,σολωμοα,11
GRC,Αζαξ,11
GRC,al capone,11
GRC,baguett,11
GRC,banans,11
GRC,callipo,11
GRC,Παρμε,11
GRC,νερο αυρα,11
GRC,Μπάρμπα Στάθης,11
GRC,Gourmet,11
GRC,ρολό κουζινας,11
GRC,σιφ,11
GRC,Coca-Cola zero,11
GRC,faity,11
GRC,Καλαμα,11
GRC,μπαναα,11
GRC,mk,11
GRC,μαστελο,11
GRC,grape juice,11
GRC,ανυγδ,11
GRC,marsei,11
GRC,χαρτι Α4,11
GRC,κουβαδακι,11
GRC,αντηλιακό προσώπου,11
GRC,κριθαράκ,11
GRC,σκουφ,11
GRC,οδοντοκρεμε,11
GRC,toli,11
GRC,Sept,11
GRC,αποξηραμένα φρουτα,11
GRC,επιτραπεζιο,11
GRC,γκούν,11
GRC,cracer,11
GRC,letuce,11
GRC,acq,11
GRC,Cookies,11
GRC,lessive,11
GRC,lacta big,11
GRC,tony',11
GRC,του ψωμά,11
GRC,Δημητριακ,11
GRC,black pepp,11
GRC,μβρομαντηλα,11
GRC,ρυζι αγριο,11
GRC,πατατακις,11
GRC,cookie dou,11
GRC,nepo,11
GRC,gell,11
GRC,popo,11
GRC,νεκραρινια,11
GRC,kerast,11
GRC,τυρι χαμηλα λιπαρα,11
GRC,swar,11
GRC,λαστιχακ,11
GRC,λαυρακι,11
GRC,"Pappy Soft Jumbo Ρολό Κουζίνας Λευκό, 1 Kg",11
GRC,φασολακοα,11
GRC,οργανωση,11
GRC,ντιματινια,11
GRC,φρέσκο γα,11
GRC,Μαλακτικό ρούχων,11
GRC,Ουγγαρέζα,11
GRC,choko,11
GRC,raffaelo,11
GRC,sigaret,11
GRC,paa,11
GRC,πιπιλ,11
GRC,powder sugar,11
GRC,chicken nu,11
GRC,oriente,11
GRC,bitlong,11
GRC,καρμ,11
GRC,ΚΑΣΕΡΙ,11
GRC,τυρί τριμμέν,11
GRC,αποσμξτικο,11
GRC,nscafe,11
GRC,swiffwr,11
GRC,Mint,11
GRC,σαμπουαβ,11
GRC,ντονατινια,11
GRC,πατατσκια,11
GRC,naxos,11
GRC,aluminium foil,11
GRC,rafae,11
GRC,yum ta,11
GRC,area,11
GRC,χαρι κουζινας,11
GRC,ποτηρακι,11
GRC,μεβγαλ protein,11
GRC,marbo,11
GRC,gara,11
GRC,έτοιμες σαλατες,11
GRC,κολλαγονο,11
GRC,τραπο,11
GRC,ζαναε,11
GRC,φραπυ,11
GRC,μικρες σακουλες,11
GRC,πατάτες bab,11
GRC,πρωτεινικο,11
GRC,καστανό ρύζι,11
GRC,vinag,11
GRC,καλαμπογκοφρέτες,11
GRC,tea bag,11
GRC,akax,11
GRC,fairy platinum,11
GRC,dom,11
GRC,happy hipp,11
GRC,πισ,11
GRC,proa,11
GRC,ζαχαρπυχο,11
GRC,Μαργαρίτα,11
GRC,κυβοι λαχανικων,11
GRC,βουττ,11
GRC,χρτ,11
GRC,ειγανη,11
GRC,σύ,11
GRC,Λαχαν,11
GRC,πανέ,11
GRC,λιπασμα,11
GRC,γυαλιν,11
GRC,αραβικές πιτες,11
GRC,sanitary pads,11
GRC,sniker,11
GRC,terrea rus,11
GRC,απιονισμεν,11
GRC,σακατ,11
GRC,φύ,11
GRC,μπολακια,11
GRC,νερο αν,11
GRC,waer,11
GRC,Γαριδάκια,11
GRC,spritw,11
GRC,σκόνη σκορδ,11
GRC,μεβρανη,11
GRC,κολόνια,11
GRC,strep,11
GRC,καλαμπικι,11
GRC,μαντο,11
GRC,κοτομπουξιες,11
GRC,σουρωτήρι,11
GRC,dimple,11
GRC,air frier,11
GRC,board,11
GRC,pepers,11
GRC,πατάτες προτηγανισμενες,11
GRC,choca,11
GRC,Εντομο,11
GRC,Vapona,11
GRC,τραγαν,11
GRC,ψωμί γερμ,11
GRC,τοετι,11
GRC,bater,11
GRC,Γάλα βρώμης,11
GRC,μάσκα μαλλ,11
GRC,μίγμα για,11
GRC,λαβρ,11
GRC,Σκορδά,11
GRC,παικο,11
GRC,orange cake,11
GRC,σακουλες με,11
GRC,μοαταριες,11
GRC,canola,11
GRC,επιθέματα,11
GRC,ταινί,11
GRC,καπνιστή γαλοπούλα,11
GRC,νερο α,11
GRC,μπατονετεε,11
GRC,chocolate bar,11
GRC,πετσετε,11
GRC,toble,11
GRC,Βασιλικος,11
GRC,γλασσε,11
GRC,arla protei,11
GRC,fizzy drink,11
GRC,πρασς,10
GRC,cream chesse,10
GRC,claust,10
GRC,γαλα με,10
GRC,τιγανι,10
GRC,super bo,10
GRC,graniola,10
GRC,Σοκοφρέτα,10
GRC,κρεμα γαλακτος 35%,10
GRC,βουτύρου,10
GRC,ΕΒΟΛ,10
GRC,σκευη αλουμινιου,10
GRC,mr m,10
GRC,san marzano,10
GRC,tanque,10
GRC,ντεκαφεινε,10
GRC,ξυλινο πατωμα,10
GRC,μαιντανοα,10
GRC,νοτ,10
GRC,γλυκά κουταλιού,10
GRC,μπυστα,10
GRC,envelope,10
GRC,έτοιμα φ,10
GRC,προβιοτικα,10
GRC,ευλογημε,10
GRC,κατσαρίδα,10
GRC,Biscuit,10
GRC,μπαταρίες ΑΑΑ,10
GRC,τραπεζ,10
GRC,κειλ,10
GRC,μολυβ,10
GRC,χριστοδούλου,10
GRC,Παντζάρια,10
GRC,nirvana cookies,10
GRC,σφουγγαρι κου,10
GRC,χαμομυλι,10
GRC,procecco,10
GRC,azaz,10
GRC,χάρτι,10
GRC,Γύρος,10
GRC,μετσο,10
GRC,dark choclate,10
GRC,ζαψ,10
GRC,μαρκαδόρος,10
GRC,baby pow,10
GRC,γιωτησ,10
GRC,κλωστ,10
GRC,Bagel,10
GRC,dino,10
GRC,γαλα vegan,10
GRC,Healthy,10
GRC,wash and,10
GRC,kettle chips,10
GRC,gentile,10
GRC,chendar,10
GRC,no salt,10
GRC,καλαμαρακ,10
GRC,ψησιμ,10
GRC,μπισκοτα παπ,10
GRC,μπαρες δημητριακ,10
GRC,Frozen yogurt,10
GRC,big time,10
GRC,μαγιπ,10
GRC,garofa,10
GRC,aerosol,10
GRC,PLANET,10
GRC,κουκια,10
GRC,ροφημα καρυδας,10
GRC,αποτριχωτικ,10
GRC,λαδερ,10
GRC,adora balls,10
GRC,υγρο για πατωμα,10
GRC,μωτομα,10
GRC,γιαουρτι μπισκοτο,10
GRC,ροζ σως,10
GRC,αλεύρι για πίτσα,10
GRC,ketcu,10
GRC,Μπε,10
GRC,hend,10
GRC,γαλα βανι,10
GRC,curly hair,10
GRC,Ζαχα,10
GRC,yorgut,10
GRC,citt,10
GRC,χαι,10
GRC,lemon haze,10
GRC,wc gel,10
GRC,Υφαντ,10
GRC,breadc,10
GRC,labneh,10
GRC,μαρμελαδε,10
GRC,lemon pie,10
GRC,yogurt lactose,10
GRC,νημ,10
GRC,σερβιερ,10
GRC,κιμας κοτ,10
GRC,πιστα,10
GRC,Skin1004,10
GRC,βαλεριάνα,10
GRC,εβαπορε γαλα,10
GRC,Bic,10
GRC,γαλοπούλα φε,10
GRC,chokolate,10
GRC,κρασι γλυκο,10
GRC,γαλοπούλα καπ,10
GRC,babycar,10
GRC,αυγα ελευθ,10
GRC,πανες ακρατ,10
GRC,food wrap,10
GRC,jale,10
GRC,mcv,10
GRC,γιαούρτι κατ,10
GRC,τοε,10
GRC,Φιξ,10
GRC,wish,10
GRC,βαλα,10
GRC,τορτιγιρς,10
GRC,φαβ,10
GRC,kidd,10
GRC,cordon bl,10
GRC,crisp corn,10
GRC,πλαστικά πιάτα,10
GRC,τυο,10
GRC,Mars,10
GRC,σικο,10
GRC,ταιπς,10
GRC,ψαρομπουκιες,10
GRC,brunch,10
GRC,face ma,10
GRC,ασιατικά,10
GRC,γαλα σοκολατα,10
GRC,nic,10
GRC,κρέμα ματιων,10
GRC,γλυκο κου,10
GRC,μάσκα μαλ,10
GRC,ευχι,10
GRC,γιαουρτάκια,10
GRC,ακουσ,10
GRC,ριζοχαρτο,10
GRC,cottege,10
GRC,μπάρες πρω,10
GRC,δοσομετρητης,10
GRC,caramel pop,10
GRC,loreal paris,10
GRC,καρμπ,10
GRC,Μηλιτης,10
GRC,choco orange,10
GRC,dish was,10
GRC,δως,10
GRC,habanero,10
GRC,τοστιγια,10
GRC,βιοτοπ,10
GRC,ΠΑΤΑΤΑΚΙΑ,10
GRC,piza,10
GRC,μπαρες πρω,10
GRC,gad,10
GRC,βιτά,10
GRC,mca,10
GRC,κροκετα,10
GRC,Do,10
GRC,μεξι,10
GRC,προβολονε,10
GRC,ciggar,10
GRC,παιχνίδι,10
GRC,merr,10
GRC,Almond milk,10
GRC,πες,10
GRC,σεβιε,10
GRC,frozen spinach,10
GRC,χορτοπιτα,10
GRC,γλυκε,10
GRC,αποσκλυ,10
GRC,καφες λουμιδης,10
GRC,okives,10
GRC,γαλλική σαλατα,10
GRC,κηροι καρποι,10
GRC,αποξηραμε,10
GRC,αμερικαν,10
GRC,tomaten,10
GRC,χαρτί υγειασ,10
GRC,natc,10
GRC,κρεμα γαλαξ,10
GRC,τοδ,10
GRC,μαλακτικο lenor,10
GRC,chefdar,10
GRC,Tuboflo,10
GRC,αποσμητικό χωρου,10
GRC,γαλα πρωτεινης,10
GRC,αγγιυρακι,10
GRC,χαρουπαλευρο,10
GRC,εολο κουζινας,10
GRC,milk goat,10
GRC,παγωτό σοκολάτα,10
GRC,white pepper,10
GRC,ade,10
GRC,ευρυ,10
GRC,απορρυπαντικο ρουχ,10
GRC,γθα,10
GRC,garlic sauce,10
GRC,fussili,10
GRC,biodan,10
GRC,τουβλακια,10
GRC,fruto,10
GRC,χωρίς αλκ,10
GRC,βούτυρο light,10
GRC,γαρίδε,10
GRC,pamber,10
GRC,ουροσυ,10
GRC,τελιλα,10
GRC,black label,10
GRC,τσίπου,10
GRC,ear buds,10
GRC,cub,10
GRC,υγρι,10
GRC,dish s,10
GRC,ανατολη,10
GRC,wiper,10
GRC,υγρό απορυπαντικο,10
GRC,εβάο,10
GRC,kats,10
GRC,προφυλακτικό,10
GRC,μιρμ,10
GRC,ρυζόγαλα,10
GRC,Μπρ,10
GRC,idyl,10
GRC,σταφυδα,10
GRC,παξιμαδακι,10
GRC,χωριατι,10
GRC,cleanex,10
GRC,Plan(e)t Παγωτό,10
GRC,pino,10
GRC,mozze,10
GRC,air fre,10
GRC,σαντορινιο,10
GRC,boller,10
GRC,λιποκαθα,10
GRC,seitan,10
GRC,ελιες ροδε,10
GRC,Cif,10
GRC,egbe,10
GRC,σφουγγάριστρα,10
GRC,πλυντήριο πι,10
GRC,σιτρονελ,10
GRC,ix,10
GRC,χουμπυς,10
GRC,tobleron,10
GRC,βαφή μαλλι,10
GRC,τυρια τρ,10
GRC,κοκοι,10
GRC,κρισπ,10
GRC,παλιρρ,10
GRC,μωρομαντλα,10
GRC,dark cave,10
GRC,παπι τουαλετας,10
GRC,λαζάνι,10
GRC,coolies,10
GRC,βοσινακι,10
GRC,κατσικίσιο για,10
GRC,πανες σκ,10
GRC,ιταλι,10
GRC,tirami,10
GRC,caffeine free,10
GRC,χυμός ροδι,10
GRC,Αντικουνουπικό,10
GRC,mok,10
GRC,mailo,10
GRC,fotness,10
GRC,τουμποφ,10
GRC,tedi,10
GRC,ΦΡΟΥΤΑ,10
GRC,ace gent,10
GRC,επιδορπια για,10
GRC,arla shake,10
GRC,petit mars,10
GRC,κρέμα βανίλια,10
GRC,αντικολλητικό χαρτι,10
GRC,βοδ,10
GRC,nes c,10
GRC,περιοδικα,10
GRC,cling wrap,10
GRC,ισοθερμ,10
GRC,ξιραφακια,10
GRC,μακαροναι,10
GRC,μαργαρίτα,10
GRC,ντεμακιγιαχ,10
GRC,Μαγειρική σόδα,10
GRC,θγρο,10
GRC,λεβαντ,10
GRC,σακκού,10
GRC,αραβος,10
GRC,honakia,10
GRC,ελληνικος καφε,10
GRC,μππ,10
GRC,FAGE,10
GRC,τυρί γαλοπούλα,10
GRC,γλυφιτζουρια,10
GRC,κολλαγόνο,10
GRC,lott,10
GRC,Mayo,10
GRC,Κουζίνας,10
GRC,butter salted,10
GRC,σανπο,10
GRC,βικις,10
GRC,spinach pie,10
GRC,φυστίκο,10
GRC,Μπουγάτσα,10
GRC,Marseille,10
GRC,arabiat,10
GRC,vevv,10
GRC,γκαρνι,10
GRC,γαλα free lact,10
GRC,Παν,10
GRC,die,10
GRC,Τσα,10
GRC,pampers splash,10
GRC,επιδόρπι,10
GRC,τσιν,10
GRC,baking sheet,10
GRC,Τρουφα,10
GRC,guacamol,10
GRC,passoa,10
GRC,ινδικ,10
GRC,υγρό πλυντηριου,10
GRC,porn,10
GRC,ριζογκοφρέτες,10
GRC,Κόκα,10
GRC,lactose fre,10
GRC,σοκοκ,10
GRC,ξυραδ,10
GRC,under,10
GRC,caramel syrup,10
GRC,coffee be,10
GRC,υγρό σαπο,10
GRC,Mag,10
GRC,αξ,10
GRC,στρρ,10
GRC,Μπιφτέκι,10
GRC,σαμπυ,10
GRC,pies,10
GRC,χωνά,10
GRC,κεϊκ,10
GRC,red wine vinegar,10
GRC,λαμπρυν,10
GRC,peos,10
GRC,ζελε μαλλ,10
GRC,pinza,10
GRC,μεξικ,10
GRC,σακουλά,10
GRC,POP,10
GRC,ben n je,10
GRC,ελαιόλ,10
GRC,cointre,10
GRC,novalac,10
GRC,qi,10
GRC,lentil chip,10
GRC,λάδι τρουφας,10
GRC,προι,10
GRC,σκονη π,10
GRC,quiri,10
GRC,dumb,10
GRC,barbec,10
GRC,nama,10
GRC,salted c,10
GRC,wlvive,10
GRC,cheese sli,10
GRC,μηλο χυμος,10
GRC,chocolate syrup,10
GRC,σοκολατούχο γάλα,10
GRC,tq,10
GRC,αγγε,10
GRC,γαλα φρ,10
GRC,βάφλα,10
GRC,φρουτοκρε,10
GRC,nutella παγωτο,10
GRC,mymark,10
GRC,karam,10
GRC,σακουες,10
GRC,ammos,10
GRC,φιλαδέ,10
GRC,ταικι,10
GRC,κρύα σάντουιτς,10
GRC,nivea cream,10
GRC,Ko,10
GRC,μοσχοκαριδο,10
GRC,ειδη κα,10
GRC,απορριπαν,10
GRC,gasoline,10
GRC,perfu,10
GRC,yougart,10
GRC,trav,10
GRC,μωρο μα,10
GRC,Μπαχαρικά,10
GRC,συμπυκνω,10
GRC,tete,10
GRC,καψιυλες,10
GRC,Γλυκοπα,10
GRC,finish ultimate,10
GRC,τονος καπνιστος,10
GRC,θηκες ρουχων,10
GRC,extra virgin olive oil,10
GRC,4a,10
GRC,menthol,10
GRC,domates,10
GRC,ντοματα κονσερβα,10
GRC,swea,10
GRC,ανανς,10
GRC,mohit,10
GRC,μαλακα,10
GRC,black rice,10
GRC,τυρογ,10
GRC,Κρις,10
GRC,πουρες πατατας,10
GRC,παγωτα magic,10
GRC,μπύρες χωρίς αλκοόλ,10
GRC,χαρτι κουζιμας,10
GRC,Πάπρικα,10
GRC,vuse go,10
GRC,στεργιπυ,10
GRC,cilantr,10
GRC,μπαρα δη,10
GRC,sandwish,10
GRC,pac,10
GRC,τσουρέκια,10
GRC,capucc,10
GRC,γλαστρες,10
GRC,βύσσιν,10
GRC,lnorr,10
GRC,μανδρεκα,10
GRC,Beebros,10
GRC,4 nuts,10
GRC,ξοι,10
GRC,τζά,10
GRC,ρικοτ,10
GRC,αντικιακο,10
GRC,κυματιστά,10
GRC,nuu,10
GRC,τζατζικη,10
GRC,φρθ,10
GRC,white win,10
GRC,χυμός βυσ,10
GRC,anise,10
GRC,φάρμα ελ,10
GRC,πιπεριές φλ,10
GRC,pizbuin,10
GRC,ρύζι κίτρινο,10
GRC,peat,10
GRC,μπυραλ,10
GRC,αμυγδαλα ωμα,10
GRC,milk lact,10
GRC,αντιληακο,10
GRC,λουκε,10
GRC,Πατατακι,10
GRC,σακιδιο,10
GRC,target,10
GRC,γιαουρτι φα,10
GRC,παγάκ,10
GRC,ζελές,10
GRC,body butter,10
GRC,μπιστ,10
GRC,Μαστίχα,10
GRC,absolute,10
GRC,χαα,10
GRC,τυρι κατσικι,10
GRC,σκωρος,10
GRC,baby f,10
GRC,Ami,10
GRC,τσαλαφου,10
GRC,κατσέλη,10
GRC,κρεωπολειο,10
GRC,fif,10
GRC,τυρι κοτατζ,10
GRC,γαλα μακρ,10
GRC,πιτεε,10
GRC,γιαούρτι χωρις λακτόζη,10
GRC,μπυρες α,10
GRC,Fra,10
GRC,κλιάφα,10
GRC,ισοτ,10
GRC,rit,10
GRC,ζελέ χωρίς,10
GRC,αποξηραμενα συκα,10
GRC,sub,10
GRC,save,10
GRC,αποριπαντικα,10
GRC,αλεύρι για όλες τις χρήσεις,10
GRC,fabric conditioner,10
GRC,bread roll,10
GRC,κτενα,10
GRC,σακούλες αποθήκευσης,10
GRC,obertos,10
GRC,Bis,10
GRC,Τσουρέκι,10
GRC,αλμπ,10
GRC,χαρτι αντικο,10
GRC,μβ,10
GRC,hendr,10
GRC,κύβοι λαχανικών,10
GRC,βερί,10
GRC,body mi,10
GRC,motsarella,10
GRC,γιαουρτι βρεφικο,10
GRC,bourata,10
GRC,τσιμπίδα,10
GRC,smash,10
GRC,vegan ma,10
GRC,Βο,10
GRC,στραγάλια,10
GRC,υγεί,10
GRC,Φυστικοβουτηρο,10
GRC,ζαχαρη στεβια,10
GRC,Αλουμ,10
GRC,τεχνη,10
GRC,φρύδια,10
GRC,ζυγ,10
GRC,head and shoulder,10
GRC,potato bun,10
GRC,ice-cream,10
GRC,σαπιυνι,10
GRC,always platinum,10
GRC,αλπυ,10
GRC,game,10
GRC,ψωμι τπ,10
GRC,Kiwi,10
GRC,Wet,10
GRC,vanish oxi,10
GRC,συρματακι,10
GRC,υγρος,10
GRC,luroa,10
GRC,ξινομυζ,10
GRC,κουσκο,10
GRC,μορομαντι,10
GRC,σηκα,10
GRC,coca cla,10
GRC,katse,10
GRC,γιαουρτι καρυδας,10
GRC,καταμελες,10
GRC,Αντικολλητικό,10
GRC,γυαλια κολυμβησης,10
GRC,lour,10
GRC,Cigarettes,10
GRC,Χάρι,10
GRC,ψητα,10
GRC,evergreen,10
GRC,Bu,10
GRC,τόστ,10
GRC,οινος,10
GRC,Jacob's,10
GRC,hungry nit,10
GRC,καρπουχι,10
GRC,Κρα,10
GRC,body wash dove,10
GRC,ανθοι,10
GRC,baigon,10
GRC,τσατσα,10
GRC,viki,10
GRC,cheez,10
GRC,ρηγα,10
GRC,αλεγ,10
GRC,νιτσιακο,10
GRC,μοτζαρελα,10
GRC,pegs,10
GRC,water s,10
GRC,αποσμητικο χ,10
GRC,coca cola 330,10
GRC,biscuts,10
GRC,χαρτί τουαλέτα,10
GRC,ρύζι καρο,10
GRC,κουβερτιυρα,10
GRC,Τυροπιτάκια,10
GRC,banda,10
GRC,hee,10
GRC,σχι,10
GRC,ζαχαρη κρυ,10
GRC,lady finger,10
GRC,RED BULL,10
GRC,tog,10
GRC,chicken nug,10
GRC,condisioner,10
GRC,θαλασσι,10
GRC,fishe,10
GRC,kots,10
GRC,ενισχυ,10
GRC,πράσινη,10
GRC,βλεφαρίδες,10
GRC,χαμομή,10
GRC,τροφι,10
GRC,pizza sa,10
GRC,spin span,10
GRC,τυρι για πιτσα,10
GRC,φυλαξη,10
GRC,πθπερι,10
GRC,zig,10
GRC,prig,10
GRC,μοατονετες,10
GRC,σπανακοτυροπιτα,10
GRC,pampers swim,10
GRC,creamy gouda,10
GRC,chio,10
GRC,αφρο ξυ,10
GRC,ψύ,10
GRC,vegan time,10
GRC,κρεμοσάουνο,10
GRC,Head,10
GRC,loreal elvive,10
GRC,χυμός χωρίς ζάχαρη,10
GRC,χαρτί κουζινασ,10
GRC,nikka,10
GRC,ΖΑ,10
GRC,rufle,10
GRC,coffe beans,10
GRC,απορρυπαντικό πι,10
GRC,τζελ μαλλ,10
GRC,trappe,10
GRC,κρέμα ζαχ,10
GRC,καδερι,10
GRC,κρεμά,10
GRC,garnier vitamin c,10
GRC,υγρο απορρυ,10
GRC,σκυλια,10
GRC,πανες 5,10
GRC,χάρτη,10
GRC,chicken strips,10
GRC,no alcohol,10
GRC,αλουν,10
GRC,planet ic,10
GRC,γιαουττ,10
GRC,Καρπου,10
GRC,Cesar,10
GRC,ΓΙΑ,10
GRC,φρουκτοζη,10
GRC,τυρί χωρίς λακτόζη,10
GRC,clorine,10
GRC,Χατζής,10
GRC,Πατάτα,10
GRC,τοβος,10
GRC,τυρη,10
GRC,μαλλακτικο ρουχων,10
GRC,rggs,10
GRC,απορρυπαντικό ρου,10
GRC,πιατακι,10
GRC,wisky,10
GRC,ηλεκτρολυτ,10
GRC,easyhome,10
GRC,tomar,10
GRC,Coka,10
GRC,τυρι τριμμρνο,10
GRC,κρασι ημι,10
GRC,καστερ,10
GRC,ell,10
GRC,κουβασ,10
GRC,world cup panini,10
GRC,cilan,10
GRC,Πιτσα,10
GRC,μπισκοτα γεμιστα,10
GRC,nescafe espre,10
GRC,Basmati,10
GRC,Κατεψυγμένα φρούτα,10
GRC,steril,10
GRC,σιρόπι σφ,10
GRC,μποφτεκ,10
GRC,νερο σιδερο,10
GRC,οατ,10
GRC,koy,10
GRC,κασεροπ,10
GRC,Ζαχ,10
GRC,μπυρα ανε,10
GRC,Ψάρι,10
GRC,tomaro,10
GRC,kefalotiri,10
GRC,vegan πα,10
GRC,πελμενι,10
GRC,ζαζα,10
GRC,πιπερι καγιεν,10
GRC,μαύρη ζα,10
GRC,τυρί τρυ,10
GRC,toaster,10
GRC,Δη,10
GRC,ψωμί τοσυ,10
GRC,bulfak,10
GRC,κλιν,10
GRC,evgs,10
GRC,Mythos,10
GRC,μεταλλ,10
GRC,μπύρα χωρις,10
GRC,"0,5",10
GRC,parizaki,10
GRC,Seasoning,10
GRC,μουρε,10
GRC,μανδρεκ,10
GRC,clot,10
GRC,elnett,10
GRC,κουταλιού,10
GRC,bananna,10
GRC,jho,10
GRC,μπλουζα,10
GRC,afros,10
GRC,καφι,10
GRC,ρυσι,10
GRC,αλατινι,10
GRC,χυμός τοματας,10
GRC,parmegia,10
GRC,καλαμποκάλευρο,10
GRC,φέτε,10
GRC,ξαρ,10
GRC,Τυριά,10
GRC,guanchale,10
GRC,ζάχαρη κα,10
GRC,ερμολ,10
GRC,πατατες βιο,10
GRC,γιαούρτι 1 kg,10
GRC,φαρμακεία,10
GRC,κορεατ,10
GRC,ποττ,10
GRC,ανιθις,10
GRC,κορπή,10
GRC,ολυμπος μεγα,10
GRC,caderel,10
GRC,ατγ,10
GRC,φαγε 2,10
GRC,μανια,10
GRC,skittle,10
GRC,κοκκινες φακες,10
GRC,mistra,10
GRC,γθαουρτι,10
GRC,ξεφ,10
GRC,πεστρ,10
GRC,μακαρόνια χωρίς,10
GRC,fresh moon,10
GRC,bik,10
GRC,Τα,10
GRC,γαλΑ,10
GRC,τσακιρις,10
GRC,kostare,10
GRC,μπλα,10
GRC,3alpha,10
GRC,krambals,10
GRC,cheeri,10
GRC,rubber,10
GRC,Φρο,10
GRC,superma,10
GRC,ενισχυτικό,10
GRC,σκορδοψ,10
GRC,cocl,10
GRC,nan optipro,10
GRC,keras,10
GRC,αρωματικό χω,10
GRC,απορο,10
GRC,λάδι σώματος,10
GRC,Βαμβακι,10
GRC,guanch,10
GRC,κρεμμυς,10
GRC,eat rea,10
GRC,atla,10
GRC,μωροματ,10
GRC,malbro,10
GRC,ψωμ8,10
GRC,magio,10
GRC,αλεύρι ολικ,10
GRC,ηλιό,10
GRC,κτψ,10
GRC,pepsi tw,10
GRC,διπλης,10
GRC,παγωτό plan,10
GRC,nitree,10
GRC,καλτσα,10
GRC,hus,10
GRC,paper toilet,10
GRC,what,10
GRC,sani sensitive,10
GRC,μπαναναες,10
GRC,λαδικολλα,10
GRC,υλικά τοστ,10
GRC,τυρι παρ,10
GRC,αρτι υγειας,10
GRC,hair colour,10
GRC,Ben and jerr,10
GRC,νερα εμφ,10
GRC,tissue paper,10
GRC,anax,10
GRC,ψί,10
GRC,hawai,10
GRC,ταραμοσα,10
GRC,σανιτ,10
GRC,mochare,10
GRC,ζος,10
GRC,μπρόκ,10
GRC,3 άλφα,10
GRC,καψουλες ρουχων,10
GRC,ψωμι σικ,10
GRC,μπισκοτα παπαδο,10
GRC,μάσκ,10
GRC,Γαλοπο,10
GRC,κόκκινο κρασι,10
GRC,αμπουλες,10
GRC,σανγκρια,10
GRC,Nugget,10
GRC,αλατα μπανιου,10
GRC,φυλλο κρουστ,10
GRC,rubik,10
GRC,νουνοτ,10
GRC,αυγα βι,10
GRC,terreq,10
GRC,white cheese,10
GRC,τριμμένη καρύδα,10
GRC,παγωτό χ,10
GRC,στιλο,10
GRC,πίκλε,10
GRC,roma,10
GRC,garnier sorbet,10
GRC,catsan,10
GRC,σπαράγ,10
GRC,laiser,10
GRC,χρωμοπαγίδα,10
GRC,Πρωτεΐνη,10
GRC,μπελ,10
GRC,ρύζι μπασματι,10
GRC,klinec,10
GRC,υδροχλωρικο οξυ,10
GRC,virg,10
GRC,ζαχαρη κρυσταλλικη,10
GRC,σερβιέτες ακράτειας,10
GRC,στρουν,10
GRC,ryzo,10
GRC,volcan,10
GRC,μπανανεδ,10
GRC,μαρμαλαδα,10
GRC,protein ch,10
GRC,ντομαρα,10
GRC,ξηρούς καρπους,10
GRC,κονσέρβα γατας,10
GRC,harr,10
GRC,μπιφτέκια κοτόπουλου,10
GRC,φύλο,10
GRC,filet,10
GRC,κερασα,10
GRC,τυροκαφτερη,10
GRC,doeitos,10
GRC,κασερι light,10
GRC,ace gen,10
GRC,pampers n,10
GRC,τη,10
GRC,dr b,10
GRC,6α,10
GRC,wild rice,10
GRC,γαλα κακα,10
GRC,λενον,10
GRC,κρεμμα γαλακτος,10
GRC,κουσκ,10
GRC,τσιζ,10
GRC,πίτσας,10
GRC,φυσικο μεταλλικο νερο,10
GRC,βω,10
GRC,λεμόνι χυμός,10
GRC,ΤΣΙ,10
GRC,σόδα μ,10
GRC,σοκολατενιο γαλα,10
GRC,ερι,10
GRC,savoy,10
GRC,klime,10
GRC,γαλακτοκ,10
GRC,dry yeast,10
GRC,σοφες,10
GRC,μελθ,10
GRC,μπανανς,10
GRC,Bisc,10
GRC,γενικης χρησης,10
GRC,palete,10
GRC,nature val,10
GRC,μεσοδ,10
GRC,σαμπουαν σκυλου,10
GRC,Κεφ,10
GRC,λουρπακ,10
GRC,χυμος τομα,10
GRC,palsr,10
GRC,χαρτι κουζονας,10
GRC,φυτικη κρε,10
GRC,bell peppers,10
GRC,elder,10
GRC,baby carrots,10
GRC,τσιπα,10
GRC,Μηλ,10
GRC,seren,10
GRC,τρούφ,10
GRC,κουβερτπ,10
GRC,"coca cola zero 1,5",10
GRC,green apples,10
GRC,Gummy,10
GRC,πασσατα,10
GRC,σερν,10
GRC,Sauce,10
GRC,νηστισιμ,10
GRC,bt,10
GRC,φυλλο ρυζιου,10
GRC,Nescafé concentrate,10
GRC,γαλοπούλα φ,10
GRC,άμυλο καλαμποκιού,10
GRC,no lactose,10
GRC,καθαρισμός π,10
GRC,curry paste,10
GRC,παγοκυστε,10
GRC,έτοιμα φαγ,10
GRC,κοτομπιυκιες,10
GRC,cottage arla,10
GRC,γαλα κουκ,10
GRC,ολοκης,10
GRC,kewpi,10
GRC,καφέ κάψουλες,10
GRC,no added,10
GRC,μπη,10
GRC,λακ μαλλιων,10
GRC,χούμ,10
GRC,IQOS,10
GRC,lun,10
GRC,γαλα δελ,10
GRC,aus,10
GRC,τροφή γι,10
GRC,alko,10
GRC,μαγια στιγμης,10
GRC,Golden vir,10
GRC,καρβουνακ,10
GRC,Κωτσόβολος,10
GRC,σφοτ,10
GRC,φίλτρο απορροφητήρα,10
GRC,ψωμι γ,10
GRC,εξαδα νερα,10
GRC,γιαουρτι βανιλια,10
GRC,aggouri,10
GRC,matte,10
GRC,eyelash,10
GRC,marbl,10
GRC,white choc,10
GRC,color catc,10
GRC,πάπια,10
GRC,παρφ,10
GRC,μπισκοτς,10
GRC,αποσμητικο ποδ,10
GRC,almond drink,10
GRC,dish soa,10
GRC,πμ,10
GRC,nibea,10
GRC,caju,10
GRC,Lemonade,10
GRC,kaimaki,10
GRC,πορτι,10
GRC,δονητες,10
GRC,γιαοι,10
GRC,garniet,10
GRC,τρομ,10
GRC,raviol,10
GRC,ice crem,10
GRC,μπουκαλα,10
GRC,νικ,10
GRC,moodles,10
GRC,guru,10
GRC,pudin,10
GRC,πιπερια φλω,10
GRC,macain,10
GRC,μακαρονια κο,10
GRC,Κρέμα Γάλακτος,10
GRC,herr,10
GRC,mue,10
GRC,μεί,10
GRC,baby snack,10
GRC,apple ju,10
GRC,μπολονεζ,10
GRC,hansapla,10
GRC,καυτερα,10
GRC,Γκούντα,10
GRC,flip flop,10
GRC,misc,10
GRC,wine dry,10
GRC,ψιλοκο,10
GRC,egan,10
GRC,acid,10
GRC,μπαρα δ,10
GRC,breadcrum,10
GRC,biscui,10
GRC,στεγνω,10
GRC,dack,10
GRC,πασατεμπ,10
GRC,okive,10
GRC,κοκαλακι,10
GRC,γαλε,10
GRC,mayonese,10
GRC,γάλα νο,10
GRC,ατμ,10
GRC,srirach,10
GRC,naturalcool,10
GRC,μπισκότα πτι,10
GRC,κλιαφας,10
GRC,dove m,10
GRC,μπισκοτα di,10
GRC,jannis,10
GRC,oys,10
GRC,sv,10
GRC,Baygon,10
GRC,φουαντρέ,10
GRC,λενορ,10
GRC,DETTOL,10
GRC,zzz,10
GRC,ζυμαρουλης,10
GRC,Σκόνη,10
GRC,ξυνογαλα,10
GRC,Βαφ,10
GRC,ψεκ,10
GRC,λάχανο καρότο,10
GRC,Γαλοπ,10
GRC,αγκιναρ,10
GRC,ecom,10
GRC,μισκ,10
GRC,Στέβια,10
GRC,μοσχοφ,10
GRC,Τυρί φέτες,10
GRC,κονφλειξ,10
GRC,κυθηρων,10
GRC,cotra,10
GRC,ηυραφακια,10
GRC,κουλουράκι,10
GRC,για κουνουπια,10
GRC,pekorino,10
GRC,χαρτινκουζινας,10
GRC,t shirt,10
GRC,αλευρι ζεας,10
GRC,πατατες κατεψ,10
GRC,έτοιμο φαγητο,10
GRC,light cola,10
GRC,καφες σε κοκκους,10
GRC,ψωμι πρωτεινης,10
GRC,cee,10
GRC,cockroa,10
GRC,casol,10
GRC,γαλα πρω,10
GRC,Μύλοι,10
GRC,αγκουρια,10
GRC,still,10
GRC,Frulite,10
GRC,bii,10
GRC,κάψουλα,10
GRC,σεσουαρ,10
GRC,γιαουρτι ολυμπο,10
GRC,ζερ,10
GRC,malagousia,10
GRC,yogurte,10
GRC,red w,10
GRC,tuns,10
GRC,Φραουλες,10
GRC,Γλυκοπ,10
GRC,baby s,10
GRC,baking powe,10
GRC,beff,10
GRC,σιζα,10
GRC,μπισκοτα χω,10
GRC,φρουτα κατεψυγμενα,10
GRC,κανελα κε,10
GRC,ας μαγει,10
GRC,Τζιν,10
GRC,pato,10
GRC,digestive bars,10
GRC,αποσμητικο noxzema,10
GRC,χαχ,10
GRC,γασ,10
GRC,veggie chips,10
GRC,Det,10
GRC,Κοτοπο,10
GRC,eegs,10
GRC,Wo,10
GRC,σαλτσα ντομάτας,10
GRC,φούρνο,10
GRC,ισοτονικό,10
GRC,κιτοπουλο,10
GRC,φρεσκα κρε,10
GRC,τεοφη,10
GRC,εμπλα,10
GRC,lix,10
GRC,ring,10
GRC,σφπυγ,10
GRC,δώρ,10
GRC,argan oil,10
GRC,μιριν,10
GRC,ζαχαροπλαστεια,10
GRC,σταγονες σοκολατ,10
GRC,yeas,10
GRC,Fruits,10
GRC,κεζ,10
GRC,Σαμ,10
GRC,sai,10
GRC,yagurt,10
GRC,κτήμα,10
GRC,φορμε,10
GRC,λαδοκου,10
GRC,αοδες,10
GRC,bam,10
GRC,horseradish,10
GRC,τυρί τριμε,10
GRC,επιδόρπ,10
GRC,τορτιγις,10
GRC,πισκοτα,10
GRC,vertu,10
GRC,mount,10
GRC,γεντια,10
GRC,καφε καψ,10
GRC,σεβ,10
GRC,ΜΥΡΤ,10
GRC,ρεν,10
GRC,treseme,10
GRC,κοτομο,10
GRC,neecafe,10
GRC,δοχειο φαγητου,10
GRC,Ξινό νερό,10
GRC,blue be,10
GRC,soya sa,10
GRC,συγσ,10
GRC,κους κ,10
GRC,icw,10
GRC,kery,10
GRC,ινδοκαρυδ,10
GRC,κρού,10
GRC,δωδεκαδα,10
GRC,γιαουρτι 10%,10
GRC,shin,10
GRC,γιαουετ,10
GRC,αγγορια,10
GRC,Άχνη,10
GRC,χαρτομανδηλα,10
GRC,φρέσκα ζυμαρικα,10
GRC,ψωμι σοβολος,10
GRC,tartlets,10
GRC,πδον,10
GRC,bon ma,10
GRC,τυρί μανούρι,10
GRC,γαλα κατσικισι,10
GRC,heat protector,10
GRC,contour,10
GRC,bali,10
GRC,μπιμπερ,10
GRC,μύρτιλλα,10
GRC,esspres,10
GRC,νερό ανθρ,10
GRC,Old spice,10
GRC,γάλα bio,10
GRC,στέ,10
GRC,καρβουνο,10
GRC,wips,10
GRC,ψωμι φρ,10
GRC,Ci,10
GRC,πράσινη σαλάτα,10
GRC,el savor,10
GRC,proteins,10
GRC,παλομα,10
GRC,choco chips,10
GRC,τπρτ,10
GRC,ξηρου,10
GRC,τυρι καπνιστο,10
GRC,ταρ,10
GRC,insal,10
GRC,Healthy habits,10
GRC,teasers,10
GRC,υγρο σαπ,10
GRC,επιδαπεδιες,10
GRC,Γκρανολα,10
GRC,κοκοκ,10
GRC,ketchup chips,10
GRC,μπαγκετες,10
GRC,χπ,10
GRC,Κουβε,10
GRC,σκω,10
GRC,taz,10
GRC,σαπουνι σωματος,10
GRC,coco powder,10
GRC,φέτα τυρι,10
GRC,μιτσικέλι,10
GRC,franii,10
GRC,κολωνι,10
GRC,γάλα νουν,10
GRC,NUTREE,10
GRC,breadsti,10
GRC,καθαριστικό ρούχων,10
GRC,tsiga,10
GRC,μονοκερο,10
GRC,green peppers,10
GRC,χιλο,10
GRC,1000,10
GRC,μπεργκ,10
GRC,sisi,10
GRC,edl,10
GRC,σπυρακια,10
GRC,φρανκφ,10
GRC,ψωμί hot dog,10
GRC,pan cake,10
GRC,rixe,10
GRC,μαγιονρζα,10
GRC,toiley,10
GRC,gh,10
GRC,worcestershire,10
GRC,loufa,10
GRC,ταμπου,10
GRC,κευσα,10
GRC,μαλακτικα ρουχων,10
GRC,ife,10
GRC,κοτοπουό,10
GRC,σπατ,10
GRC,gochujang,10
GRC,τσικουδια,10
GRC,μτοματ,10
GRC,κορομ,10
GRC,jungle,10
GRC,λιπαρά μαλλιά,10
GRC,water 12,10
GRC,γιαούρτι μ,10
GRC,γραφικη υλη,10
GRC,distilled,10
GRC,ελιες ροδελα,10
GRC,triple s,10
GRC,coffee berry,10
GRC,φίλτρα καφε,10
GRC,φασιλακια,10
GRC,νυμα,10
GRC,vasa,10
GRC,ritter,10
GRC,Κρεμοσα,10
GRC,ace ge,10
GRC,ολικης μακαρονια,10
GRC,βαζακι,10
GRC,wetwipes,10
GRC,μπαρεε,10
GRC,ερπ,10
GRC,ξύδι ρυζιού,10
GRC,γραβιερα τριμμενη,10
GRC,protein wrap,10
GRC,κερατο,10
GRC,gousa,10
GRC,κρεμυδακια,10
GRC,χρυση ζ,10
GRC,Ριζο,10
GRC,ms,10
GRC,mocare,10
GRC,toub,10
GRC,τσιπουρες,10
GRC,βιβλίο,10
GRC,ποπκορ,10
GRC,τριμμρνο,10
GRC,microfi,10
GRC,hot mama,10
GRC,galop,10
GRC,johnn,10
GRC,χυμος βυς,10
GRC,maj,10
GRC,ποτυ,10
GRC,κρέμα καραμελ,10
GRC,αραβοσιτου,10
GRC,Brets,10
GRC,μεμβρά,10
GRC,τυσι,10
GRC,μαλκτικο,10
GRC,mini m,10
GRC,σπιρ,10
GRC,καφες illy,10
GRC,lady fin,10
GRC,wood cleaner,10
GRC,Col,10
GRC,lufa,10
GRC,mpoumpas,10
GRC,μγ,10
GRC,γερμαδες,10
GRC,tomatoe sauce,10
GRC,mec,10
GRC,φυτικό τυρι,10
GRC,χαρτι αντι,10
GRC,παγωυπ,10
GRC,γιατ,10
GRC,λαχανικα κατε,10
GRC,body gel,10
GRC,bailey,10
GRC,χωμακια,10
GRC,papertowel,10
GRC,ψωνι του τοστ,10
GRC,COTTAGE,10
GRC,Reeses,10
GRC,Ta,10
GRC,βιταμ σοφτ,10
GRC,tarta,10
GRC,energy ball,10
GRC,αβικαντο,10
GRC,havar,10
GRC,chups,10
GRC,σφουγγρ,10
GRC,ταραμάς,10
GRC,garden g,10
GRC,paper plate,10
GRC,vegan icecream,10
GRC,noyn,10
GRC,cooking paper,10
GRC,contitioner,10
GRC,κιμας μοσχαρισιος,10
GRC,tomato pa,10
GRC,βουτυρο αναλατο,10
GRC,paradon,10
GRC,food coloring,10
GRC,soy sause,10
GRC,χυμος αναν,10
GRC,κουκανικα,10
GRC,baby c,10
GRC,παρνε,10
GRC,the pink,10
GRC,χαρτί α4,10
GRC,φάρμα κουκακη,10
GRC,every d,10
GRC,Χλωρι,10
GRC,μυτη,10
GRC,σταρε,10
GRC,tome,10
GRC,red p,10
GRC,λεκες,10
GRC,απορρυπαντικο ρο,10
GRC,χειλη,10
GRC,αλμυρα σνακς,10
GRC,καυτερή πιπεριά,10
GRC,γοαο,10
GRC,τυρί κομματι,10
GRC,mail,10
GRC,Γλυ,10
GRC,Μπυρ,10
GRC,kay,10
GRC,γαλα σταμου,10
GRC,αλειφες,10
GRC,ζωμος κοτοπουλο,10
GRC,ξυστ,10
GRC,snatts,10
GRC,coca li,10
GRC,peli,10
GRC,απιρυ,10
GRC,πουμερο,10
GRC,randler,10
GRC,servietes,10
GRC,ηβ,10
GRC,πληρες,10
GRC,ανηθι,10
GRC,ΑΛΕΥΡΙ,10
GRC,καψουλες πλυντ,10
GRC,τυρια τριμμενα,10
GRC,2 σε 1,10
GRC,μωρομαντγ,10
GRC,beo,10
GRC,ixe,10
GRC,plums,10
GRC,brrad,10
GRC,χρυσά αυγά,10
GRC,μουσταλευριά,10
GRC,life juice,10
GRC,Σοκολατακια,10
GRC,φρεσκα κρεμα,10
GRC,peppercorn,10
GRC,νικο,10
GRC,regilait,10
GRC,fragrance,10
GRC,χαλλ,10
GRC,Maple,10
GRC,κρεοπωλει,10
GRC,κιμτσι,10
GRC,german,10
GRC,αλεύρι αμυγ,10
GRC,πάνες ενη,10
GRC,αναμεικτα λαχανικα,10
GRC,jh,10
GRC,sods,10
GRC,εκχυλισμα βανιλια,10
GRC,oven cleaner,10
GRC,αλευρι μαλακο,10
GRC,αποτριχωτικες ταινιες,10
GRC,tex mex,10
GRC,vinger,10
GRC,Κονσέρβα,10
GRC,σφακιαν,10
GRC,begel,10
GRC,maltisers,10
GRC,τυρί κομμάτι,10
GRC,απλωστρ,10
GRC,ΜΥΡΤΙΛΑ,10
GRC,everyday cotton,10
GRC,stri,10
GRC,μακαρπ,10
GRC,sei,10
GRC,micela,10
GRC,elephan,10
GRC,παγωτίνι,10
GRC,αυγα πινδος,10
GRC,παγ τ,10
GRC,lactaci,10
GRC,τυρι go,10
GRC,chol,10
GRC,ταψά,10
GRC,χελεδακια,10
GRC,νουνου για,10
GRC,Ολυμπο,10
GRC,les,10
GRC,kiri,10
GRC,soul,10
GRC,bufal,10
GRC,χυμός λεμο,10
GRC,προζυμενιο,10
GRC,παρφέ,10
GRC,μυγο,10
GRC,crodin,10
GRC,ανεμισ,10
GRC,κομποστες,10
GRC,lost marry,10
GRC,chili powder,10
GRC,πελτεσ,10
GRC,yohurt,10
GRC,καρυδα τριμμ,10
GRC,όλυμ,10
GRC,τσαλαφο,10
GRC,frano,10
GRC,Βαφη,10
GRC,ξινομαυρο,10
GRC,παλιρια,10
GRC,ριζπ,10
GRC,φαρί,10
GRC,αυτοκινητου,10
GRC,compe,10
GRC,niko,10
GRC,αλουμινενιο,10
GRC,letu,10
GRC,pann,10
GRC,καπνικα ειδη,10
GRC,flup,10
GRC,νερα εμ,10
GRC,bio advance,10
GRC,κρεμα μωρου,10
GRC,ginger b,10
GRC,νερω,10
GRC,rice chip,10
GRC,κολυμβηση,10
GRC,ιον αμ,10
GRC,rolling papers,10
GRC,roca,10
GRC,ζυμε,10
GRC,σακουλάκ,10
GRC,insec,10
GRC,μωρομανυ,10
GRC,μασού,10
GRC,ψωμι τπυ τοστ,10
GRC,βελανίδι,10
GRC,κοκα κολλα,10
GRC,cheddat,10
GRC,γάλα δελτα,10
GRC,τσιχλεσ,10
GRC,ελαιόλαδ,10
GRC,κοο,10
GRC,Αγγουράκια,10
GRC,βλαχακη,10
GRC,κάψουλες πλυ,10
GRC,ξηροί καρποθ,10
GRC,εξαδες,10
GRC,l’oreal men,10
GRC,αλαρι,10
GRC,τυροπιτά,10
GRC,bob,10
GRC,μπικ,10
GRC,Knor,10
GRC,αλευρι βρωμ,10
GRC,γιαουρτι αμυγδαλου,10
GRC,παγωτου,10
GRC,νέ,10
GRC,jbo,10
GRC,only,10
GRC,κρς,10
GRC,φρεσκουκης,10
GRC,κουτάλα,10
GRC,KA,10
GRC,τσάι του βουνού,10
GRC,coca v,10
GRC,χαρτιπ,10
GRC,πατατκι,10
GRC,τεστ εγκυμο,10
GRC,γαλοτυρι,10
GRC,ryz,10
GRC,φυστικοβουτυρπ,10
GRC,agnomarket,10
GRC,κοριο,10
GRC,αποξηραμένο,10
GRC,Hellman's,10
GRC,ριζό,10
GRC,κριθάρι,10
GRC,Wasser,10
GRC,Διατροφική Μαγιά,10
GRC,Μαγια,10
GRC,Chip,10
GRC,soya s,10
GRC,palama,10
GRC,μπαμαν,10
GRC,Kline,10
GRC,πολυδημητρ,10
GRC,κεφε,10
GRC,pringls,10
GRC,μακαρονια 6,10
GRC,βραζ,10
GRC,avr,10
GRC,Σφ,10
GRC,τυρί τοδτ,10
GRC,χανζ,10
GRC,χαρτι υγεο,10
GRC,cy,10
GRC,συα,10
GRC,σταρι,10
GRC,δημητριακά ολικής,10
GRC,κινέζικο,10
GRC,aftersave,10
GRC,riggatoni,10
GRC,σκονη πρωτεινης,10
GRC,τσικο,10
GRC,υγρο σφου,10
GRC,αλιμα,10
GRC,batery,10
GRC,μοθ,10
GRC,ψιλοκομμ,10
GRC,βιολογικο κοτοπουλο,10
GRC,oil hair,10
GRC,οδοντικο ν,10
GRC,χριστοδο,10
GRC,Garnier fructis,10
GRC,σφουγγαρίστ,10
GRC,qtip,10
GRC,σαπούνι πια,10
GRC,λαμπρυντ,10
GRC,pasta sau,10
GRC,Αύρα,10
GRC,milo,10
GRC,μαιδαν,10
GRC,ρυζακι,10
GRC,mah,10
GRC,red bean,10
GRC,μορομαντηλα,10
GRC,Dori,10
GRC,cucam,10
GRC,Γάλα κατσικίσιο,10
GRC,χρωματοπαγιδες,10
GRC,καψουλες πλυντηριου πιατων,10
GRC,κολοκυθά,10
GRC,απολέπιση,10
GRC,svelto,10
GRC,βοτανα,10
GRC,σκληρο αλευρι,10
GRC,kamb,10
GRC,πολιτικη,10
GRC,κομα,10
GRC,πανες σκυ,10
GRC,Μπυ,10
GRC,kelligs,10
GRC,holy la,10
GRC,Paliria,10
GRC,πορτπ,10
GRC,Αναψ,10
GRC,yaou,10
GRC,κρύο τ,10
GRC,Σπ,10
GRC,limonade,10
GRC,αλοε,10
GRC,short,10
GRC,tooth past,10
GRC,choco pop,10
GRC,χλορινι,10
GRC,it,10
GRC,daily,10
GRC,yogort,10
GRC,σχοινό,10
GRC,Κρακερ,10
GRC,Γλ,10
GRC,Χαρτικ,10
GRC,γάλα φρε,10
GRC,βούτυρο αγελαδινό,10
GRC,αμπ,10
GRC,Capri,10
GRC,χυμος π,10
GRC,Barill,10
GRC,λας,10
GRC,κομμι,10
GRC,ζυμο,10
GRC,αραξα,10
GRC,χαρτικουζινας,10
GRC,φωτα,10
GRC,πατμεζανα,10
GRC,αναμει,10
GRC,πεννες ολικης,10
GRC,Γαρύφαλλο,10
GRC,κουβέρτες,10
GRC,miceller,10
GRC,ευχετηρια,10
GRC,σκύλ,10
GRC,figi,10
GRC,OLA BIO,10
GRC,φτεσκο,10
GRC,bescafe,10
GRC,coconut yogurt,10
GRC,Σκο,10
GRC,watw,10
GRC,superm,10
GRC,trea,10
GRC,υγρή,10
GRC,body l,10
GRC,τουλουμπα,10
GRC,μανταρινια,10
GRC,τυρί γκουντα,10
GRC,ανταλλακτικό,10
GRC,avocadi,10
GRC,ολυμπος βιολογικο,10
GRC,biskof,10
GRC,νυομ,10
GRC,παγωτό οι,10
GRC,canned tomatoes,10
GRC,νηστις,10
GRC,instant noo,10
GRC,bubbl,10
GRC,κουομπ,10
GRC,wonder wash,10
GRC,πανακια μικρο,10
GRC,spir,10
GRC,basmatti,10
GRC,rosh,10
GRC,nodels,10
GRC,βρακ,10
GRC,καθαριστικό τουαλέτας,10
GRC,αξεσουάρ,10
GRC,ss,10
GRC,χυλοπί,10
GRC,βρωμξ,10
GRC,oyst,10
GRC,balloo,10
GRC,loco,10
GRC,λεμπνι,10
GRC,σοκλ,10
GRC,κολλες,10
GRC,yophoria,10
GRC,Χουμους,10
GRC,kefalotyri,10
GRC,μαφ,10
GRC,τοπινο,10
GRC,χαρτοτα,10
GRC,φφ,10
GRC,erd,10
GRC,εσωρο,10
GRC,deli meat,10
GRC,oatly milk,10
GRC,σολομος καπνιστος,10
GRC,δισκοι ντεμ,10
GRC,χάρτινες,10
GRC,εκχυλισμα βαν,10
GRC,κατσικίσιο γιαο,10
GRC,cm,10
GRC,βεντάλια,10
GRC,spicy cheese,10
GRC,νεροπιστολ,10
GRC,πιττ,10
GRC,yogurt pro,10
GRC,σαλταα,10
GRC,ζαμπιν,10
GRC,φακελακι,10
GRC,φυστικοβοθτυρο,10
GRC,aur,10
GRC,rice wafer,10
GRC,terya,10
GRC,χυμο ντο,10
GRC,καραμολέ,10
GRC,dio,10
GRC,Depon,10
GRC,ευβιοτοπ,10
GRC,Γαα,10
GRC,αποσμηρ,10
GRC,belve,10
GRC,μπυρα αν,10
GRC,thuna,10
GRC,cotr,10
GRC,krouasan,10
GRC,γαλα εβαπορέ,10
GRC,παγωτό οικογ,10
GRC,cook at h,10
GRC,οδοντοβουτσα,10
GRC,βολερο,10
GRC,after shav,10
GRC,τρουφακια,10
GRC,cat treats,10
GRC,κάμπος χιου,10
GRC,φρέσκο κ,10
GRC,φραπεδιερα,10
GRC,αλευτι,10
GRC,Ολυμπ,10
GRC,boutari,10
GRC,ενυδατικη προσωπου,10
GRC,μπισκοτα χωρις ζα,10
GRC,metro,10
GRC,κάππαρη,10
GRC,πάνες βρ,10
GRC,παστί,10
GRC,paximadi,10
GRC,millh,10
GRC,iperespresso,10
GRC,kari,10
GRC,μπαρες δημητρι,10
GRC,ψωμί μπερ,10
GRC,αλμυρά σνακς,10
GRC,ρυζογκοφρέ,10
GRC,rice cr,10
GRC,καθαριστικο πα,10
GRC,Chinese,10
GRC,τουρσο,10
GRC,πινε,10
GRC,πατατες φουρνου,10
GRC,πεππα,10
GRC,χλωτ,10
GRC,pallet,10
GRC,beetro,10
GRC,γιαούρτι νου,10
GRC,αλετι,10
GRC,ΓΙΑΟΥΡΤ,10
GRC,φέρα,10
GRC,τσικνάκης,10
GRC,voc,10
GRC,χυμος ανα,10
GRC,υγραε,10
GRC,meggle,10
GRC,φυστικομ,10
GRC,straight,10
GRC,blueberies,10
GRC,daq,10
GRC,fosh,10
GRC,havan,10
GRC,alfa pizza,10
GRC,πάγωτο,10
GRC,rubber gloves,10
GRC,μουτσα,10
GRC,κρεμα βαλς,10
GRC,μαστιχο,10
GRC,pumbers,10
GRC,σταγόνες σοκολ,10
GRC,τυρι ενταμ,10
GRC,ταμπλέτες πλυντήριο,10
GRC,πρόζυμο,10
GRC,λοτ,10
GRC,αποσμητικό dove,10
GRC,spring ro,10
GRC,tire,10
GRC,περμεζανα,10
GRC,χυμος lime,10
GRC,ρυζθ,10
GRC,unsto,10
GRC,αντισηπτικά μαντηλάκια,10
GRC,pli,10
GRC,λάδι μα,10
GRC,colagen,10
GRC,Swi,10
GRC,kegir,10
GRC,βρεφικες πανες,10
GRC,gherkin,10
GRC,Kombucha,10
GRC,malag,10
GRC,gyoz,10
GRC,σερβιέτε,10
GRC,burger cheese,10
GRC,ginger shots,10
GRC,kw,10
GRC,nodel,10
GRC,fage total,10
GRC,focacia,10
GRC,egg noodles,10
GRC,bread gluten,10
GRC,γλυκο κρασι,10
GRC,οδονυ,10
GRC,arti,10
GRC,come zero,10
GRC,παγωτο χω,10
GRC,Bag,10
GRC,τοματοπολτ,10
GRC,tap,10
GRC,Ζαχαρ,10
GRC,cloud,10
GRC,hansap,10
GRC,χαλούμ,10
GRC,γιαούρτι ολ,10
GRC,toilet clean,10
GRC,did,10
GRC,strab,10
GRC,απωθητικο,10
GRC,rap,10
GRC,σοκολατεσ,10
GRC,baby soap,10
GRC,maso,10
GRC,ziga,10
GRC,καλτσον,10
GRC,Ανθ,10
GRC,αοκο,10
GRC,Ξινο,10
GRC,lactose free yoghurt,10
GRC,γάλα σοκο,10
GRC,kolo,10
GRC,loukoumi,10
GRC,coca.,10
GRC,demaki,10
GRC,πατατες bab,10
GRC,bend,10
GRC,οικογ,10
GRC,καλοδιο,10
GRC,coco cola,10
GRC,brioce,10
GRC,πατακα,10
GRC,θυμι,10
GRC,Κριστίνα,10
GRC,Λαιμ,10
GRC,body shower,10
GRC,αρωματικο λεκανης,10
GRC,λεφιρ,10
GRC,ninja,10
GRC,λρμονι,10
GRC,ροφημα βρ,10
GRC,nescafe espresso con,10
GRC,μοιφτεκι,10
GRC,καλωδι,10
GRC,apper,10
GRC,καφές ελληνικος,10
GRC,alrpo,10
GRC,καθαριστικό προ,10
GRC,scweppes,10
GRC,müsli,10
GRC,μοσχαρισιος,10
GRC,κουομπου,10
GRC,diste,10
GRC,σκόνη π,10
GRC,αλάτι πλυν,10
GRC,για πατωμα,10
GRC,ασπα,10
GRC,μιξερακι,10
GRC,μπεϊκον,10
GRC,φιλέτο στήθος,10
GRC,πανες babylino,10
GRC,oldsp,10
GRC,tipiak,10
GRC,φρυδιων,10
GRC,white vin,10
GRC,αφρός μ,10
GRC,calabrese,10
GRC,χαρα,10
GRC,cazoline,10
GRC,φασόλι,10
GRC,τόνος σε νερο,10
GRC,Aper,10
GRC,tomato ju,10
GRC,παντεσπ,10
GRC,φασόλια γίγαντες,10
GRC,Carrot,10
GRC,george,10
GRC,νεροπισ,10
GRC,vita go,10
GRC,παο,10
GRC,ice cof,10
GRC,μαυρα φασολια,10
GRC,wheat flour,10
GRC,3 αλφ,10
GRC,μπαρμπασταθ,10
GRC,baby carr,10
GRC,hello,10
GRC,κρέα,10
GRC,Γιαούρτ,10
GRC,sd,10
GRC,κιμάς μοσχαρίσιος,10
GRC,ψωμί ολ,10
GRC,pink grapef,10
GRC,χαρτια υγει,10
GRC,γιαούρτι στ,10
GRC,τσιμπιδακι φρυδιων,10
GRC,tetra,10
GRC,μπατονες,10
GRC,πλυντήρι,10
GRC,γαμα,10
GRC,badmati,10
GRC,πατετακια,10
GRC,μπριζόλε,10
GRC,ρυζι μ,10
GRC,λεμονθα,10
GRC,sousage,10
GRC,red win,10
GRC,ιταλικ,10
GRC,σακκουλες σκουπιδιων,10
GRC,Mastiqua,10
GRC,σιρόπι σφε,10
GRC,παγωτο οι,10
GRC,βουρτα,10
GRC,ξηρος,10
GRC,ταμπλέτες πλυ,10
GRC,αυτιων,10
GRC,table napkin,10
GRC,princles,10
GRC,λουκανικα φρα,10
GRC,tetr,10
GRC,μψ,10
GRC,κορδέλα,10
GRC,washing ma,10
GRC,soufl,10
GRC,νηστίσι,10
GRC,kraf,10
GRC,γιαούρτι χωρίς λα,10
GRC,ξεσκον,10
GRC,γάα,10
GRC,protein po,10
GRC,fets,10
GRC,chipo,10
GRC,vegeterian,10
GRC,atiel,9
GRC,Cal,9
GRC,αμύγδαλο φιλέ,9
GRC,beard oil,9
GRC,κατσαριδοκτο,9
GRC,nag,9
GRC,cuca,9
GRC,prob,9
GRC,ετοιμα γεύματα,9
GRC,καψουλες veev,9
GRC,seasonings,9
GRC,γαλα μεριδες,9
GRC,ΦΙΞ,9
GRC,Dor,9
GRC,coco p,9
GRC,burger sau,9
GRC,παϊδακια,9
GRC,τομσ,9
GRC,τσατνει,9
GRC,fusil,9
GRC,ors,9
GRC,Μαρμε,9
GRC,γαντοα,9
GRC,τυρι παρμ,9
GRC,τσακιρι,9
GRC,γλυκαντικά,9
GRC,πατατακια lays,9
GRC,korma,9
GRC,χοιρινες,9
GRC,κατσικίσιο γι,9
GRC,γιώτ,9
GRC,iqu,9
GRC,σοκολάτα στέβια,9
GRC,πουδρ,9
GRC,χαρτι ψησιμα,9
GRC,uncle b,9
GRC,Vi,9
GRC,προτι,9
GRC,είδη ζαχαροπλαστικής,9
GRC,terea tur,9
GRC,μαγειρική σοδ,9
GRC,τοετιγια,9
GRC,Μουστα,9
GRC,κραδ,9
GRC,μαμι,9
GRC,creame,9
GRC,τυρι τρυμμ,9
GRC,treat,9
GRC,weis,9
GRC,τθρο,9
GRC,οαγωτα,9
GRC,αισμ,9
GRC,greek yogur,9
GRC,Φασολ,9
GRC,containers,9
GRC,σαλαμια,9
GRC,Κακα,9
GRC,garam masala,9
GRC,soarkling water,9
GRC,κρασι χωρις αλκοολ,9
GRC,εναπορε,9
GRC,μακαρονια ο,9
GRC,σερβιευ,9
GRC,panini sti,9
GRC,φεττα,9
GRC,μανυταρια,9
GRC,ζρλε,9
GRC,σοκολάτα υγε,9
GRC,ντοματα κον,9
GRC,ρυζι ολικης,9
GRC,πορτοξαλια,9
GRC,alim,9
GRC,brookies,9
GRC,πυραυλ,9
GRC,πανες ακρατε,9
GRC,ευαισθητ,9
GRC,γιαουρτι χωρις λακτο,9
GRC,banana ice,9
GRC,χυμός μηλου,9
GRC,τυρι νηστισιμο,9
GRC,κερια ρεσω,9
GRC,σκύλου,9
GRC,μαλακτικο μαλλ,9
GRC,κοιμας,9
GRC,λαρ,9
GRC,πολυδημητριακά,9
GRC,χωνακια για παγωτο,9
GRC,χαρτον,9
GRC,στριφτα,9
GRC,τυρι χαμηλα,9
GRC,μπαρες δημητριακω,9
GRC,καφες αλεσμενος,9
GRC,Πάγο,9
GRC,πιατωβ,9
GRC,Κατσικ,9
GRC,φαρμα κουκακ,9
GRC,εύζι,9
GRC,καθαριστικό πλ,9
GRC,φύλλο κρουστας,9
GRC,krou,9
GRC,mymarke,9
GRC,κρασι χωρις,9
GRC,αντρικα,9
GRC,γιαουρτι vegan,9
GRC,παξιμαδι χαρουπι,9
GRC,ζύμη για πιτσα,9
GRC,beyon,9
GRC,κελυφ,9
GRC,pm,9
GRC,The bee,9
GRC,πουτιγκε,9
GRC,arirl,9
GRC,κόκκινο πιπέρι,9
GRC,πετσετακια,9
GRC,immunity,9
GRC,βιξος,9
GRC,glace,9
GRC,μωροναντηλα,9
GRC,raw milk,9
GRC,λουλούδι,9
GRC,απορρθ,9
GRC,γαβρος,9
GRC,hoi,9
GRC,μαιο,9
GRC,βιολογικα φρουτα,9
GRC,maggy,9
GRC,agora,9
GRC,καθαριστικο πατωμ,9
GRC,not,9
GRC,μπουταρη,9
GRC,1l,9
GRC,Μπο,9
GRC,Βύσσινο,9
GRC,Rose,9
GRC,φρούτα κατεψυγμένα,9
GRC,hot sayce,9
GRC,ziplo,9
GRC,chillies,9
GRC,ild,9
GRC,Peps,9
GRC,βουνου,9
GRC,χαρτί αν,9
GRC,9 φρουτα,9
GRC,ζεε,9
GRC,contre,9
GRC,tuna water,9
GRC,γαλοπουλα κασερι,9
GRC,ρυζογκροφρετες,9
GRC,πτι φ,9
GRC,γλάστρα,9
GRC,Αλε,9
GRC,mister,9
GRC,stergi,9
GRC,noidles,9
GRC,dishsoap,9
GRC,φέτα ελαφρύ,9
GRC,γαλαν,9
GRC,bottle opener,9
GRC,bees br,9
GRC,dit,9
GRC,παξιμαφια,9
GRC,salt and,9
GRC,riv,9
GRC,καθαριστικο ρουχων,9
GRC,garnier botanic,9
GRC,νηστισιμο τυρι,9
GRC,prine,9
GRC,σοκολατάκ,9
GRC,χρωμα ζα,9
GRC,γιαουρτι δωδωνη,9
GRC,vread,9
GRC,αινος,9
GRC,σπογγοπ,9
GRC,sida,9
GRC,κρινος,9
GRC,stron,9
GRC,μυδι,9
GRC,mix τυρι,9
GRC,προφιλακτικα,9
GRC,γαλοπουλα καπν,9
GRC,Septona Μωρομάντηλα Family 3x100 τμχ,9
GRC,coktail,9
GRC,ανυγδα,9
GRC,ice cream magic,9
GRC,καλαμκ,9
GRC,Αφρολο,9
GRC,kraut,9
GRC,viackal,9
GRC,adult,9
GRC,κατεψηγ,9
GRC,χτενες,9
GRC,sev,9
GRC,μακαρομ,9
GRC,παραμανα,9
GRC,γιαουρτι φ,9
GRC,deodoran,9
GRC,αλλαντιξα,9
GRC,κρέμα γι,9
GRC,ακμή,9
GRC,la roche posay,9
GRC,πανερ,9
GRC,γλικο,9
GRC,vac,9
GRC,perm,9
GRC,γρη,9
GRC,lic,9
GRC,καιαριστικο,9
GRC,ατζουγια,9
GRC,σκουλες,9
GRC,pastr,9
GRC,φακες κοκκινες,9
GRC,ποτυρια,9
GRC,σερβιτες,9
GRC,αβοκαμτο,9
GRC,coca cola ligh,9
GRC,τοματοχυμο,9
GRC,crackzel,9
GRC,μπουγά,9
GRC,wurst,9
GRC,πιτες για,9
GRC,καφτερ,9
GRC,κρητικ,9
GRC,πεο,9
GRC,γαλα μακρας διαρκειας,9
GRC,αντιι,9
GRC,γιαούρτι κ,9
GRC,marv,9
GRC,ανρι,9
GRC,οικογενε,9
GRC,skip ultimate,9
GRC,κατεψυγμένη,9
GRC,κρεμ φρες,9
GRC,scotch b,9
GRC,Αποστολάκη,9
GRC,Πεστο,9
GRC,καθαριστικό προσωπου,9
GRC,100l,9
GRC,lunchbox,9
GRC,κακσο,9
GRC,τυρί μ,9
GRC,alpha strong,9
GRC,σερβιετσκια,9
GRC,αλευρι β,9
GRC,πατζά,9
GRC,πρι μπερ,9
GRC,σουρωτγ,9
GRC,πρωτεϊν,9
GRC,φαντ,9
GRC,γάτε,9
GRC,ριζογαλα,9
GRC,Lactose free,9
GRC,pagvt,9
GRC,αραπι,9
GRC,bonbon,9
GRC,πλυντήριο π,9
GRC,coca cola zero 500,9
GRC,μωρομαντυ,9
GRC,holinger,9
GRC,ΜΑΛΑ,9
GRC,cookies and cream,9
GRC,lost mar,9
GRC,γαλα λακτο,9
GRC,coffee instant,9
GRC,ΜΑ,9
GRC,Ρέ,9
GRC,μαντολατο,9
GRC,τοστα,9
GRC,υγροσαπ,9
GRC,νερο με,9
GRC,decaffeine,9
GRC,χλωρινη πλυντηριου,9
GRC,hair sp,9
GRC,el sanor,9
GRC,Ροδακινα,9
GRC,φυτικα γαλατα,9
GRC,speculoo,9
GRC,Δέλτα αμύγδαλο,9
GRC,pizza sau,9
GRC,iqod,9
GRC,swab,9
GRC,κοπανισμενη,9
GRC,κικα,9
GRC,Φυτικό,9
GRC,ΛΕΜΟΝΙΑ,9
GRC,ντοματαδ,9
GRC,Nute,9
GRC,OREO,9
GRC,mineral wa,9
GRC,απιπ,9
GRC,παιδικά γιαούρτι,9
GRC,cleani,9
GRC,ψεκαστ,9
GRC,Χαρτάκια,9
GRC,sandi,9
GRC,γλάρος,9
GRC,μελατονινη,9
GRC,NOY,9
GRC,μαύρη ζ,9
GRC,γιαυορτι,9
GRC,ανθος αλατιου,9
GRC,ΜΥΡΤΙΛ,9
GRC,χαρτι υη,9
GRC,νεκταρινη,9
GRC,cinnamo,9
GRC,Όλυμπος τ,9
GRC,juicy,9
GRC,πλαστικα ποτηρ,9
GRC,γλυκαντικ,9
GRC,lactoze,9
GRC,vodafone,9
GRC,vicks,9
GRC,opener,9
GRC,cypr,9
GRC,βαζακια,9
GRC,ayra,9
GRC,bread fresh,9
GRC,Κρο,9
GRC,ταμπα,9
GRC,βεντου,9
GRC,Καθαριστικό πατώματος,9
GRC,σταφιλι,9
GRC,μονωτική,9
GRC,ματι,9
GRC,αρτι κουζινας,9
GRC,Moch,9
GRC,μωτομ,9
GRC,Γαλλία,9
GRC,σακουλες σκουπας,9
GRC,χωρις ζαχαργ,9
GRC,ενισ,9
GRC,μπολερο,9
GRC,Breakfast,9
GRC,ΨΩΜΙ ΤΟΣΤ,9
GRC,frozen yogh,9
GRC,καλοκ,9
GRC,παγωτο χωρ,9
GRC,δημητριακά χωρίς ζάχαρη,9
GRC,ass,9
GRC,ποπ κορμ,9
GRC,beauty blender,9
GRC,bifteki,9
GRC,πσο,9
GRC,Dry,9
GRC,"Τζίντζερ, ~250 g",9
GRC,δοδ,9
GRC,Καψουλες,9
GRC,boursin,9
GRC,protein pan,9
GRC,γιαούρτι ροδοπη,9
GRC,slimfix,9
GRC,φρεσκα ζυμα,9
GRC,oreo ice cream,9
GRC,carotte,9
GRC,purpl,9
GRC,xarti kouzinas,9
GRC,poumar,9
GRC,ανιτσελ,9
GRC,πσγωτα,9
GRC,total 0%,9
GRC,7 d,9
GRC,body shampoo,9
GRC,εβαποτε,9
GRC,salt spray,9
GRC,αναπτηρε,9
GRC,100L,9
GRC,thyme honey,9
GRC,kezap,9
GRC,clau,9
GRC,rispe,9
GRC,τριμμενα,9
GRC,βεντα,9
GRC,κυδω,9
GRC,λη,9
GRC,vahine,9
GRC,πιτες για σουβλακι,9
GRC,clust,9
GRC,oatlu,9
GRC,caster,9
GRC,ferero,9
GRC,protein παγωτό,9
GRC,isostevia,9
GRC,κασει,9
GRC,glitter,9
GRC,3 alpha,9
GRC,gyr,9
GRC,skor,9
GRC,γαλατάκι,9
GRC,schn,9
GRC,ασια,9
GRC,chocolatw,9
GRC,coga,9
GRC,γλαστ,9
GRC,βραζι,9
GRC,pablo,9
GRC,ακουαφο,9
GRC,αγγιυρ,9
GRC,τυρι γα,9
GRC,υγρά μαντηλακια,9
GRC,el-ef,9
GRC,ραπαν,9
GRC,NERO,9
GRC,κεφιρ γιαουρτι,9
GRC,σαμπουσν,9
GRC,magic pistachio,9
GRC,foudou,9
GRC,γαλα χωρις λακτόζη,9
GRC,μπουτια κοτοπουλο,9
GRC,bagle,9
GRC,φύλ,9
GRC,pop tart,9
GRC,Όλυμπος γ,9
GRC,antisep,9
GRC,λαχανικά κατεψυγμένα,9
GRC,νερο μι,9
GRC,milk la,9
GRC,round,9
GRC,apivi,9
GRC,ντετ,9
GRC,επιθεμ,9
GRC,γάλα ολυμπ,9
GRC,χσρ,9
GRC,εγκυ,9
GRC,γανυια,9
GRC,ταμπλετες πλυντηριου πιατων,9
GRC,sann,9
GRC,powder milk,9
GRC,παγωτο light,9
GRC,μαθν,9
GRC,γαλα φου,9
GRC,μπανανες bio,9
GRC,κημας,9
GRC,noode,9
GRC,Αντηλιακά,9
GRC,συσκευα,9
GRC,κόκ,9
GRC,γάλα χωρι,9
GRC,ανταλλακτικ,9
GRC,αποδ,9
GRC,αλεβ,9
GRC,λευκό ξηρό,9
GRC,νηστισ,9
GRC,υγρά πανακια,9
GRC,το χρυσο,9
GRC,φιδά,9
GRC,runa,9
GRC,zagoti,9
GRC,μπατονετρς,9
GRC,ψωμάκια Bu,9
GRC,βαα,9
GRC,coffee c,9
GRC,τυρι cheddar,9
GRC,chew,9
GRC,κρεαα,9
GRC,1.5%,9
GRC,ben.,9
GRC,hydr,9
GRC,εμμ,9
GRC,cilant,9
GRC,φωτακι,9
GRC,υγρο λεκανης,9
GRC,cannab,9
GRC,pru,9
GRC,Cap,9
GRC,body m,9
GRC,ρύζι γεμιστά,9
GRC,σφουυ,9
GRC,έτοι,9
GRC,wedges,9
GRC,Ντοματι,9
GRC,mato,9
GRC,αντηλιακο μαλλιων,9
GRC,canned fish,9
GRC,πατατκ,9
GRC,Αραβικές,9
GRC,85%,9
GRC,vegan τ,9
GRC,σποραι,9
GRC,tortilla ολικης,9
GRC,tona,9
GRC,color c,9
GRC,Breezer,9
GRC,alpin,9
GRC,γιαούετι,9
GRC,αποστολακη,9
GRC,ανθρακουχο νε,9
GRC,καψουλες πλυντη,9
GRC,αυαγ,9
GRC,ΜΑΚΑΡΟΝΙΑ,9
GRC,κρουασνα,9
GRC,σκούπες,9
GRC,yerea,9
GRC,Pr,9
GRC,charitea,9
GRC,γιαούρτι 10,9
GRC,φραπυλα,9
GRC,mashr,9
GRC,Τυρια,9
GRC,αυτοκινη,9
GRC,μπισκοτα σαβαγιαρ,9
GRC,Olysand,9
GRC,γΛα,9
GRC,καταμε,9
GRC,οδοντοβουρτσε,9
GRC,protein i,9
GRC,Μηλο,9
GRC,αφρός καθαρισμού,9
GRC,πιτσε,9
GRC,παγωτα 0,9
GRC,Πέστο,9
GRC,γάλα χωρίς λακτοζη,9
GRC,σκονη σ,9
GRC,magic cone,9
GRC,γαλα ν,9
GRC,Κολοκύθι,9
GRC,ααλτσα,9
GRC,Ben and jer,9
GRC,κρεμα καραμε,9
GRC,πατάτες βιολογικές,9
GRC,your,9
GRC,τριμμένο τυ,9
GRC,body mis,9
GRC,φίλτρα καφέ,9
GRC,τυρόπ,9
GRC,κρεμα προσώπου,9
GRC,κριθαροκου,9
GRC,milbona,9
GRC,ταιλι,9
GRC,ρόφη,9
GRC,hamburguer,9
GRC,μοατ,9
GRC,karolina,9
GRC,κοτοπιυλο,9
GRC,κιμσ,9
GRC,SKIP,9
GRC,δαμά,9
GRC,brief,9
GRC,κρεμα πρ,9
GRC,helthy,9
GRC,sagr,9
GRC,παρατακ,9
GRC,mesc,9
GRC,librese,9
GRC,φρεσκα ζυ,9
GRC,olive soap,9
GRC,paint,9
GRC,pizza f,9
GRC,kf,9
GRC,μακαρονια πρωτεινης,9
GRC,Σολομ,9
GRC,ροδελ,9
GRC,παπαγα,9
GRC,AQUA,9
GRC,φασολάκ,9
GRC,pomegranate juice,9
GRC,Αλα,9
GRC,grabola,9
GRC,fizzy water,9
GRC,μασαλιας,9
GRC,βεζ,9
GRC,vegan cream,9
GRC,sour p,9
GRC,tulip,9
GRC,λευκο κρα,9
GRC,procu,9
GRC,spre,9
GRC,Al,9
GRC,the bridge,9
GRC,μπισκτα,9
GRC,ταμπλέτ,9
GRC,δελτα ad,9
GRC,ζαμπό,9
GRC,Πιατα,9
GRC,καρελιας,9
GRC,kramb,9
GRC,Πιάτα,9
GRC,ΖΑΧΑΡΗ,9
GRC,ζωγραφικης,9
GRC,υγρό σαπούνι χεριών,9
GRC,kiko,9
GRC,talis,9
GRC,Ben & Jerry,9
GRC,Μπει,9
GRC,αγαύ,9
GRC,σπαμα,9
GRC,Kimoco,9
GRC,μπρε,9
GRC,κοτοπουλξ,9
GRC,μπέικον γαλοπουλας,9
GRC,flos,9
GRC,πιροσκι,9
GRC,CR2032,9
GRC,Noodle,9
GRC,GOUDA,9
GRC,καλι,9
GRC,proteon,9
GRC,soys,9
GRC,σκουφάκι,9
GRC,jäger,9
GRC,farfa,9
GRC,πατατες π,9
GRC,καστανή ζ,9
GRC,μουσταρδομ,9
GRC,κασετ,9
GRC,πρωτεΐνες,9
GRC,παιδα,9
GRC,frozen blue,9
GRC,πυισκι,9
GRC,αστράκι,9
GRC,jonh,9
GRC,pibk,9
GRC,αφτια,9
GRC,καρυδοψυχα,9
GRC,millner,9
GRC,natura vita energy,9
GRC,Broccoli,9
GRC,μπς,9
GRC,maf,9
GRC,Pummaro Σπιτική Ντομάτα από Τρίτη Γυάλινη Φιάλη,9
GRC,χυμο πορτο,9
GRC,σιρπ,9
GRC,ξυρις,9
GRC,playmobil,9
GRC,bouillon,9
GRC,ΕΒΑΠΟΡΕ,9
GRC,χαρομαντηλα,9
GRC,souse,9
GRC,μακάρι,9
GRC,κρέμα καρυδας,9
GRC,grana pada,9
GRC,ολυμπος φετα,9
GRC,coffee bean,9
GRC,cart,9
GRC,dirolli,9
GRC,πλαστικα ποτιρια,9
GRC,polenta,9
GRC,cezar,9
GRC,κρέμα γαλακτοσ,9
GRC,pavli,9
GRC,hot wheels,9
GRC,yogert,9
GRC,βια,9
GRC,δανδ,9
GRC,note,9
GRC,cookie d,9
GRC,kaffe,9
GRC,baati,9
GRC,κερασο,9
GRC,La,9
GRC,παγωτο mars,9
GRC,καψουκες,9
GRC,yugo,9
GRC,γκρέιπφρουτ,9
GRC,sani pants,9
GRC,αυγα βλαχακη,9
GRC,αντισηπτική,9
GRC,paper kitchen,9
GRC,παγ τα,9
GRC,cretan,9
GRC,χυμος πορτοκαλο,9
GRC,χωριατικες,9
GRC,Μπάρες δημητριακών,9
GRC,Να,9
GRC,σταυρ,9
GRC,κουρτινα μπανιου,9
GRC,Μπατον,9
GRC,electrolyt,9
GRC,πλαστελιν,9
GRC,αποε,9
GRC,house,9
GRC,φυδακι,9
GRC,γυμναστικης,9
GRC,τρικκη,9
GRC,τοδακινα,9
GRC,Melon,9
GRC,τρεις μαγ,9
GRC,κατεχυγμενα,9
GRC,bebe,9
GRC,pote,9
GRC,Σου,9
GRC,bin liner,9
GRC,fage yogurt,9
GRC,barrilla,9
GRC,bianco,9
GRC,always ultra,9
GRC,λαδι μ,9
GRC,μωρομαμτηλα,9
GRC,αωα,9
GRC,ρόφημα σοκολάτας,9
GRC,γετ,9
GRC,μαγοα,9
GRC,yogurt 1kg,9
GRC,λουκανικό,9
GRC,νερο κα,9
GRC,ψωμι χωρις γλ,9
GRC,mustela,9
GRC,φυσιο,9
GRC,φετες κασερι,9
GRC,pepsi ma,9
GRC,blue che,9
GRC,πεκορί,9
GRC,κάπ,9
GRC,γάλα αμυγδαλ,9
GRC,ρυζογκοφτ,9
GRC,cardamon,9
GRC,καρυδα τρ,9
GRC,pina colada,9
GRC,χαρτια υγεια,9
GRC,ruccola,9
GRC,πανες αδια,9
GRC,τζελ μαλλιών,9
GRC,κατιλι,9
GRC,χαρτιβ,9
GRC,τονο σε νερο,9
GRC,apple puree,9
GRC,δημητριακα βρωμης,9
GRC,γλουτεν,9
GRC,νρομ,9
GRC,hanza,9
GRC,παγωτα κρι,9
GRC,30,9
GRC,βρωμη χωρις,9
GRC,vegan φετε,9
GRC,μικροινων,9
GRC,βρεφικό γαλα,9
GRC,sud,9
GRC,bakin powder,9
GRC,φυτο,9
GRC,pagota,9
GRC,mature,9
GRC,coca cole,9
GRC,μπαρμπα σταθ,9
GRC,μρε,9
GRC,καλαμπι,9
GRC,τοστ ψω,9
GRC,βρωμη ολικης,9
GRC,sandwich bags,9
GRC,made,9
GRC,ηλιοπροστασια,9
GRC,αντισκοριακο,9
GRC,δελτα adva,9
GRC,σακιυ,9
GRC,κακαπ,9
GRC,doe,9
GRC,γαντο,9
GRC,arabiatta,9
GRC,pampers active,9
GRC,Χαρτοπ,9
GRC,αγγιν,9
GRC,stabilo,9
GRC,hange,9
GRC,σουπιες,9
GRC,wiston,9
GRC,νεροπιστο,9
GRC,codka,9
GRC,books,9
GRC,ρυζογκοφρετεα,9
GRC,pier,9
GRC,ρολλο κουζινας,9
GRC,Μοτσαρελα,9
GRC,B.U.,9
GRC,hugo,9
GRC,παιδική,9
GRC,μιξε,9
GRC,sports drink,9
GRC,εντομοαπωθητι,9
GRC,φαρά,9
GRC,συσκευασιες,9
GRC,περιπτ,9
GRC,μπαρμπασταθη,9
GRC,Zer,9
GRC,citrus,9
GRC,πάνες 7,9
GRC,πολυσ,9
GRC,noutela,9
GRC,φετα ηπει,9
GRC,pollareti,9
GRC,οξυζεν,9
GRC,κρεμα αωματος,9
GRC,tsik,9
GRC,nespresso vertuo,9
GRC,ΚΟΥ,9
GRC,Λαχα,9
GRC,coxo,9
GRC,πινδος αυγα,9
GRC,μπλε τυρί,9
GRC,papar,9
GRC,coconut flour,9
GRC,taxi,9
GRC,απορρυπαντικο ρούχων,9
GRC,vittex,9
GRC,nesv,9
GRC,ΠΑΡΜΕΖΑΝΑ,9
GRC,Hipp,9
GRC,γεύμ,9
GRC,απορρυπαντικο baby,9
GRC,Αρκάδ,9
GRC,After sun,9
GRC,sheets,9
GRC,Dr be,9
GRC,ΚΥΚΝΟΣ,9
GRC,tomy,9
GRC,τάπ,9
GRC,kis,9
GRC,χερ,9
GRC,jas,9
GRC,σορμπ,9
GRC,σοκολατα με στεβια,9
GRC,νεοματ,9
GRC,azeera,9
GRC,ξυριστικ,9
GRC,lemongrass,9
GRC,sua,9
GRC,υγρο πιστων,9
GRC,τυρι g,9
GRC,"Agrino Ρυζογκοφρέτες με Γιαούρτι & Φράουλα, 64 g",9
GRC,κουνουπικο,9
GRC,φασολάκι,9
GRC,ταιγα,9
GRC,οδοντόβουρ,9
GRC,αδια,9
GRC,phils gra,9
GRC,μαφι,9
GRC,ψυμο,9
GRC,kabanos,9
GRC,αυγά μεγαλα,9
GRC,βαφες μαλλ,9
GRC,χον,9
GRC,ind,9
GRC,fand,9
GRC,τσιγαρα marl,9
GRC,Μπαρμπασταθης,9
GRC,πελετ,9
GRC,ωτοα,9
GRC,γιαούρτι κατσικ,9
GRC,καλιμανης,9
GRC,nougat,9
GRC,γαρύφα,9
GRC,μπαννα,9
GRC,αντσ,9
GRC,τριβελάκι,9
GRC,ροδημα,9
GRC,corn star,9
GRC,ντουλ,9
GRC,καπουτσίνο,9
GRC,άμμ,9
GRC,nak,9
GRC,Μπριζόλα,9
GRC,φετα δ,9
GRC,κρεμμτ,9
GRC,leerd,9
GRC,Πιπε,9
GRC,νοστι,9
GRC,απορυπαντικο πλυντηριου,9
GRC,moust,9
GRC,aim white,9
GRC,schweep,9
GRC,coconut drink,9
GRC,lacr,9
GRC,mem,9
GRC,αποαμη,9
GRC,παγωτο pla,9
GRC,συρο,9
GRC,κεφαλοτύρι τριμμένο,9
GRC,ταμπλέτες πλυντηρίου πιάτων,9
GRC,cat treat,9
GRC,prossecco,9
GRC,θερμοσ,9
GRC,Γάτα,9
GRC,μαριζ,9
GRC,mcvit,9
GRC,υυ,9
GRC,ΖΑΓΟΡΙ,9
GRC,lue,9
GRC,θράψαλα,9
GRC,τυροκαυτε,9
GRC,αναχ,9
GRC,γαλα βανιλιας,9
GRC,αντιμουχλικο,9
GRC,bloc,9
GRC,γρηγο,9
GRC,σκονη γαλα,9
GRC,Tan,9
GRC,camper,9
GRC,ψε,9
GRC,μαιμ,9
GRC,shower g,9
GRC,Noo,9
GRC,χυμο ντομ,9
GRC,baby ca,9
GRC,chicco,9
GRC,lays ολικης,9
GRC,πανες σκυλων,9
GRC,pellegrin,9
GRC,cognac,9
GRC,θαλασς,9
GRC,Bo,9
GRC,mayi,9
GRC,ασιατ,9
GRC,πορτοκαλάδες,9
GRC,mins,9
GRC,εψ,9
GRC,chili sauce,9
GRC,σκωρο,9
GRC,γαρις,9
GRC,loy,9
GRC,αποσμητιο,9
GRC,ion stevia,9
GRC,vionol,9
GRC,cheese s,9
GRC,κεφιρ υγεια,9
GRC,πιρούν,9
GRC,παγωτο sandwich,9
GRC,κρςμοσαπουνο,9
GRC,liner,9
GRC,ρίζι,9
GRC,tomm,9
GRC,Rum,9
GRC,apple j,9
GRC,σοκολατοπ,9
GRC,sori,9
GRC,markers,9
GRC,αφουγγαρ,9
GRC,toothbrush soft,9
GRC,ανάμεικτα,9
GRC,fineti,9
GRC,Σαλάμι αέρος,9
GRC,my pop,9
GRC,μεγιονεζα,9
GRC,ξηρους καρ,9
GRC,σταγόνες σοκ,9
GRC,γαλλική,9
GRC,gan,9
GRC,μπλουμπερι,9
GRC,ρως,9
GRC,gallo,9
GRC,ελθες,9
GRC,catrice,9
GRC,γιαουρτι στραγγιστο 2%,9
GRC,σοκολατουχι,9
GRC,νεροπί,9
GRC,marsa,9
GRC,pikle,9
GRC,self ta,9
GRC,σκλαβενιτ,9
GRC,παιδια,9
GRC,οσοντ,9
GRC,Μωρ,9
GRC,δισκος,9
GRC,ageino,9
GRC,φιλέτο κοτ,9
GRC,mix τυρ,9
GRC,Γιουρτι,9
GRC,Μπούμπας,9
GRC,συρι,9
GRC,window cleaner,9
GRC,γκοφρετακια,9
GRC,ρυζι βιολογικο,9
GRC,κουρασα,9
GRC,la trappe,9
GRC,golgate,9
GRC,καθαριστικο πλυντη,9
GRC,macademia,9
GRC,Οδοντοβ,9
GRC,Kellogs,9
GRC,go tan,9
GRC,granita,9
GRC,σοκολατα κου,9
GRC,wax melts,9
GRC,πολτό,9
GRC,μεβγαλ γιαουρτι,9
GRC,coca kola,9
GRC,μασκα ματιων,9
GRC,παιδικη οδοντοβουρτσα,9
GRC,πανες 6,9
GRC,kritharaki,9
GRC,Ροδοπη,9
GRC,speay,9
GRC,τυρι μοτσαρελα,9
GRC,αιγι,9
GRC,κρεμάστ,9
GRC,μπουενο,9
GRC,marple,9
GRC,θερμομε,9
GRC,τελικά,9
GRC,protein γιαουρτι,9
GRC,Κόλιανδρος,9
GRC,πατρ,9
GRC,butr,9
GRC,dild,9
GRC,μακαρονια protein,9
GRC,γαλακτοκο,9
GRC,βεζυρογλου,9
GRC,nail cutter,9
GRC,babu,9
GRC,smile kiosk,9
GRC,αρωμα χωρου,9
GRC,εκχύλισμα βα,9
GRC,αποφλοι,9
GRC,whitening strips,9
GRC,χυμός πορτοκαλ,9
GRC,φαλοπουλα,9
GRC,χρωματοπα,9
GRC,god,9
GRC,μακαρονια χωρις,9
GRC,ζικ ζακ,9
GRC,γαλενι,9
GRC,πατατες προτηγα,9
GRC,θερμη,9
GRC,έντομα,9
GRC,μπιφτεκι κο,9
GRC,Ντεμακιγιαζ,9
GRC,chipd,9
GRC,Becel,9
GRC,corns,9
GRC,protein ψωμι,9
GRC,χαρτπε,9
GRC,ρυζι γλασσε,9
GRC,white now,9
GRC,μαρω,9
GRC,ποτιρ,9
GRC,μπρου,9
GRC,eza,9
GRC,μακαροξια,9
GRC,γαλοπουλα κα,9
GRC,protein tortilla,9
GRC,caref,9
GRC,χαρτί περιτυλίγματος,9
GRC,παξιμαδοα,9
GRC,ζυμαρικο,9
GRC,yellow onion,9
GRC,δημητρηακα,9
GRC,chick peas,9
GRC,tanquer,9
GRC,baygin,9
GRC,toliet paper,9
GRC,mussels,9
GRC,ναυλον,9
GRC,γλυκόατατα,9
GRC,γάλα βιολ,9
GRC,φασιλ,9
GRC,χτυπητή,9
GRC,fasol,9
GRC,dr pep,9
GRC,ξηρο σαμπουαν,9
GRC,κολιός,9
GRC,σοκολατες υγειας,9
GRC,Νιτσιακος,9
GRC,ζελοφαν,9
GRC,καφες λουμιδη,9
GRC,tempe,9
GRC,schweeps,9
GRC,Cra,9
GRC,φυτρες,9
GRC,γάλα αμυγδαλο,9
GRC,Ανανας,9
GRC,zwro,9
GRC,klinnex,9
GRC,αλεύρι βρωμης,9
GRC,φιλτρά,9
GRC,Ανηθ,9
GRC,toat,9
GRC,Λουκα,9
GRC,γαρο,9
GRC,nescaff,9
GRC,vermi,9
GRC,oat meal,9
GRC,kefor,9
GRC,στο χερι,9
GRC,lan,9
GRC,αποσμητιξ,9
GRC,tepe,9
GRC,body milk,9
GRC,παρατε,9
GRC,coarse salt,9
GRC,bistro,9
GRC,καφες λουμ,9
GRC,απισμητικο,9
GRC,ρυζογξ,9
GRC,pantene κρεμα,9
GRC,βανιλλια,9
GRC,Gar,9
GRC,gummie,9
GRC,dentifrice,9
GRC,πλαστελι,9
GRC,υγρή τροφή,9
GRC,μπισκιτα,9
GRC,μωρόμαντη,9
GRC,itali,9
GRC,vor,9
GRC,Μπαρα,9
GRC,Βρ,9
GRC,υλικα για τοστ,9
GRC,αλκοολουχο,9
GRC,cokes,9
GRC,nen,9
GRC,volc,9
GRC,Μπρι,9
GRC,σκουλ,9
GRC,σιτάρι,9
GRC,σαλατεσ,9
GRC,blie,9
GRC,Λουμιδη,9
GRC,cornstar,9
GRC,babylino pan,9
GRC,γρεναδ,9
GRC,sweet baby,9
GRC,trats,9
GRC,redd,9
GRC,patty,9
GRC,bens original,9
GRC,τσοχλες,9
GRC,υγρό ρου,9
GRC,κριθαροκ,9
GRC,κανελας,9
GRC,οδοντοκτεμα,9
GRC,italian seas,9
GRC,buffal,9
GRC,Τομ,9
GRC,μπρατσ,9
GRC,power rade,9
GRC,γαλα χωρις λακτ,9
GRC,vanilla protein,9
GRC,κρέμα για,9
GRC,καπνοσ,9
GRC,βεε,9
GRC,Gatorade,9
GRC,finn cr,9
GRC,frigania,9
GRC,super b,9
GRC,ξινόμαυρο,9
GRC,deodora,9
GRC,αρωματικο κερι,9
GRC,hill,9
GRC,ντουλάπα,9
GRC,αμθγδ,9
GRC,connex,9
GRC,αλευρι για τσουρεκι,9
GRC,ωεγαν,9
GRC,bolognes,9
GRC,αυτοκολλητ,9
GRC,growth,9
GRC,κρασί χύμα,9
GRC,proac,9
GRC,Λεμοναδα,9
GRC,tottis,9
GRC,yogurth,9
GRC,spray bottle,9
GRC,νιτριλ,9
GRC,μπουγατσ,9
GRC,παγωτό σάντουιτς,9
GRC,henn,9
GRC,black paper,9
GRC,νιφάδες βρωμης,9
GRC,εμφιαλωμενα,9
GRC,ερικι,9
GRC,κεχρί,9
GRC,μπατονρ,9
GRC,granio,9
GRC,cola li,9
GRC,tonato,9
GRC,ενεργειακα,9
GRC,εοδι,9
GRC,loo,9
GRC,carpatic,9
GRC,μπάρες πρ,9
GRC,nutreee,9
GRC,παγψ,9
GRC,σφογ,9
GRC,bf,9
GRC,Άμμος γάτας,9
GRC,Carrots,9
GRC,σφουγγαράκια,9
GRC,prun,9
GRC,ρώσ,9
GRC,body was,9
GRC,ψυγειου,9
GRC,αλεύρι ολ,9
GRC,φετα βιο,9
GRC,μωβ,9
GRC,ned,9
GRC,sin,9
GRC,nudel,9
GRC,Θυμάρι,9
GRC,atum,9
GRC,mone,9
GRC,επιφανειες,9
GRC,κολοκυθοκεφτέδες,9
GRC,beach bag,9
GRC,χωρις χαχαρη,9
GRC,farm,9
GRC,zagory,9
GRC,Σακού,9
GRC,μηλιτσα,9
GRC,ARIEL,9
GRC,buldam,9
GRC,παπουτσάνης,9
GRC,παιδικό σα,9
GRC,tooth pas,9
GRC,magu,9
GRC,white beans,9
GRC,σκόνη πλυσίματος,9
GRC,πατατάκια jumbo,9
GRC,νερο ανθρ,9
GRC,terrea si,9
GRC,κριυτον,9
GRC,Alcohol,9
GRC,μιγ,9
GRC,ifanti,9
GRC,avocat,9
GRC,nature's,9
GRC,καθαριστικο πατώματος,9
GRC,μωρομάντι,9
GRC,rec,9
GRC,ψωκι,9
GRC,gluta,9
GRC,τορι,9
GRC,γαλα κατσικίσιο,9
GRC,μπισκότα χωρ,9
GRC,φραυ,9
GRC,molasses,9
GRC,oregano chips,9
GRC,μπάρες δημητριακων,9
GRC,coca ligh,9
GRC,ταμπλετες για,9
GRC,μαλακή,9
GRC,beauty of jo,9
GRC,Όλυμπος τσάι,9
GRC,ricc,9
GRC,Πανακια,9
GRC,coca sero,9
GRC,mastik,9
GRC,τσαι του βουνου,9
GRC,lean,9
GRC,χαρούι,9
GRC,χυμος μανταρινι,9
GRC,regaro,9
GRC,δαν,9
GRC,κρεμα χωρις,9
GRC,κιμας κοτο,9
GRC,morris,9
GRC,κυκνοσ,9
GRC,νρα,9
GRC,γεωρ,9
GRC,οδοντοκτ,9
GRC,kalgon,9
GRC,takid,9
GRC,noudl,9
GRC,juicr,9
GRC,φουντούκ,9
GRC,σοροπι,9
GRC,παιδικα σνακ,9
GRC,dican,9
GRC,νερς,9
GRC,πιλ,9
GRC,peng,9
GRC,ρολοι,9
GRC,needoh,9
GRC,παγωτό καραμέλα,9
GRC,ξηρή μαγι,9
GRC,τσιγρα,9
GRC,σερβιετες everyday,9
GRC,μωρονα,9
GRC,volt,9
GRC,vegan κασερι,9
GRC,μαλακυ,9
GRC,ricr,9
GRC,αποσμξ,9
GRC,ουζουνογλου,9
GRC,τυροκρ,9
GRC,Βαμβάκι,9
GRC,σταγόνες σοκο,9
GRC,αραβικέ,9
GRC,frosti,9
GRC,bn,9
GRC,werthers,9
GRC,cookie cr,9
GRC,γάλα σοκολατουχο,9
GRC,αντισηπτικα μαντηλακια,9
GRC,ρακέτες,9
GRC,sugat,9
GRC,παπαδοπουλος,9
GRC,Ελαιολαδο,9
GRC,Tom,9
GRC,whisp,9
GRC,Ψωμί του,9
GRC,καραμα,9
GRC,σουσαμινια,9
GRC,apple vinegar,9
GRC,nudeln,9
GRC,wet look,9
GRC,lemon juic,9
GRC,φέτα δω,9
GRC,εε,9
GRC,ποττοκαλια,9
GRC,κρεμα σοκο,9
GRC,this is food,9
GRC,βιλ,9
GRC,cabbag,9
GRC,cloths,9
GRC,zaropi,9
GRC,αντηλιακό σώματος,9
GRC,healthy han,9
GRC,ψωμί φέτες,9
GRC,Toma,9
GRC,θανοπουλος,9
GRC,βαλσαμικο κρεμα,9
GRC,γάλα κουκ,9
GRC,mcvities,9
GRC,ολυμπος γ,9
GRC,doma,9
GRC,παραμαν,9
GRC,why,9
GRC,τορτίγιε,9
GRC,masticha,9
GRC,pesto ro,9
GRC,ζυναρικα,9
GRC,yes s,9
GRC,φέτα ηπειρος,9
GRC,γάλα σοκ,9
GRC,τσαλαφούτι,9
GRC,γαλα καταικισιο,9
GRC,Crisp,9
GRC,σε φετες,9
GRC,zero caf,9
GRC,φασκ,9
GRC,τορτιφια,9
GRC,Red wine,9
GRC,bread sourdough,9
GRC,chocolate cream,9
GRC,Μπάρα δημητριακών,9
GRC,ελληνικος καφεδ,9
GRC,κρεμα β,9
GRC,κατσέλ,9
GRC,βούτη,9
GRC,ροδόπ,9
GRC,μαλλοα,9
GRC,μπλέντερ,9
GRC,μες,9
GRC,vivi,9
GRC,αμυγα,9
GRC,χυμος ντοματ,9
GRC,κορνφλε,9
GRC,τραγανες,9
GRC,concentrat,9
GRC,τυρι gou,9
GRC,νιό,9
GRC,γάλα βανίλια,9
GRC,oreo bts,9
GRC,ευζογ,9
GRC,παραμανες,9
GRC,σαλτσα για μακαρονια,9
GRC,αραξ,9
GRC,le petit ma,9
GRC,l o,9
GRC,τυρί λευκό,9
GRC,ang,9
GRC,nudd,9
GRC,Ροδάκινο,9
GRC,πατΤες,9
GRC,dh,9
GRC,viennetta,9
GRC,θραψα,9
GRC,dry fruit,9
GRC,κολλη,9
GRC,corni,9
GRC,ηλιόσπ,9
GRC,ζελε φρουτων,9
GRC,βαφη μαλλιών,9
GRC,επιθ,9
GRC,flori,9
GRC,Septon,9
GRC,spanakopita,9
GRC,καπνός καρελια,9
GRC,χυμός α,9
GRC,βουρτσα μαλλιων,9
GRC,επαλ,9
GRC,σισαμι,9
GRC,κατυ,9
GRC,ντιματι,9
GRC,γλαστρ,9
GRC,Πουτιγκα,9
GRC,φρεσκουλγς,9
GRC,κεουασαν,9
GRC,swift,9
GRC,mr mus,9
GRC,medicub,9
GRC,ρόλο κουζίνας,9
GRC,ζελατινι,9
GRC,γμ,9
GRC,dish so,9
GRC,ice ream,9
GRC,terea ti,9
GRC,πικλεσ,9
GRC,φρυγανοες,9
GRC,κρεμαγα,9
GRC,μαναβικ,9
GRC,δονητής,9
GRC,fitpal,9
GRC,koulou,9
GRC,Γραβ,9
GRC,mac an,9
GRC,moochi,9
GRC,νοστιμι,9
GRC,benn,9
GRC,κασσ,9
GRC,καδε,9
GRC,llam,9
GRC,3 αλ,9
GRC,mackerel,9
GRC,dovw,9
GRC,ρυζι με λαχανικα,9
GRC,ζωμοι,9
GRC,χυμος φυσικος,9
GRC,yogurt vegan,9
GRC,cuervo,9
GRC,whipping,9
GRC,cus,9
GRC,siro,9
GRC,harri,9
GRC,aerox,9
GRC,parfume,9
GRC,crispb,9
GRC,χλωρονη,9
GRC,κουβερτουρα χωρις,9
GRC,deodarant,9
GRC,μηκο,9
GRC,καρπιυζι,9
GRC,νερο ε,9
GRC,χρυσό,9
GRC,loc,9
GRC,merent,9
GRC,my protein,9
GRC,schweepes,9
GRC,φύλλα ρυζιο,9
GRC,φατ,9
GRC,Καπνικά,9
GRC,αρμποριο,9
GRC,φάκελο,9
GRC,udo,9
GRC,κρφι,9
GRC,Κερασια,9
GRC,αρωματικο χωρο,9
GRC,τηλεφωνο μπανιου,9
GRC,FETA,9
GRC,heiniken,9
GRC,σάπουνι,9
GRC,sturbucks,9
GRC,bore,9
GRC,μαλαρο,9
GRC,ιταλ,9
GRC,sishi,9
GRC,φυστικοβούτυ,9
GRC,tongue,9
GRC,terea ye,9
GRC,zz,9
GRC,hi pro,9
GRC,λοσιον σωματος,9
GRC,Tomat,9
GRC,αραβιξ,9
GRC,camo,9
GRC,flaming hot,9
GRC,kni,9
GRC,τσανα,9
GRC,hard,9
GRC,παγωτίν,9
GRC,αολωμος,9
GRC,βρωμη bio,9
GRC,σάλτσα για μακαρονια,9
GRC,υγρό πλυντ,9
GRC,Βοσινάκη,9
GRC,μακαεονια,9
GRC,bite,9
GRC,τσέ,9
GRC,κατεψυγμενα φρο,9
GRC,lie,9
GRC,gela,9
GRC,ερυθ,9
GRC,παπουτσιων,9
GRC,γάντια κου,9
GRC,sok,9
GRC,coca cola 1.5,9
GRC,fabric softner,9
GRC,νερό καρυ,9
GRC,porcano,9
GRC,bicar,9
GRC,κολιο,9
GRC,αναπτυρα,9
GRC,πλαστη,9
GRC,babylino 3,9
GRC,μαλακτικο ρο,9
GRC,νοστ,9
GRC,py,9
GRC,κούπα,9
GRC,maccain,9
GRC,χαρτί θγειας,9
GRC,μονοτικη,9
GRC,mahic,9
GRC,μακαντ,9
GRC,πρετζ,9
GRC,γιαουρτι νο,9
GRC,αντηλιακπ,9
GRC,ξυροι καρ,9
GRC,πορτοκαλια χυμου,9
GRC,ελαιλαδο,9
GRC,καλαθα,9
GRC,βεζυρ,9
GRC,μηλοξι,9
GRC,burger s,9
GRC,ζελε γ,9
GRC,γιαούρτι φραουλα,9
GRC,sweef,9
GRC,Πι,9
GRC,γις,9
GRC,beta,9
GRC,αποσμυτ,9
GRC,Ανθοτυρο,9
GRC,apos,9
GRC,για τα,9
GRC,activiq,9
GRC,γλυκό βύσσινο,9
GRC,πατατακια sticks,9
GRC,pepsu,9
GRC,Energy,9
GRC,χαμηλα λιπαρα,9
GRC,ταλιατελε,9
GRC,νεκατ,9
GRC,PLANE,9
GRC,Οδοντό,9
GRC,tomatinia,9
GRC,δολωμα,9
GRC,τεουφα,9
GRC,smell,9
GRC,είδη κα,9
GRC,div,9
GRC,zagiri,9
GRC,κερι αποτριχωσης,9
GRC,μπισκότα digestive,9
GRC,bodka,9
GRC,needle,9
GRC,τσιγάρα Winston,9
GRC,βουρτσάκι,9
GRC,μκ,9
GRC,island,9
GRC,ανηθις,9
GRC,head and shou,9
GRC,petchef,9
GRC,ταμπλετες π,9
GRC,κμ,9
GRC,ενισχυτικο,9
GRC,gouda bars,9
GRC,res bull,9
GRC,busc,9
GRC,kitchen p,9
GRC,λαβρα,9
GRC,Χαρτι κου,9
GRC,Φράουλα,9
GRC,λαδόκολα,9
GRC,καρδ,9
GRC,πολυσπορι,9
GRC,τοα,9
GRC,Μολύβι,9
GRC,γιαουρτια φαγε,9
GRC,chan,9
GRC,πράσινο σα,9
GRC,μακάρονια,9
GRC,ελιες γεμιστες,9
GRC,νύμ,9
GRC,ρηγανη,9
GRC,κοχύλι,9
GRC,ξυνόγαλα,9
GRC,τυρι ξρεμα,9
GRC,remover,9
GRC,ημιγλυ,9
GRC,ρυζογκοφρέτ,9
GRC,calgone,9
GRC,σαλαυ,9
GRC,pagwto,9
GRC,πετι,9
GRC,μπριός,9
GRC,rice crack,9
GRC,elvive dream,9
GRC,Flour,9
GRC,Μαι,9
GRC,super mark,9
GRC,τριμμενο τυρο,9
GRC,oldh,9
GRC,μασκα μαλ,9
GRC,Jam,9
GRC,βελούδ,9
GRC,fairy spray,9
GRC,τάπα,9
GRC,παντσετα,9
GRC,σλιπ,9
GRC,vozol,9
GRC,αδιαβροχο,9
GRC,κρεμα χερ,9
GRC,ecomill,9
GRC,Αντιη,9
GRC,χυκος,9
GRC,Ασπράδι,9
GRC,Chula,9
GRC,γραβιέρα τριμμένη,9
GRC,Dolce,9
GRC,oliveoil,9
GRC,μπατονεττες,9
GRC,φράουλε,9
GRC,rice cooker,9
GRC,ρολά υγείας,9
GRC,λαιμος,9
GRC,κορν φλειξ,9
GRC,centell,9
GRC,acocado,9
GRC,καρποζι,9
GRC,τηλεφ,9
GRC,mpi,9
GRC,βατό,9
GRC,wc blo,9
GRC,αλατιν,9
GRC,παναρισμενο,9
GRC,Mi,9
GRC,τροφη σκυλ,9
GRC,πιτουρ,9
GRC,gordon space,9
GRC,viagra,9
GRC,crossaint,9
GRC,ανοξείδωτο,9
GRC,πιτα σουβλακι,9
GRC,ait,9
GRC,jacobs espresso,9
GRC,flare,9
GRC,aftersh,9
GRC,ελιές ροδ,9
GRC,hose,9
GRC,cavi,9
GRC,planet icecream,9
GRC,Μήλο,9
GRC,ΠΑΠΑΔΟΠΟΥΛΟΥ,9
GRC,αλεύρι ολικης,9
GRC,γαλακτοφετε,9
GRC,alcohol free beer,9
GRC,σακούλες χαλιων,9
GRC,schol,9
GRC,Χάρτι,9
GRC,mw,9
GRC,λουκουμάς,9
GRC,ρθζο,9
GRC,elle,9
GRC,eurika,9
GRC,papoutsani,9
GRC,νουνου γκουντα,9
GRC,parac,9
GRC,λιναρος,9
GRC,Greek yoghurt,9
GRC,Blueberry,9
GRC,χυμο ντοματα,9
GRC,Αα,9
GRC,χαρτί αντι,9
GRC,iogurte,9
GRC,lollies,9
GRC,comditioner,9
GRC,Πουτίγκα,9
GRC,τυρι τσενταρ,9
GRC,haan,9
GRC,κρέμα τυριού,9
GRC,Σύκα,9
GRC,Hum,9
GRC,"γαλα 0,5",9
GRC,ξεβαφτηκο,9
GRC,nail clip,9
GRC,waka,9
GRC,μεταλλικ,9
GRC,χαρτιβυγειας,9
GRC,Τόφου,9
GRC,skip wonder wash,9
GRC,dove original,9
GRC,dispo,9
GRC,days,9
GRC,kah,9
GRC,matca,9
GRC,Κερα,9
GRC,Προφυ,9
GRC,μπαμπου,9
GRC,ζελε ψυγειου,9
GRC,chocolate milka,9
GRC,είδη καπν,9
GRC,τυρί κατσικίσιο,9
GRC,δρακουλ,9
GRC,πλυντήριο ρούχων,9
GRC,αγγπυρακια,9
GRC,υποσέντον,9
GRC,αλευρι καρυδας,9
GRC,γαντια μ,9
GRC,iqos device,9
GRC,πιατα απο,9
GRC,σιδέρωμα,9
GRC,Bab,9
GRC,rodi,9
GRC,beioche,9
GRC,μουτσαρελα,9
GRC,χρωμοσαμπουαν,9
GRC,spring r,9
GRC,bf silver,9
GRC,κουβερτουρς,9
GRC,Ξινονερο,9
GRC,πσγω,9
GRC,adoro cream,9
GRC,ταια,9
GRC,καψουλες decaf,9
GRC,φέτες του τοστ,9
GRC,άρτος,9
GRC,σαμπουαν pantene,9
GRC,saline,9
GRC,tuborh,9
GRC,semeli,9
GRC,καπριτσιο,9
GRC,καπριτ,9
GRC,leerda,9
GRC,βαμβάκια,9
GRC,parsly,9
GRC,nasal,9
GRC,μαρμελάδες,9
GRC,αως,9
GRC,ρυζογκογρετες,9
GRC,rossa,9
GRC,saice,9
GRC,υγρο σαπου,9
GRC,pamo,9
GRC,δόλωμα,9
GRC,μισελερ,9
GRC,chiquita,9
GRC,κρουαδαν,9
GRC,μάσκες προσώπου,9
GRC,ntomata,9
GRC,κριστινια,9
GRC,rumours,9
GRC,slim fit,9
GRC,αρομα,9
GRC,ak,9
GRC,λαδόκολλες,9
GRC,ενα,9
GRC,jef,9
GRC,ντονατς,9
GRC,κιμας χοιρινος,9
GRC,τυρί τριμμέ,9
GRC,oven paper,9
GRC,afvance,9
GRC,Σετ,9
GRC,crilen,9
GRC,evrika,9
GRC,μερμελαδα,9
GRC,αμμωνία,9
GRC,βανιλλ,9
GRC,nounou γαλα,9
GRC,museli,9
GRC,salted caram,9
GRC,ραδικι,9
GRC,enzyme,9
GRC,φιλεν,9
GRC,κρουτό,9
GRC,eat drink,9
GRC,λαχανοντ,9
GRC,starback,9
GRC,κρυσταλλικη ζαχαρη,9
GRC,ριζη,9
GRC,Αντ,9
GRC,happy hip,9
GRC,frou,9
GRC,brussel,9
GRC,pambe,9
GRC,σούπερ μαρκετ,9
GRC,dr oetk,9
GRC,tequilla,9
GRC,γιαουρτι κου,9
GRC,αραβικη ολικης,9
GRC,Ταμπλέτες,9
GRC,φρέσκα λαχανικά,9
GRC,σακούλες για,9
GRC,παιδική οδοντόκρεμα,9
GRC,δακο,9
GRC,σώματος,9
GRC,πετα,9
GRC,magnes,9
GRC,cay,9
GRC,πιπεριες φλω,9
GRC,σάλτσα τομ,9
GRC,eviotopoi,9
GRC,moistu,9
GRC,ξυνό νερο,9
GRC,σαβαγιά,9
GRC,φορτισ,9
GRC,μοσχολ,9
GRC,diet cok,9
GRC,τζιμ,9
GRC,bread cru,9
GRC,σιρόπι αγα,9
GRC,pan cakes,9
GRC,τεκικα,9
GRC,squis,9
GRC,baz,9
GRC,κροκερ,9
GRC,πολυχ,9
GRC,speculos,9
GRC,ηε,9
GRC,k8nder,9
GRC,salas,9
GRC,μπυρα α,9
GRC,τοδι,9
GRC,strach,9
GRC,Lipton ice,9
GRC,Via,9
GRC,pink gin,9
GRC,βοθτ,9
GRC,pampers splas,9
GRC,σαρα,9
GRC,καφες γαλλικος,9
GRC,proe,9
GRC,bolr,9
GRC,τυρί για μακαρόνια,9
GRC,χαρτι ψησ,9
GRC,corn st,9
GRC,muse,9
GRC,VEEV,9
GRC,jack link,9
GRC,le petit mar,9
GRC,salt vinegar,9
GRC,αρρω,9
GRC,γαλα ανυ,9
GRC,βερνίκι νυχιών,9
GRC,facemask,9
GRC,στέβ,9
GRC,βά,9
GRC,μαβ,9
GRC,pepdi,9
GRC,Γάλα φρέσκο,9
GRC,πιπέρι καγιέν,9
GRC,stracia,9
GRC,χρωμοπαγί,9
GRC,γλυκόξινο,9
GRC,ice cream zero,9
GRC,χαρτι τηειας,9
GRC,l ore,9
GRC,Χαρτί κου,9
GRC,ρόφημα αμυγδαλου,9
GRC,ωαρι,9
GRC,ψυγείου,9
GRC,μπρόκο,9
GRC,bonnet,9
GRC,γάλα 0%,9
GRC,μαγιονεχ,9
GRC,viennet,9
GRC,χλωρίδα,9
GRC,vaze,9
GRC,nessc,9
GRC,βιταμί,9
GRC,ρύζι νυχακι,9
GRC,φυλλο σφ,9
GRC,wey,9
GRC,hav,9
GRC,παστουρμα,9
GRC,penu,9
GRC,χαλβαδ,9
GRC,ελευθερας βοσκης,9
GRC,yogury,9
GRC,biscot,9
GRC,mann,9
GRC,βυσσιναδ,9
GRC,μασσα,9
GRC,viniger,9
GRC,κοτομποθ,9
GRC,parmasean,9
GRC,ακρι,9
GRC,amo,9
GRC,μονωτ,9
GRC,γαλακτοφετα,9
GRC,μαγειρικη σοδ,9
GRC,παγωτό vegan,9
GRC,soufle,9
GRC,ελ γκρε,9
GRC,κυπελα,9
GRC,εα,9
GRC,ψωμι του τος,9
GRC,μπισκότα παπα,9
GRC,vanillia,9
GRC,icet,9
GRC,καθρ,9
GRC,οαγος,9
GRC,hendricks,9
GRC,goid,9
GRC,vegan butter,9
GRC,mgic,9
GRC,iced te,9
GRC,χυμος ρο,9
GRC,οσ,9
GRC,κςφι,9
GRC,panini album,9
GRC,στοματικ,9
GRC,κωνοι,9
GRC,τυροτρελλα,9
GRC,rex,9
GRC,σαλο,9
GRC,Bari,9
GRC,sprea,9
GRC,μπύρα αλφα,9
GRC,πηκτίνη,9
GRC,βρεφικα μπισκοτα,9
GRC,lavish,9
GRC,Coca-Cola Zero,9
GRC,εμμε,9
GRC,dog treats,9
GRC,χυμος α,9
GRC,κρητων,9
GRC,γαλοπούλα καπν,9
GRC,σουτωτη,9
GRC,υδροχλωρικό οξύ,9
GRC,chocolate chi,9
GRC,παγωτο για,9
GRC,τεριγιακι,9
GRC,7ip,9
GRC,πατάτες κα,9
GRC,σιλικόνης,9
GRC,nodle,9
GRC,Tooth,9
GRC,Τυρί τριμμενο,9
GRC,ζωμός λαχανικών,9
GRC,μπάρες π,9
GRC,tso,9
GRC,φρυδι,9
GRC,τυρί κίτρινο,9
GRC,παγωτό οικογενειακό,9
GRC,γλυκόζη,9
GRC,καπο,9
GRC,Green c,9
GRC,padta,9
GRC,Κοτοπ,9
GRC,freez,9
GRC,dresing,9
GRC,suep,9
GRC,Mal,9
GRC,κρέμα σώ,9
GRC,πατατακια χωρις αλατι,9
GRC,καφει,9
GRC,αποση,9
GRC,σακουλες για,9
GRC,σαξου,9
GRC,ορός,9
GRC,δισκα,9
GRC,Sour cream,9
GRC,βουρτσακια,9
GRC,δισ,9
GRC,χαρακας,9
GRC,pix,9
GRC,καθρε,9
GRC,παραδοσιακή,9
GRC,ψωμί πολυσπορο,9
GRC,ΣΦΟΥΓΓΑΡΙΣΤΡΑ,9
GRC,Dige,9
GRC,frozen onion,9
GRC,naug,9
GRC,healthy habita,9
GRC,tabak,9
GRC,full,9
GRC,σικαλης,9
GRC,mav,9
GRC,Σπανακο,9
GRC,βούτυρο αγ,9
GRC,baked rolls,9
GRC,νυοματινια,9
GRC,δακρια,9
GRC,muesl,9
GRC,Γαλοπουλ,9
GRC,καφές ελλη,9
GRC,fuss,9
GRC,τορτιλ,9
GRC,cocke,9
GRC,forte,9
GRC,σαπούνι πρ,9
GRC,πατάτες προ,9
GRC,crackable,9
GRC,καθαριστικο προσω,9
GRC,ρτζ,9
GRC,σικολ,9
GRC,επιδορπιο γιαου,9
GRC,lacta cake,9
GRC,οδοντοξρεμα,9
GRC,μπισκότα χωρίς ζ,9
GRC,υφ,9
GRC,κονσερβα γατας,9
GRC,σελοφ,9
GRC,alk,9
GRC,ειζο,9
GRC,powerade zero,9
GRC,κατεξ,9
GRC,χαρτια κουζινας,9
GRC,σαμποαν,9
GRC,ΝΤΟΜΑ,9
GRC,la ro,9
GRC,σχολικ,9
GRC,Αφροδίτη,9
GRC,φυστικοβουτθρο,9
GRC,tofy,9
GRC,κονσερβες γατας,9
GRC,Κιμά,9
GRC,σαλουλ,9
GRC,σπίρτα,9
GRC,μαριν,9
GRC,Εβαπορε,9
GRC,tortia,9
GRC,balance,9
GRC,μπισκοτα μιραντα,9
GRC,αγγα,9
GRC,dr althea,9
GRC,νηστισι,9
GRC,κρέμα ματ,9
GRC,λιπαρα,9
GRC,αστρακ,9
GRC,Χαρτί κουζ,9
GRC,azeite,9
GRC,φετΑ,9
GRC,loreal shampoo,9
GRC,sour pat,9
GRC,Μυ,9
GRC,πανδαισια,9
GRC,καυτερό,9
GRC,moski,9
GRC,pall mall,9
GRC,γαλα χωρίς λακ,9
GRC,panty liner,9
GRC,ψωμι του τοσ,9
GRC,επιτραπ,9
GRC,fusi,9
GRC,καρποθ,9
GRC,prosuto,9
GRC,καφετ,9
GRC,garnier shampoo,9
GRC,τοττιγιες,9
GRC,laundry baby,9
GRC,ταπες,9
GRC,ποτυρ,9
GRC,lemonc,9
GRC,αογια,9
GRC,φουαντρ,9
GRC,κιμάς κοτόπουλο,9
GRC,wetw,9
GRC,sew,9
GRC,bonny,9
GRC,bodylotion,9
GRC,γουακαμολ,9
GRC,splenda,9
GRC,γλιφι,9
GRC,Bud,9
GRC,weleda,9
GRC,τυρί σε φετ,9
GRC,βαλε,9
GRC,chicken f,9
GRC,kasseri,9
GRC,hyperdry,9
GRC,σαλτσα κυκνος,9
GRC,πιπεριες φλ,9
GRC,πορτοκαλαδα χωρις,9
GRC,le petit marse,9
GRC,kinder b,9
GRC,λουκανόπιτα,9
GRC,αλομ,9
GRC,μιας χρη,9
GRC,babe,9
GRC,πρωτεϊ,9
GRC,θαλας,9
GRC,σει,9
GRC,σκευο,9
GRC,ταινιε,9
GRC,protein tor,9
GRC,χυμός β,9
GRC,liqui,9
GRC,chettos,9
GRC,νερο 5,9
GRC,απορρυπαντικο χερι,9
GRC,gim,9
GRC,ib,9
GRC,Sweet,9
GRC,ανθρακικο,9
GRC,Ramen,9
GRC,delicat,9
GRC,aftersha,9
GRC,zin,9
GRC,chard,9
GRC,baked chips,9
GRC,hambu,9
GRC,γαλα χωρις λ,9
GRC,αφρός μαλλ,9
GRC,φρουτοσαλατες,9
GRC,pampers splashers,9
GRC,υγρπ,9
GRC,ιλ,9
GRC,clips,9
GRC,κεκ,9
GRC,bute,9
GRC,buttet,9
GRC,φυστικοβουρ,9
GRC,ταινια διπλης,9
GRC,λινγκο,9
GRC,τρυμμεν,9
GRC,παραφι,9
GRC,ΠΑΓΟ,9
GRC,alpine,9
GRC,gril,9
GRC,σεντο,9
GRC,κουσκουσ,9
GRC,ehg,9
GRC,coof,9
GRC,μωρο μαντ,9
GRC,margar,9
GRC,κασετίνα,9
GRC,eggs large,9
GRC,Duck,9
GRC,coffeee,9
GRC,υγροσαπου,9
GRC,chapstick,9
GRC,μπακαλι,9
GRC,ζαχαροπλαστ,9
GRC,χσρτ,9
GRC,fishnet,9
GRC,σπρέι μαλλιών,9
GRC,Μωρομαντ,9
GRC,Αο,9
GRC,φρυγανιες χαρουπι,9
GRC,bape,9
GRC,αδιαβρο,9
GRC,εμφιαλωμεν,9
GRC,αφροντ,9
GRC,δημηρ,9
GRC,κερια γενε,9
GRC,ηλεκτρολητες,9
GRC,scrub σώματος,9
GRC,ps5,9
GRC,σουρωτι,9
GRC,Αφρολ,9
GRC,ποατων,9
GRC,φαδ,9
GRC,Sausage,9
GRC,αντιπ,9
GRC,παροζακι,9
GRC,κροα,9
GRC,baby formula,9
GRC,σάλτσα γ,9
GRC,cold bre,9
GRC,color block,9
GRC,κρεμα τυριου,9
GRC,chilli sauce,9
GRC,carbonate,9
GRC,κυματιστα,9
GRC,πτι μπρρ,9
GRC,vitamin d,9
GRC,γαμτι,9
GRC,pet wipes,9
GRC,σκληρό τυρί,9
GRC,Τριμμένο τυρί,9
GRC,γαντια μια,9
GRC,καψπ,9
GRC,φραουκες,9
GRC,Βετεξ,9
GRC,χαγ,9
GRC,αποσημ,9
GRC,4al,9
GRC,ready to drink,9
GRC,"coca cola 1,5",9
GRC,rema,9
GRC,elo,9
GRC,barba stathis,9
GRC,κουζί,9
GRC,μαγιομ,9
GRC,holle,9
GRC,απισμ,9
GRC,δαγε,9
GRC,αποριπαντ,9
GRC,rs,9
GRC,αραβικές πίτες,9
GRC,χυμο ανανα,9
GRC,abon,9
GRC,κουρτι,9
GRC,geta,9
GRC,αρτοπ,9
GRC,καδο,9
GRC,τπρτιγια,9
GRC,φόρμα κεικ,9
GRC,Αλευ,9
GRC,μυζιθρ,9
GRC,wines,9
GRC,ψωμι μπριος,9
GRC,chia see,9
GRC,bazar,9
GRC,μπιφτεκι κοτο,9
GRC,mut,9
GRC,esr,9
GRC,τσουρεκα,9
GRC,paulan,9
GRC,Ανιθο,9
GRC,τυροτρέλα,9
GRC,βαλίτσα,9
GRC,αξιαγάπιτες,9
GRC,martin,9
GRC,ψωμι γερμανικου τυπου,9
GRC,tott,9
GRC,malbec,9
GRC,λιποκ,9
GRC,καρεκλα,9
GRC,γσλσ,9
GRC,chicken leg,9
GRC,απορρυπαντικο για,9
GRC,παηος,9
GRC,χτενι,9
GRC,ρυχογκ,9
GRC,ματιων,9
GRC,μαύρη ζαχ,9
GRC,υγρό πλυντηρίου πιάτων,9
GRC,zero sug,9
GRC,Μύρτιλα,9
GRC,hummis,9
GRC,floko,9
GRC,kostar,9
GRC,silve,9
GRC,μουσταρδα dijon,9
GRC,αγροκη,9
GRC,Endless Απαλά Χαρτομάντηλα Τσέπης 3φυλλα 10 Πακέτα,8
GRC,αλευρι ολικη,8
GRC,λαχανοντολμαδες,8
GRC,πατατακια ολικης,8
GRC,ωε,8
GRC,hob,8
GRC,σιροπι αγαυ,8
GRC,pellegri,8
GRC,αξιαγαπητες,8
GRC,fuzz,8
GRC,tortig,8
GRC,οδοντοβουρτσα μαλακ,8
GRC,m & ms,8
GRC,μαγειρευτο,8
GRC,ΣΚ,8
GRC,body s,8
GRC,κόκκ,8
GRC,λουκετ,8
GRC,ΘΕΟΝΗ,8
GRC,souper,8
GRC,λιποκαθαρ,8
GRC,χοντρό αλάτι,8
GRC,μπιφτεκακια,8
GRC,μωρομαντηα,8
GRC,κρουσανακια,8
GRC,sneake,8
GRC,νεφτι,8
GRC,sigara,8
GRC,νερο ζα,8
GRC,μονω,8
GRC,γιαουρτι αγελαδος,8
GRC,κους κο,8
GRC,μπάρες δημη,8
GRC,chicken br,8
GRC,Ταινία,8
GRC,βελουδά,8
GRC,Werther's,8
GRC,Pet,8
GRC,166,8
GRC,ΜΠΑΡΕΣ ΠΡΩΤΕΙΝΗΣ,8
GRC,incense,8
GRC,the pink stuff,8
GRC,Αντιηλιακο,8
GRC,rafl,8
GRC,wag,8
GRC,souplime,8
GRC,κουβετ,8
GRC,μοζ,8
GRC,σκόρδο σκονη,8
GRC,αυωα,8
GRC,iat,8
GRC,πατάτες ba,8
GRC,gold nes,8
GRC,Vileda,8
GRC,orchid,8
GRC,cold and flu,8
GRC,belunga,8
GRC,λαβιδα,8
GRC,magnet,8
GRC,δικο,8
GRC,τυρι σε φε,8
GRC,λευκο κ,8
GRC,σοδα μα,8
GRC,fruit rolls,8
GRC,heet,8
GRC,χτμοι,8
GRC,advanve,8
GRC,βεντούζα,8
GRC,espresso dec,8
GRC,Hellmans,8
GRC,μουταβελης,8
GRC,γιαουρτι αγε,8
GRC,φύλλα ρυζι,8
GRC,τρυμεν,8
GRC,pepsi m,8
GRC,άρα,8
GRC,αναλα,8
GRC,captain morgan,8
GRC,dr pepp,8
GRC,oat barista,8
GRC,valc,8
GRC,τορτελίν,8
GRC,old apice,8
GRC,ΑΝ,8
GRC,camambert,8
GRC,naughty dog,8
GRC,κατσικισια φετα,8
GRC,μπουκάλι νερου,8
GRC,Feastables,8
GRC,απορρυπαντικό πλυντηρίου πιάτων,8
GRC,babylino 5+,8
GRC,περιπτερ,8
GRC,μαλακτικο ρουχ,8
GRC,hyal,8
GRC,μαντιλά,8
GRC,τσιγαρα marlboro,8
GRC,dirollo cottage,8
GRC,lyo,8
GRC,carpex,8
GRC,υυρι,8
GRC,granarolo,8
GRC,κρεμα βαλσαμικου,8
GRC,jack daniel,8
GRC,μειγμα για κοτοπουλο,8
GRC,cornflex,8
GRC,χαμον,8
GRC,πατατάκια χωρίς αλάτι,8
GRC,περλες,8
GRC,κοτομπουκιεδ,8
GRC,cili,8
GRC,κοπανιστή,8
GRC,falafe,8
GRC,xymo,8
GRC,σοδα φαγητου,8
GRC,magnum over,8
GRC,καφές Λουμίδης,8
GRC,milk 0,8
GRC,μαύρο τσαι,8
GRC,isenzia,8
GRC,sac,8
GRC,hals,8
GRC,φραουλεσ,8
GRC,hot pep,8
GRC,fiah,8
GRC,χουρμάς,8
GRC,parmas,8
GRC,cul,8
GRC,fresh basil,8
GRC,καλλι,8
GRC,nessca,8
GRC,Ipa,8
GRC,ταλιατέ,8
GRC,Baril,8
GRC,σφενδαμ,8
GRC,urea,8
GRC,καμε,8
GRC,παγωτό καιμακι,8
GRC,Yog,8
GRC,λαστιχά,8
GRC,platinum,8
GRC,creme de leite,8
GRC,ibu,8
GRC,berry mix,8
GRC,μηλοξιδ,8
GRC,tabs,8
GRC,heese,8
GRC,βελανι,8
GRC,νιτρι,8
GRC,Espresso Concentrate,8
GRC,φυτικα ροφηματα,8
GRC,Φλώρινας,8
GRC,γάλα adv,8
GRC,lemon cake,8
GRC,γεροβασι,8
GRC,pet s,8
GRC,gadget,8
GRC,κουτί αποθήκευσης,8
GRC,φυσικό μεταλλικό,8
GRC,θερμοπροστασια,8
GRC,kakau,8
GRC,bepanth,8
GRC,κρις κ,8
GRC,Dry shampoo,8
GRC,gatlic,8
GRC,ταουρε,8
GRC,frozen ve,8
GRC,Πορτοκαλαδα,8
GRC,υγρό μαντηλάκι,8
GRC,γεροβας,8
GRC,wuacker,8
GRC,madt,8
GRC,chico,8
GRC,kindet,8
GRC,kitte,8
GRC,φρουτε,8
GRC,zero caff,8
GRC,μελιτσανες,8
GRC,zeva,8
GRC,bella,8
GRC,μηρ,8
GRC,Ζυμαρικα,8
GRC,μάν,8
GRC,hotd,8
GRC,rep,8
GRC,low sugar,8
GRC,cerel,8
GRC,λουλού,8
GRC,μακαρονια 7,8
GRC,τεμ,8
GRC,τσοπ,8
GRC,αλαυρι,8
GRC,canne,8
GRC,κτα,8
GRC,anas,8
GRC,σιροπι καραμελας,8
GRC,sunsweet,8
GRC,οφοντ,8
GRC,βιοχυμ,8
GRC,spagett,8
GRC,άορ,8
GRC,κρεμα γακακτος,8
GRC,cooked chicken,8
GRC,καεπουζι,8
GRC,soupline mistral,8
GRC,πιτυρο,8
GRC,m&m's,8
GRC,fanta exotic,8
GRC,whiskaa,8
GRC,γιαουρτι tot,8
GRC,κροθ,8
GRC,καλαμποκέλαιο,8
GRC,δετ,8
GRC,alpe,8
GRC,converter,8
GRC,imitation crab,8
GRC,πιπερακια,8
GRC,cottage light,8
GRC,mocharela,8
GRC,adoro cot,8
GRC,Σερι,8
GRC,airfrye,8
GRC,cug,8
GRC,lactose fr,8
GRC,tuvunu,8
GRC,yumtales,8
GRC,κύκνο,8
GRC,κατεψυγμένες πατατες,8
GRC,ντομάτα κον,8
GRC,kalua,8
GRC,μορφ,8
GRC,water filter,8
GRC,custard,8
GRC,απολυμαντικά,8
GRC,starbuks,8
GRC,μοσχαρι φιλετο,8
GRC,χυμός αν,8
GRC,κοπανακ,8
GRC,καρπουΙ,8
GRC,vaoe,8
GRC,αποτριχωτι,8
GRC,oat mill,8
GRC,αγηουρι,8
GRC,mö,8
GRC,Baking powder,8
GRC,greec,8
GRC,γαλοπούλα τυρί,8
GRC,physiomer,8
GRC,barilla pesto,8
GRC,κουομπουκες,8
GRC,νερα 6,8
GRC,πακετο,8
GRC,dana,8
GRC,πλαστικα πι,8
GRC,πιατα μιας χρησης,8
GRC,σερωι,8
GRC,λαιμου,8
GRC,tote,8
GRC,detergente,8
GRC,καψουλες πληντυριου,8
GRC,πιπερι μαυρο,8
GRC,λεμοξια,8
GRC,φευγ,8
GRC,φρυη,8
GRC,baby carrot,8
GRC,Αλατ,8
GRC,γιαουρτι φρα,8
GRC,πτες,8
GRC,τριμμένη καρ,8
GRC,σημε,8
GRC,καθαριστικο πλυντηρι,8
GRC,αλευρι για ψωμι,8
GRC,total 5,8
GRC,λεκές,8
GRC,φαγε τυρι,8
GRC,pizza gluten free,8
GRC,τραγανες μπουκιες,8
GRC,γιαουρτι χωρίς λακτοζη,8
GRC,UNDONE,8
GRC,πετσέτ,8
GRC,sudocream,8
GRC,cranch,8
GRC,ζαχαρη κρυστα,8
GRC,αναψυκτιξα,8
GRC,ρολο κουζινα,8
GRC,mikl,8
GRC,Ρυζογκοφρετα,8
GRC,piper,8
GRC,νερο απ,8
GRC,σαγκουίνι,8
GRC,σοκολατα stevia,8
GRC,τρικο,8
GRC,γαλα καφε,8
GRC,vikal,8
GRC,Bee bro,8
GRC,τσαντα δω,8
GRC,glutten,8
GRC,ξανθάνη,8
GRC,coca cola zeeo,8
GRC,ols,8
GRC,μοχι,8
GRC,κρεε,8
GRC,dove αποσμ,8
GRC,advo,8
GRC,Moet,8
GRC,λαπα,8
GRC,σαρμαδακια,8
GRC,μεβγαλ γαλα,8
GRC,ξυρίσματος,8
GRC,diape,8
GRC,karamel,8
GRC,συμπυκνωμένος,8
GRC,βελουδακο,8
GRC,geanola,8
GRC,bata,8
GRC,αχε,8
GRC,Μαρμ,8
GRC,xlv,8
GRC,vapr,8
GRC,kotopo,8
GRC,κρεσς,8
GRC,tsakiria,8
GRC,ζελέ φράουλα,8
GRC,Ka,8
GRC,σαλαρα,8
GRC,milk 500,8
GRC,ηλιόσπορο,8
GRC,Ψωμί το,8
GRC,Breadcrumbs,8
GRC,πιπεριεα,8
GRC,El Sabor,8
GRC,μακαρνια,8
GRC,λρμονια,8
GRC,dellia,8
GRC,χαρτι περιτυ,8
GRC,κεράκ,8
GRC,χιλοπι,8
GRC,τεριακι,8
GRC,swiffer duster,8
GRC,Biscof,8
GRC,ντουρουν,8
GRC,αναψυκυικα,8
GRC,ajax ultra,8
GRC,πατατρ,8
GRC,fifa world,8
GRC,manteiga,8
GRC,σανγκ,8
GRC,ξυραφακοα,8
GRC,αουρωτη,8
GRC,fouantr,8
GRC,anal,8
GRC,φραπές,8
GRC,αφρωδης οινος,8
GRC,κοτομπιυ,8
GRC,ψωμι γε,8
GRC,τιγα,8
GRC,μεε,8
GRC,σερβιέτες ακρ,8
GRC,μπατονευες,8
GRC,παγωτο π,8
GRC,Τρι,8
GRC,ψωμακι burger,8
GRC,καιμακο,8
GRC,κουταλακ,8
GRC,ρυζιγκ,8
GRC,καταψυξ,8
GRC,κειξ,8
GRC,μαρσ,8
GRC,chamomile tea,8
GRC,καφές φιλτρ,8
GRC,κρεμα ζαχαροπλα,8
GRC,χος,8
GRC,μυζή,8
GRC,αθηα,8
GRC,αφρο ξ,8
GRC,nivea black,8
GRC,Μπάλα,8
GRC,Πανα,8
GRC,αντιδια,8
GRC,blackbe,8
GRC,φαριν λα,8
GRC,δεκα,8
GRC,εοφημα,8
GRC,τριμμενπ,8
GRC,Soon,8
GRC,ausl,8
GRC,Φρυγανι,8
GRC,ανθος αραβο,8
GRC,ξανθανη,8
GRC,marke,8
GRC,3άλφα,8
GRC,φτου,8
GRC,baycon,8
GRC,ρύζι κ,8
GRC,molto oreo,8
GRC,πομα,8
GRC,τριμμενη φρυγα,8
GRC,karanika,8
GRC,καθαριστικο προ,8
GRC,Παγάκια,8
GRC,νουμ,8
GRC,αλουμινεν,8
GRC,κρεμυδι φρεσκο,8
GRC,ohon,8
GRC,ελιεε,8
GRC,σφουγγάρια μπάνιου,8
GRC,Με,8
GRC,μπεϊ,8
GRC,υορτ,8
GRC,baking sofa,8
GRC,τηγανο,8
GRC,salo,8
GRC,keigh,8
GRC,γάλα μακράς,8
GRC,lunch bag,8
GRC,toms,8
GRC,ρύζι γλασέ,8
GRC,πιπεριεε,8
GRC,pagot,8
GRC,μαντηλακοα,8
GRC,Γαλλικός,8
GRC,καλαμπογκοφρε,8
GRC,happy h,8
GRC,3 μαγισσες,8
GRC,γαλοπουλα καπνι,8
GRC,μπουκαλι γυαλινο,8
GRC,body lot,8
GRC,καπνιστος σ,8
GRC,ita,8
GRC,τυρί ligh,8
GRC,Αρωματικά,8
GRC,ρόφημα σ,8
GRC,κρέμα χ,8
GRC,digestivw,8
GRC,τυρί του τοσ,8
GRC,πένν,8
GRC,αποσμή,8
GRC,σαγιοναρα,8
GRC,κωσταρελου,8
GRC,ΛΟΥΚΑΝΙΚΑ,8
GRC,oat bran,8
GRC,τομστ,8
GRC,disar,8
GRC,μαλαμα,8
GRC,glycolic gloss,8
GRC,ρεγκάτο,8
GRC,slim line,8
GRC,straberry,8
GRC,νιφάδες βρ,8
GRC,loght,8
GRC,trr,8
GRC,βετέ,8
GRC,thousand island,8
GRC,monser,8
GRC,τσίπουρο χωρίς,8
GRC,κρεμοσάπο,8
GRC,σελην,8
GRC,μπιφτέκια κο,8
GRC,τικα,8
GRC,pak,8
GRC,πιατα υγρο,8
GRC,για μαυρα,8
GRC,Ντομάτ,8
GRC,χαρτι τουαλετ,8
GRC,fried,8
GRC,καππα,8
GRC,fissa,8
GRC,stela,8
GRC,σακουε,8
GRC,κρεμοσάπουν,8
GRC,το μ,8
GRC,κρεμοα,8
GRC,portobello,8
GRC,inion,8
GRC,pappy home,8
GRC,ελληνικός κ,8
GRC,ρακή,8
GRC,σφρ,8
GRC,barista milk,8
GRC,tenna,8
GRC,Apero,8
GRC,σγουρα,8
GRC,μπαταριες ΑΑ,8
GRC,Gel,8
GRC,μαρσαλα,8
GRC,ajax τζαμια,8
GRC,πρωτεί,8
GRC,τζίν,8
GRC,ελεολαδο,8
GRC,fist,8
GRC,προσά,8
GRC,σλευρι,8
GRC,0% al,8
GRC,acqu,8
GRC,garofal,8
GRC,παατ,8
GRC,Grapefruit,8
GRC,jambo,8
GRC,crispy on,8
GRC,rocke,8
GRC,thre,8
GRC,τυροβου,8
GRC,λατ,8
GRC,σκουριά,8
GRC,starbcks,8
GRC,νεκταριναι,8
GRC,οτοασπιδες,8
GRC,μπατονετεδ,8
GRC,ethernet,8
GRC,ταλαγάνι,8
GRC,σόδα μαγειρική,8
GRC,κατεψυγμρνα,8
GRC,έτοιμα γευμ,8
GRC,liz,8
GRC,πανιμα,8
GRC,γιαουρτι λακτ,8
GRC,spring rol,8
GRC,pesc,8
GRC,American,8
GRC,γλυκά χωρίς ζάχαρη,8
GRC,φυτικη κρεμα γαλακτος,8
GRC,ριο,8
GRC,νδ,8
GRC,ΜΠΑΡΕΣ,8
GRC,γαλα χωρισ,8
GRC,moscato dasti,8
GRC,Ve,8
GRC,μικρα,8
GRC,perf,8
GRC,σκοροκτόνο,8
GRC,μηλοξυδι,8
GRC,πιτσινι,8
GRC,κατσοκ,8
GRC,baby car,8
GRC,Marlboro gold,8
GRC,Γαλα αμυγδαλου,8
GRC,taramo,8
GRC,ανθρακπυχο,8
GRC,pok,8
GRC,αγά,8
GRC,χαρτό,8
GRC,Garnier sorbet,8
GRC,nutrll,8
GRC,σαμπουνα,8
GRC,κλο,8
GRC,Τζίντζερ,8
GRC,magc,8
GRC,skip σκ,8
GRC,Θεσσαλονίκης,8
GRC,temp,8
GRC,βαδ,8
GRC,three cen,8
GRC,gata,8
GRC,pepsi cola,8
GRC,Σκλαβ,8
GRC,takos,8
GRC,σαλατα ice,8
GRC,σικολατα,8
GRC,γραωιερα,8
GRC,κεγ,8
GRC,ασπρη,8
GRC,Εβαπο,8
GRC,γιαουτυ,8
GRC,γάλα φυτ,8
GRC,chatney,8
GRC,γιαλ,8
GRC,μπυε,8
GRC,ροξα,8
GRC,punaro,8
GRC,πάτωμ,8
GRC,spot,8
GRC,alpro γιαούρτι,8
GRC,ταμπλέτες κουνούπια,8
GRC,ανιυος,8
GRC,pepc,8
GRC,γιαοτ,8
GRC,diet c,8
GRC,κουβαδακια,8
GRC,ναργιλε,8
GRC,βιυτ,8
GRC,χαρτι  υγειας,8
GRC,κρασι κοκκ,8
GRC,μαριυ,8
GRC,πλο,8
GRC,σακουλες κηπου,8
GRC,παγωτό χωρίς ζα,8
GRC,μπισκοτα πρ,8
GRC,κατσιξ,8
GRC,στά,8
GRC,cillit,8
GRC,3alf,8
GRC,bygone,8
GRC,κομματάκια,8
GRC,ψωμί bur,8
GRC,hendri,8
GRC,φτυγ,8
GRC,dodo,8
GRC,καθαριοτητα,8
GRC,straccia,8
GRC,powdered,8
GRC,eyel,8
GRC,τιραμι,8
GRC,biolo,8
GRC,Αντικο,8
GRC,ir,8
GRC,σαλαυες,8
GRC,tomates,8
GRC,OLD,8
GRC,coocki,8
GRC,vegan may,8
GRC,σταφυλο,8
GRC,κινεζικα,8
GRC,burs,8
GRC,fresh orange,8
GRC,23,8
GRC,saue,8
GRC,παγωτό καϊμάκι,8
GRC,pastel,8
GRC,τσικλες,8
GRC,tooth b,8
GRC,χρυσή ζ,8
GRC,παγωτο ore,8
GRC,cud,8
GRC,flar,8
GRC,filt,8
GRC,φυλο κρουστας,8
GRC,natural juice,8
GRC,belu,8
GRC,σαντιγθ,8
GRC,φυσρ,8
GRC,ιον σοκολατα,8
GRC,παστα ντο,8
GRC,παστα τρουφας,8
GRC,αδιαβ,8
GRC,πανιμαδ,8
GRC,νερο εμ,8
GRC,σέσκουλα,8
GRC,γαλαπ,8
GRC,έτοιμη σαλάτα,8
GRC,φιλετο ψαρι,8
GRC,Protein bar,8
GRC,zucche,8
GRC,Φυστίκι,8
GRC,raffl,8
GRC,antiko,8
GRC,γαζε,8
GRC,slipad,8
GRC,συσκευασι,8
GRC,φεουτ,8
GRC,ly,8
GRC,kuhne,8
GRC,τπυ,8
GRC,φρουί ζελέ,8
GRC,fasolia,8
GRC,οαγο,8
GRC,fabulosi,8
GRC,καστανή ζα,8
GRC,Βαφες,8
GRC,μπολακι,8
GRC,Μεμβρανη,8
GRC,Όλυμπος γι,8
GRC,τυρογαριδακια,8
GRC,Monster energy,8
GRC,λεμομια,8
GRC,γιαούρτια χωρίς,8
GRC,canabis,8
GRC,σακούλες απορριματων,8
GRC,plastic box,8
GRC,βοταμ,8
GRC,πομ πον,8
GRC,παπαρου,8
GRC,αβοξ,8
GRC,cocal cola,8
GRC,ταχίνι ολικής,8
GRC,kitchen pa,8
GRC,αποσμητικο χωρ,8
GRC,vinigar,8
GRC,παγωτό ben,8
GRC,αφροκουτρα,8
GRC,ροδοπακια,8
GRC,σπραι,8
GRC,landry,8
GRC,pitt,8
GRC,poures,8
GRC,μαρκαδορους,8
GRC,catisfaction,8
GRC,πουη,8
GRC,karamolegos,8
GRC,old el pa,8
GRC,schwar,8
GRC,φασκο,8
GRC,χαλιυμι,8
GRC,moma,8
GRC,polarett,8
GRC,ταψι μιας χρησης,8
GRC,έτοιμες σαλάτες,8
GRC,chlorin,8
GRC,νεράκι,8
GRC,brown su,8
GRC,cappucc,8
GRC,αφτολουτρο,8
GRC,colouring,8
GRC,movepick,8
GRC,αμύγδαλου,8
GRC,κουοπιτα,8
GRC,οδοβτο,8
GRC,canned beans,8
GRC,κολυκ,8
GRC,σοο,8
GRC,cheddar sauce,8
GRC,3m,8
GRC,πρωτεινες,8
GRC,saniti,8
GRC,κουκακη για,8
GRC,Βανιλ,8
GRC,salted ca,8
GRC,ψολα,8
GRC,alpro γιαουρτι,8
GRC,φαιδω,8
GRC,Αλου,8
GRC,Starbucks κάψουλες,8
GRC,brown suga,8
GRC,sauvig,8
GRC,μπαρες πρωτ,8
GRC,ψωμί ζέας,8
GRC,τεν,8
GRC,vinegar chips,8
GRC,σφουγγαρά,8
GRC,yoghurt 0%,8
GRC,artois,8
GRC,πισκο,8
GRC,λαδοχαρτο,8
GRC,kettles,8
GRC,σιροπι φραουλα,8
GRC,ροδοπι,8
GRC,continioner,8
GRC,stergio,8
GRC,καλομπ,8
GRC,πατωματ,8
GRC,Milk cream,8
GRC,puffed,8
GRC,Τυρί τρ,8
GRC,gron,8
GRC,βιυαμ,8
GRC,μορφα,8
GRC,χαρτί περ,8
GRC,fitnessmeal,8
GRC,krits,8
GRC,Νουν,8
GRC,μακαρονι κοφτο,8
GRC,be bros,8
GRC,ουρος,8
GRC,Beans,8
GRC,μανιυαρια,8
GRC,coca cola zero 1,8
GRC,ταμπλέτες πλυντηριου,8
GRC,σνί,8
GRC,nut mix,8
GRC,Nutel,8
GRC,Καπνό,8
GRC,υγειηνα,8
GRC,γιΟ,8
GRC,σαά,8
GRC,συε,8
GRC,σπόροι τσια,8
GRC,τραπου,8
GRC,grenn,8
GRC,chec,8
GRC,diplo,8
GRC,lay’,8
GRC,Cherr,8
GRC,αναμικ,8
GRC,kidu,8
GRC,loreal barber,8
GRC,Κοτοπου,8
GRC,φακελάκια,8
GRC,σιλικ,8
GRC,γαλα σογι,8
GRC,κρεμύ,8
GRC,Μαρο,8
GRC,γάλα καρυδα,8
GRC,green onions,8
GRC,μπυρες χωρις αλκοολ,8
GRC,χυμοθ,8
GRC,τορτρ,8
GRC,ασιατι,8
GRC,ταχίνι με κακάο,8
GRC,αντιβακτηριακα,8
GRC,sue,8
GRC,Σουβλάκι,8
GRC,ΣΑΛΑΤΑ,8
GRC,αυτομαυ,8
GRC,τυρι κρεμα light,8
GRC,dettol sp,8
GRC,pelte,8
GRC,ανιυ,8
GRC,3 ce,8
GRC,jim,8
GRC,pril,8
GRC,dulce de leche,8
GRC,Χίου,8
GRC,Αγ,8
GRC,τσίχλε,8
GRC,χαρτινη σακουλα,8
GRC,jaffa,8
GRC,μπερες,8
GRC,massa,8
GRC,νουνου family,8
GRC,τσερκι,8
GRC,conceal,8
GRC,σταγωνες,8
GRC,churr,8
GRC,sakoy,8
GRC,evapore,8
GRC,αντρικο,8
GRC,ψωμί ο,8
GRC,cosmote,8
GRC,white toast,8
GRC,ειδη καπ,8
GRC,beeg,8
GRC,lychee,8
GRC,span,8
GRC,aromat,8
GRC,Ace,8
GRC,Crisps,8
GRC,Bulda,8
GRC,bultak,8
GRC,κουβέρτουρα,8
GRC,milk c,8
GRC,λαδι μαυρ,8
GRC,dandruff,8
GRC,μπεικιν παο,8
GRC,πιππ,8
GRC,strud,8
GRC,μπαμπά,8
GRC,υγρο γενικης,8
GRC,gunger,8
GRC,φυστιξοβουτυρο,8
GRC,Babycare,8
GRC,πιάτο,8
GRC,κουβερτουρα γα,8
GRC,γαλοπουλα σετ,8
GRC,μαγιονεζα τρουφας,8
GRC,μπεικοβ,8
GRC,camom,8
GRC,knirr,8
GRC,γαλα ζαχαρου,8
GRC,coffee powder,8
GRC,τροφη σκυ,8
GRC,τσιγαρα καπνος,8
GRC,ωι,8
GRC,μελακτικο,8
GRC,dry samp,8
GRC,γιωτγ,8
GRC,χαρτί εκτύπωσης,8
GRC,σαλσ,8
GRC,μαστοχα,8
GRC,ζαχαρούχ,8
GRC,ement,8
GRC,cook at hom,8
GRC,teeth whitening,8
GRC,Pineapple,8
GRC,παραμυθ,8
GRC,water wiped,8
GRC,μικροίνες,8
GRC,νερό ανθ,8
GRC,Θεσσαλονίκη,8
GRC,τοστιγιες,8
GRC,cocos,8
GRC,πδοντοκ,8
GRC,ετοιμη σαλτσα,8
GRC,αλουμο,8
GRC,νερξ,8
GRC,antise,8
GRC,vanili,8
GRC,πουε,8
GRC,fish oil,8
GRC,cake flour,8
GRC,Λουμιδ,8
GRC,γαλα φουντουκι,8
GRC,φά,8
GRC,bottle water,8
GRC,aftersa,8
GRC,τσιγαρα da,8
GRC,γαλοπούλα light,8
GRC,papet,8
GRC,φύλλα κρούστας,8
GRC,Pickle,8
GRC,σπειρες,8
GRC,τυχο,8
GRC,hali top,8
GRC,proactiv,8
GRC,paw pa,8
GRC,χειροπετσετε,8
GRC,Στήθος κοτόπουλο,8
GRC,giffl,8
GRC,κρεμοσαππ,8
GRC,κατικι δομοκου,8
GRC,μαυρες σακουλες,8
GRC,pens,8
GRC,veet for men,8
GRC,ok market,8
GRC,Cocktail,8
GRC,μπισκότα παπαδ,8
GRC,κουτοπουλο,8
GRC,θυμιατο,8
GRC,παμπερ,8
GRC,Αντικ,8
GRC,μακαρόνια πασ,8
GRC,τυρι τριμμενο light,8
GRC,τροφή για γ,8
GRC,laurel,8
GRC,μελιτσα,8
GRC,klorane,8
GRC,bioderm,8
GRC,τεκνατζου,8
GRC,batata,8
GRC,nestle nan,8
GRC,αφρολουτρο παι,8
GRC,ημερολογιο,8
GRC,chardo,8
GRC,γάλα κουκακη,8
GRC,conditionner,8
GRC,πετρω,8
GRC,whole bod,8
GRC,azax klo,8
GRC,τηλέφωνο μπάνιου,8
GRC,καννα,8
GRC,moisture,8
GRC,crats,8
GRC,hotdo,8
GRC,γιαούρτι στραγγισ,8
GRC,παγωτα planet,8
GRC,Chee,8
GRC,ακμη,8
GRC,guam,8
GRC,κρύο τσ,8
GRC,μπρουσκ,8
GRC,anita,8
GRC,disposa,8
GRC,αισ,8
GRC,κεφιρ κατσικισιο,8
GRC,παγωτό χωρι,8
GRC,σπρει για,8
GRC,σπανακορι,8
GRC,Peanut,8
GRC,famous,8
GRC,jhonson,8
GRC,facial tissue,8
GRC,κολοκυθό,8
GRC,φαγρ,8
GRC,sourdou,8
GRC,swepe,8
GRC,luro,8
GRC,νυο,8
GRC,pillo,8
GRC,οικογενεια,8
GRC,κατπου,8
GRC,Κερασι,8
GRC,σαλτσα τοματα,8
GRC,ρυσ,8
GRC,ντομστ,8
GRC,sprie,8
GRC,truffle hunter,8
GRC,καθαριστικα πατωματος,8
GRC,έτοιμα γεύ,8
GRC,τσατσαρ,8
GRC,Φρου,8
GRC,κουλουρι θε,8
GRC,souvenir,8
GRC,μαξαρονια,8
GRC,φαρμα κο,8
GRC,fairi,8
GRC,salada,8
GRC,terrea b,8
GRC,the locals,8
GRC,πράσινο μηλο,8
GRC,fried onion,8
GRC,φαι,8
GRC,ζυμαρικά ολικης,8
GRC,protein icecream,8
GRC,ζελε μα,8
GRC,cr20,8
GRC,μαλακτικό μαλλ,8
GRC,πίπ,8
GRC,σαμπουαν σωματος,8
GRC,καπνος καρελια,8
GRC,chicken whole,8
GRC,κρέμα απο,8
GRC,οδομ,8
GRC,expi,8
GRC,pampers pants 5,8
GRC,Χαρτί τουαλέτας,8
GRC,rug,8
GRC,active baby,8
GRC,πατους,8
GRC,χυμός πορτοκαλί,8
GRC,sampouan,8
GRC,τορτη,8
GRC,ξυι,8
GRC,σπαγγο,8
GRC,στάμ,8
GRC,τσαντες δωρου,8
GRC,float,8
GRC,ζαμπονο,8
GRC,λευκή σ,8
GRC,μαμμ,8
GRC,Maltese,8
GRC,vanilla syrup,8
GRC,frozen vegetable,8
GRC,χυμος καρ,8
GRC,ταμπουλέ,8
GRC,φάρμα κουκ,8
GRC,ζαμπόν τυρι,8
GRC,φρεσκα κρεμ,8
GRC,papard,8
GRC,καλαμων,8
GRC,μακαρα,8
GRC,cottagge,8
GRC,toilet oaper,8
GRC,Άρωμα,8
GRC,πράλινα,8
GRC,μπυρα λεμονι,8
GRC,μαυρη μαλακη ζαχαρη,8
GRC,κομματια,8
GRC,λευκο κρ,8
GRC,σαλτσα ντοματ,8
GRC,tortilla protein,8
GRC,intermed,8
GRC,adoro edam,8
GRC,επιδόρπιο γιαουρτιου,8
GRC,ζαψα,8
GRC,θερμοπρ,8
GRC,Lay's,8
GRC,Aa,8
GRC,trashbags,8
GRC,ζελε λεμονι,8
GRC,γρανί,8
GRC,rgg,8
GRC,coca coma,8
GRC,Spiderman,8
GRC,mastique,8
GRC,revi,8
GRC,τροφή γατ,8
GRC,wood floor cleaner,8
GRC,lab,8
GRC,αραβικές π,8
GRC,shampoo men,8
GRC,part,8
GRC,epirus,8
GRC,buc,8
GRC,cheedar,8
GRC,αρε,8
GRC,ρόλο χαρτί,8
GRC,παγωτο οικ,8
GRC,cio,8
GRC,άνθος α,8
GRC,cen,8
GRC,Hair,8
GRC,trash ba,8
GRC,chips vinegar,8
GRC,schew,8
GRC,αμπελοφασουλα,8
GRC,ξυρά,8
GRC,ντομάτα κονκασε,8
GRC,terrea a,8
GRC,Χαρτι υγείας,8
GRC,νεσα,8
GRC,Βοτκα,8
GRC,ευβιοτοπο,8
GRC,cav,8
GRC,Τάπερ,8
GRC,pasta protein,8
GRC,παγωτό οικογε,8
GRC,pamtene,8
GRC,ζαχάρου,8
GRC,doubl,8
GRC,σαλατα σπανακι,8
GRC,φύκι,8
GRC,ben n jer,8
GRC,Cajoline,8
GRC,αποριμα,8
GRC,xot,8
GRC,violi,8
GRC,πρόβε,8
GRC,αεροστοπ,8
GRC,dettol σα,8
GRC,παγως,8
GRC,combu,8
GRC,σκύ,8
GRC,baile,8
GRC,noynou,8
GRC,προστα,8
GRC,τζιφρη,8
GRC,nutrl,8
GRC,παγοθήκες,8
GRC,ρύζι μ,8
GRC,γιαουρτι με μελι,8
GRC,ζσ,8
GRC,alrp,8
GRC,zahori,8
GRC,φίλ,8
GRC,Soya,8
GRC,pasta s,8
GRC,παροζ,8
GRC,body sc,8
GRC,zet,8
GRC,calci,8
GRC,γιαουρτια 0%,8
GRC,θεο η,8
GRC,almyron,8
GRC,κουτιά,8
GRC,green peas,8
GRC,μέρα,8
GRC,Gluten,8
GRC,μπριζολακια,8
GRC,αφο,8
GRC,storage bags,8
GRC,αποριπαντι,8
GRC,πλαστικά καλαμάκια,8
GRC,renu,8
GRC,salz,8
GRC,ολυμπος κατσι,8
GRC,Καπνο,8
GRC,μικροινε,8
GRC,τυρογα,8
GRC,krouton,8
GRC,gillette venus,8
GRC,ρύζι μπασμα,8
GRC,τορτιγια ολ,8
GRC,wonton,8
GRC,Biodance,8
GRC,ΧΑΡ,8
GRC,chich,8
GRC,ξυφ,8
GRC,υγι,8
GRC,δοχείο φαγητού,8
GRC,χυμος χωρις,8
GRC,Gi,8
GRC,masa,8
GRC,electrolites,8
GRC,noms,8
GRC,mozzarella light,8
GRC,ακρινιδια,8
GRC,noof,8
GRC,fisht,8
GRC,Κινόα,8
GRC,sprite ze,8
GRC,Αλλαντικά,8
GRC,ξυνογα,8
GRC,τοματίνι,8
GRC,juoce,8
GRC,κάσι,8
GRC,μολτο,8
GRC,ρυχογκο,8
GRC,frozen f,8
GRC,jacobs con,8
GRC,roquefort,8
GRC,caeser,8
GRC,κρυσταλλικη,8
GRC,γρεεν,8
GRC,Τορτίγια σιταριού,8
GRC,πτι Μπερ,8
GRC,12 bake,8
GRC,μπυρσ,8
GRC,χαρτί ψησ,8
GRC,Soy sauce,8
GRC,μανταρίνια,8
GRC,ελαφροπετρ,8
GRC,wire,8
GRC,proteun,8
GRC,Sauvignon Blanc,8
GRC,χωριατικη,8
GRC,βερύκ,8
GRC,φυστικια αι,8
GRC,extension,8
GRC,clothes detergent,8
GRC,φυλα ρυζιου,8
GRC,Νες,8
GRC,saft,8
GRC,babibe,8
GRC,coka c,8
GRC,ανθος α,8
GRC,azax τζαμια,8
GRC,ψίχα τοστ,8
GRC,ημισκλ,8
GRC,βρεφικά μπισκότα,8
GRC,σφουγγάρακι,8
GRC,γρενα,8
GRC,τροφιμ,8
GRC,philadelpia,8
GRC,loukaniko,8
GRC,νερό 1,8
GRC,τρέλα,8
GRC,χτυ,8
GRC,red bill,8
GRC,κάψο,8
GRC,meze,8
GRC,Σκορδ,8
GRC,μαγιονέζα μουστάρδα,8
GRC,καλαμποκελα,8
GRC,υγειας σοκολατα,8
GRC,always discreet,8
GRC,Σταφίδες,8
GRC,σακούλα δώρου,8
GRC,ινδοκά,8
GRC,φετα κ,8
GRC,κρι κρι για,8
GRC,mocarela,8
GRC,λαχανικα κατεψυγμενα,8
GRC,κρεμμιδι,8
GRC,πεινι,8
GRC,γιαουρτι δωδ,8
GRC,romaine,8
GRC,κοκκινι,8
GRC,μανω,8
GRC,κοτομπουκο,8
GRC,ΚΡΕΜΑ ΓΑΛΑΚΤΟΣ,8
GRC,θυμάρ,8
GRC,παγωτά χωρις,8
GRC,vis,8
GRC,μαστιχε,8
GRC,ακευρ,8
GRC,ξινη κρεμα,8
GRC,παπουτσανη,8
GRC,Baguette,8
GRC,ιτα,8
GRC,ντομαν,8
GRC,double cara,8
GRC,αβ βασιλ,8
GRC,cat li,8
GRC,powr,8
GRC,κρεμα στ,8
GRC,καψουλες καφ,8
GRC,συσκευασια δωρου,8
GRC,Απορρυπαντικό πιάτων,8
GRC,τσιπς ρυζιου,8
GRC,μακαρόνια κ,8
GRC,χριστοδουλ,8
GRC,anthotyro,8
GRC,ekmek,8
GRC,τορτγ,8
GRC,bio γαλα,8
GRC,παγωτο χωρις ζαχα,8
GRC,κοκκινιστο,8
GRC,μασα,8
GRC,method,8
GRC,trix,8
GRC,σερβις,8
GRC,παραλ,8
GRC,Mozarella,8
GRC,πηλιαγνό,8
GRC,μπισκοτα πα,8
GRC,πιτατακια,8
GRC,tsatsiki,8
GRC,Αλουμινοχαρτο,8
GRC,melone,8
GRC,buds,8
GRC,κατσαριδοκτονα,8
GRC,ρυζόγαλ,8
GRC,tassi,8
GRC,beef sausage,8
GRC,Prosec,8
GRC,μπροζολα,8
GRC,γάλα χωρίς λ,8
GRC,μπατπ,8
GRC,ξινομυζη,8
GRC,στον τριφτη,8
GRC,pos,8
GRC,cramb,8
GRC,m&m’s,8
GRC,Ap,8
GRC,Re,8
GRC,swche,8
GRC,anthotiro,8
GRC,mayo vegan,8
GRC,koka kola,8
GRC,ξινι,8
GRC,πατατες προτηγανισμενες,8
GRC,νερα ζαγορι,8
GRC,χαμομηλο,8
GRC,chipsy,8
GRC,bitt,8
GRC,ιον σοκο,8
GRC,sapouni,8
GRC,πατατερ,8
GRC,φετα βαλμα,8
GRC,fruta,8
GRC,ficher,8
GRC,zeo,8
GRC,Finn,8
GRC,απορυππ,8
GRC,vacu,8
GRC,σφυρι,8
GRC,στάθης,8
GRC,samitas,8
GRC,φροθ,8
GRC,faory,8
GRC,gold standard,8
GRC,αποσμιτι,8
GRC,beer non,8
GRC,marmite,8
GRC,whine,8
GRC,cokt,8
GRC,miko,8
GRC,philadelphia protein,8
GRC,γιαουρτι 1.5,8
GRC,κεφαλές,8
GRC,Λα,8
GRC,nas,8
GRC,σχολι,8
GRC,hydrate,8
GRC,κριτι,8
GRC,σκληρ,8
GRC,ξύδι λευ,8
GRC,nido,8
GRC,απορυπαντικο σκονη,8
GRC,reec,8
GRC,φαριν λ,8
GRC,panty liners,8
GRC,μπύρα χωρίς αλκοόλ,8
GRC,grana padan,8
GRC,ota,8
GRC,color remover,8
GRC,κάψουλες κα,8
GRC,καφές φιλτ,8
GRC,καριτ,8
GRC,noise,8
GRC,ΑΥ,8
GRC,τυρι ναξου,8
GRC,hem,8
GRC,babylino sensitive,8
GRC,ζελεδακοα,8
GRC,τριμμενο τυρί,8
GRC,Κρεμο,8
GRC,ruler,8
GRC,makeup wipes,8
GRC,allbran,8
GRC,ψαρα,8
GRC,ginger tea,8
GRC,παγωτο χωρίς ζάχαρη,8
GRC,ταχινι με,8
GRC,μπαταριες 3,8
GRC,ωτοασ,8
GRC,ταλιατέλες,8
GRC,τρίγωνο,8
GRC,leaf,8
GRC,pants 7,8
GRC,head and shoul,8
GRC,rice jasmine,8
GRC,παγωτό πύραυλος,8
GRC,ξυπδι,8
GRC,sakou,8
GRC,feastable,8
GRC,ΚΙΜΑΣ,8
GRC,wathe,8
GRC,γαλα λακτ,8
GRC,himalayan salt,8
GRC,Οδοντόκρεμες,8
GRC,γιαουρτι φαγ,8
GRC,Ρενέ,8
GRC,γιαουρτι χωρις γλουτενη,8
GRC,milk low fat,8
GRC,τυρί φέ,8
GRC,letchup,8
GRC,amino,8
GRC,εξτρα,8
GRC,ζελοτ,8
GRC,decec,8
GRC,cook a,8
GRC,ηλεκτρικ,8
GRC,Ζυγαριά,8
GRC,tuss,8
GRC,65%,8
GRC,slim bites,8
GRC,χωνάκια παγωτού,8
GRC,μπογ,8
GRC,πρασινο σαπου,8
GRC,μπισκότα παπαδοπούλου,8
GRC,soon to exp,8
GRC,lacta παγωτο,8
GRC,tiger nuts,8
GRC,heat protect,8
GRC,bread c,8
GRC,ΦΡΕΣΚΟΥΛΗΣ,8
GRC,κατεψυγμενε,8
GRC,knif,8
GRC,Τυρί light,8
GRC,rasor,8
GRC,toilet bowl,8
GRC,sprait,8
GRC,κιμας αναμ,8
GRC,Jalapeno,8
GRC,rotisserie,8
GRC,παπαφ,8
GRC,σπγια,8
GRC,hagg,8
GRC,cottae,8
GRC,bakon,8
GRC,pescan,8
GRC,λουκέτο,8
GRC,Ben & jerry’s,8
GRC,υαλουρονικο,8
GRC,pampers pan,8
GRC,απλωσ,8
GRC,pumpkin seed,8
GRC,mistr,8
GRC,σκουρι,8
GRC,φαρο,8
GRC,μπεμπ,8
GRC,hotdogs,8
GRC,Αντικουνουπικα,8
GRC,τουραι,8
GRC,fettuc,8
GRC,ploom,8
GRC,θυμασι,8
GRC,wettez,8
GRC,άμμος γα,8
GRC,Bananas,8
GRC,plastic glass,8
GRC,μπαλονια γενεθλιων,8
GRC,pistachi,8
GRC,ανοιχτηρ,8
GRC,δαμασκηνο,8
GRC,sandwich bread,8
GRC,κοτοπουλο σ,8
GRC,ıce cream,8
GRC,σχιν,8
GRC,καες,8
GRC,υγρομαντη,8
GRC,clausthaler,8
GRC,μερεμ,8
GRC,σφουη,8
GRC,leerdammer,8
GRC,mostard,8
GRC,ταφ,8
GRC,oreo bites,8
GRC,AQ,8
GRC,Calg,8
GRC,φρατζολα,8
GRC,πλατο,8
GRC,πομ πομ,8
GRC,τυρί μοτσαρέλα,8
GRC,αντζουγιε,8
GRC,υγραερ,8
GRC,gravie,8
GRC,scrub daddy,8
GRC,φυλλα ευζιου,8
GRC,μαγιονρ,8
GRC,μαμα,8
GRC,detyol,8
GRC,εστραγκόν,8
GRC,lome,8
GRC,τυρι σ,8
GRC,pla(n)et,8
GRC,κρςμ,8
GRC,santa ma,8
GRC,μπιμπε,8
GRC,πλυντηρίου πιατων,8
GRC,Τσίπουρο,8
GRC,καλλυντικ,8
GRC,πανες νο,8
GRC,λιπαρά,8
GRC,ion αμύγδαλ,8
GRC,σόφα,8
GRC,βρωμη χωρις γλουτενη,8
GRC,μαγισσες,8
GRC,Soup,8
GRC,boul,8
GRC,συκα απο,8
GRC,κρακες,8
GRC,confitioner,8
GRC,souv,8
GRC,λαδι σωμα,8
GRC,υγρη βανιλια,8
GRC,μακρο,8
GRC,Παυλίδη,8
GRC,broko,8
GRC,suifer,8
GRC,βανικ,8
GRC,rene,8
GRC,marshmallo,8
GRC,σιφωνι,8
GRC,cici,8
GRC,μουσι,8
GRC,διπλοζυμ,8
GRC,marseille,8
GRC,φεου,8
GRC,πυρι,8
GRC,ntomatinia,8
GRC,konja,8
GRC,ετοιμες σα,8
GRC,imo,8
GRC,esspress,8
GRC,mezete,8
GRC,εοδακινο,8
GRC,κολλητι,8
GRC,ευρημα,8
GRC,πστα,8
GRC,shir,8
GRC,zespri,8
GRC,σουε,8
GRC,στεργίο,8
GRC,τυζογκοφρετες,8
GRC,mocca,8
GRC,κουλούρ,8
GRC,ηλεκτρονικ,8
GRC,orab,8
GRC,χυμπι,8
GRC,κριταμ,8
GRC,pescano,8
GRC,pregnan,8
GRC,κρεμα αποτρ,8
GRC,τσχλες,8
GRC,σαλατας,8
GRC,ρθζ,8
GRC,omikron,8
GRC,ρύζι μπασ,8
GRC,tobiko,8
GRC,Brazil,8
GRC,shap,8
GRC,ρυζοκοφ,8
GRC,ακρατε,8
GRC,κουβερτοθρα,8
GRC,niva,8
GRC,σαπουνι ρουχων,8
GRC,xu,8
GRC,καρυδα τρι,8
GRC,pomodo,8
GRC,dalia,8
GRC,λιπαντικ,8
GRC,ιχθυ,8
GRC,γάτο τροφή,8
GRC,sanilac 3,8
GRC,φετα κατσικ,8
GRC,φετα καλα,8
GRC,ασπρη σοκολατα,8
GRC,τυρι του τ,8
GRC,lacta oreo,8
GRC,ζελε χωρ,8
GRC,γαλα παιδιών,8
GRC,chh,8
GRC,χυμός ντομάτα,8
GRC,pet me,8
GRC,karavali,8
GRC,τσοχα,8
GRC,Sunscreen,8
GRC,νοθ,8
GRC,pro active,8
GRC,σάλτσα π,8
GRC,olympi,8
GRC,κατσικίς,8
GRC,ταχίνι κακάο,8
GRC,ελ γκ,8
GRC,pdrn,8
GRC,unv,8
GRC,ρυζι jasmine,8
GRC,lofe,8
GRC,μωρομν,8
GRC,hydro,8
GRC,ελαιολαδπ,8
GRC,dr peper,8
GRC,γιαούρτο,8
GRC,WASA,8
GRC,γλυκό κουτα,8
GRC,γαβρ,8
GRC,ντομάτα τριμμένη,8
GRC,ψωμί γερμανικο,8
GRC,Όλυμπος για,8
GRC,pantene curls,8
GRC,bianca,8
GRC,πατατες τ,8
GRC,κερς,8
GRC,μαρινα,8
GRC,pumato,8
GRC,soon 2 expire,8
GRC,ψωμι b,8
GRC,σιρόπ,8
GRC,dove κρεμα,8
GRC,πακιμ,8
GRC,Εντομ,8
GRC,ρύζι agrino,8
GRC,κρυος καφες,8
GRC,σαλάτες έτοιμες,8
GRC,glen,8
GRC,gordon blu,8
GRC,Φιλέτο κοτόπουλο,8
GRC,bondue,8
GRC,mosk,8
GRC,μπατινετες,8
GRC,colgate total,8
GRC,αιωρα,8
GRC,get,8
GRC,παστουρμά,8
GRC,γαυρος μαρινατος,8
GRC,head and sho,8
GRC,κριτσινια με,8
GRC,κολλα στιγμης,8
GRC,ζελε γιωτη,8
GRC,vos,8
GRC,σάλτσα σόγιας,8
GRC,nymph,8
GRC,and,8
GRC,strvia,8
GRC,πανα μαγιο,8
GRC,cer8,8
GRC,go green,8
GRC,pagvto,8
GRC,mct,8
GRC,σαπούνι για τα χέρια,8
GRC,σαμούρη,8
GRC,bread crum,8
GRC,για κουνούπια,8
GRC,macaron,8
GRC,πασατέμπο,8
GRC,κρεμθ,8
GRC,χυμός καρύδα,8
GRC,Cranberry,8
GRC,οδπ,8
GRC,αλατι ιμαλαιων,8
GRC,φύλλο κρο,8
GRC,φυλλο κουρου,8
GRC,fue,8
GRC,Dr beck,8
GRC,επιτραπε,8
GRC,filters,8
GRC,ψωμί ολι,8
GRC,συλλε,8
GRC,κοκε,8
GRC,mixed vegetables,8
GRC,biotrue,8
GRC,myblu,8
GRC,ετι,8
GRC,scent,8
GRC,κράκε,8
GRC,μπανναες,8
GRC,αλμυρο,8
GRC,nym,8
GRC,μπιφτεκι μοσχαρισιο,8
GRC,λαδόκολ,8
GRC,Netscape,8
GRC,μιζυ,8
GRC,χαρτι ψησίματος,8
GRC,έτοιμες σαλ,8
GRC,μπιφτέκια κοτ,8
GRC,σιρόπι α,8
GRC,möven,8
GRC,crunchie,8
GRC,Φυστικοβ,8
GRC,δημητρακα,8
GRC,rice vineg,8
GRC,jellies,8
GRC,κρύα,8
GRC,Χλω,8
GRC,βολ,8
GRC,κρασί λ,8
GRC,shortbread,8
GRC,μπαι,8
GRC,τυρι edam,8
GRC,hansaplas,8
GRC,trash b,8
GRC,πρασινο σ,8
GRC,Coconut water,8
GRC,κεράκια γενεθλίων,8
GRC,ζάχαρη καρυδας,8
GRC,somersb,8
GRC,ανάμικτα,8
GRC,οο,8
GRC,μαλαμ,8
GRC,λαδοχ,8
GRC,louko,8
GRC,Ελ γκρε,8
GRC,earphones,8
GRC,παιδικο για,8
GRC,danish,8
GRC,μπλε τυ,8
GRC,ρολο χαρτ,8
GRC,ζυγαρια κουζινας,8
GRC,προστασία,8
GRC,γλυκα κου,8
GRC,αποτυπαντικο,8
GRC,case,8
GRC,καπνιστή παπ,8
GRC,κιμάς κο,8
GRC,φρουτογεμιστά,8
GRC,αλουμινένιο,8
GRC,yogurt frozen,8
GRC,ζλωρινη,8
GRC,υφασμα,8
GRC,ρύζι καστανο,8
GRC,glor,8
GRC,τσιγαρα ma,8
GRC,Endless Απαλά Επιτραπέζια Χαρτομάντηλα Facial,8
GRC,ανθονερο,8
GRC,advocado,8
GRC,μουχλ,8
GRC,χάρακας,8
GRC,bon mam,8
GRC,TITAN,8
GRC,μεσογ,8
GRC,flapjack,8
GRC,παπρικα καπνιστη,8
GRC,ρυζι μπας,8
GRC,φαρμα κουκακι,8
GRC,χαρτί υγεθας,8
GRC,ρολλ,8
GRC,pasta saice,8
GRC,μιλη,8
GRC,cottGe,8
GRC,fresh herbs,8
GRC,αλάτι π,8
GRC,kidn,8
GRC,mh,8
GRC,φαρινά,8
GRC,παυατ,8
GRC,Peach,8
GRC,εξαδα νερο,8
GRC,miss,8
GRC,πανκει,8
GRC,dove απο,8
GRC,meatk,8
GRC,maskara,8
GRC,δωδώ,8
GRC,μπισκοτα π,8
GRC,Bounty,8
GRC,μωο,8
GRC,αποσκληρυντικο πλυντηριου,8
GRC,τονκς,8
GRC,Prosciutto,8
GRC,πουτακια,8
GRC,σανκ,8
GRC,σακουλα σκ,8
GRC,νουνου χωρις λακτοζη,8
GRC,Ελληνικος,8
GRC,κάψουλες κ,8
GRC,κικνος,8
GRC,Βουλγαρία,8
GRC,babylino swim,8
GRC,παγωτα χωρις ζαχαρη,8
GRC,τυρι μιξ,8
GRC,shweeps,8
GRC,oatmea,8
GRC,απορρυπαντικό ρ,8
GRC,μαύρ,8
GRC,κρέμα φυτικη,8
GRC,cola lig,8
GRC,sklaveniti,8
GRC,Market,8
GRC,ψησιμα,8
GRC,γλε,8
GRC,bush,8
GRC,bli,8
GRC,ρυΙ,8
GRC,Amit,8
GRC,μακαρόνια πενες,8
GRC,μακε,8
GRC,πλεξου,8
GRC,τυραμισου,8
GRC,τρυμμε,8
GRC,μηλοπιτες,8
GRC,american sandwich,8
GRC,montor,8
GRC,βρωμη νιφαδες,8
GRC,αισμπερ,8
GRC,ajax 4,8
GRC,σουφλέ,8
GRC,παιδικοί χυμοί,8
GRC,κιμάς σο,8
GRC,zanae,8
GRC,δρο,8
GRC,baking pouder,8
GRC,poer,8
GRC,σισ,8
GRC,αυγα βιολογικ,8
GRC,patafix,8
GRC,πετρο,8
GRC,kedir,8
GRC,baking power,8
GRC,τζελ μα,8
GRC,pila,8
GRC,μαιτα,8
GRC,κολάν,8
GRC,φακοι επαφης,8
GRC,sund,8
GRC,ξηρό,8
GRC,γάλα δέλτα,8
GRC,lenco,8
GRC,head & shoulder,8
GRC,πυριν,8
GRC,γαλα διαρκειας,8
GRC,monkey,8
GRC,σαμπουαν λιπαρα,8
GRC,Σταφιδες,8
GRC,pummato,8
GRC,coc cola,8
GRC,David,8
GRC,μαλακτο,8
GRC,γιαουρτιου,8
GRC,καρμπονα,8
GRC,σαου,8
GRC,papy,8
GRC,batista,8
GRC,dr.be,8
GRC,μπαταρίες αα,8
GRC,ψωμί προζύμι,8
GRC,insects,8
GRC,Μοσχατο,8
GRC,σοκολάτα γαλακτος,8
GRC,beef broth,8
GRC,καλαμπογκοφρετα,8
GRC,gall,8
GRC,βακ,8
GRC,ορωτεινη,8
GRC,mc cai,8
GRC,ρυζογαλπ,8
GRC,burger b,8
GRC,water me,8
GRC,Kerrygold,8
GRC,τσιγατ,8
GRC,δίσκοι ντεμακιγιαζ,8
GRC,ταχίνι με,8
GRC,dumbbell,8
GRC,i e tea,8
GRC,κοτοπουλο βιολογικο,8
GRC,zipp,8
GRC,Wa,8
GRC,χυλοπίτ,8
GRC,ζυματικα,8
GRC,chif,8
GRC,ice tea lemon,8
GRC,υγτ,8
GRC,καρποθζι,8
GRC,χρυση ζυ,8
GRC,διαφανη,8
GRC,möve,8
GRC,azira,8
GRC,zero bar,8
GRC,sandwic,8
GRC,σταγόνες σοκολάτα,8
GRC,mab,8
GRC,Ρόφημα,8
GRC,Κολοκυθ,8
GRC,calv,8
GRC,καπνιστό τυρί,8
GRC,μακαρόνια χωρίς γλουτένη,8
GRC,φρυγανιες χωρις,8
GRC,heavy c,8
GRC,organiz,8
GRC,Snacks,8
GRC,bolwro,8
GRC,face soap,8
GRC,head & s,8
GRC,invisible,8
GRC,καντηλ,8
GRC,spira,8
GRC,αβ βασιλο,8
GRC,water 5,8
GRC,επιδορπιο γιαουρτ,8
GRC,έλμα,8
GRC,lace,8
GRC,πλακα,8
GRC,αμε,8
GRC,ζαχαρη μεριδες,8
GRC,βαρελισια,8
GRC,nuddle,8
GRC,κρέμα προ,8
GRC,Ζαχαρουχο,8
GRC,κάλυμμα,8
GRC,τυροσαλάτα,8
GRC,σκύλο τροφή,8
GRC,παγωθ,8
GRC,χαρτπετσετες,8
GRC,ψωμι σ,8
GRC,χλβρινη,8
GRC,maill,8
GRC,mpe,8
GRC,Απορρυπαντικό πλυντηρίου,8
GRC,caba,8
GRC,μυρωδ,8
GRC,νεςκα,8
GRC,sweet cat,8
GRC,λαδοχα,8
GRC,κεφαλοτύ,8
GRC,Za,8
GRC,μεγαλών,8
GRC,χρωμπ,8
GRC,beauty of j,8
GRC,απορρυπαντικό για,8
GRC,ενε,8
GRC,θρά,8
GRC,herbal e,8
GRC,Βανι,8
GRC,ντατ,8
GRC,μαυρη ζαχα,8
GRC,extract,8
GRC,δυι,8
GRC,zip lo,8
GRC,τραγα,8
GRC,παγωτό πρω,8
GRC,παγωτό ma,8
GRC,αφρολουυρο,8
GRC,μπισκότα χωρίς ζαχαρη,8
GRC,κρεμοζελε,8
GRC,επιδόρ,8
GRC,μπριζολα χοιρινη,8
GRC,iced coffe,8
GRC,fabric soft,8
GRC,wein,8
GRC,rope,8
GRC,βασα,8
GRC,σαμπουαν syoss,8
GRC,Σαβαγιάρ,8
GRC,γαλα φουντ,8
GRC,nuttella,8
GRC,cannabi,8
GRC,syru,8
GRC,sisini,8
GRC,wet toilet,8
GRC,turi,8
GRC,whet,8
GRC,tattoo,8
GRC,βαλσαμιξο,8
GRC,τυρι μακαρονια,8
GRC,season,8
GRC,Ben & j,8
GRC,ταιχ,8
GRC,κορνιζα,8
GRC,τροφές για,8
GRC,pizzq,8
GRC,sarde,8
GRC,κοτόπουλα,8
GRC,κολικ,8
GRC,στιγμιαίος καφες,8
GRC,Nan 3,8
GRC,σκοροι,8
GRC,Γιαού,8
GRC,LACTA,8
GRC,arb,8
GRC,πουρες με,8
GRC,γουμενι,8
GRC,chia s,8
GRC,youphor,8
GRC,νερο για,8
GRC,carmel,8
GRC,ais,8
GRC,ζελε μαλ,8
GRC,αμυγδάλ,8
GRC,υγρό καθα,8
GRC,άλα,8
GRC,αποξηραμέν,8
GRC,φέτα καλα,8
GRC,κιμάς κοτο,8
GRC,γατα αμμος,8
GRC,σκυλοι,8
GRC,orangina,8
GRC,σιροπι ζαχαρης,8
GRC,belvedere,8
GRC,αβικ,8
GRC,bikini,8
GRC,εργον,8
GRC,μπάρμπα στ,8
GRC,ααμπουαν,8
GRC,κρεμα γι,8
GRC,strawberry ice,8
GRC,παρμα,8
GRC,στηθος κ,8
GRC,μπαλσά,8
GRC,ayr,8
GRC,delph,8
GRC,σκόνη πρωτεΐνης,8
GRC,goufa,8
GRC,prosciutt,8
GRC,ΣΤΕΡΓΙΟΥ,8
GRC,σακούλες τροφι,8
GRC,φετα κατς,8
GRC,swiffet,8
GRC,λαδι καρυδ,8
GRC,βιολόγος,8
GRC,τυρι χωρις,8
GRC,paximadia,8
GRC,ρηγανι,8
GRC,φρυγανιές ολικης,8
GRC,sklaven,8
GRC,ρυζι μπαρμπα,8
GRC,αποστα,8
GRC,ηχεια,8
GRC,οχ,8
GRC,χωρις ζ,8
GRC,μπανν,8
GRC,ριζόγαλο,8
GRC,Παναγία,8
GRC,sparkling wayer,8
GRC,καθαριστικο για,8
GRC,alpilan,8
GRC,μπειξον,8
GRC,γαλα δ,8
GRC,ξηροι καρποί,8
GRC,skip black,8
GRC,Kudu,8
GRC,Κολο,8
GRC,γακες,8
GRC,zero ca,8
GRC,φρέσκο ψωμ,8
GRC,im,8
GRC,παταπ,8
GRC,ανεμιστήρ,8
GRC,Condoms,8
GRC,croas,8
GRC,μαργαριν,8
GRC,ovo,8
GRC,pees,8
GRC,jhons,8
GRC,dettoll,8
GRC,dove s,8
GRC,puffs,8
GRC,ποτηρια χαρτινα,8
GRC,clori,8
GRC,μοεικον,8
GRC,ακουστικ,8
GRC,Αναψυ,8
GRC,κρεμα γακα,8
GRC,comdi,8
GRC,ανταλλα,8
GRC,choclat,8
GRC,Βαν,8
GRC,χαντρε,8
GRC,bunda,8
GRC,luprak,8
GRC,δροσα,8
GRC,vegan παγωτα,8
GRC,μωριμαν,8
GRC,κρεμοσαπιυνο,8
GRC,κονταρι σκουπας,8
GRC,mac cheese,8
GRC,taco shell,8
GRC,ψωμι γερμανικο,8
GRC,blu pods,8
GRC,γιαπθρτ,8
GRC,βρεφική τροφή,8
GRC,κοτοπιτακια,8
GRC,hibiscus,8
GRC,μερέν,8
GRC,Pepsi zero,8
GRC,ποδιών,8
GRC,βάση πιτσας,8
GRC,protein παγωτο,8
GRC,fyt,8
GRC,1 2 3 bake,8
GRC,πατατατακια,8
GRC,chicjen,8
GRC,κερασακια,8
GRC,Mexican,8
GRC,scis,8
GRC,ττρ,8
GRC,χυμο ροδι,8
GRC,semo,8
GRC,σαμποταν,8
GRC,Σόγια,8
GRC,giaoyrt,8
GRC,ristorant,8
GRC,milk skimmed,8
GRC,elvivr,8
GRC,αναδευτηρας,8
GRC,protein vegan,8
GRC,proyein,8
GRC,πατστα,8
GRC,souplinr,8
GRC,arcadi,8
GRC,Plant,8
GRC,hummous,8
GRC,πλυντηριο π,8
GRC,tossue,8
GRC,Κρου,8
GRC,σουσάμ,8
GRC,πανακότα,8
GRC,παξυμαδι,8
GRC,χαρτί θ,8
GRC,ΓΙΑΟΥΡ,8
GRC,καφες καψουλ,8
GRC,almind,8
GRC,freeze,8
GRC,εμπλασ,8
GRC,δοκολατα,8
GRC,icd,8
GRC,πατατακια πιπερι,8
GRC,επισο,8
GRC,Danette,8
GRC,spagheti,8
GRC,qinoa,8
GRC,μπιφτεκοα,8
GRC,θυμιαμα,8
GRC,galaxy,8
GRC,πις,8
GRC,mpiskota,8
GRC,σακουλες για ρουχα,8
GRC,φουντούν,8
GRC,margari,8
GRC,louka,8
GRC,anu,8
GRC,pixza,8
GRC,borelo,8
GRC,καρπιυ,8
GRC,egb,8
GRC,δοχει,8
GRC,cleaning brush,8
GRC,ριζαλευρο,8
GRC,βαση για πιτσα,8
GRC,καλσο,8
GRC,μπαναβες,8
GRC,πράσινες πιπεριές,8
GRC,τριμμενο τυρ,8
GRC,για τα πιάτα,8
GRC,μπρουσκε,8
GRC,φαλά,8
GRC,πιπερις,8
GRC,μεγακωνω,8
GRC,slider,8
GRC,νερα μ,8
GRC,amota,8
GRC,μπηρες,8
GRC,σακτ,8
GRC,κρακρ,8
GRC,Μαρμελ,8
GRC,hills,8
GRC,KINDER,8
GRC,τσιφαρα,8
GRC,σταγονες κουβερτουρα,8
GRC,αυτοκολλητο,8
GRC,μεσοδο,8
GRC,kotex,8
GRC,pecans,8
GRC,sky high,8
GRC,τηλεφω,8
GRC,μπισκοτακια,8
GRC,dry shampo,8
GRC,frid,8
GRC,taj,8
GRC,kos,8
GRC,Nestle,8
GRC,κοφτο μακαρονακι,8
GRC,beev,8
GRC,καπου,8
GRC,ζεασ,8
GRC,ben',8
GRC,puta,8
GRC,natures promise,8
GRC,κοτοπουλο νωπο,8
GRC,ψητό κο,8
GRC,κρεσι,8
GRC,υσι,8
GRC,tirkey,8
GRC,bread cr,8
GRC,meallio,8
GRC,lax,8
GRC,χερτι υγειας,8
GRC,τυρια τριμενα,8
GRC,αναψι,8
GRC,alat,8
GRC,χαρτοι,8
GRC,batterie,8
GRC,πεπονο,8
GRC,κρεας μοσχαρι,8
GRC,lemon fanta,8
GRC,αντιβακτηριδιακα,8
GRC,σιζαρς,8
GRC,prosciuto,8
GRC,χαρτι τουαλέτας,8
GRC,παξομαδια,8
GRC,τυρόπιτες,8
GRC,cornflo,8
GRC,tortilia,8
GRC,διπ,8
GRC,wagyu,8
GRC,αυγοταραχο,8
GRC,καφες εσπ,8
GRC,κρπυασα,8
GRC,μπισκότα βουτύρου,8
GRC,VEGAN,8
GRC,ρύζι μπ,8
GRC,φακελα,8
GRC,creem,8
GRC,red cabbage,8
GRC,παραφινε,8
GRC,cant,8
GRC,νεροπιστολα,8
GRC,Onigiri,8
GRC,αλευρι α,8
GRC,ΚΑΡΟΤΑ,8
GRC,παγωθηκη,8
GRC,petc,8
GRC,unstoppables,8
GRC,creal,8
GRC,ρικα,8
GRC,node,8
GRC,cigga,8
GRC,σάλτς,8
GRC,1-2 bake,8
GRC,ντοματεδ,8
GRC,καπνιστη μπριζολα,8
GRC,χυμό ν,8
GRC,Άβα,8
GRC,νητ,8
GRC,σαμπουαν garnier,8
GRC,μπισκότα παπ,8
GRC,blue mint,8
GRC,Razor,8
GRC,αρρ,8
GRC,ανιθπς,8
GRC,kylnos,8
GRC,αστεράκι,8
GRC,weihen,8
GRC,υποκαταστατο,8
GRC,μυρμηγκι,8
GRC,psi,8
GRC,peele,8
GRC,crest,8
GRC,Σέλερι,8
GRC,AMITA,8
GRC,protein mousse,8
GRC,kipos,8
GRC,μπάρμπα σταθ,8
GRC,ενισχυτ,8
GRC,παιδικό σαμπουάν,8
GRC,δημητριακα βιολογικα,8
GRC,κρι κρι παγωτό,8
GRC,κιτρι,8
GRC,cherri,8
GRC,αψ,8
GRC,βιοχ,8
GRC,cedar,8
GRC,wax mel,8
GRC,elvive hydra,8
GRC,Πατατε,8
GRC,formula,8
GRC,Φρεσκουλ,8
GRC,παγωμενο,8
GRC,hair c,8
GRC,oyak,8
GRC,μακαρονια πρω,8
GRC,απε,8
GRC,coka zero,8
GRC,sushi ri,8
GRC,τετ,8
GRC,αλλοτινό,8
GRC,nescafe vanilla,8
GRC,αμερικανική,8
GRC,γιαουρτι complet,8
GRC,mrb,8
GRC,λουα,8
GRC,τασα,8
GRC,ζυμαριξα,8
GRC,gluten free tortilla,8
GRC,αποαμ,8
GRC,red pep,8
GRC,μπροκολπ,8
GRC,σφιυγγαρι,8
GRC,ποπεριες,8
GRC,κριθαρακι ολικης,8
GRC,whipe,8
GRC,φλυ,8
GRC,κονσέρβα γα,8
GRC,ρυζογο,8
GRC,ζανπον,8
GRC,venis,8
GRC,χαρτι υγιεας,8
GRC,σακουλες σκουπιδιων γιγας,8
GRC,ζάχαρη καρυ,8
GRC,flout,8
GRC,πορτοκαλαδα ολυμπος,8
GRC,Πιάτων,8
GRC,frau,8
GRC,κρυθαρ,8
GRC,γατιδ,8
GRC,αγω,8
GRC,serial,8
GRC,σιροπι βυ,8
GRC,φυσιολογικός,8
GRC,νεκα,8
GRC,μηχαν,8
GRC,philo,8
GRC,I’ve,8
GRC,Yeast,8
GRC,dettol σαπουνι,8
GRC,tec,8
GRC,ψωμί hot,8
GRC,γιαούρτι ροδοπ,8
GRC,ξηροι κατποι,8
GRC,prom,8
GRC,σακοτλες,8
GRC,pene,8
GRC,kampos,8
GRC,sxh,8
GRC,xart;i,8
GRC,michel,8
GRC,ζυμαρα,8
GRC,φρέσκο ψωμί,8
GRC,asian food,8
GRC,ξινή κρέμα,8
GRC,νεσκαφ,8
GRC,γιαύρτι,8
GRC,essie,8
GRC,stixx,8
GRC,βραστή γαλοπούλα,8
GRC,μπακε,8
GRC,πλακε,8
GRC,αραβοσιτέλαιο,8
GRC,mango lo,8
GRC,σκόνη πλυντηριου,8
GRC,eye drops,8
GRC,κουκανικο,8
GRC,alphro,8
GRC,κοτοπουλο τοστ,8
GRC,μπαρες χωρις ζαχαρη,8
GRC,κτι,8
GRC,tel,8
GRC,χσ,8
GRC,φρουτοπο,8
GRC,espresso c,8
GRC,got2be,8
GRC,hr,8
GRC,ποπο,8
GRC,πιπακια,8
GRC,fairu,8
GRC,nutree ba,8
GRC,λιβαν,8
GRC,γλάσο,8
GRC,trufle,8
GRC,Κιμα,8
GRC,rainbow,8
GRC,απολυμανση,8
GRC,γάντια νιτριλίου,8
GRC,Cher,8
GRC,eubos,8
GRC,τοματοχυμός,8
GRC,cutty,8
GRC,κρέμες γαλακτος,8
GRC,english breakfast,8
GRC,χωρις λαμτοζη,8
GRC,το πρωτο,8
GRC,Βερυκ,8
GRC,wodka,8
GRC,μουχ,8
GRC,μετεν,8
GRC,Mil,8
GRC,γευματ,8
GRC,Πατοι,8
GRC,minis,8
GRC,πιγκα,8
GRC,iorgut,8
GRC,γκυκ,8
GRC,ατμα,8
GRC,γαλοπουλε,8
GRC,φυλλα ρυζι,8
GRC,ποτιρι,8
GRC,ευχη,8
GRC,bake tolls,8
GRC,Πέννες,8
GRC,queijo,8
GRC,εκμεκ,8
GRC,melitt,8
GRC,στιγμής,8
GRC,πν,8
GRC,δημξτριακα,8
GRC,e14,8
GRC,biakal,8
GRC,σπαραγκ,8
GRC,νεορ,8
GRC,συλλεκτ,8
GRC,τομτα,8
GRC,κριθαροτο,8
GRC,USB,8
GRC,μπλοκ ζω,8
GRC,κενο,8
GRC,λιπος,8
GRC,σαπουνοφουσκες,8
GRC,κορίτσια,8
GRC,κουκακγ,8
GRC,φρυγανιερα,8
GRC,γαλα χωρις λακτοζ,8
GRC,γιαουρτια χωρις λακτοζη,8
GRC,απολε,8
GRC,ντορι,8
GRC,toolet,8
GRC,blanket,8
GRC,κελ,8
GRC,οκυ,8
GRC,petit mar,8
GRC,pon po,8
GRC,batat,8
GRC,χαερι,8
GRC,συρρ,8
GRC,pompom,8
GRC,Salami,8
GRC,παπαρουνο,8
GRC,χαρτι κοθζινας,8
GRC,γλυκαντι,8
GRC,LIPTON,8
GRC,βιταμινε,8
GRC,πρώτο,8
GRC,Αρα,8
GRC,women,8
GRC,σοκολατπυχο,8
GRC,parf,8
GRC,ποτήρια πλα,8
GRC,Dressing,8
GRC,εκθαμ,8
GRC,λιβ,8
GRC,ποτηρακ,8
GRC,tofunistas,8
GRC,γουμε,8
GRC,Μαιν,8
GRC,dove α,8
GRC,coloring,8
GRC,jlinex,8
GRC,κάψουλε,8
GRC,καθαριστικο πρ,8
GRC,γιαουρτι κρικρι,8
GRC,τυρι χωρις λακτοζη,8
GRC,Χαρτοπετσετες,8
GRC,pommes,8
GRC,κασιατα,8
GRC,Fant,8
GRC,μαγις,8
GRC,Ανθρα,8
GRC,goldfish,8
GRC,0% ζαχαρη,8
GRC,αξιαγάπητες,8
GRC,αποσμηρικο,8
GRC,σντι,8
GRC,ποκ,8
GRC,πιπεριας,8
GRC,επιδορπιο γ,8
GRC,χαρτινη,8
GRC,ελασ,8
GRC,membrane,8
GRC,εκχύλισμα βανίλια,8
GRC,κρεμμύδι φρεσκο,8
GRC,"Sfizio Μπισκότα Cantucci Αμυγδάλου, 200 g",8
GRC,αλιυ,8
GRC,smil,8
GRC,poy,8
GRC,κρεμΑ,8
GRC,ΜΠ,8
GRC,τραπε,8
GRC,γιαουρτια ολυμπος,8
GRC,οδοντοβουτ,8
GRC,βιολά,8
GRC,γιαουρτι ολυμ,8
GRC,aluminum foil,8
GRC,rafles,8
GRC,xin,8
GRC,ζαχρη,8
GRC,κουόπουλο,8
GRC,ρακί,8
GRC,καθαρισμός πρ,8
GRC,οινοπνευμα κα,8
GRC,lill,8
GRC,τυπο,8
GRC,βλαχ,8
GRC,ald,8
GRC,green λεμοναδα,8
GRC,regatt,8
GRC,Ar,8
GRC,wakamole,8
GRC,καθαριστηκα,8
GRC,arabica,8
GRC,prosi,8
GRC,παγτ,8
GRC,olio,8
GRC,pampers no1,8
GRC,philadelfeia,8
GRC,στοπ,8
GRC,φέρ,8
GRC,ανθρακουχα νερα,8
GRC,gul,8
GRC,ανδρικο,8
GRC,banof,8
GRC,τραπεζομαντιλο,8
GRC,freshk,8
GRC,Contrex,8
GRC,διαφάνεια,8
GRC,pab,8
GRC,without sugar,8
GRC,gerbal,8
GRC,Pads,8
GRC,χαρτί ψησιματος,8
GRC,κοτόπουλο ολόκληρο,8
GRC,ww,8
GRC,φρουι ζε,8
GRC,σιλι,8
GRC,Λεμό,8
GRC,σαμπουαμ,8
GRC,παγωτο nirvana,8
GRC,Johnnie,8
GRC,σκοινί,8
GRC,βάφ,8
GRC,γιΟυ,8
GRC,var,8
GRC,bon m,8
GRC,παγωτο χ,8
GRC,κουακε,8
GRC,υρι,8
GRC,seif,8
GRC,μαγα,8
GRC,Ζαγ,8
GRC,pidding,8
GRC,wild souls,8
GRC,γερμανικό ψωμί,8
GRC,ολυμπος ζωης,8
GRC,burger king,8
GRC,κεφιρ κουκακη,8
GRC,αγγουράκι τουρσι,8
GRC,αμιγδαλα,8
GRC,Κρήτης,8
GRC,ψωνί,8
GRC,φαρφ,8
GRC,ζαχαρί,8
GRC,μανιτσρια,8
GRC,rigattoni,8
GRC,καλυμα,8
GRC,σακούλες με,8
GRC,φετα 200,8
GRC,Watermelon,8
GRC,γαλοπουλα καπ,8
GRC,tip,8
GRC,Cok,8
GRC,Πατωμα,8
GRC,πραλίν,8
GRC,μοσχάρ,8
GRC,pepsi mac,8
GRC,ΔΥΟΣΜΟΣ,8
GRC,chicken organic,8
GRC,Μαιντ,8
GRC,kelogs,8
GRC,σιροπι σοκ,8
GRC,undon,8
GRC,Παπαδοπουλου,8
GRC,late,8
GRC,καφες κοκ,8
GRC,goat yoghurt,8
GRC,σιροπι αγ,8
GRC,Kraft,8
GRC,Απορρυπαντικό ρούχων,8
GRC,καρποβ,8
GRC,ψωμο τοστ,8
GRC,γαλοπούλα β,8
GRC,εκχυλισμ,8
GRC,naked,8
GRC,ηυ,8
GRC,goi,8
GRC,μεγβαλ,8
GRC,Gum,8
GRC,ψωμι βρ,8
GRC,καθαριστικό λεκάνης,8
GRC,oreo mini,8
GRC,live,8
GRC,στικ κανελας,8
GRC,farcom,8
GRC,πορτα,8
GRC,κρέμα καραμελέ,8
GRC,myprotein,8
GRC,Τυρί τρι,8
GRC,juice orange,8
GRC,ταχινι βιο,8
GRC,ρυζι κατεψυγμενο,8
GRC,ζαχαρη κρ,8
GRC,μασσαλια,8
GRC,πανες για σκυλους,8
GRC,chicken sauce,8
GRC,pite,8
GRC,Stevie,8
GRC,πατατακια country,8
GRC,εντον,8
GRC,λεμινια,8
GRC,milkp,8
GRC,3ce,8
GRC,παρά,8
GRC,ready food,8
GRC,ZERO,8
GRC,iso whey,8
GRC,μπουμοας,8
GRC,φρεσκουληα,8
GRC,blue berr,8
GRC,diff,8
GRC,κατοπουλο,8
GRC,παγοκυς,8
GRC,μορωμ,8
GRC,ειδη ζαχαροπλαστικης,8
GRC,milnee,8
GRC,γαλα για καφε,8
GRC,λαδι τρου,8
GRC,milk free,8
GRC,theramed,8
GRC,contact,8
GRC,bresd,8
GRC,bayl,8
GRC,κοροπο,8
GRC,ξηρή μαγ,8
GRC,γαλα φουντουκιου,8
GRC,καρπουζια,8
GRC,rice cales,8
GRC,cg,8
GRC,Santa,8
GRC,giri,8
GRC,adrenalyn,8
GRC,timotei,8
GRC,το πρωτο μου,8
GRC,κερί γενε,8
GRC,σκόρδο τριμμένο,8
GRC,ice b,8
GRC,slat,8
GRC,καφες στιγμια,8
GRC,ταιχλ,8
GRC,tan oil,8
GRC,jasmin rice,8
GRC,frezyde,8
GRC,αντρικό,8
GRC,milc,8
GRC,ελασσονα,8
GRC,tako,8
GRC,evey,8
GRC,σχοινόπρασο,8
GRC,mack,8
GRC,statb,8
GRC,βουτρο,8
GRC,ανθοτυρπ,8
GRC,laundry pod,8
GRC,alpro barista,8
GRC,τσιμπιδακ,8
GRC,πλυμπος,8
GRC,Σολωμο,8
GRC,πατς,8
GRC,mili,8
GRC,ceta,8
GRC,nono,8
GRC,δυσο,8
GRC,evg,8
GRC,chci,8
GRC,μπιζ,8
GRC,salt and vin,8
GRC,tsili,8
GRC,Alp,8
GRC,crisp bread,8
GRC,αμερικανικ,8
GRC,baru,8
GRC,ανυγδαλου,8
GRC,κασερι γαλοπουλα,8
GRC,αταγονες,8
GRC,mastica,8
GRC,σακιυλ,8
GRC,βιτε,8
GRC,αλάτι χον,8
GRC,μοισ,8
GRC,γάλα 1.5,8
GRC,parch,8
GRC,λαμπριντι,8
GRC,μερίδες,8
GRC,Κολοκυθάκια,8
GRC,tirotr,8
GRC,amstel free,8
GRC,τηγανοψωμο,8
GRC,καρροτα,8
GRC,λαζανακ,8
GRC,νιφά,8
GRC,αγνοτις,8
GRC,κονσρ,8
GRC,παιδικη οδο,8
GRC,noxi,8
GRC,βαλσαμικπ,8
GRC,χάρτινη,8
GRC,lefir,8
GRC,zip loc,8
GRC,fasolakia,8
GRC,συσκευ,8
GRC,chw,8
GRC,ΣΑΛΤΣΑ,8
GRC,stevia cola,8
GRC,frozen fru,8
GRC,qin,8
GRC,μαγια ξ,8
GRC,μαρμελαδα συκο,8
GRC,γκυκοπ,8
GRC,πιπίλα,8
GRC,tofou,8
GRC,γάλα πληρες,8
GRC,Κρις κρις,8
GRC,ske,8
GRC,φερε,8
GRC,πάνες ε,8
GRC,υγρας,8
GRC,churos,8
GRC,Esti,8
GRC,παιδικό σαμπουαν,8
GRC,ther,8
GRC,iper,8
GRC,starvucks,8
GRC,sals,8
GRC,μωρομαντηλς,8
GRC,ανεξ,8
GRC,μωρομαβ,8
GRC,head and s,8
GRC,ρεβυθο,8
GRC,ΡΥ,8
GRC,κλωστή,8
GRC,σταγόνε,8
GRC,rotisserie chicken,8
GRC,medjool,8
GRC,cheece,8
GRC,οδοντόκρεμε,8
GRC,γιαουρτι δωδω,8
GRC,diet pepsi,8
GRC,αποσμητικό ποδιών,8
GRC,μπιφτεξια,8
GRC,moneter,8
GRC,ρύζι γλασ,8
GRC,τσάν,8
GRC,hab,8
GRC,Absolute,8
GRC,garnier botanic therapy,8
GRC,ferrer,8
GRC,shrip,8
GRC,νισε,8
GRC,χυμός μπανάνα,8
GRC,γιαουρτι πρω,8
GRC,nivea αποσμητικο,8
GRC,sea salt spray,8
GRC,μαλακτοκο,8
GRC,ζύμη πιτσας,8
GRC,φετα ελαφρυ,8
GRC,τορτιφ,8
GRC,disney,8
GRC,φυλλο χωριατικο,8
GRC,cecc,8
GRC,παστουρ,8
GRC,braun,8
GRC,φρεσκα κρεμμυδια,8
GRC,ρεβυθα,8
GRC,γιλ,8
GRC,ολυμπος πορτοκαλι,8
GRC,springles,8
GRC,πεστρο,8
GRC,Haig,8
GRC,taif,8
GRC,Κάμπος χιου,8
GRC,βρασ,8
GRC,γιαοθρτια,8
GRC,label,8
GRC,αυγα β,8
GRC,alpro matcha,8
GRC,εσωρου,8
GRC,de make,8
GRC,πατζάρια,8
GRC,πστ,8
GRC,ετα,8
GRC,μαντολάτο,8
GRC,wet tissue,8
GRC,αλεσμένος,8
GRC,Bol,8
GRC,φυτικο γ,8
GRC,fren,8
GRC,aluminiu,8
GRC,γαλιπου,8
GRC,κάβα,8
GRC,skittl,8
GRC,nt,8
GRC,protein chip,8
GRC,αποσμιτικα,8
GRC,jig,8
GRC,χαλί,8
GRC,κρέμα μ,8
GRC,παραφινελαιο,8
GRC,εργαλεια,8
GRC,μαρκαδορο,8
GRC,tinic,8
GRC,αφουγγαρια,8
GRC,μοσχαρίσιο,8
GRC,παγωτο βανίλια,8
GRC,Jack,8
GRC,κατεψυγμένα λαχα,8
GRC,life καρπουζι,8
GRC,pei,8
GRC,cryst,8
GRC,ζθ,8
GRC,planet no sugar,8
GRC,dog bag,8
GRC,toal,8
GRC,μπυρα 500,8
GRC,βούρτσα μαλλιών,8
GRC,protein chocolate,8
GRC,chopped tomato,8
GRC,ντοκατα,8
GRC,topokki,8
GRC,workout,8
GRC,γαλοπούλα κα,8
GRC,moistur,8
GRC,tig,8
GRC,glutten free,8
GRC,καφες στιγ,8
GRC,χάρτινα ποτηρια,8
GRC,Italian,8
GRC,χαρτι κουχινας,8
GRC,τυρί φέτε,8
GRC,klinex ultra,8
GRC,γιαούρτι κα,8
GRC,νεκρα,8
GRC,χυμός ρο,8
GRC,γν,8
GRC,babywipes,8
GRC,γάλα κουκα,8
GRC,σβηστρα,8
GRC,mvro,8
GRC,σερβιετάκ,8
GRC,Μαντηλακια,8
GRC,νερο εμφ,8
GRC,κρεμα γιω,8
GRC,αλμπινισης,8
GRC,vasilopoulos,8
GRC,αχα,8
GRC,oesto,8
GRC,coffee milk,8
GRC,μελεκο,8
GRC,πλυσιμο πιατων,8
GRC,powd,8
GRC,ψυμος,8
GRC,αλμπι,8
GRC,area protein,8
GRC,drop,8
GRC,mosx,8
GRC,baked bean,8
GRC,κορν φλαου,8
GRC,Φακε,8
GRC,σοφά,8
GRC,παιδικη οδοντοκρεμα,8
GRC,κρεοπωλεί,8
GRC,μικρό,8
GRC,nescae,8
GRC,earth,8
GRC,dann,8
GRC,pilsbury,8
GRC,καλωδια,8
GRC,eat re,8
GRC,χρωματιστη τρουφα,8
GRC,pholade,8
GRC,τζο,8
GRC,creams,8
GRC,μενιταρια,8
GRC,καφές στιγμιαίος,8
GRC,Bi,8
GRC,maintanos,8
GRC,πηρούνια,8
GRC,παγώ,7
GRC,κτεμοσαπουνο,7
GRC,στρατσια,7
GRC,santo,7
GRC,σιγ,7
GRC,vat 69,7
GRC,kritsi,7
GRC,domaine,7
GRC,Αμιτα,7
GRC,nutritional yeast,7
GRC,vape veev,7
GRC,τορτογιες,7
GRC,κούρασαν,7
GRC,hatibo,7
GRC,pineappl,7
GRC,μθ,7
GRC,εύρ,7
GRC,νανου,7
GRC,mikner,7
GRC,llinex,7
GRC,apinach,7
GRC,90,7
GRC,Ταμπόν,7
GRC,free range eggs,7
GRC,λαστιχάκι,7
GRC,εροιμα,7
GRC,Dorit,7
GRC,λωρινη,7
GRC,χωρις ζαχαρη μπισκοτα,7
GRC,mpeikon,7
GRC,κπανανες,7
GRC,Χαρτί υ,7
GRC,μακακτι,7
GRC,mino,7
GRC,σταφυδ,7
GRC,μπατζαρια,7
GRC,farfal,7
GRC,ανθτ,7
GRC,τυρί τρυμ,7
GRC,cocaa,7
GRC,CO,7
GRC,wert,7
GRC,Βυσσινάδα,7
GRC,τα ινι,7
GRC,πανακια μικροι,7
GRC,κρι κει,7
GRC,brown s,7
GRC,σοδα με λεμονι,7
GRC,cocola,7
GRC,greek togurt,7
GRC,May,7
GRC,γιαούρτι χωρίς λακτ,7
GRC,γενικής χρήσης,7
GRC,μυρα,7
GRC,μαύρο σουσάμι,7
GRC,baling soda,7
GRC,χορι,7
GRC,τοκ,7
GRC,acau,7
GRC,αλευρι κιτρινο,7
GRC,παγωο,7
GRC,turkey s,7
GRC,tsixles,7
GRC,odor,7
GRC,σπυσαμι,7
GRC,bottled water,7
GRC,butter salt,7
GRC,lipton green,7
GRC,πινκ,7
GRC,τυρι κατσι,7
GRC,ροδοπη κατσ,7
GRC,μακαρόνια λιγκουίνι,7
GRC,χαρτομάντηλ,7
GRC,μπισκότα π,7
GRC,πιζζα,7
GRC,kie,7
GRC,αποσκληρυντ,7
GRC,ρούχ,7
GRC,starbucks caramel,7
GRC,rice b,7
GRC,βαμμενα,7
GRC,βη,7
GRC,Peanut butter,7
GRC,beef stick,7
GRC,κιυβερτουρα,7
GRC,jiff,7
GRC,k2r,7
GRC,healrhy,7
GRC,קרח,7
GRC,algoda,7
GRC,ντομτ,7
GRC,διφασικο,7
GRC,mini ice,7
GRC,toast cheese,7
GRC,απορη,7
GRC,σαλτσα τ,7
GRC,πατατεκια,7
GRC,freskoul,7
GRC,σαμπουαν μπυρας,7
GRC,κουκουβαρι,7
GRC,salsa dip,7
GRC,κουβερτούρα στεβια,7
GRC,σοδα πλ,7
GRC,γιαουρτι α,7
GRC,pasta whole,7
GRC,coock,7
GRC,heating,7
GRC,ΣΑΜΠΟΥΑΝ,7
GRC,κουνιυ,7
GRC,κοτολετες,7
GRC,κρέμα βαν,7
GRC,ηλιέλ,7
GRC,finetti,7
GRC,soil,7
GRC,εοδα,7
GRC,πάγπς,7
GRC,Ρο,7
GRC,αντικουνουπικο σπρει,7
GRC,παστα ε,7
GRC,μαντηλάκ,7
GRC,ΠΑΤΑ,7
GRC,παγωτα χω,7
GRC,roast chicken,7
GRC,tenaci,7
GRC,Φασο,7
GRC,κερι γεν,7
GRC,φιλετίνια,7
GRC,Προσουτο,7
GRC,δελτα ροφημα,7
GRC,svel,7
GRC,συσφ,7
GRC,bubb,7
GRC,minder,7
GRC,μπάρες δημητριακ,7
GRC,μαλλακτικα,7
GRC,γσλοπ,7
GRC,τουλα,7
GRC,ψωμι για burger,7
GRC,swepped,7
GRC,κόκκινη πιπερια,7
GRC,γκοφτ,7
GRC,νουνου ε,7
GRC,sanny,7
GRC,adorables,7
GRC,stop,7
GRC,καθαριστικό πλυντηρίου ρούχων,7
GRC,goj,7
GRC,ταινίες αποτρίχωσης,7
GRC,Νουντλς,7
GRC,fol,7
GRC,ευρηλα,7
GRC,ντοσιε,7
GRC,Cat,7
GRC,antacid,7
GRC,φουσκα,7
GRC,ψωμακια μπεργκερ,7
GRC,γιαούρτι λακτόζη,7
GRC,διατροφική μαγια,7
GRC,βουτητο,7
GRC,πορτοκαλάδ,7
GRC,refreshing drink,7
GRC,παιδικό για,7
GRC,γιαυο,7
GRC,μπακλαβα,7
GRC,sea weed,7
GRC,διόσμος,7
GRC,φραοε,7
GRC,χαδτ,7
GRC,χαλβαδακι,7
GRC,βαφες μαλλι,7
GRC,fage 5,7
GRC,γιοτης,7
GRC,λιγκουινο,7
GRC,μαρμαλ,7
GRC,starbuk,7
GRC,pantyhose,7
GRC,Εντο,7
GRC,rasbery,7
GRC,cigarre,7
GRC,Ζυμ,7
GRC,refbull,7
GRC,καρελια χρυση,7
GRC,εμφιαλωμένα,7
GRC,γαλακτομα,7
GRC,γαλοπουλα φουαντρε,7
GRC,olivr,7
GRC,watermelom,7
GRC,sundae,7
GRC,Χλ,7
GRC,γάλα kid,7
GRC,γιαουυ,7
GRC,πράσινο μήλο,7
GRC,him,7
GRC,Όλυμπος γάλα,7
GRC,panka,7
GRC,Batiste,7
GRC,horta,7
GRC,Άλφα,7
GRC,σαπουνι μπαρα,7
GRC,σκορδο τριμμενο,7
GRC,γαλομ,7
GRC,ΜΑΛΑΚ,7
GRC,hair bru,7
GRC,motch,7
GRC,rodo,7
GRC,τγρ,7
GRC,gir,7
GRC,γάλα νουνού,7
GRC,στοματικό διαλυ,7
GRC,domino,7
GRC,ανθρακουζο,7
GRC,κασέρι τριμμένο,7
GRC,katsup,7
GRC,ποντικοπαγιδα,7
GRC,σανπ,7
GRC,κρά,7
GRC,τεα,7
GRC,μπιφτέκια κοτοπουλο,7
GRC,δοσο,7
GRC,τριμμενη καρ,7
GRC,μωρμ,7
GRC,naxhos,7
GRC,τυρι γι,7
GRC,μπογιές,7
GRC,στεργου,7
GRC,greek frozen yogurt,7
GRC,cheese protein,7
GRC,φυστικοω,7
GRC,επο,7
GRC,κοφινακι,7
GRC,θυμαρι φρεσκο,7
GRC,μαυρη ζαχ,7
GRC,χεας,7
GRC,theram,7
GRC,ria,7
GRC,ψετα,7
GRC,vhips,7
GRC,σοκολάτα 70,7
GRC,παγωμενο τσαι,7
GRC,GIAOYRTI,7
GRC,ψωμί μ,7
GRC,αλλατίνη,7
GRC,firness,7
GRC,vitalinw,7
GRC,eas,7
GRC,αλκολ,7
GRC,χαρτί μ,7
GRC,ΟΜΟ,7
GRC,Λιπαντικό,7
GRC,moshato,7
GRC,σβαν,7
GRC,panini wo,7
GRC,kous,7
GRC,φυτιν,7
GRC,lacya,7
GRC,chocholate,7
GRC,mokt,7
GRC,ακτινοδια,7
GRC,κρασι λ,7
GRC,ΧΛ,7
GRC,terea russ,7
GRC,φυστκο,7
GRC,yop,7
GRC,Parmigiano,7
GRC,Cadbury,7
GRC,mikro,7
GRC,κρεμα γαλακυος,7
GRC,τγρο πιατων,7
GRC,humi,7
GRC,αμμος γα,7
GRC,sudoku,7
GRC,ceeam,7
GRC,κευ,7
GRC,sandwhi,7
GRC,σαγιοναρε,7
GRC,dd,7
GRC,ving,7
GRC,sugar killer,7
GRC,roast beef,7
GRC,freezer bags,7
GRC,monster mango,7
GRC,ambre sola,7
GRC,dettl,7
GRC,γλυκάκι,7
GRC,νερό με,7
GRC,ζελε σκον,7
GRC,Θαλάσσης,7
GRC,κρητη,7
GRC,disc,7
GRC,καφε ζαχαρη,7
GRC,kinder αυγο,7
GRC,Μερ,7
GRC,red on,7
GRC,consi,7
GRC,νυστ,7
GRC,κιχ,7
GRC,ισοθερμική,7
GRC,kapnos,7
GRC,ΓΛΥΚΟ,7
GRC,παλιροια,7
GRC,καστανη ζ,7
GRC,ξυνι,7
GRC,βαλερ,7
GRC,nesspreso,7
GRC,ζλε,7
GRC,my markey,7
GRC,laca,7
GRC,squa,7
GRC,κουκαη,7
GRC,ξύλ,7
GRC,παξιμαφ,7
GRC,four,7
GRC,σταφιδοψωμο,7
GRC,sweetpo,7
GRC,everest,7
GRC,ολυμπος γάλα,7
GRC,bok,7
GRC,water bott,7
GRC,Guan,7
GRC,coconur,7
GRC,tomato souce,7
GRC,αφρο ξυρ,7
GRC,primadog,7
GRC,van hol,7
GRC,κριμ,7
GRC,μυθ,7
GRC,moe,7
GRC,philosophy,7
GRC,aceite,7
GRC,σπάγκος,7
GRC,κρεμα χερι,7
GRC,asian market,7
GRC,λουκουμαδ,7
GRC,ferri,7
GRC,spelt,7
GRC,Green col,7
GRC,Μπισκ,7
GRC,χυμός πορτοκα,7
GRC,μαυρη βαφη,7
GRC,τεκί,7
GRC,laundry powder,7
GRC,πατατες προτη,7
GRC,φρουτόκρεμα,7
GRC,anatoli,7
GRC,caste,7
GRC,σερβιετεα,7
GRC,olive oil spray,7
GRC,δαρεμα,7
GRC,bugles,7
GRC,xantham,7
GRC,αντσουγιες,7
GRC,xagori,7
GRC,grr,7
GRC,axe africa,7
GRC,pophouse,7
GRC,μαιτ,7
GRC,αγαθη,7
GRC,φαρίν λακτε,7
GRC,τυρί τιστ,7
GRC,αλάτι πλυντη,7
GRC,λαμπρυντικ,7
GRC,vefan,7
GRC,ΧΛΩΡ,7
GRC,αμφιλοχιας,7
GRC,glyc,7
GRC,θεμα,7
GRC,αλεύρι ρυζιού,7
GRC,malak,7
GRC,πένε,7
GRC,πτιμπ,7
GRC,ασπρασι,7
GRC,wioes,7
GRC,χαρρο,7
GRC,gustona,7
GRC,σνακσ,7
GRC,λευκο ξυδ,7
GRC,allerg,7
GRC,vitalia,7
GRC,πυλινο,7
GRC,oleo,7
GRC,my mat,7
GRC,DETOL,7
GRC,risot,7
GRC,Μάννα,7
GRC,έτοιμο γευμα,7
GRC,Μο,7
GRC,bakin pow,7
GRC,κοττ,7
GRC,Χατζ,7
GRC,parmegianno,7
GRC,παντοφλα,7
GRC,μπύρα χωρ,7
GRC,σαπουνοθηκη,7
GRC,τυρι σε φετ,7
GRC,peach yogurt,7
GRC,αυγά ε,7
GRC,κόκκοι καφέ,7
GRC,μπισκότα πα,7
GRC,ποτηράκια μιας χρήσης,7
GRC,καλαματα,7
GRC,παραδο,7
GRC,fage 0,7
GRC,cologne,7
GRC,νεροχυτη,7
GRC,αφριλουτρο,7
GRC,L’,7
GRC,optimum nutr,7
GRC,peache,7
GRC,dark chocolat,7
GRC,προσούτ,7
GRC,nude,7
GRC,cinnamon rolls,7
GRC,δροσερή,7
GRC,parfu,7
GRC,soy sauc,7
GRC,peanut m,7
GRC,fitme,7
GRC,frezyla,7
GRC,αβ Βασιλόπουλος,7
GRC,τυρι τρικαλινο,7
GRC,fresh b,7
GRC,γάλα μεβγ,7
GRC,δημητριακα ολικης,7
GRC,λούξ,7
GRC,make up re,7
GRC,Llama,7
GRC,κρυσταλλική,7
GRC,πάνες ενηλ,7
GRC,καιαριστικα,7
GRC,creme frai,7
GRC,κραγιόν,7
GRC,ΧΑΤΖΗ,7
GRC,ool,7
GRC,σταδ,7
GRC,καθαριστικό πλυντ,7
GRC,καραμελωμενα κρεμμυδια,7
GRC,ρυζογλο,7
GRC,φασολαδ,7
GRC,αμστ,7
GRC,jaeger,7
GRC,καψουλες κ,7
GRC,τυρί γραβιέρα,7
GRC,μουσυ,7
GRC,golden virgini,7
GRC,almond cone,7
GRC,δρισκας,7
GRC,kur,7
GRC,again,7
GRC,planet παγωτά,7
GRC,Plant based,7
GRC,rib e,7
GRC,καφες ντεκαφ,7
GRC,παγωττ,7
GRC,Χρωμοπαγιδες,7
GRC,γιοτ,7
GRC,μπανε,7
GRC,ψητη,7
GRC,vegan παγ,7
GRC,καθαριστικο πλυντηριου ρουχων,7
GRC,πιπεριρ,7
GRC,αφαλατωση,7
GRC,lemin,7
GRC,chips truffle,7
GRC,Μυρτ,7
GRC,μαλακτικά ρούχων,7
GRC,φυτικό γα,7
GRC,μερέντ,7
GRC,φτερουγ,7
GRC,Brio,7
GRC,Χαρτί Υγείας,7
GRC,fetu,7
GRC,βουτγ,7
GRC,αύρα,7
GRC,κολυμ,7
GRC,casamigos,7
GRC,κεεμμυδι,7
GRC,cornst,7
GRC,παρμεσανα,7
GRC,σκονη πληντυριου,7
GRC,αναμα,7
GRC,παγωτό βα,7
GRC,no sugar bread,7
GRC,αγγελα,7
GRC,μπλέ,7
GRC,πγωτο,7
GRC,δαφνοφ,7
GRC,ανψυ,7
GRC,ψωμι προ,7
GRC,kotop,7
GRC,φυτικό γιαούρτι,7
GRC,παγωτά χωρίς ζάχαρη,7
GRC,calc,7
GRC,roze,7
GRC,houda,7
GRC,αγκιναρα,7
GRC,τσαι life,7
GRC,prepaid,7
GRC,Τζιντζερ,7
GRC,neut,7
GRC,nasal spray,7
GRC,τόμο,7
GRC,saints,7
GRC,ρυχογκοφρετες,7
GRC,coca l,7
GRC,noyno,7
GRC,καλαμακια κοτοπουλο,7
GRC,χαρτιά υγε,7
GRC,masks,7
GRC,frisome,7
GRC,pampers spl,7
GRC,απορρύαντικο,7
GRC,κυβο λαχανικων,7
GRC,redken,7
GRC,υγτο,7
GRC,πλύσιμο στο χερι,7
GRC,la peti,7
GRC,boullion,7
GRC,απολυμαντικο πλυντηριου,7
GRC,ευαίσθητα,7
GRC,paccheri,7
GRC,σκελίδα σκόρδο,7
GRC,κεα,7
GRC,χαλκιαδ,7
GRC,τυρι γκ,7
GRC,αφρολουτρο axe,7
GRC,bulk,7
GRC,nutrici,7
GRC,φυσιολογικό,7
GRC,βερυκι,7
GRC,κοτόπουλο στη,7
GRC,microf,7
GRC,σταφιδο,7
GRC,βρυξ,7
GRC,maic,7
GRC,Τζατζικι,7
GRC,bill,7
GRC,κοραλακ,7
GRC,πρωτεΐ,7
GRC,minced chicken,7
GRC,bondu,7
GRC,salmon smoked,7
GRC,mera,7
GRC,υγρό για το πάτωμα,7
GRC,ελ Γκρέκο,7
GRC,protein tort,7
GRC,avena,7
GRC,Go,7
GRC,κρεμα συγκαματος,7
GRC,0% παγωτο,7
GRC,φρυγανιά τ,7
GRC,room spray,7
GRC,αλευρι πιτσα,7
GRC,ταχινι πορτοκαλι,7
GRC,πορτοκαλοπ,7
GRC,Παρμ,7
GRC,γαντια μαγειρικης,7
GRC,tim,7
GRC,νεκτρα,7
GRC,βανιλίν,7
GRC,ξυνπ,7
GRC,cheese sauce,7
GRC,Creta farms,7
GRC,sex on the beach,7
GRC,wape,7
GRC,χαρτοβ,7
GRC,bert,7
GRC,green βυ,7
GRC,terrea sie,7
GRC,καθαριστικό πλυντηρ,7
GRC,ζύμη πι,7
GRC,sigare,7
GRC,xantha,7
GRC,νερο θεο,7
GRC,zr,7
GRC,Αποσμητικά,7
GRC,ρύζι γλα,7
GRC,peponi,7
GRC,αντλία,7
GRC,stwvia,7
GRC,ευζιου,7
GRC,γιαουρτι πρωτεινης,7
GRC,haz,7
GRC,alpro soy,7
GRC,μακαρόνια παστιτσιο,7
GRC,dist,7
GRC,κφ,7
GRC,Se,7
GRC,Κουταλ,7
GRC,αρμη,7
GRC,kalampoki,7
GRC,xh,7
GRC,fahe,7
GRC,Μεγαλώνω,7
GRC,μπακετ,7
GRC,wd40,7
GRC,μελι θυμαρισιο,7
GRC,κοχυλακια,7
GRC,ρολο χ,7
GRC,σαμπουάν παιδικο,7
GRC,sour patc,7
GRC,μετσοβ,7
GRC,αποσμξτ,7
GRC,κτεμμυδι,7
GRC,hambur,7
GRC,vitamin well,7
GRC,Πιτ,7
GRC,charg,7
GRC,κουοποθλο,7
GRC,αφροντουζ,7
GRC,αστερα,7
GRC,παταταλ,7
GRC,Κατεψυγμενα,7
GRC,torteli,7
GRC,τσιγαρα κα,7
GRC,βις,7
GRC,χυμο λεμο,7
GRC,Abso,7
GRC,βιολογικε,7
GRC,jan,7
GRC,αφρολουρο,7
GRC,φουσκο,7
GRC,marble,7
GRC,painkiller,7
GRC,otr,7
GRC,Ρετσίνα,7
GRC,κολοκυθοκεφτεδες,7
GRC,λς,7
GRC,cleansing,7
GRC,γάλα βιολο,7
GRC,ντελι,7
GRC,πορτοξ,7
GRC,Τε,7
GRC,jumper,7
GRC,Nairn,7
GRC,τριμμενξ,7
GRC,ceri,7
GRC,παγοκυψελε,7
GRC,πρπφυ,7
GRC,μαγειρευτ,7
GRC,pastitsio,7
GRC,fizz,7
GRC,γερα,7
GRC,φρυγανιές χωρίς,7
GRC,prs,7
GRC,φυτοχωμα,7
GRC,σχινοπ,7
GRC,παμπε,7
GRC,skippy,7
GRC,chocolate ice cream,7
GRC,Schw,7
GRC,χούμο,7
GRC,maione,7
GRC,wiles,7
GRC,καβουροψιχα,7
GRC,Σαμπο,7
GRC,λυμα,7
GRC,ελλιες,7
GRC,σαπούνι προ,7
GRC,Nori,7
GRC,alpila,7
GRC,αντιμου,7
GRC,τυρί φέτ,7
GRC,ρονος,7
GRC,χατι υγειας,7
GRC,resees,7
GRC,Holly,7
GRC,ξο,7
GRC,πατατακια φουρν,7
GRC,λαδιού,7
GRC,φουντουκοβου,7
GRC,αλλειμμα,7
GRC,camel activate,7
GRC,κρασί κ,7
GRC,babylino pants no 8,7
GRC,αμπου,7
GRC,απορρυπαντικό για τα πιάτα,7
GRC,σοκολάτα μαυρη,7
GRC,naco,7
GRC,κοχυλα,7
GRC,σφουγκαρακι,7
GRC,cookie cri,7
GRC,Χαρτι υγ,7
GRC,zue,7
GRC,sanitas μεμβρανη,7
GRC,giaoy,7
GRC,terrea tir,7
GRC,φλιτζάνι,7
GRC,φυστικιου,7
GRC,ξηρή μ,7
GRC,Λουκανικ,7
GRC,Σακουλάκια,7
GRC,μακαρόνια π,7
GRC,ΑΓΓΟΥΡΙΑ,7
GRC,αφτι,7
GRC,bry,7
GRC,consen,7
GRC,κρεμοσαποθ,7
GRC,μαγιονεζε,7
GRC,doughnut,7
GRC,γαλοπούλα βρ,7
GRC,ψωμί φ,7
GRC,ριχ,7
GRC,καραμέλε,7
GRC,gazo,7
GRC,rafael,7
GRC,tyre,7
GRC,υγρη στεβια,7
GRC,οινοπνευμα λοσιον,7
GRC,ινδική,7
GRC,γλυκά σνακ,7
GRC,αυτιών,7
GRC,excell,7
GRC,spring fresh,7
GRC,γιαουρτι ο,7
GRC,holyllama,7
GRC,ζυμαρο,7
GRC,coofe,7
GRC,οδο τ,7
GRC,ud,7
GRC,Chupa,7
GRC,χωρίς ζάχ,7
GRC,πιστολ,7
GRC,elsabor,7
GRC,πρασινο τσα,7
GRC,χψ,7
GRC,χωρις αλκοολ μπυρα,7
GRC,ταο,7
GRC,μπουτα,7
GRC,devil,7
GRC,pampers 99,7
GRC,smoked cheese,7
GRC,ξξ,7
GRC,douche,7
GRC,dt,7
GRC,pop bake,7
GRC,χαρυο,7
GRC,γαλοπουλες,7
GRC,γιαουρτι alpro,7
GRC,dove invisible,7
GRC,κουβερτουρα σταγονες,7
GRC,σδ,7
GRC,υγρα π,7
GRC,χαλαουα,7
GRC,grai,7
GRC,ξυδι λε,7
GRC,solom,7
GRC,ζελε σταμου,7
GRC,chicken liver,7
GRC,Χαρτί Κουζίνας,7
GRC,τνο,7
GRC,καλαμποκελαι,7
GRC,υποκατα,7
GRC,Αραβικη,7
GRC,Pom,7
GRC,μακαρονια πασ,7
GRC,σφουγγαρισμ,7
GRC,καφεα,7
GRC,flaxseed,7
GRC,won,7
GRC,μπρουσκετα,7
GRC,φραουλες κατεψυγμενες,7
GRC,coca cola zeri,7
GRC,durex gel,7
GRC,σγουγγαριστρα,7
GRC,kvas,7
GRC,εβαλορε,7
GRC,28.07.26,7
GRC,νλ,7
GRC,ταχίνι με μελι,7
GRC,befeater,7
GRC,ρόφημα πρωτεΐνης,7
GRC,ammo,7
GRC,noxzema tal,7
GRC,σερβετες,7
GRC,icecube,7
GRC,Campari,7
GRC,τρυμενο τυρι,7
GRC,protein yog,7
GRC,κοκοκυθ,7
GRC,Σαντουιτς,7
GRC,ice crram,7
GRC,μπαρες παπαδοπουλου,7
GRC,καθαριστικό πλυ,7
GRC,λαδι τρο,7
GRC,γιαουρτι βιολ,7
GRC,loca,7
GRC,μπορα,7
GRC,wit,7
GRC,αζερα,7
GRC,Κότατζ,7
GRC,Winston blue,7
GRC,τορτογια,7
GRC,μαλακτικό μαλλιων,7
GRC,tortilla mini,7
GRC,prong,7
GRC,dove αποσμητικό,7
GRC,raw paper,7
GRC,kolio,7
GRC,ψωμί μπέργκερ,7
GRC,milk free lactose,7
GRC,τσιγγαρα,7
GRC,ντοματα bio,7
GRC,white egg,7
GRC,κρεμοσαπουμο,7
GRC,μουταβ,7
GRC,seaso,7
GRC,inst,7
GRC,ξεβου,7
GRC,baby shower,7
GRC,μαρούλια,7
GRC,ξδι,7
GRC,γατοτροφξ,7
GRC,pantene cond,7
GRC,marseill,7
GRC,αφρολοτρο,7
GRC,rie,7
GRC,κατσαριδε,7
GRC,δερβι,7
GRC,σαπουνι ευαισθητης,7
GRC,κρεμα πο,7
GRC,rotal,7
GRC,Κοφτο,7
GRC,srar,7
GRC,kimt,7
GRC,indo,7
GRC,marcha,7
GRC,M&m,7
GRC,μεσκα,7
GRC,φυτιλ,7
GRC,νου ου,7
GRC,κρέμες γάλακτος,7
GRC,Κάσιους,7
GRC,τυρι κομμάτι,7
GRC,γαριδρς,7
GRC,αρμ,7
GRC,οδοκρεμα,7
GRC,cheese vegan,7
GRC,νερα θεωνη,7
GRC,φρασκουλης,7
GRC,Ben & Jerry’s,7
GRC,instant coffe,7
GRC,gard,7
GRC,σογια σως,7
GRC,aceto,7
GRC,water wioes,7
GRC,αστε,7
GRC,παγωτο βαν,7
GRC,Chopsticks,7
GRC,μαλακρι,7
GRC,souo,7
GRC,Blueb,7
GRC,garofallo,7
GRC,monte,7
GRC,protein ic,7
GRC,proch,7
GRC,pharm,7
GRC,drink ea,7
GRC,moctai,7
GRC,ωερο,7
GRC,old holdborn,7
GRC,world c,7
GRC,γενε,7
GRC,παπαγαλος,7
GRC,cheaps,7
GRC,humis,7
GRC,πατατες πρ,7
GRC,κολλιανδρο,7
GRC,τσάι ολ,7
GRC,πυρες,7
GRC,σοκολάτε,7
GRC,ricco,7
GRC,κάψουλες πλυντήριο,7
GRC,αμυγδάλο,7
GRC,ipo,7
GRC,πισκ,7
GRC,κατσικίσιο τ,7
GRC,πιπεριά φλωρινης,7
GRC,gateau,7
GRC,ποπερ,7
GRC,αναπνευστηρας,7
GRC,go nutri,7
GRC,φρεντο,7
GRC,soupline μαλακτικό,7
GRC,μαύρα φασόλια,7
GRC,rice noodle,7
GRC,buldak noodles,7
GRC,Φε,7
GRC,χαρτί υη,7
GRC,αλάτων,7
GRC,shugar,7
GRC,φυσικο μετα,7
GRC,γλειφιτζ,7
GRC,roche,7
GRC,abga,7
GRC,tamen,7
GRC,αοκολατ,7
GRC,Φιλαδέλφει,7
GRC,ΜΠΑΝΑΝΕΣ,7
GRC,ava perle,7
GRC,babycare ra,7
GRC,funnel,7
GRC,φορτιστή,7
GRC,κοσ,7
GRC,gouda τρι,7
GRC,μιζηθρα,7
GRC,αποφλοιω,7
GRC,λαδι τ,7
GRC,αφροε,7
GRC,πίτες ολικής,7
GRC,κακαο χωρις ζαχαρη,7
GRC,σακουλρ,7
GRC,γουμ,7
GRC,crous,7
GRC,σιγαρα,7
GRC,γάλα 500,7
GRC,κουκακη γιαουρτι,7
GRC,φρούτα κατε,7
GRC,ΜΑΛΑΚΤΙΚ,7
GRC,marsala,7
GRC,σταφιλ,7
GRC,Ρυζογκοφ,7
GRC,xuno,7
GRC,sauve,7
GRC,χαμομιλη,7
GRC,σφουγγαρια πιατων,7
GRC,οδοντικό νημα,7
GRC,ραδι,7
GRC,κρεμα σο,7
GRC,παντα,7
GRC,υποβρυχ,7
GRC,γαλα κου,7
GRC,leave-in,7
GRC,πουτινγκ,7
GRC,μηλοκλεφ,7
GRC,χαρτι υγρι,7
GRC,γιοουρτι,7
GRC,ντρ,7
GRC,ολυμπος γιαου,7
GRC,τεβ,7
GRC,σακουλες τεοφιμων,7
GRC,alie,7
GRC,ολυμπος τυρι,7
GRC,ελιες χωρις,7
GRC,τσίπο,7
GRC,Lidl,7
GRC,μωρό μα,7
GRC,duplo,7
GRC,tooth pa,7
GRC,σακουλες 100,7
GRC,μωρό μαντηλα,7
GRC,σταγι,7
GRC,αμυγδαλι,7
GRC,γκρέιπ,7
GRC,μρο,7
GRC,άλατ,7
GRC,λαφ,7
GRC,corn s,7
GRC,hair removal cream,7
GRC,ενεργειακά,7
GRC,στιγμα,7
GRC,τυροπιτες,7
GRC,pinot grigio,7
GRC,σχοινοπρ,7
GRC,σγγουρι,7
GRC,καπουτσ,7
GRC,ναξο,7
GRC,pickes,7
GRC,γιαούρτι 5,7
GRC,μαντηλι,7
GRC,φύλλο σφολιάτα,7
GRC,taji,7
GRC,beach toys,7
GRC,κάς,7
GRC,bread burger,7
GRC,κοκκαλα,7
GRC,φιλετο κοτοπου,7
GRC,αιώρα,7
GRC,μοσχαρίσιος κιμας,7
GRC,tortilles,7
GRC,Omo,7
GRC,γάντια μι,7
GRC,υγρά πα,7
GRC,nymp,7
GRC,ice cream mini,7
GRC,white vi,7
GRC,στραγιστο,7
GRC,μαγιονεζα λαιτ,7
GRC,tangerine,7
GRC,αλαντικά,7
GRC,bee beo,7
GRC,δαλα,7
GRC,αυγά 10,7
GRC,miri,7
GRC,μρπ,7
GRC,moccarela,7
GRC,πίτα για σουβλακι,7
GRC,ginger bee,7
GRC,descaler,7
GRC,αρμελαδα,7
GRC,δοκολ,7
GRC,Lay,7
GRC,weber,7
GRC,pull,7
GRC,καφα,7
GRC,καθαριστικο κουζινας,7
GRC,domi,7
GRC,milk barista,7
GRC,zero sprite,7
GRC,παγωτο μ,7
GRC,αποπ,7
GRC,Ramen noodles,7
GRC,γατα τροφη,7
GRC,παραμα,7
GRC,μορχαρι,7
GRC,αλουμινόχ,7
GRC,Λευκο,7
GRC,farmily,7
GRC,χαρτόνι,7
GRC,vazeline,7
GRC,nautilus,7
GRC,ρολό χαρτι,7
GRC,feastab,7
GRC,σάλτσα το,7
GRC,τοβο,7
GRC,σιρόπι σφενδάμου,7
GRC,marsm,7
GRC,κρις κρι,7
GRC,jagermeister,7
GRC,μπθρ,7
GRC,ξινογαλ,7
GRC,ασπραδια αυγου,7
GRC,σάλτσα κόκκινη,7
GRC,μοαχο,7
GRC,peingles,7
GRC,turkeu,7
GRC,κόκκινη σ,7
GRC,Τορ,7
GRC,μπεικιν παου,7
GRC,tylenol,7
GRC,nounou ki,7
GRC,pig,7
GRC,λάδι τρο,7
GRC,μποτ,7
GRC,bios,7
GRC,loreal m,7
GRC,cheese sl,7
GRC,αη,7
GRC,santi,7
GRC,ξυρους καρπους,7
GRC,pillsbu,7
GRC,regato light,7
GRC,marsel,7
GRC,fake,7
GRC,αραν,7
GRC,σακούλες γ,7
GRC,καθαριστικπ,7
GRC,μαυρα ρουχα,7
GRC,κφες,7
GRC,wax strips,7
GRC,Πατατάκι,7
GRC,λαχανο κα,7
GRC,τσιχλεδ,7
GRC,Ρεβίθια,7
GRC,κοτας,7
GRC,Hagen,7
GRC,cream fresh,7
GRC,sandwich cheese,7
GRC,φορμακια,7
GRC,chocolet,7
GRC,chilly oil,7
GRC,κουνερτ,7
GRC,soark,7
GRC,mc c,7
GRC,κοτοουλο,7
GRC,σδου,7
GRC,regi,7
GRC,deb,7
GRC,αλευρι βρωμη,7
GRC,volcano,7
GRC,ψυλλοι,7
GRC,στάμο,7
GRC,κατσικουλα,7
GRC,frozen b,7
GRC,nesf,7
GRC,Κεφτεδάκια,7
GRC,dek,7
GRC,γραβιετα,7
GRC,κουλουρι θεσς,7
GRC,χίου,7
GRC,χαρτι υγι,7
GRC,αλγα,7
GRC,Στηθος,7
GRC,εστρ,7
GRC,sandu,7
GRC,κουλουρο,7
GRC,μπαλαν,7
GRC,nounou ligh,7
GRC,peroxide,7
GRC,γτα,7
GRC,ωτοας,7
GRC,φρσ,7
GRC,ψωμ7,7
GRC,φασολια κοκκινα,7
GRC,mys,7
GRC,τοδοπη,7
GRC,Κρεμες,7
GRC,σεν,7
GRC,γλυξο,7
GRC,αναπτήρ,7
GRC,bread arabic,7
GRC,μισχαρι,7
GRC,αβολα,7
GRC,evap,7
GRC,thna,7
GRC,χαρτομαντι,7
GRC,pagvta,7
GRC,bazzar,7
GRC,white sauce,7
GRC,αεροζ,7
GRC,frun,7
GRC,Cotton,7
GRC,black peppe,7
GRC,μαλακτιλο,7
GRC,Coca Cola Zero,7
GRC,ρολο για,7
GRC,cazolin,7
GRC,foudo,7
GRC,νελ,7
GRC,τσάι χωρίς ζάχαρη,7
GRC,φαγε βανιλια,7
GRC,ice cra,7
GRC,υγρασίας,7
GRC,πάπρικα γλυκιά,7
GRC,νωπη,7
GRC,φετα τυρ,7
GRC,πακοτιν,7
GRC,ρομα,7
GRC,hg,7
GRC,ΠΛΑΝ,7
GRC,φρυγανιά τρι,7
GRC,hela,7
GRC,παιδικα μπισκοτα,7
GRC,my p,7
GRC,watermalon,7
GRC,kritikos,7
GRC,Απολυμαντικό,7
GRC,icete,7
GRC,κόκκι,7
GRC,henry,7
GRC,tums,7
GRC,rosa,7
GRC,σιροπι σοκολ,7
GRC,Γατ,7
GRC,γαλικος,7
GRC,ρωσικη σαλατα,7
GRC,κουταλάκ,7
GRC,φρέσκου,7
GRC,fish stic,7
GRC,frozen stra,7
GRC,green t,7
GRC,ajax πατωμα,7
GRC,χλώριο,7
GRC,δυός,7
GRC,αντισυπτι,7
GRC,τεστ εγκυμ,7
GRC,μιμας,7
GRC,μανούρ,7
GRC,mini mar,7
GRC,μαρμελάδα πορτοκάλι,7
GRC,Dog food,7
GRC,Prime,7
GRC,χωριατικ,7
GRC,Καθαριστικά,7
GRC,ifant,7
GRC,carlsbe,7
GRC,αλλο,7
GRC,σταθωρη,7
GRC,πορρ,7
GRC,labne,7
GRC,almonf,7
GRC,3 bi,7
GRC,yougur,7
GRC,γυαουρτ,7
GRC,σφουγγάρι σω,7
GRC,χλρ,7
GRC,nibs,7
GRC,φουσκωτ,7
GRC,ταχίνι κακαο,7
GRC,χυμός τομα,7
GRC,κερο,7
GRC,τααντα,7
GRC,Μαλα,7
GRC,διχτ,7
GRC,μαρλ,7
GRC,adorable,7
GRC,ευρι,7
GRC,espresso conce,7
GRC,paradont,7
GRC,εμπλαστ,7
GRC,καταψυγμενα φρουτα,7
GRC,πρόβειο γιαούρτι,7
GRC,χυμός ροδ,7
GRC,ξυρσ,7
GRC,τυρί protein,7
GRC,ωμεγα,7
GRC,vene,7
GRC,Χρ,7
GRC,κοντισιο,7
GRC,ρασμπ,7
GRC,truffle oil,7
GRC,φυτικό γαλ,7
GRC,γιαουρτι χωρίς λακτόζη,7
GRC,μαλαγουζ,7
GRC,Φετ,7
GRC,veep,7
GRC,κατσικισιο βιολογικο,7
GRC,Παω,7
GRC,διατροφική μαγι,7
GRC,mashed potato,7
GRC,Μελιτζα,7
GRC,solomo,7
GRC,ψωμί τόστ,7
GRC,φετα δω,7
GRC,κρισπι,7
GRC,profiterol,7
GRC,κραμμ,7
GRC,νηστίσ,7
GRC,νέα καφε,7
GRC,σαλάμι αε,7
GRC,έτοιμη,7
GRC,boc,7
GRC,τριγαρα,7
GRC,savi,7
GRC,Σολω,7
GRC,καλαμκια,7
GRC,antibacterial wipes,7
GRC,φιλαδελφε,7
GRC,alchohol,7
GRC,ρωμη,7
GRC,καλοκαιρι,7
GRC,pelito,7
GRC,aquaf,7
GRC,κοτομπουκιερ,7
GRC,carna,7
GRC,νερο εξα,7
GRC,tagli,7
GRC,απολεπι,7
GRC,loreal magic,7
GRC,μασκα μαλλοων,7
GRC,αναφ,7
GRC,shou,7
GRC,παιδικα γι,7
GRC,Ξυνο νερο,7
GRC,χυ.ο,7
GRC,χρωμοπαγιδρς,7
GRC,gummy bear,7
GRC,edame,7
GRC,λαβίδα,7
GRC,wl,7
GRC,quakers,7
GRC,mare,7
GRC,κρυσταλ,7
GRC,ben&jerry,7
GRC,καρφια,7
GRC,τζατζίκ,7
GRC,Χων,7
GRC,ice creM,7
GRC,ζάχαρη καρ,7
GRC,δεκτα,7
GRC,yum yum,7
GRC,περσετα,7
GRC,οικογενειακό π,7
GRC,Αποσμητ,7
GRC,Ξυρα,7
GRC,Ψωι,7
GRC,poop bags,7
GRC,cork,7
GRC,essen,7
GRC,EWA,7
GRC,πίπερ,7
GRC,απορρυπαντικό ρο,7
GRC,χυμο πορτοκ,7
GRC,toblero,7
GRC,αλέυρι,7
GRC,κονσερω,7
GRC,δηνη,7
GRC,γιαουρτια 0,7
GRC,ρύζι καρολ,7
GRC,pants 6,7
GRC,heini,7
GRC,knore,7
GRC,παγωτα 0%,7
GRC,pepperon,7
GRC,afva,7
GRC,lolli,7
GRC,cerav,7
GRC,SANITAS,7
GRC,γενεθλίων,7
GRC,Βοσιν,7
GRC,Nacho,7
GRC,16,7
GRC,σαρδελς,7
GRC,χοιρινα,7
GRC,Barbecue,7
GRC,ενυδάτικη,7
GRC,hair mousse,7
GRC,λαβδ,7
GRC,kepgh,7
GRC,birthd,7
GRC,lnor,7
GRC,chicken slices,7
GRC,pollo,7
GRC,πάτ,7
GRC,παγωτο p,7
GRC,healthy sna,7
GRC,κατσικισο,7
GRC,bread protein,7
GRC,ηλεκτρολυτης,7
GRC,lila pause,7
GRC,maji,7
GRC,κεφαλογραβ,7
GRC,κοτομπουκιεσ,7
GRC,μπισκοτα φραουλα,7
GRC,dr. beckmann,7
GRC,στεβθα,7
GRC,κουβερτπυ,7
GRC,χωμι του τοστ,7
GRC,ζάχαρη κρυσταλλική,7
GRC,εκχύλισμα βανι,7
GRC,crystal plus,7
GRC,χαβελας,7
GRC,haloum,7
GRC,nana,7
GRC,πενες μακαρονια,7
GRC,κριτσιβια,7
GRC,φορτεξ,7
GRC,alpro coconut,7
GRC,γαλα μερ,7
GRC,veev καψουλες,7
GRC,ψωμι σαν,7
GRC,cheetis,7
GRC,fanra,7
GRC,beef jerkey,7
GRC,κοτομππ,7
GRC,hust,7
GRC,marloboro,7
GRC,γαλα adv,7
GRC,boxe,7
GRC,ψωμακια hot dog,7
GRC,κρέμα αποτρ,7
GRC,γάλα καρυδ,7
GRC,whey isolate,7
GRC,ξηρη τροφη,7
GRC,ψωμί κ,7
GRC,vitt,7
GRC,ferra,7
GRC,παξινα,7
GRC,Δέλτα αμ,7
GRC,pavlo,7
GRC,σαντουτ,7
GRC,attiki honey,7
GRC,meritto,7
GRC,κσφ,7
GRC,μπαρα δημητρι,7
GRC,λουκανιξα,7
GRC,ρωσσικη,7
GRC,aquafresh,7
GRC,delta milk,7
GRC,salomon,7
GRC,brother,7
GRC,πρωτεινουχο,7
GRC,tos,7
GRC,κότα,7
GRC,fresco,7
GRC,kcal,7
GRC,protein yoghurt,7
GRC,κρεμαστες,7
GRC,τσικν,7
GRC,cocumber,7
GRC,dish wa,7
GRC,Αντικουνουπικο,7
GRC,γλυφιτζο,7
GRC,σπορακ,7
GRC,kinder jo,7
GRC,γιαπθ,7
GRC,μαμγκο,7
GRC,boueno,7
GRC,tobo,7
GRC,αυτοκολητα,7
GRC,ανθρακοθ,7
GRC,Τυρο,7
GRC,ουγγαρ,7
GRC,κοτομπουκιρς,7
GRC,kaya,7
GRC,healthy bites,7
GRC,πλευρωτ,7
GRC,Paysa,7
GRC,Σκορ,7
GRC,fs,7
GRC,παστρ,7
GRC,φυστικο βούτυρο,7
GRC,στήθος κοτο,7
GRC,γιαούρτια 2,7
GRC,face scrub,7
GRC,apple vin,7
GRC,κέτσ,7
GRC,aloha,7
GRC,terea siena,7
GRC,pavl,7
GRC,azax c,7
GRC,γιαουρτι κουκ,7
GRC,Stuyvesant,7
GRC,styli,7
GRC,jou,7
GRC,οδοντοκρεα,7
GRC,LENOR,7
GRC,biskoff,7
GRC,λαδθ,7
GRC,κρουαδ,7
GRC,βερνικια,7
GRC,αλερ,7
GRC,Γιαούρ,7
GRC,πάω τ,7
GRC,TEREA,7
GRC,Ζαχαρούχο γάλα,7
GRC,chesee,7
GRC,καφες bravo,7
GRC,καθαριστικο πλυν,7
GRC,kindr,7
GRC,σάν,7
GRC,Phi,7
GRC,ψωμι κλαμπ,7
GRC,νερο καρυδ,7
GRC,μουστρα,7
GRC,zero zero,7
GRC,γιαουρτι λεμονι,7
GRC,σκορδοψω,7
GRC,είδη καθαρισμού,7
GRC,νερό κα,7
GRC,tiropita,7
GRC,gluten free pizza,7
GRC,Izzy,7
GRC,viala,7
GRC,Hung,7
GRC,μακαρονια για παστ,7
GRC,mirto,7
GRC,grec,7
GRC,ΚΑΛΑΜΠΟΚΙ,7
GRC,hairsp,7
GRC,potstoes,7
GRC,beefea,7
GRC,καμα,7
GRC,κσρ,7
GRC,ψωμι χωρις γλο,7
GRC,ελαο,7
GRC,grab,7
GRC,COC,7
GRC,πελτές ντομάτας,7
GRC,seawee,7
GRC,Αγγού,7
GRC,φυσις,7
GRC,μαυροματικ,7
GRC,rock n roll,7
GRC,fanr,7
GRC,jefir,7
GRC,ποτήρι θερμος,7
GRC,clear blue,7
GRC,σταφιδόψωμο,7
GRC,κορίτσινια,7
GRC,schwepe,7
GRC,παιδικη ο,7
GRC,hois,7
GRC,παστες,7
GRC,ρύζογκοφρετα,7
GRC,bread flour,7
GRC,mochu,7
GRC,αντλ,7
GRC,Greek y,7
GRC,βιολογικές πατάτες,7
GRC,protein cookie,7
GRC,bailys,7
GRC,πίτες για σουβλάκι,7
GRC,cocop,7
GRC,mithos,7
GRC,garlic mayo,7
GRC,Bri,7
GRC,πορτοκάλαδα,7
GRC,το ο,7
GRC,krema gala,7
GRC,αλουμινιχαρτο,7
GRC,μακαρονια κοφτα,7
GRC,bananes,7
GRC,αλφα 500,7
GRC,9 φρ,7
GRC,μαυρη ζαχαρ,7
GRC,ματιών,7
GRC,καζανάκι,7
GRC,pelli,7
GRC,χυμοο,7
GRC,picks,7
GRC,πανες βρα,7
GRC,καφες nespresso,7
GRC,μπαλασκας,7
GRC,Εντομοαπωθητικό,7
GRC,energy bar,7
GRC,Lentil,7
GRC,ολυμπος με,7
GRC,kikoman,7
GRC,fish finger,7
GRC,ριζαλ,7
GRC,coca coc,7
GRC,πατάτες κύπρου,7
GRC,terri,7
GRC,bamba,7
GRC,nylon,7
GRC,tomato chips,7
GRC,finet,7
GRC,κτοπουλο,7
GRC,ζαχαρη κρυστ,7
GRC,νιτριλίου,7
GRC,νύ,7
GRC,γαλετες,7
GRC,terrea ru,7
GRC,lirpak,7
GRC,whipp,7
GRC,energetic,7
GRC,shush,7
GRC,τζον,7
GRC,ΜΠΥΡΑ,7
GRC,Esmeralda,7
GRC,καθαριστικό τουαλετας,7
GRC,αφρο ξυρι,7
GRC,κάψουλες καφ,7
GRC,asian mix,7
GRC,κονσερωα,7
GRC,vv,7
GRC,σαλτσα για πι,7
GRC,pay safe,7
GRC,NO,7
GRC,catisf,7
GRC,vape blu,7
GRC,lakta,7
GRC,φαρφα,7
GRC,εργ,7
GRC,σκρα,7
GRC,lipron,7
GRC,lay',7
GRC,hawaian,7
GRC,tooth br,7
GRC,σοκολατάκι,7
GRC,Ψωμί τ,7
GRC,catch,7
GRC,κουνέλι,7
GRC,pampers sp,7
GRC,ανταλλακτ,7
GRC,moschat,7
GRC,country chi,7
GRC,πιτεδ,7
GRC,Ρολ,7
GRC,katsa,7
GRC,nite,7
GRC,desperado,7
GRC,γιαουρτι free lact,7
GRC,sater,7
GRC,στημενο,7
GRC,σταφυλοα,7
GRC,soy mil,7
GRC,λαδι σω,7
GRC,Pelegrino,7
GRC,ρυζιγαλο,7
GRC,καπνιστή παπρικα,7
GRC,βιολογικος,7
GRC,UN,7
GRC,νηστί,7
GRC,ΠΑΞΙΜΑΔΙΑ,7
GRC,casolin,7
GRC,μπλεντερ,7
GRC,swim diapers,7
GRC,γιαούρτια κρι,7
GRC,διορθωτικο,7
GRC,βανίλιε,7
GRC,σδα,7
GRC,τόμος,7
GRC,βαφη μαλλιων μαυρο,7
GRC,strabucks,7
GRC,juice apple,7
GRC,klinex μουχλα,7
GRC,strepsils,7
GRC,coconut oul,7
GRC,κοα,7
GRC,βιενν,7
GRC,collage,7
GRC,σερβιετες ακ,7
GRC,σόγια σως,7
GRC,ashtray,7
GRC,καλαμποκι ποπ,7
GRC,Haagen Dazs,7
GRC,δημητριακσ,7
GRC,TORRAS,7
GRC,greem,7
GRC,wet napkins,7
GRC,woch,7
GRC,απάκ,7
GRC,πιπεε,7
GRC,καμπινγκ,7
GRC,αγη,7
GRC,amita mo,7
GRC,σφογγ,7
GRC,cotton bu,7
GRC,Φύλλα,7
GRC,φαλες,7
GRC,plaet,7
GRC,υποκα,7
GRC,τριμμενη φ,7
GRC,παξιμάδια χαρ,7
GRC,αποσμηυικο,7
GRC,sparklin water,7
GRC,ska,7
GRC,garnier fr,7
GRC,hand soa,7
GRC,πηλινο,7
GRC,καρέλι,7
GRC,μπισκοτοκρε,7
GRC,biode,7
GRC,agrino mini,7
GRC,ασιατικη,7
GRC,πολυκαθα,7
GRC,chile,7
GRC,γιαούρτι ροδ,7
GRC,ice cram,7
GRC,τυροα,7
GRC,palliria,7
GRC,γαλα ολυμπις,7
GRC,kalim,7
GRC,ζέα,7
GRC,been bro,7
GRC,αγγγ,7
GRC,καραμολεγκοσ,7
GRC,parmeggiano,7
GRC,proteino,7
GRC,μωρομάντιλ,7
GRC,χλωρινη πλυ,7
GRC,σοκολάτα υγεια,7
GRC,αγρόκτημα,7
GRC,χωρος,7
GRC,yum t,7
GRC,21.07.26,7
GRC,γιαουρτι χωρις λακτ,7
GRC,Πουτίγκα Σοκολάτα Protein Vitaline Δέλτα (200g),7
GRC,αποσμητικο spray,7
GRC,low calo,7
GRC,monstr,7
GRC,πίν,7
GRC,pamperd,7
GRC,knoblauch,7
GRC,φάρμα ε,7
GRC,λρου,7
GRC,brow gel,7
GRC,αταφ,7
GRC,ανυρα,7
GRC,παγωθη,7
GRC,απωθ,7
GRC,μβρ,7
GRC,ΒΑΝΙΛΙΑ,7
GRC,6αδα νερο,7
GRC,ek,7
GRC,lemon grass,7
GRC,καφαλοτυρι,7
GRC,βιταμ σο,7
GRC,κυβος κοτας,7
GRC,κρεμα προς,7
GRC,μπαλόν,7
GRC,hp,7
GRC,μλα,7
GRC,ζαχατ,7
GRC,νμ,7
GRC,αντζού,7
GRC,pumpkin spice,7
GRC,κουβερτουλα,7
GRC,tonno,7
GRC,sfo,7
GRC,κιμάς κ,7
GRC,σφουγγατ,7
GRC,Μυρτιλα,7
GRC,γίγ,7
GRC,χρο,7
GRC,γαύρο,7
GRC,ΝΕ,7
GRC,δυς,7
GRC,χωρίς καφεΐνη,7
GRC,κτρ,7
GRC,leave in condi,7
GRC,mini oreo,7
GRC,αφρος ξυρίσματος,7
GRC,χανζαπλαστ,7
GRC,φλωρινα,7
GRC,PEPSI,7
GRC,χυμό π,7
GRC,aponge,7
GRC,μαγειρικη σοφα,7
GRC,νεσεσέρ,7
GRC,sleepy,7
GRC,ΠΛ,7
GRC,κανναβ,7
GRC,Χειροπετσέτες,7
GRC,steamer,7
GRC,σουπλ,7
GRC,μωρομαντα,7
GRC,pagv,7
GRC,κοκτει,7
GRC,youth,7
GRC,νεχτα,7
GRC,ξύλο κοπής,7
GRC,κατεψυγμένα φρου,7
GRC,συσκευες,7
GRC,πυλο,7
GRC,ice cream planet,7
GRC,starbucka,7
GRC,κοντισιονερ,7
GRC,οδιν,7
GRC,μοζα,7
GRC,Χρυσή ζ,7
GRC,τρεις μα,7
GRC,jinger,7
GRC,limone,7
GRC,ξεβαφη ρουχων,7
GRC,shisha,7
GRC,zan,7
GRC,σακούλες απορρι,7
GRC,άλειμμα,7
GRC,cheescake,7
GRC,μπεικιν π,7
GRC,Σοκολα,7
GRC,ιπο,7
GRC,κεασι,7
GRC,ελλι,7
GRC,piller,7
GRC,πράσιν,7
GRC,husk,7
GRC,τυρί ζαμπον,7
GRC,chocolatr,7
GRC,Γλυκο,7
GRC,firn,7
GRC,παυλίδη,7
GRC,χτέν,7
GRC,leerdamer,7
GRC,γαλα κουκακι,7
GRC,antibacterial spray,7
GRC,Μεβγάλ,7
GRC,baby cereal,7
GRC,desinfectant,7
GRC,λεμονίτα,7
GRC,μπύρα χ,7
GRC,προσπυ,7
GRC,φυτική κρεμ,7
GRC,τσατσαρωνακης,7
GRC,υποβρι,7
GRC,Σιροπι,7
GRC,χυμό ντο,7
GRC,λπυ,7
GRC,πατατες ba,7
GRC,eye pads,7
GRC,πάνες εν,7
GRC,παιδικα για,7
GRC,cream crakers,7
GRC,μικροι κυριοι,7
GRC,rubiks,7
GRC,δημγ,7
GRC,ντοματοχυμός,7
GRC,cook at ho,7
GRC,γαλα χωρις κακτοζη,7
GRC,σκορου,7
GRC,ρζο,7
GRC,fiz,7
GRC,sauce pasta,7
GRC,mirav,7
GRC,sugar fr,7
GRC,νθτε,7
GRC,schär,7
GRC,tooth bru,7
GRC,μαντηλάκι,7
GRC,spageti,7
GRC,στραγγιστό 2,7
GRC,δημητρη,7
GRC,σακουλες γι,7
GRC,σακοτλ,7
GRC,ναλακτικο,7
GRC,nitr,7
GRC,ξιμο,7
GRC,γιαουρτι στραγγι,7
GRC,putting,7
GRC,dish washing,7
GRC,pto,7
GRC,rigg,7
GRC,γελ,7
GRC,nioc,7
GRC,μακαρόνια ο,7
GRC,ψωμι καραμολεγκος,7
GRC,´ατατες,7
GRC,μεβγαλ high,7
GRC,κομπου,7
GRC,κατατες,7
GRC,ΘΕ,7
GRC,οτω,7
GRC,ολυμπος βιολο,7
GRC,Pumaro,7
GRC,hap,7
GRC,κοτομπουκιεε,7
GRC,make up remo,7
GRC,topp,7
GRC,decc,7
GRC,nescafe cons,7
GRC,evga,7
GRC,απορρυπσντικο,7
GRC,radd,7
GRC,diet cole,7
GRC,diamond,7
GRC,bepanthen,7
GRC,χωρίς γλουτέ,7
GRC,ia,7
GRC,ντοματοπελτ,7
GRC,coytage,7
GRC,aven,7
GRC,mux,7
GRC,Mr be,7
GRC,lipton i,7
GRC,κεφαλη,7
GRC,Φραουλα,7
GRC,sabot,7
GRC,Ανιθ,7
GRC,fot,7
GRC,κουνερ,7
GRC,babbling,7
GRC,κασέρι light,7
GRC,vitus,7
GRC,κρέμα βαλσαμικο,7
GRC,carda,7
GRC,τσάντα παραλίας,7
GRC,χαρτινα ποτη,7
GRC,μπρσαμελ,7
GRC,Fr,7
GRC,ανεμιστηρα,7
GRC,ανεμις,7
GRC,bionil,7
GRC,ιψε,7
GRC,πατώματα,7
GRC,στεγν,7
GRC,soft cheese,7
GRC,kids juice,7
GRC,μυλα,7
GRC,ΣΚΟΡΔΟ,7
GRC,υγρο πλη,7
GRC,μπυτες,7
GRC,delta ad,7
GRC,life t,7
GRC,bicarb,7
GRC,απορρυοα,7
GRC,calipp,7
GRC,καπρο,7
GRC,oatly barista,7
GRC,Frisolac,7
GRC,",nui",7
GRC,ακτινίδ,7
GRC,πατατακια στικς,7
GRC,γάλα φρεσ,7
GRC,κάσ,7
GRC,pq,7
GRC,δαμάσκ,7
GRC,προγ,7
GRC,ελαιοπουλακι,7
GRC,zigaretten,7
GRC,μοιφτεκια,7
GRC,Τυροκαυτερή,7
GRC,ολυμο,7
GRC,savay,7
GRC,μωρομαντηαλ,7
GRC,tula,7
GRC,γαλα εβαπορ,7
GRC,ater,7
GRC,wd 40,7
GRC,berties,7
GRC,παρνεζα,7
GRC,araka,7
GRC,υγιεινά,7
GRC,bulg,7
GRC,χρωμοοα,7
GRC,μπεηκον,7
GRC,λευκη ζαχαρη,7
GRC,γαλα  χωρίς,7
GRC,ΔΩΔΩΝΗ,7
GRC,μπατε,7
GRC,panini sticker,7
GRC,ψαροδημ,7
GRC,ηλεκτρονικα τσιγαρα,7
GRC,μηλοκλέφτης,7
GRC,malagou,7
GRC,χωρίς γλουτε,7
GRC,κρασί χωρίς αλκοόλ,7
GRC,swing,7
GRC,σφηκες,7
GRC,γιαουρτάκια 2%,7
GRC,κρεμμυδι φρε,7
GRC,sweet &,7
GRC,axaz,7
GRC,παγωτο χωρι,7
GRC,hyaluronic,7
GRC,ψωμι τοδτ,7
GRC,fit me,7
GRC,protein meals,7
GRC,Marl,7
GRC,protein cereal,7
GRC,sult,7
GRC,καψουλες illy,7
GRC,jumbo πατα,7
GRC,μοσιον,7
GRC,suo,7
GRC,Σταμου,7
GRC,ρυζι κατ,7
GRC,αηοκαντο,7
GRC,manita,7
GRC,ανεμη,7
GRC,Χαρτί κο,7
GRC,Αφρολου,7
GRC,vott,7
GRC,after eight,7
GRC,nutri val,7
GRC,whey pr,7
GRC,γραβιερα να,7
GRC,γάλα αμυγδάλο,7
GRC,konster,7
GRC,friskie,7
GRC,φυτική κρέμα γάλακτος,7
GRC,χωρο,7
GRC,κοτοπουλο μπ,7
GRC,Κλιαφα,7
GRC,καταμο,7
GRC,τριμμενη ντομ,7
GRC,birthday card,7
GRC,καταικίσιο,7
GRC,εντομοαποθητικα,7
GRC,φυστικιβουτ,7
GRC,σαλαμι αερο,7
GRC,τυρί φυτικό,7
GRC,όλ,7
GRC,bek,7
GRC,πολυο,7
GRC,ντακακι,7
GRC,σελιανο,7
GRC,utella,7
GRC,αποχνουδω,7
GRC,sunoil,7
GRC,auslese,7
GRC,breast,7
GRC,ρασμπερι,7
GRC,ceac,7
GRC,κρητης,7
GRC,στον,7
GRC,βιε,7
GRC,γάλα κουκάκη,7
GRC,twiz,7
GRC,danete,7
GRC,καλαμποκογκ,7
GRC,softn,7
GRC,dacris,7
GRC,baby bath,7
GRC,bate,7
GRC,ξγ,7
GRC,voca cola,7
GRC,popbuster,7
GRC,Ολικής,7
GRC,μυζιθ,7
GRC,Bay,7
GRC,whiteni,7
GRC,φιλετο κοτοπο,7
GRC,Birthday,7
GRC,ψωμι γερμανι,7
GRC,βιολογικα αυ,7
GRC,metenda,7
GRC,σιρόπι αγ,7
GRC,γιουβετσι,7
GRC,Γιαούρτι χωρίς λακτόζη,7
GRC,εουχων,7
GRC,chips cheese,7
GRC,rio marr,7
GRC,mavro,7
GRC,washa,7
GRC,πεπσ,7
GRC,ajax expert,7
GRC,γαρίφαλλο,7
GRC,toilet tissue,7
GRC,disg,7
GRC,παγιδε,7
GRC,calz,7
GRC,καλαθάκι,7
GRC,dani,7
GRC,protie,7
GRC,μαθρη σοκολατα,7
GRC,vacum,7
GRC,Σερβιετε,7
GRC,beef burger,7
GRC,samb,7
GRC,azax cloron,7
GRC,Malboro,7
GRC,χαερ,7
GRC,γάλα σογιας,7
GRC,plam,7
GRC,ψωμι χωρ,7
GRC,χαρτί υγριας,7
GRC,καφές στιγ,7
GRC,μοανανα,7
GRC,γαλα family,7
GRC,always maxi,7
GRC,άκρες,7
GRC,zewa deluxe,7
GRC,ξαφ,7
GRC,μψρο,7
GRC,κρέμα β,7
GRC,vegab,7
GRC,veev on,7
GRC,parmigian,7
GRC,Hi,7
GRC,χταπό,7
GRC,3 in 1,7
GRC,ζαφορι,7
GRC,pumpe,7
GRC,vera,7
GRC,μισκοτα,7
GRC,oddk,7
GRC,σβ,7
GRC,sousi,7
GRC,τσατ,7
GRC,ranc,7
GRC,κομματάκια σοκολάτας,7
GRC,αλρ,7
GRC,del monte,7
GRC,γαλα συ,7
GRC,bread rolls,7
GRC,μακαν,7
GRC,νερό κ,7
GRC,Lux,7
GRC,jonny,7
GRC,minion,7
GRC,froo,7
GRC,julia,7
GRC,bio bread,7
GRC,τριαν,7
GRC,ciaba,7
GRC,χυμο λεμονιου,7
GRC,amita λεμ,7
GRC,fanta le,7
GRC,´αγος,7
GRC,pinn,7
GRC,mousli,7
GRC,babyloni,7
GRC,bano,7
GRC,κρέμα αποτρίχωση,7
GRC,Χυλοπίτες,7
GRC,camemb,7
GRC,vegs,7
GRC,dumbell,7
GRC,coton,7
GRC,μπάρες πρωτεινης,7
GRC,ναι τ,7
GRC,βρεφικη τροφη,7
GRC,ανδ,7
GRC,izz,7
GRC,poky,7
GRC,Royal,7
GRC,παξιμαδι χαρουπιου,7
GRC,wet hankie,7
GRC,harin,7
GRC,ψωμί σε,7
GRC,cetaphil,7
GRC,παγωτο χωρίς,7
GRC,peanut butter cup,7
GRC,cotton swabs,7
GRC,barista oat,7
GRC,αγηο,7
GRC,σφακιανη,7
GRC,chocolqte,7
GRC,λαμπρυντι,7
GRC,ντο.α,7
GRC,brou,7
GRC,air frye,7
GRC,XL,7
GRC,Av,7
GRC,ψωί,7
GRC,μωρό μαντ,7
GRC,aug,7
GRC,betty cro,7
GRC,salon,7
GRC,Gaia,7
GRC,swheppes,7
GRC,Ketch,7
GRC,bon maman,7
GRC,εκμα,7
GRC,δημητρθακα,7
GRC,mozarrela,7
GRC,καθαριστικα πατωμα,7
GRC,χτυπητ,7
GRC,γαριδεσ,7
GRC,μανιταρις,7
GRC,τακ,7
GRC,σαμος,7
GRC,σνιτελ,7
GRC,λημνο,7
GRC,nespresso pods,7
GRC,Gree,7
GRC,παγωτο πρωτεινη,7
GRC,Πανά,7
GRC,ταμπλέτες πιατων,7
GRC,devessa,7
GRC,World cup,7
GRC,κυβος κνορ,7
GRC,hot cheetos,7
GRC,ζαρτ,7
GRC,τορτιγο,7
GRC,ανταπ,7
GRC,korr,7
GRC,μαρμαρα,7
GRC,fat,7
GRC,chicken n,7
GRC,cream cracke,7
GRC,γαλα ad,7
GRC,superspo,7
GRC,συμπληρωματα,7
GRC,septa,7
GRC,Molto,7
GRC,κάψουλες decaf,7
GRC,Γιο,7
GRC,διαφ,7
GRC,κανελα κευ,7
GRC,non-,7
GRC,απαχ,7
GRC,drak,7
GRC,ροφημα βρωμη,7
GRC,je l’egg,7
GRC,rumou,7
GRC,νερου,7
GRC,σαλε,7
GRC,sre,7
GRC,brat,7
GRC,καψουλες lor,7
GRC,tteokboki,7
GRC,el pas,7
GRC,mastercard,7
GRC,ds,7
GRC,πουες,7
GRC,σαμπι,7
GRC,vico,7
GRC,19,7
GRC,αλευρι δυνατο,7
GRC,φυλλα ρυζιο,7
GRC,αγιο,7
GRC,Κοτομπ,7
GRC,smetana,7
GRC,Βραζιλιάνος,7
GRC,λευκή σοκολατα,7
GRC,Nuii,7
GRC,μπεικον γαλοπουλας,7
GRC,καστανι,7
GRC,γαλα ελ,7
GRC,μαρμελαδα βερικοκο,7
GRC,φιλτρο καφε,7
GRC,ντο.,7
GRC,αεκ,7
GRC,ευγε,7
GRC,γαλα αμι,7
GRC,Πεκορινο,7
GRC,μπαα,7
GRC,eye patc,7
GRC,prosh,7
GRC,βαλερια,7
GRC,spinaxh,7
GRC,amarena,7
GRC,nesscaf,7
GRC,βαλσαμικο στεβια,7
GRC,nuts for,7
GRC,αποσμυνη,7
GRC,kerasta,7
GRC,Hamilton,7
GRC,σαπούνι πιατα,7
GRC,κοτόπουλο μπούτι,7
GRC,lunch meat,7
GRC,choriz,7
GRC,σαβουαγ,7
GRC,vit c,7
GRC,energe,7
GRC,coofee,7
GRC,σακουλες μπα,7
GRC,λευκο πιπερι,7
GRC,εμφιαλωμένα νερα,7
GRC,σοβολος ψωμι,7
GRC,cheee,7
GRC,everyday normal,7
GRC,τοματιμια,7
GRC,zerp,7
GRC,κρέμα γάλακ,7
GRC,πουράκι,7
GRC,φρεσκουλξς,7
GRC,θυμιοπουλος,7
GRC,σπανάκο,7
GRC,φασόλια χανδρες,7
GRC,τυρι σκληρο,7
GRC,στίφτης,7
GRC,μπειγκελ,7
GRC,τονους,7
GRC,ξινό νε,7
GRC,αντζουγι,7
GRC,Μαμος,7
GRC,legumes,7
GRC,Δώρα,7
GRC,Χαρτί κ,7
GRC,Υγρο πιατων,7
GRC,τυρι κομμα,7
GRC,παγωτο πυραυλος,7
GRC,Κρουασα,7
GRC,brite,7
GRC,ρυο,7
GRC,ελευθε,7
GRC,καζα,7
GRC,τυρι κατς,7
GRC,πλαστικά πιρούνια,7
GRC,ΒΙΟΤΟ,7
GRC,LOGO,7
GRC,timato,7
GRC,frankf,7
GRC,οανες,7
GRC,raffa,7
GRC,Πλαστικα,7
GRC,βουτυρο lurpak,7
GRC,πιπέριες,7
GRC,imitation,7
GRC,chicken brea,7
GRC,χαρτόετσετες,7
GRC,νερο εμφια,7
GRC,protein vanilla,7
GRC,eb,7
GRC,κρεμα ηαλακτος,7
GRC,Κολλα,7
GRC,hawaiian,7
GRC,σπαλο,7
GRC,καρτα ευχων,7
GRC,ψωμί σε φετες,7
GRC,whey p,7
GRC,Φιλαδ,7
GRC,stamo,7
GRC,davidoff slim,7
GRC,λουκανικα κοκτειλ,7
GRC,Έτοιμα γεύματα,7
GRC,κατοικιδ,7
GRC,υγρό χερ,7
GRC,φυτική κ,7
GRC,mix nuts,7
GRC,cd,7
GRC,μπαξέ,7
GRC,Ρίο ντε,7
GRC,ρύζι με,7
GRC,ανθι,7
GRC,καρδα,7
GRC,corn beef,7
GRC,μπατρ,7
GRC,Χυμός τομάτας,7
GRC,αμπελόφυλλα,7
GRC,cold c,7
GRC,αξι,7
GRC,τγ,7
GRC,μαγιονεζα μουσταρδα,7
GRC,capres,7
GRC,μπαλαντ,7
GRC,Ευρηκα,7
GRC,σαμποθ,7
GRC,vibra,7
GRC,επιτρ,7
GRC,terrra,7
GRC,hot chips,7
GRC,arg,7
GRC,Ke,7
GRC,παγωτο οικογεν,7
GRC,θγρο πιατων,7
GRC,θαλλασινα,7
GRC,τορτιη,7
GRC,cyp,7
GRC,βουτημ,7
GRC,roses,7
GRC,Aloma,7
GRC,deals,7
GRC,γλυκια παπρικα,7
GRC,άνθος αρ,7
GRC,nuddles,7
GRC,παραδοσιακο,7
GRC,μουσταλευρια,7
GRC,Τυρόπιτα,7
GRC,frozen blueberries,7
GRC,κεφαλι,7
GRC,σαπουνι προς,7
GRC,γάλα μεγαλώνω,7
GRC,honeycomb,7
GRC,φρεσκο γαλ,7
GRC,χρρι,7
GRC,iced co,7
GRC,μαυρομά,7
GRC,ice team,7
GRC,skim milk,7
GRC,Philadelphia protein,7
GRC,limonata,7
GRC,insect spray,7
GRC,water carbonated,7
GRC,πανρς,7
GRC,zagopi,7
GRC,lotys,7
GRC,amira,7
GRC,treso,7
GRC,coffeemate,7
GRC,τυρί για το,7
GRC,λουμιδησ,7
GRC,ρολον,7
GRC,Σαν,7
GRC,skip καψουλες,7
GRC,popsicles,7
GRC,φρυγανιά τριμμενη,7
GRC,Σακούλες τροφίμων,7
GRC,mell,7
GRC,zucchi,7
GRC,σοκοφρετακι,7
GRC,kals,7
GRC,egg bio,7
GRC,folie,7
GRC,turky,7
GRC,cun,7
GRC,αγλυκο κακαο,7
GRC,bisq,7
GRC,κοπτης,7
GRC,ατι,7
GRC,beed,7
GRC,dw,7
GRC,γιαυτ,7
GRC,alla,7
GRC,bolon,7
GRC,vermo,7
GRC,ψωμί b,7
GRC,καταελης,7
GRC,μωρό μαν,7
GRC,κρεμα σοκ,7
GRC,burgwr,7
GRC,γάλα σο,7
GRC,ξηροι καρππι,7
GRC,samos,7
GRC,ποπ κορβ,7
GRC,φρεσκος,7
GRC,μπαλάκια,7
GRC,σαλτσα τομ,7
GRC,chokolade,7
GRC,prp,7
GRC,cheess,7
GRC,bloody mary,7
GRC,φρεσκα κρ,7
GRC,mayom,7
GRC,Parm,7
GRC,ολυμπος κατς,7
GRC,συγκλι,7
GRC,lucky str,7
GRC,ελεύθερας,7
GRC,αλευρι που φουσκωνει μονο του,7
GRC,απορριπαντικο πιάτων,7
GRC,φυστικιε,7
GRC,κρι κρι πα,7
GRC,γαλακτομικα,7
GRC,γιωτης παγωτο,7
GRC,σαπούνι πλυ,7
GRC,αυτοκιν,7
GRC,σφπυγγα,7
GRC,mester,7
GRC,χαρτι κουζί,7
GRC,Coke Zero,7
GRC,φέυα,7
GRC,πατατακια ριγα,7
GRC,spor,7
GRC,finl,7
GRC,νορ,7
GRC,μουσακ,7
GRC,PLA,7
GRC,αναψηκτικα,7
GRC,hair con,7
GRC,γαλα μεγαλ,7
GRC,il toto,7
GRC,σοκολατα στε,7
GRC,bruno,7
GRC,woolite,7
GRC,himalayan,7
GRC,Ανηθο,7
GRC,κουτάλ,7
GRC,cloron,7
GRC,everyday sensitive,7
GRC,πλαστικα πιρουνια,7
GRC,δημητριακά protein,7
GRC,dove αποσμη,7
GRC,πλαστικά πι,7
GRC,vc,7
GRC,Croissant,7
GRC,πανιμ,7
GRC,citronela,7
GRC,stafides,7
GRC,kitchen pap,7
GRC,Iceberg,7
GRC,γρεν,7
GRC,beg,7
GRC,mypopcorn,7
GRC,",αρτι",7
GRC,φιλαδέλφεια,7
GRC,stevis,7
GRC,εργαλ,7
GRC,σαμποα,7
GRC,oxi action,7
GRC,milhouse,7
GRC,χαρτο κουζινας,7
GRC,hort,7
GRC,ostly,7
GRC,πιπεριές Φλωρίνης,7
GRC,hot pe,7
GRC,nivea κρεμα,7
GRC,ΚΟΥΤΑΛ,7
GRC,galopo,7
GRC,Αντικολλητικό χαρτί,7
GRC,dove shower,7
GRC,κρυσταλικη,7
GRC,ζαχατη,7
GRC,Συκα,7
GRC,fairt,7
GRC,epik,7
GRC,wveryday,7
GRC,sparkling watee,7
GRC,duex,7
GRC,μπουτι κοτο,7
GRC,Te,7
GRC,alevri,7
GRC,κολοκυθος,7
GRC,tresseme,7
GRC,diet come,7
GRC,καυτερη πιπερια,7
GRC,electri,7
GRC,τυρί χωρίς,7
GRC,καφες καψουλε,7
GRC,hin,7
GRC,Πουμαρο,7
GRC,cottagee,7
GRC,ajac,7
GRC,φαρμα κ,7
GRC,μπεκ,7
GRC,hhc,7
GRC,κατεψυγμενες πιτες,7
GRC,υγρό σαπου,7
GRC,πιπεριες καυτερες,7
GRC,weta,7
GRC,χαρουπιού,7
GRC,Eye,7
GRC,adoro li,7
GRC,γιαούρτι protein,7
GRC,odonto,7
GRC,νον,7
GRC,espesso,7
GRC,Σαβαγιαρ,7
GRC,σακούλες μεγάλες,7
GRC,body scr,7
GRC,αεροσ,7
GRC,Υφαν,7
GRC,tost bread,7
GRC,ποτηρια μιας,7
GRC,kide,7
GRC,patatoes,7
GRC,χωρίς λακτό,7
GRC,ρολλα,7
GRC,σφουγγατι,7
GRC,barills,7
GRC,πίτα για,7
GRC,deoda,7
GRC,ροδοπη ζελε,7
GRC,garnier fruc,7
GRC,ψωμι πρ,7
GRC,κοφτης,7
GRC,vl,7
GRC,rinse,7
GRC,Λουκά,7
GRC,φτυγα,7
GRC,advil,7
GRC,nutri valle,7
GRC,white vine,7
GRC,τοπου,7
GRC,tabba,7
GRC,Χουρμάδες,7
GRC,cheesw,7
GRC,μπυρα χω,7
GRC,σακος,7
GRC,heat protectant,7
GRC,του τ,7
GRC,αλουμινόχαρτ,7
GRC,navhos,7
GRC,μπαρεα,7
GRC,ολυμπος βρωμη,7
GRC,σαλαμι α,7
GRC,βτοματα,7
GRC,ημισκ,7
GRC,φρεσκα μακαρονια,7
GRC,προβι,7
GRC,ΦΡΥΓΑΝΙΕΣ,7
GRC,pekan,7
GRC,κουλουρι θεσσαλονικης,7
GRC,Μπαταρία,7
GRC,nature v,7
GRC,κοπη,7
GRC,κρεμα ποδ,7
GRC,whiped cream,7
GRC,batilla,7
GRC,banana b,7
GRC,κρέμα ζαχα,7
GRC,laughing cow,7
GRC,ντομάτα τρι,7
GRC,buiscuit,7
GRC,δοδωνη,7
GRC,κρεμμυδι κατε,7
GRC,sekt,7
GRC,oat bread,7
GRC,συμπι,7
GRC,Όλυμπος μεγαλωνω,7
GRC,Acai,7
GRC,inters,7
GRC,garner,7
GRC,ceasers,7
GRC,Αχνη,7
GRC,σφουγγάρι κουζινας,7
GRC,vall,7
GRC,shimmer,7
GRC,μαστίχα χιου,7
GRC,Kno,7
GRC,hallumi,7
GRC,μπαρες πρ,7
GRC,sugar powder,7
GRC,bui,7
GRC,σφουγγάρια κουζίνας,7
GRC,ιβισκ,7
GRC,deal,7
GRC,υποβριχιο,7
GRC,paco,7
GRC,tunorg,7
GRC,Παστελι,7
GRC,καφέ ελληνικο,7
GRC,oignon,7
GRC,απλικατερ,7
GRC,Coca zero,7
GRC,μπαταρίες ΑΑ,7
GRC,pamoers,7
GRC,καριδι,7
GRC,Chilli,7
GRC,ψωμιτοστ,7
GRC,σαμα,7
GRC,κάρτες panini,7
GRC,ρυζογκρο,7
GRC,μωρομς,7
GRC,αλιπαστα,7
GRC,briz,7
GRC,erdinger,7
GRC,μοσχαρα,7
GRC,πράς,7
GRC,ζελε φρ,7
GRC,AIA,7
GRC,gnio,7
GRC,νερα μικ,7
GRC,fisher price,7
GRC,τενια,7
GRC,ΡΟΔΟΠΗ,7
GRC,μειγματα,7
GRC,Shrimp,7
GRC,batone,7
GRC,smoked salm,7
GRC,τριμμένη τομάτα,7
GRC,ΝΟΥ,7
GRC,amita fre,7
GRC,παγωτο σαντουιτς,7
GRC,ψητο κο,7
GRC,tat,7
GRC,βούτυρπ,7
GRC,πανα βρα,7
GRC,lenor beads,7
GRC,σπαγκε,7
GRC,tsanis,7
GRC,packing,7
GRC,βοδιν,7
GRC,κημα,7
GRC,παγωτο μανγκο,7
GRC,μαυρη σοκολάτα,7
GRC,azze,7
GRC,λενονι,7
GRC,χυμός λαιμ,7
GRC,ζαχαρες,7
GRC,natural water,7
GRC,kitchen tow,7
GRC,χάρτινα πιάτα,7
GRC,κρεμμθδι,7
GRC,nudle,7
GRC,giant beans,7
GRC,noodled,7
GRC,vermou,7
GRC,pla(n,7
GRC,φιλεντε,7
GRC,υποσέντ,7
GRC,vacu vin,7
GRC,κουφετα,7
GRC,plnet,7
GRC,scrub σωματος,7
GRC,Μαγ,7
GRC,plastic c,7
GRC,netfl,7
GRC,πέννε,7
GRC,ΑΠΟΣΜΗΤΙΚΟ,7
GRC,ημίσκληρο,7
GRC,dee,7
GRC,giaou,7
GRC,μβρομαντ,7
GRC,proplan,7
GRC,παταυα,7
GRC,baron,7
GRC,καφές nescafe,7
GRC,sommers,7
GRC,ζρ,7
GRC,φρυγανιεσ,7
GRC,δωδε,7
GRC,mete,7
GRC,laundry capsules,7
GRC,μπύρες α,7
GRC,μελατο,7
GRC,granola no sugar,7
GRC,mac n ch,7
GRC,βάφλ,7
GRC,τονος σε,7
GRC,Κολοκυ,7
GRC,yfan,7
GRC,airiani,7
GRC,χυμο πορτ,7
GRC,ΧΑΡΤΟΠΕΤΣΕΤΕΣ,7
GRC,yogurt vanilla,7
GRC,κατσοκισιο,7
GRC,pomi,7
GRC,ecov,7
GRC,gt,7
GRC,γαλα πρωτ,7
GRC,sebamed,7
GRC,vich,7
GRC,σακούλα δωρο,7
GRC,χαρουπο,7
GRC,ειδη γενεθλιων,7
GRC,Αλουμι,7
GRC,γαλα καριδας,7
GRC,faje,7
GRC,bubble wrap,7
GRC,κυτταριτιδα,7
GRC,fix slim,7
GRC,ποτήρια πλαστικα,7
GRC,green lemon,7
GRC,coffee concentrate,7
GRC,οδοντον,7
GRC,γαλα σοκολατ,7
GRC,FA,7
GRC,ανταλλακ,7
GRC,Μεταλλικό νερο,7
GRC,είδη καπνου,7
GRC,μέλι θυμαρίσιο,7
GRC,cold tea,7
GRC,blades,7
GRC,ταραμοσαλα,7
GRC,black an,7
GRC,kinder buen,7
GRC,cocopo,7
GRC,υγρό πλυντηρίου ρούχων,7
GRC,Σαλαμι αερος,7
GRC,nutric,7
GRC,mizi,7
GRC,νερο μ,7
GRC,Πιτα,7
GRC,villa,7
GRC,sevenup,7
GRC,μπαχαριξα,7
GRC,καραμαλ,7
GRC,ετοιμα φ,7
GRC,καφετι,7
GRC,swifg,7
GRC,tsakris,7
GRC,Betty,7
GRC,woda,7
GRC,Hall,7
GRC,desodorant,7
GRC,τυρί σε φετε,7
GRC,μαρς,7
GRC,ασημο,7
GRC,corona cero,7
GRC,sea s,7
GRC,παγωτο οικογ,7
GRC,pepsi t,7
GRC,σαπούνι προσ,7
GRC,ariwl,7
GRC,tartufo,7
GRC,trika,7
GRC,algof,7
GRC,chari,7
GRC,Vinegar,7
GRC,fisherm,7
GRC,νεχτ,7
GRC,σολωμοε,7
GRC,αυτοκι,7
GRC,freevi,7
GRC,Αμ,7
GRC,Mar,7
GRC,σισαμελαιο,7
GRC,κυβος λαχ,7
GRC,μπαντο,7
GRC,Κι,7
GRC,γαλα χωρίς λακτ,7
GRC,Green tea,7
GRC,iron water,7
GRC,πράσινα μηλα,7
GRC,yg,7
GRC,σάντ,7
GRC,ετοιμε,7
GRC,cans,7
GRC,βοσσινακη,7
GRC,snitchel,7
GRC,κόκκινες πιπεριές,7
GRC,πατατες τηγα,7
GRC,my gusto,7
GRC,γιαούρτι λακ,7
GRC,αννα,7
GRC,ακάρεα,7
GRC,κοτομπουκιεα,7
GRC,χαμηλα,7
GRC,νομ,7
GRC,φιάλη υγραερίου,7
GRC,φσ,7
GRC,αλμπουμ,7
GRC,Ανανα,7
GRC,συξα,7
GRC,σέ,7
GRC,reis,7
GRC,flavor,7
GRC,stracci,7
GRC,σκαλα,7
GRC,poteto,7
GRC,urs,7
GRC,γουντα,7
GRC,takia,7
GRC,κοτίνο,7
GRC,λιμες,7
GRC,Όλυμπος μ,7
GRC,Aloe vera,7
GRC,food container,7
GRC,burguer,7
GRC,redbull zero,7
GRC,Berries,7
GRC,Παπαδόπουλου μπισκότα,7
GRC,φωτακια,7
GRC,scra,7
GRC,χρωματοπ,7
GRC,mylove,7
GRC,Overlay,7
GRC,breze,7
GRC,χρωμομασκα,7
GRC,τρίμηνο,7
GRC,σλτ,7
GRC,κιτρικό οξύ,7
GRC,ginger al,7
GRC,wrapper,7
GRC,prociutto,7
GRC,shallots,7
GRC,ΤΣΙΚΙ,7
GRC,πατατακθ,7
GRC,χαρτάκ,7
GRC,σιδερωμ,7
GRC,micro fiber,7
GRC,τεζ,7
GRC,Tu,7
GRC,καφες ελληνικο,7
GRC,Ανηθος,7
GRC,ΜΕΒΓΑΛ,7
GRC,kof,7
GRC,swet,7
GRC,ρυζι μακρ,7
GRC,tazi,7
GRC,τιζο,7
GRC,προσωπικη,7
GRC,malteasers,7
GRC,red wi,7
GRC,γιαουρια,7
GRC,amir,7
GRC,CNN,7
GRC,blue raspberry,7
GRC,επιτραπέζια χαρτομάντιλα,7
GRC,pecc,7
GRC,χαρτι κουζινς,7
GRC,hazelnuts,7
GRC,strawberri,7
GRC,κρουασαβ,7
GRC,repelent,7
GRC,οε,7
GRC,sendo,7
GRC,vita line,7
GRC,tubofli,7
GRC,ποατα,7
GRC,μωραν,7
GRC,kati,7
GRC,arabic pita,7
GRC,κεφιρ φραουλα,7
GRC,efam,7
GRC,γαλα ανυγδαλου,7
GRC,ντομε,7
GRC,αντισκωριακα,7
GRC,νερο 1.,7
GRC,τερα,7
GRC,marshme,7
GRC,Οδοντόβουρτσες,7
GRC,κορρ,7
GRC,παγωτο οικογε,7
GRC,almond flou,7
GRC,ολυμπος μεγαλ,7
GRC,noodles cup,7
GRC,ciggarets,7
GRC,κρασι κόκκινο,7
GRC,χάρτινα ποτήρια,7
GRC,onion po,7
GRC,καρέκλα,7
GRC,vegan m,7
GRC,μακατο,7
GRC,ΚΑΛΑΜΑΚΙΑ,7
GRC,Μπατα,7
GRC,soon t,7
GRC,μπεμπι,7
GRC,καλτς,7
GRC,Βουτυ,7
GRC,Potatoes,7
GRC,treats,7
GRC,bees broa,7
GRC,azax για,7
GRC,cocla,7
GRC,πανες ε,7
GRC,ηλεκτρονικα,7
GRC,παγωτο μπανανα,7
GRC,yellow donkey,7
GRC,καρτδα,7
GRC,θεσσαλονικης,7
GRC,σοκολάτα ρόφημα,7
GRC,zatopi,7
GRC,τριβελα,7
GRC,μπαικον,7
GRC,hot cho,7
GRC,airia,7
GRC,galopoyla,7
GRC,ψωμι σο,7
GRC,σπδ,7
GRC,cornetti,7
GRC,τετραδι,7
GRC,τοιχ,7
GRC,cream light,7
GRC,yourt,7
GRC,λαδοχαρτ,7
GRC,Noxzema,7
GRC,dark ca,7
GRC,γκαζάκια,7
GRC,φάρμα ελασσονας,7
GRC,φεο,7
GRC,αυκα,7
GRC,σαπούνι για πιάτα,7
GRC,diroli,7
GRC,ptotein,7
GRC,phyl,7
GRC,galic,7
GRC,rosé,7
GRC,αφυ,7
GRC,chri,7
GRC,shower ge,7
GRC,μαστίχες,7
GRC,μοτσαρέλλα,7
GRC,αγρό,7
GRC,ότι μπ,7
GRC,κορνφλεικς,7
GRC,ανθε,7
GRC,αλεί,7
GRC,airfrier,7
GRC,root retouch,7
GRC,τυριτ,7
GRC,Me,7
GRC,λαμπακια,7
GRC,φικ,7
GRC,κρεμμύδο,7
GRC,anasa,7
GRC,loreal men expert,7
GRC,σάλσα,7
GRC,ψωμί σαν,7
GRC,oatme,7
GRC,γάλα ελαφρυ,7
GRC,Κολοκύθια,7
GRC,κυραφ,7
GRC,ηλεκτρικη σκουπα,7
GRC,χαρτιι,7
GRC,αφαλ,7
GRC,φρουα,7
GRC,αλφα χωρις,7
GRC,hair dy,7
GRC,corm,7
GRC,γαλα protein,7
GRC,κερι απο,7
GRC,Pita,7
GRC,Κατσικισιο,7
GRC,shavi,7
GRC,τεντουρα,7
GRC,mio,7
GRC,σκλαβενίτης,7
GRC,τονκ,7
GRC,λευκος οινος,7
GRC,πράσινες ελιές,7
GRC,navitas,7
GRC,παιδικές τροφές,7
GRC,σικα,7
GRC,παγκα,7
GRC,instant yeast,7
GRC,bibigo,7
GRC,βότανα,7
GRC,heinken,7
GRC,μαλακτικο ρουχω,7
GRC,natso,7
GRC,hib,7
GRC,τστ,7
GRC,bale rolls,7
GRC,Μπρο,7
GRC,κρυο τσα,7
GRC,blanko,7
GRC,σπαμ,7
GRC,ΙΟΝ αμυγδάλου,7
GRC,φιτ,7
GRC,παροχα,7
GRC,αοκοφρετα,7
GRC,μαναβική,7
GRC,cholula,7
GRC,γραου,7
GRC,hawaii,7
GRC,δολω,7
GRC,ρολό χαρτ,7
GRC,chicken soup,7
GRC,lemon ju,7
GRC,pampers spla,7
GRC,oykata,7
GRC,γάλα μ,7
GRC,απλως,7
GRC,bagg,7
GRC,λαδι μαυ,7
GRC,λαδα,7
GRC,καλημέρα,7
GRC,cheps,7
GRC,παξημαδια,7
GRC,νεκραρ,7
GRC,λεπιδα,7
GRC,ελιεδ,7
GRC,Μελιτζάνα,7
GRC,Rol,7
GRC,τσιμι,7
GRC,αλευι,7
GRC,syoss βαφη,7
GRC,δομ,7
GRC,aqua carpatic,7
GRC,dodon,7
GRC,lactose free yo,7
GRC,eet,7
GRC,fait,7
GRC,wash n go,7
GRC,τυρι λ,7
GRC,matches,7
GRC,καυε,7
GRC,Pepsi ma,7
GRC,brvmh,7
GRC,erdi,7
GRC,acu,7
GRC,toilet wipes,7
GRC,corner,7
GRC,κύμα,7
GRC,πανακια μικρ,7
GRC,Tsakiris,7
GRC,ναφη,7
GRC,coca cl,7
GRC,rl,7
GRC,γιαούρτι α,7
GRC,sagria,7
GRC,Καρυδια,7
GRC,ρλ,7
GRC,κουβεροτ,7
GRC,hyper,7
GRC,μποσκοτ,7
GRC,μαστιχόνερο,7
GRC,κερασακι,7
GRC,λεμπν,7
GRC,Καρυ,7
GRC,ben Jerry's,7
GRC,pampers harmonie,7
GRC,βανιλα,7
GRC,olive oil soap,7
GRC,criollo,7
GRC,σαπούνι υγρό,7
GRC,βουρο,7
GRC,ανυγ,7
GRC,φιλαδερ,7
GRC,αλατι πλη,7
GRC,ξυστρ,7
GRC,calabre,7
GRC,μπούκο,7
GRC,koi,7
GRC,καρππ,7
GRC,bitters,7
GRC,sanwich,7
GRC,υμο,7
GRC,dr s,7
GRC,philladel,7
GRC,half and half,7
GRC,condio,7
GRC,αντικολη,7
GRC,θεσσα,7
GRC,marma,7
GRC,santas,7
GRC,espeesso,7
GRC,st germain,7
GRC,καφεδες κάψουλες,7
GRC,artich,7
GRC,lactas,7
GRC,chilato,7
GRC,τυρί γι,7
GRC,terwa,7
GRC,detol s,7
GRC,σανιδα,7
GRC,σαμπουαν μπ,7
GRC,steri,7
GRC,ψωμι προζυμι,7
GRC,dove talco,7
GRC,κοτλ,7
GRC,Απορυ,7
GRC,drakoulis,7
GRC,ωψ,7
GRC,john pl,7
GRC,σακολες,7
GRC,γαλα κατα,7
GRC,bin b,7
GRC,σπιτικο,7
GRC,kata,7
GRC,γιαούρτι βανίλια,7
GRC,λευκό κρα,7
GRC,crumb,7
GRC,rand,7
GRC,σκονη κρεμμυδι,7
GRC,γαλα 0.5,7
GRC,Γη,7
GRC,Μαλ,7
GRC,laye,7
GRC,dove σα,7
GRC,ΟΜΟΣΠΟΝΔΙΑ,7
GRC,Βίκου,7
GRC,dog foo,7
GRC,πρασινο σαπουν,7
GRC,Κνορ,7
GRC,απορρυπαντικο σκονη,7
GRC,pacotinia,7
GRC,bubbles,7
GRC,φορτη,7
GRC,ζαχαροπλαστείο,7
GRC,σετ παρτυ,7
GRC,χαρτι υγιας,7
GRC,ανγά,7
GRC,κατσικισιο βιολο,7
GRC,g;ala,7
GRC,xanthan,7
GRC,ΧΥΜ,7
GRC,ρακέτα,7
GRC,επιδόρπιο γιαουρ,7
GRC,babibell,7
GRC,my popcorn,7
GRC,αγελαδιτ,7
GRC,πλυντηριο ρου,7
GRC,fifa wo,7
GRC,μπαταροες,7
GRC,σοκολο,7
GRC,scj,7
GRC,υγτο πιατων,7
GRC,sparklinh,7
GRC,νικος,7
GRC,χαπια,7
GRC,δυοαμος,7
GRC,nymfi,7
GRC,λεμιν,7
GRC,kerrygo,7
GRC,βρψμη,7
GRC,thoot,7
GRC,baguet,7
GRC,πιατελα,7
GRC,κουβερτουρα λευκη,7
GRC,italine,7
GRC,moms,7
GRC,σκόνη σκορ,7
GRC,ben and jerry’s,7
GRC,γιΟυρτι,7
GRC,σαλατεδ,7
GRC,σκρ,7
GRC,τυρί του το,7
GRC,λουι,7
GRC,cheese feta,7
GRC,souffl,7
GRC,chit,7
GRC,χυμος πορτοκαλ,7
GRC,Δυοσμο,7
GRC,φυστικι αιγ,7
GRC,ντπ,7
GRC,φαγε 0%,7
GRC,Μαστιχα,7
GRC,Κρις Κρις,7
GRC,dr sc,7
GRC,protein snack,7
GRC,ριχο,7
GRC,San,7
GRC,coca xo,7
GRC,βαφξ,7
GRC,soe,7
GRC,φυσικός χυ,7
GRC,ταχίνι με μέλι,7
GRC,αλπυμι,7
GRC,τορτιγιεα,7
GRC,κοτοπουλο στήθος,7
GRC,eier,7
GRC,απορριμάτων,7
GRC,yogurt 5,7
GRC,Drink,7
GRC,oat bites,7
GRC,pampers wipes,7
GRC,βελανιδια,7
GRC,Σοκολάτα υγείας,7
GRC,vr,7
GRC,gerbe,7
GRC,cotton rounds,7
GRC,rix,7
GRC,αντιγ,7
GRC,Spr,7
GRC,gronola,7
GRC,Κουβας,7
GRC,Βρυξελλών,7
GRC,supermar,7
GRC,κρέμα χεριων,7
GRC,παιδικοί,7
GRC,Σκλαβε,7
GRC,τυροκατ,7
GRC,τιγ,7
GRC,yoghurt strawberry,7
GRC,contry,7
GRC,μεξικαν,7
GRC,καθαριστηκο,7
GRC,bιολογικό Γάλα Πλήρες,7
GRC,milk lac,7
GRC,οδοντοβπυρτσα,7
GRC,ζεμιθα,7
GRC,titan 10k,7
GRC,ετοιμα φα,7
GRC,Φιλ,7
GRC,αποσμο,7
GRC,ολικης αλευρι,7
GRC,κεφιρ kids,7
GRC,υγιεινα σνακ,7
GRC,τσιμπη,7
GRC,pilsbur,7
GRC,Soupline,7
GRC,γιαουρτι lactose,7
GRC,sabao,7
GRC,καλαμποκά,7
GRC,gingerale,7
GRC,Prose,7
GRC,lef,7
GRC,primgles,7
GRC,proactive,7
GRC,λεμονισ,7
GRC,countru,7
GRC,baby πατατ,7
GRC,ψμ,7
GRC,Adoraballs,7
GRC,φαγό,7
GRC,σίκαλης,7
GRC,φρέ,7
GRC,ambre sol,7
GRC,חלב,7
GRC,γάλα μεβγαλ,7
GRC,campin,7
GRC,paliris,7
GRC,pupp,7
GRC,βρεφικό σαμπουάν,7
GRC,pav,7
GRC,cotton pa,7
GRC,χωμο,7
GRC,εργαλεία,7
GRC,Μπανάν,7
GRC,cherry t,7
GRC,Softener,7
GRC,κιτρικο,7
GRC,σβακ,7
GRC,φρυγανια τ,7
GRC,τυρί lig,7
GRC,cotton p,7
GRC,3ε,7
GRC,kitchen ro,7
GRC,fettol,7
GRC,αφροδιτη,7
GRC,sun dried tomato,7
GRC,κεφι4,7
GRC,gnocch,7
GRC,χρυσελια,7
GRC,γκούντα φέτες,7
GRC,σαπούνι για πιατα,7
GRC,ψωμί υοστ,7
GRC,lught,7
GRC,parmigianno,7
GRC,νήσο,7
GRC,red vel,7
GRC,ρυζοτ,7
GRC,κοτοσ,7
GRC,mallb,7
GRC,blank,7
GRC,Φλώρινα,7
GRC,κού,7
GRC,πιξλες,7
GRC,Υπο,7
GRC,φυστίκοβουτυρο,7
GRC,beef steak,7
GRC,μαε,7
GRC,son,7
GRC,Τυι,7
GRC,φωτοτυπικο,7
GRC,μιγμα για,7
GRC,κουβερτορα,7
GRC,oarly,7
GRC,χρωμοο,7
GRC,αλάτι ιμ,7
GRC,κρέμες σώματος,7
GRC,alta,7
GRC,πανταρι,7
GRC,τυρί τριμεν,7
GRC,ουισκυ,7
GRC,χαρτι κπυ,7
GRC,Ζαγορ,7
GRC,ακτινί,7
GRC,iphone charger,7
GRC,ψωμί τοστ ολικης,7
GRC,fliq cola,7
GRC,λιαστες ντοματες,7
GRC,roach,7
GRC,μαλακτικο soupline,7
GRC,ΝΙΤΣΙΑΚΟΣ,7
GRC,μεξικανα,7
GRC,νοστιμ,7
GRC,Παιχνίδια,7
GRC,εκχύ,7
GRC,english,7
GRC,granola protein,7
GRC,χαρτι υειας,7
GRC,parmesian,7
GRC,μπαρς,7
GRC,απολεπ,7
GRC,kofto,7
GRC,ταμπλέτα,7
GRC,τάρτα,7
GRC,λευκαδος,7
GRC,καφες φιλτρο,7
GRC,σακουλες  σκουπιδιων,7
GRC,Κριθαρακι,7
GRC,ariel καψουλες,7
GRC,σχοινοπρασ,7
GRC,planrt,7
GRC,εξαιρετικ,7
GRC,φυαλ,7
GRC,holli,7
GRC,μπακαλια,7
GRC,οικογενει,7
GRC,cornichon,7
GRC,sesame seed,7
GRC,τόνος σε,7
GRC,sugg,7
GRC,τσουρέκ,7
GRC,frr,7
GRC,crackera,7
GRC,κοκα κόλα,7
GRC,μπαντονετες,7
GRC,κάρδαμο,7
GRC,fresh orange juice,7
GRC,πανσέ,7
GRC,fruit yogurt,7
GRC,ζαχαροθ,7
GRC,μοτζαρε,7
GRC,spt,7
GRC,tarantino,7
GRC,φεαουλ,7
GRC,Σάλτσες,7
GRC,AZAX,7
GRC,exfol,7
GRC,κηπ,7
GRC,melira,7
GRC,sett,7
GRC,Πλ,7
GRC,bakla,7
GRC,showergel,7
GRC,pilo,7
GRC,χυμος τ,7
GRC,ελιας,7
GRC,selftan,7
GRC,στραγαλ,7
GRC,baby sh,7
GRC,σιρόπι αγαυ,7
GRC,τυρι che,7
GRC,sweet and bala,7
GRC,λεκέδες,7
GRC,beer alfa,7
GRC,Devesa,7
GRC,non al,7
GRC,aqua f,7
GRC,kras,7
GRC,βουρτσακ,7
GRC,σκοτδ,7
GRC,power ba,7
GRC,mayonna,7
GRC,γλυκάνισο,7
GRC,martini rosso,7
GRC,Λευκαντικό,7
GRC,kidder,7
GRC,Ελιά,7
GRC,ταινία διπλής,7
GRC,fa αποσμητικο,7
GRC,χαρτι τγεια,7
GRC,αεροπλαστ,7
GRC,παγωτο zero,7
GRC,σκεύ,7
GRC,doub,7
GRC,υγρά μαντηλια,7
GRC,pulses,7
GRC,μπούτια κοτοπουλο,7
GRC,vegetables frozen,7
GRC,aour,7
GRC,glass water,7
GRC,τιρη,7
GRC,breadst,7
GRC,Sp,7
GRC,elvive shampoo,7
GRC,pomme,7
GRC,οδοντόβουρτσα μαλακή,7
GRC,goji berry,7
GRC,trre,7
GRC,Κρεα,7
GRC,sole,7
GRC,καταψυγμε,7
GRC,κανελα σκονη,7
GRC,νυχοκό,7
GRC,magic retouch,7
GRC,χρωμόαγιδα,7
GRC,b.u,7
GRC,σαπούνι για τα,7
GRC,έτοιμες σάλτσες,7
GRC,alumini,7
GRC,jack dan,7
GRC,τυρι δετες,7
GRC,χυμός αναν,7
GRC,πεπονακ,7
GRC,κρθ,7
GRC,yell,7
GRC,φιλέτο μπούτι,7
GRC,super spre,7
GRC,πάνες ακρά,7
GRC,δωδωνη φετα,7
GRC,strawberrys,7
GRC,Creta,7
GRC,μπανανας,7
GRC,nutlers,7
GRC,soda pink,7
GRC,tsipour,7
GRC,σαμουρης,7
GRC,μπλε οινοπνευμα,7
GRC,γκαρν,7
GRC,ευαίσθητη περιοχη,7
GRC,σεντόνι,7
GRC,σαπούνι πιάτα,7
GRC,κουλουράκ,7
GRC,βσ,7
GRC,αραβική π,7
GRC,nul,7
GRC,vitalibe,7
GRC,πουτίγκες,7
GRC,κατσικα,7
GRC,κουνουπικ,7
GRC,garides,7
GRC,παρκετινη,7
GRC,chocolate mil,7
GRC,pai,7
GRC,τορτγι,7
GRC,sanilac 1,7
GRC,mcai,7
GRC,bukdak,7
GRC,γιαούρτι χωρίς λακ,7
GRC,tosca,7
GRC,αττικη,7
GRC,mutree,7
GRC,απορριπαντικα,7
GRC,φιτι,7
GRC,cotton b,7
GRC,χαρτοταιν,7
GRC,spaghettini,7
GRC,μπεκι,7
GRC,ρολο κοτο,7
GRC,κατπ,7
GRC,lai,7
GRC,kinder c,7
GRC,βαλσαμο,7
GRC,cheep,7
GRC,μυρτικα,7
GRC,kitt,7
GRC,ντολμαδακ,7
GRC,vodka mini,7
GRC,πενα,7
GRC,λολ,7
GRC,μπισκοτα παπαδ,7
GRC,καρυδθα,7
GRC,piz bui,7
GRC,keb,7
GRC,γιαούρτι β,7
GRC,καθαριστικο για αλατα,7
GRC,liquor,7
GRC,σαμουαν,7
GRC,κρέμα βαλσα,7
GRC,Twix,7
GRC,μπέικιν πάουντερ,7
GRC,hot c,7
GRC,ρυζι κατε,7
GRC,θεωμη,7
GRC,ζλ,7
GRC,Syrup,7
GRC,Double,7
GRC,practic,7
GRC,βελον,7
GRC,γαλα ελαφρ,7
GRC,παγοκυψέλες,7
GRC,συκωτακια,7
GRC,ψωμί γι,7
GRC,jogu,7
GRC,για τ,7
GRC,παραγκ,7
GRC,masouti,7
GRC,σπόροι chia,7
GRC,ρυζι par,7
GRC,starbucs,7
GRC,κατσαρίδ,7
GRC,τομάτας,7
GRC,araw,7
GRC,κατυδ,7
GRC,milf,7
GRC,μπογιες,7
GRC,terea tea,7
GRC,daim,7
GRC,samd,7
GRC,παγωτό oreo,7
GRC,καρύδα τριμμένη,7
GRC,gillete venus,7
GRC,αμπελοφυ,7
GRC,φαριν λακ,7
GRC,νερο εξ,7
GRC,χαριτ,7
GRC,σπιτι,7
GRC,ρόφημα α,7
GRC,σταφθ,7
GRC,aperoll,7
GRC,mix cheese,7
GRC,παγωυα,7
GRC,amari,7
GRC,αρκεδι,7
GRC,αποο,7
GRC,οικογενειακό παγ,7
GRC,holy lam,7
GRC,fite,7
GRC,καπνιστος σολ,7
GRC,dove cream,7
GRC,ireo,7
GRC,zero calories,7
GRC,rigani,7
GRC,Κοτομπο,7
GRC,pellegrini,7
GRC,σερβοετ,7
GRC,coca ci,7
GRC,old el p,7
GRC,Ανιθος,7
GRC,3 α,7
GRC,καλογερακη,7
GRC,σβα,7
GRC,ICE cream,7
GRC,Νεκταρίνι,7
GRC,ηπειροσ,7
GRC,κατπο,7
GRC,πινα,7
GRC,ταψάκ,7
GRC,μπαρμπα στάθης,7
GRC,eggp,7
GRC,κρασί κοκκ,7
GRC,περιτύλιγμα,7
GRC,frozen cherries,7
GRC,ponzu,7
GRC,γλώσσα,7
GRC,zipl,7
GRC,στηθος κοτ,7
GRC,Σιμιγδάλι,7
GRC,machine,7
GRC,χωριατικα,7
GRC,yoghurts,7
GRC,ben s,7
GRC,κεηκ,7
GRC,Moz,7
GRC,rice noo,7
GRC,grow,7
GRC,αφρος μα,7
GRC,edle,7
GRC,προςουτο,7
GRC,γεροβ,7
GRC,ice twa,7
GRC,ποτήρια πλ,7
GRC,παγωτό no su,7
GRC,van h,7
GRC,προστατευτικο,7
GRC,κομματ,7
GRC,ii,7
GRC,νυφα,7
GRC,ποτγρ,7
GRC,φραουλεδ,7
GRC,χοτ ντογκ,7
GRC,κρυστα,7
GRC,moka,7
GRC,papier,7
GRC,maldon,7
GRC,σοκολατα σταγ,7
GRC,καο,7
GRC,wcnet,7
GRC,coles,7
GRC,ελιές καλα,7
GRC,heavy crea,7
GRC,skimmed,7
GRC,λουκετα,7
GRC,κιμας κοτόπουλο,7
GRC,δημητρισκ,7
GRC,τσάι βουνού,7
GRC,coca fola,7
GRC,nedcafe,7
GRC,σκουπε,7
GRC,παρκετεζα,7
GRC,μπύρες χω,7
GRC,πιπέρι μαύρο,7
GRC,heat prot,7
GRC,παγωτό για,7
GRC,πουτε,7
GRC,στεργιοθ,7
GRC,πατάτες φούρνου,7
GRC,κονσερβα ντο,7
GRC,Raspberry,7
GRC,Φέτες,7
GRC,καλαμποξι,7
GRC,ginger sh,7
GRC,tootj,7
GRC,γαλα βαν,7
GRC,apl,7
GRC,κέφιρ,7
GRC,οικογενειακό πα,7
GRC,ALFA,7
GRC,μπαμπατζιμ,7
GRC,σκόνη κακαο,7
GRC,roti,6
GRC,λικε,6
GRC,κρεμυδακ,6
GRC,BOL,6
GRC,ωερ,6
GRC,ημί,6
GRC,τοδτ,6
GRC,μπουκάλι νερό,6
GRC,illy ca,6
GRC,antibact,6
GRC,αποι,6
GRC,face clea,6
GRC,mizithra,6
GRC,vileds,6
GRC,ice cream bar,6
GRC,pizza roll,6
GRC,παναρισμ,6
GRC,νερα 12,6
GRC,τυρί τοσρ,6
GRC,φυτικό ροφημα,6
GRC,καταμελα,6
GRC,σκονη για,6
GRC,ισοτον,6
GRC,κοτοπουλο μπιφτεκι,6
GRC,mc v,6
GRC,κλιπ,6
GRC,μπαταριεσ,6
GRC,areal,6
GRC,potato c,6
GRC,παγωτα οικογενειακα,6
GRC,suc,6
GRC,μπθφτεκια,6
GRC,ταξιδίου,6
GRC,πανάκια καθαρισμου,6
GRC,douroudous,6
GRC,dumplin,6
GRC,πανακια κα,6
GRC,pork chop,6
GRC,vegan ch,6
GRC,calgob,6
GRC,νιτσιάκος,6
GRC,colazero,6
GRC,crw,6
GRC,μαλσ,6
GRC,ζαχαροπλαστική,6
GRC,καλτσονε,6
GRC,lucoz,6
GRC,λυπ,6
GRC,παιδακι,6
GRC,βουνού,6
GRC,wel,6
GRC,Ντολμά,6
GRC,μουαταρδα,6
GRC,προσφο,6
GRC,kinder pin,6
GRC,γαντθα,6
GRC,wholemeal,6
GRC,ξεσκονισμα,6
GRC,cottt,6
GRC,κορομηλα,6
GRC,ποτάκια,6
GRC,αγι,6
GRC,AROXOL,6
GRC,εγ,6
GRC,Philadel,6
GRC,γαριδάκ,6
GRC,ποτηρια πλαστ,6
GRC,spanaki,6
GRC,μαλακτικο μαλ,6
GRC,υγρασιας,6
GRC,παγωτο no,6
GRC,baby oul,6
GRC,ακρατει,6
GRC,marboro,6
GRC,ανεξι,6
GRC,panini w,6
GRC,stiffer,6
GRC,frozen potatoes,6
GRC,κρέμα σωματ,6
GRC,old spuce,6
GRC,υπνοσε,6
GRC,blu vape,6
GRC,φινοκι,6
GRC,αρακς,6
GRC,αφαλατ,6
GRC,πυρου,6
GRC,μωρο μαντιλα,6
GRC,Γάλα χωρίς λακτόζη,6
GRC,fabr,6
GRC,κοτουλο,6
GRC,σοδα μαγειρικης,6
GRC,παγωτο με,6
GRC,φτου ζελε,6
GRC,ασπιρ,6
GRC,δαλ,6
GRC,avovado,6
GRC,ΑΓΓΟΥΡΙ,6
GRC,σιου,6
GRC,ντουλα,6
GRC,avok,6
GRC,αρωματικά χ,6
GRC,ζαλεδακια,6
GRC,πιτεα,6
GRC,dic,6
GRC,αλεύρι πο,6
GRC,ρολο κουζιν,6
GRC,biscog,6
GRC,αμπουλα,6
GRC,volvic,6
GRC,majic,6
GRC,greek co,6
GRC,ψωμι σικα,6
GRC,LO,6
GRC,αλευρι σκλ,6
GRC,καθαριστικο επιφανειων,6
GRC,σαπουνι προσωπο,6
GRC,Gordon bl,6
GRC,αρωματικό χ,6
GRC,γερά,6
GRC,πεγω,6
GRC,αντς,6
GRC,σοροπ,6
GRC,ΤΥΡ,6
GRC,Lip,6
GRC,chupa ch,6
GRC,decongestant,6
GRC,πατε γατας,6
GRC,βιραμ,6
GRC,νουνου γα,6
GRC,σαπουνι dove,6
GRC,κιτο,6
GRC,βαση πιτσας,6
GRC,rasoir,6
GRC,Bake roll,6
GRC,orietal express,6
GRC,aio,6
GRC,μπετον,6
GRC,κόκκινη σα,6
GRC,γιαουρτι αμ,6
GRC,ξυνογαλ,6
GRC,pikles,6
GRC,sob,6
GRC,carnivero,6
GRC,φαω,6
GRC,χαρτι υγεισς,6
GRC,oce tea,6
GRC,προβειι,6
GRC,δικοκκο,6
GRC,Bee br,6
GRC,φούρν,6
GRC,ψβ,6
GRC,cheesecak,6
GRC,palle,6
GRC,μούσλι,6
GRC,οδοντικό ν,6
GRC,ben and herrys,6
GRC,χωνακι παγωτου,6
GRC,monarch,6
GRC,Balloon,6
GRC,Φύλλο,6
GRC,κρεμμυφ,6
GRC,αερβιετες,6
GRC,κομφετι,6
GRC,zip lock bag,6
GRC,beer bottle,6
GRC,hait,6
GRC,funkys,6
GRC,slims,6
GRC,mint ice cream,6
GRC,τοπου μ,6
GRC,ice fream,6
GRC,ζελε φρου,6
GRC,μπουμπαρ,6
GRC,spagu,6
GRC,disi,6
GRC,Ξηρά τροφή,6
GRC,χυμος ροδα,6
GRC,κοτομπουλ,6
GRC,marll,6
GRC,iso touch,6
GRC,ammonia,6
GRC,liv,6
GRC,γιαούρτι κατσικισιο,6
GRC,cai,6
GRC,μπυρα φιξ,6
GRC,johni,6
GRC,Venus,6
GRC,το πρώτο,6
GRC,wine ope,6
GRC,προφιτερο,6
GRC,κυπε,6
GRC,κουβερουρ,6
GRC,Rice cakes,6
GRC,uncle Ben's,6
GRC,νερο 0.5,6
GRC,bran flakes,6
GRC,νουνου κρεμα,6
GRC,κρεμυδοα,6
GRC,κιμας μοσχα,6
GRC,malfy,6
GRC,πεγ,6
GRC,ΧΑΤ,6
GRC,ott,6
GRC,spaghettoni,6
GRC,alaska,6
GRC,κατσί,6
GRC,old El paso,6
GRC,ψωμι μαυρο,6
GRC,brocolo,6
GRC,βρβ,6
GRC,Cointreau,6
GRC,φρέσκο κρεμμυ,6
GRC,Κατσαρ,6
GRC,cucber,6
GRC,grated tomato,6
GRC,αχιβαδα,6
GRC,Μοσχοφίλερο,6
GRC,bour,6
GRC,περιο,6
GRC,muscat,6
GRC,καρβε,6
GRC,συν,6
GRC,παηω,6
GRC,πουτα,6
GRC,orio,6
GRC,τυρί χαμηλα,6
GRC,avomi fliq,6
GRC,γαλα χωρίς λακτο,6
GRC,vegan yogu,6
GRC,ισοθερμι,6
GRC,beans coffee,6
GRC,Coffe,6
GRC,magic a,6
GRC,πρωτρ,6
GRC,παγωτά planet,6
GRC,adoro crea,6
GRC,ουις,6
GRC,alpa,6
GRC,μιλφε,6
GRC,weth,6
GRC,Gr,6
GRC,turkey smoked,6
GRC,σαλάτα φρεσκουλης,6
GRC,κελυφωτα,6
GRC,καροτου,6
GRC,stevu,6
GRC,Blue cheese,6
GRC,disaronno,6
GRC,αφροδης,6
GRC,γλυκεμ,6
GRC,γλη,6
GRC,Glade,6
GRC,σερβιτακια,6
GRC,tek,6
GRC,granui,6
GRC,nutrivalley,6
GRC,ξαφε,6
GRC,σαππ,6
GRC,Κρεμμυδ,6
GRC,Nutree bars,6
GRC,γαλα αμυγδαλπ,6
GRC,φούσκες,6
GRC,καταιφ,6
GRC,σοκολατα μα,6
GRC,μπιστο,6
GRC,ευζογκ,6
GRC,Φραουλ,6
GRC,κειτσινια,6
GRC,karamol,6
GRC,feat,6
GRC,saudage,6
GRC,φακες ψιλες,6
GRC,Τόνος σε νερό,6
GRC,λεμονις,6
GRC,cracka,6
GRC,απορρυπαντικά πιατων,6
GRC,billion,6
GRC,φοκ,6
GRC,ηλεκτρονικό τσιγάρο,6
GRC,cocs cola,6
GRC,σουμ,6
GRC,Condensed milk,6
GRC,ρόφημα καφε,6
GRC,σάλτσα μα,6
GRC,σαντοι,6
GRC,klia,6
GRC,0 suger,6
GRC,εγκυμοσύνη,6
GRC,σφιυγ,6
GRC,ρύζι σούσι,6
GRC,phyllo,6
GRC,Muesli,6
GRC,fabulos,6
GRC,φρυγανια τριμενη,6
GRC,kikko,6
GRC,γιαουρτι πα,6
GRC,egss,6
GRC,milm,6
GRC,baker master,6
GRC,tradh,6
GRC,χυμοι παιδικοι,6
GRC,παιδικά γ,6
GRC,για κοτόπουλο,6
GRC,κρεμμυδοα,6
GRC,Φλωρινης,6
GRC,hey,6
GRC,ραβιολες,6
GRC,Μαντ,6
GRC,λόλα,6
GRC,ντοματα τρ,6
GRC,Sklavenitis,6
GRC,κοτόπουλο στηθος,6
GRC,Γάλα καρύδας,6
GRC,γιαουρτι αγελ,6
GRC,cco,6
GRC,παρατακι,6
GRC,καβουρμας,6
GRC,harb,6
GRC,παγωτο ξυ,6
GRC,τυρι τριμεννο,6
GRC,barilla pasta,6
GRC,seni,6
GRC,ψωμιγαλα,6
GRC,χαστ,6
GRC,ξυραφακθα,6
GRC,land,6
GRC,ριζε,6
GRC,zah,6
GRC,suppli,6
GRC,ανθρακουχο νετο,6
GRC,halape,6
GRC,αποσμυτικα,6
GRC,boodles,6
GRC,γκυκοπατατα,6
GRC,pink l,6
GRC,Ω Ω ω,6
GRC,corona zero,6
GRC,hair remover,6
GRC,Σπρέι,6
GRC,tic tac,6
GRC,strow,6
GRC,πινατ,6
GRC,τυπος,6
GRC,σκευη μαγειρικης,6
GRC,Κούβας,6
GRC,τδαι,6
GRC,lily,6
GRC,γάλα ζα,6
GRC,Μάτσα,6
GRC,monoleros,6
GRC,βέτεξ,6
GRC,ντολμαδά,6
GRC,μαγιονεα,6
GRC,cremant,6
GRC,μεμβα,6
GRC,pett,6
GRC,ταχίνι κακα,6
GRC,κρεμες γιωτης,6
GRC,bioder,6
GRC,τζου,6
GRC,φέτα βαρελισια,6
GRC,υγεα,6
GRC,contact lens solution,6
GRC,mini tort,6
GRC,vodka small,6
GRC,cheese toast,6
GRC,το πρώτο μου,6
GRC,wap,6
GRC,σιτρονελλα,6
GRC,ροδούλα,6
GRC,σαβουαγιάρ,6
GRC,Fabul,6
GRC,salad bio,6
GRC,ρόφημ,6
GRC,kallima,6
GRC,ΣΦΟΥΓΓΑ,6
GRC,kelloga,6
GRC,ζαγωρι,6
GRC,φυλλο για,6
GRC,ελασσο,6
GRC,ner;o,6
GRC,glair,6
GRC,οσορια,6
GRC,Αζα,6
GRC,oreo i,6
GRC,γενεθλι,6
GRC,γάλα κακ,6
GRC,παιδικο αφρ,6
GRC,yest,6
GRC,tiran,6
GRC,ben n j,6
GRC,hook,6
GRC,chito,6
GRC,κατσικισιο τυ,6
GRC,γλυκά ψυγείου,6
GRC,ξινόγαλα,6
GRC,Ξινή κρέμα,6
GRC,κρεμα γαλακτως,6
GRC,ζτ,6
GRC,Charger,6
GRC,κφιρ,6
GRC,wndless,6
GRC,friut,6
GRC,σαλτσα κοκκινη,6
GRC,whole wheat bread,6
GRC,πινέ,6
GRC,χαρτι φουρνου,6
GRC,παιδικο γαλα,6
GRC,rokka,6
GRC,conceale,6
GRC,nail glue,6
GRC,deveza,6
GRC,paril,6
GRC,αραπ,6
GRC,λευκο ξηρο,6
GRC,tv,6
GRC,φυστικοβπυτυρο,6
GRC,puting,6
GRC,BI,6
GRC,μπιφτέκια κοτο,6
GRC,Κόκα κολα,6
GRC,I've tea,6
GRC,σπατουλ,6
GRC,melt,6
GRC,βιβ,6
GRC,κοκα κοκα,6
GRC,"Pappy Soft Lux 10 Τεμ. 1,2 Kg",6
GRC,φαγε fru,6
GRC,απορρυπαντικό πλυ,6
GRC,τσπυρεκι,6
GRC,Μπεσα,6
GRC,φρέσκο κρεμμυδι,6
GRC,zaris,6
GRC,massage,6
GRC,κοκοκυ,6
GRC,αντικουνοπ,6
GRC,κρέμα σοκ,6
GRC,alfa mini,6
GRC,crudo,6
GRC,reses,6
GRC,egfs,6
GRC,κρεμμυδια ξερα,6
GRC,πρωτεΐνης,6
GRC,μπαναε,6
GRC,κρεμα μπαλσαμικο,6
GRC,αποξυ,6
GRC,κλωστες,6
GRC,pillsb,6
GRC,γιαουρτι παιδι,6
GRC,milk delta,6
GRC,dark brown,6
GRC,αποσμηνι,6
GRC,lourpak,6
GRC,b12,6
GRC,σφουυγ,6
GRC,Cups,6
GRC,parodon,6
GRC,κοτιπουλο,6
GRC,Ζυ,6
GRC,τυροκομικ,6
GRC,red lab,6
GRC,anis,6
GRC,chicken wing,6
GRC,χυμός ντοματα,6
GRC,ζυμαρικα φρεσκα,6
GRC,αφρωδε,6
GRC,ligt,6
GRC,frosted,6
GRC,roo,6
GRC,cheese balls,6
GRC,γαλα φυτικ,6
GRC,apeeol,6
GRC,canned toma,6
GRC,floor wipes,6
GRC,Μύδια,6
GRC,UHU,6
GRC,γκιοζα,6
GRC,λευκή σοκολ,6
GRC,cola 0,6
GRC,model,6
GRC,γιαούρτι μεγαλώνω,6
GRC,escafe,6
GRC,γλυκόατατες,6
GRC,aiax,6
GRC,crispbreads,6
GRC,νακ,6
GRC,τυρί κατσι,6
GRC,δακρυ,6
GRC,γερμανικού τύπου,6
GRC,στεν,6
GRC,van holten,6
GRC,xan,6
GRC,αρβανιτη,6
GRC,καθαριστικο πλυντ,6
GRC,Γρ,6
GRC,φέτα Ήπειρος,6
GRC,carre,6
GRC,platter,6
GRC,αυγα ελευθε,6
GRC,Ψαλίδι,6
GRC,buldaj,6
GRC,μάτια,6
GRC,σοκολατα παυλι,6
GRC,λεκά,6
GRC,ζάχαρη κασ,6
GRC,παντεσπα,6
GRC,μάλλινα,6
GRC,ψωμί σε φέτες,6
GRC,chate,6
GRC,Όλυμπος drink,6
GRC,always normal,6
GRC,σοκομ,6
GRC,μέλι ανθέων,6
GRC,σαμπουάν παι,6
GRC,papir,6
GRC,cream of,6
GRC,Φυτ,6
GRC,tho,6
GRC,θραψαλ,6
GRC,γιουβ,6
GRC,pavlova,6
GRC,rich,6
GRC,sad,6
GRC,φυτική σαντιγί,6
GRC,pufu,6
GRC,Cinnamon,6
GRC,μπλοκ ζωγ,6
GRC,Κύβο,6
GRC,watte,6
GRC,barla,6
GRC,trufl,6
GRC,πλωμαρι,6
GRC,μπισκοτα παπαδοπου,6
GRC,πατατακο,6
GRC,wishbone,6
GRC,smoked sa,6
GRC,κυθ,6
GRC,nn,6
GRC,anto,6
GRC,taco mix,6
GRC,χαρτι πουζινας,6
GRC,γιαουρτι μπαναν,6
GRC,buiscuits,6
GRC,Fix,6
GRC,καφες λ,6
GRC,motci,6
GRC,cardam,6
GRC,Rafaello,6
GRC,λευκο τυρί,6
GRC,Μαντηλάκια,6
GRC,κραμπερι,6
GRC,buta,6
GRC,biscod,6
GRC,πλάστης,6
GRC,pop corn caramel,6
GRC,ν2ρο,6
GRC,wet nap,6
GRC,Κουνουπια,6
GRC,πλατ,6
GRC,Χρυσά αυγά,6
GRC,Μαιντα,6
GRC,ξυδι ρ,6
GRC,arla c,6
GRC,k2,6
GRC,κυδωνιτσα,6
GRC,sweet and ba,6
GRC,ανηθπς,6
GRC,Napkins,6
GRC,αγροκηπο,6
GRC,Chili,6
GRC,μερμ,6
GRC,γάντια μ,6
GRC,ψομη,6
GRC,χελέ,6
GRC,nw,6
GRC,careot,6
GRC,Κερασ,6
GRC,tull,6
GRC,ψι τοστ,6
GRC,σαπούνι για χερια,6
GRC,ξιδι λευκο,6
GRC,Vodafone,6
GRC,τυρι σε φέτες,6
GRC,τραπεζομάντηλα,6
GRC,καστανη ζαχα,6
GRC,κελαρι,6
GRC,Γαλοπούλα σε φέτες,6
GRC,crete,6
GRC,wafe,6
GRC,υποκατ,6
GRC,bans,6
GRC,μελιντζ,6
GRC,ινδοκάρ,6
GRC,vig,6
GRC,φταουλα,6
GRC,αλευρι 0,6
GRC,no sugat,6
GRC,Pamper,6
GRC,tch,6
GRC,cover,6
GRC,friits,6
GRC,χωρις καφεινη,6
GRC,σαάτα,6
GRC,typ,6
GRC,phillad,6
GRC,fit n slim,6
GRC,σερωιετες,6
GRC,προχ,6
GRC,κατοκι,6
GRC,mevga,6
GRC,swp,6
GRC,ντοκατες,6
GRC,cocun,6
GRC,κριθιν,6
GRC,ΣΤΕΒΙΑ,6
GRC,χυο,6
GRC,caramel s,6
GRC,αγγουρακι του,6
GRC,ξυλοκάρβουνα,6
GRC,agic,6
GRC,active clean,6
GRC,chicken pie,6
GRC,daquiri,6
GRC,μπαμπάς,6
GRC,χαρττ,6
GRC,benus,6
GRC,screw,6
GRC,παπεικα,6
GRC,μηλοκλεφτη,6
GRC,"water 1,5",6
GRC,σοκολατες ιον,6
GRC,jameso,6
GRC,tealight,6
GRC,γιαουρτι δ,6
GRC,icr cream,6
GRC,δαγνη,6
GRC,Μεγαλω,6
GRC,υγρό σ,6
GRC,φακοί,6
GRC,ice v,6
GRC,στεβια υγρη,6
GRC,γκαζά,6
GRC,βανίλια υποβρύχιο,6
GRC,coffe island,6
GRC,στιμμενο,6
GRC,metal,6
GRC,delt,6
GRC,ψωμί υο,6
GRC,φυτό,6
GRC,αυγά β,6
GRC,siffer,6
GRC,πανες 7,6
GRC,προέκταση,6
GRC,pacceri,6
GRC,κατσικίσιο τυρ,6
GRC,ladyfinger,6
GRC,οδονρ,6
GRC,τεχ,6
GRC,μπισκότα χωρις,6
GRC,γυστικο,6
GRC,ποτα αλκοολ,6
GRC,αυτομα,6
GRC,δγ,6
GRC,japa,6
GRC,alata,6
GRC,ταινίες απο,6
GRC,ενεργει,6
GRC,sparling,6
GRC,ψωμί κατσέλης,6
GRC,plastic plates,6
GRC,πθπ,6
GRC,refri,6
GRC,ντουρουντου,6
GRC,καθαρισμός προσω,6
GRC,μπιφυ,6
GRC,ζαζ,6
GRC,microfibre,6
GRC,lupark,6
GRC,δανδαλη,6
GRC,detail,6
GRC,πλαστικά κουτα,6
GRC,cotte,6
GRC,κρασι ημιγλ,6
GRC,καθαριστικό τ,6
GRC,schwarz,6
GRC,χαρτι τουαλέτα,6
GRC,πάνες σκύλου,6
GRC,υρ,6
GRC,διορθ,6
GRC,σοδα μ,6
GRC,jackar,6
GRC,Παστέλι,6
GRC,αλευρι που φουσκω,6
GRC,ντεμακογιαζ,6
GRC,γάλα εβαπορέ light,6
GRC,prosce,6
GRC,παξιμαδι ολικης,6
GRC,alima,6
GRC,ραπτικη,6
GRC,ρυζπγκ,6
GRC,φρουκτόζη,6
GRC,probto,6
GRC,Beauty,6
GRC,απά,6
GRC,καραμελες zero,6
GRC,tofo,6
GRC,frisi,6
GRC,πράσινες,6
GRC,dr peppe,6
GRC,little mo,6
GRC,ετοιμα φαγητά,6
GRC,red bi,6
GRC,τουλου,6
GRC,toth,6
GRC,μπαμπας,6
GRC,essential,6
GRC,chal,6
GRC,planet protein,6
GRC,ρκ,6
GRC,φάγε fruit,6
GRC,djon,6
GRC,φυτικο ρ,6
GRC,γαλα φυτικό,6
GRC,γάλα μεγαλ,6
GRC,rice wrap,6
GRC,τοματοπελ,6
GRC,καρδια,6
GRC,jeger,6
GRC,πο κορν,6
GRC,χωρις αλκ,6
GRC,μπιφτεκθα,6
GRC,σντ,6
GRC,σφουγγάρι κουζ,6
GRC,pinap,6
GRC,tsana,6
GRC,disinfectant wipes,6
GRC,Fanta zero,6
GRC,γιαούρτι ρ,6
GRC,sharpener,6
GRC,σεσκουλα,6
GRC,skin100,6
GRC,πγωτ,6
GRC,πατονετ,6
GRC,ironing,6
GRC,ελ γ,6
GRC,τροφη γατ,6
GRC,ευοιο,6
GRC,βούτυρο soft,6
GRC,μπιφτεκια κο,6
GRC,κεφαλοτυρο,6
GRC,σρι,6
GRC,αχνη ζαχ,6
GRC,γραμιτα,6
GRC,miseler,6
GRC,καρπό,6
GRC,cigarrete,6
GRC,μαιβ,6
GRC,florin,6
GRC,οδοντοκρε.,6
GRC,γαρδ,6
GRC,perfum,6
GRC,κονταρι σ,6
GRC,μυρωδικ,6
GRC,καλε,6
GRC,super marke,6
GRC,chickeb,6
GRC,cherry to,6
GRC,quick soup,6
GRC,γατο τροφη,6
GRC,τυρι  τρι,6
GRC,chov,6
GRC,τυρί χαμηλά λιπαρα,6
GRC,Βερ,6
GRC,dentast,6
GRC,δεμα,6
GRC,φιλέτο κο,6
GRC,πατατακια φουρνο,6
GRC,phillip,6
GRC,touboflo,6
GRC,υλικ,6
GRC,πίτες για σουβλάκια,6
GRC,μπισκοτα αλμυρα,6
GRC,σακουνι,6
GRC,κιμι,6
GRC,always disc,6
GRC,στιφτ,6
GRC,ΜΑΝΝΑ,6
GRC,εγκ,6
GRC,χωρις ζαχαρη παγωτο,6
GRC,μαλακτικη μαλλ,6
GRC,veev καψ,6
GRC,plants,6
GRC,ζχαρη,6
GRC,σούπερ μάρκετ,6
GRC,τρικολο,6
GRC,0.,6
GRC,πανες εν,6
GRC,λουξ λεμοναδα,6
GRC,foul,6
GRC,ξηρούς καρ,6
GRC,bany planet,6
GRC,τερρ,6
GRC,buble,6
GRC,χαττι υγειας,6
GRC,eine,6
GRC,gluten free wrap,6
GRC,Μπου,6
GRC,μασκα πρ,6
GRC,Καρπουζ,6
GRC,σιρόπι σφενδαμου,6
GRC,cotn,6
GRC,χοιρινά,6
GRC,λαδι καρυδα,6
GRC,Καρύδας,6
GRC,ζαχαρη κ,6
GRC,pina col,6
GRC,γιοαυρτ,6
GRC,ρύζι b,6
GRC,cabernet,6
GRC,snike,6
GRC,Κονσέρβες,6
GRC,διωσμο,6
GRC,καπνιστός Σολωμός,6
GRC,γκρανα,6
GRC,aeri,6
GRC,πίτουρο βρώμης,6
GRC,hot dog bun,6
GRC,diss,6
GRC,τηλιο,6
GRC,pockle,6
GRC,μιτσικέ,6
GRC,vizma,6
GRC,lq,6
GRC,krombacher,6
GRC,Sangria,6
GRC,βραστήρας,6
GRC,αλμι,6
GRC,αμύγδαλα ωμα,6
GRC,public,6
GRC,αλατι μες,6
GRC,μπανες,6
GRC,mq,6
GRC,pampers size 5,6
GRC,τσατζικι,6
GRC,caprisun,6
GRC,olo,6
GRC,χυμα,6
GRC,kil,6
GRC,pistacho,6
GRC,milk full,6
GRC,κρουασάν βουτύρου,6
GRC,ice tea lipton,6
GRC,αποσμητικο αντρικο,6
GRC,pepi,6
GRC,αποροφ,6
GRC,γλυκοπαπα,6
GRC,κυβοι λαχα,6
GRC,bath salt,6
GRC,μπαλό,6
GRC,0% yogurt,6
GRC,ψωμι χ,6
GRC,ααυγα,6
GRC,pomp,6
GRC,ντοματα τρι,6
GRC,jump,6
GRC,πιστο,6
GRC,χωρίς α,6
GRC,noodlrs,6
GRC,αοκολ,6
GRC,nue,6
GRC,φυστικου,6
GRC,bilto,6
GRC,Λουκανικο,6
GRC,chupa chup,6
GRC,δαμάσ,6
GRC,χατο,6
GRC,τυροτρελες,6
GRC,χυμος μπα,6
GRC,colour catch,6
GRC,virt,6
GRC,γιαούρτι φα,6
GRC,κτεμμ,6
GRC,Cond,6
GRC,μιας χρης,6
GRC,κουπες,6
GRC,efg,6
GRC,οικογενειακά,6
GRC,Pl,6
GRC,vegan pizza,6
GRC,ψωμί φρεσκο,6
GRC,τσάι χωρίς,6
GRC,αφρος μαλλ,6
GRC,Vanilla,6
GRC,frankfurt,6
GRC,Nirva,6
GRC,ρύχι,6
GRC,εστιες,6
GRC,τυρι κασερι,6
GRC,γρου,6
GRC,σθ,6
GRC,kitchen towels,6
GRC,κρεμα ζαχ,6
GRC,15,6
GRC,panini worl,6
GRC,sweet pa,6
GRC,χαρτι αντ,6
GRC,body cre,6
GRC,αν βασι,6
GRC,πατζάρι,6
GRC,χυμο ν,6
GRC,creme fra,6
GRC,βοει,6
GRC,hobey,6
GRC,maltez,6
GRC,μαντολινο,6
GRC,καρπεξ,6
GRC,πραλιμα,6
GRC,udon noodles,6
GRC,αλιμπιν,6
GRC,καλαμποκογκοφρετες,6
GRC,viola,6
GRC,νερο aqua,6
GRC,clothespin,6
GRC,γιαουρτι πρωτ,6
GRC,τονπ,6
GRC,γαστρα,6
GRC,στηθπς,6
GRC,frozen v,6
GRC,nouniu,6
GRC,τυχ,6
GRC,Πγω,6
GRC,φουντουκοβούτυρο,6
GRC,tsourek,6
GRC,τυρά,6
GRC,υγρό πλυντη,6
GRC,nescafe ess,6
GRC,starmix,6
GRC,είδη κ,6
GRC,σκόνη κακάο,6
GRC,ail,6
GRC,petcity,6
GRC,ταμπλετες πλυν,6
GRC,χυμός bio,6
GRC,puckle,6
GRC,απορρυπαντικό πιά,6
GRC,Πορτοκάλι,6
GRC,saly,6
GRC,keri,6
GRC,ψωμί τιστ,6
GRC,μαρουλη,6
GRC,hazelnut spread,6
GRC,αποσμητικο men,6
GRC,alor,6
GRC,φρυγανιες χωρις γλουτενη,6
GRC,mille,6
GRC,Panc,6
GRC,gig,6
GRC,Ελ γκ,6
GRC,slide,6
GRC,πανες 3,6
GRC,instant co,6
GRC,μακαε,6
GRC,Ντοματο,6
GRC,petpoint ραφηνα,6
GRC,τριμενο τ,6
GRC,γαλα εβά,6
GRC,gle,6
GRC,merc,6
GRC,γαλα advan,6
GRC,minced pork,6
GRC,veev κα,6
GRC,breqd,6
GRC,ΚΟΤΟΜΠΟΥΚΙΕΣ,6
GRC,Τυρί σε φέτες,6
GRC,ριγγ,6
GRC,Μουσταρδ,6
GRC,κατσικισιο γι,6
GRC,contact lens,6
GRC,τυρί νουνου,6
GRC,desi,6
GRC,coot,6
GRC,solmon,6
GRC,joya,6
GRC,kop,6
GRC,wada,6
GRC,δεττολ,6
GRC,τοδακινο,6
GRC,λευκό κρασ,6
GRC,Σολωμού,6
GRC,ευαισθητα,6
GRC,tomati,6
GRC,ολυμπος γι,6
GRC,ρυζι με,6
GRC,παλοιρια,6
GRC,γαλα αμυγδακου,6
GRC,lentil pasta,6
GRC,Cornflakes,6
GRC,αναλ,6
GRC,ντοαμτα,6
GRC,παθλιδης,6
GRC,saff,6
GRC,μπθρε,6
GRC,oatky,6
GRC,Όλυμπος τσα,6
GRC,σφουγγαριατρα,6
GRC,mövenpick,6
GRC,red hair,6
GRC,chez,6
GRC,bisqu,6
GRC,καστορελαιο,6
GRC,μπισκοτα βουτυρου,6
GRC,sov,6
GRC,Θεόν,6
GRC,teo,6
GRC,βεζυ,6
GRC,γρυγα,6
GRC,παγωτο χωρις ζ,6
GRC,φπ,6
GRC,ΑΠΟΡΡΥ,6
GRC,υγρα μαντιλ,6
GRC,μπαναμ,6
GRC,ασφάλεια,6
GRC,Barista,6
GRC,Κριθα,6
GRC,Κανελόνια,6
GRC,silicon,6
GRC,laundry pods,6
GRC,cigarret,6
GRC,trim,6
GRC,Κουτα,6
GRC,detol sp,6
GRC,Sauvignon,6
GRC,οδοντροβουρτσα,6
GRC,τσίκλες,6
GRC,moa,6
GRC,γλυκό κο,6
GRC,aldi,6
GRC,κιτριν,6
GRC,repair,6
GRC,γιαούρτι τοταλ,6
GRC,kll,6
GRC,ηγ,6
GRC,νεκραρι,6
GRC,ηβη μπλε,6
GRC,αρτοπο,6
GRC,σοκολάτα σταγόνες,6
GRC,towe,6
GRC,πάνα βρακάκι,6
GRC,contio,6
GRC,σερβιρτακια,6
GRC,ποε,6
GRC,τηγανητες,6
GRC,wolt market am,6
GRC,ΤΣΟΥΡΕΚΙ,6
GRC,poly ba,6
GRC,μασς,6
GRC,μαλακτικη κρεμα,6
GRC,pena,6
GRC,γαλα αγελαδινο,6
GRC,vlita,6
GRC,γιαουρτι παγωτο,6
GRC,παγωτό οικογενειακο,6
GRC,χυμό ντοματας,6
GRC,σκρδο,6
GRC,ψητά λαχανικά,6
GRC,sepr,6
GRC,γιαούρτι βιολογικό,6
GRC,επιδορπιο γιαουρτι,6
GRC,σιμο,6
GRC,κρον,6
GRC,αν βασιλοπουλος,6
GRC,ξυδι ρυζι,6
GRC,χαρτι υγεοα,6
GRC,wettec,6
GRC,chili pepper,6
GRC,γαλοπούλα κ,6
GRC,φετα κατσικι,6
GRC,παπαδοπουλπυ,6
GRC,όλυμπος γιαούρτι,6
GRC,τυρι φετερ,6
GRC,γαλα πρ,6
GRC,σαφράν,6
GRC,barron,6
GRC,Morfat,6
GRC,όλυμπις,6
GRC,δμη,6
GRC,toilet papet,6
GRC,κοι,6
GRC,υτ,6
GRC,hair co,6
GRC,Soupli,6
GRC,αληφ,6
GRC,νερο κρυο,6
GRC,colman,6
GRC,παγκς,6
GRC,Oriental,6
GRC,stoss,6
GRC,protein phi,6
GRC,περιποίηση σώματος,6
GRC,μπισκοτα d,6
GRC,"γιαουρτι 1,5",6
GRC,el pasi,6
GRC,okd,6
GRC,πλιγουτι,6
GRC,μπιμπερό,6
GRC,crystal vape,6
GRC,Μελιτζανες,6
GRC,γάτο,6
GRC,vegi,6
GRC,dark chicolate,6
GRC,Κρουα,6
GRC,νεκτρ,6
GRC,Du,6
GRC,stuyv,6
GRC,Heavy cream,6
GRC,corn dog,6
GRC,Πλα,6
GRC,soon to ex,6
GRC,δόντια,6
GRC,bake ri,6
GRC,γιαούρτι πρωτεινης,6
GRC,nail remover,6
GRC,bead,6
GRC,γάλα υψηλής,6
GRC,φαε,6
GRC,Lemons,6
GRC,τσουε,6
GRC,protein torti,6
GRC,halot,6
GRC,σαπουνι καραβακι,6
GRC,suge,6
GRC,λευκό ρούμι,6
GRC,σαλάτες ετοιμες,6
GRC,Μπρατσακια,6
GRC,μανγο,6
GRC,arozol,6
GRC,kerasi,6
GRC,KRE,6
GRC,βουτηρο αναλατο,6
GRC,ταν,6
GRC,σοκολάτα στε,6
GRC,πιττε,6
GRC,φραιυ,6
GRC,cleaning cloth,6
GRC,ricec,6
GRC,ετοιμα φυσικα,6
GRC,Αφρολουτ,6
GRC,Ελληνικό,6
GRC,σταγόνες σοκολατα,6
GRC,yumurta,6
GRC,el pa,6
GRC,Παπαδημητρίου,6
GRC,ρυζογξοφρετες,6
GRC,make u,6
GRC,κεραμι,6
GRC,ζελεδά,6
GRC,καθαριστικο τζαμια,6
GRC,viral snacks,6
GRC,bin liners,6
GRC,νιφαδ,6
GRC,φρουκτοζ,6
GRC,bew,6
GRC,Σελινο,6
GRC,σακουλρς,6
GRC,bell peper,6
GRC,μακαρονια νο6,6
GRC,ψυμι,6
GRC,σημητρ,6
GRC,γαριδακθα,6
GRC,ΡΥΖ,6
GRC,σαρδελλες,6
GRC,σακούλες ρο,6
GRC,χυμός ροδακινο,6
GRC,ντεμακιζ,6
GRC,ρυζι sushi,6
GRC,παγωτο εβγα,6
GRC,tights,6
GRC,chocklate,6
GRC,alovera,6
GRC,κρεμα γαλακτις,6
GRC,ολυμπος καρ,6
GRC,ΥΓΡΟ,6
GRC,τυρομ,6
GRC,cream cooking,6
GRC,cipriani,6
GRC,beas,6
GRC,γλωσσ,6
GRC,knorr snack pot,6
GRC,ταψινι,6
GRC,aperol sp,6
GRC,δου,6
GRC,caul,6
GRC,γλυκισμ,6
GRC,κοτπουλο,6
GRC,αμπελη,6
GRC,λαδερο,6
GRC,σουι,6
GRC,γαλα πρασινο,6
GRC,pusding,6
GRC,σαπουνι πλυντ,6
GRC,φυστικομπα,6
GRC,γλυκο κο,6
GRC,laud,6
GRC,γάλα light,6
GRC,σουτζουκα,6
GRC,δυσομ,6
GRC,χαρομαν,6
GRC,σάλτσε,6
GRC,og,6
GRC,shine,6
GRC,verg,6
GRC,εκχύλισμα β,6
GRC,detil,6
GRC,μπαρες πρωτε,6
GRC,espresso κάψουλες,6
GRC,ψωμι σταρενιο,6
GRC,μακεδονικο,6
GRC,remove,6
GRC,bala,6
GRC,σολολ,6
GRC,μουτα,6
GRC,ζελέ χωρίς ζάχαρη,6
GRC,casal,6
GRC,soy souce,6
GRC,veev in prime,6
GRC,vegan p,6
GRC,yogurt lactose free,6
GRC,λάδι καρυ,6
GRC,γλυκο βυσσινο,6
GRC,φρουτοκρ,6
GRC,απορρυπαντικο πλυντήριο,6
GRC,μήλου,6
GRC,φακεε,6
GRC,σακουλες καταψυξης,6
GRC,μαγνητακι,6
GRC,τσιφ,6
GRC,lactose milk,6
GRC,βικος co,6
GRC,amate,6
GRC,τγειας,6
GRC,tabl,6
GRC,κουνοθ,6
GRC,Vo,6
GRC,μαοντανος,6
GRC,dececc,6
GRC,βύσσινα,6
GRC,ανιθι,6
GRC,κιυβερ,6
GRC,νερα κρητης,6
GRC,fanta ze,6
GRC,παγωτε,6
GRC,μάρμαρο,6
GRC,φυτικη κρεμ,6
GRC,ευχες,6
GRC,φιατι,6
GRC,yogurt strained,6
GRC,δοωε,6
GRC,energet,6
GRC,τορτιγιες μικρες,6
GRC,sopalin,6
GRC,turkey breast,6
GRC,Φαγητό,6
GRC,Pistachio,6
GRC,Χρωμοπαγίδες,6
GRC,προσφορ,6
GRC,γαλοπουλα βραδτη,6
GRC,τυρί cottage,6
GRC,μεβφαλ,6
GRC,παγωθηκ,6
GRC,τορτηγια,6
GRC,maybi,6
GRC,Μαύρο πιπέρι,6
GRC,sunscreen face,6
GRC,Toni,6
GRC,χαρτι υγειες,6
GRC,aloe vera gel,6
GRC,insulated,6
GRC,pitata,6
GRC,Ρζ,6
GRC,υγρά πανάκια,6
GRC,πολτο ντοματας,6
GRC,κρι κρι παγω,6
GRC,επιδαπ,6
GRC,olero,6
GRC,my market loca,6
GRC,ws,6
GRC,milk co,6
GRC,σακουλα τρο,6
GRC,coconut wayer,6
GRC,γαλα barista,6
GRC,artisan,6
GRC,κρε.α,6
GRC,κρεμα μαλλι,6
GRC,off,6
GRC,αντικι,6
GRC,κακου,6
GRC,παγωτό φράουλα,6
GRC,Edam,6
GRC,Σολομο,6
GRC,τομστο,6
GRC,μελισα,6
GRC,tesoro,6
GRC,Φυστικια,6
GRC,καρποβο,6
GRC,καλωδιο iphone,6
GRC,γαλου,6
GRC,laundry tablets,6
GRC,σοκολατοπι,6
GRC,mini babyb,6
GRC,durex lubricant,6
GRC,ντοματινοα,6
GRC,σποτελαιο,6
GRC,τσαθ,6
GRC,ψωμί brioche,6
GRC,βαρομουρα,6
GRC,hatzi,6
GRC,mans,6
GRC,δωσω,6
GRC,στεωια,6
GRC,βοδινό κρέας,6
GRC,δανδα,6
GRC,γλυκό κουταλιού κεράσι,6
GRC,λευκάντικο,6
GRC,Σπανακορυζο,6
GRC,σποραιλ,6
GRC,συκωτάκια,6
GRC,έψα,6
GRC,γατιδη,6
GRC,βαρα,6
GRC,αρτα,6
GRC,αποριπαντικ,6
GRC,diet sprite,6
GRC,fix ανε,6
GRC,χοιτ,6
GRC,knoo,6
GRC,γιαούρτι κρικρι,6
GRC,μασάζ,6
GRC,kerastas,6
GRC,κρεμα γαλαντος,6
GRC,viognier,6
GRC,λεμονια χυμος,6
GRC,fruts,6
GRC,Σέλινο,6
GRC,xidi,6
GRC,digestive protein,6
GRC,αλεύρι γ,6
GRC,ΨΩΜ,6
GRC,φωτι,6
GRC,λακα,6
GRC,fa α,6
GRC,ψυγεια,6
GRC,τυροπο,6
GRC,ιμαμ,6
GRC,πρωινου,6
GRC,μπτι,6
GRC,Ετοιμα,6
GRC,μικρά νερα,6
GRC,Malte,6
GRC,πλαστικές,6
GRC,ζυμαρι για πιτσα,6
GRC,pampers no6,6
GRC,gocciole,6
GRC,paata,6
GRC,nuro,6
GRC,κρεμα μαλ,6
GRC,τυρι cot,6
GRC,υγρο καθαριστικο,6
GRC,gruyere,6
GRC,kaize,6
GRC,σε φέτες,6
GRC,του τοπ,6
GRC,cakr,6
GRC,κρεμιδη,6
GRC,χυμός χωρίς,6
GRC,λαυ,6
GRC,ασπρος σιφουνας,6
GRC,σπαγγετιν,6
GRC,Φιξ αν,6
GRC,μωρό μαντήλι,6
GRC,ταχινι μελι,6
GRC,γάντια κουζ,6
GRC,centel,6
GRC,rip,6
GRC,κτασι,6
GRC,εστραγ,6
GRC,shitake,6
GRC,eveyday,6
GRC,hand towel,6
GRC,fage fr,6
GRC,παρκετ,6
GRC,σακουλες απορριματ,6
GRC,υγειην,6
GRC,deco,6
GRC,DAVIDOFF,6
GRC,Κιτ κατ,6
GRC,humbo,6
GRC,τόνις,6
GRC,γιωρ,6
GRC,τσατν,6
GRC,λευκαντικο ρουχων,6
GRC,ισ,6
GRC,ρύζι γ,6
GRC,coy,6
GRC,ζελε Γιώτης,6
GRC,basmar,6
GRC,koriander,6
GRC,bubble bath,6
GRC,terrea am,6
GRC,bifo,6
GRC,πούρα,6
GRC,uns,6
GRC,μερό,6
GRC,bodymist,6
GRC,sparking wine,6
GRC,πρασοπιτα,6
GRC,lor es,6
GRC,ΣΠΑΝΑΚΙ,6
GRC,tubog,6
GRC,οινόπνευ,6
GRC,α οκ,6
GRC,Αντικολλ,6
GRC,μπεικομ,6
GRC,του μπαμπα,6
GRC,εβαπορρ,6
GRC,brocolis,6
GRC,τυρι κρεμμα,6
GRC,μωβ σαμπουαν,6
GRC,σφακια,6
GRC,Couscous,6
GRC,αγιονερι,6
GRC,artic,6
GRC,νπυνου,6
GRC,Starbu,6
GRC,kinor,6
GRC,σφουγγαρι πιατ,6
GRC,phis,6
GRC,χπυμους,6
GRC,lego duplo,6
GRC,μουτεβέλης,6
GRC,leerdam,6
GRC,ck,6
GRC,ενι,6
GRC,lifoplus,6
GRC,λεκανακι,6
GRC,green πορτοκαλαδα,6
GRC,κολιαντρο,6
GRC,plant b,6
GRC,Τυρί του τοστ,6
GRC,deep,6
GRC,σπατο,6
GRC,rade,6
GRC,φρυγγ,6
GRC,οαν,6
GRC,concrete,6
GRC,sg,6
GRC,napolit,6
GRC,sit,6
GRC,υμοι,6
GRC,καντήλι,6
GRC,himal,6
GRC,protein shak,6
GRC,toiler,6
GRC,lierac,6
GRC,syoos,6
GRC,μέι,6
GRC,acana,6
GRC,τσιο,6
GRC,μπατω,6
GRC,βαλσαμθκο,6
GRC,magoc,6
GRC,μωρμαντηλα,6
GRC,bugle,6
GRC,γιαα,6
GRC,αντισκωρ,6
GRC,μαρτ,6
GRC,μιας χρηση,6
GRC,παγωτο κ,6
GRC,κρεμα μαλλιών,6
GRC,El sab,6
GRC,κάψουλες πλην,6
GRC,χαρτι αντικ,6
GRC,terrea tur,6
GRC,ΕΛΛΗΝΙΚΟΣ ΚΑΦΕΣ,6
GRC,χυμος πορτοκάλι,6
GRC,καρεκ,6
GRC,suf,6
GRC,γατιδακια,6
GRC,banana chips,6
GRC,fusetea,6
GRC,χωρίς χ,6
GRC,καρρο,6
GRC,Retsina,6
GRC,καλαον,6
GRC,πτι μοερ,6
GRC,εγγ,6
GRC,γάλα σκονη,6
GRC,κρέμες σωματος,6
GRC,μπουμπαδ,6
GRC,ΠΙΤΣΑ,6
GRC,ouster,6
GRC,aaa batteries,6
GRC,monom,6
GRC,white onion,6
GRC,γιαουρυια,6
GRC,σερβίρ,6
GRC,καφές κ,6
GRC,γιαρμας,6
GRC,γαριδομα,6
GRC,coka co,6
GRC,Μανγκο,6
GRC,gavros,6
GRC,cheas,6
GRC,χλωρινη ρουχων,6
GRC,male,6
GRC,cheese g,6
GRC,jagg,6
GRC,BB,6
GRC,φσκες,6
GRC,ντοματα πολτος,6
GRC,σαλστα,6
GRC,υγρο ρου,6
GRC,υγρό απορρυπαντικό βρεφικό,6
GRC,Χρωμοπαγ,6
GRC,φρυγανο,6
GRC,φασιλα,6
GRC,σλαμι,6
GRC,γαια,6
GRC,σφουγγάρι μπανιου,6
GRC,polynag,6
GRC,sweet an,6
GRC,koliandro,6
GRC,γιαουρτι με φρουτα,6
GRC,κουτο,6
GRC,freshner,6
GRC,καψουλες εσπρεσο,6
GRC,ζαχαρη κρυσταλικη,6
GRC,banaa,6
GRC,λυπα,6
GRC,τσαι σκονη,6
GRC,Ελ γ,6
GRC,ACE,6
GRC,τυρι κεφαλοτυρι,6
GRC,pet spray,6
GRC,κριται,6
GRC,σάλτσα τομάτας,6
GRC,Αρια,6
GRC,crunchy max,6
GRC,dacri,6
GRC,ψωμί χωρις,6
GRC,βουτθ,6
GRC,μαγειρευ,6
GRC,εμπλαστρ,6
GRC,Ντοματοχυμος,6
GRC,βερεξ,6
GRC,planet pista,6
GRC,χαρτι Α,6
GRC,μυχ,6
GRC,οδοντόβουρτσε,6
GRC,Nood,6
GRC,γκουβτα,6
GRC,psyl,6
GRC,green moctail,6
GRC,βιολογικό γαλα,6
GRC,νατο,6
GRC,aloe ve,6
GRC,σουμα,6
GRC,τσαι κ,6
GRC,aka,6
GRC,παστα ντομ,6
GRC,φρεσκο κρεμμύδι,6
GRC,οδοβτοκρεμα,6
GRC,detl,6
GRC,κρεκ,6
GRC,ceasae,6
GRC,vasili,6
GRC,oreo παγω,6
GRC,σακουλες xl,6
GRC,αλατι πλυντηριου πιατων,6
GRC,καλαμαράκι,6
GRC,guarana,6
GRC,παθ,6
GRC,ξερα,6
GRC,hesl,6
GRC,χαμηλά λιπαρά,6
GRC,pb,6
GRC,πλυντήριο ρουχων,6
GRC,caffee,6
GRC,nescafe go,6
GRC,βεργίνα,6
GRC,φασολακια πλατια,6
GRC,κηρ,6
GRC,ζελε φραου,6
GRC,κασεροκρ,6
GRC,Δυοσμ,6
GRC,σχινό,6
GRC,travel si,6
GRC,parboil,6
GRC,swimming cap,6
GRC,καλγκον,6
GRC,cornflower,6
GRC,snail,6
GRC,κρεμα προσ,6
GRC,οδοντοκρεαμ,6
GRC,καθαριστικό γενικής χρήσης,6
GRC,ταινίες αποτριχωσης,6
GRC,σαμπουαν για,6
GRC,τυζογ,6
GRC,αντηλιακη,6
GRC,delia silver,6
GRC,σαγκρι,6
GRC,σακουλες τροφιμ,6
GRC,ψωμι χωρις γλου,6
GRC,pringkes,6
GRC,στραγγιστο για,6
GRC,μυγ,6
GRC,ρζι,6
GRC,ταμπουλ,6
GRC,μπαραριες,6
GRC,TENA,6
GRC,Αβα,6
GRC,μυλοπιτα,6
GRC,πιτουλες,6
GRC,espresso nes,6
GRC,σκευη μιας χρησης,6
GRC,κεφαλογραβι,6
GRC,μαρμελάδα φραο,6
GRC,κρφαλοτυρι,6
GRC,endless goodmood,6
GRC,μπατζα,6
GRC,κουβερτουρα χωρίς ζάχαρη,6
GRC,Πατάτ,6
GRC,garden gou,6
GRC,coca cola zwro,6
GRC,μαντηλακια ντεμα,6
GRC,Ταχι,6
GRC,corton,6
GRC,στριφτή,6
GRC,puck,6
GRC,πιες,6
GRC,μυρωδικο,6
GRC,ζύ,6
GRC,χαρτι υγρια,6
GRC,swiss cheese,6
GRC,είδη θαλάσσης,6
GRC,παγωτο βανι,6
GRC,υγρο σφουγ,6
GRC,φρεσκούης,6
GRC,ζωμός κο,6
GRC,tei,6
GRC,ντουλαπ,6
GRC,ανθοτυτο,6
GRC,alpro almond,6
GRC,αβ shop,6
GRC,frulite boost,6
GRC,σιδες,6
GRC,cordi,6
GRC,4 season,6
GRC,arbor,6
GRC,Ελληνικό καφε,6
GRC,λευκη σοκο,6
GRC,ΧΩΝΑΚΙΑ,6
GRC,bakerols,6
GRC,fishti,6
GRC,ΕΒΓΑ,6
GRC,φορμα ψησιματος,6
GRC,κυδωνατες,6
GRC,koukak,6
GRC,μασκες μαλλιων,6
GRC,dove σαπουνι,6
GRC,sui,6
GRC,γουμενισσες,6
GRC,μιταντα,6
GRC,raspbery,6
GRC,κάψουλες για,6
GRC,παραμυθενιο,6
GRC,σερι,6
GRC,maionese,6
GRC,φρπυ,6
GRC,beens,6
GRC,φετα βιολογικη,6
GRC,πθπερ,6
GRC,josera,6
GRC,βραζιλ,6
GRC,crysta,6
GRC,αυτομαυριστικο,6
GRC,pizza ristorante,6
GRC,capucci,6
GRC,κρουασαν βουτυρου,6
GRC,κονα,6
GRC,sog,6
GRC,αποδμι,6
GRC,vinig,6
GRC,shre,6
GRC,NER,6
GRC,γαλα εβαποε,6
GRC,bsby,6
GRC,γάλα σε,6
GRC,olympoa,6
GRC,Καλαμπο,6
GRC,κεθκ,6
GRC,ομικρ,6
GRC,copp,6
GRC,κρεμοσαππυνο,6
GRC,giu,6
GRC,ανθρακα,6
GRC,αμυγδαλπ,6
GRC,υγιει,6
GRC,Dov,6
GRC,σεβιετε,6
GRC,καλαμακι κοτοπουλο,6
GRC,συγκλ,6
GRC,haagen d,6
GRC,καρποζ,6
GRC,kru,6
GRC,zuchi,6
GRC,kiei,6
GRC,330,6
GRC,poki,6
GRC,sanitas wrap,6
GRC,σερβίρεις,6
GRC,Μπαρ,6
GRC,parsil,6
GRC,φετα καλαβρυτων,6
GRC,ψωμι μαργαριτα,6
GRC,vegan παγωτ,6
GRC,λάμ,6
GRC,κατσαροδ,6
GRC,ocd,6
GRC,ferreri,6
GRC,κοπιδι,6
GRC,thread,6
GRC,ψιλιο,6
GRC,drinkeat,6
GRC,ακουαφ,6
GRC,ελιρς,6
GRC,pomegrante,6
GRC,φυσικος χυ,6
GRC,κερασματα,6
GRC,mondt,6
GRC,σαγκο,6
GRC,ντοματινηα,6
GRC,hollin,6
GRC,βτοματινια,6
GRC,protein noodles,6
GRC,protein s,6
GRC,protein shaker,6
GRC,Κορ,6
GRC,sudoc,6
GRC,βουτηρι,6
GRC,Fiit,6
GRC,crossa,6
GRC,sandwiches,6
GRC,διατροφικη μα,6
GRC,λακτε,6
GRC,οδοντοβοθ,6
GRC,κολκ,6
GRC,μπυγ,6
GRC,spray  ρουχων,6
GRC,stanley,6
GRC,shwepps,6
GRC,κοντοσ,6
GRC,cream craker,6
GRC,ξινολάχανο,6
GRC,rev,6
GRC,azz,6
GRC,mun,6
GRC,soonge,6
GRC,spread cheese,6
GRC,κροτα,6
GRC,elvive purple,6
GRC,αποςμ,6
GRC,tonys chocolonely,6
GRC,att,6
GRC,κρεμα γαλακτοδ,6
GRC,nachis,6
GRC,βιτσ,6
GRC,παντοφλε,6
GRC,sesami,6
GRC,μπλε τ,6
GRC,λαμο,6
GRC,Musli,6
GRC,jak,6
GRC,μακαρονο,6
GRC,τσιροτο,6
GRC,βούρ,6
GRC,τυρια τριμ,6
GRC,Πετσετα,6
GRC,ριζες,6
GRC,ζημ,6
GRC,γοθ,6
GRC,floor cl,6
GRC,mute,6
GRC,παιδικα γιαου,6
GRC,buldac,6
GRC,Organic,6
GRC,xixi,6
GRC,κόμμι,6
GRC,μυρμυ,6
GRC,napolita,6
GRC,κεράσματα,6
GRC,ζαχαρπυ,6
GRC,ρυζογκπφρετες,6
GRC,μαλακτικό ρουχω,6
GRC,ΤΣΙΧΛΕΣ,6
GRC,στρας,6
GRC,απορρυπαντικό πάτωμα,6
GRC,μωρομαβτηλα,6
GRC,παγωτο γι,6
GRC,βανίλια σκόνη,6
GRC,coffee cups,6
GRC,illy capsules,6
GRC,ligui,6
GRC,μπεργκε,6
GRC,μανταλάκ,6
GRC,nout,6
GRC,σπρευ για,6
GRC,χαλλουμι,6
GRC,πιπερια φλ,6
GRC,χωρις γλουτεν,6
GRC,παπαδοπουκου,6
GRC,DOVE,6
GRC,pralines and cream,6
GRC,ceddar,6
GRC,fib,6
GRC,διαλ,6
GRC,Ρι,6
GRC,καφέ ελλ,6
GRC,tiolet,6
GRC,Wat,6
GRC,pesto ross,6
GRC,αου,6
GRC,κρεμμδια,6
GRC,υγρα μαντι,6
GRC,μπαρα πρωτε,6
GRC,Σκου,6
GRC,μαγιομεζα,6
GRC,wokshop,6
GRC,colesla,6
GRC,Jumbo chips,6
GRC,jugo,6
GRC,παστουρμάς,6
GRC,ψωμι brio,6
GRC,potates,6
GRC,γαλα του τόπου μας,6
GRC,μαγιονέζας,6
GRC,broe,6
GRC,bund,6
GRC,χυμοι λεμονι,6
GRC,αλατι σα,6
GRC,besa,6
GRC,overnight oats,6
GRC,shmpo,6
GRC,marc,6
GRC,decor,6
GRC,παράθυρο,6
GRC,κρεμα ζα,6
GRC,φέτσ,6
GRC,αμαρι,6
GRC,αμυγσ,6
GRC,capro,6
GRC,φακες beluga,6
GRC,Φιξ ανευ,6
GRC,χαρτι κπ,6
GRC,πατατάκια φουρνου,6
GRC,arla pudding,6
GRC,chipota,6
GRC,τροφή σκυ,6
GRC,vegans,6
GRC,ψωμί τοδτ,6
GRC,γαλα πληρ,6
GRC,τσαι φραουλα,6
GRC,κρέμα ημέρας,6
GRC,choc chip,6
GRC,kez,6
GRC,πραλινα φυστικι,6
GRC,vitalinr,6
GRC,πληγουρ,6
GRC,ξύδι βαλσαμικο,6
GRC,cupc,6
GRC,φουσκοτα,6
GRC,Portobello,6
GRC,ημιγλυκος,6
GRC,beer a,6
GRC,γαλα lactose,6
GRC,σοκογ,6
GRC,παραδοσι,6
GRC,big cho,6
GRC,μελη,6
GRC,shea,6
GRC,μαρπυ,6
GRC,κολλητ,6
GRC,bife,6
GRC,μοε,6
GRC,λουκανικπ,6
GRC,μπισκότα κανέλας,6
GRC,hole,6
GRC,κάψουλες πλυντηρίου πιάτων,6
GRC,βραστηρα,6
GRC,brwad,6
GRC,nobacco,6
GRC,πρασινο σαπούνι,6
GRC,οδο το,6
GRC,Βερίκοκα,6
GRC,etsi,6
GRC,ψωμξ,6
GRC,μορσαρελα,6
GRC,απορροφητικό,6
GRC,τυρι  τριμ,6
GRC,γλυκόξ,6
GRC,ξιμας,6
GRC,στραγγιστο 2,6
GRC,κρεμα σταμου,6
GRC,βαζελιν,6
GRC,οίνος,6
GRC,tomsto,6
GRC,ροφημα σοκολατας,6
GRC,Cocacola,6
GRC,ΠΙΠΕΡΙ,6
GRC,τρυι,6
GRC,θήκ,6
GRC,no caffeine,6
GRC,μανεσ,6
GRC,Σταγ,6
GRC,loe,6
GRC,overall,6
GRC,μυλοι αγιου γεωργιου,6
GRC,αυγου,6
GRC,dairy milk,6
GRC,μίνι μαρκετ,6
GRC,παυατα,6
GRC,carrit,6
GRC,γάλα.,6
GRC,μισο,6
GRC,prepared meal,6
GRC,σπλ,6
GRC,τσαντε,6
GRC,λουκού,6
GRC,μαυρη σοκολατ,6
GRC,bitter lem,6
GRC,salad bowl,6
GRC,κιμάς σογιας,6
GRC,Tza,6
GRC,Tissue,6
GRC,τσιγαρα κ,6
GRC,sani lad,6
GRC,λιναροσ,6
GRC,pop up,6
GRC,cream cheece,6
GRC,fouandre,6
GRC,κουνουπιδ,6
GRC,ζωγρά,6
GRC,Cranberries,6
GRC,μοσχαρίσιος,6
GRC,katseli,6
GRC,κερεσια,6
GRC,τριλ,6
GRC,πενι,6
GRC,ταμπλετεσ,6
GRC,Συ,6
GRC,γαλα αμυγδαλοθ,6
GRC,bond r,6
GRC,1€,6
GRC,γιαούρτι φρ,6
GRC,εφημ,6
GRC,ζαχαρη κασταν,6
GRC,Κάλας,6
GRC,κωσταρέλ,6
GRC,τυρι υοστ,6
GRC,μανταριν,6
GRC,chocolate 85,6
GRC,μηλο ξυ,6
GRC,πατστά,6
GRC,μαυρα στιγματα,6
GRC,calsber,6
GRC,burher,6
GRC,navho,6
GRC,knir,6
GRC,everyday σερβιετες,6
GRC,κρέμα η,6
GRC,nigi,6
GRC,ροδαν,6
GRC,καψουλα veev,6
GRC,στέβια υγρή,6
GRC,ραπανάκι,6
GRC,iwos,6
GRC,spatula,6
GRC,maui,6
GRC,τρακτερ,6
GRC,xel,6
GRC,royal can,6
GRC,hony,6
GRC,white rum,6
GRC,ιφαντης,6
GRC,ΚΡΕΜΜΥΔΙΑ,6
GRC,χανδρες,6
GRC,μπισκοφ,6
GRC,Wella,6
GRC,αδιαβροχες πανες,6
GRC,κλυ,6
GRC,protine,6
GRC,baking powde,6
GRC,μπιςκοτα,6
GRC,cottah,6
GRC,Cin,6
GRC,paper pl,6
GRC,MAL,6
GRC,παπαγαλο,6
GRC,γεωργι,6
GRC,στρργιου,6
GRC,gold nescafe,6
GRC,γάλα σογ,6
GRC,σάου,6
GRC,yogurr,6
GRC,pesto vegan,6
GRC,μιράντα,6
GRC,νηστεια,6
GRC,koo,6
GRC,bresola,6
GRC,britta,6
GRC,fae,6
GRC,χυμος amita,6
GRC,σπατου,6
GRC,σακουλες χαλι,6
GRC,3A,6
GRC,ηι,6
GRC,turquoise,6
GRC,παραλί,6
GRC,mani,6
GRC,1-2,6
GRC,οντο,6
GRC,evri,6
GRC,βουβ,6
GRC,redwine,6
GRC,Cuc,6
GRC,πλαστελινες,6
GRC,Στήθος,6
GRC,ψωμι οκικης,6
GRC,χαρτί ρολο,6
GRC,ornage,6
GRC,xinonero,6
GRC,ζάχαρη α,6
GRC,baby laundry,6
GRC,σάλτσα ζυ,6
GRC,club s,6
GRC,κατσικισιο βιο,6
GRC,καφές εσπρεσσο,6
GRC,lucky s,6
GRC,ρυζογκογ,6
GRC,baby σπα,6
GRC,κριθι,6
GRC,tonic light,6
GRC,argan,6
GRC,οδοντοκε,6
GRC,natcho,6
GRC,gel shower,6
GRC,sokola,6
GRC,σάλτσα ζυμαρικών,6
GRC,σολωμοδ,6
GRC,άμμος γατ,6
GRC,smacks,6
GRC,τά,6
GRC,σαλατα κηπουρου,6
GRC,ketchup stevia,6
GRC,fid,6
GRC,θρουμπ,6
GRC,πανσερα,6
GRC,ξηροδερμια,6
GRC,ςετ,6
GRC,χαρτι θγεια,6
GRC,νέφτι,6
GRC,ολυμπια,6
GRC,σχοινί,6
GRC,veggi,6
GRC,suif,6
GRC,plu,6
GRC,viraline,6
GRC,περιοδος,6
GRC,glass s,6
GRC,mau,6
GRC,βιολογικά αυγα,6
GRC,ant trap,6
GRC,chair,6
GRC,biff,6
GRC,παγουα,6
GRC,τροφή σ,6
GRC,Water wipes,6
GRC,λουκσ,6
GRC,βαρά,6
GRC,tu bo flo,6
GRC,stevua,6
GRC,perl,6
GRC,μηλοκλεφτ,6
GRC,σακούλες μπανιου,6
GRC,liptom,6
GRC,ital,6
GRC,Tata,6
GRC,απορρυπαντικο πιατω,6
GRC,beenros,6
GRC,chily,6
GRC,πάπ,6
GRC,septons,6
GRC,καφες lor,6
GRC,risogalo,6
GRC,febreeze,6
GRC,φημητριακα,6
GRC,μεσογειακα,6
GRC,mouthwas,6
GRC,γλυκό κουταλιο,6
GRC,kla,6
GRC,otaly,6
GRC,βερίκοκα διαμαντοπουλου,6
GRC,Pokémon,6
GRC,Nature Valley,6
GRC,πατάτες   deluxe,6
GRC,βιολογικες μπανανες,6
GRC,σπρεο,6
GRC,phillade,6
GRC,μπύρα αν,6
GRC,nolero,6
GRC,camembe,6
GRC,τριχόπτωση,6
GRC,scoth,6
GRC,αποδμ,6
GRC,μανιυρι,6
GRC,karamoleg,6
GRC,garida,6
GRC,πιπιε,6
GRC,ταμπλέτες πλυν,6
GRC,χαζαπλαστ,6
GRC,σαπουνη,6
GRC,sweet a,6
GRC,ενταμαμε,6
GRC,baby spi,6
GRC,δωδνη,6
GRC,γιορτη,6
GRC,sticky,6
GRC,work,6
GRC,χωρίς ζάχα,6
GRC,despera,6
GRC,mafic,6
GRC,q10,6
GRC,σοκολατα 70%,6
GRC,kliafa,6
GRC,solomon,6
GRC,γαλλικος καφες,6
GRC,αλεύρι που φουσκ,6
GRC,αποσημτικο,6
GRC,pink grapefr,6
GRC,wilt,6
GRC,δίκοκκο,6
GRC,αλευρι βιολογικο,6
GRC,john p,6
GRC,κρεμα καραμελ,6
GRC,tomatto,6
GRC,πατατσκι,6
GRC,ζομο,6
GRC,μελιτσ,6
GRC,halo tol,6
GRC,hell i,6
GRC,αποητικο,6
GRC,tomato sauc,6
GRC,straciatella,6
GRC,kinder p,6
GRC,dorittos,6
GRC,σαλαρ,6
GRC,χρτο,6
GRC,παωο,6
GRC,extra γαριδακια,6
GRC,Agnotis,6
GRC,τρί,6
GRC,Αμυγδάλου,6
GRC,γυρι,6
GRC,κανελα κ,6
GRC,ημισ,6
GRC,coca cola zero caffeine,6
GRC,παγωτο san,6
GRC,rumm,6
GRC,σοκολαυ,6
GRC,φυστθ,6
GRC,hot honey,6
GRC,tomato can,6
GRC,lakt,6
GRC,ψωμί για τ,6
GRC,τρουφα χρωματιστη,6
GRC,παταταξ,6
GRC,Mel,6
GRC,Ακτινίδια,6
GRC,buts,6
GRC,atma,6
GRC,hipp 3,6
GRC,Γάλα αμ,6
GRC,θερμιδες,6
GRC,nutrla,6
GRC,μπθφ,6
GRC,mozzarw,6
GRC,marata,6
GRC,frelact,6
GRC,ανταλακτικο,6
GRC,derma,6
GRC,trufru,6
GRC,σοκολατα 80,6
GRC,ferrero rocher,6
GRC,τετε,6
GRC,γιοτις,6
GRC,ηλιελεο,6
GRC,αφρώδη,6
GRC,Μαα,6
GRC,sweaps,6
GRC,γιαούρτι σογιας,6
GRC,zero alcohol,6
GRC,snacka,6
GRC,schoko,6
GRC,ice cream ben,6
GRC,fajit,6
GRC,beach chair,6
GRC,απορυπαντικπ,6
GRC,τσάντα δωρ,6
GRC,παρεμ,6
GRC,φουντουκοβουτ,6
GRC,sunflow,6
GRC,καλλυντ,6
GRC,μανιταρια κονσερ,6
GRC,72,6
GRC,πιατα χαρτ,6
GRC,νουτέλα,6
GRC,γαλατακια νουνου,6
GRC,rissoto,6
GRC,oniond,6
GRC,buldsk,6
GRC,balsamiko,6
GRC,plastic bowl,6
GRC,τριμμς,6
GRC,ψωμιβτοστ,6
GRC,κομματακια σοκο,6
GRC,teabag,6
GRC,keft,6
GRC,καφες nes,6
GRC,anya,6
GRC,μασούτης,6
GRC,υπνοσεντονα,6
GRC,turmer,6
GRC,τυρί κρέμ,6
GRC,νακτ,6
GRC,μωε,6
GRC,sousages,6
GRC,ρυχογαλο,6
GRC,dishwashing soap,6
GRC,gelatine,6
GRC,azura,6
GRC,oatly vanilla,6
GRC,πουτο,6
GRC,ολυμπος 2,6
GRC,χαρτι αντικολλητικο,6
GRC,dove silk,6
GRC,baby yoghurt,6
GRC,biere,6
GRC,guoza,6
GRC,synk,6
GRC,washer,6
GRC,χυμό πορτοκαλιού,6
GRC,μπεικιν παουν,6
GRC,μαλακτικο τουχων,6
GRC,Halls,6
GRC,saumon,6
GRC,γιαούρτι νουνού,6
GRC,συλε,6
GRC,κρεμα καραμελέ,6
GRC,baking poweder,6
GRC,τριμμένη ντοματα,6
GRC,κρεωπο,6
GRC,ΜΩΡΟ,6
GRC,κονσέρβα σκυλου,6
GRC,ταχνι,6
GRC,150ml,6
GRC,sou sauce,6
GRC,ζαχαρουχο γαλ,6
GRC,jean,6
GRC,βρεφικό γιαούρτι,6
GRC,douw,6
GRC,wad,6
GRC,μιλητ,6
GRC,period pads,6
GRC,ice tea 1.5,6
GRC,laser,6
GRC,ζελε ροδοπη,6
GRC,pare,6
GRC,φιλέτο κοτο,6
GRC,σιροπι βανιλια,6
GRC,μπαρα πρω,6
GRC,στον φουρνο,6
GRC,samdwich,6
GRC,wetabix,6
GRC,marvi,6
GRC,tambon,6
GRC,burro,6
GRC,fit pizza,6
GRC,πατατακια με αλατι,6
GRC,diner,6
GRC,γαλπο,6
GRC,σφουγγάρι μ,6
GRC,λρμ,6
GRC,σοκολάτα χωρίς ζα,6
GRC,πίτες ολικης,6
GRC,coolvit,6
GRC,nescafe espress,6
GRC,σφολιατας,6
GRC,fornet,6
GRC,Φτ,6
GRC,νερο καρύδας,6
GRC,απορρυπαντθκο,6
GRC,πιπεριες φλωρ,6
GRC,cabage,6
GRC,πιπερα,6
GRC,protien shake,6
GRC,Lucozade,6
GRC,σαλατα γευμα,6
GRC,φουντουκοβού,6
GRC,φυστοκοβουτυρο,6
GRC,Ρωσικη,6
GRC,Κουλο,6
GRC,βασιλικοι χουρμαδες,6
GRC,καραμαλε,6
GRC,protein m,6
GRC,τσάι μα,6
GRC,κονκά,6
GRC,activua,6
GRC,paw p,6
GRC,ρόλο κουζ,6
GRC,motzarela,6
GRC,μξ,6
GRC,de decco,6
GRC,pekor,6
GRC,adoro cre,6
GRC,swifet,6
GRC,φιδάκ,6
GRC,mod,6
GRC,νεσεσ,6
GRC,Πορτοκαλα,6
GRC,Σπορέλαιο,6
GRC,dinas,6
GRC,30g,6
GRC,immune,6
GRC,φυτικο ρο,6
GRC,Κουκ,6
GRC,γλο,6
GRC,ωου,6
GRC,αλλοτινο,6
GRC,ronic,6
GRC,βασιλικοσ,6
GRC,οδοντκ,6
GRC,bannan,6
GRC,assyr,6
GRC,μαμτηλακια,6
GRC,hellmas,6
GRC,αλεύρι ολι,6
GRC,eonio,6
GRC,Herbal,6
GRC,αρακαδ,6
GRC,la vash,6
GRC,γιατί,6
GRC,keough,6
GRC,καδες,6
GRC,δμ,6
GRC,ρού,6
GRC,πλαστικα κουταλια,6
GRC,Alpr,6
GRC,hell c,6
GRC,γλυκο του κου,6
GRC,Κατεψυ,6
GRC,hell apple,6
GRC,Μη,6
GRC,νρτο,6
GRC,μπαμο,6
GRC,μπαρες protein,6
GRC,ταμπλετες κουνουπια,6
GRC,potiri,6
GRC,προπ,6
GRC,Cig,6
GRC,whiped,6
GRC,yoga mat,6
GRC,Γιαουτ,6
GRC,τσιψ,6
GRC,radlee,6
GRC,shell,6
GRC,max white,6
GRC,τσαι ροδα,6
GRC,Υγρά,6
GRC,lno,6
GRC,xhee,6
GRC,biotec,6
GRC,κρε.,6
GRC,Mereda,6
GRC,school,6
GRC,risoet,6
GRC,courage,6
GRC,σπου,6
GRC,φρπυτ,6
GRC,χειροπετσέ,6
GRC,beig,6
GRC,coca colaa,6
GRC,sesami oil,6
GRC,δισκακια,6
GRC,ψωμι burg,6
GRC,Pamp,6
GRC,hangry,6
GRC,beea,6
GRC,amareto,6
GRC,xymos,6
GRC,tina,6
GRC,bese,6
GRC,magic sal,6
GRC,keg,6
GRC,σφην,6
GRC,ψωμι παπαδοπουλου,6
GRC,σααλ,6
GRC,baloo,6
GRC,μελεκούνι,6
GRC,Ελι,6
GRC,κριτσινια χαρουπι,6
GRC,total 5%,6
GRC,φυσικο νερο,6
GRC,χρωμοπαγιδε,6
GRC,ετοιμα φαγη,6
GRC,vegan γιαούρτι,6
GRC,oats milk,6
GRC,happy b,6
GRC,fylo,6
GRC,capricr,6
GRC,απωθη,6
GRC,lighting,6
GRC,γεράνι,6
GRC,γυμνα,6
GRC,dru,6
GRC,wine zoo,6
GRC,μπαβ,6
GRC,βιολογικός,6
GRC,νονο,6
GRC,powerr,6
GRC,frozen ber,6
GRC,60x90,6
GRC,καθαριστικό φουρνου,6
GRC,phyla,6
GRC,protw,6
GRC,mayoke,6
GRC,φωλια,6
GRC,preo,6
GRC,Ξυδ,6
GRC,body cr,6
GRC,thun,6
GRC,waye,6
GRC,yer,6
GRC,αμυγδαλοβουτυ,6
GRC,baby καροτα,6
GRC,κιο,6
GRC,σπυρω,6
GRC,antifreeze,6
GRC,γιαουρτι ολυμπις,6
GRC,αλλλ,6
GRC,παρθένο ελαιόλαδο,6
GRC,πιτσίνια,6
GRC,ντελικατες,6
GRC,protein pow,6
GRC,πλαστικο ποτηρι,6
GRC,chocolaye,6
GRC,syoas,6
GRC,αλρυρι,6
GRC,αλουμινια,6
GRC,gooda light,6
GRC,klunex,6
GRC,the bee bross,6
GRC,puz,6
GRC,ole,6
GRC,ship,6
GRC,γιού,6
GRC,Ari,6
GRC,pallette,6
GRC,facewash,6
GRC,Κεφαλοτύρι,6
GRC,σαλτσα κο,6
GRC,συτ,6
GRC,γιοθ,6
GRC,γλικα,6
GRC,pink s,6
GRC,Σακουλα,6
GRC,σαγιοναρ,6
GRC,plastic cu,6
GRC,fromage,6
GRC,τυρι μακα,6
GRC,measuring,6
GRC,φουντουκοβουτυρ,6
GRC,σακουλακια τρ,6
GRC,τυρί π,6
GRC,premium pants,6
GRC,cinamon rolls,6
GRC,awu,6
GRC,ταμπλετς,6
GRC,γιαούρτι Νουνού,6
GRC,δελτα vitaline,6
GRC,μακαρόνια κοφτό,6
GRC,jalepenos,6
GRC,χαλβαδακια,6
GRC,eden,6
GRC,χοντρό,6
GRC,tteo,6
GRC,greek coff,6
GRC,γαλακτοφέτες,6
GRC,Hellman,6
GRC,tomatosauce,6
GRC,Chil,6
GRC,indomi,6
GRC,Παξιμαδι,6
GRC,la roc,6
GRC,johson,6
GRC,οστ,6
GRC,σφουγγάρι σωματος,6
GRC,ποττο,6
GRC,lemon jaus,6
GRC,baby sp,6
GRC,becham,6
GRC,μπανο,6
GRC,ξινο μερο,6
GRC,sweet white wine,6
GRC,2001,6
GRC,Μίνι,6
GRC,απορρύ,6
GRC,σκιά,6
GRC,πατάτες π,6
GRC,ταμπλετες κουνουπιων,6
GRC,αβφα,6
GRC,yoghutt,6
GRC,απδα,6
GRC,handsaplast,6
GRC,special K,6
GRC,κουβερτι,6
GRC,μουσακα,6
GRC,Σαμουρη,6
GRC,τριμμενη ντο,6
GRC,veev va,6
GRC,λάδι μαλλ,6
GRC,χυμος βυ,6
GRC,ζελεφ,6
GRC,sunscreen spray,6
GRC,manou,6
GRC,παγωτό σαν,6
GRC,polo,6
GRC,σκόνη ρούχων,6
GRC,locals,6
GRC,greek yough,6
GRC,σεμπουαν,6
GRC,Ζε,6
GRC,σαπιυ,6
GRC,ρυζι μπο,6
GRC,biacoff,6
GRC,avocafo,6
GRC,πατατάκια αλάτι,6
GRC,παγωτο στε,6
GRC,ελευθέρας βοσκής,6
GRC,καυτερή σάλτσα,6
GRC,cola stevia,6
GRC,ξυριστική μηχανή,6
GRC,Taco,6
GRC,Carlsberg,6
GRC,καθαριστικό λεκανης,6
GRC,Σε,6
GRC,smoked pap,6
GRC,beauty of joseo,6
GRC,spit,6
GRC,κρι κρι παγ,6
GRC,alpro για,6
GRC,crosaint,6
GRC,γαουρτ,6
GRC,Μελιτ,6
GRC,pacot,6
GRC,cremeria,6
GRC,depdorant,6
GRC,πηρού,6
GRC,φρπυτο,6
GRC,beand,6
GRC,tiare,6
GRC,ice cream cones,6
GRC,μπλε τρα,6
GRC,sart,6
GRC,νάτσος,6
GRC,γιαούρτι  2,6
GRC,πατατακξα,6
GRC,mix τ,6
GRC,papm,6
GRC,voreia,6
GRC,dettol χερια,6
GRC,παρμαζανα,6
GRC,BILTONG,6
GRC,αλατι χ,6
GRC,δώ,6
GRC,gastro,6
GRC,el gr,6
GRC,σοκολατα κουβερ,6
GRC,μαη,6
GRC,ποπ κοτν,6
GRC,litter box,6
GRC,ψωμι μ,6
GRC,ρεγγατο,6
GRC,ξυσ,6
GRC,minu,6
GRC,ημιγλυκο κρασι,6
GRC,γιαουρδι,6
GRC,κανακης,6
GRC,υγρό πλυν,6
GRC,πγω,6
GRC,ROL,6
GRC,μηκ,6
GRC,soag,6
GRC,maati,6
GRC,moretti,6
GRC,kahl,6
GRC,λαδι για τηγανι,6
GRC,αλυμα,6
GRC,nektar,6
GRC,σιροπιαστα,6
GRC,μαντήλια,6
GRC,l'or espresso,6
GRC,malam,6
GRC,paper towl,6
GRC,kinder card,6
GRC,οινοπνευμα καθαρο,6
GRC,ωτοκαθαριστές,6
GRC,προσάναμα,6
GRC,antiperspirant,6
GRC,φαγε 0,6
GRC,σοδα μαγε,6
GRC,bruch,6
GRC,χερτ,6
GRC,nut butter,6
GRC,σταφυλλι,6
GRC,μαυρη ζα,6
GRC,14.08.2026,6
GRC,garlic powde,6
GRC,φρέσκο κρεμμυδ,6
GRC,tomato soup,6
GRC,Viakal,6
GRC,letuc,6
GRC,κΡ,6
GRC,nymphi,6
GRC,the ordinary,6
GRC,chre,6
GRC,τυρι τριμμενο παρμεζανα,6
GRC,minched beef,6
GRC,βάση για,6
GRC,κατεψυγμενη,6
GRC,πυρηνελαι,6
GRC,κασερι τρι,6
GRC,wash&go,6
GRC,lifo,6
GRC,nicotin,6
GRC,καψουλες deca,6
GRC,κασιους αναλατα,6
GRC,screen,6
GRC,ARLA,6
GRC,chocolate box,6
GRC,demake up,6
GRC,παγωτό με,6
GRC,Sol,6
GRC,νερό εμφιαλωμένο,6
GRC,cheese slic,6
GRC,mythi,6
GRC,λευκή σο,6
GRC,φαγοπυρ,6
GRC,αντιηλιακο προσωπου,6
GRC,καστανα,6
GRC,οσπριο,6
GRC,Pappy,6
GRC,tobas,6
GRC,γιαούρτι πρωτε,6
GRC,αροξ,6
GRC,melit,6
GRC,coffie,6
GRC,amita f,6
GRC,μακαρονια ολι,6
GRC,γιαούρτι δωδωνη,6
GRC,τυρί για πίτσα,6
GRC,mask hair,6
GRC,συσκευασία δωρου,6
GRC,κοκκαλακια,6
GRC,pla(e,6
GRC,terrea amb,6
GRC,akai,6
GRC,κρασί χωρίς,6
GRC,κρασί ρο,6
GRC,longchips,6
GRC,θερμοφ,6
GRC,cvm,6
GRC,tu bo,6
GRC,avance,6
GRC,dety,6
GRC,σιροπι καρα,6
GRC,χυμος κα,6
GRC,repell,6
GRC,παπαδοππυλου,6
GRC,cill,6
GRC,melissa protein,6
GRC,ροδε,6
GRC,edelme,6
GRC,ελσιολαδο,6
GRC,ΝΤΟΜ,6
GRC,hight,6
GRC,μάσκα θα,6
GRC,αποσμητικό χωρ,6
GRC,παξιναδια,6
GRC,Σαπούνι χεριών,6
GRC,αλατονερο,6
GRC,οδοντόπ,6
GRC,bult,6
GRC,διαφανη μεμβρανη,6
GRC,καλοκαίρι,6
GRC,μπουκάλι γυάλινο,6
GRC,kudo,6
GRC,φρυγανιες χωριατικες,6
GRC,franyi,6
GRC,κεο,6
GRC,μυρτω,6
GRC,ροδοπη κατ,6
GRC,babyplanet,6
GRC,cosmo,6
GRC,present,6
GRC,mitsike,6
GRC,κάψουλες πλη,6
GRC,ξηρη καρποι,6
GRC,up,6
GRC,έτοιμα γευματ,6
GRC,αναδε,6
GRC,φέτα χωριό,6
GRC,αρτοπου,6
GRC,GREEN,6
GRC,Μοσχ,6
GRC,ντετο,6
GRC,μεριδ,6
GRC,καυτερες πιπεριες,6
GRC,ice breakers,6
GRC,Βάση,6
GRC,σάλτσα πιτσα,6
GRC,Ταμπλετες,6
GRC,mastich,6
GRC,αμαξ,6
GRC,ΚΡΕ,6
GRC,Μυρτώ,6
GRC,Hillman,6
GRC,καθαρισμός προσ,6
GRC,tomato saice,6
GRC,croisan,6
GRC,President,6
GRC,lep,6
GRC,παγωτα ξυλακι,6
GRC,κριθαροκουλουρα,6
GRC,μου ου,6
GRC,αποριμ,6
GRC,μπαρμπεκ,6
GRC,Σουσάμι,6
GRC,αγγουράκι του,6
GRC,roll o,6
GRC,τυρι γαλοπ,6
GRC,rexo,6
GRC,λπυκ,6
GRC,samaria sparkling water,6
GRC,Fytro,6
GRC,fitb,6
GRC,τυρι χωριο,6
GRC,παγοτι,6
GRC,καλαμποκαλε,6
GRC,δημητριακά χωρίς ζαχαρη,6
GRC,μαρολι,6
GRC,protein t,6
GRC,γιαπυτρι,6
GRC,ανιθοσ,6
GRC,ειδη μπανιου,6
GRC,πρασινη πιπ,6
GRC,"Pummaro Σπιτική Ντομάτα από Τρίτη Ψύξη Φιάλη, 680",6
GRC,ποδον,6
GRC,ηλεκτρονικο τσιγαρο,6
GRC,Car,6
GRC,oatmi,6
GRC,μοντα,6
GRC,coil,6
GRC,αλεύρι για ψωμί,6
GRC,tone,6
GRC,αννανας,6
GRC,setting s,6
GRC,luv,6
GRC,τυρι τοστ light,6
GRC,Philad,6
GRC,καλαμαρά,6
GRC,Χωνάκι,6
GRC,altura,6
GRC,toxic,6
GRC,eggplan,6
GRC,κήπος,6
GRC,ταχονι,6
GRC,mr musc,6
GRC,ντοματον,6
GRC,ηελλ,6
GRC,aptamil,6
GRC,curles,6
GRC,guanca,6
GRC,dl,6
GRC,Παριζάκι,6
GRC,κουνελι,6
GRC,πιππερι,6
GRC,κολονι,6
GRC,jalapeños,6
GRC,planets,6
GRC,Τυρι κρεμα,6
GRC,αντισκωρια,6
GRC,Αγελαδιτσα,6
GRC,σκορδο παστα,6
GRC,μαρασκινο,6
GRC,αντισκορ,6
GRC,μπακλαβας,6
GRC,καπνιστός σολ,6
GRC,υγρό φακων,6
GRC,μπλε τυρ,6
GRC,Aja,6
GRC,sera,6
GRC,πλυνρ,6
GRC,αμυγρ,6
GRC,Zaros,6
GRC,rol stains,6
GRC,πορτοκαλαδε,6
GRC,kioskys,6
GRC,οδοντοβπ,6
GRC,titans,6
GRC,μαλακτικο sou,6
GRC,λςμοναδα,6
GRC,φραουλας,6
GRC,napole,6
GRC,νερο κ,6
GRC,στεβια ζάχαρη άχνη,6
GRC,τυρί κατσ,6
GRC,χαρτινυγειας,6
GRC,κυμάς,6
GRC,διπλής,6
GRC,κρέμα π,6
GRC,παγωτο γιωτης,6
GRC,τόνους,6
GRC,pikl,6
GRC,waffel,6
GRC,μπισκότα αλμυρά,6
GRC,Κεριά,6
GRC,oral b kids,6
GRC,strawberrie,6
GRC,risso,6
GRC,τουρτε,6
GRC,1.5l,6
GRC,fitt,6
GRC,nan opt,6
GRC,ολυμπος πο,6
GRC,caoton,6
GRC,γαλοπουλα για τοστ,6
GRC,χαρτί τουαλετ,6
GRC,φαγητο ετοιμο,6
GRC,vegsn,6
GRC,nuget,6
GRC,dovr,6
GRC,desinf,6
GRC,Μπριζόλες,6
GRC,deodorant spray,6
GRC,chicken bio,6
GRC,αντικολλητικα,6
GRC,τυραμ,6
GRC,Χωνάκια,6
GRC,nitella,6
GRC,τελ,6
GRC,τσάντ,6
GRC,bett,6
GRC,fen,6
GRC,ντοματες βιο,6
GRC,cnor,6
GRC,styve,6
GRC,olive il,6
GRC,καπνιστός σ,6
GRC,KFC,6
GRC,planet ba,6
GRC,coca cok,6
GRC,φρέσκο κρεμμυδακι,6
GRC,σαπουνι πλυντηριου,6
GRC,κροτς,6
GRC,είδη πάρτι,6
GRC,γυαλινα,6
GRC,capucino,6
GRC,δοντ,6
GRC,προβολ,6
GRC,petit ma,6
GRC,παγωτο καρπουζι,6
GRC,vana,6
GRC,πινοπνευμα,6
GRC,πακιμαδ,6
GRC,ναπολι,6
GRC,πουμαρω,6
GRC,εν ελαδι,6
GRC,frauni,6
GRC,γιαουρτι καρυδ,6
GRC,brokkoli,6
GRC,lucky strik,6
GRC,cazadores,6
GRC,γάλα βιο,6
GRC,tonix,6
GRC,νουνπ,6
GRC,κως,6
GRC,πιπίλες,6
GRC,cheese shredded,6
GRC,ντοματάκι,6
GRC,παγωτο ξυλ,6
GRC,μιγμ,6
GRC,κρυστ,6
GRC,τυρι ν,6
GRC,Amitabh free,6
GRC,knives,6
GRC,κοτόπουλο φέτες,6
GRC,Σαπου,6
GRC,ρυζι για γε,6
GRC,αοδ,6
GRC,κροασ,6
GRC,philadeplhia,6
GRC,Χαρι,6
GRC,Elite,6
GRC,pepso,6
GRC,τουχα,6
GRC,ζωο,6
GRC,σουπλα,6
GRC,vegan spread,6
GRC,αερβ,6
GRC,φυτικό τυ,6
GRC,καταμολεγκος,6
GRC,βαφες μα,6
GRC,αυτοκόλλητο,6
GRC,αποξυρα,6
GRC,βουτυρο light,6
GRC,γιαουρτι κεφιρ,6
GRC,τριμμένη φρυγα,6
GRC,ντοματινις,6
GRC,pla(n),6
GRC,γιαούρτι μεβγαλ,6
GRC,wallnuts,6
GRC,samouri,6
GRC,tortelinia,6
GRC,nilk,6
GRC,μπιφτέκια λαχανικών,6
GRC,Ρυι,6
GRC,solaire,6
GRC,chimi,6
GRC,Τοματι,6
GRC,σπείρες,6
GRC,καψουλες πλυντηριο,6
GRC,Βερυκοκα,6
GRC,πεππ,6
GRC,magic παγωτό,6
GRC,june,6
GRC,νερομαντηλα,6
GRC,stock cube,6
GRC,σφουγγατιστρα,6
GRC,σάλτσα πι,6
GRC,φρέσκους,6
GRC,σφουγγαρι πια,6
GRC,πανινι,6
GRC,akis,6
GRC,jaca,6
GRC,pantene curl,6
GRC,χιλ,6
GRC,Παλαμά,6
GRC,μακαρόνια ν,6
GRC,εκθαμβωτικο,6
GRC,ferer,6
GRC,candia,6
GRC,γκουαντ,6
GRC,ιλι,6
GRC,κουζίν,6
GRC,ψωμκ,6
GRC,espresso jacobs,6
GRC,γαλα βιολογικό,6
GRC,μπισκοτα dig,6
GRC,monito,6
GRC,βεω,6
GRC,Ελληνικός κ,6
GRC,λαχανπ,6
GRC,πατατακια φ,6
GRC,χαλβαδοπιτα,6
GRC,Πίκλες,6
GRC,κυτταρίτιδα,6
GRC,κλε,6
GRC,επιτραπεζιο νερο,6
GRC,μαμοσ,6
GRC,Βοσινά,6
GRC,proci,6
GRC,orotein,6
GRC,συμπηκν,6
GRC,λευκη σοκολ,6
GRC,mixed veg,6
GRC,χυμός παιδικος,6
GRC,χωρις κακτοζη,6
GRC,butternut,6
GRC,monk fruit,6
GRC,εύρη,6
GRC,παρμρ,6
GRC,henninger,6
GRC,ψωμι φρεσκ,6
GRC,ufo,6
GRC,no sugar ice,6
GRC,γλυκο του κουτα,6
GRC,elastic,6
GRC,stsr,6
GRC,κερί γενεθλίων,6
GRC,zean,6
GRC,αντιηλικο,6
GRC,fari,6
GRC,φαξ,6
GRC,Hu,6
GRC,coxa cola,6
GRC,ΜΑΓΙΟΝΕΖΑ,6
GRC,τούρτες,6
GRC,hell coffee,6
GRC,καλαμποκαλευ,6
GRC,σουεπς,6
GRC,maltis,6
GRC,ψωμι σάντουιτς,6
GRC,zuccher,6
GRC,άορρυπαντικο,6
GRC,κολοκυθόσπ,6
GRC,μαγιονεζσ,6
GRC,scanda,6
GRC,πρί,6
GRC,πιπεριτσες,6
GRC,Κρεμυδ,6
GRC,thy,6
GRC,σρρβ,6
GRC,black chocolate,6
GRC,παλί,6
GRC,healthy habbit,6
GRC,beer no,6
GRC,Ηβη,6
GRC,μελιτζανοσα,6
GRC,pasta gluten free,6
GRC,mudial,6
GRC,αγρολ,6
GRC,σκιουφι,6
GRC,cookin,6
GRC,tablet,6
GRC,tsakiris st,6
GRC,dental flo,6
GRC,Δημητρίου,6
GRC,μεταλλι,6
GRC,βεβ,6
GRC,Pam,6
GRC,μαντιλάκι,6
GRC,cola green,6
GRC,protein phila,6
GRC,fucidin,6
GRC,beyond burger,6
GRC,τριγωνο τυρι,6
GRC,moisturi,6
GRC,nespe,6
GRC,chim,6
GRC,Φρυγαν,6
GRC,σελοτέιπ,6
GRC,listering,6
GRC,Μεταλλικό,6
GRC,κοτόπουλο μπιφτέκι,6
GRC,ανδρ,6
GRC,εφημερίδα,6
GRC,γεμιστα παπα,6
GRC,μεγαλες,6
GRC,Τοματα,6
GRC,lemon beer,6
GRC,πετρωτο,6
GRC,van ho,6
GRC,potiria,6
GRC,μοαχα,6
GRC,water sp,6
GRC,Ψαθά,6
GRC,μακαρονια κοχυ,6
GRC,φυτικη κρ,6
GRC,τυζογαλο,6
GRC,τορτιγιεσ,6
GRC,hair dryer,6
GRC,τνος,6
GRC,άχ,6
GRC,μαγιόν,6
GRC,κουι,6
GRC,φαρια,6
GRC,calories,6
GRC,γάλα σε σκόνη,6
GRC,Αριανι,6
GRC,join,6
GRC,nonsugar,6
GRC,ψύλ,6
GRC,λάδι μαυρίσματος,6
GRC,von,6
GRC,mamoz,6
GRC,παγωα,6
GRC,ντουζιερα,6
GRC,τετρά,6
GRC,paral,6
GRC,δημητριακά χωρίς ζα,6
GRC,πανακια καθαρ,6
GRC,vinyl,6
GRC,milca,6
GRC,ρόφημα βρωμης,6
GRC,malakti,6
GRC,sanitas σακουλες,6
GRC,καυτερές,6
GRC,Hot dog,6
GRC,mcd,6
GRC,φύλαξη,6
GRC,μπαναβ,6
GRC,ήπε,6
GRC,semi,6
GRC,Κουνουπ,6
GRC,Broc,6
GRC,ekiben,6
GRC,αστερο,6
GRC,rolling p,6
GRC,raspberrie,6
GRC,αυκ,6
GRC,lemon drink,6
GRC,παγωτό χωρίς λακτόζη,6
GRC,νουντλσ,6
GRC,γη,6
GRC,φάρμα κου,6
GRC,κουβέρ,6
GRC,wlite,6
GRC,mck,6
GRC,Stevi,6
GRC,γαλαπου,6
GRC,td,6
GRC,ese,6
GRC,ciro,6
GRC,bulldog,6
GRC,semana,6
GRC,gaba,6
GRC,Τσουρεκι,6
GRC,στρο,6
GRC,chicken bre,6
GRC,χυμος βυσς,6
GRC,vegta,6
GRC,ψωμί χωριανό,6
GRC,carrot cake,6
GRC,dunhill,6
GRC,κασεροκ,6
GRC,προιοντα,6
GRC,domestos,6
GRC,σαπουνι πλακα,6
GRC,πάτω,6
GRC,vegan chocolate,6
GRC,prigl,6
GRC,κοριοί,6
GRC,γαλα κατυδας,6
GRC,cherry tomat,6
GRC,θήκη για,6
GRC,seeet,6
GRC,Brown sugar,6
GRC,αναναδ,6
GRC,ηλαιο,6
GRC,αλάτι πλυντ,6
GRC,gift card,6
GRC,υγροσ,6
GRC,σκουρ,6
GRC,pilt,6
GRC,υγρο για κουνουπια,6
GRC,viog,6
GRC,tzel,6
GRC,παγωτό παρφε,6
GRC,boisson,6
GRC,σιδερωματος,6
GRC,snitsel,6
GRC,χωρις καφε,6
GRC,shwepes,6
GRC,ολυμπος ροδακινο,6
GRC,τονοζ,6
GRC,mise,6
GRC,chocolate bars,6
GRC,limescale,6
GRC,αχαρη,6
GRC,παπαρουνόσπορος,6
GRC,ελαολαδο,6
GRC,elvi e,6
GRC,φετα χωρις λακτοζη,6
GRC,wast,6
GRC,κουνουπο,6
GRC,bio ad,6
GRC,bee bri,6
GRC,granulated sugar,6
GRC,quacke,6
GRC,κοκκαλ,6
GRC,sweet ba,6
GRC,Ανθρακουχο,6
GRC,ηλιρ,6
GRC,νερκ,6
GRC,casiu,6
GRC,ερυθρι,6
GRC,veloudo,6
GRC,κρεμα γάλα,6
GRC,κανταΐφι,6
GRC,ψωμί βιολογικό,6
GRC,mineral wat,6
GRC,βοσς,6
GRC,ιμαλαιων,6
GRC,κοτομποτ,6
GRC,τυρι good,6
GRC,Αβο,6
GRC,μακαρονια ν,6
GRC,κουμου,6
GRC,ρυζι ba,6
GRC,κολες,6
GRC,ιον α,6
GRC,ab shop,6
GRC,υγρό τ,6
GRC,πατωτ,6
GRC,agro,6
GRC,corinder,6
GRC,απορρυο,6
GRC,ανμος,6
GRC,επιδορπιο αμυγδ,6
GRC,ΕΛΙΕΣ,6
GRC,soy m,6
GRC,ρετσιν,6
GRC,wash&,6
GRC,chice,6
GRC,orange huice,6
GRC,susage,6
GRC,gingershot,6
GRC,ειδη καθαρισμου,6
GRC,plain flour,6
GRC,μπαρμπα Στάθης,6
GRC,σανιτα,6
GRC,garnier hair,6
GRC,γευα,6
GRC,ελειολαδο,6
GRC,ππα,6
GRC,αρωματικο χ,6
GRC,plump,6
GRC,λάδι τρού,6
GRC,σετβ,6
GRC,μπατονετας,6
GRC,ajax kloron,6
GRC,κάπαρι,6
GRC,el sav,6
GRC,poud,6
GRC,σύριγγα,6
GRC,kitchen cleaner,6
GRC,καλμποκι,6
GRC,pitatakia,6
GRC,mc ca,6
GRC,espresso 250,6
GRC,σακουλα σκουπι,6
GRC,κυβις,6
GRC,xv,6
GRC,hale,6
GRC,χαρτι υφ,6
GRC,myplanet,6
GRC,κευλανης,6
GRC,Γάλα εβαπορε,6
GRC,παδ,6
GRC,κρεμμυδια φρεσκα,6
GRC,vache qui rit,6
GRC,feta c,6
GRC,τσαι μεντα,6
GRC,sugar fre,6
GRC,ανρικο,6
GRC,σαντοθ,6
GRC,calli,6
GRC,baj,6
GRC,αντιηλιακη,6
GRC,μπύρες αν,6
GRC,βαλσαμικο ξυδι,6
GRC,nutry,6
GRC,foun,6
GRC,lucoza,6
GRC,grass,6
GRC,ολυμπος 2%,6
GRC,Χοιρινό,6
GRC,nesquic,6
GRC,oliv oil,6
GRC,Fe,6
GRC,banylino,6
GRC,Ape,6
GRC,κονσερβα σκ,6
GRC,πάστα ελ,6
GRC,Πεπ,6
GRC,κρεμα γιωτη,6
GRC,κρασί κο,6
GRC,bifu,6
GRC,pescanov,6
GRC,skord,6
GRC,alkaline,6
GRC,ελιάς,6
GRC,βαποριζατερ,6
GRC,Γατοτροφη,6
GRC,baking tray,6
GRC,ξρεμα,6
GRC,φετα κατσ,6
GRC,κευκο,6
GRC,εύρηκα baby,6
GRC,wild soul,6
GRC,γιαουρτια κρι κρι,6
GRC,nog,6
GRC,la linda,6
GRC,portokalada,6
GRC,μοσχατι,6
GRC,kitchen bag,6
GRC,δοκο,6
GRC,ολα bio,6
GRC,Γιώτης κρε,6
GRC,aira,6
GRC,γεω,6
GRC,κοφτα,6
GRC,antiper,6
GRC,baby wash,6
GRC,φαγε frui,6
GRC,ple,6
GRC,icea,6
GRC,μαγιο εζα,6
GRC,συκωτακι,6
GRC,nuts for snack,6
GRC,sweet & balance,6
GRC,ψωμί ζεας,6
GRC,κευλαν,6
GRC,ρύζι σ,6
GRC,λευκή κουβερτουρα,6
GRC,Μύλοι Αγίου Γεωργίου,6
GRC,monsy,6
GRC,νεσκουικ,6
GRC,κακουλε,6
GRC,μαγιονεζα τρουφα,6
GRC,gent,6
GRC,hustla,6
GRC,υδροχλωρικό οξ,6
GRC,δημητρίου,6
GRC,γαλα με κακαο,6
GRC,candi,6
GRC,Τσακίρης αυγα,6
GRC,breat,6
GRC,βιολογικα καροτα,6
GRC,μπιφτέκι κοτ,6
GRC,σπαρρα,6
GRC,ksino,6
GRC,boundy,6
GRC,bran sticks,6
GRC,brød,6
GRC,aou,6
GRC,αντκ,6
GRC,κυπου,6
GRC,διατροφική μα,6
GRC,presto,6
GRC,σαλατς,6
GRC,klinex hy,6
GRC,tsiknakis,6
GRC,σοκωμο,6
GRC,ζελέ μαλλιων,6
GRC,αποζ,6
GRC,agapitos,6
GRC,asa,6
GRC,αρρωματικα,6
GRC,σαδ,6
GRC,foi,6
GRC,σεκου,6
GRC,πλαστικα ποτηρι,6
GRC,πατατακια με ξυδι,6
GRC,α β,6
GRC,φρυγανια χωρις,6
GRC,τορτιλιες,6
GRC,γάλα ν,6
GRC,ritz,6
GRC,insect repellent,6
GRC,μαγια ξερη,6
GRC,grana p,6
GRC,parace,6
GRC,αποσμήνη,6
GRC,πελτε ντο,6
GRC,φρέσκο ύλης,6
GRC,σατσα,6
GRC,εβαπορς,6
GRC,Μπανά,6
GRC,body wa,6
GRC,παγωτο κρικρι,6
GRC,λουξανικα,6
GRC,soya sau,6
GRC,οδοντικρ,6
GRC,γκαζακια,6
GRC,choco big,6
GRC,απορριπαντικο ρουχων,6
GRC,Γαν,6
GRC,απλοστρα,6
GRC,Ξηρα,6
GRC,hallo top,6
GRC,ΗΠΕΙΡΟΣ,6
GRC,barilla 7,6
GRC,biodanc,6
GRC,πουρί,6
GRC,έτοιμες σα,6
GRC,kids snacks,6
GRC,lemonde,6
GRC,lunc,6
GRC,ved,6
GRC,ΖΥΜΑΡΙΚΑ,6
GRC,ΜΥΡΤΙ,6
GRC,magic hazelnut,6
GRC,buis,6
GRC,φτυαρ,6
GRC,βρεφη,6
GRC,coffeewa,6
GRC,χαρτί πε,6
GRC,κολλια,6
GRC,Βαμβ,6
GRC,ΚΡΑΣΙ,6
GRC,σφουγγαρθ,6
GRC,Almonds,6
GRC,μελιτζανοσαλα,6
GRC,οδοντολ,6
GRC,respet,6
GRC,μακαρόνια 10,6
GRC,κρεμα γά,6
GRC,Άχνη ζάχαρη,6
GRC,sucuk,6
GRC,αντιδ,6
GRC,Jerry's,6
GRC,καφες καψουλα,6
GRC,pampers no4,6
GRC,lenore,6
GRC,ariel σκονη,6
GRC,θενη,6
GRC,γαλα του τοπου,6
GRC,μπρατσάκια,6
GRC,nesspre,6
GRC,γιαούρτι χωρίς λ,6
GRC,μπια,6
GRC,panthe,6
GRC,επιλεγουμε,6
GRC,κοτοπουκ,6
GRC,κπισκοτα,6
GRC,cokies,6
GRC,κομπιουτερακι,6
GRC,μαγιονεζα vegan,6
GRC,airi,6
GRC,πιπεριά Φλωρίνης,6
GRC,αλεύρι μ,6
GRC,sklavenit,6
GRC,Jo,6
GRC,μετσοβο,6
GRC,nek,6
GRC,oscar,6
GRC,bald,6
GRC,ελο,6
GRC,υποβρύ,6
GRC,ακορδ,6
GRC,κορμός,6
GRC,cosm,6
GRC,sanitary pad,6
GRC,γαλα σε σκονη,6
GRC,κοκαλο,6
GRC,spro,6
GRC,γαλοπούλα φυτικη,6
GRC,παγοτινια,6
GRC,hawaiian tropic,6
GRC,Ανθο,6
GRC,χωριατικε,6
GRC,είδη καπνού,6
GRC,ανταλακτικα,6
GRC,πατατάκια μπάρμπεκιου,6
GRC,σοανακο,6
GRC,τραπεζομάντηλο,6
GRC,Fai,6
GRC,μανιατ,6
GRC,νερό μικρό,6
GRC,ηλεκτρονικό τσιγαρο,6
GRC,champignon,6
GRC,παππου,6
GRC,σκόρδου,6
GRC,nachoa,6
GRC,pork shoulder,6
GRC,eviot,6
GRC,κάππ,6
GRC,νερό ζαγόρι,6
GRC,wos,6
GRC,bears,6
GRC,κουραλ,6
GRC,παυσι,6
GRC,κρεμα μαλλιω,6
GRC,Garnier fru,6
GRC,hq,6
GRC,υγρό καθαρισμού,6
GRC,india,6
GRC,αλεύρι για όλες τις,6
GRC,μαντιλακια ντεμακιγιαζ,6
GRC,πελτς,6
GRC,plannet,6
GRC,σοκολατα στ,6
GRC,Philade,6
GRC,tonuc,6
GRC,αλα κρεμ,6
GRC,ντοματιμ,6
GRC,μωρομσν,6
GRC,sunblock,6
GRC,ταχινι βιολογικο,6
GRC,ασιατικ,6
GRC,τυρι τειμμενο,6
GRC,Body cream,6
GRC,γάλα χωρις λακτοζη,6
GRC,ice latte,6
GRC,healthu,6
GRC,καλη,6
GRC,Κεμ,6
GRC,φάγε frui,6
GRC,σκορδο σκο,6
GRC,άλατα  πλυντήριο,6
GRC,πενες ολι,6
GRC,green paloma,6
GRC,γιαούρτι αγελαδινό,6
GRC,τιρμ,6
GRC,βαμβάκ,6
GRC,proglide,6
GRC,ζελέ για,6
GRC,τυρι κο,6
GRC,hil,6
GRC,βεντο,6
GRC,λαχανο καρο,6
GRC,μπαζ,6
GRC,μεσογεια,6
GRC,terea sie,6
GRC,καπελπ,6
GRC,φρέσκο γ,6
GRC,one piece,6
GRC,σοκολατα dark,6
GRC,coffeew,6
GRC,aci,6
GRC,planet bab,6
GRC,fanta zer,6
GRC,laco,6
GRC,τσανάκια,6
GRC,johnson baby,6
GRC,energizer,6
GRC,bees b,6
GRC,Spray,6
GRC,comte,6
GRC,wood floor,6
GRC,wold,6
GRC,appe,6
GRC,πουματο,6
GRC,οφο,6
GRC,ice cream cone,6
GRC,έτοιμα φαγη,6
GRC,Δαμάσκηνα,6
GRC,wah,6
GRC,amatel,6
GRC,Τσιχλ,6
GRC,movenpick salted caramel,6
GRC,regga,6
GRC,mochie,6
GRC,υγειας σοκο,6
GRC,τσίπουρα,6
GRC,hot s,6
GRC,fata,6
GRC,δροσ,6
GRC,flax seeds,6
GRC,ξινομε,6
GRC,Αγγούρ,6
GRC,ΚΡΕΜ,6
GRC,μπατονέτα,6
GRC,pan ca,6
GRC,ντατα,6
GRC,magione,6
GRC,pay safe card,6
GRC,ζεςα,6
GRC,ντοματα στον τριφτη,6
GRC,Abs,6
GRC,μαγιονέζα li,6
GRC,οικογενειακό παγωτ,6
GRC,Κοφτό,6
GRC,pumki,6
GRC,pummaeo,6
GRC,votca,6
GRC,strawberry yogurt,6
GRC,ζλω,6
GRC,σερβιετεδ,6
GRC,ριζοκοφρ,6
GRC,torr,6
GRC,χειρό,6
GRC,gluten free soy,6
GRC,freskouli,6
GRC,Εντομοκτόνο,6
GRC,καρύδα τριμμενη,6
GRC,κρεμμυδακι φρεσκο,6
GRC,σακουλςς,6
GRC,Pot,6
GRC,coca cola stevia,6
GRC,toet,6
GRC,vanilla powder,6
GRC,κοτοππυ,6
GRC,γαλα εβάπορε,6
GRC,starbucks c,6
GRC,blackberr,6
GRC,Baby Planet Sweet Dreams με Εκχύλισμα Βαμβακιού,6
GRC,Septonа Μωρομάντηλα Family 3x100 τχκ,6
GRC,ceasar's,6
GRC,ετοιμες σαλ,6
GRC,rusberry,6
GRC,σγουγγαρια,6
GRC,ΜΠΑΤ,6
GRC,μλι,6
GRC,βπυτυ,6
GRC,ποτηρι θερμος,6
GRC,τουαλέτες,6
GRC,καταψη,6
GRC,nounou kids,6
GRC,αιρανι,6
GRC,γάλα σόγια,6
GRC,wolt market Αθήνα,6
GRC,spanak,6
GRC,σακουλες ρου,6
GRC,intex,6
GRC,espresso de,6
GRC,Neo,6
GRC,λάδι τρου,6
GRC,ντομάτα σάλτσα,6
GRC,ψιχατοστ,6
GRC,αγρινο,6
GRC,ελασς,6
GRC,kasta,6
GRC,μακαρονια για παστι,6
GRC,totql,6
GRC,κινεζ,6
GRC,αλλά τικα,6
GRC,λεμονι χυμο,6
GRC,ταιπο,6
GRC,φυκ,6
GRC,κομπουτσα,6
GRC,Ρυζογκοφρ,6
GRC,sports,6
GRC,α οκαντο,6
GRC,melo,6
GRC,σλατες,6
GRC,aprrol,6
GRC,ρύζι καστα,6
GRC,του κουταλιού,6
GRC,Krave,6
GRC,halumi,6
GRC,γκυκοπατατες,6
GRC,teriyak,6
GRC,πισιν,6
GRC,nescfe,6
GRC,granoa,6
GRC,μπατμπα,6
GRC,τοματοχυμ,6
GRC,δικοκο,6
GRC,Cider,6
GRC,basel,6
GRC,oik,6
GRC,ketcha,6
GRC,carottes,6
GRC,Βιολογικά,6
GRC,λεμοβια,6
GRC,moktai,6
GRC,pindo,6
GRC,frech,6
GRC,google,6
GRC,johny,6
GRC,la cache,6
GRC,καπνιμα,6
GRC,ρεθ,6
GRC,mrbea,6
GRC,ξηρπι,6
GRC,σφουγγαρι πιατα,6
GRC,χοιμος,6
GRC,απορυπαντικο πατωμα,6
GRC,chicken sau,6
GRC,Υγα,6
GRC,blood,6
GRC,Άλατα,6
GRC,cold beer,6
GRC,meranda,6
GRC,la p,6
GRC,corrian,6
GRC,nairn's,6
GRC,parve,6
GRC,covo,6
GRC,barilla sauce,6
GRC,ρυζια,6
GRC,ΣΟ,6
GRC,Muffin,6
GRC,doug,6
GRC,σφουγγάρια πιάτων,6
GRC,tessor,6
GRC,καρρυ,6
GRC,Snack,6
GRC,αυγ;,6
GRC,παγωτό γιαο,6
GRC,καταα,6
GRC,γεύ,6
GRC,Βε,6
GRC,πίτα για σουβλάκι,6
GRC,Old hol,6
GRC,Babybel,6
GRC,lacti,6
GRC,alro,6
GRC,λεμονιού,6
GRC,Cannabis,6
GRC,αφροκουτ,6
GRC,ameri,6
GRC,bepant,6
GRC,αρενα,6
GRC,συρρα,6
GRC,yogurt ice,6
GRC,ελαιολαδο παρθενο,6
GRC,γαλα βλαχας,6
GRC,Jose,6
GRC,κρεμα ενυδατικη,6
GRC,φτο,6
GRC,σερε,6
GRC,aeros,6
GRC,BU,6
GRC,absolu,6
GRC,ΕΥΒΙΟΤΟΠΟΙ,6
GRC,φυστίκοβ,6
GRC,crean,6
GRC,ache,6
GRC,άποσμητικο,6
GRC,bege,6
GRC,αποστολακ,6
GRC,muss,6
GRC,regg,6
GRC,dam,6
GRC,ψιλοκομμενες,6
GRC,μπυρα ανεφ,6
GRC,ice tea no sugar,6
GRC,Mix,6
GRC,τυρι μοτσα,6
GRC,chopped tom,6
GRC,menta,6
GRC,Το μάννα,6
GRC,city,6
GRC,λειμ,6
GRC,Σταγόνες σοκολάτας,6
GRC,φετα ήπειρος,6
GRC,μακαρονξα,6
GRC,efood,6
GRC,travel s,6
GRC,ψωμάκια σάντουιτς,6
GRC,γυαλιστικό,6
GRC,coyt,6
GRC,πτα,6
GRC,ice tr,6
GRC,dumblings,6
GRC,Ri,6
GRC,κολλητικη ταινια,6
GRC,λεμονι χυ,6
GRC,παιδικά σνακ,6
GRC,maycha,6
GRC,tea green,6
GRC,Βουτηρο,6
GRC,zipper bag,6
GRC,azax kl,6
GRC,σακουλες για χαλια,6
GRC,derbi,6
GRC,dove αφρο,6
GRC,παξυμα,6
GRC,tteokbokki,6
GRC,αλπυμ,6
GRC,οδονρο,6
GRC,μπαρα σαπουνιου,6
GRC,mosquitos,6
GRC,μακρα,6
GRC,pepsi lemon,6
GRC,Le Petit Marseillais,6
GRC,σφουγγαριστρε,6
GRC,que,6
GRC,μπουκαλακ,6
GRC,καθαριστικα τουαλετας,6
GRC,beesbros,6
GRC,ADORO,6
GRC,ασφαλεια,6
GRC,Viral,6
GRC,non alco,6
GRC,instan,6
GRC,μπθσκ,6
GRC,μαννα mini,6
GRC,thessa,6
GRC,xer,6
GRC,υποσεντωνα,6
GRC,μαροθλι,6
GRC,γίγας,6
GRC,υποδημ,6
GRC,σερβιερες,6
GRC,daw,6
GRC,pans,6
GRC,noxzema talc,6
GRC,toilet spray,6
GRC,φαγητα ετοιμα,6
GRC,xymow,6
GRC,merends,6
GRC,pedicure,6
GRC,power ball,6
GRC,χρλε,6
GRC,ταμπλετες για κουνουπια,6
GRC,kostarelo,6
GRC,μαγοονεζα,6
GRC,sap,6
GRC,πιπεριά φλω,6
GRC,Detto,6
GRC,αντιξο,6
GRC,chicken breadt,6
GRC,coffee is,6
GRC,Κολοκυθια,6
GRC,απορρυπαντικά πλ,6
GRC,smile kio,6
GRC,τρτ,6
GRC,τδι,6
GRC,arla light,6
GRC,φυατ,6
GRC,zaatar,6
GRC,σαμπουαν head,6
GRC,lunche,6
GRC,Κρέμα σώματος,6
GRC,κολπκυθια,6
GRC,χλωρινη πλ,6
GRC,twe,6
GRC,pesr,6
GRC,σαμπουαν σκ,6
GRC,εκι,6
GRC,φρυγανιεα,6
GRC,ολυμππ,6
GRC,καλμ,6
GRC,καροτε,6
GRC,σαλτε,6
GRC,xymoi,6
GRC,mac and chee,6
GRC,babana,6
GRC,creme fresh,6
GRC,καντη,6
GRC,helmanns,6
GRC,βρμη,6
GRC,φυστοκο,6
GRC,μοαχαρικα,6
GRC,Bree,6
GRC,κρουαα,6
GRC,da cr,6
GRC,vegan nu,6
GRC,αφτο,6
GRC,γάλα ζαχα,6
GRC,σερβίετ,6
GRC,Decaf,6
GRC,ξιρ,6
GRC,tong,6
GRC,ζελε χωρίς ζάχαρη,6
GRC,σαμαρο,6
GRC,sany no6,6
GRC,coffee nescafe,6
GRC,γαλα κατσικας,6
GRC,rass,6
GRC,ajax floor,6
GRC,hot peppers,6
GRC,νάξου,6
GRC,υγρά πιάτων,6
GRC,noodles buldak,6
GRC,swirl,6
GRC,pick mix,6
GRC,παγωτο σ,6
GRC,ΜΑΙΝΤΑΝΟΣ,6
GRC,licorice,6
GRC,gauloises,6
GRC,σέλε,6
GRC,ff,6
GRC,baboo,6
GRC,gordon bleu,6
GRC,σιροπι βυσσινο,6
GRC,petshop,6
GRC,σφηνα,6
GRC,αλεύρι 00,6
GRC,2 in 1,6
GRC,σοανα,6
GRC,γλυφιτζουρ,6
GRC,Τοφου,6
GRC,εωσικη,6
GRC,powerball,6
GRC,τυρι m,6
GRC,procuto,6
GRC,ρυζι μπασμα,6
GRC,ερυθρ,6
GRC,σφολιάτας,6
GRC,panini st,6
GRC,βαφή μαλ,6
GRC,energi,6
GRC,πισι,6
GRC,Proderm,6
GRC,γραβιρ,6
GRC,Μασούτη,6
GRC,μαύρες,6
GRC,γκορ,6
GRC,150,6
GRC,oreo πα,6
GRC,εβαπιρε,6
GRC,wolf,6
GRC,παιδικές τροφες,6
GRC,ντομαρες,6
GRC,ice loll,6
GRC,axr,6
GRC,doritod,6
GRC,babylino pants 6,6
GRC,niss,6
GRC,εεβυθια,6
GRC,Pal,6
GRC,άγριο ρυζι,6
GRC,αυγο kinder,6
GRC,Baileys,6
GRC,profu,6
GRC,παγοκύστες,6
GRC,nectarin,6
GRC,τσιγαρα malboro,6
GRC,ΜΩΡΟΜΑ,6
GRC,σαμππυαν,6
GRC,grape leaves,6
GRC,σπαράγγ,6
GRC,pancett,6
GRC,swepl,6
GRC,κουκακη γιαούρτι,6
GRC,xyn,6
GRC,ταμπλετες για κου,6
GRC,frizola,6
GRC,Πατατά,6
GRC,παγωμε,6
GRC,fabri,6
GRC,BA,6
GRC,αποφρακτικα,6
GRC,light τυρί,6
GRC,mini roll,6
GRC,τυροπιτάκι,6
GRC,γαλακτοκομικ,6
GRC,χυμοι life,6
GRC,tumbler,6
GRC,δί,6
GRC,πατατες κατεψυγ,6
GRC,on the,6
GRC,σαλαμη,6
GRC,πιοεριε,6
GRC,Γαριδα,6
GRC,Νεκταρία,6
GRC,twre,6
GRC,βιολογικα μηλα,6
GRC,tagl,6
GRC,καρικι,6
GRC,κρουσσαν,6
GRC,κράκ,6
GRC,πιπεριές γεμιστές,6
GRC,αφρολουρρο,6
GRC,πριν μπερ,6
GRC,ιον αμυ,6
GRC,γρειπ,6
GRC,μελις,6
GRC,φυσικός χυμ,6
GRC,κουβερτούρα γαλακτος,6
GRC,soften,6
GRC,εμπλαστρα,6
GRC,detergent powder,6
GRC,yag,6
GRC,Avra,6
GRC,άλ,6
GRC,Topine,6
GRC,μελάσα,6
GRC,παπαρδελε,6
GRC,sano,6
GRC,chilen,6
GRC,nitsi,6
GRC,πυροφα,6
GRC,scalp,6
GRC,Κύβοι,6
GRC,ζελέ χω,6
GRC,elvine,6
GRC,colesl,6
GRC,σοσονι,6
GRC,ναφθα,6
GRC,lardon,6
GRC,petpoint,6
GRC,hot water,6
GRC,dice,6
GRC,bodysoap,6
GRC,el creco,6
GRC,τολ,6
GRC,nob,6
GRC,παναδες,6
GRC,κοτοπουλο μπο,6
GRC,υγρο σφ,6
GRC,sex on,6
GRC,seasalt,6
GRC,κριταινια,6
GRC,παγωφα,6
GRC,απορρηπαντικο,6
GRC,mixers,6
GRC,cypriot,6
GRC,strawberry juice,6
GRC,fux,6
GRC,cellier,6
GRC,ελευ,6
GRC,salamon,6
GRC,υγρά μαντηλ,6
GRC,sprite mint,6
GRC,δσ,6
GRC,karpou,6
GRC,σαμπουάν για,6
GRC,γαλα αγελα,6
GRC,Sticks,6
GRC,φλα,6
GRC,Λευκό κρασί,6
GRC,Davi,6
GRC,υσαι,6
GRC,gouf,6
GRC,nan 2,6
GRC,kond,6
GRC,parley,6
GRC,σκονη κρεμ,6
GRC,strew,6
GRC,Πλυντήριο,6
GRC,Μεγαλων,6
GRC,kefal,6
GRC,ταινιες απο,6
GRC,mout,6
GRC,staf,6
GRC,campingaz,6
GRC,Αντισηπτικό,6
GRC,χωρίς νικοτίνη,6
GRC,d'asti,6
GRC,ΚΡΕΜΟΣΑΠΟΥΝΟ,6
GRC,egber,6
GRC,maintano,6
GRC,παρμεχανα,6
GRC,fererro,6
GRC,bazil,6
GRC,gummys,6
GRC,θερμοπροστ,6
GRC,αποφρακτικ,6
GRC,φιλτρα γαλλικου,6
GRC,Con,6
GRC,γάλα εβαπορ,6
GRC,φρεσκουληε,6
GRC,starucks,6
GRC,ελαφρό,6
GRC,χυμό πορτοκαλι,6
GRC,Listerin,6
GRC,λαμπρυντικό πλυντηρίου πιάτων,6
GRC,παστα ντοματα,6
GRC,apple vi,6
GRC,chips lays,6
GRC,φρηγ,6
GRC,ασσος,6
GRC,μακαρονια πας,6
GRC,κριθαροκο,6
GRC,μαγιονεζα kraft,6
GRC,μακακ,6
GRC,brake,6
GRC,χαρτι κουζινα1,6
GRC,niochi,6
GRC,μολυβια,6
GRC,buono,6
GRC,phli,6
GRC,polybags,6
GRC,ballantines,6
GRC,βίγκαν,6
GRC,casi,6
GRC,τροφη για σκ,6
GRC,franuo,6
GRC,Ore,6
GRC,biscott,6
GRC,αναψυκτικά zero,6
GRC,σταδιδες,6
GRC,σουμάκ,6
GRC,σαπούνι χερια,6
GRC,παγωτο o,6
GRC,νθ,6
GRC,Σκουπ,6
GRC,rigga,6
GRC,metr,6
GRC,παντζάρ,6
GRC,folder,6
GRC,τζιχ,6
GRC,bic pen,6
GRC,eistee,6
GRC,συμπυκνωμενο γαλα,6
GRC,palli,6
GRC,μαχαιροπηρουνα,6
GRC,carrott,6
GRC,froyta,6
GRC,γιωτηα,6
GRC,kores,6
GRC,κερατίνη,6
GRC,διαλυ,6
GRC,διακο,6
GRC,graip,6
GRC,μαρε,6
GRC,pulled pork,6
GRC,γαλοπούλα σε,6
GRC,μολτ,6
GRC,xxl,6
GRC,τρη,6
GRC,γιαούρτι πρω,6
GRC,μσγιο,6
GRC,κρέμα τ,6
GRC,Άριανι,6
GRC,ΚΟΤΟ,6
GRC,bread st,6
GRC,φετα τ,6
GRC,τυρί χωρις,6
GRC,Κορεα,6
GRC,club sandwich,6
GRC,rod,6
GRC,storage bag,6
GRC,fush,6
GRC,σερβοετε,6
GRC,κατεψυγμένα λαχανικα,6
GRC,αλάτι πλυντηριου,6
GRC,Hal,6
GRC,πηλι,6
GRC,pinc,6
GRC,ανν,6
GRC,Nutre,6
GRC,χαρτιυ,6
GRC,ανθρακουψο,6
GRC,Banan,6
GRC,gimger,6
GRC,ασιατικο,6
GRC,ρύζι bas,6
GRC,kellogg's,6
GRC,Μανούρι,6
GRC,κοτπουκιες,6
GRC,εκμ,6
GRC,κουκλα,6
GRC,black b,6
GRC,Ki,6
GRC,pti ber,6
GRC,εν Ελλάδι,6
GRC,βερτ,6
GRC,"γάλα 1,5",6
GRC,βουρυρ,6
GRC,stracciatella,6
GRC,noudls,6
GRC,provolo,6
GRC,πατατακιαα,6
GRC,meridi,6
GRC,milky,6
GRC,cleanin,6
GRC,mandrekas,6
GRC,vip,6
GRC,κονσέρβα γάτας,6
GRC,Ελληνικό καφ,6
GRC,coconut barista,6
GRC,Karel,6
GRC,λαζάν,6
GRC,hoisi,6
GRC,ville,6
GRC,σοκολάτα χωρις,6
GRC,κάστανο ρύζι,6
GRC,σησαμελ,6
GRC,λιχο,6
GRC,μαυρη μπυρα,6
GRC,αυγα τσακιρης,6
GRC,υγρο σαπο,6
GRC,πορο,6
GRC,χυμο φραουλα,6
GRC,low c,6
GRC,μπισκότα βρ,6
GRC,αχμη,6
GRC,Cla,6
GRC,χουμουσ,6
GRC,palnet,6
GRC,λημ,6
GRC,Πτ,6
GRC,απλο,6
GRC,καθαριστικο αλατων,6
GRC,nivea rich,6
GRC,trout,6
GRC,all purpose flour,6
GRC,Αφρό,6
GRC,aposm,6
GRC,sanitar,6
GRC,Φιλετο,6
GRC,δεντρολιβ,6
GRC,κουβερτουρα χωρίς ζαχαρη,6
GRC,φορητο,6
GRC,Τσιπς,6
GRC,Μπαχάρι,6
GRC,overni,6
GRC,χυμη,6
GRC,ζώνη,6
GRC,Esp,6
GRC,san pellegri,6
GRC,κροκετ,6
GRC,Maybelline lifter,6
GRC,99,6
GRC,καπς,6
GRC,αποφραξ,6
GRC,pants 5,6
GRC,σκουπιδοσα,6
GRC,σκόρδο σκο,6
GRC,κοπί,6
GRC,carice,6
GRC,mayomust,6
GRC,αποσμητο,6
GRC,catisfa,6
GRC,χαιτ,6
GRC,σακουλα απο,6
GRC,candels,6
GRC,σόγια σ,6
GRC,βερνί,6
GRC,σαμπουαν pan,6
GRC,saint,6
GRC,τερια,6
GRC,καφε ελλ,6
GRC,σακούλες δωρου,6
GRC,crème,6
GRC,τοματικα,6
GRC,μεσογειακη,6
GRC,γαντια small,6
GRC,μπροζ,6
GRC,pepsi strawberry,6
GRC,dus,6
GRC,Ξιδι,6
GRC,I e,6
GRC,φέτα δωδώνη,6
GRC,μοθστ,6
GRC,τουαλέτ,6
GRC,σακουλες ψησιματος,6
GRC,steal,6
GRC,βιυτυ,6
GRC,disp,6
GRC,kellogd,6
GRC,yess,6
GRC,root beer,6
GRC,κοτοπουλο φιλέτο,6
GRC,πανες ενηλ,6
GRC,μωρομαμτηλ,6
GRC,λιποκαθ,6
GRC,κοτσι,6
GRC,αρνάκι,6
GRC,καφες es,6
GRC,κάπα,6
GRC,λικερ πορτοκαλι,6
GRC,πατοι π,6
GRC,Χαρτομαντηλα,6
GRC,tyrotre,6
GRC,υποβρυχι,6
GRC,iberico,6
GRC,ερυ,6
GRC,μπάρα δη,6
GRC,ρώσικ,6
GRC,milupa,6
GRC,missha,6
GRC,tziki,6
GRC,cranbery,6
GRC,μεβρανι,6
GRC,αποσμητικο σπρευ,6
GRC,προζυμη,6
GRC,Κουο,6
GRC,Γαλα αμυγ,6
GRC,ηιαο,6
GRC,υφασμ,6
GRC,ρολο κοτ,6
GRC,Κουλουράκια,6
GRC,Absol,6
GRC,ντεμακιαζ,6
GRC,kk,6
GRC,παιδικος χυμος,6
GRC,tots,6
GRC,σερβίρε,6
GRC,Bake,6
GRC,λουκανοπιτ,6
GRC,σακουκε,6
GRC,σακουλες σκούιδιων,6
GRC,λημα,6
GRC,γαλα λ,6
GRC,φετα ηπε,6
GRC,φετα χωρις,6
GRC,Τό,6
GRC,πουρές με γάλα,6
GRC,σχολ,6
GRC,κονοα,6
GRC,oil sun,6
GRC,pengu,6
GRC,Μανταλακια,6
GRC,verde,6
GRC,ακευ,6
GRC,μάμμος,6
GRC,razor blades,6
GRC,sourp,6
GRC,μπουκαλια νερο,6
GRC,ποτυρι,6
GRC,πθτες,6
GRC,κρασι ναμα,6
GRC,rese,6
GRC,ac clean,6
GRC,layd,6
GRC,σουφ,6
GRC,πτατ,6
GRC,κανταιφ,6
GRC,ellaone,6
GRC,παγωτο με στεβια,6
GRC,double chocolate,6
GRC,ζάχαρη κ,6
GRC,training,6
GRC,flerian,6
GRC,Οδ,6
GRC,τρουφα σοκο,6
GRC,κουβερτουρσ,6
GRC,heni,6
GRC,μυθο,6
GRC,πατομα,6
GRC,μαύρα φασολια,6
GRC,μελεκου,6
GRC,detoil,6
GRC,λρμο,6
GRC,φρυγανιρς,6
GRC,ξιραφα,6
GRC,φέτες τ,6
GRC,bread fre,6
GRC,viande,6
GRC,milk full fat,6
GRC,καπαροφυλλα,6
GRC,Κατ,6
GRC,picolo,6
GRC,σακκουλα,6
GRC,sele,6
GRC,orbi,6
GRC,Αλκοόλ,6
GRC,πιλος,6
GRC,γλυφιτζου,6
GRC,σοκολατακθα,6
GRC,σπαγγετο,6
GRC,μακαρονια μελισσα,6
GRC,oop,6
GRC,σιροπι βανιλιας,6
GRC,courg,6
GRC,Le petit,6
GRC,blu 2.0,6
GRC,γαριδαρε,6
GRC,πλυντιριο,6
GRC,του τόπου,6
GRC,χυμό ντομ,6
GRC,digeative,6
GRC,tapenade,6
GRC,φυτοπουλο,6
GRC,Baby planet,6
GRC,salatalık,6
GRC,neu,6
GRC,καραμελωμενο ζαχα,6
GRC,κλω,6
GRC,srpto,6
GRC,γαλα συμ,6
GRC,φρέσκα ζυμα,6
GRC,burgee,6
GRC,mellon,6
GRC,Σαγιονάρες,6
GRC,cabba,6
GRC,τσιμπιδακη,6
GRC,σκυλοτροφες,6
GRC,dish detergent,6
GRC,τυρι κρεμε,6
GRC,στρωμα θαλασσης,6
GRC,ξρι,6
GRC,greco,6
GRC,icea tea,6
GRC,Βιολογικα,6
GRC,μιζι,6
GRC,στραγγιστό 2%,6
GRC,spirit,6
GRC,Candle,6
GRC,δημιτριακ,6
GRC,αμπο,6
GRC,malv,6
GRC,jerkey,6
GRC,coca coles,6
GRC,dylon,6
GRC,tie,6
GRC,wing,6
GRC,decafe,6
GRC,dro,6
GRC,παταττς,6
GRC,milokleftis,6
GRC,dishwasher tablets,6
GRC,Ελληνικό καφέ,6
GRC,ντοα,6
GRC,βοτυ,6
GRC,απιρρ,6
GRC,torilla,6
GRC,micellai,6
GRC,Goud,6
GRC,somm,6
GRC,M&Ms,6
GRC,ντεμακο,6
GRC,ταινια διπλης οψης,6
GRC,prezel,6
GRC,kole,6
GRC,yogurt f,6
GRC,gran padano,6
GRC,μαγισ,6
GRC,geen,6
GRC,Carroten,6
GRC,αρωματικά χωρ,6
GRC,γαλα ζαχα,6
GRC,νιοκη,6
GRC,φρυγανια τριμμ,6
GRC,bech,6
GRC,magic mini,6
GRC,αλατισμενη,6
GRC,ταχυ,6
GRC,rice nood,6
GRC,dove a,6
GRC,aromati,6
GRC,main,6
GRC,Λαδοκολλα,6
GRC,αφρο μαλλιων,6
GRC,σαλαμι μπυρας,6
GRC,γαλα αμιγ,6
GRC,σας,6
GRC,hyg,6
GRC,σελοτει,6
GRC,kee,6
GRC,κρέμα σώμ,6
GRC,vibrat,6
GRC,κεφυρ,6
GRC,dove stick,6
GRC,μησος,6
GRC,γσλοπουλα,6
GRC,το χωριό,6
GRC,ρεβυθια κατεψυγμενα,6
GRC,τσιγαρε,6
GRC,hangen,6
GRC,παγωτό ξυ,6
GRC,καταψι,6
GRC,handsa,6
GRC,strawberry cheesecake,6
GRC,dove αφ,6
GRC,ααλα,6
GRC,ψωμι χω,6
GRC,ψωμι σι,6
GRC,misel,6
GRC,milk 1.7,6
GRC,brezz,6
GRC,τρουφακ,6
GRC,βάλσαμικο,6
GRC,jelly beans,6
GRC,mondo,6
GRC,Βιτα,6
GRC,guo,6
GRC,μερεντε,6
GRC,concer,6
GRC,χόρτ,6
GRC,dyrex,6
GRC,σκιν,6
GRC,λάχανο καροτο,6
GRC,γιαλι,6
GRC,συρα,6
GRC,ψωμακι τοστ,6
GRC,prune juice,6
GRC,agav,6
GRC,cr2025,6
GRC,άπ,6
GRC,επα,6
GRC,τν,6
GRC,lar,6
GRC,regiano,6
GRC,σερβιρτα,6
GRC,υποστρω,6
GRC,sami,6
GRC,kikk,6
GRC,κοτόπουλο σε φέτες,6
GRC,hanuta,6
GRC,αλοιφω,6
GRC,mousepad,6
GRC,εδεσμα,6
GRC,starbucks espresso,6
GRC,κρακεράκια,6
GRC,μωρομανρ,6
GRC,ναργ,6
GRC,azu,6
GRC,tsoure,6
GRC,σοκολατα τγειας,6
GRC,wafle,6
GRC,Οικογενειακό παγωτό,6
GRC,ριζοφ,6
GRC,τονπς,6
GRC,μπυρς,6
GRC,μελοτζ,6
GRC,princl,6
GRC,pine nut,6
GRC,stab,6
GRC,ξινο ναρο,6
GRC,αγωτο,6
GRC,camomilla,6
GRC,rice sushi,6
GRC,chocolate drop,6
GRC,Ξυνό,6
GRC,gel μ,6
GRC,αλλα τικα,6
GRC,elmex,6
GRC,τοματεσ,6
GRC,3 cen,6
GRC,σχοινακι,6
GRC,φλογέρες,6
GRC,εληνικος,6
GRC,ζυμη π,6
GRC,συμπυκνωμένος χυμός,6
GRC,cooling,6
GRC,συρραπτικο,6
GRC,Γκοφρέτα,6
GRC,lico,6
GRC,φυστυ,6
GRC,μπαρες digestive,6
GRC,Αραβ,6
GRC,ναι τα,6
GRC,body scru,6
GRC,α γα,6
GRC,πιπριες,6
GRC,lipozan,6
GRC,devi,6
GRC,Δονητης,6
GRC,coa cola,6
GRC,Vee,6
GRC,στραγγιστο 2%,6
GRC,κόκκινη φακή,6
GRC,whisper,6
GRC,πατατακια χωρις γλουτενη,6
GRC,tato,6
GRC,νερα θεονη,6
GRC,ντοματεε,6
GRC,Ζεμυθα,6
GRC,Cafe,6
GRC,σοδσ,6
GRC,ξυδι λ,6
GRC,planet laundry,6
GRC,soaghetti,6
GRC,κακουλέ,6
GRC,Ποτήρι,6
GRC,σοκολάτα κουβερτουρα,6
GRC,kyknow,6
GRC,Hellm,6
GRC,γατακια,6
GRC,πανι σιδερω,6
GRC,ili,6
GRC,caly,6
GRC,sanitas σακούλες,6
GRC,γαλα του τοπου μας,6
GRC,Cigarette,6
GRC,Hankies,6
GRC,ντομμ,6
GRC,12x,6
GRC,τρει,6
GRC,φαγητοδοχ,6
GRC,βιολογικες ντοματες,6
GRC,πιτες σουβλ,6
GRC,brioche gourmet,6
GRC,saniras,6
GRC,macho,6
GRC,oil baby,6
GRC,ψωμι σε,6
GRC,obi,6
GRC,Πε,6
GRC,Φαρίνα,6
GRC,ζεγορι,6
GRC,σόδα πλυσιματος,6
GRC,bure,6
GRC,αλεθ,6
GRC,παριζάκ,6
GRC,ψωμι ολικη,6
GRC,boubas,6
GRC,χονι,6
GRC,παγουρια,6
GRC,τυρι τρμ,6
GRC,zilio,6
GRC,shapoo,6
GRC,cachews,6
GRC,durex λιπαντικό,6
GRC,φαρμα ελασσ,6
GRC,τσιπς μπαναν,6
GRC,crouto,6
GRC,ουσκ,6
GRC,ristoran,6
GRC,μελιτζανοσαλάτα,6
GRC,πουτινγ,6
GRC,chewin,6
GRC,fur,6
GRC,αντικπ,6
GRC,λαμπτ,6
GRC,παγοκύ,6
GRC,μρλι,6
GRC,τυρι πα,6
GRC,βιολογικα λαχανικα,6
GRC,figestive,6
GRC,insecti,6
GRC,γαλα χωρίς λ,6
GRC,νςρ,6
GRC,βτο,6
GRC,fische,6
GRC,Chi,6
GRC,φρεσκο ψω,6
GRC,decad,6
GRC,vienet,6
GRC,electric toothbrush,6
GRC,cream chease,6
GRC,Coriander,6
GRC,shells,6
GRC,father,6
GRC,cinnamon stick,6
GRC,αφρος μαλλι,6
GRC,αχνη ζαχαρ,6
GRC,Iceb,6
GRC,peach tea,6
GRC,παιδικο σα,6
GRC,sallad,6
GRC,frisolac 1,6
GRC,Κυκνος,6
GRC,aroxl,6
GRC,ψωμι σικαλης,6
GRC,γκι,6
GRC,σποτ,6
GRC,redbi,6
GRC,ντοαμτες,6
GRC,γουακαμ,6
GRC,θυμίαμα,6
GRC,ωτοκαθαριστ,6
GRC,μαλακτικο ρπυχων,6
GRC,κομφετί,6
GRC,κονσέρβα ντομάτα,6
GRC,capsule coffee,6
GRC,pumber,6
GRC,old el pas,6
GRC,νουτλ,6
GRC,Μουστάκας,6
GRC,coma,6
GRC,βιτσμ,6
GRC,φυστίκι α,6
GRC,αφρουλουτρο,6
GRC,δρυ,6
GRC,ηιαου,6
GRC,elite cr,6
GRC,σαραντης,6
GRC,l' or,6
GRC,spritr,6
GRC,Tony's Chocolonely,6
GRC,spicy may,6
GRC,βικος κ,6
GRC,bong,6
GRC,crackets,6
GRC,exfoliating,6
GRC,μπλοκ ζ,6
GRC,espresso κοκκοι,6
GRC,ψωμί τι,6
GRC,χαρτη υγειας,6
GRC,χαρτινα πο,6
GRC,ετικε,6
GRC,deodar,6
GRC,γαειδες,6
GRC,chamom,6
GRC,gilette venus,6
GRC,ψωμι τι,6
GRC,durex sensitive,6
GRC,πιππερ,6
GRC,karpex,6
GRC,γαρος,6
GRC,hell 500ml,6
GRC,eye patche,6
GRC,vass,6
GRC,σαμτ,6
GRC,Straw,6
GRC,απορρυπαντικο πιάτων,6
GRC,καστανη ζαχ,6
GRC,micron,6
GRC,σόδε,6
GRC,yoghurt fage,6
GRC,meats,6
GRC,λού,6
GRC,Γλυκοπατ,6
GRC,στιγματα,6
GRC,blur,6
GRC,skip σκο,6
GRC,γαιου,6
GRC,κολοανδρο,6
GRC,pano,6
GRC,βουβα,6
GRC,Κοτατζ,6
GRC,ΣΑΚΚΟΥΛΕΣ,6
GRC,keycup,6
GRC,χωνί,6
GRC,καραμελομ,6
GRC,χωνακια πα,6
GRC,κατεψηγμ,6
GRC,αποσμητοκ,6
GRC,δημητριακά χω,6
GRC,freddi,6
GRC,κοτιπ,6
GRC,hell coffe,6
GRC,μπεικινγκ,6
GRC,σπανακόπ,6
GRC,compleat,6
GRC,αποστολ,6
GRC,ηρα,6
GRC,σακουλες απορι,6
GRC,koukounari,6
GRC,spinach bio,6
GRC,καλαμποκη,6
GRC,ψψμ,6
GRC,ευοιμα,6
GRC,σακούλες 100,6
GRC,παγωτό pla,6
GRC,χυμος βυσ,6
GRC,βιεν,6
GRC,green on,6
GRC,nacho dip,6
GRC,voltaren,6
GRC,Aq,6
GRC,γλειφιτζου,6
GRC,Μασουτης,6
GRC,vida,6
GRC,πγωτα,6
GRC,canpari,6
GRC,Πλαστικ,6
GRC,Alterra,6
GRC,promto,6
GRC,tales,6
GRC,χωμος,6
GRC,"wine 1,5",6
GRC,απορρυπαντικο πιατα,6
GRC,ολυμποε,6
GRC,hot ch,6
GRC,βρακακι,6
GRC,50ml,6
GRC,γρηγ,6
GRC,chamomille,6
GRC,fitnessm,6
GRC,χρωμα ζαχαρο,6
GRC,vitamine,6
GRC,βραζιλι,6
GRC,pantyliner,6
GRC,βοθτυ,6
GRC,Aluminum,6
GRC,rice crac,6
GRC,anchovi,6
GRC,νερο 12αδα,6
GRC,garniwr,6
GRC,εντομοπ,6
GRC,γαλα ζ,6
GRC,kathrin,6
GRC,hashbrown,6
GRC,Πανε,6
GRC,ζαγορθ,6
GRC,bold,6
GRC,aloe plus,6
GRC,greek coffe,6
GRC,ο φουρνος του,6
GRC,ντεκ,6
GRC,εοδακ,6
GRC,red cheddar,6
GRC,μπιφτεκια κοτοπουλου,6
GRC,kondom,6
GRC,ilk,6
GRC,jotis,6
GRC,γοθδα,6
GRC,σκομη,6
GRC,ψωμί σαντ,6
GRC,μαθρη,6
GRC,Tampax,6
GRC,ηλη,6
GRC,captain i,6
GRC,μοσχοφίλερο μπουτάρη wine,6
GRC,χωρίς αλα,6
GRC,ruset,6
GRC,τσιυρεκι,6
GRC,reid,6
GRC,moste,6
GRC,νσ,6
GRC,γιαούρτι advance,6
GRC,ΚΟ,6
GRC,alpro yogurt,6
GRC,τουαλέ,6
GRC,mulino bianco,6
GRC,mashed potatoes,6
GRC,tapper,6
GRC,τσιγαρα καρε,6
GRC,σιουφιχτα,6
GRC,χρωματοπαγιδα,6
GRC,χάρτ,6
GRC,Γιω,6
GRC,stroop,6
GRC,τυρι νηστ,6
GRC,B.U,6
GRC,fusio,6
GRC,ατμό,6
GRC,μούρ,6
GRC,larelia,5
GRC,λαζαριδη,5
GRC,puro,5
GRC,απορυπαντικο για,5
GRC,μουσταλ,5
GRC,nutritional,5
GRC,Πάνες ακράτειας,5
GRC,γαλα πρωτε,5
GRC,πρλ,5
GRC,stree,5
GRC,χωριάτικο ψωμί,5
GRC,όλυμπος τσάι,5
GRC,everyday xl,5
GRC,οδοντοπασ,5
GRC,pper,5
GRC,schnit,5
GRC,μοο,5
GRC,ευχετήρια κάρτα,5
GRC,salts,5
GRC,καχ,5
GRC,μυζηυρα,5
GRC,πετονια,5
GRC,dirillo,5
GRC,φυτίλι,5
GRC,ναφθαλινη,5
GRC,perla,5
GRC,ziff,5
GRC,σούπ,5
GRC,kreatin,5
GRC,sepona,5
GRC,planet υγρο,5
GRC,φινοκ,5
GRC,σαπούνι πλυντηρίου,5
GRC,profi,5
GRC,ciri,5
GRC,μικρες φαρμες,5
GRC,σνθρα,5
GRC,βουτυροκρεμα,5
GRC,νιφαδε,5
GRC,calip,5
GRC,σαλατα βιολογικη,5
GRC,ous,5
GRC,χρυσγ,5
GRC,pla(e),5
GRC,cotton wool,5
GRC,κανέλα κ,5
GRC,υποσέντονο,5
GRC,prodecco,5
GRC,μπατοβετες,5
GRC,heat pr,5
GRC,ψωμι προζυ,5
GRC,terea team,5
GRC,ash,5
GRC,κατσικίσιο τυ,5
GRC,mozzA,5
GRC,rocher,5
GRC,γιαούρτι ροδάκινο,5
GRC,μπλου μπονετ,5
GRC,κουπατος,5
GRC,φύλλα κρ,5
GRC,σακουλες μπανιο,5
GRC,stella a,5
GRC,chicken tenders,5
GRC,λευκη κου,5
GRC,Ξε,5
GRC,adorra,5
GRC,ευλογημεν,5
GRC,eza free,5
GRC,τυρί κρέμα light,5
GRC,κρέμα μαλ,5
GRC,asparagu,5
GRC,μπαρες χωρις,5
GRC,noofles,5
GRC,οδοντόπαστ,5
GRC,Almiron,5
GRC,",a",5
GRC,pitu,5
GRC,roasted,5
GRC,High protein,5
GRC,homous,5
GRC,κασπο,5
GRC,ultimate,5
GRC,καντιλι,5
GRC,natron,5
GRC,παγωτο σοκολάτα,5
GRC,kepg,5
GRC,O.B,5
GRC,keba,5
GRC,nut bar,5
GRC,Light,5
GRC,cinnabon,5
GRC,τορρι,5
GRC,αριθμο,5
GRC,Mustard,5
GRC,μπιγτ,5
GRC,banoffee,5
GRC,prima cat,5
GRC,ψωμι σαντου,5
GRC,Sep,5
GRC,pepper paste,5
GRC,Αντηλιακ,5
GRC,green a,5
GRC,χαετι υγειας,5
GRC,belo,5
GRC,φυρ,5
GRC,παξιμαδάκια,5
GRC,louf,5
GRC,φυτικη σαντ,5
GRC,tuboeg,5
GRC,grann,5
GRC,Σολομό,5
GRC,ευχές,5
GRC,confoms,5
GRC,γαβρι,5
GRC,νοοδ,5
GRC,Coconut milk,5
GRC,πατατες bio,5
GRC,Καραμέλα,5
GRC,αρμπο,5
GRC,φςτ,5
GRC,playing cards,5
GRC,λεμόνι χυμ,5
GRC,club sa,5
GRC,Αφρολουτρ,5
GRC,strawberry chee,5
GRC,Γαλα αμυγδ,5
GRC,τονος νερου,5
GRC,roa,5
GRC,μπσρες,5
GRC,κετσπ,5
GRC,ham sausage,5
GRC,´ιπεριες,5
GRC,γενικ,5
GRC,γαλοκ,5
GRC,κρασι ημ,5
GRC,ΜΑΝΙΤΑΡΙΑ,5
GRC,χαμομι,5
GRC,dove body wash,5
GRC,μουσταρα,5
GRC,ιχθ,5
GRC,υγρό πιάτων βρεφικό,5
GRC,μανυτα,5
GRC,νερό αν,5
GRC,θηκη για,5
GRC,magic eraser,5
GRC,σκόνη σ,5
GRC,pasts,5
GRC,αυτοκολλητα panini,5
GRC,για το πατωμα,5
GRC,ψιλοκομμενη,5
GRC,Ντοματακια,5
GRC,60l,5
GRC,αναβας,5
GRC,αμερικανικης,5
GRC,fruit cup,5
GRC,κρεμα αραβοσιτου,5
GRC,ριζογκοφρέ,5
GRC,γκοφρετες καλαμπο,5
GRC,proteinella,5
GRC,λαδάκι,5
GRC,cario,5
GRC,Μάγια,5
GRC,κουβερτουρας,5
GRC,γλυκά του,5
GRC,σιρά,5
GRC,τομαν,5
GRC,Κεράκια,5
GRC,προβεια,5
GRC,λαχανον,5
GRC,Πάνα,5
GRC,Αλευρ,5
GRC,ψύχα,5
GRC,σιρόπι σοκ,5
GRC,blue b,5
GRC,λουμίδ,5
GRC,reggia,5
GRC,lima,5
GRC,Μπουταρη,5
GRC,γρανο,5
GRC,πατατακια γαριδα,5
GRC,Ηλεκτρολύτες,5
GRC,πορτοξαλι,5
GRC,elvive growth,5
GRC,hungry not granola,5
GRC,onion pow,5
GRC,playdoh,5
GRC,ολικης μακαρόνια,5
GRC,Ξίδι,5
GRC,μπανσνες,5
GRC,milano,5
GRC,ματσατα,5
GRC,chen,5
GRC,δαφνοφυλλα,5
GRC,nescafe dolce gusto,5
GRC,μπατζ,5
GRC,τύρι,5
GRC,consitioner,5
GRC,dine,5
GRC,Παστ,5
GRC,kostarellos,5
GRC,ΑΡΚΑΔΙ,5
GRC,herbal es,5
GRC,φαγητο σκυλου,5
GRC,σαπούνι γ,5
GRC,alfa μπυρα,5
GRC,κρεμ καραμελε,5
GRC,soicy,5
GRC,Gord,5
GRC,κυβοι κνορ,5
GRC,salamo,5
GRC,Καπέλα,5
GRC,devils,5
GRC,νάμα,5
GRC,kip,5
GRC,χαρτί ρο,5
GRC,baby snacks,5
GRC,ket hup,5
GRC,Zillion's,5
GRC,Rizzla,5
GRC,Νύχια,5
GRC,λαδόχα,5
GRC,αφρος ξυρισματ,5
GRC,quaker oats,5
GRC,chips baked,5
GRC,puddings,5
GRC,κιμας βοειος,5
GRC,strawberry cheese,5
GRC,cherrie,5
GRC,χαροπετσετες,5
GRC,πελτε ντοματα,5
GRC,kapnika,5
GRC,κουβερτουρα υγειας,5
GRC,τυρια τρι,5
GRC,odka,5
GRC,ξυνομη,5
GRC,leff,5
GRC,smoked ham,5
GRC,φαιρυ,5
GRC,χιο,5
GRC,chikpeas,5
GRC,koybe,5
GRC,yogurd,5
GRC,ψωμί gluten,5
GRC,babylino premi,5
GRC,Apple cider vinegar,5
GRC,sprir,5
GRC,paliroia,5
GRC,wolrd cup,5
GRC,maybelline vinyl,5
GRC,χαμπο,5
GRC,chocolte,5
GRC,yes sto,5
GRC,moussaka,5
GRC,Soj,5
GRC,κουβρτ,5
GRC,ταχο,5
GRC,Πεπο,5
GRC,coco water,5
GRC,πιπεριερ,5
GRC,νιρβανα,5
GRC,mix ξηρ,5
GRC,σαλτσας,5
GRC,χυμό λεμόνι,5
GRC,έτοιμο φα,5
GRC,gas water,5
GRC,Σουσαμι,5
GRC,απορρυπαντικά ρουχων,5
GRC,plant yogurt,5
GRC,tublo,5
GRC,mats,5
GRC,baterry,5
GRC,racket,5
GRC,sanec,5
GRC,αποσμητικο αντρικό,5
GRC,αλευρι καλα,5
GRC,masri,5
GRC,ροζ σο,5
GRC,pallir,5
GRC,λαδι για,5
GRC,σφουγγσρι,5
GRC,ροζ σος,5
GRC,ntakos,5
GRC,είδη παρτι,5
GRC,maybelline serum,5
GRC,Masti,5
GRC,ειδη επα,5
GRC,τρατ,5
GRC,Κυβοι,5
GRC,Chardonnay,5
GRC,cinder,5
GRC,styv,5
GRC,καττ,5
GRC,σουλταν,5
GRC,barley rusk,5
GRC,sovi,5
GRC,Ανε,5
GRC,υγρο πλυντηρι,5
GRC,pores,5
GRC,κιμωλια,5
GRC,ρυζι b,5
GRC,broa,5
GRC,mac & cheese,5
GRC,Ξινόγαλο,5
GRC,letti,5
GRC,αυγα βιολογι,5
GRC,Ευβιότοποι,5
GRC,yoguty,5
GRC,παγωτο χωρίς ζαχαρη,5
GRC,beverage,5
GRC,beer fix,5
GRC,pilsbu,5
GRC,αυγα ψαριου,5
GRC,κρμυδι,5
GRC,3D,5
GRC,tosst,5
GRC,κολιό,5
GRC,Tzatziki,5
GRC,heating pad,5
GRC,σακουλες ακουπιδιων,5
GRC,Γλυκοπατατες,5
GRC,cirn,5
GRC,κρεμμύδια ξερά,5
GRC,Caesar sauce,5
GRC,garbage bags small,5
GRC,Φιλτρ,5
GRC,τσαι του βου,5
GRC,γυαλιστικο πλυντηριου,5
GRC,Αρω,5
GRC,fit &,5
GRC,Evian,5
GRC,alpro βανίλια,5
GRC,γιαρου,5
GRC,νερά 6,5
GRC,vai,5
GRC,Faiy,5
GRC,koro,5
GRC,φωτάκια,5
GRC,μολυβι ματιων,5
GRC,rem,5
GRC,beetrot,5
GRC,dipers,5
GRC,Μπιφτε,5
GRC,coca-co,5
GRC,gold blend,5
GRC,κρφο,5
GRC,ξιραφ,5
GRC,πουηρ,5
GRC,cheddae,5
GRC,knorr potatoes,5
GRC,corsx,5
GRC,ρυζι γλασς,5
GRC,μασκες προς,5
GRC,klinex πανακια,5
GRC,ναι chef,5
GRC,black olive,5
GRC,στον τρι,5
GRC,τσαντά,5
GRC,ξανθαν,5
GRC,dr.beckmann,5
GRC,σουπιές,5
GRC,shushida,5
GRC,Mastiq,5
GRC,βουτηρα,5
GRC,φιλετο μοσχαρι,5
GRC,calzone,5
GRC,μπαρμοα,5
GRC,ηλιόσπο,5
GRC,hbh,5
GRC,badil,5
GRC,Fries,5
GRC,φέτα μαλακη,5
GRC,χαρουπιο,5
GRC,απω,5
GRC,stove,5
GRC,κεφιρ υγεία,5
GRC,μιζιθρα,5
GRC,luroac,5
GRC,αποσυ,5
GRC,water bo,5
GRC,κατσαροδες,5
GRC,paneer,5
GRC,θρακα,5
GRC,corra,5
GRC,Lipton zero,5
GRC,σακουλες καταψ,5
GRC,γιωτις,5
GRC,acaii,5
GRC,Κν,5
GRC,υγρό σφ,5
GRC,palae,5
GRC,θρου,5
GRC,duct tape,5
GRC,ψαλιδα,5
GRC,απορρυπαντικο πατωματος,5
GRC,pesto roso,5
GRC,hands free,5
GRC,μπάρα πρω,5
GRC,γιαούρτι επιδ,5
GRC,slic,5
GRC,αλη,5
GRC,kuchen,5
GRC,τυροκαφτ,5
GRC,κρέμα γάλακτος light,5
GRC,κρέμα σοκολάτας,5
GRC,oizza,5
GRC,adoro cheddar,5
GRC,γάλα ζαχαρουχο,5
GRC,surface cleaner,5
GRC,ελιές χωρίς,5
GRC,πλεξ,5
GRC,φαγε τρικαλινο,5
GRC,μπακλαβάς,5
GRC,doro,5
GRC,philede,5
GRC,frozen ras,5
GRC,Φαρμα,5
GRC,stolich,5
GRC,sewa,5
GRC,κάφες εσ,5
GRC,αλατι ιμ,5
GRC,μυγοσκοτώστρα,5
GRC,μαλακιτ,5
GRC,sani dry,5
GRC,ριζιου,5
GRC,Alf,5
GRC,orkid,5
GRC,πανες σκυλ,5
GRC,μανιταροσουπα,5
GRC,intenso,5
GRC,ταπετ,5
GRC,pre wor,5
GRC,αντισκω,5
GRC,γαλα σοκολάτα,5
GRC,δεκαρακι,5
GRC,φρυγανίες,5
GRC,bell pepp,5
GRC,νπεικ,5
GRC,ceasar sauce,5
GRC,safr,5
GRC,chcolate,5
GRC,sea food,5
GRC,ςντο,5
GRC,κοπανισμένη,5
GRC,deja,5
GRC,ΥΠΟΣΕ,5
GRC,καρφιτσες,5
GRC,ζημα,5
GRC,αστερακια,5
GRC,eag,5
GRC,διλ,5
GRC,ψωμί ολικής άλεσης,5
GRC,τριμμενο τ,5
GRC,αισμπε,5
GRC,μαγιρ,5
GRC,ενεργειακα ποτα,5
GRC,mozzarr,5
GRC,στήθος κοτοπουλο,5
GRC,σνιτσελ κοτοπουλο,5
GRC,τροφή για σκ,5
GRC,σακούλες απορριμ,5
GRC,καπνιστος σο,5
GRC,σαπουνι ευαισθητης περιοχης,5
GRC,red ull,5
GRC,πάνκο,5
GRC,my butter,5
GRC,vitakraft,5
GRC,υγρομαντι,5
GRC,fage 0%,5
GRC,honey bio,5
GRC,chox,5
GRC,jydi,5
GRC,ακτινο,5
GRC,σαμπουάν ultrex,5
GRC,breader,5
GRC,dinke,5
GRC,βρεφική κρέμα,5
GRC,aboc,5
GRC,γοαου,5
GRC,σοφές,5
GRC,noodlr,5
GRC,karpe,5
GRC,planw,5
GRC,χαρτι τγε,5
GRC,chopstic,5
GRC,butchery,5
GRC,χαβε,5
GRC,dab,5
GRC,λεκανη ρουχων,5
GRC,σκόρδο τρ,5
GRC,Τυροπιτα,5
GRC,gruit,5
GRC,υγρο πλυντηριου πιατων,5
GRC,hunr,5
GRC,πανες βρακ,5
GRC,seasame,5
GRC,σεκ,5
GRC,οινοπλ,5
GRC,frs,5
GRC,αλκοολού,5
GRC,νεροπις,5
GRC,nesxa,5
GRC,hair colo,5
GRC,αγαύης,5
GRC,pepd,5
GRC,λευκο κρασί,5
GRC,0% αλατι,5
GRC,thera,5
GRC,Ρυζογαλο,5
GRC,καθαριστικό πρ,5
GRC,Κονκασε,5
GRC,Icecream,5
GRC,παυατακια,5
GRC,άχνη ζα,5
GRC,proscuito,5
GRC,terq,5
GRC,χαρτι κουζίν,5
GRC,ψωμι π,5
GRC,καλαμποκι ποπ κορν,5
GRC,Ζυμαρ,5
GRC,biotech usa,5
GRC,χρομ,5
GRC,χωρις αλα,5
GRC,mayonais,5
GRC,παραλι,5
GRC,swedish,5
GRC,Nesq,5
GRC,χαροπ,5
GRC,zuzuto,5
GRC,scones,5
GRC,tea towel,5
GRC,ειδη καπν,5
GRC,μπλοκ ζωγρα,5
GRC,Ben n Jerry's,5
GRC,ξυλά,5
GRC,sweet sour,5
GRC,DELIA,5
GRC,club sand,5
GRC,αράπικο,5
GRC,total yogurt,5
GRC,grana pad,5
GRC,mooveat,5
GRC,ηπειρωτικα αυγα,5
GRC,goyd,5
GRC,γιαουρτι δω,5
GRC,γιαουρτι prot,5
GRC,icecub,5
GRC,Νεκτα,5
GRC,protein sha,5
GRC,Λευκό τυρί,5
GRC,valco,5
GRC,vodca,5
GRC,αλατα πλ,5
GRC,ψωμάκι για,5
GRC,βανιλια σιροπι,5
GRC,coffe decaf,5
GRC,σκαλ,5
GRC,μαθρη ζαχαρη,5
GRC,fyst,5
GRC,Παρθένο,5
GRC,noutella,5
GRC,γαλοπουλα βραστ,5
GRC,μαύρο ψωμί,5
GRC,κρέμα σοκολα,5
GRC,κυβοσ,5
GRC,Τρικαλινό,5
GRC,proseci,5
GRC,γεροβα,5
GRC,παγωτό protein,5
GRC,γακοπου,5
GRC,chili flake,5
GRC,καλαμπκ,5
GRC,freshener,5
GRC,αλεύρι χωρίς γλουτένη,5
GRC,ομπρέλ,5
GRC,ποτηρια πλ,5
GRC,σακουλακι τροφιμων,5
GRC,φετες ψωμι,5
GRC,μηλιτες,5
GRC,alprp,5
GRC,vinagre,5
GRC,wallnut,5
GRC,coffee capsul,5
GRC,φυστθκι,5
GRC,γαλα δελτ,5
GRC,κολσ,5
GRC,σκορπ,5
GRC,spare,5
GRC,κάναβη,5
GRC,σαλάτα ιταλική,5
GRC,hair pin,5
GRC,θερμος ποτηρι,5
GRC,phils gr,5
GRC,Δεντρολίβανο,5
GRC,ΒΙΚΟΣ,5
GRC,γατζα,5
GRC,XA,5
GRC,σοκολατα υγείας,5
GRC,seotona,5
GRC,κιτκατ,5
GRC,τραχανας γλυκος,5
GRC,mosh,5
GRC,Condom,5
GRC,heel,5
GRC,σαβοι,5
GRC,πλαστικα καλα,5
GRC,νεξ,5
GRC,oat-ly,5
GRC,ξανθά,5
GRC,mozarre,5
GRC,8.11,5
GRC,ευι,5
GRC,gior,5
GRC,καρέλιας,5
GRC,ξίδι λευκό,5
GRC,στεργιιυ,5
GRC,march,5
GRC,kapno,5
GRC,28.07,5
GRC,azax για τα τζαμια,5
GRC,foo,5
GRC,γιαούρτι σόγιας,5
GRC,cough drops,5
GRC,Μπισκοτ,5
GRC,μοσχάτο,5
GRC,fana,5
GRC,κύβοι κνορ,5
GRC,σολομπς,5
GRC,ψωμι ολικης αλεσης,5
GRC,μουσταρδομαγιο,5
GRC,ταραμοσ,5
GRC,eo,5
GRC,χαρτιτ,5
GRC,giand,5
GRC,μεγαλα,5
GRC,royal ca,5
GRC,septona dermasoft,5
GRC,fin cr,5
GRC,dr.bec,5
GRC,ημιγλυκ,5
GRC,σωμ,5
GRC,φυτικό γιαο,5
GRC,γαλα βρομης,5
GRC,vermout,5
GRC,φιλετο κοτόπουλο,5
GRC,μουσαρελ,5
GRC,τζιτζ,5
GRC,νιώ,5
GRC,νερο μπο,5
GRC,baked lays,5
GRC,μαιμτανο,5
GRC,smelly cat,5
GRC,αφρολουτε,5
GRC,mochis,5
GRC,xal,5
GRC,lacta cakes,5
GRC,χΡτι,5
GRC,la ca,5
GRC,δίσκοι ντε,5
GRC,ψωμί ζ,5
GRC,Τσιπουρο,5
GRC,ζυμαρουλη,5
GRC,gni,5
GRC,begetables,5
GRC,προβο,5
GRC,leor,5
GRC,χαλκιαδακη,5
GRC,τριχοπτωση,5
GRC,Hemo,5
GRC,γενν,5
GRC,ζαχαρη λε,5
GRC,Μανουρι,5
GRC,παγίδ,5
GRC,σκοπ,5
GRC,σοκολαρ,5
GRC,πανες σ,5
GRC,μπισκοτα χωρις ζαχαρ,5
GRC,κόκκινο κρ,5
GRC,τυρι κατ,5
GRC,honeu,5
GRC,Ξηρά,5
GRC,σοκοα,5
GRC,shanpoo,5
GRC,3in1,5
GRC,καρπουι,5
GRC,sour water,5
GRC,ζαχαροπλαστι,5
GRC,ήειρος,5
GRC,lacta choco,5
GRC,Apples,5
GRC,nar,5
GRC,leom,5
GRC,garbi,5
GRC,cramberry,5
GRC,snap,5
GRC,χειροπετσετ,5
GRC,ρυΟ,5
GRC,soc,5
GRC,κατεψυγμενα λαχ,5
GRC,διατ,5
GRC,αλαντιξα,5
GRC,βαλσάμι,5
GRC,instick,5
GRC,ΠΙΠ,5
GRC,jumbo chip,5
GRC,τραυμα,5
GRC,σνθρακουχο,5
GRC,Basil,5
GRC,τροφή σκ,5
GRC,ιρα,5
GRC,τοτελ,5
GRC,μουτεβελής,5
GRC,Κατσαρι,5
GRC,υγρομά,5
GRC,χρώμα ζαχαροπλαστικής,5
GRC,AC,5
GRC,καλαμακια πλα,5
GRC,κορμος,5
GRC,rer,5
GRC,cutting,5
GRC,Tonik,5
GRC,Μυρτίλο,5
GRC,τροφη για σκυλου,5
GRC,ταχθνι,5
GRC,σπαλομ,5
GRC,λευκό πιπέρι,5
GRC,εμπ,5
GRC,hydrogen peroxide,5
GRC,περιποίηση προσώπου,5
GRC,conciler,5
GRC,σφουγγάρι πιατων,5
GRC,nesafe,5
GRC,προδερ,5
GRC,cockroaches,5
GRC,κρεμα τυρί,5
GRC,ζημαρι,5
GRC,Septonа Μωρομάντηλα Family 3x100 τμχ,5
GRC,franuit,5
GRC,γιωτης πουρες,5
GRC,αλευρι που φους,5
GRC,brothers,5
GRC,Celery,5
GRC,sandwich meat,5
GRC,μπουγατσακια,5
GRC,κυβο κνορ,5
GRC,gtanola,5
GRC,Κοτομ,5
GRC,γαντθ,5
GRC,υγρό απορρυ,5
GRC,corn tortillas,5
GRC,μωτομαν,5
GRC,ανθρακουχι,5
GRC,γαλοπουλας,5
GRC,Κατσικισιο γαλα,5
GRC,μαύρα φ,5
GRC,bani,5
GRC,αρακαε,5
GRC,γαλοπούλα χωρίς,5
GRC,τυρι τε,5
GRC,skoupa,5
GRC,takis blue,5
GRC,καπνιστό αλάτι,5
GRC,piler,5
GRC,φακες βιο,5
GRC,courgettes,5
GRC,κολπ,5
GRC,nail clippers,5
GRC,κερακοα,5
GRC,βεντεξ,5
GRC,μπαλααμικο,5
GRC,παεζ,5
GRC,Παστίτσιο,5
GRC,mpanan,5
GRC,Konj,5
GRC,dr ber,5
GRC,μαύρισμα,5
GRC,oyzo,5
GRC,ane,5
GRC,παιχνί,5
GRC,yogou,5
GRC,tomato sou,5
GRC,μπιφτεκια κοτ,5
GRC,φέτα κα,5
GRC,κατεψυγμένα γεύματα,5
GRC,ποτήρια χάρτινα,5
GRC,κασερι σαλαμι,5
GRC,WOLT,5
GRC,tapes,5
GRC,super bow,5
GRC,chickwn,5
GRC,dr.oetker,5
GRC,santorini,5
GRC,klene,5
GRC,Ασπρ,5
GRC,δημητριαλα,5
GRC,KNORR,5
GRC,γαντια κο,5
GRC,βελανί,5
GRC,pot noodles,5
GRC,ACTIVIA,5
GRC,vanilin,5
GRC,βρακακια,5
GRC,εξαιρετικό,5
GRC,τορριγια,5
GRC,mylonas,5
GRC,σκορδο σκ,5
GRC,σησ,5
GRC,groceries,5
GRC,serv,5
GRC,men ex,5
GRC,bread fa,5
GRC,βανιλια υγρη,5
GRC,φιλι,5
GRC,fabric softe,5
GRC,ποικιλια,5
GRC,δημγτριακα,5
GRC,leni,5
GRC,παρμεανα,5
GRC,plaisio,5
GRC,κοτοπουλο φιλ,5
GRC,Hag,5
GRC,fut,5
GRC,rice v,5
GRC,waz,5
GRC,μπελτ,5
GRC,αποτρυ,5
GRC,ψαροκτ,5
GRC,verb,5
GRC,γιαουρτι σο,5
GRC,pakoti,5
GRC,Rib,5
GRC,νς,5
GRC,0% γιαουρτι,5
GRC,La vache,5
GRC,cottage a,5
GRC,αποσνη,5
GRC,λιας,5
GRC,τάπε,5
GRC,γιαουρτι pro,5
GRC,πατατακια φο,5
GRC,αγκιναρε,5
GRC,dettol spr,5
GRC,Χαρτιά υγείας,5
GRC,τοστ χ,5
GRC,συγκ,5
GRC,μοσχαρισι,5
GRC,gingee,5
GRC,cream face,5
GRC,κατσαρολ,5
GRC,μπανσ,5
GRC,σπον,5
GRC,tea tree oil,5
GRC,toothpicks,5
GRC,family farms,5
GRC,boleri,5
GRC,Καθαριστικό πλυντήριου,5
GRC,pates,5
GRC,ροζ σ,5
GRC,dowe egberts,5
GRC,μεκι,5
GRC,ππρτο,5
GRC,nudels,5
GRC,wile,5
GRC,σαλατεε,5
GRC,lw,5
GRC,γλυκο κουτ,5
GRC,μπιμπιλινα,5
GRC,liqueur,5
GRC,latt,5
GRC,τοτρ,5
GRC,planet pia,5
GRC,kitchen to,5
GRC,curacao,5
GRC,γάλα διάρκειας,5
GRC,σερβιτε,5
GRC,nail scissors,5
GRC,Pummaro Σπιτική Τομάτα από Τρίτη Γυάλινη Φιάλη,5
GRC,αλάτι πλυντήριο,5
GRC,σολωμος κα,5
GRC,καραμελομεν,5
GRC,camel yellow,5
GRC,μίσκο,5
GRC,best,5
GRC,ρακε,5
GRC,irange,5
GRC,my but,5
GRC,iqoa,5
GRC,καλτσακι,5
GRC,πατατςς,5
GRC,tirotrell,5
GRC,στοματικο διακυμα,5
GRC,ξυραφαξια,5
GRC,μακαρονια ολικη,5
GRC,friganies,5
GRC,μελιτζάνε,5
GRC,babylino pants no,5
GRC,ότι Μπερ,5
GRC,ανθος αλα,5
GRC,raw ea,5
GRC,σακούλας,5
GRC,παιδικο αφρο,5
GRC,Πελτέ,5
GRC,nature valle,5
GRC,dijestive,5
GRC,λεμμ,5
GRC,λρεμ,5
GRC,tyl,5
GRC,strongb,5
GRC,springl,5
GRC,λουκν,5
GRC,chips jumbo,5
GRC,μπιφτεκι μοσχαρι,5
GRC,κιμα κοτο,5
GRC,εμφιαλωμενα νερα,5
GRC,sauce tomato,5
GRC,γιαουρτιο,5
GRC,λαδι σωμ,5
GRC,γαλοπουλα κ,5
GRC,fairy ultra,5
GRC,φαρινα ολικης,5
GRC,minuty,5
GRC,γάλα με,5
GRC,ξυραφακια bic,5
GRC,segafre,5
GRC,σοδα μαγειρ,5
GRC,μακρυκοκκο,5
GRC,υγρο χερι,5
GRC,stationary,5
GRC,spring rills,5
GRC,ρόφημα καρύδας,5
GRC,μαγιονέζα vegan,5
GRC,chianti,5
GRC,hazeln,5
GRC,ΛΕΜΟ,5
GRC,μοαρα,5
GRC,corn flou,5
GRC,ben and jerry's,5
GRC,Tampons,5
GRC,gluten free chips,5
GRC,πάνες μωρού,5
GRC,Shower gel,5
GRC,Φιλαδέλφ,5
GRC,γιαούρτι παγωτό,5
GRC,sanp,5
GRC,κρέμες γιωτης,5
GRC,old horbon,5
GRC,πουλια,5
GRC,azers,5
GRC,κμα,5
GRC,Σνι,5
GRC,super mario,5
GRC,Ζαγόρι ανθρακούχο,5
GRC,amita lemonades,5
GRC,coffee cup,5
GRC,μΝ,5
GRC,Alpo,5
GRC,Αμμο,5
GRC,cream cara,5
GRC,aαυγα,5
GRC,δηητριακα,5
GRC,Μαρου,5
GRC,Coconut oil,5
GRC,coca cola zero 330ml,5
GRC,ανδρικα,5
GRC,Ouzo,5
GRC,krake,5
GRC,υγρο σ,5
GRC,αυγΑ,5
GRC,λακερδα,5
GRC,Lipt,5
GRC,lear,5
GRC,ππερ,5
GRC,jamo,5
GRC,πατάτες τηγανίτες,5
GRC,καφε λουμι,5
GRC,κραση,5
GRC,1.5 l,5
GRC,μαϊντανο,5
GRC,μπυες,5
GRC,απορυπαντικο πιατω,5
GRC,baf,5
GRC,simi,5
GRC,fresh cre,5
GRC,γαλα χωρις λακτοζγ,5
GRC,ρυζογακο,5
GRC,toasted,5
GRC,sumak,5
GRC,asparag,5
GRC,λιμα για,5
GRC,σεικε,5
GRC,αδιάβροχες πανες,5
GRC,Prot,5
GRC,νερο ζαγ,5
GRC,terrea teak,5
GRC,24hr,5
GRC,γιαούρτι μπισκότο,5
GRC,ρυζιγκοφρετες,5
GRC,ξυραγ,5
GRC,ολυμπος drink,5
GRC,elli,5
GRC,από,5
GRC,savoiar,5
GRC,δισκους,5
GRC,oxi ac,5
GRC,κρασθ,5
GRC,διαφανής,5
GRC,κασσε,5
GRC,καφές λουμιδης,5
GRC,Pasta sauce,5
GRC,τυροψωμο,5
GRC,greenn,5
GRC,Ψαροδημος,5
GRC,palirr,5
GRC,pror,5
GRC,calo,5
GRC,τσορ,5
GRC,πατατακια φουρ,5
GRC,passatta,5
GRC,kids yogurt,5
GRC,σί,5
GRC,τριβελακια,5
GRC,philed,5
GRC,γάλα παιδικό,5
GRC,vegan cream cheese,5
GRC,παγωμένα,5
GRC,pomaro,5
GRC,κρεμα φυστικι,5
GRC,kanella,5
GRC,σουρουη,5
GRC,samex,5
GRC,mr b,5
GRC,Χάρτι υγείας,5
GRC,seiff,5
GRC,selt,5
GRC,Καν,5
GRC,πανες ακρατιας,5
GRC,μπισκοτα γεμ,5
GRC,πάστα ε,5
GRC,Elephant,5
GRC,kaco,5
GRC,ρυζι σουπε,5
GRC,calif,5
GRC,στρβια,5
GRC,βαμιλ,5
GRC,πγος,5
GRC,Ζαγόρ,5
GRC,rice wine,5
GRC,nikolo,5
GRC,popcorb,5
GRC,ασφ,5
GRC,feminine,5
GRC,δοσομ,5
GRC,βουτυρο ολυμπος,5
GRC,συνεργα καθαρισμου,5
GRC,μουσμο,5
GRC,φρεκ,5
GRC,μύρ,5
GRC,χοντρό αλατι,5
GRC,planet dish,5
GRC,ακρατι,5
GRC,υγρά παν,5
GRC,χυμος κρανμπερι,5
GRC,zagori sparkling,5
GRC,Γιωτ,5
GRC,παω το,5
GRC,φασολκ,5
GRC,αποσμητικο χωρο,5
GRC,μωρομντηλα,5
GRC,ρετσινες,5
GRC,χαρτί κουζονας,5
GRC,ού,5
GRC,super plus,5
GRC,φρουτα κατ,5
GRC,λαημ,5
GRC,mini ro,5
GRC,πεπι,5
GRC,ΤΟ,5
GRC,αρά,5
GRC,bright,5
GRC,ποπ κόρν,5
GRC,filter coffe,5
GRC,to go,5
GRC,γαλοπούλα βρασ,5
GRC,biler,5
GRC,ρυζι arborio,5
GRC,ουχο,5
GRC,coca cil,5
GRC,τσάι πράσινο,5
GRC,jalapeño,5
GRC,sliced ham,5
GRC,Bisco,5
GRC,σερβιετάκι,5
GRC,φαγε στρα,5
GRC,skouras,5
GRC,cordino,5
GRC,coffee islan,5
GRC,κασεροκρο,5
GRC,ζεέ,5
GRC,vegan τυ,5
GRC,malbiro,5
GRC,βαπο,5
GRC,arugola,5
GRC,ρυζι γεμι,5
GRC,vegan yo,5
GRC,θαλασινα,5
GRC,pampr,5
GRC,απρρυ,5
GRC,πορτοκσ,5
GRC,hellim,5
GRC,redv,5
GRC,coca cola xero,5
GRC,σετβιετες,5
GRC,Καρυδ,5
GRC,eco ver,5
GRC,βαπορι,5
GRC,crackab,5
GRC,νροματες,5
GRC,βοσο,5
GRC,αποσλ,5
GRC,μείγμα για παγωτ,5
GRC,σταφο,5
GRC,euroleague,5
GRC,κρλ,5
GRC,αποσμητικο αν,5
GRC,χλωρινη πλυντη,5
GRC,always daily,5
GRC,Garn,5
GRC,φιλέτο μπουτ,5
GRC,χλωρινη για,5
GRC,σακουλα σ,5
GRC,Γιαούρτι 0,5
GRC,phone charger,5
GRC,kinder pi,5
GRC,μαρμελαφα,5
GRC,prawn cocktail,5
GRC,κατσαριδοκτον,5
GRC,Πανάκια,5
GRC,τουρσι αγγουρακι,5
GRC,cold fusion,5
GRC,mango ice cream,5
GRC,χαρτι υγροας,5
GRC,big babol,5
GRC,sali,5
GRC,strawberry yoghurt,5
GRC,sutra,5
GRC,augar free,5
GRC,κερσα,5
GRC,καξαο,5
GRC,ρόφημα σο,5
GRC,peso,5
GRC,talco,5
GRC,μαξαρ,5
GRC,bilton,5
GRC,σουσαμε,5
GRC,fiji water,5
GRC,ντοματρ,5
GRC,υονος,5
GRC,taco sauce,5
GRC,κωτσ,5
GRC,beefeat,5
GRC,γιαούρτι παι,5
GRC,Σταγονες,5
GRC,χωρις αλ,5
GRC,πορες,5
GRC,yopro,5
GRC,Ben&,5
GRC,azax expert,5
GRC,Αντη,5
GRC,msr,5
GRC,κατεψυγμένα κ,5
GRC,san peleg,5
GRC,pizza s,5
GRC,αλεύρι αμυγδ,5
GRC,canta,5
GRC,Green peas,5
GRC,απορρυπαντικό σκόνη,5
GRC,toule,5
GRC,orangea,5
GRC,γιαούρτι πα,5
GRC,μαλσκτικο,5
GRC,reso,5
GRC,γκρανιολα,5
GRC,ΣΦΟΥ,5
GRC,pampers pants 7,5
GRC,γιαουρτι χωρος,5
GRC,νερό απιο,5
GRC,parc,5
GRC,παγωτο πρωτεινης,5
GRC,Ζά,5
GRC,πλυσιμο ρουχων,5
GRC,soap dish,5
GRC,fouant,5
GRC,Γίγαντες,5
GRC,dry red wine,5
GRC,enl,5
GRC,καφε decaf,5
GRC,βαπονες,5
GRC,μαεουλι,5
GRC,KitKat,5
GRC,la bache,5
GRC,outly,5
GRC,lacra,5
GRC,χά,5
GRC,μιρμιγκια,5
GRC,γλυκά του κουταλιού,5
GRC,cranberri,5
GRC,κατεψυγμένο κρεμμύδι,5
GRC,papadopou,5
GRC,πιρεξ,5
GRC,χοιρινος,5
GRC,ψωμι τοαστ,5
GRC,mplto,5
GRC,rizlq,5
GRC,κρααι,5
GRC,φρυγανιες ολ,5
GRC,ero,5
GRC,Γάλα Όλυμπος,5
GRC,κους-κους,5
GRC,καφε κα,5
GRC,Φαριναπ,5
GRC,σαπουνι πλυντη,5
GRC,Coca-Cola light,5
GRC,αφυγ,5
GRC,nescafe gol,5
GRC,ηλιελαιπ,5
GRC,γαρίδας,5
GRC,coca cola ligjt,5
GRC,alpro so,5
GRC,cresm,5
GRC,coca.cola,5
GRC,σαλάτας,5
GRC,ψρε,5
GRC,γυαλιά κολύμβησης,5
GRC,ευ βιο,5
GRC,κρεμα απο,5
GRC,klinx,5
GRC,καταμελε,5
GRC,ρύζι για γεμιστα,5
GRC,κατσικισιι,5
GRC,protein to,5
GRC,τυρί φιλα,5
GRC,rye bread,5
GRC,σταγόνες μ,5
GRC,γλειφιτζουρια,5
GRC,juice lemon,5
GRC,μπισκοτα βιολαντα,5
GRC,Στοματικό,5
GRC,κρύος καφες,5
GRC,Κουκουναρι,5
GRC,καλώδια,5
GRC,καπνιστός σολωμός,5
GRC,Haagen-Dazs,5
GRC,milk whole,5
GRC,billio,5
GRC,ψωμιά,5
GRC,γυαουρ,5
GRC,GAEA,5
GRC,ψωμι τοστ ολ,5
GRC,γισουρτια,5
GRC,κοτομοο,5
GRC,ζιλο,5
GRC,tea lipton,5
GRC,μαγνησι,5
GRC,λαδακ,5
GRC,grant,5
GRC,ατζουγ,5
GRC,intime,5
GRC,στήθος κο,5
GRC,sandals,5
GRC,eng,5
GRC,balin,5
GRC,pori,5
GRC,βεζύρογλου,5
GRC,aset,5
GRC,Aircash,5
GRC,america,5
GRC,Theoni,5
GRC,καφές καψουλες,5
GRC,Mast,5
GRC,bio s,5
GRC,λοκα,5
GRC,στραγγισμενο,5
GRC,cat fo,5
GRC,mattel,5
GRC,μπαμανα,5
GRC,κιμας μοσχαρ,5
GRC,riom,5
GRC,sprire,5
GRC,woly,5
GRC,kendamil,5
GRC,powdered milk,5
GRC,mckain,5
GRC,μειγμα κεικ,5
GRC,budwe,5
GRC,καφές καψου,5
GRC,μητσικελι,5
GRC,βιολογικο κρεας,5
GRC,sugo,5
GRC,ρόλο κου,5
GRC,μπάρες δ,5
GRC,Αποτρ,5
GRC,αφρος καθαρισμου,5
GRC,Μαλλιά,5
GRC,κριστι,5
GRC,bresaol,5
GRC,boy,5
GRC,γαλοπούλα σε φετες,5
GRC,Ει,5
GRC,marmel,5
GRC,υγρομάντηλα,5
GRC,agrino rice,5
GRC,saucisson,5
GRC,kron,5
GRC,τασάκι,5
GRC,χαρτι κουζιναε,5
GRC,pore,5
GRC,φιλμ,5
GRC,ελειο,5
GRC,Πρ,5
GRC,φτι,5
GRC,κρμε,5
GRC,κρρι,5
GRC,κρεμάστρ,5
GRC,matt,5
GRC,pampers pants 6,5
GRC,συμπηκ,5
GRC,Kaizer,5
GRC,strw,5
GRC,παξιμαδι λαδιου,5
GRC,ξερό,5
GRC,ριλο,5
GRC,σάλα,5
GRC,μπατονετς,5
GRC,frozen potato,5
GRC,chefda,5
GRC,τοπου μας,5
GRC,frozen s,5
GRC,ΘΕΩΝΗ,5
GRC,σοκοφρέτ,5
GRC,έτοιμα γεύμα,5
GRC,παρμεζα α,5
GRC,αρρωμα,5
GRC,πικαντικο,5
GRC,"νερο 1,",5
GRC,swimpants,5
GRC,αποσμητικο π,5
GRC,ζαγπ,5
GRC,Μαννα,5
GRC,χυμος μηλ,5
GRC,ΖΑΧΑ,5
GRC,oral B,5
GRC,plant ba,5
GRC,νρρα,5
GRC,χυμό μ,5
GRC,0 fat,5
GRC,gauze,5
GRC,rol quick,5
GRC,δημητριακα με μελι,5
GRC,cacao po,5
GRC,γλαστρακι,5
GRC,old horlborn,5
GRC,σοκολατα bio,5
GRC,κλωσ,5
GRC,brown sug,5
GRC,ella,5
GRC,ben amd,5
GRC,σαποι,5
GRC,ταμπλετες ρου,5
GRC,toilet cle,5
GRC,Μπισ,5
GRC,aryan,5
GRC,litle,5
GRC,ψωμί κα,5
GRC,αλςυρι,5
GRC,υγειη,5
GRC,ιαουρτ,5
GRC,κάμπος χίου,5
GRC,fisg,5
GRC,μπουρεκι,5
GRC,μπαλαντε,5
GRC,ΚΡΟΥΑΣΑΝ,5
GRC,βαρη,5
GRC,kuknos,5
GRC,κουομ,5
GRC,illy cap,5
GRC,πράσινη πιπερια,5
GRC,Wc,5
GRC,μπαρα δημητρ,5
GRC,καπρουζι,5
GRC,υδροχλωρικό οξυ,5
GRC,ΓΙΑΟΥΡΤΙΑ,5
GRC,τζιβ,5
GRC,Χαρτι κουζίνας,5
GRC,δερβισης,5
GRC,κρουαααν,5
GRC,αφγα,5
GRC,μεβγαλ φετα,5
GRC,μονστ,5
GRC,σακούλες χαλιών,5
GRC,μαιντανοε,5
GRC,Diet,5
GRC,χωρίς λακτοζ,5
GRC,portokali,5
GRC,ζαχαρουζ,5
GRC,υγρά πατωματος,5
GRC,μασκες πρ,5
GRC,χαρί,5
GRC,barbecue sauce,5
GRC,monsr,5
GRC,λοτιον,5
GRC,Coa,5
GRC,μηλα κοκκινα,5
GRC,seaf,5
GRC,regil,5
GRC,cucom,5
GRC,Απιονισμένο,5
GRC,ψητη γαλοπουλα,5
GRC,Γιαουρτακια,5
GRC,τορτρλινια,5
GRC,pork belly,5
GRC,πιτα για,5
GRC,ψωμι σοβ,5
GRC,combuc,5
GRC,gel ξυρ,5
GRC,ψωμί σαντο,5
GRC,protein phil,5
GRC,Αβγ,5
GRC,proteu,5
GRC,evry,5
GRC,γάλα όλυμπος βιολογικό,5
GRC,large,5
GRC,pineaple,5
GRC,καφες κρυος,5
GRC,άσετ,5
GRC,pepci,5
GRC,τάκο,5
GRC,Pomegranate,5
GRC,Bac,5
GRC,πιυε,5
GRC,mochato,5
GRC,corage,5
GRC,δασ,5
GRC,τσιρο,5
GRC,fridays,5
GRC,τραχανουλης,5
GRC,χωριατικο φ,5
GRC,ωτοκαθαρ,5
GRC,καριτε,5
GRC,mytos,5
GRC,playm,5
GRC,prn,5
GRC,δακρια σοκολατας,5
GRC,taq,5
GRC,neutrogena,5
GRC,μπαρμπασταθησ,5
GRC,τσακί,5
GRC,φοδε,5
GRC,παστό,5
GRC,desper,5
GRC,excellent,5
GRC,power a,5
GRC,κελυφωτο,5
GRC,πανζ,5
GRC,green te,5
GRC,μαρατ,5
GRC,γαλα freelact,5
GRC,κεραμίδια,5
GRC,ulte,5
GRC,ψωμί bu,5
GRC,καραμολεγκος protein,5
GRC,just,5
GRC,dayes,5
GRC,παγωτό στεβια,5
GRC,Κεράσι,5
GRC,εβλογημ,5
GRC,γαλοπολα,5
GRC,τηλεφων,5
GRC,ρυζι βιο,5
GRC,kidney bean,5
GRC,campaei,5
GRC,sena,5
GRC,kit lat,5
GRC,decaffe,5
GRC,χωρις λαμ,5
GRC,ψωμί γερμανικού τύπου,5
GRC,ajx,5
GRC,αλεύρι ζ,5
GRC,Ελ Γκρέκο,5
GRC,μπάρμπα σταθη,5
GRC,light milk,5
GRC,arla protein shake,5
GRC,μπικοτα,5
GRC,ρπυχων,5
GRC,holy gin,5
GRC,Ring,5
GRC,σαλτσες για,5
GRC,GALA,5
GRC,nagel,5
GRC,Τεστ,5
GRC,κατεψυγμανα,5
GRC,Κατεψυγμένα λαχανικά,5
GRC,κεφτεδες,5
GRC,miel,5
GRC,μακαρονια πε,5
GRC,ανρακουχο,5
GRC,dove απος,5
GRC,Μωρό,5
GRC,ypghurt,5
GRC,χρωματα ζαχαροπλαστικης,5
GRC,bisquits,5
GRC,φετα μ,5
GRC,coca cola de,5
GRC,ραντλερ,5
GRC,ψωμι ολοκης,5
GRC,Σαλτσ,5
GRC,πληντη,5
GRC,strak,5
GRC,ψυμ,5
GRC,γυαλάκια,5
GRC,μωρό.,5
GRC,tortilas,5
GRC,τυρι τρενο,5
GRC,τυρι νου,5
GRC,πανδ,5
GRC,βερυκοκκα,5
GRC,φακες χοντρες,5
GRC,korp,5
GRC,χυμό λεμο,5
GRC,wankies,5
GRC,παρωματος,5
GRC,Γά,5
GRC,skip pods,5
GRC,λάτεξ,5
GRC,τριμμένη φρυ,5
GRC,ντόματα,5
GRC,Ανευ,5
GRC,ακαραια,5
GRC,τυρί ρ,5
GRC,vegan protein powder,5
GRC,γςλα,5
GRC,τσάντα θαλάσσης,5
GRC,holling,5
GRC,σαπυ,5
GRC,got 2,5
GRC,pro glide,5
GRC,peach iced tea,5
GRC,brw,5
GRC,μασκες προσω,5
GRC,κυτ,5
GRC,kids food,5
GRC,oldhol,5
GRC,ταμπλέτες κου,5
GRC,σκαφη,5
GRC,chloro,5
GRC,κουβεττουρα,5
GRC,Καλ,5
GRC,pappy soft,5
GRC,Saus,5
GRC,lok,5
GRC,μαύ,5
GRC,motsar,5
GRC,Κύκνος,5
GRC,le petit marsellais,5
GRC,mussarela,5
GRC,breakfa,5
GRC,σακκουλακια,5
GRC,αφρος ξυρισματο,5
GRC,καλαμακια πλαστι,5
GRC,κουβερτουα,5
GRC,olympus milk,5
GRC,αποσμιτικα χωρου,5
GRC,lighte,5
GRC,protein chee,5
GRC,ντορ,5
GRC,hell energy,5
GRC,eggs 10,5
GRC,σαρμαδ,5
GRC,σλου,5
GRC,γιαουρτια protein,5
GRC,frango,5
GRC,μουτεβε,5
GRC,απορροφητικο,5
GRC,vegetable chips,5
GRC,mince organic,5
GRC,καισα,5
GRC,evr,5
GRC,αγρόκ,5
GRC,μαπνανες,5
GRC,protr,5
GRC,πακου,5
GRC,κρέμα γάλακτος φυτική,5
GRC,carnaroli,5
GRC,πίτες για σου,5
GRC,tortigi,5
GRC,γλυκόα,5
GRC,Λαδο,5
GRC,terea amb,5
GRC,αντιμο,5
GRC,πιστολάκι,5
GRC,De Cecco,5
GRC,mythod,5
GRC,σπαλ,5
GRC,sigarets,5
GRC,cup noodle,5
GRC,ρυζι μπασ,5
GRC,confi,5
GRC,nunu,5
GRC,ψωμοφρεσκο,5
GRC,χυμος αν,5
GRC,βουη,5
GRC,νακταρι,5
GRC,παγωθηκες,5
GRC,βαμμένα,5
GRC,πρωινά,5
GRC,αφρο ξυρισμ,5
GRC,μπριζολα μοσχαρισια,5
GRC,σφολιατιν,5
GRC,Φραου,5
GRC,bin ba,5
GRC,ετικ,5
GRC,σοκολάτα λ,5
GRC,olds,5
GRC,φέτες τυρ,5
GRC,ακτινίδι,5
GRC,αμυγαδ,5
GRC,dulca,5
GRC,lyster,5
GRC,χαλλούμι,5
GRC,pepsi cream,5
GRC,nescade,5
GRC,μπεμπιλινο,5
GRC,φετα κατ,5
GRC,βανολ,5
GRC,alpt,5
GRC,χρυσα αυ,5
GRC,σακπυλ,5
GRC,φρεα,5
GRC,γιαουρτοα,5
GRC,Σταφυλια,5
GRC,chokol,5
GRC,disinfectant spray,5
GRC,κωστηλατας,5
GRC,δελτα βρωμη,5
GRC,Απολ,5
GRC,Viacal,5
GRC,Holborn,5
GRC,chicken wi,5
GRC,γραβιερα τριμ,5
GRC,mary,5
GRC,marie,5
GRC,μαγκ,5
GRC,wet t,5
GRC,Ολυ,5
GRC,Αλεύρι ολικής,5
GRC,strawberry syrup,5
GRC,digestibe,5
GRC,πιπεριές φ,5
GRC,τυρί σκληρό,5
GRC,ζεχαρ,5
GRC,ντεπ,5
GRC,ruffles ketchup,5
GRC,πυρουνι,5
GRC,Κρεατίνη,5
GRC,ολυμπος κακαο,5
GRC,κοτοπουλο μ,5
GRC,bee brothers,5
GRC,Λακτόζη,5
GRC,moose,5
GRC,λαδω,5
GRC,magni,5
GRC,τσάι μαύρο,5
GRC,πεννεσ,5
GRC,σακουλα δωρ,5
GRC,wave,5
GRC,διαιτα,5
GRC,ζυμαρικα bio,5
GRC,εν ελ,5
GRC,σοκολάτα χωρίς ζαχαρη,5
GRC,buldal,5
GRC,Μλ,5
GRC,κερη,5
GRC,BIL,5
GRC,lurps,5
GRC,cream fre,5
GRC,γλυκα κ,5
GRC,brownie mix,5
GRC,φρηγα,5
GRC,baking pan,5
GRC,ψωμ τοστ,5
GRC,είδη καπ,5
GRC,καθαριστικο το,5
GRC,vanish spray,5
GRC,γαλα αμυγφαλου,5
GRC,chocolate cookies,5
GRC,τοιλ,5
GRC,powerrad,5
GRC,τοιχου,5
GRC,αμυγφ,5
GRC,onion rin,5
GRC,ferano,5
GRC,mosquito repellent,5
GRC,πσομι,5
GRC,τοςτ,5
GRC,κριθαράκι ολικης,5
GRC,Mozz,5
GRC,neef,5
GRC,τυρι pizza,5
GRC,σερβιετες cotton,5
GRC,bile,5
GRC,hand wipes,5
GRC,σουπες έτοιμες,5
GRC,heddar,5
GRC,πιάτα μιας χρήσης,5
GRC,σοκοφε,5
GRC,BILTON,5
GRC,σοκολάτα λευκή,5
GRC,briki,5
GRC,goat kefir,5
GRC,φπυντ,5
GRC,γάλα αγνο,5
GRC,κοτσοβ,5
GRC,τολης,5
GRC,pc,5
GRC,λευκή κουβ,5
GRC,σαφρ,5
GRC,φυστικοβουτηρπ,5
GRC,kremas,5
GRC,σαντορινη,5
GRC,μακαντεμια,5
GRC,Scrub,5
GRC,χυμός φράουλα,5
GRC,εφημεριδες,5
GRC,lurb,5
GRC,λαδερά,5
GRC,μεντες,5
GRC,βιδες ζυμαρικα,5
GRC,Coctel Cocktail Mojito Ready To Drink 1lt | My mar,5
GRC,delicates,5
GRC,gyn,5
GRC,glycol,5
GRC,κουομπουκ,5
GRC,prac,5
GRC,φυτική κρ,5
GRC,crutons,5
GRC,κρρας,5
GRC,μαγιοζ,5
GRC,μαρουλι σαλατα,5
GRC,αυγά  βιολογικά,5
GRC,soft βιταμ,5
GRC,Flower,5
GRC,Sprit,5
GRC,γιαοϋρτ,5
GRC,Πατάτε,5
GRC,βτομ,5
GRC,drink e,5
GRC,shampon held,5
GRC,υγροσαπο,5
GRC,μεζ,5
GRC,Χαρτοπε,5
GRC,γραφιερα,5
GRC,γιαούρτι βιολ,5
GRC,ταμπλέτες ρούχων,5
GRC,teqila,5
GRC,kids shampoo,5
GRC,παγωτο στεβι,5
GRC,μακαρ9,5
GRC,καφέ ελληνικό,5
GRC,γαπα,5
GRC,σιροπι σοκολα,5
GRC,υποδ,5
GRC,kitchen tissue,5
GRC,clearblu,5
GRC,vilenda,5
GRC,ζέ,5
GRC,μγλο,5
GRC,πάνες μαγιο,5
GRC,κωτ,5
GRC,Dust,5
GRC,cinnamon powder,5
GRC,Caesar's,5
GRC,δισκοι ν,5
GRC,pre wo,5
GRC,πετιμε,5
GRC,παξιμάδια χαρουπιού,5
GRC,γάμτια,5
GRC,jage,5
GRC,γιαουρτι complete,5
GRC,the bee bris,5
GRC,χαρτί κοθ,5
GRC,κουξ,5
GRC,κοτόπουλο φι,5
GRC,spirits,5
GRC,esm,5
GRC,φύλλα νορι,5
GRC,mult,5
GRC,κάπνικα,5
GRC,eed,5
GRC,dove tal,5
GRC,καστανή ζαχα,5
GRC,anti dandruff,5
GRC,aplro,5
GRC,τσαυ,5
GRC,tumer,5
GRC,σρα,5
GRC,τσμπον,5
GRC,σιδεροπ,5
GRC,ρπφημα,5
GRC,γάλα σογια,5
GRC,φραγκ,5
GRC,coffee creame,5
GRC,coca-col,5
GRC,κουβερτουρα χωρίς,5
GRC,φρεουλες,5
GRC,sweer,5
GRC,νάυλον,5
GRC,helll,5
GRC,κουφ,5
GRC,δρακουλίνια,5
GRC,katsi,5
GRC,τεριγ,5
GRC,crispy oni,5
GRC,vep,5
GRC,πιτες σου,5
GRC,leave in con,5
GRC,μπανανες βιο,5
GRC,πσγωτσ,5
GRC,ρυζογκοφετες,5
GRC,σάλτσα πίτσα,5
GRC,σακούλες μεγαλες,5
GRC,choco fresh,5
GRC,γλυκα κουτα,5
GRC,νυοματ,5
GRC,σπογγος,5
GRC,κιμσς,5
GRC,sanitas σακο,5
GRC,πλεξο,5
GRC,Γαλοπούλα βραστή,5
GRC,αντηκιακο,5
GRC,chips spicy,5
GRC,γαλοποουλα,5
GRC,ναπολ,5
GRC,γαρα,5
GRC,γενεθλιων,5
GRC,Μπαρμπα σταθης,5
GRC,parchme,5
GRC,orb,5
GRC,Βρεφικ,5
GRC,vegan φετα,5
GRC,Xero,5
GRC,τοδοπακι,5
GRC,γαλα νουμου,5
GRC,καιαρ,5
GRC,μπανάνας,5
GRC,φούρνος ψωμά,5
GRC,ΜΑΛΑΚΤ,5
GRC,azelaic,5
GRC,φρεσκα ζυμαρ,5
GRC,σιρόπι αγαυη,5
GRC,tricolore,5
GRC,γαλα συμπυκνωμενο,5
GRC,arabia,5
GRC,γραμ,5
GRC,Gnocchi,5
GRC,Vichy,5
GRC,φραοθ,5
GRC,κοτομπουκοε,5
GRC,πλυσ,5
GRC,Πουρέ,5
GRC,σκυλπς,5
GRC,banish,5
GRC,Pe,5
GRC,SA,5
GRC,χάρτινα πιατα,5
GRC,σουβερ,5
GRC,sex on the,5
GRC,τυτια,5
GRC,Ado,5
GRC,δυοσμοσ,5
GRC,ψωμί σταρένιο,5
GRC,ξυδι ρυ,5
GRC,sayoss,5
GRC,καφες ελληνικό,5
GRC,πρωινα,5
GRC,chalk,5
GRC,αντσου,5
GRC,αλοιματα,5
GRC,coffee maker,5
GRC,ακλ,5
GRC,γιαουρτι μεβγαλ,5
GRC,κρεμμυδι φρέσκο,5
GRC,οινόπνευμα κα,5
GRC,σάπου,5
GRC,chocomilk,5
GRC,rot,5
GRC,sobolos,5
GRC,γαλα σόγιας,5
GRC,protein almond,5
GRC,ded,5
GRC,churu,5
GRC,μυρτολα,5
GRC,τσιχκες,5
GRC,θηκη ρουχων,5
GRC,ασσυρτικο,5
GRC,φυδακ,5
GRC,πληνυ,5
GRC,απορρυπανυ,5
GRC,παρθζα,5
GRC,πιπερακ,5
GRC,αποτυ,5
GRC,aggoy,5
GRC,Ποτη,5
GRC,ξεβουλ,5
GRC,αυγα φρεσκα,5
GRC,σκοροκτον,5
GRC,exte,5
GRC,γυρος χοιρινος,5
GRC,yorgu,5
GRC,Johnson's,5
GRC,bread ara,5
GRC,Ποτα,5
GRC,ξδ,5
GRC,πρπονι,5
GRC,potao,5
GRC,βουυρο,5
GRC,γκρειπφ,5
GRC,ψωμι τοστ μαυρο,5
GRC,Φυλλα,5
GRC,τυροι,5
GRC,φυστικοβουρυ,5
GRC,μπρελοκ,5
GRC,planet μαλακτικο,5
GRC,φετες τυρ,5
GRC,valle,5
GRC,ξυραφαξ,5
GRC,κροθαρακι,5
GRC,παπτ,5
GRC,dalmon,5
GRC,lysterine,5
GRC,law,5
GRC,coleslow,5
GRC,μανεστρακι,5
GRC,Χρώμα ζαχαροπλαστικής,5
GRC,γιαουρτι βαν,5
GRC,Walnuts,5
GRC,Φου,5
GRC,γπ,5
GRC,γαύ,5
GRC,proceco,5
GRC,ανθρακουχο νεεο,5
GRC,fere,5
GRC,garnier fru,5
GRC,shv,5
GRC,κιχί,5
GRC,Hydration,5
GRC,παγωά,5
GRC,rama,5
GRC,κιμας μος,5
GRC,pomm,5
GRC,Παντζάρι,5
GRC,maybellinr,5
GRC,δμητριακα,5
GRC,βαμβακη,5
GRC,συλλεκτη,5
GRC,ταμπού,5
GRC,γκούντ,5
GRC,Agr,5
GRC,soupline spray,5
GRC,bernaise,5
GRC,Ρόδι,5
GRC,πρασινο κρ,5
GRC,sva,5
GRC,αλευρι σικαλης,5
GRC,σαλατσ,5
GRC,Κόλλα,5
GRC,αλατι σακουλα,5
GRC,akti,5
GRC,Παξιμα,5
GRC,ψωμι προζ,5
GRC,θραψ,5
GRC,razor blade,5
GRC,κφε,5
GRC,ολυμπος 9,5
GRC,piwer,5
GRC,χαρτ υγ,5
GRC,χαετι κουζινας,5
GRC,riot connex,5
GRC,anthot,5
GRC,head n,5
GRC,oantene,5
GRC,αναδ,5
GRC,sensodyne clinical,5
GRC,κριτσινοα,5
GRC,corre,5
GRC,υποβρύχια,5
GRC,δυσμο,5
GRC,pet ci,5
GRC,κιμάς κοτοπουλο,5
GRC,soda grape,5
GRC,αδιαβροχα,5
GRC,λιαστες ντομάτες,5
GRC,almond b,5
GRC,Wet wipe,5
GRC,ετοιμα γλυκα,5
GRC,κάμπο,5
GRC,chicken skewers,5
GRC,κατά των αλάτων,5
GRC,sevenu,5
GRC,παγωτό γι,5
GRC,minced meet,5
GRC,βεωμη,5
GRC,grip,5
GRC,tune,5
GRC,ΕΛΑΙΟ,5
GRC,mocte,5
GRC,τιραμισ,5
GRC,καρυδα τριμενη,5
GRC,Επιδο,5
GRC,garlic salt,5
GRC,fys,5
GRC,Κατσι,5
GRC,chicen,5
GRC,μοισκο,5
GRC,κατεψυγμένα θαλ,5
GRC,γιαουρτι 3,5
GRC,σαγιονάρ,5
GRC,Πιρούνια,5
GRC,septone,5
GRC,φτερού,5
GRC,παγωτο stevia,5
GRC,αναμι,5
GRC,todt,5
GRC,μασκα προς,5
GRC,σκολ,5
GRC,corria,5
GRC,flush,5
GRC,macade,5
GRC,presunto,5
GRC,ακορ,5
GRC,ρέγγ,5
GRC,αλεύρι για τσουρέκι,5
GRC,ΜΟ,5
GRC,αρτοσκ,5
GRC,oral-,5
GRC,frozen food,5
GRC,σναλ,5
GRC,φαωα,5
GRC,λουκουμά,5
GRC,Chocol,5
GRC,ψοττ,5
GRC,αδιαβροχες,5
GRC,ζάχαρη καστ,5
GRC,βουτυρογαλα,5
GRC,βεζυρο,5
GRC,ωαρ,5
GRC,dina,5
GRC,Κύβος,5
GRC,κακαι,5
GRC,skip wo,5
GRC,τεριακ,5
GRC,παγωτο ο,5
GRC,Μοτσαρ,5
GRC,jumbo chi,5
GRC,Τσίχλ,5
GRC,swl,5
GRC,batto,5
GRC,veni,5
GRC,ταπερακια,5
GRC,φορές,5
GRC,σαλατα πρασινη,5
GRC,eggz,5
GRC,cranv,5
GRC,αλαυι,5
GRC,σωσίβια,5
GRC,ντοματοπολτός,5
GRC,balsamic glaze,5
GRC,kapa,5
GRC,24αδα,5
GRC,nounou k,5
GRC,μεριδες γαλα,5
GRC,ογκος,5
GRC,face m,5
GRC,κασσι,5
GRC,μπανάνες bio,5
GRC,παταρακι,5
GRC,aqua panna,5
GRC,σακουλες σκουπιδιων xl,5
GRC,καρπουζι ασπορο,5
GRC,ΠΟΠ,5
GRC,fountounia,5
GRC,gk,5
GRC,ID,5
GRC,tbone,5
GRC,coca cola 500ml,5
GRC,pamers,5
GRC,μεβρ,5
GRC,sandwit,5
GRC,πιτά,5
GRC,φύλλο δάφνης,5
GRC,STARBUCKS,5
GRC,πλαστικες,5
GRC,Nou,5
GRC,πίτα ολικής,5
GRC,υγρό πατωμ,5
GRC,πσα,5
GRC,ketshup,5
GRC,lilet,5
GRC,maion,5
GRC,karelia slims,5
GRC,mars ice,5
GRC,εμμεντ,5
GRC,κορν φλάουρ,5
GRC,ααλτ,5
GRC,delika,5
GRC,desser,5
GRC,Σουρ,5
GRC,καφουλες,5
GRC,γιαουρτι χωρις λακτοζ,5
GRC,dercos,5
GRC,ατμισμα,5
GRC,martini asti,5
GRC,grabe,5
GRC,κουλουρι θες,5
GRC,lurpar,5
GRC,Ελαιο,5
GRC,water box,5
GRC,ρολό υγειας,5
GRC,spray hair,5
GRC,κλλ,5
GRC,tomato padte,5
GRC,σοκοφρετς,5
GRC,παγωτο ατομικο,5
GRC,mqgic,5
GRC,difuser,5
GRC,χρυσή κασετίνα,5
GRC,σωλομός,5
GRC,νιφάδες καλαμποκιού,5
GRC,σακοθλ,5
GRC,energy bars,5
GRC,χψμι,5
GRC,ξυδι ρυζ,5
GRC,Υγρό πιατων,5
GRC,αση,5
GRC,mozarr,5
GRC,φρουι ζελ,5
GRC,loukanika,5
GRC,βύσινο,5
GRC,fish sau,5
GRC,plantbased,5
GRC,Tortillas,5
GRC,σκρδ,5
GRC,souffle,5
GRC,aftersu,5
GRC,σόδα πλυ,5
GRC,orenge,5
GRC,gus,5
GRC,τυροσαλατ,5
GRC,Γαρι,5
GRC,maltizers,5
GRC,hana,5
GRC,δηνητρ,5
GRC,easy ho,5
GRC,νεκτατ,5
GRC,πινδος φιλετο,5
GRC,κια,5
GRC,Ζυμη,5
GRC,σχολικά,5
GRC,κρεατί,5
GRC,mayo ketchup,5
GRC,υαλ,5
GRC,mrs rose,5
GRC,Garbage bags,5
GRC,μακαρονια λιγκουινι,5
GRC,el sal,5
GRC,πθπερια,5
GRC,hygi,5
GRC,κρέμα συγκαματος,5
GRC,φπυ,5
GRC,starbuckd,5
GRC,cr2,5
GRC,δτα,5
GRC,corn flow,5
GRC,λεωαντα,5
GRC,Αποσμητι,5
GRC,της μαρως,5
GRC,σαμοο,5
GRC,detool,5
GRC,ηχειο,5
GRC,guakamole,5
GRC,wui,5
GRC,τριαντ,5
GRC,κανακι,5
GRC,σικαλεως,5
GRC,Αμυ,5
GRC,la c,5
GRC,ανοιχτηρι κρασιου,5
GRC,katsik,5
GRC,σοκολατα στα,5
GRC,λάστιχα,5
GRC,fleur,5
GRC,beries,5
GRC,sweet n,5
GRC,κολυμβησης,5
GRC,συζογκοφρετες,5
GRC,λευκοπλ,5
GRC,καθαριστικά σπιτιού,5
GRC,τροφη για γα,5
GRC,παξιν,5
GRC,κουπατ,5
GRC,σοδα πλυντηριου,5
GRC,φέτα ποπ,5
GRC,λεβέτη,5
GRC,thee,5
GRC,arla cott,5
GRC,δοσομε,5
GRC,ααλατες,5
GRC,Gordon blu,5
GRC,ice tea 1l,5
GRC,red velv,5
GRC,χλωρίνη πλ,5
GRC,αγελαδινο γιαουρτι,5
GRC,παγωτο mag,5
GRC,d3,5
GRC,μουστοκουλ,5
GRC,σαλατεα,5
GRC,πρασινες πιπεριες,5
GRC,μαγνητ,5
GRC,panac,5
GRC,wash face,5
GRC,silc,5
GRC,κοκκινα φρουτα,5
GRC,Reg,5
GRC,CT,5
GRC,digestive μπαρες,5
GRC,tomato pastr,5
GRC,ελιες ροδελ,5
GRC,almond f,5
GRC,Μοσχαρ,5
GRC,σάλτσα σογ,5
GRC,νακταρινια,5
GRC,σακουλες μ,5
GRC,κρεμες προ,5
GRC,terea y,5
GRC,λουμίδη,5
GRC,direc,5
GRC,γενικής,5
GRC,ψωμι χοτ,5
GRC,ΜΠΑΝΑ,5
GRC,icecream oreo,5
GRC,κιυκακη,5
GRC,lactosefree,5
GRC,παγωτο χωρις λακτοζη,5
GRC,ice cream zero sugar,5
GRC,βρβμη,5
GRC,μπυρα kaiser,5
GRC,Ζυμαρι,5
GRC,γραβιερα τρι,5
GRC,κρουασσ,5
GRC,φέτα τυ,5
GRC,Ket,5
GRC,κιλο,5
GRC,cofff,5
GRC,παγτο,5
GRC,ασευον,5
GRC,rwd,5
GRC,ηλιόσπορους,5
GRC,σρρβι,5
GRC,λημνου,5
GRC,βατονέτες,5
GRC,drpepper,5
GRC,μπλε τρακτέρ,5
GRC,hot dog bread,5
GRC,soda w,5
GRC,μοτζα,5
GRC,βρωμη βιο,5
GRC,λιναροσπορ,5
GRC,two,5
GRC,black hair,5
GRC,δισκια,5
GRC,Ντοματακι,5
GRC,μαλακό τυρί,5
GRC,yogurt strawberry,5
GRC,ice crr,5
GRC,kalima,5
GRC,κοτοοουλο,5
GRC,ντατινια,5
GRC,mocarella,5
GRC,Jogurt,5
GRC,chickr,5
GRC,paulane,5
GRC,ψωμί γερ,5
GRC,σικολατες,5
GRC,Μπολ,5
GRC,αθο,5
GRC,laudry,5
GRC,ζαμπονοτυ,5
GRC,nan ar,5
GRC,φυτιλι,5
GRC,αποστο,5
GRC,sudocre,5
GRC,llo,5
GRC,μαιντς,5
GRC,bath sponge,5
GRC,noynoy light,5
GRC,παεμ,5
GRC,φακω,5
GRC,ayg;a,5
GRC,ακτιβια,5
GRC,Betty crocker,5
GRC,dewa,5
GRC,σοκολάτα π,5
GRC,mozzerela,5
GRC,taid,5
GRC,κοτοποτα,5
GRC,τυεοπ,5
GRC,κοκκινη σα,5
GRC,νατς,5
GRC,νερό βικος,5
GRC,γιαουρτι β,5
GRC,ζημη,5
GRC,αποσταγ,5
GRC,juice life,5
GRC,softlan,5
GRC,λουη,5
GRC,φετα κα,5
GRC,κάλτ,5
GRC,σπιρουλινα,5
GRC,γιαουρο,5
GRC,ξυριστική,5
GRC,ρύζι basma,5
GRC,ρωσικο,5
GRC,nie,5
GRC,pampers no 2,5
GRC,pampers μωρομαντηλα,5
GRC,ξυνό νε,5
GRC,σερβιετες α,5
GRC,παγωτα χ,5
GRC,Μηλοξ,5
GRC,eggwhite,5
GRC,υγεινα,5
GRC,τυριπ,5
GRC,τρίχες,5
GRC,βαφες μαλ,5
GRC,σαλατα ιταλικη,5
GRC,χαρτί wc,5
GRC,πανες νουμερο,5
GRC,μετο,5
GRC,τυρί για τ,5
GRC,λαλα,5
GRC,ζημαρ,5
GRC,οδοντοφ,5
GRC,κρέμα πρ,5
GRC,για την τουαλέτα,5
GRC,mocho,5
GRC,terea soft fuse,5
GRC,βελονα,5
GRC,ΤΡΟΥΦΑ,5
GRC,αποσμητικό roll,5
GRC,schampoo,5
GRC,lizis,5
GRC,Noulac,5
GRC,πεκιρινο,5
GRC,μαστο,5
GRC,νεξταρινια,5
GRC,frozen you,5
GRC,mussel,5
GRC,απομητικο,5
GRC,παγωτο pl,5
GRC,beer 0%,5
GRC,προβειο ελαφρυ,5
GRC,νερομπα,5
GRC,ΛΕΜΟΝΙ,5
GRC,σπαλομιτα,5
GRC,κικνο,5
GRC,μακαρονια 2,5
GRC,γεαβιερα,5
GRC,coffee lab,5
GRC,μανιρ,5
GRC,εγκυμο,5
GRC,σοκοφρςτα,5
GRC,υγρά μαντήλια,5
GRC,περγαμοντο,5
GRC,καλυσες,5
GRC,μελιτζανοσαλ,5
GRC,ψωμι του τοστ ολικης,5
GRC,γαλα φυτι,5
GRC,σαλς,5
GRC,τυρι χαμη,5
GRC,Ben je,5
GRC,πάνες 6,5
GRC,çikolata,5
GRC,δημητρθ,5
GRC,γιαουρτι αμερ,5
GRC,φτουτ,5
GRC,medicune,5
GRC,makeup remo,5
GRC,κατεψυγμένες φραουλες,5
GRC,φτεσκ,5
GRC,γιαουρτι αγελαδινο,5
GRC,τυριτοστ,5
GRC,σιλικονης,5
GRC,γαλα κατσικισιο βιο,5
GRC,Ριγανη,5
GRC,Swe,5
GRC,πιπερη,5
GRC,tressem,5
GRC,fix beer,5
GRC,Κρασιά,5
GRC,oxygen,5
GRC,camomille,5
GRC,almy,5
GRC,piro,5
GRC,σαλατες ετ,5
GRC,μπσνα,5
GRC,χταποδ,5
GRC,Gillette fusion,5
GRC,WC,5
GRC,ανθη,5
GRC,metaca,5
GRC,δηνητρια,5
GRC,στσα,5
GRC,ζαχαροκ,5
GRC,skip spring,5
GRC,μαλακτικη μα,5
GRC,παντεσ,5
GRC,fitm,5
GRC,Pudd,5
GRC,wager,5
GRC,φαγε 2%,5
GRC,muli,5
GRC,σιροπι σο,5
GRC,μπρουσ,5
GRC,αγγουροα,5
GRC,face lotion,5
GRC,LAYS,5
GRC,Baking soda,5
GRC,Βούρτσα,5
GRC,ηβη go,5
GRC,mariboro,5
GRC,μαγερι,5
GRC,Ανοιχτήρι,5
GRC,Αποσμινη,5
GRC,τσιγάρα ma,5
GRC,παρπ,5
GRC,ρυζογκοφρετεσ,5
GRC,nutreat,5
GRC,ψωμί βιο,5
GRC,arugala,5
GRC,froika,5
GRC,ασετι,5
GRC,chillie,5
GRC,coconut cr,5
GRC,κρεμπ,5
GRC,πράσινο σ,5
GRC,σιδεροστρα,5
GRC,γαρυφαλλο σκονη,5
GRC,αγγιναρ,5
GRC,hugg,5
GRC,καθημερινά,5
GRC,κρασι κο,5
GRC,sle,5
GRC,τυρί.,5
GRC,axe cherry,5
GRC,drinking water,5
GRC,toe,5
GRC,μακαρονις,5
GRC,λουκάνικα φ,5
GRC,αροσι,5
GRC,αλατι σακου,5
GRC,srptona,5
GRC,ζωμος κοτ,5
GRC,Coke z,5
GRC,μαιβτανο,5
GRC,σοκολατα υγριας,5
GRC,horse,5
GRC,pipeline,5
GRC,wet wips,5
GRC,παρμενα,5
GRC,γιαουτυι,5
GRC,σιζ,5
GRC,Νουνού γάλα συμπυκνωμένο,5
GRC,σαπούνι χεριω,5
GRC,avan,5
GRC,σιροπι παγωτου,5
GRC,εφημεριδα,5
GRC,αριανο,5
GRC,ευαισθητα ρουχα,5
GRC,αλεύρι ρεβ,5
GRC,πίπε,5
GRC,σερβιετες ακρα,5
GRC,τορτογ,5
GRC,ΤΣΙΓ,5
GRC,τυρι παρμε,5
GRC,ντοματες βιολογικες,5
GRC,λουκανοπιτάκια,5
GRC,teree,5
GRC,chou,5
GRC,cottqge,5
GRC,frozen c,5
GRC,βερύκοκ,5
GRC,lagav,5
GRC,ελληνικοε,5
GRC,μουσ σοκολατας,5
GRC,tew,5
GRC,magnisium,5
GRC,Pen,5
GRC,υφασματα,5
GRC,hot peper,5
GRC,brue,5
GRC,frenc,5
GRC,πάνες νο,5
GRC,power ban,5
GRC,preside,5
GRC,kitchen spray,5
GRC,ξηρα τροφ,5
GRC,milk protein,5
GRC,μουταρδα,5
GRC,καρυδοψι,5
GRC,κοτστζ,5
GRC,ριζοκοφ,5
GRC,Εμφιαλωμένο,5
GRC,betad,5
GRC,facial wash,5
GRC,face masks,5
GRC,βοδι,5
GRC,σοκολάτα stevia,5
GRC,ηαλο,5
GRC,φυλλο σφολιατας,5
GRC,Δισκοι,5
GRC,σνηθος,5
GRC,υγρό για σφουγγαρισμα,5
GRC,λαδοκουλουρα,5
GRC,πατατες κατεψυ,5
GRC,swim diaper,5
GRC,τυρι νηστι,5
GRC,πορτοκαλόπιτα,5
GRC,kromb,5
GRC,garnier ambre,5
GRC,γιαούρτι 1.5,5
GRC,viet,5
GRC,gf,5
GRC,nappy,5
GRC,kechap,5
GRC,iatly,5
GRC,markies,5
GRC,πατάτες για,5
GRC,toiletp,5
GRC,Leno,5
GRC,μπρικο,5
GRC,γιαούρτι φ,5
GRC,υποσέντο,5
GRC,All bran,5
GRC,ψιλικα,5
GRC,discount,5
GRC,lash glue,5
GRC,cast,5
GRC,protein yogur,5
GRC,νπυρα,5
GRC,Πορτοκα,5
GRC,0% beer,5
GRC,σουτζουκ,5
GRC,φαγητου,5
GRC,aloe premium,5
GRC,υπάρχει μια,5
GRC,κωσταρέ,5
GRC,afor,5
GRC,ρυζι agr,5
GRC,μπυρα μαμος,5
GRC,αραβοσιτελαι,5
GRC,γοαπυρτι,5
GRC,sun loli,5
GRC,κτου,5
GRC,καπνός old,5
GRC,σοκολάτα κουβ,5
GRC,um,5
GRC,σπρέι για κουνουπια,5
GRC,fresh sna,5
GRC,τριμμενη φρ,5
GRC,γιαουρτι bio,5
GRC,bluberrie,5
GRC,σοκολάτα ροφ,5
GRC,μακαρονια μ,5
GRC,τυρι ηπειρ,5
GRC,total γιαούρτι,5
GRC,σιρμ,5
GRC,γεροβασ,5
GRC,hot chocolat,5
GRC,μπύρα fix,5
GRC,Μπαλόνι,5
GRC,πιπέρι μυλος,5
GRC,ψωμί ψιχα,5
GRC,σακούλες μεσαίες,5
GRC,Pants,5
GRC,βερνικο,5
GRC,red v,5
GRC,zampon,5
GRC,kalamari,5
GRC,κοτομππυ,5
GRC,negron,5
GRC,αρτοσκευ,5
GRC,σακουλια,5
GRC,λουράκια,5
GRC,nirvama,5
GRC,chek,5
GRC,aloe v,5
GRC,17,5
GRC,μαμιτ,5
GRC,γάλα ζαχαρ,5
GRC,ICE,5
GRC,απεστα,5
GRC,φακρ,5
GRC,mpou,5
GRC,τικ,5
GRC,λουκενικα,5
GRC,mand,5
GRC,υγρο καθαρισμ,5
GRC,τιγκατονι,5
GRC,the beebros,5
GRC,φιλετο κ,5
GRC,kase,5
GRC,φρεςκου,5
GRC,Gou,5
GRC,γλυκοζ,5
GRC,ποτήρι θερμός,5
GRC,Πιτάκια,5
GRC,ταραμοσαλ,5
GRC,ξηρούς κ,5
GRC,heavy cre,5
GRC,βλθ,5
GRC,βουρυτο,5
GRC,coconut o,5
GRC,fuant,5
GRC,ΚΕ,5
GRC,cheese hard,5
GRC,κυβο κοτας,5
GRC,Μελιτζ,5
GRC,mocharella,5
GRC,bioshout,5
GRC,Johhnie,5
GRC,ρυζογκοφρετες ριγανη,5
GRC,lata,5
GRC,μαύρο ρύζι,5
GRC,LA vache,5
GRC,tassim,5
GRC,ψωμί ολικ,5
GRC,τυρι φυτικο,5
GRC,бритва,5
GRC,famozo,5
GRC,ΧΑΡΤΟΠ,5
GRC,yogyrt,5
GRC,halu,5
GRC,dettol wipes,5
GRC,avica,5
GRC,Marlborough,5
GRC,καθαριστικά πατώματος,5
GRC,τοματινα,5
GRC,μαρμελάδα χωρ,5
GRC,ΚΑΡΠΟΥΖΙ,5
GRC,φαγα,5
GRC,κυπελακια,5
GRC,πιπεειες,5
GRC,μπυρα heineken,5
GRC,πορε,5
GRC,ακουμινοχαρτο,5
GRC,vapi,5
GRC,ομπρελες,5
GRC,γιαουρτια 2,5
GRC,Maltesers,5
GRC,κομματακια σο,5
GRC,Plan(e)t Παγωτ,5
GRC,haribos,5
GRC,viakql,5
GRC,souine,5
GRC,Κάψουλες καφέ,5
GRC,μπατονετεα,5
GRC,kost,5
GRC,φρυγανιες χωρ,5
GRC,κουτακια,5
GRC,toilet duck,5
GRC,supp,5
GRC,cidre,5
GRC,faury,5
GRC,μεγαλωμω,5
GRC,ωουτ,5
GRC,ταου,5
GRC,προστατε,5
GRC,μακαρονια πρ,5
GRC,φιλαδέλ,5
GRC,νιυν,5
GRC,souplibe,5
GRC,αλκοολούχος λοσιόν,5
GRC,johno,5
GRC,speite zero,5
GRC,γαλομυ,5
GRC,diapers 7,5
GRC,απορρυπαντικι,5
GRC,fg,5
GRC,breakf,5
GRC,συερ,5
GRC,mokta,5
GRC,ευρηκα baby,5
GRC,σφουγγάρι σώματος,5
GRC,ουίσκυ,5
GRC,αρωματικο σπρει,5
GRC,compo,5
GRC,καλαμ´οκι,5
GRC,πιλάφι,5
GRC,adhesive,5
GRC,τσαντες θαλασσης,5
GRC,ion protein haze,5
GRC,loundry,5
GRC,ψωμι τοσο,5
GRC,adca,5
GRC,παξιμαδια βρωμης,5
GRC,bio a,5
GRC,Γκοφρετες,5
GRC,μανιυ,5
GRC,my marker,5
GRC,κρουαδα,5
GRC,καθαριστικό πιατων,5
GRC,λευκο τυρο,5
GRC,pappardelle,5
GRC,παατακια,5
GRC,τριαντάφυλλα,5
GRC,μπισκότα χωρίς ζαχ,5
GRC,άσπρο μαύρο,5
GRC,σωλην,5
GRC,pull ups,5
GRC,για σκυλους,5
GRC,cola 1.5,5
GRC,φρέσ,5
GRC,nestle dessert,5
GRC,ono,5
GRC,detril,5
GRC,φαγητό δοχείο,5
GRC,power aid,5
GRC,saurkraut,5
GRC,mamis,5
GRC,xinomavro,5
GRC,1 2 3,5
GRC,παγωρα,5
GRC,αυγα xl,5
GRC,9 φρούτα,5
GRC,ποτισμ,5
GRC,Ador,5
GRC,banana bio,5
GRC,Νερό για σίδερο,5
GRC,μιυ,5
GRC,φυστιβ,5
GRC,αναπτυρες,5
GRC,τσαγια,5
GRC,biotem,5
GRC,χωνακια για,5
GRC,παστιλι,5
GRC,αφρουλ,5
GRC,γιαούρτακ,5
GRC,φυτικο επιδορπιο,5
GRC,brine,5
GRC,τυρί για μακαρ,5
GRC,confom,5
GRC,κρέμα βανι,5
GRC,"1,2 bake",5
GRC,κάστανο ρυζι,5
GRC,procuitto,5
GRC,βοσινά,5
GRC,σναψυ,5
GRC,strea,5
GRC,χωρις λακτοχη,5
GRC,πεινιρ,5
GRC,χαρτοπρ,5
GRC,pomod,5
GRC,finn cri,5
GRC,Apple sauce,5
GRC,μπιφτρκι,5
GRC,σοδα π,5
GRC,σκονι,5
GRC,γλειφιτζουρ,5
GRC,κεραμικ,5
GRC,φετο,5
GRC,mrgrand,5
GRC,φραουλεα,5
GRC,πλαστικη,5
GRC,εντομοκτωνο,5
GRC,πατατες mc,5
GRC,γάλα πλ,5
GRC,checken,5
GRC,σελιδο,5
GRC,αλεύρι α,5
GRC,karr,5
GRC,ψωμι ζ,5
GRC,για πιάτα,5
GRC,αλεύρι ο,5
GRC,Κοτομπουκες,5
GRC,βητα,5
GRC,ξυνό νερ,5
GRC,εοδακι,5
GRC,σάλτσα για πιτσα,5
GRC,rise up,5
GRC,nesr,5
GRC,fit meal,5
GRC,χυμό πο,5
GRC,αυτοκολλη,5
GRC,γκυκοξινη,5
GRC,πλαστελί,5
GRC,σαντπυιτς,5
GRC,kanakis,5
GRC,xaloumi,5
GRC,Swif,5
GRC,σκιρ,5
GRC,Μάσκες,5
GRC,προβριο,5
GRC,επιδε,5
GRC,πατσάς,5
GRC,στρατσ,5
GRC,Τς,5
GRC,μακαρονια νο10,5
GRC,vegan mochi,5
GRC,ψωμι του τπστ,5
GRC,espee,5
GRC,ki der,5
GRC,protein.,5
GRC,pholad,5
GRC,Mozza,5
GRC,σςε,5
GRC,πανες 8,5
GRC,ladyfi,5
GRC,starbac,5
GRC,marvel,5
GRC,ζωμός κοτόπουλου,5
GRC,μακαρονια για πα,5
GRC,βανικιες,5
GRC,εστραγκ,5
GRC,σοκολάτα σταγονες,5
GRC,σκόνη σκό,5
GRC,dirollo co,5
GRC,μπισκοτα γε,5
GRC,heat protection,5
GRC,collagen smoothie,5
GRC,Βίκος κόλα,5
GRC,sea sal,5
GRC,λευκό κ,5
GRC,ΡΥΖΟΓ,5
GRC,κουβερρ,5
GRC,putina,5
GRC,make up remove,5
GRC,ruo,5
GRC,cherrios,5
GRC,lollipo,5
GRC,Χωνακια,5
GRC,παξιναδι,5
GRC,ρυζι a,5
GRC,τόνος καπνιστός,5
GRC,kaisee,5
GRC,ξρεας,5
GRC,εμφιαλωμένο νερο,5
GRC,olive ol,5
GRC,breakfast bar,5
GRC,pacifier,5
GRC,nivea roll,5
GRC,πατάτες κατεψυγ,5
GRC,γαλα φρες,5
GRC,λει,5
GRC,babyllino,5
GRC,Am,5
GRC,λεμονηα,5
GRC,φορμακι,5
GRC,παιδικη τροφη,5
GRC,cino,5
GRC,νερ9,5
GRC,γάλα free,5
GRC,semi skimmed milk,5
GRC,οτοασπ,5
GRC,παγωτό γ,5
GRC,σφουγγαρι μπ,5
GRC,ουροσυλλεκτης,5
GRC,αλατι ξυδι,5
GRC,Phil's,5
GRC,coffee berr,5
GRC,γυαλινο νερο,5
GRC,μαλακτικο λεβαντα,5
GRC,μπάρα πρωτεινης,5
GRC,βουτημα,5
GRC,αρακσ,5
GRC,σακουλες χαλια,5
GRC,garluc,5
GRC,parb,5
GRC,κεφαλοτυρι τριμμενο,5
GRC,πετιμέζι,5
GRC,παπαδοπουλου γεμιστα,5
GRC,Brazilian nuts,5
GRC,laselva,5
GRC,ρεβίθι,5
GRC,nescafé,5
GRC,μάρ,5
GRC,Peppa,5
GRC,τπρ,5
GRC,Sand,5
GRC,biscut,5
GRC,γιαούρτι νο,5
GRC,ανταλακ,5
GRC,mini bu,5
GRC,πυρε,5
GRC,σελιβο,5
GRC,gouda bar,5
GRC,μπουκαλακια νερο,5
GRC,σκουποξ,5
GRC,κωνο,5
GRC,hh,5
GRC,passarela,5
GRC,courge,5
GRC,μπαρα σαπουνι,5
GRC,κρεμα καρυδ,5
GRC,hella,5
GRC,protein δημητριακά,5
GRC,μπλοκ τουαλετας,5
GRC,σφουγγαρι σω,5
GRC,Βατόμουρα,5
GRC,After,5
GRC,σπυρακι,5
GRC,καθαριστικό μπάνιου,5
GRC,fenist,5
GRC,pampers pants 4,5
GRC,περιπτε,5
GRC,le Petit,5
GRC,αυγοτ,5
GRC,διαφανης,5
GRC,ποδοσφ,5
GRC,contit,5
GRC,dove σαπούνι,5
GRC,κρέμες σ,5
GRC,γιαούρτι adva,5
GRC,chicken cubes,5
GRC,αμη,5
GRC,καθαριστικο τουαλ,5
GRC,brilla,5
GRC,μελι αττ,5
GRC,ρέγ,5
GRC,μουσταλε,5
GRC,wvery,5
GRC,αποσμητικο roll,5
GRC,ıce tea,5
GRC,πίτσες 3,5
GRC,babygel,5
GRC,τορττ,5
GRC,Μπριζολα,5
GRC,πλασικα,5
GRC,parn,5
GRC,φροι,5
GRC,vag,5
GRC,texas,5
GRC,chichen,5
GRC,Ηλιελ,5
GRC,παγωτα οικο,5
GRC,jonso,5
GRC,Dettol spray,5
GRC,μουσταρφ,5
GRC,λουκάνικα κοτόπουλο,5
GRC,fem,5
GRC,μακαρονια παστιτ,5
GRC,κρεμα φ,5
GRC,κεου,5
GRC,camel ac,5
GRC,σαπουνι πρασινο,5
GRC,μπιστοτα,5
GRC,αμμος γατ,5
GRC,κεχαπ,5
GRC,δικκοκο,5
GRC,dura,5
GRC,egg whit,5
GRC,ξηραφα,5
GRC,γάλα κατσικί,5
GRC,corn d,5
GRC,λαμπτήρας,5
GRC,coca coka,5
GRC,μποξ,5
GRC,γάλα φρεσκ,5
GRC,lorral,5
GRC,whitenin,5
GRC,ολικης ψωμι,5
GRC,α οκα,5
GRC,ΧΑΡΤΟΠΕ,5
GRC,καλλυν,5
GRC,σακουλα δω,5
GRC,buon,5
GRC,Monst,5
GRC,xoxo,5
GRC,strained yogurt,5
GRC,χλωρινες,5
GRC,ζωακια,5
GRC,χαττ,5
GRC,κατσικιο,5
GRC,φακα,5
GRC,κομματια σοκολατα,5
GRC,deoder,5
GRC,μακαρονια με,5
GRC,φυλλο σφολιατα,5
GRC,green moctails,5
GRC,Σκόνη πλυντηρίου,5
GRC,eiste,5
GRC,protect,5
GRC,κτήμα αλφα,5
GRC,hellmann's,5
GRC,Diges,5
GRC,χιμου,5
GRC,Καραμέλες,5
GRC,coconaut,5
GRC,hot p,5
GRC,chiva,5
GRC,crispy oil,5
GRC,second skin,5
GRC,terrea tu,5
GRC,φρεσκουλις,5
GRC,persl,5
GRC,θηκες για,5
GRC,pavlid,5
GRC,σαλτσα pizza,5
GRC,χυμος λεμόνι,5
GRC,vasi,5
GRC,καψουλες espre,5
GRC,γαριδάρες,5
GRC,milk 500ml,5
GRC,πράσινο σαπου,5
GRC,κιρκη,5
GRC,talia,5
GRC,Κους,5
GRC,ουπα,5
GRC,χανζα,5
GRC,γάλα βι,5
GRC,gel douche,5
GRC,σοκολατα 100,5
GRC,cazol,5
GRC,λιχουδι,5
GRC,μαυργ,5
GRC,haribou,5
GRC,kong,5
GRC,νερο 1l,5
GRC,καθαριστο,5
GRC,τονος τρατα,5
GRC,αρβ,5
GRC,κραγι,5
GRC,νιταμ,5
GRC,pink stu,5
GRC,ξεβο,5
GRC,επιδορπιο γι,5
GRC,papay,5
GRC,Nach,5
GRC,ελιες κ,5
GRC,ΚΟΤΙΝΟ,5
GRC,flair co,5
GRC,coxonut,5
GRC,γαιο,5
GRC,peanut butte,5
GRC,μασχαλ,5
GRC,karpuz,5
GRC,παταταες,5
GRC,Ταψί,5
GRC,μπιφτεκι κοτόπουλο,5
GRC,dogestive,5
GRC,γαλα αμυγδαλιυ,5
GRC,γιαούρτι ρο,5
GRC,αλάτο,5
GRC,Sala,5
GRC,γλυκο κερασι,5
GRC,παταρε,5
GRC,πανες θαλασσης,5
GRC,torri,5
GRC,skir,5
GRC,Heat protect,5
GRC,gali,5
GRC,μύλοι,5
GRC,απιονισμένο νερο,5
GRC,πράσινο τσ,5
GRC,tann,5
GRC,form,5
GRC,γρο,5
GRC,tamb,5
GRC,ochonos,5
GRC,procutto,5
GRC,wether,5
GRC,fage 5%,5
GRC,μπυρα νυμφη,5
GRC,alh,5
GRC,derr,5
GRC,ελιεα,5
GRC,mulner,5
GRC,τηγανιτές,5
GRC,lola,5
GRC,ψωμι γι,5
GRC,δαμάσκηνο,5
GRC,Κρεμμυδακια,5
GRC,woochi,5
GRC,patces,5
GRC,philladelphia,5
GRC,λαδικολ,5
GRC,sparklimg,5
GRC,jiuce,5
GRC,παγωτο ξυλα,5
GRC,chocokate,5
GRC,busco,5
GRC,χελμος,5
GRC,sanni,5
GRC,Mac cheese,5
GRC,γιαουρτι πρωτε,5
GRC,vitago,5
GRC,ρηγαν,5
GRC,τυρί γαλοπουλα,5
GRC,ατομικά,5
GRC,dustpan,5
GRC,παγς,5
GRC,σακουλες αποθη,5
GRC,τοματοχυμό,5
GRC,love milk,5
GRC,dauce,5
GRC,fert,5
GRC,biscuit chocolate,5
GRC,MO,5
GRC,harivo,5
GRC,nav,5
GRC,protein melissa,5
GRC,γλυκό του κουτ,5
GRC,κοτομποθκιες,5
GRC,τυρι ρεγκατο,5
GRC,vegan n,5
GRC,coca. ola,5
GRC,Tsanos,5
GRC,saw,5
GRC,Bombay,5
GRC,τυρι co,5
GRC,churney,5
GRC,λαδι μαυρι,5
GRC,οδοντοξ,5
GRC,Kr,5
GRC,αποξυρ,5
GRC,babylino no6,5
GRC,Πάστα,5
GRC,Jelly,5
GRC,area pro,5
GRC,green b,5
GRC,Wett,5
GRC,βούτυρο κατσικίσιο,5
GRC,pantenw,5
GRC,κασερι τριμμ,5
GRC,ξερη,5
GRC,elive,5
GRC,τιρο,5
GRC,ψωμί φετες,5
GRC,οζες,5
GRC,αχλαδο,5
GRC,τρπ,5
GRC,oil sunflower,5
GRC,σολομος καπ,5
GRC,tuna in water,5
GRC,cien,5
GRC,λατι,5
GRC,Gu,5
GRC,natto,5
GRC,owt,5
GRC,garnier mi,5
GRC,λεκάν,5
GRC,hagen dazs,5
GRC,τυρι γετες,5
GRC,pulp,5
GRC,veev blue,5
GRC,tropic,5
GRC,fit & slim,5
GRC,brumisa,5
GRC,cat wet food,5
GRC,κατσικίσιο βιο,5
GRC,Μπισκότα χωρίς ζάχαρη,5
GRC,κορδονι,5
GRC,ήλιον,5
GRC,συμπυκνωμένο γαλα,5
GRC,cheese puff,5
GRC,Όλυμπος 2,5
GRC,Mr b,5
GRC,παγωτα lotus,5
GRC,σημειω,5
GRC,Γιαυρ,5
GRC,adoro l,5
GRC,σάντου,5
GRC,συρόπι,5
GRC,βαφγ,5
GRC,τριμμενο light,5
GRC,αφρον,5
GRC,υγρά μαντιλάκια,5
GRC,κρρα,5
GRC,chili f,5
GRC,cotyage,5
GRC,καλαμπογκοφρέτα,5
GRC,κοτοπουλο φέτες του τοστ,5
GRC,ouzi,5
GRC,απορρυπαντικο ε,5
GRC,ultrwx,5
GRC,air we,5
GRC,μαλακτικη μαλ,5
GRC,μυρμή,5
GRC,seiracha,5
GRC,nm,5
GRC,ΕΤΟΙΜΑ,5
GRC,Άμστελ,5
GRC,τυτο,5
GRC,nova,5
GRC,ΠΑΥΛΙΔΗΣ,5
GRC,decaf coffee,5
GRC,μιζυθρα,5
GRC,πιατα χαρτινα,5
GRC,dettok,5
GRC,κοτοπουλο ψη,5
GRC,κατσικίσια,5
GRC,χειρπ,5
GRC,Ai,5
GRC,παγωτα ξυλακια,5
GRC,σοκολάτα χω,5
GRC,magic pista,5
GRC,κρέμα αραβο,5
GRC,σαλάμι αερο,5
GRC,picco,5
GRC,σπυρι,5
GRC,γαλα χωρις ζαχαρη,5
GRC,interspo,5
GRC,δίσκοι ν,5
GRC,αγκουρακια,5
GRC,maltesera,5
GRC,κριτσινθα,5
GRC,mpyres,5
GRC,nivea sunscreen,5
GRC,Μαλακτικό ρουχων,5
GRC,Olympos,5
GRC,ηλιοπρ,5
GRC,muz,5
GRC,σκηνή,5
GRC,τυρι δανιας,5
GRC,λεμονξ,5
GRC,χοιμ,5
GRC,γουδα,5
GRC,εμμεν,5
GRC,παστρα,5
GRC,ρύζι γλασσ,5
GRC,αγκουρα,5
GRC,yuz,5
GRC,μπισκοτα πτ,5
GRC,συσ,5
GRC,αοκολα,5
GRC,βασλ,5
GRC,ομελετα,5
GRC,μπακαλιαρο,5
GRC,σκεύη α,5
GRC,cez,5
GRC,γαλοπούλα φετ,5
GRC,τσάι πρασινο,5
GRC,deink,5
GRC,νερο μεταλλικο,5
GRC,inte,5
GRC,παγωτό κ,5
GRC,τορτιγισ,5
GRC,ντο.ατες,5
GRC,maize,5
GRC,Γλώσσα,5
GRC,ναγ,5
GRC,adorabal,5
GRC,τεβυθι,5
GRC,καιζερ,5
GRC,kir,5
GRC,αφεολουτ,5
GRC,sper,5
GRC,be br,5
GRC,χυ.,5
GRC,he'll,5
GRC,σαντορ,5
GRC,Τριμμ,5
GRC,κριτδινι,5
GRC,ρζ,5
GRC,esex,5
GRC,ce cream,5
GRC,trad,5
GRC,σαμπανιες,5
GRC,voom,5
GRC,Bagels,5
GRC,Σπανακοπιτα,5
GRC,menth,5
GRC,σπορρ,5
GRC,hands wash,5
GRC,φιλέτα,5
GRC,tn,5
GRC,Travel size,5
GRC,συρματα,5
GRC,καφαλο,5
GRC,αυγά 10αδα,5
GRC,χάρτι υγείας,5
GRC,αρλ,5
GRC,Orange jui,5
GRC,le q,5
GRC,κρεατο,5
GRC,davidi,5
GRC,hand wa,5
GRC,ζυμαρικά βι,5
GRC,μπυρα κουτι,5
GRC,Νουνού στραγγ,5
GRC,δεφνη,5
GRC,τσέν,5
GRC,κατσαρί,5
GRC,rolling pap,5
GRC,Pink grapefruit,5
GRC,γιαουρτι αγελα,5
GRC,Συκώτι,5
GRC,lemon curd,5
GRC,salta,5
GRC,Αναψυκτικα,5
GRC,κεμα,5
GRC,ρυζογκοφρρ,5
GRC,αλάτι σακου,5
GRC,μακιγια,5
GRC,bagge,5
GRC,mundial,5
GRC,magum,5
GRC,παγωτο m,5
GRC,Pastry,5
GRC,Elv,5
GRC,beef m,5
GRC,dj,5
GRC,glass noodles,5
GRC,Μαύρη ζάχαρη,5
GRC,υγρο κρεμοσαπουνο,5
GRC,καφε φιλ,5
GRC,margaritas,5
GRC,wudi,5
GRC,ριζογο,5
GRC,σακούλες γίγας,5
GRC,tooth p,5
GRC,stracciate,5
GRC,nutris,5
GRC,wolt market αθηνα,5
GRC,δγμητριακα,5
GRC,pasta de,5
GRC,septoba,5
GRC,κρέμα αλλαγ,5
GRC,σπά,5
GRC,ελβ,5
GRC,oteo,5
GRC,αλεύρι γι,5
GRC,αμυγδαλογ,5
GRC,σαξ,5
GRC,magioneza,5
GRC,procce,5
GRC,γισουρ,5
GRC,κετσαπ hot,5
GRC,σαμπαν,5
GRC,oino,5
GRC,υγρο κα,5
GRC,tomas,5
GRC,icebu,5
GRC,cicumber,5
GRC,τρεις μ,5
GRC,Torti,5
GRC,σφοο,5
GRC,smile ki,5
GRC,πονπον,5
GRC,κρέμα γάλακτ,5
GRC,υγρο α,5
GRC,Dr bec,5
GRC,γκούντα νουνου,5
GRC,corkscrew,5
GRC,ροδελα,5
GRC,kids yoghurt,5
GRC,dispenser,5
GRC,ωο,5
GRC,Walnut,5
GRC,zagori lemon,5
GRC,rin,5
GRC,katc,5
GRC,αποδμη,5
GRC,αυγα μ,5
GRC,αλέυρ,5
GRC,syoss con,5
GRC,τροφη για σ,5
GRC,οφοντοκρεμα,5
GRC,ζελέ μα,5
GRC,chicken w,5
GRC,ειδη καπνιστου,5
GRC,γαλα μεγα,5
GRC,παγωτο magnum,5
GRC,suco,5
GRC,hand san,5
GRC,Nairn's,5
GRC,sokol,5
GRC,inti,5
GRC,Μπιρα,5
GRC,iD,5
GRC,aktivia,5
GRC,σπανακοπιτακ,5
GRC,κουβερτούρα γάλακτος,5
GRC,Jerky,5
GRC,colour ca,5
GRC,βαλααμικο,5
GRC,μιξ τυρ,5
GRC,βατόμουρ,5
GRC,μπατσριες,5
GRC,rii,5
GRC,πλαστικά ποτηράκια,5
GRC,φυσικό μεταλλικό νερό,5
GRC,φτιαρι,5
GRC,ice ceeam,5
GRC,Παγωτό χωρίς ζάχαρη,5
GRC,Μαγιονε,5
GRC,crispy onio,5
GRC,χωρις ανθρακικο,5
GRC,aoy,5
GRC,Ti,5
GRC,protein water,5
GRC,ΖΑΧΑΡ,5
GRC,souto,5
GRC,δεντρολί,5
GRC,χαρτι υγιειας,5
GRC,rab,5
GRC,wv,5
GRC,pasta barilla,5
GRC,dea,5
GRC,κροτσι,5
GRC,υγρο γε,5
GRC,αιγί,5
GRC,αυγά bio,5
GRC,αποσμυτι,5
GRC,πεστι,5
GRC,sprot,5
GRC,παγουρινο,5
GRC,quacamole,5
GRC,Ζελεδάκια,5
GRC,punchy,5
GRC,fitnedd,5
GRC,άγριο,5
GRC,flour bio,5
GRC,δεματικ,5
GRC,σπορακι,5
GRC,expir,5
GRC,αγνοτης,5
GRC,γάλα αμύγδαλου,5
GRC,χαρτι π,5
GRC,loukou,5
GRC,cabel,5
GRC,λευκοντυρι,5
GRC,νερο β,5
GRC,mai tai,5
GRC,τσαι φακελακια,5
GRC,πυρηνελ,5
GRC,κολοκυθός,5
GRC,aveeno,5
GRC,γαλα για αφρογαλα,5
GRC,Ben j,5
GRC,mate,5
GRC,Gaea,5
GRC,skewers,5
GRC,μαροτ,5
GRC,wetter,5
GRC,βολερ,5
GRC,αλευρι ρυζ,5
GRC,ΟΔΟΝΤΟΚΡΕΜΑ,5
GRC,μπαξ,5
GRC,ψησιματ,5
GRC,αλυρ,5
GRC,τριμμενη τοματα,5
GRC,ρος,5
GRC,πασσα,5
GRC,hit,5
GRC,μπισκοτα πτιμπερ,5
GRC,Moc,5
GRC,Εσπρεσο,5
GRC,σφουγγαροστρα,5
GRC,μαλακτικό lenor,5
GRC,Λουλουδια,5
GRC,βερίκοκ,5
GRC,σοβολοσ,5
GRC,γαλα κακ,5
GRC,χοιρινη μπριζολα,5
GRC,βαπ,5
GRC,φυλλο σφο,5
GRC,Σαρδελ,5
GRC,ξερο κρεμμυδι,5
GRC,aromatic,5
GRC,HA,5
GRC,Ben jer,5
GRC,energetics,5
GRC,ted bull,5
GRC,βιολογικο γι,5
GRC,υποαλλεργικο,5
GRC,pampers premium care 7,5
GRC,de ge,5
GRC,σκοι,5
GRC,dr.o,5
GRC,τυρι γαλ,5
GRC,lego ninjago,5
GRC,m an,5
GRC,terrea soft,5
GRC,water softener,5
GRC,κρασι χυμα,5
GRC,αυλη,5
GRC,επιδορπιο αμυγδαλου,5
GRC,eyepa,5
GRC,υα,5
GRC,σακούλες μικρες,5
GRC,ΠΑΝ,5
GRC,lard,5
GRC,νοθνου,5
GRC,μασσ,5
GRC,πίπερια,5
GRC,φυσικο χυμο,5
GRC,Smi,5
GRC,toilet cl,5
GRC,luko,5
GRC,ηλεκτρικη οδοντο,5
GRC,oringles,5
GRC,Παπρικα,5
GRC,ανεμοστη,5
GRC,ντοριτο,5
GRC,my blu,5
GRC,Azera,5
GRC,ιβισκο,5
GRC,συζ,5
GRC,laundry soa,5
GRC,τοματονια,5
GRC,cooking creme,5
GRC,hair condition,5
GRC,κιμε,5
GRC,πατατάκια bbq,5
GRC,χχ,5
GRC,πρωτρινη,5
GRC,τυρόπιτ,5
GRC,χορευτη,5
GRC,jimmy,5
GRC,βιμ,5
GRC,oka,5
GRC,ολικής αλεσης,5
GRC,rofu,5
GRC,μπιφτεξι,5
GRC,dowe eg,5
GRC,Ηλι,5
GRC,κρέμα προσ,5
GRC,surface,5
GRC,σοβοκος,5
GRC,golden virgin,5
GRC,καλαμο,5
GRC,τσανακι,5
GRC,μεγαλο,5
GRC,black a,5
GRC,μοτα,5
GRC,κεραια,5
GRC,wea,5
GRC,E14,5
GRC,løk,5
GRC,cornetto vegan,5
GRC,ζαχαρουχο καραμελωμενο,5
GRC,philadelphia light,5
GRC,καθαρισμού,5
GRC,λευκο κρας,5
GRC,been br,5
GRC,σακουλάκια τροφι,5
GRC,yogurt with,5
GRC,",g",5
GRC,πάω το,5
GRC,σαλαν,5
GRC,φαγς,5
GRC,caramel popcorn,5
GRC,Magg,5
GRC,μπριοσ,5
GRC,νερο μικρα,5
GRC,αγγινα,5
GRC,ελεολα,5
GRC,aquafo,5
GRC,ξύλινες,5
GRC,σακούλες σκουπιδιώ,5
GRC,οξι,5
GRC,σφουγγάρι σωμ,5
GRC,Cucu,5
GRC,παγωτο και,5
GRC,σαμουλες,5
GRC,μπω,5
GRC,evlogia,5
GRC,isola,5
GRC,στεγνωτ,5
GRC,ξεφλου,5
GRC,mernda,5
GRC,sticky rice,5
GRC,μανστερ,5
GRC,Coke cola,5
GRC,κολωνιες,5
GRC,δοντι,5
GRC,Χαρούπι,5
GRC,αλάτι χ,5
GRC,cocoa pillows,5
GRC,"γάλα 1,5%",5
GRC,αγγελακη,5
GRC,καψουλες πλη,5
GRC,oren,5
GRC,κρύος,5
GRC,τσαι χω,5
GRC,qti,5
GRC,Όλυμπος 2%,5
GRC,hagen d,5
GRC,πράσσο,5
GRC,ανθορ,5
GRC,parse,5
GRC,καρπυζ,5
GRC,body deo,5
GRC,Linton,5
GRC,turkey sausage,5
GRC,m n m,5
GRC,καστανή ζαχ,5
GRC,λιαστε,5
GRC,ΑΠΟ,5
GRC,αναψυκτηκα,5
GRC,Σακούλες σκουπ,5
GRC,Ic,5
GRC,σταφυλλια,5
GRC,mini tortilla,5
GRC,frozen berrie,5
GRC,γιούρτι,5
GRC,bread toast,5
GRC,πενσα,5
GRC,ΔΕΛ,5
GRC,rice pudd,5
GRC,κρακερακι,5
GRC,Μερεν,5
GRC,מים,5
GRC,countey,5
GRC,τοο,5
GRC,κρασια ροζε,5
GRC,fructis curls,5
GRC,pj,5
GRC,orangr,5
GRC,pop buster,5
GRC,τυρί γκου,5
GRC,πτι μπετ,5
GRC,μακαρονια πρωτε,5
GRC,dell,5
GRC,γιαούρτι προβε,5
GRC,digestuve,5
GRC,κεπ,5
GRC,μωραμ,5
GRC,πιπέρι τριμμένο,5
GRC,μπακαλιαρ,5
GRC,σαλτσα barilla,5
GRC,σιμιγδαλι ψιλο,5
GRC,jacobd,5
GRC,babybrl,5
GRC,Fuze tea,5
GRC,κόκκινα φρο,5
GRC,φρουκ,5
GRC,tsipuro,5
GRC,γαλοπι,5
GRC,καταμ,5
GRC,βεμ,5
GRC,απαχος κιμας,5
GRC,μυρες,5
GRC,μπαραρ,5
GRC,γιαούρτι κουκα,5
GRC,φτερνε,5
GRC,Ben & jerr,5
GRC,σιρόπι καρα,5
GRC,δαφνι,5
GRC,γαλοπουλα θρακης,5
GRC,Tonic water,5
GRC,αιροπι,5
GRC,oeu,5
GRC,μασκα προσω,5
GRC,caramel sutra,5
GRC,bha,5
GRC,fotness meals,5
GRC,θήκες ρούχων,5
GRC,κοντάρι σ,5
GRC,κρουασάν σοκολάτας,5
GRC,bio adva,5
GRC,φυστκ,5
GRC,πάτο,5
GRC,τσαντι,5
GRC,yogurt sheep,5
GRC,Μωρομαντη,5
GRC,neacaf,5
GRC,εργα,5
GRC,edam light,5
GRC,activa,5
GRC,αριά,5
GRC,σκολατα,5
GRC,ψωμι χωρις γ,5
GRC,cold press,5
GRC,κοτομπουκε,5
GRC,bufalla,5
GRC,πετσέτα παραλίας,5
GRC,καραμαλεγκος,5
GRC,βαλεριαν,5
GRC,κορνετο,5
GRC,σοκολάτα ion,5
GRC,food color,5
GRC,αραβοσιτελ,5
GRC,ΧΛΩΡΙ,5
GRC,σελινόριζα,5
GRC,Boost,5
GRC,happy s,5
GRC,σοκολάτα υγει,5
GRC,tm,5
GRC,marh,5
GRC,βουβαλ,5
GRC,λαμπριντ,5
GRC,elvie,5
GRC,indian tonic,5
GRC,σιρόπι β,5
GRC,green colq,5
GRC,γλυκό του κ,5
GRC,δελτα smart,5
GRC,λουίζα,5
GRC,Asparagus,5
GRC,κολοκυι,5
GRC,λεπ,5
GRC,ψωμι cl,5
GRC,σαλυσα,5
GRC,ψωμι μπεργ,5
GRC,vibrato,5
GRC,γιαουρτι κουκακ,5
GRC,πουτίγκ,5
GRC,Αμφιλοχία,5
GRC,parboi,5
GRC,φιλέτο στηθος,5
GRC,μπιφτεκο,5
GRC,τρά,5
GRC,μπεικπν,5
GRC,ψιλι go,5
GRC,endless μαλακτικο,5
GRC,sure,5
GRC,γυαλιστ,5
GRC,Κορν φ,5
GRC,schni,5
GRC,Buld,5
GRC,mysli,5
GRC,leak,5
GRC,τσχι,5
GRC,chilli powder,5
GRC,χυμό ντομα,5
GRC,Σπαράγγια,5
GRC,Ανθρακ,5
GRC,κρεμα καρυ,5
GRC,απορρυπαντικο εουχων,5
GRC,παγωτο al,5
GRC,οδοντοβουρτσα σκληρη,5
GRC,ψωμι βοσι,5
GRC,funk,5
GRC,κακκαο,5
GRC,coca cola 150,5
GRC,νερό μ,5
GRC,σρρ,5
GRC,γλυκα του κουταλιου,5
GRC,χνου,5
GRC,χαρτ υ,5
GRC,βιολογικα αγγουρια,5
GRC,ρύζι μπασμ,5
GRC,ψητό κοτοπουλο,5
GRC,virra φρούτα,5
GRC,cabagge,5
GRC,κρασί ημιγλυκο,5
GRC,μοαχ,5
GRC,πραλινα φ,5
GRC,βαπονα,5
GRC,τσάι life,5
GRC,για μωρά,5
GRC,eveeyday,5
GRC,κουβερτοθ,5
GRC,ντοκ,5
GRC,tullamore,5
GRC,κρέμα γαλακτοε,5
GRC,χρενα,5
GRC,βαφη καστανο,5
GRC,l orea,5
GRC,αφαλατικο,5
GRC,Χαλ,5
GRC,θεών,5
GRC,hot dig,5
GRC,κόκκινα φρούτα,5
GRC,Lipton ice tea,5
GRC,κρεμοσαπου ο,5
GRC,ΔΗΜΗΤΡΙΑΚΑ,5
GRC,κολου,5
GRC,lor decaf,5
GRC,κρέμα  καρα,5
GRC,Condi,5
GRC,μουσταρς,5
GRC,dark beer,5
GRC,μασκαρα αδιαβροχη,5
GRC,raben,5
GRC,plastic film,5
GRC,ταμπλετες για κουνου,5
GRC,mealion,5
GRC,manho,5
GRC,cocum,5
GRC,κουκακη α,5
GRC,μοχ,5
GRC,hell ice coffee,5
GRC,dove advanced care,5
GRC,mosci,5
GRC,speck,5
GRC,ΧΑΡΤΟ,5
GRC,Fair,5
GRC,makeup rem,5
GRC,ξηρη μαγ,5
GRC,νερά μικ,5
GRC,lanet,5
GRC,carbonar,5
GRC,Κόκα κόλα,5
GRC,πιπεριες τουρσι,5
GRC,παϊ,5
GRC,moy,5
GRC,γιυ,5
GRC,κοκκινη σαλτς,5
GRC,λσ,5
GRC,μαρπ,5
GRC,condic,5
GRC,salt of,5
GRC,μεβρα,5
GRC,μωρομαντικα,5
GRC,κουβρρ,5
GRC,ειδη κουζινας,5
GRC,κεφες,5
GRC,frit,5
GRC,green moct,5
GRC,ροφημα αμυγδάλου,5
GRC,παγωτό halo,5
GRC,λίμ,5
GRC,προσοθ,5
GRC,bio egg,5
GRC,μπαρες σ,5
GRC,oeuf,5
GRC,roque,5
GRC,καφές εσπ,5
GRC,τσιγαρα καρελ,5
GRC,miso soup,5
GRC,κύβος λαχανικών,5
GRC,valona,5
GRC,δίχτυ,5
GRC,απορριπαντικό,5
GRC,απλώ,5
GRC,sweap,5
GRC,barilla σαλτσα,5
GRC,χαρτι κουζινες,5
GRC,steel,5
GRC,cheese burger,5
GRC,καψουλες nespresso,5
GRC,ξυδι τοπ,5
GRC,σπυσι,5
GRC,burger ψω,5
GRC,Tost,5
GRC,tequla,5
GRC,plastic spoon,5
GRC,Tonys,5
GRC,souritu,5
GRC,poo corn,5
GRC,squeezy,5
GRC,μαγοον,5
GRC,noodle cup,5
GRC,veev prime,5
GRC,breezee,5
GRC,σαμπουαν σκυ,5
GRC,μανιταρισ,5
GRC,οδοντοκρεμμα,5
GRC,sciss,5
GRC,πλυντηριου πιατ,5
GRC,Marmelade,5
GRC,βουτυρο αγελαδινο,5
GRC,χρωματιστη,5
GRC,mac &,5
GRC,Ρεβ,5
GRC,mint leaves,5
GRC,virgi,5
GRC,τσιγαρα marlbo,5
GRC,νισεστες,5
GRC,gastrointestinal,5
GRC,μαμμο,5
GRC,loteal,5
GRC,ριζοκοφρέτες,5
GRC,microfiber cloth,5
GRC,αππορυ,5
GRC,τυροκροκ,5
GRC,hanky,5
GRC,κοτοποτ,5
GRC,σχοινοπρας,5
GRC,σακουλακια τροφι,5
GRC,eye paches,5
GRC,σφουγγαρι μπα,5
GRC,καφε espresso,5
GRC,τσιρος,5
GRC,Cracker,5
GRC,μαλακτικο εουχων,5
GRC,δολωμ,5
GRC,τσιγαρα mal,5
GRC,ion nu,5
GRC,σαποθνι,5
GRC,κάσιου,5
GRC,pem,5
GRC,olay,5
GRC,καλαμποκογ,5
GRC,ψωμάκ,5
GRC,dolmadakia,5
GRC,ΧΥΜΟ,5
GRC,terrea yellow,5
GRC,πιπεριές φλωρινης,5
GRC,lemom,5
GRC,μελιυ,5
GRC,φαλοπο,5
GRC,μιμικοσ,5
GRC,buckw,5
GRC,juuce,5
GRC,γκοργκο,5
GRC,Tampon,5
GRC,warp,5
GRC,brown toast,5
GRC,μυγακια,5
GRC,κατικη,5
GRC,κρεμα ξυρι,5
GRC,κρσκερ,5
GRC,σνθ,5
GRC,babylimo,5
GRC,almor,5
GRC,kindrr,5
GRC,κονφ,5
GRC,Κασερ,5
GRC,nuri,5
GRC,nesquil,5
GRC,ταμπε,5
GRC,πανάκια καθα,5
GRC,wilk,5
GRC,τορτιγιρ,5
GRC,arugul,5
GRC,ginger be,5
GRC,γαλα φρεσκ,5
GRC,Υποσεντονα,5
GRC,ice cream sugar free,5
GRC,Κάρτα,5
GRC,pop corm,5
GRC,αναμε,5
GRC,Γαλοπου,5
GRC,Μπαρμπα,5
GRC,Γλάρος,5
GRC,τσατζ,5
GRC,dr. pepper,5
GRC,αροσις,5
GRC,ρόλο χαρτι,5
GRC,tweez,5
GRC,la roch,5
GRC,yogurt 5%,5
GRC,κοτοπουο,5
GRC,καφετιέρα,5
GRC,φυλλα ρυζιού,5
GRC,pimple p,5
GRC,egg noodle,5
GRC,ρύζι κιτρ,5
GRC,Pat,5
GRC,κεζαπι,5
GRC,μαγαλωνω,5
GRC,φορτηστ,5
GRC,σιλικο,5
GRC,φριγανιές,5
GRC,eer,5
GRC,preworkout,5
GRC,colour remover,5
GRC,Νιφάδες,5
GRC,As,5
GRC,zomos,5
GRC,molti,5
GRC,permesan,5
GRC,mt,5
GRC,ανταλα,5
GRC,ροκε,5
GRC,μισε,5
GRC,πολυδημητρι,5
GRC,olympia,5
GRC,blackhead,5
GRC,σοκολάτα Παυλίδης,5
GRC,choco milk,5
GRC,ευε,5
GRC,aperol spr,5
GRC,μπαρμπεκι,5
GRC,ema,5
GRC,προβιοτικά,5
GRC,χυμός ολ,5
GRC,λασο,5
GRC,specia,5
GRC,cavia,5
GRC,αλμυρά σ,5
GRC,πονδος,5
GRC,κονσέρβα γατ,5
GRC,σοσον,5
GRC,νουα,5
GRC,frouta,5
GRC,νταματα,5
GRC,tinned,5
GRC,ρπ,5
GRC,betadin,5
GRC,ΠΡΩ,5
GRC,Rib eye,5
GRC,γαλα υ,5
GRC,´ατατακια,5
GRC,rr,5
GRC,Χρυσή κασετίνα,5
GRC,τσαι ολυ,5
GRC,αφρος μ,5
GRC,πορτοκαλαδα χυμος,5
GRC,sabi,5
GRC,αρσ,5
GRC,raw nuts,5
GRC,λουκανικόιτακια,5
GRC,halawa,5
GRC,wine sweet,5
GRC,φωτάκι,5
GRC,alimi,5
GRC,τσενταρ τυρι,5
GRC,σπρει απο,5
GRC,l’o,5
GRC,κςφ,5
GRC,φέτα η,5
GRC,ριζοκρ,5
GRC,mc do,5
GRC,χαμηλου,5
GRC,Lila,5
GRC,100%,5
GRC,αιγιν,5
GRC,Δέλτα αμυ,5
GRC,μπισκοτα για καφε,5
GRC,phyto,5
GRC,talisker,5
GRC,σταβια,5
GRC,Μπούμπα,5
GRC,τυρι τοδτ,5
GRC,big choco,5
GRC,κρικρο,5
GRC,harrib,5
GRC,Kello,5
GRC,δοχεία,5
GRC,wnergy,5
GRC,ζαγορι νερο,5
GRC,αλοτινο,5
GRC,φουντουκε,5
GRC,χαρτιά κουζίνας,5
GRC,Scotch,5
GRC,fit meals,5
GRC,τυρι παρμεζα,5
GRC,μυρμιγ,5
GRC,τυρι η,5
GRC,σπόρ,5
GRC,μαλακτιξ,5
GRC,πατατάκια ξυδι,5
GRC,cef,5
GRC,πατάτες country,5
GRC,χλωρινβ,5
GRC,ψωμί μπεργκερ,5
GRC,body scrab,5
GRC,ειση,5
GRC,black eyed,5
GRC,whole grain bread,5
GRC,βενταλ,5
GRC,κατεψυγμενα λ,5
GRC,mj,5
GRC,green mockt,5
GRC,ψητή,5
GRC,mpyr,5
GRC,πανακια πατωματος,5
GRC,Παπαδο,5
GRC,sry,5
GRC,μακαρόνια ολ,5
GRC,κλισμα,5
GRC,ζελε χωρι,5
GRC,spu,5
GRC,nescafe espr,5
GRC,μπισκοτα παιδικα,5
GRC,sirloin,5
GRC,bott,5
GRC,καφέ;,5
GRC,mochi ice,5
GRC,buri,5
GRC,πλαστικά πιατα,5
GRC,tarragon,5
GRC,omino bianko,5
GRC,αλοιμ,5
GRC,πανες για,5
GRC,ξυδη,5
GRC,τροφιμα,5
GRC,πατοματος,5
GRC,Derby,5
GRC,Duo,5
GRC,peter,5
GRC,αριάν,5
GRC,μπρικολο,5
GRC,ελεα,5
GRC,όλυρα,5
GRC,χωρις γκουτενη,5
GRC,καλαμποκι κονσερβα,5
GRC,βρακι,5
GRC,hipo,5
GRC,thighs,5
GRC,Τσιγα,5
GRC,κοτοπουλο στη,5
GRC,ginger sho,5
GRC,Hol,5
GRC,φρυφ,5
GRC,Malt,5
GRC,Αγαυη,5
GRC,τοπο,5
GRC,ΚΑΚΑΟ,5
GRC,βλαχικο,5
GRC,Mousse,5
GRC,Πλυντηριο,5
GRC,irish,5
GRC,desinfect,5
GRC,Mitsikeli,5
GRC,μουτε,5
GRC,τραπεζομ,5
GRC,ντοματοπελτές,5
GRC,protein brea,5
GRC,quick deli,5
GRC,βάζα,5
GRC,Λευκό,5
GRC,parmegan,5
GRC,Avoc,5
GRC,happy hipo,5
GRC,συοσμος,5
GRC,Τρου,5
GRC,οδοντόπα,5
GRC,Pep,5
GRC,σκη,5
GRC,τόνος Αλοννήσου,5
GRC,tolis,5
GRC,συσκευή iqos,5
GRC,ψωμι πρωτεινη,5
GRC,μικρά,5
GRC,πλυντήρια πιάτων,5
GRC,babylino βρακακι,5
GRC,τυρι μ,5
GRC,ξηρά τροφη,5
GRC,μυγε,5
GRC,κοτατς,5
GRC,τυρι νησ,5
GRC,yoghurt cow,5
GRC,κρέμα σώμα,5
GRC,χυλοπίτε,5
GRC,aspire,5
GRC,vello,5
GRC,mario,5
GRC,αντισηπτική λοσιόν χεριών,5
GRC,calgin,5
GRC,τηρ,5
GRC,frozen br,5
GRC,πλωμ,5
GRC,λευκοσαρκα,5
GRC,κιμωλ,5
GRC,septom,5
GRC,στρατσι,5
GRC,συζο,5
GRC,Λο,5
GRC,kouzina,5
GRC,pepo,5
GRC,chixk,5
GRC,spli,5
GRC,βρακα,5
GRC,λευκο ξιδ,5
GRC,Ροδόπης,5
GRC,black peper,5
GRC,ζυμαρικά βιδες,5
GRC,φυλλα ρι,5
GRC,enoki,5
GRC,κιλοτο,5
GRC,μάσκα προ,5
GRC,ωμι τοστ,5
GRC,χυμος παιδι,5
GRC,soda wat,5
GRC,calf,5
GRC,γιαουρτιι,5
GRC,νερο γυαλινο,5
GRC,water 2,5
GRC,τσελ,5
GRC,salom,5
GRC,γευματα ετοιμα,5
GRC,Κουνο,5
GRC,phia,5
GRC,αρτοσκε,5
GRC,digestivr,5
GRC,arixol,5
GRC,muchi,5
GRC,asvance,5
GRC,thermal,5
GRC,bbc,5
GRC,blubar,5
GRC,υγιεινά σνακ,5
GRC,αποτριχωτική,5
GRC,Mr mu,5
GRC,σαλτσες μακαρονια,5
GRC,keyc,5
GRC,ομπρέλα θαλάσσης,5
GRC,low car,5
GRC,αντισκορικα,5
GRC,pumat,5
GRC,απορρυπαντιξα,5
GRC,περιτυλιγμα,5
GRC,μονοκερος ψωμι,5
GRC,condicioner,5
GRC,γάλα λακτόζη,5
GRC,γαλοπουλα f,5
GRC,σιν,5
GRC,μαντυ,5
GRC,miz,5
GRC,jack da,5
GRC,μπιφτεκι λαχανικων,5
GRC,πετιμ,5
GRC,σιλικον,5
GRC,chicken breas,5
GRC,νουνι,5
GRC,cerial bar,5
GRC,Μπουγατσα,5
GRC,χαρτι φου,5
GRC,μπυρες a,5
GRC,gluten gree,5
GRC,xz,5
GRC,tsipou,5
GRC,probioti,5
GRC,antip,5
GRC,καθαριστικά μπανιου,5
GRC,Pocky,5
GRC,slaad,5
GRC,σκόνη πλη,5
GRC,salted car,5
GRC,τέζα,5
GRC,τροφες γατας,5
GRC,κοτομπυκ,5
GRC,conditioner leave in,5
GRC,Προφιτερόλ,5
GRC,βαση ομπρελας,5
GRC,peca,5
GRC,μπαυ,5
GRC,ice cream pack,5
GRC,ivecream,5
GRC,φλωρα,5
GRC,veev in,5
GRC,ποστοκαλια,5
GRC,linseed,5
GRC,πέπο,5
GRC,bluet,5
GRC,ceacar,5
GRC,πολύμπριζο,5
GRC,σατα,5
GRC,babilino,5
GRC,lipon,5
GRC,φέτα Καλαβρύτων,5
GRC,retinal,5
GRC,Schwarzkopf,5
GRC,χωρισ,5
GRC,schokolade,5
GRC,coconut cre,5
GRC,ψωμί για σάντουιτς,5
GRC,τερες,5
GRC,μαλκ,5
GRC,orange drink,5
GRC,Lubricant,5
GRC,lite,5
GRC,swiffwe,5
GRC,γιαούρτι μπανάνα,5
GRC,always plati,5
GRC,φευγαν,5
GRC,επιπ,5
GRC,μπαυονετες,5
GRC,gous,5
GRC,wipped cream,5
GRC,cigara,5
GRC,μακαρόνια πρ,5
GRC,nescafe espresso conce,5
GRC,λευκη σαλτσα,5
GRC,meybe,5
GRC,7-up,5
GRC,γάλα σογι,5
GRC,pineapple jui,5
GRC,uni,5
GRC,del mon,5
GRC,puffing,5
GRC,aprit,5
GRC,φασολια μα,5
GRC,Τερεα,5
GRC,vine leaves,5
GRC,λευκη σοκ,5
GRC,werther,5
GRC,εν ε,5
GRC,μάσ,5
GRC,σκουρα,5
GRC,dog f,5
GRC,tamarind,5
GRC,Γιαορτι,5
GRC,hm,5
GRC,κολοκυθοκ,5
GRC,ρόδ,5
GRC,water 1L,5
GRC,παπουτσά,5
GRC,υγρά πανα,5
GRC,κρασι ρο,5
GRC,cucumner,5
GRC,γλτκο,5
GRC,φορμα σιλικονης,5
GRC,αντρικο σαμπουαν,5
GRC,poridge,5
GRC,τυρί γκουν,5
GRC,el p,5
GRC,ouiski,5
GRC,σουπερ μα,5
GRC,οφ,5
GRC,σαλατα bio,5
GRC,suss,5
GRC,λουκανικο χωριατικο,5
GRC,δωδεκα,5
GRC,Μπλε,5
GRC,σιροπι χωρις ζαχαρη,5
GRC,κοτόπουλο φ,5
GRC,παπούτσι,5
GRC,milk conde,5
GRC,πλυντήριο πιατ,5
GRC,yoğurt,5
GRC,μπύρα άλφα,5
GRC,paches,5
GRC,ΓΑΛΟΠΟΥ,5
GRC,μπουγατς,5
GRC,botanic therap,5
GRC,german bread,5
GRC,πλαστικα ποτηρακια,5
GRC,garnir,5
GRC,ανεμιστήρακι,5
GRC,φταου,5
GRC,φιλαφ,5
GRC,φυστικιβουτηρο,5
GRC,εοδ,5
GRC,goch,5
GRC,goat ch,5
GRC,jumbo ch,5
GRC,dove talc,5
GRC,gaud,5
GRC,crips,5
GRC,ζύμ,5
GRC,monoi,5
GRC,καθάρισμα,5
GRC,χωρις θερμιδες,5
GRC,αρκαδο,5
GRC,Cilantro,5
GRC,πιτυ,5
GRC,ρυζοκοφρε,5
GRC,cokie,5
GRC,αρκουδακια,5
GRC,παγωτο καιμα,5
GRC,beaty,5
GRC,0 mg,5
GRC,ανθουυρο,5
GRC,elvive c,5
GRC,Σαράντης,5
GRC,κωλ,5
GRC,fix anef,5
GRC,hair styling,5
GRC,siy,5
GRC,κομπιου,5
GRC,νουνου ligh,5
GRC,cut fruit,5
GRC,Οδοντογλυφίδες,5
GRC,swiss roll,5
GRC,ΠΙΤΕΣ,5
GRC,dirollo mix,5
GRC,cheede,5
GRC,χρυση επιλογη,5
GRC,laktoz,5
GRC,Χτένα,5
GRC,trio,5
GRC,Σαντ,5
GRC,ας μαγειρ,5
GRC,Nutella παγωτό,5
GRC,roku gin,5
GRC,Κρακερς,5
GRC,μακαρόνια νο6,5
GRC,pimms,5
GRC,χυμο ροδακινο,5
GRC,ηλεκτρικη οδο,5
GRC,henz,5
GRC,υγρό παρ,5
GRC,χαρτιπε,5
GRC,petit marseillais,5
GRC,τρελ,5
GRC,rice vinega,5
GRC,αλλοι,5
GRC,γαλετ,5
GRC,summ,5
GRC,Αρωματικό,5
GRC,4 seas,5
GRC,τομαυ,5
GRC,ΥΓΕΙΑΣ,5
GRC,λί,5
GRC,χειρος,5
GRC,σφουγγαρίστρες,5
GRC,zl,5
GRC,red labe,5
GRC,ετοιμο μειγμα,5
GRC,χαρτοπετστες,5
GRC,adore,5
GRC,cuxumber,5
GRC,πρωτειμη,5
GRC,canola oil,5
GRC,εθνικ,5
GRC,τυρι γρα,5
GRC,kkinex,5
GRC,Red b,5
GRC,keispies,5
GRC,santa mar,5
GRC,drill,5
GRC,ξυλομπ,5
GRC,compee,5
GRC,ξηρά τρο,5
GRC,nescafe black,5
GRC,Δέλτα γάλα,5
GRC,grou,5
GRC,κρεμα καρυδα,5
GRC,dove shampoo,5
GRC,κόκκινη φακη,5
GRC,ζεχα,5
GRC,4α,5
GRC,δεντρολιβα,5
GRC,sfi,5
GRC,πλαστικές σακούλες,5
GRC,ζωοτροφές,5
GRC,Χαρτί υγεια,5
GRC,ourse,5
GRC,buca,5
GRC,Ζωγράφος,5
GRC,πυιμπερ,5
GRC,Σαντιγύ,5
GRC,sabonete,5
GRC,μελι ανθεων,5
GRC,",,,",5
GRC,Diro,5
GRC,καεοτα,5
GRC,tzatzik,5
GRC,mpat,5
GRC,baby biscuits,5
GRC,portok,5
GRC,κρεμαστές,5
GRC,dilce,5
GRC,ψαρακια,5
GRC,Άζαξ,5
GRC,κομσερβα,5
GRC,φυστικοβπυτ,5
GRC,κεφιρ φρα,5
GRC,cockteil,5
GRC,energy dr,5
GRC,ψητα λαχ,5
GRC,παγσ,5
GRC,σαπούνι προσω,5
GRC,juice cherry,5
GRC,αναω,5
GRC,γλυκιπατατες,5
GRC,Whiskey,5
GRC,απορρυπαντικό πιατω,5
GRC,λδι,5
GRC,ΚΕΦ,5
GRC,δημητριακς,5
GRC,fructose,5
GRC,λαδοκολες,5
GRC,suma,5
GRC,four season,5
GRC,συνδετηρες,5
GRC,υονο,5
GRC,νουτέ,5
GRC,σταγονεδ,5
GRC,σακκουλες σκου,5
GRC,δαλτ,5
GRC,Μέντα,5
GRC,τορρ,5
GRC,ρυζι πιλαφι,5
GRC,βοιο,5
GRC,patatak,5
GRC,χαρτομάντη,5
GRC,vua,5
GRC,Anita mot,5
GRC,Χχ,5
GRC,τσάι βουνου,5
GRC,fox,5
GRC,ξου,5
GRC,σάλτσα πιτ,5
GRC,bara,5
GRC,milk uht,5
GRC,χαρτινες,5
GRC,κόλιαντρο,5
GRC,ζελε σκ,5
GRC,μοντ,5
GRC,pasta souce,5
GRC,κοτοσου,5
GRC,χυμμ,5
GRC,αναψηκ,5
GRC,σουβλακο,5
GRC,zaxari,5
GRC,viofree,5
GRC,Papadopoulou,5
GRC,Σόγια σως,5
GRC,απορυπαντικα ρουχων,5
GRC,Σαμπου,5
GRC,appel,5
GRC,κρι κρι super,5
GRC,eva inti,5
GRC,ενυδατωση,5
GRC,τοσρ,5
GRC,suitcase,5
GRC,Λουμ,5
GRC,μπιφτρ,5
GRC,elvib,5
GRC,σαπούνι πρόσωπο,5
GRC,dr.oet,5
GRC,μωρομαβτ,5
GRC,wrapping paper,5
GRC,παγωτό χωνάκι,5
GRC,διμιτρ,5
GRC,Πορτ,5
GRC,.π,5
GRC,somerby,5
GRC,shurimi,5
GRC,μπογι,5
GRC,κυρια,5
GRC,κρεμμυδι σκο,5
GRC,soda le,5
GRC,αντισιπτ,5
GRC,παστουρμ,5
GRC,κτεψυγμενα,5
GRC,garlic p,5
GRC,αλετρι,5
GRC,νεροχ,5
GRC,ψωμι τοστ ζεας,5
GRC,θγρα,5
GRC,wasabe,5
GRC,loreal revitalift,5
GRC,doritt,5
GRC,Aqu,5
GRC,αβικα,5
GRC,ψαρομπο,5
GRC,Υγ,5
GRC,conca,5
GRC,trata salmon,5
GRC,βατονετ,5
GRC,διμητριακα,5
GRC,eggs 12,5
GRC,spanish,5
GRC,viof,5
GRC,glads,5
GRC,σαγο,5
GRC,cookies protein,5
GRC,τυρο κρεμα,5
GRC,bau,5
GRC,νο6,5
GRC,Ψάθα,5
GRC,βπυτηρο,5
GRC,Washing,5
GRC,βανικι,5
GRC,brii,5
GRC,τυρι mil,5
GRC,ben&jerrys,5
GRC,contact solution,5
GRC,σελερο,5
GRC,Πραλίνα,5
GRC,breaded,5
GRC,yoghut,5
GRC,κιμας μο,5
GRC,gai,5
GRC,ground turkey,5
GRC,Nair,5
GRC,whitewater,5
GRC,prosch,5
GRC,savayar,5
GRC,grilled chicken,5
GRC,μπιφτεκια κ,5
GRC,μερεβτα,5
GRC,chicken frozen,5
GRC,χρόνος,5
GRC,χυμό πορ,5
GRC,κοτομπουλοες,5
GRC,λαιμός,5
GRC,maya,5
GRC,ξεσκονοπανα,5
GRC,ντοματιμι,5
GRC,αμτ,5
GRC,χαρτί ψησι,5
GRC,φυστοκοβου,5
GRC,excel,5
GRC,κουκακη αγε,5
GRC,ξινονερα,5
GRC,πάπρι,5
GRC,nre,5
GRC,ζύμη κουρου,5
GRC,KLINEX,5
GRC,γαλοπουλα βρ,5
GRC,μπαμπακι,5
GRC,skin cream,5
GRC,σαπούνι πλ,5
GRC,ροφημα καφε,5
GRC,περγαμόντο,5
GRC,σάλτσα μακα,5
GRC,φύλλο ολικής άλεσης,5
GRC,ποτήρια πλαστικ,5
GRC,gian,5
GRC,lipgloss,5
GRC,ολόκληρο κοτόπουλο,5
GRC,φυσικος χ,5
GRC,πετσετα θαλ,5
GRC,loumid,5
GRC,Gor,5
GRC,ρυζογσλο,5
GRC,λαυσ,5
GRC,milk coco,5
GRC,μπιγτεκια,5
GRC,χυμος ηβη,5
GRC,granat,5
GRC,pickled onions,5
GRC,humgry not,5
GRC,ice cream san,5
GRC,μηκιτης,5
GRC,luxardo,5
GRC,lubrificant,5
GRC,κουβερτουρα γαλακ,5
GRC,γαλα μερι,5
GRC,παγωτο καραμελα,5
GRC,γάλα adva,5
GRC,ψωμι τσοτ,5
GRC,εκχυλισμα βανι,5
GRC,ζελεδακθα,5
GRC,baby σπαν,5
GRC,κερί γε,5
GRC,boba tea,5
GRC,garnisr,5
GRC,θερμοπροστα,5
GRC,Bonne maman,5
GRC,nesl,5
GRC,vt,5
GRC,myzithra,5
GRC,τσθ,5
GRC,noodes,5
GRC,πραλινα φυστικιου,5
GRC,συμπικ,5
GRC,kettel,5
GRC,lush,5
GRC,brioche burger,5
GRC,sosp,5
GRC,vegn,5
GRC,poco,5
GRC,νερά 12,5
GRC,συγκαμ,5
GRC,concetrat,5
GRC,ολυμπος χυμο,5
GRC,κοτόσουπα,5
GRC,σαλλ,5
GRC,σφουγγαρι κουζινα,5
GRC,john player,5
GRC,Μεγα,5
GRC,χαρτιπετ,5
GRC,κελο,5
GRC,αφροκουτρι,5
GRC,αποδημητικά,5
GRC,μωρομαντήλα,5
GRC,παγωτο για σκυλους,5
GRC,strawberry ice cream,5
GRC,m ms,5
GRC,αντιηλιακο μαλλιων,5
GRC,πόπ,5
GRC,gen,5
GRC,mogu mog,5
GRC,αλάτι πλυντηρίου,5
GRC,με τον πλασ,5
GRC,μπανανε1,5
GRC,amita fr,5
GRC,ωμοπλ,5
GRC,Burrata,5
GRC,φρουτα κατεψ,5
GRC,γλειφιτζο,5
GRC,κρέμα χερ,5
GRC,μαυρο προβατο,5
GRC,κουρτινες,5
GRC,καρποί,5
GRC,σακκουκες,5
GRC,zero tonic,5
GRC,atarbucks,5
GRC,κομμάτια σοκολάτας,5
GRC,jacobs esp,5
GRC,μαρκετ,5
GRC,ξηροι ξαρποι,5
GRC,δακρυα σοκο,5
GRC,pasta misko,5
GRC,candelin,5
GRC,pach,5
GRC,παιδικοί χυμοι,5
GRC,γεωργική,5
GRC,φαρμακεια,5
GRC,tonatoes,5
GRC,κρεμα γαλακυ,5
GRC,volcani,5
GRC,Ξυν,5
GRC,χαγορ,5
GRC,veleda,5
GRC,γαλα αμυγδά,5
GRC,light cream cheese,5
GRC,διπλης οψης,5
GRC,grind,5
GRC,λαστιχο ποτισματος,5
GRC,yağ,5
GRC,yoghurt 10,5
GRC,Πουρ,5
GRC,δημητριακά χωρίς ζ,5
GRC,icecrean,5
GRC,γιαουρτι λ,5
GRC,γλυξ,5
GRC,σακουλες γιγα,5
GRC,capari,5
GRC,λουτρινο,5
GRC,νέα,5
GRC,αλατι πληντυριου,5
GRC,fanta χωρίς,5
GRC,γαντι μπανιου,5
GRC,lenor gold,5
GRC,koulour,5
GRC,πεπονια,5
GRC,Champagne,5
GRC,ταιμπιδακι,5
GRC,oat ly,5
GRC,υγιεια,5
GRC,helmand,5
GRC,πιπεριές πρασ,5
GRC,nekt,5
GRC,ελιες ρο,5
GRC,powerba,5
GRC,ρυζζι,5
GRC,μουσταρδομα,5
GRC,χοωρ,5
GRC,yighurt,5
GRC,χυμός aloe,5
GRC,χαρτι υγιε,5
GRC,κοτομππυκιες,5
GRC,coka cola zero,5
GRC,κιτοπ,5
GRC,κόκκινα φασολια,5
GRC,wak,5
GRC,υγρο για τα πιατα,5
GRC,kinder bue,5
GRC,Ben n jerrys,5
GRC,Μάσκα προσώπου,5
GRC,κατσικο,5
GRC,ξινόν,5
GRC,ete,5
GRC,οφον,5
GRC,gluten free cookies,5
GRC,cheds,5
GRC,σέλι,5
GRC,σκουπίδια,5
GRC,φυστίκι αι,5
GRC,λαπ,5
GRC,τυρι τπστ,5
GRC,θεομ,5
GRC,geeen,5
GRC,cat lit,5
GRC,wvian,5
GRC,ξηρή μα,5
GRC,σαλατα γαλλικη,5
GRC,πιπς,5
GRC,auper,5
GRC,πατάκ,5
GRC,αυγαα,5
GRC,τουβλάκια,5
GRC,san pellegrin,5
GRC,μπουτια κοτοπ,5
GRC,ανθρακουζ,5
GRC,Worcestershire sauce,5
GRC,Κουβερτο,5
GRC,syoss root,5
GRC,μονοκερως,5
GRC,ψωμί για το,5
GRC,κοσταρελος,5
GRC,πάνες βρακ,5
GRC,φρεσκο γα,5
GRC,ταξιδιού,5
GRC,Τσάντα,5
GRC,ταξ,5
GRC,fanta lem,5
GRC,ταμπλετες πλυντ,5
GRC,gel ξυρι,5
GRC,myo,5
GRC,μαρινάτος,5
GRC,τριβελακ,5
GRC,Bub,5
GRC,κοκκινη σ,5
GRC,νερο καθαρισμου,5
GRC,σαμπουαν σκυλον,5
GRC,γλυκά κου,5
GRC,μπανσν,5
GRC,Dinner,5
GRC,klonex,5
GRC,μακαρονια παστιτσιου,5
GRC,πολτός ντομάτας,5
GRC,φρυγανθες,5
GRC,σακουλες τροφίμων,5
GRC,nescafe cara,5
GRC,superstay,5
GRC,γαλακτοκομ,5
GRC,handa,5
GRC,σερβιετακια ακρα,5
GRC,πλευροτους,5
GRC,σοκολατένιο,5
GRC,βικος τσαι,5
GRC,σαμπουαν για μωρα,5
GRC,πορτοκο,5
GRC,δημητριακα protein,5
GRC,γαντια latex,5
GRC,bi fi,5
GRC,αφριλ,5
GRC,απορρυπαντικα πιατων,5
GRC,Χαρτί υγε,5
GRC,res wine,5
GRC,us,5
GRC,τυρι γαλοπουλ,5
GRC,οατατ,5
GRC,γαλοπουλα χωρις,5
GRC,fsiry,5
GRC,chlore,5
GRC,feya,5
GRC,vegan i,5
GRC,κρεμα σωματοα,5
GRC,Μαλακτική,5
GRC,Parme,5
GRC,κερακι γενεθλιων,5
GRC,καλαμάκια κοτόπουλο,5
GRC,cerr,5
GRC,τσιλιλη,5
GRC,φυλλο δαφνης,5
GRC,cold drink,5
GRC,freev,5
GRC,ΚΡΑΚΕΡ,5
GRC,παγωτα χωρ,5
GRC,μιλοξ,5
GRC,mostr,5
GRC,Φιλε,5
GRC,sakoula,5
GRC,flan,5
GRC,plain yogurt,5
GRC,yoguet,5
GRC,μαγικο,5
GRC,ζελέ γι,5
GRC,κριτσιμια,5
GRC,Sal,5
GRC,green lemonade,5
GRC,grenade,5
GRC,caesar dr,5
GRC,μορωμα,5
GRC,snat,5
GRC,γιαουρτι στραγγιστο 1,5
GRC,ηιαουρτ,5
GRC,σως μουσταρδας,5
GRC,fesh,5
GRC,φυαλι,5
GRC,trimm,5
GRC,πατες,5
GRC,diet pep,5
GRC,strainer,5
GRC,νουνού για,5
GRC,λίπασμα,5
GRC,καφές κα,5
GRC,αποσμήν,5
GRC,οδοβτ,5
GRC,vif,5
GRC,tea tree,5
GRC,κρεμόριο,5
GRC,spred,5
GRC,apricot jam,5
GRC,graham,5
GRC,φιλλ,5
GRC,pasarella,5
GRC,κρεοπολειο,5
GRC,Μπριαμ,5
GRC,cicaplast,5
GRC,ξιροι,5
GRC,syoss intense,5
GRC,LURPAK,5
GRC,baygone,5
GRC,κιου,5
GRC,μπαταρίες 3,5
GRC,τουμποφλ,5
GRC,heins,5
GRC,Χάρι υγειας,5
GRC,μπιδ,5
GRC,φιαου,5
GRC,χυμο1,5
GRC,ταρταρ,5
GRC,γιαούρτι παιδ,5
GRC,terrea s,5
GRC,biono,5
GRC,pizza ro,5
GRC,κουβερπυρα,5
GRC,ατζουρια,5
GRC,πράσινη πιπεριά,5
GRC,soda zero,5
GRC,ελληνικοσ,5
GRC,milk bread,5
GRC,killa,5
GRC,xhips,5
GRC,μουσμουλα,5
GRC,ambre solair,5
GRC,baik,5
GRC,ρυζι καστα,5
GRC,τσιγαρα καρ,5
GRC,ισοτονι,5
GRC,ψυγειακ,5
GRC,Μαργαρίνη,5
GRC,παρζ,5
GRC,χαρουπομελο,5
GRC,jalo,5
GRC,magig,5
GRC,chilly flakes,5
GRC,fabric sof,5
GRC,φραοες,5
GRC,πανες sani,5
GRC,τινος,5
GRC,gliten,5
GRC,black t,5
GRC,ντομάτα τ,5
GRC,φαίδων,5
GRC,ντομάτα τριμμενη,5
GRC,άπο,5
GRC,laxano,5
GRC,καραβακ,5
GRC,ντεπο,5
GRC,phil',5
GRC,pirullo,5
GRC,Μπλοκ,5
GRC,oat dr,5
GRC,mizza,5
GRC,υγρο πλυν,5
GRC,ληξη,5
GRC,σακουκες σκουπιδιων,5
GRC,συσκευασ,5
GRC,o b,5
GRC,covonut,5
GRC,κουνε,5
GRC,φλωρίν,5
GRC,pancka,5
GRC,Πόρτο,5
GRC,χυμος λαιμ,5
GRC,γλύκ,5
GRC,pasqua,5
GRC,μακάρονιa,5
GRC,Bens,5
GRC,douwe egberts,5
GRC,Colombia,5
GRC,cents,5
GRC,halv,5
GRC,planet b,5
GRC,Αγκινάρες,5
GRC,Γρηγόρης,5
GRC,σαμπουαν orzene,5
GRC,aor,5
GRC,tod,5
GRC,italian sea,5
GRC,wdam,5
GRC,pulz,5
GRC,Ban,5
GRC,απορυπαντικο πιατ,5
GRC,make up rem,5
GRC,Ανανά,5
GRC,pinaple,5
GRC,παξιμάδια ολικης,5
GRC,ότι μ,5
GRC,ροφι,5
GRC,mess,5
GRC,οον,5
GRC,φυαλη,5
GRC,lemon lime,5
GRC,pez,5
GRC,κασεροπιτακια,5
GRC,Aro,5
GRC,σκοροα,5
GRC,καθαριστικο πλυντηριο,5
GRC,M&M's,5
GRC,fudg,5
GRC,τυρι σε φετε,5
GRC,conditionee,5
GRC,liptin,5
GRC,napolitana,5
GRC,τσσ,5
GRC,κοτοπουλο ολοκλ,5
GRC,οδιντοκ,5
GRC,κρέμες γιω,5
GRC,mars bar,5
GRC,ψωμι σαντ,5
GRC,υγρα πιατων,5
GRC,Πεννες,5
GRC,κρισ κρισ,5
GRC,μελας,5
GRC,παραλίας,5
GRC,weap,5
GRC,κατεψυγμένα λα,5
GRC,dried tomatoes,5
GRC,danett,5
GRC,skip ac,5
GRC,coca cola diet,5
GRC,prosecco dry,5
GRC,rice crispies,5
GRC,μπιφτέκι κο,5
GRC,μπάρα πρ,5
GRC,katsika,5
GRC,φασκομ,5
GRC,δομοκου,5
GRC,tooth pick,5
GRC,γαλα αμυγαλου,5
GRC,pwsto,5
GRC,αλευρι βρομης,5
GRC,υποα,5
GRC,becha,5
GRC,μαυροδαφν,5
GRC,sun flo,5
GRC,μακαρονια pro,5
GRC,κοτοπουλο βραστο,5
GRC,τυρι του τος,5
GRC,pelegrini,5
GRC,maman,5
GRC,medj,5
GRC,bins,5
GRC,jackobs,5
GRC,καχα,5
GRC,Hungry Not,5
GRC,crum,5
GRC,deta,5
GRC,κρέμα ζ,5
GRC,Marlbor,5
GRC,σφουγγαρόπανο,5
GRC,μπάρα πρωτεΐνης,5
GRC,μπαζματι,5
GRC,bread whole,5
GRC,γάλα καρύδα,5
GRC,μοεικ,5
GRC,rest,5
GRC,παβ,5
GRC,βιυτυρ,5
GRC,θαλάσσης,5
GRC,αγγουρι του,5
GRC,κρεμα στι,5
GRC,rookie,5
GRC,frozen meal,5
GRC,καπνιστός σολομός,5
GRC,χυμός μηλ,5
GRC,παξιμδια,5
GRC,κρέας κοτόπουλο,5
GRC,αφρολουττ,5
GRC,ρυζογκοφρετς,5
GRC,mob,5
GRC,ice tea life,5
GRC,Βίδες,5
GRC,laundry capsule,5
GRC,μαυρη ζ,5
GRC,ginger s,5
GRC,chap,5
GRC,μαυροδά,5
GRC,Smirnof,5
GRC,Κας,5
GRC,στεγνωτηριο,5
GRC,ψωμι γερμανικού,5
GRC,sugar f,5
GRC,παρφα,5
GRC,ροδακια,5
GRC,παπαγ,5
GRC,pinto,5
GRC,sparkle,5
GRC,ψωμια τοστ,5
GRC,ξινολα,5
GRC,Δυ,5
GRC,μακαρονια πρωτει,5
GRC,μπανανεα,5
GRC,κορεατικ,5
GRC,φλεριανα,5
GRC,cebola,5
GRC,emenda,5
GRC,αιγοπροβειο,5
GRC,χαρτί περι,5
GRC,sun oil,5
GRC,angostura,5
GRC,βύ,5
GRC,Pecorino,5
GRC,öl,5
GRC,μανθταρια,5
GRC,κρεμα γαα,5
GRC,cocktai,5
GRC,πουτογκα,5
GRC,vilesa,5
GRC,Je,5
GRC,λημνος,5
GRC,ice mythos,5
GRC,filtra,5
GRC,Πουρακια,5
GRC,μαθρο,5
GRC,τας,5
GRC,Βούρτσα μαλλιών,5
GRC,papadou,5
GRC,lost m,5
GRC,πλαισιο,5
GRC,Fischer,5
GRC,ψεκαστήρι,5
GRC,ψαρομπου,5
GRC,milln,5
GRC,gigan,5
GRC,tigaret,5
GRC,κουμουπι,5
GRC,μαρκε,5
GRC,Δυο,5
GRC,κάσιο,5
GRC,κρέμε,5
GRC,fuantr,5
GRC,mosnter,5
GRC,γιαουρτυ,5
GRC,κατσικισιο γα,5
GRC,αρρωματικο,5
GRC,Pon,5
GRC,θρουμπι,5
GRC,Πατζαρια,5
GRC,νερό εξαδα,5
GRC,λιο,5
GRC,πιτρς,5
GRC,κ ορ,5
GRC,hair m,5
GRC,γραφική,5
GRC,"γαλα 1,5%",5
GRC,Berry,5
GRC,sunlover,5
GRC,μειντανος,5
GRC,Adora,5
GRC,old spice cold,5
GRC,βουτυρο ολυ,5
GRC,Φετες,5
GRC,αποσν,5
GRC,πανακια καθ,5
GRC,τακάκια,5
GRC,Κουτ,5
GRC,Danone,5
GRC,αμφι,5
GRC,καφεδες κα,5
GRC,αποα,5
GRC,Jacob’s,5
GRC,ριζοτ,5
GRC,κιμτ,5
GRC,φιλέτο στη,5
GRC,tabb,5
GRC,forza,5
GRC,kitchen s,5
GRC,μωρομαβτη,5
GRC,shiracha,5
GRC,ΠΑΞΙΜΑ,5
GRC,κονταρο,5
GRC,ψωμι σαντο,5
GRC,Ψαροκρ,5
GRC,giaourt,5
GRC,σσλατα,5
GRC,fud,5
GRC,menstrual,5
GRC,εύρηκ,5
GRC,συμο,5
GRC,Χρυσή επιλογη,5
GRC,βαφλε,5
GRC,ΜΕΡΕΝΤΑ,5
GRC,dry clean,5
GRC,electrolite,5
GRC,frosch,5
GRC,κεφίρ μεβγαλ,5
GRC,bonduell,5
GRC,vanilla sugar,5
GRC,tha,5
GRC,laxative,5
GRC,λάδι κ,5
GRC,epic,5
GRC,παγωτό zero,5
GRC,σερβίε,5
GRC,ceasar’s,5
GRC,pamper pants,5
GRC,Bees,5
GRC,λαδολ,5
GRC,ακακιες,5
GRC,σπει,5
GRC,noyl,5
GRC,σαλατα μπαρμπα,5
GRC,μπαλάκι,5
GRC,γαλοπούλα  φέτες,5
GRC,λοσιόν σώματος,5
GRC,Tequ,5
GRC,Tub,5
GRC,πιυα,5
GRC,μερενρα,5
GRC,σοκολάτα στ,5
GRC,χώ,5
GRC,φύλλα ριζιου,5
GRC,Harpic,5
GRC,pon p,5
GRC,Tomato sauce,5
GRC,vaz,5
GRC,τρίφτ,5
GRC,soba noodles,5
GRC,origano,5
GRC,μαγειρική σό,5
GRC,τιρμπο,5
GRC,χυμος μηκου,5
GRC,ΘΕΟ,5
GRC,kinder car,5
GRC,wolt market amp,5
GRC,Ρουβά,5
GRC,Φι,5
GRC,αφρός μαλλιω,5
GRC,jun,5
GRC,νύμφ,5
GRC,γάντια χειρουργικά,5
GRC,παταριες  9v,5
GRC,χυμος 1.5,5
GRC,γιαουρτι με πετσα,5
GRC,souvl,5
GRC,κιλας,5
GRC,bern,5
GRC,ματου,5
GRC,καροουζι,5
GRC,aua,5
GRC,crackables,5
GRC,παξιμάδια χαρούπι,5
GRC,coffee greek,5
GRC,apivit,5
GRC,υγρό πλην,5
GRC,ναλα,5
GRC,pop ta,5
GRC,παγωτό σ,5
GRC,pecorino romano,5
GRC,κρεμμυδθ,5
GRC,γαντια λατεξ,5
GRC,γασολακια,5
GRC,τροφιμω,5
GRC,τυρί νηστίσιμο,5
GRC,salmin,5
GRC,dove jui,5
GRC,Persil,5
GRC,bread brioche,5
GRC,ταιχλα,5
GRC,bag ice,5
GRC,stw,5
GRC,oreo μπισκότα,5
GRC,χαρτι προσωπου,5
GRC,furex,5
GRC,topping,5
GRC,σαπούνι πρασινο,5
GRC,conte,5
GRC,γιαοθρτο,5
GRC,premi,5
GRC,pop baker,5
GRC,dish liquid,5
GRC,aloe ver,5
GRC,κάρτε,5
GRC,Dr. Beckmann Colour Run Remover,5
GRC,dove coconut,5
GRC,watermell,5
GRC,jacibs,5
GRC,σάλτσα για μακαρόνια,5
GRC,κολλα στιγμής,5
GRC,πατων,5
GRC,σφυριχτρα,5
GRC,μπισκότα πτ,5
GRC,παπαδοπουλου γευση,5
GRC,σκην,5
GRC,beauty o,5
GRC,εγκυμ,5
GRC,safran,5
GRC,σαπουνι πλην,5
GRC,takeaway,5
GRC,μπουκιτσες,5
GRC,κρέμες γ,5
GRC,φουσιλι,5
GRC,hay,5
GRC,τοδακ,5
GRC,γυαλο,5
GRC,τομετα,5
GRC,yogurt p,5
GRC,ΑΛΕΥΡΙ ΠΟΥ,5
GRC,λμ,5
GRC,λαστιχακια μαλλιων,5
GRC,κρουτι,5
GRC,pey,5
GRC,chev,5
GRC,παγώτο,5
GRC,ψωμί υ,5
GRC,ew,5
GRC,βουρτσες,5
GRC,αφρολοθτρ,5
GRC,γαλα milk,5
GRC,fasolada,5
GRC,βιγκα,5
GRC,νερα 500ml,5
GRC,package,5
GRC,πατάτες b,5
GRC,μοσχαρισ,5
GRC,washing dishes,5
GRC,Bubble,5
GRC,οδοντοβουρτες,5
GRC,διγεστιωε,5
GRC,klen,5
GRC,MILKO,5
GRC,Σακουλες σκουπιδιων,5
GRC,σαπουνι χαριων,5
GRC,Κρεμα γαλακ,5
GRC,ανοιχτιρι,5
GRC,haribo berries,5
GRC,σπαγκετ,5
GRC,chucken,5
GRC,τσεμταρ,5
GRC,σαλατσα,5
GRC,caput,5
GRC,αοκ,5
GRC,μονομ,5
GRC,τυρί veg,5
GRC,οατατα,5
GRC,πλυντγριο,5
GRC,κατσικάκι,5
GRC,cartot,5
GRC,ξυβ,5
GRC,πλαστικά καλα,5
GRC,Αυρα,5
GRC,μπισκοτα σαβα,5
GRC,luce,5
GRC,rif,5
GRC,black forest,5
GRC,μεξικά,5
GRC,chocolate baking,5
GRC,τσιπς με ρίγανη,5
GRC,τσαι ρο,5
GRC,wd-40,5
GRC,προσαναμ,5
GRC,face serum,5
GRC,βιταμίνη c,5
GRC,peote,5
GRC,μπστ,5
GRC,cocnu,5
GRC,γαλοπουλα φ,5
GRC,waves,5
GRC,elne,5
GRC,hunge,5
GRC,αρκας,5
GRC,γαλα μα,5
GRC,cutting board,5
GRC,seriously,5
GRC,χαρουπια,5
GRC,καμαμπερ,5
GRC,δαπεδο,5
GRC,rou,5
GRC,mini babybell,5
GRC,sprite 330ml,5
GRC,πιππεριες,5
GRC,ντοκα,5
GRC,babt,5
GRC,lays φουρνου,5
GRC,no suger,5
GRC,κρεμα αν,5
GRC,chocalte,5
GRC,Αποσμητικ,5
GRC,bread sour,5
GRC,brei,5
GRC,γαλα του,5
GRC,αλειφωυη,5
GRC,κοκκαλο,5
GRC,Σό,5
GRC,Wipes,5
GRC,chedsr,5
GRC,σαλτσα πουμαρο,5
GRC,extra γαρ,5
GRC,υγρο γ,5
GRC,faxe,5
GRC,pay sa,5
GRC,ακυ,5
GRC,μαιντανι,5
GRC,vira,5
GRC,σολωμου,5
GRC,λιναρι,5
GRC,γάλα σοκολ,5
GRC,αρτιμα,5
GRC,biftekia,5
GRC,Thomas henry,5
GRC,monstrr,5
GRC,ψωμί βρωμης,5
GRC,δημητειακα,5
GRC,αμυγλα,5
GRC,εφημερ,5
GRC,monster z,5
GRC,κρουασαν σοκολατα,5
GRC,ΦΡ,5
GRC,ζελετινη,5
GRC,λαθμ,5
GRC,φιη,5
GRC,Σαρδέλα,5
GRC,raer,5
GRC,φορμες κεικ,5
GRC,χωνάκ,5
GRC,pampes,5
GRC,wors,5
GRC,lurpac soft,5
GRC,θεώ,5
GRC,nectari,5
GRC,κΛ,5
GRC,gordons space,5
GRC,πατατακια με ριγανη,5
GRC,bavon,5
GRC,Phile,5
GRC,spray μαλλιων,5
GRC,zero su,5
GRC,ντοματνια,5
GRC,γάλα 1,5
GRC,μπισκότα χωρίς γλουτένη,5
GRC,cheese goat,5
GRC,Καπνιστό,5
GRC,σιυρωτη,5
GRC,yummy,5
GRC,syoss men,5
GRC,καονικα,5
GRC,τσουκνιδα,5
GRC,ολοκ,5
GRC,cie,5
GRC,φραουλεε,5
GRC,00,5
GRC,σόδα μαγει,5
GRC,αρωματικά χω,5
GRC,πιτες κατε,5
GRC,30.07.2026,5
GRC,άσπρη σοκολάτα,5
GRC,LOR,5
GRC,sun d,5
GRC,Νερπ,5
GRC,aliria,5
GRC,free gluten,5
GRC,chend,5
GRC,Φυσ,5
GRC,σακουλες ρ,5
GRC,taw,5
GRC,γάλα protein,5
GRC,breff,5
GRC,valeriana,5
GRC,παγωτό οικογένειακο,5
GRC,FAIRY,5
GRC,pizza flour,5
GRC,υγρο χε,5
GRC,ρακετα,5
GRC,σάπυνι,5
GRC,τσιγαρα malb,5
GRC,mac and c,5
GRC,βραστο,5
GRC,Ariani,5
GRC,αναωυ,5
GRC,pampwrs,5
GRC,σακουλες απορριμ,5
GRC,πατατοσαλατα,5
GRC,risi,5
GRC,kremm,5
GRC,φουρνος του ψωμα,5
GRC,κοτομουκιες,5
GRC,naut,5
GRC,μηλα βιο,5
GRC,608,5
GRC,χαρπυ,5
GRC,ολυμπος 9 φρουτα,5
GRC,brokoli,5
GRC,gouda n,5
GRC,noodk,5
GRC,ψωμί χωρ,5
GRC,γιαούρτι βιολο,5
GRC,μαγικ,5
GRC,coca coña,5
GRC,βθ,5
GRC,κοτομποκιες,5
GRC,L'Oréal men expert,5
GRC,ships,5
GRC,cat l,5
GRC,fitmeal,5
GRC,γλυκό κ,5
GRC,παγωτα κρι κρι,5
GRC,λάδι μαλλι,5
GRC,βιολογικη σαλατα,5
GRC,ΜΟΤΣΑΡΕΛΑ,5
GRC,χυμος ο,5
GRC,μουσταρδα μελι,5
GRC,αποσμητικα χω,5
GRC,μαρτινι,5
GRC,κρυο τ,5
GRC,panini wor,5
GRC,ben and Jerry,5
GRC,reggat,5
GRC,ξυλινα πατωματα,5
GRC,μπειμπι,5
GRC,lazania,5
GRC,γιά,5
GRC,kool,5
GRC,kette,5
GRC,cotttage,5
GRC,Τορτιγ,5
GRC,crake,5
GRC,φιλαδελφι,5
GRC,επιδορπιο αμυγ,5
GRC,kapn,5
GRC,φιλτο,5
GRC,αγωτ,5
GRC,μπουκλε,5
GRC,ariel alpine,5
GRC,hao,5
GRC,Αχλάδια,5
GRC,anitho,5
GRC,ψωμί β,5
GRC,srub,5
GRC,ΚΑΨΟΥ,5
GRC,Condit,5
GRC,fitness bar,5
GRC,πιτες αραβικες,5
GRC,vileda σφουγγαριστρα,5
GRC,mortadel,5
GRC,fitnes meals,5
GRC,τζατζί,5
GRC,amia,5
GRC,απορυπαντιξο,5
GRC,chs,5
GRC,μπαρρς,5
GRC,Προφυλα,5
GRC,αγγουράκι τουρ,5
GRC,hand sanit,5
GRC,μπιδκοτα,5
GRC,Grape,5
GRC,mr be,5
GRC,αλουμινόχα,5
GRC,Ηλεκτρονικό τσιγάρο,5
GRC,ΚΑΦ,5
GRC,wax paper,5
GRC,μπαλακ,5
GRC,αυγα μεγα,5
GRC,jacobs conce,5
GRC,σκπρ,5
GRC,καμφορα,5
GRC,κον κας,5
GRC,buscuits,5
GRC,el g,5
GRC,ρετινολη,5
GRC,βούτυρο αγε,5
GRC,gifts,5
GRC,delea,5
GRC,μαριναρισμενο,5
GRC,sewing,5
GRC,εβαο,5
GRC,μπενανες,5
GRC,χπυ,5
GRC,σνιτζελ,5
GRC,lung,5
GRC,κίτρινο τυρι,5
GRC,Κολα,5
GRC,μπισκότα πρωινου,5
GRC,τσιγαρσ,5
GRC,γανυ,5
GRC,απολυμαντικό για,5
GRC,always pla,5
GRC,κυραφα,5
GRC,ελιές ροδέλες,5
GRC,pacoti,5
GRC,Λόλα,5
GRC,surex,5
GRC,κεφίτ,5
GRC,keogs,5
GRC,dececo,5
GRC,χαρτι κουζο,5
GRC,μοτσαρέλα τριμμένη,5
GRC,kek,5
GRC,πιατα απορ,5
GRC,τυρί τοατ,5
GRC,μπαταρο,5
GRC,pepee,5
GRC,pharmac,5
GRC,σάλτσα κνορ,5
GRC,απυ,5
GRC,shol,5
GRC,σφουγγάρι σ,5
GRC,esmeralda,5
GRC,stergioy,5
GRC,ρυζι σου,5
GRC,σταφιδες μαυρες,5
GRC,εφ,5
GRC,κινητο,5
GRC,6 330,5
GRC,νιρ,5
GRC,Veg,5
GRC,gaviscon,5
GRC,ντομάτα πελτές,5
GRC,arr,5
GRC,ΒΡΩΜΗ,5
GRC,νουνου γι,5
GRC,cold bree,5
GRC,pouti,5
GRC,nan 4,5
GRC,μπρουσκετες,5
GRC,polly,5
GRC,μπρσα,5
GRC,belli,5
GRC,παγωτα pla,5
GRC,στο φ,5
GRC,αλμπινισ,5
GRC,φαγητπ,5
GRC,τυροκατευρη,5
GRC,στραγγατο,5
GRC,κατςψ,5
GRC,Μπά,5
GRC,ruz,5
GRC,πανακοα,5
GRC,ice cresm,5
GRC,παξυμ,5
GRC,helios,5
GRC,streak,5
GRC,πιυσ,5
GRC,πενς,5
GRC,ταινα,5
GRC,τσεντερ,5
GRC,τουακετα,5
GRC,haagen Dazs,5
GRC,χρωμόαγ,5
GRC,coffee filters,5
GRC,maybelline li,5
GRC,δασου,5
GRC,γιορ,5
GRC,φρη,5
GRC,Ας,5
GRC,μπλε τρακ,5
GRC,mayonaisse,5
GRC,Παγοκ,5
GRC,σελοφα,5
GRC,αλεσμενος,5
GRC,καρπτπ,5
GRC,terea te,5
GRC,Coffe beans,5
GRC,γιαούρτι free,5
GRC,παφο,5
GRC,honey ring,5
GRC,μάσκα πρ,5
GRC,κουλουράκια λαδιού,5
GRC,pmaro,5
GRC,ΧΑΡΤΟΠΕΤΣ,5
GRC,αφεος,5
GRC,Ντακος,5
GRC,Νουνο,5
GRC,wrapping,5
GRC,χυμος ροδ,5
GRC,λευκό κρ,5
GRC,γάλα μεγαλωνω,5
GRC,υγρο τουαλετας,5
GRC,cola cherry,5
GRC,Nox,5
GRC,πασετα,5
GRC,αγοου,5
GRC,φαγητοδοχεια,5
GRC,κονκασρ,5
GRC,αντομο,5
GRC,γιορτ,5
GRC,μπισκοτα μ,5
GRC,giga,5
GRC,κοροη,5
GRC,ψωμί τος,5
GRC,sunburn,5
GRC,carniv,5
GRC,whole w,5
GRC,σαλτσεσ,5
GRC,Σέλερ,5
GRC,staru,5
GRC,τροφη για σκυ,5
GRC,μπιφτεκι κοτοπουλοόδα πλυσιματος,5
GRC,nescafe 3,5
GRC,πηλια,5
GRC,μεταλλικό νερο,5
GRC,βίδ,5
GRC,ψιχα το,5
GRC,oven clean,5
GRC,ζελε ανανας,5
GRC,γιαουρτι κουκα,5
GRC,οδοντοω,5
GRC,σοκολάτες μπάρες,5
GRC,γάντια κουζι,5
GRC,παραμυθένιο,5
GRC,γιαούρτι  στραγγιστό,5
GRC,κίμινο,5
GRC,paxi,5
GRC,φρεσκουλησ,5
GRC,almomd,5
GRC,salt of the earth,5
GRC,χυμό ντοματα,5
GRC,υγειας σοκ,5
GRC,evlo,5
GRC,azax k,5
GRC,γερμαδ,5
GRC,bistr,5
GRC,σαλατα λαχανο,5
GRC,ντοματάκια,5
GRC,ελ γκρ,5
GRC,basmari,5
GRC,υλικά για,5
GRC,Barbeque,5
GRC,healthy b,5
GRC,teabags,5
GRC,hand soup,5
GRC,aprr,5
GRC,μού,5
GRC,γιν,5
GRC,ανθθος,5
GRC,πτι μερ,5
GRC,σφολιάτ,5
GRC,toilet c,5
GRC,pinat,5
GRC,αυγα6,5
GRC,Ήπειρος ελαφρυ,5
GRC,make ip,5
GRC,Μαιντανο,5
GRC,κατολινα,5
GRC,ψωμί μπεργ,5
GRC,κρεμα χ,5
GRC,γιαούρτι  0,5
GRC,Λευκο τυρι,5
GRC,τυρί νου,5
GRC,Τριμμένη φρυγανιά,5
GRC,σκιουφιχτά,5
GRC,krea,5
GRC,απορυπαντικο πλ,5
GRC,μελλ,5
GRC,γλυκιά,5
GRC,σαπούνι πλυντηριου,5
GRC,ΑΓΝΟ,5
GRC,αβοκαντι,5
GRC,strude,5
GRC,σκια,5
GRC,πρετσε,5
GRC,χαρτινη τσαντα,5
GRC,μοανάνες,5
GRC,hele,5
GRC,μπαρα πρωτ,5
GRC,Humus,5
GRC,WATER,5
GRC,γάλα πρ,5
GRC,αλοιφωτή,5
GRC,υγιεινη,5
GRC,Gra,5
GRC,Κίτρινο τυρί,5
GRC,zuchinni,5
GRC,m and ms,5
GRC,σφουγγαριστρα κονταρι,5
GRC,τζελ μαλλι,5
GRC,γαλοτυ,5
GRC,frz,5
GRC,καπσ,5
GRC,ανθος ορυζης,5
GRC,papadopu,5
GRC,κοφιν,5
GRC,loti,5
GRC,οδό,5
GRC,healthyhabits,5
GRC,υγρό κα,5
GRC,cajolinr,5
GRC,chestnut,5
GRC,ροδόνερο,5
GRC,swiffrr,5
GRC,Xiaomi,5
GRC,green p,5
GRC,μπαταριες ΑΑΑ,5
GRC,dove απισμητικο,5
GRC,πάνες για σκύ,5
GRC,ντμ,5
GRC,κληματαρια,5
GRC,eyes,5
GRC,cookat,5
GRC,bread pita,5
GRC,ανθρακουχπ,5
GRC,check,5
GRC,κεεμ,5
GRC,σακουλα απορ,5
GRC,μποσ,5
GRC,κρεμμυδι κατεψυ,5
GRC,μείγμα για κρέπες,5
GRC,επίδεσμος,5
GRC,crepi,5
GRC,Gre,5
GRC,babylino no4,5
GRC,καπνου,5
GRC,21.,5
GRC,πεσρο,5
GRC,7up zero,5
GRC,γλυλ,5
GRC,χυμό μήλο,5
GRC,ταμπασ,5
GRC,plastic gl,5
GRC,tital,5
GRC,greca,5
GRC,χκω,5
GRC,ηνη,5
GRC,τυρία,5
GRC,skipp,5
GRC,claus,5
GRC,σακπυλε,5
GRC,γας,5
GRC,γιαουρτι στραγγιστο 2,5
GRC,κοκιανδρο,5
GRC,ουτ,5
GRC,holy g,5
GRC,swii,5
GRC,τσαι κρυ,5
GRC,popo corn,5
GRC,dettol ρουχων,5
GRC,καβελα,5
GRC,αάτι,5
GRC,scooby doo,5
GRC,τομαρινια,5
GRC,mayonnaise light,5
GRC,λαιμς,5
GRC,κρεμα μαλλοων,5
GRC,φετες τυ,5
GRC,lollypop,5
GRC,Μπάρα πρωτεινης,5
GRC,κόκκιν,5
GRC,πατατακια tsakiris,5
GRC,worches,5
GRC,Old sp,5
GRC,κασέρι φετες,5
GRC,coffew,5
GRC,glives,5
GRC,βουυ,5
GRC,σουβλακι κοτοπουλο,5
GRC,μπυρες αν,5
GRC,καφεΐνη,5
GRC,χμος,5
GRC,snork,5
GRC,μανιταριων,5
GRC,μαυρισμ,5
GRC,γιαούρτι Ροδόπη,5
GRC,soupline μαλακτικο,5
GRC,φυσιολο,5
GRC,γάλα barista,5
GRC,Αλευι,5
GRC,θποσεντονα,5
GRC,decafeine,5
GRC,vegan γιαο,5
GRC,κατεψυγμενα λα,5
GRC,χατρ,5
GRC,ποτηράκια μιας,5
GRC,στερη,5
GRC,βανια,5
GRC,Yes,5
GRC,soap dishes,5
GRC,παντσε,5
GRC,αρωματιξο,5
GRC,Γιγαντες,5
GRC,Κολοκύθα,5
GRC,frozen frui,5
GRC,simple,5
GRC,στρατσιατέλα,5
GRC,με γαλ,5
GRC,τσιπούρο,5
GRC,waga,5
GRC,μαφια,5
GRC,Μπανανε,5
GRC,ροδουλ,5
GRC,καστανη χαχαρη,5
GRC,σαπουνι χρ,5
GRC,avacad,5
GRC,κρακερακ,5
GRC,Σαπο,5
GRC,αντικουνι,5
GRC,shampoo sulfate free,5
GRC,thoma,5
GRC,μάμ,5
GRC,οσοντοκρεμα,5
GRC,χαρτοπα,5
GRC,τρπυφα,5
GRC,κριτδιν,5
GRC,teeth white,5
GRC,cocnut water,5
GRC,μποξε,5
GRC,ladyfin,5
GRC,παγωτό με στεβια,5
GRC,naughty do,5
GRC,μουσρ,5
GRC,ρουβ,5
GRC,soya sos,5
GRC,μαρουλακι,5
GRC,bread sti,5
GRC,αγια,5
GRC,μορταδέλλα,5
GRC,καφες κοκοι,5
GRC,σπιτ,5
GRC,ρόφ,5
GRC,παγωτο βα,5
GRC,μαζ,5
GRC,καρύκευμα,5
GRC,nuli,5
GRC,Σωσίβιο,5
GRC,χυμο βυσσινο,5
GRC,ΜΑΛΑΚΤΙΚΑ,5
GRC,ΜΠΙΣΚΟ,5
GRC,tubl,5
GRC,tonoc,5
GRC,cour,5
GRC,αφρος μαλλοων,5
GRC,Black,5
GRC,seabass,5
GRC,βυζ,5
GRC,αλουμίνι,5
GRC,wheat bread,5
GRC,ομυ,5
GRC,gogi,5
GRC,φυλλο κρούστας,5
GRC,Τουρσι,5
GRC,garlik,5
GRC,ψυδι,5
GRC,οδοντογλι,5
GRC,kott,5
GRC,κακάο γάλα,5
GRC,μουρτα,5
GRC,λοσιό,5
GRC,σπογγοπετσέτα,5
GRC,αλατι χοντ,5
GRC,cello,5
GRC,ΠΙΠΕΡΙΑ,5
GRC,κρούστα,5
GRC,λαδοτυρι,5
GRC,swifee,5
GRC,σαρφε,5
GRC,σπιρια,5
GRC,tiborg,5
GRC,αλλοολ,5
GRC,πολυς,5
GRC,μπάρμπ,5
GRC,μαχαιροπίρουνα,5
GRC,καλομποκι,5
GRC,κεοκ,5
GRC,volume,5
GRC,oral b pro,5
GRC,Ρυζάλευρο,5
GRC,pumb,5
GRC,κοσκινο,5
GRC,usbc,5
GRC,Βοσ,5
GRC,widy,5
GRC,merenfa,5
GRC,καροτο λαχανο,5
GRC,λαμπριντικ,5
GRC,morion,5
GRC,chocal,5
GRC,septona αφρ,5
GRC,yogurt fruit,5
GRC,zuchin,5
GRC,αλατα πλυντηριου,5
GRC,bean sprouts,5
GRC,γάλα ad,5
GRC,σοκολατα σκονη,5
GRC,ολθμπος,5
GRC,κετσάπ,5
GRC,σκουπιδοσακούλες,5
GRC,ουσ,5
GRC,λιαστη ντ,5
GRC,γάλα λακ,5
GRC,πτι κπερ,5
GRC,χωρίς αλατ,5
GRC,σερβιετες ακρατ,5
GRC,κοραλλ,5
GRC,σαλάτσ,5
GRC,γαουρ,5
GRC,alimos,5
GRC,φρουτοκρεμ,5
GRC,σερβετακια,5
GRC,μανοταρ,5
GRC,μπυσ,5
GRC,toothbrus,5
GRC,aouroti,5
GRC,φετα ηπειρος light,5
GRC,διατροφι,5
GRC,Κατσικίσιο τυρί,5
GRC,σπό,5
GRC,παγωτα mo,5
GRC,πανες ενηλι,5
GRC,αππορυπαντικο,5
GRC,Lindt,5
GRC,Τσιγαρ,5
GRC,νερο μπ,5
GRC,αλλειμμ,5
GRC,γκαζακο,5
GRC,dishwasher tabs,5
GRC,βαλιτσες,5
GRC,ben n jerries,5
GRC,μωροα,5
GRC,stuffed,5
GRC,mr bea,5
GRC,lakto,5
GRC,σαλτσα πι,5
GRC,παγωτά κρι κρι,5
GRC,Soja,5
GRC,mac cain,5
GRC,φιστικοβουτυ,5
GRC,garden gourme,5
GRC,mini s,5
GRC,´α,5
GRC,Ranch,5
GRC,betty c,5
GRC,disposable cups,5
GRC,oat f,5
GRC,ζελε light,5
GRC,γιαούρτι ολυμπ,5
GRC,gant,5
GRC,ok mar,5
GRC,Κάρτες,5
GRC,I’ve cream,5
GRC,υγριας,5
GRC,dram,5
GRC,κοτονπ,5
GRC,Καρπού,5
GRC,οδονν,5
GRC,κρουασαν 7,5
GRC,alpro van,5
GRC,fitness granola,5
GRC,μπροαμ,5
GRC,αγαβης,5
GRC,χαρτι υγεας,5
GRC,μποσκοτο,5
GRC,σερδελα,5
GRC,κρεμοσαππυ,5
GRC,καιμάκι,5
GRC,σαβουάρ,5
GRC,carameli,5
GRC,μικροί κύριοι,5
GRC,κοντι,5
GRC,τροφες για γατες,5
GRC,βρεφικο γιαου,5
GRC,egg pasta,5
GRC,Μπισκο,5
GRC,ΛΑΚ,5
GRC,πατμε,5
GRC,μασκες προσωποθ,5
GRC,jumbo πατατακια,5
GRC,rasberies,5
GRC,frani,5
GRC,μακαρόνια καρ,5
GRC,γρεναδίνη,5
GRC,chupa c,5
GRC,πάνες ακρατει,5
GRC,πεινερλι,5
GRC,σάντουι,5
GRC,giant bags,5
GRC,elm,5
GRC,nicotine salts,5
GRC,στσ,5
GRC,milk 1,5
GRC,ποα,5
GRC,Ρούχων,5
GRC,σκορδος,5
GRC,ξυραφκια,5
GRC,μαρουλθ,5
GRC,μπιφτέκι λαχανικών,5
GRC,0 ζαχαρη,5
GRC,τρούφας,5
GRC,whea,5
GRC,radp,5
GRC,thebee,5
GRC,ice cree,5
GRC,ΝΕΣ,5
GRC,χυμουσ,5
GRC,ταουρ,5
GRC,lamb chops,5
GRC,Arl,5
GRC,φρέσκο ψω,5
GRC,κυων,5
GRC,κρέμα σωματο,5
GRC,punar,5
GRC,Finn crisp,5
GRC,νπα,5
GRC,διπλογεμιστα,5
GRC,γαλα πκηρες,5
GRC,ΤΥΡΙ ΣΕ ΦΕΤΕΣ,5
GRC,δυοσμπ,5
GRC,τραπεζομαντηλα,5
GRC,τσιμπηδα,5
GRC,ηλιοπρο,5
GRC,χυμο πορ,5
GRC,demakup,5
GRC,elvuve,5
GRC,βούτυρο αγελάδας,5
GRC,350,5
GRC,ozu,5
GRC,bee be,5
GRC,αποθηκευση ρουχων,5
GRC,τσατσαρων,5
GRC,περλ,5
GRC,κομπουχα,5
GRC,sans,5
GRC,υλικα του τοστ,5
GRC,χιδι,5
GRC,alma,5
GRC,μυρμηγκ,5
GRC,maa,5
GRC,milk caf,5
GRC,loukoumades,5
GRC,chicj,5
GRC,μείγμα για κρεπες,5
GRC,ηπειρος τριγωνακια,5
GRC,πεκορινι,5
GRC,bubble t,5
GRC,thamma,5
GRC,Μάσκα μαλλιών,5
GRC,byg,5
GRC,cotage cheese,5
GRC,pritt,5
GRC,Pea,5
GRC,διαβη,5
GRC,barl,5
GRC,μπούκοβ,5
GRC,χμο,5
GRC,χοιρινη ωμοπλατη,5
GRC,yogurt greek,5
GRC,Ketchu,5
GRC,πολυπρι,5
GRC,toilet r,5
GRC,πθπεριες,5
GRC,Ανίτα,5
GRC,ειδη παρτ,5
GRC,viral fr,5
GRC,κρυθαρα,5
GRC,magic πυρα,5
GRC,κρεμες π,5
GRC,ουγγα,5
GRC,nescafe de,5
GRC,μωρομαντξ,5
GRC,σελινορι,5
GRC,πατωματο,5
GRC,gluten freee,5
GRC,συς,5
GRC,βανιλιες σκονη,5
GRC,τυρι baby,5
GRC,γειά,5
GRC,τσιγαρα mar,5
GRC,Τυρί τριμ,5
GRC,Sour patch,5
GRC,ζαφ,5
GRC,παυσιπονο,5
GRC,μυχηθρα,5
GRC,lyon,5
GRC,φρουλες,5
GRC,tuna fish,5
GRC,3 Αλφα,5
GRC,play doh,5
GRC,Τορτελ,5
GRC,υγειινα,5
GRC,Νεκτ,5
GRC,fog,5
GRC,cucmb,5
GRC,σοκολάτα με,5
GRC,Pampers premium,5
GRC,liners,5
GRC,ρόφημα βρ,5
GRC,γυρο κοτοπουλο,5
GRC,gean,5
GRC,βυσσινσ,5
GRC,lurpaj,5
GRC,banoffe,5
GRC,heavy cr,5
GRC,τρεις μαγις,5
GRC,hair food,5
GRC,tube,5
GRC,μπεν,5
GRC,ohono,5
GRC,berger,5
GRC,water zagori,5
GRC,γαλατσ,5
GRC,σαντη,5
GRC,Μερέντ,5
GRC,φυσιολογικος,5
GRC,κοτομπουκιεζ,5
GRC,Ξυνονερο,5
GRC,κατεψηγμε,5
GRC,wqter,5
GRC,Τυρί για τοστ,5
GRC,σαλστ,5
GRC,πςγωτο,5
GRC,Ζαχαρίνη,5
GRC,mini babibel,5
GRC,σιτος,5
GRC,sfoy,5
GRC,βρόμη,5
GRC,90%,5
GRC,brezzer,5
GRC,cerveja,5
GRC,γαλοπουλα καπνιστή,5
GRC,κοτσοβολος,5
GRC,Camembert,5
GRC,mushrom,5
GRC,φιλέτο κ,5
GRC,tenaciou,5
GRC,αλατι μεσο,5
GRC,champig,5
GRC,1 2 bak,5
GRC,Sprinkles,5
GRC,υγρο πλην,5
GRC,πεϊ,5
GRC,μαρμελαδα ντοματας,5
GRC,τόνος σε ν,5
GRC,fuc,5
GRC,coca cola vanilla,5
GRC,ανθρακουχο νερ,5
GRC,φυτιλια,5
GRC,head & sh,5
GRC,everclean,5
GRC,our,5
GRC,chlorini,5
GRC,μπάρες πρωτ,5
GRC,Sausages,5
GRC,θς,5
GRC,χωρίς ζάχαρ,5
GRC,μαρμεκαδα,5
GRC,chipicao,5
GRC,Επιδόρπιο,5
GRC,καλαμάκια πλ,5
GRC,wurstel,5
GRC,καθαριατικα,5
GRC,λεβάντ,5
GRC,Γαντ,5
GRC,nektarin,5
GRC,hersheys,5
GRC,σακουλάκια τρο,5
GRC,σαπούνι χέρια,5
GRC,stuff,5
GRC,μελιν,5
GRC,nail polis,5
GRC,candarel,5
GRC,μπυμπας,5
GRC,ανθακο,5
GRC,ψαλίδια,5
GRC,αντιμουχλ,5
GRC,προφυλαξτικα,5
GRC,πιτες για σουβλακια,5
GRC,need,5
GRC,alcoho,5
GRC,βαλσμα,5
GRC,tumeri,5
GRC,Ρυζι μπονετ,5
GRC,21,5
GRC,membran,5
GRC,leon,5
GRC,coac,5
GRC,μυζυ,5
GRC,ρύζι κασ,5
GRC,crus,5
GRC,vasilo,5
GRC,παγωτό sandwich,5
GRC,Πορτοκαλ,5
GRC,αλλε,5
GRC,καφές στι,5
GRC,teki,5
GRC,φυστίκοβουτ,5
GRC,κτεμμυδια,5
GRC,χύ,5
GRC,αλς,5
GRC,le petit m,5
GRC,νερό για σιδερο,5
GRC,αλουμίν,5
GRC,σιρόπι ζάχαρης,5
GRC,capitone,5
GRC,MAG,5
GRC,λιπαρα μαλλια,5
GRC,rece,5
GRC,mac n chee,5
GRC,ρυζογκοφρερες,5
GRC,flexi,5
GRC,δενδρολί,5
GRC,ντοκατ,5
GRC,τσαι του,5
GRC,Pepsi lime,5
GRC,Oyster,5
GRC,kitten food,5
GRC,Μερέ,5
GRC,skip w,5
GRC,Φυτικό ρόφημα,5
GRC,Φαρμακειο,5
GRC,οδοντογλυφί,5
GRC,air fres,5
GRC,pocorn,5
GRC,lebor,5
GRC,εύ,5
GRC,Ρολό κουζίνας,5
GRC,laptop,5
GRC,γραβιέρα ναξου,5
GRC,σοκολατα κουβερτ,5
GRC,life tsa,5
GRC,βιολογικες πατατες,5
GRC,ζαχάρου ο,5
GRC,κρασί λε,5
GRC,old so,5
GRC,χυμός πορτοκ,5
GRC,ξηρα τρο,5
GRC,φέτα ελαφ,5
GRC,πτατες,5
GRC,κρεμα βανι,5
GRC,έτοιμο γ,5
GRC,φυστικοβπυ,5
GRC,καψουλεσ,5
GRC,life ice tea,5
GRC,garnier curl,5
GRC,grq,5
GRC,Ζελες,5
GRC,πολτοσ,5
GRC,hom,5
GRC,Finish,5
GRC,face mas,5
GRC,zoo,5
GRC,Ξυραφακι,5
GRC,double tape,5
GRC,exoti,5
GRC,μωρομαντηκ,5
GRC,ΣΑΚΟΥΛ,5
GRC,μαύρο πιπ,5
GRC,LA,5
GRC,pitsi,5
GRC,στεεγιου,5
GRC,domain,5
GRC,κρέμα σοκο,5
GRC,κετσαπ κυκνος,5
GRC,melita,5
GRC,γιαουρτι χωρις ζαχαρη,5
GRC,σαλτσα γ,5
GRC,αξεσουαρ,5
GRC,goods,5
GRC,Πελτές ντομάτας,5
GRC,Tof,5
GRC,ρεσι,5
GRC,maxi night,5
GRC,ΜΑΡΜΕΛΑΔΑ,5
GRC,σμπουαν,5
GRC,ντοματιξια,5
GRC,life καρ,5
GRC,globes,5
GRC,κοπτ,5
GRC,τριμμένη κ,5
GRC,φέτα ήπειρος,5
GRC,chep,5
GRC,μαντανος,5
GRC,meant,5
GRC,chp,5
GRC,ρογ,5
GRC,rice basma,5
GRC,wolt market μαρουσι,5
GRC,focaci,5
GRC,Γάντια μιας χρήσης,5
GRC,αρτομαν,5
GRC,γλυκό του κουταλιου,5
GRC,slim f,5
GRC,τσατσ,5
GRC,water 1.5l,5
GRC,λημν,5
GRC,φυλλο κανταιφι,5
GRC,Hair colour,5
GRC,σκονη πλη,5
GRC,ρυζοχα,5
GRC,αρωματικπ,5
GRC,parag,5
GRC,θεονι,5
GRC,shep,5
GRC,tresem,5
GRC,γαλοππυ,5
GRC,pokimon,5
GRC,αφρλουτρο,5
GRC,Βαφή μαλλιων,5
GRC,πνες,5
GRC,kouvertoura,5
GRC,fraise,5
GRC,Φύλλα ρυζιού,5
GRC,Παρα,5
GRC,κοτομπουκις,5
GRC,ριγαμ,5
GRC,παπαδημητριου,5
GRC,μπατωνετες,5
GRC,cutter,5
GRC,nan pro,5
GRC,gift set,5
GRC,αμπουλ,5
GRC,Καλαμπάκα,5
GRC,olf,5
GRC,σφουγγάρι κου,5
GRC,απορρυπαντικο ρουχω,5
GRC,Ασετόν,5
GRC,αλεο,5
GRC,μαλαλ,5
GRC,kinder de,5
GRC,feminine pads,5
GRC,χυλοπιτάκι,5
GRC,γεωργικ,5
GRC,αραω,5
GRC,snorkle,5
GRC,toilet wipe,5
GRC,ben and herry,5
GRC,cooci,5
GRC,bay lea,5
GRC,sea salt chips,5
GRC,cheesee,5
GRC,ζαμο,5
GRC,purple sha,5
GRC,cacha,5
GRC,ρυζογκοφτετες,5
GRC,Τοτ,5
GRC,μανητάρια,5
GRC,ψωμί πολ,5
GRC,κατίκο,5
GRC,τση,5
GRC,terrea sienna,5
GRC,μπάμι,5
GRC,alwas,5
GRC,αναξ,5
GRC,buckwe,5
GRC,Βοσινακη,5
GRC,αμμος για,5
GRC,bena,5
GRC,σακουλες σκού,5
GRC,zagori spar,5
GRC,κλοστη,5
GRC,γακο,5
GRC,mear,5
GRC,παφος,5
GRC,Μπεικ,5
GRC,κρέμα ζα,5
GRC,vanilla ex,5
GRC,μπισκοτα κανελας,5
GRC,πατώμ,5
GRC,ιμαλα,5
GRC,cade,5
GRC,μπισκου,5
GRC,ioli,5
GRC,bare,5
GRC,σαμποθαν,5
GRC,σέλιν,5
GRC,dove fresh,5
GRC,του τοπο,5
GRC,πΤ,5
GRC,always dis,5
GRC,maria,5
GRC,σαλρσα,5
GRC,μαγιοζε,5
GRC,κρέμα λεμονιού,5
GRC,noobles,5
GRC,Sponge,5
GRC,μαντηλακια ντε,5
GRC,γφ,5
GRC,γιαουρτι adv,5
GRC,Schar,5
GRC,Χρυ,5
GRC,σεσκο,5
GRC,easy h,5
GRC,Φίλτρα,5
GRC,αναψυκτικσ,5
GRC,τσίπουρ,5
GRC,γαντζ,5
GRC,tomato pure,5
GRC,hair mist,5
GRC,picc,5
GRC,lactopet kitten,5
GRC,ΤΣΙΧΛ,5
GRC,πατατες μπαρμπα,5
GRC,kalamat,5
GRC,σορμ,5
GRC,ρυζι γι,5
GRC,citaline,5
GRC,περγαμ,5
GRC,ανετ,5
GRC,fabric con,5
GRC,μανιτάρια κονσε,5
GRC,seoto,5
GRC,fifa w,5
GRC,σκουφακι κολυμβησης,5
GRC,Αντικουνου,5
GRC,παρμεζαα,5
GRC,ρεβιθαδα,5
GRC,afa,5
GRC,σακούλες γιγας,5
GRC,λακτόη,5
GRC,ΦΡΟΥΤ,5
GRC,zero 1.5,5
GRC,parke,5
GRC,tuk,5
GRC,naturalco,5
GRC,zillion’s,5
GRC,ζωρις,5
GRC,nature tech,5
GRC,Brie,5
GRC,σερβιρτε,5
GRC,Αναν,5
GRC,Κρέμα γαλα,5
GRC,απορρυπαντικο πατωμα,5
GRC,bonduel,5
GRC,budd,5
GRC,terrea siena,5
GRC,ελαολ,5
GRC,num,5
GRC,γαντια νι,5
GRC,cat dood,5
GRC,mini mozzarella,5
GRC,μικρά νερά,5
GRC,κρεμα γελα,5
GRC,bc,5
GRC,ξηροο,5
GRC,γαλα ολυμπος βιολογικο,5
GRC,body sponge,5
GRC,olysan,5
GRC,απεντ,5
GRC,pipcorn,5
GRC,fairy liquid,5
GRC,nesspres,5
GRC,κρεμθδι,5
GRC,δημητριακων,5
GRC,greek frozen,5
GRC,καρδαμ,5
GRC,ice creme,5
GRC,Bond,5
GRC,καστανη ζαχαρ,5
GRC,αλλειμ,5
GRC,μητσι,5
GRC,cola lemon,5
GRC,thym,5
GRC,συμπλη,5
GRC,πρεσα,5
GRC,καλοδ,5
GRC,goat yo,5
GRC,speculous,5
GRC,σιρόπι σοκολάτα,5
GRC,νουνπυ,5
GRC,totsl,5
GRC,Passion fruit,5
GRC,υδ,5
GRC,guacamo,5
GRC,αμθρα,5
GRC,πράσινο τσα,5
GRC,ημερο,5
GRC,κρεωπ,5
GRC,χςρτι,5
GRC,sugar free chocolate,5
GRC,σαβαρ,5
GRC,Χαλβατζή,5
GRC,πολυχρ,5
GRC,κρυσταλλ,5
GRC,viski,5
GRC,corn flakes bio,5
GRC,Μπάρα σαπουνιού,5
GRC,mozarwlla,5
GRC,gigantes,5
GRC,dimp,5
GRC,panth,5
GRC,αδιαβροχ,5
GRC,white c,5
GRC,Lugo profonto,5
GRC,ponstan,5
GRC,λαλικος,5
GRC,εθν,5
GRC,Τρουφ,5
GRC,κρέμες προσώπου,5
GRC,μειγμα για κεικ,5
GRC,γιαιυρτια,5
GRC,Philadelphia light,5
GRC,πλγ,5
GRC,oreo small,5
GRC,maestro,5
GRC,irganic,5
GRC,baby leaf,5
GRC,μαστιχον,5
GRC,bitter le,5
GRC,μαλαξτικο,5
GRC,Ντεμακιγιάζ,5
GRC,granola χωρις,5
GRC,κρυσταλικη ζαχαρη,5
GRC,μπουτια κοτ,5
GRC,chips tza,5
GRC,μαιονε,5
GRC,Ρεβυθ,5
GRC,humo,5
GRC,δημιτρια,5
GRC,alcol,5
GRC,Miranda,5
GRC,conjac,5
GRC,Λήμνου,5
GRC,hell green,5
GRC,ζύμη πιτσα,5
GRC,αντικολλητικό χαρτί ψησίματος,5
GRC,μακαρονια καροτο,5
GRC,Υγρ,5
GRC,λεμν,5
GRC,πατατάκια ξύδι,5
GRC,κρεμοδ,5
GRC,magnus,5
GRC,γάλα ολυμπο,5
GRC,ctt,5
GRC,υγρο γενικου,5
GRC,παγωτο στεβ,5
GRC,ipe,5
GRC,υγρο γενικη,5
GRC,water shoes,5
GRC,βαλσαμικο μελι,5
GRC,nany,5
GRC,macarrao,5
GRC,bio adv,5
GRC,mezcal,5
GRC,παγωμένο,5
GRC,σπδες,5
GRC,ΤΣ,5
GRC,μπασμά,5
GRC,ιχθυοπωλειο,5
GRC,μωρομαντιλο,5
GRC,ορό,5
GRC,l'ore,5
GRC,hand gel,5
GRC,prop,5
GRC,brik,5
GRC,condes,5
GRC,γλυκια,5
GRC,ΣΑΛΑΤΕΣ,5
GRC,νερό βίκος,5
GRC,γιαούρτι Δωδώνη,5
GRC,πιτάκι,5
GRC,topo,5
GRC,hipr,5
GRC,Χαρτομα,5
GRC,cheese ball,5
GRC,φριτεζα αερος,5
GRC,μαυροματι,5
GRC,calm,5
GRC,bbq sau,5
GRC,anti frizz,5
GRC,riceca,5
GRC,e food,5
GRC,γαλοτύρι,5
GRC,αντικουνουπικο σπρέι,5
GRC,μπαντονε,5
GRC,swifte,5
GRC,Χαρτικά,5
GRC,int,5
GRC,goirmet,5
GRC,αγγουτια,5
GRC,Μι,5
GRC,nutriva,5
GRC,ηλεκτρονι,5
GRC,arlpro,5
GRC,γαλα ο,5
GRC,παγωτά 0%,5
GRC,γιαουρτι φρουτα,5
GRC,κριτσινξα,5
GRC,τυρι ηπειρο,5
GRC,αποσμητικο axe,5
GRC,ζαλ,5
GRC,μπαχαρια,5
GRC,γυροε,5
GRC,skitles,5
GRC,καφςς,5
GRC,dumbl,5
GRC,Ac,5
GRC,πιπρι,5
GRC,δά,5
GRC,κατσελης ψωμι,5
GRC,απορρύπαντικο,5
GRC,τυρί γκ,5
GRC,μανιτσ,5
GRC,τριμμένη φρυγανια,5
GRC,toti,5
GRC,rice papper,5
GRC,illy iper,5
GRC,Ποτηρια,5
GRC,Μινέρβα,5
GRC,σίκαλ,5
GRC,μοσχαρισιο κιμα,5
GRC,all day,5
GRC,γιαουρτια 2%,5
GRC,milk 1.5%,5
GRC,minched,5
GRC,δέλτα adva,5
GRC,manuka,5
GRC,αγροκτημα,5
GRC,φαγε φραουλα,5
GRC,βτομα,5
GRC,wote,5
GRC,τυρί με,5
GRC,φέτες το,5
GRC,taziki,5
GRC,klinne,5
GRC,χιρ,5
GRC,παιδικο απορρυπαντικο,5
GRC,alpro γιαο,5
GRC,buckweat,5
GRC,no la,5
GRC,habit,5
GRC,mada,5
GRC,xαρτ,5
GRC,πασατεμ,5
GRC,αρτοσκευασματα,5
GRC,curling iron,5
GRC,σφυγ,5
GRC,φυαλακ,5
GRC,murrati,5
GRC,ωουτυρο,5
GRC,tire up,5
GRC,zucherino,5
GRC,revlon,5
GRC,viono,5
GRC,γιαούρτι φαγ,5
GRC,therm,5
GRC,faber,5
GRC,cachew,5
GRC,του ψωμα,5
GRC,kreat,5
GRC,cpca,5
GRC,γάλα βρεφικό,5
GRC,rafle,5
GRC,πανρ,5
GRC,Ροφημα,5
GRC,λιαστή ντομάτα,5
GRC,κρασι ξηρο,5
GRC,ΧΛΩ,5
GRC,είδη παρ,5
GRC,επιφαν,5
GRC,yumm,5
GRC,Algida,5
GRC,υγρό κου,5
GRC,σφουγγαρια μπανιου,5
GRC,steve,5
GRC,ενζυμ,5
GRC,μακακτικο,5
GRC,καφες λο,5
GRC,χυμό πορτο,5
GRC,τυρι φερα,5
GRC,φυτικο ροφ,5
GRC,κυπουρου,5
GRC,cream crsckers,5
GRC,μπρετσελ,5
GRC,Βασιλοπουλος,5
GRC,washing up li,5
GRC,pollare,5
GRC,χυλος,5
GRC,πάνες ακρατε,5
GRC,πανη,5
GRC,σσλ,5
GRC,νερο 500 ml,5
GRC,βερμ,5
GRC,vegan μ,5
GRC,tyrkey,5
GRC,aushi,5
GRC,προφυλακτοκα,5
GRC,κοτοποο,5
GRC,africa,5
GRC,anef,5
GRC,combo,5
GRC,φιλαράκια,5
GRC,νουνου power,5
GRC,sabon,5
GRC,αυγα 12,5
GRC,dishwashe,5
GRC,corncakes,5
GRC,φρυγανιες παπαδοπουλου,5
GRC,chaz,5
GRC,σοδα ροζ,5
GRC,αλευε,5
GRC,65,5
GRC,τυιρ,5
GRC,τεμπερες,5
GRC,ωωμι τοστ,5
GRC,κοφτο μα,5
GRC,Πολύμπριζο,5
GRC,sun dr,5
GRC,επιτ,5
GRC,sudocrem,5
GRC,σιροπι β,5
GRC,μαρινά,5
GRC,ηαρ,5
GRC,due,5
GRC,βούρτσες,5
GRC,σταυρολεξο,5
GRC,yugu,5
GRC,choclate chips,5
GRC,ελαιοκαδο,5
GRC,λουκάνικοπιτακια,5
GRC,papmpers,5
GRC,gib,5
GRC,Ζέας,5
GRC,zans,5
GRC,χαλιύμι,5
GRC,παπαδοπυ,5
GRC,Ασετ,5
GRC,βουτρυ,5
GRC,ηλεκτρολυτε,5
GRC,tortilla small,5
GRC,παπαγάλος,5
GRC,sheep yogurt,5
GRC,μελεκουν,5
GRC,χωριο φετα,5
GRC,coca vol,5
GRC,απιονισμέ,5
GRC,capuci,5
GRC,nim,5
GRC,εσωρουχο,5
GRC,nool,5
GRC,καθαριστικο για πατωμα,5
GRC,bampers,5
GRC,κοιν,5
GRC,μπουκαλι θερμος,5
GRC,μπάρμπα στα,5
GRC,φη,5
GRC,white choclate,5
GRC,ice cream sand,5
