Country,Query,Searches
HUN,tej,21659
HUN,sajt,18199
HUN,paradicsom,12259
HUN,kenyér,10860
HUN,cola,10024
HUN,chips,9746
HUN,sonka,9585
HUN,vaj,9012
HUN,tojás,8744
HUN,csirke,8653
HUN,csirkemell,8571
HUN,hell,8048
HUN,uborka,7971
HUN,hagyma,7829
HUN,tejföl,7196
HUN,tejf,6812
HUN,joghurt,6591
HUN,tojas,6453
HUN,paprika,6444
HUN,virsli,6229
HUN,monster,5936
HUN,pizza,5855
HUN,citrom,5843
HUN,sör,5784
HUN,rizs,5769
HUN,víz,5743
HUN,sz,5558
HUN,kenyer,5550
HUN,krumpli,5530
HUN,viz,5384
HUN,kukorica,5384
HUN,magnum,5351
HUN,saláta,5348
HUN,protein,5328
HUN,coca,5178
HUN,jégkrém,4936
HUN,keny,4925
HUN,bacon,4858
HUN,water,4840
HUN,tejfol,4788
HUN,zsemle,4731
HUN,wc,4692
HUN,zero,4610
HUN,olaj,4406
HUN,liszt,4267
HUN,milk,4122
HUN,kinder,4085
HUN,alpro,4058
HUN,milka,4025
HUN,tortilla,4024
HUN,jana,4016
HUN,tészta,4001
HUN,kávé,3962
HUN,kifli,3917
HUN,pepsi,3885
HUN,jég,3840
HUN,alma,3817
HUN,bor,3770
HUN,burgonya,3759
HUN,tea,3750
HUN,szörp,3682
HUN,túró,3644
HUN,xixo,3374
HUN,toj,3325
HUN,feta,3312
HUN,vodka,3290
HUN,chicken,3284
HUN,turo,3235
HUN,dinnye,3195
HUN,fokhagyma,3124
HUN,fagyi,3118
HUN,bread,3082
HUN,fanta,3076
HUN,salata,3074
HUN,csoki,3069
HUN,cukor,3067
HUN,banán,3061
HUN,tejszin,3041
HUN,vilgain,3014
HUN,tejszín,2949
HUN,bab,2947
HUN,tonhal,2942
HUN,ice,2907
HUN,darált,2841
HUN,sushi,2818
HUN,teszta,2815
HUN,apenta,2791
HUN,keksz,2783
HUN,nutella,2753
HUN,leves,2740
HUN,gomba,2696
HUN,ketchup,2642
HUN,tejsz,2606
HUN,coca cola,2554
HUN,cheese,2534
HUN,jegkrem,2514
HUN,gy,2511
HUN,pesto,2455
HUN,redbull,2443
HUN,sal,2398
HUN,dar,2384
HUN,szalámi,2368
HUN,lime,2368
HUN,répa,2338
HUN,fagyasztott,2319
HUN,lazac,2312
HUN,eggs,2281
HUN,zab,2255
HUN,banan,2240
HUN,power,2239
HUN,ice cream,2232
HUN,majonéz,2230
HUN,egg,2208
HUN,pap,2201
HUN,kolbász,2194
HUN,fagylalt,2175
HUN,tomato,2173
HUN,kave,2172
HUN,skyr,2160
HUN,görög,2158
HUN,mozzarella,2139
HUN,gör,2129
HUN,cukormentes,2129
HUN,szalonna,2105
HUN,só,2093
HUN,eper,2090
HUN,wc papir,2079
HUN,macska,2066
HUN,rice,2065
HUN,túr,2064
HUN,jégkr,2062
HUN,parad,2035
HUN,marha,2024
HUN,cottage,2018
HUN,szemetes,1990
HUN,barack,1981
HUN,lays,1971
HUN,oliva,1971
HUN,popcorn,1958
HUN,onion,1947
HUN,laktózmentes,1941
HUN,para,1936
HUN,toast,1899
HUN,spagetti,1884
HUN,zewa,1874
HUN,buldak,1853
HUN,sprite,1850
HUN,puding,1844
HUN,majon,1830
HUN,hamburger,1828
HUN,gluténmentes,1820
HUN,szendvics,1796
HUN,ice tea,1784
HUN,ásványvíz,1778
HUN,narancs,1771
HUN,kefir,1742
HUN,bors,1741
HUN,ropi,1731
HUN,pasta,1727
HUN,butter,1705
HUN,lakt,1701
HUN,cappy,1678
HUN,paradi,1672
HUN,grill,1658
HUN,te,1638
HUN,mizo,1631
HUN,fuze,1629
HUN,majonez,1625
HUN,gyümölcs,1616
HUN,cserpes,1614
HUN,tonic,1605
HUN,tofu,1595
HUN,felvágott,1585
HUN,ben,1582
HUN,powerade,1577
HUN,asvanyviz,1521
HUN,lipton,1511
HUN,ecet,1507
HUN,granola,1496
HUN,daralt,1463
HUN,pick,1459
HUN,fagy,1456
HUN,repa,1446
HUN,reszelt sajt,1443
HUN,gyüm,1443
HUN,szalami,1441
HUN,energia,1438
HUN,kakaó,1432
HUN,margarin,1432
HUN,mandula,1431
HUN,reszelt,1431
HUN,bolognai,1431
HUN,meggy,1428
HUN,hús,1425
HUN,cukkini,1422
HUN,gumicukor,1419
HUN,red bull,1418
HUN,chio,1395
HUN,wc papír,1384
HUN,lemon,1383
HUN,öblítő,1382
HUN,baba,1382
HUN,cheddar,1374
HUN,kapor,1369
HUN,hal,1366
HUN,sor,1352
HUN,petrezselyem,1347
HUN,glut,1340
HUN,jeg,1326
HUN,domestos,1319
HUN,kakao,1318
HUN,káv,1313
HUN,vegan,1311
HUN,szappan,1307
HUN,nedves,1305
HUN,szal,1303
HUN,kolb,1302
HUN,lila,1300
HUN,tuna,1289
HUN,wc pap,1288
HUN,cs,1282
HUN,papir,1277
HUN,red,1260
HUN,pa,1260
HUN,beef,1256
HUN,yogurt,1255
HUN,vör,1251
HUN,coffee,1250
HUN,carte,1248
HUN,ban,1245
HUN,ásv,1238
HUN,lilahagyma,1225
HUN,beer,1224
HUN,steak,1214
HUN,kolbasz,1209
HUN,kutya,1207
HUN,papír,1204
HUN,salad,1182
HUN,zs,1177
HUN,almalé,1175
HUN,borsó,1173
HUN,kókusz,1164
HUN,sajtkrém,1162
HUN,par,1161
HUN,yoghurt,1157
HUN,párizsi,1157
HUN,kola,1156
HUN,nachos,1153
HUN,málna,1147
HUN,mustár,1143
HUN,Magnum,1141
HUN,papírt,1139
HUN,barilla,1137
HUN,gorog,1135
HUN,méz,1131
HUN,hot dog,1122
HUN,tampon,1119
HUN,kokusz,1115
HUN,pringles,1107
HUN,co,1101
HUN,so,1096
HUN,chocolate,1094
HUN,pop,1093
HUN,kubu,1091
HUN,zeller,1089
HUN,garlic,1085
HUN,to,1081
HUN,kaka,1079
HUN,peroni,1078
HUN,brokkoli,1077
HUN,citromlé,1074
HUN,kr,1073
HUN,gin,1073
HUN,öbl,1071
HUN,dreher,1071
HUN,ma,1070
HUN,udito,1070
HUN,szent,1069
HUN,ke,1067
HUN,sa,1066
HUN,vajkrém,1065
HUN,zabtej,1063
HUN,szénsavas,1059
HUN,szivacs,1059
HUN,laktozmentes,1050
HUN,mosószer,1050
HUN,avok,1049
HUN,potato,1047
HUN,szorp,1038
HUN,smack,1036
HUN,áfonya,1036
HUN,menta,1032
HUN,máj,1030
HUN,üdítő,1021
HUN,mascarpone,1020
HUN,csir,1018
HUN,polcz,1016
HUN,fok,1015
HUN,hus,1013
HUN,chili,1008
HUN,májkrém,1006
HUN,oblito,1001
HUN,corn,999
HUN,hummus,998
HUN,haribo,995
HUN,bazsalikom,994
HUN,mogyoró,987
HUN,felv,987
HUN,pék,987
HUN,csirk,986
HUN,irsai,983
HUN,zöldség,983
HUN,szósz,979
HUN,cream,978
HUN,majo,977
HUN,jégk,976
HUN,burn,974
HUN,mango,970
HUN,mozarella,968
HUN,mososzer,967
HUN,moso,966
HUN,sio,959
HUN,mizse,954
HUN,mos,954
HUN,lencse,952
HUN,turo rudi,948
HUN,turorudi,944
HUN,oil,942
HUN,oatly,941
HUN,vegán,940
HUN,alkoholmentes,938
HUN,papirtorlo,936
HUN,elem,936
HUN,tusf,931
HUN,oreo,930
HUN,parmezán,930
HUN,süt,930
HUN,pulyka,929
HUN,müzli,928
HUN,glutenmentes,926
HUN,banana,924
HUN,instant,920
HUN,ásványv,920
HUN,ásvány,918
HUN,toilet,915
HUN,kenyé,915
HUN,cheetos,909
HUN,durex,909
HUN,traubi,901
HUN,chip,900
HUN,karaj,899
HUN,vörös,899
HUN,cottage cheese,897
HUN,zero cola,895
HUN,rudi,895
HUN,paradics,891
HUN,gyumolcs,886
HUN,cola zero,885
HUN,papírtörlő,883
HUN,spar,883
HUN,sajtos,883
HUN,édes,881
HUN,ham,878
HUN,jé,876
HUN,avokado,876
HUN,öblít,875
HUN,felvagott,875
HUN,anjuna,873
HUN,fogkrém,870
HUN,csirkecomb,869
HUN,gumi,868
HUN,borso,867
HUN,túró rudi,867
HUN,afonya,867
HUN,chi,864
HUN,savany,861
HUN,pepper,858
HUN,coke,856
HUN,mosogat,856
HUN,parmez,854
HUN,csemege,851
HUN,parmezan,850
HUN,kovászos,848
HUN,petre,848
HUN,lego,845
HUN,eisberg,843
HUN,sertés,842
HUN,medve,841
HUN,kov,840
HUN,trappista,840
HUN,borotva,837
HUN,feh,835
HUN,sanytol,830
HUN,toalett,826
HUN,energiaital,826
HUN,ubor,826
HUN,cider,825
HUN,zsír,823
HUN,hotdog,823
HUN,mozza,819
HUN,nestea,819
HUN,prosecco,817
HUN,fűszer,816
HUN,miller,816
HUN,darált hús,813
HUN,betét,811
HUN,vanilia,810
HUN,fuzetea,810
HUN,juice,806
HUN,spenót,805
HUN,pöttyös,804
HUN,lekvár,804
HUN,humusz,800
HUN,zsemlemorzsa,798
HUN,zse,796
HUN,torta,791
HUN,alnatura,786
HUN,mo,786
HUN,burg,784
HUN,csokoládé,784
HUN,tejfö,784
HUN,csok,783
HUN,asvany,783
HUN,kóla,782
HUN,csi,782
HUN,ch,775
HUN,gyömbér,774
HUN,sampon,774
HUN,csirkemell sonka,772
HUN,szentkir,772
HUN,ba,770
HUN,ken,765
HUN,narancslé,764
HUN,avocado,764
HUN,mosogató,762
HUN,vir,761
HUN,mirelit,761
HUN,lindt,759
HUN,gyros,757
HUN,must,756
HUN,konzerv,752
HUN,sajtkr,752
HUN,karfiol,746
HUN,salt,744
HUN,cucumber,742
HUN,knorr,739
HUN,élesztő,739
HUN,pelenka,739
HUN,zsebkendő,739
HUN,jogh,738
HUN,krém,735
HUN,kuko,734
HUN,vajkrem,730
HUN,light,728
HUN,mag,727
HUN,vöröshagyma,725
HUN,sp,724
HUN,fog,724
HUN,rukkola,724
HUN,parizsi,720
HUN,sió,719
HUN,tusfürdő,717
HUN,soba,715
HUN,mozz,714
HUN,gullon,713
HUN,penne,712
HUN,tort,711
HUN,citr,710
HUN,vajkr,709
HUN,parme,708
HUN,oat,707
HUN,kalács,706
HUN,savanyú,704
HUN,virs,703
HUN,pita,700
HUN,zabpehely,700
HUN,ariel,698
HUN,avo,698
HUN,almal,697
HUN,kinley,696
HUN,mogyi,694
HUN,sajtkrem,694
HUN,mustar,693
HUN,salmon,689
HUN,fehér,688
HUN,coc,687
HUN,krum,687
HUN,porcukor,684
HUN,spenot,683
HUN,ubork,680
HUN,nescafe,680
HUN,mosó,678
HUN,mayo,677
HUN,perec,675
HUN,szotyi,675
HUN,túrórudi,674
HUN,wrap,672
HUN,szensavas,669
HUN,po,669
HUN,zseb,669
HUN,pro,666
HUN,daralt hus,664
HUN,bagett,663
HUN,greek,662
HUN,lenor,660
HUN,malna,659
HUN,parm,659
HUN,spen,657
HUN,lasagne,654
HUN,matcha,653
HUN,piros,653
HUN,görög joghurt,651
HUN,snack,651
HUN,somersby,649
HUN,dezodor,648
HUN,daralthus,647
HUN,meat,645
HUN,muzli,645
HUN,avokádó,645
HUN,rice up,644
HUN,leveles,642
HUN,gouda,642
HUN,soproni,640
HUN,mosogato,639
HUN,bueno,639
HUN,szentkirályi,638
HUN,rágó,637
HUN,cherry,636
HUN,chia,636
HUN,tejszelet,635
HUN,ceres,635
HUN,májkr,633
HUN,toilet paper,631
HUN,bio,631
HUN,jar,631
HUN,szőlő,629
HUN,maggi,629
HUN,szentkiralyi,628
HUN,káposzta,627
HUN,wine,625
HUN,col,625
HUN,tarja,625
HUN,kuk,624
HUN,mogyoro,622
HUN,papr,621
HUN,fehérje,620
HUN,márka,619
HUN,ginger,615
HUN,fogkefe,613
HUN,royal,613
HUN,sport,612
HUN,tusfurdo,612
HUN,retek,611
HUN,sugar,610
HUN,majkrem,609
HUN,natur,608
HUN,koriander,608
HUN,hagy,607
HUN,nes,605
HUN,zöld,602
HUN,apple,599
HUN,kefír,598
HUN,gofri,595
HUN,trapista,595
HUN,saj,594
HUN,bur,594
HUN,jog,591
HUN,csipsz,588
HUN,teh,587
HUN,van,585
HUN,topjoy,582
HUN,jégkré,582
HUN,főz,582
HUN,gyümölcslé,581
HUN,sze,580
HUN,tuc,580
HUN,zsem,578
HUN,csirkem,575
HUN,ka,573
HUN,pötty,572
HUN,nektarin,572
HUN,mogyor,570
HUN,puffasztott,568
HUN,gyömb,567
HUN,maj,567
HUN,darálthús,566
HUN,éleszt,565
HUN,abonett,564
HUN,tonik,564
HUN,salá,563
HUN,fa,562
HUN,emese,561
HUN,ket,561
HUN,buci,557
HUN,actimel,554
HUN,kukor,552
HUN,fuze tea,552
HUN,sö,551
HUN,7days,551
HUN,paradicso,551
HUN,pe,550
HUN,füst,550
HUN,coconut,549
HUN,mon,549
HUN,carrot,549
HUN,ubo,548
HUN,cékla,548
HUN,veg,548
HUN,kru,548
HUN,flour,547
HUN,croissant,545
HUN,bulgur,545
HUN,yopro,545
HUN,sütemény,545
HUN,fokh,543
HUN,ásvá,543
HUN,hugo,542
HUN,sárga,542
HUN,kukori,541
HUN,dove,541
HUN,jager,540
HUN,danone,540
HUN,vegeta,537
HUN,rauch,536
HUN,vi,535
HUN,rama,534
HUN,hot,534
HUN,ha,534
HUN,moto,532
HUN,citroml,532
HUN,mons,532
HUN,franui,530
HUN,szől,528
HUN,biotech,528
HUN,sert,527
HUN,taco,527
HUN,spuds,526
HUN,fogkr,526
HUN,sonk,526
HUN,pi,526
HUN,torti,525
HUN,san,525
HUN,bana,523
HUN,laktóz,522
HUN,paprik,522
HUN,pezsgő,520
HUN,yo,519
HUN,al,519
HUN,koktél,518
HUN,tök,518
HUN,alom,517
HUN,honey,516
HUN,soap,516
HUN,Carte,516
HUN,tesco,516
HUN,nespresso,515
HUN,papírtörl,514
HUN,virsl,513
HUN,fo,512
HUN,lekv,512
HUN,alkohol,512
HUN,magn,508
HUN,ananász,507
HUN,vega,507
HUN,teljes,506
HUN,riso,505
HUN,csokol,505
HUN,zseml,503
HUN,szentki,503
HUN,nacho,503
HUN,burger,502
HUN,darál,501
HUN,joghu,500
HUN,tarhonya,500
HUN,csicseri,496
HUN,kometa,496
HUN,starbucks,494
HUN,szója,494
HUN,szen,493
HUN,purina,493
HUN,krémsajt,493
HUN,phila,493
HUN,fánk,492
HUN,anan,492
HUN,pizz,491
HUN,bet,490
HUN,fogkrem,489
HUN,snickers,489
HUN,készétel,488
HUN,pr,488
HUN,ká,488
HUN,ca,487
HUN,cereal,486
HUN,olive,485
HUN,kecske,484
HUN,étcsokoládé,484
HUN,ramen,482
HUN,haj,482
HUN,gyomber,481
HUN,sausage,481
HUN,füstölt,481
HUN,curry,480
HUN,magija,480
HUN,nut,480
HUN,cream cheese,477
HUN,piszt,477
HUN,moz,476
HUN,sütő,475
HUN,salsa,475
HUN,szóda,475
HUN,voroshagyma,474
HUN,pep,473
HUN,tor,471
HUN,cake,471
HUN,pogácsa,470
HUN,pisztácia,470
HUN,hagym,470
HUN,vatta,470
HUN,koffeinmentes,468
HUN,powe,467
HUN,almale,467
HUN,coco,467
HUN,noodles,466
HUN,zsebkend,466
HUN,orange,465
HUN,passata,465
HUN,zoldseg,464
HUN,rum,461
HUN,kokt,460
HUN,kef,459
HUN,wc p,458
HUN,ri,458
HUN,olive oil,457
HUN,laktoz,457
HUN,carbonara,457
HUN,roberto,456
HUN,cornetto,456
HUN,jo,455
HUN,papri,455
HUN,zsömle,454
HUN,nute,453
HUN,peps,453
HUN,törl,453
HUN,oregano,452
HUN,kovaszos,452
HUN,dió,451
HUN,fruit,451
HUN,gabona,451
HUN,ko,450
HUN,dare,450
HUN,tissue,450
HUN,csiki,449
HUN,aperol,448
HUN,khell,448
HUN,fahéj,448
HUN,tejszinhab,447
HUN,görö,447
HUN,zsebkendo,446
HUN,paper,446
HUN,sauce,445
HUN,spa,445
HUN,icecream,444
HUN,tus,444
HUN,lekvar,444
HUN,gluten,443
HUN,fehérbor,442
HUN,jogobella,441
HUN,citro,441
HUN,kocka,441
HUN,szö,440
HUN,tejs,440
HUN,ketch,440
HUN,sava,440
HUN,coca cola zero,439
HUN,doritos,439
HUN,májas,438
HUN,coccolino,437
HUN,7up,437
HUN,édesburgonya,435
HUN,zölds,434
HUN,pezsg,434
HUN,haagen,434
HUN,fish,431
HUN,sza,431
HUN,pampers,431
HUN,gyertya,431
HUN,papirt,431
HUN,tur,429
HUN,bbq,428
HUN,dará,426
HUN,brownie,426
HUN,cro,426
HUN,glutén,426
HUN,tojá,426
HUN,sűrített,425
HUN,fül,425
HUN,ayran,425
HUN,ci,424
HUN,laktózmentes tej,424
HUN,le,424
HUN,salát,424
HUN,marlenka,423
HUN,burrata,423
HUN,heineken,422
HUN,mascar,422
HUN,bu,422
HUN,szolo,422
HUN,vod,419
HUN,kigyo,419
HUN,lurpak,418
HUN,hab,417
HUN,tú,417
HUN,peanut,416
HUN,sós,416
HUN,kesu,415
HUN,édesség,415
HUN,ketc,415
HUN,savanyu,415
HUN,savas,414
HUN,vanília,414
HUN,kész,414
HUN,darálth,412
HUN,szoda,412
HUN,m&m,412
HUN,mandulatej,412
HUN,citromos,412
HUN,habtejszin,410
HUN,zabkása,410
HUN,kapszula,409
HUN,monst,408
HUN,kombucha,407
HUN,krumpl,406
HUN,light sajt,406
HUN,felix,406
HUN,mentes,405
HUN,gnocchi,404
HUN,kak,404
HUN,frozen,404
HUN,növ,404
HUN,shampoo,403
HUN,ajax,403
HUN,camambert,402
HUN,citromle,402
HUN,csemege uborka,401
HUN,voros,401
HUN,sűr,400
HUN,pottyos,400
HUN,tusfürd,400
HUN,edes,399
HUN,gorog joghurt,399
HUN,tejszí,399
HUN,fokhagy,398
HUN,orbit,398
HUN,balzsam,398
HUN,kaposzta,397
HUN,cerbona,396
HUN,bocco,395
HUN,gabonapehely,394
HUN,pilota,394
HUN,ki,394
HUN,csirkeme,393
HUN,darált h,393
HUN,csokolade,393
HUN,nuts,393
HUN,tortill,392
HUN,óvszer,392
HUN,pork,392
HUN,szend,392
HUN,jégkocka,389
HUN,mogyoróvaj,389
HUN,aszalt,389
HUN,corona,389
HUN,always,388
HUN,parmesan,388
HUN,rose,388
HUN,zöldborsó,388
HUN,kol,387
HUN,nokedli,387
HUN,kal,386
HUN,sárgarépa,386
HUN,má,386
HUN,mi,383
HUN,leveskocka,383
HUN,sült,383
HUN,pan,383
HUN,főző,382
HUN,barista,382
HUN,kitkat,382
HUN,dr,382
HUN,su,382
HUN,va,381
HUN,jalapeno,381
HUN,üd,381
HUN,nicks,381
HUN,kuka,381
HUN,kígyó,381
HUN,takis,380
HUN,la,380
HUN,dörmi,380
HUN,wolt,380
HUN,paradic,379
HUN,mountain,379
HUN,felmosó,379
HUN,rák,378
HUN,olivaolaj,378
HUN,schar,377
HUN,turkey,376
HUN,papí,375
HUN,fagyasztott gy,375
HUN,almond,375
HUN,spag,375
HUN,tchibo,374
HUN,habtejszín,374
HUN,krump,373
HUN,csiga,372
HUN,ol,372
HUN,kakaós,372
HUN,sütőpor,369
HUN,cit,369
HUN,hum,368
HUN,mangó,368
HUN,zselatin,367
HUN,fekete,367
HUN,növényi tej,367
HUN,chedar,367
HUN,bul,366
HUN,soda,365
HUN,dr pepper,364
HUN,valdor,364
HUN,hummusz,364
HUN,beans,364
HUN,monte,363
HUN,mar,362
HUN,növényi,362
HUN,zsir,361
HUN,oikos,361
HUN,somer,361
HUN,ener,360
HUN,szemeteszsák,360
HUN,spinach,360
HUN,tejszínhab,360
HUN,pog,360
HUN,phil,359
HUN,zöldbab,359
HUN,muffin,358
HUN,star,358
HUN,ub,358
HUN,twix,357
HUN,szentk,357
HUN,bo,356
HUN,gösser,356
HUN,panir,355
HUN,vodk,355
HUN,yog,355
HUN,narancsl,354
HUN,vajk,354
HUN,teljes ki,353
HUN,gö,352
HUN,kakaópor,352
HUN,nivea,352
HUN,rizskása,350
HUN,kalacs,350
HUN,moza,350
HUN,mosogatószer,350
HUN,pékáru,350
HUN,mate,350
HUN,törlő,350
HUN,wc pa,349
HUN,lentil,349
HUN,savanyúság,349
HUN,bodza,349
HUN,fokha,349
HUN,mars,348
HUN,illatosító,348
HUN,zsebk,348
HUN,barna,348
HUN,mushroom,347
HUN,jegk,346
HUN,étcsok,346
HUN,kiwi,345
HUN,sala,345
HUN,watermelon,345
HUN,noodle,345
HUN,calippo,345
HUN,pekaru,344
HUN,vanilias,344
HUN,pring,344
HUN,old spice,343
HUN,zsomle,343
HUN,fuszer,343
HUN,sü,343
HUN,humm,343
HUN,burgo,343
HUN,che,343
HUN,tiramisu,343
HUN,salami,343
HUN,narancsle,342
HUN,fag,342
HUN,nutell,341
HUN,kígy,341
HUN,di,341
HUN,szeletelt sajt,340
HUN,macskaalom,340
HUN,tökmag,340
HUN,pirospaprika,339
HUN,üditő,339
HUN,laktozmentes tej,339
HUN,marka,338
HUN,laktó,338
HUN,gyulai,338
HUN,fah,337
HUN,cu,336
HUN,illatos,336
HUN,petr,336
HUN,ricotta,336
HUN,körte,336
HUN,toma,335
HUN,garnéla,334
HUN,rozmaring,334
HUN,kenye,334
HUN,mosogatoszer,333
HUN,rio,333
HUN,feherje,333
HUN,pezsgo,333
HUN,kacsa,333
HUN,alm,332
HUN,piskóta,332
HUN,mez,332
HUN,szilva,331
HUN,dolce,330
HUN,trau,330
HUN,kara,329
HUN,nuggets,329
HUN,tooth,329
HUN,vo,329
HUN,mák,329
HUN,bonduelle,329
HUN,ví,328
HUN,szoja,328
HUN,datolya,327
HUN,eleszto,327
HUN,paradicsomsz,327
HUN,vanish,327
HUN,vanilla,327
HUN,frosch,327
HUN,pom,327
HUN,li,327
HUN,paradicsomszósz,326
HUN,tomato paste,325
HUN,vil,325
HUN,bag,325
HUN,tu,324
HUN,air,324
HUN,oldalas,324
HUN,unicum,323
HUN,cho,323
HUN,tra,323
HUN,dolce gusto,322
HUN,tejfo,322
HUN,cseresznye,321
HUN,mas,321
HUN,péks,321
HUN,szén,320
HUN,kifl,320
HUN,magnu,320
HUN,dara,320
HUN,győri,320
HUN,petrezs,320
HUN,natur joghurt,320
HUN,xix,319
HUN,basmati,319
HUN,herz,319
HUN,vani,318
HUN,szeletelt,318
HUN,ragasztó,317
HUN,kukás,317
HUN,whiskey,316
HUN,sertes,316
HUN,gyü,315
HUN,tejberizs,315
HUN,spagett,314
HUN,panír,314
HUN,aviko,313
HUN,fries,313
HUN,chilis,312
HUN,baná,311
HUN,étcsoki,311
HUN,juh,310
HUN,zabk,310
HUN,toja,309
HUN,bagel,309
HUN,pros,309
HUN,ton,309
HUN,alp,308
HUN,oliv,308
HUN,soy,307
HUN,carte dor,307
HUN,manner,307
HUN,kör,307
HUN,alaplé,307
HUN,dinn,306
HUN,ujhagyma,306
HUN,lecsó,306
HUN,foodbox,306
HUN,pudingpor,306
HUN,ovszer,305
HUN,blanc,305
HUN,apen,305
HUN,petrezse,305
HUN,rago,305
HUN,gum,304
HUN,üdít,304
HUN,grana,304
HUN,frei,303
HUN,felvá,303
HUN,condom,303
HUN,szalá,302
HUN,redb,302
HUN,instant leves,302
HUN,kukoric,301
HUN,cam,300
HUN,édesítő,300
HUN,kovász,300
HUN,dio,299
HUN,cuko,299
HUN,májk,299
HUN,sütem,299
HUN,pek,298
HUN,dinny,298
HUN,ku,298
HUN,lettuce,298
HUN,szirup,298
HUN,szúnyog,298
HUN,tibi,298
HUN,lak,297
HUN,koktel,297
HUN,rizstej,297
HUN,dip,297
HUN,bounty,296
HUN,cott,296
HUN,rág,296
HUN,persil,295
HUN,vitamin,295
HUN,alu,295
HUN,sarga,295
HUN,vörösbor,294
HUN,frosta,294
HUN,heinz,294
HUN,kokusztej,294
HUN,ritter,294
HUN,fogk,294
HUN,riz,293
HUN,kif,293
HUN,jam,293
HUN,sany,292
HUN,pepsi zero,291
HUN,krem,291
HUN,sutopor,291
HUN,szarvacska,291
HUN,asva,291
HUN,domes,290
HUN,ananasz,290
HUN,trap,290
HUN,tomatoes,290
HUN,por,289
HUN,kókusztej,289
HUN,dettol,289
HUN,hasáb,289
HUN,durum,288
HUN,fahej,288
HUN,paradicsomp,288
HUN,toni,288
HUN,vinegar,287
HUN,gesztenye,287
HUN,fozotejszin,287
HUN,capri,286
HUN,hamé,286
HUN,cookie,286
HUN,tom,286
HUN,popc,285
HUN,humus,285
HUN,mac,285
HUN,suritett,284
HUN,alpr,284
HUN,bazsa,284
HUN,ásván,284
HUN,kremsajt,283
HUN,gno,283
HUN,na,283
HUN,melegszendvics,283
HUN,habtejsz,283
HUN,pu,283
HUN,felmos,283
HUN,majoranna,282
HUN,somers,282
HUN,som,281
HUN,comb,281
HUN,trapp,280
HUN,sommersby,280
HUN,mil,280
HUN,gr,280
HUN,pisk,280
HUN,baguette,280
HUN,görögdinnye,280
HUN,top,279
HUN,sajtsz,279
HUN,ro,279
HUN,rántott,279
HUN,coke zero,279
HUN,kimchi,278
HUN,tony,278
HUN,papi,278
HUN,virág,278
HUN,rio mare,277
HUN,fel,277
HUN,kecskesajt,277
HUN,szosz,276
HUN,pá,276
HUN,rozs,276
HUN,nara,275
HUN,burgony,275
HUN,rízs,275
HUN,Tej,275
HUN,si,275
HUN,bolog,274
HUN,aluf,274
HUN,szénsavas víz,274
HUN,bef,274
HUN,szez,273
HUN,rizsk,273
HUN,karal,272
HUN,puff,272
HUN,pisztacia,272
HUN,ablak,271
HUN,vanil,271
HUN,soup,271
HUN,vanili,271
HUN,twister,270
HUN,feher,270
HUN,vanilias cukor,270
HUN,sandwich,269
HUN,vörö,269
HUN,hag,269
HUN,mogy,269
HUN,tészt,269
HUN,öntet,269
HUN,szem,268
HUN,spri,268
HUN,zöl,268
HUN,naptej,268
HUN,baby,268
HUN,morzsa,268
HUN,berger,268
HUN,avokád,268
HUN,shrimp,267
HUN,sour,267
HUN,ször,267
HUN,mosog,267
HUN,mang,267
HUN,dr oetker,267
HUN,kakaos,266
HUN,masc,266
HUN,capp,266
HUN,ásványví,266
HUN,choco,266
HUN,cini,266
HUN,prote,266
HUN,majoné,266
HUN,milli,265
HUN,energy,265
HUN,re,265
HUN,fagyl,264
HUN,magvak,264
HUN,cukk,264
HUN,étolaj,264
HUN,lakto,264
HUN,sch,264
HUN,macska alom,263
HUN,gomb,263
HUN,chilis bab,263
HUN,mosogatógép,263
HUN,silan,262
HUN,cookies,262
HUN,chick,262
HUN,nick,262
HUN,bac,262
HUN,prot,262
HUN,öblí,262
HUN,maxi,262
HUN,croi,262
HUN,fe,261
HUN,strawberry,261
HUN,polc,261
HUN,bro,261
HUN,whiskas,261
HUN,bar,260
HUN,trash,260
HUN,töml,260
HUN,cekla,260
HUN,nápolyi,260
HUN,zö,259
HUN,teavaj,259
HUN,buzadara,259
HUN,ob,258
HUN,betet,258
HUN,csoko,258
HUN,kin,257
HUN,sültkrumpli,257
HUN,redbul,257
HUN,karalábé,257
HUN,babapiskota,257
HUN,merci,257
HUN,peanut butter,257
HUN,edesburgonya,257
HUN,salat,256
HUN,padlizsán,256
HUN,ape,256
HUN,jégsaláta,256
HUN,hangya,256
HUN,je,255
HUN,levesz,255
HUN,tepertő,254
HUN,garnela,254
HUN,fagyasztott gyümölcs,254
HUN,műzli,253
HUN,babapiskóta,253
HUN,jégsal,252
HUN,sajtk,252
HUN,búzadara,252
HUN,alufolia,252
HUN,cif,251
HUN,energia ital,251
HUN,kömény,251
HUN,sky,250
HUN,csirkemel,250
HUN,mint,249
HUN,foly,249
HUN,folyékony,249
HUN,spaghetti,249
HUN,energi,248
HUN,gyümöl,248
HUN,pilóta,248
HUN,fü,248
HUN,újhagyma,248
HUN,uncle,247
HUN,pörkölt,247
HUN,jeges,247
HUN,oli,247
HUN,sour cream,247
HUN,habtej,247
HUN,konyhai,246
HUN,gumic,246
HUN,garn,246
HUN,tomat,246
HUN,felmoso,246
HUN,fagyaszt,246
HUN,gyumolcsle,246
HUN,nestle,245
HUN,pohár,245
HUN,boci,245
HUN,protein puding,245
HUN,pad,244
HUN,vifon,244
HUN,tonh,244
HUN,paradicsomlé,244
HUN,mad,243
HUN,mozzare,243
HUN,piskota,243
HUN,spage,242
HUN,elephant,242
HUN,riceup,242
HUN,chilli,242
HUN,mill,242
HUN,füzet,242
HUN,szalvéta,242
HUN,paradicsomszosz,242
HUN,hajfesték,242
HUN,icetea,241
HUN,el sabor,241
HUN,ta,241
HUN,coffe,241
HUN,prin,241
HUN,ipa,241
HUN,naran,241
HUN,ja,240
HUN,torlo,240
HUN,marga,240
HUN,pur,239
HUN,univer,239
HUN,alkoholmentes sör,239
HUN,toal,238
HUN,háztartási,238
HUN,vö,238
HUN,bara,238
HUN,kinder bueno,237
HUN,illat,237
HUN,lapka,237
HUN,hamb,237
HUN,philadelphia,236
HUN,piros paprika,236
HUN,illatosito,236
HUN,old,236
HUN,csirke mell,235
HUN,köles,235
HUN,detergent,235
HUN,főzőtejszín,235
HUN,nádudvari,235
HUN,bolo,234
HUN,cor,234
HUN,babapis,233
HUN,malibu,233
HUN,karamell,233
HUN,lila hagyma,233
HUN,per,233
HUN,fozo,233
HUN,bébi,233
HUN,masca,233
HUN,sweet,233
HUN,hohes,233
HUN,daral,233
HUN,kö,233
HUN,pest,232
HUN,coconaut,232
HUN,őszibarack,232
HUN,sponge,232
HUN,lecs,232
HUN,szo,232
HUN,lay,232
HUN,tes,231
HUN,szeme,231
HUN,szalám,231
HUN,detki,231
HUN,zabital,230
HUN,fant,230
HUN,té,230
HUN,cser,230
HUN,pudding,229
HUN,sparkling,229
HUN,olasz,229
HUN,tepert,229
HUN,ne,229
HUN,go,228
HUN,cuk,228
HUN,fr,228
HUN,mogyorovaj,228
HUN,jegsalata,228
HUN,pil,228
HUN,kar,228
HUN,quark,227
HUN,biscuit,227
HUN,theodora,227
HUN,fagyasztott gyüm,227
HUN,napra,227
HUN,oats,227
HUN,burgon,226
HUN,sajtszósz,226
HUN,parsley,226
HUN,sargarepa,226
HUN,szemet,226
HUN,apent,226
HUN,choc,225
HUN,tö,225
HUN,szalo,225
HUN,jegkre,224
HUN,folyékony szappan,224
HUN,papírzsebkendő,224
HUN,sárgar,224
HUN,rétes,223
HUN,cserp,223
HUN,zold,223
HUN,belvita,223
HUN,nat,223
HUN,meleg,223
HUN,sugar free,223
HUN,zott,223
HUN,papírtö,222
HUN,fokhagymapor,222
HUN,szendv,222
HUN,guru,222
HUN,he,222
HUN,ketchu,222
HUN,chee,222
HUN,potatoes,222
HUN,camam,221
HUN,cotta,221
HUN,quinoa,221
HUN,mogyo,221
HUN,barac,221
HUN,spárga,221
HUN,nedves t,221
HUN,zsák,221
HUN,tortellini,220
HUN,füstli,220
HUN,7 days,220
HUN,popsi,220
HUN,kom,220
HUN,hegyes,220
HUN,desszert,220
HUN,napraforgó,219
HUN,ét,219
HUN,sus,219
HUN,me,219
HUN,redbu,219
HUN,pilsner,219
HUN,kakaopor,218
HUN,basil,218
HUN,arany,218
HUN,garbage,218
HUN,as,218
HUN,étcsokol,218
HUN,oho,217
HUN,gluté,217
HUN,kolbá,217
HUN,laza,217
HUN,toothpaste,217
HUN,aloe,216
HUN,rostos,216
HUN,savan,216
HUN,krémt,216
HUN,tejszi,216
HUN,be,215
HUN,vízk,215
HUN,nyakas,214
HUN,szár,214
HUN,ched,214
HUN,teszt,214
HUN,édesít,214
HUN,suto,213
HUN,sparkling water,213
HUN,vaníliás,213
HUN,nesca,213
HUN,onigiri,213
HUN,tés,213
HUN,hambu,213
HUN,snacks,213
HUN,leve,212
HUN,hein,212
HUN,hamburger zsemle,212
HUN,cukki,212
HUN,feherbor,212
HUN,jerky,212
HUN,szemeteszs,212
HUN,puffasztott rizs,211
HUN,xi,211
HUN,lip,211
HUN,szezám,211
HUN,vilg,211
HUN,panko,210
HUN,multivitamin,210
HUN,natúr joghurt,210
HUN,császár,210
HUN,tész,210
HUN,activia,210
HUN,borsodi,210
HUN,asv,209
HUN,gra,209
HUN,zabrudi,209
HUN,energ,209
HUN,madár,209
HUN,tomi,209
HUN,spray,209
HUN,gríz,208
HUN,nu,208
HUN,olives,207
HUN,vilga,207
HUN,gosser,207
HUN,kaktusz,207
HUN,pé,207
HUN,uht,207
HUN,dish,206
HUN,jack,206
HUN,Cola,206
HUN,hell zero,206
HUN,mosoga,206
HUN,jegkr,206
HUN,dubai,206
HUN,cso,206
HUN,humu,206
HUN,duck,206
HUN,gyümö,206
HUN,joghur,205
HUN,korozott,205
HUN,vileda,205
HUN,tomato sauce,205
HUN,greek yogurt,205
HUN,csokolád,205
HUN,szárított,204
HUN,reszel,204
HUN,jokenyer,204
HUN,violeta,204
HUN,zéró,204
HUN,hajlakk,204
HUN,olivabogyo,203
HUN,krémtúró,203
HUN,torma,203
HUN,son,203
HUN,egy csepp,203
HUN,zsebken,203
HUN,serrano,202
HUN,mountain dew,202
HUN,kokuszviz,202
HUN,téli,202
HUN,sport szelet,202
HUN,törlőkendő,202
HUN,paradicsompüré,201
HUN,száraz,201
HUN,whisky,201
HUN,sütőpapír,200
HUN,lipt,200
HUN,zacskó,200
HUN,piroska,200
HUN,edesseg,200
HUN,Coca,200
HUN,fokhag,199
HUN,wipes,199
HUN,ap,199
HUN,spr,199
HUN,hester,199
HUN,kókuszvíz,199
HUN,étcs,199
HUN,zsebke,199
HUN,mutti,198
HUN,hummu,198
HUN,babapisk,198
HUN,turó,198
HUN,axe,198
HUN,kóku,198
HUN,car,198
HUN,happy,198
HUN,cr,198
HUN,orange juice,198
HUN,da,197
HUN,friss,197
HUN,bords,197
HUN,kremturo,197
HUN,oreg,197
HUN,lapocka,197
HUN,lemon soda,197
HUN,pud,197
HUN,pogacsa,197
HUN,koffein,196
HUN,bonbon,196
HUN,lasa,196
HUN,gyümölcsl,196
HUN,chicken breast,196
HUN,grillsajt,196
HUN,glu,196
HUN,savanyusag,196
HUN,buld,196
HUN,clin,195
HUN,gluten free,195
HUN,brie,195
HUN,pir,195
HUN,cart,195
HUN,fagyasz,195
HUN,magnum mini,195
HUN,baco,195
HUN,wolt market,194
HUN,zoldborso,194
HUN,gulyás,194
HUN,gran,194
HUN,juht,194
HUN,kókuszv,194
HUN,ás,194
HUN,minced,194
HUN,fan,194
HUN,sav,193
HUN,szénsa,193
HUN,ben and,193
HUN,club mate,193
HUN,sajt reszelt,193
HUN,Citrom Sorbet,193
HUN,sultkrumpli,193
HUN,cap,193
HUN,pulykamell,193
HUN,pet,193
HUN,ková,193
HUN,bref,192
HUN,alufólia,192
HUN,fokhagym,192
HUN,za,192
HUN,ice cube,192
HUN,chedd,192
HUN,barna cukor,192
HUN,vienetta,192
HUN,káve,192
HUN,szó,191
HUN,jókenyér,191
HUN,foghagyma,191
HUN,befőtt,191
HUN,gyorsfagyasztott,190
HUN,nest,190
HUN,sutemeny,190
HUN,zabkeksz,190
HUN,zero tea,190
HUN,rántott sajt,190
HUN,vita,190
HUN,cooking cream,190
HUN,búza,190
HUN,lilahagy,190
HUN,szoty,190
HUN,szénsav,190
HUN,Sajt,189
HUN,fruccola,189
HUN,naturaqua,189
HUN,kigy,189
HUN,pástétom,189
HUN,öblitő,189
HUN,br,189
HUN,pufi,189
HUN,tortilla chips,189
HUN,asahi,189
HUN,fagyasztott gyumolcs,189
HUN,sult,189
HUN,traub,189
HUN,protein bar,189
HUN,lefolyó,188
HUN,macs,188
HUN,gatorade,188
HUN,lilah,188
HUN,cabbage,188
HUN,pepsi max,188
HUN,csirkemellsonka,188
HUN,mandula tej,187
HUN,fruits,187
HUN,csász,187
HUN,violife,187
HUN,fert,187
HUN,fustolt,187
HUN,ké,187
HUN,zsepi,187
HUN,sauska,187
HUN,palacsinta,187
HUN,üdit,187
HUN,vorosbor,187
HUN,szensavas viz,186
HUN,kesudio,186
HUN,kométa,186
HUN,zabkasa,186
HUN,hambur,186
HUN,toa,186
HUN,asvan,185
HUN,toil,185
HUN,öblit,185
HUN,dark chocolate,185
HUN,Szentkirályi,185
HUN,grape,185
HUN,gu,185
HUN,kitchen,184
HUN,fasírt,184
HUN,bologn,184
HUN,feta sajt,184
HUN,kem,184
HUN,pads,184
HUN,szalonn,184
HUN,reggeli,184
HUN,blue,184
HUN,kel,184
HUN,pö,184
HUN,snidling,184
HUN,fasirt,184
HUN,straw,184
HUN,hagen,184
HUN,vaníli,183
HUN,3in1,183
HUN,kok,183
HUN,ola,182
HUN,majas,182
HUN,knor,182
HUN,zer,182
HUN,ragaszt,182
HUN,lisz,182
HUN,püré,182
HUN,hu,182
HUN,laktózmentes tejföl,182
HUN,prose,182
HUN,cse,182
HUN,olivabogyó,181
HUN,hohes c,181
HUN,gere,181
HUN,paper towel,181
HUN,kó,181
HUN,almaecet,181
HUN,sma,180
HUN,club,180
HUN,Ben,180
HUN,pombar,180
HUN,fran,180
HUN,mü,180
HUN,körözött,180
HUN,chic,180
HUN,yogh,180
HUN,jogo,180
HUN,teljes kiőrlésű,180
HUN,zöldbors,180
HUN,sos,180
HUN,laktózmentes sajt,180
HUN,túro,179
HUN,st,179
HUN,jegkocka,179
HUN,camembert,179
HUN,erős,179
HUN,doboz,179
HUN,fu,179
HUN,fagylal,179
HUN,sütőpap,179
HUN,paradicsom szósz,179
HUN,ze,179
HUN,epres,179
HUN,csíki,178
HUN,1664,178
HUN,kapo,178
HUN,mustá,178
HUN,onions,178
HUN,lecso,178
HUN,finish,178
HUN,csemegeuborka,177
HUN,protei,177
HUN,pickles,177
HUN,balaton,177
HUN,zabp,177
HUN,peach,177
HUN,lil,177
HUN,er,177
HUN,hagyna,177
HUN,philadel,177
HUN,smoothie,177
HUN,pow,177
HUN,mustard,176
HUN,köm,176
HUN,mazsola,176
HUN,maxi king,176
HUN,pota,176
HUN,lasagna,176
HUN,nap,176
HUN,brokk,176
HUN,jala,176
HUN,pickle,176
HUN,padlizsan,176
HUN,zöld tea,176
HUN,gar,176
HUN,eis,176
HUN,avoka,176
HUN,pantastico,176
HUN,tonha,175
HUN,hel,175
HUN,lavazza,175
HUN,bomba,175
HUN,fra,175
HUN,ferrero,174
HUN,kori,174
HUN,mirinda,174
HUN,zoldbab,174
HUN,seven,174
HUN,felvág,173
HUN,kovászos uborka,173
HUN,sni,173
HUN,kés,173
HUN,rizskasa,173
HUN,cuc,173
HUN,kaliforniai,172
HUN,kurkuma,172
HUN,stella,172
HUN,nesq,172
HUN,av,172
HUN,schweppes,172
HUN,a2,172
HUN,toll,172
HUN,csip,171
HUN,húsleves,171
HUN,novenyi tej,171
HUN,háztart,171
HUN,szala,171
HUN,májkré,171
HUN,oliva olaj,171
HUN,ga,170
HUN,lasag,170
HUN,soya,170
HUN,chil,170
HUN,fuz,170
HUN,din,170
HUN,sush,170
HUN,pári,170
HUN,ra,170
HUN,vízkő,170
HUN,szalv,170
HUN,new gen,170
HUN,laundry,169
HUN,Kenyér,169
HUN,nesc,169
HUN,cama,169
HUN,griz,169
HUN,syrup,169
HUN,nissin,169
HUN,unorka,169
HUN,padlizs,169
HUN,papirto,169
HUN,édess,169
HUN,sprit,169
HUN,mu,169
HUN,bun,168
HUN,popco,168
HUN,jan,168
HUN,csevap,168
HUN,olíva,168
HUN,washing,168
HUN,kávékapszula,167
HUN,finlandia,167
HUN,pár,167
HUN,tolle,167
HUN,jégsa,167
HUN,limon,167
HUN,dormi,167
HUN,kit,167
HUN,grill sajt,166
HUN,fanta zero,166
HUN,rexona,166
HUN,mozzar,166
HUN,natúr,166
HUN,red wine,166
HUN,asvanyv,166
HUN,candy,166
HUN,tejbe,166
HUN,keumpli,165
HUN,gluténm,165
HUN,kinde,165
HUN,pol,165
HUN,turor,165
HUN,canada,165
HUN,kakaós csiga,165
HUN,dishwasher,165
HUN,csirkeszárny,164
HUN,gyoza,164
HUN,etcsokolade,164
HUN,túrós,164
HUN,ana,164
HUN,sutopapir,164
HUN,guly,164
HUN,rozé,164
HUN,domest,164
HUN,piros arany,164
HUN,arla,164
HUN,paradicsom p,164
HUN,jegeskávé,164
HUN,rukk,163
HUN,miz,163
HUN,papírtör,163
HUN,tortil,163
HUN,fagya,163
HUN,izot,162
HUN,ajándék,162
HUN,mus,162
HUN,zsep,162
HUN,pari,162
HUN,étel,162
HUN,balzsamecet,162
HUN,babér,162
HUN,mogyorós,162
HUN,drink,162
HUN,oni,162
HUN,oven,161
HUN,eg,161
HUN,oat milk,161
HUN,majone,161
HUN,towel,161
HUN,fehér bor,161
HUN,kechup,161
HUN,zacsk,161
HUN,sommer,161
HUN,alko,160
HUN,shower gel,160
HUN,sajtkré,160
HUN,rép,160
HUN,m&,160
HUN,leveles tészta,160
HUN,szendvi,160
HUN,bean,160
HUN,mentes viz,159
HUN,mand,159
HUN,cézár,159
HUN,man,159
HUN,pörk,159
HUN,multi,159
HUN,tr,159
HUN,tömlős,159
HUN,intim,159
HUN,marg,159
HUN,tar,159
HUN,fagyla,159
HUN,mosópor,158
HUN,dom,158
HUN,pink,158
HUN,teljes kiorlesu,158
HUN,Paradicsom,158
HUN,do,158
HUN,kefi,157
HUN,vilgai,157
HUN,lipto,157
HUN,kek,157
HUN,bazsal,157
HUN,potat,157
HUN,laktozmentes sajt,157
HUN,pri,157
HUN,nach,157
HUN,benei,157
HUN,instant kávé,157
HUN,virali,157
HUN,mince,157
HUN,powera,157
HUN,paradicsom szosz,157
HUN,szemeteszsak,156
HUN,mozare,156
HUN,villa,156
HUN,vegaf,156
HUN,buza,156
HUN,vanilia aroma,156
HUN,panini,156
HUN,lactose free,156
HUN,alapl,156
HUN,mojito,155
HUN,nesquik,155
HUN,őrölt kávé,155
HUN,meggyes,155
HUN,kuki,155
HUN,cat,155
HUN,gl,155
HUN,gom,155
HUN,whis,155
HUN,hulala,154
HUN,vaníliás cukor,154
HUN,Hell,154
HUN,danon,154
HUN,high protein,154
HUN,moun,154
HUN,édesbur,154
HUN,süti,153
HUN,pasta sauce,153
HUN,gyöm,153
HUN,mexi,153
HUN,ömlesztett,153
HUN,uni,153
HUN,cezar,153
HUN,roz,153
HUN,kemény,152
HUN,gyors,152
HUN,bologna,152
HUN,powerrade,152
HUN,izo,152
HUN,szilvia,152
HUN,paprikás,152
HUN,ru,152
HUN,libero,151
HUN,tejfől,151
HUN,pop corn,151
HUN,sweet potato,151
HUN,phi,151
HUN,glade,151
HUN,rizst,151
HUN,ziaja,151
HUN,sajtszosz,151
HUN,krist,151
HUN,bre,151
HUN,kenyèr,151
HUN,lekvá,151
HUN,csípős,151
HUN,jégs,151
HUN,illatosít,151
HUN,globus,151
HUN,fustli,151
HUN,sk,150
HUN,extra,150
HUN,padli,150
HUN,tok,150
HUN,vajkré,150
HUN,ben and jerry,150
HUN,savanyús,150
HUN,francia,150
HUN,torlokendo,150
HUN,wa,150
HUN,kako,150
HUN,karalabe,149
HUN,köröz,149
HUN,alap,149
HUN,mc,149
HUN,grana padano,149
HUN,görög jo,149
HUN,olivabogy,149
HUN,kon,149
HUN,szunyog,149
HUN,háztartási keksz,149
HUN,pot,149
HUN,cartedor,149
HUN,macsk,149
HUN,parenyica,148
HUN,suritett paradicsom,148
HUN,not milk,148
HUN,őszi,148
HUN,fagyasztott zöldség,148
HUN,keményítő,148
HUN,ho,148
HUN,fagyasztott z,148
HUN,oatl,148
HUN,párizs,148
HUN,dobozos,148
HUN,karaván,148
HUN,popcor,148
HUN,gyermelyi,148
HUN,hot dog kifli,147
HUN,hú,147
HUN,fank,147
HUN,wc papí,147
HUN,keszetel,147
HUN,nescaf,147
HUN,debreceni,147
HUN,sült krumpli,147
HUN,pudi,146
HUN,rosé,146
HUN,resze,146
HUN,bio tej,146
HUN,zabliszt,146
HUN,cérna,146
HUN,piro,146
HUN,surimi,146
HUN,szemete,146
HUN,szeder,146
HUN,fagyas,146
HUN,se,146
HUN,heyho,145
HUN,natur aqua,145
HUN,szegf,145
HUN,pomb,145
HUN,mount,145
HUN,shower,145
HUN,poh,145
HUN,kamilla,145
HUN,etcsoki,145
HUN,cup,145
HUN,camamber,144
HUN,zsemlemor,144
HUN,purpur,144
HUN,babavíz,144
HUN,laktózm,144
HUN,szé,144
HUN,mytea,144
HUN,zsemlemo,144
HUN,tento,144
HUN,főzőtejsz,144
HUN,walnut,144
HUN,mochi,144
HUN,bacardi,144
HUN,coors,144
HUN,delik,144
HUN,kézt,144
HUN,coca c,143
HUN,falafel,143
HUN,wc papi,143
HUN,krémtúr,143
HUN,mosógél,143
HUN,tokmag,143
HUN,staro,143
HUN,őr,143
HUN,hame,143
HUN,baking,143
HUN,wet,143
HUN,toas,143
HUN,pineapple,143
HUN,korpovit,143
HUN,halrud,143
HUN,mandarin,143
HUN,mosogatogep,143
HUN,pen,143
HUN,bulda,142
HUN,terhess,142
HUN,pác,142
HUN,alaska,142
HUN,fagyasztot,142
HUN,kombu,142
HUN,csicseriborsó,142
HUN,habte,142
HUN,dew,142
HUN,kind,142
HUN,sorbet,142
HUN,kap,142
HUN,kovasz,142
HUN,lev,142
HUN,Tojás,142
HUN,lis,141
HUN,szöro,141
HUN,raid,141
HUN,parizer,141
HUN,oregánó,141
HUN,körö,141
HUN,szénsavmentes,141
HUN,rop,141
HUN,édesb,141
HUN,yogu,141
HUN,tequila,140
HUN,negro,140
HUN,ital,140
HUN,fodros,140
HUN,de,140
HUN,padl,140
HUN,köröm,140
HUN,gourmet,140
HUN,avoká,140
HUN,aj,140
HUN,feher bor,140
HUN,marhahús,140
HUN,flora,140
HUN,csokis,140
HUN,fol,140
HUN,jegkrém,140
HUN,brown,140
HUN,jegesk,140
HUN,aroma,140
HUN,grapefruit,140
HUN,kókus,140
HUN,laktózmentes joghurt,139
HUN,hurka,139
HUN,leves kocka,139
HUN,hell coffee,139
HUN,edesito,139
HUN,pudin,139
HUN,wasabi,139
HUN,fitness,139
HUN,whisk,139
HUN,kukas,139
HUN,nasi,139
HUN,tihany,139
HUN,carte d,139
HUN,légy,139
HUN,hair,139
HUN,nedves törl,138
HUN,pirosarany,138
HUN,szénsavas v,138
HUN,dill,138
HUN,delikat,138
HUN,kolbás,138
HUN,sparga,138
HUN,petrez,138
HUN,granol,138
HUN,toast kenyér,138
HUN,széns,138
HUN,megg,138
HUN,szemes,138
HUN,zero sugar,138
HUN,blueberry,137
HUN,el,137
HUN,white,137
HUN,péká,137
HUN,kápia,137
HUN,gnocc,137
HUN,babapi,137
HUN,gyu,137
HUN,tahini,137
HUN,baracklé,137
HUN,savas viz,137
HUN,pezs,137
HUN,babav,137
HUN,avoc,136
HUN,martini,136
HUN,étcso,136
HUN,tojàs,136
HUN,babap,136
HUN,air wick,136
HUN,aro,136
HUN,Tejföl,136
HUN,hajfest,136
HUN,habt,135
HUN,capy,135
HUN,kesztyű,135
HUN,pero,135
HUN,camem,135
HUN,teljeski,135
HUN,mozar,135
HUN,vörösbab,135
HUN,vegaföl,135
HUN,apple juice,135
HUN,cukorka,135
HUN,bb,135
HUN,gyö,135
HUN,rizslap,135
HUN,kelk,135
HUN,sűrített paradicsom,135
HUN,csirke comb,135
HUN,szard,135
HUN,spe,135
HUN,ristorante,134
HUN,coriander,134
HUN,coca zero,134
HUN,turi,134
HUN,lactose,134
HUN,gumicu,134
HUN,selyem,134
HUN,őrölt,134
HUN,ten,134
HUN,pis,134
HUN,head,134
HUN,pes,134
HUN,fűszerpaprika,134
HUN,яйца,133
HUN,céz,133
HUN,mentes víz,133
HUN,papírzseb,133
HUN,hell ice,133
HUN,Kinder,133
HUN,müller,133
HUN,paradicsom pure,133
HUN,fusili,133
HUN,péksütemény,133
HUN,len,133
HUN,zsemlem,133
HUN,kalinka,133
HUN,peas,132
HUN,reeses,132
HUN,gnocci,132
HUN,lek,132
HUN,laktózmentes tejf,132
HUN,mexicorn,132
HUN,süte,132
HUN,füstölt sajt,132
HUN,prosciutto,132
HUN,burr,132
HUN,rizstészta,132
HUN,ele,132
HUN,cica,132
HUN,folia,132
HUN,stevia,132
HUN,schwe,132
HUN,szarvas,132
HUN,feny,132
HUN,tejpor,132
HUN,kesudió,131
HUN,lur,131
HUN,elektrolit,131
HUN,kec,131
HUN,napraforgo,131
HUN,trash bag,131
HUN,dzsem,131
HUN,kuszkusz,131
HUN,ter,131
HUN,nekt,131
HUN,lim,131
HUN,kukorica konzerv,131
HUN,keto,131
HUN,szalam,131
HUN,broccoli,131
HUN,nutel,131
HUN,you,130
HUN,jacobs,130
HUN,szemes kávé,130
HUN,szar,130
HUN,wasa,130
HUN,gull,130
HUN,édesbu,130
HUN,dino,130
HUN,leves z,130
HUN,görög jog,130
HUN,sanitol,130
HUN,sző,130
HUN,gyanta,130
HUN,paradicsom sz,130
HUN,ragaszto,130
HUN,paradicsomos,129
HUN,delikát,129
HUN,fólia,129
HUN,római,129
HUN,vörösh,129
HUN,limonádé,129
HUN,paradicsoml,129
HUN,cheesecake,129
HUN,mézes,129
HUN,szensav,129
HUN,chiken,129
HUN,zabpe,129
HUN,kőb,129
HUN,margar,129
HUN,karaláb,129
HUN,evian,129
HUN,tasak,129
HUN,toale,129
HUN,papírzs,128
HUN,prézli,128
HUN,fro,128
HUN,pringl,128
HUN,székely,128
HUN,hamburg,128
HUN,paradicsom püré,128
HUN,citrus,128
HUN,sh,128
HUN,cornflakes,128
HUN,deo,128
HUN,cottag,128
HUN,ris,128
HUN,sop,128
HUN,ice coffee,128
HUN,mini,127
HUN,pisztá,127
HUN,leveszöldség,127
HUN,вода,127
HUN,pogá,127
HUN,snick,127
HUN,chees,127
HUN,tej uht,127
HUN,cukorme,127
HUN,san benedetto,127
HUN,pomber,127
HUN,pött,127
HUN,no,127
HUN,szendvicskrém,127
HUN,melon,127
HUN,Vaj,127
HUN,lefoly,127
HUN,gloves,126
HUN,etcsok,126
HUN,dezo,126
HUN,tza,126
HUN,édes bor,126
HUN,acti,126
HUN,fas,126
HUN,kakaos csiga,126
HUN,vegajo,126
HUN,lilaha,126
HUN,varga,126
HUN,wet wipes,126
HUN,darált marha,126
HUN,kalá,126
HUN,kanál,126
HUN,wat,126
HUN,piz,125
HUN,turoru,125
HUN,vege,125
HUN,felva,125
HUN,csirkemáj,125
HUN,monin,125
HUN,fornetti,125
HUN,gluténmentes kenyér,125
HUN,csicser,125
HUN,muller,125
HUN,zsí,125
HUN,hasab,125
HUN,csíra,125
HUN,mosopor,124
HUN,keks,124
HUN,onio,124
HUN,kulorica,124
HUN,haag,124
HUN,master good,124
HUN,tam,124
HUN,fejes,124
HUN,grapy,124
HUN,sár,124
HUN,cukorm,124
HUN,garage,124
HUN,édesítőszer,124
HUN,Coca cola,124
HUN,hei,124
HUN,kakukk,124
HUN,lég,124
HUN,túrór,124
HUN,marcipán,124
HUN,mandu,124
HUN,darált keksz,124
HUN,Chips,123
HUN,jogurt,123
HUN,vaniliás,123
HUN,fogselyem,123
HUN,pho,123
HUN,saláta öntet,123
HUN,tzatziki,123
HUN,cheet,123
HUN,Sör,123
HUN,biscoff,123
HUN,bakery,123
HUN,korte,122
HUN,fertőtlenítő,122
HUN,ec,122
HUN,jókeny,122
HUN,pecorino,122
HUN,glute,122
HUN,prosc,122
HUN,keszty,122
HUN,mogyorókrém,122
HUN,túró r,122
HUN,ecetes,122
HUN,komb,122
HUN,nadudvari,122
HUN,gluténme,122
HUN,krokett,122
HUN,fagyasztott krumpli,122
HUN,alkoholmentes s,122
HUN,burgonyaszirom,122
HUN,tek,122
HUN,csusza,121
HUN,pálinka,121
HUN,almond milk,121
HUN,fehérítő,121
HUN,borotvahab,121
HUN,kók,121
HUN,mix,121
HUN,ti,121
HUN,cucu,121
HUN,mosogatóg,121
HUN,edamame,121
HUN,Cornetto,121
HUN,porc,121
HUN,tape,121
HUN,sikosito,120
HUN,kali,120
HUN,levesgy,120
HUN,croiss,120
HUN,mop,120
HUN,soy sauce,120
HUN,borot,120
HUN,paradicsompür,120
HUN,laktozm,120
HUN,pic,120
HUN,téliszalámi,120
HUN,kit kat,120
HUN,linzer,120
HUN,szív,120
HUN,novenyi,120
HUN,zöldsé,120
HUN,papírzsebkend,120
HUN,sajt light,120
HUN,whey,120
HUN,szezámmag,120
HUN,pea,119
HUN,garnier,119
HUN,kesz,119
HUN,szájvíz,119
HUN,kigyouborka,119
HUN,juhar,119
HUN,monste,119
HUN,neste,119
HUN,biscuits,119
HUN,szi,119
HUN,juhturo,119
HUN,ré,119
HUN,vegetables,119
HUN,kav,119
HUN,csíp,119
HUN,elmex,119
HUN,torte,119
HUN,leveles teszta,119
HUN,in,119
HUN,paradicsompure,119
HUN,baking soda,119
HUN,piritott,119
HUN,has,118
HUN,pite,118
HUN,latte,118
HUN,piritott hagyma,118
HUN,vegetable,118
HUN,cashew,118
HUN,tabasco,118
HUN,Uborka,118
HUN,dan,118
HUN,coconut milk,118
HUN,cat food,118
HUN,razor,118
HUN,0%,118
HUN,laktozmentes tejfol,118
HUN,légfrissítő,118
HUN,pur pur,118
HUN,illato,118
HUN,papirzseb,118
HUN,barnacukor,118
HUN,gyufa,118
HUN,vitatigris,118
HUN,breezer,117
HUN,pizzakrém,117
HUN,hajdina,117
HUN,absolut,117
HUN,ene,117
HUN,napraforg,117
HUN,vape,117
HUN,Csirkemell,117
HUN,pisz,117
HUN,sommers,117
HUN,eritrit,117
HUN,lasagn,117
HUN,sau,117
HUN,nowaco,117
HUN,csirkesz,117
HUN,gyum,117
HUN,babaviz,117
HUN,szentkirá,117
HUN,napolyi,117
HUN,pizzakr,117
HUN,carrots,117
HUN,ubirka,117
HUN,gnoc,116
HUN,légfr,116
HUN,jalap,116
HUN,testápoló,116
HUN,Nutella,116
HUN,sut,116
HUN,zsenle,116
HUN,olivab,116
HUN,coconut water,116
HUN,hell kávé,116
HUN,toothbrush,116
HUN,ore,116
HUN,folyekony szappan,116
HUN,fehé,116
HUN,görög j,116
HUN,kré,116
HUN,ic,115
HUN,rá,115
HUN,brow,115
HUN,madar,115
HUN,goro,115
HUN,test,115
HUN,fő,115
HUN,milky,115
HUN,tusfü,115
HUN,tiszt,115
HUN,tv paprika,115
HUN,grapes,115
HUN,cukormen,115
HUN,wasser,115
HUN,kavé,115
HUN,mandul,115
HUN,ce,115
HUN,cucum,115
HUN,ve,115
HUN,dome,115
HUN,marhahus,115
HUN,salvus,115
HUN,colgate,115
HUN,kor,115
HUN,yeast,114
HUN,Sonka,114
HUN,fussili,114
HUN,jégkrem,114
HUN,white wine,114
HUN,gyori,114
HUN,juhtúró,114
HUN,kagyló,114
HUN,молоко,114
HUN,mozzarell,114
HUN,brown sugar,114
HUN,daim,114
HUN,Monster,114
HUN,komeny,114
HUN,danette,114
HUN,teriyaki,114
HUN,conditioner,114
HUN,burata,114
HUN,papírzse,114
HUN,sourdough,114
HUN,rantott,114
HUN,mort,114
HUN,koku,114
HUN,szójaszósz,114
HUN,omnia,114
HUN,rud,114
HUN,sanyt,113
HUN,cracker,113
HUN,szemetes zsák,113
HUN,puffasz,113
HUN,kalif,113
HUN,ajv,113
HUN,cafe,113
HUN,Jégkrém,113
HUN,green,113
HUN,mosókapszula,113
HUN,dre,113
HUN,food,113
HUN,karf,113
HUN,milanoi,113
HUN,turos,113
HUN,fus,113
HUN,szelet,113
HUN,starbu,113
HUN,schw,113
HUN,kőbányai,113
HUN,ice c,112
HUN,7day,112
HUN,édesburg,112
HUN,dione,112
HUN,sopr,112
HUN,csaszar,112
HUN,madártej,112
HUN,játék,112
HUN,roya,112
HUN,pást,112
HUN,zacsko,112
HUN,zell,112
HUN,pékár,112
HUN,erdei,112
HUN,kv,112
HUN,kim,112
HUN,ric,112
HUN,zsel,112
HUN,sebtapasz,112
HUN,kavekapszula,112
HUN,kotányi,112
HUN,resz,112
HUN,ice te,112
HUN,müzliszelet,112
HUN,croa,112
HUN,asvanyvi,112
HUN,kefe,111
HUN,un,111
HUN,szalveta,111
HUN,oops,111
HUN,görögjoghurt,111
HUN,хлеб,111
HUN,alappor,111
HUN,pez,111
HUN,ajvár,111
HUN,fogkré,111
HUN,ben jerry,111
HUN,ment,111
HUN,red bu,111
HUN,pirospap,111
HUN,peron,111
HUN,gor,111
HUN,citromos sör,111
HUN,rovar,111
HUN,riomare,110
HUN,teli,110
HUN,ice cre,110
HUN,tömlős sajt,110
HUN,túróru,110
HUN,pistachio,110
HUN,lipton zero,110
HUN,uht tej,110
HUN,körömlakk,110
HUN,csont,110
HUN,szalon,110
HUN,dark,110
HUN,str,110
HUN,ásványviz,110
HUN,spenó,110
HUN,pantas,110
HUN,lotto,110
HUN,csics,109
HUN,leves zöldség,109
HUN,kapia,109
HUN,chicke,109
HUN,eggplant,109
HUN,cocco,109
HUN,cseme,109
HUN,gluténmentes tészta,109
HUN,salátaöntet,109
HUN,cserpe,109
HUN,milla,109
HUN,lefolyo,109
HUN,fahé,109
HUN,kfc,109
HUN,toalet,109
HUN,tárkony,109
HUN,crackers,109
HUN,auchan,109
HUN,philade,109
HUN,ruccola,109
HUN,dori,109
HUN,greek yoghurt,109
HUN,black,108
HUN,teperto,108
HUN,en,108
HUN,cocacola,108
HUN,swiffer,108
HUN,gofr,108
HUN,Fanta,108
HUN,listerine,108
HUN,arc,108
HUN,salàta,108
HUN,hipp,108
HUN,or,108
HUN,kínai,108
HUN,lemonade,108
HUN,biopont,108
HUN,kock,108
HUN,cocolino,108
HUN,penny,108
HUN,smac,108
HUN,anju,108
HUN,sárg,108
HUN,nac,108
HUN,protein szelet,108
HUN,kenő,108
HUN,puszedli,107
HUN,kes,107
HUN,somlói,107
HUN,spices,107
HUN,pista,107
HUN,sajttorta,107
HUN,parmezá,107
HUN,rukkol,107
HUN,sprite zero,107
HUN,zero kola,107
HUN,kapri,107
HUN,chickpea,107
HUN,tv,107
HUN,jèg,107
HUN,gyerek,107
HUN,brea,107
HUN,csirkemell filé,107
HUN,100%,107
HUN,trapi,107
HUN,bari,106
HUN,kelkáposzta,106
HUN,hand,106
HUN,bal,106
HUN,coca col,106
HUN,majk,106
HUN,darált hus,106
HUN,mire,106
HUN,flo,106
HUN,chorizo,106
HUN,pillanat,106
HUN,mondter,106
HUN,sam,106
HUN,lidl,106
HUN,jumbo,106
HUN,kéztörlő,105
HUN,vöröshagy,105
HUN,fagyaszto,105
HUN,ar,105
HUN,caramel,105
HUN,bis,105
HUN,avoca,105
HUN,nektar,105
HUN,ece,105
HUN,tarh,105
HUN,edami,105
HUN,feketebors,105
HUN,rantott sajt,105
HUN,jeges kávé,105
HUN,törlőkend,105
HUN,szardinia,105
HUN,donut,105
HUN,eros,105
HUN,virag,105
HUN,nori,105
HUN,sütőp,105
HUN,cok,105
HUN,red b,105
HUN,rice cake,105
HUN,pohar,105
HUN,vegá,105
HUN,laktózme,104
HUN,deli,104
HUN,udon,104
HUN,abon,104
HUN,kígyóuborka,104
HUN,mosósz,104
HUN,guacamole,104
HUN,garlic powder,104
HUN,starb,104
HUN,kéz,104
HUN,dinye,104
HUN,konyha,104
HUN,gulyas,104
HUN,haztartasi,104
HUN,túró ru,104
HUN,kellogs,104
HUN,Pizza,104
HUN,bud,104
HUN,may,104
HUN,sá,103
HUN,ajánd,103
HUN,nekta,103
HUN,lurp,103
HUN,decaf,103
HUN,keményít,103
HUN,heavy cream,103
HUN,mosóg,103
HUN,vajas,103
HUN,vizko,103
HUN,szá,103
HUN,mr,103
HUN,bords eve,103
HUN,buns,103
HUN,szezam,103
HUN,oszibarack,103
HUN,master,103
HUN,sn,103
HUN,kelsz,103
HUN,rizsliszt,102
HUN,mog,102
HUN,bi,102
HUN,gyöngy,102
HUN,lucullus,102
HUN,ful,102
HUN,rummo,102
HUN,husleves,102
HUN,eisber,102
HUN,orzo,102
HUN,olivabo,102
HUN,domesto,102
HUN,porcu,102
HUN,soml,102
HUN,somm,102
HUN,fuzet,102
HUN,hamburger buci,102
HUN,fürd,102
HUN,ph,102
HUN,fű,102
HUN,zöldb,102
HUN,kockacukor,102
HUN,kól,101
HUN,petrezsel,101
HUN,smink,101
HUN,bébiétel,101
HUN,pepp,101
HUN,tejsze,101
HUN,insta,101
HUN,Ásványvíz,101
HUN,grated cheese,101
HUN,an,101
HUN,üveg,101
HUN,szerecsen,101
HUN,cotton,101
HUN,fri,101
HUN,kecs,101
HUN,szensa,101
HUN,puffa,101
HUN,fi,101
HUN,cafe frei,101
HUN,halr,101
HUN,obli,101
HUN,puffaszt,101
HUN,sm,101
HUN,szentkiraly,101
HUN,broc,100
HUN,vattakorong,100
HUN,pizzás,100
HUN,tw,100
HUN,kalifornia,100
HUN,barill,100
HUN,bondu,100
HUN,husom,100
HUN,bage,100
HUN,cinnamon,100
HUN,sziva,100
HUN,yoghu,100
HUN,szalona,100
HUN,makaroni,100
HUN,sc,100
HUN,sárgadinnye,100
HUN,csem,100
HUN,tör,100
HUN,cé,100
HUN,mush,100
HUN,iv,100
HUN,kovás,100
HUN,papir torlo,100
HUN,sio zero,100
HUN,zold tea,100
HUN,tof,100
HUN,cocc,100
HUN,cila,100
HUN,tomatoe,100
HUN,pinsa,100
HUN,baber,99
HUN,puf,99
HUN,laktózmen,99
HUN,paradicsom konzerv,99
HUN,kenőm,99
HUN,haztartasi keksz,99
HUN,szafi,99
HUN,taki,99
HUN,ben &,99
HUN,trappi,99
HUN,páriz,99
HUN,melegszend,99
HUN,vanillia,99
HUN,mosogel,99
HUN,pirított,99
HUN,medve sajt,99
HUN,táska,99
HUN,zew,99
HUN,felvag,99
HUN,spaget,99
HUN,koria,99
HUN,maracuja,99
HUN,kápo,99
HUN,makar,99
HUN,öbli,99
HUN,étcsokolád,99
HUN,pumpkin,98
HUN,fet,98
HUN,győri édes,98
HUN,hotdog kifli,98
HUN,kokus,98
HUN,mat,98
HUN,folyekony,98
HUN,edam,98
HUN,100,98
HUN,scrub,98
HUN,wok,98
HUN,terhességi,98
HUN,matua,98
HUN,burra,98
HUN,nedves törlő,98
HUN,fritt,98
HUN,olajbogyó,98
HUN,twi,98
HUN,finn,98
HUN,battery,98
HUN,hari,97
HUN,leveles t,97
HUN,kellog,97
HUN,vanília aroma,97
HUN,kno,97
HUN,gyümölc,97
HUN,pacal,97
HUN,vaní,97
HUN,kristály,97
HUN,candle,97
HUN,chickpeas,97
HUN,suri,97
HUN,lind,97
HUN,nar,97
HUN,pesti,97
HUN,kész étel,97
HUN,energy drink,97
HUN,cocoa,97
HUN,légfriss,97
HUN,magi,97
HUN,delma,97
HUN,corn flakes,97
HUN,tortila,97
HUN,villgain,97
HUN,serté,97
HUN,sűrített tej,97
HUN,irsa,96
HUN,tányér,96
HUN,gilette,96
HUN,konzer,96
HUN,kukazsák,96
HUN,whi,96
HUN,cali,96
HUN,snic,96
HUN,pronto,96
HUN,müz,96
HUN,nestlé,96
HUN,citromsav,96
HUN,power ade,96
HUN,guac,96
HUN,kruton,96
HUN,monster zero,96
HUN,glutenmentes kenyer,96
HUN,ostya,96
HUN,dor,96
HUN,ned,96
HUN,tef,96
HUN,Virsli,96
HUN,cékl,96
HUN,gullón,96
HUN,libresse,96
HUN,paradicsomle,95
HUN,barackl,95
HUN,cip,95
HUN,lufi,95
HUN,bazs,95
HUN,kéztörl,95
HUN,interspar,95
HUN,madá,95
HUN,масло,95
HUN,deodorant,95
HUN,res,95
HUN,sziv,95
HUN,rozma,95
HUN,ev,95
HUN,rak,95
HUN,kinle,95
HUN,edesb,95
HUN,Pepsi,95
HUN,finomliszt,95
HUN,Unicum,95
HUN,magyaros,95
HUN,karav,95
HUN,fit,95
HUN,dano,95
HUN,légf,95
HUN,etolaj,95
HUN,pare,95
HUN,pure,95
HUN,savanyú káposzta,94
HUN,áfony,94
HUN,gluténmen,94
HUN,kokté,94
HUN,teper,94
HUN,actim,94
HUN,las,94
HUN,cukormentes jégkrém,94
HUN,terhe,94
HUN,kávé kapszula,94
HUN,cot,94
HUN,kova,94
HUN,edesbur,94
HUN,peanuts,94
HUN,kutyakaja,94
HUN,Saláta,94
HUN,drinks,94
HUN,folyé,94
HUN,sportszelet,94
HUN,levesko,94
HUN,csicseriborso,94
HUN,dijon,94
HUN,paulus,94
HUN,liba,94
HUN,papirzsebkendo,94
HUN,natura,94
HUN,fino,94
HUN,body,94
HUN,sűrí,93
HUN,fokhagyma por,93
HUN,pastetom,93
HUN,bivaly,93
HUN,ni,93
HUN,tamp,93
HUN,slim,93
HUN,mushrooms,93
HUN,san pellegrino,93
HUN,fenyőmag,93
HUN,alcohol,93
HUN,coff,93
HUN,fl,93
HUN,green tea,93
HUN,üdí,93
HUN,pácolt,93
HUN,kenőmájas,93
HUN,máln,93
HUN,pedigree,93
HUN,stick,93
HUN,topjo,93
HUN,clean,93
HUN,bon,93
HUN,étcsoko,93
HUN,garabonciás,93
HUN,foil,93
HUN,naranc,93
HUN,szájv,93
HUN,hell kave,93
HUN,fros,92
HUN,kinai,92
HUN,karfi,92
HUN,сыр,92
HUN,bebi,92
HUN,nedves wc,92
HUN,monyo,92
HUN,siko,92
HUN,barackos,92
HUN,ground beef,92
HUN,pancake,92
HUN,dates,92
HUN,sand,92
HUN,szójasz,92
HUN,zsö,92
HUN,dzsemfix,92
HUN,lap,92
HUN,gri,92
HUN,tejfő,92
HUN,purina one,92
HUN,holland,92
HUN,nek,92
HUN,beté,92
HUN,szaritott,92
HUN,meggysör,91
HUN,felvágo,91
HUN,gato,91
HUN,tarho,91
HUN,trapista sajt,91
HUN,harib,91
HUN,pils,91
HUN,csemeg,91
HUN,szapp,91
HUN,kulacs,91
HUN,knoppers,91
HUN,manna,91
HUN,vegán jégkrém,91
HUN,inter,91
HUN,füge,91
HUN,ivó,91
HUN,kauk,91
HUN,spread,91
HUN,megy,91
HUN,somersb,91
HUN,hűt,91
HUN,traubisoda,90
HUN,kecsap,90
HUN,lu,90
HUN,szentkirály,90
HUN,abso,90
HUN,bake rolls,90
HUN,kinl,90
HUN,lé,90
HUN,mirelit pizza,90
HUN,salata ontet,90
HUN,aszalt paradicsom,90
HUN,szódabikarbóna,90
HUN,danonino,90
HUN,hipo,90
HUN,milch,90
HUN,papirtörlő,90
HUN,hajfestek,90
HUN,beef jerky,90
HUN,stangli,90
HUN,kinder maxi,90
HUN,gyömbé,90
HUN,cocon,90
HUN,nedves törlőkendő,90
HUN,zabpeh,90
HUN,cherr,90
HUN,ju,89
HUN,3in,89
HUN,vanill,89
HUN,sertés zsír,89
HUN,greek yo,89
HUN,mé,89
HUN,konz,89
HUN,reese,89
HUN,bob,89
HUN,zol,89
HUN,crois,89
HUN,jègkrèm,89
HUN,szoro,89
HUN,carbon,89
HUN,mentes v,89
HUN,360,89
HUN,fehérít,89
HUN,lángos,89
HUN,puly,89
HUN,powerad,89
HUN,gyumol,89
HUN,zabszelet,89
HUN,kovászos kenyér,89
HUN,inst,89
HUN,tira,89
HUN,sertészsír,89
HUN,date,89
HUN,kolba,88
HUN,творог,88
HUN,fusilli,88
HUN,syoss,88
HUN,prosecc,88
HUN,starbuck,88
HUN,carr,88
HUN,szardínia,88
HUN,vaníl,88
HUN,szil,88
HUN,smart,88
HUN,viol,88
HUN,grap,88
HUN,piszta,88
HUN,papirzse,88
HUN,mizo tej,88
HUN,melegsz,88
HUN,grissini,88
HUN,gua,88
HUN,korian,88
HUN,ice crea,88
HUN,csirkemellfilé,88
HUN,tejcsoki,88
HUN,laposa,88
HUN,lin,88
HUN,bord,88
HUN,kefí,88
HUN,schär,88
HUN,esl,88
HUN,alaple,88
HUN,heine,88
HUN,virlsi,88
HUN,vajkre,88
HUN,fin,88
HUN,wol,88
HUN,papirzs,88
HUN,nesquick,88
HUN,vegafol,87
HUN,apples,87
HUN,széles,87
HUN,full natural,87
HUN,san bene,87
HUN,Milka,87
HUN,riska,87
HUN,lafi,87
HUN,cer,87
HUN,lube,87
HUN,condoms,87
HUN,tel,87
HUN,miso,87
HUN,diet,87
HUN,bleach,87
HUN,ice tea zero,87
HUN,szilv,87
HUN,Alpro,87
HUN,füs,87
HUN,pas,87
HUN,kemenyito,87
HUN,tölcsér,87
HUN,ghee,87
HUN,chocolate milk,87
HUN,matrica,87
HUN,laktózmentes vaj,87
HUN,mosógép,87
HUN,mosokapszula,87
HUN,risz,87
HUN,cal,87
HUN,áfo,87
HUN,felmo,87
HUN,sültkr,87
HUN,tampo,87
HUN,pin,87
HUN,keztorlo,87
HUN,öblito,87
HUN,jelly,87
HUN,lencse chips,86
HUN,vörös hagyma,86
HUN,növé,86
HUN,lapka sajt,86
HUN,haagen dazs,86
HUN,obl,86
HUN,csalam,86
HUN,calvo,86
HUN,tölt,86
HUN,tesc,86
HUN,nedves torlo,86
HUN,unic,86
HUN,bell pepper,86
HUN,zilda,86
HUN,teljes kiőrlés,86
HUN,spoon,86
HUN,udit,86
HUN,terh,86
HUN,zsemle morzsa,86
HUN,szénsava,86
HUN,nö,86
HUN,téliszal,86
HUN,szot,86
HUN,Joghurt,86
HUN,alga,86
HUN,tortell,86
HUN,ceruza,85
HUN,mexikói,85
HUN,fagyasztott gyü,85
HUN,bravo,85
HUN,fürdő,85
HUN,pat,85
HUN,canada dry,85
HUN,ajvar,85
HUN,capri sun,85
HUN,sushitime,85
HUN,afony,85
HUN,franu,85
HUN,kinder joy,85
HUN,maci,85
HUN,teljes kiörlés,85
HUN,uj,85
HUN,hell k,85
HUN,sóska,85
HUN,act,85
HUN,poco,85
HUN,póré,85
HUN,kukászsák,85
HUN,csirke f,85
HUN,glutenm,85
HUN,voslauer,85
HUN,oatmeal,85
HUN,savas víz,85
HUN,tokaji,85
HUN,coca-cola,85
HUN,baget,85
HUN,napraf,85
HUN,sajr,84
HUN,sargadinnye,84
HUN,instant k,84
HUN,csirkemellfile,84
HUN,paulaner,84
HUN,darálthus,84
HUN,csirkec,84
HUN,sardine,84
HUN,youg,84
HUN,grated,84
HUN,kő,84
HUN,jégko,84
HUN,citromos s,84
HUN,fogke,84
HUN,Carte D'or,84
HUN,szénsavas ásványvíz,84
HUN,poweraid,84
HUN,avokad,84
HUN,berry,84
HUN,gat,84
HUN,csirke fűszer,84
HUN,some,84
HUN,reszelt saj,83
HUN,karam,83
HUN,guiness,83
HUN,guseppe,83
HUN,raffaello,83
HUN,ranch,83
HUN,body wash,83
HUN,sültk,83
HUN,perwoll,83
HUN,dure,83
HUN,plastic,83
HUN,ping,83
HUN,dreh,83
HUN,fehércsoki,83
HUN,sesame,83
HUN,Csirke,83
HUN,cilantro,83
HUN,lemo,83
HUN,limonade,83
HUN,airwick,83
HUN,black pepper,83
HUN,gyori edes,83
HUN,felvágot,83
HUN,fertőtlen,83
HUN,dish soap,83
HUN,abo,83
HUN,sar,82
HUN,kalifor,82
HUN,grano,82
HUN,löncs,82
HUN,ice cr,82
HUN,sű,82
HUN,pöl,82
HUN,lencs,82
HUN,brok,82
HUN,ananá,82
HUN,gomolya,82
HUN,vörös bor,82
HUN,szőlőcukor,82
HUN,gyurma,82
HUN,bens,82
HUN,tagliatelle,82
HUN,ambi,82
HUN,sopro,82
HUN,illa,82
HUN,fokhagymás,82
HUN,mou,82
HUN,padló,82
HUN,készéte,82
HUN,fagyasztott zoldseg,82
HUN,szaraz,82
HUN,lotus,82
HUN,pringle,82
HUN,papirtor,82
HUN,főzőtej,82
HUN,happy day,82
HUN,majkr,82
HUN,can,82
HUN,bol,82
HUN,veet,82
HUN,moments,82
HUN,suti,82
HUN,laz,82
HUN,poco loco,82
HUN,stra,81
HUN,nesp,81
HUN,cornett,81
HUN,leveszoldseg,81
HUN,ná,81
HUN,szor,81
HUN,isler,81
HUN,junior,81
HUN,csik,81
HUN,sárgaré,81
HUN,makaróni,81
HUN,pore,81
HUN,aa,81
HUN,dur,81
HUN,Burgonya,81
HUN,szappa,81
HUN,pul,81
HUN,sikos,81
HUN,hypo,81
HUN,magnézium,81
HUN,corne,81
HUN,darált pulyka,81
HUN,mogyoros,81
HUN,paula,81
HUN,sárgabarack,81
HUN,már,81
HUN,zabte,81
HUN,papirtörl,81
HUN,zero bar,81
HUN,görög jogh,81
HUN,alpro barista,80
HUN,toi,80
HUN,parf,80
HUN,hand soap,80
HUN,ros,80
HUN,korpo,80
HUN,fenyő,80
HUN,instan,80
HUN,dough,80
HUN,voro,80
HUN,bisc,80
HUN,kreatin,80
HUN,parizs,80
HUN,sur,80
HUN,lion,80
HUN,cranberry,80
HUN,yfood,80
HUN,szentkirál,80
HUN,aloe vera,80
HUN,kakó,80
HUN,édes savanyú,80
HUN,őrölt k,80
HUN,du,80
HUN,et,80
HUN,pékség,80
HUN,parázs,80
HUN,jégrém,80
HUN,philad,80
HUN,mentos,80
HUN,vízkőoldó,80
HUN,karamalz,80
HUN,pölöskei,80
HUN,ostoros,80
HUN,spice,80
HUN,műanyag,80
HUN,Hagyma,80
HUN,list,80
HUN,kapszul,80
HUN,müzl,80
HUN,gara,80
HUN,kitchen towel,80
HUN,mir,80
HUN,violetta,80
HUN,nutela,80
HUN,csirkecom,79
HUN,mű,79
HUN,spark,79
HUN,sertéscomb,79
HUN,csirkeszarny,79
HUN,shaker,79
HUN,bura,79
HUN,paprikas,79
HUN,csokis keksz,79
HUN,tábla,79
HUN,wash,79
HUN,dorito,79
HUN,jázmin,79
HUN,kendő,79
HUN,cheeto,79
HUN,krumplip,79
HUN,musli,79
HUN,berries,79
HUN,wor,79
HUN,snicker,79
HUN,gorogdinnye,79
HUN,mal,79
HUN,gyo,79
HUN,melegszen,79
HUN,president,79
HUN,jégkoc,79
HUN,puffas,79
HUN,bolyki,79
HUN,wraps,79
HUN,madartej,79
HUN,trappista sajt,79
HUN,szarvasgomba,79
HUN,rico,79
HUN,teq,79
HUN,marhah,78
HUN,gluten mentes,78
HUN,spicy,78
HUN,Rizs,78
HUN,paradicsom s,78
HUN,szojaszosz,78
HUN,toast kenyer,78
HUN,paradiso,78
HUN,csalamádé,78
HUN,bulg,78
HUN,heidi,78
HUN,sajto,78
HUN,papír törlő,78
HUN,szénhidrát,78
HUN,sensodyne,78
HUN,gyom,78
HUN,breier,78
HUN,lemon juice,78
HUN,ud,78
HUN,tehf,78
HUN,cole,78
HUN,cumin,78
HUN,cottage ch,78
HUN,coro,78
HUN,turorud,78
HUN,abonet,78
HUN,tomlos,78
HUN,nyalóka,78
HUN,meggys,78
HUN,pele,78
HUN,fekete bors,78
HUN,pirított hagyma,78
HUN,eisb,78
HUN,rizsteszta,78
HUN,nád,78
HUN,zizu,78
HUN,pür,78
HUN,csiperke,78
HUN,kave kapszula,78
HUN,con,78
HUN,parfüm,78
HUN,ill,78
HUN,Jana,78
HUN,bell,78
HUN,kétszersült,78
HUN,rep,77
HUN,flower,77
HUN,fresh,77
HUN,instant tészta,77
HUN,paradicsoms,77
HUN,szemetes zsak,77
HUN,milánói,77
HUN,marh,77
HUN,ehrmann,77
HUN,kitchen paper,77
HUN,gree,77
HUN,tante,77
HUN,vadas,77
HUN,veget,77
HUN,summer,77
HUN,ep,77
HUN,came,77
HUN,laktozmen,77
HUN,ice t,77
HUN,leves tészta,77
HUN,dorit,77
HUN,fehérrépa,77
HUN,shot,77
HUN,ram,77
HUN,rumaroma,77
HUN,száj,77
HUN,wate,77
HUN,túrórud,77
HUN,daralt marha,77
HUN,gála,77
HUN,royal vodka,77
HUN,mangalica,77
HUN,vanilia puding,76
HUN,gullo,76
HUN,pizzakrem,76
HUN,ezersziget,76
HUN,sardines,76
HUN,jegsa,76
HUN,med,76
HUN,fertotlenito,76
HUN,teljes kiörl,76
HUN,ben&,76
HUN,ciabatta,76
HUN,baking paper,76
HUN,Dreher,76
HUN,mosogatószivacs,76
HUN,Citrom,76
HUN,major,76
HUN,görögdi,76
HUN,marl,76
HUN,kut,76
HUN,galuska,76
HUN,macskaeledel,76
HUN,haa,76
HUN,ben & jerry,76
HUN,protien,76
HUN,kri,76
HUN,bir,76
HUN,parmeza,76
HUN,olaszrizling,76
HUN,csala,76
HUN,zero co,76
HUN,teliszalami,76
HUN,oregán,75
HUN,alna,75
HUN,sanp,75
HUN,kakukkf,75
HUN,baking powder,75
HUN,ribizli,75
HUN,ac,75
HUN,ooops,75
HUN,zsiroldo,75
HUN,somloi,75
HUN,balsamic,75
HUN,szarvasi,75
HUN,tic tac,75
HUN,gumicuk,75
HUN,oetker,75
HUN,tejcsokoládé,75
HUN,légfri,75
HUN,pizzas,75
HUN,kovászo,75
HUN,vöslauer,75
HUN,Zsemle,75
HUN,tèszta,75
HUN,cukor mentes,75
HUN,men,75
HUN,krumplipüré,75
HUN,teljes kiörlésű,75
HUN,legfrissito,75
HUN,dr oet,75
HUN,nestl,75
HUN,orr,75
HUN,porkolt,75
HUN,sajtkre,75
HUN,met,75
HUN,töltő,75
HUN,wax,75
HUN,ömlesztett sajt,75
HUN,ser,75
HUN,csere,75
HUN,hajf,75
HUN,arcmaszk,75
HUN,élesz,75
HUN,lilahag,75
HUN,ab,75
HUN,sha,75
HUN,Paprika,74
HUN,készé,74
HUN,darálthú,74
HUN,törley,74
HUN,chedda,74
HUN,meggybef,74
HUN,trapis,74
HUN,Liszt,74
HUN,marlen,74
HUN,jégr,74
HUN,hellman,74
HUN,pastry,74
HUN,cukkin,74
HUN,jag,74
HUN,vidka,74
HUN,ice cubes,74
HUN,Túró,74
HUN,pulyk,74
HUN,zabt,74
HUN,choclate,74
HUN,ajandek,74
HUN,túró rud,74
HUN,peksutemeny,74
HUN,olló,74
HUN,afo,74
HUN,kot,74
HUN,aja,74
HUN,oven baked,74
HUN,pere,74
HUN,ízesített,74
HUN,cooki,74
HUN,wc illatosító,74
HUN,babérlevél,74
HUN,dán,74
HUN,sül,73
HUN,laktozmentes joghurt,73
HUN,cooking,73
HUN,rozm,73
HUN,chipsz,73
HUN,somat,73
HUN,raff,73
HUN,kigyó,73
HUN,csipos,73
HUN,mascarp,73
HUN,gummy,73
HUN,samurai,73
HUN,laktozme,73
HUN,hesters,73
HUN,mayon,73
HUN,instant kave,73
HUN,reszeltsajt,73
HUN,kukazs,73
HUN,lurpa,73
HUN,kesudi,73
HUN,cukorment,73
HUN,tisztasági,73
HUN,romai,73
HUN,szajviz,73
HUN,grill kolbász,73
HUN,leveszöld,73
HUN,mokate,73
HUN,roze,73
HUN,energiai,73
HUN,cayenne,73
HUN,hideg,73
HUN,rizschips,73
HUN,fahéjas,72
HUN,spagetti teszta,72
HUN,waffle,72
HUN,ammer,72
HUN,gof,72
HUN,tart,72
HUN,pingui,72
HUN,marle,72
HUN,csili,72
HUN,húsgolyó,72
HUN,kapot,72
HUN,diszn,72
HUN,iglo,72
HUN,garli,72
HUN,jana baby,72
HUN,lenmag,72
HUN,crab,72
HUN,mogyorokrem,72
HUN,wh,72
HUN,extra dús,72
HUN,száraztészta,72
HUN,inni,72
HUN,mozarell,72
HUN,zero c,72
HUN,tehfol,72
HUN,nedv,72
HUN,kech,72
HUN,szemes k,72
HUN,ayra,72
HUN,sőr,72
HUN,gyro,72
HUN,ny,72
HUN,darált hú,72
HUN,wcpapir,72
HUN,panirmorzsa,72
HUN,poga,72
HUN,mak,72
HUN,üdi,71
HUN,gombóc,71
HUN,zero col,71
HUN,szerecsendió,71
HUN,prezli,71
HUN,turo rud,71
HUN,pal,71
HUN,retes,71
HUN,kalifo,71
HUN,habfix,71
HUN,collagen,71
HUN,spud,71
HUN,sertészs,71
HUN,celery,71
HUN,ananászlé,71
HUN,félédes,71
HUN,spo,71
HUN,baguett,71
HUN,puding por,71
HUN,elep,71
HUN,habf,71
HUN,vöröslencse,71
HUN,halal,71
HUN,rizsital,71
HUN,ízesített víz,71
HUN,glutenmentes teszta,71
HUN,bock,71
HUN,etcs,71
HUN,Kifli,71
HUN,thyme,71
HUN,szój,71
HUN,juhtúr,71
HUN,pars,71
HUN,qui,71
HUN,wipe,71
HUN,Fagyi,71
HUN,tojs,71
HUN,szensavmentes,71
HUN,alkohol mentes,71
HUN,tanyasi,71
HUN,Víz,71
HUN,kí,71
HUN,tökm,70
HUN,vin,70
HUN,alkoholmentes sor,70
HUN,fagyasztott málna,70
HUN,olívaolaj,70
HUN,vörösha,70
HUN,spi,70
HUN,édes burgonya,70
HUN,fűszerek,70
HUN,agave,70
HUN,vorosh,70
HUN,skizo,70
HUN,ízes,70
HUN,лук,70
HUN,har,70
HUN,йогурт,70
HUN,aaa,70
HUN,kék,70
HUN,selyemsonka,70
HUN,bue,70
HUN,crisps,70
HUN,füstöl,70
HUN,fust,70
HUN,fagyasztott zölds,70
HUN,blueberries,70
HUN,kakukkfű,70
HUN,kotanyi,70
HUN,cleaning,70
HUN,gumikesztyű,70
HUN,szendvic,70
HUN,peks,70
HUN,naturaq,70
HUN,Tejszín,70
HUN,kolbas,70
HUN,halkonzerv,70
HUN,zsöm,70
HUN,bagu,70
HUN,macska kaja,70
HUN,kuká,70
HUN,natu,70
HUN,hot do,70
HUN,pöttyö,70
HUN,virslis,70
HUN,sim,70
HUN,há,70
HUN,nádud,69
HUN,leves zoldseg,69
HUN,natur jog,69
HUN,görögd,69
HUN,hi,69
HUN,bazsali,69
HUN,theo,69
HUN,sheba,69
HUN,száraz tészta,69
HUN,csemege kukorica,69
HUN,káp,69
HUN,milán,69
HUN,barackle,69
HUN,szivoszal,69
HUN,gyr,69
HUN,kávè,69
HUN,konjac,69
HUN,édessé,69
HUN,brot,69
HUN,mayonnaise,69
HUN,papír t,69
HUN,testapolo,69
HUN,tea zero,69
HUN,kris,69
HUN,tissues,69
HUN,udi,69
HUN,mákos,69
HUN,fozotej,69
HUN,főzőt,69
HUN,meggy sör,69
HUN,halrudacska,69
HUN,roy,69
HUN,nescafé,69
HUN,jó,69
HUN,cseresz,69
HUN,tusfu,69
HUN,teljes kiőrl,69
HUN,csemege ub,69
HUN,lacto,69
HUN,disznó,69
HUN,szemes kave,69
HUN,paraj,68
HUN,tun,68
HUN,tesz,68
HUN,bükki,68
HUN,choca,68
HUN,liver,68
HUN,pisztáci,68
HUN,szardella,68
HUN,vit,68
HUN,coron,68
HUN,piskó,68
HUN,sajtos kifli,68
HUN,alk,68
HUN,hey,68
HUN,biote,68
HUN,laktózmentes t,68
HUN,krémtú,68
HUN,koles,68
HUN,parmi,68
HUN,twj,68
HUN,vien,68
HUN,sajtos stangli,68
HUN,bazsalik,68
HUN,listerin,68
HUN,floor,68
HUN,speno,68
HUN,jegeskave,68
HUN,hotdo,68
HUN,új,68
HUN,dessert,68
HUN,wc ill,68
HUN,mexik,68
HUN,ayr,68
HUN,birra,68
HUN,olympos,68
HUN,ontet,68
HUN,Cserpes,68
HUN,pehely,68
HUN,smack leves,68
HUN,boro,68
HUN,sw,68
HUN,sutop,68
HUN,sólet,67
HUN,szezá,67
HUN,extr,67
HUN,készét,67
HUN,szentkira,67
HUN,3bit,67
HUN,frozen fruit,67
HUN,torley,67
HUN,kovaszos uborka,67
HUN,gluténmentes t,67
HUN,tena,67
HUN,joh,67
HUN,kivi,67
HUN,margari,67
HUN,gator,67
HUN,filc,67
HUN,jameson,67
HUN,sat,67
HUN,mont,67
HUN,barna rizs,67
HUN,bree,67
HUN,prima,67
HUN,fuszerek,67
HUN,füstö,67
HUN,meggle,67
HUN,légfrissít,67
HUN,koktélparadicsom,67
HUN,kapszulás,67
HUN,gulyáskrém,67
HUN,leg,67
HUN,szendvicskr,67
HUN,fröccs,67
HUN,kása,67
HUN,pel,67
HUN,Water,67
HUN,fűsz,67
HUN,red onion,67
HUN,puncs,67
HUN,muesli,67
HUN,fehérbab,67
HUN,kártya,67
HUN,zsíroldó,67
HUN,nesqui,67
HUN,high,67
HUN,répalé,67
HUN,glue,67
HUN,edesitoszer,67
HUN,chocol,67
HUN,szezammag,67
HUN,karavan,67
HUN,blan,67
HUN,bubor,67
HUN,bee,67
HUN,sham,67
HUN,gi,67
HUN,gn,67
HUN,peszto,67
HUN,chia mag,67
HUN,coca co,66
HUN,yogur,66
HUN,padano,66
HUN,befott,66
HUN,lunter,66
HUN,spring,66
HUN,coo,66
HUN,carbo,66
HUN,növény,66
HUN,extrud,66
HUN,roletti,66
HUN,tejber,66
HUN,minced meat,66
HUN,пиво,66
HUN,almonds,66
HUN,teri,66
HUN,vigo,66
HUN,zöldtea,66
HUN,baz,66
HUN,bake,66
HUN,mell,66
HUN,szotyis,66
HUN,Pöttyös,66
HUN,pani,66
HUN,topj,66
HUN,zucchini,66
HUN,festék,66
HUN,naprafor,66
HUN,afon,66
HUN,saus,66
HUN,meggy bef,66
HUN,lo,66
HUN,anjun,66
HUN,gabon,66
HUN,tihanyi,66
HUN,ree,66
HUN,pizzaliszt,66
HUN,oszi,66
HUN,trj,66
HUN,fuzete,66
HUN,kalifa,66
HUN,vola,66
HUN,zacs,66
HUN,extra dus,66
HUN,gyer,66
HUN,izesitett viz,66
HUN,iceberg,65
HUN,limo,65
HUN,kan,65
HUN,palinka,65
HUN,izzó,65
HUN,hint,65
HUN,ground,65
HUN,сметана,65
HUN,gel,65
HUN,kesztyu,65
HUN,true dates,65
HUN,oa,65
HUN,Bor,65
HUN,madarsalata,65
HUN,seeds,65
HUN,petrezsely,65
HUN,activus,65
HUN,bri,65
HUN,soja,65
HUN,piló,65
HUN,kesud,65
HUN,tubi,65
HUN,hell coffe,65
HUN,new,65
HUN,nugget,65
HUN,ement,65
HUN,meg,65
HUN,alkoholm,65
HUN,felm,65
HUN,göss,65
HUN,xixi,65
HUN,extru,65
HUN,marcip,65
HUN,gyomb,65
HUN,ambi pur,65
HUN,rum aroma,65
HUN,sr,65
HUN,zero hell,65
HUN,abone,65
HUN,tömlő,65
HUN,olajbogy,65
HUN,corny,65
HUN,vine,65
HUN,ujhagy,65
HUN,mosós,65
HUN,protein pudding,65
HUN,epe,65
HUN,tapas,65
HUN,macskaa,65
HUN,mál,65
HUN,Sió,65
HUN,fertőtlenít,65
HUN,gyümölcsp,64
HUN,pamp,64
HUN,csirke fuszer,64
HUN,risotto,64
HUN,senso,64
HUN,usb,64
HUN,carbonated,64
HUN,7da,64
HUN,party,64
HUN,orega,64
HUN,jalapen,64
HUN,glass,64
HUN,pariz,64
HUN,petrezselye,64
HUN,pink lady,64
HUN,sna,64
HUN,max,64
HUN,banàn,64
HUN,san be,64
HUN,sajt szósz,64
HUN,macha,64
HUN,pine,64
HUN,tonys,64
HUN,siracha,64
HUN,aper,64
HUN,frosh,64
HUN,palmolive,64
HUN,chocapic,64
HUN,pille,64
HUN,floraszept,64
HUN,drehe,64
HUN,past,64
HUN,medv,64
HUN,juhász,64
HUN,fustolt sajt,64
HUN,old sp,64
HUN,guinness,64
HUN,müzli szelet,64
HUN,tisztas,64
HUN,folpack,64
HUN,spagetti tészta,64
HUN,csokolá,64
HUN,kàvé,64
HUN,voroshagy,64
HUN,szeletelt kenyér,64
HUN,koffe,63
HUN,krupli,63
HUN,vegan sajt,63
HUN,hdmi,63
HUN,kíg,63
HUN,télisz,63
HUN,mirel,63
HUN,gallio,63
HUN,brush,63
HUN,csal,63
HUN,zsírszegény,63
HUN,chilisbab,63
HUN,füstölt paprika,63
HUN,zabfalat,63
HUN,maka,63
HUN,színfogó,63
HUN,pilo,63
HUN,daralt keksz,63
HUN,zabpehel,63
HUN,olajbogyo,63
HUN,hellmann,63
HUN,jalape,63
HUN,seafood,63
HUN,brokkol,63
HUN,chipotle,63
HUN,fagyasztott eper,63
HUN,bubble,63
HUN,aqua,63
HUN,kapsz,63
HUN,rucola,63
HUN,starop,63
HUN,hall,63
HUN,tisztító,63
HUN,ben&jerry,63
HUN,wi,63
HUN,prosci,63
HUN,éde,62
HUN,tusfür,62
HUN,toff,62
HUN,oblit,62
HUN,piros pap,62
HUN,tejszel,62
HUN,protein joghurt,62
HUN,beetroot,62
HUN,peper,62
HUN,hajbalzsam,62
HUN,földimogyoró,62
HUN,kagylo,62
HUN,true,62
HUN,avocad,62
HUN,broth,62
HUN,crisp,62
HUN,vor,62
HUN,tob,62
HUN,hajfes,62
HUN,sta,62
HUN,coka,62
HUN,kétszers,62
HUN,piri,62
HUN,level,62
HUN,instant coffee,62
HUN,felvagot,62
HUN,vill,62
HUN,vajbab,62
HUN,cukormentes fagyi,62
HUN,ginger shot,62
HUN,tál,62
HUN,szívószál,62
HUN,karalá,62
HUN,konze,62
HUN,habtejs,62
HUN,box,62
HUN,paprikás szalámi,62
HUN,sex,62
HUN,izotonias,62
HUN,biot,62
HUN,cava,62
HUN,cere,62
HUN,császá,62
HUN,grillkolbász,62
HUN,jegrem,62
HUN,mireli,62
HUN,Tészta,62
HUN,enyhe,62
HUN,rizsecet,62
HUN,turo ru,62
HUN,majonézes,62
HUN,calgon,62
HUN,sriracha,62
HUN,mex,62
HUN,gumicuko,62
HUN,sütemé,62
HUN,baked beans,62
HUN,tomlos sajt,62
HUN,espresso,62
HUN,tchi,62
HUN,goat,62
HUN,c vitamin,62
HUN,szegfűszeg,62
HUN,Zero,62
HUN,folt,62
HUN,fetasajt,61
HUN,zacskós,61
HUN,extrudált,61
HUN,heinek,61
HUN,savanyú uborka,61
HUN,cukini,61
HUN,tooth paste,61
HUN,zöldbor,61
HUN,kazy,61
HUN,hering,61
HUN,Bacon,61
HUN,vaseline,61
HUN,szemetesz,61
HUN,telj,61
HUN,zsela,61
HUN,vegán sajt,61
HUN,nudli,61
HUN,tep,61
HUN,zolds,61
HUN,mizs,61
HUN,hamburge,61
HUN,coleslaw,61
HUN,fifa,61
HUN,levesgyöngy,61
HUN,parma,61
HUN,szívó,61
HUN,vöröshag,61
HUN,pizza teszta,61
HUN,laktózment,61
HUN,spár,61
HUN,feli,61
HUN,porcuk,61
HUN,csipesz,61
HUN,jégkre,61
HUN,wo,61
HUN,halls,61
HUN,completa,61
HUN,garbage bag,61
HUN,browni,61
HUN,zéro,61
HUN,hand wash,61
HUN,diablo,61
HUN,proseco,61
HUN,savas v,61
HUN,zero szörp,61
HUN,kaiser,61
HUN,robert,61
HUN,radler,61
HUN,mandulaliszt,61
HUN,pálcika,61
HUN,eda,60
HUN,tarkony,60
HUN,loreal,60
HUN,jegestea,60
HUN,cillit,60
HUN,husgolyo,60
HUN,síkosító,60
HUN,Alma,60
HUN,glads,60
HUN,áfon,60
HUN,staropramen,60
HUN,seven days,60
HUN,protein pud,60
HUN,roll,60
HUN,bodz,60
HUN,parmalat,60
HUN,csira,60
HUN,haage,60
HUN,levestészta,60
HUN,shampo,60
HUN,qu,60
HUN,gumikeszty,60
HUN,rees,60
HUN,gabo,60
HUN,kápos,60
HUN,fűszerkeverék,60
HUN,rizotto,60
HUN,földi,60
HUN,pill,60
HUN,m&ms,60
HUN,olajb,60
HUN,pisztác,60
HUN,mortadella,60
HUN,mosogató szivacs,60
HUN,sajtos p,60
HUN,paradicsom pür,60
HUN,kréms,60
HUN,Vilgain,60
HUN,ins,60
HUN,han,60
HUN,pareny,60
HUN,pancetta,60
HUN,gluténmentes keny,60
HUN,ragasztószalag,60
HUN,daràlt,60
HUN,jutalom,60
HUN,coppa,60
HUN,ligh,60
HUN,musta,60
HUN,csülök,60
HUN,sertés zs,60
HUN,butt,60
HUN,edesbu,60
HUN,leveszölds,60
HUN,rongy,60
HUN,halloumi,60
HUN,skittles,60
HUN,savanyu uborka,60
HUN,szűz,59
HUN,dia,59
HUN,pannonia,59
HUN,nyaloka,59
HUN,brokko,59
HUN,gou,59
HUN,rise,59
HUN,campari,59
HUN,jazmin,59
HUN,csipetke,59
HUN,regina,59
HUN,seb,59
HUN,cipó,59
HUN,borju,59
HUN,dol,59
HUN,dog,59
HUN,knopp,59
HUN,сливки,59
HUN,péksü,59
HUN,jegs,59
HUN,calip,59
HUN,hot d,59
HUN,csillag,59
HUN,laktozmentes vaj,59
HUN,raspberry,59
HUN,kala,59
HUN,búzasör,59
HUN,jeges tea,59
HUN,barb,59
HUN,ste,59
HUN,savanyu kaposzta,59
HUN,potty,59
HUN,coccol,59
HUN,turista,59
HUN,maple,59
HUN,cin,59
HUN,pirosp,59
HUN,laktózmentes túró,59
HUN,lentils,59
HUN,hajlak,59
HUN,öb,59
HUN,fél,59
HUN,sütőpo,59
HUN,sun,59
HUN,meggy befőtt,59
HUN,handwash,59
HUN,dr.,59
HUN,gyümölcsleves,59
HUN,tacos,59
HUN,fagyasztott meggy,59
HUN,zero pepsi,59
HUN,reno,59
HUN,diák,59
HUN,Banán,59
HUN,dajt,59
HUN,paradicsomos bab,59
HUN,geszte,59
HUN,cukir,59
HUN,eleszt,59
HUN,jegsal,59
HUN,pizza liszt,59
HUN,venusz,59
HUN,Tojas,59
HUN,cher,59
HUN,lor,59
HUN,jatek,59
HUN,nedve,59
HUN,edesburg,59
HUN,jóke,59
HUN,mara,59
HUN,cottage c,58
HUN,oliva bogyó,58
HUN,péksütem,58
HUN,WC,58
HUN,joya,58
HUN,dumpling,58
HUN,lactovit,58
HUN,prosec,58
HUN,jegeskáv,58
HUN,szens,58
HUN,eleph,58
HUN,maggie,58
HUN,magg,58
HUN,minced beef,58
HUN,gluténment,58
HUN,smoked,58
HUN,kaviár,58
HUN,egri,58
HUN,pak,58
HUN,csirkeco,58
HUN,sajtszó,58
HUN,red bul,58
HUN,my,58
HUN,ear,58
HUN,szarva,58
HUN,szód,58
HUN,yogi,58
HUN,top joy,58
HUN,fűszersó,58
HUN,tomhal,58
HUN,baril,58
HUN,füszer,58
HUN,beet,58
HUN,melegsze,58
HUN,kétszer,58
HUN,anti,58
HUN,danett,58
HUN,pear,58
HUN,tapasz,58
HUN,gorog jog,58
HUN,camamb,58
HUN,iso,58
HUN,hell coff,58
HUN,fej,58
HUN,tőkehal,58
HUN,szere,58
HUN,toile,58
HUN,gorgonzola,58
HUN,vizk,58
HUN,kókuszolaj,58
HUN,Krumpli,58
HUN,yougurt,58
HUN,noo,58
HUN,waffelini,58
HUN,leveskoc,58
HUN,ben and jerrys,58
HUN,still water,58
HUN,fehérr,58
HUN,saláta mix,58
HUN,shave,58
HUN,garaboncias,58
HUN,sou,58
HUN,leffe,58
HUN,sl,58
HUN,habtejszí,58
HUN,mogyorókr,58
HUN,sani,58
HUN,cips,58
HUN,drain,58
HUN,truffle,58
HUN,black tea,58
HUN,alo,58
HUN,noked,58
HUN,hajfe,57
HUN,chocolate chips,57
HUN,baked,57
HUN,mexikoi,57
HUN,irs,57
HUN,ház,57
HUN,cukormentes keksz,57
HUN,pizzak,57
HUN,bond,57
HUN,sweets,57
HUN,hey ho,57
HUN,barbecue,57
HUN,zsak,57
HUN,gabonap,57
HUN,tölcs,57
HUN,tallér,57
HUN,kuty,57
HUN,wies,57
HUN,waff,57
HUN,szalàmi,57
HUN,gabonape,57
HUN,pate,57
HUN,zabfalatok,57
HUN,borotv,57
HUN,filter,57
HUN,sensitive,57
HUN,trappis,57
HUN,kovászos ub,57
HUN,dishwash,57
HUN,ravioli,57
HUN,zu,57
HUN,cherry coke,57
HUN,csilis,57
HUN,zselé,57
HUN,koffeinm,57
HUN,házt,57
HUN,szensava,57
HUN,zero cukor,57
HUN,tortel,57
HUN,majom,57
HUN,Tejf,57
HUN,tat,57
HUN,strawberries,56
HUN,felmosófej,56
HUN,appl,56
HUN,aszal,56
HUN,tehszin,56
HUN,floss,56
HUN,orolt,56
HUN,sajtos chips,56
HUN,krémfehér,56
HUN,csemegeub,56
HUN,koro,56
HUN,raffa,56
HUN,tic,56
HUN,lando,56
HUN,puffancs,56
HUN,szarvacs,56
HUN,bananas,56
HUN,alkoholme,56
HUN,kukazsak,56
HUN,paní,56
HUN,zab tej,56
HUN,nádcukor,56
HUN,maoam,56
HUN,magyar,56
HUN,szemetes zs,56
HUN,bl,56
HUN,tojád,56
HUN,töm,56
HUN,győ,56
HUN,zsöml,56
HUN,creatine,56
HUN,croissan,56
HUN,joghurtital,56
HUN,feherito,56
HUN,after,56
HUN,buratta,56
HUN,sodastream,56
HUN,toast keny,56
HUN,hasábburgonya,56
HUN,dö,56
HUN,hasá,56
HUN,gorogjoghurt,56
HUN,dz,56
HUN,penn,56
HUN,mandulaital,56
HUN,tomate,56
HUN,old spi,56
HUN,electro,56
HUN,gril,56
HUN,folyéko,56
HUN,ari,56
HUN,főzőte,56
HUN,ételecet,56
HUN,slimm,56
HUN,kukoricapehely,56
HUN,miller lime,56
HUN,zero coca,56
HUN,fuse,56
HUN,befőttes,56
HUN,zoldtea,55
HUN,hungaria,55
HUN,strong,55
HUN,taglia,55
HUN,spin,55
HUN,sampo,55
HUN,pank,55
HUN,dolc,55
HUN,Szentkirály,55
HUN,gyümölcspüré,55
HUN,Olaj,55
HUN,immuno,55
HUN,nektari,55
HUN,calipp,55
HUN,halru,55
HUN,Kávé,55
HUN,kaktus,55
HUN,masala,55
HUN,fini,55
HUN,venus,55
HUN,alwa,55
HUN,frissen,55
HUN,rafaello,55
HUN,fogkre,55
HUN,vaniliás cukor,55
HUN,rágo,55
HUN,ragtapasz,55
HUN,rost,55
HUN,jogob,55
HUN,tatár,55
HUN,bas,55
HUN,rán,55
HUN,saga,55
HUN,félix,55
HUN,ICE tea,55
HUN,túró Rudi,55
HUN,vas,55
HUN,pékárú,55
HUN,pala,55
HUN,koffeinmen,55
HUN,giana,55
HUN,szamos,55
HUN,powder,55
HUN,tzat,55
HUN,zöldbo,55
HUN,szegfű,55
HUN,tokaj,55
HUN,buen,55
HUN,barbe,55
HUN,match,55
HUN,fagyasztott m,55
HUN,kukászs,55
HUN,dm,55
HUN,fagyasztott zöld,55
HUN,vsirke,55
HUN,avacado,55
HUN,turo r,55
HUN,kend,55
HUN,tej esl,55
HUN,sultk,55
HUN,telefon,55
HUN,vénusz,55
HUN,szárított paradicsom,55
HUN,leves t,55
HUN,zala,54
HUN,somka,54
HUN,chill,54
HUN,kaliforniai paprika,54
HUN,rauc,54
HUN,lenc,54
HUN,kockázott,54
HUN,dat,54
HUN,szalametti,54
HUN,leves teszta,54
HUN,hoe,54
HUN,alkoh,54
HUN,malt,54
HUN,trash bags,54
HUN,frittman,54
HUN,cloud,54
HUN,citron,54
HUN,pizzasz,54
HUN,com,54
HUN,reszelt sa,54
HUN,mese,54
HUN,pillecukor,54
HUN,cola zer,54
HUN,kávékap,54
HUN,Dinnye,54
HUN,terhes,54
HUN,swe,54
HUN,zsemlemorzs,54
HUN,tirami,54
HUN,maretti,54
HUN,görög dinnye,54
HUN,vis,54
HUN,tutti,54
HUN,vie,54
HUN,majonéz light,54
HUN,airw,54
HUN,Sz,54
HUN,light majonéz,54
HUN,guin,54
HUN,almdudler,54
HUN,kréker,54
HUN,shamp,54
HUN,levendula,54
HUN,penész,54
HUN,voss,54
HUN,kn,54
HUN,minster,54
HUN,ging,54
HUN,terhessegi,54
HUN,tejcsokol,54
HUN,réteslap,54
HUN,szinfogo,54
HUN,szarv,54
HUN,etel,54
HUN,tj,54
HUN,san pell,54
HUN,fagyasztott pizza,54
HUN,háztar,54
HUN,fertőt,54
HUN,fuszerpaprika,54
HUN,condensed milk,54
HUN,kokuszolaj,54
HUN,snikers,54
HUN,bel,54
HUN,csí,54
HUN,diszno,54
HUN,paste,54
HUN,maxiking,54
HUN,csa,54
HUN,sajz,54
HUN,hy,53
HUN,levest,53
HUN,feherrepa,53
HUN,cini minis,53
HUN,fehér csoki,53
HUN,tagli,53
HUN,anj,53
HUN,hit,53
HUN,toka,53
HUN,papírz,53
HUN,dr pepp,53
HUN,tea vaj,53
HUN,sopron,53
HUN,granny,53
HUN,zabpehelyliszt,53
HUN,rucc,53
HUN,kre,53
HUN,ananas,53
HUN,ed,53
HUN,halrúd,53
HUN,sri,53
HUN,hellmans,53
HUN,baba piskóta,53
HUN,zsepkend,53
HUN,muzliszelet,53
HUN,kelkaposzta,53
HUN,fekete tea,53
HUN,metél,53
HUN,savanyú k,53
HUN,erős pista,53
HUN,kalác,53
HUN,fehércsok,53
HUN,viva,53
HUN,spina,53
HUN,my tea,53
HUN,nugg,53
HUN,Nescafé,53
HUN,protein pu,53
HUN,ketcup,53
HUN,sajtos párizsi,53
HUN,mm,53
HUN,uncle bens,53
HUN,zucc,53
HUN,füstölt lazac,53
HUN,tud,53
HUN,nádu,53
HUN,vs,53
HUN,zelle,53
HUN,diab,53
HUN,edel,53
HUN,ede,53
HUN,glutén mentes,53
HUN,hell co,53
HUN,ráma,53
HUN,cerna,53
HUN,parmes,53
HUN,7d,53
HUN,summers,53
HUN,meggyes sör,53
HUN,bajor,53
HUN,cirio,52
HUN,tarhony,52
HUN,min,52
HUN,chipa,52
HUN,курица,52
HUN,zacskós leves,52
HUN,raf,52
HUN,hell káv,52
HUN,deter,52
HUN,papirtorl,52
HUN,kolozs,52
HUN,péksüti,52
HUN,guaca,52
HUN,sajt sz,52
HUN,tz,52
HUN,wc illatosito,52
HUN,oldal,52
HUN,medvesajt,52
HUN,sárgaborsó,52
HUN,olda,52
HUN,hűtött,52
HUN,nail,52
HUN,no sugar,52
HUN,cipo,52
HUN,danvita,52
HUN,szemüveg,52
HUN,macska eledel,52
HUN,paradicson,52
HUN,hal konzerv,52
HUN,kristálycukor,52
HUN,aldi,52
HUN,csemege u,52
HUN,cixo,52
HUN,korona,52
HUN,tusfurd,52
HUN,laktozmentes turo,52
HUN,csá,52
HUN,creme,52
HUN,paraficsom,52
HUN,jal,52
HUN,hot sauce,52
HUN,passa,52
HUN,Keny,52
HUN,tej lakt,52
HUN,krémsaj,52
HUN,sós chips,52
HUN,fagyasztott burgonya,52
HUN,madársaláta,52
HUN,dörm,52
HUN,gyerme,52
HUN,milky way,52
HUN,tiram,52
HUN,Mizo,52
HUN,viblance,52
HUN,fült,52
HUN,mor,52
HUN,debre,52
HUN,pirospa,52
HUN,ay,52
HUN,cukormentes j,52
HUN,ezer,52
HUN,dazs,52
HUN,sütőtök,52
HUN,uno,52
HUN,dús,52
HUN,paper towels,52
HUN,gul,52
HUN,asza,52
HUN,dis,52
HUN,szénhidr,51
HUN,tej laktozmentes,51
HUN,fogha,51
HUN,tokas,51
HUN,almás,51
HUN,aajt,51
HUN,bague,51
HUN,kovaszos kenyer,51
HUN,strawb,51
HUN,sunflower,51
HUN,tökma,51
HUN,szőlőlé,51
HUN,görögj,51
HUN,télisza,51
HUN,zöldborso,51
HUN,det,51
HUN,Tea,51
HUN,summersby,51
HUN,pankó,51
HUN,paradicdom,51
HUN,bio tojas,51
HUN,tá,51
HUN,maszk,51
HUN,ananás,51
HUN,paprikas szalami,51
HUN,mosogatósz,51
HUN,bak,51
HUN,dez,51
HUN,gluténmentes sör,51
HUN,cottage chees,51
HUN,mozarel,51
HUN,completta,51
HUN,кофе,51
HUN,lister,51
HUN,sinka,51
HUN,garab,51
HUN,laktózmentes te,51
HUN,pers,51
HUN,baileys,51
HUN,toilett,51
HUN,graham,51
HUN,tejsüti,51
HUN,mártás,51
HUN,floe,51
HUN,ubi,51
HUN,bonduell,51
HUN,drosia,51
HUN,izesitett,51
HUN,faszén,51
HUN,pina,51
HUN,az,51
HUN,hintőpor,51
HUN,goud,51
HUN,geszten,51
HUN,süritett,51
HUN,yo pro,51
HUN,csirke sonka,51
HUN,kacsazs,51
HUN,levele,51
HUN,kukaszsak,51
HUN,szekely,51
HUN,zabpehe,51
HUN,jack daniels,51
HUN,pécsi,51
HUN,pászka,51
HUN,paul,51
HUN,sűritett,51
HUN,tartár,51
HUN,illatosí,51
HUN,zéró cola,51
HUN,ruk,51
HUN,tigris,51
HUN,rozskenyér,51
HUN,fuszerkeverek,51
HUN,dressing,51
HUN,worc,51
HUN,dried,51
HUN,kapszu,51
HUN,rice paper,51
HUN,ara,51
HUN,alnat,51
HUN,vegyes,51
HUN,etyeki,51
HUN,szelete,51
HUN,krémsa,51
HUN,sültkru,51
HUN,csips,51
HUN,twist,51
HUN,capr,51
HUN,koffeinme,51
HUN,nyak,50
HUN,cellux,50
HUN,szemes káv,50
HUN,koktélp,50
HUN,kapszulás kávé,50
HUN,fru,50
HUN,dr pe,50
HUN,krémes,50
HUN,orolt kave,50
HUN,on,50
HUN,cukormentes jégkr,50
HUN,nok,50
HUN,cra,50
HUN,bukki,50
HUN,fekete erdei,50
HUN,protein milk,50
HUN,isotonic,50
HUN,zér,50
HUN,caesar,50
HUN,tejcsok,50
HUN,pre,50
HUN,tány,50
HUN,jeges kave,50
HUN,stea,50
HUN,leves zölds,50
HUN,sajts,50
HUN,nood,50
HUN,carbona,50
HUN,kobanyai,50
HUN,wv,50
HUN,jeges k,50
HUN,Darált,50
HUN,grán,50
HUN,karfio,50
HUN,vanilin,50
HUN,aonka,50
HUN,огурец,50
HUN,muz,50
HUN,geszt,50
HUN,jojo,50
HUN,basma,50
HUN,whipping cream,50
HUN,carro,50
HUN,Viz,50
HUN,kéksajt,50
HUN,zsepkendő,50
HUN,fehércs,50
HUN,hegyes erős,50
HUN,boun,50
HUN,adrenalin,50
HUN,papír törl,50
HUN,edes burgonya,50
HUN,ementali,50
HUN,waterm,50
HUN,ricott,50
HUN,joghurt natur,50
HUN,ivójoghurt,50
HUN,abs,50
HUN,cil,50
HUN,chik,50
HUN,befő,50
HUN,pean,50
HUN,Kukorica,50
HUN,energiamentes,50
HUN,pam,50
HUN,smoo,50
HUN,marsh,50
HUN,sult krumpli,50
HUN,dezodo,50
HUN,sportital,50
HUN,töltött,50
HUN,virágf,50
HUN,tápszer,50
HUN,bount,50
HUN,don,50
HUN,mososz,50
HUN,susi,50
HUN,Vodka,50
HUN,pann,50
HUN,garabonci,50
HUN,ov,50
HUN,just one,50
HUN,wc illa,50
HUN,turórudi,50
HUN,turk,50
HUN,wafer,50
HUN,bridge,50
HUN,alnatu,50
HUN,levesk,50
HUN,pörkölt kocka,50
HUN,hedon,50
HUN,7 up,50
HUN,burrat,49
HUN,fokhagymas,49
HUN,pizza tészta,49
HUN,kolozsvári,49
HUN,energiait,49
HUN,mustármag,49
HUN,dör,49
HUN,chios,49
HUN,vajas keksz,49
HUN,síkos,49
HUN,zero ice tea,49
HUN,tejszele,49
HUN,shaving,49
HUN,vorosbab,49
HUN,cloud9,49
HUN,käse,49
HUN,chives,49
HUN,szatyor,49
HUN,sik,49
HUN,pant,49
HUN,chupa,49
HUN,Philadelphia,49
HUN,jégsalá,49
HUN,ecset,49
HUN,kul,49
HUN,Csoki,49
HUN,hot-dog,49
HUN,peka,49
HUN,anana,49
HUN,fusi,49
HUN,pannon,49
HUN,alpeo,49
HUN,füstölt szalonna,49
HUN,izoto,49
HUN,paradicsompü,49
HUN,fűszer paprika,49
HUN,toalettpapír,49
HUN,barack konzerv,49
HUN,trudi,49
HUN,fehér csok,49
HUN,cof,49
HUN,színfog,49
HUN,power rade,49
HUN,vio,49
HUN,bab konzerv,49
HUN,koktelparadicsom,49
HUN,pepperoni,49
HUN,marha dar,49
HUN,champagne,49
HUN,samp,49
HUN,Jég,49
HUN,folhagyma,49
HUN,instant káv,49
HUN,radish,49
HUN,sütemén,49
HUN,kusz,49
HUN,sanpell,49
HUN,édesí,49
HUN,ikon,49
HUN,jäger,49
HUN,lilahagym,49
HUN,citromfű,49
HUN,mautner,49
HUN,nadud,49
HUN,fűs,49
HUN,tac,49
HUN,vös,49
HUN,könyv,49
HUN,sütőt,49
HUN,gyalult,49
HUN,bags,49
HUN,babapiskó,49
HUN,viene,49
HUN,bio citrom,49
HUN,frankfurti,49
HUN,majkre,49
HUN,savanyúsá,49
HUN,tahin,49
HUN,nápol,48
HUN,fehér bab,48
HUN,blu,48
HUN,uvorka,48
HUN,flapjack,48
HUN,szárny,48
HUN,riddle,48
HUN,laktozment,48
HUN,lem,48
HUN,Wc,48
HUN,garné,48
HUN,sarg,48
HUN,sür,48
HUN,magnun,48
HUN,herbow,48
HUN,kemény sajt,48
HUN,táp,48
HUN,mali,48
HUN,ruc,48
HUN,harcsa,48
HUN,Turo,48
HUN,apenta+,48
HUN,bon bon,48
HUN,szeg,48
HUN,fehérj,48
HUN,fitt,48
HUN,hajdu,48
HUN,Fokhagyma,48
HUN,extra d,48
HUN,pizzatészta,48
HUN,brassoi,48
HUN,mr muscle,48
HUN,készételek,48
HUN,chardonnay,48
HUN,dér,48
HUN,nick’s,48
HUN,diny,48
HUN,koffei,48
HUN,tavaszi,48
HUN,fülp,48
HUN,növén,48
HUN,dog food,48
HUN,pfanner,48
HUN,diákcsemege,48
HUN,nedves tö,48
HUN,Apenta,48
HUN,violet,48
HUN,poke,48
HUN,pulykamell sonka,48
HUN,rizste,48
HUN,Bolognai,48
HUN,kello,48
HUN,crea,48
HUN,arie,48
HUN,tauris,48
HUN,pogác,48
HUN,mascarpo,48
HUN,feketeerdei,48
HUN,aln,48
HUN,cottage chee,48
HUN,Ice,47
HUN,unc,47
HUN,vanis,47
HUN,jègkr,47
HUN,balzs,47
HUN,fig,47
HUN,tojad,47
HUN,polz,47
HUN,textil,47
HUN,onigi,47
HUN,taft,47
HUN,rizspapír,47
HUN,carte d'or,47
HUN,cre,47
HUN,мороженое,47
HUN,mohito,47
HUN,szemeteszsá,47
HUN,Laktózmentes,47
HUN,torl,47
HUN,metélt,47
HUN,croas,47
HUN,zselat,47
HUN,samyang,47
HUN,oldspice,47
HUN,vegan jegkrem,47
HUN,soul,47
HUN,pöt,47
HUN,csiga tészta,47
HUN,zsírold,47
HUN,suritett para,47
HUN,rèpa,47
HUN,fera,47
HUN,ízesített v,47
HUN,pak choi,47
HUN,rasp,47
HUN,mozzarel,47
HUN,ora,47
HUN,szendvicskrem,47
HUN,cir,47
HUN,lindor,47
HUN,napr,47
HUN,starch,47
HUN,pass,47
HUN,magyar tej,47
HUN,bob snail,47
HUN,gránát,47
HUN,cornet,47
HUN,reeva,47
HUN,waterme,47
HUN,coca-,47
HUN,gluténmente,47
HUN,kitk,47
HUN,laktózmente,47
HUN,barackos tea,47
HUN,langos,47
HUN,sajt krém,47
HUN,krémfeh,47
HUN,kis,47
HUN,kolozsv,47
HUN,rag,47
HUN,zabr,47
HUN,onion powder,47
HUN,kentucky,47
HUN,fer,47
HUN,fá,47
HUN,vadkov,47
HUN,hellm,47
HUN,kokuszreszelek,47
HUN,áf,47
HUN,pad thai,47
HUN,kagyl,47
HUN,Gluténmentes,47
HUN,wra,47
HUN,airwa,47
HUN,pizzat,47
HUN,fogh,47
HUN,feke,47
HUN,tej lak,47
HUN,ementáli,47
HUN,főzőtejszin,47
HUN,green onion,47
HUN,frozen veg,46
HUN,marshmallow,46
HUN,juhtú,46
HUN,мука,46
HUN,gyermei,46
HUN,wc kefe,46
HUN,szódabi,46
HUN,barack bef,46
HUN,csicse,46
HUN,spagh,46
HUN,fork,46
HUN,sauvignon,46
HUN,tejberi,46
HUN,mushr,46
HUN,borj,46
HUN,patiszon,46
HUN,bertolli,46
HUN,cipő,46
HUN,virágföld,46
HUN,макароны,46
HUN,souldrops,46
HUN,magok,46
HUN,juharszirup,46
HUN,lúgos,46
HUN,biotec,46
HUN,apr,46
HUN,ujburgonya,46
HUN,tisztít,46
HUN,elseve,46
HUN,actime,46
HUN,mac and cheese,46
HUN,karame,46
HUN,bin,46
HUN,izotóniás,46
HUN,stift,46
HUN,kemé,46
HUN,csilisbab,46
HUN,paraszt,46
HUN,baba pis,46
HUN,alkoholmen,46
HUN,eier,46
HUN,zo,46
HUN,zero cola cherry,46
HUN,cairke,46
HUN,szivo,46
HUN,rukko,46
HUN,pick snack,46
HUN,hegyes er,46
HUN,cottage che,46
HUN,édes savany,46
HUN,bolognese,46
HUN,brus,46
HUN,dijoni,46
HUN,marci,46
HUN,ivo,46
HUN,fresco,46
HUN,ber,46
HUN,organic,46
HUN,finom,46
HUN,sandw,46
HUN,gomboc,46
HUN,kro,46
HUN,sósav,46
HUN,burgonyap,46
HUN,yettel,46
HUN,cig,46
HUN,kaukázusi,46
HUN,piza,46
HUN,seaweed,46
HUN,moster,46
HUN,hamburger hus,46
HUN,bra,46
HUN,arizona,46
HUN,wx,46
HUN,fasz,46
HUN,yop,46
HUN,zabkek,46
HUN,koc,46
HUN,rizská,46
HUN,nesqu,46
HUN,nyárs,46
HUN,szele,46
HUN,marcipan,46
HUN,aszalt para,46
HUN,brocc,46
HUN,not,46
HUN,grillkol,46
HUN,pór,46
HUN,dett,46
HUN,ty,46
HUN,too,46
HUN,popsitorlo,46
HUN,sy,46
HUN,vorosha,45
HUN,grillkolb,45
HUN,plate,45
HUN,spu,45
HUN,csicseribors,45
HUN,cauliflower,45
HUN,perwol,45
HUN,omlesztett,45
HUN,smoot,45
HUN,protein tej,45
HUN,360 pizza,45
HUN,aceton,45
HUN,glove,45
HUN,macskaal,45
HUN,finla,45
HUN,ketchap,45
HUN,nespre,45
HUN,baba piskota,45
HUN,Gomba,45
HUN,orso,45
HUN,caffe,45
HUN,parenyi,45
HUN,fenyomag,45
HUN,hula,45
HUN,pizzaszósz,45
HUN,avokádo,45
HUN,cacao,45
HUN,hug,45
HUN,zero fanta,45
HUN,gui,45
HUN,márk,45
HUN,macskakaja,45
HUN,rizs chips,45
HUN,trappist,45
HUN,ör,45
HUN,kukoricadara,45
HUN,watwr,45
HUN,asian,45
HUN,virl,45
HUN,kókusz tej,45
HUN,cocona,45
HUN,mosos,45
HUN,natur jo,45
HUN,csipet,45
HUN,konzerv kukorica,45
HUN,ala,45
HUN,evet,45
HUN,borsmenta,45
HUN,fahejas,45
HUN,pelenk,45
HUN,vanilla extract,45
HUN,meggybefőtt,45
HUN,tchib,45
HUN,sea,45
HUN,cherry cola,45
HUN,innivalo,45
HUN,soagetti,45
HUN,twis,45
HUN,szarazteszta,45
HUN,laktózmentes tejszín,45
HUN,láb,45
HUN,kókuszos,45
HUN,khe,45
HUN,rob,45
HUN,instant teszta,45
HUN,hellma,45
HUN,tejfel,45
HUN,baba víz,45
HUN,tictac,45
HUN,parazs,45
HUN,pizzás csiga,45
HUN,kezmoso,45
HUN,snid,45
HUN,csül,45
HUN,biopon,45
HUN,hekk,45
HUN,tea filter,45
HUN,sütőpa,45
HUN,csirkemell fil,45
HUN,ádv,45
HUN,Protein,45
HUN,Kenyer,45
HUN,рис,45
HUN,darabolt,45
HUN,tejes,45
HUN,kakukkfu,45
HUN,olivaol,45
HUN,mounta,45
HUN,mája,45
HUN,torilla,45
HUN,meggy s,45
HUN,szí,45
HUN,cloth,45
HUN,haztart,45
HUN,jè,45
HUN,karamella,45
HUN,fajita,45
HUN,fehércsokoládé,45
HUN,crispy,45
HUN,csepp,45
HUN,hubertus,45
HUN,orang,45
HUN,majomez,45
HUN,szu,45
HUN,meatballs,45
HUN,granat,45
HUN,ei,45
HUN,fustolt paprika,45
HUN,rizses,45
HUN,перец,45
HUN,panírmorzsa,45
HUN,pom bar,45
HUN,mini pizza,45
HUN,cézá,45
HUN,naked,45
HUN,nosztalgia,44
HUN,tucc,44
HUN,tönköly,44
HUN,porcuko,44
HUN,hilltop,44
HUN,fehercsoki,44
HUN,csemegekukorica,44
HUN,fiber,44
HUN,korean,44
HUN,khell food,44
HUN,kaposz,44
HUN,labello,44
HUN,zero coke,44
HUN,mini magnum,44
HUN,pickl,44
HUN,ref,44
HUN,noodl,44
HUN,ruha,44
HUN,zúza,44
HUN,meatball,44
HUN,szúny,44
HUN,vegan magnum,44
HUN,oran,44
HUN,smarties,44
HUN,folyék,44
HUN,kávé szemes,44
HUN,szára,44
HUN,terhességi teszt,44
HUN,happy hippo,44
HUN,trend,44
HUN,gyul,44
HUN,gin tonic,44
HUN,charger,44
HUN,ice coffe,44
HUN,nápo,44
HUN,lett,44
HUN,ammerlander,44
HUN,biotechusa,44
HUN,burgonya szirom,44
HUN,antipasti,44
HUN,cori,44
HUN,jegsala,44
HUN,fűsze,44
HUN,levescsomag,44
HUN,szent andrás,44
HUN,solet,44
HUN,tag,44
HUN,szódab,44
HUN,tortalap,44
HUN,mosogatoszivacs,44
HUN,marlenk,44
HUN,glutenmen,44
HUN,hagymakarika,44
HUN,dziugas,44
HUN,dato,44
HUN,babaolaj,44
HUN,chicken thigh,44
HUN,suritet,44
HUN,makréla,44
HUN,cserepes,44
HUN,соль,44
HUN,kígyó uborka,44
HUN,extrudalt,44
HUN,dark cho,44
HUN,pizza t,44
HUN,kutya kaja,44
HUN,limonád,44
HUN,tepe,44
HUN,Coca Cola,44
HUN,face,44
HUN,fehérjepor,44
HUN,bat,44
HUN,hell c,44
HUN,leibniz,44
HUN,Spar,44
HUN,leveszö,44
HUN,calipo,44
HUN,péksüt,44
HUN,cotto,44
HUN,sűrít,44
HUN,gyumolcslé,44
HUN,szívósz,44
HUN,whiska,44
HUN,él,44
HUN,burgonyapüré,44
HUN,durum tészta,44
HUN,gyökér,44
HUN,sanyto,44
HUN,tepsi,44
HUN,healthy,44
HUN,győr,43
HUN,omega,43
HUN,lenti,43
HUN,cros,43
HUN,házta,43
HUN,lent,43
HUN,toblerone,43
HUN,barack befőtt,43
HUN,mosogato szivacs,43
HUN,soska,43
HUN,pellegrino,43
HUN,pekar,43
HUN,картофель,43
HUN,sör alkoholmentes,43
HUN,paradontax,43
HUN,kez,43
HUN,signal,43
HUN,syr,43
HUN,the,43
HUN,rosemary,43
HUN,fűszerpap,43
HUN,gumikesztyu,43
HUN,ret,43
HUN,kakaóscsiga,43
HUN,frank,43
HUN,stock,43
HUN,tesori,43
HUN,alufó,43
HUN,card,43
HUN,suritett tej,43
HUN,cors,43
HUN,bondue,43
HUN,korp,43
HUN,leveskock,43
HUN,gesztenyepüré,43
HUN,wis,43
HUN,teljesk,43
HUN,spring onion,43
HUN,alkoho,43
HUN,dr otker,43
HUN,pumpa,43
HUN,cheddar sajt,43
HUN,pombear,43
HUN,napraforgómag,43
HUN,one,43
HUN,újhagy,43
HUN,Algida,43
HUN,tabas,43
HUN,aran,43
HUN,ion,43
HUN,sultkr,43
HUN,suger,43
HUN,puffaszto,43
HUN,tir,43
HUN,prágai,43
HUN,vanilia cukor,43
HUN,kome,43
HUN,Royal,43
HUN,sajtos tallér,43
HUN,ge,43
HUN,san ben,43
HUN,mosósze,43
HUN,wiesbauer,43
HUN,Oliva,43
HUN,tejital,43
HUN,búzas,43
HUN,full,43
HUN,masculan,43
HUN,fuss,43
HUN,rete,43
HUN,csomagoló,43
HUN,bolon,43
HUN,micell,43
HUN,házias,43
HUN,pp,43
HUN,szú,43
HUN,sajtos tall,43
HUN,peksuti,43
HUN,сосиски,43
HUN,ivojoghurt,43
HUN,uncl,43
HUN,kávétej,43
HUN,magij,43
HUN,tomaten,43
HUN,hotd,43
HUN,kemy,43
HUN,smoked salmon,43
HUN,ant,43
HUN,nespress,43
HUN,Cottage,43
HUN,leveszöl,43
HUN,folyékony sza,43
HUN,pizza krém,43
HUN,csirkemaj,43
HUN,Szalonna,43
HUN,krumli,43
HUN,starbuc,43
HUN,csirkecomb filé,43
HUN,gránátalma,43
HUN,vörösb,43
HUN,pálcikás,43
HUN,fonott,42
HUN,fagyasztott g,42
HUN,pál,42
HUN,peppers,42
HUN,croco,42
HUN,vanilli,42
HUN,sutopo,42
HUN,nógrádi,42
HUN,bitter,42
HUN,eco,42
HUN,tisztasagi,42
HUN,notebook,42
HUN,ir,42
HUN,pott,42
HUN,bebispenot,42
HUN,croass,42
HUN,tőke,42
HUN,gyömber,42
HUN,citromf,42
HUN,hazelnut,42
HUN,san pelle,42
HUN,csilis bab,42
HUN,töl,42
HUN,quin,42
HUN,panta,42
HUN,lemonsoda,42
HUN,jogobe,42
HUN,zej,42
HUN,chis,42
HUN,potatoe,42
HUN,dr o,42
HUN,cheda,42
HUN,ginger ale,42
HUN,vilgain protein,42
HUN,batáta,42
HUN,rau,42
HUN,dr p,42
HUN,grill kolb,42
HUN,buc,42
HUN,orsó,42
HUN,sanit,42
HUN,3 in 1,42
HUN,mizo protein,42
HUN,jamon,42
HUN,broco,42
HUN,kemyer,42
HUN,jerry,42
HUN,mosogep,42
HUN,kőr,42
HUN,kitchen roll,42
HUN,tonhalkrém,42
HUN,toilet p,42
HUN,rozmar,42
HUN,citromo,42
HUN,nedves tör,42
HUN,alkoholmentes bor,42
HUN,cocktail,42
HUN,tampons,42
HUN,hamburger zs,42
HUN,montes,42
HUN,babybell,42
HUN,tiss,42
HUN,erit,42
HUN,Lazac,42
HUN,szeletelt kenyer,42
HUN,martontej,42
HUN,Rio mare,42
HUN,szárazt,42
HUN,salata mix,42
HUN,curd,42
HUN,fresh corner,42
HUN,juhasz,42
HUN,napkin,42
HUN,mond,42
HUN,russian,42
HUN,pilót,42
HUN,haga,42
HUN,zabká,42
HUN,zero sprite,42
HUN,crocodille,42
HUN,kokusz tej,42
HUN,répal,42
HUN,sho,42
HUN,peanu,42
HUN,zero udito,42
HUN,paren,42
HUN,éles,42
HUN,gyógyszer,42
HUN,papucs,42
HUN,oliva bogyo,42
HUN,white chocolate,42
HUN,mineral,42
HUN,protein powder,42
HUN,káposz,41
HUN,dry,41
HUN,borít,41
HUN,rolls,41
HUN,kristaly,41
HUN,seed,41
HUN,mosókap,41
HUN,zöldségkeverék,41
HUN,unicu,41
HUN,zsepkendo,41
HUN,magvas,41
HUN,condensed,41
HUN,spor,41
HUN,sága,41
HUN,cola cherry,41
HUN,jana tea,41
HUN,vekni,41
HUN,kavi,41
HUN,alufo,41
HUN,bug,41
HUN,baberlevel,41
HUN,peosi,41
HUN,we,41
HUN,telje,41
HUN,kokuszv,41
HUN,jegko,41
HUN,olívabogyó,41
HUN,tészta szósz,41
HUN,kakaó por,41
HUN,mexic,41
HUN,bla,41
HUN,ciroc,41
HUN,zuc,41
HUN,Győri,41
HUN,ételízesítő,41
HUN,keszt,41
HUN,gluténmentes liszt,41
HUN,potatos,41
HUN,hűtő,41
HUN,fokhagymakrém,41
HUN,sir,41
HUN,vizkő,41
HUN,salam,41
HUN,cérnametélt,41
HUN,radír,41
HUN,cucumb,41
HUN,kaktu,41
HUN,wayer,41
HUN,soa,41
HUN,gab,41
HUN,uti,41
HUN,felvago,41
HUN,kremfeher,41
HUN,daralth,41
HUN,kàvè,41
HUN,cola light,41
HUN,lik,41
HUN,sweet wine,41
HUN,digestive,41
HUN,boríték,41
HUN,flóraszept,41
HUN,san pel,41
HUN,gold,41
HUN,óv,41
HUN,cups,41
HUN,sausages,41
HUN,magnezium,41
HUN,seasoning,41
HUN,kenyérliszt,41
HUN,Hamburger,41
HUN,vízkőold,41
HUN,listt,41
HUN,golyó,41
HUN,nimm,41
HUN,toilet pap,41
HUN,darázs,41
HUN,eleplant,41
HUN,tehsz,41
HUN,keny3r,41
HUN,cukormente,41
HUN,cond,41
HUN,but,41
HUN,ice co,41
HUN,cl,41
HUN,cornfl,41
HUN,bécsi,41
HUN,sahne,41
HUN,natur a,41
HUN,kimc,41
HUN,őrölt paprika,41
HUN,nature,41
HUN,ments,41
HUN,kokte,41
HUN,garl,41
HUN,quino,41
HUN,pirosa,41
HUN,gym,41
HUN,cream ch,41
HUN,sil,41
HUN,alw,41
HUN,tikka,41
HUN,tejszínha,41
HUN,figula,41
HUN,sard,41
HUN,carlsberg,41
HUN,zenit,41
HUN,mosogatógép só,41
HUN,nyal,41
HUN,madársal,41
HUN,WC papír,41
HUN,exotic,41
HUN,cumi,41
HUN,gluténmentes pizza,41
HUN,izotó,40
HUN,cook,40
HUN,étol,40
HUN,gyros f,40
HUN,kölesgolyó,40
HUN,tonhalas,40
HUN,am,40
HUN,já,40
HUN,cofee,40
HUN,almap,40
HUN,pogács,40
HUN,ferre,40
HUN,milka tuc,40
HUN,magnesium,40
HUN,fültiszt,40
HUN,szós,40
HUN,kavekap,40
HUN,breakfast,40
HUN,csirkemell so,40
HUN,papeika,40
HUN,laktózmentes tejsz,40
HUN,sommersb,40
HUN,oiko,40
HUN,örölt,40
HUN,gluténmentes keksz,40
HUN,alnatur,40
HUN,cup noodles,40
HUN,almapaprika,40
HUN,labda,40
HUN,vaniliascukor,40
HUN,izzadás,40
HUN,майонез,40
HUN,cold,40
HUN,jage,40
HUN,asvany viz,40
HUN,hagymapor,40
HUN,naturaqa,40
HUN,sajtos st,40
HUN,Tesco,40
HUN,magne,40
HUN,daralt pulyka,40
HUN,Ma,40
HUN,apple cider,40
HUN,etcso,40
HUN,tc,40
HUN,natur jogh,40
HUN,raga,40
HUN,koff,40
HUN,mousse,40
HUN,ped,40
HUN,passion,40
HUN,bocc,40
HUN,nápoly,40
HUN,kenomajas,40
HUN,cola z,40
HUN,feketeerd,40
HUN,youghurt,40
HUN,xoxo,40
HUN,zero sz,40
HUN,kapos,40
HUN,gulyáskr,40
HUN,sargabarack,40
HUN,croissa,40
HUN,sió zero,40
HUN,gyumo,40
HUN,pilot,40
HUN,nimm2,40
HUN,bébispenót,40
HUN,soju,40
HUN,waffel,40
HUN,kenyr,40
HUN,fest,40
HUN,Márka,40
HUN,papirzsebkendő,40
HUN,sós keksz,40
HUN,laktozmentes tejf,40
HUN,арбуз,40
HUN,vak,40
HUN,ras,40
HUN,lepény,40
HUN,borjú,40
HUN,glutenme,40
HUN,garabon,40
HUN,мясо,40
HUN,protein ital,40
HUN,stickletti,40
HUN,2in1,40
HUN,fertő,40
HUN,camember,40
HUN,mastergood,40
HUN,föz,40
HUN,popsit,40
HUN,risto,40
HUN,philadelp,40
HUN,airwaves,40
HUN,reszelt s,40
HUN,kovas,40
HUN,szod,40
HUN,szalvé,40
HUN,wc illatos,40
HUN,tatra,40
HUN,cha,40
HUN,olajbo,40
HUN,cukormentes fagylalt,40
HUN,kinder max,40
HUN,alkoholment,40
HUN,csemege ubo,40
HUN,kebab,39
HUN,coconut oil,39
HUN,morta,39
HUN,jókenyé,39
HUN,becks,39
HUN,soy milk,39
HUN,camp,39
HUN,fil,39
HUN,mcd,39
HUN,xixo zero,39
HUN,birthday,39
HUN,csirkemell s,39
HUN,pesztó,39
HUN,kollagén,39
HUN,whipped,39
HUN,kutyaeledel,39
HUN,vagdalt,39
HUN,camping,39
HUN,tol,39
HUN,gyömbérsör,39
HUN,burat,39
HUN,cide,39
HUN,hajd,39
HUN,ments meg,39
HUN,bear,39
HUN,Sushi,39
HUN,mogyoróva,39
HUN,tejcs,39
HUN,light majon,39
HUN,kukorica kon,39
HUN,reszelő,39
HUN,Párizsi,39
HUN,"tej 1,5",39
HUN,melegs,39
HUN,hagymás,39
HUN,iced tea,39
HUN,tortillas,39
HUN,fuge,39
HUN,újha,39
HUN,zabru,39
HUN,buffala,39
HUN,litter,39
HUN,tch,39
HUN,sanpe,39
HUN,Mozzarella,39
HUN,ritter sport,39
HUN,vìz,39
HUN,csalán,39
HUN,chetos,39
HUN,app,39
HUN,édes fehérbor,39
HUN,keményí,39
HUN,paraf,39
HUN,almo,39
HUN,all,39
HUN,xilit,39
HUN,miri,39
HUN,joghurt ital,39
HUN,szöl,39
HUN,zöldseg,39
HUN,sudo,39
HUN,light mozzarella,39
HUN,parfum,39
HUN,macko,39
HUN,feherbab,39
HUN,papirzsebkend,39
HUN,san pelleg,39
HUN,dishwashing,39
HUN,ját,39
HUN,gösse,39
HUN,pekseg,39
HUN,Túr,39
HUN,etelizesito,39
HUN,fés,39
HUN,fagyasztott zö,39
HUN,szemdvics,39
HUN,folpa,39
HUN,evő,39
HUN,лимон,39
HUN,toh,39
HUN,kék sajt,39
HUN,scho,39
HUN,csirkemell file,39
HUN,mozzarela,39
HUN,7 day,39
HUN,rizspap,39
HUN,Ketchup,39
HUN,túrp,39
HUN,bulgu,39
HUN,rober,39
HUN,vegán j,39
HUN,whipped cream,39
HUN,bé,39
HUN,protein rudi,39
HUN,kárpit,39
HUN,mask,39
HUN,snac,39
HUN,pantene,39
HUN,zöldalma,39
HUN,au,39
HUN,ive,39
HUN,mikro,39
HUN,little moons,39
HUN,balzsa,39
HUN,disz,39
HUN,garnél,39
HUN,keg,39
HUN,gyorsf,39
HUN,szivac,39
HUN,pelen,39
HUN,foghagy,39
HUN,kömé,39
HUN,padlizsá,39
HUN,sjat,39
HUN,üvegtészta,39
HUN,fajitas,39
HUN,kókuszví,39
HUN,lactose free milk,39
HUN,papirz,39
HUN,pékaru,38
HUN,electrolytes,38
HUN,ice tes,38
HUN,fehér répa,38
HUN,vibr,38
HUN,coffee capsule,38
HUN,mirelit krumpli,38
HUN,koriand,38
HUN,vadko,38
HUN,zewa nedves,38
HUN,foci,38
HUN,kakaópo,38
HUN,instant t,38
HUN,baklava,38
HUN,naprafo,38
HUN,tarhon,38
HUN,tejszính,38
HUN,kig,38
HUN,apetina,38
HUN,wal,38
HUN,moze,38
HUN,fever,38
HUN,mounten,38
HUN,ceasar,38
HUN,farm tojas,38
HUN,műz,38
HUN,somló,38
HUN,nitella,38
HUN,chicken stock,38
HUN,dreamies,38
HUN,szaritott paradicsom,38
HUN,sug,38
HUN,jutalomfalat,38
HUN,mirin,38
HUN,felvàgott,38
HUN,száraz fehérbor,38
HUN,trapist,38
HUN,jim,38
HUN,perw,38
HUN,bubis,38
HUN,darált dió,38
HUN,kézmosó,38
HUN,zsen,38
HUN,low fat,38
HUN,yu,38
HUN,gyors rizs,38
HUN,édes v,38
HUN,karamel,38
HUN,desp,38
HUN,malte,38
HUN,tab,38
HUN,csirkef,38
HUN,háztartás,38
HUN,vosl,38
HUN,uditő,38
HUN,tiszta,38
HUN,ava,38
HUN,san p,38
HUN,grill kolbasz,38
HUN,gumi cukor,38
HUN,kávé őrölt,38
HUN,wings,38
HUN,innivaló,38
HUN,koffein mentes,38
HUN,főzelék,38
HUN,serpenyő,38
HUN,pozza,38
HUN,vira,38
HUN,sandwi,38
HUN,nedvest,38
HUN,Répa,38
HUN,vizkooldo,38
HUN,tost,38
HUN,babybel,38
HUN,bod,38
HUN,sunscreen,38
HUN,lig,38
HUN,barnarizs,38
HUN,leno,38
HUN,vib,38
HUN,cookie dough,38
HUN,blueb,38
HUN,yopr,38
HUN,помидор,38
HUN,khel,38
HUN,roshen,38
HUN,libress,38
HUN,öngy,38
HUN,uveg,38
HUN,goly,38
HUN,őrölt káv,38
HUN,kitka,38
HUN,coccoli,38
HUN,kávétejszín,38
HUN,teföl,38
HUN,Felvágott,38
HUN,savanyuság,38
HUN,tej laktoz,38
HUN,pretzel,38
HUN,kecsk,38
HUN,pannonhalmi,38
HUN,shake,38
HUN,teljes k,37
HUN,chocolate chip,37
HUN,vatt,37
HUN,Kolbász,37
HUN,mosokap,37
HUN,chicken wings,37
HUN,mozer,37
HUN,szószok,37
HUN,far,37
HUN,auto,37
HUN,zsi,37
HUN,kovászos keny,37
HUN,fitaki,37
HUN,zöldba,37
HUN,sushi rizs,37
HUN,marha hus,37
HUN,madársa,37
HUN,musz,37
HUN,franz,37
HUN,Keksz,37
HUN,vitat,37
HUN,lady,37
HUN,tuborg,37
HUN,vilgian,37
HUN,dohány,37
HUN,Fuze,37
HUN,jege,37
HUN,chesse,37
HUN,étkez,37
HUN,sum,37
HUN,johurt,37
HUN,gorog jo,37
HUN,rice cakes,37
HUN,banános,37
HUN,gnocch,37
HUN,kovaszo,37
HUN,garbage bags,37
HUN,grill kol,37
HUN,Papírtörlő,37
HUN,Toj,37
HUN,apenta light,37
HUN,rist,37
HUN,purin,37
HUN,crocodile,37
HUN,korea,37
HUN,cooking oil,37
HUN,salm,37
HUN,tusfur,37
HUN,ors,37
HUN,adre,37
HUN,bú,37
HUN,szilvás,37
HUN,gesztenyep,37
HUN,шоколад,37
HUN,magnum bon,37
HUN,medence,37
HUN,chili lime,37
HUN,brown bread,37
HUN,comple,37
HUN,tarka,37
HUN,vanila,37
HUN,pisko,37
HUN,pamper,37
HUN,feher csoki,37
HUN,tisztasági betét,37
HUN,husok,37
HUN,fokhagyma gra,37
HUN,parmigiano,37
HUN,brocoli,37
HUN,carefree,37
HUN,foodbo,37
HUN,салат,37
HUN,salmo,37
HUN,baracklekvár,37
HUN,guava,37
HUN,"tej 2,8",37
HUN,garam,37
HUN,poloskei,37
HUN,Szendvics,37
HUN,baba viz,37
HUN,lac,37
HUN,indiai,37
HUN,flóra,37
HUN,a4,37
HUN,basm,37
HUN,csigatészta,37
HUN,mosás,37
HUN,pattogatott,37
HUN,csr,37
HUN,tej 1.5,37
HUN,tonic zero,37
HUN,babkonzerv,37
HUN,merlot,37
HUN,tyúk,37
HUN,Nádudvari,37
HUN,szúnyo,37
HUN,gyor,37
HUN,Chicken,37
HUN,mandula liszt,37
HUN,száraz t,37
HUN,testápol,37
HUN,duna,37
HUN,licsi,37
HUN,egész,37
HUN,chils,37
HUN,nógr,37
HUN,newgen,37
HUN,zöldség mix,37
HUN,bazsaliko,37
HUN,knop,37
HUN,carted,37
HUN,hegyes eros,37
HUN,cesar,37
HUN,paradicsomo,37
HUN,lava,37
HUN,utif,37
HUN,Pringles,37
HUN,tschibo,37
HUN,kell,37
HUN,qua,37
HUN,szalag,37
HUN,Milk,37
HUN,кола,37
HUN,koktél paradicsom,36
HUN,stell,36
HUN,torm,36
HUN,gillette,36
HUN,likőr,36
HUN,cran,36
HUN,resbull,36
HUN,szap,36
HUN,gyert,36
HUN,szentkiral,36
HUN,szún,36
HUN,kínai kel,36
HUN,tengeri,36
HUN,lact,36
HUN,maltesers,36
HUN,epres tej,36
HUN,szegfuszeg,36
HUN,curr,36
HUN,eisbe,36
HUN,szaraz teszta,36
HUN,fertot,36
HUN,utifu,36
HUN,dezod,36
HUN,cel,36
HUN,zuza,36
HUN,Parad,36
HUN,bub,36
HUN,karamellás,36
HUN,aszalt szilva,36
HUN,fürdősó,36
HUN,wyke,36
HUN,autó,36
HUN,kemyér,36
HUN,сахар,36
HUN,kábel,36
HUN,bathroom,36
HUN,sajt szosz,36
HUN,tequ,36
HUN,torok,36
HUN,krup,36
HUN,fozote,36
HUN,tzatz,36
HUN,vitalis,36
HUN,Barack,36
HUN,friskies,36
HUN,regnum,36
HUN,nad,36
HUN,csigat,36
HUN,ricola,36
HUN,compl,36
HUN,flou,36
HUN,mosogatós,36
HUN,camambe,36
HUN,gorog jogh,36
HUN,ragasz,36
HUN,bala,36
HUN,őszib,36
HUN,csirkefűszer,36
HUN,gabona pehely,36
HUN,gumik,36
HUN,bútor,36
HUN,saht,36
HUN,káposzt,36
HUN,sultkru,36
HUN,fultisztito,36
HUN,Tejfol,36
HUN,pritamin,36
HUN,húsgoly,36
HUN,söréleszt,36
HUN,szörp zero,36
HUN,salataontet,36
HUN,häagen,36
HUN,paradicsomszó,36
HUN,lr,36
HUN,scha,36
HUN,matc,36
HUN,mancs,36
HUN,vad,36
HUN,creatin,36
HUN,nedves torlokendo,36
HUN,laundry detergent,36
HUN,mente,36
HUN,finlan,36
HUN,pekán,36
HUN,milk chocolate,36
HUN,konyhai t,36
HUN,natúr jog,36
HUN,ázsia,36
HUN,krimpli,36
HUN,pods,36
HUN,фарш,36
HUN,caprisun,36
HUN,lekva,36
HUN,rágcsa,36
HUN,voros hagyma,36
HUN,electrolyte,36
HUN,mark,36
HUN,nestea zero,36
HUN,bou,36
HUN,chocolat,36
HUN,fozot,36
HUN,palacs,36
HUN,mizo kávé,36
HUN,protein p,36
HUN,melegszendv,36
HUN,greek y,36
HUN,vita tigris,36
HUN,kőröz,36
HUN,ánizs,36
HUN,iphone,36
HUN,activ,36
HUN,wolt market lehel,36
HUN,paradicso.,36
HUN,ps,36
HUN,ujh,36
HUN,bombay,36
HUN,paprikakrém,36
HUN,zabkás,36
HUN,vizes,36
HUN,habfürdő,36
HUN,zubr,36
HUN,padliz,36
HUN,Tofu,36
HUN,tero,36
HUN,gummies,36
HUN,m and m,36
HUN,kozel,36
HUN,tönk,36
HUN,zero tonic,36
HUN,babérlev,36
HUN,elek,36
HUN,taska,36
HUN,mosquito,36
HUN,folp,36
HUN,tejmentes,36
HUN,Gy,36
HUN,befőz,36
HUN,ananászl,36
HUN,Feta,36
HUN,feket,35
HUN,frozen berries,35
HUN,salad dressing,35
HUN,spagetti t,35
HUN,огурцы,35
HUN,vhips,35
HUN,asparagus,35
HUN,fala,35
HUN,gyongy,35
HUN,sanpellegrino,35
HUN,rafa,35
HUN,cornfla,35
HUN,kaviar,35
HUN,pok,35
HUN,zöldf,35
HUN,basmati rizs,35
HUN,sertés comb,35
HUN,bete,35
HUN,cukormentes jegkrem,35
HUN,feliciana,35
HUN,debr,35
HUN,szel,35
HUN,kocka teszta,35
HUN,mèz,35
HUN,cuki,35
HUN,toalett papir,35
HUN,burger bun,35
HUN,Cukor,35
HUN,jogobell,35
HUN,mexico,35
HUN,burger king,35
HUN,majora,35
HUN,porehagyma,35
HUN,Coca Cola zero,35
HUN,advanyviz,35
HUN,szirom,35
HUN,tisz,35
HUN,kovászos u,35
HUN,gulyá,35
HUN,kaja,35
HUN,főző tejszín,35
HUN,mécses,35
HUN,froze,35
HUN,tis,35
HUN,crudo,35
HUN,gnochi,35
HUN,kenyée,35
HUN,frost,35
HUN,rad,35
HUN,naan,35
HUN,krein,35
HUN,kinder bu,35
HUN,kombuc,35
HUN,zip,35
HUN,kub,35
HUN,knife,35
HUN,szodabikarbona,35
HUN,Tortilla,35
HUN,frozen vegetables,35
HUN,tarj,35
HUN,almalè,35
HUN,energiaita,35
HUN,habfi,35
HUN,pölös,35
HUN,szoj,35
HUN,gyula,35
HUN,kinder pin,35
HUN,plastic bag,35
HUN,viwa,35
HUN,kedir,35
HUN,farfalle,35
HUN,danoni,35
HUN,vc,35
HUN,Jégkr,35
HUN,pálcik,35
HUN,чипсы,35
HUN,tabletta,35
HUN,testá,35
HUN,peotein,35
HUN,libamáj,35
HUN,svéd,35
HUN,kézmos,35
HUN,papírzsebken,35
HUN,pü,35
HUN,finl,35
HUN,visli,35
HUN,alpro protein,35
HUN,csu,35
HUN,lilakáposzta,35
HUN,guan,35
HUN,souce,35
HUN,zub,35
HUN,fehérb,35
HUN,pizza dough,35
HUN,swee,35
HUN,sertescomb,35
HUN,pops,35
HUN,eros pista,35
HUN,ujha,35
HUN,pik,35
HUN,ízesített sör,35
HUN,wcpap,35
HUN,pickwick,35
HUN,cék,35
HUN,apero,35
HUN,fuszerso,35
HUN,carb,35
HUN,szex,35
HUN,olym,35
HUN,derelye,35
HUN,snak,35
HUN,csikemell,35
HUN,Fagylalt,35
HUN,arugula,35
HUN,sv,35
HUN,daralt h,35
HUN,tagl,35
HUN,tenger,35
HUN,latac,35
HUN,gurke,35
HUN,fehérbo,35
HUN,hip,35
HUN,il,35
HUN,toulet,35
HUN,paella,35
HUN,belvi,35
HUN,carte d’or,35
HUN,san pe,35
HUN,virá,35
HUN,toilet cleaner,35
HUN,flap,35
HUN,cseres,35
HUN,pikok,35
HUN,étc,35
HUN,köl,35
HUN,alkoholos,35
HUN,kakaóp,35
HUN,gyorsfa,35
HUN,condi,35
HUN,mososze,35
HUN,angol,35
HUN,vanilias puding,35
HUN,almas,35
HUN,hell cafe,35
HUN,szélesmetélt,35
HUN,kaszinó,34
HUN,zsoml,34
HUN,parmeg,34
HUN,kókuszreszelék,34
HUN,Hús,34
HUN,ran,34
HUN,kenyee,34
HUN,sült kr,34
HUN,kelbimbó,34
HUN,cukormentes szörp,34
HUN,sörélesztő,34
HUN,pusing,34
HUN,mogyoróv,34
HUN,terhessé,34
HUN,caf,34
HUN,meet,34
HUN,sárgab,34
HUN,Puding,34
HUN,sertès,34
HUN,чай,34
HUN,muscle,34
HUN,edes savanyu,34
HUN,yoghur,34
HUN,budweiser,34
HUN,zsom,34
HUN,sparkl,34
HUN,batteries,34
HUN,salted caramel,34
HUN,édes vör,34
HUN,tartar,34
HUN,cerbo,34
HUN,zoldb,34
HUN,sti,34
HUN,salotta,34
HUN,kàv,34
HUN,hertz,34
HUN,Szent,34
HUN,snik,34
HUN,werther,34
HUN,rodeo,34
HUN,momster,34
HUN,gal,34
HUN,szín,34
HUN,tekf,34
HUN,zav,34
HUN,zso,34
HUN,maln,34
HUN,nuttela,34
HUN,csomagol,34
HUN,kristalycukor,34
HUN,karton,34
HUN,diabetikus,34
HUN,démon,34
HUN,prongles,34
HUN,sausa,34
HUN,mao,34
HUN,rigatoni,34
HUN,üveges,34
HUN,waf,34
HUN,sugarfree,34
HUN,verbena,34
HUN,üvegt,34
HUN,haztar,34
HUN,csev,34
HUN,kesz etel,34
HUN,san b,34
HUN,ételízes,34
HUN,görög joghu,34
HUN,kombuch,34
HUN,baba olaj,34
HUN,flow,34
HUN,alma ecet,34
HUN,zsemlemorz,34
HUN,tejszinha,34
HUN,farhát,34
HUN,wcp,34
HUN,baba tus,34
HUN,peszt,34
HUN,bath,34
HUN,media,34
HUN,sangria,34
HUN,csemege ubor,34
HUN,deod,34
HUN,striped,34
HUN,happ,34
HUN,real nature,34
HUN,kígyóub,34
HUN,állat,34
HUN,limelé,34
HUN,újh,34
HUN,tejfölös,34
HUN,sikosító,34
HUN,ásva,34
HUN,Bread,34
HUN,lighter,34
HUN,ginger beer,34
HUN,marha darált,34
HUN,baba pisk,34
HUN,cat litter,34
HUN,soft,34
HUN,avi,34
HUN,Eper,34
HUN,kézm,34
HUN,carls,34
HUN,bomb,34
HUN,cold brew,34
HUN,oi,34
HUN,szamóca,34
HUN,thai,34
HUN,xixo tea,34
HUN,széna,34
HUN,erő,34
HUN,pl,34
HUN,csokicsepp,34
HUN,nive,34
HUN,old s,34
HUN,emotion,34
HUN,crunchy,34
HUN,zsírszeg,34
HUN,cherry beer,34
HUN,kinder tojás,34
HUN,algida,34
HUN,tengeri só,34
HUN,mila,34
HUN,szir,34
HUN,virli,34
HUN,bom,34
HUN,light cola,34
HUN,pizzas csiga,34
HUN,king,34
HUN,vos,34
HUN,szénsavas viz,34
HUN,majonèz,34
HUN,морковь,34
HUN,mele,34
HUN,mountai,34
HUN,port,34
HUN,el sab,34
HUN,ss,34
HUN,nedves toalett,34
HUN,Powerade,34
HUN,tábla csoki,34
HUN,fé,33
HUN,éd,33
HUN,citromos sor,33
HUN,csirkecombfilé,33
HUN,szója szósz,33
HUN,szodabi,33
HUN,hasább,33
HUN,lilak,33
HUN,kacsazsír,33
HUN,voros bor,33
HUN,macska al,33
HUN,light majonez,33
HUN,Cukormentes,33
HUN,egy,33
HUN,konyak,33
HUN,csemegeu,33
HUN,papir t,33
HUN,gon,33
HUN,feketeer,33
HUN,céklalé,33
HUN,lubricant,33
HUN,pata,33
HUN,szeletel,33
HUN,vitsli,33
HUN,buff,33
HUN,theod,33
HUN,emen,33
HUN,тунец,33
HUN,Ice cream,33
HUN,oranges,33
HUN,bene,33
HUN,vasal,33
HUN,kutyatáp,33
HUN,napkins,33
HUN,zoldseg mix,33
HUN,vitamin c,33
HUN,oregan,33
HUN,mizo uht,33
HUN,jók,33
HUN,kardamom,33
HUN,citrom lé,33
HUN,baromfi,33
HUN,koktélpa,33
HUN,cseva,33
HUN,dane,33
HUN,tomatos,33
HUN,padlizsánkrém,33
HUN,csirkehus,33
HUN,meggybe,33
HUN,char,33
HUN,tej bio,33
HUN,ex,33
HUN,muanyag,33
HUN,csereszny,33
HUN,cserpes tej,33
HUN,tejszínes,33
HUN,szénsavas ásv,33
HUN,Tonhal,33
HUN,es,33
HUN,natú,33
HUN,bru,33
HUN,kukás zsák,33
HUN,étola,33
HUN,summ,33
HUN,tv pap,33
HUN,növényi te,33
HUN,niss,33
HUN,vadkovászos,33
HUN,drazsé,33
HUN,chocolate bar,33
HUN,fokhagyma krém,33
HUN,gyümölcspür,33
HUN,keny3,33
HUN,pingu,33
HUN,cappu,33
HUN,laska,33
HUN,teljes kiö,33
HUN,metélő,33
HUN,fogpisz,33
HUN,jégkrém cukormentes,33
HUN,éle,33
HUN,mouth,33
HUN,картошка,33
HUN,surit,33
HUN,dov,33
HUN,ételfesték,33
HUN,taba,33
HUN,töp,33
HUN,sauv,33
HUN,wc illat,33
HUN,hanuta,33
HUN,csike,33
HUN,greek yog,33
HUN,napo,33
HUN,brain,33
HUN,vöröshagym,33
HUN,fültisztító,33
HUN,fogpi,33
HUN,tokai,33
HUN,mouthwash,33
HUN,peppe,33
HUN,turó rudi,33
HUN,ránt,33
HUN,fussi,33
HUN,mot,33
HUN,peksu,33
HUN,rántot,33
HUN,konzerv bab,33
HUN,zacskos,33
HUN,sega,33
HUN,papírzsebk,33
HUN,riceland,33
HUN,zubro,33
HUN,lime miller,33
HUN,cherry tomato,33
HUN,frittmann,33
HUN,aq,33
HUN,szam,33
HUN,alkoholmente,33
HUN,illatosi,33
HUN,asa,33
HUN,pizzateszta,33
HUN,muzl,33
HUN,pringels,33
HUN,multivi,33
HUN,almdud,33
HUN,fagyasztott malna,33
HUN,vegan ice cream,33
HUN,deszt,33
HUN,tejföl laktózmentes,33
HUN,röszti,33
HUN,dugulás,33
HUN,af,33
HUN,tejfl,33
HUN,schwepp,33
HUN,kaliforn,33
HUN,mann,33
HUN,növényi tejszín,33
HUN,taj,33
HUN,folyékony szapp,33
HUN,szol,33
HUN,befőttes üveg,33
HUN,Bab,33
HUN,szavo,33
HUN,főzőkrém,33
HUN,téli szalámi,33
HUN,zabi,33
HUN,paradicosm,33
HUN,hell latte,33
HUN,kenyè,33
HUN,kigyoub,33
HUN,rol,33
HUN,multiv,33
HUN,szensavas asvanyviz,33
HUN,colq,33
HUN,Knorr,33
HUN,ételízesít,33
HUN,keno,33
HUN,cérn,33
HUN,puri,33
HUN,zizi,33
HUN,szerecsendio,33
HUN,lasange,33
HUN,gabonapeh,33
HUN,scissors,32
HUN,os,32
HUN,macaroni,32
HUN,baba szappan,32
HUN,tejdesszert,32
HUN,fodros kocka,32
HUN,rúd,32
HUN,neo,32
HUN,öngyújtó,32
HUN,sutem,32
HUN,lepeny,32
HUN,soar,32
HUN,sweetner,32
HUN,geszteny,32
HUN,frutta,32
HUN,Te,32
HUN,jóken,32
HUN,etcsoko,32
HUN,florasept,32
HUN,laktóz mentes,32
HUN,tisztito,32
HUN,asztali só,32
HUN,ice-cream,32
HUN,spon,32
HUN,oregáno,32
HUN,strawberr,32
HUN,füstölt kolbász,32
HUN,milumil,32
HUN,pirit,32
HUN,fets,32
HUN,folyékony sz,32
HUN,kanal,32
HUN,cream chee,32
HUN,nespr,32
HUN,kocka cukor,32
HUN,sós perec,32
HUN,fozokrem,32
HUN,elekt,32
HUN,örmény,32
HUN,ai,32
HUN,walnuts,32
HUN,iz,32
HUN,hasabburgonya,32
HUN,xico,32
HUN,tante fanny,32
HUN,beba,32
HUN,heavy,32
HUN,fésű,32
HUN,light cheese,32
HUN,kocka tészta,32
HUN,paprika krém,32
HUN,gesz,32
HUN,koromlakk,32
HUN,legfri,32
HUN,wcpa,32
HUN,szülinap,32
HUN,mizu,32
HUN,csokoláde,32
HUN,hagyn,32
HUN,kávétejsz,32
HUN,balzsame,32
HUN,uzsonnás,32
HUN,watee,32
HUN,mash,32
HUN,pantast,32
HUN,krumplipür,32
HUN,fuse tea,32
HUN,vol,32
HUN,malib,32
HUN,teljes kiő,32
HUN,görögdinny,32
HUN,kacsamell,32
HUN,csokola,32
HUN,somme,32
HUN,kovászolni,32
HUN,granatalma,32
HUN,pump,32
HUN,rí,32
HUN,csic,32
HUN,koktel paradicsom,32
HUN,edama,32
HUN,pörc,32
HUN,del,32
HUN,pezsgőtabletta,32
HUN,fogp,32
HUN,fehér kenyér,32
HUN,hung,32
HUN,lapsajt,32
HUN,Lipton,32
HUN,majonez light,32
HUN,sweetener,32
HUN,apa,32
HUN,shu,32
HUN,csabai,32
HUN,edemame,32
HUN,pokol,32
HUN,kinder cards,32
HUN,moly,32
HUN,cols,32
HUN,gorgon,32
HUN,lön,32
HUN,kubi,32
HUN,kristá,32
HUN,kinder p,32
HUN,Sa,32
HUN,feher repa,32
HUN,mozerella,32
HUN,ásvany,32
HUN,hage,32
HUN,tiszti,32
HUN,wheat,32
HUN,tápi,32
HUN,macaron,32
HUN,usemle,32
HUN,gyogyszer,32
HUN,csirkeszá,32
HUN,schedro,32
HUN,gluténmentes ke,32
HUN,tejsuti,32
HUN,római k,32
HUN,sepr,32
HUN,paradicsom kon,32
HUN,zabfa,32
HUN,sens,32
HUN,tiramis,32
HUN,irsai oliver,32
HUN,lasagne tészta,32
HUN,muff,32
HUN,ready,32
HUN,vegan joghurt,32
HUN,bann,32
HUN,gyök,32
HUN,cittage,32
HUN,moment,32
HUN,Skyr,32
HUN,pedigre,32
HUN,bor édes,32
HUN,powerr,32
HUN,fehér csokoládé,32
HUN,kinder csoki,32
HUN,zero cherry,32
HUN,gyermely,32
HUN,coffee beans,32
HUN,kelká,32
HUN,parika,32
HUN,mérleg,32
HUN,french,32
HUN,lib,32
HUN,mushroo,32
HUN,oral b,32
HUN,tésztaszósz,32
HUN,cabanossi,32
HUN,kontyos,32
HUN,háztartá,32
HUN,line,32
HUN,csoki öntet,32
HUN,sute,32
HUN,joghurr,32
HUN,nowa,32
HUN,whipping,32
HUN,buzasor,32
HUN,sárgadi,32
HUN,asvanyvíz,32
HUN,gyógy,31
HUN,gyujto,31
HUN,schog,31
HUN,des,31
HUN,csomag,31
HUN,betű,31
HUN,mosógé,31
HUN,just,31
HUN,pásté,31
HUN,morz,31
HUN,Xixo,31
HUN,tejföl lakt,31
HUN,mcdonalds,31
HUN,mac and,31
HUN,her,31
HUN,fabta,31
HUN,fülti,31
HUN,gumikesz,31
HUN,budafoki,31
HUN,adapter,31
HUN,paranyica,31
HUN,4move,31
HUN,szusi,31
HUN,his,31
HUN,arti,31
HUN,hello,31
HUN,peo,31
HUN,buborék,31
HUN,vineg,31
HUN,pör,31
HUN,uditok,31
HUN,th,31
HUN,szódabik,31
HUN,sardin,31
HUN,kemén,31
HUN,kaposzt,31
HUN,sweet po,31
HUN,mayer,31
HUN,spárg,31
HUN,glutenmentes liszt,31
HUN,mille,31
HUN,bolognai por,31
HUN,tahi,31
HUN,baj,31
HUN,veggie,31
HUN,hintő,31
HUN,chu,31
HUN,sajt szeletelt,31
HUN,olivabog,31
HUN,tároló,31
HUN,jui,31
HUN,brown rice,31
HUN,double,31
HUN,porridge,31
HUN,frosc,31
HUN,prevital,31
HUN,baby wipes,31
HUN,mascarpon,31
HUN,fute,31
HUN,popsitörlő,31
HUN,profi,31
HUN,theodo,31
HUN,ak,31
HUN,vasaló,31
HUN,pilsn,31
HUN,lugos,31
HUN,sticks,31
HUN,noke,31
HUN,lio,31
HUN,brass,31
HUN,natur aq,31
HUN,fustolt lazac,31
HUN,kegir,31
HUN,terhessegi teszt,31
HUN,gyumolcsl,31
HUN,kà,31
HUN,sutopap,31
HUN,garne,31
HUN,flat,31
HUN,henger,31
HUN,spá,31
HUN,izzo,31
HUN,búz,31
HUN,kur,31
HUN,asia,31
HUN,salátatál,31
HUN,szárazsampon,31
HUN,boc,31
HUN,shi,31
HUN,kimch,31
HUN,cottege,31
HUN,Öblítő,31
HUN,disznósajt,31
HUN,mazs,31
HUN,mineral water,31
HUN,sárgarép,31
HUN,brios,31
HUN,májkrem,31
HUN,nádudv,31
HUN,lá,31
HUN,csire,31
HUN,burgonyasz,31
HUN,szodab,31
HUN,rizskás,31
HUN,eperlevél,31
HUN,olivao,31
HUN,orbi,31
HUN,Fagyasztott,31
HUN,auc,31
HUN,cordon,31
HUN,babé,31
HUN,tobl,31
HUN,wood,31
HUN,Spagetti,31
HUN,teljes kior,31
HUN,vegafö,31
HUN,illy,31
HUN,gyömbérs,31
HUN,lef,31
HUN,póréhagyma,31
HUN,softener,31
HUN,feta cheese,31
HUN,Só,31
HUN,sajt resz,31
HUN,barn,31
HUN,ruszli,31
HUN,kigyo uborka,31
HUN,kindee,31
HUN,leves zöld,31
HUN,szecsu,31
HUN,ferrer,31
HUN,tejd,31
HUN,toalett papír,31
HUN,toilette,31
HUN,csirkw,31
HUN,csorke,31
HUN,lila hagy,31
HUN,voz,31
HUN,dr pep,31
HUN,Görög,31
HUN,flowers,31
HUN,szeletelt keny,31
HUN,water melon,31
HUN,édesk,31
HUN,wolt m,31
HUN,citromos tea,31
HUN,bolonyai,31
HUN,paa,31
HUN,ásványvi,31
HUN,nagyi titka,31
HUN,lapkasajt,31
HUN,diak,30
HUN,dr. oetker,30
HUN,onig,30
HUN,glutenmente,30
HUN,jékrém,30
HUN,nitro,30
HUN,kk,30
HUN,swi,30
HUN,fertőtl,30
HUN,mik,30
HUN,debrecen,30
HUN,mandulat,30
HUN,görögjo,30
HUN,seprű,30
HUN,sob,30
HUN,növényi ital,30
HUN,kacs,30
HUN,ost,30
HUN,oregá,30
HUN,almon,30
HUN,piros ara,30
HUN,cilit,30
HUN,idared,30
HUN,vanília puding,30
HUN,vosla,30
HUN,felmosó fej,30
HUN,tery,30
HUN,salted,30
HUN,pross,30
HUN,kolo,30
HUN,pármai,30
HUN,kókuszt,30
HUN,bébispen,30
HUN,icecre,30
HUN,levesg,30
HUN,rice u,30
HUN,lefo,30
HUN,ablakt,30
HUN,fogse,30
HUN,borsod,30
HUN,krumoli,30
HUN,vsirkemell,30
HUN,diaper,30
HUN,air fryer,30
HUN,izzad,30
HUN,csirke máj,30
HUN,fever tree,30
HUN,barbara,30
HUN,mezes,30
HUN,makr,30
HUN,zsele,30
HUN,őrölt bors,30
HUN,konyhai pap,30
HUN,aranycipó,30
HUN,paradicsom pü,30
HUN,krémturo,30
HUN,joghurt lakt,30
HUN,limoná,30
HUN,jeger,30
HUN,mice,30
HUN,pirosara,30
HUN,darált marhahús,30
HUN,grillkolbasz,30
HUN,nagy,30
HUN,borecet,30
HUN,ásvány víz,30
HUN,light saj,30
HUN,eperbor,30
HUN,rizsl,30
HUN,kremt,30
HUN,ski,30
HUN,frozen pizza,30
HUN,elektro,30
HUN,vegan tej,30
HUN,fültisz,30
HUN,legfr,30
HUN,sörél,30
HUN,activi,30
HUN,jegeská,30
HUN,paradixsom,30
HUN,olds,30
HUN,lapo,30
HUN,szemt,30
HUN,pork belly,30
HUN,smo,30
HUN,"tej 3,5",30
HUN,churros,30
HUN,gre,30
HUN,kecskes,30
HUN,whole,30
HUN,chai,30
HUN,fekete erd,30
HUN,gye,30
HUN,pecor,30
HUN,csalamade,30
HUN,búzad,30
HUN,kockasajt,30
HUN,strongbow,30
HUN,lotion,30
HUN,clothes,30
HUN,kávr,30
HUN,mosogél,30
HUN,pit,30
HUN,icecr,30
HUN,kinder b,30
HUN,batter,30
HUN,piros pa,30
HUN,konzerv hal,30
HUN,maresi,30
HUN,capsule,30
HUN,csirkehús,30
HUN,mandulate,30
HUN,frozen chicken,30
HUN,кефир,30
HUN,saslik,30
HUN,prosu,30
HUN,oaradicsom,30
HUN,biva,30
HUN,loszt,30
HUN,dark ch,30
HUN,свекла,30
HUN,vanilias karika,30
HUN,canned,30
HUN,Leves,30
HUN,it,30
HUN,kakuk,30
HUN,tej laktózmentes,30
HUN,ferr,30
HUN,teljes kiőr,30
HUN,pico,30
HUN,cactus,30
HUN,fabric,30
HUN,natúr jo,30
HUN,szénsavas ásványv,30
HUN,karala,30
HUN,cheese cream,30
HUN,tiret,30
HUN,becon,30
HUN,kenőmáj,30
HUN,micro,30
HUN,steak burgonya,30
HUN,edamam,30
HUN,makos,30
HUN,szénhid,30
HUN,cinn,30
HUN,piskót,30
HUN,smooth,30
HUN,gil,30
HUN,marha daralt,30
HUN,tű,30
HUN,papírzsebke,30
HUN,kapu,30
HUN,tooth brush,30
HUN,föld,30
HUN,inters,30
HUN,sul,30
HUN,szeza,30
HUN,sol,30
HUN,uzsonn,30
HUN,pizza szósz,30
HUN,buzad,30
HUN,kinder tejszelet,30
HUN,kakt,30
HUN,spageti,30
HUN,vah,30
HUN,hagyms,30
HUN,mackó,30
HUN,darabolt paradicsom,30
HUN,édes sava,30
HUN,ice cub,30
HUN,széke,30
HUN,alma lé,30
HUN,teljes kiör,30
HUN,рыба,30
HUN,kellogg,30
HUN,kollagen,30
HUN,szollo,30
HUN,kéztö,30
HUN,lamb,30
HUN,rózsa,30
HUN,tampax,30
HUN,ec papir,30
HUN,alpe,30
HUN,eduscho,29
HUN,pulyka dar,29
HUN,chicken nuggets,29
HUN,csirkesonka,29
HUN,belga,29
HUN,krém sajt,29
HUN,noveny,29
HUN,coca cola cherry,29
HUN,pannónia,29
HUN,protein chips,29
HUN,sandwhich,29
HUN,pingvin,29
HUN,cream che,29
HUN,kávé kap,29
HUN,teas,29
HUN,chocola,29
HUN,lentil chips,29
HUN,lebbencs,29
HUN,voroslencse,29
HUN,szt,29
HUN,margarine,29
HUN,sos chips,29
HUN,paradicsomkonzerv,29
HUN,val,29
HUN,koffeinmentes kávé,29
HUN,tub,29
HUN,absolute,29
HUN,papirzsep,29
HUN,kecsketej,29
HUN,ventilátor,29
HUN,oro,29
HUN,carte do,29
HUN,Tejszin,29
HUN,nagyi,29
HUN,Tejsz,29
HUN,goat cheese,29
HUN,habfixáló,29
HUN,étkezési,29
HUN,vanilia fagyi,29
HUN,heineke,29
HUN,szőnyeg,29
HUN,jeges káv,29
HUN,finn crisp,29
HUN,hagen dazs,29
HUN,Pa,29
HUN,wolt mar,29
HUN,light mozz,29
HUN,szuny,29
HUN,bio tojás,29
HUN,erős paprika,29
HUN,kruml,29
HUN,jerk,29
HUN,szardí,29
HUN,teava,29
HUN,baba tusf,29
HUN,Gyümölcs,29
HUN,tonhalkr,29
HUN,hochland,29
HUN,Tonic,29
HUN,tomic,29
HUN,csalamád,29
HUN,oly,29
HUN,kakopor,29
HUN,papirzsepi,29
HUN,pisztáciakrém,29
HUN,kajszi,29
HUN,mexican,29
HUN,fuze te,29
HUN,pèk,29
HUN,xo,29
HUN,glo,29
HUN,feher bab,29
HUN,kőrözött,29
HUN,télis,29
HUN,wisky,29
HUN,spaghe,29
HUN,pölö,29
HUN,ness,29
HUN,kókuszzsír,29
HUN,kaps,29
HUN,kaliforni,29
HUN,meggyes s,29
HUN,rizs ital,29
HUN,màj,29
HUN,San,29
HUN,száraz fehér,29
HUN,coconu,29
HUN,konyhai törl,29
HUN,gluténmentes s,29
HUN,lefol,29
HUN,milks,29
HUN,teafilter,29
HUN,Cola zero,29
HUN,zeva,29
HUN,fogkef,29
HUN,perroni,29
HUN,gulyaskrem,29
HUN,evőeszköz,29
HUN,pedig,29
HUN,hohe,29
HUN,cédrus,29
HUN,kamilla tea,29
HUN,poe,29
HUN,champ,29
HUN,nectarine,29
HUN,papirzsebk,29
HUN,bull,29
HUN,naracs,29
HUN,lays max,29
HUN,budw,29
HUN,édes feh,29
HUN,pist,29
HUN,ts,29
HUN,szájví,29
HUN,Ropi,29
HUN,rizo,29
HUN,mom,29
HUN,ananaszle,29
HUN,ránto,29
HUN,Salata,29
HUN,sajtt,29
HUN,maas,29
HUN,captain,29
HUN,jana baba,29
HUN,Zewa,29
HUN,gorog j,29
HUN,peksut,29
HUN,konyhai törlő,29
HUN,hippo,29
HUN,manda,29
HUN,sürített,29
HUN,pisztáciás,29
HUN,Hal,29
HUN,zero sio,29
HUN,szegfu,29
HUN,enyhén,29
HUN,cocs,29
HUN,tejb,29
HUN,kalumba,29
HUN,levesteszta,29
HUN,nyúl,29
HUN,bubo,29
HUN,pirít,29
HUN,darált sertés,29
HUN,papirtör,29
HUN,csirkemell sonk,29
HUN,cerb,29
HUN,raisin,29
HUN,bottle,29
HUN,teaf,29
HUN,tehföl,29
HUN,cukorborsó,29
HUN,fagyasztott gyum,29
HUN,ciniminis,29
HUN,proteines,29
HUN,Pick,29
HUN,light maj,29
HUN,Anjuna,29
HUN,kömén,29
HUN,7 da,29
HUN,griss,29
HUN,székel,29
HUN,segafredo,29
HUN,lö,29
HUN,schogetten,29
HUN,röfi,29
HUN,Majonéz,29
HUN,kinder maxi king,29
HUN,power aid,29
HUN,sweet chili,29
HUN,aprnta,29
HUN,elosztó,29
HUN,jégkock,29
HUN,marc,29
HUN,breas,29
HUN,sziru,29
HUN,tejszinh,29
HUN,kézfert,29
HUN,eme,29
HUN,bolognai szósz,29
HUN,vizi,29
HUN,berg,29
HUN,jégkém,29
HUN,csillagánizs,29
HUN,Greek,29
HUN,barila,29
HUN,csirkes,29
HUN,kenx,29
HUN,elektr,29
HUN,belgian,29
HUN,disznosajt,29
HUN,ázsiai,29
HUN,crouton,29
HUN,hor,29
HUN,quar,28
HUN,budlak,28
HUN,csipős,28
HUN,tolto,28
HUN,cana,28
HUN,sonka csirke,28
HUN,jégcsap,28
HUN,dish washer,28
HUN,tanyer,28
HUN,cheerios,28
HUN,Eisberg,28
HUN,grana pa,28
HUN,étcsokolá,28
HUN,tak,28
HUN,szenhidrat,28
HUN,ásványvíz szénsavas,28
HUN,baracklekv,28
HUN,pau,28
HUN,fre,28
HUN,frugo,28
HUN,fahe,28
HUN,hajgumi,28
HUN,teeth,28
HUN,malteser,28
HUN,nudeln,28
HUN,vald,28
HUN,bogyó,28
HUN,pick szalámi,28
HUN,Dr,28
HUN,boritek,28
HUN,merc,28
HUN,tejg,28
HUN,író,28
HUN,pacolt,28
HUN,raisins,28
HUN,kosher,28
HUN,üdito,28
HUN,jazmin rizs,28
HUN,darált mák,28
HUN,sült csirke,28
HUN,szénsavas ás,28
HUN,dísz,28
HUN,ciga,28
HUN,taccos,28
HUN,amerikai,28
HUN,vifo,28
HUN,oreos,28
HUN,tissu,28
HUN,french fries,28
HUN,pás,28
HUN,habz,28
HUN,protein shake,28
HUN,vig,28
HUN,sause,28
HUN,nya,28
HUN,gurmet,28
HUN,bang,28
HUN,earl grey,28
HUN,horizont,28
HUN,tölcséres,28
HUN,mizi,28
HUN,fehe,28
HUN,rajnai,28
HUN,ven,28
HUN,alpro joghurt,28
HUN,citromos víz,28
HUN,gh,28
HUN,sals,28
HUN,brioche,28
HUN,himal,28
HUN,avico,28
HUN,pohá,28
HUN,kakaoscsiga,28
HUN,fokhagymakrem,28
HUN,nug,28
HUN,sanyitol,28
HUN,sajt trapista,28
HUN,still,28
HUN,mama,28
HUN,jázmin rizs,28
HUN,savignon,28
HUN,pegas,28
HUN,kólusz,28
HUN,karika,28
HUN,Sal,28
HUN,alpro mandula,28
HUN,babcsíra,28
HUN,passz,28
HUN,mili,28
HUN,mashroom,28
HUN,lemons,28
HUN,görög yoghurt,28
HUN,eggpl,28
HUN,turos taska,28
HUN,zoldse,28
HUN,goji,28
HUN,fertőtle,28
HUN,vösl,28
HUN,pombe,28
HUN,szárított para,28
HUN,babapisko,28
HUN,kac,28
HUN,kemeny,28
HUN,bowl,28
HUN,kapr,28
HUN,folyékon,28
HUN,szójas,28
HUN,todu,28
HUN,cappy multi,28
HUN,kapros,28
HUN,tabla csoki,28
HUN,Szalámi,28
HUN,bodri,28
HUN,zuhany,28
HUN,almd,28
HUN,sajtos parizsi,28
HUN,darà,28
HUN,kauká,28
HUN,elef,28
HUN,kave szemes,28
HUN,tejfi,28
HUN,mosogatógé,28
HUN,torras,28
HUN,náp,28
HUN,grí,28
HUN,toilet pa,28
HUN,A2,28
HUN,tall,28
HUN,gyöngyhagyma,28
HUN,lettu,28
HUN,fokhagyma gran,28
HUN,csirkr,28
HUN,szolocukor,28
HUN,red pepper,28
HUN,Paradi,28
HUN,souldrop,28
HUN,zacskos leves,28
HUN,sertes comb,28
HUN,édes fehér,28
HUN,garabonc,28
HUN,piros a,28
HUN,kölyök,28
HUN,őrölt kömény,28
HUN,feketee,28
HUN,zubrowka,28
HUN,cafissimo,28
HUN,pottyo,28
HUN,sevendays,28
HUN,zi,28
HUN,zsirszegeny,28
HUN,valdo,28
HUN,Macska,28
HUN,kókusz víz,28
HUN,колбаса,28
HUN,alpro van,28
HUN,oral,28
HUN,tél,28
HUN,Fagy,28
HUN,Kakaó,28
HUN,ríz,28
HUN,juhtu,28
HUN,kreinbacher,28
HUN,gyerm,28
HUN,leves ko,28
HUN,fekete bab,28
HUN,natrue,28
HUN,instant noodles,28
HUN,hest,28
HUN,cocoa powder,28
HUN,farh,28
HUN,sárgad,28
HUN,janna,28
HUN,kecske sajt,28
HUN,légfrissitő,28
HUN,garlic bread,28
HUN,durum t,28
HUN,sajtszo,28
HUN,ezersz,28
HUN,bébir,28
HUN,teljeskiörlés,28
HUN,tojáa,27
HUN,lehel,27
HUN,moet,27
HUN,tortilla lap,27
HUN,schoko,27
HUN,coa,27
HUN,gyön,27
HUN,szűrő,27
HUN,csig,27
HUN,fürj,27
HUN,mizo k,27
HUN,rehab,27
HUN,укроп,27
HUN,wisk,27
HUN,tsemle,27
HUN,buda,27
HUN,diet coke,27
HUN,rye,27
HUN,wc tiszt,27
HUN,fűszerk,27
HUN,frauni,27
HUN,koch,27
HUN,fittness,27
HUN,pickled,27
HUN,pasz,27
HUN,wolt ma,27
HUN,asztali,27
HUN,cross,27
HUN,pregnancy,27
HUN,aranycip,27
HUN,fermentált,27
HUN,shusi,27
HUN,parmig,27
HUN,frischkäse,27
HUN,strawbe,27
HUN,leves zöl,27
HUN,wc tisztító,27
HUN,savanyus,27
HUN,steffl,27
HUN,dal,27
HUN,hamburger hús,27
HUN,cerea,27
HUN,őszibara,27
HUN,hon,27
HUN,key,27
HUN,rizsp,27
HUN,béb,27
HUN,zsepk,27
HUN,cik,27
HUN,sültkrum,27
HUN,garb,27
HUN,cukr,27
HUN,brokoli,27
HUN,pomba,27
HUN,ubroka,27
HUN,edes bor,27
HUN,hamburgerzsemle,27
HUN,papa,27
HUN,papirzsebke,27
HUN,teli szalami,27
HUN,vegán fagyi,27
HUN,sztra,27
HUN,habfürd,27
HUN,szárí,27
HUN,sargare,27
HUN,párna,27
HUN,pampe,27
HUN,savo,27
HUN,chess,27
HUN,mandula ital,27
HUN,milan,27
HUN,egy cse,27
HUN,mul,27
HUN,tot,27
HUN,vaj lakt,27
HUN,nogradi,27
HUN,bambusz,27
HUN,konjak,27
HUN,apenta zero,27
HUN,baba pi,27
HUN,guanciale,27
HUN,kinder pingui,27
HUN,fagyasztott hús,27
HUN,pragai,27
HUN,coffee pods,27
HUN,kokuszital,27
HUN,preg,27
HUN,tan,27
HUN,briós,27
HUN,édes bur,27
HUN,lencsechips,27
HUN,Sprite,27
HUN,zero szorp,27
HUN,apents,27
HUN,bay,27
HUN,franc,27
HUN,kinder bue,27
HUN,utopia,27
HUN,protein drink,27
HUN,mirelitt,27
HUN,mel,27
HUN,faj,27
HUN,ruma,27
HUN,Rice,27
HUN,pendrive,27
HUN,monstrr,27
HUN,teodora,27
HUN,serr,27
HUN,icec,27
HUN,wet tissue,27
HUN,kaszin,27
HUN,rizsté,27
HUN,szerecsendi,27
HUN,kimder,27
HUN,turogomboc,27
HUN,карто,27
HUN,pektin,27
HUN,vegán tej,27
HUN,aör,27
HUN,moretti,27
HUN,Alnatura,27
HUN,chese,27
HUN,kaukazusi,27
HUN,halsz,27
HUN,nor,27
HUN,parmai,27
HUN,fairy,27
HUN,prov,27
HUN,kurk,27
HUN,Müller,27
HUN,2 in 1,27
HUN,eater,27
HUN,éleszto,27
HUN,сок,27
HUN,vilgrain,27
HUN,italian,27
HUN,choko,27
HUN,füty,27
HUN,lasagne teszta,27
HUN,sesame oil,27
HUN,auch,27
HUN,vasa,27
HUN,biotech usa,27
HUN,töpörty,27
HUN,salà,27
HUN,gauda,27
HUN,pra,27
HUN,dish wash,27
HUN,sós p,27
HUN,tabla,27
HUN,karavá,27
HUN,kavetejszin,27
HUN,prosciu,27
HUN,útifű,27
HUN,Túró rudi,27
HUN,pörkö,27
HUN,fis,27
HUN,lecsókolbász,27
HUN,magnum bonbon,27
HUN,teljes kiorl,27
HUN,serte,27
HUN,macskaalo,27
HUN,corn starch,27
HUN,Greek yogurt,27
HUN,izoton,27
HUN,széndavas,27
HUN,baracklekvar,27
HUN,komét,27
HUN,zabke,27
HUN,kam,27
HUN,suahi,27
HUN,cukormentes csoki,27
HUN,szodabik,27
HUN,worch,27
HUN,mes,27
HUN,libam,27
HUN,marker,27
HUN,meggysor,27
HUN,leveszold,27
HUN,korozo,27
HUN,zé,27
HUN,kenyérkocka,27
HUN,protein por,27
HUN,caviar,27
HUN,kinai kel,27
HUN,icete,27
HUN,gorg,27
HUN,sült kru,27
HUN,pardicsom,27
HUN,orb,27
HUN,lakk,27
HUN,cérnamet,27
HUN,baba t,27
HUN,donestos,27
HUN,caba,27
HUN,sajtos pá,27
HUN,pick virsli,27
HUN,yana,27
HUN,serra,27
HUN,oyster,27
HUN,Ásványv,27
HUN,toot,27
HUN,magné,27
HUN,cortado,27
HUN,salt and vinegar,27
HUN,etcsokol,27
HUN,hs,27
HUN,apricot,27
HUN,zsírol,27
HUN,tap,27
HUN,citromhéj,27
HUN,paloma,27
HUN,vegán joghurt,27
HUN,fris,27
HUN,tátra,27
HUN,aszalt pa,27
HUN,proc,27
HUN,grana pada,27
HUN,hul,27
HUN,uncle ben,26
HUN,illatgy,26
HUN,édes vörös,26
HUN,stan,26
HUN,salv,26
HUN,debrece,26
HUN,leek,26
HUN,vegan jégkrém,26
HUN,Chio,26
HUN,fogv,26
HUN,orsi,26
HUN,Ásv,26
HUN,dr oe,26
HUN,péksüte,26
HUN,csirke m,26
HUN,barack lekvár,26
HUN,cabb,26
HUN,electrol,26
HUN,Buldak,26
HUN,cerbon,26
HUN,fuze t,26
HUN,Mizse,26
HUN,babaví,26
HUN,tequi,26
HUN,hajla,26
HUN,hun,26
HUN,lassagne,26
HUN,fahéjas csiga,26
HUN,buzada,26
HUN,növényi sajt,26
HUN,elesz,26
HUN,peco,26
HUN,vajas kifli,26
HUN,papírzsepi,26
HUN,olaj spray,26
HUN,pilisi,26
HUN,tejcsokolád,26
HUN,vitam,26
HUN,ringló,26
HUN,fagyasztott pék,26
HUN,oliva bogy,26
HUN,szárít,26
HUN,izes,26
HUN,hozzáadott,26
HUN,cornstarch,26
HUN,májgomb,26
HUN,for,26
HUN,darált sert,26
HUN,tejcsokolade,26
HUN,Redbull,26
HUN,bot,26
HUN,rizs tej,26
HUN,dilmah,26
HUN,húsos,26
HUN,tik,26
HUN,kaj,26
HUN,túrorudi,26
HUN,bolognai alap,26
HUN,head and,26
HUN,rej,26
HUN,marha hús,26
HUN,csás,26
HUN,tortabevonó,26
HUN,ad,26
HUN,toffi,26
HUN,tru,26
HUN,zabkorpa,26
HUN,furtos,26
HUN,el sa,26
HUN,síkosít,26
HUN,toast bread,26
HUN,cserszegi,26
HUN,Soproni,26
HUN,dolce g,26
HUN,party mix,26
HUN,wellness,26
HUN,cheese cake,26
HUN,sajtke,26
HUN,viole,26
HUN,sira,26
HUN,pesto rosso,26
HUN,Balaton,26
HUN,müsli,26
HUN,cornf,26
HUN,lasagne t,26
HUN,daralthu,26
HUN,alnatura bio,26
HUN,ciab,26
HUN,kh,26
HUN,telisza,26
HUN,gersli,26
HUN,falni,26
HUN,mizo kave,26
HUN,kockac,26
HUN,light sa,26
HUN,chickp,26
HUN,kollag,26
HUN,nove,26
HUN,danine,26
HUN,kukorica konz,26
HUN,ketszersult,26
HUN,sajt krem,26
HUN,sós mogyoró,26
HUN,cova,26
HUN,baby oil,26
HUN,mmm,26
HUN,ghí,26
HUN,grapef,26
HUN,elefant,26
HUN,protein yogurt,26
HUN,őszibarac,26
HUN,Ecet,26
HUN,folye,26
HUN,lay's,26
HUN,montain,26
HUN,brita,26
HUN,gelatin,26
HUN,res bull,26
HUN,Coca-Cola,26
HUN,halkon,26
HUN,sűrített pa,26
HUN,palcika,26
HUN,Nestlé,26
HUN,laktozmentes tejszin,26
HUN,gift,26
HUN,topy,26
HUN,dán szalámi,26
HUN,hala,26
HUN,müll,26
HUN,zero k,26
HUN,glutenmentes pizza,26
HUN,sertés hús,26
HUN,alkoholmentes pezsgő,26
HUN,deb,26
HUN,sargaborso,26
HUN,jégsalata,26
HUN,krémleves,26
HUN,joghurt laktozmentes,26
HUN,joy,26
HUN,meggy befott,26
HUN,szójaszó,26
HUN,dobo,26
HUN,white vinegar,26
HUN,almaszirom,26
HUN,sminklemosó,26
HUN,kávék,26
HUN,frucc,26
HUN,kf,26
HUN,teljeskiorlesu,26
HUN,the bridge,26
HUN,cayen,26
HUN,kápi,26
HUN,light mayo,26
HUN,avokadó,26
HUN,császárszalonna,26
HUN,raffaelo,26
HUN,fűszers,26
HUN,toalettpapir,26
HUN,led,26
HUN,göro,26
HUN,omlesztett sajt,26
HUN,libazsir,26
HUN,habzó,26
HUN,sla,26
HUN,jer,26
HUN,iced,26
HUN,gyalult tök,26
HUN,darált m,26
HUN,mult,26
HUN,brownies,26
HUN,csótány,26
HUN,asz,26
HUN,chibo,26
HUN,paprikás szal,26
HUN,karama,26
HUN,zero ice,26
HUN,ciz,26
HUN,mondt,26
HUN,Starbucks,26
HUN,violi,26
HUN,tút,26
HUN,clo,26
HUN,rákóczi,26
HUN,bükk,26
HUN,alig,26
HUN,kókuszte,26
HUN,laktozmentes tejföl,26
HUN,frici,26
HUN,tökmagos,26
HUN,pinot,26
HUN,pastrami,26
HUN,halászlé,26
HUN,joghurtos,26
HUN,fülpisz,26
HUN,lapk,26
HUN,kinder ping,26
HUN,pec,26
HUN,fürdős,26
HUN,proteinszelet,26
HUN,korom,25
HUN,protect,25
HUN,tomato juice,25
HUN,hohesc,25
HUN,szilikon,25
HUN,whiske,25
HUN,ősz,25
HUN,ásványi,25
HUN,zel,25
HUN,sztrapacska,25
HUN,elec,25
HUN,aranygaluska,25
HUN,farhat,25
HUN,kecskeméti,25
HUN,Lays,25
HUN,fànk,25
HUN,cola lime,25
HUN,bébi spenót,25
HUN,passat,25
HUN,ősziba,25
HUN,barna kenyér,25
HUN,vorsli,25
HUN,ollo,25
HUN,nadu,25
HUN,moji,25
HUN,darált di,25
HUN,esl tej,25
HUN,apro,25
HUN,bisco,25
HUN,mcdo,25
HUN,törlők,25
HUN,koffeinment,25
HUN,testa,25
HUN,buldag,25
HUN,reis,25
HUN,vadkovász,25
HUN,karamal,25
HUN,fagyasztott hal,25
HUN,capuccino,25
HUN,foodb,25
HUN,fagyasztott zöl,25
HUN,charcoal,25
HUN,mexiko,25
HUN,üditö,25
HUN,ll,25
HUN,pink stuff,25
HUN,laktoz mentes,25
HUN,kukaz,25
HUN,zsá,25
HUN,ablaktisztító,25
HUN,kukorica pehely,25
HUN,pink tonic,25
HUN,Glut,25
HUN,lovela,25
HUN,patt,25
HUN,кури,25
HUN,rib,25
HUN,ground coffee,25
HUN,sík,25
HUN,vid,25
HUN,tij,25
HUN,sultkrum,25
HUN,csoki milka,25
HUN,cinamon,25
HUN,azsia,25
HUN,étcsokolade,25
HUN,got,25
HUN,naramcs,25
HUN,emmental,25
HUN,Ke,25
HUN,majkrém,25
HUN,fuet,25
HUN,pretzels,25
HUN,sila,25
HUN,sj,25
HUN,Heineken,25
HUN,Kubu,25
HUN,calcia,25
HUN,kigyou,25
HUN,egs,25
HUN,szoszok,25
HUN,glutènmentes,25
HUN,coctail,25
HUN,citromfu,25
HUN,őröl,25
HUN,coll,25
HUN,boróka,25
HUN,gyombe,25
HUN,pálc,25
HUN,kurku,25
HUN,Danone,25
HUN,ghi,25
HUN,Kókusz,25
HUN,alufol,25
HUN,madárs,25
HUN,Borsó,25
HUN,lightning,25
HUN,csigusz,25
HUN,gabonapehel,25
HUN,ked,25
HUN,liga,25
HUN,mentes sör,25
HUN,tobacco,25
HUN,free,25
HUN,alpro tej,25
HUN,krok,25
HUN,pocket,25
HUN,zabit,25
HUN,turmix,25
HUN,rasberry,25
HUN,babcs,25
HUN,magic,25
HUN,balat,25
HUN,almae,25
HUN,mosóp,25
HUN,liofiliz,25
HUN,ooop,25
HUN,jogobel,25
HUN,sok,25
HUN,tejföl lak,25
HUN,int,25
HUN,diétás,25
HUN,nic,25
HUN,fusil,25
HUN,vici,25
HUN,puffasztot,25
HUN,fagyasztott sajt,25
HUN,vösla,25
HUN,ajándé,25
HUN,Baba,25
HUN,lapoc,25
HUN,gyerty,25
HUN,kutya eledel,25
HUN,gluténmentes zab,25
HUN,toothp,25
HUN,saláa,25
HUN,bonduel,25
HUN,fogpiszk,25
HUN,sprotni,25
HUN,születésnap,25
HUN,repce,25
HUN,női,25
HUN,fö,25
HUN,cézár saláta,25
HUN,sesam,25
HUN,ms,25
HUN,patadicsom,25
HUN,cous,25
HUN,Yoghurt,25
HUN,tartós,25
HUN,tejcsoko,25
HUN,chedar sajt,25
HUN,Para,25
HUN,jac,25
HUN,ice cu,25
HUN,kendo,25
HUN,tepsis,25
HUN,préz,25
HUN,nádudvar,25
HUN,kotá,25
HUN,gyumolcsleves,25
HUN,vörös bab,25
HUN,füstl,25
HUN,dzse,25
HUN,tudfurdo,25
HUN,füze,25
HUN,vaníliás cuk,25
HUN,sliced cheese,25
HUN,ball,25
HUN,riom,25
HUN,reteslap,25
HUN,a2 tej,25
HUN,sebta,25
HUN,padlo,25
HUN,szallona,25
HUN,hill,25
HUN,пицца,25
HUN,filctoll,25
HUN,vilagin,25
HUN,cola ze,25
HUN,fülpiszk,25
HUN,mamba,25
HUN,theodor,25
HUN,sarok,25
HUN,fülpi,25
HUN,vanilliás,25
HUN,teljes kio,25
HUN,snidl,25
HUN,negr,25
HUN,kremsaj,25
HUN,szardi,25
HUN,bred,25
HUN,days,25
HUN,bauli,25
HUN,libazsír,25
HUN,john,25
HUN,uborks,25
HUN,lime juice,25
HUN,rétesliszt,25
HUN,ben and jerr,25
HUN,seve,25
HUN,plum,25
HUN,kókuszr,25
HUN,milupa,25
HUN,falaf,25
HUN,hajl,25
HUN,pick szalami,25
HUN,növényi t,25
HUN,leib,25
HUN,napi,25
HUN,zoo,25
HUN,bumbu,25
HUN,pulled,25
HUN,lat,25
HUN,shrimps,25
HUN,waffles,25
HUN,egész bors,25
HUN,guinnes,25
HUN,levesgyongy,25
HUN,ribs,25
HUN,serteszsir,25
HUN,masni,25
HUN,krunpli,25
HUN,óvs,25
HUN,buckwheat,25
HUN,ice coff,25
HUN,fehér cs,25
HUN,pufing,25
HUN,szeletelt saj,25
HUN,patto,25
HUN,ragas,25
HUN,alway,25
HUN,akril,25
HUN,panírmo,25
HUN,baa,25
HUN,sütemeny,25
HUN,adren,25
HUN,dugul,25
HUN,mouth wash,25
HUN,pepsi cherry,25
HUN,csirkel,25
HUN,glutenmentes sor,25
HUN,biop,25
HUN,terea,25
HUN,Popcorn,25
HUN,capoy,24
HUN,ételíz,24
HUN,sajttal,24
HUN,jogu,24
HUN,taller,24
HUN,szaritott para,24
HUN,kört,24
HUN,plüss,24
HUN,ömlesz,24
HUN,electr,24
HUN,ceres toast,24
HUN,cukormentes fagy,24
HUN,pirospapr,24
HUN,kechu,24
HUN,almapap,24
HUN,franci,24
HUN,deliká,24
HUN,jacob,24
HUN,skitt,24
HUN,Nespresso,24
HUN,edess,24
HUN,barist,24
HUN,kávé őr,24
HUN,asp,24
HUN,bacar,24
HUN,monstwr,24
HUN,ciff,24
HUN,margarita,24
HUN,spinac,24
HUN,köly,24
HUN,ammerl,24
HUN,monini,24
HUN,aszalt par,24
HUN,famta,24
HUN,buz,24
HUN,ches,24
HUN,zabrud,24
HUN,gyú,24
HUN,чеснок,24
HUN,dorritos,24
HUN,ételhordó,24
HUN,skir,24
HUN,salad mix,24
HUN,Egg,24
HUN,sertés lapocka,24
HUN,borotva hab,24
HUN,medvehagyma,24
HUN,Papír,24
HUN,sanpel,24
HUN,jégakku,24
HUN,capu,24
HUN,parizel,24
HUN,srir,24
HUN,lecsó kolbász,24
HUN,vegan fagyi,24
HUN,naturella,24
HUN,jegkré,24
HUN,grillk,24
HUN,vanillias,24
HUN,olaszriz,24
HUN,efef,24
HUN,tisztit,24
HUN,she,24
HUN,pecan,24
HUN,darált kek,24
HUN,petit,24
HUN,kaszino,24
HUN,sűri,24
HUN,vitami,24
HUN,Dove,24
HUN,szunyo,24
HUN,seven up,24
HUN,csokik,24
HUN,vilgain zab,24
HUN,pront,24
HUN,tálca,24
HUN,toble,24
HUN,mogyorók,24
HUN,basmat,24
HUN,cikor,24
HUN,sutopa,24
HUN,kőbá,24
HUN,csík,24
HUN,feketeerdő,24
HUN,backon,24
HUN,földimogyor,24
HUN,jg,24
HUN,dohany,24
HUN,jègk,24
HUN,mexikó,24
HUN,cheddar cheese,24
HUN,dou,24
HUN,kelb,24
HUN,fürtös,24
HUN,olas,24
HUN,canad,24
HUN,shoe,24
HUN,birs,24
HUN,hazt,24
HUN,árpa,24
HUN,medves,24
HUN,tojà,24
HUN,isoto,24
HUN,croc,24
HUN,кукуруза,24
HUN,dark choc,24
HUN,üdítők,24
HUN,desert,24
HUN,zöldhagyma,24
HUN,mozzarella light,24
HUN,kidney,24
HUN,hot chip,24
HUN,brin,24
HUN,édes sa,24
HUN,chocap,24
HUN,tizs,24
HUN,baba v,24
HUN,kókuszkrém,24
HUN,Cukkini,24
HUN,farm,24
HUN,diapers,24
HUN,jègkrém,24
HUN,120,24
HUN,royal canin,24
HUN,tusfurdő,24
HUN,cream chees,24
HUN,tùr,24
HUN,fokhagyma gr,24
HUN,floewater,24
HUN,teljeskiörlésű,24
HUN,tó,24
HUN,abla,24
HUN,Cappy,24
HUN,mic,24
HUN,icecrea,24
HUN,garba,24
HUN,let,24
HUN,san bened,24
HUN,téli szal,24
HUN,hell ca,24
HUN,desz,24
HUN,cajun,24
HUN,nagykocka,24
HUN,tészta spagetti,24
HUN,washing machine,24
HUN,szű,24
HUN,csirkemellfil,24
HUN,Red bull,24
HUN,csalamá,24
HUN,serpeny,24
HUN,ritt,24
HUN,flat white,24
HUN,főtt,24
HUN,túrókrém,24
HUN,ferment,24
HUN,Jégk,24
HUN,boba,24
HUN,majoméz,24
HUN,fehérjeszelet,24
HUN,insect,24
HUN,fal,24
HUN,kacsazsir,24
HUN,csirke szárny,24
HUN,pulyka darált,24
HUN,coffee milk,24
HUN,vermut,24
HUN,szászi,24
HUN,bacin,24
HUN,waffe,24
HUN,sárgabors,24
HUN,szódabikarb,24
HUN,herbs,24
HUN,corsodyl,24
HUN,gorog yoghurt,24
HUN,limoncello,24
HUN,söt,24
HUN,kukas zsak,24
HUN,cinzano,24
HUN,fehérbors,24
HUN,pizza kr,24
HUN,fokhagymakr,24
HUN,white cheese,24
HUN,schwep,24
HUN,jim beam,24
HUN,aranka,24
HUN,cornexi,24
HUN,tuti,24
HUN,fozo tejszin,24
HUN,pirosar,24
HUN,teljes kiorlesu teszta,24
HUN,icet,24
HUN,shitake,24
HUN,jó kenyér,24
HUN,nutt,24
HUN,nedves to,24
HUN,csigateszta,24
HUN,cucumbers,24
HUN,sio alma,24
HUN,cia,24
HUN,Cheese,24
HUN,nedves törlőkend,24
HUN,fozotejsz,24
HUN,kocka t,24
HUN,Banan,24
HUN,tee,24
HUN,falafe,24
HUN,green beans,24
HUN,fagyasztott áfonya,24
HUN,szőrp,24
HUN,dob,24
HUN,sutotok,24
HUN,tjás,24
HUN,chocolates,24
HUN,pineapple juice,24
HUN,olí,24
HUN,turkey ham,24
HUN,francia sal,24
HUN,juhtur,24
HUN,sajtos taller,24
HUN,tojaa,24
HUN,fagyasztott gyümö,24
HUN,pomelo,24
HUN,húsg,24
HUN,melatonin,24
HUN,szerencsi,24
HUN,Pesto,24
HUN,gx,24
HUN,zoldbor,24
HUN,lec,24
HUN,Rama,24
HUN,body soap,24
HUN,Darált hús,24
HUN,toilet roll,24
HUN,mentolos,24
HUN,cserpea,24
HUN,nádudva,24
HUN,warer,24
HUN,fehér csokol,24
HUN,izotóni,24
HUN,ver,24
HUN,bebietel,24
HUN,napt,24
HUN,romai komeny,24
HUN,szép,24
HUN,dijo,24
HUN,parsl,24
HUN,vsoki,24
HUN,bort,24
HUN,köröml,24
HUN,sűrített p,24
HUN,paper tow,24
HUN,adr,24
HUN,kaku,24
HUN,ristor,24
HUN,laktózmentes túr,24
HUN,kolozsvari,24
HUN,noven,24
HUN,pusz,24
HUN,virsi,24
HUN,sargar,24
HUN,doh,24
HUN,celof,24
HUN,naturjoghurt,24
HUN,piros p,24
HUN,villany,24
HUN,tápióka,24
HUN,duru,24
HUN,koroz,24
HUN,kakópor,24
HUN,legf,24
HUN,habfurdo,24
HUN,szőlől,24
HUN,rice chips,24
HUN,fix,24
HUN,tijas,24
HUN,banane,24
HUN,tè,24
HUN,jégré,24
HUN,paras,24
HUN,muzli szelet,24
HUN,almatura,24
HUN,соус,24
HUN,caye,23
HUN,berr,23
HUN,köle,23
HUN,édeskömény,23
HUN,Felix,23
HUN,csót,23
HUN,zöld alma,23
HUN,mérő,23
HUN,milka oreo,23
HUN,piros papr,23
HUN,riso zero,23
HUN,törlőken,23
HUN,cezar salata,23
HUN,magja,23
HUN,topyo,23
HUN,korong,23
HUN,tejöl,23
HUN,ravi,23
HUN,mosogató szer,23
HUN,róma,23
HUN,tisztítószer,23
HUN,egér,23
HUN,light ma,23
HUN,halász,23
HUN,rizspapir,23
HUN,gumike,23
HUN,duracell,23
HUN,gös,23
HUN,szendvicsek,23
HUN,zoldség,23
HUN,mosópo,23
HUN,gour,23
HUN,súroló,23
HUN,jéf,23
HUN,síko,23
HUN,sajtos stan,23
HUN,iborka,23
HUN,ablaktiszt,23
HUN,papirtö,23
HUN,huto,23
HUN,pistac,23
HUN,caj,23
HUN,cock,23
HUN,leves gyöngy,23
HUN,pepso,23
HUN,Lime,23
HUN,csapda,23
HUN,Torta,23
HUN,smart water,23
HUN,színf,23
HUN,war,23
HUN,olíva olaj,23
HUN,olajos hal,23
HUN,zabpehely liszt,23
HUN,happy rice,23
HUN,tah,23
HUN,gourmet gold,23
HUN,vaníliá,23
HUN,kókuszjoghurt,23
HUN,eperle,23
HUN,fejes saláta,23
HUN,russ,23
HUN,mais,23
HUN,dunakavics,23
HUN,Peroni,23
HUN,bier,23
HUN,smoke,23
HUN,advany,23
HUN,két,23
HUN,sas,23
HUN,mung,23
HUN,hoh,23
HUN,drazs,23
HUN,baguet,23
HUN,magnum vegan,23
HUN,kakaopo,23
HUN,Ice tea,23
HUN,brassói,23
HUN,Tomato,23
HUN,foz,23
HUN,spaghett,23
HUN,tortelini,23
HUN,pudingp,23
HUN,tintahal,23
HUN,fűszerpa,23
HUN,miranda,23
HUN,chia seeds,23
HUN,római saláta,23
HUN,muffi,23
HUN,break,23
HUN,corn flour,23
HUN,mayonaise,23
HUN,datoly,23
HUN,burger bread,23
HUN,ace,23
HUN,rump,23
HUN,spong,23
HUN,szerecse,23
HUN,Gyömbér,23
HUN,Tibi,23
HUN,авокадо,23
HUN,Apple,23
HUN,testáp,23
HUN,láz,23
HUN,jokeny,23
HUN,angol szalonna,23
HUN,abl,23
HUN,hazta,23
HUN,cukormentes sz,23
HUN,profiterol,23
HUN,koreai,23
HUN,monten,23
HUN,ventillátor,23
HUN,robe,23
HUN,kony,23
HUN,túrógombóc,23
HUN,tal,23
HUN,főzőkr,23
HUN,kukorica ko,23
HUN,cartedo,23
HUN,asványvíz,23
HUN,cukormentes jégk,23
HUN,cina,23
HUN,Élesztő,23
HUN,is,23
HUN,sportsz,23
HUN,pizza sz,23
HUN,ultra,23
HUN,sov,23
HUN,sutő,23
HUN,pedi,23
HUN,mirelit z,23
HUN,jana bab,23
HUN,vu,23
HUN,fasi,23
HUN,bacard,23
HUN,kolbàsz,23
HUN,spir,23
HUN,duba,23
HUN,em,23
HUN,gala,23
HUN,pepe,23
HUN,hen,23
HUN,frui,23
HUN,usb c,23
HUN,absolu,23
HUN,ubir,23
HUN,màlna,23
HUN,capsicum,23
HUN,fogl,23
HUN,papírzsep,23
HUN,bec,23
HUN,utifű,23
HUN,kompót,23
HUN,szezámolaj,23
HUN,datol,23
HUN,country,23
HUN,veganéz,23
HUN,rozskeny,23
HUN,wc i,23
HUN,csemege ubork,23
HUN,hell caffe,23
HUN,forma,23
HUN,pöty,23
HUN,görögjog,23
HUN,szolole,23
HUN,kalcium,23
HUN,italpor,23
HUN,magy,23
HUN,fuszerpap,23
HUN,toalettp,23
HUN,szun,23
HUN,watt,23
HUN,absol,23
HUN,biopo,23
HUN,paradicsom pu,23
HUN,rajzlap,23
HUN,fán,23
HUN,nokedl,23
HUN,tri,23
HUN,dish washing,23
HUN,laktozmente,23
HUN,darált hu,23
HUN,buf,23
HUN,baracklek,23
HUN,macska a,23
HUN,Vilagin,23
HUN,natur j,23
HUN,coca vola,23
HUN,sűrített para,23
HUN,Bors,23
HUN,cukormentes lekvár,23
HUN,dark choco,23
HUN,Smack,23
HUN,csirke me,23
HUN,kemeny sajt,23
HUN,tej 2.8,23
HUN,sós pálcika,23
HUN,gm,23
HUN,pálca,23
HUN,паста,23
HUN,színes,23
HUN,hajsampon,23
HUN,A4,23
HUN,fekete csoki,23
HUN,ovsz,23
HUN,olaszri,23
HUN,crush,23
HUN,mér,23
HUN,sebt,23
HUN,halko,23
HUN,WC papir,23
HUN,pick stick,23
HUN,lavazz,23
HUN,édesburgo,23
HUN,kakos,23
HUN,grana pad,23
HUN,Gyüm,23
HUN,Co,23
HUN,stix,23
HUN,pati,23
HUN,biostop,23
HUN,csppy,23
HUN,tépett,23
HUN,gyros fűszer,23
HUN,ben’s,23
HUN,folyekony szapp,23
HUN,vegan protein,23
HUN,paca,23
HUN,dolce gus,23
HUN,wet wipe,23
HUN,szarvasg,23
HUN,uzs,23
HUN,tonhal konzerv,23
HUN,izz,23
HUN,falni jó,23
HUN,hajfesté,23
HUN,kl,23
HUN,sensody,23
HUN,folyékony mosószer,23
HUN,gliss,23
HUN,arany aszok,23
HUN,giuseppe,23
HUN,tomato puree,23
HUN,sárgaba,23
HUN,koka,23
HUN,komé,23
HUN,őrölt ká,23
HUN,lid,23
HUN,hangy,23
HUN,liof,23
HUN,sajtos rúd,23
HUN,haloumi,23
HUN,turmeric,23
HUN,teljeskiőrlésű,23
HUN,vanillias cukor,23
HUN,foglefe,23
HUN,comp,23
HUN,maca,23
HUN,jégké,23
HUN,floor cleaner,23
HUN,barnacu,23
HUN,carbonated water,23
HUN,zöldséglé,23
HUN,desperados,23
HUN,vegan j,23
HUN,fűszerkever,23
HUN,var,23
HUN,csikre,23
HUN,ks,23
HUN,sajtos pog,23
HUN,nadcukor,23
HUN,jegr,23
HUN,jó reggelt,23
HUN,felsőcomb,23
HUN,mack,23
HUN,nag,23
HUN,rumar,23
HUN,gyoz,23
HUN,sonak,23
HUN,garnélarák,23
HUN,sobka,23
HUN,zsálya,23
HUN,raw,23
HUN,yough,23
HUN,7u,23
HUN,paradicsom lé,23
HUN,pron,22
HUN,dishwa,22
HUN,india,22
HUN,buborékos,22
HUN,oo,22
HUN,hamburger zsem,22
HUN,surim,22
HUN,gyümölcs leves,22
HUN,szent andr,22
HUN,fehér r,22
HUN,sonla,22
HUN,bacom,22
HUN,köménymag,22
HUN,olasz f,22
HUN,tejj,22
HUN,kemen,22
HUN,csirkemá,22
HUN,granula,22
HUN,gyorsfagy,22
HUN,ír,22
HUN,uvegteszta,22
HUN,crack,22
HUN,csirkecomb fil,22
HUN,vegán fagy,22
HUN,indomie,22
HUN,sütőpapí,22
HUN,Ásvány,22
HUN,milja,22
HUN,Dr pepper,22
HUN,elephan,22
HUN,teljeskiörl,22
HUN,pradicsom,22
HUN,whip,22
HUN,fagyasztott csirke,22
HUN,csokk,22
HUN,Doritos,22
HUN,vaníliás karika,22
HUN,bolognai szosz,22
HUN,görögdinn,22
HUN,coca cola z,22
HUN,primgles,22
HUN,kabe,22
HUN,mea,22
HUN,bocco doro,22
HUN,Avok,22
HUN,alkoholmentes pezsg,22
HUN,pizza szosz,22
HUN,Wc papír,22
HUN,Meggy,22
HUN,crema,22
HUN,wanish,22
HUN,levesbetét,22
HUN,toy,22
HUN,meggylé,22
HUN,szendvics krém,22
HUN,gymbeam,22
HUN,tojss,22
HUN,rambyno,22
HUN,paradicsomleves,22
HUN,blueberr,22
HUN,pàrizsi,22
HUN,koffeinmentes cola,22
HUN,cic,22
HUN,Teszta,22
HUN,italok,22
HUN,jighurt,22
HUN,szúnyogriasztó,22
HUN,emes,22
HUN,pécsi sör,22
HUN,kávé instant,22
HUN,parqdicsom,22
HUN,szarvacsk,22
HUN,almdu,22
HUN,lep,22
HUN,WC pap,22
HUN,liofilizált,22
HUN,spra,22
HUN,shus,22
HUN,chemotox,22
HUN,knopper,22
HUN,főzőtejs,22
HUN,biscu,22
HUN,fagyo,22
HUN,ben an,22
HUN,joghurt gorog,22
HUN,chili con,22
HUN,Red,22
HUN,táblás,22
HUN,sensod,22
HUN,gesztenyepür,22
HUN,primitivo,22
HUN,evi,22
HUN,aloro,22
HUN,fek,22
HUN,márvány,22
HUN,cappucino,22
HUN,pudingpo,22
HUN,római kömény,22
HUN,hot-,22
HUN,chori,22
HUN,milánó,22
HUN,sche,22
HUN,balz,22
HUN,kelbimb,22
HUN,ges,22
HUN,hot honey,22
HUN,garabo,22
HUN,foghagym,22
HUN,paprikás csirke,22
HUN,baba mama,22
HUN,Coke,22
HUN,magum,22
HUN,morzs,22
HUN,fusz,22
HUN,kenőmá,22
HUN,blue cheese,22
HUN,szemsavas,22
HUN,bébirépa,22
HUN,kontakt,22
HUN,csitke,22
HUN,kerchup,22
HUN,dr oetk,22
HUN,salátamix,22
HUN,body lotion,22
HUN,szénsavmentes ásványvíz,22
HUN,cottage chese,22
HUN,toalett pap,22
HUN,uero,22
HUN,papirzsebken,22
HUN,lei,22
HUN,csokolad,22
HUN,tortabe,22
HUN,vegán jé,22
HUN,elepha,22
HUN,paradicsomszós,22
HUN,zöldségmix,22
HUN,krumplo,22
HUN,golden,22
HUN,Jegkrem,22
HUN,panírozott,22
HUN,kenyét,22
HUN,vienett,22
HUN,non alcoholic,22
HUN,bodywash,22
HUN,Rauch,22
HUN,breast,22
HUN,jégsalát,22
HUN,kókuszre,22
HUN,belvit,22
HUN,bebisp,22
HUN,vilgaim,22
HUN,vegajó,22
HUN,fussil,22
HUN,airfryer,22
HUN,nogger,22
HUN,kígyóu,22
HUN,sardi,22
HUN,zsugor,22
HUN,lenyér,22
HUN,black p,22
HUN,padlizsankrem,22
HUN,mirelit zöldség,22
HUN,felmosofej,22
HUN,sponges,22
HUN,kaffee,22
HUN,guinn,22
HUN,washing powder,22
HUN,habfixál,22
HUN,at,22
HUN,nec,22
HUN,beck,22
HUN,cauli,22
HUN,creme vega,22
HUN,terhesség,22
HUN,kancsó,22
HUN,metelo,22
HUN,corn fl,22
HUN,ajak,22
HUN,hű,22
HUN,csereszn,22
HUN,lub,22
HUN,csusza tészta,22
HUN,grapefr,22
HUN,kőbánya,22
HUN,francia saláta,22
HUN,kovaszos ub,22
HUN,ooo,22
HUN,vörösbo,22
HUN,parsely,22
HUN,stang,22
HUN,naturaqu,22
HUN,chicken ham,22
HUN,felmosószer,22
HUN,bio toj,22
HUN,korpov,22
HUN,haz,22
HUN,kézfertőtlenítő,22
HUN,almond flour,22
HUN,ajvá,22
HUN,mam,22
HUN,szü,22
HUN,tzaziki,22
HUN,zoldbors,22
HUN,kézműves sör,22
HUN,sajt lakt,22
HUN,kob,22
HUN,hunusz,22
HUN,wip,22
HUN,sláta,22
HUN,asti,22
HUN,kenyêr,22
HUN,pape,22
HUN,foghag,22
HUN,Juice,22
HUN,carte door,22
HUN,padthai,22
HUN,teljeskiőrlés,22
HUN,frit,22
HUN,fulti,22
HUN,hagymás tejfölös,22
HUN,Szörp,22
HUN,sütőmargarin,22
HUN,daralthús,22
HUN,csicserib,22
HUN,gyümölcsle,22
HUN,kávét,22
HUN,hoz,22
HUN,ásvanyvíz,22
HUN,ben a,22
HUN,deodrant,22
HUN,corner,22
HUN,barna c,22
HUN,cable,22
HUN,kukoricakeményítő,22
HUN,unor,22
HUN,marton,22
HUN,cereals,22
HUN,vital,22
HUN,teszta spagetti,22
HUN,Afonya,22
HUN,kegkrem,22
HUN,cash,22
HUN,sourd,22
HUN,joghurt görög,22
HUN,vitati,22
HUN,ker,22
HUN,pattanás,22
HUN,bolognai sz,22
HUN,főzel,22
HUN,tro,22
HUN,buborekos,22
HUN,kutyat,22
HUN,ujhag,22
HUN,coal,22
HUN,csiga t,22
HUN,eros paprika,22
HUN,sous,22
HUN,cukorbors,22
HUN,szoja szosz,22
HUN,juic,22
HUN,chard,22
HUN,hegy,22
HUN,dus,22
HUN,szalmi,22
HUN,sen,22
HUN,tárko,22
HUN,coco powder,22
HUN,savanyú ub,22
HUN,помидоры,22
HUN,fekete erdő,22
HUN,szárított pa,22
HUN,panc,22
HUN,lays strong,22
HUN,ön,22
HUN,oatmilk,22
HUN,rizott,22
HUN,ivó joghurt,22
HUN,light majo,22
HUN,Pap,22
HUN,kaposztasalata,22
HUN,shredded cheese,22
HUN,pac,22
HUN,couscous,22
HUN,újburgonya,22
HUN,kau,22
HUN,jegsalat,22
HUN,retro,22
HUN,fasí,22
HUN,márt,22
HUN,mappa,22
HUN,alkohol mentes sör,22
HUN,monstee,22
HUN,rizsla,22
HUN,pattog,22
HUN,coccolin,22
HUN,lemon so,22
HUN,legy,22
HUN,növényi tejsz,22
HUN,proten,22
HUN,kartoffel,22
HUN,wc golyó,22
HUN,tuto,22
HUN,sertes zsir,22
HUN,venti,22
HUN,mentesviz,22
HUN,csokiöntet,22
HUN,nas,22
HUN,paro,22
HUN,glutenment,22
HUN,sajt trappista,22
HUN,corega,22
HUN,barna cu,22
HUN,Irsai,22
HUN,cica cola,22
HUN,sakt,22
HUN,kávéka,22
HUN,bryndza,22
HUN,kefit,22
HUN,salátaön,22
HUN,töpörtyű,22
HUN,nugge,22
HUN,rex,22
HUN,piritos,22
HUN,rántott hús,22
HUN,serran,21
HUN,cukormentes tea,21
HUN,bacon kocka,21
HUN,3 in,21
HUN,big,21
HUN,levesgyö,21
HUN,natúr jogh,21
HUN,kekszmorzsa,21
HUN,alufix,21
HUN,csoki csepp,21
HUN,osz,21
HUN,detol,21
HUN,earl,21
HUN,szül,21
HUN,chili pehely,21
HUN,tokehal,21
HUN,oatley,21
HUN,toalettpap,21
HUN,zöldség chips,21
HUN,brindza,21
HUN,minc,21
HUN,rukola,21
HUN,marha h,21
HUN,pickolino,21
HUN,csirkeszár,21
HUN,koba,21
HUN,orea,21
HUN,mada,21
HUN,market,21
HUN,flips,21
HUN,téliszalá,21
HUN,edeseg,21
HUN,parmeggiano,21
HUN,légfrissit,21
HUN,koktelp,21
HUN,jég kocka,21
HUN,szénhi,21
HUN,kölesgoly,21
HUN,zap,21
HUN,fokhagyna,21
HUN,166,21
HUN,vegán jég,21
HUN,sajt snack,21
HUN,illatosit,21
HUN,skyn,21
HUN,sak,21
HUN,cube,21
HUN,akác,21
HUN,penne tészta,21
HUN,konyhai papír,21
HUN,sült burgonya,21
HUN,cér,21
HUN,Kefir,21
HUN,lázmérő,21
HUN,selye,21
HUN,edame,21
HUN,milk lactose,21
HUN,balsa,21
HUN,rákó,21
HUN,mizo rudi,21
HUN,kiw,21
HUN,gyümolcs,21
HUN,glad,21
HUN,fagyasztott p,21
HUN,tekfol,21
HUN,fat,21
HUN,coles,21
HUN,majgomboc,21
HUN,fagyasztott gyu,21
HUN,cutrom,21
HUN,sajt laktózmentes,21
HUN,tejföl 12,21
HUN,fehér rum,21
HUN,furdo,21
HUN,banna,21
HUN,dra,21
HUN,soproni meggy,21
HUN,sport sze,21
HUN,cukorszirup,21
HUN,gochu,21
HUN,jok,21
HUN,sq,21
HUN,nescaffe,21
HUN,napte,21
HUN,penge,21
HUN,zokni,21
HUN,Virs,21
HUN,durum teszta,21
HUN,black pe,21
HUN,paradicsomszo,21
HUN,ételí,21
HUN,voroshagym,21
HUN,chike,21
HUN,sertés szűz,21
HUN,krut,21
HUN,nedvestörl,21
HUN,snack kolbász,21
HUN,koriande,21
HUN,magia,21
HUN,cairkemell,21
HUN,nov,21
HUN,sprin,21
HUN,fodro,21
HUN,wolt mark,21
HUN,mold,21
HUN,chillis bab,21
HUN,spirál,21
HUN,pudd,21
HUN,patato,21
HUN,container,21
HUN,alcohol free,21
HUN,cukormentes csok,21
HUN,Zab,21
HUN,sertéshús,21
HUN,kelbimbo,21
HUN,debrec,21
HUN,kasa,21
HUN,kenhető,21
HUN,chillis,21
HUN,habtejszi,21
HUN,oldala,21
HUN,black beans,21
HUN,sanbe,21
HUN,hot dog ki,21
HUN,Vöröshagyma,21
HUN,szapoan,21
HUN,steff,21
HUN,parodontax,21
HUN,pizzá,21
HUN,hajhab,21
HUN,szaj,21
HUN,onlito,21
HUN,parsle,21
HUN,cac,21
HUN,voroshag,21
HUN,fagyasztva,21
HUN,édeskrumpli,21
HUN,aubergine,21
HUN,sparkling wine,21
HUN,chips sajtos,21
HUN,swiss,21
HUN,paran,21
HUN,tőzeg,21
HUN,fulpiszkalo,21
HUN,karak,21
HUN,orrtapasz,21
HUN,cinna,21
HUN,fried,21
HUN,almette,21
HUN,rizsa,21
HUN,sink,21
HUN,kutya pelenka,21
HUN,zöldség keverék,21
HUN,hajdú,21
HUN,bárány,21
HUN,penut,21
HUN,tejes kifli,21
HUN,leer,21
HUN,buck,21
HUN,pizzaszosz,21
HUN,fonti,21
HUN,joghurt natúr,21
HUN,erdei sonka,21
HUN,somlo,21
HUN,salta,21
HUN,skit,21
HUN,liquid,21
HUN,citrom l,21
HUN,"0,5",21
HUN,cocoli,21
HUN,ebéd,21
HUN,római sal,21
HUN,gus,21
HUN,milano,21
HUN,fűszerp,21
HUN,arrabiata,21
HUN,üve,21
HUN,gorogj,21
HUN,enyh,21
HUN,denta,21
HUN,foldimogyoro,21
HUN,hair spray,21
HUN,parmesa,21
HUN,eny,21
HUN,soda water,21
HUN,zöldsèg,21
HUN,komp,21
HUN,biz,21
HUN,savi,21
HUN,párnácska,21
HUN,moto pizza,21
HUN,alma le,21
HUN,aut,21
HUN,soenot,21
HUN,ajá,21
HUN,cukrász,21
HUN,momen,21
HUN,2l,21
HUN,aloevera,21
HUN,citrom le,21
HUN,csomagolo,21
HUN,panno,21
HUN,kokuszt,21
HUN,suritett pa,21
HUN,allways,21
HUN,tyuk,21
HUN,milá,21
HUN,márv,21
HUN,tajin,21
HUN,ubr,21
HUN,Ariel,21
HUN,rusa,21
HUN,its us,21
HUN,kína,21
HUN,sorbe,21
HUN,To,21
HUN,kettle,21
HUN,face wash,21
HUN,nachis,21
HUN,penesz,21
HUN,toilet tissue,21
HUN,snack leves,21
HUN,éto,21
HUN,tonas,21
HUN,ventil,21
HUN,sea salt,21
HUN,cotte,21
HUN,srira,21
HUN,műzliszelet,21
HUN,vz,21
HUN,liquid soap,21
HUN,dolma,21
HUN,tut,21
HUN,teljes kiőrlésű kenyér,21
HUN,sweet pot,21
HUN,fagyasztott hus,21
HUN,kinder pi,21
HUN,mikrosz,21
HUN,cranb,21
HUN,sült k,21
HUN,sona,21
HUN,citromos v,21
HUN,mizo kakaó,21
HUN,paradicsom szó,21
HUN,szines,21
HUN,suga,21
HUN,dolce gust,21
HUN,cleaner,21
HUN,bio joghurt,21
HUN,kamill,21
HUN,zero üdítő,21
HUN,perono,21
HUN,bagette,21
HUN,fekete erdei sonka,21
HUN,fehercsok,21
HUN,tár,21
HUN,kets,21
HUN,óvsz,21
HUN,lila ha,21
HUN,babérle,21
HUN,oll,21
HUN,oat flour,21
HUN,garam masala,21
HUN,schä,21
HUN,laktózmentes jo,21
HUN,kezt,21
HUN,ji,21
HUN,kristál,21
HUN,elektromos,21
HUN,zia,21
HUN,slyr,21
HUN,it's us,21
HUN,maz,21
HUN,speite,21
HUN,libre,21
HUN,cocol,21
HUN,nowac,21
HUN,kokusz viz,21
HUN,cards,21
HUN,húsgombóc,21
HUN,osztriga,21
HUN,tomato past,21
HUN,csulok,21
HUN,kecskem,21
HUN,yogobella,21
HUN,kelkáp,21
HUN,snack kolbasz,21
HUN,cri,21
HUN,rame,21
HUN,prim,21
HUN,beokkoli,21
HUN,búzada,21
HUN,keu,21
HUN,repale,21
HUN,franciasaláta,21
HUN,édesburgony,21
HUN,pekan,21
HUN,micellás,21
HUN,sonks,21
HUN,konzerv paradicsom,21
HUN,tejeskávé,21
HUN,aján,21
HUN,kave tejszin,21
HUN,marcipá,21
HUN,baca,21
HUN,cocnut,21
HUN,sparkli,21
HUN,puree,21
HUN,Fogkrém,21
HUN,paper to,21
HUN,hell caf,21
HUN,foo,21
HUN,swep,21
HUN,kent,21
HUN,frisza,21
HUN,pisztac,21
HUN,aluminium,21
HUN,salátakeverék,21
HUN,nachos szósz,21
HUN,bubi,21
HUN,chery,21
HUN,száraz sampon,21
HUN,yougert,21
HUN,libazs,20
HUN,szeles,20
HUN,öblitö,20
HUN,soen,20
HUN,floras,20
HUN,majorann,20
HUN,xhips,20
HUN,капуста,20
HUN,gyümo,20
HUN,monater,20
HUN,gyújtó,20
HUN,natur yoghurt,20
HUN,aranyf,20
HUN,orange jui,20
HUN,festek,20
HUN,brit,20
HUN,rizottó,20
HUN,chips sós,20
HUN,piding,20
HUN,hell ká,20
HUN,e27,20
HUN,big pep,20
HUN,kacsam,20
HUN,Reszelt sajt,20
HUN,ziplock,20
HUN,magnum poharas,20
HUN,süri,20
HUN,chedder,20
HUN,asvány,20
HUN,Ászok,20
HUN,fly,20
HUN,kèsz,20
HUN,sourcream,20
HUN,deszti,20
HUN,pina colada,20
HUN,zabtejsz,20
HUN,foldi,20
HUN,joghirt,20
HUN,vorosafonya,20
HUN,M&M,20
HUN,apemta,20
HUN,tisztí,20
HUN,papriks,20
HUN,getorade,20
HUN,citeom,20
HUN,салфетки,20
HUN,coffee capsules,20
HUN,kids,20
HUN,vegán magnum,20
HUN,cukormentes jég,20
HUN,caper,20
HUN,társas,20
HUN,májgom,20
HUN,cappy zero,20
HUN,zsemle mor,20
HUN,gulyás krém,20
HUN,cink,20
HUN,kula,20
HUN,shwe,20
HUN,pezsgőtab,20
HUN,kinder jo,20
HUN,pomegranate,20
HUN,tih,20
HUN,super,20
HUN,Áfonya,20
HUN,oul,20
HUN,paradis,20
HUN,kave kap,20
HUN,reszelo,20
HUN,el sabo,20
HUN,paradicsom paszta,20
HUN,babkon,20
HUN,szendvicsk,20
HUN,tejcso,20
HUN,sweet corn,20
HUN,prawn,20
HUN,gyumolc,20
HUN,sú,20
HUN,lemosó,20
HUN,cup noodle,20
HUN,AAA,20
HUN,оливки,20
HUN,baba étel,20
HUN,mignon,20
HUN,mozze,20
HUN,arckrém,20
HUN,care,20
HUN,after eight,20
HUN,old spic,20
HUN,alufoli,20
HUN,hintopor,20
HUN,Roberto,20
HUN,vilgain pizza,20
HUN,artics,20
HUN,vadkovaszos,20
HUN,vent,20
HUN,ringl,20
HUN,papírpohár,20
HUN,feherjepor,20
HUN,barna s,20
HUN,ecet 20,20
HUN,zabl,20
HUN,ringlo,20
HUN,mango juice,20
HUN,lipton tea,20
HUN,summersb,20
HUN,algo,20
HUN,sikosi,20
HUN,vörösáfonya,20
HUN,sugar free ice cream,20
HUN,pom-b,20
HUN,udítő,20
HUN,paprika powder,20
HUN,alpro zab,20
HUN,worcester,20
HUN,babérl,20
HUN,бекон,20
HUN,dupla,20
HUN,rántott saj,20
HUN,vj,20
HUN,butor,20
HUN,nikka,20
HUN,Viennetta,20
HUN,bem,20
HUN,pimple,20
HUN,sports,20
HUN,hozz,20
HUN,baker,20
HUN,Margarin,20
HUN,energiaital zero,20
HUN,bl55,20
HUN,chipd,20
HUN,conde,20
HUN,Mogyoró,20
HUN,tatar,20
HUN,vaníliás c,20
HUN,mist,20
HUN,chips chio,20
HUN,vaselin,20
HUN,radir,20
HUN,wcpapír,20
HUN,sould,20
HUN,power a,20
HUN,benedetto,20
HUN,tojásfehérje,20
HUN,dij,20
HUN,rits,20
HUN,mosó kapszula,20
HUN,pará,20
HUN,wiskey,20
HUN,burhonya,20
HUN,parado,20
HUN,csicseribor,20
HUN,selyem sonka,20
HUN,лаваш,20
HUN,párn,20
HUN,chio chips,20
HUN,turis,20
HUN,pilla,20
HUN,nedves torl,20
HUN,blend,20
HUN,popcorm,20
HUN,föl,20
HUN,kocká,20
HUN,philadelphi,20
HUN,sertész,20
HUN,kinder toj,20
HUN,furmint,20
HUN,jegkoc,20
HUN,gmo,20
HUN,főzőtejszí,20
HUN,diakcsemege,20
HUN,csirkecomb file,20
HUN,joghurt laktózmentes,20
HUN,rozmarin,20
HUN,parmezán sajt,20
HUN,komet,20
HUN,rozsa,20
HUN,jasmine,20
HUN,vörösl,20
HUN,life,20
HUN,green pepper,20
HUN,házi,20
HUN,olak,20
HUN,laktózmentes jog,20
HUN,family,20
HUN,choco fresh,20
HUN,advil,20
HUN,útif,20
HUN,interspa,20
HUN,mogyorós chips,20
HUN,zabf,20
HUN,candles,20
HUN,meggy sor,20
HUN,kokusz joghurt,20
HUN,szaraz sampon,20
HUN,Power,20
HUN,pempers,20
HUN,cham,20
HUN,reszekt,20
HUN,elect,20
HUN,eloszt,20
HUN,listeri,20
HUN,gyalult t,20
HUN,stabilo,20
HUN,kókuszzs,20
HUN,boco,20
HUN,betèt,20
HUN,cerbona m,20
HUN,édes sav,20
HUN,fitnes,20
HUN,tomato p,20
HUN,fokhagymapo,20
HUN,prosseco,20
HUN,füstölt sonka,20
HUN,condition,20
HUN,mojit,20
HUN,lila hag,20
HUN,daráltkeksz,20
HUN,kokuszre,20
HUN,maa,20
HUN,citromos sö,20
HUN,saláta ön,20
HUN,fagyasztott kr,20
HUN,jek,20
HUN,aszalt p,20
HUN,monster ultra,20
HUN,önl,20
HUN,1l,20
HUN,Moto,20
HUN,fehércsokol,20
HUN,daraltkeksz,20
HUN,légfris,20
HUN,instant l,20
HUN,Häagen-Dazs,20
HUN,lint,20
HUN,csirkemell son,20
HUN,cheese stick,20
HUN,újság,20
HUN,füz,20
HUN,citromos viz,20
HUN,szűr,20
HUN,panna,20
HUN,egész csirke,20
HUN,chicken thighs,20
HUN,bubis viz,20
HUN,edesi,20
HUN,snack kol,20
HUN,kremsa,20
HUN,flip,20
HUN,sargadi,20
HUN,pél,20
HUN,levesek,20
HUN,coca cola zer,20
HUN,carbonar,20
HUN,kapuciner,20
HUN,Pékáru,20
HUN,gumikeszt,20
HUN,rizska,20
HUN,zollai,20
HUN,bail,20
HUN,tortilla ch,20
HUN,ásvány v,20
HUN,alfredo,20
HUN,vörösle,20
HUN,pres,20
HUN,edelweiss,20
HUN,bluebe,20
HUN,fehérí,20
HUN,frissentart,20
HUN,szép kártya,20
HUN,csrke,20
HUN,natural,20
HUN,szin,20
HUN,sajtos perec,20
HUN,laktózmentes görög,20
HUN,ind,20
HUN,chps,20
HUN,mis,20
HUN,ciro,20
HUN,karalab,20
HUN,teljes kiörlé,20
HUN,wc tisztito,20
HUN,szódabikar,20
HUN,jana ice tea,20
HUN,manga,20
HUN,elme,20
HUN,fogpiszkáló,20
HUN,cherries,20
HUN,levesbet,20
HUN,kéztör,20
HUN,leves zö,20
HUN,zero keksz,20
HUN,novaco,20
HUN,softner,20
HUN,felmoso fej,20
HUN,csit,20
HUN,ablaktisztito,20
HUN,zabka,20
HUN,dreher 24,20
HUN,girosz,20
HUN,pisztacia krem,20
HUN,oszib,20
HUN,harisnya,20
HUN,instant noodle,20
HUN,Spenót,20
HUN,vitrom,20
HUN,vademecum,20
HUN,tobler,20
HUN,Toilet,20
HUN,st andrea,20
HUN,pepsi zer,20
HUN,rom,20
HUN,green bean,20
HUN,tűz,20
HUN,lipton ice tea,20
HUN,tumeric,20
HUN,bombi,20
HUN,daralt hús,20
HUN,color,20
HUN,fusetea,20
HUN,csom,20
HUN,hárs,20
HUN,szr,20
HUN,rip,20
HUN,tl,20
HUN,jekrem,20
HUN,hin,20
HUN,jègkrè,20
HUN,sajtos c,20
HUN,pedto,20
HUN,sproud,20
HUN,barna sör,20
HUN,dán szal,20
HUN,uzsonna,20
HUN,brado,20
HUN,yellow,20
HUN,suteme,20
HUN,cucmber,20
HUN,cotage,20
HUN,Marha,20
HUN,kukoricakem,20
HUN,abc,20
HUN,corian,20
HUN,gombás,20
HUN,chardo,20
HUN,intersp,20
HUN,pelle,20
HUN,haztartas,20
HUN,carl,20
HUN,fut,19
HUN,protein sajt,19
HUN,eizs,19
HUN,chock,19
HUN,májg,19
HUN,ízvarázs,19
HUN,fokhagymasó,19
HUN,hőmér,19
HUN,nectarin,19
HUN,pock,19
HUN,spanyol,19
HUN,kecsa,19
HUN,coconau,19
HUN,jéga,19
HUN,szörp cukormentes,19
HUN,kakaós cs,19
HUN,bü,19
HUN,gépsonka,19
HUN,málnás,19
HUN,real,19
HUN,carte d’,19
HUN,vanilia fagylalt,19
HUN,hes,19
HUN,laktózmentes jégkrém,19
HUN,mazsi,19
HUN,elős,19
HUN,pillow,19
HUN,la vache,19
HUN,cukormentes joghurt,19
HUN,tárol,19
HUN,cur,19
HUN,salára,19
HUN,cabba,19
HUN,koban,19
HUN,mizsei,19
HUN,sütö,19
HUN,szarvasgombás,19
HUN,cba,19
HUN,plates,19
HUN,wc pumpa,19
HUN,san benedett,19
HUN,szapan,19
HUN,fusze,19
HUN,bőr,19
HUN,beb,19
HUN,milánoi,19
HUN,aircash,19
HUN,milkyway,19
HUN,fagyasztott bur,19
HUN,cele,19
HUN,katie,19
HUN,whole grain,19
HUN,kalamata,19
HUN,kisállat,19
HUN,bubble tea,19
HUN,irish,19
HUN,makrela,19
HUN,water still,19
HUN,cikória,19
HUN,babapiskót,19
HUN,alpo,19
HUN,virslu,19
HUN,regg,19
HUN,cerave,19
HUN,nivea men,19
HUN,pizza sauce,19
HUN,tészta sz,19
HUN,ádványv,19
HUN,gyongyhagyma,19
HUN,óriás,19
HUN,barbec,19
HUN,folyékony s,19
HUN,fájdalom,19
HUN,wine red,19
HUN,alkohol mentes sor,19
HUN,d vitamin,19
HUN,suritett par,19
HUN,parmegg,19
HUN,ropogós,19
HUN,cake mix,19
HUN,krem sajt,19
HUN,sól,19
HUN,citromlè,19
HUN,wr,19
HUN,mutt,19
HUN,jagermeister,19
HUN,cand,19
HUN,паштет,19
HUN,fogpiszkalo,19
HUN,low carb,19
HUN,breaf,19
HUN,bund,19
HUN,mentol,19
HUN,elősütött,19
HUN,kufli,19
HUN,zabli,19
HUN,pogacs,19
HUN,shri,19
HUN,zeea,19
HUN,coca cola ze,19
HUN,tomato sa,19
HUN,balcsicsi,19
HUN,chipsy,19
HUN,meté,19
HUN,herb,19
HUN,wolt marke,19
HUN,fultisz,19
HUN,cherry toma,19
HUN,lettuc,19
HUN,fenyo,19
HUN,tábl,19
HUN,citromh,19
HUN,gulló,19
HUN,kofola,19
HUN,krombacher,19
HUN,mozzer,19
HUN,kale,19
HUN,csirke sz,19
HUN,sod,19
HUN,rizs tészta,19
HUN,Alkoholmentes,19
HUN,becsi,19
HUN,csurke,19
HUN,nedves tor,19
HUN,uborkq,19
HUN,wer,19
HUN,puff pastry,19
HUN,patch,19
HUN,Tusfürdő,19
HUN,oxi,19
HUN,aszalt parad,19
HUN,hä,19
HUN,jell,19
HUN,cc,19
HUN,nádc,19
HUN,bueni,19
HUN,grillko,19
HUN,hone,19
HUN,csípős szósz,19
HUN,staropr,19
HUN,alufól,19
HUN,sajtos ta,19
HUN,tomato pas,19
HUN,rágcs,19
HUN,hallo,19
HUN,dréher,19
HUN,rizs ecet,19
HUN,vaniliáscukor,19
HUN,kikorica,19
HUN,nutr,19
HUN,viennetta,19
HUN,vukor,19
HUN,croisant,19
HUN,sűríte,19
HUN,plaster,19
HUN,cheer,19
HUN,hajzselé,19
HUN,papir tor,19
HUN,granila,19
HUN,kokuszos,19
HUN,garbag,19
HUN,pokemon,19
HUN,sorite,19
HUN,szóló,19
HUN,szélesmet,19
HUN,füstölt sza,19
HUN,pisztaci,19
HUN,könnyed,19
HUN,keszet,19
HUN,cevap,19
HUN,vienet,19
HUN,jef,19
HUN,savanyukaposzta,19
HUN,kakaós csi,19
HUN,szösz,19
HUN,Párizs,19
HUN,fagylat,19
HUN,hagya,19
HUN,edesit,19
HUN,tschi,19
HUN,onigir,19
HUN,háztartási ke,19
HUN,dörzs,19
HUN,szénhidrá,19
HUN,görjoghurt,19
HUN,sültcsirke,19
HUN,gyuf,19
HUN,kutyapelenka,19
HUN,zsmle,19
HUN,görög d,19
HUN,plant,19
HUN,cheese dip,19
HUN,mandar,19
HUN,virslo,19
HUN,papaya,19
HUN,chili por,19
HUN,chocolate ice cream,19
HUN,low,19
HUN,ice n go,19
HUN,krinolin,19
HUN,cae,19
HUN,foam,19
HUN,cez,19
HUN,szarde,19
HUN,tisztasagi betet,19
HUN,zakuszka,19
HUN,mort subite,19
HUN,burgonyapür,19
HUN,édesit,19
HUN,babakeksz,19
HUN,ou,19
HUN,halszósz,19
HUN,Violetta,19
HUN,tp,19
HUN,lacta,19
HUN,gonba,19
HUN,krémf,19
HUN,szárnyas,19
HUN,olaszr,19
HUN,fult,19
HUN,vonalzó,19
HUN,vegan fagylalt,19
HUN,broko,19
HUN,Hugo,19
HUN,pizza hut,19
HUN,aspa,19
HUN,mj,19
HUN,őrö,19
HUN,nedvestörlő,19
HUN,avac,19
HUN,whole wheat,19
HUN,kukazsá,19
HUN,butte,19
HUN,madre,19
HUN,utazó,19
HUN,felvà,19
HUN,hips,19
HUN,birgonya,19
HUN,tos,19
HUN,pum,19
HUN,Bagett,19
HUN,burgonxa,19
HUN,májgombóc,19
HUN,unikum,19
HUN,lapát,19
HUN,kókuszreszel,19
HUN,sanpelle,19
HUN,wakame,19
HUN,körözö,19
HUN,éte,19
HUN,asah,19
HUN,Miller,19
HUN,pász,19
HUN,ventill,19
HUN,sajt laktozmentes,19
HUN,mac n cheese,19
HUN,cukorborso,19
HUN,kokuszte,19
HUN,chocolate dark,19
HUN,vanilias cuk,19
HUN,jeges ká,19
HUN,sajttal töltött,19
HUN,sertéssz,19
HUN,zerobar,19
HUN,fogy,19
HUN,volcanix,19
HUN,kapszulas,19
HUN,mozzerella,19
HUN,voda,19
HUN,gorogjog,19
HUN,etol,19
HUN,Aperol,19
HUN,fekete oliva,19
HUN,Lila,19
HUN,belv,19
HUN,fokhagyma kr,19
HUN,papírto,19
HUN,borsos,19
HUN,burge,19
HUN,light vaj,19
HUN,mosopo,19
HUN,kukorics,19
HUN,cara,19
HUN,ancho,19
HUN,pizza krem,19
HUN,evőeszk,19
HUN,száritott,19
HUN,malom,19
HUN,hoes,19
HUN,telisz,19
HUN,lay’s,19
HUN,pom-,19
HUN,őszibar,19
HUN,salted butter,19
HUN,hamburger zse,19
HUN,liptom,19
HUN,Gin,19
HUN,szém,19
HUN,paradicsompu,19
HUN,tésztasz,19
HUN,halo,19
HUN,mizo kaka,19
HUN,metélőhagyma,19
HUN,nutellás,19
HUN,arany ászok,19
HUN,Rio,19
HUN,lurpack,19
HUN,baris,19
HUN,oop,19
HUN,riza,19
HUN,tisztasá,19
HUN,kukoricaliszt,19
HUN,papit,19
HUN,passzírozott,19
HUN,tolcser,19
HUN,málna szörp,19
HUN,stangl,19
HUN,zoldsegkeverek,19
HUN,ie tea,19
HUN,stic,19
HUN,mosogatógép tabletta,19
HUN,folyékony szappa,19
HUN,paprikakr,19
HUN,pillana,19
HUN,zuch,19
HUN,kreker,19
HUN,pástét,19
HUN,land,19
HUN,törölköző,19
HUN,szejtán,19
HUN,reka,19
HUN,paté,19
HUN,sportsze,19
HUN,nosztal,19
HUN,brut,19
HUN,cab,19
HUN,Pasta,19
HUN,túra,19
HUN,ee,19
HUN,shallot,19
HUN,tisztitoszer,19
HUN,balsam,19
HUN,magv,19
HUN,csiki chips,19
HUN,palmo,19
HUN,pantastic,19
HUN,gumm,19
HUN,kenhet,19
HUN,epr,19
HUN,choriz,19
HUN,lecsókol,19
HUN,orrspray,19
HUN,mangós,19
HUN,vilgaon,19
HUN,bor vörös,19
HUN,light joghurt,19
HUN,tamoon,19
HUN,szamorodni,19
HUN,ehr,19
HUN,ilat,19
HUN,szarvasgom,19
HUN,metaxa,19
HUN,fokg,19
HUN,dorm,19
HUN,tengeri so,19
HUN,Szentkir,19
HUN,kávé tejszín,19
HUN,Étcsokoládé,19
HUN,szőr,19
HUN,laica,19
HUN,tésztaleves,19
HUN,szardin,19
HUN,vödör,19
HUN,kvé,19
HUN,gáz,19
HUN,chiamag,19
HUN,magnum almond,19
HUN,Üdítő,19
HUN,kávéte,19
HUN,ikra,19
HUN,kinder tojas,19
HUN,o.b,19
HUN,cak,19
HUN,papir törlő,19
HUN,was,19
HUN,körömlak,19
HUN,körtelé,19
HUN,sovány,19
HUN,ziaj,19
HUN,haztartasi kek,19
HUN,szarvasgomb,19
HUN,padron,18
HUN,paprika por,18
HUN,keme,18
HUN,faszen,18
HUN,mizó,18
HUN,vécépapír,18
HUN,kulo,18
HUN,csusza t,18
HUN,rafae,18
HUN,bus,18
HUN,burm,18
HUN,palacsin,18
HUN,nick's,18
HUN,alco,18
HUN,hewa,18
HUN,monster energy,18
HUN,nachos szosz,18
HUN,corn fla,18
HUN,mixed,18
HUN,persi,18
HUN,batt,18
HUN,cotrage,18
HUN,napoly,18
HUN,miol,18
HUN,masa,18
HUN,vag,18
HUN,parmiggiano,18
HUN,dugulas,18
HUN,grill csirke,18
HUN,magnum double,18
HUN,savanyított,18
HUN,tej a2,18
HUN,perr,18
HUN,zöldségkever,18
HUN,bugyipelenka,18
HUN,pos,18
HUN,snaks,18
HUN,boroka,18
HUN,kézfer,18
HUN,wc frissítő,18
HUN,chickem,18
HUN,jaco,18
HUN,panca,18
HUN,vaniliá,18
HUN,broom,18
HUN,szenvics,18
HUN,mosók,18
HUN,gombelem,18
HUN,makeup,18
HUN,Majon,18
HUN,görög joghur,18
HUN,rucco,18
HUN,balato,18
HUN,tejp,18
HUN,menta tea,18
HUN,gluténmentes k,18
HUN,rög,18
HUN,ajran,18
HUN,fagyasztott kukorica,18
HUN,szenv,18
HUN,tohas,18
HUN,yogo,18
HUN,gill,18
HUN,kakaós tej,18
HUN,coca cola light,18
HUN,feherje szelet,18
HUN,tő,18
HUN,törlö,18
HUN,hagMa,18
HUN,hegedűs,18
HUN,chitos,18
HUN,laktózmentes jogh,18
HUN,edesitoszerrel,18
HUN,grill f,18
HUN,coronita,18
HUN,pó,18
HUN,édesseg,18
HUN,zseme,18
HUN,lenyer,18
HUN,bry,18
HUN,paradicsom sű,18
HUN,gizzard,18
HUN,ketszer,18
HUN,jék,18
HUN,smarti,18
HUN,condo,18
HUN,fize,18
HUN,kakós,18
HUN,vegan tejfol,18
HUN,kokusz reszelek,18
HUN,Zeller,18
HUN,cord,18
HUN,takler,18
HUN,bor edes,18
HUN,pom b,18
HUN,asztal,18
HUN,Pék,18
HUN,gjoghurt,18
HUN,sosav,18
HUN,hell ice coffee,18
HUN,irsai olivér,18
HUN,kat,18
HUN,cukirmentes,18
HUN,tomato pa,18
HUN,grillsa,18
HUN,vhagyma,18
HUN,szent andras,18
HUN,pickstick,18
HUN,íz,18
HUN,korpa,18
HUN,majdnem,18
HUN,kremtu,18
HUN,caff,18
HUN,Málna,18
HUN,leny,18
HUN,chp,18
HUN,tejfol laktoz,18
HUN,kinder tej,18
HUN,carte d',18
HUN,edény,18
HUN,iced coffee,18
HUN,erdei gyümölcs,18
HUN,capers,18
HUN,Sor,18
HUN,james,18
HUN,glutenfree,18
HUN,limel,18
HUN,libr,18
HUN,bakonyi,18
HUN,kus,18
HUN,szöllő,18
HUN,aktimel,18
HUN,gyöng,18
HUN,majoran,18
HUN,face mask,18
HUN,tortellino,18
HUN,edesburgo,18
HUN,peri,18
HUN,Chocolate Fudge Browni,18
HUN,strak,18
HUN,орехи,18
HUN,rögös,18
HUN,fehérje szelet,18
HUN,feje,18
HUN,xic,18
HUN,camemb,18
HUN,Zs,18
HUN,bin bags,18
HUN,bulb,18
HUN,papir torl,18
HUN,heg,18
HUN,ama,18
HUN,mart,18
HUN,filteres,18
HUN,hub,18
HUN,vajkrèm,18
HUN,szirp,18
HUN,creamcheese,18
HUN,like,18
HUN,francia salata,18
HUN,szárított parad,18
HUN,4 rétegű,18
HUN,прокладки,18
HUN,hl,18
HUN,Gösser,18
HUN,neg,18
HUN,queen,18
HUN,paradicsim,18
HUN,búza sör,18
HUN,cling,18
HUN,mosoparfum,18
HUN,aranycipo,18
HUN,koktelpa,18
HUN,burno,18
HUN,konja,18
HUN,hőm,18
HUN,chips lays,18
HUN,Sütemény,18
HUN,chili paprika,18
HUN,cru,18
HUN,pick s,18
HUN,tej 3,18
HUN,kapszulás k,18
HUN,pee,18
HUN,nova,18
HUN,ice fruit,18
HUN,nadudv,18
HUN,surolo,18
HUN,gyermel,18
HUN,minis,18
HUN,pepsi citrom,18
HUN,olajos,18
HUN,air freshener,18
HUN,avocado oil,18
HUN,chewing gum,18
HUN,műzl,18
HUN,zero alma,18
HUN,főzőtök,18
HUN,bea,18
HUN,alum,18
HUN,nutrlla,18
HUN,karamellas,18
HUN,szöll,18
HUN,tapioka,18
HUN,air w,18
HUN,sajtok,18
HUN,csípő,18
HUN,sja,18
HUN,120 l,18
HUN,croassant,18
HUN,fejtett bab,18
HUN,réte,18
HUN,vegetáriánus,18
HUN,viragfold,18
HUN,chor,18
HUN,krems,18
HUN,pain,18
HUN,zero coca cola,18
HUN,zselatin fix,18
HUN,görog,18
HUN,szshi,18
HUN,barack befott,18
HUN,makaro,18
HUN,csitkemell,18
HUN,chicken sausage,18
HUN,csemegeubo,18
HUN,paradicsom sűr,18
HUN,liste,18
HUN,dolce gu,18
HUN,tibi csoki,18
HUN,gombó,18
HUN,paprka,18
HUN,Wolt,18
HUN,puzzle,18
HUN,Rudi,18
HUN,mosóka,18
HUN,mosóparfüm,18
HUN,throat,18
HUN,frapp,18
HUN,filé,18
HUN,erdei gy,18
HUN,cea,18
HUN,sajtgolyó,18
HUN,biscui,18
HUN,joggurt,18
HUN,cid,18
HUN,füstölt pap,18
HUN,spritz,18
HUN,csemegeku,18
HUN,csill,18
HUN,овсянка,18
HUN,kapuc,18
HUN,trio,18
HUN,ext,18
HUN,Theodora,18
HUN,pelenka 5,18
HUN,málna sz,18
HUN,tresor,18
HUN,red bull zero,18
HUN,pelleg,18
HUN,mosogatószi,18
HUN,Saj,18
HUN,péksütemén,18
HUN,mitelit,18
HUN,marshm,18
HUN,krumplipure,18
HUN,appenta,18
HUN,bubb,18
HUN,cheddae,18
HUN,rana,18
HUN,vitatig,18
HUN,ambipur,18
HUN,csaszarszalonna,18
HUN,vanilia ar,18
HUN,maci sajt,18
HUN,vazelin,18
HUN,folyekony sza,18
HUN,kacsacomb,18
HUN,Cider,18
HUN,pon,18
HUN,gluten free bread,18
HUN,mexicana,18
HUN,fusill,18
HUN,vörös lencse,18
HUN,söré,18
HUN,sertésszűz,18
HUN,dzs,18
HUN,Nedves,18
HUN,alma l,18
HUN,provan,18
HUN,aga,18
HUN,bebi spenot,18
HUN,malnaszorp,18
HUN,zewa wc,18
HUN,pine nuts,18
HUN,naptár,18
HUN,csü,18
HUN,jughurt,18
HUN,szemuveg,18
HUN,cini mini,18
HUN,don pepe,18
HUN,laktozmentes kefir,18
HUN,cola 1l,18
HUN,alkoholmentes sö,18
HUN,sütőpapir,18
HUN,sajtos r,18
HUN,lactose free cheese,18
HUN,weis,18
HUN,Sajtkrém,18
HUN,sertes hus,18
HUN,tenf,18
HUN,til,18
HUN,washing liquid,18
HUN,coka cola,18
HUN,dental,18
HUN,föző,18
HUN,vegán tejföl,18
HUN,detk,18
HUN,Toast,18
HUN,olivaola,18
HUN,vadk,18
HUN,sertéslapocka,18
HUN,salvu,18
HUN,grills,18
HUN,печенье,18
HUN,sós karamell,18
HUN,instant ká,18
HUN,donnye,18
HUN,tori,18
HUN,сироп,18
HUN,japan,18
HUN,frisch,18
HUN,feherbors,18
HUN,tányé,18
HUN,jä,18
HUN,tea bag,18
HUN,öblíto,18
HUN,vegán fagylalt,18
HUN,dishw,18
HUN,bresaola,18
HUN,american,18
HUN,isot,18
HUN,ropu,18
HUN,jans,18
HUN,buldok,18
HUN,zöldségleves,18
HUN,sí,18
HUN,ragta,18
HUN,sant,18
HUN,fröccsv,18
HUN,fagyasztott k,18
HUN,törlőke,18
HUN,kézkrém,18
HUN,coconut cream,18
HUN,et csoki,18
HUN,moc,18
HUN,puffasztott r,18
HUN,toulet paper,18
HUN,hell ic,18
HUN,Chili,18
HUN,tomlo,18
HUN,natur aqu,18
HUN,cigaretta,18
HUN,csirke hús,18
HUN,mogyorókré,18
HUN,sminklemoso,18
HUN,dzsemfi,18
HUN,batyu,18
HUN,parany,18
HUN,whey protein,18
HUN,tyúkh,18
HUN,avik,18
HUN,szall,18
HUN,alpen,18
HUN,crem,18
HUN,milka mmmax,18
HUN,hell new gen,18
HUN,Chip,18
HUN,édes b,18
HUN,kukorica dara,18
HUN,tü,18
HUN,тесто,18
HUN,pezsgőta,18
HUN,deep,18
HUN,baking po,18
HUN,roce,18
HUN,fuztea,18
HUN,ízesí,18
HUN,hoghurt,18
HUN,mártogatós,18
HUN,leves zold,18
HUN,makaró,18
HUN,bitburger,18
HUN,izzadásgátló,18
HUN,zero energiaital,18
HUN,leveszöldsé,18
HUN,tejesk,18
HUN,air wi,18
HUN,gyerekpezsgő,18
HUN,sűritett paradicsom,18
HUN,WC p,18
HUN,törölk,18
HUN,10,18
HUN,macska alo,18
HUN,burgonyaszi,18
HUN,baba p,18
HUN,fogsely,18
HUN,stake,18
HUN,tej laktóz,18
HUN,laktózmentes j,18
HUN,magnim,18
HUN,kontaktlencse,18
HUN,teriya,18
HUN,prune,17
HUN,giros,17
HUN,jégkrèm,17
HUN,lager,17
HUN,marinara,17
HUN,Cs,17
HUN,csasz,17
HUN,cukormentes csokoládé,17
HUN,nud,17
HUN,4 réteg,17
HUN,pell,17
HUN,cheese slice,17
HUN,kinder ma,17
HUN,pome,17
HUN,rozskenyer,17
HUN,love,17
HUN,szárzeller,17
HUN,zero jegkrem,17
HUN,salats,17
HUN,snack sajt,17
HUN,lav,17
HUN,ásvány viz,17
HUN,kakaop,17
HUN,szénsavas ásvá,17
HUN,raffael,17
HUN,cserpes joghurt,17
HUN,macska nedves,17
HUN,moch,17
HUN,bella,17
HUN,culinaris,17
HUN,eles,17
HUN,napol,17
HUN,Oreo,17
HUN,tiktak,17
HUN,Hell kávé,17
HUN,kullancs,17
HUN,melegszendvi,17
HUN,maltes,17
HUN,elesztő,17
HUN,barna keny,17
HUN,gyogy,17
HUN,bin bag,17
HUN,borda,17
HUN,Narancs,17
HUN,swif,17
HUN,papír tö,17
HUN,szojatej,17
HUN,töpö,17
HUN,chipo,17
HUN,szamoca,17
HUN,mentesv,17
HUN,egészs,17
HUN,legfriss,17
HUN,kocsonya,17
HUN,disinfectant,17
HUN,újhagym,17
HUN,soe,17
HUN,szodabikar,17
HUN,aucha,17
HUN,körömlakk lemosó,17
HUN,rizse,17
HUN,Gillette,17
HUN,főző tejszin,17
HUN,chet,17
HUN,cruton,17
HUN,koktélpara,17
HUN,focus,17
HUN,száraz feh,17
HUN,pick párizsi,17
HUN,csiga teszta,17
HUN,tiha,17
HUN,rizd,17
HUN,kolusz,17
HUN,csirje,17
HUN,háztartási kek,17
HUN,keksajt,17
HUN,fürdőszoba,17
HUN,alkoholmentes pezsgo,17
HUN,wild,17
HUN,juhá,17
HUN,barna kenyer,17
HUN,kauka,17
HUN,vanilla ice cream,17
HUN,evőesz,17
HUN,Nivea,17
HUN,vegan ice,17
HUN,kukorica kem,17
HUN,sültburgonya,17
HUN,rantott hus,17
HUN,kii,17
HUN,almapüré,17
HUN,naracslé,17
HUN,heste,17
HUN,hydrate,17
HUN,zaemle,17
HUN,shushi,17
HUN,krupl,17
HUN,fuszer paprika,17
HUN,sli,17
HUN,orolt komeny,17
HUN,marshmellow,17
HUN,süritett paradicsom,17
HUN,hima,17
HUN,mr mus,17
HUN,grillsaj,17
HUN,maldon,17
HUN,mártogat,17
HUN,félé,17
HUN,fény,17
HUN,pantasti,17
HUN,almás pite,17
HUN,gli,17
HUN,fagyasztott h,17
HUN,kotán,17
HUN,gomba konzerv,17
HUN,csrikemell,17
HUN,snka,17
HUN,buborekos viz,17
HUN,eb,17
HUN,bio milk,17
HUN,édes vörösbor,17
HUN,Polcz,17
HUN,teryaki,17
HUN,keum,17
HUN,asvanyviz szensavas,17
HUN,kremes,17
HUN,well,17
HUN,bandage,17
HUN,joghi,17
HUN,pirí,17
HUN,hutesa,17
HUN,balzsamec,17
HUN,cerbona müzli,17
HUN,joghurt g,17
HUN,gyros fuszer,17
HUN,orz,17
HUN,barack kon,17
HUN,pulykam,17
HUN,arab,17
HUN,popsitörl,17
HUN,befo,17
HUN,csrike,17
HUN,tömlös,17
HUN,padlizsánkr,17
HUN,párolt,17
HUN,kutya konzerv,17
HUN,trolli,17
HUN,tihan,17
HUN,kakas,17
HUN,flor,17
HUN,keserű,17
HUN,pilos,17
HUN,tudf,17
HUN,kinder pingu,17
HUN,fagyasztott zold,17
HUN,dublin,17
HUN,donuts,17
HUN,eopi,17
HUN,vegan cheese,17
HUN,mosógat,17
HUN,kincses,17
HUN,traubis,17
HUN,банан,17
HUN,multivit,17
HUN,chilipehely,17
HUN,iro,17
HUN,gourme,17
HUN,водка,17
HUN,kukorica snack,17
HUN,szerecs,17
HUN,aquarel,17
HUN,papir to,17
HUN,melegszendvics krém,17
HUN,kolesgolyo,17
HUN,stro,17
HUN,pannini,17
HUN,serteshus,17
HUN,husos,17
HUN,tejc,17
HUN,fustol,17
HUN,zewa zseb,17
HUN,pard,17
HUN,csöves,17
HUN,sorb,17
HUN,sáfrány,17
HUN,profit,17
HUN,felső,17
HUN,sosa,17
HUN,káé,17
HUN,utaz,17
HUN,Mangó,17
HUN,fagyasztott kru,17
HUN,ső,17
HUN,томатная паста,17
HUN,dinnyés,17
HUN,combfilé,17
HUN,lasan,17
HUN,watermel,17
HUN,tempera,17
HUN,alufóli,17
HUN,tejbegriz,17
HUN,paradicsom konz,17
HUN,paprikás sz,17
HUN,nádcu,17
HUN,juharsz,17
HUN,chewing,17
HUN,mah,17
HUN,papírtorlo,17
HUN,nugets,17
HUN,energia ita,17
HUN,cigar,17
HUN,gla,17
HUN,Felv,17
HUN,grissi,17
HUN,mer,17
HUN,colla,17
HUN,pae,17
HUN,egesz bors,17
HUN,bor v,17
HUN,lott,17
HUN,szell,17
HUN,puszta,17
HUN,zab ital,17
HUN,mare,17
HUN,rade,17
HUN,hőmérő,17
HUN,vöd,17
HUN,málnasz,17
HUN,bell p,17
HUN,roni,17
HUN,cupcake,17
HUN,corso,17
HUN,turokrem,17
HUN,wc papit,17
HUN,pla,17
HUN,pirosaran,17
HUN,perwo,17
HUN,olj,17
HUN,nber,17
HUN,habzo,17
HUN,csikr,17
HUN,kókuszol,17
HUN,vegaj,17
HUN,macisajt,17
HUN,saláta ö,17
HUN,grízpuding,17
HUN,sajtos virsli,17
HUN,Hamburg,17
HUN,konzervek,17
HUN,rice flour,17
HUN,volca,17
HUN,fokhagyma granulátum,17
HUN,darazs,17
HUN,Chi,17
HUN,natur joghur,17
HUN,sárgabara,17
HUN,Haj,17
HUN,macska konzerv,17
HUN,ellas,17
HUN,gorogd,17
HUN,likor,17
HUN,képeslap,17
HUN,gyere,17
HUN,szölö,17
HUN,sió alma,17
HUN,sajt resze,17
HUN,hossz,17
HUN,aszalt paradi,17
HUN,tomato sau,17
HUN,janker,17
HUN,sajtos pogácsa,17
HUN,pré,17
HUN,Csiki,17
HUN,fitn,17
HUN,shin,17
HUN,liofi,17
HUN,hb,17
HUN,fagyasztott t,17
HUN,koktelpara,17
HUN,sud,17
HUN,Ka,17
HUN,füstölt s,17
HUN,jégsala,17
HUN,cone,17
HUN,high pro,17
HUN,mirind,17
HUN,szürke,17
HUN,olivás,17
HUN,kávéital,17
HUN,zero fagyi,17
HUN,ses,17
HUN,pezsgőt,17
HUN,majonezes,17
HUN,fagyasztott burg,17
HUN,habfixalo,17
HUN,fürt,17
HUN,aussie,17
HUN,fulp,17
HUN,crunch,17
HUN,мороженное,17
HUN,dresszing,17
HUN,köb,17
HUN,zero t,17
HUN,mosogatógép s,17
HUN,myte,17
HUN,baba tusfürdő,17
HUN,arra,17
HUN,kukorica liszt,17
HUN,zöldfűszer,17
HUN,kremtur,17
HUN,celofán,17
HUN,gyujt,17
HUN,mentes ví,17
HUN,nerds,17
HUN,olive o,17
HUN,tarkabab,17
HUN,finnye,17
HUN,szs,17
HUN,Vegán,17
HUN,haj olaj,17
HUN,töpör,17
HUN,kakao por,17
HUN,stickl,17
HUN,smile,17
HUN,vece,17
HUN,arclemosó,17
HUN,macar,17
HUN,burgonyas,17
HUN,jogur,17
HUN,banà,17
HUN,buffalo,17
HUN,fevita,17
HUN,univ,17
HUN,masz,17
HUN,gravy,17
HUN,pulyka sonka,17
HUN,mehl,17
HUN,durec,17
HUN,ásványvíz sz,17
HUN,öblítö,17
HUN,légfrissí,17
HUN,mounte,17
HUN,bepanthen,17
HUN,Habtejszín,17
HUN,szamo,17
HUN,mazsol,17
HUN,biv,17
HUN,pizzaté,17
HUN,zoldbo,17
HUN,vinegar chips,17
HUN,snail,17
HUN,gorogjo,17
HUN,befőző,17
HUN,rib eye,17
HUN,jana víz,17
HUN,shredded,17
HUN,napoz,17
HUN,buffa,17
HUN,bs,17
HUN,kukászsá,17
HUN,jégkré.,17
HUN,szénsavmentes víz,17
HUN,pálci,17
HUN,húsok,17
HUN,wc g,17
HUN,nógrá,17
HUN,szénda,17
HUN,capi,17
HUN,taur,17
HUN,szigetel,17
HUN,kalória,17
HUN,Kolb,17
HUN,pringless,17
HUN,mizo sajt,17
HUN,finomli,17
HUN,clove,17
HUN,zabfal,17
HUN,jáz,17
HUN,joken,17
HUN,bake roll,17
HUN,hosszabbító,17
HUN,fröccsvíz,17
HUN,chips s,17
HUN,kávékaps,17
HUN,magva,17
HUN,ketchup light,17
HUN,sör 0,17
HUN,smak,17
HUN,gyümölcsös sör,17
HUN,magic milk,17
HUN,chocolate spread,17
HUN,cup noo,17
HUN,zsírszegé,17
HUN,Burger,17
HUN,görg,17
HUN,sajtszós,17
HUN,aor,17
HUN,porkolt kocka,17
HUN,thigh,17
HUN,lencse snack,17
HUN,barbeque,17
HUN,folyek,17
HUN,kitchen to,17
HUN,adidas,17
HUN,piritott hagy,17
HUN,niv,17
HUN,csemege kuk,17
HUN,krèm,17
HUN,cappuccino,17
HUN,Kave,17
HUN,slata,17
HUN,horvath,17
HUN,kakos csiga,17
HUN,bulldak,17
HUN,mozart,17
HUN,kenz,17
HUN,hasa,17
HUN,csirkemell f,17
HUN,dobozos cola,17
HUN,földimogy,17
HUN,cukormentes jé,17
HUN,tortia,17
HUN,powerra,17
HUN,sparklin,17
HUN,chemo,17
HUN,teljes tej,17
HUN,sütni,17
HUN,mosas,17
HUN,élőflórás,17
HUN,dumplings,17
HUN,baby bell,17
HUN,bélszín,17
HUN,daralt hu,17
HUN,chili flakes,17
HUN,croason,17
HUN,cd,17
HUN,lacalut,17
HUN,pörköl,17
HUN,khellfood,17
HUN,tejbegr,17
HUN,Mogyi,17
HUN,voros bab,17
HUN,leveles té,17
HUN,hubert,17
HUN,ízesít,17
HUN,crou,17
HUN,férfi,17
HUN,hot dog bun,17
HUN,solt,17
HUN,Oatly,17
HUN,lefolyótiszt,17
HUN,gell,17
HUN,огур,17
HUN,pálink,17
HUN,amm,17
HUN,гречка,17
HUN,füstölt hús,17
HUN,halruda,17
HUN,tortills,16
HUN,330ml,16
HUN,szezámm,16
HUN,olív,16
HUN,friss p,16
HUN,milj,16
HUN,pus,16
HUN,sajt medve,16
HUN,szalà,16
HUN,amer,16
HUN,kávés,16
HUN,mint tea,16
HUN,cheedar,16
HUN,relax,16
HUN,lactos,16
HUN,tehs,16
HUN,laktózmentes yoghurt,16
HUN,baba tusfurdo,16
HUN,pogac,16
HUN,szezámma,16
HUN,suritett p,16
HUN,кетчуп,16
HUN,oil spray,16
HUN,twjf,16
HUN,lecsókolb,16
HUN,bufala,16
HUN,zsenl,16
HUN,Szentki,16
HUN,mikroszálas,16
HUN,articsóka,16
HUN,fütyül,16
HUN,zitrone,16
HUN,dr steinberger,16
HUN,alkohol mentes s,16
HUN,nedvestorlo,16
HUN,kókusztejszín,16
HUN,csenege,16
HUN,tejsü,16
HUN,olive oul,16
HUN,garnel,16
HUN,àsv,16
HUN,donka,16
HUN,leves gy,16
HUN,mony,16
HUN,ila,16
HUN,kinder buen,16
HUN,whit,16
HUN,sutomargarin,16
HUN,win,16
HUN,2032,16
HUN,white cho,16
HUN,duplo,16
HUN,hübris,16
HUN,lass,16
HUN,csie,16
HUN,Piroska,16
HUN,silvia,16
HUN,Bur,16
HUN,kagy,16
HUN,lurpark,16
HUN,zubrovka,16
HUN,sütés,16
HUN,kockacuk,16
HUN,édeség,16
HUN,ehrman,16
HUN,loofah,16
HUN,smoothi,16
HUN,orange j,16
HUN,karda,16
HUN,rákóc,16
HUN,extradús,16
HUN,brio,16
HUN,papier,16
HUN,florasz,16
HUN,extra sonka,16
HUN,meggy be,16
HUN,soft drink,16
HUN,sajtos stang,16
HUN,lau,16
HUN,gas,16
HUN,kenyér kov,16
HUN,sirup,16
HUN,dayup,16
HUN,togu,16
HUN,folpak,16
HUN,mosogép,16
HUN,deszert,16
HUN,part,16
HUN,креветки,16
HUN,vsir,16
HUN,babcsira,16
HUN,flekken,16
HUN,etc,16
HUN,tortab,16
HUN,mülle,16
HUN,mizo kakao,16
HUN,ive cream,16
HUN,lekvàr,16
HUN,gochujang,16
HUN,торт,16
HUN,avicado,16
HUN,bl80,16
HUN,abocado,16
HUN,cillit bang,16
HUN,cashews,16
HUN,kukorica keményítő,16
HUN,muszar,16
HUN,soya sauce,16
HUN,fornett,16
HUN,bolero,16
HUN,ICE te,16
HUN,balla,16
HUN,fló,16
HUN,bébi spen,16
HUN,edesburgony,16
HUN,Májkrém,16
HUN,hair dye,16
HUN,burn zero,16
HUN,lactacyd,16
HUN,protein m,16
HUN,томат,16
HUN,fagyasztott borso,16
HUN,maple syrup,16
HUN,jr,16
HUN,secret,16
HUN,ice cof,16
HUN,szilvas,16
HUN,type c,16
HUN,balzsam ecet,16
HUN,ariel color,16
HUN,eperlé,16
HUN,olymp,16
HUN,coca cola koffeinmentes,16
HUN,innival,16
HUN,butgonya,16
HUN,sd,16
HUN,wasab,16
HUN,bai,16
HUN,fekete er,16
HUN,gosse,16
HUN,tej lakto,16
HUN,Müzli,16
HUN,Emese,16
HUN,tejföl laktóz,16
HUN,baby water,16
HUN,tepertö,16
HUN,borsi,16
HUN,fanta z,16
HUN,sevenday,16
HUN,back,16
HUN,tokm,16
HUN,kézműves,16
HUN,papír zsebkendő,16
HUN,teav,16
HUN,boards,16
HUN,Actimel,16
HUN,zan,16
HUN,instant le,16
HUN,koffeinmentes k,16
HUN,kristály cukor,16
HUN,friss sajt,16
HUN,saa,16
HUN,gatora,16
HUN,kávékapsz,16
HUN,marhal,16
HUN,testpermet,16
HUN,cekl,16
HUN,immun,16
HUN,daralt dio,16
HUN,zöldségl,16
HUN,szénsavas ásvány,16
HUN,mese keksz,16
HUN,Székely,16
HUN,agavé,16
HUN,spagetti alap,16
HUN,kokusztejszin,16
HUN,vibrátor,16
HUN,rush,16
HUN,grey goose,16
HUN,yug,16
HUN,kinly,16
HUN,málnaszörp,16
HUN,light mo,16
HUN,lachs,16
HUN,passzirozott,16
HUN,cibatta,16
HUN,teljes kiorlesu kenyer,16
HUN,kukás zs,16
HUN,zöldségkrém,16
HUN,yuzu,16
HUN,paprika kr,16
HUN,single,16
HUN,motto,16
HUN,lángo,16
HUN,vanília kivonat,16
HUN,cérname,16
HUN,sushu,16
HUN,öml,16
HUN,aa elem,16
HUN,tisztaság,16
HUN,daralt sertes,16
HUN,erde,16
HUN,csirke com,16
HUN,Almalé,16
HUN,korpovi,16
HUN,breez,16
HUN,cherry tomatoes,16
HUN,friss pék,16
HUN,Túró Rudi,16
HUN,nyom,16
HUN,monter,16
HUN,vöslau,16
HUN,Reszelt,16
HUN,kokisz,16
HUN,come,16
HUN,Ásványví,16
HUN,Csirkecomb,16
HUN,light mozarella,16
HUN,bébisp,16
HUN,zoldalma,16
HUN,tőkehalmáj,16
HUN,zw,16
HUN,croassan,16
HUN,fogs,16
HUN,saláts,16
HUN,himala,16
HUN,Barilla,16
HUN,lab,16
HUN,La,16
HUN,paradicaom,16
HUN,sajt reszel,16
HUN,sanbenedetto,16
HUN,ger,16
HUN,gorgo,16
HUN,cabernet,16
HUN,vanilla ex,16
HUN,rocket,16
HUN,chicken leg,16
HUN,citromhej,16
HUN,sali,16
HUN,kakak,16
HUN,kruso,16
HUN,Elem,16
HUN,úsz,16
HUN,rosto,16
HUN,joghut,16
HUN,rizsc,16
HUN,despe,16
HUN,tej 2,16
HUN,head and shoulders,16
HUN,dess,16
HUN,házias ízek,16
HUN,konyharuha,16
HUN,magnéz,16
HUN,vanilia kivonat,16
HUN,moo,16
HUN,liq,16
HUN,frö,16
HUN,kitya,16
HUN,eistee,16
HUN,coca-c,16
HUN,asvá,16
HUN,zee,16
HUN,kevert,16
HUN,fy,16
HUN,fagyasztott zol,16
HUN,kenyerkocka,16
HUN,muf,16
HUN,nespres,16
HUN,pirított hagy,16
HUN,good,16
HUN,szárított par,16
HUN,tapszer,16
HUN,dolche,16
HUN,hoch,16
HUN,lénarancs,16
HUN,power raid,16
HUN,суши,16
HUN,topping,16
HUN,hide,16
HUN,smoked cheese,16
HUN,kokusz olaj,16
HUN,pinea,16
HUN,sós mogyor,16
HUN,rice noodle,16
HUN,szigetelő,16
HUN,rizstejsz,16
HUN,daralr,16
HUN,sajt laktoz,16
HUN,isoton,16
HUN,kovászol,16
HUN,húspogácsa,16
HUN,harobo,16
HUN,sniker,16
HUN,csirka,16
HUN,70%,16
HUN,sudocrem,16
HUN,téliszalám,16
HUN,markies,16
HUN,arabiata,16
HUN,borító,16
HUN,hozzáadott cukor,16
HUN,halrú,16
HUN,csokis tej,16
HUN,kenyet,16
HUN,kockat,16
HUN,romai salata,16
HUN,surite,16
HUN,vegyes vágott,16
HUN,vif,16
HUN,zsb,16
HUN,stev,16
HUN,szénsavas ví,16
HUN,jo reggelt,16
HUN,wc friss,16
HUN,manna abc,16
HUN,eye,16
HUN,jegkrwm,16
HUN,mirelit burgonya,16
HUN,sárga répa,16
HUN,agav,16
HUN,Violeta,16
HUN,cinammon,16
HUN,bbq sauce,16
HUN,mio,16
HUN,kompletta,16
HUN,meggyl,16
HUN,pástéto,16
HUN,orso teszta,16
HUN,stein,16
HUN,burger buns,16
HUN,liofili,16
HUN,sirke,16
HUN,sim kártya,16
HUN,fodr,16
HUN,pizzakré,16
HUN,pezsgotabletta,16
HUN,cocac,16
HUN,kockáz,16
HUN,tt,16
HUN,száríto,16
HUN,milka keksz,16
HUN,paleo,16
HUN,gur,16
HUN,soy s,16
HUN,füstölő,16
HUN,sajtr,16
HUN,dreher bak,16
HUN,sishi,16
HUN,Zsebkendő,16
HUN,hell i,16
HUN,tobic,16
HUN,vanilias cu,16
HUN,weetabix,16
HUN,ubirk,16
HUN,gyümölcspü,16
HUN,Orange,16
HUN,mikk,16
HUN,fruttamax,16
HUN,zsírszegény sajt,16
HUN,Csokoládé,16
HUN,zewa just,16
HUN,frozen vegetable,16
HUN,zr,16
HUN,natúr j,16
HUN,dekor,16
HUN,rizspa,16
HUN,prosutto,16
HUN,kész éte,16
HUN,kof,16
HUN,ád,16
HUN,darálr,16
HUN,club ma,16
HUN,vanilla ice,16
HUN,durum spagetti,16
HUN,konder,16
HUN,ecer,16
HUN,szerecsend,16
HUN,orzó,16
HUN,papir törl,16
HUN,eperlev,16
HUN,golyo,16
HUN,nutellas,16
HUN,Túrórudi,16
HUN,tartós tej,16
HUN,mézes must,16
HUN,zwiebel,16
HUN,Ramen,16
HUN,lefolyótisztító,16
HUN,alpri,16
HUN,tuc milka,16
HUN,zea,16
HUN,milka brownie,16
HUN,tanq,16
HUN,nyomos,16
HUN,sajt cheddar,16
HUN,savanyú cukor,16
HUN,Brokkoli,16
HUN,ezerszi,16
HUN,milk lactose free,16
HUN,lúg,16
HUN,madars,16
HUN,joghurt laktóz,16
HUN,rö,16
HUN,conden,16
HUN,fagyasztott bab,16
HUN,ecet 10,16
HUN,tobhal,16
HUN,rajz,16
HUN,zeri,16
HUN,sussina,16
HUN,whipp,16
HUN,rizspufi,16
HUN,kokuszzsir,16
HUN,gumicukot,16
HUN,szódavíz,16
HUN,basilico,16
HUN,turo rudo,16
HUN,csorkemell,16
HUN,grillcsirke,16
HUN,Darálthús,16
HUN,mari,16
HUN,pada,16
HUN,citrom fagyi,16
HUN,air freshner,16
HUN,aaa elem,16
HUN,zaboehely,16
HUN,high pr,16
HUN,csirkeláb,16
HUN,sargad,16
HUN,aqu,16
HUN,rágógumi,16
HUN,furdoso,16
HUN,sweps,16
HUN,koko,16
HUN,havarti,16
HUN,gulya,16
HUN,szali,16
HUN,kalin,16
HUN,szodabika,16
HUN,tejt,16
HUN,édes burg,16
HUN,pick szal,16
HUN,bevonó,16
HUN,vágó,16
HUN,sauvignon blanc,16
HUN,all natural,16
HUN,osziba,16
HUN,mascapone,16
HUN,gél,16
HUN,mosnter,16
HUN,torlok,16
HUN,cola 1,16
HUN,ceruza elem,16
HUN,Szőlő,16
HUN,mountain d,16
HUN,alumin,16
HUN,get,16
HUN,pisztácia krém,16
HUN,saáta,16
HUN,főzö,16
HUN,peanut bu,16
HUN,simon,16
HUN,parozsi,16
HUN,heinekken,16
HUN,szódav,16
HUN,savanyú ká,16
HUN,qinoa,16
HUN,piros aran,16
HUN,edeskrumpli,16
HUN,kardiol,16
HUN,pálp,16
HUN,little,16
HUN,szivoszalas,16
HUN,pecori,16
HUN,chea,16
HUN,Zse,16
HUN,петрушка,16
HUN,cotrom,16
HUN,brusch,16
HUN,pizza cheese,16
HUN,dzsemf,16
HUN,johhurt,16
HUN,pepsi ma,16
HUN,Mirelit,16
HUN,sör meggy,16
HUN,mungó,16
HUN,bazdalikom,16
HUN,nect,16
HUN,nedves w,16
HUN,grill fűszer,16
HUN,eritr,16
HUN,illatositó,16
HUN,narancs lé,16
HUN,meggybefott,16
HUN,peato,16
HUN,vursli,16
HUN,mézes mustáros,16
HUN,cukot,16
HUN,zero s,16
HUN,kaffe,16
HUN,hátszín,16
HUN,fagyik,16
HUN,piskot,16
HUN,chops,16
HUN,csontos,16
HUN,Lindt,16
HUN,waterdrop,16
HUN,akácméz,16
HUN,fokhagymap,16
HUN,micellas,16
HUN,nesk,16
HUN,füstölt sa,16
HUN,ételfest,16
HUN,cale,16
HUN,vöröslen,16
HUN,shr,16
HUN,pumpkin spice,15
HUN,Oil,15
HUN,rais,15
HUN,bébispe,15
HUN,szemetes zsá,15
HUN,MAGIJA,15
HUN,pickels,15
HUN,citrm,15
HUN,flakes,15
HUN,kw,15
HUN,cola koffeinmentes,15
HUN,Varga,15
HUN,rus,15
HUN,zöld bab,15
HUN,kitti,15
HUN,mcdon,15
HUN,ramby,15
HUN,gráná,15
HUN,sesa,15
HUN,szezamm,15
HUN,csirkeszárn,15
HUN,san benede,15
HUN,lecsokolbasz,15
HUN,barack lekvar,15
HUN,sör citrom,15
HUN,pesi,15
HUN,protein pudd,15
HUN,knorr cup,15
HUN,wc goly,15
HUN,kacsamáj,15
HUN,perfume,15
HUN,frozen food,15
HUN,saláta mi,15
HUN,Parmezán,15
HUN,birds,15
HUN,toast k,15
HUN,monszer,15
HUN,illó,15
HUN,fehér bors,15
HUN,hagxma,15
HUN,gillet,15
HUN,Kutya,15
HUN,Garlic,15
HUN,paradicsom leves,15
HUN,haris,15
HUN,aleays,15
HUN,120l,15
HUN,tej 1,15
HUN,kené,15
HUN,tobog,15
HUN,sajtos pár,15
HUN,tartó,15
HUN,milka csoki,15
HUN,inte,15
HUN,vegán vaj,15
HUN,cris,15
HUN,sütő margarin,15
HUN,Dar,15
HUN,heyh,15
HUN,kevske,15
HUN,suritett parad,15
HUN,pt,15
HUN,muskot,15
HUN,panirmo,15
HUN,csoki puding,15
HUN,tomatoe paste,15
HUN,gouda sajt,15
HUN,kéksz,15
HUN,domestis,15
HUN,gyümölcs p,15
HUN,labneh,15
HUN,zott protein,15
HUN,göri,15
HUN,elefánt,15
HUN,leves zöldsé,15
HUN,hot dog kifl,15
HUN,Öbl,15
HUN,női borotva,15
HUN,grana p,15
HUN,szemeteszsa,15
HUN,Gullon,15
HUN,avaca,15
HUN,bogár,15
HUN,bora,15
HUN,vishu,15
HUN,rétes lap,15
HUN,Dr oetker,15
HUN,csirke szarny,15
HUN,moj,15
HUN,vaníliás cu,15
HUN,puki,15
HUN,hur,15
HUN,spritr,15
HUN,asványv,15
HUN,snicke,15
HUN,komen,15
HUN,szemle,15
HUN,multivita,15
HUN,aludt,15
HUN,csep,15
HUN,dörzsi,15
HUN,panir morzsa,15
HUN,ponty,15
HUN,drain cleaner,15
HUN,грибы,15
HUN,biscof,15
HUN,Tchibo,15
HUN,cov,15
HUN,zero üd,15
HUN,sour candy,15
HUN,most,15
HUN,győri keksz,15
HUN,cooc,15
HUN,virls,15
HUN,mso,15
HUN,Sampon,15
HUN,sütőza,15
HUN,protein turo,15
HUN,pampers 5,15
HUN,lats,15
HUN,szed,15
HUN,proti,15
HUN,zsepken,15
HUN,om,15
HUN,szecsuáni,15
HUN,prez,15
HUN,kronen,15
HUN,tejszìn,15
HUN,лосось,15
HUN,lapock,15
HUN,Domestos,15
HUN,tökmagolaj,15
HUN,m&m's,15
HUN,presi,15
HUN,pulyka daralt,15
HUN,jana v,15
HUN,kukoroca,15
HUN,darált marhah,15
HUN,Gumicukor,15
HUN,lunch,15
HUN,gluten mentes kenyer,15
HUN,édesito,15
HUN,haas,15
HUN,sajn,15
HUN,edelw,15
HUN,Ginger,15
HUN,kukoricape,15
HUN,batata,15
HUN,anch,15
HUN,szölő,15
HUN,Paradics,15
HUN,nacos,15
HUN,vegán szelet,15
HUN,andechser,15
HUN,desodor,15
HUN,salara,15
HUN,vízkőol,15
HUN,schwepps,15
HUN,sodastr,15
HUN,Corona,15
HUN,colesl,15
HUN,mentes s,15
HUN,sepru,15
HUN,hosszabb,15
HUN,vegetta,15
HUN,Coffee,15
HUN,pepsi twist,15
HUN,szarny,15
HUN,kechap,15
HUN,fels,15
HUN,mosogatókapszula,15
HUN,vuz,15
HUN,csirkemells,15
HUN,sikosít,15
HUN,papít,15
HUN,bori,15
HUN,lipton z,15
HUN,dump,15
HUN,vegàn,15
HUN,vibrator,15
HUN,hal kon,15
HUN,glutenmentes zab,15
HUN,német,15
HUN,sertés zsir,15
HUN,cserpee,15
HUN,deca,15
HUN,handsoap,15
HUN,bourbon,15
HUN,fekete csok,15
HUN,iron,15
HUN,sarkany,15
HUN,egeszseges,15
HUN,mendula,15
HUN,salz,15
HUN,chocl,15
HUN,gorog joghu,15
HUN,Sajtos,15
HUN,zoldhagyma,15
HUN,vegán f,15
HUN,savanyusa,15
HUN,rubbish,15
HUN,ships,15
HUN,köret,15
HUN,light m,15
HUN,omega 3,15
HUN,szempilla,15
HUN,sütőzacskó,15
HUN,pem,15
HUN,wc il,15
HUN,úti,15
HUN,Szemetes,15
HUN,mashed,15
HUN,őrség,15
HUN,jégkrémek,15
HUN,chr,15
HUN,mosq,15
HUN,kovászos ubo,15
HUN,tokmagos,15
HUN,parmezan sajt,15
HUN,füsz,15
HUN,raspberries,15
HUN,mach,15
HUN,sűt,15
HUN,Medve,15
HUN,fehércsokolád,15
HUN,cill,15
HUN,noszta,15
HUN,jaus,15
HUN,fagyasztott zöldsé,15
HUN,Ben and jerry,15
HUN,kimcsi,15
HUN,csemege karaj,15
HUN,ubotka,15
HUN,Sanytol,15
HUN,bread crumbs,15
HUN,season,15
HUN,cheese grated,15
HUN,libamaj,15
HUN,citom,15
HUN,palette,15
HUN,lapos,15
HUN,pepi,15
HUN,яйцо,15
HUN,ilaj,15
HUN,vanilia jégkrém,15
HUN,j3,15
HUN,kukoria,15
HUN,reszelt sajr,15
HUN,samu,15
HUN,sajtkrèm,15
HUN,Beer,15
HUN,leves betét,15
HUN,set,15
HUN,Schweppes,15
HUN,mosogatog,15
HUN,tolltartó,15
HUN,w5,15
HUN,cukormentes szorp,15
HUN,gourm,15
HUN,orolt paprika,15
HUN,màjkr,15
HUN,vsj,15
HUN,juta,15
HUN,kocka sajt,15
HUN,uh,15
HUN,tolcseres,15
HUN,újhag,15
HUN,alc,15
HUN,sweet nuts,15
HUN,féli,15
HUN,caman,15
HUN,kasz,15
HUN,Pötty,15
HUN,2in,15
HUN,fűszer pap,15
HUN,szejt,15
HUN,kancs,15
HUN,sertes marha,15
HUN,Yogurt,15
HUN,gate,15
HUN,müzlu,15
HUN,hell ka,15
HUN,jana viz,15
HUN,cellu,15
HUN,egesz,15
HUN,ben and jerry’s,15
HUN,pizzalap,15
HUN,vurgonya,15
HUN,proce,15
HUN,sós c,15
HUN,holland kaka,15
HUN,proscu,15
HUN,ben & jerrys,15
HUN,vegan tejszin,15
HUN,mango loco,15
HUN,Ca,15
HUN,notmilk,15
HUN,poee,15
HUN,sajtto,15
HUN,prime,15
HUN,vaníliás puding,15
HUN,himalája,15
HUN,lelvar,15
HUN,rauch tea,15
HUN,carot,15
HUN,szék,15
HUN,gyümölcsszelet,15
HUN,focis,15
HUN,callipo,15
HUN,lup,15
HUN,erős pist,15
HUN,pisztacias,15
HUN,kokuszreszelék,15
HUN,tortellin,15
HUN,lemon sod,15
HUN,főző tejsz,15
HUN,puszed,15
HUN,szűrt,15
HUN,schauma,15
HUN,raddish,15
HUN,keverő,15
HUN,turos pite,15
HUN,szőlőcuk,15
HUN,gyümi,15
HUN,pia,15
HUN,lecsópaprika,15
HUN,görög di,15
HUN,evia,15
HUN,sider,15
HUN,pulykasonka,15
HUN,salátaö,15
HUN,estrella,15
HUN,burgur,15
HUN,konj,15
HUN,xixo eper,15
HUN,rant,15
HUN,rét,15
HUN,lime lé,15
HUN,light s,15
HUN,mogyoró vaj,15
HUN,úszó,15
HUN,chio dip,15
HUN,Kaka,15
HUN,tojást,15
HUN,mine,15
HUN,barack tea,15
HUN,zak,15
HUN,yogurt greek,15
HUN,black pep,15
HUN,szag,15
HUN,ariel pods,15
HUN,vécé,15
HUN,sweet pota,15
HUN,fütyülős,15
HUN,csirke mel,15
HUN,natrium,15
HUN,sargab,15
HUN,indi,15
HUN,toast sajt,15
HUN,szénhidrátcs,15
HUN,shar,15
HUN,bale,15
HUN,Jeg,15
HUN,phili,15
HUN,nutte,15
HUN,kókusz v,15
HUN,Chocolate,15
HUN,Mac,15
HUN,római köm,15
HUN,húsos csont,15
HUN,kockazott,15
HUN,non,15
HUN,körömla,15
HUN,mulino,15
HUN,vanilia aro,15
HUN,szénsavmen,15
HUN,Ba,15
HUN,növenyi,15
HUN,netflix,15
HUN,majonè,15
HUN,kina,15
HUN,geto,15
HUN,szecs,15
HUN,marzipan,15
HUN,cernametelt,15
HUN,watet,15
HUN,fehércso,15
HUN,gas water,15
HUN,boursin,15
HUN,tekercs,15
HUN,globu,15
HUN,radi,15
HUN,vanília cukor,15
HUN,rantot,15
HUN,polip,15
HUN,aranyc,15
HUN,kindr,15
HUN,hatibo,15
HUN,macsa,15
HUN,pizza alap,15
HUN,rise up,15
HUN,hollan,15
HUN,Szal,15
HUN,mag mix,15
HUN,exo,15
HUN,hibiszkusz,15
HUN,Lenor,15
HUN,cherry tom,15
HUN,now,15
HUN,tofi,15
HUN,виски,15
HUN,leerdammer,15
HUN,Rice up,15
HUN,chef,15
HUN,bolt,15
HUN,Le,15
HUN,nyél,15
HUN,komenymag,15
HUN,Fuze tea,15
HUN,лапша,15
HUN,kitch,15
HUN,kockacu,15
HUN,frozen veggies,15
HUN,kokuszgolyo,15
HUN,icecube,15
HUN,tonhal saláta,15
HUN,dere,15
HUN,luf,15
HUN,sárkány,15
HUN,froz,15
HUN,ssjt,15
HUN,magnélk,15
HUN,rice milk,15
HUN,sonka csirkemell,15
HUN,leves csomag,15
HUN,kukirica,15
HUN,extrudá,15
HUN,tejbegríz,15
HUN,filteres tea,15
HUN,ruppert,15
HUN,hey-ho,15
HUN,wc ke,15
HUN,philips,15
HUN,újkrumpli,15
HUN,zéró kóla,15
HUN,cas,15
HUN,jen,15
HUN,karamellás tej,15
HUN,tusfürdö,15
HUN,lázm,15
HUN,fültis,15
HUN,chop,15
HUN,chutney,15
HUN,palcikas,15
HUN,soy sau,15
HUN,citromsa,15
HUN,györi,15
HUN,spids,15
HUN,süssina,15
HUN,feherb,15
HUN,csillám,15
HUN,patron,15
HUN,maláta,15
HUN,allro,15
HUN,worchester,15
HUN,konzerv para,15
HUN,édes savanyu,15
HUN,hosszú,15
HUN,kenyér toast,15
HUN,buttermilk,15
HUN,spent,15
HUN,instant tea,15
HUN,ted,15
HUN,teix,15
HUN,mosogato kapszula,15
HUN,limona,15
HUN,vaníliaaroma,15
HUN,darling,15
HUN,zab keksz,15
HUN,parafi,15
HUN,cr2032,15
HUN,szőlőc,15
HUN,mangal,15
HUN,minecraft,15
HUN,meggyes sor,15
HUN,fleisch,15
HUN,kiv,15
HUN,passion fruit,15
HUN,sultcsirke,15
HUN,maszlik,15
HUN,pf,15
HUN,buborek,15
HUN,duc,15
HUN,zsemlw,15
HUN,pragai sonka,15
HUN,duvel,15
HUN,ob tampon,15
HUN,natir,15
HUN,low calorie,15
HUN,bogy,15
HUN,kotány,15
HUN,white monster,15
HUN,bőrradír,15
HUN,bog,15
HUN,meggyb,15
HUN,cell,15
HUN,tobo,15
HUN,pick p,15
HUN,rántott s,15
HUN,szer,15
HUN,dave,15
HUN,hard cheese,15
HUN,ben jerr,15
HUN,canned corn,15
HUN,strip,15
HUN,Cucumber,15
HUN,ket hup,15
HUN,kapszulas kave,15
HUN,scrub daddy,15
HUN,sió z,15
HUN,màjkrém,15
HUN,Guinness,15
HUN,teafa,15
HUN,kidney beans,15
HUN,vegán krém,15
HUN,wet toilet,15
HUN,dart,15
HUN,cigi,15
HUN,vegan tejf,15
HUN,trjf,15
HUN,rántott sa,15
HUN,poké,15
HUN,fejes kaposzta,15
HUN,travel,15
HUN,mg,15
HUN,parenyic,15
HUN,kijevi,15
HUN,crac,15
HUN,fogsel,15
HUN,tokma,15
HUN,mut,15
HUN,kinder c,15
HUN,szus,15
HUN,frozen fries,15
HUN,neutrogena,15
HUN,akció,15
HUN,provance,15
HUN,tea xixo,15
HUN,voca,15
HUN,pizzaszó,15
HUN,sport csoki,15
HUN,vegán jégkr,15
HUN,conditio,15
HUN,mizo t,15
HUN,яйц,15
HUN,ízesített s,15
HUN,coor,15
HUN,olajspray,15
HUN,kurkum,15
HUN,levesalap,15
HUN,pesz,15
HUN,salty,15
HUN,ádványvíz,15
HUN,anansz,15
HUN,mortad,15
HUN,fuzetes,15
HUN,junior macska,15
HUN,way,15
HUN,sajt t,15
HUN,leveszol,15
HUN,tészta kocka,15
HUN,teljes kiorles,15
HUN,wie,15
HUN,szezám olaj,15
HUN,semolina,15
HUN,fagyasztott gyümöl,15
HUN,Papírt,15
HUN,uveges,15
HUN,Durex,15
HUN,sovány túró,15
HUN,chick peas,15
HUN,tomo,15
HUN,savig,15
HUN,toliet,15
HUN,zuccini,15
HUN,grand,15
HUN,jégkrém magnum,15
HUN,Ch,15
HUN,ameri,15
HUN,fagyasztott zoldség,15
HUN,Csíki,15
HUN,vegan feherje,15
HUN,aprite,15
HUN,indian,15
HUN,fackelmann,15
HUN,nyomtató,15
HUN,grey,15
HUN,darát,15
HUN,vr,15
HUN,felix soup,15
HUN,katchup,15
HUN,burgonyaszir,15
HUN,bakla,15
HUN,gluténmentes teszta,15
HUN,Gör,15
HUN,Perec,15
HUN,egészséges,15
HUN,vörös b,15
HUN,klo,15
HUN,layd,15
HUN,zold borso,15
HUN,cod,15
HUN,froccs,15
HUN,napraforgomag,15
HUN,csil,15
HUN,organika,15
HUN,krumpi,15
HUN,bretas,15
HUN,buis,15
HUN,kokuszreszel,14
HUN,Zabtej,14
HUN,dil,14
HUN,cigarette,14
HUN,foli,14
HUN,anchovy,14
HUN,rege,14
HUN,foglr,14
HUN,hipó,14
HUN,ring,14
HUN,edelwe,14
HUN,happy hi,14
HUN,liofilizalt,14
HUN,kikkoman,14
HUN,tejszines,14
HUN,testápo,14
HUN,sos kifli,14
HUN,Gyros,14
HUN,feher csok,14
HUN,lipóti,14
HUN,grill z,14
HUN,alpenmilch,14
HUN,csirkemelll,14
HUN,pulykanyak,14
HUN,zigzag,14
HUN,icr,14
HUN,crash,14
HUN,galus,14
HUN,toothpa,14
HUN,ömle,14
HUN,barna sor,14
HUN,tilsiter,14
HUN,haj festék,14
HUN,szemes ká,14
HUN,"0,",14
HUN,diabet,14
HUN,9v,14
HUN,brezer,14
HUN,sausag,14
HUN,mosogató sz,14
HUN,ling,14
HUN,weisbauer,14
HUN,paprikakrem,14
HUN,eu,14
HUN,maasdam,14
HUN,oat bar,14
HUN,pillanatragaszto,14
HUN,fresh milk,14
HUN,gyorsfag,14
HUN,darált húst,14
HUN,peoper,14
HUN,szotyola,14
HUN,dr stein,14
HUN,говядина,14
HUN,apple sauce,14
HUN,kàposzta,14
HUN,hull,14
HUN,fanta zer,14
HUN,levs,14
HUN,Salá,14
HUN,poer,14
HUN,jas,14
HUN,alanatura,14
HUN,viniger,14
HUN,wu2,14
HUN,pirosk,14
HUN,electroly,14
HUN,púder,14
HUN,szénsavm,14
HUN,kenyerliszt,14
HUN,gyorsfagyas,14
HUN,extrad,14
HUN,Burg,14
HUN,fusli,14
HUN,pusze,14
HUN,sliced,14
HUN,"Ceres Napicipó teljes kiőrlésű kenyér, 400 g",14
HUN,sult kr,14
HUN,jama,14
HUN,ételíze,14
HUN,cold drink,14
HUN,mizo káv,14
HUN,Csirk,14
HUN,vegan jeg,14
HUN,triple,14
HUN,paradon,14
HUN,trashbag,14
HUN,toás,14
HUN,sajtos s,14
HUN,eggpla,14
HUN,szentkiràlyi,14
HUN,jégkrén,14
HUN,шампунь,14
HUN,chickpe,14
HUN,canderel,14
HUN,kecskesaj,14
HUN,csirke hus,14
HUN,bakon,14
HUN,wein,14
HUN,casali,14
HUN,Tejfö,14
HUN,spic,14
HUN,cucamber,14
HUN,fallini,14
HUN,hot fog,14
HUN,Zsemlemorzsa,14
HUN,szivosz,14
HUN,бананы,14
HUN,unork,14
HUN,file,14
HUN,prézl,14
HUN,fogvájó,14
HUN,salt and,14
HUN,rooi,14
HUN,csiremell,14
HUN,WC pa,14
HUN,Ritter,14
HUN,zsírszegény túró,14
HUN,konyh,14
HUN,kesze,14
HUN,Káposzta,14
HUN,bonb,14
HUN,pick t,14
HUN,oet,14
HUN,zselati,14
HUN,peaches,14
HUN,skye,14
HUN,kindet,14
HUN,yippy,14
HUN,M&,14
HUN,üdítő zero,14
HUN,egesz csirke,14
HUN,ranto,14
HUN,kaviá,14
HUN,airwi,14
HUN,teljes kiőrlésű liszt,14
HUN,tav,14
HUN,powder sugar,14
HUN,petec,14
HUN,sárga bab,14
HUN,teekanne,14
HUN,kókuszrúd,14
HUN,áfonyás,14
HUN,szémsavas,14
HUN,all in,14
HUN,shw,14
HUN,sult csirke,14
HUN,tejtermék,14
HUN,vattako,14
HUN,hámozó,14
HUN,lays oven,14
HUN,Haagen dazs,14
HUN,mizo vaj,14
HUN,vilgan,14
HUN,kaa,14
HUN,piros ar,14
HUN,készetel,14
HUN,keyér,14
HUN,sanito,14
HUN,pover,14
HUN,poweade,14
HUN,hahyma,14
HUN,tou,14
HUN,sumersby,14
HUN,fokhagyma granulatum,14
HUN,samy,14
HUN,rioma,14
HUN,illatgyöngy,14
HUN,pölöske,14
HUN,kavek,14
HUN,sajt szele,14
HUN,inn,14
HUN,kai,14
HUN,túrós táska,14
HUN,kezchup,14
HUN,rzs,14
HUN,woter,14
HUN,áfonya lekvár,14
HUN,fiji,14
HUN,ice cream vanilla,14
HUN,habzóbor,14
HUN,csirkeh,14
HUN,laktózmentes gör,14
HUN,mézdinnye,14
HUN,tavo,14
HUN,kulor,14
HUN,zöldségkr,14
HUN,csirkemwll,14
HUN,hell apple,14
HUN,füstölt h,14
HUN,vanilias tej,14
HUN,papir zseb,14
HUN,poeer,14
HUN,peanut b,14
HUN,zero nestea,14
HUN,meal,14
HUN,színfo,14
HUN,mà,14
HUN,chupa chups,14
HUN,jégkrém pálcikás,14
HUN,hungária,14
HUN,munch,14
HUN,leves kock,14
HUN,ben and je,14
HUN,rizsch,14
HUN,protein yoghurt,14
HUN,Káv,14
HUN,gyumölcs,14
HUN,hotdog ki,14
HUN,chocolate powder,14
HUN,wc tisz,14
HUN,diét,14
HUN,mosókapsz,14
HUN,Mascarpone,14
HUN,buffal,14
HUN,jegy,14
HUN,ízvar,14
HUN,roasted,14
HUN,gall,14
HUN,jegkreme,14
HUN,fényv,14
HUN,mosogatogep kapszula,14
HUN,pöttyös protein,14
HUN,burgonyapure,14
HUN,pancakes,14
HUN,hajkefe,14
HUN,konyhai papírtörlő,14
HUN,burginya,14
HUN,water pack,14
HUN,elő,14
HUN,magnum cukor,14
HUN,ásvàny,14
HUN,Főzőtejszín,14
HUN,vanília ar,14
HUN,paradicsom ko,14
HUN,szög,14
HUN,schweps,14
HUN,elepl,14
HUN,bécsi virsli,14
HUN,nadudvar,14
HUN,brusc,14
HUN,low fat cheese,14
HUN,homba,14
HUN,arclemoso,14
HUN,cukormentes jeg,14
HUN,folyekon,14
HUN,nachos dip,14
HUN,erőleves,14
HUN,tej mizo,14
HUN,fülhallgató,14
HUN,nátrium,14
HUN,fabric softener,14
HUN,oblítő,14
HUN,sourdough bread,14
HUN,sajt tra,14
HUN,chipot,14
HUN,dri,14
HUN,müllermilch,14
HUN,meki,14
HUN,towels,14
HUN,zero te,14
HUN,szűzérme,14
HUN,ujb,14
HUN,sajt l,14
HUN,masszázs,14
HUN,ricot,14
HUN,leved,14
HUN,zubrov,14
HUN,zero monster,14
HUN,konya,14
HUN,mission,14
HUN,jana ba,14
HUN,gruyere,14
HUN,goss,14
HUN,borsika,14
HUN,légycsap,14
HUN,vizes zsemle,14
HUN,mosogato szer,14
HUN,angel,14
HUN,cutlery,14
HUN,sweetcorn,14
HUN,kockázott bacon,14
HUN,calv,14
HUN,steril,14
HUN,garlic paste,14
HUN,corr,14
HUN,coca-cola zero,14
HUN,kávébab,14
HUN,méze,14
HUN,500ml,14
HUN,lidzt,14
HUN,gyumolcspure,14
HUN,icea,14
HUN,tarkabors,14
HUN,csemege kuko,14
HUN,lencse chip,14
HUN,sajtos po,14
HUN,kolbáz,14
HUN,pudig,14
HUN,rio m,14
HUN,cla,14
HUN,burgonyás,14
HUN,frisse,14
HUN,sűrített par,14
HUN,hegyező,14
HUN,cheese sauce,14
HUN,mayona,14
HUN,60l,14
HUN,homok,14
HUN,toml,14
HUN,coce,14
HUN,borsodi friss,14
HUN,fagysztott,14
HUN,martas,14
HUN,Tuna,14
HUN,kont,14
HUN,tele,14
HUN,pringe,14
HUN,lelv,14
HUN,uv,14
HUN,aranyfácán,14
HUN,pepsi z,14
HUN,fozotejs,14
HUN,evo,14
HUN,Pepsi zero,14
HUN,krémszappan,14
HUN,orei,14
HUN,toffe,14
HUN,gya,14
HUN,musc,14
HUN,fehér cso,14
HUN,papper,14
HUN,caoki,14
HUN,cukormentes puding,14
HUN,gyümó,14
HUN,szw,14
HUN,születésnapi,14
HUN,coriand,14
HUN,vegán tejf,14
HUN,aktivia,14
HUN,bogyós,14
HUN,fagyasztott zsemle,14
HUN,savanyúk,14
HUN,gyógytea,14
HUN,grill cheese,14
HUN,somlói galuska,14
HUN,csipe,14
HUN,Vajkrém,14
HUN,alas,14
HUN,rauch zero,14
HUN,cukormentes csokol,14
HUN,bük,14
HUN,mungo,14
HUN,nudel,14
HUN,kinoa,14
HUN,bordo,14
HUN,sör alko,14
HUN,mosószer fehér,14
HUN,lilaká,14
HUN,magozott meggy,14
HUN,fanta exotic,14
HUN,mnm,14
HUN,dobozo,14
HUN,plant based,14
HUN,Air,14
HUN,spite,14
HUN,chicken b,14
HUN,ét csokoládé,14
HUN,lazax,14
HUN,cocorico,14
HUN,fözö,14
HUN,rai,14
HUN,tk,14
HUN,feketeb,14
HUN,teo,14
HUN,kenser,14
HUN,Vegan,14
HUN,glulu,14
HUN,mr brownie,14
HUN,lee,14
HUN,семечки,14
HUN,vegán tejszín,14
HUN,darált mar,14
HUN,uborja,14
HUN,pickw,14
HUN,pw,14
HUN,master goo,14
HUN,szilvi,14
HUN,Debreceni,14
HUN,mosódi,14
HUN,tolle sajt,14
HUN,groundnut,14
HUN,zoldba,14
HUN,cj,14
HUN,kontak,14
HUN,ciaba,14
HUN,hangyairto,14
HUN,mild,14
HUN,búzadar,14
HUN,csirkemellso,14
HUN,swiff,14
HUN,baban,14
HUN,eteliz,14
HUN,sajtos t,14
HUN,kenyérmorzsa,14
HUN,halkonz,14
HUN,fertotlenito kendo,14
HUN,diéta,14
HUN,vserpes,14
HUN,ale,14
HUN,fokhagyma granu,14
HUN,finom liszt,14
HUN,yippi,14
HUN,bay leaf,14
HUN,Cheddar,14
HUN,teljes kiorlesu liszt,14
HUN,ablakti,14
HUN,hair removal,14
HUN,zero jégkrém,14
HUN,kapribogyo,14
HUN,tölcsé,14
HUN,alma paprika,14
HUN,mustàr,14
HUN,jégkrr,14
HUN,marhalábszár,14
HUN,bals,14
HUN,coffee cream,14
HUN,wd,14
HUN,rav,14
HUN,exquisa,14
HUN,mz,14
HUN,óri,14
HUN,szes,14
HUN,paradicsomos hal,14
HUN,parai,14
HUN,piknik,14
HUN,tewa,14
HUN,uzso,14
HUN,májkre,14
HUN,wifon,14
HUN,cotr,14
HUN,papír torlo,14
HUN,tortaforma,14
HUN,rizstejszín,14
HUN,zsepke,14
HUN,szület,14
HUN,туалетная,14
HUN,péksütemények,14
HUN,whole milk,14
HUN,Trappista,14
HUN,calcium,14
HUN,choch,14
HUN,cézár sal,14
HUN,mosogató s,14
HUN,ouzo,14
HUN,delika,14
HUN,balsamico,14
HUN,panirm,14
HUN,Mo,14
HUN,hő,14
HUN,mw,14
HUN,grill hus,14
HUN,voslau,14
HUN,cukormentes üdítő,14
HUN,jeh,14
HUN,por cukor,14
HUN,mandulavaj,14
HUN,kev,14
HUN,marac,14
HUN,basili,14
HUN,Butter,14
HUN,gyömbe,14
HUN,smartwater,14
HUN,soda stream,14
HUN,fagyasztva szárított,14
HUN,chicken wing,14
HUN,etelecet,14
HUN,mediterr,14
HUN,egé,14
HUN,mushro,14
HUN,jégke,14
HUN,utántöltő,14
HUN,zöldse,14
HUN,zöldfűszeres,14
HUN,meggysö,14
HUN,Majomkenyer csokidarabos hozzaadott,14
HUN,fagyasztott s,14
HUN,zero zero,14
HUN,süritet,14
HUN,jana ice,14
HUN,mályva,14
HUN,Sze,14
HUN,kokuszvíz,14
HUN,bruschette,14
HUN,chesee,14
HUN,fruccol,14
HUN,comte,14
HUN,Kinley,14
HUN,zanuy,14
HUN,joke,14
HUN,poo,14
HUN,tejeskáv,14
HUN,tortilla chip,14
HUN,apfel,14
HUN,Lemon,14
HUN,Ban,14
HUN,ujbur,14
HUN,kín,14
HUN,tortilla c,14
HUN,foc,14
HUN,szaritott hagyma,14
HUN,csoki szirup,14
HUN,lán,14
HUN,arrab,14
HUN,frankfurti virsli,14
HUN,Édes,14
HUN,grann,14
HUN,mortade,14
HUN,őrölt köm,14
HUN,juhturó,14
HUN,teljeskiőrl,14
HUN,szárított p,14
HUN,Gouda,14
HUN,mise,14
HUN,nod,14
HUN,Calippo,14
HUN,maltese,14
HUN,this is,14
HUN,krémtúro,14
HUN,strep,14
HUN,szénsavme,14
HUN,gorogdi,14
HUN,call,14
HUN,ade,14
HUN,irish butter,14
HUN,bor vör,14
HUN,frissentarto,14
HUN,sertés h,14
HUN,palmol,14
HUN,stevi,14
HUN,window,14
HUN,fuzr,14
HUN,ash,14
HUN,földimo,14
HUN,krumpli p,14
HUN,májkrèm,14
HUN,jin,14
HUN,szívószá,14
HUN,ben’,14
HUN,caes,14
HUN,buscuit,14
HUN,Bo,14
HUN,marlboro,14
HUN,hburger,14
HUN,coria,14
HUN,hang,14
HUN,ez,14
HUN,fultiszt,14
HUN,Avokado,14
HUN,Vir,14
HUN,wick,14
HUN,asztali s,14
HUN,golyóstoll,14
HUN,shiitake,14
HUN,szárított marha,14
HUN,gile,14
HUN,péksu,14
HUN,pie,14
HUN,befőt,14
HUN,èdes,14
HUN,feherj,14
HUN,classic,14
HUN,darálthu,14
HUN,sonja,14
HUN,gingerale,14
HUN,sport sz,14
HUN,red lentil,14
HUN,sajtm,14
HUN,kapszulás káv,14
HUN,bebirepa,14
HUN,puzza,14
HUN,cheese light,14
HUN,tet,14
HUN,rice vinegar,14
HUN,alpto,14
HUN,heged,14
HUN,csotany,14
HUN,kobanya,14
HUN,szènsavas,14
HUN,Pisztácia,14
HUN,paranyi,14
HUN,tejberízs,14
HUN,detto,14
HUN,chocos,14
HUN,wu,14
HUN,cherry co,14
HUN,halászl,14
HUN,Zöldség,14
HUN,rozmari,14
HUN,Szivacs,14
HUN,strawberry milk,14
HUN,pana,14
HUN,pombär,14
HUN,tacco,14
HUN,uboka,14
HUN,ira,14
HUN,Mustár,14
HUN,egészség,14
HUN,goldfish,14
HUN,Mandula,14
HUN,happy hipp,14
HUN,brocolli,14
HUN,fürtös paradicsom,14
HUN,adonya,14
HUN,Sp,14
HUN,szeletelt sonka,14
HUN,sárgabab,14
HUN,beefeater,14
HUN,metro,14
HUN,kutyakonzerv,14
HUN,fagyasztott borsó,14
HUN,pali,14
HUN,clu,14
HUN,gyújt,14
HUN,húsle,14
HUN,Cerbona,14
HUN,vörhagyma,14
HUN,holl,14
HUN,sertés karaj,14
HUN,nejlon,14
HUN,mogyorova,14
HUN,kelloggs,14
HUN,Vilgain Clear Whey Isolate Peach fuzz,14
HUN,csavart,14
HUN,tura,14
HUN,nectarines,14
HUN,feher bors,14
HUN,frankf,14
HUN,barnac,14
HUN,füstölt kolb,14
HUN,Turorudi,14
HUN,gumikes,14
HUN,pillanatragasztó,14
HUN,szrp,14
HUN,algalap,14
HUN,gotog,14
HUN,pickel,14
HUN,acet,14
HUN,pizza base,14
HUN,tejsüt,14
HUN,paradicsom szo,14
HUN,péka,14
HUN,gyümölcs lé,14
HUN,bébis,14
HUN,coca cols,14
HUN,buzadar,14
HUN,bolonai,14
HUN,Menta,14
HUN,tezsta,14
HUN,Lego,14
HUN,burrito,14
HUN,dishwas,14
HUN,airan,14
HUN,frittm,14
HUN,levelest,14
HUN,bbq szósz,14
HUN,alumi,14
HUN,darabolt para,14
HUN,tilsi,14
HUN,jaz,14
HUN,kajao,14
HUN,proscuitto,14
HUN,erős p,14
HUN,hoz dog,14
HUN,sós r,14
HUN,crasssh,14
HUN,laktózmentes görög joghurt,14
HUN,Győri Édes,14
HUN,fitne,14
HUN,tamato,14
HUN,zewa deluxe,14
HUN,saláta tál,14
HUN,indtant,14
HUN,égő,14
HUN,edesse,14
HUN,rusz,14
HUN,starbuks,14
HUN,granul,14
HUN,toniv,14
HUN,chilis baba,14
HUN,papírtányér,14
HUN,deodo,14
HUN,melegszendvicskrém,13
HUN,salo,13
HUN,massz,13
HUN,friss csirkemell,13
HUN,beanies,13
HUN,moni,13
HUN,apró,13
HUN,kenhető sajt,13
HUN,Sertés,13
HUN,mmax,13
HUN,mika,13
HUN,sev,13
HUN,édesburgon,13
HUN,zéró c,13
HUN,dieta,13
HUN,jégkrm,13
HUN,schoge,13
HUN,sauc,13
HUN,vodks,13
HUN,fa tusfürdő,13
HUN,Virág,13
HUN,Szósz,13
HUN,383,13
HUN,lilakáp,13
HUN,dr. pepper,13
HUN,napozás,13
HUN,magni,13
HUN,kefor,13
HUN,fűszern,13
HUN,myo,13
HUN,Regina,13
HUN,mr mu,13
HUN,aligv,13
HUN,hinto,13
HUN,oldspi,13
HUN,apwnta,13
HUN,krémtu,13
HUN,bbq szosz,13
HUN,gro,13
HUN,bam,13
HUN,vaj laktózmentes,13
HUN,savanyú gumi,13
HUN,szek,13
HUN,gyümölcslè,13
HUN,chii,13
HUN,corn chips,13
HUN,savanyúkáposzta,13
HUN,csoki szósz,13
HUN,lucull,13
HUN,note,13
HUN,toffifee,13
HUN,pencil,13
HUN,cső,13
HUN,gluténmentes zsemle,13
HUN,wc papur,13
HUN,orias,13
HUN,saisage,13
HUN,xox,13
HUN,gyeos,13
HUN,after shave,13
HUN,frise,13
HUN,glutèn,13
HUN,tárk,13
HUN,leves hús,13
HUN,magyaros vajkrem,13
HUN,Szalami,13
HUN,soo,13
HUN,chilis ba,13
HUN,sajt res,13
HUN,veggies,13
HUN,olova,13
HUN,tortabevon,13
HUN,izzadas,13
HUN,pà,13
HUN,popsi torlo,13
HUN,raffae,13
HUN,áfonyalé,13
HUN,Bazsalikom,13
HUN,70,13
HUN,pötyös,13
HUN,zero fagylalt,13
HUN,élőflór,13
HUN,ásvànyvíz,13
HUN,make up,13
HUN,ginge,13
HUN,zero üditő,13
HUN,breadcrumbs,13
HUN,gyumolcs pure,13
HUN,pistach,13
HUN,mob,13
HUN,blac,13
HUN,turog,13
HUN,sárgadinn,13
HUN,bakin,13
HUN,mol,13
HUN,fila,13
HUN,fagyasztott gyumol,13
HUN,gyors leves,13
HUN,cane,13
HUN,tib,13
HUN,termosz,13
HUN,madarsa,13
HUN,folpac,13
HUN,zemle,13
HUN,levesh,13
HUN,vanilias pudingpor,13
HUN,noszt,13
HUN,fried onion,13
HUN,ropo,13
HUN,oik,13
HUN,takar,13
HUN,bébi étel,13
HUN,kézf,13
HUN,pirito,13
HUN,hamburger sz,13
HUN,wc golyo,13
HUN,orchidea,13
HUN,sült krum,13
HUN,pears,13
HUN,szodaviz,13
HUN,pók,13
HUN,földim,13
HUN,erdelyi,13
HUN,csirkez,13
HUN,manne,13
HUN,papika,13
HUN,Ro,13
HUN,soka,13
HUN,20,13
HUN,kaveka,13
HUN,cotton pads,13
HUN,fagxi,13
HUN,piros paprik,13
HUN,sertes lapocka,13
HUN,BioTechUSA Protein Max dupla,13
HUN,jégkŕ,13
HUN,teafű,13
HUN,hulal,13
HUN,azsiai,13
HUN,ubora,13
HUN,zöld borso,13
HUN,anjua,13
HUN,szénh,13
HUN,grenadine,13
HUN,kókuszgolyó,13
HUN,macska száraz,13
HUN,fagI,13
HUN,passio,13
HUN,sutemen,13
HUN,diplomatico,13
HUN,kekszek,13
HUN,rizstejszin,13
HUN,свр,13
HUN,zero ital,13
HUN,Lasagne,13
HUN,lilla,13
HUN,tortazselé,13
HUN,ice tra,13
HUN,energiaszelet,13
HUN,sausk,13
HUN,müzliszel,13
HUN,pick téli,13
HUN,Haribo,13
HUN,bibigo,13
HUN,bok,13
HUN,mézeskalács,13
HUN,krémfe,13
HUN,high prot,13
HUN,kézmoso,13
HUN,fagyasztott krum,13
HUN,teljes kiőrlé,13
HUN,panten,13
HUN,vanillia puding,13
HUN,cirke,13
HUN,Zsír,13
HUN,barna cuk,13
HUN,baking sheet,13
HUN,fertőtlenítő kendő,13
HUN,csípés,13
HUN,kukoricakonzerv,13
HUN,muslica,13
HUN,fekete bor,13
HUN,redd,13
HUN,paprika fuszer,13
HUN,darált ke,13
HUN,magyar vaj,13
HUN,sör alkohol,13
HUN,net,13
HUN,szárított hagyma,13
HUN,darált kávé,13
HUN,forn,13
HUN,vidk,13
HUN,sauvig,13
HUN,garlic sauce,13
HUN,Jégrém,13
HUN,joghurt lak,13
HUN,uborla,13
HUN,protein jog,13
HUN,condit,13
HUN,tena lady,13
HUN,húsgomb,13
HUN,fonott kalács,13
HUN,orange soda,13
HUN,celebration,13
HUN,feketeerdo,13
HUN,brind,13
HUN,cili,13
HUN,m and,13
HUN,panin,13
HUN,foglrem,13
HUN,pellegr,13
HUN,jazminrizs,13
HUN,bitter lemon,13
HUN,sourdo,13
HUN,linguine,13
HUN,BBQ,13
HUN,moso kapszula,13
HUN,vaníliás pudingpor,13
HUN,zsirold,13
HUN,szalame,13
HUN,ovs,13
HUN,szárazté,13
HUN,ut,13
HUN,pink lemonade,13
HUN,gelato,13
HUN,őszilé,13
HUN,oszibara,13
HUN,mosogatokapszula,13
HUN,roló,13
HUN,nyomtat,13
HUN,lekváros,13
HUN,pastet,13
HUN,padlizsa,13
HUN,tró,13
HUN,zott joghurt,13
HUN,monta,13
HUN,Lago Delifrolle hozzaadott cukor,13
HUN,szénd,13
HUN,virágfö,13
HUN,brei,13
HUN,chicken bre,13
HUN,gluten free pasta,13
HUN,spatula,13
HUN,szensavmentes viz,13
HUN,ravio,13
HUN,coin,13
HUN,teljes kiőrlésű tészta,13
HUN,smar,13
HUN,werthers,13
HUN,gyó,13
HUN,coop,13
HUN,szorbé,13
HUN,fustolt szalonna,13
HUN,instant lev,13
HUN,ropog,13
HUN,krin,13
HUN,mustarmag,13
HUN,nesspresso,13
HUN,bisq,13
HUN,gyumolcs le,13
HUN,dum,13
HUN,tere,13
HUN,rojas,13
HUN,darált k,13
HUN,Eggs,13
HUN,görögdin,13
HUN,ragó,13
HUN,inti,13
HUN,paradiv,13
HUN,natúr görög,13
HUN,sparadicsom,13
HUN,brilliance,13
HUN,gumicujor,13
HUN,teszte,13
HUN,búzaliszt,13
HUN,smash,13
HUN,majonz,13
HUN,zöld t,13
HUN,cukormentes magnum,13
HUN,buter,13
HUN,tartósító,13
HUN,ludwik,13
HUN,daralt his,13
HUN,corn & joy,13
HUN,győri é,13
HUN,viral,13
HUN,мед,13
HUN,bio tech,13
HUN,paradicsom le,13
HUN,kender,13
HUN,latt,13
HUN,pocorn,13
HUN,al natura,13
HUN,ashw,13
HUN,manu,13
HUN,kakk,13
HUN,rose bor,13
HUN,csp,13
HUN,weet,13
HUN,sonkq,13
HUN,cold cuts,13
HUN,"BioTechUSA fekete shaker, 1 db",13
HUN,nescafe gold,13
HUN,nim,13
HUN,Kola,13
HUN,joghurt protein,13
HUN,loncs,13
HUN,hid,13
HUN,room,13
HUN,bodzás,13
HUN,lave,13
HUN,garni,13
HUN,hagymaka,13
HUN,jack da,13
HUN,dolmades,13
HUN,60,13
HUN,smi,13
HUN,twjfol,13
HUN,hamburger szosz,13
HUN,spirál füzet,13
HUN,nedves wc papir,13
HUN,feind,13
HUN,keménysajt,13
HUN,csokoladé,13
HUN,gonger,13
HUN,brav,13
HUN,vinager,13
HUN,kalac,13
HUN,"Organika mentes brownie szelet, 30 g",13
HUN,hagymas,13
HUN,alpecin,13
HUN,lemoso,13
HUN,szardell,13
HUN,császárzsemle,13
HUN,Méz,13
HUN,waln,13
HUN,kavetej,13
HUN,aludolia,13
HUN,csirkemelle,13
HUN,Biopont,13
HUN,szelesmetelt,13
HUN,ér,13
HUN,arcszesz,13
HUN,uncle be,13
HUN,milka tej,13
HUN,sárk,13
HUN,sof,13
HUN,diós,13
HUN,keszete,13
HUN,Cheetos,13
HUN,frozen vege,13
HUN,leveszo,13
HUN,vörösbor édes,13
HUN,Natur,13
HUN,hutott,13
HUN,ioncser,13
HUN,napicipo,13
HUN,széles metélt,13
HUN,zoldborsó,13
HUN,sacher,13
HUN,art,13
HUN,gyuj,13
HUN,vylyan,13
HUN,tesztaszosz,13
HUN,tyr,13
HUN,jo kenyer,13
HUN,mosogatógép kapszula,13
HUN,fazék,13
HUN,tresemme,13
HUN,Felvá,13
HUN,protein t,13
HUN,gulyáskré,13
HUN,fres,13
HUN,burh,13
HUN,afonya lekvar,13
HUN,cheese spread,13
HUN,corneto,13
HUN,pomodoro,13
HUN,zero j,13
HUN,száraz bor,13
HUN,washi,13
HUN,e14,13
HUN,csokipuding,13
HUN,instant ka,13
HUN,fs,13
HUN,tejfol laktozmentes,13
HUN,futyulos,13
HUN,szemtkir,13
HUN,Győri édes,13
HUN,joghrt,13
HUN,bologne,13
HUN,varte,13
HUN,félbarna,13
HUN,pecsi,13
HUN,cum,13
HUN,Oikos,13
HUN,Fa,13
HUN,leveshús,13
HUN,kitten,13
HUN,gummi,13
HUN,mc donalds,13
HUN,fagyasztott brokkoli,13
HUN,beyond,13
HUN,frappe,13
HUN,Petrezselyem,13
HUN,liazt,13
HUN,lestyán,13
HUN,"Kometa sertes husgolyo, 360 g",13
HUN,kabanos,13
HUN,husle,13
HUN,préselt,13
HUN,kindertojás,13
HUN,glutenmentes keksz,13
HUN,ferto,13
HUN,peroni 0,13
HUN,söréles,13
HUN,franciasal,13
HUN,csokigolyó,13
HUN,u orka,13
HUN,natancs,13
HUN,goulash,13
HUN,alpro kokusz,13
HUN,grill hús,13
HUN,instant leve,13
HUN,cukormentes jégkré,13
HUN,rova,13
HUN,pepsu,13
HUN,chicken broth,13
HUN,étel ecet,13
HUN,souldr,13
HUN,jegkock,13
HUN,csónak,13
HUN,sumers,13
HUN,daràl,13
HUN,liber,13
HUN,water bottle,13
HUN,dezodor női,13
HUN,mosop,13
HUN,joghurt laktoz,13
HUN,layz,13
HUN,füll,13
HUN,squash,13
HUN,desztill,13
HUN,dub,13
HUN,Snickers,13
HUN,furj,13
HUN,frozen ve,13
HUN,kolla,13
HUN,paradocsom,13
HUN,popsi törlő,13
HUN,vaníliás cuko,13
HUN,prova,13
HUN,danet,13
HUN,hamburger b,13
HUN,mosogató szi,13
HUN,roc,13
HUN,szójatej,13
HUN,papír pohár,13
HUN,zac,13
HUN,sűrített te,13
HUN,elepla,13
HUN,hüt,13
HUN,felmososzer,13
HUN,Col,13
HUN,rovarirtó,13
HUN,folyekony sz,13
HUN,greek you,13
HUN,mamdula,13
HUN,tonhalkrem,13
HUN,сливочное масло,13
HUN,higo,13
HUN,udoto,13
HUN,papriká,13
HUN,hamburger szósz,13
HUN,jégcsapretek,13
HUN,laktózmentes s,13
HUN,wiesb,13
HUN,törle,13
HUN,read,13
HUN,laktozmentes te,13
HUN,mcdonald,13
HUN,rikotta,13
HUN,cou,13
HUN,monser,13
HUN,szeszes ital,13
HUN,kinley meggy,13
HUN,feles,13
HUN,peter,13
HUN,Vi,13
HUN,papp,13
HUN,bailey,13
HUN,kik,13
HUN,rit,13
HUN,szöveg,13
HUN,burgomya,13
HUN,gyömbér sör,13
HUN,fustl,13
HUN,mosószóda,13
HUN,ready meal,13
HUN,yett,13
HUN,pálcikás jégkrém,13
HUN,ventillator,13
HUN,édes chili,13
HUN,biosaurus,13
HUN,sóle,13
HUN,kolyok,13
HUN,tres,13
HUN,rovarirto,13
HUN,rövid,13
HUN,oliva spray,13
HUN,johnson,13
HUN,day,13
HUN,Mos,13
HUN,kácé,13
HUN,ajandék,13
HUN,batá,13
HUN,san pelegrino,13
HUN,zoldsegek,13
HUN,ice cup,13
HUN,Mosogatószer,13
HUN,bugyi,13
HUN,activis,13
HUN,szemü,13
HUN,cota,13
HUN,sertéskaraj,13
HUN,pörköltszaft,13
HUN,rétes tészta,13
HUN,Steak,13
HUN,fay,13
HUN,kinkey,13
HUN,szőll,13
HUN,kitche,13
HUN,kometa sonka,13
HUN,tortabevono,13
HUN,cikoria,13
HUN,neogra,13
HUN,sab,13
HUN,fagyasztó,13
HUN,egészségügyi betét,13
HUN,hor dog,13
HUN,mester,13
HUN,kokusz ital,13
HUN,lucu,13
HUN,cocq,13
HUN,gyümölcsös,13
HUN,frissentartó,13
HUN,sör al,13
HUN,szalve,13
HUN,táblacsoki,13
HUN,white beans,13
HUN,baking pow,13
HUN,trobi,13
HUN,m&m’s,13
HUN,mandari,13
HUN,rétestészta,13
HUN,speck,13
HUN,kiflu,13
HUN,szemeted,13
HUN,paprikas chips,13
HUN,shaving cream,13
HUN,disznózsír,13
HUN,szafaládé,13
HUN,szója sz,13
HUN,ritte,13
HUN,eper bor,13
HUN,koktélparad,13
HUN,fettu,13
HUN,hals,13
HUN,noisette,13
HUN,ceza,13
HUN,tejter,13
HUN,obst,13
HUN,hell new,13
HUN,Frosta,13
HUN,suhi,13
HUN,darl,13
HUN,félszáraz,13
HUN,növényi vaj,13
HUN,milka mmm,13
HUN,lazmero,13
HUN,Karfiol,13
HUN,hair conditioner,13
HUN,habanero,13
HUN,somerby,13
HUN,leveles te,13
HUN,maut,13
HUN,görög y,13
HUN,beluga,13
HUN,cos,13
HUN,Avocado,13
HUN,rs,13
HUN,kinder m,13
HUN,beef mince,13
HUN,wet w,13
HUN,tobas,13
HUN,almasz,13
HUN,coke z,13
HUN,x-epil,13
HUN,ok,13
HUN,kenyér kovászos,13
HUN,moritz,13
HUN,fasir,13
HUN,szél,13
HUN,háztartasi keksz,13
HUN,tueo,13
HUN,nis,13
HUN,cura,13
HUN,kukoro,13
HUN,tv p,13
HUN,tabasc,13
HUN,Corn,13
HUN,káb,13
HUN,sargarep,13
HUN,fecske,13
HUN,viled,13
HUN,marti,13
HUN,harribo,13
HUN,tortulla,13
HUN,jegre,13
HUN,fehér hagyma,13
HUN,mogyoró krém,13
HUN,philadelfia,13
HUN,walnu,13
HUN,cola cola,13
HUN,фасоль,13
HUN,tsch,13
HUN,pregnancy test,13
HUN,petrezsejem,13
HUN,szent and,13
HUN,paradicsom suritmeny,13
HUN,scitec,13
HUN,hawaii,13
HUN,viu,13
HUN,burger sauce,13
HUN,jogg,13
HUN,caputo,13
HUN,carrot juice,13
HUN,kemyé,13
HUN,patika,13
HUN,active,13
HUN,buratt,13
HUN,sabor,13
HUN,hagymás tejf,13
HUN,melba,13
HUN,chilli oil,13
HUN,violif,13
HUN,alpro rizs,13
HUN,fior,13
HUN,ömles,13
HUN,buzaliszt,13
HUN,werth,13
HUN,lan,13
HUN,faf,13
HUN,canesten,13
HUN,budak,13
HUN,hamburger h,13
HUN,schinken,13
HUN,dínó,13
HUN,popsicle,13
HUN,coccolini,13
HUN,magmix,13
HUN,why,13
HUN,helll,13
HUN,Csir,13
HUN,potato chips,13
HUN,alask,13
HUN,codka,13
HUN,fusto,13
HUN,glutenmentes keny,13
HUN,növényi joghurt,13
HUN,japán,13
HUN,vegán tejsz,13
HUN,színező,13
HUN,kolozsvá,13
HUN,babyb,13
HUN,fresh chicken,13
HUN,bert,13
HUN,lönc,13
HUN,holland kakao,13
HUN,töröl,13
HUN,us,13
HUN,alkoholos filc,13
HUN,magnum b,13
HUN,eperl,13
HUN,mionetto,13
HUN,szobi,13
HUN,aioli,13
HUN,tow,13
HUN,prit,13
HUN,szovacs,13
HUN,Nissin,13
HUN,Papírtörl,13
HUN,vaniliaaroma,13
HUN,fehér b,13
HUN,ceaser,13
HUN,pickwi,13
HUN,tédzta,13
HUN,breeze,13
HUN,chirke,13
HUN,liptob,13
HUN,ao,13
HUN,yoh,13
HUN,vattak,13
HUN,őszibaracklé,13
HUN,marancs,13
HUN,monstet,13
HUN,gyalul,13
HUN,celeb,13
HUN,gluténmentes pan,13
HUN,rizsli,13
HUN,szendavas,13
HUN,sos keksz,13
HUN,juha,13
HUN,moka,13
HUN,coxa,13
HUN,töpört,13
HUN,sertés darált,13
HUN,vanilias c,13
HUN,erdei gyumolcs,13
HUN,édes anna,13
HUN,cockta,13
HUN,rice uo,13
HUN,mast,13
HUN,magnez,13
HUN,citrus mix,13
HUN,japa,13
HUN,fuze tea zero,13
HUN,magu,13
HUN,tanya,13
HUN,gyal,13
HUN,dry shampoo,13
HUN,kutyael,13
HUN,jat,13
HUN,air fr,13
HUN,spirte,13
HUN,durrx,13
HUN,kiszt,13
HUN,paszt,13
HUN,Vilgain Trouble feherjeszelet kokuszos,13
HUN,csemegeubor,13
HUN,jana b,13
HUN,mixa,13
HUN,vörös ha,13
HUN,villanykörte,13
HUN,fájdalomcsillapító,13
HUN,prawns,13
HUN,hég,13
HUN,20%,13
HUN,kelt,13
HUN,sos perec,13
HUN,vegi,13
HUN,soj,13
HUN,alpro jog,13
HUN,media markt,13
HUN,apenz,13
HUN,wc illato,13
HUN,ya,13
HUN,natur joghu,13
HUN,amme,13
HUN,skyt,13
HUN,mms,13
HUN,fulpisz,12
HUN,babguly,12
HUN,tömlőssajt,12
HUN,regge,12
HUN,ketchup heinz,12
HUN,bellozzo,12
HUN,Daralt,12
HUN,wilkinson,12
HUN,oliva bo,12
HUN,füstöltsajt,12
HUN,хлопья,12
HUN,illatosíto,12
HUN,kneipp,12
HUN,burgona,12
HUN,poha,12
HUN,tán,12
HUN,palpusztai,12
HUN,Da,12
HUN,turoeudi,12
HUN,fagyasztott pékáru,12
HUN,cloud 9,12
HUN,gulyásleves,12
HUN,fozotok,12
HUN,rp,12
HUN,steakburgonya,12
HUN,tcibo,12
HUN,sub,12
HUN,kukorica pe,12
HUN,сухари,12
HUN,csanad,12
HUN,zsa,12
HUN,good lunch,12
HUN,Rágó,12
HUN,kutyap,12
HUN,hell z,12
HUN,red beans,12
HUN,Juhász rosé,12
HUN,mascu,12
HUN,öblítő lenor,12
HUN,whole chicken,12
HUN,instant té,12
HUN,tzatzi,12
HUN,single zero,12
HUN,pasata,12
HUN,letchup,12
HUN,alkol,12
HUN,nea,12
HUN,vegtables,12
HUN,samer,12
HUN,gluténmentes té,12
HUN,feher csokolade,12
HUN,tarka bab,12
HUN,linz,12
HUN,nur,12
HUN,szemtkiralyi,12
HUN,halumi,12
HUN,powerbank,12
HUN,ceas,12
HUN,bav,12
HUN,felicia,12
HUN,Maggi,12
HUN,almachips,12
HUN,monstr,12
HUN,lot,12
HUN,wape,12
HUN,krumplu,12
HUN,húsleves kocka,12
HUN,Fehér,12
HUN,dreher24,12
HUN,jegke,12
HUN,Wol,12
HUN,chocolate milka,12
HUN,puddi,12
HUN,jégkrém vegán,12
HUN,california,12
HUN,hog,12
HUN,szarvac,12
HUN,kinder paradiso,12
HUN,powr,12
HUN,ben & jerry’s,12
HUN,túd,12
HUN,olívabogy,12
HUN,fit mix,12
HUN,ujkrumpli,12
HUN,Ha,12
HUN,wheat beer,12
HUN,fűszervaj,12
HUN,fokagyma,12
HUN,necta,12
HUN,amaretto,12
HUN,gluténmentes zabpehely,12
HUN,cukrászda,12
HUN,3i,12
HUN,cheeze,12
HUN,lecsó kol,12
HUN,hayma,12
HUN,zabfala,12
HUN,csirke leves,12
HUN,kugl,12
HUN,hello kitty,12
HUN,amb,12
HUN,csirke nuggets,12
HUN,grá,12
HUN,tèszt,12
HUN,kön,12
HUN,oblít,12
HUN,tang,12
HUN,post,12
HUN,fireball,12
HUN,papir zsebkendo,12
HUN,Fogkefe,12
HUN,himalaya,12
HUN,ásványvíz szén,12
HUN,kola zero,12
HUN,sűrített parad,12
HUN,folyékony szap,12
HUN,sonka pulyka,12
HUN,profiter,12
HUN,хумус,12
HUN,cukkíni,12
HUN,buldam,12
HUN,steinberger,12
HUN,oliva b,12
HUN,vegab,12
HUN,leerd,12
HUN,panírm,12
HUN,finlandi,12
HUN,chicken spice,12
HUN,cilli,12
HUN,hotdog bread,12
HUN,muskotály,12
HUN,30%,12
HUN,basilic,12
HUN,tartos,12
HUN,oh,12
HUN,bep,12
HUN,pepsi lime,12
HUN,balzsamece,12
HUN,kekesz,12
HUN,leerda,12
HUN,kukorica kemény,12
HUN,brazil,12
HUN,kvark,12
HUN,szensavas víz,12
HUN,gluténmentes kenyé,12
HUN,str8,12
HUN,almete,12
HUN,1.5,12
HUN,Milánói,12
HUN,dreger,12
HUN,ie,12
HUN,hajzsel,12
HUN,tortelli,12
HUN,balea,12
HUN,sárga dinnye,12
HUN,akcio,12
HUN,fagyasztott mál,12
HUN,nit,12
HUN,batiste,12
HUN,láng,12
HUN,ветчина,12
HUN,gnoch,12
HUN,"0,2",12
HUN,nee,12
HUN,hil,12
HUN,cuco,12
HUN,power ra,12
HUN,pd,12
HUN,high p,12
HUN,lila h,12
HUN,fürdőbomba,12
HUN,tamarind,12
HUN,bit,12
HUN,cornetti,12
HUN,coffee cap,12
HUN,pinot noir,12
HUN,proteim,12
HUN,keb,12
HUN,örm,12
HUN,paradicd,12
HUN,kompot,12
HUN,cheeseland,12
HUN,csiperk,12
HUN,nobilis,12
HUN,ben n,12
HUN,szalvét,12
HUN,kever,12
HUN,feledes,12
HUN,mogyoros chips,12
HUN,lipoti,12
HUN,marhalábsz,12
HUN,vul,12
HUN,szent kir,12
HUN,rozsliszt,12
HUN,örölt paprika,12
HUN,mohit,12
HUN,tubo,12
HUN,mirelit hus,12
HUN,hulla,12
HUN,steam,12
HUN,eroleves,12
HUN,habver,12
HUN,nyaka,12
HUN,nutmeg,12
HUN,gluténmentes m,12
HUN,kas,12
HUN,xepil,12
HUN,prosch,12
HUN,almomd,12
HUN,wild berry,12
HUN,erd,12
HUN,mosogato tabletta,12
HUN,purr,12
HUN,sel,12
HUN,vì,12
HUN,pq,12
HUN,caramel popcorn,12
HUN,mentesvíz,12
HUN,ivój,12
HUN,sajtszos,12
HUN,hwll,12
HUN,pane,12
HUN,parisi,12
HUN,nesquic,12
HUN,buk,12
HUN,vanilia fagy,12
HUN,alap por,12
HUN,hea,12
HUN,hash,12
HUN,izotoni,12
HUN,pasta s,12
HUN,kolozsvári szalonna,12
HUN,ír vaj,12
HUN,capsules,12
HUN,cornito,12
HUN,meggy b,12
HUN,oblitő,12
HUN,tejterm,12
HUN,fejes sal,12
HUN,schokolade,12
HUN,Fuzetea,12
HUN,ásványvz,12
HUN,lavash,12
HUN,tudo,12
HUN,hunga,12
HUN,burgonyapehely,12
HUN,kovászos ubor,12
HUN,фисташки,12
HUN,яй,12
HUN,corn f,12
HUN,irtó,12
HUN,scissor,12
HUN,örölt kávé,12
HUN,leves zöldseg,12
HUN,gilet,12
HUN,ajva,12
HUN,slice cheese,12
HUN,bor irsai,12
HUN,spinat,12
HUN,pölösk,12
HUN,cau,12
HUN,sour cherry,12
HUN,leerdam,12
HUN,hafer,12
HUN,szos,12
HUN,cabanos,12
HUN,szeletelt mandula,12
HUN,protein jogh,12
HUN,ice cream vegan,12
HUN,gyujtó,12
HUN,guse,12
HUN,tasty,12
HUN,fennel,12
HUN,zucch,12
HUN,oliva bog,12
HUN,micro pop,12
HUN,boly,12
HUN,pineapp,12
HUN,natur yo,12
HUN,matrac,12
HUN,hör,12
HUN,papír tör,12
HUN,szarbucks,12
HUN,finoml,12
HUN,nyaló,12
HUN,eti,12
HUN,traubu,12
HUN,joghurt nat,12
HUN,graha,12
HUN,csirkecombfile,12
HUN,pink lemon,12
HUN,osto,12
HUN,folyékonyszappan,12
HUN,pak ch,12
HUN,beg,12
HUN,fini dino,12
HUN,tészta durum,12
HUN,hurk,12
HUN,cukormentes cs,12
HUN,plantain,12
HUN,lazav,12
HUN,kard,12
HUN,cocos,12
HUN,хлебцы,12
HUN,Öblít,12
HUN,mozo,12
HUN,szaf,12
HUN,sanbene,12
HUN,sarti,12
HUN,rizsdara,12
HUN,vegan chocolate,12
HUN,sushi rice,12
HUN,protein yo,12
HUN,maasd,12
HUN,halloum,12
HUN,tust,12
HUN,k3,12
HUN,suli,12
HUN,toportyu,12
HUN,бумага,12
HUN,vilgane,12
HUN,purp,12
HUN,söe,12
HUN,absolut vodka,12
HUN,grapefru,12
HUN,cherry zero,12
HUN,hell classic,12
HUN,vegán majonéz,12
HUN,disin,12
HUN,czider,12
HUN,szeszes,12
HUN,laktózmentes mascarpone,12
HUN,gurken,12
HUN,édesköm,12
HUN,csípős sz,12
HUN,poltz,12
HUN,So,12
HUN,alrpo,12
HUN,mungóbab,12
HUN,kenyérr,12
HUN,sajt lak,12
HUN,rudo,12
HUN,franciasa,12
HUN,ferrero rocher,12
HUN,fen,12
HUN,granu,12
HUN,ezers,12
HUN,kenyér kocka,12
HUN,sai,12
HUN,rexo,12
HUN,parmezab,12
HUN,la fiesta,12
HUN,kávé kapsz,12
HUN,sós ch,12
HUN,zsemle morzs,12
HUN,yougu,12
HUN,szűzpecsenye,12
HUN,gba,12
HUN,chocken,12
HUN,rio ma,12
HUN,hair gel,12
HUN,hair color,12
HUN,ajándék táska,12
HUN,flax,12
HUN,spagetti por,12
HUN,creamer,12
HUN,kukorca,12
HUN,pret,12
HUN,mito,12
HUN,tent,12
HUN,cox,12
HUN,showe,12
HUN,risi,12
HUN,blue berries,12
HUN,ioncs,12
HUN,nordsee,12
HUN,kenxer,12
HUN,bum,12
HUN,kenyérszalonna,12
HUN,befottes,12
HUN,gonb,12
HUN,mosok,12
HUN,sajtgoly,12
HUN,alpro k,12
HUN,agonya,12
HUN,fozotejszi,12
HUN,tömlös sajt,12
HUN,elsabor,12
HUN,l'or,12
HUN,betu,12
HUN,lefolyotisztito,12
HUN,hallou,12
HUN,cukork,12
HUN,Édesség,12
HUN,csiperkegomba,12
HUN,serpenyo,12
HUN,husgo,12
HUN,sne,12
HUN,grill fuszer,12
HUN,Tusf,12
HUN,lazacfilé,12
HUN,ot,12
HUN,marcha,12
HUN,alg,12
HUN,liza,12
HUN,zsm,12
HUN,flu,12
HUN,fültisztít,12
HUN,tojásfeh,12
HUN,kenom,12
HUN,"Friss tojas M, 10 db",12
HUN,laktozmentes mozzarella,12
HUN,alcho,12
HUN,intim mosakodo,12
HUN,roll on,12
HUN,paprikás sza,12
HUN,nix,12
HUN,Piros,12
HUN,ete,12
HUN,cough,12
HUN,tomato s,12
HUN,strawber,12
HUN,légfrissito,12
HUN,cserped,12
HUN,étkezési só,12
HUN,grape jui,12
HUN,brad,12
HUN,törlőpapír,12
HUN,aspar,12
HUN,ben and j,12
HUN,tönkölybúza,12
HUN,dian,12
HUN,villám,12
HUN,sós kifli,12
HUN,sovány t,12
HUN,tsc,12
HUN,oliven,12
HUN,kókusztejpor,12
HUN,milka cho,12
HUN,deterg,12
HUN,villanyk,12
HUN,vanilla essence,12
HUN,prágai sonka,12
HUN,hamburger z,12
HUN,sumer,12
HUN,Biotech,12
HUN,vata,12
HUN,kezfertotlenito,12
HUN,icd,12
HUN,4 sajtos,12
HUN,mod,12
HUN,sajtrém,12
HUN,cbd,12
HUN,pecsenye,12
HUN,hőv,12
HUN,baza,12
HUN,dragon,12
HUN,kaveital,12
HUN,levescs,12
HUN,chicjen,12
HUN,háztartási k,12
HUN,vb,12
HUN,artificer,12
HUN,florase,12
HUN,banános csoki,12
HUN,dental floss,12
HUN,allat,12
HUN,towel paper,12
HUN,plastic wrap,12
HUN,i e,12
HUN,wgg,12
HUN,smirnoff,12
HUN,mosogatósziv,12
HUN,tobogan,12
HUN,AA,12
HUN,rennie,12
HUN,dr peppe,12
HUN,kristal,12
HUN,nick’,12
HUN,tej la,12
HUN,medi,12
HUN,lip balm,12
HUN,cóla,12
HUN,Törley,12
HUN,Gabona,12
HUN,Sajtkr,12
HUN,koffeinmentes kave,12
HUN,strawberry jam,12
HUN,bucket,12
HUN,napraforgó mag,12
HUN,Joghu,12
HUN,b12,12
HUN,wass,12
HUN,Nestea,12
HUN,barackbef,12
HUN,sake,12
HUN,beef jer,12
HUN,magnuk,12
HUN,szafal,12
HUN,light trapista,12
HUN,wc illatosít,12
HUN,zsirol,12
HUN,frittma,12
HUN,liofil,12
HUN,Kovászos,12
HUN,creat,12
HUN,gabonapehe,12
HUN,nutella jégkrém,12
HUN,gyógyszertár,12
HUN,pretz,12
HUN,piros papri,12
HUN,fajdalom,12
HUN,sörp,12
HUN,szőlö,12
HUN,zabkas,12
HUN,szeak,12
HUN,mues,12
HUN,tilápia,12
HUN,sajtos chio,12
HUN,vann,12
HUN,krumo,12
HUN,sumac,12
HUN,toetilla,12
HUN,cèkla,12
HUN,ragogumi,12
HUN,ketxhup,12
HUN,fresh mint,12
HUN,toilet pape,12
HUN,friss kapor,12
HUN,laktoz mentes tej,12
HUN,natr,12
HUN,Pita,12
HUN,narancslè,12
HUN,ghe,12
HUN,mirelit gy,12
HUN,bögre,12
HUN,csirkmell,12
HUN,kijev,12
HUN,quiona,12
HUN,rosh,12
HUN,csír,12
HUN,tas,12
HUN,Vilgain Double Trouble feherjeszelet,12
HUN,snack kolb,12
HUN,aranyci,12
HUN,kardam,12
HUN,mogyorós csoki,12
HUN,pattogatott kukorica,12
HUN,varr,12
HUN,Bulgur,12
HUN,tortelloni,12
HUN,küchenrolle,12
HUN,cirn,12
HUN,melegszendvicskr,12
HUN,zsirszegeny turo,12
HUN,chisp,12
HUN,röszt,12
HUN,oe,12
HUN,Glutenmentes,12
HUN,protein bread,12
HUN,cafe fre,12
HUN,coffee bean,12
HUN,piritott hag,12
HUN,broccol,12
HUN,virsli pick,12
HUN,püre,12
HUN,görög dinny,12
HUN,tölc,12
HUN,protein tészta,12
HUN,Frosch,12
HUN,sonkás,12
HUN,cukormemtes,12
HUN,energia i,12
HUN,mosólap,12
HUN,vanília fagyi,12
HUN,vina,12
HUN,elektrol,12
HUN,riceu,12
HUN,Coca col,12
HUN,tej 3.5,12
HUN,sac,12
HUN,cayenn,12
HUN,soagett,12
HUN,emental,12
HUN,tapio,12
HUN,kreat,12
HUN,role,12
HUN,lipton barack,12
HUN,akt,12
HUN,nespresso kapszula,12
HUN,vega sajt,12
HUN,ehrm,12
HUN,Vörös,12
HUN,hell cof,12
HUN,marry me,12
HUN,frizzante,12
HUN,mexicor,12
HUN,vaniliacukor,12
HUN,zabita,12
HUN,baba tu,12
HUN,nachos sz,12
HUN,sevenda,12
HUN,corn flake,12
HUN,phile,12
HUN,jázm,12
HUN,Po,12
HUN,körömlakklemosó,12
HUN,hü,12
HUN,csirke alaplé,12
HUN,zéró co,12
HUN,szenetes,12
HUN,lámpa,12
HUN,shampon,12
HUN,süto,12
HUN,kiei,12
HUN,fagylalr,12
HUN,chips tortilla,12
HUN,lilakaposzta,12
HUN,győri éd,12
HUN,coca cila,12
HUN,tei,12
HUN,fondant,12
HUN,Cukorka,12
HUN,antip,12
HUN,majonézes torma,12
HUN,kny,12
HUN,baby food,12
HUN,kartoffeln,12
HUN,hullámos,12
HUN,Coco,12
HUN,zz,12
HUN,bok choy,12
HUN,vanilias cukir,12
HUN,milka cookies,12
HUN,fermentalt,12
HUN,vajas toast,12
HUN,hajolaj,12
HUN,fagyasztott afonya,12
HUN,folyeko,12
HUN,paradicsompur,12
HUN,sirac,12
HUN,pekaeu,12
HUN,fanta bodza,12
HUN,Mosogató,12
HUN,dani,12
HUN,bélsz,12
HUN,csirkep,12
HUN,toltott,12
HUN,cérnam,12
HUN,gyümölcd,12
HUN,eh,12
HUN,eusberg,12
HUN,Sio,12
HUN,sour cre,12
HUN,kòkusz,12
HUN,crossaint,12
HUN,M&m,12
HUN,cabage,12
HUN,tartósít,12
HUN,ea,12
HUN,chilis b,12
HUN,hydra,12
HUN,hyp,12
HUN,gyerek pezsgő,12
HUN,polenta,12
HUN,zero sió,12
HUN,saláták,12
HUN,szójaszós,12
HUN,krumplicukor,12
HUN,komzerv,12
HUN,papirtanyer,12
HUN,"Nowaco eper, 350 g",12
HUN,Lilahagyma,12
HUN,bio t,12
HUN,boros,12
HUN,csipo,12
HUN,frau,12
HUN,faji,12
HUN,sós karamellás,12
HUN,spam,12
HUN,szecsuani,12
HUN,felület,12
HUN,tejtermek,12
HUN,m & m,12
HUN,wggs,12
HUN,koloz,12
HUN,szarazsampon,12
HUN,iraai,12
HUN,tejszn,12
HUN,gillete,12
HUN,szőlő cukor,12
HUN,frankfurt,12
HUN,sparkling wa,12
HUN,Epres,12
HUN,limescale,12
HUN,okra,12
HUN,jel,12
HUN,alpro vanilia,12
HUN,zubrow,12
HUN,sajtkrén,12
HUN,HELL,12
HUN,jékr,12
HUN,gol,12
HUN,mr m,12
HUN,kacsaz,12
HUN,Salad,12
HUN,basi,12
HUN,csirkema,12
HUN,gulon,12
HUN,jegkrem cukormentes,12
HUN,pampers 6,12
HUN,protrin,12
HUN,Libresse,12
HUN,táblás csoki,12
HUN,cigarettes,12
HUN,papers,12
HUN,kétsz,12
HUN,fruc,12
HUN,peos,12
HUN,cookie crisp,12
HUN,gyümölcs joghurt,12
HUN,izvarazs,12
HUN,áfonyalekvár,12
HUN,hash brown,12
HUN,risoni,12
HUN,паприка,12
HUN,habspray,12
HUN,hansaplast,12
HUN,koki,12
HUN,artichoke,12
HUN,parq,12
HUN,tejde,12
HUN,folyékony pác,12
HUN,vitalade,12
HUN,fulpi,12
HUN,keményit,12
HUN,песто,12
HUN,kovàszos,12
HUN,fültisztí,12
HUN,been,12
HUN,mistár,12
HUN,sunflower seeds,12
HUN,téti,12
HUN,zöldségk,12
HUN,krumplipü,12
HUN,hidratáló,12
HUN,Gyertya,12
HUN,Snickers Hi-Protein csokis,12
HUN,pirospapri,12
HUN,kókusz krém,12
HUN,olive oi,12
HUN,cornflake,12
HUN,töltö,12
HUN,laktózmentes g,12
HUN,cooking crea,12
HUN,fuszerpa,12
HUN,krumpli püré,12
HUN,borsótej,12
HUN,stuhmer,12
HUN,csomagolt,12
HUN,köles golyó,12
HUN,sangr,12
HUN,palm,12
HUN,beetr,12
HUN,mosóparf,12
HUN,kezto,12
HUN,english,12
HUN,lipton ice,12
HUN,schweppe,12
HUN,tüsf,12
HUN,kecskesa,12
HUN,cumis,12
HUN,b vitamin,12
HUN,durex xl,12
HUN,aszpik,12
HUN,szent királyi,12
HUN,Vajkr,12
HUN,harino,12
HUN,hawai,12
HUN,teso,12
HUN,tice,12
HUN,instand,12
HUN,hajdi,12
HUN,vecsési,12
HUN,shak,12
HUN,nudl,12
HUN,wc papie,12
HUN,levelestészta,12
HUN,guancale,12
HUN,rea,12
HUN,Mag,12
HUN,krumi,12
HUN,Kalács,12
HUN,ubrka,12
HUN,Brassó,12
HUN,food box,12
HUN,metelohagyma,12
HUN,diá,12
HUN,Lakt,12
HUN,Fűszer,12
HUN,hegyez,12
HUN,gyerekpezsg,12
HUN,sticklett,12
HUN,towe,12
HUN,joghurt gör,12
HUN,tészták,12
HUN,toast ken,12
HUN,Készétel,12
HUN,himalaja,12
HUN,besamel,12
HUN,vegan jég,12
HUN,céklal,12
HUN,cartr,12
HUN,cca,12
HUN,vaniliás cuko,12
HUN,stühmer,12
HUN,szojasz,12
HUN,szál,12
HUN,vegetarian,12
HUN,alro,12
HUN,BioTechUSA Protein Max pisztacia izu,12
HUN,pulykamellsonka,12
HUN,csk,12
HUN,coffee powder,12
HUN,ben jerrys,12
HUN,tiro,12
HUN,bravos,12
HUN,skittle,12
HUN,silk,12
HUN,dziu,12
HUN,knorr leves,12
HUN,"Vilgain mosogatoszer erzekeny borre,",12
HUN,pálpusztai,12
HUN,chup,12
HUN,dumpl,12
HUN,kokuszjoghurt,12
HUN,kakaós c,12
HUN,misze,12
HUN,oito,12
HUN,rz,12
HUN,pikáns,12
HUN,milu,12
HUN,chio oven,12
HUN,krm,12
HUN,fur,12
HUN,ron,12
HUN,fod,12
HUN,leaf,12
HUN,karto,12
HUN,toothpick,12
HUN,tőkehalm,12
HUN,insala,12
HUN,husgoly,12
HUN,birsli,12
HUN,филе,12
HUN,q tips,12
HUN,muffin forma,12
HUN,pizza k,12
HUN,pick fresh,12
HUN,usito,12
HUN,Traubi,12
HUN,hell alma,12
HUN,staropra,12
HUN,blackberry,12
HUN,sweet and sour,12
HUN,terít,12
HUN,disposable,11
HUN,agua,11
HUN,Betét,11
HUN,fehérje por,11
HUN,fg,11
HUN,tartá,11
HUN,szendvics krem,11
HUN,udito zero,11
HUN,diet pepsi,11
HUN,jame,11
HUN,palca,11
HUN,peridot,11
HUN,pombers,11
HUN,prof,11
HUN,probiotikum,11
HUN,maci kávé,11
HUN,zselés,11
HUN,focacc,11
HUN,laktozmentes gorog,11
HUN,lego botanicals,11
HUN,paw patrol,11
HUN,pirítós,11
HUN,farfa,11
HUN,Csi,11
HUN,toe,11
HUN,Aldi,11
HUN,Beef,11
HUN,pig,11
HUN,yi,11
HUN,melegszendvicskrem,11
HUN,cras,11
HUN,Lak,11
HUN,édes savanyú szósz,11
HUN,tone,11
HUN,powerrad,11
HUN,Tök,11
HUN,minced turkey,11
HUN,kéksaj,11
HUN,coffee pod,11
HUN,saláta keverék,11
HUN,Almal,11
HUN,tùrò,11
HUN,szara,11
HUN,beo,11
HUN,màrka,11
HUN,cyder,11
HUN,Yo,11
HUN,passzi,11
HUN,sós vaj,11
HUN,sneaker,11
HUN,kukasz,11
HUN,skiz,11
HUN,zero redbull,11
HUN,caban,11
HUN,parány,11
HUN,túróstáska,11
HUN,cujor,11
HUN,koghurt,11
HUN,homey,11
HUN,hullala,11
HUN,natúr yoghurt,11
HUN,bazsalikomos,11
HUN,cukormentes üditő,11
HUN,hidrat,11
HUN,unsalted butter,11
HUN,crun,11
HUN,hamburger bu,11
HUN,hámoz,11
HUN,Ken,11
HUN,maxska,11
HUN,rozsk,11
HUN,bazd,11
HUN,rucol,11
HUN,izesített,11
HUN,Salmon,11
HUN,tobogán,11
HUN,vitamixx,11
HUN,tortadara,11
HUN,ripp,11
HUN,kenér,11
HUN,mec,11
HUN,laktozmentes teh,11
HUN,tűző,11
HUN,tedbull,11
HUN,baking p,11
HUN,mini mozz,11
HUN,cito,11
HUN,pizza té,11
HUN,etkezesi,11
HUN,buzafinom,11
HUN,vegyes v,11
HUN,magnum veg,11
HUN,cut,11
HUN,padlizsánk,11
HUN,tejl,11
HUN,sertésh,11
HUN,croutons,11
HUN,cola coca,11
HUN,Puffasztott,11
HUN,zero barack,11
HUN,basmati rice,11
HUN,reszekt sajt,11
HUN,freezer,11
HUN,vorosb,11
HUN,sqjt,11
HUN,icw,11
HUN,ristora,11
HUN,slippers,11
HUN,aszu,11
HUN,baile,11
HUN,növenyi tej,11
HUN,m3,11
HUN,kőrö,11
HUN,gulyásk,11
HUN,suto papir,11
HUN,foca,11
HUN,szemetes z,11
HUN,sodast,11
HUN,szoda viz,11
HUN,szaritott parad,11
HUN,cai,11
HUN,alma chips,11
HUN,tészta penne,11
HUN,ajuna,11
HUN,airways,11
HUN,smek,11
HUN,keményitő,11
HUN,fogpiszkál,11
HUN,zews,11
HUN,Granola,11
HUN,parmet,11
HUN,Gyümölcslé,11
HUN,tepa,11
HUN,zucker,11
HUN,utas,11
HUN,dinnyr,11
HUN,sanpelleg,11
HUN,лед,11
HUN,főt,11
HUN,ariel sensitive,11
HUN,Finlandia,11
HUN,straws,11
HUN,vegan jégkr,11
HUN,salar,11
HUN,jégkrém carte,11
HUN,libres,11
HUN,granulátum,11
HUN,kiflo,11
HUN,fustolt hus,11
HUN,haj fest,11
HUN,túrò,11
HUN,dobozos üd,11
HUN,szúnyogháló,11
HUN,tuk,11
HUN,sertes daralt,11
HUN,csemege k,11
HUN,zero kol,11
HUN,sport szele,11
HUN,it's,11
HUN,panadol,11
HUN,csirkefuszer,11
HUN,aluminum,11
HUN,adap,11
HUN,pend,11
HUN,gyömbér shot,11
HUN,petsg,11
HUN,Hell coffe,11
HUN,fonti di,11
HUN,springles,11
HUN,flór,11
HUN,aspara,11
HUN,fuszerp,11
HUN,mosogatosze,11
HUN,gullin,11
HUN,Lecsó,11
HUN,TEJ,11
HUN,saláta önt,11
HUN,nivea dezodor,11
HUN,pees,11
HUN,hesters life,11
HUN,Citromos,11
HUN,bett,11
HUN,baby spen,11
HUN,wy,11
HUN,red w,11
HUN,sci,11
HUN,francia drazsé,11
HUN,halfilé,11
HUN,rövidcs,11
HUN,hap,11
HUN,Ben and jerrys,11
HUN,nelly,11
HUN,it’s us,11
HUN,"Nowaco kukorica, 350 g",11
HUN,gir,11
HUN,gim,11
HUN,kókuszkr,11
HUN,leves alap,11
HUN,salad sauce,11
HUN,papírzsepkendő,11
HUN,tejfölt,11
HUN,fagylalz,11
HUN,friza,11
HUN,borsotej,11
HUN,sertés dar,11
HUN,vöro,11
HUN,danin,11
HUN,spae,11
HUN,cek,11
HUN,algoflex,11
HUN,fekete erdo,11
HUN,tenszin,11
HUN,light moz,11
HUN,vastag,11
HUN,tefol,11
HUN,pizzal,11
HUN,spaghet,11
HUN,jég saláta,11
HUN,Avokádó,11
HUN,light ketchup,11
HUN,leveszolds,11
HUN,k9,11
HUN,Wrap,11
HUN,tonhal sós,11
HUN,nedves macskaeledel,11
HUN,toast ke,11
HUN,fam,11
HUN,turór,11
HUN,furdoszoba,11
HUN,sor alkoholmentes,11
HUN,colg,11
HUN,eper lekvár,11
HUN,Zabpehely,11
HUN,chilipor,11
HUN,v8z,11
HUN,csirke p,11
HUN,gagyma,11
HUN,vaníliás pud,11
HUN,paulu,11
HUN,garlic pow,11
HUN,frosties,11
HUN,dress,11
HUN,betűtészta,11
HUN,savanyú ubo,11
HUN,gyorsrizs,11
HUN,szójabab,11
HUN,roj,11
HUN,wolt market l,11
HUN,dubai csoki,11
HUN,arl,11
HUN,cz,11
HUN,rumo,11
HUN,fokhagymak,11
HUN,haztartasi ke,11
HUN,зубная паста,11
HUN,mosogatosz,11
HUN,szívószálas,11
HUN,túrógomb,11
HUN,soproni ipa,11
HUN,elősüt,11
HUN,vanília arom,11
HUN,tanpon,11
HUN,cocu,11
HUN,Tusfurdo,11
HUN,croasson,11
HUN,laktoentes,11
HUN,teszts,11
HUN,schaer,11
HUN,bread flour,11
HUN,mac n,11
HUN,glutenmentes t,11
HUN,thu,11
HUN,szójaital,11
HUN,ásvà,11
HUN,kifi,11
HUN,cio,11
HUN,paradicsm,11
HUN,churr,11
HUN,leibni,11
HUN,sajttort,11
HUN,sweet chilli,11
HUN,levesbetet,11
HUN,vagd,11
HUN,eperlekv,11
HUN,buza dara,11
HUN,cinam,11
HUN,baba tusfürd,11
HUN,soag,11
HUN,pecorino romano,11
HUN,ribi,11
HUN,ben and jer,11
HUN,csokisz,11
HUN,guiseppe,11
HUN,kana,11
HUN,eritri,11
HUN,szeren,11
HUN,vecs,11
HUN,orange ju,11
HUN,сухарики,11
HUN,pai,11
HUN,cuca,11
HUN,juc,11
HUN,fes,11
HUN,shär,11
HUN,ásvànyv,11
HUN,zero sp,11
HUN,Majonez,11
HUN,narancs l,11
HUN,gyombersor,11
HUN,kronenburg,11
HUN,tejszon,11
HUN,körz,11
HUN,korn,11
HUN,bic,11
HUN,Savanyúság,11
HUN,cort,11
HUN,tisztasa,11
HUN,Sausage,11
HUN,tojáy,11
HUN,powee,11
HUN,fustolt kolbasz,11
HUN,0% sör,11
HUN,cheery,11
HUN,citromos g,11
HUN,haztartási keksz,11
HUN,torlo kendo,11
HUN,boo,11
HUN,tarolo,11
HUN,rasb,11
HUN,air fresh,11
HUN,Ri,11
HUN,ec pap,11
HUN,filippo,11
HUN,machos,11
HUN,túrógo,11
HUN,ben and jerries,11
HUN,füstölt la,11
HUN,majonr,11
HUN,vadkovasz,11
HUN,káposztasaláta,11
HUN,kiko,11
HUN,jonagold,11
HUN,szilvá,11
HUN,tejberiz,11
HUN,lit,11
HUN,szendavas viz,11
HUN,élesztö,11
HUN,Energia,11
HUN,szenhi,11
HUN,k8nder,11
HUN,bug spray,11
HUN,vanillia aroma,11
HUN,chocolate sauce,11
HUN,Ázsia,11
HUN,mosógató,11
HUN,vacon,11
HUN,tenfol,11
HUN,olasz sajt,11
HUN,greek yogh,11
HUN,curaprox,11
HUN,helk,11
HUN,ben’s original,11
HUN,Jogobella,11
HUN,meridol,11
HUN,ragcsa,11
HUN,levescsont,11
HUN,olasz fűszer,11
HUN,vörösba,11
HUN,cay,11
HUN,hay,11
HUN,dete,11
HUN,asvanViz,11
HUN,zewa pap,11
HUN,tej uh,11
HUN,got2,11
HUN,tejszim,11
HUN,szélesm,11
HUN,törölköz,11
HUN,koktélpar,11
HUN,sárga r,11
HUN,sex shop,11
HUN,kávékr,11
HUN,Zabkása,11
HUN,kristályc,11
HUN,kelkápo,11
HUN,zoldsegmix,11
HUN,müzlisz,11
HUN,csokoládé öntet,11
HUN,sajt tolle,11
HUN,hazel,11
HUN,ásvanyviz,11
HUN,parmigi,11
HUN,krema,11
HUN,trata,11
HUN,mascarpine,11
HUN,áfonyal,11
HUN,sárgabar,11
HUN,vanilia j,11
HUN,címke,11
HUN,kekz,11
HUN,szálmi,11
HUN,dia wellness,11
HUN,eler,11
HUN,sourdou,11
HUN,kapro,11
HUN,frei cafe,11
HUN,sonkas,11
HUN,túr9,11
HUN,magyar te,11
HUN,palc,11
HUN,kaná,11
HUN,kukorica saláta,11
HUN,jásdi,11
HUN,ömleszt,11
HUN,haburger,11
HUN,bor félédes,11
HUN,lemon water,11
HUN,dry fruit,11
HUN,dug,11
HUN,hoegarden,11
HUN,nedves toal,11
HUN,bufa,11
HUN,tápoldat,11
HUN,Li,11
HUN,chio sajt,11
HUN,ground turkey,11
HUN,fasír,11
HUN,hackfleisch,11
HUN,sütő por,11
HUN,vegan yogurt,11
HUN,Zöld tea,11
HUN,Franui,11
HUN,gyümölcstea,11
HUN,fagyasztott tök,11
HUN,sertés sonka,11
HUN,csipke,11
HUN,maggy,11
HUN,nesta,11
HUN,sour patch,11
HUN,bone,11
HUN,krus,11
HUN,apuds,11
HUN,papir pohar,11
HUN,vízi,11
HUN,kenyér szeletelt,11
HUN,abokado,11
HUN,mixed veg,11
HUN,feherbo,11
HUN,szénhidrát csökkentett,11
HUN,mull,11
HUN,Vörösbor,11
HUN,coca light,11
HUN,konyhai papir,11
HUN,vitamin water,11
HUN,jó keny,11
HUN,juhsajt,11
HUN,ceva,11
HUN,franz josef,11
HUN,oszibar,11
HUN,pingvi,11
HUN,ruzs,11
HUN,mosógy,11
HUN,hasabb,11
HUN,pure whey,11
HUN,konyhai p,11
HUN,mozarela,11
HUN,mago,11
HUN,Leveskocka,11
HUN,trapiata,11
HUN,sensi,11
HUN,Avokád,11
HUN,ostly,11
HUN,vegán rudi,11
HUN,csor,11
HUN,salátat,11
HUN,probio,11
HUN,izza,11
HUN,premium beer,11
HUN,gaterade,11
HUN,coco rico,11
HUN,protr,11
HUN,fants,11
HUN,моро,11
HUN,laus,11
HUN,illo,11
HUN,marha darál,11
HUN,aceto,11
HUN,gaz,11
HUN,gatorad,11
HUN,túrista,11
HUN,linder,11
HUN,pellet,11
HUN,crossa,11
HUN,mayonez,11
HUN,kiner,11
HUN,fertőtlenitő,11
HUN,pizzq,11
HUN,unsalted,11
HUN,hot chocolate,11
HUN,ananász konzerv,11
HUN,desper,11
HUN,retesliszt,11
HUN,ádvány,11
HUN,folyékony mos,11
HUN,alátét,11
HUN,томатная,11
HUN,szőrtelenítő,11
HUN,ypgurt,11
HUN,köt,11
HUN,hek,11
HUN,husos csont,11
HUN,pun,11
HUN,extruda,11
HUN,oar,11
HUN,izesitett sor,11
HUN,etelhordo,11
HUN,chive,11
HUN,Ape,11
HUN,cukormentes lekvar,11
HUN,lassa,11
HUN,Avo,11
HUN,Zoldseg,11
HUN,füzetcímke,11
HUN,light mozza,11
HUN,novenyi joghurt,11
HUN,canned tomato,11
HUN,gesztenye püré,11
HUN,unive,11
HUN,sauces,11
HUN,Purina,11
HUN,fanta ex,11
HUN,Wc papir,11
HUN,pakchoi,11
HUN,monster nitro,11
HUN,tükör,11
HUN,poharas,11
HUN,coffee ground,11
HUN,terya,11
HUN,bébiét,11
HUN,bébi sp,11
HUN,sáfr,11
HUN,ammerlan,11
HUN,szardín,11
HUN,seven da,11
HUN,fűszerkömény,11
HUN,chocapi,11
HUN,tusfordo,11
HUN,rêpa,11
HUN,russi,11
HUN,milk protein,11
HUN,csokiszósz,11
HUN,play,11
HUN,Potato,11
HUN,bakerolls,11
HUN,pomeg,11
HUN,frei kávé,11
HUN,pilis,11
HUN,rinse,11
HUN,Mango,11
HUN,truff,11
HUN,barack lekv,11
HUN,ajándékt,11
HUN,papir zse,11
HUN,black velvet,11
HUN,chardon,11
HUN,caro,11
HUN,fényvéd,11
HUN,popsi t,11
HUN,mákrém,11
HUN,fagyasztott erdei,11
HUN,Tarhonya,11
HUN,white bread,11
HUN,univerzális,11
HUN,hungar,11
HUN,pingv,11
HUN,kinley zero,11
HUN,happy h,11
HUN,Jogh,11
HUN,manula,11
HUN,actinel,11
HUN,buborékos víz,11
HUN,"tej 1,5%",11
HUN,vöros,11
HUN,Alkohol,11
HUN,baracj,11
HUN,mosódió,11
HUN,juce,11
HUN,erös,11
HUN,poré,11
HUN,epre,11
HUN,jalepeno,11
HUN,bodka,11
HUN,citric,11
HUN,tony’s,11
HUN,zabtejszín,11
HUN,löwen,11
HUN,KENYÉR,11
HUN,visl,11
HUN,fla,11
HUN,Pulyka,11
HUN,krumpli f,11
HUN,tong,11
HUN,airf,11
HUN,fényvédő,11
HUN,Vanília,11
HUN,mobster,11
HUN,zeeo,11
HUN,strips,11
HUN,hrll,11
HUN,száraz fehér bor,11
HUN,jégkrém zero,11
HUN,salata öntet,11
HUN,capo,11
HUN,fanta ze,11
HUN,kukász,11
HUN,stickle,11
HUN,pak c,11
HUN,gyalult tok,11
HUN,picj,11
HUN,szők,11
HUN,Mozz,11
HUN,sanb,11
HUN,striped chicken,11
HUN,мармелад,11
HUN,feketeribizli,11
HUN,apenza,11
HUN,chease,11
HUN,club m,11
HUN,húsl,11
HUN,parketta,11
HUN,pufasztott,11
HUN,tej cserpes,11
HUN,poppy,11
HUN,bepanten,11
HUN,musl,11
HUN,snidli,11
HUN,ivo joghurt,11
HUN,göt,11
HUN,fagyasztva sz,11
HUN,Ne,11
HUN,dzsem fix,11
HUN,fekete b,11
HUN,ledo,11
HUN,kész etel,11
HUN,milka max,11
HUN,passzí,11
HUN,lencse c,11
HUN,vegan meat,11
HUN,kávé k,11
HUN,süss,11
HUN,Kóla,11
HUN,jou,11
HUN,vilgain whey,11
HUN,pilots,11
HUN,bos,11
HUN,ананас,11
HUN,olqj,11
HUN,leves hus,11
HUN,Nestle Fitness Multigrain Protein,11
HUN,vegan vaj,11
HUN,eperlekvár,11
HUN,csia,11
HUN,sap,11
HUN,фрукты,11
HUN,hagma,11
HUN,rooibos,11
HUN,Sütőpor,11
HUN,sevenup,11
HUN,keszetelek,11
HUN,new ge,11
HUN,reb,11
HUN,bodzasz,11
HUN,tejeskave,11
HUN,resses,11
HUN,one sim,11
HUN,zsemel,11
HUN,ali,11
HUN,yogurth,11
HUN,m m,11
HUN,kil,11
HUN,zsebl,11
HUN,paper t,11
HUN,t3,11
HUN,pulled pork,11
HUN,vai,11
HUN,tau,11
HUN,narancsos,11
HUN,hunyadi,11
HUN,rízskása,11
HUN,paper towe,11
HUN,szotyo,11
HUN,édesitő,11
HUN,húspog,11
HUN,tangerine,11
HUN,szénhidrátcsökkentett,11
HUN,cucam,11
HUN,pepdi,11
HUN,ét csoki,11
HUN,hamburgerhús,11
HUN,zsemlye,11
HUN,Ásvá,11
HUN,sajtos pogacsa,11
HUN,gumicukir,11
HUN,mozarella light,11
HUN,falni jo,11
HUN,koron,11
HUN,paprika chips,11
HUN,kukoricq,11
HUN,sodas,11
HUN,krèmsajt,11
HUN,sajtos sta,11
HUN,WC papí,11
HUN,csilla,11
HUN,cate,11
HUN,demon,11
HUN,gomoly,11
HUN,szüli,11
HUN,watter,11
HUN,Majo,11
HUN,milanoi por,11
HUN,Hester,11
HUN,coke zer,11
HUN,paradicsom passata,11
HUN,selyems,11
HUN,hurkap,11
HUN,cserpes t,11
HUN,Olivabogyó,11
HUN,emment,11
HUN,tészra,11
HUN,abok,11
HUN,melo,11
HUN,vegán felv,11
HUN,belszin,11
HUN,colo,11
HUN,huber,11
HUN,crushed,11
HUN,cm,11
HUN,piritot,11
HUN,szentkiralI,11
HUN,kaki,11
HUN,tuma,11
HUN,Mr,11
HUN,partvis,11
HUN,vanília fagylalt,11
HUN,sved,11
HUN,saffron,11
HUN,fenyőm,11
HUN,Piszt,11
HUN,jelly bean,11
HUN,verde,11
HUN,gintonic,11
HUN,kos,11
HUN,pekándió,11
HUN,olívab,11
HUN,foltt,11
HUN,szendvicskré,11
HUN,russia,11
HUN,saláta ontet,11
HUN,Coc,11
HUN,sajttal t,11
HUN,màjk,11
HUN,folpakk,11
HUN,rolett,11
HUN,alchol,11
HUN,holland kakaópor,11
HUN,airfr,11
HUN,off,11
HUN,ízmester,11
HUN,lipton zer,11
HUN,paszirozott,11
HUN,friss hús,11
HUN,àfonya,11
HUN,bubbl,11
HUN,hiprotein,11
HUN,Édesburgonya,11
HUN,balcsi,11
HUN,haztarta,11
HUN,facewash,11
HUN,dark chocol,11
HUN,málma,11
HUN,ammerland,11
HUN,megyes,11
HUN,levesté,11
HUN,moi,11
HUN,msg,11
HUN,csed,11
HUN,szénsavmentes v,11
HUN,szuz,11
HUN,félbarna kenyér,11
HUN,targonya,11
HUN,torloke,11
HUN,lowen,11
HUN,dishwashing liquid,11
HUN,buegonya,11
HUN,Jé,11
HUN,toke,11
HUN,ubot,11
HUN,vilgain feherje,11
HUN,magnum cukormentes,11
HUN,őszi barack,11
HUN,orsó tészta,11
HUN,olimpos,11
HUN,brown sug,11
HUN,ziz,11
HUN,macskae,11
HUN,vizkőoldó,11
HUN,picks,11
HUN,Mustar,11
HUN,haferflocken,11
HUN,vegán s,11
HUN,hers,11
HUN,ongyujto,11
HUN,Coca co,11
HUN,kapribogyó,11
HUN,fülpiszkáló,11
HUN,Spa,11
HUN,krei,11
HUN,jum,11
HUN,villgai,11
HUN,bekon,11
HUN,ketchuo,11
HUN,alpro vanilla,11
HUN,félédes bor,11
HUN,tzaz,11
HUN,teister,11
HUN,Retek,11
HUN,bolha,11
HUN,mozarr,11
HUN,borok,11
HUN,dr beckmann,11
HUN,hot dog buci,11
HUN,joghurto,11
HUN,Hus,11
HUN,celofan,11
HUN,milka b,11
HUN,kinfer,11
HUN,hamburger zsömle,11
HUN,tonhalsaláta,11
HUN,bananos,11
HUN,loctite,11
HUN,levespor,11
HUN,kovászos ubork,11
HUN,barack be,11
HUN,egy csep,11
HUN,törlő kendő,11
HUN,tolle light,11
HUN,schwarz,11
HUN,Kefír,11
HUN,kukorica kemenyito,11
HUN,szárn,11
HUN,chc,11
HUN,csirkemmel,11
HUN,leves gyongy,11
HUN,sep,11
HUN,mosogató tabletta,11
HUN,calc,11
HUN,farm toja,11
HUN,oldsp,11
HUN,nyul,11
HUN,vegan szelet,11
HUN,kentu,11
HUN,omlesz,11
HUN,aranyászok,11
HUN,mirelit p,11
HUN,mosogató kapszula,11
HUN,volcano,11
HUN,Repa,11
HUN,3/as,11
HUN,csoma,11
HUN,szór,11
HUN,gyúj,11
HUN,tras,11
HUN,szekelykapo,11
HUN,betuteszta,11
HUN,blanx,11
HUN,hot dog kif,11
HUN,zy,11
HUN,granny smith,11
HUN,komusz,11
HUN,cappy lemonade,11
HUN,kert,11
HUN,rizstész,11
HUN,traubj,11
HUN,beef stock,11
HUN,zab liszt,11
HUN,tequil,11
HUN,yp,11
HUN,chich,11
HUN,alkoholos ital,11
HUN,fokhagMa,11
HUN,szeletelt ke,11
HUN,száraz teszta,11
HUN,gulyáshús,11
HUN,liszz,11
HUN,páli,11
HUN,sűritett para,11
HUN,mandel,11
HUN,thibo,11
HUN,borotalco,11
HUN,salátq,11
HUN,mazso,11
HUN,chamomile,11
HUN,celer,11
HUN,turodesszert,11
HUN,szari,11
HUN,vattapamacs,11
HUN,zukkini,11
HUN,Cream,11
HUN,full natur,11
HUN,kávépor,11
HUN,eggp,11
HUN,Jog,11
HUN,teje,11
HUN,hummus chips,11
HUN,kávékapszul,11
HUN,írólap,11
HUN,горчица,11
HUN,dobozos udito,11
HUN,csork,11
HUN,beef j,11
HUN,hollandi,11
HUN,topyoj,11
HUN,alpro soya,11
HUN,csirke fels,11
HUN,sajt szelet,11
HUN,gulyás kr,11
HUN,rizsec,11
HUN,fanny,11
HUN,almaec,11
HUN,jégkrém mini,11
HUN,vel,11
HUN,Magn,11
HUN,irsai oliv,11
HUN,csiper,11
HUN,sprout,11
HUN,hoppy,11
HUN,édes bu,11
HUN,zöldségek,11
HUN,feherr,11
HUN,meghy,11
HUN,cold cut,11
HUN,szellő,11
HUN,feherjeszelet,11
HUN,fokhagyma só,11
HUN,zéró tea,11
HUN,hajfeste,11
HUN,vargánya,11
HUN,péksütemé,11
HUN,fagylalt cukormentes,11
HUN,zeto,11
HUN,űditő,11
HUN,Ubork,11
HUN,riga,11
HUN,csasza,11
HUN,papt,11
HUN,Ananász,11
HUN,chocolate syrup,11
HUN,zellerszár,11
HUN,szalámk,11
HUN,apple jui,11
HUN,herring,11
HUN,gris,11
HUN,lila hagym,11
HUN,buza sor,11
HUN,Auchan,11
HUN,tojás L,11
HUN,сода,11
HUN,tomato pure,11
HUN,vinag,11
HUN,oay,11
HUN,puck,11
HUN,vattakor,11
HUN,olasz fuszer,11
HUN,mexicoi,11
HUN,levend,11
HUN,mn,11
HUN,magozott,11
HUN,boul,11
HUN,víz sz,11
HUN,deso,11
HUN,kokuszresz,11
HUN,zig,11
HUN,férfi tusfürdő,11
HUN,eo,11
HUN,császármorzsa,11
HUN,finn cri,11
HUN,tinta,11
HUN,kávé kaps,11
HUN,teriy,11
HUN,hővéd,11
HUN,torlopapir,11
HUN,carmex,10
HUN,darált ma,10
HUN,pározsi,10
HUN,frosch baby,10
HUN,olv,10
HUN,üditők,10
HUN,rumm,10
HUN,royal vod,10
HUN,illóolaj,10
HUN,salott,10
HUN,Parmesan,10
HUN,kelbi,10
HUN,bébiré,10
HUN,Mountain,10
HUN,Paprik,10
HUN,sashimi,10
HUN,szőlőcu,10
HUN,groun,10
HUN,izesit,10
HUN,csülö,10
HUN,lenm,10
HUN,újbu,10
HUN,c vit,10
HUN,csas,10
HUN,royal vo,10
HUN,khell-food,10
HUN,cédr,10
HUN,twin,10
HUN,teller,10
HUN,spf,10
HUN,osty,10
HUN,tojáskr,10
HUN,tony's,10
HUN,rövidcső,10
HUN,Péká,10
HUN,hab tejszin,10
HUN,szeletelt kolbász,10
HUN,bék,10
HUN,telf,10
HUN,hell di,10
HUN,arial,10
HUN,nachi,10
HUN,reggel,10
HUN,5l,10
HUN,csirkefű,10
HUN,syos,10
HUN,slaata,10
HUN,büki,10
HUN,yogi tea,10
HUN,kenywr,10
HUN,vegán ma,10
HUN,fokhagyma granul,10
HUN,salame,10
HUN,serp,10
HUN,вино,10
HUN,peksru,10
HUN,aza,10
HUN,focaccia,10
HUN,brandy,10
HUN,csemege ku,10
HUN,laktose,10
HUN,gyors fagyasztott,10
HUN,vág,10
HUN,Zöldbab,10
HUN,párolt z,10
HUN,Kecske,10
HUN,léna,10
HUN,Happy,10
HUN,hw,10
HUN,makrél,10
HUN,szemeskávé,10
HUN,edes bur,10
HUN,gille,10
HUN,pasta sau,10
HUN,9%,10
HUN,rizs lap,10
HUN,weiss,10
HUN,lecsopaprika,10
HUN,viri,10
HUN,chicolate,10
HUN,tray,10
HUN,wc fr,10
HUN,zev,10
HUN,vászon,10
HUN,szarvasgo,10
HUN,ls,10
HUN,aqua panna,10
HUN,kréta,10
HUN,halkrém,10
HUN,pepsi ze,10
HUN,Citromlé,10
HUN,teasü,10
HUN,burgonya szi,10
HUN,taka,10
HUN,sajt trap,10
HUN,ragt,10
HUN,sierra,10
HUN,chio popcorn,10
HUN,pékar,10
HUN,szorp zero,10
HUN,out,10
HUN,bab kon,10
HUN,dolce guszo,10
HUN,mizo túró,10
HUN,hummi,10
HUN,terr,10
HUN,spenótos,10
HUN,kulori,10
HUN,oszile,10
HUN,savoiardi,10
HUN,nacho szósz,10
HUN,erős pi,10
HUN,mmmax,10
HUN,jon,10
HUN,adzalt,10
HUN,gyümölcs szelet,10
HUN,vhi,10
HUN,Jégkré,10
HUN,hajbal,10
HUN,wall,10
HUN,konzerves,10
HUN,ferfi,10
HUN,borotvah,10
HUN,napraforgo olaj,10
HUN,арахис,10
HUN,coi,10
HUN,bepa,10
HUN,greek yogu,10
HUN,babavi,10
HUN,smootie,10
HUN,green chilli,10
HUN,dr.oetker,10
HUN,full na,10
HUN,hagymas tejfolos,10
HUN,kruto,10
HUN,Coca c,10
HUN,gá,10
HUN,zöldség alaplé,10
HUN,papírtörlö,10
HUN,gyi,10
HUN,olaszos,10
HUN,vanillin,10
HUN,testradír,10
HUN,körömkefe,10
HUN,alcohol free beer,10
HUN,telefont,10
HUN,pick sza,10
HUN,egg white,10
HUN,édes-savanyú,10
HUN,cottagecheese,10
HUN,baromfi virsli,10
HUN,varg,10
HUN,suger free,10
HUN,green chili,10
HUN,folyekonyszappan,10
HUN,pick sert,10
HUN,ricecake,10
HUN,picke,10
HUN,aftershave,10
HUN,pezsgö,10
HUN,nyo,10
HUN,this is food,10
HUN,flavored water,10
HUN,usb-c,10
HUN,kókuszital,10
HUN,Di,10
HUN,rinse aid,10
HUN,bace,10
HUN,manum,10
HUN,yipp,10
HUN,korriander,10
HUN,lipton ice tea zero,10
HUN,no milk,10
HUN,farm toj,10
HUN,teszra,10
HUN,washin,10
HUN,kinder csok,10
HUN,teljeskiőr,10
HUN,almond butter,10
HUN,Tomatoes,10
HUN,berge,10
HUN,kum,10
HUN,deto,10
HUN,happy frucht,10
HUN,pörkölt szaft,10
HUN,róka,10
HUN,board,10
HUN,vh,10
HUN,sajtos ki,10
HUN,ásvanyv,10
HUN,fagyasztott má,10
HUN,vörösá,10
HUN,kezkrem,10
HUN,kuka zsák,10
HUN,cheto,10
HUN,grill saj,10
HUN,godri,10
HUN,dried fruit,10
HUN,susage,10
HUN,ize,10
HUN,játékok,10
HUN,vanilia arom,10
HUN,7 d,10
HUN,nose,10
HUN,caffeine,10
HUN,pelenka 7,10
HUN,oatlx,10
HUN,organi,10
HUN,kuka zs,10
HUN,crisp bread,10
HUN,snickerd,10
HUN,trend+,10
HUN,delice,10
HUN,vaj laktóz,10
HUN,barista tej,10
HUN,espress,10
HUN,wet toilet paper,10
HUN,sò,10
HUN,vec,10
HUN,csipos paprika,10
HUN,marhahú,10
HUN,filadel,10
HUN,kókusz zsír,10
HUN,fertőtlení,10
HUN,túrókr,10
HUN,grillz,10
HUN,nestle fitness,10
HUN,zsemle mo,10
HUN,natjoghurt,10
HUN,WD,10
HUN,Mosogat,10
HUN,peksute,10
HUN,bébi répa,10
HUN,detergant,10
HUN,sospalcika,10
HUN,borí,10
HUN,tonkoly,10
HUN,bebi etel,10
HUN,barley,10
HUN,vinega,10
HUN,sutőpor,10
HUN,galli,10
HUN,Cherry,10
HUN,császár szalonna,10
HUN,szezamolaj,10
HUN,csirke virsli,10
HUN,wei,10
HUN,sult sonka,10
HUN,menü,10
HUN,laya,10
HUN,szárított paradi,10
HUN,tejdess,10
HUN,naram,10
HUN,veggi,10
HUN,monster rehab,10
HUN,durum té,10
HUN,fraun,10
HUN,kavr,10
HUN,bbq sz,10
HUN,galic,10
HUN,kir,10
HUN,zucchi,10
HUN,vl,10
HUN,têszta,10
HUN,pufirizs,10
HUN,violett,10
HUN,toasr,10
HUN,sajt lap,10
HUN,ax,10
HUN,fagylalat,10
HUN,maoa,10
HUN,foghagymapor,10
HUN,székelykáposzta,10
HUN,bio ci,10
HUN,ró,10
HUN,venu,10
HUN,burratta,10
HUN,burger zsemle,10
HUN,husleves kocka,10
HUN,rántott csirke,10
HUN,Citr,10
HUN,pálpu,10
HUN,smok,10
HUN,keumpl,10
HUN,keztorl,10
HUN,this is not,10
HUN,grannys,10
HUN,danvi,10
HUN,paradicsom l,10
HUN,Tur,10
HUN,pzs,10
HUN,péksutemeny,10
HUN,chips oven,10
HUN,mize,10
HUN,vanilia pu,10
HUN,zöldsè,10
HUN,friz,10
HUN,vilgain csirke,10
HUN,lamp,10
HUN,csemegekuko,10
HUN,pom-bar,10
HUN,gorog dinnye,10
HUN,jegeska,10
HUN,popp,10
HUN,pulykamel,10
HUN,pattogat,10
HUN,hanger,10
HUN,rozs kenyer,10
HUN,roma,10
HUN,disinfect,10
HUN,häa,10
HUN,sunflower oil,10
HUN,arckrem,10
HUN,mede,10
HUN,bio eggs,10
HUN,whiskey cola,10
HUN,nádcuk,10
HUN,hántolt,10
HUN,Rio m,10
HUN,fröc,10
HUN,paprk,10
HUN,ezerszig,10
HUN,ero,10
HUN,domesztos,10
HUN,ízesíte,10
HUN,tejdol,10
HUN,szötp,10
HUN,sauvi,10
HUN,puffasztott kukorica,10
HUN,vasel,10
HUN,tepsimix,10
HUN,Fagyl,10
HUN,kz,10
HUN,mashr,10
HUN,vsi,10
HUN,gyorsfagyaszt,10
HUN,whe,10
HUN,ohi,10
HUN,brió,10
HUN,szaty,10
HUN,Takis,10
HUN,jegyzet,10
HUN,Laktozmentes,10
HUN,topyoy,10
HUN,hummas,10
HUN,rice ca,10
HUN,sertés sz,10
HUN,szafa,10
HUN,magnum m,10
HUN,cranbe,10
HUN,marett,10
HUN,zéró k,10
HUN,tpj,10
HUN,lázmér,10
HUN,gurme,10
HUN,lap sajt,10
HUN,knorr tészta,10
HUN,citroms,10
HUN,kaz,10
HUN,pannó,10
HUN,keychup,10
HUN,huspogacsa,10
HUN,мыло,10
HUN,dobozos jégkrém,10
HUN,ye,10
HUN,sertéstarja,10
HUN,feketeerde,10
HUN,fodrocska,10
HUN,regn,10
HUN,Cu,10
HUN,barna cuko,10
HUN,hod,10
HUN,rosema,10
HUN,dr oetke,10
HUN,vegan pizza,10
HUN,vaj l,10
HUN,hambi,10
HUN,ammerla,10
HUN,nó,10
HUN,chickrn,10
HUN,gu10,10
HUN,soya milk,10
HUN,meggyleves,10
HUN,Feh,10
HUN,powerade zero,10
HUN,tészta szarvacska,10
HUN,jégkrém p,10
HUN,edesség,10
HUN,black coffee,10
HUN,penu,10
HUN,tézta,10
HUN,görög yo,10
HUN,csirkecomb f,10
HUN,buttee,10
HUN,csokis mazsola,10
HUN,sarga repa,10
HUN,danv,10
HUN,kroke,10
HUN,cottahe,10
HUN,la va,10
HUN,napki,10
HUN,frozen fruits,10
HUN,sós kara,10
HUN,Marlenka,10
HUN,beef jerkey,10
HUN,frischk,10
HUN,babe,10
HUN,pelegr,10
HUN,Parizsi,10
HUN,mano,10
HUN,panír morzsa,10
HUN,babat,10
HUN,sudocream,10
HUN,Mc,10
HUN,söréle,10
HUN,papirtorlő,10
HUN,szeletelt sa,10
HUN,edes chili,10
HUN,Mozza,10
HUN,labe,10
HUN,worces,10
HUN,csirkesza,10
HUN,fűszerköm,10
HUN,куриц,10
HUN,Zöld,10
HUN,sirkemell,10
HUN,zab szelet,10
HUN,hom,10
HUN,csicseri borso,10
HUN,jakobs,10
HUN,domestos wc,10
HUN,ita,10
HUN,uniqum,10
HUN,ben's,10
HUN,fresh corn,10
HUN,paprikapor,10
HUN,sós mo,10
HUN,giz,10
HUN,rizling,10
HUN,savanyitott,10
HUN,inkon,10
HUN,csökkentett,10
HUN,Ásván,10
HUN,tea fil,10
HUN,nacon,10
HUN,smir,10
HUN,varta,10
HUN,szemsavas viz,10
HUN,Turo rudi,10
HUN,szafalád,10
HUN,gluténmentes p,10
HUN,dán sza,10
HUN,müzliszele,10
HUN,mosogatogep tabletta,10
HUN,goo,10
HUN,vegetable mix,10
HUN,fogjrem,10
HUN,csokikrém,10
HUN,balsami,10
HUN,zwro,10
HUN,száraz vörösbor,10
HUN,aligvárom,10
HUN,cukormentes fag,10
HUN,rossmann,10
HUN,kígyo,10
HUN,backn,10
HUN,Vénusz,10
HUN,fizz,10
HUN,tejpo,10
HUN,szódabika,10
HUN,szemöld,10
HUN,wholegrain,10
HUN,kokos,10
HUN,ag,10
HUN,not m,10
HUN,milka choc,10
HUN,vaniliás karika,10
HUN,alme,10
HUN,feet,10
HUN,stü,10
HUN,paradicsomos h,10
HUN,rem,10
HUN,cocacola zero,10
HUN,samura,10
HUN,sushi time,10
HUN,grill zöldség,10
HUN,vaja,10
HUN,Ét,10
HUN,jéh,10
HUN,mirror,10
HUN,cewa,10
HUN,szegfűbors,10
HUN,paprila,10
HUN,zold paprika,10
HUN,zero van,10
HUN,vilgaib,10
HUN,tagliat,10
HUN,szet,10
HUN,körtés,10
HUN,30,10
HUN,almaece,10
HUN,feta sa,10
HUN,fagyasztott csirkemell,10
HUN,sleep,10
HUN,parajdi,10
HUN,vadász,10
HUN,papu,10
HUN,akti,10
HUN,spoons,10
HUN,fekete cso,10
HUN,lay',10
HUN,hah,10
HUN,vanilla extra,10
HUN,toat,10
HUN,üdíto,10
HUN,pote,10
HUN,dr. oet,10
HUN,vízsz,10
HUN,kinder co,10
HUN,dro,10
HUN,Olive,10
HUN,wellnes,10
HUN,milk 3.5,10
HUN,csaba,10
HUN,mandula t,10
HUN,hagymás tej,10
HUN,milka mm,10
HUN,gmba,10
HUN,muller riso,10
HUN,szalalmi,10
HUN,szaraz feherbor,10
HUN,sandwitch,10
HUN,spruds,10
HUN,cappy ice,10
HUN,túrót,10
HUN,kávé tejsz,10
HUN,Ayran,10
HUN,sana,10
HUN,orrsp,10
HUN,meggye,10
HUN,paszírozott,10
HUN,teksz,10
HUN,cling film,10
HUN,royal gourmeat,10
HUN,sminklemos,10
HUN,ropogos,10
HUN,ıce,10
HUN,pregn,10
HUN,sori,10
HUN,paraducsom,10
HUN,Savanyú,10
HUN,dze,10
HUN,roti,10
HUN,nestes,10
HUN,kokuszresze,10
HUN,fodormenta,10
HUN,pizzs,10
HUN,mosogatógél,10
HUN,sós ropi,10
HUN,étcsokoláde,10
HUN,desod,10
HUN,Narancslé,10
HUN,gyöngyöz,10
HUN,csirkemellf,10
HUN,tjs,10
HUN,kuglóf,10
HUN,cukormentes fa,10
HUN,San be,10
HUN,sovány túr,10
HUN,vegs,10
HUN,kabel,10
HUN,water 5,10
HUN,rice noodles,10
HUN,Papr,10
HUN,táb,10
HUN,baki,10
HUN,sűrített paradi,10
HUN,pick sertés,10
HUN,sussi,10
HUN,mosogatósziva,10
HUN,citrim,10
HUN,stron,10
HUN,joghurt 0,10
HUN,női dezodor,10
HUN,chipe,10
HUN,kapi,10
HUN,disznósaj,10
HUN,parmezàn,10
HUN,regi,10
HUN,csemegeubirka,10
HUN,száraz sa,10
HUN,gazpacho,10
HUN,tejfil,10
HUN,jókenyer,10
HUN,keztor,10
HUN,fuszerkomeny,10
HUN,daikon,10
HUN,finland,10
HUN,long,10
HUN,parmesan cheese,10
HUN,vits,10
HUN,vajkrén,10
HUN,kakaos csi,10
HUN,dr ot,10
HUN,furd,10
HUN,verm,10
HUN,syru,10
HUN,jeny,10
HUN,fűszerkeveré,10
HUN,csöves kukorica,10
HUN,mest,10
HUN,нут,10
HUN,háztáji,10
HUN,erospista,10
HUN,tőzegáfonya,10
HUN,крабовые,10
HUN,ginseng,10
HUN,fertőtlenit,10
HUN,jghurt,10
HUN,friss kenyér,10
HUN,eco meat,10
HUN,koll,10
HUN,paprika tv,10
HUN,fire,10
HUN,protein pudin,10
HUN,isana,10
HUN,scent,10
HUN,pocket coffee,10
HUN,bruscetta,10
HUN,cherry to,10
HUN,caram,10
HUN,zott jogo,10
HUN,vakrém,10
HUN,fagyaszott,10
HUN,craker,10
HUN,mesekeksz,10
HUN,fahejas csiga,10
HUN,zero fa,10
HUN,süritett para,10
HUN,kristaly cukor,10
HUN,kovászos ken,10
HUN,máko,10
HUN,szám,10
HUN,well done,10
HUN,lasagne té,10
HUN,ip,10
HUN,fon,10
HUN,Fehér bor,10
HUN,Szotyi,10
HUN,грудка,10
HUN,rice c,10
HUN,kakao ital,10
HUN,brassó,10
HUN,túrós t,10
HUN,Canada,10
HUN,chcolate,10
HUN,chicken liver,10
HUN,cocolin,10
HUN,kávé ka,10
HUN,protein cheese,10
HUN,víu,10
HUN,Soda,10
HUN,sportit,10
HUN,riesen,10
HUN,varró,10
HUN,egga,10
HUN,sot,10
HUN,Raffaello,10
HUN,luszt,10
HUN,kuku,10
HUN,desszer,10
HUN,kakaos cs,10
HUN,fáj,10
HUN,mq,10
HUN,Pizz,10
HUN,cappy alma,10
HUN,Máj,10
HUN,szèn,10
HUN,für,10
HUN,teriyak,10
HUN,kávétejszí,10
HUN,szl,10
HUN,kapszula kávé,10
HUN,cockt,10
HUN,csemege szalonna,10
HUN,balloon,10
HUN,tatá,10
HUN,fagyaz,10
HUN,copp,10
HUN,játé,10
HUN,izzadásg,10
HUN,terítő,10
HUN,magkeverék,10
HUN,kókusz reszelék,10
HUN,betadine,10
HUN,Riso,10
HUN,danone g,10
HUN,60 l,10
HUN,kidli,10
HUN,cow,10
HUN,macska junior,10
HUN,paradicsom sűrí,10
HUN,keser,10
HUN,irsli,10
HUN,vé,10
HUN,cranberr,10
HUN,palirria,10
HUN,chia seed,10
HUN,izotón,10
HUN,salaf,10
HUN,müzi,10
HUN,dulce,10
HUN,"tej 2,",10
HUN,milk powder,10
HUN,lasanga,10
HUN,kutyasampon,10
HUN,sultkrumpl,10
HUN,taurus,10
HUN,napbor,10
HUN,jéger,10
HUN,vibrá,10
HUN,majoneu,10
HUN,malbec,10
HUN,vapiano,10
HUN,mustát,10
HUN,kenysr,10
HUN,kakaò,10
HUN,bonbo,10
HUN,miler,10
HUN,brain blasterz,10
HUN,párma,10
HUN,hotdog kif,10
HUN,trop,10
HUN,hantejszin,10
HUN,kelka,10
HUN,mini jégkrém,10
HUN,domestoa,10
HUN,fejessal,10
HUN,fibershake,10
HUN,kakap,10
HUN,water 5l,10
HUN,likör,10
HUN,Má,10
HUN,evoeszkoz,10
HUN,riska tej,10
HUN,hal ko,10
HUN,zsrmle,10
HUN,füld,10
HUN,extrudál,10
HUN,dove soap,10
HUN,húsleve,10
HUN,more,10
HUN,bor fél,10
HUN,Ra,10
HUN,csirle,10
HUN,oat flakes,10
HUN,salt vinegar,10
HUN,tusfűrdő,10
HUN,zero vanilias,10
HUN,füstölt f,10
HUN,görög dinn,10
HUN,cirom,10
HUN,fruit juice,10
HUN,nik,10
HUN,vít,10
HUN,coca cola koffein,10
HUN,vso,10
HUN,pritein,10
HUN,somet,10
HUN,szórp,10
HUN,tűfilc,10
HUN,vibl,10
HUN,Jar,10
HUN,széle,10
HUN,vattakoro,10
HUN,bocca,10
HUN,freeze dried,10
HUN,zero coc,10
HUN,vasalo,10
HUN,dark c,10
HUN,vanilla milk,10
HUN,nutella fagyi,10
HUN,csemegekuk,10
HUN,sirach,10
HUN,fish fingers,10
HUN,seas,10
HUN,kókuszresz,10
HUN,herz sonka,10
HUN,yuho,10
HUN,kokuszo,10
HUN,vilgain fehérje,10
HUN,maste,10
HUN,maskar,10
HUN,toasz,10
HUN,sósk,10
HUN,top jo,10
HUN,tőkeh,10
HUN,Hell c,10
HUN,body gel,10
HUN,3in 1,10
HUN,tőkeha,10
HUN,gesztenyemassza,10
HUN,capry,10
HUN,habcsók,10
HUN,green peas,10
HUN,halrudak,10
HUN,étkezé,10
HUN,konyhai tör,10
HUN,őrölt kave,10
HUN,alpro kókusz,10
HUN,joghuet,10
HUN,zero gy,10
HUN,Sport szelet,10
HUN,szoba,10
HUN,crunchos,10
HUN,laktos,10
HUN,csoki krém,10
HUN,tepertőkrém,10
HUN,torlo papir,10
HUN,ischler,10
HUN,római kö,10
HUN,chocolate pudding,10
HUN,nadudva,10
HUN,niks,10
HUN,szak,10
HUN,fuzetea zero,10
HUN,csirke alap,10
HUN,fab,10
HUN,Tampon,10
HUN,goch,10
HUN,fejes salata,10
HUN,paraicsom,10
HUN,chio mix,10
HUN,ross,10
HUN,pedigr,10
HUN,baked bean,10
HUN,bodzas,10
HUN,Hell co,10
HUN,Tuc,10
HUN,paradicsom k,10
HUN,sütő papír,10
HUN,guanc,10
HUN,papirtorli,10
HUN,meta,10
HUN,testrad,10
HUN,ice tea jana,10
HUN,lorenz,10
HUN,tin,10
HUN,keth,10
HUN,tokás,10
HUN,tua,10
HUN,szaraz feher,10
HUN,hummis,10
HUN,szoja tej,10
HUN,topi,10
HUN,sió limon,10
HUN,Kapor,10
HUN,tho,10
HUN,alpro matcha,10
HUN,Szorp,10
HUN,Schar,10
HUN,Zsem,10
HUN,vermouth,10
HUN,xixo cola,10
HUN,cheesw,10
HUN,sun dried,10
HUN,sutemény,10
HUN,friss csirke,10
HUN,jegkren,10
HUN,tshibo,10
HUN,Ham,10
HUN,tenger gyümölcsei,10
HUN,biosa,10
HUN,dohá,10
HUN,san pellegr,10
HUN,youtyuk,10
HUN,szalma,10
HUN,extra szuz,10
HUN,lebb,10
HUN,string cheese,10
HUN,kuglof,10
HUN,tárkon,10
HUN,kwnyer,10
HUN,vilhain,10
HUN,macaro,10
HUN,sör citromos,10
HUN,kokuszrud,10
HUN,rántott karfiol,10
HUN,fülpiszkál,10
HUN,pucolt,10
HUN,cream c,10
HUN,esernyő,10
HUN,sörélesz,10
HUN,mamgo,10
HUN,dolmio,10
HUN,cadbury,10
HUN,naranca,10
HUN,szojabab,10
HUN,strongb,10
HUN,leves h,10
HUN,sertésco,10
HUN,chili olaj,10
HUN,acai,10
HUN,jêg,10
HUN,rossman,10
HUN,citromp,10
HUN,Kru,10
HUN,gyöngyöző,10
HUN,fagyasztott mango,10
HUN,édesítö,10
HUN,Ubo,10
HUN,hlut,10
HUN,tejszím,10
HUN,wolt market buda,10
HUN,űdit,10
HUN,kumpli,10
HUN,nodel,10
HUN,protin,10
HUN,egeszseg,10
HUN,májva,10
HUN,sűritett tej,10
HUN,vita tigr,10
HUN,cooking c,10
HUN,floew,10
HUN,csirek,10
HUN,khell f,10
HUN,leves té,10
HUN,aranyfác,10
HUN,szigetelőszalag,10
HUN,tej alpro,10
HUN,szonka,10
HUN,paracetamol,10
HUN,szilvalé,10
HUN,mozzarella reszelt,10
HUN,dobozos kávé,10
HUN,Par,10
HUN,Grill,10
HUN,sald,10
HUN,pizza moto,10
HUN,konyhai törlőkendő,10
HUN,fahèj,10
HUN,tejfe,10
HUN,csirkell,10
HUN,cheez,10
HUN,white ch,10
HUN,chco,10
HUN,sajt szó,10
HUN,choi,10
HUN,szentkit,10
HUN,pick parizsi,10
HUN,kész ét,10
HUN,full nat,10
HUN,teasutemeny,10
HUN,gyömbér s,10
HUN,jumb,10
HUN,emmen,10
HUN,black pepp,10
HUN,pance,10
HUN,rice pudding,10
HUN,fono,10
HUN,kefr,10
HUN,Juhász,10
HUN,udít,10
HUN,tyukhus,10
HUN,paradicsom konzer,10
HUN,kajmak,10
HUN,hanburger,10
HUN,savanyú u,10
HUN,allwa,10
HUN,beaf,10
HUN,морож,10
HUN,laktáz,10
HUN,torloken,10
HUN,édesi,10
HUN,bn,10
HUN,csirke s,10
HUN,Dió,10
HUN,nutella j,10
HUN,török,10
HUN,buldal,10
HUN,smell,10
HUN,Ázsiai,10
HUN,maasdamer,10
HUN,magya,10
HUN,SeaFood Hungary norveg,10
HUN,rosmary,10
HUN,barba,10
HUN,öngyújt,10
HUN,garlic po,10
HUN,rub,10
HUN,paprikq,10
HUN,sör pack,10
HUN,karpit,10
HUN,koromlakk lemoso,10
HUN,maggi leves,10
HUN,novenyi tejszin,10
HUN,moh,10
HUN,rggs,10
HUN,cherry c,10
HUN,aalata,10
HUN,izesi,10
HUN,zero lipton,10
HUN,happyday,10
HUN,Szen,10
HUN,sappan,10
HUN,ostoro,10
HUN,joghurz,10
HUN,pumpkin seeds,10
HUN,kreinb,10
HUN,négy,10
HUN,patis,10
HUN,Raid,10
HUN,cikormentes,10
HUN,füzetc,10
HUN,mogxor,10
HUN,spagetti durum,10
HUN,resbul,10
HUN,szeke,10
HUN,vanilin cukor,10
HUN,baking pap,10
HUN,anchovies,10
HUN,cordon bleu,10
HUN,csaszarmorzsa,10
HUN,insalatissime,10
HUN,purpu,10
HUN,fogvá,10
HUN,pasta sa,10
HUN,Tequila,10
HUN,vanilla sugar,10
HUN,barack lek,10
HUN,tric,10
HUN,granola bar,10
HUN,Fu,10
HUN,strepsils,10
HUN,gulyaskr,10
HUN,tejföl 12%,10
HUN,jello,10
HUN,jaffa,10
HUN,kovaszolni,10
HUN,vilgain bio,10
HUN,summe,10
HUN,sprinkles,10
HUN,sebtap,10
HUN,bau,10
HUN,crocodi,10
HUN,c vita,10
HUN,tasa,10
HUN,schedr,10
HUN,шпинат,10
HUN,darw,10
HUN,jap,10
HUN,pack,10
HUN,fagyasztott bors,10
HUN,gums,10
HUN,diákc,10
HUN,ove,10
HUN,tojáskrém,10
HUN,enegiaital,10
HUN,maracu,10
HUN,kéztorlo,10
HUN,Éleszt,10
HUN,száraz táp,10
HUN,ife,10
HUN,frozen mest,10
HUN,felici,10
HUN,filandia,10
HUN,Jégr,10
HUN,joreggelt,10
HUN,tom yum,10
HUN,körözöt,10
HUN,hallumi,10
HUN,Bocco,10
HUN,farf,10
HUN,körző,10
HUN,mok,10
HUN,fornet,10
HUN,peeler,10
HUN,kinder pingvin,10
HUN,raj,10
HUN,ant killer,10
HUN,üveges sör,10
HUN,konyári,10
HUN,Spenot,10
HUN,pastr,10
HUN,jázmi,10
HUN,konyhasó,10
HUN,kávétejszin,10
HUN,Vanilia,10
HUN,energia it,10
HUN,sin,10
HUN,Hotdog,10
HUN,csoku,10
HUN,sós k,10
HUN,cilan,10
HUN,sport ital,10
HUN,édes krumpli,10
HUN,parasicsom,10
HUN,bulld,10
HUN,domesz,10
HUN,tás,10
HUN,szensavas v,10
HUN,tù,10
HUN,Wc pap,10
HUN,desztillált,10
HUN,vegán protein,10
HUN,sztr,10
HUN,rantott csirke,10
HUN,rozske,10
HUN,darált ser,10
HUN,èleszt,10
HUN,hqgyma,10
HUN,tedzta,10
HUN,lecker,10
HUN,finger,10
HUN,apl,10
HUN,capsul,10
HUN,zsemlr,10
HUN,smoked paprika,10
HUN,огу,10
HUN,cereal bar,10
HUN,kacsa zsir,10
HUN,sanitary,10
HUN,vitamix,10
HUN,görögjogh,10
HUN,protein fagyi,10
HUN,ben & jerry's,10
HUN,xh,10
HUN,papirpohar,10
HUN,gyors r,10
HUN,kemenyi,10
HUN,lencse konzerv,10
HUN,fogkrèm,10
HUN,hack,10
HUN,raspb,10
HUN,bruschett,10
HUN,müzlisze,10
HUN,hozzá,10
HUN,lel,10
HUN,epee,10
HUN,ajand,10
HUN,lupark,10
HUN,paparika,10
HUN,vegan mayo,10
HUN,sós karame,10
HUN,chups,10
HUN,reszelt parmezán,10
HUN,toet,10
HUN,sandwic,10
HUN,bá,10
HUN,grani,10
HUN,sutozacsko,10
HUN,ricr,10
HUN,saguaro,10
HUN,vaj krém,10
HUN,heid,10
HUN,diákcs,10
HUN,applesauce,10
HUN,zöls,10
HUN,fehercs,10
HUN,hamburger zsomle,10
HUN,eperlevel,10
HUN,papírzsebkendo,10
HUN,roo,10
HUN,mosogató só,10
HUN,туалетная бумага,10
HUN,creme fraiche,10
HUN,mountin,10
HUN,almalr,10
HUN,vanilia rud,10
HUN,salatakeverek,10
HUN,ricore,10
HUN,rama vaj,10
HUN,vignetta,10
HUN,fagyasztott hagyma,10
HUN,farm tojás,10
HUN,sofa,10
HUN,mizli,10
HUN,chocolatw,10
HUN,esp,10
HUN,húso,10
HUN,szénsavment,10
HUN,hagyma por,10
HUN,chiv,10
HUN,washing pods,10
HUN,uburka,10
HUN,szendics,10
HUN,dreher meggy,10
HUN,skr,10
HUN,wil,10
HUN,tejfó,10
HUN,magnum utopia,10
HUN,fagyasztott pogácsa,10
HUN,pelsi,10
HUN,cukor nélkül,10
HUN,puszedl,10
HUN,horog,10
HUN,tongal,10
HUN,lemon jui,10
HUN,paráz,10
HUN,repceolaj,10
HUN,cayenne bors,10
HUN,proscutto,10
HUN,sör alkoholme,10
HUN,zabtejszin,10
HUN,Monte,10
HUN,kaszi,10
HUN,pogàcsa,10
HUN,bacskai,10
HUN,lady finger,10
HUN,parize,10
HUN,complet,10
HUN,gaponapehely,10
HUN,paprikas sza,10
HUN,Foodbox,10
HUN,halk,10
HUN,jagyma,10
HUN,drazse,10
HUN,scwe,10
HUN,Pepper,10
HUN,desztil,10
HUN,rizs főző,10
HUN,lie,10
HUN,sio narancs,10
HUN,étel festék,10
HUN,dion,10
HUN,baba törl,10
HUN,hägen,10
HUN,colw,10
HUN,makaron,10
HUN,cle,10
HUN,kaukáz,10
HUN,nedves wc papír,10
HUN,traun,10
HUN,Zseml,10
HUN,Konzerv,10
HUN,wc ti,10
HUN,stout,10
HUN,extrudált kenyér,10
HUN,szemetess,10
HUN,szig,10
HUN,salàt,10
HUN,halrudacs,10
HUN,fröcc,10
HUN,tolle tej,10
HUN,arpad,10
HUN,pii,10
HUN,nedvestö,10
HUN,laktozmentes tejsz,10
HUN,poc,10
HUN,papírpoh,10
HUN,salár,10
HUN,gorig,10
HUN,sugat,10
HUN,"ásványvíz 1,5",10
HUN,gyöngyha,10
HUN,tona,10
HUN,protein pudi,10
HUN,tehszín,10
HUN,maja,10
HUN,mandula te,10
HUN,rauch my,10
HUN,sua,10
HUN,szushi,10
HUN,tosst,9
HUN,goz,9
HUN,sneakers,9
HUN,étkezési zsír,9
HUN,pulykame,9
HUN,rolled oats,9
HUN,kárp,9
HUN,Fanta exotic,9
HUN,sütemèny,9
HUN,gej,9
HUN,Paradicso,9
HUN,rio mar,9
HUN,bello,9
HUN,fagyasztott karfiol,9
HUN,domol,9
HUN,felix junior,9
HUN,teszta penne,9
HUN,calg,9
HUN,trs,9
HUN,inkontinencia,9
HUN,Zselatin,9
HUN,matr,9
HUN,zabálom,9
HUN,comt,9
HUN,dt,9
HUN,sim kartya,9
HUN,alapp,9
HUN,wiesba,9
HUN,tooth p,9
HUN,Magija,9
HUN,kukoriva,9
HUN,full n,9
HUN,baby spenot,9
HUN,kenyérkoc,9
HUN,toro,9
HUN,sauvign,9
HUN,csaszar szalonna,9
HUN,gusto,9
HUN,see,9
HUN,szekelykaposzta,9
HUN,kölesg,9
HUN,monster mango,9
HUN,uniq,9
HUN,szerec,9
HUN,haztartási,9
HUN,fittnes,9
HUN,juhbeles,9
HUN,főzőtejszi,9
HUN,banana milk,9
HUN,babgulyas,9
HUN,trimmer,9
HUN,kocka vaj,9
HUN,dinne,9
HUN,Fish,9
HUN,vîz,9
HUN,tec,9
HUN,pellegri,9
HUN,univerzalis,9
HUN,Piskóta,9
HUN,kinai leves,9
HUN,muli,9
HUN,Fo,9
HUN,wc papr,9
HUN,èlesztő,9
HUN,műfog,9
HUN,Cottage cheese,9
HUN,vegán jog,9
HUN,szz,9
HUN,egg plant,9
HUN,vinger,9
HUN,lollipop,9
HUN,pèks,9
HUN,jégrkém,9
HUN,babao,9
HUN,relish,9
HUN,wc tis,9
HUN,kerek,9
HUN,topokki,9
HUN,bryn,9
HUN,csirkeszar,9
HUN,strac,9
HUN,ventilator,9
HUN,sült bur,9
HUN,velo,9
HUN,paradicsompüre,9
HUN,kokuszr,9
HUN,laun,9
HUN,mini pizz,9
HUN,gyerekpezsgo,9
HUN,tesza,9
HUN,apri,9
HUN,ice tea lipton,9
HUN,sertés párizsi,9
HUN,mogyoro vaj,9
HUN,négercsók,9
HUN,Kuko,9
HUN,freeze,9
HUN,gyon,9
HUN,màjkrèm,9
HUN,ive tea,9
HUN,miu,9
HUN,alpro m,9
HUN,haj lakk,9
HUN,sweppes,9
HUN,szekér,9
HUN,cav,9
HUN,félkész,9
HUN,csokoládés,9
HUN,hsgyma,9
HUN,naturjo,9
HUN,flap jack,9
HUN,àsvànyv,9
HUN,sült hagyma,9
HUN,vv,9
HUN,sonka herz,9
HUN,hercegn,9
HUN,fwh,9
HUN,Pickwick,9
HUN,die,9
HUN,Üditő,9
HUN,sylvia,9
HUN,wallnut,9
HUN,peppero,9
HUN,hell strong,9
HUN,wc spray,9
HUN,бургер,9
HUN,boards eve,9
HUN,white onion,9
HUN,Kakaós,9
HUN,xuxo,9
HUN,Zsömle,9
HUN,dziuga,9
HUN,limr,9
HUN,leves mix,9
HUN,vaniliás c,9
HUN,popcorb,9
HUN,knoblauch,9
HUN,pizza me,9
HUN,carrit,9
HUN,cukormentes jegk,9
HUN,sodium,9
HUN,pick sna,9
HUN,garabonciá,9
HUN,Szől,9
HUN,Snack,9
HUN,ceo,9
HUN,Cro,9
HUN,hotdog bun,9
HUN,kajsz,9
HUN,hűtö,9
HUN,teljes kiörlésű kenyér,9
HUN,rantottsajt,9
HUN,Kenyé,9
HUN,ground meat,9
HUN,pants,9
HUN,kave őr,9
HUN,pumpk,9
HUN,kukorixa,9
HUN,kab,9
HUN,spro,9
HUN,piros mogyorós,9
HUN,butter chicken,9
HUN,kétszersü,9
HUN,mosodio,9
HUN,kavet,9
HUN,baán,9
HUN,zsíro,9
HUN,kitchen tower,9
HUN,sach,9
HUN,lady fingers,9
HUN,oyster sauce,9
HUN,mandulás,9
HUN,ivólé,9
HUN,cinimini,9
HUN,Daralt hus,9
HUN,paradicsom sur,9
HUN,Fánk,9
HUN,сидр,9
HUN,sim card,9
HUN,sajt chedar,9
HUN,torle,9
HUN,bolony,9
HUN,páizsi,9
HUN,Bean,9
HUN,roch,9
HUN,magos,9
HUN,mentes ásványvíz,9
HUN,asvanviz,9
HUN,ferero,9
HUN,up,9
HUN,edema,9
HUN,bukta,9
HUN,marhaepe,9
HUN,lángolt,9
HUN,sampin,9
HUN,bell peppers,9
HUN,penut butter,9
HUN,tai,9
HUN,paszka,9
HUN,coint,9
HUN,vegafo,9
HUN,philadelph,9
HUN,Nápolyi,9
HUN,mixed vegetables,9
HUN,kukoricakemény,9
HUN,citrusos,9
HUN,feta saj,9
HUN,krista,9
HUN,bacob,9
HUN,wc t,9
HUN,pálcikás j,9
HUN,papir tanyer,9
HUN,olsj,9
HUN,jegsaláta,9
HUN,Fog,9
HUN,hamburgwr,9
HUN,нутелла,9
HUN,tört,9
HUN,szemöldök,9
HUN,plas,9
HUN,koffeinmente,9
HUN,szemcsepp,9
HUN,shiraz,9
HUN,Penne,9
HUN,szemtes,9
HUN,cson,9
HUN,klíma,9
HUN,mackó sajt,9
HUN,tojás bio,9
HUN,bulldag,9
HUN,füg,9
HUN,omni,9
HUN,pöttyös t,9
HUN,marha darálthús,9
HUN,rozmaringos,9
HUN,fogkefe gyerek,9
HUN,gép,9
HUN,fagylalt zero,9
HUN,lingu,9
HUN,oniom,9
HUN,snidlin,9
HUN,seife,9
HUN,"Koktelparadicsom, 300 g",9
HUN,öl,9
HUN,juharszi,9
HUN,humi,9
HUN,székely csemege,9
HUN,hat,9
HUN,leves zol,9
HUN,arckr,9
HUN,hubris,9
HUN,proteinpor,9
HUN,kolbà,9
HUN,sely,9
HUN,uorka,9
HUN,mirelit sajt,9
HUN,jana barack,9
HUN,ioncserélt,9
HUN,savanyú ubork,9
HUN,chocome,9
HUN,krémfehér sajt,9
HUN,kukot,9
HUN,sós mogy,9
HUN,coca cola 1l,9
HUN,cli,9
HUN,laktózmentes feta,9
HUN,базилик,9
HUN,fertö,9
HUN,apenra,9
HUN,patr,9
HUN,haragos,9
HUN,turóru,9
HUN,nyugtató,9
HUN,kenyrr,9
HUN,diabeti,9
HUN,guine,9
HUN,sprot,9
HUN,помидоры черри,9
HUN,fehérc,9
HUN,antipas,9
HUN,faszé,9
HUN,Cékla,9
HUN,Zöldborsó,9
HUN,kokuszkrem,9
HUN,zero jégk,9
HUN,apeta,9
HUN,Dione,9
HUN,bansn,9
HUN,társasjáték,9
HUN,narans,9
HUN,pecorin,9
HUN,kékszőlő,9
HUN,pampers pants,9
HUN,spagetti szósz,9
HUN,Gatorade,9
HUN,jégkrrm,9
HUN,fromage,9
HUN,Humusz,9
HUN,pimple patch,9
HUN,garlic p,9
HUN,Gabonapehely,9
HUN,edesítő,9
HUN,sajtkré.,9
HUN,újb,9
HUN,gela,9
HUN,kakós csiga,9
HUN,haribi,9
HUN,resb,9
HUN,radl,9
HUN,caul,9
HUN,magnum classic,9
HUN,canne,9
HUN,shrim,9
HUN,danone gorog,9
HUN,Nick,9
HUN,zabko,9
HUN,laktózmentes fagylalt,9
HUN,cappx,9
HUN,kahlua,9
HUN,darált puly,9
HUN,ementá,9
HUN,00 liszt,9
HUN,Gyümö,9
HUN,lipton green,9
HUN,donu,9
HUN,bt,9
HUN,Gluten,9
HUN,tóalmási,9
HUN,asvanyvoz,9
HUN,zsìr,9
HUN,gmo mentes,9
HUN,etelize,9
HUN,erős pistás,9
HUN,rántott csirkemell,9
HUN,tolltart,9
HUN,chilli paprika,9
HUN,delikàt,9
HUN,elem AA,9
HUN,frappé,9
HUN,articsoka,9
HUN,string,9
HUN,dugó,9
HUN,prob,9
HUN,huggies,9
HUN,Pr,9
HUN,Onion,9
HUN,bio rizs,9
HUN,rizschip,9
HUN,intim mosakodó,9
HUN,fif,9
HUN,mosogep tisztito,9
HUN,zero gyüm,9
HUN,prt,9
HUN,ajt,9
HUN,cukormentes csokolade,9
HUN,uvegtisztito,9
HUN,eisberh,9
HUN,mosogató sziv,9
HUN,szenvi,9
HUN,nedves macska,9
HUN,Nacho,9
HUN,jegkremek,9
HUN,banaa,9
HUN,valdorf,9
HUN,macskatáp,9
HUN,kuloric,9
HUN,Coca cola zero,9
HUN,tequilla,9
HUN,lasagnr,9
HUN,mogyoros csoki,9
HUN,véc,9
HUN,tant,9
HUN,vegan tejföl,9
HUN,proven,9
HUN,csirkenell,9
HUN,pudding protein,9
HUN,kigyóuborka,9
HUN,kukoricak,9
HUN,aoenta,9
HUN,halkonzer,9
HUN,bakl,9
HUN,"ásványvíz 0,5",9
HUN,tobi,9
HUN,malnas,9
HUN,фета,9
HUN,zsmele,9
HUN,kávé hell,9
HUN,tome,9
HUN,étkezési ecet,9
HUN,fokhagymagra,9
HUN,papertowel,9
HUN,fehérré,9
HUN,croisan,9
HUN,power r,9
HUN,gál,9
HUN,tempeh,9
HUN,hűtőtáska,9
HUN,tutti juice,9
HUN,petrezselyemgy,9
HUN,hamvurger,9
HUN,Bana,9
HUN,chips sos,9
HUN,Mon,9
HUN,razors,9
HUN,trash b,9
HUN,Laktoz,9
HUN,hairspray,9
HUN,peanut butt,9
HUN,elefántos,9
HUN,joghutt,9
HUN,sparki,9
HUN,primi,9
HUN,краб,9
HUN,erős pis,9
HUN,sztrap,9
HUN,curry powder,9
HUN,mulka,9
HUN,ops,9
HUN,laktóz mentes tej,9
HUN,zig zag,9
HUN,vii,9
HUN,reg,9
HUN,instant káve,9
HUN,Kapszula,9
HUN,baba pisko,9
HUN,gluténmentes panír,9
HUN,fanta exo,9
HUN,vorosbo,9
HUN,puffasztott ri,9
HUN,kase,9
HUN,panchetta,9
HUN,csokigoly,9
HUN,tejszin hab,9
HUN,sweet sour,9
HUN,sour c,9
HUN,kalifornia paprika,9
HUN,dobozos jegkrem,9
HUN,krumplis,9
HUN,pho leves,9
HUN,májgo,9
HUN,kofli,9
HUN,polcz food,9
HUN,kafe,9
HUN,öngyujt,9
HUN,kinder pinguin,9
HUN,burgonyapü,9
HUN,protein alpro,9
HUN,virágföl,9
HUN,aal,9
HUN,tavasz,9
HUN,neogranormon,9
HUN,szendvica,9
HUN,csipaz,9
HUN,műanya,9
HUN,zero jeg,9
HUN,viking,9
HUN,áldás,9
HUN,sültkrumpli f,9
HUN,minced chicken,9
HUN,круасан,9
HUN,csavar,9
HUN,crocod,9
HUN,polo,9
HUN,kibu,9
HUN,viragf,9
HUN,ananaszlé,9
HUN,Olíva,9
HUN,mizo turo,9
HUN,crok,9
HUN,fokhagyms,9
HUN,foltelt,9
HUN,spagwtti,9
HUN,sajt ch,9
HUN,parqd,9
HUN,artic,9
HUN,dive,9
HUN,bruschetta,9
HUN,üdítőt,9
HUN,lactov,9
HUN,sütőpapírral,9
HUN,peksutem,9
HUN,buldog,9
HUN,palom,9
HUN,nappies,9
HUN,shortbread,9
HUN,zewa softis,9
HUN,alnature,9
HUN,gdinnye,9
HUN,hell cla,9
HUN,ét csokol,9
HUN,rap,9
HUN,Tu,9
HUN,gullion,9
HUN,kubus,9
HUN,köhög,9
HUN,pampers premium,9
HUN,cerial,9
HUN,vaníliáscukor,9
HUN,konzerv gomba,9
HUN,gulyas krem,9
HUN,kalao,9
HUN,gyumolcs leves,9
HUN,dry fruits,9
HUN,fuze tea barack,9
HUN,tonic water,9
HUN,lactose free yogurt,9
HUN,edami sajt,9
HUN,milk cream,9
HUN,sárgare,9
HUN,rice cak,9
HUN,purefood,9
HUN,ribella,9
HUN,stain remover,9
HUN,sültkrump,9
HUN,pirex,9
HUN,lindz,9
HUN,csirkezuza,9
HUN,froch,9
HUN,roberto kenyér,9
HUN,royal hugo,9
HUN,macskael,9
HUN,hütő,9
HUN,síkosí,9
HUN,cukraszhab,9
HUN,főtt sonka,9
HUN,ritz,9
HUN,acetone,9
HUN,akkumulátor,9
HUN,kóla zero,9
HUN,fagyasztott me,9
HUN,mét,9
HUN,hot dogs,9
HUN,sajtos pári,9
HUN,bio banán,9
HUN,vat,9
HUN,riomar,9
HUN,mediterrán,9
HUN,kekszes,9
HUN,tomatenmark,9
HUN,lúgo,9
HUN,hamburger zseml,9
HUN,csokolades,9
HUN,Fül,9
HUN,rágc,9
HUN,betadin,9
HUN,tasakos,9
HUN,gingershot,9
HUN,cumisüveg,9
HUN,szemüv,9
HUN,bival,9
HUN,extradus,9
HUN,laktózmentes vajkrém,9
HUN,zuchini,9
HUN,vini,9
HUN,nő,9
HUN,brocco,9
HUN,Toni,9
HUN,laktózmented,9
HUN,mento,9
HUN,Abonett,9
HUN,birr,9
HUN,feln,9
HUN,bukdak,9
HUN,egészségügyi,9
HUN,gyümölcs püré,9
HUN,razo,9
HUN,hair cream,9
HUN,taglie,9
HUN,ízesített viz,9
HUN,tej 1.,9
HUN,telis,9
HUN,protein fagy,9
HUN,kni,9
HUN,Fant,9
HUN,vatta korong,9
HUN,Vod,9
HUN,romano,9
HUN,mela,9
HUN,glov,9
HUN,aszaltszilva,9
HUN,gyerek fog,9
HUN,gelat,9
HUN,sweet p,9
HUN,paradivsom,9
HUN,ágonya,9
HUN,natchos,9
HUN,show,9
HUN,air wic,9
HUN,kakaoscs,9
HUN,napolaj,9
HUN,norma,9
HUN,citromhé,9
HUN,sajtktem,9
HUN,süs,9
HUN,bake ro,9
HUN,macska táp,9
HUN,brn,9
HUN,laktózmentes tejfö,9
HUN,csevapcsicsa,9
HUN,s9,9
HUN,kenyér teljes,9
HUN,élőfl,9
HUN,pipp,9
HUN,papír zseb,9
HUN,kép,9
HUN,mangalic,9
HUN,San bene,9
HUN,zero üdít,9
HUN,kukorica tortilla,9
HUN,same,9
HUN,jutal,9
HUN,eat,9
HUN,dl,9
HUN,prad,9
HUN,kész ételek,9
HUN,tilsit,9
HUN,csuszat,9
HUN,cinimi,9
HUN,vanilla aroma,9
HUN,Hell coff,9
HUN,Canonita,9
HUN,mül,9
HUN,nyomós sajt,9
HUN,white pepper,9
HUN,kókuszresze,9
HUN,gyorsp,9
HUN,gali,9
HUN,hajb,9
HUN,joghurt danone,9
HUN,cafi,9
HUN,drpepper,9
HUN,tők,9
HUN,martogatos,9
HUN,old am,9
HUN,alpro plant,9
HUN,szav,9
HUN,cop,9
HUN,nagy kocka,9
HUN,joghzrt,9
HUN,vanília a,9
HUN,arizo,9
HUN,szendav,9
HUN,pelenka 4,9
HUN,shir,9
HUN,vaniliàs,9
HUN,mobil,9
HUN,isl,9
HUN,paradicsom su,9
HUN,burgonya p,9
HUN,chinese,9
HUN,gyunolcs,9
HUN,toast kenyé,9
HUN,skittl,9
HUN,keményito,9
HUN,yutto,9
HUN,paradicsom szós,9
HUN,jégkrém veg,9
HUN,bugonya,9
HUN,lr44,9
HUN,parenica,9
HUN,slipper,9
HUN,rétesl,9
HUN,shedro,9
HUN,lGabonapehely,9
HUN,psyllium,9
HUN,capuc,9
HUN,fenyőma,9
HUN,soil,9
HUN,bébi s,9
HUN,sport drink,9
HUN,műanyag pohár,9
HUN,dam,9
HUN,kaiken,9
HUN,budwe,9
HUN,nosztalg,9
HUN,dishwasher tablet,9
HUN,mui,9
HUN,bq,9
HUN,toth,9
HUN,gluténmentes hal,9
HUN,kinder bueni,9
HUN,fagz,9
HUN,marha da,9
HUN,mosógyöngy,9
HUN,tojas bio,9
HUN,sva,9
HUN,toothbru,9
HUN,gullom,9
HUN,fagyasztott b,9
HUN,csemegek,9
HUN,kokuszvi,9
HUN,Vör,9
HUN,royal v,9
HUN,kukac,9
HUN,kroa,9
HUN,hozzaadott cukor,9
HUN,szorb,9
HUN,bahl,9
HUN,cukro,9
HUN,bodza sz,9
HUN,маринованные огурцы,9
HUN,édes vörös bor,9
HUN,tikka masala,9
HUN,Nógrádi,9
HUN,epres joghurt,9
HUN,apple ju,9
HUN,olympo,9
HUN,Dolce,9
HUN,ande,9
HUN,edelweis,9
HUN,crunc,9
HUN,popsitö,9
HUN,topjox,9
HUN,ceres kenyér,9
HUN,rizstés,9
HUN,zero gyümölcslé,9
HUN,snea,9
HUN,ásványíz,9
HUN,mai,9
HUN,tinic,9
HUN,cukormentes je,9
HUN,szalicil,9
HUN,hasábburgo,9
HUN,venis,9
HUN,laktózmentes sa,9
HUN,mizo coffee,9
HUN,folh,9
HUN,magyar t,9
HUN,rolád,9
HUN,kocka té,9
HUN,Som,9
HUN,liszr,9
HUN,nyomos sajt,9
HUN,paulan,9
HUN,ashwa,9
HUN,water 2,9
HUN,zoldfuszeres,9
HUN,legyez,9
HUN,mua,9
HUN,gluténmentes tész,9
HUN,datoja,9
HUN,kalu,9
HUN,cinni,9
HUN,tomlossajt,9
HUN,príma,9
HUN,gassac,9
HUN,kave orolt,9
HUN,pancak,9
HUN,syrop,9
HUN,frozen meat,9
HUN,пакет,9
HUN,kujorica,9
HUN,zselatinfix,9
HUN,pinguin,9
HUN,coffee filter,9
HUN,pizzás cs,9
HUN,kenoma,9
HUN,nut mix,9
HUN,Felvág,9
HUN,boundelle,9
HUN,Görög joghurt,9
HUN,kakaóscs,9
HUN,zsirsz,9
HUN,samersby,9
HUN,Mayonnaise,9
HUN,tyúkhús,9
HUN,xio,9
HUN,sztracsatella,9
HUN,bened,9
HUN,savignon blanc,9
HUN,zsebkendö,9
HUN,courgette,9
HUN,önt,9
HUN,magyaros vajkrém,9
HUN,cole zero,9
HUN,friss bazsalikom,9
HUN,Parmezan,9
HUN,majones,9
HUN,flowater,9
HUN,ivojog,9
HUN,mosógép tisztító,9
HUN,vegan majonez,9
HUN,tömlős sa,9
HUN,proteine,9
HUN,hal f,9
HUN,pamacs,9
HUN,jpghurt,9
HUN,bor voros,9
HUN,edesít,9
HUN,cseresznyés,9
HUN,szajv,9
HUN,magnéziu,9
HUN,édes-,9
HUN,dips,9
HUN,roller,9
HUN,mizo laktozmentes,9
HUN,vanílias,9
HUN,szilvás gombóc,9
HUN,cayene,9
HUN,turp,9
HUN,vile,9
HUN,kitchen towels,9
HUN,votka,9
HUN,mosoka,9
HUN,cukrasz,9
HUN,zeo,9
HUN,palack,9
HUN,tre,9
HUN,parmigg,9
HUN,carpet,9
HUN,cico,9
HUN,pepsi lemon,9
HUN,1 kg,9
HUN,halu,9
HUN,tpjas,9
HUN,eloszto,9
HUN,basket,9
HUN,tútó,9
HUN,pita bread,9
HUN,perini,9
HUN,babybe,9
HUN,Borjú,9
HUN,labne,9
HUN,mogx,9
HUN,enjoy,9
HUN,fahyasztott,9
HUN,portö,9
HUN,paradicsomaz,9
HUN,öngyujtó,9
HUN,hamburher,9
HUN,Bio,9
HUN,bars,9
HUN,fehér monster,9
HUN,ormeny,9
HUN,sűrített paradics,9
HUN,fokhagyma krem,9
HUN,alnatura zab,9
HUN,szaritott par,9
HUN,chad,9
HUN,szensavas asvany,9
HUN,süritett parad,9
HUN,parfü,9
HUN,habcukor,9
HUN,metelt,9
HUN,edem,9
HUN,extra szűz,9
HUN,fagyasztott torta,9
HUN,kávekapszula,9
HUN,gru,9
HUN,insalat,9
HUN,Szend,9
HUN,dessz,9
HUN,cake powder,9
HUN,zsírsze,9
HUN,nissi,9
HUN,szemeteszsák 120,9
HUN,szalámik,9
HUN,súr,9
HUN,stek,9
HUN,Márk,9
HUN,hot sog,9
HUN,pene,9
HUN,hab tejszín,9
HUN,Borsodi,9
HUN,sör 6,9
HUN,philadelpia,9
HUN,zoldfuszer,9
HUN,got2b,9
HUN,toffee,9
HUN,core,9
HUN,pepsi cola,9
HUN,seven day,9
HUN,köro,9
HUN,volt,9
HUN,husl,9
HUN,gumivukor,9
HUN,matu,9
HUN,kid,9
HUN,komény,9
HUN,airwav,9
HUN,ribiz,9
HUN,uht te,9
HUN,giro,9
HUN,szőrtelen,9
HUN,amond,9
HUN,miil,9
HUN,zero n,9
HUN,picco,9
HUN,chirk,9
HUN,fish sauce,9
HUN,pato,9
HUN,clear,9
HUN,corn star,9
HUN,csusz,9
HUN,sminkle,9
HUN,marcipa,9
HUN,wc frissít,9
HUN,corni,9
HUN,toldseg,9
HUN,fehér bo,9
HUN,modoszer,9
HUN,savas ví,9
HUN,felic,9
HUN,ajándek,9
HUN,Lidl,9
HUN,zsmel,9
HUN,baby s,9
HUN,California,9
HUN,ready to eat,9
HUN,suh,9
HUN,kave kapsz,9
HUN,steal,9
HUN,dia wellnes,9
HUN,fejtett,9
HUN,musko,9
HUN,bor f,9
HUN,prtein,9
HUN,fól,9
HUN,napraforgó olaj,9
HUN,csalan,9
HUN,ren,9
HUN,zabkeks,9
HUN,tortabev,9
HUN,chili sauce,9
HUN,lábas,9
HUN,szalinna,9
HUN,juicr,9
HUN,paradicspm,9
HUN,hamvas,9
HUN,organ,9
HUN,jerkey,9
HUN,red cabbage,9
HUN,Shampoo,9
HUN,Pirospaprika,9
HUN,blueber,9
HUN,guillon,9
HUN,caps,9
HUN,kitc,9
HUN,intimate,9
HUN,Rukkola,9
HUN,true date,9
HUN,leves zo,9
HUN,srite,9
HUN,turist,9
HUN,nono,9
HUN,Sch,9
HUN,képes,9
HUN,eri,9
HUN,250ml,9
HUN,sajt re,9
HUN,cera,9
HUN,ovazer,9
HUN,kalàcs,9
HUN,kutyape,9
HUN,cognac,9
HUN,meglepetés,9
HUN,kop,9
HUN,cherry pepsi,9
HUN,fokhagyma po,9
HUN,zsbk,9
HUN,soma,9
HUN,füstőlt,9
HUN,csipos szosz,9
HUN,thi,9
HUN,ragasztoszalag,9
HUN,natúr joghu,9
HUN,cooking cre,9
HUN,fizzy,9
HUN,pop c,9
HUN,kagyló tészta,9
HUN,Croissant,9
HUN,polcu,9
HUN,уксус,9
HUN,szélesmeté,9
HUN,Magnum mini,9
HUN,víz szénsavas,9
HUN,свинина,9
HUN,kag,9
HUN,friss pékáru,9
HUN,bor rose,9
HUN,philadelphiai,9
HUN,laktózmentes hab,9
HUN,izotóniá,9
HUN,akacmez,9
HUN,orrs,9
HUN,szenhid,9
HUN,barnangen,9
HUN,ehrma,9
HUN,színe,9
HUN,poweradr,9
HUN,mosogató sziva,9
HUN,tatratea,9
HUN,Dettol,9
HUN,Somersby,9
HUN,dobe,9
HUN,daralt kek,9
HUN,csirkecombfil,9
HUN,Mars,9
HUN,myt,9
HUN,fett,9
HUN,vergnano,9
HUN,мусорные,9
HUN,Nadudvari matcha-lime,9
HUN,marshmello,9
HUN,alpro ma,9
HUN,oatm,9
HUN,tej l,9
HUN,piríto,9
HUN,nóg,9
HUN,doctor,9
HUN,rot,9
HUN,csigaté,9
HUN,kigyoubo,9
HUN,laktózmentes tejfol,9
HUN,felvs,9
HUN,oara,9
HUN,szagtalan,9
HUN,ben j,9
HUN,fogköz,9
HUN,sjyr,9
HUN,topo,9
HUN,ujj,9
HUN,wet wip,9
HUN,grill kolbá,9
HUN,macska sz,9
HUN,bird,9
HUN,fűszere,9
HUN,AAA elem,9
HUN,betü,9
HUN,san marzano,9
HUN,ajándék zacskó,9
HUN,sajnt,9
HUN,szuro,9
HUN,mizo kak,9
HUN,багет,9
HUN,szófa,9
HUN,попкорн,9
HUN,megysör,9
HUN,kesú,9
HUN,kapszulás ká,9
HUN,bolgnai,9
HUN,mosogatoszi,9
HUN,muzlu,9
HUN,sajt gouda,9
HUN,teljeskiö,9
HUN,petrezselyemzöld,9
HUN,lakr,9
HUN,sertéscom,9
HUN,bio sajt,9
HUN,tils,9
HUN,kefír danone,9
HUN,red wi,9
HUN,plasti,9
HUN,tusfurfo,9
HUN,kic,9
HUN,ob normal,9
HUN,potato sticks,9
HUN,chocolate cake,9
HUN,ivójogh,9
HUN,ori,9
HUN,klima,9
HUN,csirke c,9
HUN,pizza 360,9
HUN,fev,9
HUN,thunfisch,9
HUN,spanish,9
HUN,barilla teszta,9
HUN,porkol,9
HUN,kave instant,9
HUN,gyümölcs konzerv,9
HUN,szósu,9
HUN,szőlőlev,9
HUN,baracko,9
HUN,croassaint,9
HUN,Tort,9
HUN,jazm,9
HUN,ribeye,9
HUN,mérőszalag,9
HUN,sajt edami,9
HUN,plast,9
HUN,marshma,9
HUN,pirospaprik,9
HUN,teriaky,9
HUN,sutopapi,9
HUN,dzi,9
HUN,burgonyq,9
HUN,ajándéktáska,9
HUN,túròrudi,9
HUN,rum aro,9
HUN,gyöngyhagy,9
HUN,szedvics,9
HUN,parwdicsom,9
HUN,vegan fagy,9
HUN,feketeerdő sonka,9
HUN,edeny,9
HUN,kelkap,9
HUN,ásványvíz szé,9
HUN,carlsber,9
HUN,true dat,9
HUN,mizo esl,9
HUN,kovà,9
HUN,dán sz,9
HUN,gram,9
HUN,frutt,9
HUN,szunyogirto,9
HUN,hangyairt,9
HUN,kálcium,9
HUN,protein tortilla,9
HUN,3/,9
HUN,sport s,9
HUN,sertesszuz,9
HUN,víz savas,9
HUN,bébié,9
HUN,rágcsá,9
HUN,naturj,9
HUN,jégkrém cukor,9
HUN,légyirtó,9
HUN,otly,9
HUN,kenyérmor,9
HUN,novenyi ital,9
HUN,wc gél,9
HUN,potyos,9
HUN,saláta o,9
HUN,jár,9
HUN,sour dough,9
HUN,Rántott,9
HUN,vaniliás cuk,9
HUN,popcrop,9
HUN,kine,9
HUN,collag,9
HUN,bogyo,9
HUN,oral-b,9
HUN,kábé,9
HUN,magnélküli,9
HUN,sajtgolyo,9
HUN,kéts,9
HUN,tem,9
HUN,lelvár,9
HUN,water filter,9
HUN,zl,9
HUN,Miró,9
HUN,szena,9
HUN,lasagne alap,9
HUN,kukazsa,9
HUN,Tomi,9
HUN,gyömbèr,9
HUN,chestnut,9
HUN,joghurt light,9
HUN,pácol,9
HUN,орех,9
HUN,fűszerkev,9
HUN,uborj,9
HUN,asvanyví,9
HUN,screw,9
HUN,marry,9
HUN,sajt darabolt,9
HUN,kb,9
HUN,mosogep kapszula,9
HUN,mos9,9
HUN,szendvics kr,9
HUN,konzerv gyümölcs,9
HUN,nail polish,9
HUN,uab,9
HUN,coca cola 1,9
HUN,arlo,9
HUN,andros,9
HUN,heart,9
HUN,patak,9
HUN,coffee instant,9
HUN,nyers,9
HUN,szemes káve,9
HUN,súrol,9
HUN,szakami,9
HUN,soba teszta,9
HUN,zeró,9
HUN,kib,9
HUN,pick sn,9
HUN,neacafe,9
HUN,savanyu ub,9
HUN,milka c,9
HUN,hell cofee,9
HUN,Kal,9
HUN,waterr,9
HUN,fiah,9
HUN,lavas,9
HUN,hambirger,9
HUN,tisztitó,9
HUN,toothpicks,9
HUN,tissue box,9
HUN,white rum,9
HUN,baravk,9
HUN,írtó,9
HUN,green pea,9
HUN,rastinger,9
HUN,ICE,9
HUN,corri,9
HUN,"1,5",9
HUN,map,9
HUN,matches,9
HUN,parmegiano,9
HUN,Laktózmentes tej,9
HUN,hőmé,9
HUN,tanyas,9
HUN,dan szalami,9
HUN,Cola 300,9
HUN,melegszenvics,9
HUN,rókagomba,9
HUN,édes savanyú sz,9
HUN,paradix,9
HUN,chilli flakes,9
HUN,chips csiki,9
HUN,cigaret,9
HUN,hossza,9
HUN,bubbly,9
HUN,csrkemell,9
HUN,breef,9
HUN,arabica,9
HUN,cream cooking,9
HUN,sult krum,9
HUN,mome,9
HUN,spritw,9
HUN,paradcsom,9
HUN,ctrom,9
HUN,zú,9
HUN,fűszerke,9
HUN,brocol,9
HUN,Toilet paper,9
HUN,alumínium,9
HUN,fustolt pap,9
HUN,etelfestek,9
HUN,teszta szosz,9
HUN,reszeltsa,9
HUN,műa,9
HUN,Mang,9
HUN,savanyu gumicukor,9
HUN,pwer,9
HUN,flórasze,9
HUN,caramell,9
HUN,tej protein,9
HUN,celo,9
HUN,lapzselatin,9
HUN,gyulai kolbasz,9
HUN,creati,9
HUN,macdka,9
HUN,micellar,9
HUN,mosogatos,9
HUN,friss h,9
HUN,фольга,9
HUN,yfoo,9
HUN,protein jo,9
HUN,születés,9
HUN,pálcikás jévkrém,9
HUN,powdered sugar,9
HUN,greek joghurt,9
HUN,sertrs,9
HUN,beckmann,9
HUN,csirke láb,9
HUN,vitajó,9
HUN,energy bar,9
HUN,vilh,9
HUN,arug,9
HUN,kokuszol,9
HUN,sajtos rud,9
HUN,arany Ászok,9
HUN,janq,9
HUN,pumpkin seed,9
HUN,zúz,9
HUN,csokoládè,9
HUN,remo,9
HUN,protain,9
HUN,barnacuk,9
HUN,vila,9
HUN,jasmin,9
HUN,luc,9
HUN,izesito,9
HUN,cornex,9
HUN,szent an,9
HUN,waterrr,9
HUN,étk,9
HUN,izzadasgatlo,9
HUN,magnum bon bon,9
HUN,giu,9
HUN,szalái,9
HUN,pepero,9
HUN,peac,9
HUN,clubmate,9
HUN,alms,9
HUN,neogr,9
HUN,krem turo,9
HUN,alkohol ment,9
HUN,paradiscom,9
HUN,blank,9
HUN,sütemények,9
HUN,vc papir,9
HUN,golyós,9
HUN,konyari,9
HUN,deodor,9
HUN,danonin,9
HUN,zabsz,9
HUN,zold alma,9
HUN,samo,9
HUN,kész é,9
HUN,macskat,9
HUN,Oats,9
HUN,cg,9
HUN,itsai,9
HUN,száraz té,9
HUN,stefl,9
HUN,felmosóf,9
HUN,ajándék tasak,9
HUN,maji,9
HUN,яица,9
HUN,fogj,9
HUN,meat makers,9
HUN,mosqui,9
HUN,lila k,9
HUN,nylon,9
HUN,frie,9
HUN,cream soda,9
HUN,folha,9
HUN,tepertős,9
HUN,lindo,9
HUN,spre,9
HUN,sporti,9
HUN,tekföl,9
HUN,zwa,9
HUN,uzson,9
HUN,gyros fű,9
HUN,toothpas,9
HUN,nutells,9
HUN,kézműves s,9
HUN,öblitõ,9
HUN,bersi,9
HUN,rizs papír,9
HUN,Öblitő,9
HUN,edeskomeny,9
HUN,hiba,9
HUN,etyek,9
HUN,paneer,9
HUN,csoda,9
HUN,hámozott,9
HUN,energia szelet,9
HUN,dove szappan,9
HUN,zold bab,9
HUN,massage,9
HUN,fehér ré,9
HUN,rr,9
HUN,falni j,9
HUN,ae,9
HUN,gomo,9
HUN,fehér mosó,9
HUN,condens,9
HUN,habzs,9
HUN,zsme,9
HUN,gluténmentes tészt,9
HUN,száraz pezsgő,9
HUN,bravó,9
HUN,kockatészta,9
HUN,édes vö,9
HUN,zoj,9
HUN,sajta,9
HUN,soy sa,9
HUN,citt,9
HUN,vizipisztoly,9
HUN,hyppo,9
HUN,szénsavasvíz,9
HUN,crodo,9
HUN,mun,9
HUN,paradicsomsű,9
HUN,горошек,9
HUN,vilgain p,9
HUN,sósp,9
HUN,vaj laktozmentes,9
HUN,műfogsor,9
HUN,teliszal,9
HUN,passi,9
HUN,csrte,9
HUN,cointre,9
HUN,számgyertya,9
HUN,shallots,9
HUN,cola koff,9
HUN,charge,9
HUN,hús f,9
HUN,kókusz viz,9
HUN,lakat,9
HUN,band,9
HUN,olasz fel,9
HUN,extension,9
HUN,pepei,9
HUN,savanyúsag,9
HUN,milki,9
HUN,eper lekvar,9
HUN,túó,9
HUN,Tus,9
HUN,Illatosító,9
HUN,őrkávé,9
HUN,dobozos üdítő,9
HUN,zols,9
HUN,stef,9
HUN,coca cola lime,9
HUN,citroml3,9
HUN,levesgyön,9
HUN,elektroli,9
HUN,macsks,9
HUN,etcsokoládé,9
HUN,kaszinótojás,9
HUN,pix,9
HUN,biotech vegan,9
HUN,magm,9
HUN,op,9
HUN,papirzsepkendo,9
HUN,makeup remover,9
HUN,aranyfá,9
HUN,dura,9
HUN,powersde,9
HUN,illatgyongy,9
HUN,hamburgerhus,9
HUN,Szappan,9
HUN,soap bar,9
HUN,humis,9
HUN,hoisin,9
HUN,tej por,9
HUN,csokis kalacs,9
HUN,ablaktisz,9
HUN,sertés zsí,9
HUN,alkhol,9
HUN,zsúr,9
HUN,cabbag,9
HUN,mokka,9
HUN,lenoe,9
HUN,gorogdinn,9
HUN,jovhurt,9
HUN,telfol,9
HUN,Sat,9
HUN,kác,9
HUN,facsar,9
HUN,instant soup,9
HUN,de cecco,9
HUN,брокколи,9
HUN,Bonduelle,9
HUN,ekmek,9
HUN,feketebo,9
HUN,darált p,9
HUN,karton víz,9
HUN,eiswürfel,9
HUN,Brassói,9
HUN,kave őrölt,9
HUN,all purpose flour,9
HUN,TÚRÓ,9
HUN,jalapenos,9
HUN,szója tej,9
HUN,cézar,9
HUN,csurkemell,9
HUN,magke,9
HUN,Szénsavas,9
HUN,water 1.5,9
HUN,irdai,9
HUN,túrók,9
HUN,wafe,9
HUN,bútorápoló,9
HUN,90%,9
HUN,philadep,9
HUN,hll,9
HUN,les,9
HUN,Sütőpapír,9
HUN,gomol,9
HUN,kaf,9
HUN,mirelit gyümölcs,9
HUN,little moon,9
HUN,szári,9
HUN,гель для душа,8
HUN,bugyi pelenka,8
HUN,nacho sz,8
HUN,papírtörlővel,8
HUN,sós ka,8
HUN,vanille,8
HUN,cranberries,8
HUN,glutr,8
HUN,harissa,8
HUN,pick kolb,8
HUN,joghurt cserpes,8
HUN,nicka,8
HUN,schoko bons,8
HUN,rufi,8
HUN,Mogyoróvaj,8
HUN,combfil,8
HUN,Alm,8
HUN,coca colq,8
HUN,tey,8
HUN,филадельфия,8
HUN,edus,8
HUN,rochen,8
HUN,sauer,8
HUN,mizo ká,8
HUN,sertészsir,8
HUN,morett,8
HUN,vajkt,8
HUN,vegta,8
HUN,ob super,8
HUN,hh,8
HUN,édes savan,8
HUN,foto,8
HUN,chicken thig,8
HUN,Greek yo,8
HUN,limes,8
HUN,baby spinach,8
HUN,húsgol,8
HUN,dildo,8
HUN,porto,8
HUN,cseroes,8
HUN,twic,8
HUN,ice lolly,8
HUN,хамон,8
HUN,eteli,8
HUN,babg,8
HUN,bodzaszörp,8
HUN,alpro ba,8
HUN,csoi,8
HUN,paill,8
HUN,Asvanyviz,8
HUN,paprija,8
HUN,monitor,8
HUN,koroander,8
HUN,pez cukor,8
HUN,szárazsa,8
HUN,tábla cs,8
HUN,Papírzsebkendő,8
HUN,halpástétom,8
HUN,alkoholmentes pezs,8
HUN,fekete erde,8
HUN,tejfök,8
HUN,túros,8
HUN,pao,8
HUN,teljeskiőrlé,8
HUN,gyumolcs mix,8
HUN,suss,8
HUN,ételizesítő,8
HUN,vanilia szirup,8
HUN,vörós,8
HUN,bean boozled,8
HUN,pick sz,8
HUN,galu,8
HUN,szoryi,8
HUN,rizseshús,8
HUN,lenmagpehely,8
HUN,ujbu,8
HUN,burgonya sz,8
HUN,enoki,8
HUN,paradicsomszos,8
HUN,miklos,8
HUN,toys,8
HUN,sárgabor,8
HUN,mogyorokre,8
HUN,tjá,8
HUN,Túro,8
HUN,Mascar,8
HUN,risk,8
HUN,bőrrad,8
HUN,pekt,8
HUN,salata mic,8
HUN,gyorsfagyaszto,8
HUN,Korányi,8
HUN,kőbán,8
HUN,toalett pa,8
HUN,popkorn,8
HUN,vonal,8
HUN,caerpes,8
HUN,waffl,8
HUN,kelbim,8
HUN,rusk,8
HUN,caca,8
HUN,papír tányér,8
HUN,ivójog,8
HUN,Multivitamin,8
HUN,keyr,8
HUN,magnm,8
HUN,piros mogyoros,8
HUN,obi,8
HUN,turkey breast,8
HUN,viblan,8
HUN,champi,8
HUN,túro rudi,8
HUN,jut,8
HUN,lassgne,8
HUN,say,8
HUN,full natu,8
HUN,oven ba,8
HUN,arborio,8
HUN,Bara,8
HUN,kühne,8
HUN,drea,8
HUN,tejszín hab,8
HUN,geanola,8
HUN,triple sec,8
HUN,plat,8
HUN,dea,8
HUN,mirelit borsó,8
HUN,raich,8
HUN,bannana,8
HUN,coton,8
HUN,lilhagyma,8
HUN,csuszatészta,8
HUN,alnatura kokusz,8
HUN,wc k,8
HUN,gluténmentes ropi,8
HUN,tender,8
HUN,g9,8
HUN,liba zsír,8
HUN,teszin,8
HUN,rid,8
HUN,pastries,8
HUN,vegan felvagott,8
HUN,kőba,8
HUN,tejbe rizs,8
HUN,elm,8
HUN,valdot,8
HUN,bords e,8
HUN,zewA,8
HUN,őrölt p,8
HUN,dark beer,8
HUN,daj,8
HUN,Szensavas,8
HUN,lovely,8
HUN,bodzaszorp,8
HUN,padlótisztító,8
HUN,tejz,8
HUN,mixology,8
HUN,bazil,8
HUN,Kr,8
HUN,kecsup,8
HUN,izotonias ital,8
HUN,barnasör,8
HUN,kókusztejsz,8
HUN,vase,8
HUN,croissanr,8
HUN,"Fino teflon surol6, 1 db",8
HUN,tortazsele,8
HUN,slice,8
HUN,jegermaister,8
HUN,barany,8
HUN,clorox,8
HUN,turos batyu,8
HUN,вишня,8
HUN,sio zer,8
HUN,sweetpotato,8
HUN,rexon,8
HUN,toalettpa,8
HUN,parasi,8
HUN,csípős szalámi,8
HUN,alkoholmemtes,8
HUN,túródesszert,8
HUN,gyümölcsjoghurt,8
HUN,penne t,8
HUN,ave,8
HUN,parchment,8
HUN,takarító,8
HUN,hozzáadott cukor nélkül,8
HUN,buldak ramen,8
HUN,vizikefir,8
HUN,rauch ice tea,8
HUN,reed,8
HUN,alch,8
HUN,sanitizer,8
HUN,kutyae,8
HUN,eum,8
HUN,visu,8
HUN,Zero sugar,8
HUN,lays chips,8
HUN,kaktusz fagyi,8
HUN,fodor,8
HUN,Cola cherry,8
HUN,pg,8
HUN,baby bel,8
HUN,tisztasági bet,8
HUN,adv,8
HUN,saice,8
HUN,kelkápos,8
HUN,spirit,8
HUN,ib,8
HUN,vap,8
HUN,szentkri,8
HUN,fagyasztott zolds,8
HUN,naturfood,8
HUN,tomato pasta,8
HUN,body shampoo,8
HUN,rum ar,8
HUN,pisztráng,8
HUN,Sert,8
HUN,truffel,8
HUN,theodora emese,8
HUN,tejgol,8
HUN,laf,8
HUN,kwnyér,8
HUN,no added sugar,8
HUN,kvas,8
HUN,vitamin ital,8
HUN,édes paprika,8
HUN,mandulal,8
HUN,tészta gluténmentes,8
HUN,vanilliás cukor,8
HUN,vosslauer,8
HUN,Sűrített,8
HUN,pisztcia,8
HUN,zsr,8
HUN,rizs basmati,8
HUN,Szentk,8
HUN,kama,8
HUN,rizsszelet,8
HUN,vajas popcorn,8
HUN,földimog,8
HUN,fodros kel,8
HUN,befőzés,8
HUN,pn,8
HUN,sűrített t,8
HUN,ristoran,8
HUN,kevskesajt,8
HUN,meals,8
HUN,wolt market lehe,8
HUN,q tip,8
HUN,laktozmentes feta,8
HUN,protein túró,8
HUN,wee,8
HUN,majn,8
HUN,mjas,8
HUN,száraz v,8
HUN,white choc,8
HUN,baracklè,8
HUN,sárga burgonya,8
HUN,apet,8
HUN,ida,8
HUN,fruchtbar,8
HUN,diet cola,8
HUN,pepsi m,8
HUN,azörp,8
HUN,electrolyt,8
HUN,jj,8
HUN,paradicsompuré,8
HUN,sajti,8
HUN,zero p,8
HUN,ceruzaelem,8
HUN,protein mousse,8
HUN,hajpakolás,8
HUN,leveles tészt,8
HUN,starbucka,8
HUN,ig,8
HUN,szenh,8
HUN,àsvànyvíz,8
HUN,tejföl 1,8
HUN,gyalu,8
HUN,turo gomboc,8
HUN,mazsolas,8
HUN,twjföl,8
HUN,burgonA,8
HUN,gördinnye,8
HUN,cserép,8
HUN,bacon chips,8
HUN,halkré,8
HUN,szúnyog riasztó,8
HUN,hentes,8
HUN,tej vegán,8
HUN,pisztáciakr,8
HUN,pillan,8
HUN,fejes káposzta,8
HUN,kenxé,8
HUN,gyümlcs,8
HUN,Persil,8
HUN,ràgo,8
HUN,sour cr,8
HUN,лайм,8
HUN,tüs,8
HUN,chl,8
HUN,kifki,8
HUN,villga,8
HUN,medvesaj,8
HUN,nutri,8
HUN,so ka,8
HUN,Gullon Zero teljes kiorlesu lisztbol,8
HUN,hydration,8
HUN,casino,8
HUN,tren,8
HUN,novenyi sajt,8
HUN,kuborka,8
HUN,padan,8
HUN,cickafark,8
HUN,kè,8
HUN,spagetti sz,8
HUN,absolute vodka,8
HUN,ariel + lenor mosókapszula,8
HUN,klór,8
HUN,cukormentes lekv,8
HUN,Fag,8
HUN,protein ba,8
HUN,szonyeg,8
HUN,sajtos ropi,8
HUN,fodros nagykocka,8
HUN,dd,8
HUN,fried chicken,8
HUN,fogó,8
HUN,protein mizo,8
HUN,mosókapszul,8
HUN,vegtable,8
HUN,Lencse,8
HUN,iso whey,8
HUN,jelly beans,8
HUN,mangali,8
HUN,tortu,8
HUN,греч,8
HUN,pilota keksz,8
HUN,rizslisz,8
HUN,chili szósz,8
HUN,tonhal p,8
HUN,jegkrem vegan,8
HUN,bakeroll,8
HUN,szep,8
HUN,food bag,8
HUN,gee,8
HUN,apagetti,8
HUN,président,8
HUN,hagyma lila,8
HUN,dré,8
HUN,brasso,8
HUN,serano,8
HUN,tissue paper,8
HUN,woda,8
HUN,óriás pöttyös,8
HUN,ètolaj,8
HUN,papruka,8
HUN,Tef,8
HUN,patad,8
HUN,izesitett víz,8
HUN,dab,8
HUN,80,8
HUN,venish,8
HUN,chicken soup,8
HUN,fó,8
HUN,vanília jégkrém,8
HUN,cizrom,8
HUN,mutella,8
HUN,levrs,8
HUN,édes fehér bor,8
HUN,csirkemàj,8
HUN,Rák,8
HUN,csersz,8
HUN,calif,8
HUN,feherit,8
HUN,garlic salt,8
HUN,Bakery,8
HUN,all purpose,8
HUN,lunch box,8
HUN,alkoholmentes pe,8
HUN,batman,8
HUN,puré,8
HUN,őszibarackl,8
HUN,rovarírtó,8
HUN,Kinder maxi,8
HUN,gyerek fogkefe,8
HUN,oszt,8
HUN,ben & jerr,8
HUN,Lettuce,8
HUN,kaukaz,8
HUN,sajt toast,8
HUN,cola citrom,8
HUN,burger b,8
HUN,sárga barack,8
HUN,trappista light,8
HUN,ásványvìz,8
HUN,vaj rama,8
HUN,toadt,8
HUN,három az egyben,8
HUN,fözőtejszin,8
HUN,mussel,8
HUN,aushi,8
HUN,dezodor n,8
HUN,fagyasztott kifli,8
HUN,zero tonik,8
HUN,paprikas csirke,8
HUN,виноград,8
HUN,fohagyma,8
HUN,davidoff,8
HUN,put,8
HUN,cimke,8
HUN,téli s,8
HUN,mogyorokrém,8
HUN,330,8
HUN,sertésc,8
HUN,szarvasgombas,8
HUN,wter,8
HUN,pelenka 6,8
HUN,chili p,8
HUN,skR,8
HUN,antipast,8
HUN,selyemson,8
HUN,chips bacon,8
HUN,pöttyös szotyi,8
HUN,vegan krem,8
HUN,löw,8
HUN,dreher gold,8
HUN,lavender,8
HUN,gluténmentes ken,8
HUN,mini mo,8
HUN,finis,8
HUN,téli sz,8
HUN,gran padano,8
HUN,souds,8
HUN,team,8
HUN,iceb,8
HUN,vitamin viz,8
HUN,kigyoubor,8
HUN,calsberg,8
HUN,phill,8
HUN,Monster zero,8
HUN,szaffi,8
HUN,seg,8
HUN,cornflour,8
HUN,моло,8
HUN,baking s,8
HUN,hideg komlos,8
HUN,szezánmag,8
HUN,apple cider vinegar,8
HUN,pineap,8
HUN,Tonik,8
HUN,hangers,8
HUN,paradicsom pur,8
HUN,dióbél,8
HUN,laktòzmentes,8
HUN,frutta max,8
HUN,chio sajtos,8
HUN,befőzési,8
HUN,rántotth,8
HUN,baby shampoo,8
HUN,zero üdit,8
HUN,sajtos popcorn,8
HUN,kiemel,8
HUN,sárga b,8
HUN,Koriander,8
HUN,csirke maj,8
HUN,hgyma,8
HUN,mac&,8
HUN,marina,8
HUN,plug,8
HUN,melato,8
HUN,majonezes torma,8
HUN,sültkrumpl,8
HUN,súl,8
HUN,opps,8
HUN,péls,8
HUN,gluténemntes,8
HUN,pesro,8
HUN,tyrell,8
HUN,oetk,8
HUN,avacado oil,8
HUN,növényi tejföl,8
HUN,горо,8
HUN,koffeinmentes káv,8
HUN,gluténmentes l,8
HUN,bubore,8
HUN,ételes,8
HUN,darált pu,8
HUN,sult k,8
HUN,kuchen,8
HUN,sikosit,8
HUN,hagyma karika,8
HUN,casa,8
HUN,sajt szo,8
HUN,Coconut,8
HUN,tallow,8
HUN,chetoos,8
HUN,Kol,8
HUN,papír zs,8
HUN,loofa,8
HUN,tuna fish,8
HUN,gó,8
HUN,овощи,8
HUN,tojásos,8
HUN,kápia paprika,8
HUN,Tsibo koffeinmentes,8
HUN,brite,8
HUN,bech,8
HUN,féléd,8
HUN,happy hip,8
HUN,kindert,8
HUN,diabe,8
HUN,kukorica ke,8
HUN,metax,8
HUN,omles,8
HUN,00,8
HUN,áv,8
HUN,uzsonná,8
HUN,old amsterdam,8
HUN,lipton zold,8
HUN,breff,8
HUN,oralb,8
HUN,font,8
HUN,rántott hus,8
HUN,patat,8
HUN,crass,8
HUN,spat,8
HUN,kukorica sal,8
HUN,muszli,8
HUN,penguin,8
HUN,ben&jerry’s,8
HUN,xixo ice tea,8
HUN,ketcha,8
HUN,füstölt főtt,8
HUN,sio li,8
HUN,kindertoj,8
HUN,chocklate,8
HUN,minera,8
HUN,rizspu,8
HUN,napf,8
HUN,mlk,8
HUN,slimmm,8
HUN,epet,8
HUN,élő,8
HUN,punch,8
HUN,kerekszem,8
HUN,goffri,8
HUN,oat meal,8
HUN,razer,8
HUN,cukormentes gyümölcslé,8
HUN,pecs,8
HUN,artif,8
HUN,sole,8
HUN,spenoz,8
HUN,hideg komlós,8
HUN,persley,8
HUN,citrom bio,8
HUN,butter biscuit,8
HUN,ice ta,8
HUN,bui,8
HUN,szendvicd,8
HUN,tí,8
HUN,желатин,8
HUN,csirkefarhát,8
HUN,vic,8
HUN,zero csoki,8
HUN,gluténmentes sö,8
HUN,souse,8
HUN,legyező,8
HUN,alpha,8
HUN,els,8
HUN,jgkrém,8
HUN,paradicsomkon,8
HUN,bed,8
HUN,szilvás gomb,8
HUN,la peche,8
HUN,csalamáde,8
HUN,sparg,8
HUN,pink gin,8
HUN,sütővaj,8
HUN,Light,8
HUN,aszta,8
HUN,fuszervaj,8
HUN,paper towl,8
HUN,papìr,8
HUN,szűzpe,8
HUN,burgnya,8
HUN,Apple juice,8
HUN,soort,8
HUN,vegetab,8
HUN,strongbo,8
HUN,spagettit,8
HUN,iceber,8
HUN,borsodi bivaly,8
HUN,sóspálcika,8
HUN,biotej,8
HUN,flóras,8
HUN,Fel,8
HUN,burgonya s,8
HUN,annuna,8
HUN,földimogyorós,8
HUN,showergel,8
HUN,sült fűszer,8
HUN,petrezsem,8
HUN,ono,8
HUN,морк,8
HUN,helm,8
HUN,сало,8
HUN,keump,8
HUN,glutè,8
HUN,italian seasoning,8
HUN,burgonyachips,8
HUN,borito,8
HUN,yaourt,8
HUN,feher b,8
HUN,salata szosz,8
HUN,nespresso decaf,8
HUN,ivoj,8
HUN,vilgain peanut,8
HUN,toti,8
HUN,gemüse,8
HUN,hamburger f,8
HUN,loacker,8
HUN,aavanyviz,8
HUN,kolozsvari szalonna,8
HUN,Kometa,8
HUN,konyhai pa,8
HUN,folyékony mosó,8
HUN,gagy,8
HUN,sótlan,8
HUN,candl,8
HUN,garrone,8
HUN,kezm,8
HUN,Szárított,8
HUN,szarvacska t,8
HUN,fejessaláta,8
HUN,bresa,8
HUN,cukormentes gumicukor,8
HUN,cerbona szelet,8
HUN,puffan,8
HUN,picko,8
HUN,kence,8
HUN,tuba,8
HUN,fried onions,8
HUN,szóka,8
HUN,hell ice coffe,8
HUN,tortilla szósz,8
HUN,guni,8
HUN,fresh c,8
HUN,parna,8
HUN,joj,8
HUN,fénym,8
HUN,vodka royal,8
HUN,cotton pad,8
HUN,rum a,8
HUN,Kakao,8
HUN,marvany,8
HUN,mascarponr,8
HUN,sausage chicken,8
HUN,császárhús,8
HUN,francias,8
HUN,bake rol,8
HUN,széndavas víz,8
HUN,tésza,8
HUN,vulkan,8
HUN,Tres Naus,8
HUN,moms,8
HUN,papril,8
HUN,hercules,8
HUN,chio cheese,8
HUN,baracklekvá,8
HUN,valdor glut,8
HUN,mokat,8
HUN,lenir,8
HUN,tehént,8
HUN,bio bab,8
HUN,vanilis,8
HUN,kézi,8
HUN,stel,8
HUN,ruco,8
HUN,laktózmentes joghu,8
HUN,football,8
HUN,пармезан,8
HUN,doce,8
HUN,coock,8
HUN,kadarka,8
HUN,milka t,8
HUN,óvsze,8
HUN,fettuccine,8
HUN,csepes,8
HUN,miner,8
HUN,filo,8
HUN,burgonya szir,8
HUN,zsírszegény t,8
HUN,nan,8
HUN,Szarvas,8
HUN,gomb elem,8
HUN,sárgabo,8
HUN,gluten free pizza,8
HUN,kisüt,8
HUN,kávéfilter,8
HUN,zero jég,8
HUN,соевый,8
HUN,budget,8
HUN,makad,8
HUN,hambuger,8
HUN,nedved,8
HUN,alma p,8
HUN,sajtos chip,8
HUN,vada,8
HUN,mondte,8
HUN,Padlizsán,8
HUN,Ben & Jerry,8
HUN,frucco,8
HUN,useml,8
HUN,ice cream cone,8
HUN,sörretek,8
HUN,dorsia,8
HUN,babaétel,8
HUN,zero kóla,8
HUN,sec,8
HUN,mistar,8
HUN,mek,8
HUN,reese's,8
HUN,kunu,8
HUN,parod,8
HUN,viz jana,8
HUN,dinó,8
HUN,rice basmati,8
HUN,cserep,8
HUN,tm,8
HUN,toha,8
HUN,libero touch,8
HUN,salatamix,8
HUN,Detki,8
HUN,sweet potat,8
HUN,fagyasztott gyumolc,8
HUN,feher kenyer,8
HUN,nutella jég,8
HUN,győri edes,8
HUN,Ceres,8
HUN,dream,8
HUN,gluten fre,8
HUN,csoki sz,8
HUN,duri,8
HUN,parn,8
HUN,baberl,8
HUN,susa,8
HUN,aranyg,8
HUN,krémfehé,8
HUN,sült sonka,8
HUN,darált sertéshús,8
HUN,Interspar,8
HUN,avol,8
HUN,suro,8
HUN,édesítősz,8
HUN,piritós,8
HUN,kroket,8
HUN,zabkàsa,8
HUN,snk,8
HUN,zip lock,8
HUN,200,8
HUN,vottage,8
HUN,rizs c,8
HUN,candel,8
HUN,tönkölyb,8
HUN,tempe,8
HUN,kenyer kovaszos,8
HUN,hordog,8
HUN,Lekvár,8
HUN,gyümölcsbor,8
HUN,Kolbasz,8
HUN,l',8
HUN,tejbeg,8
HUN,mitse,8
HUN,prèzli,8
HUN,dust,8
HUN,Prosecco,8
HUN,korpás,8
HUN,csusza teszta,8
HUN,kézto,8
HUN,tengeri s,8
HUN,vanilias cuko,8
HUN,sajtos cro,8
HUN,vegán fag,8
HUN,növe,8
HUN,alpro b,8
HUN,cola tero,8
HUN,koktél para,8
HUN,hajg,8
HUN,vaj mizo,8
HUN,szezámol,8
HUN,moutain,8
HUN,cinnam,8
HUN,тампоны,8
HUN,chertos,8
HUN,lila hagyna,8
HUN,meggx,8
HUN,soi,8
HUN,zerp,8
HUN,colazero,8
HUN,modo,8
HUN,deoderant,8
HUN,normaflore,8
HUN,Coca-cola,8
HUN,jug,8
HUN,zabpehy,8
HUN,turkish,8
HUN,whysky,8
HUN,arabbiata,8
HUN,zsírs,8
HUN,dreher citrom,8
HUN,maci k,8
HUN,Al,8
HUN,csokoládé szirup,8
HUN,fagyasztott  zöldség,8
HUN,parnez,8
HUN,kiemelő,8
HUN,pante,8
HUN,négysajtos,8
HUN,mau,8
HUN,kije,8
HUN,folyekony szap,8
HUN,akku,8
HUN,szőlőlevél,8
HUN,három,8
HUN,lea,8
HUN,pörkölt ko,8
HUN,el s,8
HUN,banánchips,8
HUN,száraz vör,8
HUN,izotóniás ital,8
HUN,remoulade,8
HUN,szeletelt trappista,8
HUN,magnom,8
HUN,hajs,8
HUN,tul,8
HUN,m &m,8
HUN,vanilia jegkrem,8
HUN,krémtur,8
HUN,kakaóscsi,8
HUN,M&Ms,8
HUN,good calories,8
HUN,növényi tejf,8
HUN,halapen,8
HUN,corsod,8
HUN,sobk,8
HUN,tej desszert,8
HUN,peat,8
HUN,vasalás,8
HUN,tùrò rudi,8
HUN,bil,8
HUN,Szója,8
HUN,моцарелла,8
HUN,bio te,8
HUN,maasda,8
HUN,cola zéró,8
HUN,Biscoff,8
HUN,vanilíás,8
HUN,bork,8
HUN,parkezan,8
HUN,mutli,8
HUN,schwar,8
HUN,cambert,8
HUN,tog,8
HUN,csomagoló papír,8
HUN,vilgain elek,8
HUN,laktozmentes jog,8
HUN,gyün,8
HUN,levescsom,8
HUN,fold,8
HUN,sütnival,8
HUN,gyombér,8
HUN,kókuszjog,8
HUN,parne,8
HUN,protein cookie,8
HUN,him,8
HUN,campa,8
HUN,barna mártás,8
HUN,Dr oe,8
HUN,mustr,8
HUN,85%,8
HUN,áfonyalek,8
HUN,sajtos lays,8
HUN,jagermaister,8
HUN,rántott h,8
HUN,Schär,8
HUN,perpni,8
HUN,miro,8
HUN,sudocre,8
HUN,tejst,8
HUN,foidbox,8
HUN,hyd,8
HUN,tustfurdo,8
HUN,руккола,8
HUN,индейка,8
HUN,wegeta,8
HUN,San b,8
HUN,babgulyás,8
HUN,banana chips,8
HUN,mac and chees,8
HUN,szóró,8
HUN,pur p,8
HUN,paradicskm,8
HUN,mayone,8
HUN,nr,8
HUN,boriték,8
HUN,coockies,8
HUN,kaukázu,8
HUN,universal,8
HUN,apem,8
HUN,száraz sam,8
HUN,kigyó uborka,8
HUN,vanília pu,8
HUN,weisb,8
HUN,loli,8
HUN,szárazs,8
HUN,Milli,8
HUN,magnum bo,8
HUN,Mate,8
HUN,potein,8
HUN,samers,8
HUN,kindertojas,8
HUN,telefontöltő,8
HUN,habzsák,8
HUN,búza s,8
HUN,konzervhal,8
HUN,kukoruca,8
HUN,aszalt gyümölcs,8
HUN,god,8
HUN,fehér csoko,8
HUN,száraz kolbász,8
HUN,ley,8
HUN,youty,8
HUN,csemege paprika,8
HUN,csokoládé cukormentes,8
HUN,lk,8
HUN,pom bear,8
HUN,salsa dip,8
HUN,kajszibarack,8
HUN,sajtal,8
HUN,alpt,8
HUN,ét csok,8
HUN,túsf,8
HUN,porkoltkocka,8
HUN,bake r,8
HUN,xs,8
HUN,kavete,8
HUN,chips paprika,8
HUN,extra sz,8
HUN,főző tej,8
HUN,lasagbe,8
HUN,gulyásh,8
HUN,bambi,8
HUN,pilner,8
HUN,cavi,8
HUN,dove s,8
HUN,lágy sajt,8
HUN,oce,8
HUN,chipset,8
HUN,disznózs,8
HUN,jê,8
HUN,tejm,8
HUN,Tra,8
HUN,lp,8
HUN,cheddat,8
HUN,hajsz,8
HUN,редис,8
HUN,coffein,8
HUN,daily,8
HUN,seitan,8
HUN,rákócz,8
HUN,zero beer,8
HUN,энергетик,8
HUN,kakukfu,8
HUN,fanta e,8
HUN,jack daniel,8
HUN,laktozmentes saj,8
HUN,rigat,8
HUN,hozzaadott,8
HUN,ajándék t,8
HUN,bébi r,8
HUN,tenger gy,8
HUN,baugette,8
HUN,testta,8
HUN,mira,8
HUN,lovel,8
HUN,sörélesztőpehely,8
HUN,hell class,8
HUN,limele,8
HUN,szp,8
HUN,teljes kiörlésű tészta,8
HUN,tv pa,8
HUN,wolt market keleti,8
HUN,sütőz,8
HUN,Milánó,8
HUN,sajtreszel,8
HUN,rè,8
HUN,fagyasztott ha,8
HUN,diavola,8
HUN,preside,8
HUN,rizs főz,8
HUN,balan,8
HUN,vegán nutella,8
HUN,makré,8
HUN,szezám mag,8
HUN,ásváyvíz,8
HUN,olah,8
HUN,koromlakklemoso,8
HUN,bebispen,8
HUN,hot doh,8
HUN,suritet paradicsom,8
HUN,window cleaner,8
HUN,vegetabl,8
HUN,barilla tészta,8
HUN,squid,8
HUN,gyumolcs konzerv,8
HUN,bio chips,8
HUN,ruccol,8
HUN,безалкогольное,8
HUN,lence,8
HUN,Sárgarépa,8
HUN,juhars,8
HUN,tészta s,8
HUN,kron,8
HUN,petrezy,8
HUN,Korpovit,8
HUN,alpro prot,8
HUN,печень,8
HUN,akma,8
HUN,törö,8
HUN,gesztenye p,8
HUN,coca-co,8
HUN,liquor,8
HUN,szalvet,8
HUN,paprikas szal,8
HUN,torrilla,8
HUN,Szarvacska,8
HUN,liebniz,8
HUN,zero energia,8
HUN,jéglrém,8
HUN,wet towel,8
HUN,szinezo,8
HUN,papirtol,8
HUN,berger sonka,8
HUN,ketcu,8
HUN,leveshus,8
HUN,habos,8
HUN,twinings,8
HUN,hero,8
HUN,proteib,8
HUN,krea,8
HUN,wurst,8
HUN,újs,8
HUN,toá,8
HUN,cski,8
HUN,grilled cheese,8
HUN,rántotthús,8
HUN,специи,8
HUN,kígyóubor,8
HUN,trapistasajt,8
HUN,oldalas f,8
HUN,tokaji asz,8
HUN,burgi,8
HUN,zero pep,8
HUN,vajas k,8
HUN,hasábbur,8
HUN,safrany,8
HUN,agar,8
HUN,vulcano,8
HUN,sutőpap,8
HUN,mako,8
HUN,suo,8
HUN,strand,8
HUN,its,8
HUN,lazan,8
HUN,power fruit,8
HUN,halas,8
HUN,Moritz,8
HUN,day up,8
HUN,cukorbo,8
HUN,arct,8
HUN,örmé,8
HUN,lecsó paprika,8
HUN,kókusz resz,8
HUN,cola koffein,8
HUN,kinder cho,8
HUN,frta,8
HUN,frozen fish,8
HUN,tany,8
HUN,babgu,8
HUN,sió citrus,8
HUN,waldor,8
HUN,sólett,8
HUN,huhn,8
HUN,edelwei,8
HUN,ovlito,8
HUN,liz,8
HUN,amodent,8
HUN,peel,8
HUN,jl,8
HUN,pregnan,8
HUN,rip rop,8
HUN,öblìt,8
HUN,tojay,8
HUN,lango,8
HUN,pop co,8
HUN,adrena,8
HUN,hoegar,8
HUN,new g,8
HUN,almapapr,8
HUN,milka cake,8
HUN,hidegko,8
HUN,promto,8
HUN,Paradicsomos,8
HUN,tepett,8
HUN,mosógéptiszt,8
HUN,waffeli,8
HUN,konyhai torlo,8
HUN,vodka soda,8
HUN,alpro coconut,8
HUN,almapure,8
HUN,85,8
HUN,pur pur kenyér,8
HUN,mach3,8
HUN,ice tea peach,8
HUN,stu,8
HUN,monstar,8
HUN,májad,8
HUN,kukaszsa,8
HUN,Pepsi max,8
HUN,Kinder ma,8
HUN,cakes,8
HUN,szőlo,8
HUN,kovaszos ubo,8
HUN,Barac,8
HUN,rizs papir,8
HUN,Fanta zero,8
HUN,vortex,8
HUN,Szénsavas víz,8
HUN,cubes,8
HUN,kóluszv,8
HUN,dav,8
HUN,méh,8
HUN,friss élesztő,8
HUN,ajandektasak,8
HUN,kecup,8
HUN,chir,8
HUN,szalálmi,8
HUN,sah,8
HUN,Na,8
HUN,toffife,8
HUN,fogselye,8
HUN,turoridi,8
HUN,egytál,8
HUN,barck,8
HUN,mozsa,8
HUN,yohurt,8
HUN,fagx,8
HUN,naturjog,8
HUN,milka wa,8
HUN,sampom,8
HUN,fagyasztva szár,8
HUN,burgers,8
HUN,putina,8
HUN,Bet,8
HUN,masterg,8
HUN,grappy,8
HUN,csoki ö,8
HUN,pull,8
HUN,argus,8
HUN,wg,8
HUN,szemesk,8
HUN,chiki,8
HUN,mozzarella sajt,8
HUN,mosi,8
HUN,lih,8
HUN,Re,8
HUN,nagur,8
HUN,wert,8
HUN,beand,8
HUN,wodka,8
HUN,amar,8
HUN,wolt market le,8
HUN,leo,8
HUN,champa,8
HUN,turi rudi,8
HUN,creamy,8
HUN,nyú,8
HUN,camomile,8
HUN,teliszalam,8
HUN,koktélparadi,8
HUN,rw,8
HUN,80%,8
HUN,zabsze,8
HUN,zero szö,8
HUN,hangyairtó,8
HUN,fagyasztott meg,8
HUN,szofa,8
HUN,magkev,8
HUN,palacsi,8
HUN,csoki fagyi,8
HUN,gori,8
HUN,ziegler,8
HUN,twiste,8
HUN,0.5,8
HUN,öng,8
HUN,KÁVÉ,8
HUN,edemam,8
HUN,felvágottak,8
HUN,daralt marhahus,8
HUN,fú,8
HUN,izon,8
HUN,low fat yogurt,8
HUN,husg,8
HUN,füszerpaprika,8
HUN,bocco d,8
HUN,ló,8
HUN,Jan,8
HUN,Karaj,8
HUN,mosogatogep so,8
HUN,cizr,8
HUN,fahyi,8
HUN,mayo light,8
HUN,prita,8
HUN,villanykorte,8
HUN,almat,8
HUN,juhtúro,8
HUN,ceruz,8
HUN,paper plates,8
HUN,pekse,8
HUN,almond m,8
HUN,nuget,8
HUN,абрикосы,8
HUN,Buci,8
HUN,bnana,8
HUN,sűrítet,8
HUN,lencsech,8
HUN,milka m,8
HUN,kwny,8
HUN,szemüve,8
HUN,m&m’,8
HUN,franciasalá,8
HUN,bácskai,8
HUN,sárgadin,8
HUN,paradicsom pa,8
HUN,ki der,8
HUN,salátakever,8
HUN,mr.,8
HUN,káposztasal,8
HUN,gránáta,8
HUN,friss koriander,8
HUN,thermo,8
HUN,friss menta,8
HUN,fehérit,8
HUN,sertésp,8
HUN,corta,8
HUN,ablakmoso,8
HUN,bableves,8
HUN,gyors ri,8
HUN,serpen,8
HUN,cukormentes f,8
HUN,tse,8
HUN,fűszer p,8
HUN,guacamol,8
HUN,smin,8
HUN,piskòta,8
HUN,bres,8
HUN,Cafe frei,8
HUN,banám,8
HUN,daràlt h,8
HUN,kuszku,8
HUN,zsebkendőt,8
HUN,kolesg,8
HUN,bogyos,8
HUN,hal rud,8
HUN,Apen,8
HUN,prosse,8
HUN,kerekszemű,8
HUN,ur,8
HUN,Jégkocka,8
HUN,habk,8
HUN,babi,8
HUN,mirelit zölds,8
HUN,pulykahús,8
HUN,krumplk,8
HUN,izesitet viz,8
HUN,kávéfőző,8
HUN,energy drinks,8
HUN,konzerv kuko,8
HUN,füsti,8
HUN,zsemle morz,8
HUN,danone oikos,8
HUN,dove men,8
HUN,tulipán,8
HUN,ella’s kitchen,8
HUN,nyalók,8
HUN,samai,8
HUN,sirop,8
HUN,teps,8
HUN,ton8c,8
HUN,gyümólcs,8
HUN,túrós batyu,8
HUN,Salt,8
HUN,corriander,8
HUN,sargaba,8
HUN,coffeee,8
HUN,Vil,8
HUN,hamu,8
HUN,fuze tes,8
HUN,cocus,8
HUN,Gorog,8
HUN,sertésm,8
HUN,wisbauer,8
HUN,barna m,8
HUN,mezes mustaros,8
HUN,szagtalanító,8
HUN,baba tud,8
HUN,tampin,8
HUN,korr,8
HUN,sardinia,8
HUN,buci zsemle,8
HUN,musco,8
HUN,chio pop,8
HUN,barc,8
HUN,teli szal,8
HUN,popsito,8
HUN,mirellit,8
HUN,primiti,8
HUN,cirsli,8
HUN,rukol,8
HUN,lemon tea,8
HUN,goma,8
HUN,kukaszs,8
HUN,zsugor víz,8
HUN,paradicom,8
HUN,viz szensavas,8
HUN,geill,8
HUN,izesített víz,8
HUN,שוקולד,8
HUN,scholl,8
HUN,porr,8
HUN,pqradicsom,8
HUN,pezsgő tab,8
HUN,tubor,8
HUN,taco f,8
HUN,nesz,8
HUN,szuper,8
HUN,ecetes uborka,8
HUN,draz,8
HUN,vegetable oil,8
HUN,dai,8
HUN,sjt,8
HUN,szarit,8
HUN,bira,8
HUN,jack dan,8
HUN,turke,8
HUN,albatura,8
HUN,gyumolvs,8
HUN,almaszósz,8
HUN,gyulai m,8
HUN,vilgain feh,8
HUN,grill tálca,8
HUN,befot,8
HUN,jegkrem magnum,8
HUN,ostor,8
HUN,bell pe,8
HUN,lves,8
HUN,paradu,8
HUN,müzlis,8
HUN,חלב,8
HUN,coca kola,8
HUN,sajt torta,8
HUN,afonyas,8
HUN,brussel,8
HUN,coroni,8
HUN,fekete csokoládé,8
HUN,sertés tarja,8
HUN,cucumbe,8
HUN,fehércsoko,8
HUN,aszú,8
HUN,tejszo,8
HUN,jegj,8
HUN,szec,8
HUN,kolv,8
HUN,csirke comb filé,8
HUN,magyaro,8
HUN,toliet paper,8
HUN,Tejszelet,8
HUN,savanyu kap,8
HUN,konzerv ku,8
HUN,chips ecet,8
HUN,almá,8
HUN,virslit,8
HUN,magnes,8
HUN,fokhagyma kré,8
HUN,tuzogep,8
HUN,apenta plus,8
HUN,cocA,8
HUN,turu,8
HUN,cleaning spray,8
HUN,szeletelt ken,8
HUN,salakis,8
HUN,vanilia p,8
HUN,vilag,8
HUN,sos mogyoro,8
HUN,itrom,8
HUN,hurkapálca,8
HUN,vur,8
HUN,oliveoil,8
HUN,fülpiszká,8
HUN,sárga borsó,8
HUN,túróst,8
HUN,sheb,8
HUN,ml,8
HUN,gyorsleves,8
HUN,garden,8
HUN,emergia,8
HUN,mosógatószer,8
HUN,lúgos víz,8
HUN,kamillatea,8
HUN,paper cups,8
HUN,meggyes joghurt,8
HUN,zewa wc papir,8
HUN,Jäger,8
HUN,finnlandia,8
HUN,téli sza,8
HUN,черри,8
HUN,glass cleaner,8
HUN,csoki s,8
HUN,uve,8
HUN,fat free,8
HUN,szotyu,8
HUN,mentalev,8
HUN,argal,8
HUN,cerbona zab,8
HUN,csl,8
HUN,epres milka,8
HUN,thc,8
HUN,mk,8
HUN,mae,8
HUN,kalas,8
HUN,Rizstej,8
HUN,cp,8
HUN,dii,8
HUN,m9nster,8
HUN,hidratál,8
HUN,vegete,8
HUN,tsibo,8
HUN,dorr,8
HUN,fenistil,8
HUN,grill zoldseg,8
HUN,Krémtúró,8
HUN,coffee c,8
HUN,sunflower seed,8
HUN,menta lime,8
HUN,alternatív tej,8
HUN,habkő,8
HUN,worce,8
HUN,csirkenyak,8
HUN,ovenbaked,8
HUN,avokafo,8
HUN,cheescake,8
HUN,direx,8
HUN,koffein me,8
HUN,Alufólia,8
HUN,BB,8
HUN,alpro puding,8
HUN,kinderini,8
HUN,telefontölt,8
HUN,éz,8
HUN,modzarella,8
HUN,rizsesh,8
HUN,speg,8
HUN,juice zero,8
HUN,marika,8
HUN,Dinn,8
HUN,aszalt s,8
HUN,strow,8
HUN,киноа,8
HUN,szll,8
HUN,tomh,8
HUN,cukinni,8
HUN,San benedetto,8
HUN,gyorsfagyasz,8
HUN,tejfol lak,8
HUN,krmpli,8
HUN,3:1,8
HUN,fürdőszo,8
HUN,jrumpli,8
HUN,wc oapir,8
HUN,búzasö,8
HUN,gyulai májas,8
HUN,tonhal krém,8
HUN,ramb,8
HUN,alma bef,8
HUN,kacsamaj,8
HUN,kömeny,8
HUN,joghurti,8
HUN,celofá,8
HUN,lenor öblítő,8
HUN,pink lem,8
HUN,tnhal,8
HUN,tonny,8
HUN,zsalya,8
HUN,sózott,8
HUN,Fekete,8
HUN,uj krumpli,8
HUN,olajsp,8
HUN,super glue,8
HUN,vó,8
HUN,Vodk,8
HUN,Sültkrumpli,8
HUN,fokhagyma g,8
HUN,rize,8
HUN,Étcsok,8
HUN,апельсин,8
HUN,cee,8
HUN,rétes t,8
HUN,greek yougurt,8
HUN,kartya,8
HUN,sütőzacsk,8
HUN,"Xion jodozott tengeri so, 400 g",8
HUN,zsírszalonna,8
HUN,fa tus,8
HUN,cheese lactose,8
HUN,jh,8
HUN,rizspuding,8
HUN,Coccolino,8
HUN,csemege kolbász,8
HUN,általános,8
HUN,sütnivaló,8
HUN,muanyag pohar,8
HUN,vienn,8
HUN,wt,8
HUN,lun,8
HUN,szòja,8
HUN,espre,8
HUN,chips só,8
HUN,leveles tész,8
HUN,csirke h,8
HUN,rizstes,8
HUN,babaszappan,8
HUN,mixo,8
HUN,sajtreszelő,8
HUN,doughnut,8
HUN,sajtpor,8
HUN,vanilias pud,8
HUN,c vi,8
HUN,jegeste,8
HUN,hawa,8
HUN,almaszosz,8
HUN,filadelfia,8
HUN,tenföl,8
HUN,CSIRKE,8
HUN,lad,8
HUN,vén,8
HUN,vanilla e,8
HUN,ibu,8
HUN,vors,8
HUN,gumicukoe,8
HUN,szülinapi,8
HUN,hamburgert,8
HUN,szensavas as,8
HUN,pattan,8
HUN,hátsz,8
HUN,bisquit,8
HUN,gyógyszert,8
HUN,fetta,8
HUN,picc,8
HUN,qin,8
HUN,Schwe,8
HUN,lon,8
HUN,korai,8
HUN,tchibo kapszula,8
HUN,krè,8
HUN,bunda,8
HUN,ready made,8
HUN,bacardi breezer,8
HUN,bab ko,8
HUN,utensils,8
HUN,jus,8
HUN,Datolya,8
HUN,Shrimp,8
HUN,madárt,8
HUN,gumimaci,8
HUN,rl,8
HUN,proein,8
HUN,laktózmentes fagyi,8
HUN,szinfog,8
HUN,csieke,8
HUN,fott,8
HUN,csemge,8
HUN,modz,8
HUN,croasan,8
HUN,akciós,8
HUN,zsírszegény joghurt,8
HUN,toiletten,8
HUN,octenisept,8
HUN,delm,8
HUN,protein pasta,8
HUN,crout,8
HUN,meggl,8
HUN,koffein men,8
HUN,vanilia pud,8
HUN,Nut,8
HUN,natur kremsajt,8
HUN,כשר,8
HUN,gapona,8
HUN,weeta,8
HUN,Ol,8
HUN,tük,8
HUN,protein turorudi,8
HUN,tamo,8
HUN,dpagetti,8
HUN,sertzsír,8
HUN,tojasfeherje,8
HUN,madar salata,8
HUN,nestle viz,8
HUN,puha,8
HUN,napic,8
HUN,tacc,8
HUN,boli,8
HUN,sör dreher,8
HUN,bögrés,8
HUN,cool,8
HUN,richter,8
HUN,mozarrella,8
HUN,csalá,8
HUN,ife cream,8
HUN,rizs kása,8
HUN,Porcukor,8
HUN,viglain,8
HUN,rozè,8
HUN,bean boo,8
HUN,orange juic,8
HUN,andech,8
HUN,Vajkrem,8
HUN,peronni,8
HUN,chedat,8
HUN,mr brow,8
HUN,frankfurter,8
HUN,hair wax,8
HUN,kecskemeti,8
HUN,habfü,8
HUN,noddle,8
HUN,ilka,8
HUN,pácolt csirke,8
HUN,berentzen,8
HUN,ragu,8
HUN,pörköltkocka,8
HUN,saysage,8
HUN,aport,8
HUN,alma körte,8
HUN,rocher,8
HUN,beacon,8
HUN,luroak,8
HUN,gombakrém,8
HUN,carots,8
HUN,cappy multivitamin,8
HUN,turod,8
HUN,napicip,8
HUN,vaj lak,8
HUN,Origen,8
HUN,Szent andrás,8
HUN,sprie,8
HUN,idito,8
HUN,purple onion,8
HUN,fagyasztott zöldségek,8
HUN,kata,8
HUN,juh túró,8
HUN,kapia paprika,8
HUN,fokhagymás szósz,8
HUN,friss petrezselyem,8
HUN,lam,8
HUN,der,8
HUN,mac & cheese,8
HUN,Canada dry,8
HUN,laktózmentes fagy,8
HUN,mizzarella,8
HUN,nuge,8
HUN,mentes sor,8
HUN,tea barack,8
HUN,tejszu,8
HUN,frucht,8
HUN,szénsavas üdítő,8
HUN,fagyasztott desszert,8
HUN,forne,8
HUN,papirtirlo,8
HUN,petrezselysm,8
HUN,sundried,8
HUN,lecsópap,8
HUN,mirelit zoldseg,8
HUN,pasa,8
HUN,leys,8
HUN,caref,8
HUN,montr,8
HUN,mentes vi,8
HUN,Valdor,8
HUN,braun,8
HUN,folyékony édes,8
HUN,bocci,8
HUN,savanyú kaposzta,8
HUN,heiniken,8
HUN,cername,8
HUN,stain,8
HUN,hot dog bread,8
HUN,hofbrau,8
HUN,zöldséges,8
HUN,papìrt,8
HUN,folttisztító,8
HUN,mikroz,8
HUN,kockateszta,8
HUN,ételhor,8
HUN,hazai,8
HUN,croisson,8
HUN,fesu,8
HUN,Nachos,8
HUN,gyümölcs mix,8
HUN,zéró col,8
HUN,tej csoki,8
HUN,губка,8
HUN,ecetes chips,8
HUN,víz karton,8
HUN,deterge,8
HUN,tv papr,8
HUN,mály,8
HUN,habcs,8
HUN,ananászos,8
HUN,Pezsgő,8
HUN,mnster,8
HUN,gruy,8
HUN,kart,8
HUN,sürít,8
HUN,bicikli,8
HUN,cartedoor,8
HUN,pommes,8
HUN,ariz,8
HUN,pancet,8
HUN,zero sug,8
HUN,aszalt gy,8
HUN,dishes,8
HUN,kikko,8
HUN,yogurr,8
HUN,primit,8
HUN,kávé ital,8
HUN,pasta penne,8
HUN,mú,8
HUN,aer,8
HUN,dairy,8
HUN,blend a med,8
HUN,cserps,8
HUN,algid,8
HUN,toothpast,8
HUN,cup no,8
HUN,habzobor,8
HUN,xu,8
HUN,szarvasi mozzarella,8
HUN,notesz,8
HUN,kinlex,8
HUN,edesitő,8
HUN,császársza,8
HUN,hair mask,8
HUN,petsgo,8
HUN,tjföl,8
HUN,vérna,8
HUN,zserbo,8
HUN,red vull,8
HUN,vérnarancs,8
HUN,dried tomato,8
HUN,szemes bors,8
HUN,porato,8
HUN,kézműves sörök,8
HUN,petrezselyemz,8
HUN,feketebab,8
HUN,zsirszeg,8
HUN,multivitam,8
HUN,holland kakaó,8
HUN,limonc,8
HUN,coco pops,8
HUN,pizza forte,8
HUN,Flóra,8
HUN,paradiciom,8
HUN,matcha por,8
HUN,kèszètel,8
HUN,étcsokoladé,8
HUN,trópusi,8
HUN,glis,8
HUN,rolo,8
HUN,hagen da,8
HUN,pine nut,8
HUN,hínár,8
HUN,dent,8
HUN,Szendv,8
HUN,zöldte,8
HUN,sör mentes,8
HUN,scw,8
HUN,sara,8
HUN,csirke pác,8
HUN,habverő,8
HUN,vizkőold,8
HUN,backing,8
HUN,írószer,8
HUN,Kalifornia,8
HUN,portobello,8
HUN,vattacukor,8
HUN,csalama,8
HUN,ajan,8
HUN,lactose free cream,8
HUN,ziploc,8
HUN,Sma,8
HUN,marha alap,8
HUN,teszta kocka,8
HUN,fh,8
HUN,kávé kapszul,8
HUN,kenyer teljes,8
HUN,Lay,8
HUN,pillec,8
HUN,sajt rud,8
HUN,mirelit bab,8
HUN,hellmanns,8
HUN,zewa p,8
HUN,cesa,8
HUN,leves koc,8
HUN,gyümöcs,8
HUN,panírmor,8
HUN,johu,8
HUN,vöröshagymakrém,8
HUN,bukk,8
HUN,univer ketchup,8
HUN,reszelr,8
HUN,cocacol,8
HUN,vrs,8
HUN,pelenkáz,8
HUN,dovr,8
HUN,instant co,8
HUN,lactogen,8
HUN,frozen corn,8
HUN,kovászos k,8
HUN,eros pap,8
HUN,riprop,8
HUN,Dubai,8
HUN,gyrosz,8
HUN,téstta,8
HUN,kaks,8
HUN,stivia,8
HUN,sajtos pogá,8
HUN,light reszelt,8
HUN,szesz,8
HUN,immu,8
HUN,cola zero cherry,8
HUN,tokeh,8
HUN,ciser,8
HUN,vili,8
HUN,huba,8
HUN,club mat,8
HUN,gluténmentes tortilla,8
HUN,fli,8
HUN,hús fűszer,8
HUN,ujhagym,8
HUN,zöldségkev,8
HUN,kolbászos,8
HUN,basa,8
HUN,cheeseca,8
HUN,hana,8
HUN,caffe frei,8
HUN,virsli sajtos,8
HUN,palacsint,8
HUN,tusg,8
HUN,pálpuszt,8
HUN,szm,8
HUN,koktèl,8
HUN,ásványvíz enyhe,8
HUN,tejfok,8
HUN,turo eudi,8
HUN,ckor,8
HUN,coca ca,8
HUN,parp,8
HUN,fagyasztott bu,7
HUN,balaton szelet,7
HUN,dentastix,7
HUN,mungobab,7
HUN,remolade,7
HUN,frozen fr,7
HUN,teljeskiorlesu kenyer,7
HUN,wiski,7
HUN,pomo,7
HUN,sapinca,7
HUN,instant coffe,7
HUN,pick pick,7
HUN,érett avokádó,7
HUN,donat,7
HUN,ec papír,7
HUN,laundry de,7
HUN,tolltarto,7
HUN,husi,7
HUN,fehercso,7
HUN,5 r,7
HUN,fustolt sonka,7
HUN,Pá,7
HUN,szénsavas á,7
HUN,la vach,7
HUN,instant teszt,7
HUN,blender,7
HUN,reggeliz,7
HUN,olíva bogyó,7
HUN,alnatura b,7
HUN,mirelit kru,7
HUN,redbi,7
HUN,pöttyös szo,7
HUN,tejföl laktó,7
HUN,hasgen,7
HUN,blend-a,7
HUN,probiotic,7
HUN,palac,7
HUN,zölda,7
HUN,Étcsokol,7
HUN,peppa,7
HUN,cidee,7
HUN,artisan,7
HUN,watermelo,7
HUN,madársalá,7
HUN,vagdalth,7
HUN,tejfol 12,7
HUN,pasta cream,7
HUN,espuna,7
HUN,kaktusz j,7
HUN,Nektarin,7
HUN,borit,7
HUN,pakch,7
HUN,jokenyér,7
HUN,vanilla extr,7
HUN,Kinder joy,7
HUN,bio zab,7
HUN,hwl,7
HUN,bounti,7
HUN,jerr,7
HUN,memta,7
HUN,édesnemes,7
HUN,творожный,7
HUN,baby étel,7
HUN,füldugó,7
HUN,4 r,7
HUN,kinder t,7
HUN,krumplipüré por,7
HUN,peppermint,7
HUN,ananàsz,7
HUN,sir morton,7
HUN,vitatigr,7
HUN,Oregano,7
HUN,muffin papír,7
HUN,hak,7
HUN,májvacukor,7
HUN,szélesme,7
HUN,соси,7
HUN,bad,7
HUN,zojas,7
HUN,fot,7
HUN,sponge cake,7
HUN,daràlth,7
HUN,toolet,7
HUN,t3szta,7
HUN,Soy,7
HUN,vargá,7
HUN,babapos,7
HUN,sóspál,7
HUN,mogyoro krem,7
HUN,marmalade,7
HUN,vaníliás pu,7
HUN,mashro,7
HUN,mogyoró krem,7
HUN,ella’s,7
HUN,emmentáli,7
HUN,"Danone natúr joghurt (4 x 130 g), 520 g",7
HUN,palp,7
HUN,szendvicssonka,7
HUN,pod,7
HUN,hot dog k,7
HUN,ásváy,7
HUN,tesor,7
HUN,gyümölcsök,7
HUN,uo,7
HUN,konyakos,7
HUN,laktózmentes mas,7
HUN,maria,7
HUN,vilgain granola,7
HUN,derel,7
HUN,schokobons,7
HUN,étke,7
HUN,sajtos pa,7
HUN,jég krém,7
HUN,chicken brea,7
HUN,baba törlő,7
HUN,Tr,7
HUN,guda,7
HUN,one blade,7
HUN,hot ch,7
HUN,sort,7
HUN,crossant,7
HUN,barack l,7
HUN,obligo,7
HUN,gyorspác,7
HUN,Nute,7
HUN,fagyasztot z,7
HUN,calm,7
HUN,daràlt hús,7
HUN,Csipsz,7
HUN,Omnia,7
HUN,magvas zsemle,7
HUN,légg,7
HUN,energia italt,7
HUN,moutain dew,7
HUN,Go,7
HUN,nuttella,7
HUN,remou,7
HUN,cirmi,7
HUN,tempura,7
HUN,dobozos üdít,7
HUN,tejsu,7
HUN,fsnta,7
HUN,mim,7
HUN,capris,7
HUN,l’or,7
HUN,nedves kutya,7
HUN,májv,7
HUN,krék,7
HUN,víz 5l,7
HUN,hits,7
HUN,fagylalt cukor,7
HUN,fanta zéró,7
HUN,falfesték,7
HUN,széles met,7
HUN,bref power,7
HUN,bros,7
HUN,wood cleaner,7
HUN,levél,7
HUN,rui,7
HUN,hiltop,7
HUN,erdei gyüm,7
HUN,sajt feta,7
HUN,vet,7
HUN,jégkrém pálcás,7
HUN,toffif,7
HUN,light moza,7
HUN,מים,7
HUN,légycsapó,7
HUN,tci,7
HUN,torolkozo,7
HUN,goc,7
HUN,páro,7
HUN,samdwich,7
HUN,haagen d,7
HUN,koles golyo,7
HUN,intim betét,7
HUN,száraztés,7
HUN,mogyorò,7
HUN,dér juice,7
HUN,pulyka darálthús,7
HUN,mizo lak,7
HUN,benede,7
HUN,kremfeh,7
HUN,wiesbau,7
HUN,Worcester,7
HUN,lika,7
HUN,naracsl,7
HUN,nurella,7
HUN,citrom lime,7
HUN,grah,7
HUN,Nara,7
HUN,búzasik,7
HUN,fine life,7
HUN,alnatura keksz,7
HUN,"NIVEA Creme Soft folyékony krémszappan, 250 ml",7
HUN,instant food,7
HUN,vecepapir,7
HUN,Habtejszin,7
HUN,fagyadztott,7
HUN,testápolo,7
HUN,brrad,7
HUN,hai,7
HUN,herba,7
HUN,ételsz,7
HUN,kocka cu,7
HUN,muzlisz,7
HUN,csigu,7
HUN,kókuszvir,7
HUN,gg,7
HUN,tej zab,7
HUN,foldimo,7
HUN,dr. pepp,7
HUN,fekete filc,7
HUN,tomato can,7
HUN,Muffin,7
HUN,grill h,7
HUN,takiz,7
HUN,kakkuk,7
HUN,krnyer,7
HUN,mort sub,7
HUN,sertészsí,7
HUN,papsi,7
HUN,felc,7
HUN,rizspehely,7
HUN,savas ásványvíz,7
HUN,csedár,7
HUN,froc,7
HUN,Papirtorlo,7
HUN,olvi,7
HUN,bread crum,7
HUN,hagyam,7
HUN,ruko,7
HUN,kókusz zs,7
HUN,wolt lehel,7
HUN,tésztaa,7
HUN,choka,7
HUN,tortillq,7
HUN,zabkor,7
HUN,Fok,7
HUN,pampers premium care,7
HUN,anizs,7
HUN,Tarja,7
HUN,Borso,7
HUN,raw bar,7
HUN,Majonézes,7
HUN,tisztasag,7
HUN,бумажные,7
HUN,Vöslauer,7
HUN,cranber,7
HUN,deep cut,7
HUN,Kinder tojás,7
HUN,tonhalk,7
HUN,cspp,7
HUN,nyugtato,7
HUN,zuchi,7
HUN,gyermek,7
HUN,cappy narancs,7
HUN,mullermilch,7
HUN,gs,7
HUN,sörök,7
HUN,citor,7
HUN,buttet,7
HUN,sajtos kif,7
HUN,ajande,7
HUN,o2,7
HUN,bio rice,7
HUN,uzsonnas,7
HUN,ferm,7
HUN,ètel,7
HUN,vegyes gyümölcs,7
HUN,csoves,7
HUN,lupton,7
HUN,lecsó kolb,7
HUN,csírke,7
HUN,ben & j,7
HUN,hähnchen,7
HUN,puder,7
HUN,ej,7
HUN,gyur,7
HUN,bigpack,7
HUN,sertes tarja,7
HUN,pad tha,7
HUN,konzerves kukorica,7
HUN,xl,7
HUN,maki,7
HUN,laund,7
HUN,fehér csokolád,7
HUN,charc,7
HUN,solett,7
HUN,fagyasztott cs,7
HUN,Jégsaláta,7
HUN,vilgain chips,7
HUN,vágódeszka,7
HUN,short,7
HUN,utánt,7
HUN,bes,7
HUN,dzen,7
HUN,feg,7
HUN,laca,7
HUN,vanilias cikor,7
HUN,kurmpli,7
HUN,persian,7
HUN,sandwich bag,7
HUN,serpes,7
HUN,mosokapsz,7
HUN,mediterran,7
HUN,sütopor,7
HUN,fehér keny,7
HUN,fogjefe,7
HUN,feherje puding,7
HUN,soproni me,7
HUN,hell la,7
HUN,hidr,7
HUN,zuki,7
HUN,Mission,7
HUN,joho,7
HUN,rizs t,7
HUN,avikó,7
HUN,késze,7
HUN,sebtapa,7
HUN,anans,7
HUN,Frozen,7
HUN,sós kukorica,7
HUN,zöldség alap,7
HUN,szószo,7
HUN,trúdi,7
HUN,Key,7
HUN,uborka csemege,7
HUN,Jalapeno,7
HUN,lurpqk,7
HUN,hell double,7
HUN,kole,7
HUN,develey,7
HUN,clip,7
HUN,tók,7
HUN,"0,33",7
HUN,glutenmentes spagetti,7
HUN,kókusz reszel,7
HUN,"3,5",7
HUN,edes burg,7
HUN,csemegeubork,7
HUN,daráltkek,7
HUN,univerz,7
HUN,millet,7
HUN,absobar,7
HUN,coca v,7
HUN,tomsto,7
HUN,felmosófe,7
HUN,Gyulai,7
HUN,fagyazstott,7
HUN,saláta szósz,7
HUN,Polc,7
HUN,via,7
HUN,Tojàs,7
HUN,colesla,7
HUN,carbonara alap,7
HUN,mogxo,7
HUN,bandaid,7
HUN,fehérjés,7
HUN,neog,7
HUN,энерг,7
HUN,chichen,7
HUN,ízesített ásványvíz,7
HUN,chocholate,7
HUN,marmelade,7
HUN,tablacsoki,7
HUN,guarana,7
HUN,alcoholmentes,7
HUN,cukormentes fagylal,7
HUN,salt and vin,7
HUN,brikett,7
HUN,vegyes gy,7
HUN,yoghourt,7
HUN,ingwer,7
HUN,protein cream,7
HUN,popsi törl,7
HUN,fsajt,7
HUN,valsoia,7
HUN,zoldsegchips,7
HUN,ini,7
HUN,zsúrk,7
HUN,gyógynövény,7
HUN,suritettparadicsom,7
HUN,sup,7
HUN,Crocodille,7
HUN,tagliate,7
HUN,apw,7
HUN,hell kv,7
HUN,ablaktisztít,7
HUN,karan,7
HUN,whitening,7
HUN,tokmagolaj,7
HUN,leges,7
HUN,leho,7
HUN,buzafin,7
HUN,heini,7
HUN,világos sör,7
HUN,pöttyos,7
HUN,túróstás,7
HUN,ixe,7
HUN,monster e,7
HUN,petrezselyem gyökér,7
HUN,gyumolcslev,7
HUN,fehér sz,7
HUN,csirj,7
HUN,nestle a,7
HUN,kinderbueno,7
HUN,rios,7
HUN,zal,7
HUN,guacam,7
HUN,cittom,7
HUN,forog,7
HUN,hagmya,7
HUN,sütemny,7
HUN,feher sajt,7
HUN,tropical,7
HUN,lock,7
HUN,hagymak,7
HUN,rízsk,7
HUN,vörös hagy,7
HUN,koktelparadi,7
HUN,sió narancs,7
HUN,monkey,7
HUN,gorogdinny,7
HUN,milka mogyoró,7
HUN,megfy,7
HUN,tensz,7
HUN,karamellas tej,7
HUN,nissin cup,7
HUN,teljeskiör,7
HUN,zoltseg,7
HUN,kenyeŕ,7
HUN,ujsag,7
HUN,kutya sampon,7
HUN,szemetes 120,7
HUN,zoldsegleves,7
HUN,lencsec,7
HUN,né,7
HUN,ham chicken,7
HUN,géz,7
HUN,lasagne lap,7
HUN,grenadi,7
HUN,Mil,7
HUN,hazi,7
HUN,gyümölcsjo,7
HUN,fagyi pálcikás,7
HUN,festő,7
HUN,xa,7
HUN,fustoltsajt,7
HUN,pay,7
HUN,kóluszvíz,7
HUN,tön,7
HUN,moon,7
HUN,имбирь,7
HUN,nespreso,7
HUN,rizsf,7
HUN,rupp,7
HUN,vale,7
HUN,tonik zero,7
HUN,kandirozott,7
HUN,puing,7
HUN,kékszől,7
HUN,csoki szosz,7
HUN,finn cr,7
HUN,Spuds,7
HUN,víz 500,7
HUN,lú,7
HUN,Cézár,7
HUN,tepertőkr,7
HUN,uduto,7
HUN,zero vola,7
HUN,kindermaxi,7
HUN,Soba,7
HUN,őbl,7
HUN,üdu,7
HUN,lino,7
HUN,széndav,7
HUN,kave nespresso,7
HUN,bertoli,7
HUN,sportcsoki,7
HUN,Pen,7
HUN,kürt,7
HUN,4mo,7
HUN,ajándékcsomag,7
HUN,kigli,7
HUN,schat,7
HUN,szilvalekvár,7
HUN,mosogatotabletta,7
HUN,velő,7
HUN,panìr,7
HUN,covid,7
HUN,joghurt meggy,7
HUN,vegam,7
HUN,text,7
HUN,stracc,7
HUN,blue lagoon,7
HUN,zero spr,7
HUN,gála puding,7
HUN,häag,7
HUN,sült krumpl,7
HUN,canelloni,7
HUN,anchov,7
HUN,kitchen towe,7
HUN,Piz,7
HUN,Dreher meggy,7
HUN,mirelit kr,7
HUN,édessavanyú,7
HUN,gallo,7
HUN,pelenkázó,7
HUN,smas,7
HUN,nestle aq,7
HUN,playboy,7
HUN,saft,7
HUN,cserpes rudi,7
HUN,grill master,7
HUN,izesített v,7
HUN,sig,7
HUN,pete,7
HUN,faz,7
HUN,xx,7
HUN,kovászos kenyer,7
HUN,tohás,7
HUN,half,7
HUN,jogobela,7
HUN,ételhordo,7
HUN,barack le,7
HUN,magyaros vaj,7
HUN,sag,7
HUN,греческий,7
HUN,suto por,7
HUN,menta levél,7
HUN,lassange,7
HUN,Öntet,7
HUN,haztartasi keks,7
HUN,unirka,7
HUN,light sonka,7
HUN,szívo,7
HUN,Orange juice,7
HUN,teasütemény,7
HUN,foie gras,7
HUN,pk,7
HUN,Kokusz,7
HUN,plusz,7
HUN,icecub,7
HUN,pékáruk,7
HUN,viz mizse,7
HUN,karlo,7
HUN,flatbread,7
HUN,jana zero,7
HUN,shogetten,7
HUN,hosszab,7
HUN,kombi,7
HUN,cukoe,7
HUN,qtip,7
HUN,hara,7
HUN,halp,7
HUN,mogyorokr,7
HUN,striped chicken breast,7
HUN,Kolozsvári,7
HUN,kávŕ,7
HUN,kókusz ital,7
HUN,mizo lakt,7
HUN,sajt m,7
HUN,mecses,7
HUN,lipton zöld,7
HUN,hansa,7
HUN,cooe,7
HUN,dep,7
HUN,gőz,7
HUN,nutellá,7
HUN,loyd,7
HUN,chio pap,7
HUN,kemping,7
HUN,barrista,7
HUN,coca cola cherr,7
HUN,frozen peas,7
HUN,medicine,7
HUN,bebi repa,7
HUN,vache,7
HUN,desperado,7
HUN,rösti,7
HUN,ceklale,7
HUN,buble,7
HUN,opera,7
HUN,lencse ch,7
HUN,habzó bor,7
HUN,belg,7
HUN,hubba,7
HUN,fokhagyma p,7
HUN,hahy,7
HUN,Fra,7
HUN,wege,7
HUN,Kocka,7
HUN,powar,7
HUN,Paper,7
HUN,téd,7
HUN,дыня,7
HUN,alam,7
HUN,chilli powder,7
HUN,hoeg,7
HUN,füt,7
HUN,rizsi,7
HUN,mizo túr,7
HUN,migyor,7
HUN,black olives,7
HUN,vasalóvíz,7
HUN,avokado olaj,7
HUN,dsr,7
HUN,teszelt,7
HUN,pink lad,7
HUN,babs,7
HUN,csicseri borsó,7
HUN,pastétom,7
HUN,Sárga,7
HUN,lisut,7
HUN,paszternák,7
HUN,moy,7
HUN,granapadano,7
HUN,vy,7
HUN,butger,7
HUN,sztopor,7
HUN,light tra,7
HUN,Whisky,7
HUN,legyirto,7
HUN,keratin,7
HUN,csirke fűszerkeverék,7
HUN,presid,7
HUN,darat,7
HUN,bc,7
HUN,org,7
HUN,ıce cream,7
HUN,aplro,7
HUN,wyk,7
HUN,trash ba,7
HUN,jázminrizs,7
HUN,tonnys,7
HUN,csirks,7
HUN,irsai oli,7
HUN,vegyes z,7
HUN,kókuz,7
HUN,cukrá,7
HUN,laktózmentes kefir,7
HUN,tolt,7
HUN,zoldsegkeve,7
HUN,san pele,7
HUN,artificier,7
HUN,laktózmentes tejszínhab,7
HUN,fogle,7
HUN,jégkrè,7
HUN,papir zs,7
HUN,cigare,7
HUN,sárgaborso,7
HUN,szentkirl,7
HUN,feherc,7
HUN,karton viz,7
HUN,titka,7
HUN,felete,7
HUN,keke,7
HUN,lukorica,7
HUN,mérle,7
HUN,despera,7
HUN,baby sp,7
HUN,paprikás teszta,7
HUN,szénsavas üd,7
HUN,misogató,7
HUN,laktózmentes f,7
HUN,jég k,7
HUN,send,7
HUN,savasv,7
HUN,kinder maxiking,7
HUN,vegg,7
HUN,buldo,7
HUN,lic,7
HUN,cappY,7
HUN,betűt,7
HUN,zewa ned,7
HUN,bonus,7
HUN,mosogatótabletta,7
HUN,petrezsej,7
HUN,meggy befő,7
HUN,Kigyo,7
HUN,lakz,7
HUN,ízesítő,7
HUN,tide,7
HUN,laktózmentes saj,7
HUN,powa,7
HUN,fresh bread,7
HUN,melegszendvics krem,7
HUN,ben & je,7
HUN,Sargarepa,7
HUN,darálz,7
HUN,Darál,7
HUN,pörkölt koc,7
HUN,paprikás szalá,7
HUN,pezsgő tabletta,7
HUN,zsírszegény túr,7
HUN,corn &,7
HUN,fermented,7
HUN,klor,7
HUN,pisztaciakrem,7
HUN,domestos zero,7
HUN,hell ze,7
HUN,zold tes,7
HUN,dobozos pap,7
HUN,gyönb,7
HUN,passionfruit,7
HUN,fren,7
HUN,ecet 10%,7
HUN,mie,7
HUN,almapür,7
HUN,sult kru,7
HUN,nurofen,7
HUN,sanpellegr,7
HUN,fruit yogurt,7
HUN,Sorbet,7
HUN,огурц,7
HUN,fai,7
HUN,meggybefőt,7
HUN,power ad,7
HUN,feher mososzer,7
HUN,törlökendő,7
HUN,savanyu k,7
HUN,daralt ke,7
HUN,nog,7
HUN,salamo,7
HUN,mion,7
HUN,fűszeres,7
HUN,leves por,7
HUN,desztillált víz,7
HUN,fagyasztott sült,7
HUN,mizo ka,7
HUN,kukoricake,7
HUN,szuvacs,7
HUN,vaniliás cu,7
HUN,vadková,7
HUN,owen baked,7
HUN,Tortellini,7
HUN,alsó,7
HUN,törlo,7
HUN,bugette,7
HUN,Bu,7
HUN,kárpi,7
HUN,Barna rizs,7
HUN,profite,7
HUN,uncle beans,7
HUN,red bean,7
HUN,dry white wine,7
HUN,kolbaaz,7
HUN,fakanál,7
HUN,edesburgon,7
HUN,édes fehé,7
HUN,bone broth,7
HUN,pP,7
HUN,szélesmetél,7
HUN,Vanilias,7
HUN,bore,7
HUN,tomato suace,7
HUN,natur vajkrem,7
HUN,danta,7
HUN,rizs chi,7
HUN,cukormentes étcsokoládé,7
HUN,burgom,7
HUN,szat,7
HUN,fuszerkever,7
HUN,Sza,7
HUN,zewa softies,7
HUN,alternativ tej,7
HUN,szója ital,7
HUN,montai,7
HUN,sajt por,7
HUN,tijás,7
HUN,fehérito,7
HUN,cirok,7
HUN,cze,7
HUN,alnatuta,7
HUN,ella,7
HUN,tartósítószer,7
HUN,pekándi,7
HUN,vaniliapuding,7
HUN,Csicseri,7
HUN,hafermilch,7
HUN,vulk,7
HUN,borsme,7
HUN,cayanne,7
HUN,fussilli,7
HUN,ray,7
HUN,fehérba,7
HUN,kisteleki,7
HUN,fagyu,7
HUN,ruhaszár,7
HUN,húst,7
HUN,édes burgo,7
HUN,sió limonádé,7
HUN,habtejszínt,7
HUN,tohal,7
HUN,rizs pap,7
HUN,philadelphia light,7
HUN,bio csirke,7
HUN,hydr,7
HUN,skry,7
HUN,fűszer papr,7
HUN,cherry bear,7
HUN,hagymá,7
HUN,kég,7
HUN,Ablak,7
HUN,kinder country,7
HUN,pano,7
HUN,pasta gluten,7
HUN,zero suger,7
HUN,dupl,7
HUN,xixo t,7
HUN,cabano,7
HUN,kondom,7
HUN,marhs,7
HUN,Sós,7
HUN,betű tészta,7
HUN,neutr,7
HUN,maxi ki,7
HUN,ibuprofen,7
HUN,nedvestör,7
HUN,cuo,7
HUN,hotdog zsemle,7
HUN,zsebkemd,7
HUN,teliszala,7
HUN,paradicsom surit,7
HUN,boró,7
HUN,bruscetti,7
HUN,ticta,7
HUN,pécsi s,7
HUN,madár saláta,7
HUN,Fran,7
HUN,gizz,7
HUN,bor feher,7
HUN,"Cheeseland natur,",7
HUN,nacho dip,7
HUN,jégnyalóka,7
HUN,kakaó po,7
HUN,félsz,7
HUN,sanben,7
HUN,orol,7
HUN,turó ru,7
HUN,piadina,7
HUN,vonalz,7
HUN,Ap,7
HUN,zd,7
HUN,vörös áfonya,7
HUN,csalán tea,7
HUN,tej u,7
HUN,aszalt sz,7
HUN,kölesgolyo,7
HUN,milkshake,7
HUN,house,7
HUN,icetea zero,7
HUN,valio,7
HUN,coca-cola zéró,7
HUN,aszaltsz,7
HUN,patisz,7
HUN,sajt kecske,7
HUN,edesk,7
HUN,nivea man,7
HUN,gumico,7
HUN,mosoge,7
HUN,sweet ch,7
HUN,fik,7
HUN,sulthus,7
HUN,tooth pas,7
HUN,kakoscsiga,7
HUN,Curry,7
HUN,vegán majon,7
HUN,szurimi,7
HUN,csoki darabok,7
HUN,paradicsom püre,7
HUN,Kávékapszula,7
HUN,aoproni,7
HUN,yougart,7
HUN,saly,7
HUN,foltel,7
HUN,barbeq,7
HUN,ásányv,7
HUN,spakling,7
HUN,újk,7
HUN,krém túró,7
HUN,pácolt hús,7
HUN,pizza s,7
HUN,thon,7
HUN,szarvacska teszta,7
HUN,maf,7
HUN,pizzatés,7
HUN,haagen da,7
HUN,Peps,7
HUN,breaded,7
HUN,túró gomb,7
HUN,Hummusz,7
HUN,oc,7
HUN,rà,7
HUN,szemets,7
HUN,túróg,7
HUN,novac,7
HUN,azal,7
HUN,fagyasztott mangó,7
HUN,ricol,7
HUN,körtel,7
HUN,Kovászos kenyér,7
HUN,lángos tészta,7
HUN,ásányvíz,7
HUN,mesek,7
HUN,aruel,7
HUN,sertés hus,7
HUN,paradicsomos húsgombóc,7
HUN,basilikum,7
HUN,tik tak,7
HUN,túró laktózmentes,7
HUN,chicken cube,7
HUN,roshe,7
HUN,spagetti té,7
HUN,vanília fagy,7
HUN,momst,7
HUN,cloves,7
HUN,Ubor,7
HUN,vermicelli,7
HUN,hutotaska,7
HUN,taco shell,7
HUN,túrógom,7
HUN,fata,7
HUN,bolyk,7
HUN,ashwaganda,7
HUN,brew,7
HUN,tonn,7
HUN,hasábburg,7
HUN,sajtos nachos,7
HUN,power bank,7
HUN,fokham,7
HUN,boci csoki,7
HUN,konzerv gy,7
HUN,aszalt szilv,7
HUN,öblítő coccolino,7
HUN,tavaszi tekercs,7
HUN,careot,7
HUN,intim t,7
HUN,Megy,7
HUN,gyonber,7
HUN,zot,7
HUN,tésta,7
HUN,kelkáposz,7
HUN,eleplan,7
HUN,körömvágó,7
HUN,octopus,7
HUN,zewa wisch,7
HUN,walmut,7
HUN,kolbást,7
HUN,daralt mak,7
HUN,wc-papír,7
HUN,okos,7
HUN,illatgyertya,7
HUN,keksz cukormentes,7
HUN,fagyazs,7
HUN,nairn,7
HUN,kaukázus,7
HUN,zöldha,7
HUN,teriak,7
HUN,pestp,7
HUN,olajbog,7
HUN,rakoczi,7
HUN,breadcrumb,7
HUN,Mosó,7
HUN,cooking rice,7
HUN,popcirn,7
HUN,laradicsom,7
HUN,kenőmája,7
HUN,sajjt,7
HUN,tajas,7
HUN,kindrr,7
HUN,florasze,7
HUN,sommerby,7
HUN,laktózmentes krém,7
HUN,vegán t,7
HUN,fue,7
HUN,vc pap,7
HUN,iskola,7
HUN,instant kv,7
HUN,krz,7
HUN,hoesc,7
HUN,gyümol,7
HUN,Karf,7
HUN,mikr,7
HUN,csoki golyo,7
HUN,trjföl,7
HUN,cukormentes c,7
HUN,fajit,7
HUN,bio to,7
HUN,süthet,7
HUN,lug,7
HUN,telef,7
HUN,kávé fehérítő,7
HUN,beer 0,7
HUN,zeqa,7
HUN,univer majonéz,7
HUN,marag,7
HUN,shal,7
HUN,dun,7
HUN,camembe,7
HUN,carpatina,7
HUN,Nat,7
HUN,paradixs,7
HUN,kókusz joghurt,7
HUN,ilatosito,7
HUN,fekete bo,7
HUN,sör meggyes,7
HUN,celebr,7
HUN,pörkölt alap,7
HUN,Hubertus,7
HUN,csécsi,7
HUN,палочки,7
HUN,vakr,7
HUN,stur,7
HUN,chilly,7
HUN,sz3,7
HUN,double trouble,7
HUN,babcsí,7
HUN,tresemmé,7
HUN,lebben,7
HUN,sürített tej,7
HUN,paszi,7
HUN,"víz 1,5",7
HUN,toothb,7
HUN,hideg zs,7
HUN,megys,7
HUN,szemét,7
HUN,piada,7
HUN,light krémsajt,7
HUN,Vaníliás,7
HUN,jale,7
HUN,mártott,7
HUN,Kinder bueno,7
HUN,befőtt tart,7
HUN,fk,7
HUN,mosogatás,7
HUN,fagyasztott gyalult,7
HUN,felvagottak,7
HUN,áfonyalekv,7
HUN,polish,7
HUN,panzani,7
HUN,talcas sütemény,7
HUN,nescafe dolce,7
HUN,nos,7
HUN,rizskas,7
HUN,fagyasztot krumpli,7
HUN,zöldségchips,7
HUN,vilgaun,7
HUN,beef je,7
HUN,osztr,7
HUN,lang,7
HUN,crr,7
HUN,vî,7
HUN,üveg tészta,7
HUN,spenòt,7
HUN,Ipa,7
HUN,tesztak,7
HUN,cica alom,7
HUN,gluténmentes fagyasztott,7
HUN,gift bag,7
HUN,milka choco,7
HUN,biscut,7
HUN,almas pite,7
HUN,rox,7
HUN,vegán kr,7
HUN,klopapier,7
HUN,joghurt oikos,7
HUN,narancd,7
HUN,arirl,7
HUN,görő,7
HUN,befőzé,7
HUN,búzaf,7
HUN,ceres napi,7
HUN,mironda,7
HUN,leves tés,7
HUN,mohi,7
HUN,kenyérl,7
HUN,rétest,7
HUN,saláta por,7
HUN,mosogato rongy,7
HUN,clipper,7
HUN,parsly,7
HUN,libaz,7
HUN,szènsa,7
HUN,sültkrumpli fűszer,7
HUN,tomatensauce,7
HUN,perf,7
HUN,tészta spa,7
HUN,red on,7
HUN,muffinpapír,7
HUN,hagend,7
HUN,elefa,7
HUN,babaol,7
HUN,pick par,7
HUN,ann,7
HUN,Mas,7
HUN,vanilia jégkr,7
HUN,ketchup zero,7
HUN,glutamin,7
HUN,protein túró rudi,7
HUN,vodca,7
HUN,szur,7
HUN,jóreggelt,7
HUN,oblizo,7
HUN,jasmine rice,7
HUN,ruce,7
HUN,origami,7
HUN,rizs f,7
HUN,wc papa,7
HUN,oliva ol,7
HUN,Folyékony,7
HUN,pli,7
HUN,fogpis,7
HUN,zott jogobella,7
HUN,mentalevél,7
HUN,hell slim,7
HUN,bamb,7
HUN,boribon,7
HUN,verbe,7
HUN,grillezett,7
HUN,paprika f,7
HUN,hegyeseros,7
HUN,túró desszert,7
HUN,kocso,7
HUN,90,7
HUN,fehér sajt,7
HUN,Tonha,7
HUN,hotdog kifl,7
HUN,xixio,7
HUN,Prote,7
HUN,orolt kav,7
HUN,alor,7
HUN,beeren,7
HUN,mosogatogép,7
HUN,ast,7
HUN,jêgkr,7
HUN,lúgos v,7
HUN,passzír,7
HUN,vanán,7
HUN,Nescafe,7
HUN,tum,7
HUN,ávé,7
HUN,chocolate ice,7
HUN,kitchen pap,7
HUN,tig,7
HUN,ik,7
HUN,fric,7
HUN,citro.,7
HUN,papírtorl,7
HUN,hetz,7
HUN,arcmas,7
HUN,chciken,7
HUN,berner,7
HUN,mirit,7
HUN,protwin,7
HUN,50,7
HUN,pepai,7
HUN,pena,7
HUN,im,7
HUN,fagyasztotz,7
HUN,darált paprika,7
HUN,trauni,7
HUN,gesztenye pure,7
HUN,mascarpone laktózmentes,7
HUN,traubiso,7
HUN,mounten dew,7
HUN,zahn,7
HUN,fish and chips,7
HUN,meggyle,7
HUN,iqos,7
HUN,beer cherry,7
HUN,energiam,7
HUN,hámozott paradicsom,7
HUN,lens,7
HUN,stella artois,7
HUN,watta,7
HUN,pz,7
HUN,Hummus,7
HUN,sparkling w,7
HUN,Instant,7
HUN,qi,7
HUN,plant protein,7
HUN,kukurica,7
HUN,Sommersby,7
HUN,craft,7
HUN,Citroml,7
HUN,"Afonya, 125 g",7
HUN,kokuszola,7
HUN,cocktails,7
HUN,r3pa,7
HUN,Tar,7
HUN,naturland,7
HUN,glutenmentes tészta,7
HUN,rumos,7
HUN,gombakr,7
HUN,olivas,7
HUN,mirelit zöl,7
HUN,творожный сыр,7
HUN,ivójo,7
HUN,Gumi,7
HUN,àsvà,7
HUN,inion,7
HUN,rizspuff,7
HUN,napcipo,7
HUN,frissito,7
HUN,stik,7
HUN,m&m',7
HUN,parfümgy,7
HUN,aco,7
HUN,kaba,7
HUN,kígyuborka,7
HUN,viz mentes,7
HUN,ia,7
HUN,szede,7
HUN,füstölt laz,7
HUN,belozzo,7
HUN,barosta,7
HUN,póló,7
HUN,камамбер,7
HUN,Cott,7
HUN,pepsi zero citrom,7
HUN,califor,7
HUN,párolt zöldség,7
HUN,rpa,7
HUN,cornetto go,7
HUN,horvá,7
HUN,raffaell,7
HUN,újbur,7
HUN,paradicsom pasta,7
HUN,pöttyös óriás,7
HUN,bavon,7
HUN,chick pea,7
HUN,липтон,7
HUN,sertestarja,7
HUN,letuce,7
HUN,oreganó,7
HUN,ly,7
HUN,elsa,7
HUN,curl,7
HUN,rotring,7
HUN,keleti,7
HUN,rye bread,7
HUN,alpro bar,7
HUN,celebrations,7
HUN,fèlèdes,7
HUN,mac cheese,7
HUN,mana,7
HUN,mososzer feher,7
HUN,bolg,7
HUN,Cayenne,7
HUN,captain morgan,7
HUN,shan,7
HUN,alnatura kave,7
HUN,rice up chips,7
HUN,fagyi vegan,7
HUN,Kókusztej,7
HUN,intim mos,7
HUN,szárítot,7
HUN,Durum,7
HUN,Görö,7
HUN,meatbal,7
HUN,sütőolaj,7
HUN,bobsnail,7
HUN,angol zeller,7
HUN,Ciabatta,7
HUN,corns,7
HUN,sayce,7
HUN,hatszin,7
HUN,padlizsán krém,7
HUN,citromos t,7
HUN,crepe,7
HUN,soonge,7
HUN,vörös pesto,7
HUN,gluténmentes kalács,7
HUN,nutella jégkr,7
HUN,piritott h,7
HUN,baro,7
HUN,salatao,7
HUN,aszkorbin,7
HUN,samur,7
HUN,liwin,7
HUN,mixed nuts,7
HUN,d3,7
HUN,babgul,7
HUN,tomam,7
HUN,Ko,7
HUN,zewa toalett,7
HUN,sajtos parizs,7
HUN,étkezési kem,7
HUN,mirelit eper,7
HUN,trou,7
HUN,shii,7
HUN,tex,7
HUN,sárgadinny,7
HUN,rejfol,7
HUN,kókusz olaj,7
HUN,cooking paper,7
HUN,csirl,7
HUN,ujburg,7
HUN,papar,7
HUN,body oil,7
HUN,volcan,7
HUN,herkules,7
HUN,fliur,7
HUN,zeler,7
HUN,lako,7
HUN,felvagitt,7
HUN,barilla t,7
HUN,zéró kola,7
HUN,kreta,7
HUN,mirelit gyüm,7
HUN,csikremell,7
HUN,Bolognai szósz,7
HUN,mosogatógep,7
HUN,lecso kolbasz,7
HUN,csirkemellfi,7
HUN,caffee,7
HUN,lauac,7
HUN,hipro,7
HUN,márvá,7
HUN,salted cara,7
HUN,milbona,7
HUN,turó r,7
HUN,faga,7
HUN,maxiki,7
HUN,fantq,7
HUN,ice crean,7
HUN,szajvi,7
HUN,étkezési ke,7
HUN,fagylalt vegan,7
HUN,tésut,7
HUN,bíz,7
HUN,kukoricakeményít,7
HUN,kutya jutalomfalat,7
HUN,lightbulb,7
HUN,tomato pu,7
HUN,húspo,7
HUN,fresc,7
HUN,palcikas jegkrem,7
HUN,Papír törlő,7
HUN,Moso,7
HUN,Krémt,7
HUN,pick v,7
HUN,redbull zero,7
HUN,spiral,7
HUN,peppercorn,7
HUN,töltőkábel,7
HUN,cheeros,7
HUN,ice cream zero,7
HUN,salve,7
HUN,légfrissi,7
HUN,pizzza,7
HUN,noghurt,7
HUN,micr,7
HUN,tönkölyliszt,7
HUN,edusch,7
HUN,burgonya chips,7
HUN,kédz,7
HUN,alrp,7
HUN,pickoli,7
HUN,Pop,7
HUN,sajt darab,7
HUN,tonhalsal,7
HUN,caramel pop,7
HUN,hibaja,7
HUN,Bodza,7
HUN,pudong,7
HUN,kendermag,7
HUN,szalàm,7
HUN,tamoo,7
HUN,szarvacska tészta,7
HUN,spré,7
HUN,krutin,7
HUN,coca cola cherry zero,7
HUN,ice crewm,7
HUN,forró,7
HUN,vaniliakivonat,7
HUN,Oat,7
HUN,kukorica csemege,7
HUN,orep,7
HUN,enegia,7
HUN,brokolli,7
HUN,lotu,7
HUN,cirt,7
HUN,csirm,7
HUN,kukorica konzer,7
HUN,lemon cake,7
HUN,popsitör,7
HUN,gun,7
HUN,Paradicsomszósz,7
HUN,calamari,7
HUN,laktozmented,7
HUN,csokis m,7
HUN,fritz,7
HUN,sajt kr,7
HUN,erős pap,7
HUN,brown su,7
HUN,dalata,7
HUN,tès,7
HUN,palink,7
HUN,barom,7
HUN,coleslow,7
HUN,asvanx,7
HUN,Gr,7
HUN,hell zer,7
HUN,ajándéktasak,7
HUN,csinta,7
HUN,persil color,7
HUN,sugar powder,7
HUN,kávé kapszu,7
HUN,szaritott p,7
HUN,фри,7
HUN,paradicsi,7
HUN,hozdog,7
HUN,fuzz,7
HUN,suroló,7
HUN,lebes,7
HUN,мор,7
HUN,barackbefőtt,7
HUN,turori,7
HUN,fütyü,7
HUN,millka,7
HUN,dest,7
HUN,worches,7
HUN,chipotl,7
HUN,üdtő,7
HUN,halszó,7
HUN,kutyak,7
HUN,hercegnő,7
HUN,heni,7
HUN,поми,7
HUN,lacaz,7
HUN,csirme,7
HUN,Marka,7
HUN,bodza szorp,7
HUN,mentes jégkrém,7
HUN,zojás,7
HUN,hajcsatt,7
HUN,Dr oet,7
HUN,whysk,7
HUN,pilóta keksz,7
HUN,salata o,7
HUN,etkezesi kemenyito,7
HUN,Mosogatógép,7
HUN,csípős paprika,7
HUN,darált pul,7
HUN,sio barack,7
HUN,cukormentes k,7
HUN,dr. o,7
HUN,tej riska,7
HUN,udo,7
HUN,Hot,7
HUN,darslt,7
HUN,vegán virsli,7
HUN,room spray,7
HUN,tej barista,7
HUN,tamari,7
HUN,pulyja,7
HUN,brinjal,7
HUN,spha,7
HUN,penne teszta,7
HUN,provanci,7
HUN,glob,7
HUN,kels,7
HUN,dugu,7
HUN,csokikrem,7
HUN,pufas,7
HUN,gyümölcs le,7
HUN,trüffel,7
HUN,narancs le,7
HUN,Zilda,7
HUN,vinig,7
HUN,zb,7
HUN,teljeskiő,7
HUN,3.5,7
HUN,erdélyi,7
HUN,labell,7
HUN,buds,7
HUN,olvia,7
HUN,poty,7
HUN,kétoldalú,7
HUN,kókuszliszt,7
HUN,it’,7
HUN,herbo,7
HUN,pair,7
HUN,sertés z,7
HUN,natúr aqua,7
HUN,Befőtt,7
HUN,kőbány,7
HUN,saua,7
HUN,szojaszo,7
HUN,kit ka,7
HUN,savas ásv,7
HUN,krumlpi,7
HUN,dúsított,7
HUN,ranc,7
HUN,dr gerard,7
HUN,non al,7
HUN,ICE t,7
HUN,noodels,7
HUN,fresh cream,7
HUN,babko,7
HUN,citrom sorbet,7
HUN,bepan,7
HUN,lencse csipsz,7
HUN,rizsit,7
HUN,szensavmen,7
HUN,vasabi,7
HUN,Foly,7
HUN,drew,7
HUN,washer,7
HUN,dione zero,7
HUN,izotónia,7
HUN,fénymá,7
HUN,Kaliforniai,7
HUN,deher,7
HUN,Paradicsomlé,7
HUN,enese,7
HUN,Petre,7
HUN,csomi,7
HUN,kávé inst,7
HUN,mogyoróhagyma,7
HUN,probi,7
HUN,szojas,7
HUN,sparkling wat,7
HUN,jäg,7
HUN,jaa,7
HUN,ételize,7
HUN,Pur pur,7
HUN,kremturi,7
HUN,zero gullon,7
HUN,karfol,7
HUN,reszta,7
HUN,koktél p,7
HUN,húslev,7
HUN,csirkepap,7
HUN,zott jog,7
HUN,löncsh,7
HUN,cukorsz,7
HUN,Jack,7
HUN,édesbor,7
HUN,черника,7
HUN,nestea citrom,7
HUN,jékgrém,7
HUN,Toja,7
HUN,pilsne,7
HUN,piccolino,7
HUN,Csirkemell sonka,7
HUN,Martini,7
HUN,cseresznyés pepsi,7
HUN,wc illatosí,7
HUN,vagdal,7
HUN,Jázmin rizs,7
HUN,calgo,7
HUN,csoli,7
HUN,zaku,7
HUN,trapists,7
HUN,natúrjoghurt,7
HUN,chicken th,7
HUN,monsta,7
HUN,light trappista,7
HUN,manduka,7
HUN,rafaelo,7
HUN,sajtoskifli,7
HUN,bio liszt,7
HUN,no-no,7
HUN,daddy,7
HUN,mate tea,7
HUN,sütőrum,7
HUN,főzők,7
HUN,fafy,7
HUN,padt,7
HUN,pfa,7
HUN,majdkrem,7
HUN,type,7
HUN,coca cola zero zero,7
HUN,hj,7
HUN,parfume,7
HUN,pringel,7
HUN,vita tig,7
HUN,Nógrád,7
HUN,Pölöskei,7
HUN,kokusz zsir,7
HUN,smargarin,7
HUN,lenyé,7
HUN,io,7
HUN,füstölt cs,7
HUN,kókuszvi,7
HUN,belga sör,7
HUN,kegír,7
HUN,mosogato szi,7
HUN,torr,7
HUN,dispo,7
HUN,budwa,7
HUN,mins,7
HUN,hinar,7
HUN,azorp,7
HUN,száraz vörös,7
HUN,asvanyviu,7
HUN,Matcha,7
HUN,tokaji aszu,7
HUN,aur,7
HUN,sárga bara,7
HUN,alud,7
HUN,milka cro,7
HUN,kozmetikai,7
HUN,squ,7
HUN,eledel,7
HUN,KEFIR,7
HUN,snike,7
HUN,white sugar,7
HUN,romaine,7
HUN,izmester,7
HUN,himalája só,7
HUN,paprika krem,7
HUN,popcon,7
HUN,chicken seasoning,7
HUN,cinim,7
HUN,milkq,7
HUN,fa dezodor,7
HUN,halou,7
HUN,wolt+,7
HUN,vilgain ele,7
HUN,zöld te,7
HUN,édeskr,7
HUN,soha,7
HUN,Laundry,7
HUN,citromlr,7
HUN,hotdogs,7
HUN,tojáss,7
HUN,kockacuko,7
HUN,sue,7
HUN,pre workout,7
HUN,buckw,7
HUN,clea,7
HUN,night,7
HUN,pizza mozzarella,7
HUN,alprp,7
HUN,szegfubors,7
HUN,savanyi,7
HUN,alnatura m,7
HUN,wilt,7
HUN,royale,7
HUN,mazsolás,7
HUN,radí,7
HUN,balance,7
HUN,fagyi cukormentes,7
HUN,vöss,7
HUN,milàn,7
HUN,verbona,7
HUN,uhorka,7
HUN,pringled,7
HUN,pàszka,7
HUN,cadb,7
HUN,tanqueray,7
HUN,mogyu,7
HUN,karamellá,7
HUN,Capri sun,7
HUN,tonhal s,7
HUN,szöp,7
HUN,Fűszerpaprika,7
HUN,glutenmentes kenyér,7
HUN,Étcs,7
HUN,vilgain pro,7
HUN,jéglr,7
HUN,suritett paradi,7
HUN,kreinba,7
HUN,cottege cheese,7
HUN,slma,7
HUN,gluteb,7
HUN,pink tonik,7
HUN,fsgyi,7
HUN,Unilever,7
HUN,babaetel,7
HUN,Saláa,7
HUN,Tes,7
HUN,honey cake,7
HUN,reggeliző,7
HUN,hasáb burgonya,7
HUN,ginger powder,7
HUN,laundr,7
HUN,konzerc,7
HUN,kenyérmo,7
HUN,pécs,7
HUN,real feel,7
HUN,fehérkenyér,7
HUN,hell cl,7
HUN,teaco,7
HUN,léggömb,7
HUN,színfogo,7
HUN,aranyfacan,7
HUN,grizp,7
HUN,hamon,7
HUN,vhip,7
HUN,aperol spritz,7
HUN,csokis málna,7
HUN,tark,7
HUN,baria,7
HUN,rioba,7
HUN,mandulali,7
HUN,trszta,7
HUN,tuna salad,7
HUN,lest,7
HUN,vegán fehérje,7
HUN,fara,7
HUN,szivacskendő,7
HUN,sütőma,7
HUN,müzli szele,7
HUN,fűszerkeve,7
HUN,storage,7
HUN,vanílias cukor,7
HUN,cottage cheese light,7
HUN,turorudo,7
HUN,lafi hugo,7
HUN,Whiskas,7
HUN,halá,7
HUN,koz,7
HUN,barackos joghurt,7
HUN,darált dio,7
HUN,sutozacsk,7
HUN,dreher citrus,7
HUN,mii,7
HUN,Strawberry,7
HUN,pedt,7
HUN,mini m,7
HUN,real nat,7
HUN,mascul,7
HUN,céza,7
HUN,0 %,7
HUN,szaámi,7
HUN,zabpelyhes,7
HUN,kq,7
HUN,gluténmentes spagetti,7
HUN,páriszi,7
HUN,szót,7
HUN,milk bread,7
HUN,feherje por,7
HUN,Pékár,7
HUN,kaszinótoj,7
HUN,vagdalthús,7
HUN,önte,7
HUN,prorein,7
HUN,j3g,7
HUN,mav,7
HUN,bamboo,7
HUN,csokis csiga,7
HUN,ételiz,7
HUN,vibla,7
HUN,rizot,7
HUN,jana eper,7
HUN,fettucine,7
HUN,eros pis,7
HUN,lays sajtos,7
HUN,Mi,7
HUN,asvanyviz savas,7
HUN,zubrovk,7
HUN,paradocs,7
HUN,desztilált,7
HUN,laktóz mentes sajt,7
HUN,kand,7
HUN,bell pepp,7
HUN,vajas ki,7
HUN,sunflo,7
HUN,fehéritő,7
HUN,Fehérbor,7
HUN,vilgain zabital,7
HUN,Hab,7
HUN,croassa,7
HUN,vihar,7
HUN,zéró üdítő,7
HUN,sultkrumpli fuszer,7
HUN,brioch,7
HUN,szezam olaj,7
HUN,konster,7
HUN,pelmeni,7
HUN,kalam,7
HUN,Ja,7
HUN,kukoricap,7
HUN,home,7
HUN,felnőtt,7
HUN,hajcsat,7
HUN,szeletelt s,7
HUN,ben&jerr,7
HUN,szendi,7
HUN,hidegk,7
HUN,plastic spoon,7
HUN,algi,7
HUN,prod,7
HUN,minst,7
HUN,panirmor,7
HUN,löncshús,7
HUN,alpro kó,7
HUN,Gyü,7
HUN,lazacos,7
HUN,coca ola,7
HUN,legfrissi,7
HUN,fussilo,7
HUN,lard,7
HUN,reszelt répa,7
HUN,vegán m,7
HUN,kewpie,7
HUN,zsirszegény,7
HUN,málna szö,7
HUN,Csirkem,7
HUN,vc p,7
HUN,egy cs,7
HUN,eserny,7
HUN,megy sor,7
HUN,tolet,7
HUN,grízpu,7
HUN,o.b.,7
HUN,nádudvari joghurt,7
HUN,какао,7
HUN,2 in,7
HUN,túró rzdi,7
HUN,mizo pro,7
HUN,panirozott,7
HUN,karton v,7
HUN,csirke fű,7
HUN,kovaszos ubor,7
HUN,savanyu cukor,7
HUN,vegabond,7
HUN,kenyerr,7
HUN,oldalad,7
HUN,kitchen tow,7
HUN,töke,7
HUN,cocal,7
HUN,приправа,7
HUN,antibacterial,7
HUN,riob,7
HUN,lore,7
HUN,enr,7
HUN,vanilia paszta,7
HUN,flavor,7
HUN,őrölt pap,7
HUN,Dan,7
HUN,étkezési keményítő,7
HUN,landhof,7
HUN,ка,7
HUN,Ben &,7
HUN,chicken fillet,7
HUN,funta,7
HUN,marha d,7
HUN,kider,7
HUN,eisberf,7
HUN,quail,7
HUN,laktozmentes ten,7
HUN,izesitett asvanyviz,7
HUN,grape juice,7
HUN,juhás,7
HUN,csicsei,7
HUN,sós karamella,7
HUN,Va,7
HUN,kitchen tissue,7
HUN,marhahusleves,7
HUN,salt chips,7
HUN,pork fat,7
HUN,Fehérje,7
HUN,leff,7
HUN,pasztilla,7
HUN,bundás,7
HUN,keksu,7
HUN,saany,7
HUN,kukoricakemé,7
HUN,Körözött,7
HUN,sip,7
HUN,barack konzer,7
HUN,burgonya püré,7
HUN,tefl,7
HUN,fanra,7
HUN,reszelt mozzarella,7
HUN,olva,7
HUN,Van,7
HUN,poloska,7
HUN,maille,7
HUN,dae,7
HUN,sonka csi,7
HUN,Kifl,7
HUN,Watermelon,7
HUN,oizza,7
HUN,Spagett,7
HUN,capucino,7
HUN,Jameson,7
HUN,lime l,7
HUN,wonton,7
HUN,Su,7
HUN,boe,7
HUN,parmezáb,7
HUN,cortage,7
HUN,foot,7
HUN,túri,7
HUN,hamozott,7
HUN,meat balls,7
HUN,bcon,7
HUN,görög joghurt laktózmentes,7
HUN,cordo,7
HUN,kókuszo,7
HUN,pervol,7
HUN,kavics,7
HUN,galio,7
HUN,mikrozöld,7
HUN,kréke,7
HUN,kakaosc,7
HUN,arabi,7
HUN,sült burg,7
HUN,márványsajt,7
HUN,almalê,7
HUN,darlt,7
HUN,hűtőt,7
HUN,cafe fr,7
HUN,Biopon,7
HUN,mountaindew,7
HUN,szárító,7
HUN,kinder choco,7
HUN,maci káv,7
HUN,mesve,7
HUN,rètes,7
HUN,red label,7
HUN,macho,7
HUN,zoldseg chips,7
HUN,duna kavics,7
HUN,paradicsom.,7
HUN,turot,7
HUN,coffee caps,7
HUN,Kimchi,7
HUN,asc,7
HUN,chopped,7
HUN,knyér,7
HUN,picolino,7
HUN,perm,7
HUN,vegan t,7
HUN,béres,7
HUN,Pi,7
HUN,nugát,7
HUN,sütik,7
HUN,bombon,7
HUN,vanilia a,7
HUN,zsur,7
HUN,viszki,7
HUN,tusfürdô,7
HUN,piritott ha,7
HUN,Tissue,7
HUN,étele,7
HUN,twszta,7
HUN,coca cola c,7
HUN,shwep,7
HUN,милка,7
HUN,joghurtit,7
HUN,jhon,7
HUN,pálcikás jég,7
HUN,gyros fu,7
HUN,laktózmentes habtejsz,7
HUN,chickr,7
HUN,teriaki,7
HUN,айран,7
HUN,cinnamo,7
HUN,fagyasztott répa,7
HUN,sör alkoh,7
HUN,bluberry,7
HUN,zinc,7
HUN,body spray,7
HUN,gyerekp,7
HUN,humisz,7
HUN,darabolt pa,7
HUN,Keményítő,7
HUN,cappy mult,7
HUN,café,7
HUN,vorotva,7
HUN,panna cotta,7
HUN,Spage,7
HUN,ketchup chips,7
HUN,hej,7
HUN,füstölt pa,7
HUN,cserepes sajtműhely,7
HUN,paradicsom suritett,7
HUN,vyl,7
HUN,Garnela,7
HUN,smeck,7
HUN,sphagetti,7
HUN,froccsviz,7
HUN,mangi,7
HUN,bae,7
HUN,kami,7
HUN,teljeskio,7
HUN,vanish oxi,7
HUN,abiko,7
HUN,shell,7
HUN,kár,7
HUN,savanyuk,7
HUN,Gosser,7
HUN,laktózmentes főző,7
HUN,thym,7
HUN,vegan jé,7
HUN,slip,7
HUN,erö,7
HUN,yogurt 0,7
HUN,hight protein,7
HUN,zöldségke,7
HUN,kapribogy,7
HUN,őszibarack befőtt,7
HUN,cotag,7
HUN,l’,7
HUN,natural mineral,7
HUN,limonad,7
HUN,gyorsfagyasztott z,7
HUN,vorka,7
HUN,black paper,7
HUN,caramoon,7
HUN,gagyi,7
HUN,lotus keksz,7
HUN,book,7
HUN,füstölt tarja,7
HUN,olasz felvágott,7
HUN,feketebor,7
HUN,tampn,7
HUN,als,7
HUN,js,7
HUN,goff,7
HUN,zing,7
HUN,tarhonxa,7
HUN,merleg,7
HUN,bao,7
HUN,zöldség kever,7
HUN,mirelit k,7
HUN,risott,7
HUN,свежая мята,7
HUN,geszti,7
HUN,színes mosószer,7
HUN,karamellás popcorn,7
HUN,tűzijáték,7
HUN,poloske,7
HUN,sixo,7
HUN,nacs,7
HUN,tomao,7
HUN,rozmár,7
HUN,l’oreal,7
HUN,sárgah,7
HUN,silver,7
HUN,gluténmentrs,7
HUN,paraley,7
HUN,milk slice,7
HUN,Voroshagyma,7
HUN,kex,7
HUN,alj,7
HUN,zablisz,7
HUN,pulyka dará,7
HUN,azendvics,7
HUN,raviol,7
HUN,jénai,7
HUN,pizza lap,7
HUN,green pep,7
HUN,notes,7
HUN,trotilla,7
HUN,student,7
HUN,meggy fagyasztott,7
HUN,tartósí,7
HUN,gastro,7
HUN,karalábe,7
HUN,prezl,7
HUN,lov,7
HUN,marha alaplé,7
HUN,rosmarin,7
HUN,ice tray,7
HUN,zewa papir,7
HUN,cucina,7
HUN,ketszers,7
HUN,kebyér,7
HUN,folyékony f,7
HUN,barnar,7
HUN,pemp,7
HUN,sürite,7
HUN,lime menta,7
HUN,vanan,7
HUN,just 1,7
HUN,csibe,7
HUN,kentuc,7
HUN,vineger,7
HUN,milk almond,7
HUN,csirke fűszersó,7
HUN,schogotten,7
HUN,arr,7
HUN,turkey mince,7
HUN,szalm,7
HUN,levres,7
HUN,zöldsége,7
HUN,tomato sauc,7
HUN,протеин,7
HUN,szemezes,7
HUN,komple,7
HUN,peká,7
HUN,don p,7
HUN,musr,7
HUN,Pol,7
HUN,black peper,7
HUN,szénsavmentes ásv,7
HUN,sajt mozzarella,7
HUN,lila kaposzta,7
HUN,zsiro,7
HUN,padta,7
HUN,jonag,7
HUN,tédz,7
HUN,Jager,7
HUN,museli,7
HUN,paradicsomy,7
HUN,csokis perec,7
HUN,marscapone,7
HUN,luculus,7
HUN,Ben and,7
HUN,alpro oat,7
HUN,bio s,7
HUN,éjszakai,7
HUN,rizsszem,7
HUN,csirke.,7
HUN,ppa,7
HUN,sajt li,7
HUN,háztarta,7
HUN,tesztq,7
HUN,asvanybiz,7
HUN,csokikr,7
HUN,cucor,7
HUN,ásb,7
HUN,mogyorov,7
HUN,egg noodles,7
HUN,sports drink,7
HUN,spegetti,7
HUN,nissan,7
HUN,forks,7
HUN,meden,7
HUN,come zero,7
HUN,perro,7
HUN,salada,7
HUN,bts,7
HUN,ét csokolád,7
HUN,hydro,7
HUN,vaj la,7
HUN,trob,7
HUN,hővédő,7
HUN,csemege unorka,7
HUN,ásvan,7
HUN,mizarella,7
HUN,riceup!,7
HUN,bacn,7
HUN,foj,7
HUN,trjfol,7
HUN,Pelenka,7
HUN,ice tr,7
HUN,tisza,7
HUN,Olimpos,7
HUN,hp,7
HUN,vichy,7
HUN,sarga burgonya,7
HUN,harbo,7
HUN,paptika,7
HUN,örö,7
HUN,rám,7
HUN,2025,7
HUN,zoldpaprika,7
HUN,miláno,7
HUN,Rizstejszín,7
HUN,yip,7
HUN,grizpuding,7
HUN,sütmargarin,7
HUN,parádi,7
HUN,ráko,7
HUN,xixo ice,7
HUN,hyumolcs,7
HUN,szeletelt bacon,7
HUN,red hull,7
HUN,wedges,7
HUN,ganta,7
HUN,catfood,7
HUN,vöró,7
HUN,apple j,7
HUN,Kőbányai,7
HUN,fagyk,7
HUN,pritt,7
HUN,cooking creme,7
HUN,biotech zero,7
HUN,menta lev,7
HUN,tpjás,7
HUN,marha lábszár,7
HUN,saf,7
HUN,kase konig,7
HUN,gepsonka,7
HUN,buzaso,7
HUN,teamécses,7
HUN,gyű,7
HUN,scotch,7
HUN,dalt,7
HUN,fokhagyma f,7
HUN,gyerekpe,7
HUN,thy,7
HUN,gorog joghurt laktozmentes,7
HUN,previt,7
HUN,Fogkr,7
HUN,kókuszzsí,7
HUN,rome,7
HUN,keshu,7
HUN,miffin,7
HUN,vaj sós,7
HUN,wolt market zugló,7
HUN,illat gyöngy,7
HUN,paper cup,7
HUN,maxi k,7
HUN,kutyapele,7
HUN,cérnametél,7
HUN,gyerek pezsg,7
HUN,keszdi,7
HUN,naturmind,7
HUN,panda,7
HUN,vilgain kacsa,7
HUN,olim,7
HUN,kinai teszta,7
HUN,saláz,7
HUN,hégkr,7
HUN,takarito,7
HUN,holland kak,7
HUN,szarazsam,7
HUN,kitchen t,7
HUN,smoked salm,7
HUN,laktózmentes va,7
HUN,sweeps,7
HUN,milli kr,7
HUN,evőpálcika,7
HUN,svany,7
HUN,zero fagy,7
HUN,kacsazsí,7
HUN,laktózmentes cottage,7
HUN,hühn,7
HUN,chivas,7
HUN,szájviz,7
HUN,tomy,7
HUN,3in1 kávé,7
HUN,jégkérm,7
HUN,pálcás jégkrém,7
HUN,baby carrot,7
HUN,törlőpap,7
HUN,viv,7
HUN,mágnes,7
HUN,chillisbab,7
HUN,tejdeszert,7
HUN,lefolyótisz,7
HUN,lassi,7
HUN,kávé te,7
HUN,száraz macska,7
HUN,glutenmemtes,7
HUN,pelmenyi,7
HUN,san pellegrin,7
HUN,sanitary pad,7
HUN,monster z,7
HUN,libamá,7
HUN,Mar,7
HUN,yogurt low fat,7
HUN,veni,7
HUN,Udito,7
HUN,kinder j,7
HUN,El,7
HUN,crossiant,7
HUN,A5,7
HUN,főző te,7
HUN,parke,7
HUN,buzas,7
HUN,nature joghurt,7
HUN,vanilla syrup,7
HUN,hamburger fűszer,7
HUN,wien,7
HUN,golden alma,7
HUN,cointreau,7
HUN,akril filc,7
HUN,durumliszt,7
HUN,vénu,7
HUN,daralthis,7
HUN,mac&cheese,7
HUN,fere,7
HUN,habvero,7
HUN,rétesla,7
HUN,sajtos pari,7
HUN,arcle,7
HUN,önlítő,7
HUN,tömlö,7
HUN,pisztoly,7
HUN,babpiskota,7
HUN,tama,7
HUN,coun,7
HUN,friss tej,7
HUN,sütőtö,7
HUN,kfli,7
HUN,blenda,7
HUN,edes savany,6
HUN,vegán te,6
HUN,szilvas gomboc,6
HUN,gomba szeletelt,6
HUN,vilgain prot,6
HUN,halak,6
HUN,sűrített paradicso,6
HUN,szardíni,6
HUN,alcoho,6
HUN,darolya,6
HUN,joghurt jogobella,6
HUN,milk esl,6
HUN,kaija,6
HUN,sűríparadicsom,6
HUN,24,6
HUN,pizzi,6
HUN,kávéf,6
HUN,zok,6
HUN,zero xixo,6
HUN,pisztr,6
HUN,yerba,6
HUN,tossue,6
HUN,totu,6
HUN,sűrparadicsom,6
HUN,jamison,6
HUN,lipó,6
HUN,mantova,6
HUN,jaeger,6
HUN,sph,6
HUN,choko bons,6
HUN,lemon sofa,6
HUN,Kif,6
HUN,Toma,6
HUN,f1,6
HUN,chicken sau,6
HUN,mandua,6
HUN,began,6
HUN,paír,6
HUN,diffuser,6
HUN,kakaoscsi,6
HUN,micellás víz,6
HUN,chips vinegar,6
HUN,rasierer,6
HUN,önlít,6
HUN,cipsz,6
HUN,pens,6
HUN,fagyasztott glut,6
HUN,cserpes sajt,6
HUN,Yop,6
HUN,kroki,6
HUN,húsgo,6
HUN,milm,6
HUN,pombea,6
HUN,àsvàny,6
HUN,lome,6
HUN,lupa,6
HUN,david,6
HUN,Guacamole,6
HUN,zewa jus,6
HUN,vörös hag,6
HUN,flavoured water,6
HUN,mesekönyv,6
HUN,kockazott bacon,6
HUN,faggy,6
HUN,bakardi,6
HUN,alim,6
HUN,cukormentes udito,6
HUN,hot dog zsemle,6
HUN,youger,6
HUN,eiskaffee,6
HUN,chicken legs,6
HUN,édes burgony,6
HUN,barr,6
HUN,sero,6
HUN,borzs,6
HUN,kometa pork,6
HUN,mézes mustár,6
HUN,protein szele,6
HUN,vonalzo,6
HUN,parr,6
HUN,rtl,6
HUN,griech,6
HUN,wc papírt,6
HUN,fagY,6
HUN,Food,6
HUN,browne,6
HUN,Pom,6
HUN,Oliv,6
HUN,brez,6
HUN,tejdessz,6
HUN,стейк,6
HUN,teljes kiőrlésű t,6
HUN,eau,6
HUN,hajp,6
HUN,vízszűr,6
HUN,tuc mini,6
HUN,reszek,6
HUN,vágott,6
HUN,Barna cukor,6
HUN,evaporated milk,6
HUN,hinger,6
HUN,szoloc,6
HUN,Burn,6
HUN,szemetezs,6
HUN,stir,6
HUN,bor fehér,6
HUN,chefd,6
HUN,Potatoes,6
HUN,master crock,6
HUN,buzaf,6
HUN,fagys,6
HUN,mentatea,6
HUN,Oho,6
HUN,milànoi,6
HUN,tojast,6
HUN,white sauce,6
HUN,cutting board,6
HUN,Kak,6
HUN,csirkealap,6
HUN,barqck,6
HUN,kukoeica,6
HUN,pumpki,6
HUN,rizs kasa,6
HUN,paradicsom puré,6
HUN,kitkat f,6
HUN,culi,6
HUN,rauch ice,6
HUN,Gnocc,6
HUN,roschen,6
HUN,szárított hús,6
HUN,félbar,6
HUN,alf,6
HUN,maggi paprik,6
HUN,chicken meat,6
HUN,moisturiser,6
HUN,Dr.,6
HUN,span,6
HUN,sajt tömb,6
HUN,csonak,6
HUN,zabten,6
HUN,tejszin vegan,6
HUN,Fehér szőlő 500 g,6
HUN,sokka,6
HUN,tue,6
HUN,rizss,6
HUN,chiabatta,6
HUN,csiki csipsz,6
HUN,Sajtkrem,6
HUN,Cser,6
HUN,krumpli fűszer,6
HUN,булочка,6
HUN,vegan nutella,6
HUN,masdam,6
HUN,kenyê,6
HUN,kisutos,6
HUN,izzadásgátl,6
HUN,jégkt,6
HUN,reszet,6
HUN,tea citrom,6
HUN,gluténmentes r,6
HUN,edu,6
HUN,cad,6
HUN,pillanat ragasztó,6
HUN,royal g,6
HUN,giotto,6
HUN,győti,6
HUN,body scrub,6
HUN,fonot,6
HUN,rizsita,6
HUN,ben&j,6
HUN,jégkrém citrom,6
HUN,leves csont,6
HUN,citromos pepsi,6
HUN,frozen blueberry,6
HUN,hamburger bread,6
HUN,pára,6
HUN,laktózmentes habtejszín,6
HUN,icing sugar,6
HUN,sertes karaj,6
HUN,toaat,6
HUN,elvive,6
HUN,tönköl,6
HUN,zsîr,6
HUN,tollt,6
HUN,uborka ko,6
HUN,hajpakol,6
HUN,pomidor,6
HUN,bó,6
HUN,kalink,6
HUN,vizet,6
HUN,gyümölcsleve,6
HUN,toilet oaper,6
HUN,acokado,6
HUN,görög f,6
HUN,császárszal,6
HUN,порошок,6
HUN,kopb,6
HUN,borsikafű,6
HUN,sudoc,6
HUN,Condom,6
HUN,sertes zsír,6
HUN,petchef,6
HUN,francia kartya,6
HUN,parfu,6
HUN,sajt trapp,6
HUN,fridge,6
HUN,Shower gel,6
HUN,keksz győri,6
HUN,mosgato,6
HUN,meat ball,6
HUN,yo szorp,6
HUN,salátakeve,6
HUN,Pan,6
HUN,gf,6
HUN,crumbs,6
HUN,chew,6
HUN,fejer,6
HUN,csipet ropi,6
HUN,baunty,6
HUN,csoki f,6
HUN,jack dani,6
HUN,olivs,6
HUN,szezàmmag,6
HUN,Mazsola,6
HUN,pirított ha,6
HUN,szakáll,6
HUN,spoo,6
HUN,bah,6
HUN,ruby,6
HUN,zölbab,6
HUN,aloe vers,6
HUN,hlu,6
HUN,пицца 360,6
HUN,sanytil,6
HUN,scg,6
HUN,Borotva,6
HUN,instant élesztő,6
HUN,condense,6
HUN,lassan,6
HUN,cotton candy,6
HUN,spagg,6
HUN,red wine vinegar,6
HUN,psy,6
HUN,barna ke,6
HUN,pipe,6
HUN,vollkorn,6
HUN,vegan chips,6
HUN,rice cracker,6
HUN,sajt ligh,6
HUN,black bean,6
HUN,vegán jégkré,6
HUN,ajra,6
HUN,angus,6
HUN,le tribute,6
HUN,granil,6
HUN,sió zéró,6
HUN,apentA,6
HUN,lactose f,6
HUN,étcsokola,6
HUN,laktózmentes kef,6
HUN,gyomo,6
HUN,Chedar,6
HUN,konzerv pa,6
HUN,lafiesta,6
HUN,kezfer,6
HUN,greek yogurt low fat,6
HUN,zerocola,6
HUN,no sug,6
HUN,Gyömb,6
HUN,kalc,6
HUN,tojássaláta,6
HUN,okiva,6
HUN,csirkefa,6
HUN,Köles,6
HUN,apebta,6
HUN,vízl,6
HUN,Pezsgo,6
HUN,furtos para,6
HUN,rusztikus,6
HUN,mosogy,6
HUN,Always,6
HUN,frankfur,6
HUN,csillagáni,6
HUN,mozarea,6
HUN,pekari,6
HUN,bio c,6
HUN,durim,6
HUN,parse,6
HUN,legfi,6
HUN,ubu,6
HUN,mountain dee,6
HUN,Babav,6
HUN,"fag,",6
HUN,szénsavas as,6
HUN,gyümölcs l,6
HUN,alpro coco,6
HUN,zúzott,6
HUN,combs,6
HUN,sonka berger,6
HUN,protein müzli,6
HUN,fekete só,6
HUN,savanyú gumicukor,6
HUN,leaves,6
HUN,szalal,6
HUN,high prote,6
HUN,sama,6
HUN,èdesbu,6
HUN,aligvarom,6
HUN,fokgagyma,6
HUN,gyulai kolbász,6
HUN,feta s,6
HUN,kéks,6
HUN,kriek,6
HUN,milka mogyorós,6
HUN,sütötök,6
HUN,leves k,6
HUN,kuszk,6
HUN,elen,6
HUN,hair tie,6
HUN,alpenmil,6
HUN,fűszer só,6
HUN,páris,6
HUN,koktél par,6
HUN,cup n,6
HUN,tyú,6
HUN,joe,6
HUN,szemeteszsàk,6
HUN,Halal,6
HUN,jegl,6
HUN,szört,6
HUN,füstölt pirospaprika,6
HUN,vix,6
HUN,kaukazus,6
HUN,szè,6
HUN,voka,6
HUN,sió barack,6
HUN,félzsíros,6
HUN,almet,6
HUN,dörgicsei,6
HUN,Kinder c,6
HUN,nuta,6
HUN,porsz,6
HUN,piwer,6
HUN,gulyasleves,6
HUN,apena,6
HUN,cotteg,6
HUN,hajpor,6
HUN,FuzeTea,6
HUN,szaft,6
HUN,кинза,6
HUN,márka zero,6
HUN,Chilis,6
HUN,tej szelet,6
HUN,leves te,6
HUN,kávép,6
HUN,húsp,6
HUN,grena,6
HUN,johh,6
HUN,rozsken,6
HUN,bons,6
HUN,raw milk,6
HUN,dye,6
HUN,paprikaa,6
HUN,Coca Cola Zero,6
HUN,borsm,6
HUN,orsai,6
HUN,fagej,6
HUN,keyé,6
HUN,komyhai,6
HUN,fodor tészta,6
HUN,martonte,6
HUN,levesbeté,6
HUN,cane sugar,6
HUN,lugos viz,6
HUN,monito,6
HUN,frozen f,6
HUN,tissue roll,6
HUN,Süt,6
HUN,teleki,6
HUN,Vitamizu Mizu Matcha Yuzu,6
HUN,zsenlemorzsa,6
HUN,gallon,6
HUN,tehenturo,6
HUN,neck,6
HUN,sport szel,6
HUN,chico,6
HUN,papirka,6
HUN,sugar free chocolate,6
HUN,szénhidrát cs,6
HUN,baberle,6
HUN,csirkwmell,6
HUN,danone puding,6
HUN,asvany vi,6
HUN,ek,6
HUN,xixo mo,6
HUN,lime cola,6
HUN,kekse,6
HUN,csirkemell felvágott,6
HUN,konyhai papírt,6
HUN,fudge,6
HUN,olympus,6
HUN,húsleves alaplé,6
HUN,virlis,6
HUN,cezar sal,6
HUN,chips l,6
HUN,vez,6
HUN,peusgo,6
HUN,i e cream,6
HUN,csh,6
HUN,fagyi p,6
HUN,rur,6
HUN,Tömlős,6
HUN,Tony's,6
HUN,pick virs,6
HUN,tika,6
HUN,Cerbona matcha-vanilia izui,6
HUN,durum liszt,6
HUN,arclemos,6
HUN,ásvánV,6
HUN,grinder,6
HUN,mangos,6
HUN,gogri,6
HUN,kethup,6
HUN,gin t,6
HUN,mortadell,6
HUN,tőzegá,6
HUN,xheese,6
HUN,citromos jana,6
HUN,oasta,6
HUN,prev,6
HUN,lh,6
HUN,яблоко,6
HUN,laktozmentes mozarella,6
HUN,copf,6
HUN,fagyaztott,6
HUN,töpszli,6
HUN,protein piding,6
HUN,Kör,6
HUN,mountain de,6
HUN,spread cheese,6
HUN,kinder fagyi,6
HUN,milka croissant,6
HUN,hagymakrém,6
HUN,fürdőszivacs,6
HUN,detox,6
HUN,tyúkszem,6
HUN,torill,6
HUN,chips salt,6
HUN,lúgos ásványv,6
HUN,tonhal salata,6
HUN,maxikin,6
HUN,görog joghurt,6
HUN,Tape,6
HUN,wc f,6
HUN,cukormentes m,6
HUN,fpaprika,6
HUN,burgonyapu,6
HUN,powerraid,6
HUN,izesített sör,6
HUN,Nesquik,6
HUN,elseve balzsam,6
HUN,csirke fuszerso,6
HUN,Sala,6
HUN,spelt,6
HUN,zsemlenorzsa,6
HUN,kamb,6
HUN,paradicsom sűrítmény,6
HUN,lotto chips,6
HUN,légyirt,6
HUN,kolbsz,6
HUN,Listerine,6
HUN,juicy,6
HUN,zabrúd,6
HUN,tiast,6
HUN,laye,6
HUN,emme,6
HUN,paw,6
HUN,redzelt,6
HUN,marja,6
HUN,grou,6
HUN,madarsal,6
HUN,cukormentes csoko,6
HUN,zero vani,6
HUN,mosogatógép tisztító,6
HUN,v8,6
HUN,coca Cola,6
HUN,krepp,6
HUN,riasztó,6
HUN,Kaiser,6
HUN,bodza ízű,6
HUN,forrócsoki,6
HUN,vibalance,6
HUN,nàpolyi,6
HUN,refbull,6
HUN,suma,6
HUN,csol,6
HUN,papírtőrlő,6
HUN,káv3,6
HUN,daralthú,6
HUN,jégkockatartó,6
HUN,teria,6
HUN,diszno hus,6
HUN,lipo,6
HUN,sanytol textil,6
HUN,onion pow,6
HUN,koktél pa,6
HUN,sanyi,6
HUN,alpro tejsz,6
HUN,sajtrúd,6
HUN,diana,6
HUN,francia s,6
HUN,folttiszt,6
HUN,dinbye,6
HUN,zero cappy,6
HUN,мусор,6
HUN,rizses csoki,6
HUN,Fruit,6
HUN,virágméz,6
HUN,keby,6
HUN,turoruf,6
HUN,hamburgee,6
HUN,szárazteszta,6
HUN,húsleveskocka,6
HUN,kek sajt,6
HUN,dawtona,6
HUN,sárgabarac,6
HUN,avokádó olaj,6
HUN,fagylalt citrom,6
HUN,juhtró,6
HUN,homo,6
HUN,volgain,6
HUN,uj k,6
HUN,migyi,6
HUN,callip,6
HUN,betég,6
HUN,brau,6
HUN,shaver,6
HUN,cornichon,6
HUN,lakó,6
HUN,exq,6
HUN,borr,6
HUN,pur-pur,6
HUN,sendvics,6
HUN,Sava,6
HUN,beef minced,6
HUN,vegán feh,6
HUN,ben je,6
HUN,hajgu,6
HUN,szerencs,6
HUN,eneg,6
HUN,healty,6
HUN,ruszl,6
HUN,morgan,6
HUN,pezsgőtablett,6
HUN,ujkr,6
HUN,napfény,6
HUN,Fagylal,6
HUN,dones,6
HUN,chickwn,6
HUN,neocitran,6
HUN,Pepsi ma,6
HUN,spumante,6
HUN,lics,6
HUN,lychee,6
HUN,koktél parad,6
HUN,szemöl,6
HUN,yougrt,6
HUN,prosh,6
HUN,Salát,6
HUN,torto,6
HUN,schew,6
HUN,gyomolcs,6
HUN,laktosmentes,6
HUN,frozen straw,6
HUN,buronya,6
HUN,salátak,6
HUN,chevap,6
HUN,majonrz,6
HUN,hairs,6
HUN,pázka,6
HUN,youghu,6
HUN,tartos tej,6
HUN,scr,6
HUN,húa,6
HUN,szótár,6
HUN,Toff,6
HUN,tutti frutti,6
HUN,waterdr,6
HUN,szent kiraly,6
HUN,ecez,6
HUN,protein s,6
HUN,tava,6
HUN,prémium,6
HUN,wafelini,6
HUN,Maj,6
HUN,nagur joghurt,6
HUN,Naturaq,6
HUN,nite,6
HUN,vof,6
HUN,pardi,6
HUN,műanyag poh,6
HUN,mascula,6
HUN,goldfi,6
HUN,orseg,6
HUN,avokà,6
HUN,jaher,6
HUN,catch,6
HUN,ceres vajas,6
HUN,tomatoe sauce,6
HUN,fonott kal,6
HUN,mosn,6
HUN,kàpia,6
HUN,japanese,6
HUN,fertötlenítő,6
HUN,gluténmentes pi,6
HUN,pisztáciá,6
HUN,kukázs,6
HUN,realisztikus,6
HUN,sajt laktó,6
HUN,tej növ,6
HUN,Anju,6
HUN,capri su,6
HUN,giuse,6
HUN,nadcu,6
HUN,csirkemell szelet,6
HUN,wileda,6
HUN,kamamber,6
HUN,krumpli pure,6
HUN,bodza szörp,6
HUN,Pekaru,6
HUN,Hamé,6
HUN,hozzáadott cuk,6
HUN,ceral,6
HUN,instantleves,6
HUN,jameso,6
HUN,salt and pepper,6
HUN,jêgkrêm,6
HUN,cernam,6
HUN,sürit,6
HUN,fagyifut,6
HUN,granda,6
HUN,Kakaós csiga,6
HUN,akax,6
HUN,eze,6
HUN,vaj s,6
HUN,apple vinegar,6
HUN,fagyasztott sü,6
HUN,reszelt mo,6
HUN,Süte,6
HUN,wc tisztít,6
HUN,7dayd,6
HUN,csoki darab,6
HUN,cukrozott,6
HUN,sultkrump,6
HUN,muszár,6
HUN,kenyér ceres,6
HUN,hasàb,6
HUN,cappy mul,6
HUN,sportita,6
HUN,eros pi,6
HUN,instant tész,6
HUN,téliszalái,6
HUN,36,6
HUN,kukp,6
HUN,sajt töml,6
HUN,espumisan,6
HUN,zellergumó,6
HUN,tabl,6
HUN,kenyér szalonna,6
HUN,spp,6
HUN,pain killer,6
HUN,tapioca,6
HUN,hav,6
HUN,peperoni,6
HUN,salas,6
HUN,zéró fanta,6
HUN,halpást,6
HUN,jás,6
HUN,gam,6
HUN,utensil,6
HUN,häg,6
HUN,natur gorog,6
HUN,Jázmin,6
HUN,teszta spa,6
HUN,"0,0",6
HUN,jégkrém pál,6
HUN,voroslen,6
HUN,mirelit gyumolcs,6
HUN,nosz,6
HUN,previ,6
HUN,ice tee,6
HUN,koronás,6
HUN,chocolate c,6
HUN,wc papor,6
HUN,mosogatókefe,6
HUN,your,6
HUN,sajtos chi,6
HUN,oat barista,6
HUN,ketchp,6
HUN,rofi,6
HUN,double cream,6
HUN,Lemon soda,6
HUN,hr,6
HUN,fehér c,6
HUN,bakero,6
HUN,habfixálo,6
HUN,yojas,6
HUN,rétes teszta,6
HUN,burito,6
HUN,rec,6
HUN,tometo,6
HUN,sutőpapir,6
HUN,cuba,6
HUN,greek yoghu,6
HUN,domesti,6
HUN,Cit,6
HUN,gurk,6
HUN,galusk,6
HUN,Citro,6
HUN,heinken,6
HUN,spagetthi,6
HUN,fogváj,6
HUN,nock,6
HUN,cacao powder,6
HUN,vertuo,6
HUN,tehszinhab,6
HUN,szaritott marha,6
HUN,melegszendvic,6
HUN,csus,6
HUN,chicken nugget,6
HUN,köri,6
HUN,ceri,6
HUN,lillahagyma,6
HUN,jégaku,6
HUN,denim,6
HUN,marha leves,6
HUN,sütő mar,6
HUN,túrorud,6
HUN,Taco,6
HUN,chili con carne,6
HUN,mogyovaj,6
HUN,fokhayma,6
HUN,sweet chi,6
HUN,contact,6
HUN,érlelt,6
HUN,icee,6
HUN,madart,6
HUN,domesztosz,6
HUN,dobozos fagyi,6
HUN,fertotl,6
HUN,tottilla,6
HUN,madárte,6
HUN,csirkrmell,6
HUN,kais,6
HUN,nessp,6
HUN,novenyi ten,6
HUN,fehér repa,6
HUN,teker,6
HUN,marsca,6
HUN,papria,6
HUN,kinder toja,6
HUN,cerbona max,6
HUN,alkoholmentrs,6
HUN,Tojá,6
HUN,krino,6
HUN,protien bar,6
HUN,üdítőital,6
HUN,dnnye,6
HUN,Cup,6
HUN,magnz,6
HUN,rosemar,6
HUN,leven,6
HUN,dars,6
HUN,Mosószer,6
HUN,levesc,6
HUN,szuletesnap,6
HUN,burri,6
HUN,rizstesz,6
HUN,betroot,6
HUN,comb filé,6
HUN,majinez,6
HUN,fibre,6
HUN,San ben,6
HUN,groby,6
HUN,jégj,6
HUN,Mozzarella light,6
HUN,fiz,6
HUN,savanyú ubor,6
HUN,thousand,6
HUN,jenyer,6
HUN,asván,6
HUN,pizza dou,6
HUN,grapefrui,6
HUN,kens,6
HUN,pprika,6
HUN,fokhagya,6
HUN,skinny,6
HUN,master cr,6
HUN,ètcsoki,6
HUN,joghúrt,6
HUN,saláta kever,6
HUN,dolm,6
HUN,kutyatap,6
HUN,tenszín,6
HUN,kerch,6
HUN,fruccoa,6
HUN,szentkirályi 1,6
HUN,laskagomba,6
HUN,birger,6
HUN,eper gy,6
HUN,pelegri,6
HUN,széndio,6
HUN,primavera,6
HUN,csirke alapl,6
HUN,hagymakari,6
HUN,aprított,6
HUN,sweat,6
HUN,bpr,6
HUN,mentás,6
HUN,borjúm,6
HUN,levso,6
HUN,tooth b,6
HUN,fuzeta,6
HUN,aranyaszok,6
HUN,zewa just one,6
HUN,fagyi magnum,6
HUN,kua,6
HUN,Fan,6
HUN,Rizskása,6
HUN,beu,6
HUN,green apple,6
HUN,swepp,6
HUN,gyorsfagyasztot,6
HUN,csirkezúza,6
HUN,ételfes,6
HUN,нектарины,6
HUN,saussage,6
HUN,cukormentes üdít,6
HUN,arizon,6
HUN,mizae,6
HUN,sütnivaló kolbász,6
HUN,kókusz rúd,6
HUN,sniccer,6
HUN,Kinder Pingui,6
HUN,gyöngyö,6
HUN,mozorella,6
HUN,saláta önte,6
HUN,crasss,6
HUN,stre,6
HUN,wet food,6
HUN,savign,6
HUN,kukorica fagyasztott,6
HUN,alpro mand,6
HUN,oliba,6
HUN,diplo,6
HUN,bulfak,6
HUN,toast teljes,6
HUN,coca 1l,6
HUN,voc,6
HUN,skin,6
HUN,Kesu,6
HUN,csokis k,6
HUN,habzejszín,6
HUN,kötöz,6
HUN,Rozs,6
HUN,kapszula káv,6
HUN,szardini,6
HUN,ananaszl,6
HUN,édesítőszerrel,6
HUN,ments me,6
HUN,White,6
HUN,spagheti,6
HUN,valdor f,6
HUN,borotvaha,6
HUN,Gu,6
HUN,kutyaka,6
HUN,brokkolo,6
HUN,màk,6
HUN,díszdoboz,6
HUN,leibn,6
HUN,pickol,6
HUN,veres,6
HUN,fetas,6
HUN,husgomboc,6
HUN,fqgyi,6
HUN,chianti,6
HUN,oatlt,6
HUN,cukormentes zab,6
HUN,feherre,6
HUN,Mozzarell,6
HUN,Sugar,6
HUN,surol,6
HUN,passzir,6
HUN,pins,6
HUN,hight,6
HUN,duracel,6
HUN,coke ze,6
HUN,nestle aquarel,6
HUN,nedvesto,6
HUN,proscio,6
HUN,cske,6
HUN,kandírozott,6
HUN,chocho,6
HUN,kolnasz,6
HUN,pip,6
HUN,műanyag tányér,6
HUN,muti,6
HUN,taco seasoning,6
HUN,3 az egyben,6
HUN,hagy.a,6
HUN,fájda,6
HUN,goda,6
HUN,vegan jegk,6
HUN,rántott gomba,6
HUN,bread crumb,6
HUN,butn,6
HUN,cappy eper,6
HUN,swifter,6
HUN,tohá,6
HUN,zeller z,6
HUN,kekez,6
HUN,bergen,6
HUN,Jacobs,6
HUN,c vitam,6
HUN,ascanyviz,6
HUN,hert,6
HUN,pick salami,6
HUN,Krém,6
HUN,felox,6
HUN,tinhal,6
HUN,sotyi,6
HUN,isle,6
HUN,xili,6
HUN,anna,6
HUN,Olajbogyó,6
HUN,zacskós rizs,6
HUN,fülhal,6
HUN,tonhal krem,6
HUN,Prosciutto,6
HUN,haztartasi k,6
HUN,tilapia,6
HUN,Naptej,6
HUN,vegán p,6
HUN,férfi tusf,6
HUN,frisk,6
HUN,epres tea,6
HUN,uveges sor,6
HUN,daralt k,6
HUN,liqu,6
HUN,cabernet franc,6
HUN,cake flour,6
HUN,prsto,6
HUN,fahéja,6
HUN,daralt puly,6
HUN,chopstick,6
HUN,risotto rizs,6
HUN,cola li,6
HUN,Mogy,6
HUN,uborma,6
HUN,ушные,6
HUN,Gofri,6
HUN,minecr,6
HUN,elemek,6
HUN,Toothpaste,6
HUN,laktozmentes jogh,6
HUN,vaj light,6
HUN,foie,6
HUN,mapna,6
HUN,czkor,6
HUN,Fahéj,6
HUN,hajba,6
HUN,hochla,6
HUN,vsipsz,6
HUN,légyirto,6
HUN,all in natural,6
HUN,frankfu,6
HUN,моги крэш,6
HUN,apenta li,6
HUN,eice,6
HUN,zolt,6
HUN,tejkaramella,6
HUN,csiga té,6
HUN,fresh carrot,6
HUN,barnacuko,6
HUN,sang,6
HUN,henz,6
HUN,mezeskalacs,6
HUN,útifűmag,6
HUN,philla,6
HUN,rizs liszt,6
HUN,protine,6
HUN,Borsodi bi,6
HUN,kinderto,6
HUN,getor,6
HUN,gva,6
HUN,chit,6
HUN,fermen,6
HUN,hol,6
HUN,májgombó,6
HUN,párm,6
HUN,teqi,6
HUN,kígyó ub,6
HUN,alpro mat,6
HUN,gluténmentes z,6
HUN,töt,6
HUN,sajt golyo,6
HUN,pizza gluten,6
HUN,főzelé,6
HUN,arcfesték,6
HUN,vitamins,6
HUN,prr,6
HUN,csipő,6
HUN,cukormentrs,6
HUN,zero toni,6
HUN,zellerszar,6
HUN,piffasztott,6
HUN,vilmos,6
HUN,exe,6
HUN,oca,6
HUN,mogyorovajas,6
HUN,eleohant,6
HUN,rizs teszta,6
HUN,dunak,6
HUN,izesite,6
HUN,piper,6
HUN,kézkr,6
HUN,franiu,6
HUN,csicseribo,6
HUN,mosógéptisztító,6
HUN,fry,6
HUN,chips lime,6
HUN,jatekok,6
HUN,cukorb,6
HUN,ice ream,6
HUN,hdm,6
HUN,kacsa zs,6
HUN,kompl,6
HUN,keba,6
HUN,süritett pa,6
HUN,fokhagymás bagett,6
HUN,rágp,6
HUN,chicken nu,6
HUN,hám,6
HUN,cr2450,6
HUN,igen tea,6
HUN,meci,6
HUN,organic shop,6
HUN,sargabara,6
HUN,smoked sal,6
HUN,pöttyo,6
HUN,füstölt kol,6
HUN,pulyka da,6
HUN,america,6
HUN,spirt,6
HUN,ristorant,6
HUN,greenfield,6
HUN,zuhanyfej,6
HUN,sutot,6
HUN,vbor,6
HUN,Jo,6
HUN,proper,6
HUN,rizs k,6
HUN,balza,6
HUN,cranberry tea,6
HUN,kókuszvirág,6
HUN,taglietelle,6
HUN,nutella fagylalt,6
HUN,apenr,6
HUN,barna cukir,6
HUN,mosókaps,6
HUN,sajtosrud,6
HUN,tustf,6
HUN,dushi,6
HUN,petrezsele,6
HUN,enyhen,6
HUN,filctol,6
HUN,sneak,6
HUN,strawberri,6
HUN,fehér mos,6
HUN,bévi,6
HUN,krém leves,6
HUN,nespresso vertuo,6
HUN,sór,6
HUN,vegn,6
HUN,levestés,6
HUN,ebed,6
HUN,grapp,6
HUN,клубника,6
HUN,смазка,6
HUN,chili fuszer,6
HUN,tropusi,6
HUN,voca cola,6
HUN,cy,6
HUN,comté,6
HUN,balviten,6
HUN,toalett papí,6
HUN,jégkté,6
HUN,cold spice,6
HUN,wrapp,6
HUN,JOGH,6
HUN,scru,6
HUN,Jégré,6
HUN,Már,6
HUN,psyllium husk,6
HUN,gusepp,6
HUN,ajandektaska,6
HUN,dige,6
HUN,peppermint tea,6
HUN,jeg salata,6
HUN,klub mate,6
HUN,mort s,6
HUN,hamburger bun,6
HUN,gulyás kocka,6
HUN,korozot,6
HUN,ételízesí,6
HUN,newge,6
HUN,pálcikás jé,6
HUN,friss t,6
HUN,Greek yoghurt,6
HUN,panyolai,6
HUN,fultiszti,6
HUN,melat,6
HUN,gyöngyh,6
HUN,főzo,6
HUN,babcsi,6
HUN,roobar,6
HUN,Star,6
HUN,juices,6
HUN,Barna csiperkegomba 500 g,6
HUN,chili c,6
HUN,desodo,6
HUN,edes kettes,6
HUN,Vz,6
HUN,harry potter,6
HUN,artifi,6
HUN,sommersy,6
HUN,mr bro,6
HUN,silky,6
HUN,spagetti szosz,6
HUN,wet towels,6
HUN,mahnum,6
HUN,duó,6
HUN,fez,6
HUN,óvazer,6
HUN,kave mizo,6
HUN,bolognai alappor,6
HUN,damla,6
HUN,pancett,6
HUN,doritod,6
HUN,jégz,6
HUN,breed,6
HUN,пакеты,6
HUN,zero vanil,6
HUN,csirkemell fűszer,6
HUN,darált marh,6
HUN,garag,6
HUN,16,6
HUN,kukoricas,6
HUN,mavska,6
HUN,kecu,6
HUN,dobozos zsebkendő,6
HUN,Sandwich,6
HUN,csirke l,6
HUN,mizo a2,6
HUN,my te,6
HUN,gullon zero,6
HUN,tej laktó,6
HUN,eisenberg,6
HUN,joghurt ivo,6
HUN,zselésítő,6
HUN,tuc keksz,6
HUN,IPA,6
HUN,ECO,6
HUN,turorudi 0,6
HUN,id,6
HUN,talis,6
HUN,csirkemell fi,6
HUN,gluténmentes tés,6
HUN,tortazsel,6
HUN,phiade,6
HUN,luprak,6
HUN,traubi soda,6
HUN,kávétejs,6
HUN,állateledel,6
HUN,pannonha,6
HUN,dolche gusto,6
HUN,bio sonka,6
HUN,stuffed,6
HUN,gio,6
HUN,tomlos saj,6
HUN,tonhl,6
HUN,hütött,6
HUN,kei,6
HUN,moist,6
HUN,müllermi,6
HUN,cul,6
HUN,karaly,6
HUN,dán s,6
HUN,mgnum,6
HUN,sushi ri,6
HUN,smashed,6
HUN,péksé,6
HUN,alutasakos,6
HUN,root,6
HUN,vax,6
HUN,krémfehe,6
HUN,Gloves,6
HUN,nestea zer,6
HUN,migyoro,6
HUN,knopers,6
HUN,sosp,6
HUN,semol,6
HUN,nadudvari yogurt,6
HUN,gombas,6
HUN,befottes uveg,6
HUN,bio power,6
HUN,kàpo,6
HUN,mosogaro,6
HUN,tomi mos,6
HUN,háztartási keksz darált,6
HUN,asvanyvit,6
HUN,secco,6
HUN,plaj,6
HUN,zsev,6
HUN,kacsamájas,6
HUN,barma,6
HUN,k8,6
HUN,ivó jog,6
HUN,savle,6
HUN,hoega,6
HUN,nuttel,6
HUN,ubok,6
HUN,ivojo,6
HUN,aaj,6
HUN,amare,6
HUN,lecso paprika,6
HUN,toamto,6
HUN,sere,6
HUN,Bar,6
HUN,lugos víz,6
HUN,masal,6
HUN,legfrisito,6
HUN,el jima,6
HUN,shav,6
HUN,szúnyogirtó,6
HUN,protein bars,6
HUN,tefö,6
HUN,durva,6
HUN,parsel,6
HUN,stüh,6
HUN,praga,6
HUN,chockl,6
HUN,bayl,6
HUN,wanis,6
HUN,hotdof,6
HUN,zoldte,6
HUN,вод,6
HUN,sweet c,6
HUN,kukorica keményít,6
HUN,miuo,6
HUN,Dr o,6
HUN,bots,6
HUN,befö,6
HUN,bananen,6
HUN,körömcsipesz,6
HUN,Dr. Oetker,6
HUN,marha darálth,6
HUN,jŵ,6
HUN,friit,6
HUN,mortadel,6
HUN,sargabors,6
HUN,ehg,6
HUN,orrt,6
HUN,organikus,6
HUN,gordon,6
HUN,nózi,6
HUN,rántottsajt,6
HUN,cola cherr,6
HUN,Mososzer,6
HUN,zero joghurt,6
HUN,bay leaves,6
HUN,cdirkemell,6
HUN,koru,6
HUN,csirke fel,6
HUN,pepsi ch,6
HUN,mister,6
HUN,rack,6
HUN,libe,6
HUN,johnso,6
HUN,corn flak,6
HUN,kavé kapszula,6
HUN,funky,6
HUN,lindr,6
HUN,kenEr,6
HUN,diet shake,6
HUN,Av,6
HUN,tzs,6
HUN,réps,6
HUN,bref wc,6
HUN,oszibarac,6
HUN,császa,6
HUN,stil,6
HUN,sport duo,6
HUN,gav,6
HUN,Natúr,6
HUN,füstölt p,6
HUN,gyömbr,6
HUN,sor meggy,6
HUN,shower ge,6
HUN,mrs,6
HUN,Veg,6
HUN,cérna metélt,6
HUN,wavy,6
HUN,sonma,6
HUN,scrub da,6
HUN,burgonyás kenyér,6
HUN,kockázo,6
HUN,el sabot,6
HUN,kenzer,6
HUN,alpro szója,6
HUN,Ub,6
HUN,paradicsomkonz,6
HUN,kenyere,6
HUN,Fino Premium Berries Blend,6
HUN,horseradish,6
HUN,lays oven baked,6
HUN,cirtom,6
HUN,sajt r,6
HUN,rauch mytea,6
HUN,öröl,6
HUN,Tesz,6
HUN,pottyos kakao,6
HUN,parti,6
HUN,papír to,6
HUN,nestee,6
HUN,habzejsz,6
HUN,ràk,6
HUN,Debreceni kolbász,6
HUN,Frankfurti virsli,6
HUN,lampa,6
HUN,szüle,6
HUN,flowe,6
HUN,beeg,6
HUN,corm,6
HUN,csőtészta,6
HUN,bor fe,6
HUN,soproni megy,6
HUN,hegyes e,6
HUN,pendr,6
HUN,mocarella,6
HUN,bazda,6
HUN,sió tal,6
HUN,száraz f,6
HUN,cheetod,6
HUN,Kinder csoki,6
HUN,brownir,6
HUN,találkozások,6
HUN,mustáros,6
HUN,colombia,6
HUN,hosszabbito,6
HUN,illat gy,6
HUN,vegan icecream,6
HUN,gilett,6
HUN,senseo,6
HUN,coke light,6
HUN,cserpes kaka,6
HUN,nori lap,6
HUN,Tú,6
HUN,ecet 20%,6
HUN,nua,6
HUN,Twix,6
HUN,teafil,6
HUN,etel izesito,6
HUN,rozi,6
HUN,seres,6
HUN,ssajt,6
HUN,Kenyèr,6
HUN,тофу,6
HUN,burgonyasaláta,6
HUN,koruander,6
HUN,kardamon,6
HUN,ginger tea,6
HUN,alma befőtt,6
HUN,cdo,6
HUN,szalamett,6
HUN,chicken br,6
HUN,kígyó ubor,6
HUN,libero 7,6
HUN,brinz,6
HUN,Kamilla,6
HUN,evgs,6
HUN,sargabor,6
HUN,Almale,6
HUN,grate,6
HUN,babapo,6
HUN,Parme,6
HUN,barackbefott,6
HUN,kep,6
HUN,sós chip,6
HUN,avocafo,6
HUN,kinley tonic,6
HUN,famil,6
HUN,pinut,6
HUN,kutya j,6
HUN,vallfa,6
HUN,fagasztott,6
HUN,fagyasztott bagett,6
HUN,édes u,6
HUN,liba zs,6
HUN,dish sponge,6
HUN,3 az,6
HUN,Somer,6
HUN,ízesített ví,6
HUN,nim2,6
HUN,krémle,6
HUN,kígyóubo,6
HUN,xixo barack,6
HUN,tsi,6
HUN,powerai,6
HUN,chicekn,6
HUN,soki,6
HUN,cutr,6
HUN,kalà,6
HUN,finn c,6
HUN,andr,6
HUN,pulyka virsli,6
HUN,bebi spe,6
HUN,freshener,6
HUN,mizo coffe,6
HUN,lindt lindor,6
HUN,argan,6
HUN,tépe,6
HUN,Camembert,6
HUN,fogjr,6
HUN,tejes kávé,6
HUN,tongue,6
HUN,fszer,6
HUN,kinder tojá,6
HUN,édes-sava,6
HUN,tést,6
HUN,dié,6
HUN,füsli,6
HUN,vaseli,6
HUN,novea,6
HUN,frosti,6
HUN,alma ec,6
HUN,by,6
HUN,tatr,6
HUN,rice porridge,6
HUN,mini kijev,6
HUN,nitr,6
HUN,corn s,6
HUN,leves gyön,6
HUN,mascap,6
HUN,dondurma,6
HUN,vanilla powder,6
HUN,круассан,6
HUN,talp,6
HUN,washing gel,6
HUN,ceg,6
HUN,fà,6
HUN,pepsi Cola zero,6
HUN,caya,6
HUN,tépa,6
HUN,paszta,6
HUN,neutro,6
HUN,párná,6
HUN,visr,6
HUN,rabbit,6
HUN,gierlinger,6
HUN,nemet,6
HUN,holla,6
HUN,malna szorp,6
HUN,zero m,6
HUN,krémsajr,6
HUN,tjf,6
HUN,kedi,6
HUN,rizs fozo,6
HUN,bz,6
HUN,magh,6
HUN,sajt lig,6
HUN,mens,6
HUN,cottagw,6
HUN,sajt c,6
HUN,fanyarka,6
HUN,antibakteri,6
HUN,sun flower,6
HUN,Coppa Cocktails,6
HUN,ursu,6
HUN,aus,6
HUN,kávékrémpor,6
HUN,semi,6
HUN,sajtospogácsa,6
HUN,zab te,6
HUN,oatli,6
HUN,szalámj,6
HUN,hib,6
HUN,kee,6
HUN,kelo,6
HUN,творо,6
HUN,vajke,6
HUN,kenyß,6
HUN,zoas,6
HUN,nizoral,6
HUN,majonet,6
HUN,gluténmented,6
HUN,csicsri,6
HUN,dianás,6
HUN,citrom s,6
HUN,kókusztekercs sutemeny,6
HUN,vilgain double,6
HUN,felső comb,6
HUN,fitness granola,6
HUN,puy,6
HUN,mentés viz,6
HUN,coca-cola z,6
HUN,pork neck,6
HUN,hellmann's,6
HUN,ship,6
HUN,gluténmentes kenyer,6
HUN,Sziv,6
HUN,sosk,6
HUN,opener,6
HUN,Papir,6
HUN,savanyú kapo,6
HUN,dr beck,6
HUN,roppan,6
HUN,fokhagymás majonéz,6
HUN,socks,6
HUN,biza,6
HUN,breadc,6
HUN,cini mi,6
HUN,lesty,6
HUN,kavepor,6
HUN,icecu,6
HUN,rice p,6
HUN,szoja sz,6
HUN,marhacomb,6
HUN,chicken strips,6
HUN,elem aa,6
HUN,napicipó,6
HUN,valeriana,6
HUN,coconut m,6
HUN,sült cs,6
HUN,giant,6
HUN,azalonna,6
HUN,blend a,6
HUN,smoked sa,6
HUN,insalatiss,6
HUN,sauage,6
HUN,sajtoa,6
HUN,avacad,6
HUN,chopped tomatoes,6
HUN,gyümölcsös s,6
HUN,momenta,6
HUN,màjas,6
HUN,ét csoko,6
HUN,csalántea,6
HUN,tészts,6
HUN,majinéz,6
HUN,buemo,6
HUN,csri,6
HUN,dzu,6
HUN,kávé szirup,6
HUN,cardamom,6
HUN,mixer,6
HUN,valdor friss,6
HUN,sós pál,6
HUN,feher rum,6
HUN,volc,6
HUN,Alp,6
HUN,disznozsir,6
HUN,gyogyszertár,6
HUN,műanyag t,6
HUN,tejff,6
HUN,hajdin,6
HUN,mini pi,6
HUN,red lentils,6
HUN,omn,6
HUN,hamburgerh,6
HUN,bacon koc,6
HUN,dinnE,6
HUN,Sanpellegrino,6
HUN,purina felix,6
HUN,fagyast,6
HUN,kene,6
HUN,szent k,6
HUN,édesítős,6
HUN,tálc,6
HUN,eggplan,6
HUN,Szentkiralyi szensavmentes,6
HUN,cukormentes csokolád,6
HUN,Mogyoro,6
HUN,after sun,6
HUN,Blanc,6
HUN,viz savas,6
HUN,icea tea,6
HUN,gag,6
HUN,lai,6
HUN,dashi,6
HUN,greek jo,6
HUN,boríté,6
HUN,rics,6
HUN,konzerv kuk,6
HUN,kataj,6
HUN,pombair,6
HUN,puding p,6
HUN,hopp,6
HUN,citrom sör,6
HUN,mizz,6
HUN,tejdz,6
HUN,sure,6
HUN,kuzya,6
HUN,nivea tus,6
HUN,Koktélparadicsom,6
HUN,plums,6
HUN,pici,6
HUN,hajsam,6
HUN,camo,6
HUN,Master good,6
HUN,oikod,6
HUN,torta zselé,6
HUN,gz,6
HUN,jegykrem,6
HUN,Rág,6
HUN,rebull,6
HUN,főző t,6
HUN,масло сливочное,6
HUN,romai kom,6
HUN,cheese slices,6
HUN,kemotox,6
HUN,turós,6
HUN,fehér csokolade,6
HUN,wc papìr,6
HUN,pizta,6
HUN,bö,6
HUN,der juice,6
HUN,ketsup,6
HUN,vab,6
HUN,Teriyaki,6
HUN,bp,6
HUN,pezsgotab,6
HUN,gherkin,6
HUN,pizzA,6
HUN,whater,6
HUN,wha,6
HUN,Disznó,6
HUN,oooops,6
HUN,wc pp,6
HUN,hidegkom,6
HUN,ételhord,6
HUN,dobozos fagylalt,6
HUN,Mayo,6
HUN,nutella ice cream,6
HUN,gella,6
HUN,0.0,6
HUN,after ei,6
HUN,levendu,6
HUN,kosár,6
HUN,tea fi,6
HUN,joghurt cukormentes,6
HUN,zéró coca,6
HUN,shanky,6
HUN,vesebab,6
HUN,fagyasztott pek,6
HUN,dzsin,6
HUN,horváth rozi,6
HUN,csoki m,6
HUN,gyumolcd,6
HUN,cérnameté,6
HUN,füstölt só,6
HUN,kellogy,6
HUN,hamburgerszósz,6
HUN,Delikát,6
HUN,topfen,6
HUN,Laktózmentes tejföl,6
HUN,diákcse,6
HUN,takaró,6
HUN,nairns,6
HUN,tod,6
HUN,callippo,6
HUN,kult,6
HUN,phiadelphia,6
HUN,bran,6
HUN,abi,6
HUN,Pogácsa,6
HUN,prossecco,6
HUN,Roya,6
HUN,kóki,6
HUN,hamv,6
HUN,parquet,6
HUN,szentand,6
HUN,zug,6
HUN,maskarpone,6
HUN,"Fino frissentarto folia (45 m x 29 cm),",6
HUN,camb,6
HUN,szilvale,6
HUN,Tejs,6
HUN,poke bowl,6
HUN,mustà,6
HUN,sparkling wate,6
HUN,cukomentes,6
HUN,tönkö,6
HUN,borao,6
HUN,műan,6
HUN,sem,6
HUN,mosogatokap,6
HUN,karl,6
HUN,Miz,6
HUN,butter beans,6
HUN,diákcsemeg,6
HUN,salata ont,6
HUN,testapo,6
HUN,fozelek,6
HUN,sminkl,6
HUN,domestos t,6
HUN,füstölt fűszerpaprika,6
HUN,0 sugar,6
HUN,kecir,6
HUN,vajkar,6
HUN,növényi hab,6
HUN,know,6
HUN,plastic cup,6
HUN,eper dzsem,6
HUN,glutén mentes kenyér,6
HUN,pepsi mac,6
HUN,likő,6
HUN,sikér,6
HUN,magbum,6
HUN,tünd,6
HUN,better,6
HUN,sevend,6
HUN,cukpr,6
HUN,nesqi,6
HUN,rug,6
HUN,non alc,6
HUN,bamba,6
HUN,szálas tea,6
HUN,tyúkhúsleves,6
HUN,csoki ön,6
HUN,furtos pa,6
HUN,eed,6
HUN,tero cola,6
HUN,Cserpes tej,6
HUN,ble,6
HUN,organic chicken,6
HUN,pené,6
HUN,lzac,6
HUN,epres xixo,6
HUN,csirkemellson,6
HUN,exet,6
HUN,hegyeser,6
HUN,alsócomb,6
HUN,jellybeans,6
HUN,Fejeskáposzta db,6
HUN,szent ki,6
HUN,sürí,6
HUN,jokurt,6
HUN,betè,6
HUN,cukros,6
HUN,univer majon,6
HUN,jegeskav,6
HUN,cappuchino,6
HUN,milka chocolate,6
HUN,uzo,6
HUN,högarden,6
HUN,lando norris,6
HUN,szűrt alma,6
HUN,toney,6
HUN,caffeine free,6
HUN,csokor,6
HUN,elderflower,6
HUN,mint leaves,6
HUN,goida,6
HUN,nage,6
HUN,kinderjoy,6
HUN,paradicsomos húsg,6
HUN,kocs,6
HUN,üvegté,6
HUN,pivo,6
HUN,sör 330,6
HUN,worche,6
HUN,hunus,6
HUN,bh,6
HUN,csirke sza,6
HUN,soproni alkoholmentes,6
HUN,nerves,6
HUN,basmari,6
HUN,kenyer rozs,6
HUN,alpro rice,6
HUN,lemon s,6
HUN,beard,6
HUN,szendio,6
HUN,MASTER GOOD,6
HUN,bg,6
HUN,vanilincukor,6
HUN,saláta.,6
HUN,hand was,6
HUN,Folyékony szappan,6
HUN,crum,6
HUN,kutyakon,6
HUN,szoaz,6
HUN,Őszibarack,6
HUN,light trap,6
HUN,lazacfile,6
HUN,ul,6
HUN,macc,6
HUN,uj hagyma,6
HUN,paradicsomoüré,6
HUN,zero si,6
HUN,Starbuck,6
HUN,kremfe,6
HUN,grizpud,6
HUN,sonkw,6
HUN,portör,6
HUN,trapista saj,6
HUN,andras,6
HUN,leh,6
HUN,hellco,6
HUN,hunu,6
HUN,mirelit pi,6
HUN,papír tor,6
HUN,спрайт,6
HUN,kopp,6
HUN,halszosz,6
HUN,ECETES D,6
HUN,vanilíás cukor,6
HUN,tricolis,6
HUN,kt,6
HUN,íze,6
HUN,wc papír 4,6
HUN,Молоко,6
HUN,fokhagymá,6
HUN,sajtal töltött,6
HUN,chicj,6
HUN,cola koffe,6
HUN,kj,6
HUN,mag nélküli szőlő,6
HUN,honey mustard,6
HUN,gesztenyepure,6
HUN,chok,6
HUN,hud,6
HUN,oaradi,6
HUN,brumi,6
HUN,nyalo,6
HUN,ui,6
HUN,ayax,6
HUN,zöldség csomag,6
HUN,provanc,6
HUN,done,6
HUN,kovi,6
HUN,Hag,6
HUN,shower g,6
HUN,páros,6
HUN,Yopr,6
HUN,jank,6
HUN,lurpac,6
HUN,alpro szoja,6
HUN,Do,6
HUN,pizza m,6
HUN,csirkemw,6
HUN,brinza,6
HUN,pármai sonka,6
HUN,vaniliáscu,6
HUN,Étolaj,6
HUN,sun screen,6
HUN,veganchef,6
HUN,happy hipo,6
HUN,Saláta öntet,6
HUN,degreaser,6
HUN,ah,6
HUN,porok,6
HUN,tea bags,6
HUN,Spen,6
HUN,szendvucs,6
HUN,kü,6
HUN,ízesített ásv,6
HUN,cutting,6
HUN,üveges s,6
HUN,tejzin,6
HUN,folyékony szappan utántöltő,6
HUN,dzem,6
HUN,szerszám,6
HUN,baba tör,6
HUN,eisberg gr,6
HUN,poocorn,6
HUN,kremleves,6
HUN,горох,6
HUN,cukormentes gyüm,6
HUN,tej mandula,6
HUN,popv,6
HUN,caulif,6
HUN,pur pu,6
HUN,beteg,6
HUN,kukoricapehe,6
HUN,nutella jegkrem,6
HUN,bertoll,6
HUN,hagzma,6
HUN,kávekap,6
HUN,töldség,6
HUN,patadi,6
HUN,száraz kolb,6
HUN,trapisra,6
HUN,klop,6
HUN,куку,6
HUN,celux,6
HUN,kenyer kocka,6
HUN,sósa,6
HUN,Wolt Market,6
HUN,paprima,6
HUN,yogurt plain,6
HUN,görőg,6
HUN,mütli,6
HUN,paillasse,6
HUN,dinnya,6
HUN,soreleszto,6
HUN,kenyerek,6
HUN,szelet csokoládé,6
HUN,estre,6
HUN,fresco di forno,6
HUN,goa,6
HUN,extrudal,6
HUN,kutyapel,6
HUN,shweps,6
HUN,kave ka,6
HUN,sajtorta,6
HUN,sör alkoholmen,6
HUN,citromos gösser,6
HUN,aradicsom,6
HUN,proschutto,6
HUN,monstre,6
HUN,rizs te,6
HUN,collage,6
HUN,gyomber sor,6
HUN,füzetborító,6
HUN,Körte,6
HUN,serrano sonka,6
HUN,paletta,6
HUN,kinder bueno jegkrem,6
HUN,Ci,6
HUN,borsikaf,6
HUN,danone yopro,6
HUN,cherry queen,6
HUN,paprikakré,6
HUN,kenyŵr,6
HUN,savanyú káp,6
HUN,chia m,6
HUN,Trapista,6
HUN,tesztasz,6
HUN,gerlic,6
HUN,шоколадка,6
HUN,jeges káve,6
HUN,pariszi,6
HUN,terry,6
HUN,Parmez,6
HUN,tissie,6
HUN,chilisba,6
HUN,fehérborecet,6
HUN,sark,6
HUN,kavebab,6
HUN,minced pork,6
HUN,ballan,6
HUN,E27,6
HUN,картоф,6
HUN,shoes,6
HUN,capti,6
HUN,sajt laktóz,6
HUN,ízesitett víz,6
HUN,digestives,6
HUN,spagetti glu,6
HUN,szoo,6
HUN,Master,6
HUN,brill,6
HUN,sweeper,6
HUN,menu,6
HUN,meatb,6
HUN,vw,6
HUN,roi,6
HUN,elefan,6
HUN,huso,6
HUN,Mogyor,6
HUN,csirkefala,6
HUN,brs,6
HUN,Kit,6
HUN,gatlic,6
HUN,maran,6
HUN,Habtejsz,6
HUN,zero rudi,6
HUN,Brownie,6
HUN,jégkrém cukormen,6
HUN,air eick,6
HUN,göög,6
HUN,magnum zero,6
HUN,piritott hagym,6
HUN,macskaf,6
HUN,saff,6
HUN,kentuck,6
HUN,szeletelő,6
HUN,andrás,6
HUN,bél,6
HUN,chips lencse,6
HUN,kindertej,6
HUN,sushiti,6
HUN,coffee ca,6
HUN,kavekapsz,6
HUN,gin to,6
HUN,gumickor,6
HUN,instant coff,6
HUN,hullám,6
HUN,fortuna,6
HUN,paprikak,6
HUN,grissin,6
HUN,gumicokor,6
HUN,sutes,6
HUN,energis,6
HUN,arrabi,6
HUN,doubl,6
HUN,fetA,6
HUN,lenmagos,6
HUN,süritett tej,6
HUN,zabkelsz,6
HUN,masszazs,6
HUN,fish finger,6
HUN,Tsibo,6
HUN,pineappl,6
HUN,nyars,6
HUN,bix,6
HUN,Ajuna,6
HUN,beef sausage,6
HUN,tast,6
HUN,skyer,6
HUN,grill t,6
HUN,chips szósz,6
HUN,Péksütemény,6
HUN,nektarn,6
HUN,ces,6
HUN,sugar free ice,6
HUN,Bean bozzled,6
HUN,rakott,6
HUN,macskakonzerv,6
HUN,mercy,6
HUN,edes feherbor,6
HUN,chio hagy,6
HUN,sajsz,6
HUN,kremszappan,6
HUN,papei,6
HUN,csirkecombf,6
HUN,coca cola zéró,6
HUN,letuc,6
HUN,napoletana,6
HUN,fine,6
HUN,protein túr,6
HUN,Dezodor,6
HUN,graded,6
HUN,neq,6
HUN,teljeskior,6
HUN,picnic,6
HUN,Paradicsompüré,6
HUN,kutya nedves,6
HUN,francia sa,6
HUN,cottagr,6
HUN,nagyko,6
HUN,lotusz,6
HUN,Kellogs,6
HUN,jégsali,6
HUN,takarítás,6
HUN,chocolate drink,6
HUN,gombs,6
HUN,finny,6
HUN,túrótudi,6
HUN,pizza chips,6
HUN,vacuum,6
HUN,parnezan,6
HUN,mogyi pop,6
HUN,kuka zsak,6
HUN,whys,6
HUN,Oli,6
HUN,grillkolbá,6
HUN,lacal,6
HUN,protein k,6
HUN,dud,6
HUN,rojás,6
HUN,ázsi,6
HUN,holle,6
HUN,nacho szosz,6
HUN,cola ch,6
HUN,leb,6
HUN,mini moz,6
HUN,fute tea,6
HUN,goose,6
HUN,jegkre.,6
HUN,róm,6
HUN,smu,6
HUN,öngyu,6
HUN,sovany,6
HUN,vitajo,6
HUN,babc,6
HUN,hajformazo,6
HUN,keményi,6
HUN,kao,6
HUN,alnatura kukorica,6
HUN,Vo,6
HUN,poww,6
HUN,bad apple,6
HUN,fagylalt vegán,6
HUN,xixo tut,6
HUN,oliva o,6
HUN,pudingos,6
HUN,рыб,6
HUN,ice crem,6
HUN,fajej,6
HUN,yogert,6
HUN,ahax,6
HUN,kva,6
HUN,mentés,6
HUN,italia,6
HUN,zero apenta,6
HUN,danone joghurt,6
HUN,Csemege,6
HUN,himalá,6
HUN,cukrászhab,6
HUN,müller riso,6
HUN,pur balsam,6
HUN,kukorica s,6
HUN,qq,6
HUN,konzervnyitó,6
HUN,baci,6
HUN,maga,6
HUN,teasüt,6
HUN,Szezámmag,6
HUN,Ritter sport,6
HUN,kávé tej,6
HUN,Tony,6
HUN,yogurt vegan,6
HUN,borju parizsi,6
HUN,ariel mosókapszula,6
HUN,mosz,6
HUN,washing soap,6
HUN,bébiéte,6
HUN,Folpack,6
HUN,zero tes,6
HUN,fagyipor,6
HUN,enyhe viz,6
HUN,taco fuszer,6
HUN,süthető,6
HUN,fuszerk,6
HUN,hell káve,6
HUN,tsh,6
HUN,air f,6
HUN,halás,6
HUN,mosogatogel,6
HUN,mentes ásv,6
HUN,Savany,6
HUN,seedless,6
HUN,grie,6
HUN,bsb,6
HUN,Sonk,6
HUN,Gin MG,6
HUN,vattap,6
HUN,fagyasztott pog,6
HUN,рисовая,6
HUN,vajkrr,6
HUN,bread cr,6
HUN,glutenmentes zsemle,6
HUN,kakaókrém,6
HUN,borotvag,6
HUN,chedae,6
HUN,papel,6
HUN,uncle b,6
HUN,surített,6
HUN,Darált h,6
HUN,long chips,6
HUN,gumiukor,6
HUN,aszalt gyüm,6
HUN,riceuo,6
HUN,pè,6
HUN,verb,6
HUN,dalfour,6
HUN,gyan,6
HUN,mini magn,6
HUN,cornflak,6
HUN,t3j,6
HUN,puffasztot rizs,6
HUN,mizo tú,6
HUN,hene,6
HUN,ff,6
HUN,vanilia pudingpor,6
HUN,филад,6
HUN,granola pekán,6
HUN,roasted almond,6
HUN,pim,6
HUN,ásványvíz mizse,6
HUN,Naturaqua,6
HUN,hummos,6
HUN,blanket,6
HUN,Comb,6
HUN,dinnyé,6
HUN,shalott,6
HUN,aid,6
HUN,capsi,6
HUN,vegan milk,6
HUN,salátaönt,6
HUN,kenyer gluten,6
HUN,csiki popcorn,6
HUN,bbq chips,6
HUN,fehérbor édes,6
HUN,Gran,6
HUN,májkré.,6
HUN,hidegkomlos,6
HUN,csokoládé sz,6
HUN,mzli,6
HUN,nastro,6
HUN,buzafi,6
HUN,arp,6
HUN,koton,6
HUN,kij,6
HUN,cottage ches,6
HUN,lenor öbl,6
HUN,lapos barack,6
HUN,konty,6
HUN,gyorsfagya,6
HUN,wagyu,6
HUN,Szár,6
HUN,Rum,6
HUN,kockás,6
HUN,talalkozasok,6
HUN,mandm,6
HUN,rákszirom,6
HUN,fanta narancs,6
HUN,páp,6
HUN,obliti,6
HUN,mulk,6
HUN,köbá,6
HUN,cserpes te,6
HUN,meggy konzerv,6
HUN,Eg,6
HUN,növényitej,6
HUN,pufa,6
HUN,tortilla chi,6
HUN,shaving foam,6
HUN,Липтон,6
HUN,apricots,6
HUN,nature jo,6
HUN,parmesean,6
HUN,szénsavas ásványví,6
HUN,шарики моцареллы,6
HUN,magnum pink,6
HUN,torlokend,6
HUN,vaníliás kar,6
HUN,rafe,6
HUN,lactose fre,6
HUN,pail,6
HUN,pink guava,6
HUN,kókuszgurt,6
HUN,vanilliá,6
HUN,cserk,6
HUN,napk,6
HUN,osztrigaszósz,6
HUN,Lemo,6
HUN,geta,6
HUN,dr peper,6
HUN,dir,6
HUN,kávé krém,6
HUN,Glutén,6
HUN,cn,6
HUN,grill s,6
HUN,sticky,6
HUN,füstölt csülök,6
HUN,ét csokolá,6
HUN,leveles teszt,6
HUN,felkemeny,6
HUN,zöldséf,6
HUN,koltel,6
HUN,mosp,6
HUN,lamin,6
HUN,Hegyes erőspaprika 3db (12cm+),6
HUN,tejszì,6
HUN,salotta hagyma,6
HUN,kborr,6
HUN,turode,6
HUN,furtos par,6
HUN,eggy,6
HUN,qvark,6
HUN,ság,6
HUN,vilgain toast,6
HUN,half baked,6
HUN,folyekony szappa,6
HUN,vajkren,6
HUN,Majoné,6
HUN,kölesgo,6
HUN,hel ice coffee,6
HUN,sesami,6
HUN,fokhagyma krémleves,6
HUN,fahy,6
HUN,ambi p,6
HUN,rittersport,6
HUN,krnyé,6
HUN,Alna,6
HUN,kókusz r,6
HUN,friss éleszt,6
HUN,frut,6
HUN,medce,6
HUN,peronj,6
HUN,bubis víz,6
HUN,teljes kiőrlésű zsemle,6
HUN,Salat,6
HUN,chips sajt,6
HUN,gyóg,6
HUN,fw,6
HUN,marks,6
HUN,kézfe,6
HUN,krim,6
HUN,sour crea,6
HUN,lingui,6
HUN,tosz,6
HUN,kubu p,6
HUN,frozen potato,6
HUN,laktozmentes gorog joghurt,6
HUN,szta,6
HUN,kávé filter,6
HUN,honig,6
HUN,szendvics kenyér,6
HUN,krém turo,6
HUN,bevita,6
HUN,morzsolt,6
HUN,wan,6
HUN,répa lé,6
HUN,téli szalami,6
HUN,wc pair,6
HUN,jav,6
HUN,ixo,6
HUN,cesar salad,6
HUN,kug,6
HUN,"bio 1,5%",6
HUN,szívós,6
HUN,Grissini,6
HUN,kach,6
HUN,tzatzik,6
HUN,cukrász sütemény,6
HUN,taxo,6
HUN,hagymalekvár,6
HUN,Dará,6
HUN,zéró koffein,6
HUN,рукола,6
HUN,gulyask,6
HUN,tokehalmaj,6
HUN,koktelpar,6
HUN,zero peps,6
HUN,Ti,6
HUN,citric acid,6
HUN,малина,6
HUN,Hajfesték,6
HUN,fanr,6
HUN,mac and ch,6
HUN,szendvics sonka,6
HUN,Cream cheese,6
HUN,günzer,6
HUN,kacsamá,6
HUN,toilet brush,6
HUN,négysa,6
HUN,etye,6
HUN,mosogé,6
HUN,Macs,6
HUN,nick',6
HUN,Paulaner,6
HUN,ügyfélszolg,6
HUN,csirke szár,6
HUN,szép k,6
HUN,magnum vegán,6
HUN,motz,6
HUN,kave hell,6
HUN,vegán mascarpone,6
HUN,barak,6
HUN,carott,6
HUN,viet,6
HUN,fehérrép,6
HUN,szárazbab,6
HUN,vibra,6
HUN,tonk,6
HUN,backpulver,6
HUN,kokusz tejszin,6
HUN,szélv,6
HUN,marmite,6
HUN,Pe,6
HUN,besam,6
HUN,szallo,6
HUN,cora,6
HUN,appe,6
HUN,tzsf,6
HUN,tej n,6
HUN,majonez univer,6
HUN,chicken heart,6
HUN,ginger s,6
HUN,гриб,6
HUN,yoghutt,6
HUN,tunna,6
HUN,penaut,6
HUN,airc,6
HUN,zabpehelyl,6
HUN,csipetk,6
HUN,tejföl laktozmentes,6
HUN,twjszin,6
HUN,karfiolrizs,6
HUN,zero tra,6
HUN,sargadinn,6
HUN,nye,6
HUN,pfann,6
HUN,Activia,6
HUN,tojás saláta,6
HUN,fagyasutott,6
HUN,Farm Tojas extra sarga farm,6
HUN,juhfark,6
HUN,zab rudi,6
HUN,ablaktörlő,6
HUN,bagg,6
HUN,sminklem,6
HUN,ladyfingers,6
HUN,biotech u,6
HUN,schwa,6
HUN,Wolt market,6
HUN,szinfo,6
HUN,sshi,6
HUN,togurt,6
HUN,citromos jégkrém,6
HUN,koln,6
HUN,zöldh,6
HUN,mikl,6
HUN,kulac,6
HUN,süteme,6
HUN,киндер,6
HUN,tigris kenyér,6
HUN,hyüm,6
HUN,áfonyá,6
HUN,oaz,6
HUN,jegktem,6
HUN,Jasmine,6
HUN,silán,6
HUN,frid,6
HUN,toli,6
HUN,cső tészta,6
HUN,olasz felv,6
HUN,kókusz tejszín,6
HUN,mizo ru,6
HUN,tulip,6
HUN,szendvics sajt,6
HUN,and,6
HUN,pikans,6
HUN,feher cso,6
HUN,valdor zizu,6
HUN,one a day,6
HUN,wos,6
HUN,még,6
HUN,császár zsemle,6
HUN,reszelt sjat,6
HUN,bicarbonate,6
HUN,ketchip,6
HUN,csiek,6
HUN,nektár,6
HUN,Pick szalámi,6
HUN,pürè,6
HUN,papirtörlö,6
HUN,parik,6
HUN,dried mango,6
HUN,hajform,6
HUN,200 ml,6
HUN,sós rúd,6
HUN,tooth bru,6
HUN,xixo tutti,6
HUN,red win,6
HUN,budapest,6
HUN,leave,6
HUN,konyhai tö,6
HUN,vsirk,6
HUN,gluténmentes kek,6
HUN,joghurt zero,6
HUN,dzal,6
HUN,sheep,6
HUN,kiri,6
HUN,cukormentes ketchup,6
HUN,kinger,6
HUN,kelly,6
HUN,dove dezodor,6
HUN,irsai ol,6
HUN,sparking,6
HUN,őszibarack konzerv,6
HUN,erap,6
HUN,citrus sör,6
HUN,kenyeret,6
HUN,ízv,6
HUN,ice n,6
HUN,mogyorós cs,6
HUN,light j,6
HUN,göröh,6
HUN,туалет,6
HUN,Gluté,6
HUN,Görögdinnye,6
HUN,fóli,6
HUN,sütő vaj,6
HUN,brokol,6
HUN,vörösk,6
HUN,vrsli,6
HUN,melegszendvics kr,6
HUN,tejszelez,6
HUN,prodecco,6
HUN,hal fűszer,6
HUN,kapucí,6
HUN,Colgate,6
HUN,beuno,6
HUN,mélyhűtő,6
HUN,apple pie,6
HUN,корица,6
HUN,kéksa,6
HUN,sajtos teszta,6
HUN,insa,6
HUN,vegan m,6
HUN,cair,6
HUN,eisberg salata,6
HUN,duv,6
HUN,sertés marha,6
HUN,barack zero,6
HUN,glutenmentes panir,6
HUN,peperoncino,6
HUN,fehér száraz,6
HUN,vilgain t,6
HUN,hunya,6
HUN,wienetta,6
HUN,habteh,6
HUN,red bell,6
HUN,dishwasher salt,6
HUN,fagyaszttt,6
HUN,pellegrin,6
HUN,pitt,6
HUN,pottyos szotyi,6
HUN,napraforgoolaj,6
HUN,darált háztartási keksz,6
HUN,bread brown,6
HUN,melegszendvicsk,6
HUN,vegsn,6
HUN,miccs,6
HUN,Édesítő,6
HUN,dala,6
HUN,édes bo,6
HUN,konzerv gyüm,6
HUN,kim chi,6
HUN,salsa szósz,6
HUN,cocnut water,6
HUN,borso konzerv,6
HUN,főétel,6
HUN,reoa,6
HUN,kenyért,6
HUN,édesitőszer,6
HUN,Sr,6
HUN,sprite z,6
HUN,daralt mar,6
HUN,fűszerpapr,6
HUN,vofka,6
HUN,fea,6
HUN,tampom,6
HUN,bút,6
HUN,trabi,6
HUN,gut,6
HUN,macskalom,6
HUN,petersilie,6
HUN,foodbox fitt,6
HUN,oki,6
HUN,vilgain mango,6
HUN,sütő p,6
HUN,krumpli fuszer,6
HUN,fagyaszrott,6
HUN,szelet csoki,6
HUN,teszta orso,6
HUN,gyerek tusfürdő,6
HUN,coffee creamer,6
HUN,zahnpasta,6
HUN,Szafi,6
HUN,AXE,6
HUN,arctisztito,6
HUN,wc 4,6
HUN,Rostos,6
HUN,ova,6
HUN,tux,6
HUN,zsàk,6
HUN,magnzm,6
HUN,vitatogris,6
HUN,ferrerro,6
HUN,Puffasztott rizs,6
HUN,kaktusz jegkrem,6
HUN,sütőmar,6
HUN,szemetws,6
HUN,alkoholmentes gin,6
HUN,fokhagymás bag,6
HUN,szemetes 60,6
HUN,vegyes zöldség,6
HUN,tűzőg,6
HUN,vegetarianus,6
HUN,furdosz,6
HUN,mince beef,6
HUN,Ooops! Classic Sensitive,6
HUN,Carrot,6
HUN,Apent,6
HUN,Breezer,6
HUN,vitaminok,6
HUN,puppy,6
HUN,spring water,6
HUN,etcsokola,6
HUN,tejful,6
HUN,paradoc,6
HUN,habfür,6
HUN,Oblito,6
HUN,cr20,6
HUN,etyeki kuria,6
HUN,pom bär,6
HUN,buborékos v,6
HUN,lanza,6
HUN,omleszt,6
HUN,perrier,6
HUN,papiraru,6
HUN,lugo,6
HUN,falu,6
HUN,asvs,6
HUN,kokorica,6
HUN,fekete mososzer,6
HUN,chez,6
HUN,cashe,6
HUN,befőtt tartósító,6
HUN,Domes,6
HUN,kelkáposzt,6
HUN,rosen,6
HUN,tahina,6
HUN,Rambyno,6
HUN,Ricotta,6
HUN,debreceni kolbász,6
HUN,kukaszsák,6
HUN,jégkrém pálcik,6
HUN,kávéfeh,6
HUN,novenyi t,6
HUN,vifon pho,6
HUN,parafics,6
HUN,sajat,6
HUN,tjas,6
HUN,fom,6
HUN,tradh,6
HUN,jégak,6
HUN,papira,6
HUN,wc olaj,6
HUN,folyekony s,6
HUN,pulyks,6
HUN,mona,6
HUN,szalak,6
HUN,sinnye,6
HUN,kotogány,6
HUN,apentq,6
HUN,mayple,6
HUN,kinder para,6
HUN,cann,6
HUN,cappuc,6
HUN,hideg koml,6
HUN,yoghurt laktoz,6
HUN,kozm,6
HUN,pudng,6
HUN,rica,6
HUN,milka bubbly,6
HUN,mzo,6
HUN,fagyi pálcik,6
HUN,fresh co,6
HUN,wheat flour,6
HUN,ilato,6
HUN,cobra,6
HUN,wafers,6
HUN,aprika,6
HUN,chio hula,6
HUN,hústű,6
HUN,green pe,6
HUN,sajt f,6
HUN,Öblit,6
HUN,sarga borso,6
HUN,figul,6
HUN,laktózmentes kefír,6
HUN,kajs,6
HUN,nachod,6
HUN,acqua,6
HUN,purple,6
HUN,pizza tés,6
HUN,finomf,6
HUN,salataöntet,6
HUN,pha,6
HUN,Vanish,6
HUN,étcsokoládé cukormentes,6
HUN,tejszet,6
HUN,meatba,6
HUN,cseppke,6
HUN,vilgain ghee,6
HUN,vitaminos viz,6
HUN,ivó j,6
HUN,dietas,6
HUN,tn,6
HUN,toilet clean,6
HUN,Lipt,6
HUN,rice ul,6
HUN,füstölt laza,6
HUN,zöldhagy,6
HUN,hàztart,6
HUN,kölyö,6
HUN,herbal,6
HUN,baba kaja,6
HUN,gyerek fogkrém,6
HUN,instant kakaó,6
HUN,Qu,6
HUN,babab,6
HUN,ragasztósza,6
HUN,snakcs,6
HUN,sargabar,6
HUN,vigain,6
HUN,tomlos sa,6
HUN,caopy,6
HUN,fokhagzma,6
HUN,knorr sajt,6
HUN,pornstar,6
HUN,alpro jogh,6
HUN,fagyasztott burgo,6
HUN,száraz tészt,6
HUN,rozsda,6
HUN,rice came,6
HUN,kenyer toast,6
HUN,fior di latte,6
HUN,tuzijatek,6
HUN,red curry,6
HUN,sweet paprika,6
HUN,görög s,6
HUN,dobozos k,6
HUN,turo laktozmentes,6
HUN,kenyer kov,6
HUN,vappy,6
HUN,tomi color,6
HUN,papka,6
HUN,sürített paradicsom,6
HUN,szaraz feher bor,6
HUN,matcha powder,6
HUN,sanpon,6
HUN,császárm,6
HUN,Rép,6
HUN,califo,6
HUN,kaszinó toj,6
HUN,telefon töltő,6
HUN,gellavilla,6
HUN,puritán,6
HUN,joghurt barack,6
HUN,toffie,6
HUN,tufu,6
HUN,tojás.,6
HUN,wenish,6
HUN,bica,6
HUN,csokiön,6
HUN,vajas kif,6
HUN,ds,6
HUN,barilla spagetti,6
HUN,oat drink,6
HUN,dzalonna,6
HUN,trip,6
HUN,kili,6
HUN,ketchupos,6
HUN,mexikoi fuszer,6
HUN,sertéss,6
HUN,víz 2l,6
HUN,porzsák,6
HUN,ponti,6
HUN,kétoldal,6
HUN,sata,6
HUN,konyha papir,6
HUN,kapod,6
HUN,Ás,6
HUN,peroni capri,6
HUN,vegan feta,6
HUN,segafr,6
HUN,marha daral,6
HUN,jó kenyer,6
HUN,ob mini,6
HUN,ice creM,6
HUN,hozzáa,6
HUN,mézeskal,6
HUN,rozsos,6
HUN,chixk,6
HUN,német zsemle,6
HUN,fagyasztott gomba,6
HUN,happy cat,6
HUN,genot,6
HUN,pipcorn,6
HUN,paprica,6
HUN,gier,6
HUN,pelme,6
HUN,petrezselym,6
HUN,hube,6
HUN,sikosí,6
HUN,form,6
HUN,burt,6
HUN,novenyi vaj,6
HUN,bels,6
HUN,rizstejs,6
HUN,papîr,6
HUN,coockie,6
HUN,turogo,6
HUN,wetwipes,6
HUN,pick kolbász,6
HUN,puffasztott rízs,6
HUN,fejessalata,6
HUN,gros,6
HUN,hitdog,6
HUN,kávé 3,6
HUN,pezsgő alkoholmentes,6
HUN,kukir,6
HUN,x epil,6
HUN,Selyemsonka,6
HUN,kukoricad,6
HUN,feza,6
HUN,javobs,6
HUN,Puerto,6
HUN,lazc,6
HUN,azemetes,6
HUN,jambon,6
HUN,szeles metelt,6
HUN,sör ízesített,6
HUN,rizschi,6
HUN,téliszalami,6
HUN,hidrogén,6
HUN,ruro,6
HUN,zewa papír,6
HUN,mutton,6
HUN,mosószó,6
HUN,laundry pods,6
HUN,Alkoholmentes sör,6
HUN,Petrezs,6
HUN,alpro almond,6
HUN,fehérje ital,6
HUN,vanília aro,6
HUN,hagymA,6
HUN,mile,6
HUN,tészta sp,6
HUN,erospaprika,6
HUN,csípős kolbász,6
HUN,1kg,6
HUN,lenma,6
HUN,festé,6
HUN,szilval,6
HUN,Ar,6
HUN,gumicukor savanyú,6
HUN,tejkaramell,6
HUN,colga,6
HUN,ásványvíz mentes,6
HUN,hab fix,6
HUN,canka,6
HUN,frosta hal,6
HUN,twinnings,6
HUN,riegel,6
HUN,lecsokol,6
HUN,rajna,6
HUN,Hell k,6
HUN,chili sz,6
HUN,ben&jerrys,6
HUN,oero,6
HUN,alma sio,6
HUN,maggi kocka,6
HUN,kukorc,6
HUN,napv,6
HUN,szekel,6
HUN,wors,6
HUN,lecsók,6
HUN,sweet bread,6
HUN,kineer,6
HUN,conditi,6
HUN,the bri,6
HUN,nedves toa,6
HUN,Olive oil,6
HUN,thedora,6
HUN,mogxoró,6
HUN,rup,6
HUN,étvs,6
HUN,vodka 2,6
HUN,kp,6
HUN,panty,6
HUN,ádonya,6
HUN,glutenmentes zabpehely,6
HUN,nectar,6
HUN,chem,6
HUN,Natúr joghurt,6
HUN,kukur,6
HUN,salátake,6
HUN,froyen,6
HUN,tusfürdő női,6
HUN,karava,6
HUN,zöldfarm,6
HUN,mics,6
HUN,rèp,6
HUN,Tor,6
HUN,canned fish,6
HUN,pick borju,6
HUN,toiletpaper,6
HUN,fagyasztott gyumolcd,6
HUN,szoll,6
HUN,sovany turo,6
HUN,mue,6
HUN,airfry,6
HUN,lecsó kolbá,6
HUN,burgu,6
HUN,canned tomatoes,6
HUN,robero,6
HUN,kezmuves sor,6
HUN,kinder to,6
HUN,kóser,6
HUN,pisztàcia,6
HUN,pelenka 2,6
HUN,orga,6
HUN,nugger,6
HUN,mango burn,6
HUN,Powe,6
HUN,Ki,6
HUN,köh,6
HUN,cite,6
HUN,zsml,6
HUN,lén,6
HUN,butter lactose,6
HUN,vegt,6
HUN,maska,6
HUN,birg,6
HUN,ragasztó stift,6
HUN,caramel syrup,6
HUN,borek,6
HUN,gyumolcs l,6
HUN,csö,6
HUN,sajos,6
HUN,málnalekvár,6
HUN,barista k,6
HUN,fj,6
HUN,karamell öntet,6
HUN,rebarbara,6
HUN,pöttyös túró,6
HUN,vegan sonka,6
HUN,evoesz,6
HUN,sg,6
HUN,nread,6
HUN,toslett,6
HUN,cini m,6
HUN,ice bag,6
HUN,macskaele,6
HUN,löwenbrau,6
HUN,oreo ice cream,6
HUN,olajo,6
HUN,multipack,6
HUN,kókuszz,6
HUN,asványviz,6
HUN,phia,6
HUN,mozzatella,6
HUN,Kim,6
HUN,orr spray,6
HUN,natúr joghur,6
HUN,eper lekv,6
HUN,Kenyr,6
HUN,gyos,6
HUN,sör alkoho,6
HUN,dul,6
HUN,chokola,6
HUN,Káposztasaláta,6
HUN,citrom sor,6
HUN,vazel,6
HUN,szendvicse,6
HUN,durace,6
HUN,zöld bors,6
HUN,bianco,6
HUN,panzi,6
HUN,fehérje puding,6
HUN,dr oetker puding,6
HUN,hand cream,6
HUN,bulldog,6
HUN,alutasak,6
HUN,sportszel,6
HUN,kómusz,6
HUN,pizzás csi,6
HUN,szamor,6
HUN,csirke felső,6
HUN,kígyóubi,6
HUN,ricw,6
HUN,noi dezodor,6
HUN,peng,6
HUN,poco lo,6
HUN,onuon,6
HUN,jofhurt,6
HUN,instant tés,6
HUN,Ola,6
HUN,detergen,6
HUN,expressz,6
HUN,tesko,6
HUN,túrö,6
HUN,kremf,6
HUN,antipa,6
HUN,színez,6
HUN,teryak,6
HUN,Arc,6
HUN,m &,6
HUN,mizu mate,6
HUN,nivea baby,6
HUN,füstöltsajtos,6
HUN,rétes liszt,6
HUN,tojaskrem,6
HUN,nyok,6
HUN,birthday cake,6
HUN,grillf,6
HUN,paradicsomazosz,6
HUN,air fres,6
HUN,chilisb,6
HUN,croasant,6
HUN,pacolt hus,6
HUN,olan,6
HUN,concentrate,6
HUN,tszta,6
HUN,papír tány,6
HUN,buldtak,6
HUN,vitamin víz,6
HUN,helmans,6
HUN,laktózmentes teh,6
HUN,kitchen pa,6
HUN,ceres t,6
HUN,nasal,6
HUN,halap,6
HUN,toblero,6
HUN,chio intense,6
HUN,viz 1,6
HUN,eger,6
HUN,Carte dor,6
HUN,jem,6
HUN,iskolai,6
HUN,sos palcika,6
HUN,zero ice cream,6
HUN,gyömbér tea,6
HUN,rákoczi,5
HUN,mig,5
HUN,tej novenyi,5
HUN,hantolt,5
HUN,legi,5
HUN,aba,5
HUN,ahimsa,5
HUN,pottyos orias,5
HUN,csirke.ell,5
HUN,krumol,5
HUN,eisw,5
HUN,cream 30%,5
HUN,koli,5
HUN,szentkirályi extra,5
HUN,sprote,5
HUN,exoti,5
HUN,nachos s,5
HUN,cserpes kefír,5
HUN,fozotejszon,5
HUN,sütöpapir,5
HUN,cornstar,5
HUN,eng,5
HUN,Savas,5
HUN,ass,5
HUN,uselatin,5
HUN,Majkrem,5
HUN,villá,5
HUN,madár sal,5
HUN,keszétel,5
HUN,narur,5
HUN,gyogyszertar,5
HUN,vegan s,5
HUN,a4 paper,5
HUN,wassa,5
HUN,abonetz,5
HUN,baba tusfü,5
HUN,fresh egg,5
HUN,sütöpor,5
HUN,szörpök,5
HUN,kávé ő,5
HUN,bicar,5
HUN,szalamk,5
HUN,pogácda,5
HUN,napa,5
HUN,fokhagymaso,5
HUN,cafissi,5
HUN,trol,5
HUN,miced,5
HUN,teljs,5
HUN,miller l,5
HUN,вафли,5
HUN,fisli,5
HUN,teperto krem,5
HUN,sós rá,5
HUN,Búzadara,5
HUN,libero to,5
HUN,utifumaghej,5
HUN,kokuszres,5
HUN,ponber,5
HUN,oat m,5
HUN,wc ilat,5
HUN,keksz dara,5
HUN,zuchin,5
HUN,vinetta,5
HUN,margarin rama,5
HUN,coffe instant,5
HUN,chiw,5
HUN,mythos,5
HUN,chips csíki,5
HUN,füstölt csül,5
HUN,arcmasz,5
HUN,johgurt,5
HUN,kometa bacon,5
HUN,flour wheat,5
HUN,Mizo túró,5
HUN,szénsavasv,5
HUN,tack,5
HUN,szemeskave,5
HUN,vegetable broth,5
HUN,készétwl,5
HUN,lecsó k,5
HUN,mosogyöngy,5
HUN,fayg,5
HUN,instant étel,5
HUN,papírtő,5
HUN,daw,5
HUN,tf,5
HUN,somloi galuska,5
HUN,feher bo,5
HUN,burgonyakeményítő,5
HUN,fly killer,5
HUN,face cream,5
HUN,laktozmentes t,5
HUN,Bul,5
HUN,sült krump,5
HUN,sanita,5
HUN,sajo,5
HUN,diákcsem,5
HUN,kristalycu,5
HUN,csirke nyak,5
HUN,cola che,5
HUN,roszti,5
HUN,zöldségle,5
HUN,partfis,5
HUN,csme,5
HUN,roast,5
HUN,nude,5
HUN,allnatura,5
HUN,Rántot,5
HUN,sajtkrémleves,5
HUN,pm,5
HUN,onion ring,5
HUN,mirelit zö,5
HUN,mc don,5
HUN,gyümölcsé,5
HUN,barni,5
HUN,tuss,5
HUN,krémfehérsajt,5
HUN,minch,5
HUN,triso,5
HUN,öszibarack,5
HUN,tekszin,5
HUN,sirene,5
HUN,reszelts,5
HUN,zuz,5
HUN,миндаль,5
HUN,tirt,5
HUN,borsodi biv,5
HUN,kace,5
HUN,hagm,5
HUN,lal,5
HUN,milk cho,5
HUN,dr ötker,5
HUN,hamburger buc,5
HUN,mars jégkrém,5
HUN,crean,5
HUN,balazon,5
HUN,tóalm,5
HUN,keseru,5
HUN,good calo,5
HUN,mayp,5
HUN,koo,5
HUN,haar,5
HUN,frozen berr,5
HUN,microwave,5
HUN,Macsk,5
HUN,turotudi,5
HUN,yellow new,5
HUN,teljes kiörlésű t,5
HUN,konzeev,5
HUN,mashrooms,5
HUN,cchips,5
HUN,fagyastott,5
HUN,tamar,5
HUN,slami,5
HUN,pulxkamell,5
HUN,serpe,5
HUN,kohl,5
HUN,hal szósz,5
HUN,fogkt,5
HUN,pudingo,5
HUN,krzmpli,5
HUN,ben',5
HUN,tortilla dip,5
HUN,nyári tekercs,5
HUN,doc,5
HUN,rovari,5
HUN,pillanatra,5
HUN,dr. pe,5
HUN,gyökérkenyér,5
HUN,nátrium benzo,5
HUN,marhanyak,5
HUN,krisz,5
HUN,spray oil,5
HUN,big pack,5
HUN,jasdi,5
HUN,alpine,5
HUN,brauni,5
HUN,folyékony szapoan,5
HUN,burgonya saláta,5
HUN,teA,5
HUN,sőr alkohol mentes,5
HUN,zöldfű,5
HUN,toast cheese,5
HUN,tojásl,5
HUN,zott jo,5
HUN,kovászos ke,5
HUN,zuk,5
HUN,pretze,5
HUN,glutén mente,5
HUN,mogyi mix,5
HUN,kposzta,5
HUN,iph,5
HUN,tehran,5
HUN,szines paprika,5
HUN,fuzetea mara,5
HUN,coci,5
HUN,burgonya sziro,5
HUN,lubri,5
HUN,jégnyal,5
HUN,medicube,5
HUN,mass,5
HUN,parafic,5
HUN,schogett,5
HUN,parmezám,5
HUN,papírzsepkend,5
HUN,crispbread,5
HUN,krksz,5
HUN,kupon,5
HUN,tejszín lakt,5
HUN,magyaros vajk,5
HUN,savanyú g,5
HUN,sajtos zsemle,5
HUN,savanyú kápos,5
HUN,grae,5
HUN,cheeti,5
HUN,Mill,5
HUN,Illatos,5
HUN,mayonesa,5
HUN,труб,5
HUN,pék áru,5
HUN,wc fer,5
HUN,mc dona,5
HUN,felix ketchup,5
HUN,crab sticks,5
HUN,zabalom,5
HUN,pom ba,5
HUN,pöttyös pro,5
HUN,light phi,5
HUN,imitation,5
HUN,snidlimg,5
HUN,diap,5
HUN,tisztított,5
HUN,szoka,5
HUN,Laktózmentes sajt,5
HUN,Tejszinhab,5
HUN,eldobható,5
HUN,Soup,5
HUN,toba,5
HUN,drops,5
HUN,peot,5
HUN,рисовая бумага,5
HUN,muffin pap,5
HUN,vegan bread,5
HUN,sio oszi,5
HUN,pól,5
HUN,őröltbors,5
HUN,dinnyw,5
HUN,coca cola 2250,5
HUN,izva,5
HUN,dumpli,5
HUN,monsz,5
HUN,egri bikavér,5
HUN,mosogato sz,5
HUN,szárnyas f,5
HUN,plain,5
HUN,savas vi,5
HUN,darált keks,5
HUN,tabac,5
HUN,voroshagymapor,5
HUN,talle,5
HUN,milk mizo,5
HUN,zöldsegek,5
HUN,misi,5
HUN,Mixology,5
HUN,mosógel,5
HUN,nyugtat,5
HUN,brr,5
HUN,tinha,5
HUN,mango juic,5
HUN,kínai leves,5
HUN,Onigiri,5
HUN,choclate chips,5
HUN,inniva,5
HUN,spinge,5
HUN,lucul,5
HUN,fagzi,5
HUN,cinema,5
HUN,chicken frozen,5
HUN,csirkefar,5
HUN,légycsa,5
HUN,budafok,5
HUN,fagyasztott pékár,5
HUN,familia,5
HUN,hosszabító,5
HUN,viodeli,5
HUN,hö,5
HUN,minyon,5
HUN,A2 tej,5
HUN,kekszes joghurt,5
HUN,aro long,5
HUN,lizt,5
HUN,ecomeat,5
HUN,csokoláé,5
HUN,beed,5
HUN,arctiszt,5
HUN,mártogató,5
HUN,gumicikor,5
HUN,grease,5
HUN,сал,5
HUN,kacsa máj,5
HUN,torna,5
HUN,baracl,5
HUN,Coke zero,5
HUN,cocaco,5
HUN,bush,5
HUN,fén,5
HUN,apenta vi,5
HUN,Vila,5
HUN,cukormentes cola,5
HUN,milkw,5
HUN,"1,5l",5
HUN,cont,5
HUN,folyékony moso,5
HUN,kakaós csig,5
HUN,vakond,5
HUN,fitness mix,5
HUN,unikornis,5
HUN,cafe Frei,5
HUN,sarga bab,5
HUN,sós ecetes,5
HUN,mosogatógép so,5
HUN,acr,5
HUN,fruit can,5
HUN,jerke,5
HUN,Du,5
HUN,albert,5
HUN,mososzer sensitive,5
HUN,wc fert,5
HUN,tina,5
HUN,jáger,5
HUN,szaritott marhahus,5
HUN,syo,5
HUN,aru,5
HUN,darli,5
HUN,brai,5
HUN,fűszer csirke,5
HUN,smoothy,5
HUN,fokhagymakré,5
HUN,kagylo teszta,5
HUN,vuk,5
HUN,papirar,5
HUN,lighting,5
HUN,sio szolo,5
HUN,filla,5
HUN,burga,5
HUN,háztartasi,5
HUN,cruto,5
HUN,sauerkraut,5
HUN,coteg,5
HUN,hair condi,5
HUN,avod,5
HUN,pöttös,5
HUN,пе,5
HUN,gomna,5
HUN,budaf,5
HUN,live,5
HUN,dr. beckmann,5
HUN,"Kalifa tápláló natúr dió, 200 g",5
HUN,fuzitea,5
HUN,citrom tea,5
HUN,görögjoghu,5
HUN,potsto,5
HUN,iroszer,5
HUN,teszta szarvacska,5
HUN,jana i,5
HUN,barnacujor,5
HUN,borotvapenge,5
HUN,kenéyr,5
HUN,Doh,5
HUN,philid,5
HUN,papírtörlo,5
HUN,pick szalam,5
HUN,vanília pud,5
HUN,magyar turo,5
HUN,mizo te,5
HUN,telefon tok,5
HUN,csokiönt,5
HUN,хле,5
HUN,pannóni,5
HUN,csontos hus,5
HUN,mt,5
HUN,szamoro,5
HUN,burgonyakem,5
HUN,Üdít,5
HUN,olívao,5
HUN,fogo,5
HUN,prp,5
HUN,fertotle,5
HUN,philda,5
HUN,books,5
HUN,üditő 1,5
HUN,olo,5
HUN,strong apple,5
HUN,grounded,5
HUN,nitell,5
HUN,bio snack,5
HUN,auga,5
HUN,classi,5
HUN,túróa,5
HUN,zsirs,5
HUN,cheak,5
HUN,soba t,5
HUN,vagda,5
HUN,ciccolino,5
HUN,pulk,5
HUN,lime s,5
HUN,sarga r,5
HUN,Mount,5
HUN,poulet,5
HUN,argeta,5
HUN,túró eudi,5
HUN,kefo,5
HUN,plussz,5
HUN,Öblí,5
HUN,olive oil spray,5
HUN,Glute,5
HUN,green on,5
HUN,porn,5
HUN,tolle esl,5
HUN,salátaszósz,5
HUN,gluténmentey,5
HUN,pèkáru,5
HUN,azsi,5
HUN,kah,5
HUN,palin,5
HUN,pomp,5
HUN,pàrizs,5
HUN,pénisz,5
HUN,valo ub,5
HUN,cheed,5
HUN,fir,5
HUN,spaetti,5
HUN,ventillá,5
HUN,röf,5
HUN,biscute,5
HUN,drag,5
HUN,vanii,5
HUN,Hamburgerzsemle,5
HUN,naru,5
HUN,vulkán,5
HUN,sajf,5
HUN,danone gör,5
HUN,eolt,5
HUN,felvsgott,5
HUN,ice barrel,5
HUN,hz,5
HUN,hozzáadott c,5
HUN,kígyó u,5
HUN,paradisom,5
HUN,forgacs,5
HUN,sweet chil,5
HUN,vaníliapuding,5
HUN,khell-,5
HUN,gewürz,5
HUN,Pepsi citrom,5
HUN,Magnu,5
HUN,pzza,5
HUN,xia,5
HUN,testap,5
HUN,libero 3,5
HUN,snakes,5
HUN,Csokolade,5
HUN,souldro,5
HUN,kinder crispy,5
HUN,cornmeal,5
HUN,фанта,5
HUN,earl gray,5
HUN,sör 0%,5
HUN,spearmint,5
HUN,zewa t,5
HUN,frap,5
HUN,házia,5
HUN,vegetári,5
HUN,paradicsomos b,5
HUN,daralt paprika,5
HUN,dianas,5
HUN,pauliner,5
HUN,tenger gyüm,5
HUN,csirkeszív,5
HUN,levelesteszta,5
HUN,parodon,5
HUN,cotrage chese,5
HUN,spege,5
HUN,uzsonnás zacskó,5
HUN,pombä,5
HUN,kocka cuko,5
HUN,yo szörp,5
HUN,Mosas,5
HUN,ciki,5
HUN,kollagé,5
HUN,dia-wellness,5
HUN,ásvanyví,5
HUN,müt,5
HUN,szárított h,5
HUN,reszelt trap,5
HUN,szaritott paradi,5
HUN,vizelet,5
HUN,tészta teljes,5
HUN,üdîtő,5
HUN,zott puding,5
HUN,strabucks,5
HUN,natúr kr,5
HUN,mizse viz,5
HUN,MECSEK,5
HUN,ligt,5
HUN,cotton buds,5
HUN,ajánde,5
HUN,armenian,5
HUN,virsli csirke,5
HUN,provolone,5
HUN,illatg,5
HUN,menthol,5
HUN,notm,5
HUN,feher ecet,5
HUN,gyz,5
HUN,sült burgony,5
HUN,Fagyasztott zöldség,5
HUN,lekvárhoz sűr8,5
HUN,gin f,5
HUN,Pilota,5
HUN,sült hagy,5
HUN,coki,5
HUN,almapaprik,5
HUN,maggu,5
HUN,cup a,5
HUN,reni,5
HUN,melone,5
HUN,jékré,5
HUN,zero lekvár,5
HUN,eteltarolo,5
HUN,Karal,5
HUN,whole wheat bread,5
HUN,chips spuds,5
HUN,mosogato s,5
HUN,kakaos c,5
HUN,utazo,5
HUN,nocks,5
HUN,kihyo,5
HUN,chocal,5
HUN,cukraszda,5
HUN,cheese mix,5
HUN,cream chese,5
HUN,haj f,5
HUN,csaszarhus,5
HUN,női betét,5
HUN,schwamm,5
HUN,Br,5
HUN,linguini,5
HUN,joghurt görö,5
HUN,pezsgo szaraz,5
HUN,Sport,5
HUN,celebra,5
HUN,dilma,5
HUN,parnacska,5
HUN,zsemlemorusa,5
HUN,yum,5
HUN,chimi,5
HUN,jokhurt,5
HUN,kacsa comb,5
HUN,conta,5
HUN,mandulaita,5
HUN,cerbona mü,5
HUN,mosogató kap,5
HUN,tea black,5
HUN,vanilia cuk,5
HUN,textilfesték,5
HUN,naget,5
HUN,jóleny,5
HUN,csirke füszer,5
HUN,ezer sziget,5
HUN,Jókenyér,5
HUN,pàr,5
HUN,milka cookie,5
HUN,zabtejs,5
HUN,glutenmentes sör,5
HUN,vega virsli,5
HUN,paprikakre,5
HUN,pwerade,5
HUN,ariel m,5
HUN,roppanos,5
HUN,salámi,5
HUN,veltelini,5
HUN,milka lu,5
HUN,hot dof,5
HUN,jeam,5
HUN,preo,5
HUN,gyümölcskocsonya,5
HUN,marvanysajt,5
HUN,butter milk,5
HUN,picl,5
HUN,inka,5
HUN,edz,5
HUN,fib,5
HUN,savanyu ubor,5
HUN,motorolaj,5
HUN,paea,5
HUN,pick bor,5
HUN,lays s,5
HUN,zin,5
HUN,légyir,5
HUN,coffee syrup,5
HUN,àsvány,5
HUN,spagge,5
HUN,Rzs,5
HUN,ételizesít,5
HUN,hagg,5
HUN,toscana,5
HUN,sugar cube,5
HUN,vegtab,5
HUN,cucm,5
HUN,eses,5
HUN,samytol,5
HUN,pálpusz,5
HUN,kefìr,5
HUN,franciasalata,5
HUN,amack,5
HUN,Zucker,5
HUN,fogkrfe,5
HUN,szedet,5
HUN,málna lekv,5
HUN,tortilla chios,5
HUN,hoegaarden,5
HUN,wolt marker,5
HUN,new york,5
HUN,Virágf,5
HUN,bisqu,5
HUN,pork b,5
HUN,garnélar,5
HUN,liberi,5
HUN,dove man,5
HUN,lush,5
HUN,fze,5
HUN,ягоды,5
HUN,pomegra,5
HUN,prosecci,5
HUN,agnum,5
HUN,poros,5
HUN,piskóta tallér,5
HUN,guc,5
HUN,akácm,5
HUN,grizpu,5
HUN,salátatá,5
HUN,disinf,5
HUN,mexifoods,5
HUN,apwn,5
HUN,ufito,5
HUN,bécs,5
HUN,aria,5
HUN,túrórudi szotyi,5
HUN,tüsfürd,5
HUN,vegan i,5
HUN,coffee po,5
HUN,virgin,5
HUN,teljeskiorl,5
HUN,táro,5
HUN,laktózmentes kávé,5
HUN,sós snack,5
HUN,sós s,5
HUN,tens,5
HUN,gesztenyepü,5
HUN,reszelék,5
HUN,dzilva,5
HUN,ránott,5
HUN,tini,5
HUN,fat free yogurt,5
HUN,american cheese,5
HUN,pecans,5
HUN,tekn,5
HUN,zsírszegén,5
HUN,édeskrum,5
HUN,Hú,5
HUN,biokill,5
HUN,paradonta,5
HUN,hajv,5
HUN,3 az 1,5
HUN,yell,5
HUN,kesh,5
HUN,bananos csoki,5
HUN,yumurta,5
HUN,lefir,5
HUN,vegán tömb,5
HUN,muslinca,5
HUN,pombars,5
HUN,Mandulatej,5
HUN,cédru,5
HUN,whip cream,5
HUN,zen,5
HUN,vano,5
HUN,himmus,5
HUN,fülh,5
HUN,epres z,5
HUN,kéz fertőtlenítő,5
HUN,ebergia,5
HUN,ottima,5
HUN,elosutott,5
HUN,fésü,5
HUN,csokis ke,5
HUN,swedish,5
HUN,pelegrino,5
HUN,uszo,5
HUN,Bonbon,5
HUN,belga csoki,5
HUN,ujjagyma,5
HUN,bord eve,5
HUN,кур,5
HUN,pő,5
HUN,pizza lisz,5
HUN,akasztó,5
HUN,mogo,5
HUN,shower soap,5
HUN,vanília p,5
HUN,capuciner,5
HUN,citromkr,5
HUN,szárazsam,5
HUN,gyumolcs lé,5
HUN,degrease,5
HUN,ott,5
HUN,műzlisze,5
HUN,Bef,5
HUN,áfonya lekvar,5
HUN,marha daralt hus,5
HUN,szarzeller,5
HUN,csokoládékrém,5
HUN,kinder te,5
HUN,rode,5
HUN,víz mentes,5
HUN,yogurt 0%,5
HUN,Ostoros,5
HUN,Banana,5
HUN,zero fuze,5
HUN,Hohes c,5
HUN,gers,5
HUN,bio almale,5
HUN,szörp diab,5
HUN,magnum bom,5
HUN,vegán főz,5
HUN,instant yeast,5
HUN,choco me,5
HUN,joug,5
HUN,tonhala,5
HUN,bodza fanta,5
HUN,na hos,5
HUN,Happy Day,5
HUN,roppanós,5
HUN,zöldorsó,5
HUN,reszelt mozza,5
HUN,orsó t,5
HUN,kavetejsz,5
HUN,mezes mustar,5
HUN,3bi,5
HUN,nails,5
HUN,mily,5
HUN,mosogsto,5
HUN,cleanser,5
HUN,rik,5
HUN,raz,5
HUN,tomato pastr,5
HUN,sokersby,5
HUN,lemon salt,5
HUN,instant ramen,5
HUN,simons,5
HUN,tört chili,5
HUN,jégkér,5
HUN,izesitet,5
HUN,Cserpes Sajtműhely,5
HUN,sütőforma,5
HUN,csokics,5
HUN,Kovászolni való uborka 1 kg,5
HUN,"szentkirályi 1,5",5
HUN,ricota,5
HUN,iphone töltő,5
HUN,csöve,5
HUN,paradc,5
HUN,yz,5
HUN,marezi,5
HUN,zero to,5
HUN,hagymalekv,5
HUN,beead,5
HUN,zöldségpástétom,5
HUN,milk 3,5
HUN,édesse,5
HUN,zöldségkeveré,5
HUN,teljeskiörlésü,5
HUN,sajtburger,5
HUN,kockázott ba,5
HUN,zsì,5
HUN,szejtan,5
HUN,savanU,5
HUN,doe,5
HUN,light krém,5
HUN,nilka,5
HUN,sajtgo,5
HUN,olaszrizl,5
HUN,KALÁCS,5
HUN,paradicsom sűrít,5
HUN,daraltk,5
HUN,kès,5
HUN,ős,5
HUN,milanoi alap,5
HUN,wet paper,5
HUN,fove,5
HUN,hou,5
HUN,Kínai,5
HUN,elemex,5
HUN,Vitamin,5
HUN,co2,5
HUN,psprika,5
HUN,Balzsamecet,5
HUN,koktel par,5
HUN,flavored,5
HUN,Győri edes,5
HUN,portörl,5
HUN,kanna,5
HUN,sajtkrè,5
HUN,vulcan,5
HUN,nyoki,5
HUN,jegkrem vega,5
HUN,grill zölds,5
HUN,fehérhagyma,5
HUN,darált csirke,5
HUN,sajt g,5
HUN,curacao,5
HUN,dí,5
HUN,tészte,5
HUN,auber,5
HUN,vd,5
HUN,esz,5
HUN,tcs,5
HUN,coffein mentes,5
HUN,Húsleves,5
HUN,durum kenyér,5
HUN,muffin papir,5
HUN,distilled water,5
HUN,fabric soft,5
HUN,kefír da,5
HUN,bata,5
HUN,happy fru,5
HUN,csokoládé pu,5
HUN,alpro man,5
HUN,jégkrémtorta,5
HUN,farfelle,5
HUN,terefere,5
HUN,dr oetket,5
HUN,ice latte,5
HUN,mikroszalas,5
HUN,joghz,5
HUN,friss pek,5
HUN,lecsó pap,5
HUN,jegkerm,5
HUN,vannilia,5
HUN,sajtta,5
HUN,gyömbè,5
HUN,kelkapo,5
HUN,hungarian,5
HUN,orolt bors,5
HUN,wc sp,5
HUN,nostalgia,5
HUN,lemon j,5
HUN,mogyi popcorn,5
HUN,zewa wc papír,5
HUN,peingles,5
HUN,halpá,5
HUN,újkr,5
HUN,ecetes cekla,5
HUN,washing m,5
HUN,dark soy,5
HUN,oven b,5
HUN,szódap,5
HUN,lemon sorbet,5
HUN,tesa,5
HUN,Szala,5
HUN,mosopa,5
HUN,low sugar,5
HUN,isko,5
HUN,Turkey,5
HUN,laktozmentes gorogjoghurt,5
HUN,frissenta,5
HUN,tabaco,5
HUN,vajkém,5
HUN,evg,5
HUN,szenhidrat csokkentett,5
HUN,hagM,5
HUN,ízva,5
HUN,vsok,5
HUN,new gen hell,5
HUN,öm,5
HUN,pirított hagym,5
HUN,shoko,5
HUN,sajttal tölt,5
HUN,Oe,5
HUN,Szenvics,5
HUN,aio,5
HUN,neeves,5
HUN,dr st,5
HUN,jégkrém dobozos,5
HUN,fakan,5
HUN,szarnyas,5
HUN,kukoricasaláta,5
HUN,fresh juice,5
HUN,orrspr,5
HUN,kukotica,5
HUN,saytol,5
HUN,vaníliakivonat,5
HUN,puc,5
HUN,chardonay,5
HUN,kinder bueno jégkrém,5
HUN,manho,5
HUN,Banàn,5
HUN,bászka,5
HUN,kinez,5
HUN,jègkocka,5
HUN,disc,5
HUN,limonádé sió,5
HUN,wc papir 4,5
HUN,Aro,5
HUN,turonrudi,5
HUN,univer majo,5
HUN,szénsavval,5
HUN,stroop,5
HUN,papír írószer,5
HUN,лавровый,5
HUN,ticeup,5
HUN,Salami,5
HUN,kubu water,5
HUN,szegfűsz,5
HUN,corn tortilla,5
HUN,savanyí,5
HUN,marhahus daralt,5
HUN,héjas,5
HUN,barackkonzerv,5
HUN,cola mentes,5
HUN,cucumbet,5
HUN,zt,5
HUN,cheese shredded,5
HUN,kovkenyér,5
HUN,rántott m,5
HUN,füstölt szal,5
HUN,csokis puding,5
HUN,hsgy,5
HUN,Hagym,5
HUN,saláta ont,5
HUN,Argan,5
HUN,ice tea barackos,5
HUN,Ruccola,5
HUN,shit,5
HUN,kull,5
HUN,helmann,5
HUN,kenyér glut,5
HUN,Dat,5
HUN,зира,5
HUN,SÖR,5
HUN,babán,5
HUN,kocka c,5
HUN,rántotr csirkemell,5
HUN,zewa papírzsebkendő,5
HUN,bett’r,5
HUN,OB,5
HUN,Multi,5
HUN,vanilias karik,5
HUN,milo,5
HUN,madar tej,5
HUN,spider,5
HUN,éthordó,5
HUN,capsule coffee,5
HUN,olasz felvagott,5
HUN,kerrygold,5
HUN,mosogato sziva,5
HUN,guav,5
HUN,edeskr,5
HUN,csorkem,5
HUN,kinderp,5
HUN,anise,5
HUN,nax,5
HUN,afonyale,5
HUN,stress,5
HUN,tuna in water,5
HUN,landliebe,5
HUN,àsvàn,5
HUN,gyors fagy,5
HUN,nedves kendo,5
HUN,kendö,5
HUN,csokiskeksz,5
HUN,citrom jegkrem,5
HUN,morte,5
HUN,hot-dog kifli,5
HUN,fuga,5
HUN,gyöké,5
HUN,datilya,5
HUN,oho!,5
HUN,vaniliascu,5
HUN,valdoe,5
HUN,baby be,5
HUN,elo,5
HUN,TUC,5
HUN,lábszár,5
HUN,csoki golyó,5
HUN,Tusfürd,5
HUN,fagyi pál,5
HUN,Passata,5
HUN,szentkirlyi,5
HUN,peppee,5
HUN,cons,5
HUN,neo citran,5
HUN,dried toma,5
HUN,margarim,5
HUN,kargiol,5
HUN,fekete ribizli,5
HUN,ferfi tus,5
HUN,száraztész,5
HUN,Pistachio,5
HUN,teszta szaraz,5
HUN,tonhalsalata,5
HUN,alpro milk,5
HUN,preworkout,5
HUN,wool,5
HUN,Din,5
HUN,koronas,5
HUN,tejföl zott,5
HUN,jann,5
HUN,mosó kap,5
HUN,jegsali,5
HUN,málnás pilóta,5
HUN,bio k,5
HUN,uborkát,5
HUN,salata on,5
HUN,kréml,5
HUN,szentkiraliy,5
HUN,libazsí,5
HUN,paradixso,5
HUN,nyári,5
HUN,probto,5
HUN,hónalj,5
HUN,mohy,5
HUN,kakako,5
HUN,sós mogyo,5
HUN,szezam mag,5
HUN,aludttej,5
HUN,Hell kave,5
HUN,grillzöldség,5
HUN,doigh,5
HUN,kutya snack,5
HUN,ammar,5
HUN,master c,5
HUN,hq,5
HUN,regnu,5
HUN,urgonya,5
HUN,jehk,5
HUN,tortilal,5
HUN,vodkl,5
HUN,túróudi,5
HUN,nyokki,5
HUN,zewa de,5
HUN,laktózmentes turo,5
HUN,vörösborecet,5
HUN,boi,5
HUN,vegan felv,5
HUN,wd40,5
HUN,tejföl 20%,5
HUN,wine white,5
HUN,Szó,5
HUN,strw,5
HUN,milka mogyoro,5
HUN,madr,5
HUN,kezmuves,5
HUN,isotoni,5
HUN,fekete rizs,5
HUN,pácolt csirkemell,5
HUN,mini p,5
HUN,tejszeket,5
HUN,epwr,5
HUN,onin,5
HUN,wster,5
HUN,rozs kenyér,5
HUN,canned fruit,5
HUN,csirke sa,5
HUN,mizo mad,5
HUN,sajttor,5
HUN,ex dezodor,5
HUN,Tiramisu,5
HUN,pelenka 3,5
HUN,parmezánsajt,5
HUN,barack befot,5
HUN,uditö,5
HUN,fagg,5
HUN,pápai,5
HUN,param,5
HUN,kétszersult,5
HUN,Mozarella,5
HUN,прошуто,5
HUN,sez,5
HUN,5 rétegű,5
HUN,fúst,5
HUN,folyékony édesítő,5
HUN,gyorsfagyasztott pizza,5
HUN,cserpes kefir,5
HUN,sertéslap,5
HUN,pov,5
HUN,cí,5
HUN,laktozmentes hab,5
HUN,buget,5
HUN,Meggyes,5
HUN,sardel,5
HUN,chili f,5
HUN,lays ma,5
HUN,Wasabi,5
HUN,vanilia pudi,5
HUN,Merci,5
HUN,fagylaltpor,5
HUN,tomaro,5
HUN,főze,5
HUN,hama,5
HUN,zero gyumolcsle,5
HUN,túróeudi,5
HUN,papirtoo,5
HUN,chips gluten,5
HUN,FA,5
HUN,füszerek,5
HUN,Wine,5
HUN,vörös h,5
HUN,dr.pepp,5
HUN,paprikas szalámi,5
HUN,neszea,5
HUN,rántott c,5
HUN,kastély,5
HUN,sliced meat,5
HUN,oreo keksz,5
HUN,zoldsegke,5
HUN,xan,5
HUN,ízesitett v,5
HUN,magvas kenyer,5
HUN,kemencés,5
HUN,kòkuszolaj,5
HUN,sign,5
HUN,sweet and,5
HUN,ıce tea,5
HUN,tejföl l,5
HUN,carame,5
HUN,cukor nelkul,5
HUN,chixken,5
HUN,dim,5
HUN,Croiss,5
HUN,tefjol,5
HUN,bruschet,5
HUN,soda viz,5
HUN,eperlek,5
HUN,oelenka,5
HUN,bio alma,5
HUN,szentkirálI,5
HUN,tech,5
HUN,buzasör,5
HUN,magnus,5
HUN,reev,5
HUN,marr,5
HUN,hibiscus,5
HUN,szan,5
HUN,csemege szalami,5
HUN,üveges borsó,5
HUN,pehe,5
HUN,hajbalzs,5
HUN,pálin,5
HUN,tészta száraz,5
HUN,tusfűrd,5
HUN,Péks,5
HUN,tejgo,5
HUN,cerbona müzliszelet,5
HUN,joghurt bio,5
HUN,csaszarzsemle,5
HUN,lactose-free,5
HUN,lakttej,5
HUN,peso,5
HUN,zöldség fagyasztott,5
HUN,körömreszelő,5
HUN,csiko,5
HUN,zott protein puding,5
HUN,pompelo,5
HUN,schwarzkopf,5
HUN,zsl,5
HUN,tejazin,5
HUN,wc papír zewa,5
HUN,szőkítő,5
HUN,bronz,5
HUN,fulpalcika,5
HUN,zero su,5
HUN,ton8,5
HUN,prés,5
HUN,bébispenó,5
HUN,Hamburge,5
HUN,kambucha,5
HUN,szentkiralyi baba,5
HUN,cheese balls,5
HUN,Dreher bak,5
HUN,alter,5
HUN,szedv,5
HUN,villgain protein,5
HUN,folttisztito,5
HUN,betty,5
HUN,cukormentes üdi,5
HUN,msj,5
HUN,étkezési zs,5
HUN,tshi,5
HUN,cirk,5
HUN,hagyma krem,5
HUN,vegeza,5
HUN,turotud,5
HUN,xsirke,5
HUN,müzli sze,5
HUN,farmf,5
HUN,cib,5
HUN,granolq,5
HUN,batack,5
HUN,rizs csipsz,5
HUN,csirken,5
HUN,p3k,5
HUN,blade,5
HUN,smoked ham,5
HUN,halaszle,5
HUN,burger szósz,5
HUN,három az,5
HUN,papíe,5
HUN,flaxseed,5
HUN,gin ton,5
HUN,kinder delice,5
HUN,apenta m,5
HUN,petrezselyemgyökér,5
HUN,melasz,5
HUN,torta dísz,5
HUN,birth,5
HUN,coconout,5
HUN,7daya,5
HUN,bolong,5
HUN,megy bef,5
HUN,fasírt f,5
HUN,egss,5
HUN,san mar,5
HUN,gumicukor savany,5
HUN,Royal vodka,5
HUN,vienne,5
HUN,vizko oldo,5
HUN,túrós tás,5
HUN,szaonna,5
HUN,kalap,5
HUN,fuzi,5
HUN,mogyi crash,5
HUN,szenda,5
HUN,kekdz,5
HUN,milkyw,5
HUN,makarón,5
HUN,tuzi,5
HUN,philedelphia,5
HUN,chunky,5
HUN,barbecu,5
HUN,márto,5
HUN,fahè,5
HUN,popcorn caramel,5
HUN,parmigian,5
HUN,blueberrie,5
HUN,cukormentes majonez,5
HUN,kutyapelen,5
HUN,mososzee,5
HUN,macsja,5
HUN,uvor,5
HUN,alphazoo,5
HUN,haagen-dazs,5
HUN,pirított h,5
HUN,nespressi,5
HUN,cilgain,5
HUN,kopasz barack,5
HUN,piy,5
HUN,gyümölca,5
HUN,erhmann,5
HUN,chilis bab alap,5
HUN,haggen,5
HUN,cukin,5
HUN,andrea,5
HUN,fagyos,5
HUN,dobozos s,5
HUN,papírtor,5
HUN,fokhagymás s,5
HUN,gabonakávé,5
HUN,kond,5
HUN,teodor,5
HUN,majonéze,5
HUN,sor alkohol,5
HUN,hidegtál,5
HUN,somersby 0,5
HUN,aktim,5
HUN,szemuvegtorlo,5
HUN,ízesitett,5
HUN,phar,5
HUN,coco pow,5
HUN,fűszernövény,5
HUN,szentkiralyi egy csepp,5
HUN,mogyorós milka,5
HUN,lia,5
HUN,fraui,5
HUN,télo,5
HUN,rágcsál,5
HUN,toothbr,5
HUN,jêgk,5
HUN,usa,5
HUN,bio alp,5
HUN,paproka,5
HUN,szőnyegtiszt,5
HUN,málba,5
HUN,Leveles,5
HUN,barack b,5
HUN,meggy m,5
HUN,lrumpli,5
HUN,tonhalp,5
HUN,ràg,5
HUN,kokusz re,5
HUN,sültburg,5
HUN,insecticide,5
HUN,skyr laktozmentes,5
HUN,sx,5
HUN,extra du,5
HUN,freezer bags,5
HUN,langolt,5
HUN,túród,5
HUN,ramyun,5
HUN,dú,5
HUN,keve,5
HUN,pataks,5
HUN,cree,5
HUN,mouss,5
HUN,magb,5
HUN,szentkirályi egy csepp,5
HUN,kutya pele,5
HUN,fácán,5
HUN,ded,5
HUN,gyümöls,5
HUN,Tom,5
HUN,fürdő szivacs,5
HUN,johnnie,5
HUN,malna sz,5
HUN,fuze tea citrom,5
HUN,zero ton,5
HUN,rakszirom,5
HUN,gumiv,5
HUN,majg,5
HUN,konzervnyit,5
HUN,India,5
HUN,tej 500,5
HUN,Sult,5
HUN,tortilia,5
HUN,dalma,5
HUN,szóz,5
HUN,gliss kur,5
HUN,festo,5
HUN,aragula,5
HUN,Vanilla,5
HUN,golden a,5
HUN,fehercsokol,5
HUN,sunf,5
HUN,pizza te,5
HUN,beefe,5
HUN,kwtchup,5
HUN,chicken thi,5
HUN,tús,5
HUN,plastic bags,5
HUN,Fokhagymapor,5
HUN,pötyi,5
HUN,gluténmentes za,5
HUN,linze,5
HUN,baba tusfür,5
HUN,aprí,5
HUN,budla,5
HUN,macsj,5
HUN,szám gyertya,5
HUN,tejföld,5
HUN,landl,5
HUN,laktozmentes vajkrem,5
HUN,lazac filé,5
HUN,wea,5
HUN,spenótos lasa,5
HUN,moso szer,5
HUN,primitiv,5
HUN,disznos,5
HUN,epoxy,5
HUN,gere schubert,5
HUN,guines,5
HUN,milkA,5
HUN,rosm,5
HUN,fiber shake,5
HUN,kókuszviz,5
HUN,Cseresznye,5
HUN,sweer,5
HUN,mutár,5
HUN,szendvis,5
HUN,brokkolu,5
HUN,tojás l,5
HUN,öszi,5
HUN,fekete oli,5
HUN,kave k,5
HUN,iszt,5
HUN,savanyu káposzta,5
HUN,felete bors,5
HUN,avokàd,5
HUN,chickn,5
HUN,csirkehú,5
HUN,darabolt sajt,5
HUN,500,5
HUN,folyékony édesít,5
HUN,yout,5
HUN,szappantarto,5
HUN,konyv,5
HUN,pulyka mell,5
HUN,milk 1.5,5
HUN,budv,5
HUN,piros m,5
HUN,sütöt,5
HUN,Nu,5
HUN,szòda,5
HUN,freshpress,5
HUN,tufo,5
HUN,Zseb,5
HUN,mikka,5
HUN,protein krém,5
HUN,lul,5
HUN,trjsz,5
HUN,hm,5
HUN,Guseppe,5
HUN,oat mi,5
HUN,iphone t,5
HUN,tikka massala,5
HUN,washing machine pods,5
HUN,glutenmented,5
HUN,ebé,5
HUN,csio,5
HUN,horto,5
HUN,peccorino,5
HUN,chio s,5
HUN,ABSOB,5
HUN,mini j,5
HUN,aszt,5
HUN,fekete mos,5
HUN,magnum c,5
HUN,orsót,5
HUN,vegán mag,5
HUN,nutellq,5
HUN,jar platinum,5
HUN,Cappuccino,5
HUN,csipst,5
HUN,aloe vera gel,5
HUN,cabagge,5
HUN,nutella vegan,5
HUN,kávékapszu,5
HUN,rive,5
HUN,fozo te,5
HUN,budl,5
HUN,radis,5
HUN,бурата,5
HUN,hend,5
HUN,milànói,5
HUN,flan,5
HUN,tolds,5
HUN,panka,5
HUN,vilgain za,5
HUN,földimogyoro,5
HUN,pesto ross,5
HUN,Kuka,5
HUN,zseblámpa,5
HUN,kávé ins,5
HUN,powdered,5
HUN,k9nzerv,5
HUN,májaa,5
HUN,laktózmentes főz,5
HUN,mag nélküli,5
HUN,glutenmentes s,5
HUN,mososzwr,5
HUN,szók,5
HUN,tomatı,5
HUN,anjouna,5
HUN,alkoholo,5
HUN,baby spe,5
HUN,sult keumpli,5
HUN,zoldseg fagyasztott,5
HUN,Krémtú,5
HUN,nogr,5
HUN,taci,5
HUN,health,5
HUN,római kömé,5
HUN,tonix,5
HUN,novenyi tejsz,5
HUN,csab,5
HUN,dark chocolat,5
HUN,zero gyümölcs,5
HUN,Peas,5
HUN,3 in 1 kávé,5
HUN,Illy,5
HUN,Somers,5
HUN,cukormentes rudi,5
HUN,cix,5
HUN,roxal,5
HUN,schubert,5
HUN,not mil,5
HUN,rafello,5
HUN,kecha,5
HUN,konyhapa,5
HUN,try,5
HUN,candere,5
HUN,testradir,5
HUN,spenta,5
HUN,fagyasztott burgony,5
HUN,szènsava,5
HUN,baconos,5
HUN,newg,5
HUN,gp,5
HUN,kolozsvár,5
HUN,csersznye,5
HUN,szinf,5
HUN,csirkemell felv,5
HUN,gyogys,5
HUN,Vaníliás cukor,5
HUN,vasalóv,5
HUN,Cuko,5
HUN,wc-pap,5
HUN,novenyi teh,5
HUN,had,5
HUN,Virsl,5
HUN,ciko,5
HUN,recona,5
HUN,saláta on,5
HUN,folyékony mo,5
HUN,jégre,5
HUN,proteun,5
HUN,karamell szirup,5
HUN,tea xix,5
HUN,ásvß,5
HUN,washing p,5
HUN,carbonate,5
HUN,zöld hagyma,5
HUN,Instant noodles,5
HUN,ice ea,5
HUN,citromos gö,5
HUN,savanyusá,5
HUN,kopasz,5
HUN,glitén,5
HUN,cirnetto,5
HUN,gyömbérpor,5
HUN,chio party,5
HUN,brw,5
HUN,zalai,5
HUN,l3,5
HUN,kovka,5
HUN,belgia,5
HUN,levestészt,5
HUN,bonduelle gold,5
HUN,leped,5
HUN,Pfanner,5
HUN,kávé omnia,5
HUN,falukrém,5
HUN,macskal,5
HUN,szőllő,5
HUN,kavekaps,5
HUN,Hell latte,5
HUN,alaszka,5
HUN,dobos,5
HUN,hajbalz,5
HUN,barna r,5
HUN,kenyẁr,5
HUN,trix,5
HUN,papirtolo,5
HUN,leves tész,5
HUN,spec,5
HUN,baba sampon,5
HUN,baby potato,5
HUN,guba,5
HUN,floriol,5
HUN,sonkatekercs,5
HUN,gép sonka,5
HUN,palrika,5
HUN,knorr alap,5
HUN,focacci,5
HUN,cserkész,5
HUN,mosópa,5
HUN,spinich,5
HUN,törlőkendo,5
HUN,sàr,5
HUN,koksz,5
HUN,cheese sticks,5
HUN,tyu,5
HUN,activu,5
HUN,szürk,5
HUN,RiceUp,5
HUN,cét,5
HUN,tustfürdő,5
HUN,sportszele,5
HUN,smart w,5
HUN,muffins,5
HUN,barack k,5
HUN,marki,5
HUN,prlenka,5
HUN,Gríz,5
HUN,zero cherr,5
HUN,ablaktörl,5
HUN,paszír,5
HUN,barnas,5
HUN,ada,5
HUN,muffinpap,5
HUN,kolt,5
HUN,ügy,5
HUN,spaghetti tészta,5
HUN,whiskas junior,5
HUN,to hal,5
HUN,frei káv,5
HUN,alma kompót,5
HUN,vajas kek,5
HUN,vegye,5
HUN,praline,5
HUN,csen,5
HUN,vali,5
HUN,argula,5
HUN,fagyasztott brokk,5
HUN,hintőpo,5
HUN,lazacfil,5
HUN,jazmi,5
HUN,négercs,5
HUN,sütő marg,5
HUN,hortob,5
HUN,chio hagymas,5
HUN,azent,5
HUN,tengergy,5
HUN,kaszinó tojás,5
HUN,rovarirt,5
HUN,rögös t,5
HUN,élőfló,5
HUN,szárau,5
HUN,aro para,5
HUN,office,5
HUN,nivea tusf,5
HUN,croiass,5
HUN,kégkr,5
HUN,kakkukf,5
HUN,Olivaolaj,5
HUN,kukoricada,5
HUN,szegfusze,5
HUN,nab,5
HUN,mosószet,5
HUN,bidza,5
HUN,kávékapszula nespresso,5
HUN,naranx,5
HUN,Dr pe,5
HUN,apenta +,5
HUN,beers,5
HUN,Vaseline,5
HUN,sió vitatigris,5
HUN,wc papir zewa,5
HUN,air fre,5
HUN,cukormentes t,5
HUN,bio alpe,5
HUN,mamut,5
HUN,Duck,5
HUN,cappy ice fruit,5
HUN,hig,5
HUN,kókuszjo,5
HUN,riu,5
HUN,colesaw,5
HUN,almaszi,5
HUN,alpro vani,5
HUN,zero kinley,5
HUN,ку,5
HUN,roka,5
HUN,dobozos fagy,5
HUN,protein sze,5
HUN,almaé,5
HUN,chili oil,5
HUN,pattanas,5
HUN,minze,5
HUN,bama,5
HUN,bio z,5
HUN,seaf,5
HUN,hé,5
HUN,whiskars,5
HUN,túró rufi,5
HUN,Topjoy,5
HUN,vilgain m,5
HUN,húsgom,5
HUN,light cream cheese,5
HUN,laktozmentes v,5
HUN,mit,5
HUN,cream s,5
HUN,chilli sauce,5
HUN,földi eper,5
HUN,rögös túró,5
HUN,eprr,5
HUN,softe,5
HUN,cserepes sajtm,5
HUN,rozskasa,5
HUN,chio ropi,5
HUN,ohio,5
HUN,csirkével,5
HUN,jó re,5
HUN,lm,5
HUN,fle,5
HUN,passzírozott paradicsom,5
HUN,fagyifutár,5
HUN,punding,5
HUN,terrea,5
HUN,liszt 00,5
HUN,udí,5
HUN,minec,5
HUN,zsirszegeny sajt,5
HUN,kávé nespresso,5
HUN,alpro bari,5
HUN,edes savan,5
HUN,néger,5
HUN,ар,5
HUN,yougort,5
HUN,baby check,5
HUN,zewq,5
HUN,bread whole,5
HUN,univer majonez,5
HUN,hajgum,5
HUN,zero ud,5
HUN,Cc,5
HUN,macskafű,5
HUN,Hell káv,5
HUN,jagerm,5
HUN,cheddar szósz,5
HUN,mesef,5
HUN,szida,5
HUN,coca 1,5
HUN,hazelnuts,5
HUN,benana,5
HUN,márka sz,5
HUN,zöldségkeve,5
HUN,darlt hús,5
HUN,zair,5
HUN,mákos karika,5
HUN,brown suger,5
HUN,kukoricA,5
HUN,sört,5
HUN,barack ko,5
HUN,tanyasi csirke,5
HUN,Madártej,5
HUN,csotány,5
HUN,pandy,5
HUN,mosogar,5
HUN,paszíro,5
HUN,mizsr,5
HUN,bio paradicsom,5
HUN,anu,5
HUN,girog,5
HUN,scrubber,5
HUN,Tátra,5
HUN,lemona,5
HUN,english muffin,5
HUN,kenxér,5
HUN,sütni val,5
HUN,pisztacio,5
HUN,bogyós gyümölcs,5
HUN,házias izek,5
HUN,ivó jogh,5
HUN,fehrbor,5
HUN,salad box,5
HUN,snack uborka,5
HUN,fac,5
HUN,yof,5
HUN,kardi,5
HUN,zöldpaprika,5
HUN,bute,5
HUN,furt,5
HUN,18,5
HUN,citromos nápolyi,5
HUN,epres csoki,5
HUN,akyr,5
HUN,nivea black,5
HUN,pulyka darált hús,5
HUN,kutxa,5
HUN,unl,5
HUN,fabric sof,5
HUN,tomates,5
HUN,suasage,5
HUN,ércsok,5
HUN,Khell,5
HUN,alpro vegan,5
HUN,kubu alma,5
HUN,fogt,5
HUN,tokaji aszú,5
HUN,toiletpa,5
HUN,téliszalámis,5
HUN,baba törlőkendő,5
HUN,edes bu,5
HUN,micellas viz,5
HUN,bread olive,5
HUN,wolt market zugl,5
HUN,zewa papi,5
HUN,cukormentes tonik,5
HUN,vegan te,5
HUN,ricc,5
HUN,moret,5
HUN,kenyérko,5
HUN,valogatas,5
HUN,laj,5
HUN,cjips,5
HUN,afrikai,5
HUN,moso kap,5
HUN,gabonagolyó,5
HUN,follpack,5
HUN,sweep,5
HUN,lucullus gastro,5
HUN,csigate,5
HUN,színesceruza,5
HUN,fonott k,5
HUN,cim,5
HUN,gluten free chicken,5
HUN,zéró pepsi,5
HUN,cikkini,5
HUN,ellem,5
HUN,grounded beef,5
HUN,laktozmentrs,5
HUN,teljestej,5
HUN,decaff,5
HUN,mozerlla,5
HUN,magun,5
HUN,burgonypüré,5
HUN,krumpki,5
HUN,ue,5
HUN,Cola ze,5
HUN,Be,5
HUN,hollandaise,5
HUN,distilled,5
HUN,hafym,5
HUN,gyumolcsp,5
HUN,proto,5
HUN,wcpair,5
HUN,kesztyü,5
HUN,fluoridmentes,5
HUN,lecsó kolbasz,5
HUN,kemè,5
HUN,rozst,5
HUN,Hum,5
HUN,De,5
HUN,cocca,5
HUN,arcfest,5
HUN,pick hot dog,5
HUN,popcorn mogyi,5
HUN,PARADICSOM,5
HUN,zsomlemorzsa,5
HUN,hell energy,5
HUN,haf,5
HUN,bar soap,5
HUN,társ,5
HUN,szórófej,5
HUN,rafael,5
HUN,parmezsán,5
HUN,1864,5
HUN,hellcoffee,5
HUN,lactoz,5
HUN,barbecue chips,5
HUN,coccolino öbl,5
HUN,paprika paste,5
HUN,yougourt,5
HUN,lavaza,5
HUN,parmala,5
HUN,dw,5
HUN,felvágitt,5
HUN,hey h,5
HUN,carmel,5
HUN,freego,5
HUN,помидо,5
HUN,trubi,5
HUN,dish was,5
HUN,Szóda,5
HUN,cset,5
HUN,vinegar chip,5
HUN,marvipan,5
HUN,citromos jég,5
HUN,eisen,5
HUN,savanu,5
HUN,kave szirup,5
HUN,fogvajo,5
HUN,nàdudvari,5
HUN,herk,5
HUN,gyumolcstea,5
HUN,power ai,5
HUN,öv,5
HUN,zil,5
HUN,meggy sz,5
HUN,kivászos,5
HUN,kukoricás,5
HUN,teljeskiörlé,5
HUN,rizstészt,5
HUN,Uncle,5
HUN,xylitol,5
HUN,paradicsomos hú,5
HUN,becs,5
HUN,oikoa,5
HUN,baking pa,5
HUN,tarja f,5
HUN,kokusz resze,5
HUN,pizza sajt,5
HUN,mia,5
HUN,macska jutalom,5
HUN,cukormentee,5
HUN,lasgne,5
HUN,rizs puding,5
HUN,vajktem,5
HUN,glut3,5
HUN,harasz,5
HUN,dixo,5
HUN,zsir szalonna,5
HUN,kenyer friss,5
HUN,anchovi,5
HUN,cornflex,5
HUN,kockázot,5
HUN,ela,5
HUN,milka alpesi,5
HUN,toilet papir,5
HUN,roibos,5
HUN,газировка,5
HUN,asvanxviz,5
HUN,popcron,5
HUN,folteltávol,5
HUN,sőt,5
HUN,cocta,5
HUN,litt,5
HUN,olivabigyo,5
HUN,zero jégkr,5
HUN,bourbon vanilia,5
HUN,zro,5
HUN,intim moso,5
HUN,befőttesüveg,5
HUN,морожен,5
HUN,Paradicsomsz,5
HUN,fözőtejs,5
HUN,bare,5
HUN,eiskaffe,5
HUN,sűrit,5
HUN,almi,5
HUN,ex dezodor o,5
HUN,hibajav,5
HUN,whole w,5
HUN,pekáru,5
HUN,izotonia,5
HUN,frozen blue,5
HUN,vízlágyító,5
HUN,tásk,5
HUN,gozda,5
HUN,vaniliascuk,5
HUN,Gno,5
HUN,vqj,5
HUN,kalum,5
HUN,zabfabatok,5
HUN,Mountain dew,5
HUN,sajt füstölt,5
HUN,fagyifu,5
HUN,mentes ásványv,5
HUN,jégzselé,5
HUN,fa tusf,5
HUN,chur,5
HUN,örölt bors,5
HUN,sakata,5
HUN,migyoró,5
HUN,eldobhat,5
HUN,megyy,5
HUN,őszil,5
HUN,mediamarkt,5
HUN,áfonyalekvá,5
HUN,kálium,5
HUN,mosogatószet,5
HUN,laa,5
HUN,tusfurdi,5
HUN,kinder cs,5
HUN,ii,5
HUN,krumplipur,5
HUN,lettice,5
HUN,mirelit bur,5
HUN,fany,5
HUN,Lap,5
HUN,frutti,5
HUN,jegkrem eper,5
HUN,jegakku,5
HUN,vajba,5
HUN,моцар,5
HUN,instant kavé,5
HUN,trisó,5
HUN,mosogst,5
HUN,Krum,5
HUN,mc donald,5
HUN,wholemeal,5
HUN,sturb,5
HUN,tozeg,5
HUN,papírti,5
HUN,vaz,5
HUN,chest,5
HUN,Gyufa,5
HUN,oat mil,5
HUN,szegfü,5
HUN,razch,5
HUN,romai sal,5
HUN,fanta alma,5
HUN,viennet,5
HUN,tobogá,5
HUN,hellc,5
HUN,fetasaj,5
HUN,cukrozatlan,5
HUN,martont,5
HUN,dá,5
HUN,hyper,5
HUN,cukorpotlo,5
HUN,pulya,5
HUN,vegyesv,5
HUN,pedigree junior,5
HUN,szensavas a,5
HUN,Májas,5
HUN,dreher 2,5
HUN,spur,5
HUN,sesame seeds,5
HUN,ice maker,5
HUN,kous,5
HUN,Herz,5
HUN,szee,5
HUN,szunyogriaszto,5
HUN,tejszín laktózmentes,5
HUN,dan cake,5
HUN,pálpus,5
HUN,pulyka darálth,5
HUN,lime mill,5
HUN,hell iceco,5
HUN,m9,5
HUN,gyümöcslé,5
HUN,treat,5
HUN,quesadilla,5
HUN,fagyasztotr,5
HUN,verjus,5
HUN,cappy limo,5
HUN,sheimp,5
HUN,babka,5
HUN,sova,5
HUN,unilever,5
HUN,gabona p,5
HUN,töltőt,5
HUN,megy s,5
HUN,edusho,5
HUN,chicen,5
HUN,butorapolo,5
HUN,darakt,5
HUN,sajtos keksz,5
HUN,oliva olaj spray,5
HUN,portörlő,5
HUN,sudocr,5
HUN,Vegetable,5
HUN,havyma,5
HUN,sajtos ro,5
HUN,zselatinlap,5
HUN,deodoran,5
HUN,ben&je,5
HUN,sertesc,5
HUN,panga,5
HUN,anc,5
HUN,glasses,5
HUN,waye,5
HUN,sonka füst,5
HUN,burgoya,5
HUN,rosé bor,5
HUN,mix vodka,5
HUN,csokicseppek,5
HUN,gluténmentes szója,5
HUN,artific,5
HUN,légyfogó,5
HUN,rizsdar,5
HUN,pulyka d,5
HUN,bueno ice cream,5
HUN,lazac f,5
HUN,tejföl 20,5
HUN,prosciut,5
HUN,oszinarack,5
HUN,paprikás chips,5
HUN,fa men sport,5
HUN,zero f,5
HUN,abine,5
HUN,Hein,5
HUN,vankrem,5
HUN,Red Bull,5
HUN,told,5
HUN,lénara,5
HUN,burgonyasalata,5
HUN,jwg,5
HUN,hallu,5
HUN,szenz,5
HUN,alpro pro,5
HUN,folhagy,5
HUN,sajtos párizs,5
HUN,hosszabito,5
HUN,pop cor,5
HUN,baguete,5
HUN,alpro f,5
HUN,pezsgőtabl,5
HUN,eosberg,5
HUN,hüs,5
HUN,csap,5
HUN,zero ketchup,5
HUN,kaktusz jég,5
HUN,zablis,5
HUN,monster en,5
HUN,mascaro,5
HUN,dove de,5
HUN,Fokh,5
HUN,ukor,5
HUN,chili szó,5
HUN,lilahagyms,5
HUN,Salsa,5
HUN,rizslis,5
HUN,kinder burno,5
HUN,spenit,5
HUN,cun,5
HUN,bebis,5
HUN,kajm,5
HUN,ковбаса,5
HUN,cafe f,5
HUN,rauch my tea,5
HUN,3/1,5
HUN,franciadrazsé,5
HUN,icengo,5
HUN,élsztő,5
HUN,alnatura tea,5
HUN,chio st,5
HUN,prun,5
HUN,somerb,5
HUN,prossu,5
HUN,feheri,5
HUN,yoghurt greek,5
HUN,zabpehelylis,5
HUN,paeadicsom,5
HUN,frissfol,5
HUN,horg,5
HUN,fitak,5
HUN,apenta lig,5
HUN,Meggle UHT felzsiros,5
HUN,rum arom,5
HUN,qlma,5
HUN,sió li,5
HUN,mosóz,5
HUN,kaju,5
HUN,zödség,5
HUN,teli szalámi,5
HUN,cocola,5
HUN,hoddog,5
HUN,berry boost,5
HUN,Sebtapasz,5
HUN,хоеб,5
HUN,füstölt sz,5
HUN,friss tészta,5
HUN,kávé párna,5
HUN,dop,5
HUN,tobasco,5
HUN,viola,5
HUN,Pokémon,5
HUN,pufasz,5
HUN,folly,5
HUN,pizza f,5
HUN,muskotá,5
HUN,park,5
HUN,késztel,5
HUN,toramisu,5
HUN,mogyorós k,5
HUN,penés,5
HUN,Dr otker,5
HUN,superglue,5
HUN,elem aaa,5
HUN,oliver,5
HUN,kilk,5
HUN,puding po,5
HUN,keksz morzsa,5
HUN,zero.,5
HUN,marha hú,5
HUN,kakaos csig,5
HUN,torta alap,5
HUN,siki,5
HUN,cheps,5
HUN,riao,5
HUN,baba etel,5
HUN,turirudi,5
HUN,Alga,5
HUN,tonhal natúr,5
HUN,pama,5
HUN,túsfürd,5
HUN,French,5
HUN,csirkepác,5
HUN,facsaró,5
HUN,római s,5
HUN,sonká,5
HUN,pitta,5
HUN,ketchul,5
HUN,pick teliszalami,5
HUN,lindy,5
HUN,anis,5
HUN,vilf,5
HUN,pocky,5
HUN,paez,5
HUN,rice cale,5
HUN,coca cola tero,5
HUN,chin,5
HUN,torta bevonó,5
HUN,zsírsz,5
HUN,répq,5
HUN,xiox,5
HUN,pino,5
HUN,csat,5
HUN,turo tudi,5
HUN,cofe,5
HUN,levescso,5
HUN,vrgan,5
HUN,vilgain kenyer,5
HUN,millk,5
HUN,bona vita,5
HUN,tokyo,5
HUN,vecsés,5
HUN,száraztáp,5
HUN,kenős,5
HUN,hotdogkifli,5
HUN,yougr,5
HUN,birra moretti,5
HUN,cjip,5
HUN,aavany,5
HUN,buo,5
HUN,Csemege uborka,5
HUN,moons,5
HUN,hd,5
HUN,friss pekaru,5
HUN,limonce,5
HUN,catt,5
HUN,aperil,5
HUN,szénsavmente,5
HUN,rantott maj,5
HUN,ice tea z,5
HUN,rizspapí,5
HUN,scale,5
HUN,eeg,5
HUN,ásványvíz szénsa,5
HUN,Flour,5
HUN,csemegekaraj,5
HUN,pet food,5
HUN,mogyi micro,5
HUN,a2 joghurt,5
HUN,bologai,5
HUN,uborl,5
HUN,tojas l,5
HUN,paf,5
HUN,kakaô,5
HUN,cinz,5
HUN,pili,5
HUN,szegedi,5
HUN,low fat cottage cheese,5
HUN,toport,5
HUN,bikavér,5
HUN,sesame seed,5
HUN,hamburgersz,5
HUN,gluten free beer,5
HUN,protw,5
HUN,Italian,5
HUN,borsd,5
HUN,buiscuit,5
HUN,forno di,5
HUN,sürített para,5
HUN,mcdonal,5
HUN,szilva lekvar,5
HUN,szüz,5
HUN,massza,5
HUN,Kotányi,5
HUN,peksr,5
HUN,hoc,5
HUN,rgg,5
HUN,Vatta,5
HUN,reszelt citrom,5
HUN,pizza guseppe,5
HUN,sausagw,5
HUN,csirke felsőcomb,5
HUN,grada,5
HUN,cékla savany,5
HUN,ketx,5
HUN,koroml,5
HUN,Francia,5
HUN,ко,5
HUN,still wa,5
HUN,unik,5
HUN,csokolàdè,5
HUN,paper kitchen,5
HUN,mizo es,5
HUN,café frei,5
HUN,pulyka hus,5
HUN,friss cs,5
HUN,erosp,5
HUN,white w,5
HUN,яблочный сок,5
HUN,leveszöldseg,5
HUN,szülina,5
HUN,carbonara por,5
HUN,3az,5
HUN,kometa pork thigh,5
HUN,galric,5
HUN,asvsny,5
HUN,mag nélk,5
HUN,vizikefír,5
HUN,gösset,5
HUN,acid,5
HUN,disinfe,5
HUN,őrölt bo,5
HUN,Ramby,5
HUN,cheetis,5
HUN,kèsz ètel,5
HUN,c töltő,5
HUN,Kacsa,5
HUN,tea va,5
HUN,twx,5
HUN,szit,5
HUN,alenta,5
HUN,fagyasztott zöldségkeverék,5
HUN,Kukori,5
HUN,hajvasaló,5
HUN,gyümölcsök friss,5
HUN,autós,5
HUN,morzsolt kukorica,5
HUN,birgony,5
HUN,legfrissit,5
HUN,harsfa,5
HUN,hűtött sör,5
HUN,snake,5
HUN,cukormentes gy,5
HUN,noi tusfurdo,5
HUN,vadas alap,5
HUN,császárs,5
HUN,bridg,5
HUN,lipn,5
HUN,millr,5
HUN,Aaa,5
HUN,Toa,5
HUN,kókuszj,5
HUN,horizon,5
HUN,usb c töltő,5
HUN,Szem,5
HUN,rou,5
HUN,májj,5
HUN,péc,5
HUN,sajt reszelő,5
HUN,sertes fuszer,5
HUN,Rozmaring,5
HUN,lila káposzta,5
HUN,sturbucks,5
HUN,Spag,5
HUN,tapi,5
HUN,tio,5
HUN,tomato sayce,5
HUN,macskaleves,5
HUN,növényi tejszí,5
HUN,cola caffeine,5
HUN,direkt,5
HUN,toshiba,5
HUN,salad dress,5
HUN,rauch m,5
HUN,illat gyongy,5
HUN,paradicsom sür,5
HUN,zaír,5
HUN,citeomos,5
HUN,copfocska,5
HUN,wasch,5
HUN,nail clipper,5
HUN,lemone,5
HUN,hosszabbít,5
HUN,nüsse,5
HUN,finom li,5
HUN,jsna,5
HUN,pok choy,5
HUN,étel ízes,5
HUN,egr,5
HUN,tépett hús,5
HUN,xixo dinnye,5
HUN,thooth,5
HUN,aca,5
HUN,enyhe ásvá,5
HUN,Coriander,5
HUN,olívaol,5
HUN,zink,5
HUN,snus,5
HUN,hasábbu,5
HUN,gyulai má,5
HUN,sajtos korong,5
HUN,pire,5
HUN,sertes c,5
HUN,bio ten,5
HUN,napraforgóolaj,5
HUN,szemez,5
HUN,white mon,5
HUN,alnatura kuk,5
HUN,Ele,5
HUN,édes savanyú mártás,5
HUN,tészta spage,5
HUN,sió eper,5
HUN,gorogjogh,5
HUN,irat,5
HUN,laktozmebtes,5
HUN,grill sa,5
HUN,ice cream sugar,5
HUN,cande,5
HUN,csirke so,5
HUN,high protien,5
HUN,média,5
HUN,cheese powder,5
HUN,kokuszit,5
HUN,herz smoked,5
HUN,györi édes,5
HUN,hoges,5
HUN,Újhagyma,5
HUN,subway,5
HUN,komplett,5
HUN,dup,5
HUN,citromos joghurt,5
HUN,black peppe,5
HUN,ginger paste,5
HUN,Zsebkend,5
HUN,trai,5
HUN,bell pep,5
HUN,mogyorós c,5
HUN,savasviz,5
HUN,brusche,5
HUN,kókusz szirup,5
HUN,petrezselem,5
HUN,fosh,5
HUN,csoki. mogyoros,5
HUN,dev,5
HUN,feosch,5
HUN,powwr,5
HUN,vaniliaa,5
HUN,szinfogó,5
HUN,sütemény liszt,5
HUN,sült ke,5
HUN,sajtcream,5
HUN,laktozmentes tejfo,5
HUN,Alkoholmentes s,5
HUN,magkever,5
HUN,permet,5
HUN,aszalr,5
HUN,papírtorlő,5
HUN,meggy sö,5
HUN,pizsama,5
HUN,viw,5
HUN,kék saj,5
HUN,mortadela,5
HUN,Humm,5
HUN,cappy lim,5
HUN,aenta,5
HUN,eper lek,5
HUN,kavefeh,5
HUN,ételtároló,5
HUN,cukormntes,5
HUN,rin,5
HUN,youpro,5
HUN,padlozsan,5
HUN,hagyy,5
HUN,ubkrka,5
HUN,low cal,5
HUN,rózsaszín,5
HUN,koriamder,5
HUN,paradiom,5
HUN,gyüml,5
HUN,pàri,5
HUN,ribizl,5
HUN,zabpel,5
HUN,Kakaopor,5
HUN,sao,5
HUN,camen,5
HUN,töltöt,5
HUN,ügyfélszol,5
HUN,jet,5
HUN,violofe,5
HUN,szegfűsze,5
HUN,májrém,5
HUN,chochlate,5
HUN,konzerv uborka,5
HUN,зелень,5
HUN,mozzarella cheese,5
HUN,pozz,5
HUN,calf,5
HUN,caciki,5
HUN,vá,5
HUN,glutéentes,5
HUN,zéró szörp,5
HUN,hagyma vörös,5
HUN,lilahagyna,5
HUN,grande,5
HUN,pisztácia krem,5
HUN,garloc,5
HUN,fagyalt,5
HUN,Nes,5
HUN,piros mogyor,5
HUN,Túrór,5
HUN,molyirtó,5
HUN,pipsi,5
HUN,mozzae,5
HUN,porcukot,5
HUN,maeha,5
HUN,levár,5
HUN,Mons,5
HUN,mandulazej,5
HUN,vilgain beef,5
HUN,coko,5
HUN,vegan fel,5
HUN,MASTER,5
HUN,dokhagyma,5
HUN,ivó jo,5
HUN,leveles tés,5
HUN,Pisztacia,5
HUN,ceres sz,5
HUN,aoy,5
HUN,nestlé fitness,5
HUN,mjkrém,5
HUN,piaztacia,5
HUN,tátratea,5
HUN,hegye,5
HUN,chips cs,5
HUN,aushan,5
HUN,harag,5
HUN,vp,5
HUN,pick vir,5
HUN,cola 2,5
HUN,saj5,5
HUN,muscat,5
HUN,állatfigurás,5
HUN,só 1kg,5
HUN,kàve,5
HUN,eiska,5
HUN,Kinder t,5
HUN,Fries,5
HUN,kávé dar,5
HUN,túrórudu,5
HUN,corsodil,5
HUN,finomlisz,5
HUN,zabása,5
HUN,zewa so,5
HUN,udut,5
HUN,Nescafé Dolce Gusto Latte Macchiato,5
HUN,100% gyüm,5
HUN,feketeerdő son,5
HUN,fgy,5
HUN,vodl,5
HUN,tasakos leves,5
HUN,meggy márka,5
HUN,wishu,5
HUN,tzazi,5
HUN,tetov,5
HUN,szeletelt k,5
HUN,toltot,5
HUN,gazp,5
HUN,Gyumolcs,5
HUN,apma,5
HUN,shoelace,5
HUN,csitk,5
HUN,true da,5
HUN,kávê,5
HUN,hühnchen,5
HUN,nl,5
HUN,s p,5
HUN,műany,5
HUN,harry,5
HUN,citru,5
HUN,erdnuss,5
HUN,glass noodle,5
HUN,uz,5
HUN,textil fertőtlenítő,5
HUN,savanyukap,5
HUN,batac,5
HUN,lúgos ásv,5
HUN,gyongyha,5
HUN,сгущенка,5
HUN,vér,5
HUN,Barilla Fusilli apro durum,5
HUN,kinder egg,5
HUN,narancs sz,5
HUN,marinated,5
HUN,prunes,5
HUN,dó,5
HUN,szűzér,5
HUN,gyorsvacsora,5
HUN,fagyasztott csirk,5
HUN,áfonya l,5
HUN,от комаров,5
HUN,parizi,5
HUN,extra dry,5
HUN,valdor csirke,5
HUN,phe,5
HUN,lactacy,5
HUN,ügyf,5
HUN,baun,5
HUN,bevon,5
HUN,mentes fagyi,5
HUN,kwt,5
HUN,darabolt parad,5
HUN,vizikef,5
HUN,omega3,5
HUN,peksutemen,5
HUN,libri,5
HUN,хл,5
HUN,Cottag,5
HUN,zero sugar ice cream,5
HUN,füsze,5
HUN,tooth past,5
HUN,mcdona,5
HUN,joghurt vegan,5
HUN,gius,5
HUN,csoji,5
HUN,víz 1,5
HUN,hell clas,5
HUN,mini tortilla,5
HUN,almapa,5
HUN,gold fish,5
HUN,dunnye,5
HUN,zsemly,5
HUN,aka,5
HUN,Alko,5
HUN,viblanc,5
HUN,babavìz,5
HUN,walt,5
HUN,wc gel,5
HUN,szentan,5
HUN,mélyh,5
HUN,segaf,5
HUN,ben jerry vegan,5
HUN,ypg,5
HUN,pairtorlo,5
HUN,lemon beer,5
HUN,riss,5
HUN,sousa,5
HUN,kapszulá,5
HUN,koffeinmentes kóla,5
HUN,légli,5
HUN,finonimo,5
HUN,birthday candle,5
HUN,yougur,5
HUN,ceres b,5
HUN,sütőpapít,5
HUN,vállfa,5
HUN,choclate milk,5
HUN,szurt,5
HUN,grízg,5
HUN,polos,5
HUN,laktaz,5
HUN,paszírozott paradicsom,5
HUN,fuze zero,5
HUN,pont,5
HUN,fokhagyma fűszer,5
HUN,cookin,5
HUN,fonott kalá,5
HUN,adrenal,5
HUN,meggybefő,5
HUN,zacskósleves,5
HUN,Sommer,5
HUN,szúnyogri,5
HUN,zolts,5
HUN,tortala,5
HUN,drumsticks,5
HUN,teljes kiörlésü,5
HUN,rogos,5
HUN,duplajó,5
HUN,jough,5
HUN,csilisb,5
HUN,fogyó,5
HUN,gesztenyés,5
HUN,hellk,5
HUN,morzarella,5
HUN,wani,5
HUN,medjool,5
HUN,csirke son,5
HUN,frei k,5
HUN,tortazs,5
HUN,zero sugar energy,5
HUN,malma,5
HUN,csokiszosz,5
HUN,kókuszres,5
HUN,citrom sav,5
HUN,quattro,5
HUN,konyhapapir,5
HUN,mini ma,5
HUN,jm,5
HUN,coffee nescafe,5
HUN,tonhal pa,5
HUN,túró rudi szotyi,5
HUN,batát,5
HUN,sore,5
HUN,víz mizse,5
HUN,pirotott hagyma,5
HUN,ilatos,5
HUN,rafaell,5
HUN,miller lim,5
HUN,csirke fe,5
HUN,pufaszt,5
HUN,reszelsajt,5
HUN,stoc,5
HUN,kave kaps,5
HUN,mosogatoge,5
HUN,vegan jégkré,5
HUN,müzliszelez,5
HUN,zöldségalaplé,5
HUN,tofifi,5
HUN,zewa s,5
HUN,konyár,5
HUN,Dolce gusto,5
HUN,koktelparadicso,5
HUN,majin,5
HUN,pickst,5
HUN,cserpes lakt,5
HUN,koktel pa,5
HUN,bavaria,5
HUN,fürdősz,5
HUN,fragola,5
HUN,pharm,5
HUN,philip,5
HUN,sutovaj,5
HUN,wolt market zuglo,5
HUN,cella,5
HUN,shita,5
HUN,else,5
HUN,insect spray,5
HUN,jegkrem carte,5
HUN,protein b,5
HUN,dexi,5
HUN,ico,5
HUN,nasik,5
HUN,berliner,5
HUN,pistachios,5
HUN,paradicsomsűr,5
HUN,zild,5
HUN,Cartedor,5
HUN,szűrt al,5
HUN,yogut,5
HUN,nagyk,5
HUN,anhuna,5
HUN,San benedett,5
HUN,minipizza,5
HUN,madársalát,5
HUN,szalámo,5
HUN,babapopsi,5
HUN,perezselyem,5
HUN,vajkrêm,5
HUN,mandula teh,5
HUN,marca,5
HUN,zselésít,5
HUN,pistacia,5
HUN,tejfol 20,5
HUN,gete,5
HUN,kaukázusi kefír,5
HUN,reszelt parmez,5
HUN,wet wi,5
HUN,Szendics,5
HUN,káposzta saláta,5
HUN,zero tej,5
HUN,telert,5
HUN,gherkins,5
HUN,xixo tutt,5
HUN,caramel ice cream,5
HUN,tagiatelle,5
HUN,fuzte,5
HUN,barackk,5
HUN,nue,5
HUN,hunmus,5
HUN,kutyakaj,5
HUN,melegszemdvics,5
HUN,hideg k,5
HUN,Fagyasztott gyumolcs,5
HUN,habs,5
HUN,master g,5
HUN,herc,5
HUN,parqdi,5
HUN,pizzalisz,5
HUN,gian,5
HUN,Traub,5
HUN,aranciata,5
HUN,tejes k,5
HUN,birso,5
HUN,kalo,5
HUN,mosógépt,5
HUN,mizo esp,5
HUN,fagyasztott rép,5
HUN,um,5
HUN,milka epres,5
HUN,szöe,5
HUN,paprikás szalami,5
HUN,rauch barack,5
HUN,lud,5
HUN,цукини,5
HUN,wc illatosi,5
HUN,dobozos zseb,5
HUN,gb,5
HUN,Rafaello,5
HUN,Pegas Premium,5
HUN,camping sajt,5
HUN,flout,5
HUN,hagymakocka,5
HUN,kenyd,5
HUN,kellkaposzta,5
HUN,szilvásgombóc,5
HUN,szövegki,5
HUN,eldobhato,5
HUN,citrom fagylalt,5
HUN,eio,5
HUN,drehet,5
HUN,expresso,5
HUN,diò,5
HUN,exot,5
HUN,mirelit tök,5
HUN,frozen cherry,5
HUN,sajtkrêm,5
HUN,ool,5
HUN,cuder,5
HUN,nana,5
HUN,sajtleves,5
HUN,mákos guba,5
HUN,dohánybolt,5
HUN,eper puding,5
HUN,cikó,5
HUN,jégkrwm,5
HUN,Hasáb,5
HUN,tajf,5
HUN,szent kiralyi,5
HUN,viros,5
HUN,им,5
HUN,luffa,5
HUN,steak krumpli,5
HUN,segafre,5
HUN,teszta durum,5
HUN,bacen,5
HUN,mogyorvaj,5
HUN,lol,5
HUN,zero kakao,5
HUN,chicken slice,5
HUN,lepé,5
HUN,complett,5
HUN,sárgarepa,5
HUN,veuve,5
HUN,pepper sauce,5
HUN,gü,5
HUN,Regi,5
HUN,kölesgol,5
HUN,bubble wrap,5
HUN,motchi,5
HUN,nyuszi,5
HUN,wiper,5
HUN,Berger,5
HUN,fita,5
HUN,aká,5
HUN,fekete fokhagyma,5
HUN,szálas,5
HUN,vilgain tonhal,5
HUN,cdirke,5
HUN,veggs,5
HUN,Chee,5
HUN,virslk,5
HUN,gé,5
HUN,tuo,5
HUN,kivonat,5
HUN,szalonba,5
HUN,derely,5
HUN,wafel,5
HUN,bov,5
HUN,Mushroom,5
HUN,lám,5
HUN,martini asti,5
HUN,mizse sz,5
HUN,brindz,5
HUN,hozzáadott cukor n,5
HUN,ready food,5
HUN,amerika,5
HUN,földieper,5
HUN,friss pékár,5
HUN,manners,5
HUN,piskótatallér,5
HUN,ég,5
HUN,fagylala,5
HUN,hosszúme,5
HUN,mangalica zsir,5
HUN,hass avocado,5
HUN,fio,5
HUN,mogyorós chip,5
HUN,vegà,5
HUN,parisian,5
HUN,tricol,5
HUN,Häagen Dazs,5
HUN,kenyérd,5
HUN,Haagen,5
HUN,furjtojas,5
HUN,oszibarackle,5
HUN,pántlika,5
HUN,londt,5
HUN,laktózmentes masc,5
HUN,sargadinny,5
HUN,rolet,5
HUN,bio alpenmilch,5
HUN,sztracs,5
HUN,sor izesitett,5
HUN,sonka light,5
HUN,fagyasztott nudli,5
HUN,mustat,5
HUN,majoz,5
HUN,marlbor,5
HUN,jalapenho,5
HUN,vöröhagyma,5
HUN,kávékrém,5
HUN,lilton,5
HUN,sweet red wine,5
HUN,prága,5
HUN,vaniliás puding,5
HUN,Jumbo,5
HUN,krémek,5
HUN,mizo prot,5
HUN,chewi,5
HUN,pedro,5
HUN,tassimo,5
HUN,eset,5
HUN,csemege kukori,5
HUN,johny,5
HUN,fush,5
HUN,paprikás csirk,5
HUN,gyerek pez,5
HUN,Apple cider,5
HUN,puffasztitt,5
HUN,dinosaur,5
HUN,csillagá,5
HUN,ajándék k,5
HUN,pink la,5
HUN,tàska,5
HUN,sugar f,5
HUN,gluténmentes tor,5
HUN,poultry,5
HUN,aprított paradicsom,5
HUN,cosmo,5
HUN,apenta málna,5
HUN,energiat,5
HUN,grana padan,5
HUN,porcukir,5
HUN,gyümölcslev,5
HUN,Gullón,5
HUN,friss kenyer,5
HUN,bscon,5
HUN,Óvszer,5
HUN,wurstel,5
HUN,Dre,5
HUN,sajtg,5
HUN,vanilia fa,5
HUN,felt,5
HUN,mini mozzarella,5
HUN,szélvéd,5
HUN,baby soap,5
HUN,tóró,5
HUN,ket hu,5
HUN,magnum cuko,5
HUN,szemeteszsák 120l,5
HUN,pnion,5
HUN,стирка,5
HUN,salvequick,5
HUN,fagyasztott gluténmentes,5
HUN,zöldség c,5
HUN,láva,5
HUN,micel,5
HUN,nescaé,5
HUN,krom,5
HUN,instant c,5
HUN,rido,5
HUN,roberto keny,5
HUN,gyomber shot,5
HUN,guy,5
HUN,piros mogy,5
HUN,folyadék,5
HUN,eneria,5
HUN,cheetoa,5
HUN,presiden,5
HUN,vird,5
HUN,blend-a-,5
HUN,Spinach,5
HUN,cocla,5
HUN,copa,5
HUN,violige,5
HUN,gluténmentes jégkrém,5
HUN,csiperke gomba,5
HUN,pácolt csirk,5
HUN,Zöldbors,5
HUN,zavs,5
HUN,1 liter,5
HUN,3 bit,5
HUN,lii,5
HUN,kutya jutalom,5
HUN,kutya játék,5
HUN,vegán fel,5
HUN,darált hs,5
HUN,fuszer pap,5
HUN,fénymásoló,5
HUN,müzli szel,5
HUN,fehérbor száraz,5
HUN,makre,5
HUN,kèzt,5
HUN,non alcholic,5
HUN,kitkar,5
HUN,lila ká,5
HUN,tallé,5
HUN,Glade,5
HUN,parac,5
HUN,fejerje,5
HUN,Wc p,5
HUN,focc,5
HUN,lill,5
HUN,werthe,5
HUN,saláta sz,5
HUN,szezámmagos,5
HUN,grenadin,5
HUN,monk,5
HUN,vörösbor ecet,5
HUN,gombá,5
HUN,Maltesers,5
HUN,zewa zsebkend,5
HUN,tteok,5
HUN,waschmittel,5
HUN,fürtö,5
HUN,vanilia c,5
HUN,tnic,5
HUN,feketeerdő s,5
HUN,gluteentes,5
HUN,paltsidis,5
HUN,oneblade,5
HUN,sanitary pads,5
HUN,pepers,5
HUN,borotva női,5
HUN,bbbq,5
HUN,padd,5
HUN,habsp,5
HUN,bread sticks,5
HUN,sertés virsli,5
HUN,laktozmentes mascarpone,5
HUN,doritoa,5
HUN,túe,5
HUN,hkeksz,5
HUN,kávéfe,5
HUN,tomato souce,5
HUN,csoki kr,5
HUN,ang,5
HUN,piff,5
HUN,fél édes,5
HUN,batat,5
HUN,császar,5
HUN,fűszernöv,5
HUN,szentkiralyi egy,5
HUN,bolonya,5
HUN,foi,5
HUN,lemos,5
HUN,Burgon,5
HUN,aspirin,5
HUN,alkolmentes,5
HUN,chichken,5
HUN,fehérsajt,5
HUN,krusovi,5
HUN,zero juice,5
HUN,trappists,5
HUN,sárga di,5
HUN,túrós tá,5
HUN,szavas,5
HUN,tejfolos,5
HUN,pörköltko,5
HUN,barilla s,5
HUN,odka,5
HUN,hosszúmet,5
HUN,etikett,5
HUN,pan cake,5
HUN,груша,5
HUN,nyírfa,5
HUN,pradics,5
HUN,montain dew,5
HUN,víz szén,5
HUN,frizz,5
HUN,kaktusz jégk,5
HUN,zebra,5
HUN,wheat pasta,5
HUN,gumi keszty,5
HUN,filct,5
HUN,noi,5
HUN,washing machine cleaner,5
HUN,salata fuszer,5
HUN,álla,5
HUN,riv,5
HUN,mucci,5
HUN,felvágott csirke,5
HUN,vilgia,5
HUN,sajtosrúd,5
HUN,hajformázó,5
HUN,cukormented,5
HUN,paraa,5
HUN,laktózmentes csoki,5
HUN,Parm,5
HUN,Alap,5
HUN,tripl,5
HUN,saá,5
HUN,ketvhup,5
HUN,kyr,5
HUN,trü,5
HUN,krumplit,5
HUN,eoer,5
HUN,zucci,5
HUN,coconat,5
HUN,Greenfield,5
HUN,granulatum,5
HUN,tudi,5
HUN,solevita,5
HUN,gabonapehy,5
HUN,onion rings,5
HUN,rolle,5
HUN,Pomber,5
HUN,sasl,5
HUN,antibak,5
HUN,szrn,5
HUN,tréfli,5
HUN,narac,5
HUN,gluténmentes lisz,5
HUN,hajmaszk,5
HUN,ivos,5
HUN,fructis,5
HUN,Szendvicskrém,5
HUN,vanu,5
HUN,zsit,5
HUN,hranola,5
HUN,jar mosogat,5
HUN,ft,5
HUN,fogkö,5
HUN,moito,5
HUN,jegkrem cukor,5
HUN,oldalas fűszer,5
HUN,CORNETTO,5
HUN,carda,5
HUN,szendvu,5
HUN,eper joghurt,5
HUN,porkolt szaft,5
HUN,chicken wi,5
HUN,brown s,5
HUN,milram,5
HUN,szatyo,5
HUN,joghurt n,5
HUN,bazdal,5
HUN,vanilí,5
HUN,mug,5
HUN,spül,5
HUN,chips hagymás,5
HUN,vegan keksz,5
HUN,r3,5
HUN,fehéri,5
HUN,curcuma,5
HUN,In,5
HUN,kha,5
HUN,beat,5
HUN,chilo,5
HUN,gluténmentes fagy,5
HUN,reeces,5
HUN,ie te,5
HUN,banán chips,5
HUN,reszelt trapista,5
HUN,laktómentes,5
HUN,monster white,5
HUN,bruno,5
HUN,Ajándék,5
HUN,häage,5
HUN,fagyasztott pé,5
HUN,tao,5
HUN,izotoniás,5
HUN,szodabikarb,5
HUN,knort,5
HUN,zewa ju,5
HUN,kovaszos u,5
HUN,grízgaluska,5
HUN,pale,5
HUN,székelyká,5
HUN,savanyúká,5
HUN,olaj sp,5
HUN,elsősegély,5
HUN,boxes,5
HUN,hideg komló,5
HUN,sprte,5
HUN,turo ridi,5
HUN,сос,5
HUN,Clin,5
HUN,Teljeskörű,5
HUN,wcpapi,5
HUN,savantu,5
HUN,borso tej,5
HUN,brombe,5
HUN,extra dú,5
HUN,earl gre,5
HUN,selyemsonk,5
HUN,kalde,5
HUN,kutyapiszok,5
HUN,kolbász csípős,5
HUN,ajr,5
HUN,vegan jog,5
HUN,fagyasztott gyümölc,5
HUN,szivacskend,5
HUN,szetkirályi,5
HUN,alma pap,5
HUN,magmum,5
HUN,baba o,5
HUN,kepeslap,5
HUN,poa,5
HUN,serteslapocka,5
HUN,gúlyás,5
HUN,Lay's,5
HUN,kakaó mizo,5
HUN,parsdicsom,5
HUN,mizse szen,5
HUN,kávé 3in1,5
HUN,kenyér magvas,5
HUN,szentkr,5
HUN,konyhas,5
HUN,cernamet,5
HUN,gyulai máj,5
HUN,jamnica,5
HUN,szappan folyekony,5
HUN,ajándék csomag,5
HUN,Kalocsai Fűszerpaprika,5
HUN,őszibarack bef,5
HUN,cappy mu,5
HUN,törlő kend,5
HUN,bow,5
HUN,konnyed,5
HUN,mr b,5
HUN,magnum pack,5
HUN,bath salt,5
HUN,sertes zs,5
HUN,cleaning wipes,5
HUN,sàrgarépa,5
HUN,hajspray,5
HUN,Spagetti tészta,5
HUN,provence,5
HUN,doha,5
HUN,tisztitoszerek,5
HUN,tez,5
HUN,mayonn,5
HUN,uborkA,5
HUN,Pécsi,5
HUN,Pár,5
HUN,magfi,5
HUN,mince meat,5
HUN,semetes,5
HUN,Tahini,5
HUN,chips pap,5
HUN,sertésmáj,5
HUN,glutenmentes ropi,5
HUN,kaka9,5
HUN,acto,5
HUN,pastil,5
HUN,pocket coff,5
HUN,olajos magvak,5
HUN,naptá,5
HUN,borsec,5
HUN,barack befőt,5
HUN,uj burgonya,5
HUN,szalámu,5
HUN,nyirfacukor,5
HUN,Gö,5
HUN,egri bika,5
HUN,mososzet,5
HUN,waffer,5
HUN,c9,5
HUN,wiz,5
HUN,sexshop,5
HUN,tea lipton,5
HUN,trab,5
HUN,whole bread,5
HUN,sajt lapka,5
HUN,butter salt,5
HUN,darathus,5
HUN,desszertek,5
HUN,xixo tu,5
HUN,cooking chocolate,5
HUN,sagetti,5
HUN,arg,5
HUN,zöldségp,5
HUN,Pro,5
HUN,Ze,5
HUN,kézmű,5
HUN,gő,5
HUN,görögdinye,5
HUN,kulas,5
HUN,prove,5
HUN,kavw,5
HUN,tomato soup,5
HUN,body shower,5
HUN,rizs ch,5
HUN,papo,5
HUN,Papri,5
HUN,chopped tomato,5
HUN,lupak,5
HUN,konzerv ubor,5
HUN,prigles,5
HUN,ioni,5
HUN,hell es,5
HUN,snavk,5
HUN,unclr,5
HUN,laktóz men,5
HUN,meetball,5
HUN,Kometa kockázott sertés lapocka csont nélkül 500 g,5
HUN,piv,5
HUN,glutén mentes keny,5
HUN,wiva,5
HUN,szalaki,5
HUN,chocolate box,5
HUN,tejtermékek,5
HUN,chardonn,5
HUN,űd,5
HUN,hell ice cof,5
HUN,mentes sö,5
HUN,őrölt gyömbér,5
HUN,eper fagyasztott,5
HUN,mosóparfü,5
HUN,csokipasztilla,5
HUN,szulinap,5
HUN,Fruccola,5
HUN,hohland,5
HUN,cukorbor,5
HUN,avic,5
HUN,guill,5
HUN,füstölt sajtos,5
HUN,laktózmemtes,5
HUN,chicken noodle,5
HUN,zero puding,5
HUN,navhos,5
HUN,paracs,5
HUN,arany fácán,5
HUN,Vega,5
HUN,ready meals,5
HUN,papirtörlo,5
HUN,natur aqva,5
HUN,persol,5
HUN,zero turo,5
HUN,gatnela,5
HUN,hársfa tea,5
HUN,fagyasztott krumpl,5
HUN,csirke farhát,5
HUN,hust,5
HUN,для стирки,5
HUN,tarka bors,5
HUN,popsikrém,5
HUN,lecsókolbás,5
HUN,szilvásgomb,5
HUN,венгерский творог,5
HUN,julius,5
HUN,ézcsoki,5
HUN,csirke fu,5
HUN,magiha,5
HUN,sokmagvas,5
HUN,ben n jerry,5
HUN,iogurt,5
HUN,vaj só,5
HUN,fagyasztott ep,5
HUN,vegan cream,5
HUN,fűszee,5
HUN,two,5
HUN,vaníliás tej,5
HUN,tejhab,5
HUN,mosóla,5
HUN,simkártya,5
HUN,nachoa,5
HUN,laundry deter,5
HUN,papru,5
HUN,kotany,5
HUN,Kaposzta,5
HUN,aya,5
HUN,dr otkert,5
HUN,vegán jégk,5
HUN,saláta fűszer,5
HUN,purina friskies,5
HUN,lángos teszta,5
HUN,barackos ice tea,5
HUN,El sabor,5
HUN,donk,5
HUN,hydrat,5
HUN,kávŵ,5
HUN,rövid cs,5
HUN,fixáló,5
HUN,zubrowk,5
HUN,cotagge,5
HUN,fehér kenyé,5
HUN,színezék,5
HUN,maio,5
HUN,krumplinyomó,5
HUN,punc,5
HUN,cookie do,5
HUN,kacsaco,5
HUN,white bean,5
HUN,organic milk,5
HUN,bechamel,5
HUN,babèr,5
HUN,dr oetker protein,5
HUN,mosogatogep tab,5
HUN,örölt kömény,5
HUN,mustárm,5
HUN,csemege kukor,5
HUN,snack tál,5
HUN,gujás,5
HUN,rizz,5
HUN,lebbe,5
HUN,WC illatosító,5
HUN,növènyi,5
HUN,Grape,5
HUN,lipton peach,5
HUN,koffeinmentes őr(őlr Omnia,5
HUN,maonéz,5
HUN,cgips,5
HUN,cb,5
HUN,cet,5
HUN,töltőfej,5
HUN,fagyasztott pekaru,5
HUN,gater,5
HUN,köbányai,5
HUN,újburg,5
HUN,nits,5
HUN,zewa papírz,5
HUN,ragtap,5
HUN,cserrsznye,5
HUN,jutalom falat,5
HUN,daráltg,5
HUN,capia,5
HUN,ujk,5
HUN,üdítö,5
HUN,tara,5
HUN,разрыхлитель,5
HUN,sonka csirk,5
HUN,root beer,5
HUN,sajt mix,5
HUN,toltott kaposzta,5
HUN,muscl,5
HUN,mr alkohol,5
HUN,tésztal,5
HUN,zselaton,5
HUN,пепси,5
HUN,tandoori,5
HUN,havart,5
HUN,bers,5
HUN,felmosó folyadék,5
HUN,póréh,5
HUN,Diszn,5
HUN,toner,5
HUN,keyer,5
HUN,szövegkiemel,5
HUN,vanilias ka,5
HUN,tsajt,5
HUN,monti,5
HUN,spaghetti sauce,5
HUN,actumel,5
HUN,fogas,5
HUN,alchohol,5
HUN,vörös bo,5
HUN,marshme,5
HUN,fun,5
HUN,pezsgős,5
HUN,vodj,5
HUN,rosem,5
HUN,szritett,5
HUN,vanilia tej,5
HUN,maxik,5
HUN,snack ko,5
HUN,ètcsok,5
HUN,beee,5
HUN,vilgain mandula,5
HUN,sour gummy,5
HUN,kukoricapeh,5
HUN,csomagolópapír,5
HUN,bogyó és babóca,5
HUN,Lipton zero,5
HUN,szensavas asva,5
HUN,waka,5
HUN,kardamo,5
HUN,greens,5
HUN,ruhasz,5
HUN,frigotti,5
HUN,zero cu,5
HUN,kakao mizo,5
HUN,Kentucky,5
HUN,Tejszí,5
HUN,italy,5
HUN,rámen,5
HUN,áfonxa,5
HUN,cheesec,5
HUN,liptn,5
HUN,monsrer,5
HUN,energiamente,5
HUN,pudding por,5
HUN,eajt,5
HUN,salametti,5
HUN,yogort,5
HUN,sajt mizo,5
HUN,cornerto,5
HUN,Paula,5
HUN,piritott kenyer,5
HUN,forr,5
HUN,káli,5
HUN,tutorudi,5
HUN,gyoker,5
HUN,Ujhagyma,5
HUN,negyed,5
HUN,magnum vega,5
HUN,mulino bianco,5
HUN,egres,5
HUN,ha tejszín,5
HUN,fami,5
HUN,zewa zsebkendő,5
HUN,papro,5
HUN,sűritett pa,5
HUN,zöldal,5
HUN,dove deeply,5
HUN,turo Rudi,5
HUN,pickwik,5
HUN,Bueno,5
HUN,pattogtatni,5
HUN,hurkapalca,5
HUN,frozen stra,5
HUN,hed,5
HUN,zero cok,5
HUN,Mousse,5
HUN,gluténmentes müzli,5
HUN,blea,5
HUN,ràgó,5
HUN,natur yogurt,5
HUN,keimpli,5
HUN,halape,5
HUN,Nescafé Dolce Gusto Latte Macchiato Caramel,5
HUN,szuzerme,5
HUN,microfiber,5
HUN,tricollis,5
HUN,negysajtos,5
HUN,Ajax,5
HUN,Sky,5
HUN,kifl8,5
HUN,fagyasztott csir,5
HUN,sör alkohol mentes,5
HUN,gyümölcs pür,5
HUN,folteltávolító,5
HUN,bN,5
HUN,zsenge,5
HUN,hercz,5
HUN,women,5
HUN,rendel,5
HUN,sth,5
HUN,bors egész,5
HUN,hallum,5
HUN,fará,5
HUN,vago,5
HUN,oék,5
HUN,activa,5
HUN,nutea,5
HUN,tata,5
HUN,twistee,5
HUN,színes ceruza,5
HUN,csipös,5
HUN,Ecetes cékla 600 g,5
HUN,mini c,5
HUN,tonhal sa,5
HUN,bazsalikon,5
HUN,maoma,5
HUN,mosogatógép öblítő,5
HUN,jogjurt,5
HUN,nizo,5
HUN,poreh,5
HUN,pannonh,5
HUN,lepedő,5
HUN,bab konz,5
HUN,baleys,5
HUN,babasampon,5
HUN,Fr,5
HUN,cidet,5
HUN,magnum mandulas,5
HUN,Oetker,5
HUN,eperlevé,5
HUN,rac,5
HUN,popsitorl,5
HUN,karotten,5
HUN,md,5
HUN,vegán fa,5
HUN,fehér ba,5
HUN,marton tej,5
HUN,orio,5
HUN,dr stei,5
HUN,zerob,5
HUN,vanilias vodka,5
HUN,szene,5
HUN,laktózmentes joghur,5
HUN,aman,5
HUN,cup noodl,5
HUN,gluténmentes szójaszósz,5
HUN,porxu,5
HUN,füstöltpaprika,5
HUN,busc,5
HUN,hát,5
HUN,cokr,5
HUN,Sajtszósz,5
HUN,manduls,5
HUN,ceres slimm,5
HUN,humusu,5
HUN,white board,5
HUN,piccol,5
HUN,kakaó laktózmentes,5
HUN,3l,5
HUN,The,5
HUN,ruler,5
HUN,nógrád,5
HUN,p3,5
HUN,halmáj,5
HUN,neszeszer,5
HUN,rösz,5
HUN,frozen moto,5
HUN,wc ap,5
HUN,snickers jégkrém,5
HUN,Babaviz,5
HUN,csokl,5
HUN,bonduelle kukorica,5
HUN,ky,5
HUN,alnatura chips,5
HUN,csirkemellsonk,5
HUN,mr musc,5
HUN,pizzate,5
HUN,0% cukor,5
HUN,Fólia,5
HUN,párizsi sajtos,5
HUN,pepsi citr,5
HUN,Fagyla,5
HUN,coli,5
HUN,virnetta,5
HUN,megysor,5
HUN,pizzás csig,5
HUN,соевый соус,5
HUN,apenta vitamixx,5
HUN,cedar,5
HUN,szivecske,5
HUN,edes sav,5
HUN,jrg,5
HUN,peves,5
HUN,sajtkém,5
HUN,cerbona muzliszelet,5
HUN,feherrep,5
HUN,tost kenyér,5
HUN,Csok,5
HUN,füstölt saj,5
HUN,szarvacsma,5
HUN,ràntott,5
HUN,tür,5
HUN,uniku,5
HUN,tészta fodros,5
HUN,uer,5
HUN,corre,5
HUN,lipton mangó,5
HUN,liqui,5
HUN,szalál,5
HUN,papirtolr,5
HUN,pannoni,5
HUN,tresem,5
HUN,marha steak,5
HUN,hámo,5
HUN,turos tas,5
HUN,Bolognai sz,5
HUN,magnél,5
HUN,cals,5
HUN,humicukor,5
HUN,jó regg,5
HUN,kenyér kovász,5
HUN,Nuggets,5
HUN,ínyenc,5
HUN,alcoh,5
HUN,krokodil,5
HUN,light beer,5
HUN,capps,5
HUN,zitro,5
HUN,turorufi,5
HUN,Lip,5
HUN,bolognai szó,5
HUN,mezdinnye,5
HUN,szürkebarát,5
HUN,tolcsér,5
HUN,juo,5
HUN,tojással,5
HUN,gyorspá,5
HUN,kartoff,5
HUN,misz,5
HUN,sajy,5
HUN,mzse,5
HUN,víz emese,5
HUN,terhesegi,5
HUN,polaretti,5
HUN,alappo,5
HUN,disznósa,5
HUN,black olive,5
HUN,mrka,5
HUN,arabb,5
HUN,női b,5
HUN,essig,5
HUN,riko,5
HUN,1895,5
HUN,udon teszta,5
HUN,ablak tisztító,5
HUN,flat bread,5
HUN,cukormetes,5
HUN,vödrös,5
HUN,bubby,5
HUN,Hel,5
HUN,arcradír,5
HUN,lolipop,5
HUN,savay,5
HUN,eva,5
HUN,sülth,5
HUN,serteszsír,5
HUN,probiot,5
HUN,Vegeta,5
HUN,édes kettes,5
HUN,"2,25",5
HUN,kapuci,5
HUN,vajkrè,5
HUN,dragon fruit,5
HUN,friss hus,5
HUN,zöld paprika,5
HUN,szélvédő,5
HUN,post it,5
HUN,görögh,5
HUN,sajt k,5
HUN,Kov,5
HUN,hennessy,5
HUN,buddha,5
HUN,baking so,5
HUN,szilvasgomboc,5
HUN,magnélkü,5
HUN,pasta sause,5
HUN,henn,5
HUN,red l,5
HUN,áll,5
HUN,wood clean,5
HUN,heinekk,5
HUN,fd,5
HUN,sajtos k,5
HUN,negró,5
HUN,szénsavas ásván,5
HUN,crocodil,5
HUN,Zsir,5
HUN,tweezer,5
HUN,horva,5
HUN,keksz sos,5
HUN,szurke,5
HUN,alioli,5
HUN,pogása,5
HUN,paradicsoma,5
HUN,soinach,5
HUN,Dare,5
HUN,termo,5
HUN,kokuszzsír,5
HUN,wc frissito,5
HUN,paezan,5
HUN,barackos te,5
HUN,cilantr,5
HUN,merry me,5
HUN,rubbish bag,5
HUN,gigantes,5
HUN,farfal,5
HUN,fanta citrom,5
HUN,körözott,5
HUN,turm,5
HUN,almáspite,5
HUN,telefo,5
HUN,run,5
HUN,mogyi crasssh,5
HUN,New gen,5
HUN,víz 0.5,5
HUN,fésu,5
HUN,bean sprout,5
HUN,Somlói,5
HUN,fage,5
HUN,toasty,5
HUN,lekvát,5
HUN,nyomó,5
HUN,hoges c,5
HUN,buzafinomliszt,5
HUN,joughurt,5
HUN,light col,5
HUN,hajfor,5
HUN,paradicsom konze,5
HUN,szenkir,5
HUN,rumaro,5
HUN,coca-col,5
HUN,zipfer,5
HUN,baking sh,5
HUN,Lasa,5
HUN,kovászosuborka,5
HUN,uborkasalata,5
HUN,hg,5
HUN,session,5
HUN,vanilla coke,5
HUN,sajtos tallé,5
HUN,rakoc,5
HUN,salzstangen,5
HUN,snickera,5
HUN,keztörl,5
HUN,voltaren,5
HUN,chicken s,5
HUN,picksti,5
HUN,arabiatta,5
HUN,csirke felsocomb,5
HUN,glicin,5
HUN,wc fri,5
HUN,Zabkasa,5
HUN,bio egg,5
HUN,pulka,5
HUN,steak bur,5
HUN,temp,5
HUN,zöldsr,5
HUN,ese,5
HUN,toalett nedves,5
HUN,haribó,5
HUN,iblito,5
HUN,wheat bread,5
HUN,kuta,5
HUN,bread roll,5
HUN,retr,5
HUN,томаты,5
HUN,Ni,5
HUN,kacsa zsír,5
HUN,kávéfehérít,5
HUN,kólu,5
HUN,allw,5
HUN,aour,5
HUN,keksy,5
HUN,jeges ka,5
HUN,ben & jerries,5
HUN,Olj,5
HUN,fenyoma,5
HUN,asvanyviz enyhe,5
HUN,ál,5
HUN,surop,5
HUN,honalj,5
HUN,dzugas,5
HUN,moca,5
HUN,felulet,5
HUN,hallomi,5
HUN,durian,5
HUN,cartedore,5
HUN,tae,5
HUN,friss pé,5
HUN,baby new,5
HUN,vénus,5
HUN,toeta,5
HUN,húskonzerv,5
HUN,Ram,5
HUN,kometa kemenc,5
HUN,selyemkal,5
HUN,vitaj,5
HUN,hagymakr,5
HUN,tehszelet,5
HUN,petresze,5
HUN,majoránna,5
HUN,vegán majo,5
HUN,mescafe,5
HUN,konyakos meggy,5
HUN,csirke alaple,5
HUN,peteezselyem,5
HUN,tejk,5
HUN,diff,5
HUN,jun,5
HUN,vokda,5
HUN,szaraz kolbasz,5
HUN,lúgos ásványvíz,5
HUN,aszalt mang,5
HUN,torta forma,5
HUN,sno,5
HUN,colA,5
HUN,polpa,5
HUN,mè,5
HUN,kotányi malom,5
HUN,forno,5
HUN,party pack,5
HUN,ониги,5
HUN,corn joy,5
HUN,moa,5
HUN,száraz vörö,5
HUN,mafnum,5
HUN,gumi c,5
HUN,gyumolcsok,5
HUN,clor,5
HUN,alpro pr,5
HUN,micro usb,5
HUN,körömlakk lemoso,5
HUN,vaniliásc,5
HUN,forneti,5
HUN,kethu,5
HUN,citrus dreher,5
HUN,citromos j,5
HUN,Don,5
HUN,dr otk,5
HUN,Perwoll,5
HUN,koa,5
HUN,eper kr,5
HUN,fevit,5
HUN,cointr,5
HUN,gueseppe,5
HUN,джем,5
HUN,nescafw,5
HUN,ioncse,5
HUN,horvath rozi,5
HUN,perfum,5
HUN,scamorza,5
HUN,choclet,5
HUN,flóraszep,5
HUN,zero traubi,5
HUN,tojások,5
HUN,szülin,5
HUN,bor ros,5
HUN,pampers 3,5
HUN,hapoy day,5
HUN,Zöld borsó,5
HUN,liszt teljes,5
HUN,sertés p,5
HUN,bac9n,5
HUN,ashai,5
HUN,kávé in,5
HUN,baromfi p,5
HUN,gyori ed,5
HUN,multi vitamin,5
HUN,parace,5
HUN,római sa,5
HUN,swa,5
HUN,mosókapszu,5
HUN,hellcoffe,5
HUN,light mar,5
HUN,meggy befo,5
HUN,fagyasztott mang,5
HUN,vajban,5
HUN,ben jer,5
HUN,kegkre,5
HUN,színes bors,5
HUN,knoppe,5
HUN,magkeverek,5
HUN,ételizesito,5
HUN,szinyog,5
HUN,pizaa,5
HUN,laktzmentes,5
HUN,garnèla,5
HUN,röv,5
HUN,salamon,5
HUN,bukgur,5
HUN,huice,5
HUN,kézmosás,5
HUN,wc go,5
HUN,padicsom,5
HUN,sajt kék,5
HUN,kukoricakemenyito,5
HUN,eros p,5
HUN,lime sör,5
HUN,tésztq,5
HUN,aranygalus,5
HUN,pom sticks,5
HUN,kutya t,5
HUN,elem AAA,5
HUN,szász,5
HUN,fonott ka,5
HUN,handcrafted,5
HUN,célla,5
HUN,mr brown,5
HUN,vegie,5
HUN,vonalas,5
HUN,csipkebogyó,5
HUN,saláta f,5
HUN,Che,5
HUN,perin,5
HUN,que,5
HUN,fagyasztott po,5
HUN,nedves kendő,5
HUN,rogos turo,5
HUN,túsfürdő,5
HUN,jódozott,5
HUN,csirke mellfilé,5
HUN,hoss,5
HUN,foghagyma krém,5
HUN,vajj,5
HUN,kolbàs,5
HUN,1 l,5
HUN,krumplipüre,5
HUN,köse,5
HUN,полотенца,5
HUN,portorlo,5
HUN,cukormentea,5
HUN,olívabo,5
HUN,szagtalanít,5
HUN,izom,5
HUN,xil,5
HUN,csigus,5
HUN,gyros por,5
HUN,gluten-free cake,5
HUN,szejtá,5
HUN,tuf,5
HUN,tejpép,5
HUN,cola 0,5
HUN,Burgony,5
HUN,cheese m,5
HUN,culin,5
HUN,csokkentett,5
HUN,vorosborecet,5
HUN,lámp,5
HUN,ice tea barack,5
HUN,chokolate,5
HUN,parfümgyöngy,5
HUN,kélsajt,5
HUN,scallion,5
HUN,foka,5
HUN,dinny3,5
HUN,kese,5
HUN,organic popcorn,5
HUN,hotfog,5
HUN,tésuta,5
HUN,miklós,5
HUN,hard,5
HUN,johns,5
HUN,tejme,5
HUN,zll,5
HUN,reek,5
HUN,szemlemorzsa,5
HUN,soap refill,5
HUN,baba soap,5
HUN,evőp,5
HUN,lecsókolbasz,5
HUN,háztartkeksz,5
HUN,wod,5
HUN,szines bors,5
HUN,kuskus,5
HUN,cans,5
HUN,fokhagxma,5
HUN,papír torl,5
HUN,fekete ol,5
HUN,paradisc,5
HUN,cukormentes ital,5
HUN,gyümölcspüre,5
HUN,koktelparadics,5
HUN,király,5
HUN,hamburger pogácsa,5
HUN,mate zero,5
HUN,lecsok,5
HUN,arabia,5
HUN,chia ma,5
HUN,kukaza,5
HUN,Mizo tej,5
HUN,lipton mango,5
HUN,tetoválás,5
HUN,s6,5
HUN,káve kapszula,5
HUN,Pudding,5
HUN,hummud,5
HUN,mascarpone lak,5
HUN,csirke co,5
HUN,actimell,5
HUN,grey goo,5
HUN,macska leves,5
HUN,bevono,5
HUN,üzen,5
HUN,rama margarin,5
HUN,sio peach,5
HUN,zöldt,5
HUN,Zucchini,5
HUN,cern,5
HUN,Dr ot,5
HUN,kuszkus,5
HUN,rind,5
HUN,stove,5
HUN,parkett,5
HUN,sör b,5
HUN,leveste,5
HUN,csirke mell sonka,5
HUN,túró tudi,5
HUN,gyapjú,5
HUN,komt,5
HUN,ja a,5
HUN,burgonyasziro,5
HUN,laktózmentes k,5
HUN,twjfö,5
HUN,póréhagy,5
HUN,füstölt szalona,5
HUN,edes sava,5
HUN,jeg kocka,5
HUN,szóda bika4,5
HUN,törlökend,5
HUN,alufóliába,5
HUN,úszógumi,5
HUN,champion,5
HUN,tomatoo,5
HUN,fuszere,5
HUN,beer ipa,5
HUN,teszták,5
HUN,réa,5
HUN,aryan,5
HUN,szenti,5
HUN,frozen berry,5
HUN,mix veg,5
HUN,hof,5
HUN,grill virsli,5
HUN,vulcanx,5
HUN,sertéspárizsi,5
HUN,ns,5
HUN,wolt market leh,5
HUN,seltzer,5
HUN,fz,5
HUN,csicseriborso teszta,5
HUN,Lila hagyma,5
HUN,sörélesztő pehely,5
HUN,km,5
HUN,óra,5
HUN,magnum fagyi,5
HUN,Cola z,5
HUN,repe,5
HUN,marto,5
HUN,donn,5
HUN,bivaj,5
HUN,zero ca,5
HUN,china,5
HUN,rövid cső,5
HUN,Csokol,5
HUN,svo,5
HUN,padlóápoló,5
HUN,kometa s,5
HUN,hajzse,5
HUN,szívosz,5
HUN,vm,5
HUN,napi cipo,5
HUN,sütpor,5
HUN,patkány,5
HUN,garlic mayo,5
HUN,ballant,5
HUN,szőkít,5
HUN,zaeb,5
HUN,салат айсберг,5
HUN,tejita,5
HUN,thoot,5
HUN,gyetya,5
HUN,Paul,5
HUN,Krémsajt,5
HUN,ler,5
HUN,chili powder,5
HUN,krr,5
HUN,barna ken,5
HUN,ginger al,5
HUN,rumarom,5
HUN,dry pasta,5
HUN,lotto c,5
HUN,Greek y,5
HUN,tortilla csipsz,5
HUN,viragföld,5
HUN,sós kif,5
HUN,frissent,5
HUN,felvàgo,5
HUN,grafit,5
HUN,oce tea,5
HUN,tepertös,5
HUN,nedves törlők,5
HUN,szür,5
HUN,megh,5
HUN,Aa,5
HUN,Baguette,5
HUN,mosogatógép t,5
HUN,Beef jerky,5
HUN,diákcseme,5
HUN,sajt szós,5
HUN,joghurtot,5
HUN,hegkrem,5
HUN,mosó parfüm,5
HUN,fagyasztott zsem,5
HUN,nograd,5
HUN,fagyasztott hasab,5
HUN,oszibarack rozsa,5
HUN,Dinny,5
HUN,Dom,5
HUN,bundas,5
HUN,üdítő márka,5
HUN,kokusz krem,5
HUN,fish stick,5
HUN,Főző,5
HUN,gelatine,5
HUN,túró rd,5
HUN,Oldalas,5
HUN,gyerek fogkrem,5
HUN,bor ecet,5
HUN,savasvíz,5
HUN,ice cream sandwich,5
HUN,zero red,5
HUN,chikpeas,5
HUN,s budget,5
HUN,bacon ko,5
HUN,baranc,5
HUN,gluténmentes csirke,5
HUN,kakaóscsig,5
HUN,birotva,5
HUN,sàrga,5
HUN,unk,5
HUN,wc papîr,5
HUN,mackerel,5
HUN,finish power,5
HUN,vegyes gyüm,5
HUN,anal,5
HUN,iceta,5
HUN,prite,5
HUN,biosau,5
HUN,mogxoro,5
HUN,száraz bab,5
HUN,smecta,5
HUN,főzőkolb,5
HUN,enyhe víz,5
HUN,sertést,5
HUN,edes sa,5
HUN,k2,5
HUN,nyára,5
HUN,bolonyai alap,5
HUN,сое,5
HUN,üveges lecsó,5
HUN,levea,5
HUN,kaldene,5
HUN,insal,5
HUN,jegkem,5
HUN,mizo laktózmentes,5
HUN,biber,5
HUN,gofei,5
HUN,diabl,5
HUN,amaro,5
HUN,vegata,5
HUN,Sütőtök,5
HUN,leves zolds,5
HUN,csirkecomv,5
HUN,hot dig,5
HUN,clas,5
HUN,parboiled,5
HUN,muss,5
HUN,palo,5
HUN,zéró bar,5
HUN,Aluf,5
HUN,edes anna,5
HUN,pisztáciak,5
HUN,sultburgonya,5
HUN,15,5
HUN,levws,5
HUN,cola c,5
HUN,gorog joghur,5
HUN,Szent András,5
HUN,serteskaraj,5
HUN,glass jar,5
HUN,Frei,5
HUN,remulad,5
HUN,enwrgia,5
HUN,70l,5
HUN,gray,5
HUN,kort,5
HUN,tusfurso,5
HUN,lekvár cukormentes,5
HUN,Májkr,5
HUN,Jam,5
HUN,nesspr,5
HUN,bébi spe,5
HUN,moam,5
HUN,dove tusfürdő,5
HUN,majonéz li,5
HUN,vert,5
HUN,halapeno,5
HUN,krumpli pür,5
HUN,Tejberizs,5
HUN,uborka savanyu,5
HUN,reese’s,5
HUN,kolbs,5
HUN,brodo,5
HUN,mirelit b,5
HUN,tonhal pást,5
HUN,cji,5
HUN,yf,5
HUN,Barna,5
HUN,narn,5
HUN,macska k,5
HUN,illoolaj,5
HUN,Almaecet,5
HUN,matric,5
HUN,sajtos tal,5
HUN,ferer,5
HUN,bio banan,5
HUN,corpovit,5
HUN,douwe,5
HUN,lotto country,5
HUN,usomle,5
HUN,olaj s,5
HUN,Lekv,5
HUN,gulash,5
HUN,Jim beam,5
HUN,darált s,5
HUN,mon petit,5
HUN,yellow peaches,5
HUN,igrisztoje,5
HUN,redbz,5
HUN,rwix,5
HUN,citorm,5
HUN,üdítő 1l,5
HUN,ízesített szivoszál,5
HUN,vízszűrő,5
HUN,сыр tihany,5
HUN,kovaszol,5
HUN,Sörök,5
HUN,balery,5
HUN,virsli pulyka,5
HUN,görög yog,5
HUN,birsalma,5
HUN,Gyermelyi,5
HUN,kocka margarin,5
HUN,Kokt,5
HUN,daralrhus,5
HUN,sajtos pogác,5
HUN,karamellás keksz,5
HUN,Nasi,5
HUN,vorosbor ecet,5
HUN,teli sza,5
HUN,don pep,5
HUN,konyhatorlo,5
HUN,focus hell,5
HUN,aluminum foil,5
HUN,frying pan,5
HUN,Cini,5
HUN,smach,5
HUN,rózsabors,5
HUN,levesgyon,5
HUN,zöldbaba,5
HUN,lsa,5
HUN,ásváyv,5
HUN,szivó,5
HUN,milka tejcsoki,5
HUN,akci,5
HUN,beta,5
HUN,cko,5
HUN,himbeeren,5
