Country,Query,Searches
CYP,water,22588
CYP,milk,19573
CYP,bread,11612
CYP,eggs,11284
CYP,ice,11197
CYP,chicken,9405
CYP,cheese,8572
CYP,ice cream,7781
CYP,protein,6735
CYP,rice,6219
CYP,tomato,5671
CYP,butter,5622
CYP,yogurt,5501
CYP,egg,5422
CYP,chips,4934
CYP,lemon,4804
CYP,coffee,4777
CYP,beer,4591
CYP,tuna,4534
CYP,cottage,4114
CYP,onion,4113
CYP,pasta,4073
CYP,toilet,4039
CYP,cola,4002
CYP,cream,3605
CYP,salmon,3514
CYP,feta,3394
CYP,corn,3392
CYP,juice,3373
CYP,banana,3306
CYP,salt,3235
CYP,chocolate,3186
CYP,sugar,3046
CYP,paper,2997
CYP,coca,2982
CYP,garlic,2930
CYP,zero,2914
CYP,potato,2871
CYP,salad,2846
CYP,avocado,2758
CYP,soap,2740
CYP,oil,2703
CYP,beef,2682
CYP,honey,2639
CYP,cucumber,2608
CYP,flour,2571
CYP,wine,2557
CYP,coconut,2520
CYP,yoghurt,2515
CYP,lays,2511
CYP,carrot,2501
CYP,kinder,2497
CYP,turkey,2471
CYP,oat,2418
CYP,toilet paper,2386
CYP,kefir,2365
CYP,mayo,2324
CYP,pepper,2251
CYP,pizza,2247
CYP,wipes,2245
CYP,shampoo,2236
CYP,nuts,2183
CYP,watermelon,2160
CYP,sprite,2151
CYP,apple,2118
CYP,coke,2080
CYP,tooth,2078
CYP,fish,2071
CYP,bag,2069
CYP,bags,2040
CYP,frozen,2031
CYP,alpro,2022
CYP,soda,2003
CYP,baby,1978
CYP,monster,1947
CYP,ariel,1928
CYP,meat,1891
CYP,ham,1850
CYP,straw,1833
CYP,co,1821
CYP,yog,1819
CYP,pepsi,1797
CYP,dove,1796
CYP,cherry,1793
CYP,noodles,1785
CYP,fruit,1772
CYP,yo,1768
CYP,bacon,1753
CYP,kitchen,1729
CYP,fanta,1667
CYP,orange,1658
CYP,tea,1650
CYP,sponge,1622
CYP,potatoes,1610
CYP,gluten free,1603
CYP,shower,1598
CYP,sparkling,1584
CYP,sour,1557
CYP,dettol,1545
CYP,tomatoes,1541
CYP,shower gel,1537
CYP,franui,1533
CYP,olive oil,1530
CYP,chi,1518
CYP,olive,1499
CYP,almond,1499
CYP,cereal,1495
CYP,bana,1482
CYP,mint,1466
CYP,toma,1453
CYP,dish,1440
CYP,fairy,1437
CYP,toothpaste,1430
CYP,tonic,1416
CYP,ketchup,1415
CYP,gloves,1401
CYP,corona,1390
CYP,nutella,1390
CYP,lettuce,1388
CYP,ice tea,1380
CYP,oats,1378
CYP,pampers,1376
CYP,coca cola,1373
CYP,strawberry,1353
CYP,beans,1347
CYP,pads,1342
CYP,kri kri,1334
CYP,red,1324
CYP,keo,1315
CYP,cat,1313
CYP,olives,1309
CYP,vegan,1307
CYP,arla,1305
CYP,cotton,1305
CYP,pesto,1303
CYP,cottage cheese,1301
CYP,mop,1298
CYP,kitchen roll,1290
CYP,halloumi,1285
CYP,peanut,1283
CYP,sweet,1280
CYP,popcorn,1275
CYP,lime,1274
CYP,bobo,1270
CYP,always,1264
CYP,ch,1262
CYP,nescafe,1259
CYP,vinegar,1256
CYP,ginger,1251
CYP,wet,1250
CYP,tomat,1247
CYP,salami,1224
CYP,steak,1209
CYP,red bull,1200
CYP,granola,1192
CYP,pita,1183
CYP,cuc,1179
CYP,grillman,1174
CYP,pop,1174
CYP,hair,1173
CYP,7up,1165
CYP,pork,1165
CYP,perrier,1155
CYP,burger,1151
CYP,sausage,1143
CYP,sour cream,1129
CYP,coc,1128
CYP,вода,1120
CYP,coco,1116
CYP,spinach,1115
CYP,avo,1114
CYP,oat milk,1103
CYP,plastic,1094
CYP,carrots,1071
CYP,mango,1068
CYP,cat food,1066
CYP,vanilla,1065
CYP,chick,1058
CYP,pitta,1045
CYP,dog,1041
CYP,cucu,1036
CYP,basil,1033
CYP,coffe,1033
CYP,cream cheese,1031
CYP,snack,1030
CYP,fruits,1017
CYP,pringles,1015
CYP,soy,1007
CYP,ba,1000
CYP,tortilla,999
CYP,dixan,994
CYP,cif,982
CYP,mozzarella,980
CYP,gin,979
CYP,молоко,977
CYP,conditioner,973
CYP,pro,970
CYP,blue,960
CYP,jam,957
CYP,crackers,954
CYP,laundry,953
CYP,delact,951
CYP,mince,951
CYP,творог,948
CYP,wa,944
CYP,potat,941
CYP,durex,938
CYP,mushroom,936
CYP,redbull,925
CYP,oreo,922
CYP,baking,920
CYP,mustard,915
CYP,yogu,912
CYP,stevia,912
CYP,яйца,911
CYP,comfort,908
CYP,sauce,898
CYP,vodka,897
CYP,parmesan,896
CYP,cho,889
CYP,pota,887
CYP,domestos,886
CYP,gum,886
CYP,to,884
CYP,parsley,881
CYP,tom,878
CYP,lipton,877
CYP,icecream,877
CYP,almond milk,876
CYP,ajax,871
CYP,lemons,870
CYP,cake,870
CYP,lenor,870
CYP,peach,868
CYP,fresh cream,864
CYP,tissue,862
CYP,wet wipes,860
CYP,cheddar,857
CYP,nivea,846
CYP,hipp,843
CYP,barilla,840
CYP,mo,838
CYP,mozarella,836
CYP,dark chocolate,835
CYP,prosecco,831
CYP,crisps,829
CYP,deodorant,823
CYP,cookies,822
CYP,dishwasher,815
CYP,semana,812
CYP,хлеб,807
CYP,dill,806
CYP,hummus,803
CYP,washing,803
CYP,сыр,799
CYP,ma,789
CYP,zita,788
CYP,apples,786
CYP,chee,785
CYP,ca,767
CYP,biscuits,766
CYP,melon,763
CYP,dates,756
CYP,wat,755
CYP,evian,755
CYP,choco,751
CYP,che,751
CYP,snacks,750
CYP,chia,748
CYP,peanut butter,745
CYP,berries,742
CYP,anari,738
CYP,pink,733
CYP,greek,733
CYP,banan,727
CYP,magnum,725
CYP,green,724
CYP,mochi,723
CYP,deo,718
CYP,chees,717
CYP,kean,713
CYP,chiken,713
CYP,mil,710
CYP,sparkling water,706
CYP,sun,706
CYP,pop corn,701
CYP,garbage,700
CYP,soya,698
CYP,lemonade,697
CYP,nes,697
CYP,edam,696
CYP,nut,691
CYP,curd,688
CYP,bananas,687
CYP,cucum,686
CYP,kosher,677
CYP,panini,676
CYP,mushrooms,675
CYP,shrimp,672
CYP,onions,672
CYP,carr,671
CYP,floor,670
CYP,strawberries,670
CYP,orange juice,668
CYP,buldak,668
CYP,tofu,666
CYP,pa,665
CYP,fries,664
CYP,сметана,663
CYP,protein bar,663
CYP,foil,663
CYP,cabbage,662
CYP,coconut water,659
CYP,haribo,659
CYP,alambra,659
CYP,tomato paste,657
CYP,lactose free,657
CYP,trash,656
CYP,toothbrush,655
CYP,cott,655
CYP,kiwi,654
CYP,metro,653
CYP,wrap,649
CYP,korres,649
CYP,mush,646
CYP,grapes,646
CYP,maggi,645
CYP,fresh,644
CYP,sa,644
CYP,pe,643
CYP,monin,642
CYP,stra,641
CYP,rose,639
CYP,oshee,637
CYP,minced,634
CYP,detol,634
CYP,phila,631
CYP,bio,627
CYP,cider,626
CYP,razor,625
CYP,body,620
CYP,choc,619
CYP,jelly,618
CYP,croissant,617
CYP,cola zero,614
CYP,gouda,613
CYP,gluten,613
CYP,ben,608
CYP,milka,607
CYP,yogh,602
CYP,lemo,600
CYP,hand soap,600
CYP,brea,599
CYP,chic,598
CYP,kitchen paper,598
CYP,agros,597
CYP,kri,597
CYP,pot,596
CYP,baby wipes,596
CYP,vileda,593
CYP,so,591
CYP,towel,590
CYP,celery,590
CYP,γαλα,588
CYP,nuggets,582
CYP,al,582
CYP,pickles,580
CYP,shark,580
CYP,bar,579
CYP,coconut milk,577
CYP,bu,575
CYP,biscuit,573
CYP,doritos,572
CYP,pineapple,569
CYP,tvorog,566
CYP,pan,565
CYP,coff,563
CYP,coke zero,563
CYP,pep,563
CYP,peppers,563
CYP,rice cakes,561
CYP,white,560
CYP,black,560
CYP,sugar free,558
CYP,parme,553
CYP,tissues,551
CYP,paprika,548
CYP,kleenex,547
CYP,rice cake,547
CYP,takis,546
CYP,la,546
CYP,waterme,545
CYP,cocoa,543
CYP,noodle,543
CYP,car,543
CYP,sh,542
CYP,toil,540
CYP,mozza,540
CYP,soup,540
CYP,souroti,540
CYP,ion,538
CYP,peas,535
CYP,goat,535
CYP,ice cre,534
CYP,hand,534
CYP,toast,534
CYP,candle,532
CYP,cotta,530
CYP,whiskas,529
CYP,bars,529
CYP,keto,529
CYP,sp,528
CYP,vegetables,528
CYP,serano,526
CYP,condom,526
CYP,wate,526
CYP,digestive,526
CYP,may,526
CYP,candy,523
CYP,matcha,523
CYP,lactose,521
CYP,waterm,521
CYP,dark,520
CYP,cups,519
CYP,grape,519
CYP,cracker,518
CYP,ear,516
CYP,grill,516
CYP,bin,514
CYP,lotus,513
CYP,air,510
CYP,sardines,509
CYP,san,501
CYP,bagel,501
CYP,lordos,500
CYP,brush,499
CYP,avoc,498
CYP,spar,497
CYP,dog food,497
CYP,wash,497
CYP,bbq,496
CYP,le,495
CYP,po,495
CYP,white wine,495
CYP,йогурт,494
CYP,parm,494
CYP,nute,493
CYP,starbucks,493
CYP,burrata,492
CYP,detergent,489
CYP,coriander,487
CYP,smetana,487
CYP,almonds,485
CYP,phil,484
CYP,ket,484
CYP,spray,480
CYP,масло,476
CYP,avoca,476
CYP,moz,475
CYP,broccoli,475
CYP,citrus house,475
CYP,alcohol,473
CYP,hall,472
CYP,flo,471
CYP,cu,470
CYP,vanish,470
CYP,papa,470
CYP,tahini,470
CYP,heinz,470
CYP,cherr,468
CYP,hell,467
CYP,cup,467
CYP,ice crea,467
CYP,chicken breast,466
CYP,bro,464
CYP,finish,462
CYP,onio,462
CYP,caramel,461
CYP,loreal,461
CYP,napkins,459
CYP,roll,458
CYP,mosquito,457
CYP,pool,456
CYP,bleach,456
CYP,cucumbers,455
CYP,syrup,451
CYP,cor,450
CYP,kit,450
CYP,spark,448
CYP,ice c,447
CYP,decaf,447
CYP,sal,446
CYP,blueberries,446
CYP,activia,445
CYP,bre,444
CYP,koko,442
CYP,sweet potato,441
CYP,tape,441
CYP,per,441
CYP,nounou,440
CYP,torti,440
CYP,jerky,439
CYP,nail,437
CYP,aperol,437
CYP,strawb,437
CYP,chicke,436
CYP,chip,436
CYP,pea,436
CYP,glass,436
CYP,hair dye,435
CYP,sch,434
CYP,str,434
CYP,cookie,432
CYP,chilli,432
CYP,nachos,432
CYP,axe,431
CYP,tomato sauce,428
CYP,cacao,428
CYP,straws,428
CYP,spa,423
CYP,fr,422
CYP,bur,422
CYP,сливки,421
CYP,energy,420
CYP,fran,420
CYP,fa,420
CYP,light,419
CYP,bis,418
CYP,cleaning,418
CYP,sausages,417
CYP,pet,417
CYP,ri,416
CYP,broth,414
CYP,lentils,413
CYP,pi,412
CYP,greek yogurt,412
CYP,pap,411
CYP,sha,411
CYP,sweets,409
CYP,огурцы,408
CYP,kellogs,407
CYP,red wine,407
CYP,pudding,407
CYP,actimel,407
CYP,vape,406
CYP,con,406
CYP,drinks,405
CYP,baking paper,405
CYP,br,405
CYP,beet,404
CYP,cheetos,404
CYP,alion,404
CYP,tort,403
CYP,raid,403
CYP,spaghetti,402
CYP,pine,402
CYP,курица,401
CYP,capsules,399
CYP,broc,399
CYP,basmati,399
CYP,fan,398
CYP,aroxol,397
CYP,iceberg,396
CYP,cherries,396
CYP,no sugar,395
CYP,battery,395
CYP,col,394
CYP,fage,394
CYP,par,394
CYP,de,394
CYP,cornflakes,394
CYP,ke,394
CYP,mozz,393
CYP,diapers,392
CYP,pr,392
CYP,body wash,391
CYP,kids,391
CYP,famozo,391
CYP,pad,390
CYP,fra,390
CYP,garli,390
CYP,ban,389
CYP,sala,389
CYP,sunflower,388
CYP,peper,388
CYP,lountza,388
CYP,oranges,387
CYP,ci,387
CYP,baby food,386
CYP,butt,384
CYP,лук,383
CYP,bee,381
CYP,orzo,381
CYP,carro,381
CYP,gar,381
CYP,tomatoe,380
CYP,elite,378
CYP,νερο,377
CYP,cloth,377
CYP,eg,377
CYP,prot,377
CYP,bean,376
CYP,fifa,376
CYP,appl,376
CYP,terea,376
CYP,yeast,375
CYP,nespresso,374
CYP,hum,374
CYP,be,373
CYP,мука,372
CYP,coconut oil,372
CYP,shrimps,371
CYP,mi,370
CYP,vine,370
CYP,squash,370
CYP,prote,370
CYP,softener,369
CYP,chili,369
CYP,baking soda,368
CYP,wolt,366
CYP,borjomi,366
CYP,chocolate milk,366
CYP,batteries,365
CYP,grated,362
CYP,bueno,362
CYP,healthy,361
CYP,ta,361
CYP,ic,361
CYP,spoon,360
CYP,blueberry,359
CYP,spri,359
CYP,sou,359
CYP,chocol,357
CYP,wipe,357
CYP,beetroot,357
CYP,hal,356
CYP,broom,356
CYP,ha,356
CYP,ant,355
CYP,twix,355
CYP,mars,355
CYP,su,354
CYP,пиво,353
CYP,curry,353
CYP,ice cr,353
CYP,hot dog,353
CYP,sesame,353
CYP,buck,352
CYP,everyday,352
CYP,maple,351
CYP,spices,351
CYP,cr,350
CYP,crisp,350
CYP,sau,350
CYP,face,349
CYP,ketch,348
CYP,lentil,348
CYP,nori,348
CYP,coffee beans,348
CYP,balsamic,347
CYP,rocket,347
CYP,bisc,347
CYP,prawn,347
CYP,nesca,347
CYP,snickers,346
CYP,di,346
CYP,tampon,345
CYP,pros,345
CYP,mos,345
CYP,condi,345
CYP,deod,344
CYP,cashew,342
CYP,croi,342
CYP,m&m,341
CYP,bun,341
CYP,gel,341
CYP,nu,341
CYP,pumpkin,340
CYP,nannys,340
CYP,mushr,339
CYP,moza,339
CYP,pepp,339
CYP,garnier,338
CYP,birthday,338
CYP,star,338
CYP,seeds,337
CYP,apple juice,337
CYP,cig,336
CYP,cra,336
CYP,turk,336
CYP,yougurt,335
CYP,oregano,334
CYP,mask,334
CYP,veet,333
CYP,chickpeas,333
CYP,cof,332
CYP,you,332
CYP,lett,332
CYP,cond,332
CYP,lem,330
CYP,dry,329
CYP,nesc,329
CYP,brie,329
CYP,pring,327
CYP,drink,326
CYP,shaving,324
CYP,fro,323
CYP,nan,323
CYP,shamp,323
CYP,glue,322
CYP,soft,322
CYP,oatly,321
CYP,cereals,321
CYP,αυγα,321
CYP,chocolate chips,321
CYP,kit kat,319
CYP,strawberr,318
CYP,rum,318
CYP,spring,317
CYP,li,316
CYP,prawns,316
CYP,pen,316
CYP,салфетки,315
CYP,nood,315
CYP,γιαουρτι,315
CYP,plates,314
CYP,cinnamon,313
CYP,st,313
CYP,oliv,313
CYP,sushi,313
CYP,pear,312
CYP,leon,312
CYP,мороженое,312
CYP,brown sugar,312
CYP,Water,311
CYP,organic,311
CYP,jui,311
CYP,veg,310
CYP,barista,310
CYP,citrus,310
CYP,pickle,310
CYP,7 days,310
CYP,ju,309
CYP,sandwich,309
CYP,морковь,309
CYP,кефир,309
CYP,nelia,308
CYP,prin,308
CYP,brown,307
CYP,flower,307
CYP,rasp,306
CYP,wraps,306
CYP,beers,306
CYP,too,306
CYP,ras,306
CYP,buckwheat,306
CYP,pamp,305
CYP,walnuts,305
CYP,sham,304
CYP,elvive,304
CYP,mus,304
CYP,кофе,304
CYP,oli,303
CYP,spag,303
CYP,peanuts,303
CYP,proderm,303
CYP,kykkos,302
CYP,colgate,302
CYP,buns,301
CYP,scrub,301
CYP,paper towel,301
CYP,edamame,301
CYP,biscoff,299
CYP,prose,299
CYP,baby water,298
CYP,pam,298
CYP,humus,298
CYP,raspberry,298
CYP,τυρι,297
CYP,do,297
CYP,yoghu,297
CYP,taco,296
CYP,diaper,296
CYP,gra,296
CYP,candles,296
CYP,fork,296
CYP,ψωμι,296
CYP,berry,296
CYP,noo,294
CYP,toile,294
CYP,blueb,293
CYP,колбаса,292
CYP,dr,292
CYP,spina,291
CYP,cocon,291
CYP,domes,291
CYP,plate,291
CYP,dett,290
CYP,pick,290
CYP,ecover,290
CYP,pistachio,290
CYP,lemon juice,290
CYP,crab,288
CYP,organix,288
CYP,bakery,286
CYP,fioro,286
CYP,mayon,285
CYP,mill,285
CYP,truffle,285
CYP,slice,284
CYP,philadelphia,284
CYP,bor,283
CYP,food,283
CYP,dark cho,283
CYP,grated cheese,283
CYP,wasa,282
CYP,condoms,281
CYP,mon,280
CYP,чипсы,280
CYP,fet,280
CYP,baguette,280
CYP,ramen,280
CYP,red onion,279
CYP,qnt,279
CYP,lay,279
CYP,agrino,279
CYP,dishwash,278
CYP,walnut,278
CYP,penne,278
CYP,roklin,277
CYP,mayonnaise,277
CYP,powder,277
CYP,hallou,277
CYP,mosq,276
CYP,mascarpone,276
CYP,dried,275
CYP,knife,275
CYP,tooth paste,275
CYP,tun,274
CYP,se,273
CYP,caprice,273
CYP,corn flakes,272
CYP,charcoal,272
CYP,bake,272
CYP,ki,272
CYP,det,272
CYP,pods,271
CYP,sourdough,271
CYP,pelmeni,270
CYP,майонез,270
CYP,duck,269
CYP,yogur,269
CYP,liver,269
CYP,kettle,268
CYP,сахар,268
CYP,tur,267
CYP,perr,267
CYP,felix,267
CYP,quinoa,266
CYP,whiskey,266
CYP,youg,266
CYP,ricotta,265
CYP,hand wash,265
CYP,blu,265
CYP,rise,264
CYP,travel,264
CYP,watermel,264
CYP,iron,263
CYP,rice paper,262
CYP,lamb,262
CYP,mar,261
CYP,toi,261
CYP,lighter,260
CYP,lacta,260
CYP,sanitas,260
CYP,cro,260
CYP,перец,259
CYP,baking powder,258
CYP,pink stuff,258
CYP,pista,258
CYP,арбуз,257
CYP,bear,257
CYP,morning,257
CYP,0%,257
CYP,spr,257
CYP,mas,257
CYP,litter,257
CYP,tu,257
CYP,cranberry,257
CYP,jacobs,257
CYP,fig,256
CYP,cottag,256
CYP,napkin,256
CYP,frozen fruit,256
CYP,soy sauce,256
CYP,re,256
CYP,batter,255
CYP,ro,255
CYP,smoked,255
CYP,7days,255
CYP,kombucha,254
CYP,spread,254
CYP,cotton pads,254
CYP,tza,254
CYP,cok,253
CYP,floss,253
CYP,toilet pap,253
CYP,salsa,253
CYP,pate,253
CYP,potatos,252
CYP,bath,252
CYP,sparkl,252
CYP,кола,252
CYP,hot,251
CYP,lip,251
CYP,Milk,250
CYP,paste,250
CYP,swim,250
CYP,toothp,250
CYP,mu,250
CYP,loacker,250
CYP,mutti,249
CYP,cot,249
CYP,brioche,249
CYP,ra,248
CYP,fetta,248
CYP,palmolive,248
CYP,pantene,248
CYP,ric,248
CYP,yolanda,247
CYP,orbit,247
CYP,nacho,247
CYP,chlorine,246
CYP,noodl,246
CYP,weetabix,245
CYP,cher,245
CYP,spong,245
CYP,sho,245
CYP,spon,245
CYP,john,245
CYP,espresso,244
CYP,bi,244
CYP,humm,243
CYP,klinex,243
CYP,mini,243
CYP,greek yo,243
CYP,filter,243
CYP,container,243
CYP,nestle,242
CYP,shave,242
CYP,рис,241
CYP,quaker,241
CYP,moo,241
CYP,toilet roll,241
CYP,dish soap,241
CYP,haagen,240
CYP,lux,240
CYP,past,240
CYP,zoflora,240
CYP,anti,240
CYP,lanitis,240
CYP,flou,240
CYP,thyme,239
CYP,tampons,238
CYP,power,238
CYP,kvas,238
CYP,clean,238
CYP,bo,238
CYP,nutell,238
CYP,stick,238
CYP,гречка,237
CYP,seed,236
CYP,char,236
CYP,min,236
CYP,помидоры,236
CYP,head,236
CYP,can,235
CYP,cucumb,235
CYP,рыба,235
CYP,strawbe,235
CYP,salm,234
CYP,sna,234
CYP,world cup,234
CYP,saus,233
CYP,garl,233
CYP,pars,233
CYP,ciga,232
CYP,pasta sauce,232
CYP,deodo,232
CYP,trash bag,232
CYP,oni,231
CYP,сок,231
CYP,peps,231
CYP,whole,231
CYP,karen,230
CYP,fl,230
CYP,black pepper,230
CYP,snips,230
CYP,protei,230
CYP,mag,230
CYP,bowl,230
CYP,starb,230
CYP,cap,229
CYP,phi,229
CYP,dip,229
CYP,sweet po,229
CYP,vege,228
CYP,mozzare,228
CYP,sausa,228
CYP,bul,227
CYP,shampo,226
CYP,nutel,226
CYP,galaxy,226
CYP,somat,226
CYP,jack,226
CYP,gift,226
CYP,sprit,226
CYP,cooking cream,225
CYP,lettu,224
CYP,alp,224
CYP,maggie,224
CYP,ice cubes,224
CYP,papafilipou,224
CYP,ipa,224
CYP,vani,223
CYP,vanil,223
CYP,sweet corn,223
CYP,glade,223
CYP,cumin,223
CYP,pamper,223
CYP,ob,223
CYP,ko,223
CYP,berr,223
CYP,toilet pa,222
CYP,crack,222
CYP,pit,222
CYP,brocc,222
CYP,cat litter,222
CYP,knorr,222
CYP,chilled,221
CYP,waffle,221
CYP,lo,221
CYP,swe,221
CYP,sw,221
CYP,sea,220
CYP,sni,220
CYP,pomegranate,220
CYP,kello,220
CYP,potatoe,220
CYP,valio,220
CYP,creme,220
CYP,vegetable,220
CYP,ketc,219
CYP,kimchi,219
CYP,картошка,219
CYP,acti,219
CYP,ravioli,218
CYP,zero sugar,218
CYP,card,218
CYP,date,218
CYP,mash,217
CYP,oran,217
CYP,caviar,217
CYP,diet,217
CYP,pean,217
CYP,av,216
CYP,diablo,216
CYP,mineral,215
CYP,heavy cream,215
CYP,every,215
CYP,plastic bag,215
CYP,kefi,215
CYP,swee,215
CYP,укроп,215
CYP,pin,215
CYP,coo,214
CYP,sug,214
CYP,макароны,213
CYP,dry shampoo,213
CYP,bura,213
CYP,me,213
CYP,box,213
CYP,lurpak,213
CYP,шоколад,213
CYP,chill,212
CYP,fitness,212
CYP,dis,212
CYP,green tea,212
CYP,rosemary,212
CYP,ritter,212
CYP,avocad,212
CYP,philade,212
CYP,froze,211
CYP,fi,211
CYP,protein chips,211
CYP,buratta,211
CYP,la vache,211
CYP,venus,210
CYP,spin,209
CYP,tequila,209
CYP,frozen berries,209
CYP,batt,209
CYP,clothes,209
CYP,kitkat,208
CYP,ants,208
CYP,lindt,207
CYP,haloumi,207
CYP,evrika,207
CYP,lavazza,207
CYP,фарш,207
CYP,tampax,206
CYP,coconu,205
CYP,stock,205
CYP,ce,205
CYP,dishwa,205
CYP,must,205
CYP,ga,205
CYP,ne,205
CYP,печенье,205
CYP,чай,205
CYP,whi,204
CYP,glove,204
CYP,soda water,204
CYP,toot,204
CYP,cadbury,203
CYP,life,203
CYP,schwe,202
CYP,sex,202
CYP,aloe,201
CYP,spi,201
CYP,pas,201
CYP,te,201
CYP,dough,201
CYP,соль,201
CYP,bin bags,201
CYP,wax,201
CYP,tomatos,201
CYP,sprite zero,201
CYP,Bread,200
CYP,but,200
CYP,fru,200
CYP,almon,200
CYP,pants,200
CYP,φετα,199
CYP,cigarettes,199
CYP,чеснок,199
CYP,salmo,198
CYP,пельмени,198
CYP,cook,198
CYP,seven,198
CYP,dumplings,198
CYP,tobacco,198
CYP,va,197
CYP,pome,197
CYP,vin,196
CYP,teeth,196
CYP,beach,196
CYP,tiss,196
CYP,wayer,196
CYP,bottle,196
CYP,coca cola zero,195
CYP,syoss,195
CYP,spf,195
CYP,suga,195
CYP,sardine,195
CYP,gr,194
CYP,pastry,194
CYP,fri,194
CYP,snack a,194
CYP,breakfast,193
CYP,zagori,193
CYP,no,193
CYP,cigarette,193
CYP,borj,192
CYP,carls,192
CYP,charger,192
CYP,prosc,192
CYP,almo,191
CYP,face wash,191
CYP,kitche,191
CYP,eggplant,191
CYP,πατατες,191
CYP,goat cheese,190
CYP,bin bag,190
CYP,capsule,190
CYP,smile,189
CYP,plasti,189
CYP,deter,188
CYP,plastic bags,188
CYP,greek yoghurt,188
CYP,bounty,188
CYP,gl,188
CYP,alwa,188
CYP,sc,188
CYP,non,188
CYP,ter,187
CYP,frui,187
CYP,crois,187
CYP,black tea,187
CYP,burata,187
CYP,plum,187
CYP,smoked salmon,187
CYP,pitt,187
CYP,pancake,186
CYP,gree,186
CYP,passata,186
CYP,sponges,186
CYP,cer,186
CYP,cre,186
CYP,ball,186
CYP,egg white,186
CYP,zuc,186
CYP,perier,186
CYP,semolina,186
CYP,johnson,186
CYP,pepsi max,185
CYP,adapter,185
CYP,chik,185
CYP,alam,185
CYP,toni,185
CYP,tortil,184
CYP,chocolates,184
CYP,vegeta,184
CYP,callowfit,184
CYP,panko,184
CYP,window,184
CYP,whisk,184
CYP,na,183
CYP,hair spray,183
CYP,pla,183
CYP,сосиски,183
CYP,fajitas,183
CYP,orang,183
CYP,bulgur,183
CYP,chil,183
CYP,powerade,183
CYP,bioten,182
CYP,philadel,182
CYP,schweppes,182
CYP,ribeye,182
CYP,old spice,182
CYP,burgers,181
CYP,pellegrino,181
CYP,tor,181
CYP,knor,181
CYP,bell,181
CYP,sweet pot,181
CYP,ve,181
CYP,almiron,181
CYP,bluebe,181
CYP,flowers,181
CYP,мыло,181
CYP,chocola,181
CYP,light cheese,180
CYP,sunscreen,180
CYP,kellog,180
CYP,ho,180
CYP,hair mask,180
CYP,zucchini,180
CYP,gilette,180
CYP,cheese light,180
CYP,brothel,180
CYP,olympos,180
CYP,domest,180
CYP,crea,179
CYP,lion,179
CYP,drain,179
CYP,qua,179
CYP,sweetcorn,179
CYP,картофель,179
CYP,micro,178
CYP,carlsberg,178
CYP,eureka,178
CYP,vergina,178
CYP,nakd,178
CYP,instant,178
CYP,kitchen towel,178
CYP,turke,178
CYP,proper,178
CYP,dori,178
CYP,stella,177
CYP,capri,177
CYP,let,177
CYP,blueberr,177
CYP,juic,177
CYP,schw,177
CYP,cod,177
CYP,tomato juice,176
CYP,ap,176
CYP,ti,176
CYP,ka,176
CYP,jo,176
CYP,zu,176
CYP,pri,176
CYP,sticks,175
CYP,wip,175
CYP,super,175
CYP,7 up,175
CYP,strawber,175
CYP,garbage bag,175
CYP,sparkli,174
CYP,pump,174
CYP,after sun,174
CYP,terrea,174
CYP,pic,174
CYP,grap,174
CYP,face mask,174
CYP,curd cheese,174
CYP,kitch,174
CYP,asian,173
CYP,martini,173
CYP,washing machine,173
CYP,insect,173
CYP,salam,173
CYP,coro,172
CYP,bucket,172
CYP,cigar,172
CYP,papaf,172
CYP,cock,172
CYP,gran,172
CYP,bake rolls,172
CYP,whis,171
CYP,carefree,171
CYP,cockroach,171
CYP,sunflower oil,171
CYP,tony,171
CYP,bat,171
CYP,fini,171
CYP,cori,171
CYP,green beans,171
CYP,alpha,171
CYP,kin,170
CYP,cran,170
CYP,ari,170
CYP,nanny,170
CYP,croutons,170
CYP,lacto,170
CYP,mouthwash,170
CYP,toulet,170
CYP,slim,170
CYP,fabric,170
CYP,color,170
CYP,ora,169
CYP,friskies,169
CYP,burr,169
CYP,muesli,169
CYP,bathroom,169
CYP,oven,169
CYP,oatmeal,169
CYP,bl,168
CYP,figs,168
CYP,χαρτι,168
CYP,wings,168
CYP,lor,168
CYP,лаваш,168
CYP,hu,168
CYP,coffee capsules,168
CYP,salat,168
CYP,bab,168
CYP,pickl,168
CYP,plastic cups,167
CYP,zip,167
CYP,jerk,167
CYP,tortillas,167
CYP,tuc,167
CYP,noma,167
CYP,okra,167
CYP,white chocolate,167
CYP,goat milk,167
CYP,mozare,166
CYP,condensed,166
CYP,monst,166
CYP,seasoning,166
CYP,glo,166
CYP,sliced,166
CYP,breezer,166
CYP,лимон,166
CYP,magg,166
CYP,peaches,166
CYP,wet wipe,166
CYP,fe,165
CYP,croiss,165
CYP,paper towels,165
CYP,alfa,165
CYP,cofee,165
CYP,sweetener,165
CYP,gummy,165
CYP,mr,165
CYP,aluminium,165
CYP,minced meat,165
CYP,or,165
CYP,cooking,165
CYP,яблоки,164
CYP,gyros,164
CYP,chives,164
CYP,parsl,164
CYP,body lotion,164
CYP,souro,164
CYP,watermelo,164
CYP,peanu,164
CYP,redb,164
CYP,shri,164
CYP,showe,164
CYP,app,164
CYP,meet,163
CYP,eco,163
CYP,bred,163
CYP,fajita,163
CYP,liquid,163
CYP,beyond,163
CYP,broco,163
CYP,smoke,163
CYP,korean,163
CYP,philad,162
CYP,lemona,162
CYP,mitsides,161
CYP,rolls,161
CYP,dr pepper,161
CYP,wheat,161
CYP,тунец,161
CYP,kef,161
CYP,halloum,160
CYP,apricot,160
CYP,smoking,160
CYP,scale,160
CYP,perri,160
CYP,mons,160
CYP,лед,160
CYP,garbage bags,160
CYP,Ice,160
CYP,ar,159
CYP,туалетная,159
CYP,breas,159
CYP,purina,159
CYP,παγωτο,159
CYP,colour,159
CYP,tzatziki,159
CYP,charalambides,159
CYP,ru,158
CYP,pickled,158
CYP,cards,158
CYP,tortill,158
CYP,papafi,158
CYP,alcohol free,158
CYP,deli,158
CYP,spo,158
CYP,γάλα,157
CYP,mushroo,157
CYP,energy drink,157
CYP,pum,157
CYP,milk cream,156
CYP,cha,156
CYP,eye,156
CYP,chesse,156
CYP,soft drinks,156
CYP,go,156
CYP,cal,156
CYP,zucc,155
CYP,tissu,155
CYP,hein,155
CYP,dishwas,155
CYP,капуста,155
CYP,hon,155
CYP,cand,155
CYP,pepperoni,155
CYP,Chicken,155
CYP,wo,155
CYP,arie,155
CYP,loun,154
CYP,toys,154
CYP,was,154
CYP,tooth brush,154
CYP,sause,153
CYP,pringl,153
CYP,picco,153
CYP,lamp,153
CYP,milko,153
CYP,fiji,152
CYP,bac,152
CYP,frozen yogurt,152
CYP,water melon,152
CYP,авокадо,151
CYP,vimto,151
CYP,xixo,151
CYP,chicken fillet,151
CYP,da,151
CYP,spicy,151
CYP,pears,151
CYP,ayran,151
CYP,garlic bread,150
CYP,pancakes,150
CYP,skla,149
CYP,mexican,149
CYP,plas,149
CYP,chocolat,149
CYP,m&,149
CYP,zer,148
CYP,kabanos,148
CYP,masca,148
CYP,sand,148
CYP,plast,148
CYP,whey,148
CYP,lava,148
CYP,pel,148
CYP,клубника,148
CYP,marsh,148
CYP,wi,148
CYP,туалетная бумага,147
CYP,tamp,147
CYP,foot,147
CYP,dark choco,147
CYP,bell pepper,147
CYP,ρυζι,147
CYP,ste,147
CYP,friso,147
CYP,fant,147
CYP,hair color,147
CYP,kerrygold,146
CYP,du,146
CYP,tam,146
CYP,notebook,146
CYP,mix,146
CYP,si,146
CYP,ouzo,146
CYP,ive,146
CYP,tray,145
CYP,dust,145
CYP,listerine,145
CYP,little,145
CYP,mal,145
CYP,dome,145
CYP,toilet p,145
CYP,skyr,145
CYP,nou,145
CYP,morning coffee,145
CYP,iced tea,145
CYP,lu,144
CYP,cornfl,144
CYP,handwash,144
CYP,nap,144
CYP,gas,144
CYP,kitten,144
CYP,cones,144
CYP,cling,144
CYP,soupline,144
CYP,peri,144
CYP,starbu,144
CYP,вино,144
CYP,osem,143
CYP,pom,143
CYP,Ice cream,143
CYP,dark ch,143
CYP,grapefruit,143
CYP,pelle,143
CYP,protein yogurt,143
CYP,αλευρι,143
CYP,spice,143
CYP,vod,143
CYP,sta,143
CYP,crac,143
CYP,teriyaki,142
CYP,vitamin,142
CYP,pizz,142
CYP,wood,142
CYP,franu,142
CYP,ol,142
CYP,seven up,142
CYP,baby oil,142
CYP,sard,142
CYP,vineg,141
CYP,nail polish,141
CYP,coal,141
CYP,dela,141
CYP,ice cube,141
CYP,yoggies,141
CYP,rio,141
CYP,eurika,141
CYP,wh,141
CYP,on,141
CYP,corny,141
CYP,conde,140
CYP,cole,140
CYP,proseco,140
CYP,radish,140
CYP,cooki,140
CYP,Eggs,140
CYP,cheese slice,139
CYP,monami,139
CYP,almond butter,139
CYP,spring onion,139
CYP,schar,139
CYP,oral b,139
CYP,qu,139
CYP,vi,139
CYP,milk delact,139
CYP,chickpea,139
CYP,egs,139
CYP,glute,139
CYP,dishwashing,139
CYP,chorizo,139
CYP,прокладки,139
CYP,breast,139
CYP,hallo,139
CYP,kell,138
CYP,caps,138
CYP,cilantro,138
CYP,dish wash,138
CYP,kitc,138
CYP,com,138
CYP,rice ca,138
CYP,cocktail,138
CYP,protein cheese,138
CYP,γιαούρτι,137
CYP,dish washer,137
CYP,pest,137
CYP,fox,137
CYP,nappies,137
CYP,dumpling,137
CYP,hope,137
CYP,halo,137
CYP,arizona,137
CYP,tilda,137
CYP,mouth,137
CYP,skinny,137
CYP,грибы,136
CYP,we,136
CYP,couscous,136
CYP,nesq,136
CYP,gi,136
CYP,lou,136
CYP,old,136
CYP,bee bros,136
CYP,butte,135
CYP,Cheese,135
CYP,peroni,135
CYP,carl,135
CYP,lube,135
CYP,gift bag,135
CYP,cere,135
CYP,свекла,135
CYP,бананы,135
CYP,forest,135
CYP,senso,135
CYP,cyprus,135
CYP,grenade,135
CYP,frou,135
CYP,chese,134
CYP,make up,134
CYP,ja,134
CYP,blender,134
CYP,passion,134
CYP,sn,134
CYP,gourmet,134
CYP,papri,134
CYP,jell,134
CYP,win,134
CYP,limes,133
CYP,sparklin,133
CYP,cotton buds,133
CYP,snac,133
CYP,fresh juice,133
CYP,foam,133
CYP,kiosk,133
CYP,keanita,133
CYP,lavash,133
CYP,мясо,133
CYP,hone,133
CYP,bri,133
CYP,joghurt,132
CYP,party,132
CYP,tabasco,132
CYP,heineken,132
CYP,cabb,132
CYP,ala,132
CYP,octopus,132
CYP,protein bars,132
CYP,mozzarela,132
CYP,floor cleaner,132
CYP,vaseline,131
CYP,super spoon,131
CYP,watwr,131
CYP,alco,131
CYP,бумага,131
CYP,illy,131
CYP,papper,131
CYP,dorito,131
CYP,watee,131
CYP,fay,131
CYP,овсянка,131
CYP,креветки,131
CYP,карто,131
CYP,he,131
CYP,fair,131
CYP,bak,130
CYP,grana,130
CYP,ready,130
CYP,пакеты,130
CYP,swimming,130
CYP,шампунь,130
CYP,кетчуп,130
CYP,lotion,130
CYP,ched,130
CYP,pat,130
CYP,dishwasher salt,130
CYP,air fryer,130
CYP,cheesecake,130
CYP,krikri,130
CYP,nescaf,130
CYP,gummies,130
CYP,prosciutto,129
CYP,mat,129
CYP,leek,129
CYP,зубная паста,129
CYP,raspberries,129
CYP,barbe,129
CYP,protein drink,129
CYP,burg,129
CYP,san pe,129
CYP,eater,129
CYP,dubai,129
CYP,sm,129
CYP,mixer,129
CYP,sanitary,129
CYP,asparagus,129
CYP,spam,129
CYP,raisins,128
CYP,bal,128
CYP,hazelnut,128
CYP,malt,128
CYP,chicken nuggets,128
CYP,rocky,128
CYP,jasmine,128
CYP,dessert,128
CYP,dijon,128
CYP,perfume,128
CYP,cone,128
CYP,beef jerky,128
CYP,oat flour,128
CYP,Nutella,127
CYP,wal,127
CYP,condition,127
CYP,bas,127
CYP,sheep,127
CYP,cranb,127
CYP,smir,127
CYP,redbu,127
CYP,protein powder,127
CYP,coron,127
CYP,tzat,127
CYP,san pellegrino,127
CYP,pinea,126
CYP,electro,126
CYP,free,126
CYP,ortiz,126
CYP,pepe,126
CYP,νερα,126
CYP,razors,126
CYP,lent,126
CYP,capsu,126
CYP,seaweed,126
CYP,healthy habits,126
CYP,νερό,126
CYP,smirnoff,126
CYP,glu,126
CYP,nirvana,126
CYP,agios,126
CYP,dips,125
CYP,spagh,125
CYP,hari,125
CYP,burra,125
CYP,turmeric,125
CYP,банан,125
CYP,ni,125
CYP,томатная паста,125
CYP,conden,125
CYP,alpr,125
CYP,салат,125
CYP,emmi,125
CYP,antibacterial,125
CYP,whole wheat,125
CYP,alm,125
CYP,pie,125
CYP,la va,124
CYP,canned,124
CYP,chia seeds,124
CYP,frozen vegetables,124
CYP,hallumi,124
CYP,diet coke,124
CYP,кукуруза,124
CYP,tvo,124
CYP,makeup,124
CYP,guacamole,124
CYP,mozzar,124
CYP,popc,124
CYP,oa,124
CYP,canderel,124
CYP,tarama,124
CYP,pu,124
CYP,minc,124
CYP,ветчина,124
CYP,herring,123
CYP,chocolate chip,123
CYP,grano,123
CYP,cafe,123
CYP,soya milk,123
CYP,cris,123
CYP,masti,123
CYP,macallan,123
CYP,breadcrumbs,123
CYP,shwe,122
CYP,frou frou,122
CYP,ferrero,122
CYP,klee,122
CYP,babybel,122
CYP,del,122
CYP,stain,121
CYP,seed of,121
CYP,toy,121
CYP,parmezan,121
CYP,herbs,121
CYP,protein pudding,121
CYP,fillet,121
CYP,rusk,121
CYP,cold,121
CYP,malte,121
CYP,rasberry,121
CYP,comf,121
CYP,parmi,121
CYP,pelegrino,121
CYP,Philadelphia,121
CYP,antiseptic,121
CYP,all bran,120
CYP,brocoli,120
CYP,фрукты,120
CYP,chicken thigh,120
CYP,mevgal,120
CYP,nutela,119
CYP,halumi,119
CYP,non alco,119
CYP,diap,119
CYP,dia,119
CYP,mineral water,119
CYP,almond flour,119
CYP,multi,119
CYP,buld,119
CYP,sani,119
CYP,capers,119
CYP,condit,119
CYP,flakes,119
CYP,frozen veg,119
CYP,gre,119
CYP,семечки,119
CYP,bulda,119
CYP,adaptor,118
CYP,cigare,118
CYP,cash,118
CYP,m&ms,118
CYP,karpos,118
CYP,non al,118
CYP,μακαρονια,118
CYP,tacos,118
CYP,alum,118
CYP,raviol,118
CYP,towels,118
CYP,lac,118
CYP,calgon,118
CYP,electrolytes,118
CYP,ph,118
CYP,weeta,118
CYP,bakin,118
CYP,mc,118
CYP,whisky,118
CYP,saint,118
CYP,wolt market,118
CYP,chlo,117
CYP,cheese grated,117
CYP,mascar,117
CYP,σακουλες,117
CYP,waln,117
CYP,tefal,117
CYP,beef mince,117
CYP,spagetti,117
CYP,s26,117
CYP,rio mare,117
CYP,fre,117
CYP,delac,117
CYP,nann,116
CYP,man,116
CYP,nectarine,116
CYP,gua,116
CYP,dor,116
CYP,han,116
CYP,lim,116
CYP,marlboro,116
CYP,ketchu,116
CYP,warer,116
CYP,special k,116
CYP,famo,116
CYP,bacardi,116
CYP,war,116
CYP,icec,116
CYP,unsalted,116
CYP,biscu,116
CYP,chlor,116
CYP,pist,116
CYP,callow,116
CYP,лосось,116
CYP,tan,115
CYP,greek yog,115
CYP,metr,115
CYP,comfo,115
CYP,hair gel,115
CYP,sensodyne,115
CYP,kerry,115
CYP,trash bags,115
CYP,froz,115
CYP,оливки,115
CYP,vanila,115
CYP,militsa,115
CYP,president,115
CYP,mac,115
CYP,cabba,115
CYP,peppe,115
CYP,ground,114
CYP,little moons,114
CYP,гель для душа,114
CYP,baked beans,114
CYP,cling film,114
CYP,bari,114
CYP,perrie,114
CYP,burger bun,113
CYP,skip,113
CYP,wol,113
CYP,garb,113
CYP,burat,113
CYP,buckw,113
CYP,el,113
CYP,carob,113
CYP,syrop,113
CYP,mor,113
CYP,glasses,113
CYP,corn fl,113
CYP,cab,113
CYP,aaa,113
CYP,мороженное,113
CYP,ghee,113
CYP,washi,113
CYP,toothpas,113
CYP,gala,113
CYP,cin,113
CYP,detto,112
CYP,pastrami,112
CYP,rasb,112
CYP,bamba,112
CYP,pele,112
CYP,frozen fruits,112
CYP,burger buns,112
CYP,dark choc,112
CYP,chedd,112
CYP,орехи,112
CYP,snack a jacks,112
CYP,waff,111
CYP,puff,111
CYP,coria,111
CYP,soa,111
CYP,mosqui,111
CYP,beetr,111
CYP,granol,111
CYP,chicken mince,111
CYP,tra,111
CYP,cornf,111
CYP,aspa,111
CYP,crou,111
CYP,raisin,111
CYP,fanta zero,111
CYP,soy milk,111
CYP,cel,111
CYP,alway,111
CYP,softner,111
CYP,shoe,111
CYP,peppa,111
CYP,flup,110
CYP,rusks,110
CYP,tomate,110
CYP,edama,110
CYP,magn,110
CYP,borjo,110
CYP,celer,110
CYP,glov,110
CYP,palmo,110
CYP,agave,110
CYP,garba,110
CYP,muffin,110
CYP,maison,110
CYP,brio,110
CYP,corn flour,110
CYP,pl,109
CYP,hot sauce,109
CYP,aja,109
CYP,musta,109
CYP,sk,109
CYP,ahmad,109
CYP,alw,109
CYP,wasser,109
CYP,papaya,109
CYP,хлопья,109
CYP,iron water,109
CYP,sardin,109
CYP,sprinkles,109
CYP,microfiber,108
CYP,toothpa,108
CYP,rubbish,108
CYP,popco,108
CYP,ton,108
CYP,kitchen ro,108
CYP,cocacola,108
CYP,gatorade,108
CYP,airan,108
CYP,coca col,108
CYP,tena,108
CYP,mouse,108
CYP,smi,108
CYP,salted,108
CYP,ber,108
CYP,dairy,108
CYP,limon,107
CYP,snack a jack,107
CYP,eda,107
CYP,хлебцы,107
CYP,пакет,107
CYP,bla,107
CYP,Rice,107
CYP,non alc,107
CYP,vanill,107
CYP,parmes,107
CYP,χαλουμι,107
CYP,shav,107
CYP,iqos,107
CYP,red pepper,106
CYP,liquid soap,106
CYP,gu,106
CYP,starch,106
CYP,flax,106
CYP,halls,106
CYP,weet,106
CYP,bea,106
CYP,cerea,106
CYP,nails,106
CYP,ψωμί,106
CYP,loa,106
CYP,mashroom,106
CYP,protein ice,106
CYP,film,106
CYP,men,106
CYP,scissors,106
CYP,frozen yo,106
CYP,san pel,106
CYP,van,105
CYP,pink lady,105
CYP,coca c,105
CYP,garlic powder,105
CYP,wine red,105
CYP,aeroxol,105
CYP,grigoriou,105
CYP,guiness,105
CYP,green cola,105
CYP,hotdog,105
CYP,петрушка,105
CYP,meatballs,105
CYP,digest,105
CYP,Protein,105
CYP,квас,105
CYP,pre,105
CYP,cous,105
CYP,rizla,105
CYP,baril,105
CYP,chicken wings,104
CYP,socks,104
CYP,chara,104
CYP,scotch,104
CYP,shaver,104
CYP,fai,104
CYP,in,104
CYP,teri,104
CYP,protein milk,104
CYP,syr,104
CYP,protein shake,104
CYP,water wipes,104
CYP,carroten,104
CYP,ging,104
CYP,arox,104
CYP,hairspray,104
CYP,sweet potatoes,103
CYP,yogi,103
CYP,domesto,103
CYP,choclate,103
CYP,sesame oil,103
CYP,washing powder,103
CYP,tablets,103
CYP,proc,103
CYP,charc,103
CYP,ягоды,103
CYP,Butter,103
CYP,arla protein,103
CYP,puree,103
CYP,usb,103
CYP,iceb,103
CYP,pecorino,103
CYP,tampo,102
CYP,len,102
CYP,danone,102
CYP,порошок,102
CYP,sos,102
CYP,condensed milk,102
CYP,βρωμη,102
CYP,nugg,102
CYP,veget,102
CYP,prosec,102
CYP,gyoza,102
CYP,rice flour,102
CYP,papafili,102
CYP,baby planet,102
CYP,snikers,102
CYP,ginger beer,101
CYP,chicken burger,101
CYP,wafer,101
CYP,cream ch,101
CYP,capsul,101
CYP,cauli,101
CYP,brow,101
CYP,γιαου,101
CYP,vega,101
CYP,plastic cup,101
CYP,mozar,101
CYP,lin,101
CYP,kitchen pap,101
CYP,sesam,101
CYP,cri,101
CYP,pampe,101
CYP,charala,100
CYP,condo,100
CYP,porridge,100
CYP,bolognese,100
CYP,biscui,100
CYP,red bu,100
CYP,cherry tomatoes,100
CYP,bagels,100
CYP,corian,100
CYP,oral,100
CYP,melissa,100
CYP,bay,100
CYP,oyster,100
CYP,tahi,100
CYP,louvi,100
CYP,nairns,100
CYP,μπισκοτα,100
CYP,sea salt,100
CYP,dental,100
CYP,cooler,100
CYP,cofe,99
CYP,sausag,99
CYP,blue cheese,99
CYP,chickp,99
CYP,citr,99
CYP,paper toilet,99
CYP,shaker,99
CYP,white bread,99
CYP,paper roll,99
CYP,body soap,99
CYP,soap bar,99
CYP,ches,99
CYP,papr,99
CYP,woter,99
CYP,chopped,99
CYP,γαλοπουλα,99
CYP,barebells,99
CYP,bree,99
CYP,νερ,99
CYP,snick,99
CYP,test,99
CYP,fla,99
CYP,anar,99
CYP,vanilla extract,99
CYP,popcor,99
CYP,after,99
CYP,sy,99
CYP,cl,98
CYP,sunflo,98
CYP,basma,98
CYP,cable,98
CYP,dump,98
CYP,pellini,98
CYP,minced beef,98
CYP,lau,98
CYP,greek y,98
CYP,protein ice cream,98
CYP,pape,98
CYP,dure,98
CYP,Coffee,98
CYP,aqua,98
CYP,avocado oil,98
CYP,cheet,98
CYP,smok,98
CYP,ris,98
CYP,mirinda,98
CYP,γιαουρτ,98
CYP,bialetti,98
CYP,pronto,98
CYP,kale,98
CYP,dixa,97
CYP,heavy,97
CYP,λαδι,97
CYP,pant,97
CYP,cats,97
CYP,red b,97
CYP,mold,97
CYP,body cream,97
CYP,redbul,97
CYP,creatine,97
CYP,moscato,97
CYP,planet,97
CYP,overlay,97
CYP,solt,97
CYP,ice te,97
CYP,wagmi,97
CYP,cheese slices,97
CYP,twi,97
CYP,tr,97
CYP,french,97
CYP,lact,97
CYP,dom,97
CYP,clo,97
CYP,zero coke,97
CYP,ice t,97
CYP,chewing gum,97
CYP,squishy,96
CYP,zuch,96
CYP,napki,96
CYP,hair oil,96
CYP,ground beef,96
CYP,vinega,96
CYP,aro,96
CYP,coka,96
CYP,lubricant,96
CYP,fett,96
CYP,curl,96
CYP,sliced cheese,96
CYP,blueber,96
CYP,rico,96
CYP,icecre,96
CYP,champagne,96
CYP,nairn,96
CYP,cele,96
CYP,paint,96
CYP,paper to,96
CYP,bulb,96
CYP,houm,96
CYP,κοτοπουλο,96
CYP,pedigree,96
CYP,yogg,96
CYP,panini world cup,95
CYP,hair colour,95
CYP,lount,95
CYP,iams,95
CYP,cotage,95
CYP,Salustar,95
CYP,nutri,95
CYP,jer,95
CYP,огур,95
CYP,мед,95
CYP,hi,95
CYP,cinammon,95
CYP,conditio,95
CYP,microwave,95
CYP,vo,95
CYP,nugget,95
CYP,prunes,95
CYP,icetea,95
CYP,pambers,95
CYP,jamon,95
CYP,kleen,95
CYP,skittles,95
CYP,guac,95
CYP,whipped,95
CYP,spage,95
CYP,alu,94
CYP,hipro,94
CYP,chamomile,94
CYP,jalapeno,94
CYP,sriracha,94
CYP,suger,94
CYP,parsle,94
CYP,sweet and sour,94
CYP,balsa,94
CYP,бекон,94
CYP,pretzel,94
CYP,baked,94
CYP,dishw,94
CYP,alumi,94
CYP,shr,94
CYP,sorbet,94
CYP,papadopoulou,94
CYP,chike,94
CYP,kr,94
CYP,gri,94
CYP,sheba,94
CYP,Yogurt,94
CYP,σερβιετες,94
CYP,el sabor,94
CYP,airwick,94
CYP,capr,94
CYP,champ,94
CYP,cinamon,94
CYP,marl,94
CYP,rice c,93
CYP,summer,93
CYP,индейка,93
CYP,rice cak,93
CYP,fo,93
CYP,salted caramel,93
CYP,regis,93
CYP,sol,93
CYP,white vinegar,93
CYP,rude,93
CYP,italian,93
CYP,lasagna,93
CYP,nect,93
CYP,black beans,93
CYP,bisco,93
CYP,snak,93
CYP,por,93
CYP,i e,93
CYP,hei,93
CYP,green onion,93
CYP,ben and,93
CYP,nutmeg,92
CYP,breaf,92
CYP,high protein,92
CYP,table,92
CYP,salads,92
CYP,fil,92
CYP,cuca,92
CYP,plaster,92
CYP,pure,92
CYP,savo,92
CYP,sistema,92
CYP,mayonaise,92
CYP,lidl,92
CYP,perwoll,92
CYP,киндер,92
CYP,cheeto,92
CYP,pell,92
CYP,storage,92
CYP,wet w,92
CYP,mamos,92
CYP,vepo,92
CYP,Tomato,92
CYP,barill,92
CYP,glut,92
CYP,sema,92
CYP,fris,92
CYP,smeta,92
CYP,βουτυρο,92
CYP,praw,92
CYP,malibu,92
CYP,пармезан,92
CYP,nectarines,91
CYP,toothpick,91
CYP,sliced bread,91
CYP,squ,91
CYP,соус,91
CYP,kinde,91
CYP,balsam,91
CYP,miso,91
CYP,gillette,91
CYP,tab,91
CYP,beer 0,91
CYP,cerial,91
CYP,Karen,91
CYP,chicco,91
CYP,fresh cre,91
CYP,бритва,91
CYP,plug,91
CYP,napk,90
CYP,hamon,90
CYP,pecan,90
CYP,act,90
CYP,youghurt,90
CYP,rice pudding,90
CYP,wet wip,90
CYP,cina,90
CYP,frangou,90
CYP,grillm,90
CYP,buds,90
CYP,cauliflower,90
CYP,κιμας,90
CYP,parmigiano,90
CYP,apple cider,90
CYP,aero,90
CYP,farin,90
CYP,wc,90
CYP,carot,90
CYP,перчатки,90
CYP,mosqu,89
CYP,chewing,89
CYP,alamb,89
CYP,guin,89
CYP,soft drink,89
CYP,zott,89
CYP,dum,89
CYP,alumin,89
CYP,robin,89
CYP,Starbucks,89
CYP,ac,89
CYP,squid,89
CYP,shrim,89
CYP,vodk,89
CYP,ravio,89
CYP,toba,89
CYP,помидор,89
CYP,dorit,89
CYP,bic,89
CYP,pencil,89
CYP,Juice,89
CYP,yu,89
CYP,hanger,89
CYP,gerol,89
CYP,mentos,89
CYP,flora,89
CYP,fish fingers,89
CYP,still water,88
CYP,filo,88
CYP,fuet,88
CYP,τυρί,88
CYP,lorenz,88
CYP,alc,88
CYP,world,88
CYP,san pele,88
CYP,indian,88
CYP,протеин,88
CYP,file,88
CYP,rice noodles,88
CYP,marker,88
CYP,tara,88
CYP,sweet pota,88
CYP,cham,88
CYP,rib,88
CYP,brocolli,88
CYP,tonic water,88
CYP,barb,88
CYP,mice,88
CYP,humble,88
CYP,зубная,87
CYP,сырок,87
CYP,omo,87
CYP,custard,87
CYP,vegan cheese,87
CYP,orange ju,87
CYP,seabass,87
CYP,zefir,87
CYP,disposable,87
CYP,jar,87
CYP,sklavenitis,87
CYP,soya sauce,87
CYP,croissa,87
CYP,pomegra,87
CYP,panc,87
CYP,maple syrup,87
CYP,skl,87
CYP,acid,87
CYP,капсулы,87
CYP,rose water,87
CYP,tin,87
CYP,горчица,87
CYP,har,87
CYP,gelatin,87
CYP,lady,87
CYP,tof,87
CYP,baco,87
CYP,natura,87
CYP,aa,87
CYP,gauda,86
CYP,necta,86
CYP,wella,86
CYP,огурец,86
CYP,pomeg,86
CYP,brown rice,86
CYP,grillma,86
CYP,spinac,86
CYP,sri,86
CYP,jaco,86
CYP,cooking oil,86
CYP,whipped cream,86
CYP,kind,86
CYP,губка,86
CYP,rock,86
CYP,mashr,86
CYP,papafil,86
CYP,egga,86
CYP,banana milk,86
CYP,borjom,86
CYP,far,86
CYP,john frieda,86
CYP,nature,86
CYP,aper,86
CYP,iced,86
CYP,сгущенка,85
CYP,tzatz,85
CYP,batte,85
CYP,chicken stock,85
CYP,latte,85
CYP,fresh milk,85
CYP,french fries,85
CYP,ener,85
CYP,smoothie,85
CYP,κρεμα,85
CYP,washin,85
CYP,lettuc,85
CYP,houmous,85
CYP,sme,85
CYP,фета,85
CYP,plant,85
CYP,smo,85
CYP,ze,85
CYP,apri,85
CYP,томат,85
CYP,barbie,85
CYP,fresh crea,85
CYP,wedges,85
CYP,малина,84
CYP,indomie,84
CYP,innocent,84
CYP,tomato sau,84
CYP,ντοματες,84
CYP,hand cream,84
CYP,maltesers,84
CYP,waffles,84
CYP,panadol,84
CYP,water bottle,84
CYP,moth,84
CYP,cat f,84
CYP,sourot,84
CYP,oatmilk,84
CYP,peperoni,84
CYP,gillet,84
CYP,bread crumbs,84
CYP,sod,84
CYP,brita,84
CYP,kitchen r,84
CYP,veggie,84
CYP,twirl,84
CYP,orange jui,84
CYP,organi,84
CYP,μαλακτικο,84
CYP,Beer,84
CYP,cream chee,84
CYP,mang,84
CYP,lisko,84
CYP,sourd,83
CYP,croissants,83
CYP,crepe,83
CYP,mea,83
CYP,ana,83
CYP,raspb,83
CYP,free range,83
CYP,cornfla,83
CYP,masc,83
CYP,oat mil,83
CYP,basket,83
CYP,stev,83
CYP,inflatable,83
CYP,aroma,83
CYP,olive o,83
CYP,forest feast,83
CYP,whipping cream,83
CYP,coconat,83
CYP,instant coffee,83
CYP,coconut cream,83
CYP,je,83
CYP,sr,83
CYP,san pelegrino,83
CYP,bob,83
CYP,frisogrow,83
CYP,yoga,83
CYP,barbeque,83
CYP,wee,83
CYP,dige,83
CYP,шпинат,83
CYP,Chips,83
CYP,peanut bu,83
CYP,cotto,83
CYP,rye,83
CYP,zi,82
CYP,mr brown,82
CYP,marshmallow,82
CYP,sanit,82
CYP,mob,82
CYP,σφου,82
CYP,bitter,82
CYP,hip,82
CYP,watter,82
CYP,fer,82
CYP,ice coffee,82
CYP,leno,82
CYP,cit,82
CYP,halva,82
CYP,sandw,82
CYP,actim,82
CYP,rose wine,82
CYP,siracha,82
CYP,air wick,82
CYP,azax,82
CYP,hair removal,82
CYP,морож,82
CYP,αλατι,82
CYP,baking po,82
CYP,lactacyd,82
CYP,cocoa powder,82
CYP,cinna,82
CYP,sardi,82
CYP,губки,81
CYP,wooden,81
CYP,черешня,81
CYP,dark c,81
CYP,charalam,81
CYP,cornstarch,81
CYP,toothbr,81
CYP,huggies,81
CYP,icecrea,81
CYP,dragon,81
CYP,лапша,81
CYP,wet wi,81
CYP,smet,81
CYP,dove soap,81
CYP,fis,81
CYP,cleaner,81
CYP,ватные,81
CYP,smarties,81
CYP,juce,81
CYP,sam,81
CYP,katerina,81
CYP,μωρομαντηλα,81
CYP,mousse,81
CYP,pistachios,81
CYP,καρ,80
CYP,sl,80
CYP,pomegr,80
CYP,зелень,80
CYP,lasagne,80
CYP,sq,80
CYP,every day,80
CYP,baby wi,80
CYP,candies,80
CYP,bou,80
CYP,diges,80
CYP,swi,80
CYP,cucmber,80
CYP,ice-cream,80
CYP,тесто,80
CYP,toothb,80
CYP,tee,80
CYP,cac,80
CYP,meggle,80
CYP,lipt,80
CYP,nesp,80
CYP,meal,80
CYP,milk chocolate,80
CYP,conditi,80
CYP,protein yoghurt,79
CYP,coffee cap,79
CYP,san p,79
CYP,roc,79
CYP,septona,79
CYP,pata,79
CYP,zo,79
CYP,dete,79
CYP,intimate,79
CYP,ξυδι,79
CYP,pumpkin seeds,79
CYP,magi,79
CYP,acetone,79
CYP,palm,79
CYP,courgette,79
CYP,shw,79
CYP,dressing,79
CYP,halou,79
CYP,plums,79
CYP,gil,79
CYP,souvlaki,79
CYP,cas,79
CYP,bake roll,79
CYP,carpet,79
CYP,hagen,79
CYP,toast bread,78
CYP,toilet cleaner,78
CYP,cereal bar,78
CYP,robinson,78
CYP,coca zero,78
CYP,show,78
CYP,aloe vera,78
CYP,wettex,78
CYP,pringle,78
CYP,football,78
CYP,пита,78
CYP,ele,78
CYP,caper,78
CYP,persil,78
CYP,she,78
CYP,moch,78
CYP,coffee mate,78
CYP,mortadella,78
CYP,gril,78
CYP,egg whites,78
CYP,vita,78
CYP,unsalted butter,77
CYP,wudy,77
CYP,qui,77
CYP,kor,77
CYP,non alcoholic,77
CYP,para,77
CYP,τονος,77
CYP,fuze,77
CYP,fila,77
CYP,prosecc,77
CYP,an,77
CYP,pistac,77
CYP,frozen straw,77
CYP,mushro,77
CYP,lur,77
CYP,ev,77
CYP,natural,77
CYP,eur,77
CYP,eggpl,77
CYP,baby w,77
CYP,вишня,77
CYP,shower ge,77
CYP,all,77
CYP,pina,77
CYP,fire,77
CYP,risotto,77
CYP,hair brush,77
CYP,sweet chilli,77
CYP,lurpa,77
CYP,sti,77
CYP,taki,77
CYP,hamburger,77
CYP,cur,77
CYP,υγρο,77
CYP,χυμος,77
CYP,nefeli,76
CYP,tz,76
CYP,san pell,76
CYP,chedar,76
CYP,lean,76
CYP,mojito,76
CYP,laun,76
CYP,bra,76
CYP,gravy,76
CYP,chea,76
CYP,stevi,76
CYP,фасоль,76
CYP,seed of happiness,76
CYP,sweet potat,76
CYP,fres,76
CYP,lebanese,76
CYP,jacob,76
CYP,sav,76
CYP,sofa,76
CYP,pine nuts,76
CYP,jala,76
CYP,rais,76
CYP,forks,76
CYP,pittes,76
CYP,candl,76
CYP,cinn,76
CYP,brownie,76
CYP,bolo,76
CYP,pork chop,76
CYP,dye,76
CYP,airani,76
CYP,κρι κρι,75
CYP,fabric softener,75
CYP,deterg,75
CYP,molisana,75
CYP,clea,75
CYP,low fat,75
CYP,πα,75
CYP,cru,75
CYP,super glue,75
CYP,свр,75
CYP,chease,75
CYP,влажные салфетки,75
CYP,earl grey,75
CYP,ζαχαρη,75
CYP,electrol,75
CYP,gluten free bread,75
CYP,amalia,75
CYP,mixed,75
CYP,sushi rice,75
CYP,trata,75
CYP,ultrex,75
CYP,panca,75
CYP,говядина,75
CYP,parmesa,75
CYP,hot wheels,75
CYP,serenata,75
CYP,sera,75
CYP,raz,75
CYP,baking pow,75
CYP,гель,75
CYP,oshe,75
CYP,acai,75
CYP,period,75
CYP,earl,75
CYP,shower g,75
CYP,uncle,75
CYP,icing,75
CYP,cad,74
CYP,piz,74
CYP,bage,74
CYP,chill berry,74
CYP,kl,74
CYP,mirin,74
CYP,rice cr,74
CYP,shar,74
CYP,cam,74
CYP,plat,74
CYP,petit,74
CYP,rigatoni,74
CYP,sem,74
CYP,deto,74
CYP,vase,74
CYP,milk powder,74
CYP,rucola,74
CYP,cocnut,74
CYP,chocolate dark,74
CYP,musli,74
CYP,lip balm,74
CYP,jel,74
CYP,comfor,74
CYP,blade,74
CYP,laund,74
CYP,prosseco,74
CYP,rasbe,74
CYP,icecr,74
CYP,sweet chili,74
CYP,kaba,74
CYP,tiramisu,74
CYP,pineap,74
CYP,max,74
CYP,extension,74
CYP,osh,74
CYP,quacker,74
CYP,jasmine rice,74
CYP,μελι,74
CYP,coca co,74
CYP,pelm,73
CYP,coco pops,73
CYP,lasa,73
CYP,taxini,73
CYP,spring roll,73
CYP,pokka,73
CYP,raf,73
CYP,dumpl,73
CYP,cottage ch,73
CYP,berri,73
CYP,kebab,73
CYP,viakal,73
CYP,tonys,73
CYP,sunf,73
CYP,φρουτα,73
CYP,ai,73
CYP,ευρηκα,73
CYP,cou,73
CYP,kitchen pa,73
CYP,stickers,73
CYP,panini stickers,73
CYP,back,73
CYP,sudo,73
CYP,baby wip,73
CYP,sli,73
CYP,hazel,73
CYP,harib,72
CYP,lurp,72
CYP,tomato sa,72
CYP,baki,72
CYP,mashed,72
CYP,th,72
CYP,ravioles,72
CYP,mouth wash,72
CYP,perie,72
CYP,mintikkis,72
CYP,humu,72
CYP,sun dried,72
CYP,kakao,72
CYP,protein yo,72
CYP,яйц,72
CYP,go ahead,72
CYP,nach,72
CYP,riz,72
CYP,shot,72
CYP,Schweppes,72
CYP,kidney,72
CYP,rude health,72
CYP,ananas,72
CYP,spaghe,72
CYP,caro,72
CYP,pick up,72
CYP,hummu,72
CYP,washing liquid,72
CYP,nature valley,71
CYP,cadb,71
CYP,fennel,71
CYP,margarine,71
CYP,delact milk,71
CYP,plant based,71
CYP,cherry tom,71
CYP,taram,71
CYP,sunfl,71
CYP,tvoro,71
CYP,taba,71
CYP,electrolyte,71
CYP,arl,71
CYP,ore,71
CYP,toilet brush,71
CYP,mili,71
CYP,grill man,71
CYP,αλεύρι,71
CYP,papado,71
CYP,baby milk,71
CYP,scholl,71
CYP,teq,71
CYP,agr,71
CYP,kim,71
CYP,jalapenos,71
CYP,parma,71
CYP,tw,71
CYP,яй,71
CYP,λεμονια,71
CYP,greens,71
CYP,toilet pape,71
CYP,protien,71
CYP,mozzarel,70
CYP,a4,70
CYP,lunch box,70
CYP,попкорн,70
CYP,squa,70
CYP,maca,70
CYP,сваля,70
CYP,terr,70
CYP,σακου,70
CYP,cucamber,70
CYP,type c,70
CYP,souce,70
CYP,delta,70
CYP,rai,70
CYP,pizza dough,70
CYP,καρβουνα,70
CYP,stro,70
CYP,swiffer,70
CYP,ice pack,70
CYP,yogart,70
CYP,joh,70
CYP,mustar,70
CYP,cashews,70
CYP,mighty,70
CYP,deodor,70
CYP,seman,70
CYP,зефир,70
CYP,pregnancy,70
CYP,all purpose,70
CYP,chair,70
CYP,total,70
CYP,peanut b,70
CYP,pelme,70
CYP,johns,70
CYP,ancho,70
CYP,cat foo,70
CYP,уксус,70
CYP,bran,70
CYP,aceton,70
CYP,pop cor,70
CYP,zivania,69
CYP,cakes,69
CYP,corn fla,69
CYP,pip,69
CYP,ντομα,69
CYP,tou,69
CYP,tassimo,69
CYP,corn starch,69
CYP,face cream,69
CYP,fiber,69
CYP,kykk,69
CYP,φακες,69
CYP,polish,69
CYP,adult,69
CYP,tis,69
CYP,letuce,69
CYP,pampers premium,69
CYP,corr,69
CYP,pain,69
CYP,lenti,69
CYP,toothpast,69
CYP,harpic,69
CYP,mou,69
CYP,sundried,69
CYP,паста,69
CYP,jus,69
CYP,tomato p,69
CYP,kombu,69
CYP,vacuum,69
CYP,barba,69
CYP,για,68
CYP,watet,68
CYP,chinese,68
CYP,olive oi,68
CYP,gla,68
CYP,spoons,68
CYP,apricots,68
CYP,met,68
CYP,strained,68
CYP,chock,68
CYP,patch,68
CYP,beer non,68
CYP,мармелад,68
CYP,whip,68
CYP,яйцо,68
CYP,dildo,68
CYP,zuchini,68
CYP,wis,68
CYP,handsoap,68
CYP,κουβερτουρα,68
CYP,mam,68
CYP,καφες,68
CYP,brandy,68
CYP,body oil,68
CYP,curly,68
CYP,tomato past,68
CYP,chr,68
CYP,float,68
CYP,fingers,68
CYP,crunchy,67
CYP,lint,67
CYP,asp,67
CYP,pinot,67
CYP,ge,67
CYP,bubble,67
CYP,таорог,67
CYP,snicker,67
CYP,raspberr,67
CYP,tortellini,67
CYP,sanita,67
CYP,robinsons,67
CYP,razo,67
CYP,kei,67
CYP,sprin,67
CYP,oil spray,67
CYP,sar,67
CYP,αυγά,67
CYP,bagu,67
CYP,fin,67
CYP,deca,67
CYP,bref,67
CYP,brown bread,67
CYP,milk lactose,67
CYP,berezka,67
CYP,tah,67
CYP,yoghur,67
CYP,airfryer,67
CYP,ceasar,67
CYP,pow,67
CYP,mascara,67
CYP,raw,67
CYP,red bul,67
CYP,dov,67
CYP,brocco,67
CYP,hai,66
CYP,pudd,66
CYP,lub,66
CYP,penut,66
CYP,cutlery,66
CYP,masala,66
CYP,mic,66
CYP,donut,66
CYP,παγος,66
CYP,κακαο,66
CYP,chilly,66
CYP,tabs,66
CYP,roberto,66
CYP,adap,66
CYP,snacka,66
CYP,gui,66
CYP,pancetta,66
CYP,vegetarian,66
CYP,sparkling wine,66
CYP,rice vinegar,66
CYP,basi,66
CYP,tomato pas,66
CYP,pis,66
CYP,lam,66
CYP,mince meat,66
CYP,coce,66
CYP,lind,66
CYP,match,66
CYP,juices,66
CYP,cheece,65
CYP,white beans,65
CYP,kitchen rol,65
CYP,feta light,65
CYP,psy,65
CYP,waf,65
CYP,neskafe,65
CYP,mot,65
CYP,tablet,65
CYP,kleene,65
CYP,corriander,65
CYP,икра,65
CYP,fly,65
CYP,cloves,65
CYP,spe,65
CYP,cucumbe,65
CYP,gyro,65
CYP,natura siberica,65
CYP,tortilla chips,65
CYP,moni,65
CYP,icing sugar,65
CYP,томатная,65
CYP,σερβι,65
CYP,alo,65
CYP,leaves,65
CYP,kitchen p,65
CYP,ava,65
CYP,moc,65
CYP,komb,65
CYP,aubergine,65
CYP,colo,65
CYP,frisolac,65
CYP,smart,65
CYP,tere,65
CYP,bodywash,65
CYP,lactose free milk,65
CYP,krave,65
CYP,oi,65
CYP,jager,65
CYP,kinoa,65
CYP,frozen yoghurt,65
CYP,моро,65
CYP,sea bass,64
CYP,lipto,64
CYP,biscof,64
CYP,papadop,64
CYP,coffee bean,64
CYP,rafaello,64
CYP,sun cream,64
CYP,Lemon,64
CYP,hdmi,64
CYP,gums,64
CYP,hash,64
CYP,corn f,64
CYP,icr,64
CYP,kom,64
CYP,Pizza,64
CYP,gile,64
CYP,pets,64
CYP,nutr,64
CYP,οδοντο,64
CYP,moon,64
CYP,tob,64
CYP,ben &,64
CYP,λουβι,64
CYP,evia,64
CYP,eat real,64
CYP,κοτόπουλο,64
CYP,quark,64
CYP,crepes,64
CYP,asahi,64
CYP,perwol,64
CYP,фольга,64
CYP,моцарелла,64
CYP,trolli,64
CYP,σαπουνι,64
CYP,влажные,64
CYP,kiddo,64
CYP,gill,64
CYP,pepers,64
CYP,sauces,64
CYP,ros,64
CYP,chicken thighs,64
CYP,tvor,64
CYP,seafood,64
CYP,тампоны,64
CYP,cyprus coffee,64
CYP,sklav,63
CYP,cross,63
CYP,birth,63
CYP,frozen pizza,63
CYP,evi,63
CYP,pal,63
CYP,marm,63
CYP,water sparkling,63
CYP,mon ami,63
CYP,orange j,63
CYP,papafilippou,63
CYP,batiste,63
CYP,cottage chee,63
CYP,shaving cream,63
CYP,shi,63
CYP,eat,63
CYP,kri k,63
CYP,боржоми,63
CYP,gullon,63
CYP,ice cu,63
CYP,haa,63
CYP,crouton,63
CYP,kno,63
CYP,vile,63
CYP,marmelade,63
CYP,maybelline,63
CYP,non alcohol,63
CYP,rasberries,63
CYP,kerr,63
CYP,dark chocol,63
CYP,des,63
CYP,мята,63
CYP,dicora,63
CYP,eatlean,63
CYP,rice cra,63
CYP,freeze,63
CYP,μακαρόνια,63
CYP,suncream,63
CYP,coffee pods,63
CYP,dream,63
CYP,nec,63
CYP,ruc,63
CYP,paprica,63
CYP,корм,63
CYP,fructis,63
CYP,activ,62
CYP,toulet paper,62
CYP,smirn,62
CYP,fanta lemon,62
CYP,tommee,62
CYP,gno,62
CYP,dou,62
CYP,johnsons,62
CYP,brocol,62
CYP,lemon squash,62
CYP,wetties,62
CYP,arkadi,62
CYP,tortila,62
CYP,frappe,62
CYP,book,62
CYP,ντοματινια,62
CYP,citric,62
CYP,thermo,62
CYP,cracke,62
CYP,floo,62
CYP,whitening,62
CYP,clay,62
CYP,anchovies,62
CYP,pelleg,62
CYP,Pepsi,62
CYP,board,62
CYP,buis,62
CYP,caca,62
CYP,ea,62
CYP,pizza sauce,62
CYP,air freshener,62
CYP,edamam,62
CYP,wor,62
CYP,bus,62
CYP,nestea,62
CYP,dishes,62
CYP,rafa,62
CYP,fresh cr,62
CYP,кондиционер,62
CYP,соевый соус,62
CYP,til,62
CYP,garden,62
CYP,crunch,62
CYP,digesti,62
CYP,spic,62
CYP,frozen strawberries,61
CYP,σερ,61
CYP,balloon,61
CYP,glutenfree,61
CYP,care,61
CYP,avacado,61
CYP,chok,61
CYP,salustar,61
CYP,rifai,61
CYP,whiska,61
CYP,gillete,61
CYP,ky,61
CYP,map,61
CYP,smirnof,61
CYP,ironing,61
CYP,nair,61
CYP,Ariel,61
CYP,pineapp,61
CYP,arugula,61
CYP,bebe,61
CYP,molk,61
CYP,baker,61
CYP,barebell,61
CYP,cereal bars,61
CYP,ferr,61
CYP,babybell,61
CYP,παγωτό,61
CYP,mel,61
CYP,cachet,61
CYP,ag,61
CYP,uno,61
CYP,pra,61
CYP,dig,61
CYP,bulg,61
CYP,bb,61
CYP,frozen food,61
CYP,chedder,61
CYP,thomy,61
CYP,kid,61
CYP,vegan ice cream,61
CYP,toothpi,61
CYP,evr,61
CYP,ser,61
CYP,whipp,61
CYP,fide,61
CYP,rice crackers,61
CYP,bug,61
CYP,violanta,61
CYP,tomato pasta,61
CYP,baking pa,60
CYP,washing up,60
CYP,snic,60
CYP,passion fruit,60
CYP,comb,60
CYP,καρπουζι,60
CYP,sour cr,60
CYP,mulk,60
CYP,marinated,60
CYP,sour cre,60
CYP,glas,60
CYP,черри,60
CYP,black eye,60
CYP,toothpicks,60
CYP,spirit,60
CYP,hair conditioner,60
CYP,break,60
CYP,αφρολουτρο,60
CYP,sun lolly,60
CYP,какао,60
CYP,iceber,60
CYP,ψωμ,60
CYP,micellar,60
CYP,hangers,60
CYP,choko,60
CYP,distilled,60
CYP,johnsof,60
CYP,finn,60
CYP,μπαρες,60
CYP,sesa,60
CYP,indo,60
CYP,gold,60
CYP,walnu,60
CYP,tahin,60
CYP,yol,60
CYP,crispy,60
CYP,cabage,60
CYP,yellow,60
CYP,φραουλες,60
CYP,сода,60
CYP,basmati rice,60
CYP,svalya,60
CYP,κρεμα γαλακτος,60
CYP,tomato pa,60
CYP,ligh,60
CYP,кабачки,60
CYP,whater,60
CYP,red on,60
CYP,Chocolate,60
CYP,cucam,60
CYP,mais,60
CYP,under,60
CYP,vil,60
CYP,agro,60
CYP,togurt,60
CYP,jalap,60
CYP,wholegrain,60
CYP,wet toilet,60
CYP,tea bags,60
CYP,tuna in water,59
CYP,mug,59
CYP,rolling,59
CYP,jasmin,59
CYP,cleanser,59
CYP,nive,59
CYP,morning co,59
CYP,lemonad,59
CYP,αναρη,59
CYP,cream che,59
CYP,cota,59
CYP,sage,59
CYP,deodrant,59
CYP,loaker,59
CYP,yankee,59
CYP,flor,59
CYP,oxi,59
CYP,gif,59
CYP,σερβ,59
CYP,avokado,59
CYP,Tuna,59
CYP,smirno,59
CYP,ribs,59
CYP,ананас,59
CYP,ice cream 0,59
CYP,филе,59
CYP,isotonic,59
CYP,ντοματα,59
CYP,ever,59
CYP,kelloggs,59
CYP,Egg,59
CYP,cara,59
CYP,barbecue,59
CYP,zuccini,59
CYP,gou,59
CYP,baby potatoes,59
CYP,pinapple,59
CYP,eu,59
CYP,coffee caps,59
CYP,magnu,59
CYP,barila,59
CYP,cande,59
CYP,weetab,59
CYP,bud,59
CYP,tuna water,59
CYP,pink grape,59
CYP,ravi,59
CYP,tar,59
CYP,kra,59
CYP,haag,59
CYP,shaving foam,59
CYP,iced coffee,59
CYP,clip,59
CYP,pante,59
CYP,thigh,59
CYP,seve,59
CYP,rav,59
CYP,wra,59
CYP,shoes,59
CYP,blanc,58
CYP,cheddar cheese,58
CYP,waitrose,58
CYP,апельсин,58
CYP,γαντια,58
CYP,coffee capsule,58
CYP,grigo,58
CYP,jumbo,58
CYP,graviera,58
CYP,Cucumber,58
CYP,guanciale,58
CYP,johnso,58
CYP,edesma,58
CYP,mint tea,58
CYP,thermos,58
CYP,sir,58
CYP,cinam,58
CYP,jac,58
CYP,roll on,58
CYP,stoli,58
CYP,pop co,58
CYP,poppy,58
CYP,tot,58
CYP,peleg,58
CYP,boun,58
CYP,antiba,58
CYP,nesk,58
CYP,baby wipe,58
CYP,udon,58
CYP,chedda,58
CYP,paper t,58
CYP,thym,58
CYP,beard,58
CYP,pouch,58
CYP,rokl,58
CYP,смет,58
CYP,toothbru,58
CYP,crem,58
CYP,birthday card,58
CYP,noun,58
CYP,morta,58
CYP,sandwi,58
CYP,lore,57
CYP,овощи,57
CYP,tumeric,57
CYP,smint,57
CYP,fera,57
CYP,slippers,57
CYP,ranch,57
CYP,sour crea,57
CYP,alphamega,57
CYP,intim,57
CYP,creta,57
CYP,balsami,57
CYP,little moon,57
CYP,guaca,57
CYP,brad,57
CYP,oul,57
CYP,Onion,57
CYP,dog treats,57
CYP,croisant,57
CYP,basm,57
CYP,light mayo,57
CYP,σακουλια,57
CYP,croissan,57
CYP,baby powder,57
CYP,moet,57
CYP,baking pap,57
CYP,prune,57
CYP,yiotis,57
CYP,carnation,57
CYP,σφουγγ,57
CYP,ice cream 0%,57
CYP,patato,57
CYP,snaks,57
CYP,squi,57
CYP,prosci,57
CYP,sour c,57
CYP,cranberry juice,57
CYP,2032,57
CYP,Apple,57
CYP,tost,57
CYP,liq,57
CYP,baby shampoo,57
CYP,rizo,57
CYP,softe,57
CYP,nespre,57
CYP,dun,57
CYP,siga,57
CYP,mm,57
CYP,σακούλες,57
CYP,melo,57
CYP,cajun,57
CYP,швабра,57
CYP,falafel,56
CYP,poka,56
CYP,паштет,56
CYP,famoz,56
CYP,malboro,56
CYP,kri kr,56
CYP,mandarin,56
CYP,mik,56
CYP,paper kitchen,56
CYP,cranbe,56
CYP,конфеты,56
CYP,baby po,56
CYP,paper plates,56
CYP,double cream,56
CYP,zoi,56
CYP,anch,56
CYP,туалет,56
CYP,tomato s,56
CYP,ice cub,56
CYP,7u,56
CYP,chicken broth,56
CYP,halal,56
CYP,cream crackers,56
CYP,cerave,56
CYP,ritz,56
CYP,feet,56
CYP,καροτα,56
CYP,caba,56
CYP,pistach,56
CYP,nectar,56
CYP,mozarell,56
CYP,sens,56
CYP,laundry detergent,56
CYP,silver,56
CYP,sweetner,56
CYP,callo,56
CYP,dix,56
CYP,birds eye,56
CYP,apple ju,56
CYP,bird,56
CYP,Coke,56
CYP,pelargos,56
CYP,el cafe,56
CYP,bestway,56
CYP,cubes,56
CYP,make,56
CYP,frozen vege,55
CYP,baking p,55
CYP,paper cup,55
CYP,protein bread,55
CYP,pino,55
CYP,hand s,55
CYP,cont,55
CYP,vap,55
CYP,lounza,55
CYP,kyk,55
CYP,oce,55
CYP,macaroni,55
CYP,Cola,55
CYP,carlsb,55
CYP,chicken liver,55
CYP,nest,55
CYP,αποσμητικο,55
CYP,becon,55
CYP,party ice,55
CYP,nesquik,55
CYP,frisk,55
CYP,kets,55
CYP,courg,55
CYP,wggs,55
CYP,aluminum,55
CYP,halu,55
CYP,фисташки,55
CYP,baby potato,55
CYP,mai,55
CYP,Yoghurt,55
CYP,filimon,55
CYP,martin,55
CYP,lister,55
CYP,cherry tomato,55
CYP,pampers pants,55
CYP,vermi,55
CYP,command,55
CYP,white cho,55
CYP,ρυζο,55
CYP,каша,55
CYP,apple jui,55
CYP,zit,55
CYP,un,55
CYP,frank,55
CYP,breadcr,55
CYP,note,55
CYP,colour catcher,55
CYP,milj,55
CYP,morphakis,55
CYP,freeze dried,55
CYP,ski,55
CYP,beetroo,55
CYP,za,55
CYP,pillow,55
CYP,gnocchi,55
CYP,peac,55
CYP,дезодорант,54
CYP,yum,54
CYP,svalia,54
CYP,pret,54
CYP,absolut,54
CYP,frozen ve,54
CYP,elec,54
CYP,air fry,54
CYP,fish sauce,54
CYP,orega,54
CYP,marme,54
CYP,protein pasta,54
CYP,greek you,54
CYP,pil,54
CYP,bar soap,54
CYP,ben and jerry,54
CYP,smoked turkey,54
CYP,горох,54
CYP,χλωρινη,54
CYP,φέτα,54
CYP,royal,54
CYP,snus,54
CYP,marlbo,54
CYP,wasabi,54
CYP,korona,54
CYP,finger,54
CYP,cutting,54
CYP,cool,54
CYP,onion powder,54
CYP,χαρτι υγειας,54
CYP,roller,54
CYP,frozen berr,54
CYP,ruccola,54
CYP,wall,54
CYP,Banana,54
CYP,kel,54
CYP,scrub daddy,54
CYP,bare,54
CYP,sche,54
CYP,sweet p,54
CYP,protein ball,54
CYP,almond mil,54
CYP,the pink stuff,54
CYP,litt,53
CYP,zor,53
CYP,kinder bueno,53
CYP,luno,53
CYP,μπανανες,53
CYP,olym,53
CYP,vitamin c,53
CYP,γαλοπούλα,53
CYP,rennie,53
CYP,χαρτ,53
CYP,tri,53
CYP,lordo,53
CYP,caputo,53
CYP,kiri,53
CYP,guinness,53
CYP,spagg,53
CYP,fu,53
CYP,skit,53
CYP,bay leaf,53
CYP,chivas,53
CYP,body scrub,53
CYP,dar,53
CYP,kea,53
CYP,baba,53
CYP,cera,53
CYP,superspoon,53
CYP,psyllium,53
CYP,abocado,53
CYP,dino,53
CYP,pass,53
CYP,σκορδο,53
CYP,παγο,53
CYP,παγ,53
CYP,torte,53
CYP,nugge,53
CYP,clothe,53
CYP,toilett,53
CYP,lemon sq,53
CYP,nud,53
CYP,coleslaw,53
CYP,cheese sticks,53
CYP,chickpe,53
CYP,специи,53
CYP,letu,53
CYP,sneakers,53
CYP,пицца,53
CYP,marmalade,53
CYP,yug,53
CYP,cheese edam,53
CYP,kep,53
CYP,ватные диски,53
CYP,juc,53
CYP,low calorie,53
CYP,mayo light,53
CYP,see,53
CYP,crystal,52
CYP,coffeemate,52
CYP,strep,52
CYP,pud,52
CYP,black label,52
CYP,моло,52
CYP,rad,52
CYP,lunch,52
CYP,hemp,52
CYP,leo,52
CYP,dry sha,52
CYP,air fresh,52
CYP,berrie,52
CYP,daily,52
CYP,tru,52
CYP,salt dish,52
CYP,heat,52
CYP,corni,52
CYP,es,52
CYP,viled,52
CYP,baby snack,52
CYP,jello,52
CYP,recycle,52
CYP,κα,52
CYP,dried fruit,52
CYP,mosc,52
CYP,jog,52
CYP,pes,52
CYP,beef stock,52
CYP,mayio,52
CYP,domestis,52
CYP,happy,52
CYP,papers,52
CYP,pita bread,52
CYP,palmol,52
CYP,mist,52
CYP,q tips,52
CYP,rasberr,52
CYP,dog foo,52
CYP,teriy,52
CYP,chlori,52
CYP,ντοματ,52
CYP,pmd,52
CYP,масло сливочное,52
CYP,ive cream,52
CYP,ζαχαρουχο,52
CYP,Dettol,52
CYP,bague,52
CYP,klin,52
CYP,showergel,52
CYP,gumm,52
CYP,whole chicken,52
CYP,frozen fr,52
CYP,somersby,52
CYP,clips,52
CYP,vegan ice,52
CYP,μαρουλι,52
CYP,nail polish remover,52
CYP,broccol,51
CYP,салями,51
CYP,labne,51
CYP,flowe,51
CYP,tanning,51
CYP,buc,51
CYP,sun screen,51
CYP,orga,51
CYP,δημητριακα,51
CYP,sci,51
CYP,raw honey,51
CYP,garbag,51
CYP,la vach,51
CYP,dental floss,51
CYP,quavers,51
CYP,сыр тертый,51
CYP,cheery,51
CYP,my,51
CYP,coffee filter,51
CYP,sunflower seeds,51
CYP,ruce,51
CYP,elderflower,51
CYP,βαφη,51
CYP,humana,51
CYP,Sugar,51
CYP,som,51
CYP,boost,51
CYP,waters,51
CYP,uht,51
CYP,lemon ju,51
CYP,wet tissue,51
CYP,loac,51
CYP,caesar,51
CYP,nandos,51
CYP,curr,51
CYP,parchment,51
CYP,read,51
CYP,frosch,51
CYP,kozel,51
CYP,ice creams,51
CYP,biosa,51
CYP,dish wa,51
CYP,cotton pad,51
CYP,kar,51
CYP,schwep,51
CYP,παγωτα,51
CYP,wisk,51
CYP,chess,51
CYP,pitta bread,51
CYP,Toilet,51
CYP,sus,51
CYP,sevenup,51
CYP,apple cider vinegar,50
CYP,dep,50
CYP,candel,50
CYP,nutt,50
CYP,lord,50
CYP,stea,50
CYP,wedding,50
CYP,chamo,50
CYP,peeler,50
CYP,shredded,50
CYP,cocu,50
CYP,elvi,50
CYP,πιτες,50
CYP,aftersun,50
CYP,руккола,50
CYP,come,50
CYP,flip,50
CYP,doctor,50
CYP,inse,50
CYP,peppermint,50
CYP,ferry,50
CYP,rice cracker,50
CYP,robins,50
CYP,robi,50
CYP,rub,50
CYP,basmat,50
CYP,wett,50
CYP,chew,50
CYP,brioch,50
CYP,ji,50
CYP,homey,50
CYP,chocolate spread,50
CYP,df,50
CYP,yogurt 0,50
CYP,jameson,50
CYP,vegetabl,50
CYP,shallot,50
CYP,κρεας,50
CYP,market,50
CYP,wster,50
CYP,loux,50
CYP,wine white,50
CYP,haage,50
CYP,cherry to,50
CYP,лайм,50
CYP,soy s,50
CYP,sous,50
CYP,rimmel,50
CYP,pineapple juice,50
CYP,whipping,50
CYP,birds,50
CYP,pink grapefruit,50
CYP,λεμονι,50
CYP,toblerone,50
CYP,flow,50
CYP,lil,50
CYP,io,50
CYP,rana,50
CYP,cleaning wipes,50
CYP,spring rolls,50
CYP,cy,50
CYP,spoo,50
CYP,caul,50
CYP,πανες,50
CYP,starbuck,50
CYP,sanitizer,50
CYP,preg,50
CYP,pack,49
CYP,dry fruits,49
CYP,nivea men,49
CYP,nose,49
CYP,cupcake,49
CYP,ape,49
CYP,κρε,49
CYP,facial,49
CYP,sink,49
CYP,gym,49
CYP,minti,49
CYP,7day,49
CYP,mozzarell,49
CYP,cloths,49
CYP,salad dressing,49
CYP,autan,49
CYP,coconut wa,49
CYP,sanp,49
CYP,hand so,49
CYP,roka,49
CYP,Beef,49
CYP,true dates,49
CYP,perw,49
CYP,pod,49
CYP,Turkey,49
CYP,dur,49
CYP,кока,49
CYP,cottage c,49
CYP,bui,49
CYP,dish washing,49
CYP,russian,49
CYP,mul,49
CYP,ice cream protein,49
CYP,mastic,49
CYP,buter,49
CYP,ok,49
CYP,tenga,49
CYP,washing ma,49
CYP,picnic,49
CYP,Gillette,49
CYP,bake ro,49
CYP,baltais,49
CYP,rol,49
CYP,chicken b,49
CYP,cooc,49
CYP,dreamies,49
CYP,charco,49
CYP,protein yog,49
CYP,prime,49
CYP,iphone,49
CYP,sanex,49
CYP,bandage,49
CYP,κρεμ,49
CYP,wine rose,49
CYP,tupper,49
CYP,rice chips,49
CYP,low,49
CYP,μηλα,49
CYP,manda,49
CYP,baileys,49
CYP,pipe,49
CYP,nug,49
CYP,aj,49
CYP,cros,49
CYP,βούτυρο,49
CYP,snack a ja,49
CYP,arabic,49
CYP,mintikis,49
CYP,quin,49
CYP,wet tissues,49
CYP,emmental,49
CYP,gille,49
CYP,hou,49
CYP,philadelp,49
CYP,yogurts,49
CYP,γαριδες,49
CYP,multicook,49
CYP,batteri,49
CYP,refill,49
CYP,alambr,49
CYP,ice lolly,49
CYP,chocolate bar,49
CYP,wheat flour,48
CYP,nuttela,48
CYP,roasted,48
CYP,sklave,48
CYP,lactos,48
CYP,plastic plates,48
CYP,bread sticks,48
CYP,kni,48
CYP,supermarket,48
CYP,faji,48
CYP,village,48
CYP,ed,48
CYP,chokolate,48
CYP,bisq,48
CYP,oat mi,48
CYP,халуми,48
CYP,sea bream,48
CYP,nappy,48
CYP,pegs,48
CYP,jogurt,48
CYP,μαγια,48
CYP,watermellon,48
CYP,la vac,48
CYP,bals,48
CYP,pink gra,48
CYP,hat,48
CYP,brok,48
CYP,spaghet,48
CYP,Salt,48
CYP,monolith,48
CYP,kykko,48
CYP,anise,48
CYP,kosh,48
CYP,Pasta,48
CYP,vanilla milk,48
CYP,frosties,48
CYP,tart,48
CYP,kitchen towels,48
CYP,сухарики,48
CYP,oat m,48
CYP,glives,48
CYP,гель для,48
CYP,bread cr,48
CYP,dri,48
CYP,dry fruit,48
CYP,sugarfree,48
CYP,proder,48
CYP,jin,48
CYP,lig,48
CYP,nesquick,48
CYP,san pelle,48
CYP,deodora,48
CYP,fish finger,48
CYP,apple vinegar,48
CYP,χυμο,48
CYP,pop c,48
CYP,happy birthday,48
CYP,mateus,48
CYP,ps,48
CYP,whit,48
CYP,cigaret,48
CYP,antisep,48
CYP,fajit,48
CYP,μωρο,48
CYP,black pe,48
CYP,nai,48
CYP,korre,48
CYP,πατα,48
CYP,соевый,48
CYP,7 day,47
CYP,calamari,47
CYP,bbq sauce,47
CYP,chicken bre,47
CYP,bang,47
CYP,айран,47
CYP,wok,47
CYP,dei,47
CYP,bere,47
CYP,pineappl,47
CYP,sanpe,47
CYP,kol,47
CYP,ice cram,47
CYP,bath sponge,47
CYP,formula,47
CYP,Crisps,47
CYP,pasta sau,47
CYP,truff,47
CYP,vegetab,47
CYP,dodoni,47
CYP,dish was,47
CYP,shweps,47
CYP,pretzels,47
CYP,vas,47
CYP,нори,47
CYP,toa,47
CYP,plan,47
CYP,ready meals,47
CYP,balloons,47
CYP,κεφιρ,47
CYP,kola,47
CYP,electr,47
CYP,yoh,47
CYP,millet,47
CYP,cals,47
CYP,special,47
CYP,pandora,47
CYP,snip,47
CYP,somer,47
CYP,slice bread,47
CYP,flaxseed,47
CYP,monste,47
CYP,hair d,47
CYP,ice tea peach,47
CYP,paper towe,47
CYP,erdinger,47
CYP,parmeg,47
CYP,umbrella,47
CYP,go on,47
CYP,milch,47
CYP,pee,47
CYP,zwan,47
CYP,сал,47
CYP,seran,47
CYP,don,47
CYP,βανιλια,47
CYP,mastiha,47
CYP,sval,47
CYP,brus,47
CYP,turkey breast,47
CYP,rizogalo,47
CYP,air fr,47
CYP,olive oul,47
CYP,head and shoulders,47
CYP,levantina,47
CYP,green apple,47
CYP,Lays,47
CYP,bod,47
CYP,dogs,47
CYP,sof,46
CYP,baby bell,46
CYP,napp,46
CYP,corn cakes,46
CYP,lime juice,46
CYP,papad,46
CYP,bon,46
CYP,pastr,46
CYP,razer,46
CYP,rice pap,46
CYP,gato,46
CYP,bareb,46
CYP,τσιπς,46
CYP,Cottage,46
CYP,digestives,46
CYP,μα,46
CYP,suns,46
CYP,snack a j,46
CYP,βουτ,46
CYP,rosema,46
CYP,джем,46
CYP,makeup remover,46
CYP,limo,46
CYP,поми,46
CYP,kiw,46
CYP,strw,46
CYP,marshm,46
CYP,cranberr,46
CYP,home,46
CYP,plastic ba,46
CYP,high,46
CYP,dilmah,46
CYP,panten,46
CYP,sen,46
CYP,dog pads,46
CYP,хле,46
CYP,Pringles,46
CYP,avicado,46
CYP,nesqui,46
CYP,oreos,46
CYP,ντομ,46
CYP,κοτο,46
CYP,sensod,46
CYP,ginger ale,46
CYP,7da,46
CYP,gren,46
CYP,res,46
CYP,tice,46
CYP,prosh,46
CYP,vanilla ice cream,46
CYP,σαμπουαν,46
CYP,raspbe,46
CYP,rib eye,46
CYP,fat,46
CYP,salame,46
CYP,μαγιονεζα,46
CYP,amoy,46
CYP,σακουλ,46
CYP,pregnancy test,46
CYP,her,46
CYP,insta,46
CYP,cornflour,46
CYP,caram,46
CYP,sauvignon,46
CYP,panty,46
CYP,coco milk,46
CYP,χαρτι κουζινας,46
CYP,Watermelon,46
CYP,ready meal,46
CYP,la molisana,46
CYP,dr.,45
CYP,fit,45
CYP,αγγ,45
CYP,σοκολατα,45
CYP,commandaria,45
CYP,wafers,45
CYP,corri,45
CYP,brut,45
CYP,ver,45
CYP,cheese sliced,45
CYP,rok,45
CYP,pink gr,45
CYP,charal,45
CYP,lemon s,45
CYP,zero co,45
CYP,crout,45
CYP,zoo,45
CYP,nutri valley,45
CYP,citric acid,45
CYP,beetro,45
CYP,nero,45
CYP,κιμα,45
CYP,laundr,45
CYP,condon,45
CYP,danonino,45
CYP,wather,45
CYP,liqu,45
CYP,κριτσινια,45
CYP,skewers,45
CYP,blac,45
CYP,bread roll,45
CYP,Toilet paper,45
CYP,crosta,45
CYP,μπισκότα,45
CYP,mirror,45
CYP,stell,45
CYP,мо,45
CYP,mult,45
CYP,desert,45
CYP,tak,45
CYP,dirollo,45
CYP,pyrsos,45
CYP,eier,45
CYP,pok,45
CYP,vanilla sugar,45
CYP,sco,45
CYP,remover,45
CYP,limescale,45
CYP,pana,45
CYP,cale,45
CYP,оливковое масло,45
CYP,yogurt zita,45
CYP,vitamin water,45
CYP,mussels,45
CYP,cesar,45
CYP,vibrator,45
CYP,Meat,45
CYP,киви,45
CYP,ambrosia,45
CYP,pastries,45
CYP,prosciu,45
CYP,taxi,45
CYP,head and,45
CYP,καφε,45
CYP,cardamom,45
CYP,pastourma,45
CYP,dairy milk,45
CYP,energ,45
CYP,bed,45
CYP,cans,45
CYP,roce,45
CYP,chichen,45
CYP,walker,45
CYP,кури,45
CYP,Coca,45
CYP,apr,45
CYP,color catcher,45
CYP,Ben,45
CYP,cake mix,45
CYP,смета,45
CYP,lights,45
CYP,cea,45
CYP,eraser,44
CYP,хумус,44
CYP,flu,44
CYP,дрожжи,44
CYP,Corn,44
CYP,песто,44
CYP,kfc,44
CYP,beef burger,44
CYP,iso,44
CYP,ка,44
CYP,envelope,44
CYP,pharmacy,44
CYP,for,44
CYP,πιπεριες,44
CYP,milky,44
CYP,кинза,44
CYP,violife,44
CYP,κρι,44
CYP,tic,44
CYP,deio,44
CYP,kinder joy,44
CYP,teriya,44
CYP,blea,44
CYP,bone,44
CYP,Flour,44
CYP,Bobo,44
CYP,old sp,44
CYP,burger sauce,44
CYP,fresh c,44
CYP,морковка,44
CYP,ταχινι,44
CYP,tinned,44
CYP,kountouros,44
CYP,antibac,44
CYP,сухари,44
CYP,banna,44
CYP,bru,44
CYP,top,44
CYP,oatl,44
CYP,kline,44
CYP,gal,44
CYP,puding,44
CYP,печень,44
CYP,Ketchup,44
CYP,pilot,44
CYP,tender,44
CYP,farina,44
CYP,κου,44
CYP,sne,44
CYP,fam,44
CYP,corina,44
CYP,chocolate drops,44
CYP,biosau,44
CYP,nak,44
CYP,chive,44
CYP,eve,44
CYP,loack,44
CYP,riso,44
CYP,strawberri,44
CYP,hallu,44
CYP,творожный сыр,44
CYP,stitch,44
CYP,sport,44
CYP,apivita,44
CYP,tv,44
CYP,batat,44
CYP,morn,44
CYP,the,44
CYP,филадельфия,44
CYP,bolero,44
CYP,ταχι,44
CYP,antise,44
CYP,toner,44
CYP,торт,44
CYP,tik,44
CYP,diape,44
CYP,Shampoo,44
CYP,sour patch,44
CYP,evapo,44
CYP,malb,44
CYP,yougu,44
CYP,birthday candles,44
CYP,daim,44
CYP,сливочное масло,44
CYP,brot,44
CYP,paulaner,44
CYP,scissor,44
CYP,lubri,44
CYP,deterge,43
CYP,горошек,43
CYP,cypriot,43
CYP,stic,43
CYP,sigar,43
CYP,chlorin,43
CYP,steam,43
CYP,caf,43
CYP,good boy,43
CYP,cut,43
CYP,water iron,43
CYP,scent,43
CYP,sira,43
CYP,πατάτες,43
CYP,αμυγδαλα,43
CYP,rice basmati,43
CYP,green pepper,43
CYP,alio,43
CYP,chick peas,43
CYP,frozen beans,43
CYP,danon,43
CYP,голубика,43
CYP,white rum,43
CYP,coa,43
CYP,yola,43
CYP,yough,43
CYP,heine,43
CYP,long,43
CYP,syo,43
CYP,rice p,43
CYP,activi,43
CYP,cockro,43
CYP,reg,43
CYP,body spray,43
CYP,monster energy,43
CYP,mate,43
CYP,cle,43
CYP,vanilia,43
CYP,ice berg,43
CYP,electroly,43
CYP,as,43
CYP,mms,43
CYP,giagia,43
CYP,cava,43
CYP,cherri,43
CYP,croisa,43
CYP,кол,43
CYP,foodhaus,43
CYP,parmegiano,43
CYP,sticker,43
CYP,pet food,43
CYP,pross,43
CYP,μωρομα,43
CYP,kn,43
CYP,vini,43
CYP,the pink,43
CYP,Cream,43
CYP,tsa,43
CYP,vim,43
CYP,lan,43
CYP,chop,43
CYP,franoui,43
CYP,yolan,43
CYP,soil,43
CYP,kli,43
CYP,bonduelle,43
CYP,kvass,43
CYP,campari,43
CYP,ya,43
CYP,γιαο,43
CYP,σερβιε,43
CYP,pur,43
CYP,cottage che,43
CYP,hot dogs,43
CYP,jordan,43
CYP,camomile,43
CYP,quak,43
CYP,υγρο πιατων,43
CYP,Oil,43
CYP,vegg,43
CYP,χαλλουμι,43
CYP,padel,43
CYP,iv,43
CYP,bresaola,42
CYP,cars,42
CYP,mort,42
CYP,kou,42
CYP,pimple,42
CYP,tweezers,42
CYP,micel,42
CYP,AA,42
CYP,бумажные,42
CYP,creamer,42
CYP,boneless,42
CYP,bann,42
CYP,sosi,42
CYP,gluten free pasta,42
CYP,ruggeri,42
CYP,dumpli,42
CYP,χαρτί,42
CYP,sup,42
CYP,kat,42
CYP,λεμο,42
CYP,small,42
CYP,pork mince,42
CYP,meatball,42
CYP,strepsils,42
CYP,bue,42
CYP,frozen y,42
CYP,ginge,42
CYP,loutza,42
CYP,blades,42
CYP,guan,42
CYP,mart,42
CYP,jon,42
CYP,egg whi,42
CYP,chia seed,42
CYP,cour,42
CYP,кунжут,42
CYP,bir,42
CYP,селедка,42
CYP,lager,42
CYP,oreg,42
CYP,icebe,42
CYP,miranda,42
CYP,powdered sugar,42
CYP,май,42
CYP,black sheep,42
CYP,alambra milk,42
CYP,lorea,42
CYP,gilet,42
CYP,filters,42
CYP,yogurt 0%,42
CYP,shugar,42
CYP,Honey,42
CYP,йог,42
CYP,gy,42
CYP,muscle,42
CYP,lettice,42
CYP,cabbag,42
CYP,burge,42
CYP,ice tea zero,42
CYP,markers,42
CYP,powe,42
CYP,yogourt,42
CYP,frico,42
CYP,underwear,42
CYP,πατατακια,42
CYP,tac,42
CYP,mol,42
CYP,ice cream stevia,42
CYP,мусор,42
CYP,recy,42
CYP,λεμον,42
CYP,chocl,42
CYP,mitsi,42
CYP,yoggi,42
CYP,ku,42
CYP,food bag,42
CYP,xl,42
CYP,towe,42
CYP,strawberry jam,42
CYP,lav,42
CYP,stain remover,42
CYP,mashrooms,42
CYP,hiney,42
CYP,tonik,42
CYP,xaloumi,42
CYP,γαλο,42
CYP,pp,42
CYP,кабачок,42
CYP,κρασι,42
CYP,aspara,42
CYP,томаты,42
CYP,asti,42
CYP,catfood,42
CYP,sparking,42
CYP,srira,42
CYP,lea,42
CYP,cream c,42
CYP,pink grap,42
CYP,bens,42
CYP,games,42
CYP,santy,42
CYP,κρεμμ,42
CYP,ins,42
CYP,natu,42
CYP,мочалка,42
CYP,tomato sause,42
CYP,sauerkraut,41
CYP,dustpan,41
CYP,moons,41
CYP,καλαμακια,41
CYP,merci,41
CYP,proce,41
CYP,dr beck,41
CYP,lollipop,41
CYP,baby pot,41
CYP,out,41
CYP,rizzla,41
CYP,water spar,41
CYP,electric,41
CYP,en,41
CYP,σα,41
CYP,cadbu,41
CYP,ρολα,41
CYP,lentil chips,41
CYP,Panini,41
CYP,mccain,41
CYP,Humble,41
CYP,μακαρ,41
CYP,treats,41
CYP,aptamil,41
CYP,ou,41
CYP,tampa,41
CYP,cigg,41
CYP,chori,41
CYP,papafilip,41
CYP,wholewheat,41
CYP,magnesium,41
CYP,marlb,41
CYP,babylino,41
CYP,zoflo,41
CYP,chery,41
CYP,bail,41
CYP,rosem,41
CYP,jacks,41
CYP,fitides,41
CYP,крахмал,41
CYP,φρα,41
CYP,lean beef,41
CYP,cheeze,41
CYP,alfa mega,41
CYP,filter coffee,41
CYP,rice milk,41
CYP,stre,41
CYP,pot noodle,41
CYP,smirnoff ice,41
CYP,sesame seeds,41
CYP,pepa,41
CYP,donuts,41
CYP,root,41
CYP,tomo,41
CYP,burrat,41
CYP,soy sau,41
CYP,kaban,41
CYP,seabream,41
CYP,reese,41
CYP,gherkins,41
CYP,σφουγγαρι,41
CYP,poo,41
CYP,cum,41
CYP,крабовые,41
CYP,deoderant,41
CYP,slic,41
CYP,полотенце,41
CYP,wild,41
CYP,tortilia,41
CYP,macadamia,41
CYP,ker,41
CYP,zofl,41
CYP,χαλου,41
CYP,hollinger,41
CYP,бумажные полотенца,41
CYP,topine,41
CYP,os,41
CYP,fabri,41
CYP,crep,41
CYP,paper cups,41
CYP,thai,41
CYP,виноград,41
CYP,mest,41
CYP,γα,41
CYP,круасан,41
CYP,coffee ca,41
CYP,bell peppers,41
CYP,7up zero,41
CYP,зубная щетка,41
CYP,milkshake,41
CYP,linguini,41
CYP,ses,41
CYP,salt dishwasher,41
CYP,vaselin,41
CYP,padta,40
CYP,green peas,40
CYP,tina,40
CYP,tomato ju,40
CYP,bamboo,40
CYP,σκλα,40
CYP,double,40
CYP,goji,40
CYP,Frozen,40
CYP,kle,40
CYP,steel,40
CYP,window cleaner,40
CYP,verm,40
CYP,ger,40
CYP,shisha,40
CYP,μανιταρια,40
CYP,noy,40
CYP,luc,40
CYP,repellent,40
CYP,camembert,40
CYP,buckweat,40
CYP,camamber,40
CYP,tabl,40
CYP,творо,40
CYP,turkey ham,40
CYP,πουργουρι,40
CYP,ριζο,40
CYP,korea,40
CYP,konjac,40
CYP,вод,40
CYP,Ham,40
CYP,cooking paper,40
CYP,dry sh,40
CYP,lun,40
CYP,recycling,40
CYP,pink st,40
CYP,zorbas,40
CYP,тоник,40
CYP,ace,40
CYP,xi,40
CYP,bios,40
CYP,bread rolls,40
CYP,zucch,40
CYP,ear buds,40
CYP,hellmans,40
CYP,изюм,40
CYP,herb,40
CYP,lid,40
CYP,fragrance,40
CYP,vegan mayo,40
CYP,cau,40
CYP,puff pastry,40
CYP,ama,40
CYP,nannies,40
CYP,frozen chicken,40
CYP,carots,40
CYP,syos,40
CYP,trimma,40
CYP,μακαρο,40
CYP,galataki,40
CYP,hand soa,40
CYP,aroxo,40
CYP,ara,40
CYP,baylis,40
CYP,zero cola,40
CYP,toth,40
CYP,tomato puree,40
CYP,magic,40
CYP,πιπερι,39
CYP,cucm,39
CYP,rob,39
CYP,paprik,39
CYP,elect,39
CYP,bisquits,39
CYP,baking so,39
CYP,radler,39
CYP,biosaurus,39
CYP,creme fraiche,39
CYP,adapt,39
CYP,conti,39
CYP,κρέμα,39
CYP,контейнер,39
CYP,schwepp,39
CYP,cookie dough,39
CYP,hankies,39
CYP,oxy,39
CYP,гель для стирки,39
CYP,τριανταφυλλο,39
CYP,παγω,39
CYP,rokli,39
CYP,mashroo,39
CYP,σαλαμι,39
CYP,joker,39
CYP,coconut mil,39
CYP,bam,39
CYP,patatoes,39
CYP,hoisin,39
CYP,корона,39
CYP,ling,39
CYP,kopp,39
CYP,conf,39
CYP,lats,39
CYP,whole grain,39
CYP,Grillman,39
CYP,la v,39
CYP,bai,39
CYP,starbuc,39
CYP,frut,39
CYP,cheese stick,39
CYP,scr,39
CYP,пюре,39
CYP,seas,39
CYP,cashe,39
CYP,carrit,39
CYP,lavender,39
CYP,gordon,39
CYP,ears,39
CYP,батарейки,39
CYP,греч,39
CYP,шампиньоны,39
CYP,milk lactose free,39
CYP,swep,39
CYP,Citrus,39
CYP,μακα,39
CYP,garlic paste,39
CYP,coriand,39
CYP,fasolaki,39
CYP,naturals,39
CYP,mand,39
CYP,terre,39
CYP,rexona,39
CYP,fried,39
CYP,skin,39
CYP,chili oil,39
CYP,γαλ,39
CYP,organ,39
CYP,blub,39
CYP,sirup,39
CYP,soft dr,39
CYP,ble,39
CYP,tworog,39
CYP,gerber,39
CYP,agri,39
CYP,καρβου,39
CYP,cockr,39
CYP,disinfectant,39
CYP,nesqu,39
CYP,maio,39
CYP,mayona,39
CYP,alpha mega,39
CYP,хоеб,39
CYP,lego,39
CYP,duracell,39
CYP,cocao,39
CYP,gat,39
CYP,ricot,39
CYP,Garnier,39
CYP,elder,39
CYP,egg wh,39
CYP,wTer,39
CYP,herr,39
CYP,thighs,39
CYP,ready to eat,39
CYP,палочки,39
CYP,play,39
CYP,grapefr,39
CYP,οδοντοκρεμα,39
CYP,spaget,39
CYP,nac,38
CYP,Garlic,38
CYP,frupp,38
CYP,camem,38
CYP,Salmon,38
CYP,agua,38
CYP,hair c,38
CYP,beef jer,38
CYP,honey mustard,38
CYP,grav,38
CYP,usb c,38
CYP,elit,38
CYP,octo,38
CYP,barley,38
CYP,sma,38
CYP,toaster,38
CYP,raisi,38
CYP,pacifier,38
CYP,soba,38
CYP,cola light,38
CYP,ardo,38
CYP,triple sec,38
CYP,frozen yog,38
CYP,zewa,38
CYP,Potato,38
CYP,flat,38
CYP,oct,38
CYP,collagen,38
CYP,Sprite,38
CYP,yiayia,38
CYP,calvo,38
CYP,Nuts,38
CYP,Fanta,38
CYP,pink soda,38
CYP,ко,38
CYP,dark chocola,38
CYP,λεμοναδα,38
CYP,famous,38
CYP,coli,38
CYP,edam light,38
CYP,squish,38
CYP,yio,38
CYP,whol,38
CYP,παξιμαδια,38
CYP,κο,38
CYP,doce,38
CYP,греческий,38
CYP,липтон,38
CYP,cola zer,38
CYP,koka,38
CYP,cranberries,38
CYP,kinder cards,38
CYP,σαλτσα,38
CYP,спрайт,38
CYP,wrapping,38
CYP,baguett,38
CYP,palmoli,38
CYP,kal,38
CYP,body s,38
CYP,garlic pow,38
CYP,Cottage cheese,38
CYP,gluten f,38
CYP,libresse,38
CYP,pelegr,38
CYP,buen,38
CYP,lizi,38
CYP,topsi,38
CYP,wiskas,38
CYP,cous cous,38
CYP,ad,38
CYP,pearl,38
CYP,mast,38
CYP,glass cleaner,38
CYP,crumbs,38
CYP,Nescafé,38
CYP,prode,38
CYP,tik tak,38
CYP,wing,38
CYP,tin foil,38
CYP,parmez,38
CYP,shaving gel,38
CYP,паприка,38
CYP,am,38
CYP,pumkin,38
CYP,sweet ch,38
CYP,airfr,38
CYP,ice lollies,38
CYP,bier,38
CYP,beauty,38
CYP,olymp,38
CYP,supra,38
CYP,neli,38
CYP,women,38
CYP,toul,38
CYP,ζαχα,38
CYP,healthy hab,38
CYP,tulip,38
CYP,Coconut,38
CYP,morni,38
CYP,ice cream zero,38
CYP,stevia ice cream,38
CYP,jack daniels,38
CYP,picles,38
CYP,balsamico,38
CYP,cama,38
CYP,κουνουπια,38
CYP,cooked,38
CYP,gluten free flour,38
CYP,mango juice,38
CYP,angus,38
CYP,κρουασαν,38
CYP,peanut butt,38
CYP,brokkoli,38
CYP,mexi,38
CYP,crun,38
CYP,Greek yogurt,37
CYP,греческий йогурт,37
CYP,τονο,37
CYP,roti,37
CYP,soap refill,37
CYP,fisher,37
CYP,ay,37
CYP,Pepper,37
CYP,passa,37
CYP,lavaz,37
CYP,варенье,37
CYP,quail,37
CYP,αφρο,37
CYP,aer,37
CYP,puppy,37
CYP,tirkey,37
CYP,scoop,37
CYP,milit,37
CYP,body shower,37
CYP,Greek,37
CYP,cr2032,37
CYP,juse,37
CYP,koppa,37
CYP,pepero,37
CYP,strow,37
CYP,carame,37
CYP,coctail,37
CYP,artichoke,37
CYP,beead,37
CYP,milk del,37
CYP,wholemeal,37
CYP,water 10,37
CYP,guava,37
CYP,Cereal,37
CYP,soja,37
CYP,marg,37
CYP,apl,37
CYP,ryvita,37
CYP,platter,37
CYP,sim,37
CYP,mer,37
CYP,smac,37
CYP,морк,37
CYP,baget,37
CYP,hopla,37
CYP,tilsiter,37
CYP,sour cherry,37
CYP,dan,37
CYP,Feta,37
CYP,lady fingers,37
CYP,cream chees,37
CYP,winston,37
CYP,ren,37
CYP,vine leaves,37
CYP,syru,37
CYP,monte,37
CYP,surface,37
CYP,стейк,37
CYP,toilet rolls,37
CYP,serv,37
CYP,veev,37
CYP,ballons,37
CYP,базилик,37
CYP,сироп,37
CYP,grate,37
CYP,κρεμα γαλα,37
CYP,тряпка,37
CYP,coock,37
CYP,kok,37
CYP,ree,37
CYP,mustela,37
CYP,mayonn,37
CYP,bread flour,37
CYP,пудинг,37
CYP,carbonara,37
CYP,σακο,37
CYP,minis,37
CYP,lemon jui,37
CYP,led,37
CYP,ballo,37
CYP,beer 0%,37
CYP,breadcru,37
CYP,milk 0,37
CYP,cilit,37
CYP,strainer,37
CYP,citru,37
CYP,microfi,37
CYP,spiderman,37
CYP,sel,37
CYP,ioni,37
CYP,milk 2l,37
CYP,shu,37
CYP,plastic wrap,37
CYP,way,37
CYP,fab,37
CYP,spaghett,37
CYP,grinder,37
CYP,broom stick,37
CYP,chicolate,37
CYP,eggp,37
CYP,caffe,37
CYP,Lettuce,37
CYP,season,37
CYP,silicone,37
CYP,kykos,37
CYP,Baby,37
CYP,chicken thi,36
CYP,baby snacks,36
CYP,natural life,36
CYP,дыня,36
CYP,kefa,36
CYP,reeses,36
CYP,after shave,36
CYP,швепс,36
CYP,over,36
CYP,pringels,36
CYP,ξυραφακια,36
CYP,walkers,36
CYP,blanket,36
CYP,виски,36
CYP,teryaki,36
CYP,Mayo,36
CYP,sleep,36
CYP,pani,36
CYP,waffer,36
CYP,measuring,36
CYP,clove,36
CYP,earbuds,36
CYP,band,36
CYP,pampers 5,36
CYP,blue moon,36
CYP,ariel pods,36
CYP,мусорные,36
CYP,gun,36
CYP,pamber,36
CYP,marga,36
CYP,bel,36
CYP,apric,36
CYP,cat li,36
CYP,помид,36
CYP,wips,36
CYP,κουβερ,36
CYP,hel,36
CYP,sparki,36
CYP,pots,36
CYP,mozarel,36
CYP,γιωτης,36
CYP,ziplock,36
CYP,baci,36
CYP,merlot,36
CYP,salt and vinegar,36
CYP,χαλ,36
CYP,crakers,36
CYP,тортилья,36
CYP,cheese sli,36
CYP,maltes,36
CYP,littles,36
CYP,evri,36
CYP,ζωμος,36
CYP,corn flo,36
CYP,сме,36
CYP,the bee,36
CYP,йогур,36
CYP,souse,36
CYP,pretz,36
CYP,insects,36
CYP,puddin,36
CYP,clot,36
CYP,wallnuts,36
CYP,cherry toma,36
CYP,lab,36
CYP,filade,36
CYP,κουνου,36
CYP,hang,36
CYP,black chocolate,36
CYP,ind,36
CYP,foo,36
CYP,sosa,36
CYP,truf,36
CYP,beef cubes,36
CYP,oly,36
CYP,mohito,36
CYP,cutting board,36
CYP,hea,36
CYP,platanis,36
CYP,tabas,36
CYP,φρυγανιες,36
CYP,tennis,36
CYP,sig,36
CYP,food bags,36
CYP,eggpla,36
CYP,jif,36
CYP,world cup stickers,36
CYP,морко,36
CYP,camel,36
CYP,ζελε,36
CYP,finn crisp,36
CYP,φυστικο,36
CYP,dist,36
CYP,almond mi,36
CYP,soarkling,36
CYP,Avocado,36
CYP,cordial,36
CYP,Fruit,36
CYP,fresh onion,36
CYP,burger bread,36
CYP,neska,36
CYP,shortbread,36
CYP,uncle ben,36
CYP,mosquit,36
CYP,blossom,36
CYP,garn,35
CYP,laniti,35
CYP,παγωτ,35
CYP,αποσμ,35
CYP,ice cream cone,35
CYP,abo,35
CYP,hp,35
CYP,brazil,35
CYP,frozen blue,35
CYP,brewdog,35
CYP,fry,35
CYP,swimm,35
CYP,dog f,35
CYP,kalamata,35
CYP,chocolate chi,35
CYP,panin,35
CYP,chocos,35
CYP,sugar free ice cream,35
CYP,tips,35
CYP,Orange,35
CYP,goggles,35
CYP,alph,35
CYP,tol,35
CYP,mackerel,35
CYP,couver,35
CYP,blueberrie,35
CYP,βου,35
CYP,champi,35
CYP,tongue,35
CYP,cleani,35
CYP,scot,35
CYP,labneh,35
CYP,Laundry,35
CYP,aspar,35
CYP,big,35
CYP,black p,35
CYP,tras,35
CYP,jal,35
CYP,nod,35
CYP,caramel syrup,35
CYP,kings,35
CYP,arial,35
CYP,spagett,35
CYP,gregoriou,35
CYP,mapl,35
CYP,kallo,35
CYP,ixe,35
CYP,coconut wat,35
CYP,still,35
CYP,chocolate ch,35
CYP,grater,35
CYP,kefalo,35
CYP,dog shampoo,35
CYP,инжир,35
CYP,chocken,35
CYP,bater,35
CYP,καρυδια,35
CYP,bakerolls,35
CYP,strawberrys,35
CYP,dustbin,35
CYP,гриб,35
CYP,white choc,35
CYP,pol,35
CYP,zof,35
CYP,pilsner,35
CYP,matches,35
CYP,tuba,35
CYP,rice pa,35
CYP,kambucha,35
CYP,bahlsen,35
CYP,plastic c,35
CYP,chu,35
CYP,white vin,35
CYP,garlic butter,35
CYP,long life milk,35
CYP,eva,35
CYP,lanit,35
CYP,smetan,35
CYP,strongbow,35
CYP,red beans,35
CYP,donestos,35
CYP,таблетки,35
CYP,el paso,35
CYP,leibniz,35
CYP,Nespresso,35
CYP,grissini,35
CYP,Fish,35
CYP,facewash,35
CYP,frozen be,35
CYP,arla pro,35
CYP,τριαντα,35
CYP,light bulb,35
CYP,light cream,35
CYP,hook,35
CYP,lemon j,35
CYP,ice cream no sugar,35
CYP,brown s,35
CYP,purple,35
CYP,nail file,35
CYP,confort,35
CYP,bell pe,35
CYP,tap,35
CYP,riesling,35
CYP,jogh,35
CYP,chupa,35
CYP,tortel,35
CYP,neutro,35
CYP,le petit,35
CYP,make up remover,35
CYP,bread crum,35
CYP,dil,35
CYP,sai,35
CYP,puddi,35
CYP,junior,35
CYP,mozarela,35
CYP,savi,35
CYP,μαλακτικό,35
CYP,lactose f,35
CYP,lens,35
CYP,almond m,35
CYP,hol,35
CYP,old spi,35
CYP,sla,35
CYP,plain,35
CYP,αγγουρι,35
CYP,μωρομ,35
CYP,hands,35
CYP,tobac,35
CYP,ketchap,35
CYP,tequ,35
CYP,ziro,35
CYP,benlian,35
CYP,Wagmi,35
CYP,smell,35
CYP,mascarpo,35
CYP,squas,35
CYP,swimming pool,35
CYP,picl,35
CYP,s-26,35
CYP,deodoran,35
CYP,nat,35
CYP,pumpkin seed,35
CYP,seedless,35
CYP,παξιμάδια,35
CYP,trap,35
CYP,foul,35
CYP,chl,35
CYP,dano,35
CYP,malbec,35
CYP,7 da,35
CYP,pelmen,34
CYP,kri kri frozen,34
CYP,cheese cream,34
CYP,asia,34
CYP,feta cheese,34
CYP,philadelfia,34
CYP,μαρου,34
CYP,цукини,34
CYP,tooth past,34
CYP,редис,34
CYP,coffee c,34
CYP,mari,34
CYP,vaseli,34
CYP,milk oat,34
CYP,ness,34
CYP,Mushrooms,34
CYP,lee,34
CYP,shallots,34
CYP,capsicum,34
CYP,bell pepp,34
CYP,self,34
CYP,locker,34
CYP,snik,34
CYP,tapper,34
CYP,ντο,34
CYP,мусорные пакеты,34
CYP,azera,34
CYP,манго,34
CYP,blackberries,34
CYP,λουντζα,34
CYP,sourcream,34
CYP,sparkling wa,34
CYP,keani,34
CYP,kiddy,34
CYP,hydration,34
CYP,grand,34
CYP,tresemme,34
CYP,rice pu,34
CYP,chilli oil,34
CYP,ceri,34
CYP,wedding card,34
CYP,dispo,34
CYP,dog treat,34
CYP,rasber,34
CYP,oat barista,34
CYP,cheese cheddar,34
CYP,unsal,34
CYP,rose ice cream,34
CYP,instant noodles,34
CYP,breez,34
CYP,toilette,34
CYP,rosewater,34
CYP,frozen fish,34
CYP,slices,34
CYP,agg,34
CYP,lock,34
CYP,pepsi zero,34
CYP,pers,34
CYP,toiletpaper,34
CYP,fary,34
CYP,чиа,34
CYP,yolandas,34
CYP,σφο,34
CYP,no su,34
CYP,оливковое,34
CYP,containers,34
CYP,φρ,34
CYP,leba,34
CYP,frozen ras,34
CYP,hiromeri,34
CYP,banane,34
CYP,Kinder,34
CYP,ρύζι,34
CYP,waffl,34
CYP,αυγ,34
CYP,πατατ,34
CYP,perwo,34
CYP,roast,34
CYP,popsicle,34
CYP,cottage chees,34
CYP,cir,34
CYP,red lentils,34
CYP,black angus,34
CYP,coconut flakes,34
CYP,buffalo,34
CYP,m&m’s,34
CYP,ricott,34
CYP,trident,34
CYP,knif,34
CYP,healthy ha,34
CYP,whey protein,34
CYP,en elladi,34
CYP,сидр,34
CYP,gummi,34
CYP,serum,34
CYP,rom,34
CYP,yam,34
CYP,cognac,34
CYP,αγγουρακια,34
CYP,au,34
CYP,gela,34
CYP,cil,34
CYP,hag,34
CYP,sweet chil,34
CYP,morfat,34
CYP,0 sugar,34
CYP,basili,34
CYP,red onio,34
CYP,mir,34
CYP,oc,34
CYP,jalape,34
CYP,strawberrie,34
CYP,nescafe gold,34
CYP,tabon,34
CYP,rag,34
CYP,paper plate,34
CYP,bot,34
CYP,broo,34
CYP,hot do,34
CYP,wiz,34
CYP,овсян,34
CYP,milk lanitis,34
CYP,orange juic,34
CYP,wot,34
CYP,sauc,34
CYP,kefit,34
CYP,dairy free,34
CYP,med,34
CYP,chis,33
CYP,ζάχαρη,33
CYP,is,33
CYP,tabac,33
CYP,english,33
CYP,loofah,33
CYP,trout,33
CYP,Heineken,33
CYP,chrese,33
CYP,eis,33
CYP,οδοντ,33
CYP,hair col,33
CYP,Franui,33
CYP,χαρτο,33
CYP,taper,33
CYP,brrad,33
CYP,chc,33
CYP,microf,33
CYP,holle,33
CYP,wag,33
CYP,νερά,33
CYP,cheese pie,33
CYP,dogma,33
CYP,hero,33
CYP,vegi,33
CYP,Coca cola,33
CYP,underpads,33
CYP,kids shampoo,33
CYP,papp,33
CYP,pyrex,33
CYP,mous,33
CYP,fior,33
CYP,ραβιολες,33
CYP,cane,33
CYP,mis,33
CYP,пленка,33
CYP,yohurt,33
CYP,vittel,33
CYP,vermicelli,33
CYP,apero,33
CYP,m and m,33
CYP,mop stick,33
CYP,ayr,33
CYP,bone broth,33
CYP,noodels,33
CYP,brown su,33
CYP,vegetable oil,33
CYP,punin,33
CYP,fruit juice,33
CYP,beckmann,33
CYP,phone,33
CYP,lay’s,33
CYP,panini fifa,33
CYP,protein ba,33
CYP,skitt,33
CYP,couverture,33
CYP,evrik,33
CYP,tery,33
CYP,la coste,33
CYP,φαγε,33
CYP,ex,33
CYP,new,33
CYP,cheez,33
CYP,paraley,33
CYP,quino,33
CYP,QNT,33
CYP,low fat cheese,33
CYP,champa,33
CYP,bolog,33
CYP,ricota,33
CYP,seab,33
CYP,mince beef,33
CYP,glory,33
CYP,dio,33
CYP,majo,33
CYP,pamb,33
CYP,vici,33
CYP,mastiqua,33
CYP,colg,33
CYP,espre,33
CYP,leeks,33
CYP,Salad,33
CYP,spra,33
CYP,gyo,33
CYP,balls,33
CYP,milupa,33
CYP,Strawberry,33
CYP,sweet and,33
CYP,seed of ha,33
CYP,mr muscle,33
CYP,dr pe,33
CYP,raspe,33
CYP,frozen str,33
CYP,frozen f,33
CYP,Noodles,33
CYP,bad,33
CYP,μαγιο,33
CYP,nasal,33
CYP,avi,33
CYP,camping,33
CYP,ροκα,33
CYP,cheerios,33
CYP,srir,33
CYP,parmig,33
CYP,curaprox,33
CYP,Olive oil,33
CYP,ταχ,33
CYP,tube,33
CYP,мороже,33
CYP,οδον,33
CYP,green bean,33
CYP,almi,33
CYP,tartar,33
CYP,delice,33
CYP,ararat,33
CYP,pens,33
CYP,spinge,33
CYP,chicken brea,33
CYP,garam,33
CYP,kidd,33
CYP,dr beckmann,33
CYP,λαχανικα,33
CYP,tajin,33
CYP,tikka,33
CYP,tanning oil,33
CYP,bleac,33
CYP,mayone,33
CYP,peco,33
CYP,raddish,33
CYP,ма,33
CYP,chicken sausage,33
CYP,kuhne,33
CYP,συκα,33
CYP,vanilin,33
CYP,rice noodle,33
CYP,sangria,33
CYP,финики,33
CYP,τυρ,33
CYP,breadc,33
CYP,chicken br,33
CYP,airw,33
CYP,actime,33
CYP,bata,33
CYP,cid,33
CYP,ванилин,33
CYP,Bolognese,33
CYP,σκουπα,33
CYP,black bean,33
CYP,beat,33
CYP,garni,33
CYP,желе,32
CYP,filet,32
CYP,deso,32
CYP,smoked paprika,32
CYP,botanic,32
CYP,mnm,32
CYP,saitaku,32
CYP,colour cat,32
CYP,lavazz,32
CYP,pik,32
CYP,mix nuts,32
CYP,raspber,32
CYP,φρούτα,32
CYP,ginger shot,32
CYP,gor,32
CYP,wines,32
CYP,shampoo men,32
CYP,croa,32
CYP,alfamega,32
CYP,kyknos,32
CYP,coffee island,32
CYP,baguet,32
CYP,lentis,32
CYP,stake,32
CYP,greek pita,32
CYP,tapas,32
CYP,stationery,32
CYP,listerin,32
CYP,fridge,32
CYP,charalamb,32
CYP,distilled water,32
CYP,air freshner,32
CYP,sunsc,32
CYP,socket,32
CYP,са,32
CYP,shavi,32
CYP,melis,32
CYP,ice crean,32
CYP,isopropyl,32
CYP,monster zero,32
CYP,room,32
CYP,babycare,32
CYP,pins,32
CYP,caster,32
CYP,Gloves,32
CYP,rolling paper,32
CYP,чернослив,32
CYP,tooth p,32
CYP,nits,32
CYP,hazelnuts,32
CYP,grey,32
CYP,sock,32
CYP,via,32
CYP,serrano,32
CYP,Gluten free,32
CYP,chips lays,32
CYP,брокколи,32
CYP,crema,32
CYP,gaz,32
CYP,sunflow,32
CYP,thy,32
CYP,ped,32
CYP,microfibre,32
CYP,john west,32
CYP,babywipes,32
CYP,carbon,32
CYP,dragon fruit,32
CYP,dec,32
CYP,board games,32
CYP,shwep,32
CYP,bread c,32
CYP,ciabatta,32
CYP,вафли,32
CYP,meli,32
CYP,cheese s,32
CYP,vit,32
CYP,salted butter,32
CYP,kidney beans,32
CYP,σακ,32
CYP,greek yogu,32
CYP,κριθαρακι,32
CYP,camam,32
CYP,jalapen,32
CYP,massage,32
CYP,rus,32
CYP,eye patches,32
CYP,пергамент,32
CYP,lountz,32
CYP,galax,32
CYP,gilett,32
CYP,cigarett,32
CYP,minced chicken,32
CYP,drin,32
CYP,white ch,32
CYP,picke,32
CYP,cotte,32
CYP,wild rice,32
CYP,tomaten,32
CYP,cheese dip,32
CYP,καλαμποκι,32
CYP,swif,32
CYP,Green,32
CYP,nuts mix,32
CYP,self tan,32
CYP,korr,32
CYP,frozen chips,32
CYP,detergen,32
CYP,profeel,32
CYP,mornin,32
CYP,snea,32
CYP,baby wa,32
CYP,souv,32
CYP,σερβιετ,32
CYP,er,32
CYP,paul,32
CYP,dakos,32
CYP,spatula,32
CYP,pero,32
CYP,sanitary pads,32
CYP,σαλατα,32
CYP,wet t,32
CYP,niv,32
CYP,приправа,32
CYP,имбирь,32
CYP,humous,32
CYP,ale,32
CYP,s.,32
CYP,motchi,32
CYP,wil,32
CYP,calculator,32
CYP,alch,32
CYP,mak,32
CYP,deodarant,31
CYP,milk long,31
CYP,pesti,31
CYP,φασολια,31
CYP,kara,31
CYP,micell,31
CYP,beens,31
CYP,barber,31
CYP,kikkos,31
CYP,allinsons,31
CYP,pumpers,31
CYP,Cigarettes,31
CYP,shir,31
CYP,clin,31
CYP,sheep yogurt,31
CYP,dove shower,31
CYP,kore,31
CYP,condense,31
CYP,yia,31
CYP,diffuser,31
CYP,sweete,31
CYP,Bacon,31
CYP,ben and jerrys,31
CYP,farine,31
CYP,overl,31
CYP,maternity,31
CYP,tomato jui,31
CYP,birthday candle,31
CYP,AAA,31
CYP,go blonder,31
CYP,caulif,31
CYP,margar,31
CYP,potato chips,31
CYP,freshener,31
CYP,coconut sugar,31
CYP,peppero,31
CYP,macha,31
CYP,αλε,31
CYP,багет,31
CYP,frie,31
CYP,сельдь,31
CYP,medj,31
CYP,hippo,31
CYP,fat free,31
CYP,Mayonnaise,31
CYP,rope,31
CYP,liste,31
CYP,mit,31
CYP,water baby,31
CYP,персики,31
CYP,ground coffee,31
CYP,цогурт,31
CYP,got,31
CYP,Dove,31
CYP,anchov,31
CYP,insec,31
CYP,strawberry milk,31
CYP,ποτηρια,31
CYP,майо,31
CYP,frauni,31
CYP,cornst,31
CYP,linguine,31
CYP,müsli,31
CYP,coconut yoghurt,31
CYP,dry sham,31
CYP,fros,31
CYP,whine,31
CYP,paneer,31
CYP,sharpener,31
CYP,white cheese,31
CYP,buttee,31
CYP,cj,31
CYP,white egg,31
CYP,fruts,31
CYP,euri,31
CYP,arti,31
CYP,beck,31
CYP,fulfil,31
CYP,low carb,31
CYP,garlic po,31
CYP,nutte,31
CYP,spir,31
CYP,coconut w,31
CYP,probiotic,31
CYP,ketcup,31
CYP,velo,31
CYP,form,31
CYP,body shampoo,31
CYP,carrot juice,31
CYP,frieda,31
CYP,sweet sour,31
CYP,bres,31
CYP,ватные палочки,31
CYP,Wipes,31
CYP,xalloumi,31
CYP,cila,31
CYP,beer zero,31
CYP,огурц,31
CYP,pellegr,31
CYP,hash brown,31
CYP,Paper,31
CYP,soft cheese,31
CYP,sheftalia,31
CYP,lotu,31
CYP,berez,31
CYP,καρβ,31
CYP,weetabi,31
CYP,pennes,31
CYP,yogurt greek,31
CYP,baby corn,31
CYP,soma,31
CYP,beacon,31
CYP,ei,31
CYP,ristorante,31
CYP,pumaro,31
CYP,lpm,31
CYP,pops,31
CYP,blackberry,31
CYP,wavy,31
CYP,spray bottle,31
CYP,ash,31
CYP,blonde,31
CYP,αγγου,31
CYP,pink bags,31
CYP,blip,31
CYP,вермишель,31
CYP,cherry juice,31
CYP,pasta sa,31
CYP,yougart,31
CYP,shake,31
CYP,cram,31
CYP,spearmint,31
CYP,tzaziki,31
CYP,bake rol,31
CYP,nylon,31
CYP,blue bags,31
CYP,bake r,31
CYP,zeas,31
CYP,val,31
CYP,health,31
CYP,red onions,31
CYP,filadelfia,31
CYP,rubber,31
CYP,cif cream,31
CYP,toolet,31
CYP,aira,31
CYP,Crackers,31
CYP,hair co,30
CYP,cav,30
CYP,corn flak,30
CYP,plu,30
CYP,kitchen t,30
CYP,oar,30
CYP,whole milk,30
CYP,карт,30
CYP,sugar free syrup,30
CYP,kio,30
CYP,vermouth,30
CYP,wet napkins,30
CYP,breadsticks,30
CYP,red pe,30
CYP,kva,30
CYP,salad cream,30
CYP,baygon,30
CYP,cocktails,30
CYP,tobasco,30
CYP,cotton bud,30
CYP,brown sug,30
CYP,tide,30
CYP,one use,30
CYP,anc,30
CYP,μπατονετες,30
CYP,heal,30
CYP,Guinness,30
CYP,морожен,30
CYP,gator,30
CYP,power bank,30
CYP,fresh fish,30
CYP,ax,30
CYP,colia,30
CYP,keo wine,30
CYP,kett,30
CYP,courge,30
CYP,pour,30
CYP,pomegran,30
CYP,piza,30
CYP,esp,30
CYP,cranber,30
CYP,flake,30
CYP,спагетти,30
CYP,cheese protein,30
CYP,Nescafe,30
CYP,χα,30
CYP,digestiv,30
CYP,lr,30
CYP,cigarets,30
CYP,coco water,30
CYP,nivea deo,30
CYP,dog ice cream,30
CYP,tomm,30
CYP,fresh orange,30
CYP,сигареты,30
CYP,watr,30
CYP,ashtray,30
CYP,pancak,30
CYP,ρυζ,30
CYP,bicarbonate,30
CYP,liposan,30
CYP,cornflake,30
CYP,buisc,30
CYP,bio milk,30
CYP,wallnut,30
CYP,rice pudd,30
CYP,inti,30
CYP,bee bro,30
CYP,sweps,30
CYP,cc,30
CYP,loofa,30
CYP,dus,30
CYP,ref,30
CYP,shavin,30
CYP,fresh chicken,30
CYP,protein b,30
CYP,σοδα,30
CYP,dive,30
CYP,пе,30
CYP,barbeq,30
CYP,gelatine,30
CYP,drum,30
CYP,sticky,30
CYP,baby care,30
CYP,toilet papper,30
CYP,bees,30
CYP,πιατα,30
CYP,hen,30
CYP,cacao powder,30
CYP,κρ,30
CYP,bisto,30
CYP,nou nou,30
CYP,υγρό,30
CYP,vasel,30
CYP,greek yougurt,30
CYP,vanis,30
CYP,cleansing,30
CYP,protain,30
CYP,cheer,30
CYP,lenon,30
CYP,corega,30
CYP,marina,30
CYP,corona zero,30
CYP,mutt,30
CYP,dettol spray,30
CYP,buratt,30
CYP,powdered,30
CYP,kotanyi,30
CYP,καλαμ,30
CYP,jhon,30
CYP,sur,30
CYP,marshmallows,30
CYP,mixed nuts,30
CYP,lot,30
CYP,i e cream,30
CYP,Toothpaste,30
CYP,hope baby,30
CYP,org,30
CYP,wetwipes,30
CYP,cellery,30
CYP,short,30
CYP,strong,30
CYP,ivi,30
CYP,crispbread,30
CYP,cheas,30
CYP,capri sun,30
CYP,qi,30
CYP,kos,30
CYP,peach juice,30
CYP,cottege,30
CYP,ribeye club,30
CYP,washing up liquid,30
CYP,frozen vegetable,30
CYP,almond fl,30
CYP,opener,30
CYP,desperados,30
CYP,вареники,30
CYP,water filter,30
CYP,coconut m,30
CYP,spreads,30
CYP,pank,30
CYP,papaph,30
CYP,sensitive,30
CYP,oay,30
CYP,rubish,30
CYP,patat,30
CYP,σφουγ,30
CYP,fusili,30
CYP,gluten fr,30
CYP,weekend,30
CYP,sald,30
CYP,rafae,30
CYP,vanilla syrup,30
CYP,strawberry frozen,30
CYP,sour candy,30
CYP,vache,30
CYP,κοκα,30
CYP,tsai,30
CYP,cornflo,30
CYP,arm,30
CYP,papadopo,30
CYP,dat,29
CYP,obi,29
CYP,kop,29
CYP,nivea sun,29
CYP,Cyprus,29
CYP,green chilli,29
CYP,maro,29
CYP,cilan,29
CYP,tonato,29
CYP,Soap,29
CYP,sauer,29
CYP,frisomel,29
CYP,ocb,29
CYP,chopped tomatoes,29
CYP,презервативы,29
CYP,свечи,29
CYP,hair sp,29
CYP,barbells,29
CYP,shweppes,29
CYP,sush,29
CYP,ritter sport,29
CYP,sout,29
CYP,cillit,29
CYP,smietana,29
CYP,turm,29
CYP,butcher,29
CYP,tach,29
CYP,mould,29
CYP,lubr,29
CYP,loaf,29
CYP,καλαμα,29
CYP,black eyed,29
CYP,μαγιονέζα,29
CYP,blube,29
CYP,vegetable cream,29
CYP,ali,29
CYP,персик,29
CYP,inst,29
CYP,red label,29
CYP,margarita,29
CYP,cotton p,29
CYP,speite,29
CYP,gro,29
CYP,μπα,29
CYP,fava,29
CYP,tuborg,29
CYP,ost,29
CYP,estrella,29
CYP,presi,29
CYP,τσιχλες,29
CYP,alcohol spray,29
CYP,fari,29
CYP,fenugreek,29
CYP,air fre,29
CYP,somers,29
CYP,micelar,29
CYP,fakes,29
CYP,полотенца,29
CYP,apple j,29
CYP,frozen bread,29
CYP,key,29
CYP,hand was,29
CYP,kelo,29
CYP,сникерс,29
CYP,Corona,29
CYP,avocados,29
CYP,all purpose flour,29
CYP,sirop,29
CYP,schweps,29
CYP,peanut but,29
CYP,хамон,29
CYP,toilet bag,29
CYP,Perrier,29
CYP,lady finger,29
CYP,cathedral,29
CYP,γιαουρ,29
CYP,proteine,29
CYP,vinigar,29
CYP,airwi,29
CYP,ena,29
CYP,matc,29
CYP,sbs,29
CYP,house,29
CYP,beretta,29
CYP,посуда,29
CYP,passat,29
CYP,manicure,29
CYP,nature tech,29
CYP,la vielle,29
CYP,everyda,29
CYP,cheese gouda,29
CYP,frozen berry,29
CYP,scru,29
CYP,κολοκ,29
CYP,rize,29
CYP,been,29
CYP,yum yum,29
CYP,aioli,29
CYP,candels,29
CYP,soy sa,29
CYP,stat,29
CYP,brownies,29
CYP,круассан,29
CYP,pregn,29
CYP,coffee maker,29
CYP,tomato can,29
CYP,bisquit,29
CYP,sop,29
CYP,boba,29
CYP,wiskey,29
CYP,laudry,29
CYP,disc,29
CYP,liquer,29
CYP,vanilla ex,29
CYP,παξιμα,29
CYP,gliss,29
CYP,qinoa,29
CYP,okr,29
CYP,Potatoes,29
CYP,cheese sauce,29
CYP,frying pan,29
CYP,Lipton,29
CYP,vegan protein,29
CYP,bell pep,29
CYP,ee,29
CYP,tempura,29
CYP,slice cheese,29
CYP,tachini,29
CYP,prosse,29
CYP,baby spinach,29
CYP,докторская,29
CYP,ts,29
CYP,one,29
CYP,wipp,29
CYP,gluten fre,29
CYP,wha,29
CYP,fery,29
CYP,beef j,29
CYP,sweet chi,29
CYP,κρέμα γάλακτος,29
CYP,screen,29
CYP,crouto,29
CYP,artich,29
CYP,λουκανικα,29
CYP,staw,29
CYP,tortillia,29
CYP,glaze,29
CYP,peroxide,29
CYP,plus,29
CYP,aspro,29
CYP,drea,29
CYP,elma,29
CYP,fibre,29
CYP,juice orange,29
CYP,oatm,29
CYP,green p,29
CYP,tow,29
CYP,water glass,29
CYP,basilico,29
CYP,krau,29
CYP,cocumber,29
CYP,rosmary,29
CYP,ριζ,29
CYP,cotton wool,29
CYP,headphones,29
CYP,leave in,29
CYP,chili flakes,29
CYP,sor,29
CYP,mach,29
CYP,came,29
CYP,pg,29
CYP,mikk,29
CYP,tomatoe paste,29
CYP,haloum,28
CYP,скотч,28
CYP,salo,28
CYP,νουνου,28
CYP,protein ch,28
CYP,σαλατες,28
CYP,cold coffee,28
CYP,royal canin,28
CYP,halo top,28
CYP,dettol soap,28
CYP,combucha,28
CYP,pickup,28
CYP,plastic b,28
CYP,apple sauce,28
CYP,cyp,28
CYP,naked,28
CYP,fairy liquid,28
CYP,cape,28
CYP,гауда,28
CYP,ντοματο,28
CYP,dosh,28
CYP,isoto,28
CYP,galopoula,28
CYP,тряпки,28
CYP,ziv,28
CYP,long life,28
CYP,polenta,28
CYP,ice crem,28
CYP,освежитель,28
CYP,hochland,28
CYP,ermis,28
CYP,servi,28
CYP,king,28
CYP,rabbit,28
CYP,fizzy,28
CYP,stevia ice,28
CYP,toff,28
CYP,hairbrush,28
CYP,lit,28
CYP,μπ,28
CYP,xa,28
CYP,japanese,28
CYP,Cherry,28
CYP,cornflex,28
CYP,μέλι,28
CYP,backing,28
CYP,χυμ,28
CYP,marin,28
CYP,ζαχαρ,28
CYP,chilli flakes,28
CYP,καρπου,28
CYP,dairy cream,28
CYP,juicer,28
CYP,mut,28
CYP,marinatas,28
CYP,fun,28
CYP,pork chops,28
CYP,folder,28
CYP,carlsber,28
CYP,stapler,28
CYP,baby soap,28
CYP,καροτ,28
CYP,dican,28
CYP,tzatzi,28
CYP,alpro soya,28
CYP,λουκα,28
CYP,black bread,28
CYP,αφρος,28
CYP,oreo ice,28
CYP,eyebrow,28
CYP,garlik,28
CYP,апельсины,28
CYP,coockies,28
CYP,baby formula,28
CYP,pickels,28
CYP,Chi,28
CYP,buttermilk,28
CYP,whe,28
CYP,dehumidifier,28
CYP,paper bag,28
CYP,μπεικον,28
CYP,malbo,28
CYP,laus,28
CYP,baking sheet,28
CYP,savoiardi,28
CYP,стирка,28
CYP,lemon soda,28
CYP,goud,28
CYP,pir,28
CYP,mits,28
CYP,glazed,28
CYP,Sparkling,28
CYP,манка,28
CYP,powder milk,28
CYP,white choco,28
CYP,marble,28
CYP,marma,28
CYP,leban,28
CYP,ICE,28
CYP,чипс,28
CYP,cat fo,28
CYP,ketsup,28
CYP,маскарпоне,28
CYP,шамп,28
CYP,roach,28
CYP,penn,28
CYP,candere,28
CYP,nerds,28
CYP,shredded cheese,28
CYP,lychee,28
CYP,без сахара,28
CYP,kab,28
CYP,hibiscus,28
CYP,огу,28
CYP,panthenol,28
CYP,φρεσκα κρεμα,28
CYP,milk cho,28
CYP,stationary,28
CYP,finis,28
CYP,palmoliv,28
CYP,πιτα,28
CYP,Marlboro,28
CYP,sweet potatoe,28
CYP,cov,28
CYP,grapef,28
CYP,noddles,28
CYP,chips salt,28
CYP,chixken,28
CYP,nuii,28
CYP,leaf,28
CYP,tooth pa,28
CYP,сы,28
CYP,vimt,28
CYP,mashro,28
CYP,kitchen to,28
CYP,арбу,28
CYP,wrapping paper,28
CYP,schnitzel,28
CYP,household,28
CYP,citron,28
CYP,ice cream magnum,28
CYP,chops,28
CYP,indom,28
CYP,οδο,28
CYP,swan,28
CYP,pregnan,28
CYP,riga,28
CYP,danoni,28
CYP,σφουγγα,28
CYP,renn,28
CYP,салфетки влажные,28
CYP,mints,28
CYP,golden,28
CYP,craker,28
CYP,conta,28
CYP,nespr,28
CYP,alpen,28
CYP,egg noodles,28
CYP,washing po,28
CYP,the bee bros,28
CYP,yoghurt protein,28
CYP,frozen b,28
CYP,кар,28
CYP,airf,28
CYP,weat,28
CYP,3m,28
CYP,lasag,28
CYP,papadopou,28
CYP,αλ,28
CYP,Zero,28
CYP,ada,28
CYP,παξι,28
CYP,drain cleaner,28
CYP,knax,28
CYP,brwad,28
CYP,mosquitos,28
CYP,cheese cake,28
CYP,mona,28
CYP,macar,28
CYP,dishmatic,28
CYP,разрыхлитель,28
CYP,water me,28
CYP,corn oil,28
CYP,triple,28
CYP,cat sand,28
CYP,baloon,28
CYP,woodwick,28
CYP,cheak,28
CYP,proscu,28
CYP,fus,27
CYP,ceaser,27
CYP,sva,27
CYP,kot,27
CYP,betroot,27
CYP,buscuits,27
CYP,kitchen sponge,27
CYP,detox,27
CYP,wisky,27
CYP,Sponge,27
CYP,philips,27
CYP,dish so,27
CYP,dishwasher tablets,27
CYP,rggs,27
CYP,curry powder,27
CYP,paper tow,27
CYP,hand wa,27
CYP,frizen,27
CYP,omega,27
CYP,White wine,27
CYP,τόνος,27
CYP,deion,27
CYP,bolon,27
CYP,mythos,27
CYP,heart,27
CYP,cypr,27
CYP,ollys,27
CYP,ye,27
CYP,crua,27
CYP,bluberry,27
CYP,φεττα,27
CYP,κρεμμυδι,27
CYP,alcho,27
CYP,antis,27
CYP,no sugar ice cream,27
CYP,gel shower,27
CYP,bol,27
CYP,cordon,27
CYP,арахис,27
CYP,coffee cups,27
CYP,ελιες,27
CYP,baby bottle,27
CYP,micr,27
CYP,gochu,27
CYP,legumes,27
CYP,beff,27
CYP,крем,27
CYP,dr pepp,27
CYP,miri,27
CYP,батат,27
CYP,banana chips,27
CYP,costa,27
CYP,sensody,27
CYP,peoper,27
CYP,молок,27
CYP,rinse,27
CYP,marvis,27
CYP,master,27
CYP,tomato sauc,27
CYP,ceral,27
CYP,margarin,27
CYP,ping,27
CYP,swiss,27
CYP,sant,27
CYP,milo,27
CYP,whipes,27
CYP,worc,27
CYP,filt,27
CYP,tooth pas,27
CYP,fusilli,27
CYP,hansa,27
CYP,ricecake,27
CYP,liqui,27
CYP,wer,27
CYP,καρπούζι,27
CYP,Nivea,27
CYP,мешки,27
CYP,alabra,27
CYP,tog,27
CYP,plain flour,27
CYP,elv,27
CYP,Chicco,27
CYP,parch,27
CYP,aleays,27
CYP,ку,27
CYP,ice cream vanilla,27
CYP,onion pow,27
CYP,qtips,27
CYP,cream milk,27
CYP,cold cuts,27
CYP,giant,27
CYP,lol,27
CYP,φυλλο,27
CYP,porri,27
CYP,dr jart,27
CYP,cornetto,27
CYP,stel,27
CYP,nikiforou,27
CYP,rosm,27
CYP,anan,27
CYP,hair cream,27
CYP,baking pan,27
CYP,strawbery,27
CYP,ricecakes,27
CYP,καπ,27
CYP,choco milk,27
CYP,тыква,27
CYP,bobi,27
CYP,арб,27
CYP,pumpki,27
CYP,kabano,27
CYP,chocolate syrup,27
CYP,ntakos,27
CYP,tequi,27
CYP,scallion,27
CYP,поп,27
CYP,onion rings,27
CYP,gelato,27
CYP,flavor,27
CYP,frozen stra,27
CYP,rap,27
CYP,sieve,27
CYP,dried fruits,27
CYP,maoam,27
CYP,green b,27
CYP,ciff,27
CYP,flatbread,27
CYP,sourdou,27
CYP,alumini,27
CYP,bugs,27
CYP,hoe,27
CYP,capsi,27
CYP,μανιτάρια,27
CYP,ceas,27
CYP,γαλατακι,27
CYP,wakame,27
CYP,keratin,27
CYP,chilen,27
CYP,cala,27
CYP,μαρμελάδα,27
CYP,old el paso,27
CYP,jelly beans,27
CYP,cons,27
CYP,λάδι,27
CYP,nimm,27
CYP,nicotine,27
CYP,eye cream,27
CYP,evexia,27
CYP,tights,27
CYP,hom,27
CYP,rubbish bags,27
CYP,cotton bu,27
CYP,koun,27
CYP,tona,27
CYP,eli,27
CYP,moka,27
CYP,leb,27
CYP,ροδο,27
CYP,lint roller,27
CYP,brew,27
CYP,ice cream cones,27
CYP,garbage ba,27
CYP,buscuit,27
CYP,guda,27
CYP,βουτυ,27
CYP,shirataki,27
CYP,bin b,27
CYP,alcoh,27
CYP,pies,27
CYP,diet crackers,27
CYP,ice cream papa,27
CYP,tic tac,27
CYP,north,27
CYP,Oat,27
CYP,Sour cream,27
CYP,kitten food,27
CYP,Beans,27
CYP,mali,27
CYP,Fruits,27
CYP,terra,27
CYP,lipton zero,27
CYP,piz buin,27
CYP,white sugar,27
CYP,baking sod,27
CYP,pees,27
CYP,throat,27
CYP,12 large,27
CYP,крекер,27
CYP,пер,27
CYP,ρολο,27
CYP,saint nicholas,27
CYP,wolt mar,27
CYP,rice vin,27
CYP,plasters,27
CYP,gauze,27
CYP,black pep,27
CYP,mee,27
CYP,metaxa,27
CYP,at,27
CYP,baby pota,27
CYP,mr br,26
CYP,bluberries,26
CYP,aprico,26
CYP,cus,26
CYP,τσι,26
CYP,game,26
CYP,instan,26
CYP,chicken n,26
CYP,red p,26
CYP,sugar powder,26
CYP,goats,26
CYP,kerryg,26
CYP,Olive,26
CYP,purina one,26
CYP,musl,26
CYP,moist,26
CYP,spagge,26
CYP,viniger,26
CYP,σοκολάτα,26
CYP,Yog,26
CYP,halum,26
CYP,eye patch,26
CYP,cheese puffs,26
CYP,peanutbutter,26
CYP,grena,26
CYP,cornflak,26
CYP,oyster sauce,26
CYP,uncle bens,26
CYP,straggato,26
CYP,powerbank,26
CYP,chai,26
CYP,seed of happ,26
CYP,lightning,26
CYP,breadstick,26
CYP,avent,26
CYP,Yo,26
CYP,topping,26
CYP,durec,26
CYP,water 10l,26
CYP,грудка,26
CYP,watw,26
CYP,samp,26
CYP,chiv,26
CYP,art,26
CYP,zero c,26
CYP,matcha powder,26
CYP,cleaning spray,26
CYP,washing pods,26
CYP,μπατο,26
CYP,κειμα,26
CYP,green bags,26
CYP,alcohol free beer,26
CYP,lay's,26
CYP,ene,26
CYP,brookie,26
CYP,bay leaves,26
CYP,coco powder,26
CYP,fac,26
CYP,γαλοπου,26
CYP,μαλακ,26
CYP,charalambous,26
CYP,сало,26
CYP,αγγο,26
CYP,Icecream,26
CYP,kam,26
CYP,πατ,26
CYP,Cheddar,26
CYP,call,26
CYP,sanpel,26
CYP,savoi,26
CYP,ferre,26
CYP,panties,26
CYP,sauv,26
CYP,loll,26
CYP,μουσταρδα,26
CYP,hair dy,26
CYP,natural valley,26
CYP,merba,26
CYP,strab,26
CYP,coke zer,26
CYP,mitsid,26
CYP,dog fo,26
CYP,old hol,26
CYP,cocona,26
CYP,agrokipos,26
CYP,Weetabix,26
CYP,barbell,26
CYP,βουτηρο,26
CYP,syro,26
CYP,carb,26
CYP,organic eggs,26
CYP,батон,26
CYP,kitchen tow,26
CYP,tomatoe sauce,26
CYP,clemen,26
CYP,prosciuto,26
CYP,moca,26
CYP,macaro,26
CYP,captain,26
CYP,bamb,26
CYP,ανα,26
CYP,Ginger,26
CYP,riccota,26
CYP,chickrn,26
CYP,tamari,26
CYP,lactac,26
CYP,pastel,26
CYP,dish sponge,26
CYP,alcoho,26
CYP,waer,26
CYP,canbage,26
CYP,tins,26
CYP,туале,26
CYP,curry paste,26
CYP,milk la,26
CYP,face scrub,26
CYP,δημη,26
CYP,spre,26
CYP,porr,26
CYP,τριαν,26
CYP,сельдерей,26
CYP,scho,26
CYP,sunflowe,26
CYP,ty,26
CYP,doll,26
CYP,hair tie,26
CYP,кальмар,26
CYP,wet ti,26
CYP,dr be,26
CYP,χαμ,26
CYP,αλου,26
CYP,pasti,26
CYP,cream cra,26
CYP,heets,26
CYP,αγγουρ,26
CYP,chicken seasoning,26
CYP,paw patrol,26
CYP,contain,26
CYP,Maggie,26
CYP,pou,26
CYP,Orange juice,26
CYP,Halloumi,26
CYP,cat treats,26
CYP,coke ze,26
CYP,bagg,26
CYP,grat,26
CYP,italian herbs,26
CYP,malvasia,26
CYP,washing pow,26
CYP,friit,26
CYP,schwepps,26
CYP,lasagn,26
CYP,hansaplast,26
CYP,zorpas,26
CYP,hair condi,26
CYP,nor,26
CYP,Wine,26
CYP,colga,26
CYP,nectarin,26
CYP,organic milk,26
CYP,eure,26
CYP,tobaco,26
CYP,мюсли,26
CYP,hugg,26
CYP,seven days,26
CYP,λου,26
CYP,кеф,26
CYP,mara,26
CYP,hair foam,26
CYP,kri kei,26
CYP,yi,26
CYP,ziva,26
CYP,vinig,26
CYP,arborio,26
CYP,thermometer,26
CYP,Tomatoes,26
CYP,bologn,26
CYP,sweet paprika,26
CYP,buckwh,26
CYP,water bottles,26
CYP,seasame,26
CYP,rocky rice,26
CYP,indomi,26
CYP,loren,26
CYP,office,26
CYP,rice pud,26
CYP,Pepsi max,26
CYP,string,26
CYP,goa,26
CYP,active,26
CYP,булгур,26
CYP,milk slice,26
CYP,milk bio,26
CYP,tabaco,26
CYP,egg plant,26
CYP,zip lock,26
CYP,cola ze,26
CYP,guine,26
CYP,hair ties,26
CYP,baklava,26
CYP,kro,25
CYP,blueberri,25
CYP,courgettes,25
CYP,who,25
CYP,haze,25
CYP,charalambi,25
CYP,beyond meat,25
CYP,sweet co,25
CYP,wgg,25
CYP,туа,25
CYP,radi,25
CYP,морков,25
CYP,bougatsa,25
CYP,bakandys,25
CYP,bell p,25
CYP,alpo,25
CYP,maka,25
CYP,olympus,25
CYP,biote,25
CYP,protein chip,25
CYP,Doritos,25
CYP,activis,25
CYP,zoflor,25
CYP,almond flakes,25
CYP,tal,25
CYP,vanilla ice,25
CYP,vitaline,25
CYP,coke z,25
CYP,marie,25
CYP,βα,25
CYP,tommee tippee,25
CYP,aza,25
CYP,cotag,25
CYP,φυστ,25
CYP,cleanin,25
CYP,net,25
CYP,water gun,25
CYP,water 15,25
CYP,milkman,25
CYP,blan,25
CYP,куриц,25
CYP,сливк,25
CYP,соси,25
CYP,frizz,25
CYP,diro,25
CYP,anana,25
CYP,metal,25
CYP,kios,25
CYP,brokk,25
CYP,fou,25
CYP,ready food,25
CYP,pumpk,25
CYP,gher,25
CYP,zivan,25
CYP,saffron,25
CYP,clipper,25
CYP,σταφ,25
CYP,frozen strawberry,25
CYP,мор,25
CYP,bread cru,25
CYP,goat yogurt,25
CYP,gerolsteiner,25
CYP,твор,25
CYP,baking tray,25
CYP,strae,25
CYP,kellogg,25
CYP,faj,25
CYP,psi,25
CYP,boo,25
CYP,eat lean,25
CYP,cadbur,25
CYP,Vaseline,25
CYP,блины,25
CYP,zago,25
CYP,waye,25
CYP,tuma,25
CYP,pec,25
CYP,coconut yo,25
CYP,village flour,25
CYP,chocolate box,25
CYP,kean lemon,25
CYP,beyo,25
CYP,lani,25
CYP,Alpro,25
CYP,ten,25
CYP,cooking wine,25
CYP,good,25
CYP,washing machine cleaner,25
CYP,elcafe,25
CYP,snack jacks,25
CYP,lemongrass,25
CYP,rugg,25
CYP,χυμοι,25
CYP,ξηροι,25
CYP,whiteboard,25
CYP,pokemon,25
CYP,therm,25
CYP,pasata,25
CYP,siberica,25
CYP,Conditioner,25
CYP,corn frozen,25
CYP,funny,25
CYP,cali,25
CYP,drops,25
CYP,nicholas,25
CYP,nespress,25
CYP,αποσμη,25
CYP,babe,25
CYP,gnoc,25
CYP,beckman,25
CYP,frozen fru,25
CYP,gherkin,25
CYP,sud,25
CYP,θυμαρι,25
CYP,яблоко,25
CYP,fas,25
CYP,dog pad,25
CYP,port,25
CYP,πουργ,25
CYP,rec,25
CYP,ξυρα,25
CYP,cli,25
CYP,chickeb,25
CYP,toiket,25
CYP,white w,25
CYP,coconut yogurt,25
CYP,cardamon,25
CYP,ware,25
CYP,padron,25
CYP,protein cookie,25
CYP,noodls,25
CYP,armenian,25
CYP,kitchen rolls,25
CYP,paracetamol,25
CYP,slime,25
CYP,розмарин,25
CYP,red pepp,25
CYP,mascarp,25
CYP,artic,25
CYP,bin ba,25
CYP,auber,25
CYP,old ho,25
CYP,hala,25
CYP,χαλούμι,25
CYP,keychup,25
CYP,gelat,25
CYP,shv,25
CYP,cyprus co,25
CYP,korn,25
CYP,toas,25
CYP,ab,25
CYP,vapes,25
CYP,skimmed,25
CYP,slipper,25
CYP,tweezer,25
CYP,tip,25
CYP,beef broth,25
CYP,feli,25
CYP,pt,25
CYP,breadcrum,25
CYP,uhu,25
CYP,бана,25
CYP,fio,25
CYP,parboiled,25
CYP,basilic,25
CYP,pink bag,25
CYP,bioderma,25
CYP,eye mask,25
CYP,shots,25
CYP,coco pop,25
CYP,condens,25
CYP,charcoa,25
CYP,agav,25
CYP,carda,25
CYP,yogurt 2%,25
CYP,vegetables frozen,25
CYP,ove,25
CYP,γλυκο,25
CYP,crutons,25
CYP,beef jerk,25
CYP,elseve,25
CYP,Toothbrush,25
CYP,φετ,25
CYP,cherrie,25
CYP,rack,25
CYP,sugat,25
CYP,guinn,25
CYP,rocke,25
CYP,neacafe,25
CYP,nic,25
CYP,frankies,25
CYP,veggies,25
CYP,camp,25
CYP,rice flo,25
CYP,shower gell,25
CYP,fets,25
CYP,cleaning cloth,25
CYP,power pro,25
CYP,Sun,25
CYP,hills,25
CYP,dryer,25
CYP,yogurt drink,25
CYP,duster,25
CYP,scrab,25
CYP,pti,25
CYP,eau,25
CYP,свинина,25
CYP,kitchen towe,25
CYP,washing liq,25
CYP,milky way,25
CYP,body mist,25
CYP,baling,24
CYP,lactose free yogurt,24
CYP,crab sticks,24
CYP,egg whit,24
CYP,frisog,24
CYP,vegan yogurt,24
CYP,жидкое мыло,24
CYP,пена для бритья,24
CYP,Johnson,24
CYP,yogar,24
CYP,orbi,24
CYP,cayenne,24
CYP,sheet,24
CYP,πιτσα,24
CYP,rice cale,24
CYP,ке,24
CYP,colouring,24
CYP,asa,24
CYP,clor,24
CYP,tax,24
CYP,elviv,24
CYP,овся,24
CYP,mallow,24
CYP,alpro almond,24
CYP,yugurt,24
CYP,washing gel,24
CYP,wr,24
CYP,monkey,24
CYP,ehgs,24
CYP,уголь,24
CYP,sto,24
CYP,calve,24
CYP,βιταμ,24
CYP,walln,24
CYP,chicken leg,24
CYP,ice cream sandwich,24
CYP,bany,24
CYP,ion stevia,24
CYP,tyr,24
CYP,dra,24
CYP,repe,24
CYP,3 in 1,24
CYP,cube,24
CYP,Cadbury,24
CYP,Sour,24
CYP,nail remover,24
CYP,koppar,24
CYP,coffee bea,24
CYP,Kerry,24
CYP,toilet block,24
CYP,water melo,24
CYP,kitchen pape,24
CYP,shira,24
CYP,frozen potatoes,24
CYP,chryssi,24
CYP,tomati,24
CYP,muss,24
CYP,taramo,24
CYP,milk choco,24
CYP,от комаров,24
CYP,йогу,24
CYP,hy,24
CYP,mops,24
CYP,со,24
CYP,vegan meat,24
CYP,vermic,24
CYP,postpartum,24
CYP,φιδε,24
CYP,picc,24
CYP,corne,24
CYP,vinegar chips,24
CYP,sparkling wat,24
CYP,γαλοπ,24
CYP,chico,24
CYP,nur,24
CYP,αρωμα,24
CYP,strain,24
CYP,bechamel,24
CYP,слив,24
CYP,twarog,24
CYP,school,24
CYP,porto,24
CYP,hair con,24
CYP,bes,24
CYP,κονιακ,24
CYP,картош,24
CYP,plunger,24
CYP,crak,24
CYP,миндаль,24
CYP,coffee capsu,24
CYP,cocos,24
CYP,vitam,24
CYP,водка,24
CYP,luco,24
CYP,alampra,24
CYP,maria,24
CYP,mes,24
CYP,zuchi,24
CYP,condenced,24
CYP,taramas,24
CYP,gon,24
CYP,lon,24
CYP,tagliatelle,24
CYP,bec,24
CYP,Vinegar,24
CYP,корица,24
CYP,soft drin,24
CYP,ice co,24
CYP,water for iron,24
CYP,Sausage,24
CYP,tsamarella,24
CYP,pedi,24
CYP,o.b,24
CYP,bet,24
CYP,parmeza,24
CYP,cokes,24
CYP,coll,24
CYP,rame,24
CYP,healthy snack,24
CYP,кориандр,24
CYP,vee,24
CYP,zipper,24
CYP,red o,24
CYP,non alcoholic beer,24
CYP,baris,24
CYP,choco pie,24
CYP,maldon,24
CYP,papap,24
CYP,prod,24
CYP,желатин,24
CYP,mayi,24
CYP,brioc,24
CYP,hair colo,24
CYP,pampers 6,24
CYP,oven paper,24
CYP,spf 50,24
CYP,spelt,24
CYP,oral-b,24
CYP,zucchi,24
CYP,intex,24
CYP,knives,24
CYP,salade,24
CYP,nutribullet,24
CYP,deionized,24
CYP,lite,24
CYP,αλευ,24
CYP,lavas,24
CYP,тыорог,24
CYP,corned beef,24
CYP,chicken nugget,24
CYP,soya sau,24
CYP,nutella ice,24
CYP,spf50,24
CYP,ill,24
CYP,plastic cu,24
CYP,lil lets,24
CYP,shampoo kids,24
CYP,sourdo,24
CYP,chablis,24
CYP,crips,24
CYP,sour dough,24
CYP,vet,24
CYP,yogo,24
CYP,tupperware,24
CYP,powera,24
CYP,αγγουρια,24
CYP,кукуру,24
CYP,maasdam,24
CYP,груша,24
CYP,cia,24
CYP,mues,24
CYP,msg,24
CYP,toilet gel,24
CYP,freddo,24
CYP,breaded,24
CYP,ψαρι,24
CYP,κρεμμύδια,24
CYP,yorkshire,24
CYP,nutree,24
CYP,milk almond,24
CYP,yoguart,24
CYP,κερασια,24
CYP,delacr,24
CYP,tagl,24
CYP,saniti,24
CYP,bakan,24
CYP,fag,24
CYP,Mozzarella,24
CYP,kinder egg,24
CYP,qtip,24
CYP,lingu,24
CYP,espress,24
CYP,Kleenex,24
CYP,κολο,24
CYP,frozen ber,24
CYP,macaron,24
CYP,kids snacks,24
CYP,яица,24
CYP,cavi,24
CYP,dubai chocolate,24
CYP,jug,24
CYP,τοστ,24
CYP,babybe,24
CYP,maxibon,24
CYP,salty,24
CYP,drip,24
CYP,chutney,24
CYP,bathroom cleaner,24
CYP,breadcrumb,24
CYP,after bite,24
CYP,coka cola,24
CYP,sweetco,24
CYP,tir,24
CYP,calsberg,24
CYP,chipotle,24
CYP,pho,24
CYP,toilet wipes,24
CYP,emm,24
CYP,burrito,24
CYP,mayonese,24
CYP,everyd,24
CYP,poteto,24
CYP,dalfour,24
CYP,краска,24
CYP,jackson,23
CYP,wire,23
CYP,nut butter,23
CYP,horse,23
CYP,moskito,23
CYP,protein y,23
CYP,fasolia,23
CYP,chipa,23
CYP,gli,23
CYP,toiley,23
CYP,kritharaki,23
CYP,white rice,23
CYP,nuk,23
CYP,olly,23
CYP,Hummus,23
CYP,haagen dazs,23
CYP,нут,23
CYP,inion,23
CYP,hair spr,23
CYP,lurpack,23
CYP,watt,23
CYP,wolt ma,23
CYP,eice,23
CYP,chopsticks,23
CYP,chicken strips,23
CYP,bull,23
CYP,desin,23
CYP,marks,23
CYP,worce,23
CYP,κανελα,23
CYP,hydrogen,23
CYP,hazeln,23
CYP,vocation,23
CYP,grigor,23
CYP,brit,23
CYP,kit ka,23
CYP,cucom,23
CYP,wass,23
CYP,sider,23
CYP,bee br,23
CYP,alli,23
CYP,mana,23
CYP,yoland,23
CYP,microfib,23
CYP,ariz,23
CYP,τυρο,23
CYP,colour catch,23
CYP,dumplin,23
CYP,oregan,23
CYP,intimate wash,23
CYP,ifantis,23
CYP,laya,23
CYP,yor,23
CYP,souvla,23
CYP,non a,23
CYP,xinisteri,23
CYP,unsa,23
CYP,fiah,23
CYP,carry,23
CYP,груши,23
CYP,φυστι,23
CYP,coliander,23
CYP,holland,23
CYP,iqo,23
CYP,πιπερ,23
CYP,frau,23
CYP,καλα,23
CYP,flies,23
CYP,sudocream,23
CYP,frozen blueberries,23
CYP,yoggie,23
CYP,monini,23
CYP,coloring,23
CYP,speaker,23
CYP,washing li,23
CYP,hair mousse,23
CYP,краска для волос,23
CYP,spray oil,23
CYP,yogurt 1kg,23
CYP,chol,23
CYP,birt,23
CYP,not,23
CYP,plastic glass,23
CYP,нутелла,23
CYP,μαρούλι,23
CYP,maple sy,23
CYP,couvert,23
CYP,batterie,23
CYP,λεμόνι,23
CYP,skewer,23
CYP,dry white wine,23
CYP,thermal,23
CYP,peel,23
CYP,маслины,23
CYP,white pepper,23
CYP,board game,23
CYP,freezer,23
CYP,pink s,23
CYP,smoki,23
CYP,love,23
CYP,фрукт,23
CYP,corn st,23
CYP,gyr,23
CYP,famoso,23
CYP,chci,23
CYP,сливочное,23
CYP,Pork,23
CYP,frozen st,23
CYP,meals,23
CYP,mask hair,23
CYP,spounge,23
CYP,ножницы,23
CYP,dishsoap,23
CYP,high pro,23
CYP,ведро,23
CYP,yea,23
CYP,guinnes,23
CYP,paw,23
CYP,rees,23
CYP,μαλα,23
CYP,ak,23
CYP,barista oat,23
CYP,patches,23
CYP,bono,23
CYP,ряженка,23
CYP,doktor,23
CYP,chocolate mi,23
CYP,noynoy,23
CYP,nek,23
CYP,tum,23
CYP,chich,23
CYP,כשר,23
CYP,wind,23
CYP,wu,23
CYP,rosma,23
CYP,σκο,23
CYP,flash,23
CYP,induction,23
CYP,sparl,23
CYP,fresh pasta,23
CYP,combu,23
CYP,chilli powder,23
CYP,Monin,23
CYP,frost,23
CYP,marinara,23
CYP,ελαιολαδο,23
CYP,doc,23
CYP,white vine,23
CYP,πιττες,23
CYP,bitt,23
CYP,kornos,23
CYP,puffs,23
CYP,Parmesan,23
CYP,jack daniel,23
CYP,agio,23
CYP,gam,23
CYP,woo,23
CYP,havarti,23
CYP,q tip,23
CYP,chickem,23
CYP,Lactose free,23
CYP,moisturizer,23
CYP,koshe,23
CYP,sweet wine,23
CYP,powder sugar,23
CYP,chard,23
CYP,coffeee,23
CYP,Kefir,23
CYP,shve,23
CYP,bread toast,23
CYP,sil,23
CYP,heinek,23
CYP,amor,23
CYP,rug,23
CYP,fist,23
CYP,гранола,23
CYP,grenadine,23
CYP,beg,23
CYP,лепешка,23
CYP,beer free,23
CYP,τσιγαρα,23
CYP,foodh,23
CYP,gluten-free,23
CYP,rubbish bag,23
CYP,cooked chicken,23
CYP,chicken slice,23
CYP,korrea,23
CYP,frozen mango,23
CYP,filadel,23
CYP,lat,23
CYP,moro,23
CYP,доместос,23
CYP,clem,23
CYP,melin,23
CYP,osher,23
CYP,Pa,23
CYP,hipp water,23
CYP,tres,23
CYP,sosage,23
CYP,edam cheese,23
CYP,fresh meat,23
CYP,αναψυ,23
CYP,cockroa,23
CYP,tira,23
CYP,pregna,23
CYP,tes,23
CYP,kon,23
CYP,dry fr,23
CYP,Dr,23
CYP,taglia,23
CYP,lays salt,23
CYP,icw,23
CYP,λαδόκολλα,23
CYP,форма,23
CYP,fish fi,23
CYP,water small,23
CYP,cola z,23
CYP,καροτο,23
CYP,Coco,23
CYP,Co,23
CYP,scha,23
CYP,κρασί,23
CYP,μετρο,23
CYP,frozen veggies,23
CYP,evaporated,23
CYP,carlsbe,23
CYP,pourgouri,23
CYP,Tooth,23
CYP,uns,23
CYP,картоф,23
CYP,soften,23
CYP,din,23
CYP,oliven,23
CYP,padd,23
CYP,superhome,23
CYP,bags on roll,23
CYP,marti,23
CYP,scraper,23
CYP,shap,23
CYP,swa,23
CYP,comm,23
CYP,boome,23
CYP,viola,23
CYP,little's,23
CYP,avocato,23
CYP,beets,23
CYP,rive,23
CYP,diet cra,23
CYP,red oni,23
CYP,edem,23
CYP,loundry,23
CYP,fish fing,23
CYP,aperil,23
CYP,sot,23
CYP,seed o,23
CYP,tish,23
CYP,bount,23
CYP,muesl,23
CYP,magnet,23
CYP,lipstick,23
CYP,Fairy,23
CYP,kitchen spray,23
CYP,tradh,23
CYP,gaea,22
CYP,chri,22
CYP,нож,22
CYP,stela,22
CYP,contact,22
CYP,κρεμμυδια,22
CYP,smil,22
CYP,red win,22
CYP,maz,22
CYP,kimch,22
CYP,lemonate,22
CYP,soinach,22
CYP,вола,22
CYP,сырки,22
CYP,mixed berries,22
CYP,evap,22
CYP,χαλλ,22
CYP,hotdogs,22
CYP,sas,22
CYP,red cabbage,22
CYP,йо,22
CYP,virginia,22
CYP,Monster,22
CYP,rucc,22
CYP,γαλοπο,22
CYP,grape juice,22
CYP,creame,22
CYP,κουβερτ,22
CYP,blue bag,22
CYP,hand gel,22
CYP,frozen veget,22
CYP,chesee,22
CYP,bears,22
CYP,scw,22
CYP,camambert,22
CYP,salaf,22
CYP,χλω,22
CYP,exten,22
CYP,soap dove,22
CYP,sumac,22
CYP,cla,22
CYP,alchol,22
CYP,water wipe,22
CYP,chco,22
CYP,balsamic cream,22
CYP,kwas,22
CYP,chicken legs,22
CYP,Basil,22
CYP,αναρή,22
CYP,παρμεζανα,22
CYP,lebanese bread,22
CYP,sault,22
CYP,campo,22
CYP,keo beer,22
CYP,lactacy,22
CYP,medjool,22
CYP,αποσμητικό,22
CYP,phis,22
CYP,picle,22
CYP,peotein,22
CYP,perfum,22
CYP,A4,22
CYP,cat l,22
CYP,ice bag,22
CYP,coton,22
CYP,grated chee,22
CYP,bread sliced,22
CYP,laiko,22
CYP,coffee cup,22
CYP,corn cake,22
CYP,juicy,22
CYP,floor clean,22
CYP,Magnum,22
CYP,baby wash,22
CYP,kids yogurt,22
CYP,cic,22
CYP,waste,22
CYP,fill,22
CYP,τρουφα,22
CYP,nectari,22
CYP,clog,22
CYP,olympo,22
CYP,chicken th,22
CYP,cak,22
CYP,40 days,22
CYP,tong,22
CYP,lio,22
CYP,ghe,22
CYP,tobl,22
CYP,chocolate c,22
CYP,baby cream,22
CYP,sere,22
CYP,frang,22
CYP,food colouring,22
CYP,douwe,22
CYP,yogut,22
CYP,παξιμαδι,22
CYP,frozen peas,22
CYP,ella,22
CYP,black olives,22
CYP,sklaven,22
CYP,chardonnay,22
CYP,calama,22
CYP,читос,22
CYP,γάντια,22
CYP,лимоны,22
CYP,тарелка,22
CYP,pac,22
CYP,py,22
CYP,xino,22
CYP,piper,22
CYP,rit,22
CYP,bebelita,22
CYP,rice cales,22
CYP,μαιντανος,22
CYP,nido,22
CYP,food coloring,22
CYP,dog ice,22
CYP,salas,22
CYP,cotton swabs,22
CYP,wiped,22
CYP,protein pu,22
CYP,strawberry fruit,22
CYP,γιαουρτια,22
CYP,nature va,22
CYP,Strawberries,22
CYP,gau,22
CYP,burger cheese,22
CYP,airfry,22
CYP,айсберг,22
CYP,morpha,22
CYP,slip,22
CYP,рукола,22
CYP,bow,22
CYP,Biscuits,22
CYP,bulgu,22
CYP,eco ver,22
CYP,bresa,22
CYP,fresh mint,22
CYP,πισίνα,22
CYP,biokill,22
CYP,φραου,22
CYP,drinking,22
CYP,spicy mayo,22
CYP,vitamins,22
CYP,κουβ,22
CYP,raffa,22
CYP,berries frozen,22
CYP,general,22
CYP,fisher price,22
CYP,dettol wipes,22
CYP,deodorant men,22
CYP,kolios,22
CYP,tomato soup,22
CYP,gratef,22
CYP,plastic spoon,22
CYP,semo,22
CYP,chor,22
CYP,сковорода,22
CYP,wd,22
CYP,butger,22
CYP,bread gluten free,22
CYP,medi,22
CYP,prop,22
CYP,ll,22
CYP,contai,22
CYP,cat toy,22
CYP,your,22
CYP,χυμός,22
CYP,αλάτι,22
CYP,corn chips,22
CYP,what,22
CYP,knive,22
CYP,lucozade,22
CYP,lingui,22
CYP,tro,22
CYP,fusi,22
CYP,salu,22
CYP,berrys,22
CYP,dettil,22
CYP,ξύδι,22
CYP,fiti,22
CYP,nouno,22
CYP,pane,22
CYP,surimi,22
CYP,μακαρον,22
CYP,пепси,22
CYP,μπι,22
CYP,swedish,22
CYP,San,22
CYP,creatin,22
CYP,kare,22
CYP,rose ice,22
CYP,sweet c,22
CYP,sundr,22
CYP,mozzarella sticks,22
CYP,chios,22
CYP,detelina,22
CYP,kitka,22
CYP,john fr,22
CYP,bao,22
CYP,αντι,22
CYP,callowf,22
CYP,ah,22
CYP,hallum,22
CYP,auberg,22
CYP,crum,22
CYP,πλαστικα,22
CYP,Al,22
CYP,oyakata,22
CYP,μαστιχα,22
CYP,Cups,22
CYP,true,22
CYP,barebe,22
CYP,βαλσαμικο,22
CYP,bread slice,22
CYP,лимонад,22
CYP,laundry pods,22
CYP,salamini,22
CYP,baby wat,22
CYP,valor,22
CYP,distill,22
CYP,pelli,22
CYP,Olives,22
CYP,hug,22
CYP,pance,22
CYP,lack,22
CYP,blackcurrant,22
CYP,λουβί,22
CYP,ram,22
CYP,stout,22
CYP,dr beckman,22
CYP,papeika,22
CYP,loli,22
CYP,Ritter,22
CYP,vikos,22
CYP,rispet,22
CYP,lak,22
CYP,wet hankies,22
CYP,chicken spice,22
CYP,abso,22
CYP,check,22
CYP,ben jerry,22
CYP,kotex,22
CYP,servie,22
CYP,trave,22
CYP,bakon,22
CYP,tas,22
CYP,φακές,22
CYP,mix veg,22
CYP,cherry t,22
CYP,amaretto,22
CYP,wine opener,22
CYP,red w,22
CYP,dishwashing liquid,22
CYP,supe,22
CYP,hygiene,22
CYP,disti,22
CYP,σελινο,22
CYP,coffee be,22
CYP,каба,22
CYP,черника,22
CYP,chamom,22
CYP,ae,22
CYP,cooling,22
CYP,greek pitta,22
CYP,evapore,22
CYP,bs,22
CYP,Broccoli,22
CYP,by,22
CYP,diab,22
CYP,rye bread,22
CYP,pron,22
CYP,Dicora,21
CYP,conditione,21
CYP,biscoff spread,21
CYP,λαδο,21
CYP,arabic bread,21
CYP,strip,21
CYP,pink lemonade,21
CYP,foodha,21
CYP,floor cl,21
CYP,panda,21
CYP,frozen v,21
CYP,Toma,21
CYP,nestl,21
CYP,gin mare,21
CYP,olive paste,21
CYP,east,21
CYP,biltong,21
CYP,water mel,21
CYP,tome,21
CYP,spring onions,21
CYP,Oat milk,21
CYP,aoda,21
CYP,toilette paper,21
CYP,straberry,21
CYP,mayb,21
CYP,φασολ,21
CYP,evreka,21
CYP,wet food,21
CYP,icd,21
CYP,fitnes,21
CYP,hair clip,21
CYP,green pea,21
CYP,brokoli,21
CYP,chre,21
CYP,oldspice,21
CYP,καπηρα,21
CYP,рикотта,21
CYP,φράουλες,21
CYP,em,21
CYP,self raising,21
CYP,bah,21
CYP,trash ba,21
CYP,tobas,21
CYP,sex toys,21
CYP,chrisp,21
CYP,nan 2,21
CYP,agrin,21
CYP,seed of hap,21
CYP,μπεσαμελ,21
CYP,ion protein,21
CYP,birthday cake,21
CYP,sacla,21
CYP,sev,21
CYP,frag,21
CYP,filad,21
CYP,jag,21
CYP,для стирки,21
CYP,frozen frui,21
CYP,chilled beer,21
CYP,eggplan,21
CYP,jp,21
CYP,rep,21
CYP,chciken,21
CYP,tea bag,21
CYP,coockie,21
CYP,Carrot,21
CYP,achna,21
CYP,twister,21
CYP,Cyprus coffee,21
CYP,bomb,21
CYP,dayes,21
CYP,silicon,21
CYP,ice tray,21
CYP,minera,21
CYP,miradar,21
CYP,pepper black,21
CYP,argos,21
CYP,fabric so,21
CYP,peppercorn,21
CYP,millk,21
CYP,bio eggs,21
CYP,face soap,21
CYP,canned fish,21
CYP,cheeps,21
CYP,клуб,21
CYP,tho,21
CYP,fili,21
CYP,antibact,21
CYP,natur,21
CYP,charg,21
CYP,israel,21
CYP,babana,21
CYP,sun care,21
CYP,ecov,21
CYP,BROTHEL,21
CYP,Popcorn,21
CYP,malteser,21
CYP,toothbrus,21
CYP,hooks,21
CYP,leave,21
CYP,onios,21
CYP,vanillin,21
CYP,pom pon,21
CYP,sanpellegrino,21
CYP,baked rolls,21
CYP,mintik,21
CYP,littl,21
CYP,nis,21
CYP,air f,21
CYP,cinamm,21
CYP,spu,21
CYP,grigori,21
CYP,bowls,21
CYP,τυρι κρεμα,21
CYP,sheimp,21
CYP,hot chocolate,21
CYP,aerox,21
CYP,juice apple,21
CYP,avok,21
CYP,loreal elvive,21
CYP,σκορδ,21
CYP,new york,21
CYP,tass,21
CYP,stainless,21
CYP,agia skepi,21
CYP,semi,21
CYP,gluden free,21
CYP,koro,21
CYP,non-,21
CYP,mins,21
CYP,healthy snacks,21
CYP,Evian,21
CYP,iq,21
CYP,dog toy,21
CYP,Keo,21
CYP,mini mix,21
CYP,baby foo,21
CYP,ionised,21
CYP,arka,21
CYP,сос,21
CYP,cidre,21
CYP,fabr,21
CYP,thank you,21
CYP,для,21
CYP,mine,21
CYP,acet,21
CYP,carbo,21
CYP,aluminium tray,21
CYP,tomoto,21
CYP,oat drink,21
CYP,tricolore,21
CYP,yoghurts,21
CYP,poli,21
CYP,toalet,21
CYP,roo,21
CYP,fruta,21
CYP,antiper,21
CYP,Jacobs,21
CYP,evg,21
CYP,pats,21
CYP,giotis,21
CYP,chocla,21
CYP,ξηροί καρποί,21
CYP,breqd,21
CYP,travel size,21
CYP,ske,21
CYP,buckwe,21
CYP,frosting,21
CYP,saint ni,21
CYP,potate,21
CYP,mayonai,21
CYP,eegs,21
CYP,Pop,21
CYP,бри,21
CYP,fish fillet,21
CYP,squis,21
CYP,lactose free cheese,21
CYP,dishwashe,21
CYP,checken,21
CYP,фру,21
CYP,gnocci,21
CYP,lavache,21
CYP,nurofen,21
CYP,volvic,21
CYP,brussel,21
CYP,αγγουρα,21
CYP,mung,21
CYP,νισιαστε,21
CYP,perfu,21
CYP,flavour,21
CYP,food color,21
CYP,parizaki,21
CYP,neutr,21
CYP,korma,21
CYP,grana padano,21
CYP,sweet chill,21
CYP,hellman,21
CYP,pambe,21
CYP,post,21
CYP,gonger,21
CYP,grig,21
CYP,emental,21
CYP,ολυμπος,21
CYP,mala,21
CYP,bread stick,21
CYP,baloons,21
CYP,απο,21
CYP,smoked sal,21
CYP,vine lea,21
CYP,maison perrier,21
CYP,γυρος,21
CYP,Air,21
CYP,prongles,21
CYP,sex toy,21
CYP,extra virgin,21
CYP,παξ,21
CYP,vanilla extr,21
CYP,razor blade,21
CYP,risling,21
CYP,Dog,21
CYP,moski,21
CYP,krit,21
CYP,dish w,21
CYP,ασετον,21
CYP,caffee,21
CYP,се,21
CYP,Wet wipes,21
CYP,fere,21
CYP,lordos bags,21
CYP,bitter lemon,21
CYP,ice tra,21
CYP,frap,21
CYP,butter unsalted,21
CYP,pampers 4,21
CYP,буратта,21
CYP,span,21
CYP,maybe,21
CYP,ripe,21
CYP,laughing cow,21
CYP,υγρ,21
CYP,μαρμελαδα,21
CYP,all natural,21
CYP,black peper,21
CYP,rust,21
CYP,мыло для рук,21
CYP,μεβγαλ,21
CYP,wet nap,21
CYP,prun,21
CYP,beef salami,21
CYP,laundry soap,21
CYP,die,21
CYP,eurik,21
CYP,nobac,21
CYP,pozza,21
CYP,sorbe,21
CYP,quac,21
CYP,listeri,21
CYP,riceca,21
CYP,aftershave,21
CYP,barist,21
CYP,μπισκο,21
CYP,ment,21
CYP,eggd,21
CYP,egg w,21
CYP,brushworks,21
CYP,cann,21
CYP,rocca,21
CYP,american,21
CYP,marmel,21
CYP,s.p,21
CYP,Almond,21
CYP,πιτ,21
CYP,onion po,21
CYP,smoked sa,21
CYP,granny,21
CYP,icecubes,21
CYP,ao,21
CYP,activa,21
CYP,кастрюля,21
CYP,cotton pa,21
CYP,spaghettini,21
CYP,през,21
CYP,спаржа,21
CYP,пель,21
CYP,χαρ,21
CYP,washing tablets,21
CYP,xal,20
CYP,ring,20
CYP,κρουα,20
CYP,l’oreal,20
CYP,spaggeti,20
CYP,dai,20
CYP,Ch,20
CYP,kala,20
CYP,shirt,20
CYP,hands soap,20
CYP,parsely,20
CYP,bottles,20
CYP,bayl,20
CYP,rya,20
CYP,oetker,20
CYP,vertuo,20
CYP,ehg,20
CYP,παξιμ,20
CYP,ginger tea,20
CYP,arla cottage,20
CYP,Tomato paste,20
CYP,thi,20
CYP,kri kri ice cream,20
CYP,майоне,20
CYP,pasta s,20
CYP,ваниш,20
CYP,garlic sauce,20
CYP,oven cleaner,20
CYP,citro,20
CYP,porrige,20
CYP,пластырь,20
CYP,ζυμαρικα,20
CYP,cander,20
CYP,χαρτοπετσετες,20
CYP,electroli,20
CYP,paella,20
CYP,color cat,20
CYP,agava,20
CYP,cips,20
CYP,kpi,20
CYP,karvouna,20
CYP,nag,20
CYP,fruit yogurt,20
CYP,λεμόνια,20
CYP,ais,20
CYP,zig,20
CYP,toliet,20
CYP,watrr,20
CYP,butternut,20
CYP,papaer,20
CYP,huice,20
CYP,chokol,20
CYP,baca,20
CYP,viak,20
CYP,superglue,20
CYP,mens,20
CYP,tandoori,20
CYP,WATER,20
CYP,refresh,20
CYP,plastic fork,20
CYP,tanq,20
CYP,set,20
CYP,σλαις,20
CYP,chitos,20
CYP,фила,20
CYP,φα,20
CYP,Stitch,20
CYP,dispos,20
CYP,beyon,20
CYP,tortina,20
CYP,zits,20
CYP,letuc,20
CYP,chicken s,20
CYP,mcvities,20
CYP,glutten free,20
CYP,καρο,20
CYP,chile,20
CYP,baga,20
CYP,rinse aid,20
CYP,tiro,20
CYP,ice pop,20
CYP,пеленки,20
CYP,Vegan,20
CYP,bok,20
CYP,masdam,20
CYP,spirt,20
CYP,sugar syrup,20
CYP,fli,20
CYP,ry,20
CYP,Hipp,20
CYP,trima,20
CYP,πανια,20
CYP,isopro,20
CYP,olive pie,20
CYP,ξυ,20
CYP,Cat,20
CYP,sif,20
CYP,grease,20
CYP,кешью,20
CYP,Drinks,20
CYP,humidity,20
CYP,ice ream,20
CYP,veal,20
CYP,баклажан,20
CYP,charcol,20
CYP,malag,20
CYP,shre,20
CYP,surface cleaner,20
CYP,μπυρα,20
CYP,careot,20
CYP,aggs,20
CYP,березка,20
CYP,yest,20
CYP,raff,20
CYP,Coriander,20
CYP,smoo,20
CYP,pretze,20
CYP,χαλο,20
CYP,To,20
CYP,lemonada,20
CYP,αβοκα,20
CYP,Mr,20
CYP,body lo,20
CYP,frozen corn,20
CYP,μπατον,20
CYP,сгущ,20
CYP,τριμμα,20
CYP,bites,20
CYP,sparkling w,20
CYP,station,20
CYP,windo,20
CYP,red le,20
CYP,βρώμη,20
CYP,psyll,20
CYP,cheesee,20
CYP,νε,20
CYP,face was,20
CYP,клюква,20
CYP,arab,20
CYP,bananes,20
CYP,screw,20
CYP,marlbor,20
CYP,hair removal cream,20
CYP,mass,20
CYP,tometo,20
CYP,first aid,20
CYP,ανθονερο,20
CYP,καρπο,20
CYP,fitn,20
CYP,toothbrush kids,20
CYP,lenses,20
CYP,sour creme,20
CYP,bake paper,20
CYP,φρου,20
CYP,gift bags,20
CYP,las,20
CYP,lace,20
CYP,cheaps,20
CYP,maple syr,20
CYP,little’s,20
CYP,calg,20
CYP,busc,20
CYP,coffee syrup,20
CYP,sun lo,20
CYP,cotton b,20
CYP,cooler bag,20
CYP,wed,20
CYP,plombir,20
CYP,kritsinia,20
CYP,oat bran,20
CYP,сгущен,20
CYP,water 6,20
CYP,mixed vegetables,20
CYP,ρυζογ,20
CYP,polo,20
CYP,no added sugar,20
CYP,floaties,20
CYP,доширак,20
CYP,κρεμμυ,20
CYP,fifa world cup,20
CYP,patates,20
CYP,baby f,20
CYP,nudles,20
CYP,todu,20
CYP,kimc,20
CYP,child,20
CYP,dove shower gel,20
CYP,smoked pap,20
CYP,tomaro,20
CYP,penaut,20
CYP,vina,20
CYP,green onions,20
CYP,απιο,20
CYP,goida,20
CYP,pittas,20
CYP,some,20
CYP,гре,20
CYP,παγακια,20
CYP,aponge,20
CYP,ghi,20
CYP,cutl,20
CYP,breads,20
CYP,russ,20
CYP,deodr,20
CYP,xyn,20
CYP,cutter,20
CYP,frozen vegeta,20
CYP,fussili,20
CYP,snackajacks,20
CYP,louk,20
CYP,diet co,20
CYP,creta farm,20
CYP,lobster,20
CYP,marmite,20
CYP,Tea,20
CYP,apro,20
CYP,coles,20
CYP,juice fresh,20
CYP,pecor,20
CYP,tabacco,20
CYP,soda wa,20
CYP,cockroaches,20
CYP,chicen,20
CYP,dr bec,20
CYP,fosh,20
CYP,cherrys,20
CYP,toble,20
CYP,body was,20
CYP,cog,20
CYP,hair cond,20
CYP,milk choc,20
CYP,mandarine,20
CYP,βαμβακι,20
CYP,pafs,20
CYP,πιττ,20
CYP,jerki,20
CYP,bate,20
CYP,calc,20
CYP,σαλα,20
CYP,φρυγανια,20
CYP,σοκολατες,20
CYP,soupl,20
CYP,jons,20
CYP,truffl,20
CYP,strawberry syrup,20
CYP,salted cara,20
CYP,smacks,20
CYP,σκλαβε,20
CYP,baking s,20
CYP,κριτσι,20
CYP,ruco,20
CYP,анари,20
CYP,sallad,20
CYP,vital,20
CYP,pun,20
CYP,Zita,20
CYP,celest,20
CYP,ruk,20
CYP,moisturiser,20
CYP,la moli,20
CYP,pork belly,20
CYP,mcdo,20
CYP,toiler,20
CYP,disin,20
CYP,тво,20
CYP,courget,20
CYP,capu,20
CYP,chicken breas,20
CYP,plastic plate,20
CYP,курага,20
CYP,Kean,20
CYP,red pesto,20
CYP,oro,20
CYP,чечевица,20
CYP,сельд,20
CYP,toghurt,20
CYP,αλουμ,20
CYP,babyb,20
CYP,life juice,20
CYP,mama,20
CYP,ouz,20
CYP,stir fry,20
CYP,aga,20
CYP,rolled oats,20
CYP,lout,20
CYP,bisli,20
CYP,ντακος,20
CYP,maas,20
CYP,vidka,20
CYP,nea,20
CYP,clear,20
CYP,antib,20
CYP,halloumi light,20
CYP,brothe,20
CYP,λαδοκο,20
CYP,canned tomatoes,20
CYP,af,20
CYP,ceria,20
CYP,pickel,20
CYP,бума,20
CYP,ταψι,20
CYP,mr.,20
CYP,κρακερ,20
CYP,morning coff,20
CYP,dub,20
CYP,desp,20
CYP,cinnam,20
CYP,coconut flour,20
CYP,tagli,20
CYP,alpro vanilla,20
CYP,salad sauce,20
CYP,pumpkin see,20
CYP,rubb,20
CYP,protein balls,20
CYP,christening,20
CYP,тв,20
CYP,сметан,20
CYP,αλλαντικα,20
CYP,newborn,20
CYP,satisfyer,20
CYP,φρυγ,20
CYP,просеко,20
CYP,scales,20
CYP,muffins,20
CYP,sum,20
CYP,fast,20
CYP,chicken burgers,20
CYP,tony’s,20
CYP,cold brew,20
CYP,trashbag,20
CYP,lactose fr,20
CYP,αναψ,20
CYP,torres,20
CYP,весы,20
CYP,50,20
CYP,фрук,20
CYP,σοκο,20
CYP,χαρτι κου,20
CYP,papar,20
CYP,киноа,20
CYP,toothpaste kids,20
CYP,ριζι,20
CYP,holy,20
CYP,клей,20
CYP,old s,20
CYP,μαρ,20
CYP,mr brow,20
CYP,моцарела,20
CYP,green be,20
CYP,колбаски,20
CYP,dr p,20
CYP,nutella ice cream,20
CYP,zero beer,20
CYP,beef min,20
CYP,parfum,20
CYP,chris,20
CYP,skimmed milk,20
CYP,mr beast,20
CYP,ferrero rocher,20
CYP,applesauce,20
CYP,mozerella,20
CYP,desca,20
CYP,harissa,20
CYP,garam masala,20
CYP,breeze,20
CYP,lavaza,20
CYP,kokos,20
CYP,avoka,20
CYP,pecans,20
CYP,жвачка,20
CYP,dove shampoo,20
CYP,pancake mix,20
CYP,agios ni,20
CYP,perf,19
CYP,tassi,19
CYP,canola,19
CYP,almond bu,19
CYP,παγα,19
CYP,κρουασάν,19
CYP,томатный сок,19
CYP,геркулес,19
CYP,eggplants,19
CYP,ψω,19
CYP,ντομάτες,19
CYP,cell,19
CYP,chicken nu,19
CYP,eurek,19
CYP,hot dog bun,19
CYP,суп,19
CYP,krauzer,19
CYP,colla,19
CYP,vasilikon,19
CYP,ανθο,19
CYP,gnocc,19
CYP,toilet papaer,19
CYP,colian,19
CYP,poto,19
CYP,kettl,19
CYP,panini sticker,19
CYP,fala,19
CYP,pet wipes,19
CYP,rigat,19
CYP,cat treat,19
CYP,coffee machine,19
CYP,baby s,19
CYP,motza,19
CYP,three,19
CYP,hope care,19
CYP,Lime,19
CYP,peache,19
CYP,pampers no,19
CYP,wet paper,19
CYP,robinso,19
CYP,Greek yo,19
CYP,baby laundry,19
CYP,рисовая мука,19
CYP,gn,19
CYP,dem,19
CYP,protein pudd,19
CYP,shrims,19
CYP,cust,19
CYP,fasting,19
CYP,aerosol,19
CYP,pink l,19
CYP,red bull zero,19
CYP,muitomas,19
CYP,passionfruit,19
CYP,extra,19
CYP,chetos,19
CYP,menstrual,19
CYP,ypgurt,19
CYP,рисовая,19
CYP,ribe,19
CYP,electri,19
CYP,exotic,19
CYP,bond,19
CYP,salz,19
CYP,coder,19
CYP,sweetc,19
CYP,red chilli,19
CYP,branston,19
CYP,σπανακι,19
CYP,body wa,19
CYP,chicjen,19
CYP,mento,19
CYP,τρ,19
CYP,μαλακτ,19
CYP,bub,19
CYP,vintage,19
CYP,large,19
CYP,play dough,19
CYP,kids yo,19
CYP,woman,19
CYP,bia,19
CYP,cide,19
CYP,freez,19
CYP,βρωμ,19
CYP,tsi,19
CYP,rab,19
CYP,arla cheese,19
CYP,sws,19
CYP,heese,19
CYP,σφουγγαρ,19
CYP,krispies,19
CYP,karums,19
CYP,liv,19
CYP,Stevia,19
CYP,underpad,19
CYP,bottle opener,19
CYP,milk 1l,19
CYP,loreal men,19
CYP,Mango,19
CYP,tomato pure,19
CYP,φρυγα,19
CYP,castello,19
CYP,chh,19
CYP,pote,19
CYP,pencils,19
CYP,tilsit,19
CYP,bulgar,19
CYP,sauvi,19
CYP,magne,19
CYP,trim,19
CYP,melitta,19
CYP,gia,19
CYP,pasa,19
CYP,сосис,19
CYP,Red,19
CYP,swet,19
CYP,πατατα,19
CYP,mr beans,19
CYP,vichy,19
CYP,минералка,19
CYP,kombuch,19
CYP,toilet clean,19
CYP,night,19
CYP,lolly,19
CYP,plastik,19
CYP,mira,19
CYP,trimmer,19
CYP,Chickpeas,19
CYP,aqua wipes,19
CYP,pils,19
CYP,απορρ,19
CYP,jum,19
CYP,milks,19
CYP,garnie,19
CYP,cocoa po,19
CYP,pizza hut,19
CYP,bay lea,19
CYP,pena,19
CYP,Spinach,19
CYP,aco,19
CYP,ντομάτα,19
CYP,strag,19
CYP,mao,19
CYP,l’,19
CYP,sope,19
CYP,frozen meat,19
CYP,hage,19
CYP,πι,19
CYP,potsto,19
CYP,maj,19
CYP,spear,19
CYP,plastic box,19
CYP,veggie burgers,19
CYP,distil,19
CYP,cheda,19
CYP,cover,19
CYP,energi,19
CYP,measure,19
CYP,scis,19
CYP,pokk,19
CYP,sorite,19
CYP,le coq,19
CYP,beaf,19
CYP,pon,19
CYP,croisan,19
CYP,cork,19
CYP,yogurr,19
CYP,αλευρ,19
CYP,kaffee,19
CYP,стиральный,19
CYP,kater,19
CYP,red len,19
CYP,celly,19
CYP,fourno,19
CYP,buk,19
CYP,moti,19
CYP,lolli,19
CYP,baby shower,19
CYP,old h,19
CYP,pastra,19
CYP,Cream cheese,19
CYP,habanero,19
CYP,lemon acid,19
CYP,Straw,19
CYP,frosh,19
CYP,cinamo,19
CYP,αγ,19
CYP,ema,19
CYP,oil olive,19
CYP,corria,19
CYP,il,19
CYP,fush,19
CYP,chocolate sauce,19
CYP,sweet cor,19
CYP,aluminium foil,19
CYP,quar,19
CYP,mono,19
CYP,ασημο,19
CYP,βανίλια,19
CYP,wt,19
CYP,chicken min,19
CYP,chicj,19
CYP,dogfood,19
CYP,roca,19
CYP,la vas,19
CYP,stanley,19
CYP,strips,19
CYP,mandova,19
CYP,water spark,19
CYP,theopisti,19
CYP,coffee milk,19
CYP,choco pops,19
CYP,zero coca,19
CYP,κεο,19
CYP,бу,19
CYP,куку,19
CYP,sprite z,19
CYP,capric,19
CYP,Bio,19
CYP,pig,19
CYP,antip,19
CYP,minced pork,19
CYP,began,19
CYP,lost mary,19
CYP,rags,19
CYP,Dr pepper,19
CYP,energy drinks,19
CYP,flap,19
CYP,chin,19
CYP,naan,19
CYP,Rice cakes,19
CYP,Ba,19
CYP,Delact,19
CYP,stron,19
CYP,καθαριστικο,19
CYP,toule,19
CYP,dolmio,19
CYP,sauvig,19
CYP,batar,19
CYP,sousage,19
CYP,detrol,19
CYP,beeg,19
CYP,xh,19
CYP,meat balls,19
CYP,soya s,19
CYP,Cotton,19
CYP,uzo,19
CYP,waffers,19
CYP,frying,19
CYP,jerkey,19
CYP,ven,19
CYP,nut mix,19
CYP,libress,19
CYP,eggs bio,19
CYP,Soda,19
CYP,απορρυπαντικο,19
CYP,wine crime,19
CYP,κριθαράκι,19
CYP,чтпсы,19
CYP,white win,19
CYP,hering,19
CYP,pier,19
CYP,bombay,19
CYP,σακούλια,19
CYP,tool,19
CYP,pizza light,19
CYP,magnat,19
CYP,σοκολ,19
CYP,poop,19
CYP,tub,19
CYP,rokka,19
CYP,clorine,19
CYP,cucc,19
CYP,sparking water,19
CYP,ionized,19
CYP,ede,19
CYP,choclat,19
CYP,χωνακια,19
CYP,маска,19
CYP,baa,19
CYP,dru,19
CYP,fix,19
CYP,салфет,19
CYP,pola,19
CYP,lis,19
CYP,απιονι,19
CYP,caprisun,19
CYP,sew,19
CYP,sprink,19
CYP,Cookies,19
CYP,frta,19
CYP,nail glue,19
CYP,τυροκ,19
CYP,pres,19
CYP,hig,19
CYP,peato,19
CYP,milc,19
CYP,моц,19
CYP,kv,19
CYP,nutrlla,19
CYP,baby potat,19
CYP,dream topping,19
CYP,cocke,19
CYP,sneak,19
CYP,blue berry,19
CYP,white sauce,19
CYP,mix salad,19
CYP,йогурты,19
CYP,spring on,19
CYP,seltzer,19
CYP,waka,19
CYP,dy,19
CYP,gelly,19
CYP,creme cheese,19
CYP,stathis,19
CYP,excellence,19
CYP,mozze,19
CYP,cols,19
CYP,γλυκα,19
CYP,μπανα,19
CYP,dog wipes,19
CYP,moster,19
CYP,chicken fill,19
CYP,mortade,19
CYP,pipes,19
CYP,vread,19
CYP,yogurt 2,19
CYP,nutritional yeast,19
CYP,snickers ice,19
CYP,snicke,19
CYP,cream chese,19
CYP,сгу,19
CYP,бульон,19
CYP,зуб,19
CYP,MILK,19
CYP,bread gluten,19
CYP,four,19
CYP,weight,19
CYP,sun loll,19
CYP,turky,19
CYP,perwool,19
CYP,rosemar,19
CYP,dal,19
CYP,astonish,19
CYP,salt chips,19
CYP,μπάρες,19
CYP,keto ice,19
CYP,ot,19
CYP,cartot,19
CYP,monk,19
CYP,slimfoods,19
CYP,cow,19
CYP,mandar,19
CYP,ξηροι καρποι,19
CYP,evgs,19
CYP,дезо,19
CYP,alpro protein,19
CYP,napolitana,19
CYP,toilet papa,18
CYP,flak,18
CYP,boro,18
CYP,oshi,18
CYP,sweer,18
CYP,dish s,18
CYP,vuse,18
CYP,rea,18
CYP,sciss,18
CYP,mosquitoes,18
CYP,talc,18
CYP,simple,18
CYP,take away,18
CYP,μανιτ,18
CYP,carri,18
CYP,chicken cube,18
CYP,lup,18
CYP,αναρ,18
CYP,αποσ,18
CYP,croua,18
CYP,Croissant,18
CYP,alpro barista,18
CYP,krema,18
CYP,serena,18
CYP,tomsto,18
CYP,florina,18
CYP,monam,18
CYP,yeas,18
CYP,natura si,18
CYP,zero col,18
CYP,parsly,18
CYP,lolipop,18
CYP,βαφες,18
CYP,скраб,18
CYP,fitne,18
CYP,mixed veg,18
CYP,kera,18
CYP,waterma,18
CYP,pink lad,18
CYP,proti,18
CYP,lantis,18
CYP,almond flo,18
CYP,shee,18
CYP,mamas,18
CYP,βανι,18
CYP,soya sa,18
CYP,niki,18
CYP,holli,18
CYP,τσαι,18
CYP,абрикос,18
CYP,pirulo,18
CYP,glen,18
CYP,adrenalyn,18
CYP,bondu,18
CYP,San p,18
CYP,xrisi,18
CYP,apple pie,18
CYP,banans,18
CYP,lambrusco,18
CYP,cough,18
CYP,dog bag,18
CYP,колб,18
CYP,σκονη,18
CYP,αβοκαντο,18
CYP,agar,18
CYP,jogu,18
CYP,fuzetea,18
CYP,diet c,18
CYP,Pita,18
CYP,πικλα,18
CYP,κοτ,18
CYP,φασολακι,18
CYP,ther,18
CYP,aloma,18
CYP,snack jack,18
CYP,zea,18
CYP,prim,18
CYP,white glo,18
CYP,wins,18
CYP,yogurt 1,18
CYP,vegetable stock,18
CYP,ultra,18
CYP,смазка,18
CYP,chocolate mil,18
CYP,septo,18
CYP,stu,18
CYP,kohl,18
CYP,hummous,18
CYP,xalou,18
CYP,rummo,18
CYP,chopp,18
CYP,elena,18
CYP,balsamic vinegar,18
CYP,chopped tom,18
CYP,patty,18
CYP,nico,18
CYP,mp,18
CYP,romaine,18
CYP,chili powder,18
CYP,кефи,18
CYP,blackhead,18
CYP,орео,18
CYP,watch,18
CYP,spinash,18
CYP,melatonin,18
CYP,tils,18
CYP,malagouzia,18
CYP,wc paper,18
CYP,ice cresm,18
CYP,fem,18
CYP,cavia,18
CYP,ayra,18
CYP,toothbrush soft,18
CYP,tomic,18
CYP,rice fl,18
CYP,holl,18
CYP,dinosaur,18
CYP,oat bar,18
CYP,джин,18
CYP,spritz,18
CYP,cream cracker,18
CYP,Vodka,18
CYP,seeet,18
CYP,fresh orange juice,18
CYP,camom,18
CYP,cream of rice,18
CYP,яблок,18
CYP,τριαντ,18
CYP,air fres,18
CYP,milk coco,18
CYP,cova,18
CYP,foi,18
CYP,better,18
CYP,icet,18
CYP,colou,18
CYP,protein arla,18
CYP,tvarog,18
CYP,wine glass,18
CYP,renie,18
CYP,yogurt sheep,18
CYP,barr,18
CYP,tzaz,18
CYP,gifts,18
CYP,ricc,18
CYP,οδοντοβουρτσα,18
CYP,pae,18
CYP,πατατε,18
CYP,hose,18
CYP,Deodorant,18
CYP,mussel,18
CYP,Washing,18
CYP,frozen cherry,18
CYP,κινοα,18
CYP,cool bag,18
CYP,wheet,18
CYP,coffe beans,18
CYP,coke light,18
CYP,baile,18
CYP,soar,18
CYP,ben & jerry,18
CYP,san peligrino,18
CYP,limonade,18
CYP,leather,18
CYP,plastic glasses,18
CYP,milk coconut,18
CYP,daddy,18
CYP,hair rem,18
CYP,dokt,18
CYP,λα,18
CYP,juise,18
CYP,chivken,18
CYP,7d,18
CYP,domesti,18
CYP,κειμας,18
CYP,пена,18
CYP,avac,18
CYP,pico,18
CYP,sauvignon blanc,18
CYP,pocket,18
CYP,greek yogh,18
CYP,tea shop,18
CYP,frano,18
CYP,ог,18
CYP,carrits,18
CYP,mop bucket,18
CYP,frid,18
CYP,parmiggiano,18
CYP,paper baking,18
CYP,almir,18
CYP,бор,18
CYP,μαι,18
CYP,caff,18
CYP,chicken nugg,18
CYP,livadioti,18
CYP,μπιζελι,18
CYP,camember,18
CYP,goat ch,18
CYP,ise,18
CYP,cheese lactose,18
CYP,fistounia,18
CYP,mocktail,18
CYP,pelegri,18
CYP,kewpie,18
CYP,white c,18
CYP,morp,18
CYP,lungo,18
CYP,κατεψυγμένα,18
CYP,лимонная кислота,18
CYP,kitchen bag,18
CYP,ροδι,18
CYP,octop,18
CYP,nova,18
CYP,ξυραφα,18
CYP,ρυ,18
CYP,expi,18
CYP,παπα,18
CYP,whole wheat flour,18
CYP,baby rocket,18
CYP,kitchen toll,18
CYP,roberts,18
CYP,pimple patch,18
CYP,mocare,18
CYP,soj,18
CYP,fusion,18
CYP,hair re,18
CYP,bisqui,18
CYP,τα,18
CYP,crumb,18
CYP,kelligs,18
CYP,tim,18
CYP,butter beans,18
CYP,coco po,18
CYP,alpro oat,18
CYP,wilkinson,18
CYP,κρεμμυδ,18
CYP,labn,18
CYP,куркума,18
CYP,peo,18
CYP,Coca-Cola,18
CYP,κερα,18
CYP,catcher,18
CYP,yogury,18
CYP,Kosher,18
CYP,whole wheat bread,18
CYP,mistard,18
CYP,green apples,18
CYP,ballon,18
CYP,milk lacto,18
CYP,λεμ,18
CYP,supline,18
CYP,cocn,18
CYP,dolly,18
CYP,πίτες,18
CYP,colgat,18
CYP,wet toilet paper,18
CYP,shall,18
CYP,purple shampoo,18
CYP,lait,18
CYP,parmesan cheese,18
CYP,aprite,18
CYP,rice crack,18
CYP,rice noo,18
CYP,dij,18
CYP,тертый сыр,18
CYP,про,18
CYP,selery,18
CYP,gorgo,18
CYP,ξηροί,18
CYP,gour,18
CYP,пи,18
CYP,Rice cake,18
CYP,sat,18
CYP,gero,18
CYP,baby p,18
CYP,олив,18
CYP,baka,18
CYP,plata,18
CYP,sosiski,18
CYP,twic,18
CYP,furniture,18
CYP,cart,18
CYP,herbal,18
CYP,buff,18
CYP,cheese and onion,18
CYP,deep,18
CYP,burratta,18
CYP,salom,18
CYP,morph,18
CYP,lentil pasta,18
CYP,anchovy,18
CYP,aim,18
CYP,tea black,18
CYP,dura,18
CYP,σταφιδες,18
CYP,pencil case,18
CYP,hallomi,18
CYP,ice cra,18
CYP,fid,18
CYP,has,18
CYP,hair wax,18
CYP,cheese gra,18
CYP,sprea,18
CYP,макарон,18
CYP,drag,18
CYP,μαγιον,18
CYP,dush,18
CYP,ritt,18
CYP,bottl,18
CYP,tomato j,18
CYP,proshu,18
CYP,tuns,18
CYP,descaler,18
CYP,wilson,18
CYP,greek pi,18
CYP,calsb,18
CYP,kegir,18
CYP,arug,18
CYP,wet tiss,18
CYP,tria,18
CYP,тома,18
CYP,conc,18
CYP,orz,18
CYP,томатн,18
CYP,marmela,18
CYP,wedd,18
CYP,red pep,18
CYP,boiled,18
CYP,unsalt,18
CYP,haus,18
CYP,mont,18
CYP,λακα,18
CYP,small bags,18
CYP,panini world,18
CYP,spirits,18
CYP,sergiou,18
CYP,gee,18
CYP,casino,18
CYP,cornsta,18
CYP,sca,18
CYP,hair s,18
CYP,сел,18
CYP,carn,18
CYP,crushed,18
CYP,hair dryer,18
CYP,hambu,18
CYP,Carrots,18
CYP,πετσι,18
CYP,Gosia,18
CYP,Sparkling water,18
CYP,τετραδιο,18
CYP,sensodine,18
CYP,sampoo,18
CYP,кукур,18
CYP,antic,18
CYP,yogurt delact,18
CYP,крекеры,18
CYP,mondter,18
CYP,disg,18
CYP,phista,18
CYP,parc,18
CYP,кола зеро,18
CYP,int,18
CYP,red sauce,18
CYP,Ajax,18
CYP,ποτήρια,18
CYP,Oreo,18
CYP,franuu,18
CYP,nirv,18
CYP,bef,18
CYP,water still,18
CYP,evry,18
CYP,kitk,18
CYP,ροδοσταγμα,18
CYP,catch,18
CYP,pasta sauc,18
CYP,cheese spread,18
CYP,semol,18
CYP,kik,18
CYP,proscuitto,18
CYP,la roche,18
CYP,white wi,18
CYP,πτι,18
CYP,panna,18
CYP,wait,18
CYP,ευρ,18
CYP,по,18
CYP,tobleron,18
CYP,gluden,18
CYP,water agros,18
CYP,dark chocolat,18
CYP,pourg,18
CYP,καρπ,18
CYP,ironing water,18
CYP,ben an,18
CYP,chup,18
CYP,pampers fresh clean,18
CYP,molasses,18
CYP,cotteg,18
CYP,protein pud,18
CYP,кап,18
CYP,olive pil,18
CYP,musc,18
CYP,denta,18
CYP,baby detergent,18
CYP,glow,18
CYP,davidoff,18
CYP,tomatto,18
CYP,cocunut,18
CYP,nom,18
CYP,seabas,17
CYP,swuash,17
CYP,aseton,17
CYP,τριανταφ,17
CYP,tyrkey,17
CYP,milkyway,17
CYP,fir,17
CYP,frozen po,17
CYP,hipp 3,17
CYP,feast,17
CYP,grain,17
CYP,dalmon,17
CYP,breat,17
CYP,κρουασ,17
CYP,nougat,17
CYP,lelo,17
CYP,frozen rasp,17
CYP,anticeptic,17
CYP,zero sugar ice cream,17
CYP,maltese,17
CYP,kapira,17
CYP,пече,17
CYP,салфе,17
CYP,coffee decaf,17
CYP,тест,17
CYP,מים,17
CYP,κρου,17
CYP,vegan cream,17
CYP,ρυζογαλο,17
CYP,ruffles,17
CYP,πάγος,17
CYP,exp,17
CYP,water 12,17
CYP,traditional,17
CYP,pull up,17
CYP,moji,17
CYP,kikkoman,17
CYP,λαδ,17
CYP,ρυζογκοφρετες,17
CYP,ice coffe,17
CYP,sweetened,17
CYP,coconat milk,17
CYP,chocolate m,17
CYP,vibr,17
CYP,baby carrot,17
CYP,chils,17
CYP,chicken kebab,17
CYP,decaff,17
CYP,glass water,17
CYP,vanilla extra,17
CYP,vileda mop,17
CYP,first,17
CYP,frisol,17
CYP,one blade,17
CYP,gatlic,17
CYP,hydra,17
CYP,hamo,17
CYP,english breakfast,17
CYP,black rice,17
CYP,renni,17
CYP,παπρικα,17
CYP,mobile,17
CYP,sd,17
CYP,spirulina,17
CYP,aceto,17
CYP,lemon grass,17
CYP,strac,17
CYP,truffel,17
CYP,bins,17
CYP,шпроты,17
CYP,retinol,17
CYP,gord,17
CYP,blond,17
CYP,pumper,17
CYP,σακουλι,17
CYP,dried mango,17
CYP,flax seeds,17
CYP,body w,17
CYP,κουνουπ,17
CYP,non alcho,17
CYP,фильтр,17
CYP,soua,17
CYP,sept,17
CYP,breath,17
CYP,concealer,17
CYP,tag,17
CYP,ey,17
CYP,nobacpro,17
CYP,κιμ,17
CYP,air wi,17
CYP,twee,17
CYP,petrol,17
CYP,raw milk,17
CYP,ginger garlic paste,17
CYP,χλωρ,17
CYP,μπροκολο,17
CYP,san miguel,17
CYP,sharp,17
CYP,room spray,17
CYP,πο,17
CYP,kids snack,17
CYP,microwave popcorn,17
CYP,club,17
CYP,cortage,17
CYP,cod liver,17
CYP,agios nikolaos,17
CYP,χαλλου,17
CYP,ygea,17
CYP,кокосовое,17
CYP,актимель,17
CYP,seeds of,17
CYP,face clean,17
CYP,ополаскиватель,17
CYP,sake,17
CYP,pepperami,17
CYP,yogurt lactose,17
CYP,boxes,17
CYP,dove deo,17
CYP,ion dark,17
CYP,el sa,17
CYP,kalam,17
CYP,farm,17
CYP,chrysi,17
CYP,malti,17
CYP,ьшдл,17
CYP,movhi,17
CYP,dent,17
CYP,walt,17
CYP,weleda,17
CYP,allins,17
CYP,semoli,17
CYP,doug,17
CYP,apple juic,17
CYP,cold c,17
CYP,calam,17
CYP,масло оливковое,17
CYP,рыб,17
CYP,cappuccino,17
CYP,mcdonalds,17
CYP,werthers,17
CYP,iced te,17
CYP,octopus beer,17
CYP,banaa,17
CYP,kountou,17
CYP,flos,17
CYP,karelia,17
CYP,curry sauce,17
CYP,cheess,17
CYP,soy mil,17
CYP,трубочки,17
CYP,after eight,17
CYP,lambr,17
CYP,выпечка,17
CYP,windows,17
CYP,dettol hand,17
CYP,corn flower,17
CYP,chicken bu,17
CYP,deluct,17
CYP,nekt,17
CYP,snackaj,17
CYP,frisola,17
CYP,spry,17
CYP,yogurt protein,17
CYP,exte,17
CYP,delact yogurt,17
CYP,adam,17
CYP,medicine,17
CYP,grillmann,17
CYP,starba,17
CYP,guanc,17
CYP,kri kri ice,17
CYP,nuta,17
CYP,soft dri,17
CYP,caffeine,17
CYP,ince,17
CYP,washing capsules,17
CYP,mayonnai,17
CYP,γαριδακια,17
CYP,yugort,17
CYP,xix,17
CYP,chiromeri,17
CYP,tomar,17
CYP,oat meal,17
CYP,κουβε,17
CYP,thoo,17
CYP,fuze tea,17
CYP,krik,17
CYP,καθαριστικα,17
CYP,πουρε,17
CYP,Pesto,17
CYP,dema,17
CYP,chocolate powder,17
CYP,γιαουρτακια,17
CYP,leib,17
CYP,zagor,17
CYP,davi,17
CYP,white eggs,17
CYP,прошутто,17
CYP,yogurt lidl,17
CYP,black bags,17
CYP,humi,17
CYP,red wi,17
CYP,lactose free yoghurt,17
CYP,памперс,17
CYP,chicory,17
CYP,liquor,17
CYP,api,17
CYP,Prosciutto,17
CYP,cleme,17
CYP,μπαχαρικα,17
CYP,bite,17
CYP,glutten,17
CYP,φρεσκα,17
CYP,oy,17
CYP,pits,17
CYP,nan 3,17
CYP,αναψυκτικά,17
CYP,corm,17
CYP,serviettes,17
CYP,ice tes,17
CYP,delonghi,17
CYP,cat litt,17
CYP,салф,17
CYP,well,17
CYP,red bell,17
CYP,cerials,17
CYP,cr20,17
CYP,gummys,17
CYP,barbarian,17
CYP,σαλάτα,17
CYP,tang,17
CYP,пере,17
CYP,free lactose,17
CYP,минеральная вода,17
CYP,utter,17
CYP,milk baby,17
CYP,weed,17
CYP,cae,17
CYP,βουτη,17
CYP,carbage,17
CYP,alpro milk,17
CYP,el ca,17
CYP,leva,17
CYP,james,17
CYP,icete,17
CYP,christis,17
CYP,stock cubes,17
CYP,line,17
CYP,cheese slic,17
CYP,tsips,17
CYP,zero ice cream,17
CYP,chrisps,17
CYP,cucomber,17
CYP,afroza,17
CYP,protein po,17
CYP,harino,17
CYP,бурата,17
CYP,peeling,17
CYP,dre,17
CYP,nudels,17
CYP,glucose,17
CYP,μανι,17
CYP,σκούπα,17
CYP,bread crumb,17
CYP,κατε,17
CYP,muste,17
CYP,father,17
CYP,red peppers,17
CYP,chicken filet,17
CYP,пастила,17
CYP,pasta penne,17
CYP,fantasy,17
CYP,bagle,17
CYP,pizza cheese,17
CYP,cooking creme,17
CYP,chilled life,17
CYP,yellow cheese,17
CYP,fabric soft,17
CYP,cup noodles,17
CYP,lacto free,17
CYP,ice creme,17
CYP,beef je,17
CYP,sniker,17
CYP,mosa,17
CYP,σφ,17
CYP,Snacks,17
CYP,zero su,17
CYP,beach toys,17
CYP,kettle cooked,17
CYP,кокосовое молоко,17
CYP,chicken f,17
CYP,loof,17
CYP,tyro,17
CYP,carott,17
CYP,phar,17
CYP,Asian,17
CYP,yogi tea,17
CYP,ушные,17
CYP,kino,17
CYP,Pampers,17
CYP,βαφ,17
CYP,kit k,17
CYP,dir,17
CYP,πιπερια,17
CYP,s 26,17
CYP,καψουλες,17
CYP,griss,17
CYP,Tzatziki,17
CYP,lib,17
CYP,psyl,17
CYP,brocoll,17
CYP,sausage roll,17
CYP,creamy,17
CYP,dailies,17
CYP,colouring book,17
CYP,σαπούνι,17
CYP,σου,17
CYP,yoo,17
CYP,chia see,17
CYP,gizzard,17
CYP,yogurt lactose free,17
CYP,то,17
CYP,case,17
CYP,magia,17
CYP,cili,17
CYP,σουσαμι,17
CYP,oil sunflower,17
CYP,list,17
CYP,rtd,17
CYP,pork loin,17
CYP,xhi,17
CYP,pergament,17
CYP,гор,17
CYP,urine,17
CYP,ту,17
CYP,Prosecco,17
CYP,tamarind,17
CYP,tiktak,17
CYP,hair shampoo,17
CYP,xanthan,17
CYP,ife,17
CYP,houmus,17
CYP,staple,17
CYP,ар,17
CYP,donu,17
CYP,fresh jui,17
CYP,γαρι,17
CYP,bistro,17
CYP,plastic container,17
CYP,sult,17
CYP,repel,17
CYP,haribos,17
CYP,chicken fi,17
CYP,ψωμι τοστ,17
CYP,μπαμιες,17
CYP,recycl,17
CYP,αμυγδ,17
CYP,water m,17
CYP,sprite zer,17
CYP,curls,17
CYP,gel hair,17
CYP,citronella,17
CYP,reis,17
CYP,cord,17
CYP,caref,17
CYP,oreo ice cream,17
CYP,ρεβυθια,17
CYP,grea,17
CYP,biot,17
CYP,σφουγγαριστρα,17
CYP,Joghurt,17
CYP,ribey,17
CYP,sprey,17
CYP,dr pep,17
CYP,sweep,17
CYP,depdorant,17
CYP,pinaple,17
CYP,курин,17
CYP,chicken breat,17
CYP,gh,17
CYP,goat kefir,17
CYP,блендер,17
CYP,inflat,17
CYP,γι,17
CYP,peron,17
CYP,proch,17
CYP,filter co,17
CYP,brez,17
CYP,xynisteri,17
CYP,cucub,17
CYP,cow milk,17
CYP,cruton,17
CYP,smokin,17
CYP,temp,17
CYP,stainless steel,17
CYP,jagermeister,17
CYP,proten,17
CYP,my bee,17
CYP,marse,17
CYP,дез,17
CYP,μαιν,17
CYP,cotagge,17
CYP,truffles,17
CYP,papaphi,17
CYP,σταφύλι,17
CYP,клу,17
CYP,soy sause,17
CYP,Robinson,17
CYP,cherry beer,17
CYP,armbands,17
CYP,лавровый лист,17
CYP,vac,17
CYP,lemin,17
CYP,chicken nug,17
CYP,sprouts,17
CYP,hairdye,17
CYP,hab,17
CYP,articho,17
CYP,vanili,17
CYP,green app,17
CYP,Alfa,17
CYP,eye pa,17
CYP,abs,17
CYP,dove body,17
CYP,capp,17
CYP,chicken wing,17
CYP,dixab,17
CYP,kefalot,17
CYP,αν,17
CYP,nirva,17
CYP,jasmin rice,17
CYP,keanit,17
CYP,Blue,17
CYP,macada,17
CYP,sis,17
CYP,white vi,17
CYP,arla cream,17
CYP,rizl,17
CYP,polare,17
CYP,ταμπλετες,17
CYP,zero 7up,17
CYP,kores,17
CYP,mini pizza,17
CYP,χαρτι υγ,17
CYP,καφέδες,17
CYP,estre,17
CYP,μωρομαντ,17
CYP,bucke,17
CYP,τορτιγιες,16
CYP,sheets,16
CYP,badil,16
CYP,Salami,16
CYP,jaffa,16
CYP,chocolate pudding,16
CYP,mosca,16
CYP,τορτι,16
CYP,chicken brest,16
CYP,vanilla yogurt,16
CYP,hydro,16
CYP,eyes,16
CYP,φασόλια,16
CYP,орех,16
CYP,nice,16
CYP,water 1.5,16
CYP,bean sprouts,16
CYP,fererro,16
CYP,intima,16
CYP,Kellogg's,16
CYP,all purp,16
CYP,dijo,16
CYP,eeg,16
CYP,marsei,16
CYP,antiperspirant,16
CYP,balloo,16
CYP,detr,16
CYP,sold,16
CYP,οινόπνευμα,16
CYP,English,16
CYP,whiske,16
CYP,salt vinegar,16
CYP,pingui,16
CYP,peg,16
CYP,mear,16
CYP,ef,16
CYP,yougur,16
CYP,dirolo,16
CYP,crab stick,16
CYP,margari,16
CYP,franou,16
CYP,holla,16
CYP,coffee pot,16
CYP,τρια,16
CYP,caroten,16
CYP,αντ,16
CYP,garidakia,16
CYP,sheft,16
CYP,нектарин,16
CYP,sirloin,16
CYP,апероль,16
CYP,duc,16
CYP,husk,16
CYP,washing mach,16
CYP,btead,16
CYP,coppa,16
CYP,wine keo,16
CYP,gosia,16
CYP,kitcheb,16
CYP,xo,16
CYP,мас,16
CYP,3ply,16
CYP,mr mus,16
CYP,pampers pre,16
CYP,хл,16
CYP,water sp,16
CYP,Coc,16
CYP,Apples,16
CYP,brittle,16
CYP,λαδοκ,16
CYP,plantain,16
CYP,sunscr,16
CYP,trese,16
CYP,brand,16
CYP,chips vinegar,16
CYP,seaw,16
CYP,круа,16
CYP,werther,16
CYP,ice pa,16
CYP,whip cream,16
CYP,зеленый лук,16
CYP,light chee,16
CYP,manouri,16
CYP,reusable,16
CYP,sweet pa,16
CYP,linseed,16
CYP,kre,16
CYP,canned tomato,16
CYP,coffee b,16
CYP,оливк,16
CYP,flair,16
CYP,absol,16
CYP,buckwhe,16
CYP,qin,16
CYP,diff,16
CYP,diabetic,16
CYP,пельм,16
CYP,champignon,16
CYP,crispy onion,16
CYP,шампанское,16
CYP,gol,16
CYP,oe,16
CYP,Cola zero,16
CYP,type,16
CYP,tonatoes,16
CYP,dry anari,16
CYP,Milka,16
CYP,tomato basil,16
CYP,hicken,16
CYP,washer,16
CYP,pinap,16
CYP,Mustard,16
CYP,say,16
CYP,corned,16
CYP,ricco,16
CYP,face cleanser,16
CYP,rice jasmine,16
CYP,nana,16
CYP,peri peri,16
CYP,miner,16
CYP,cooking chocolate,16
CYP,γαλατα,16
CYP,burno,16
CYP,clorox,16
CYP,jame,16
CYP,camo,16
CYP,acne,16
CYP,Gerolsteiner,16
CYP,pink staff,16
CYP,eh,16
CYP,turnip,16
CYP,make up re,16
CYP,pill,16
CYP,pork ribs,16
CYP,period pads,16
CYP,ice cream oreo,16
CYP,uce,16
CYP,purin,16
CYP,буряк,16
CYP,candys,16
CYP,harr,16
CYP,nashi,16
CYP,τσιγάρα,16
CYP,Metro,16
CYP,τουρσι,16
CYP,walk,16
CYP,garnier vitamin c,16
CYP,αμυ,16
CYP,Kitchen roll,16
CYP,white onion,16
CYP,ear bud,16
CYP,cake pan,16
CYP,chickr,16
CYP,whites,16
CYP,byrokko,16
CYP,tropical,16
CYP,φραουλ,16
CYP,dish soa,16
CYP,cirn,16
CYP,kefalotyri,16
CYP,nekta,16
CYP,μουστάρδα,16
CYP,maxi,16
CYP,soro,16
CYP,proteib,16
CYP,dipers,16
CYP,veggie burger,16
CYP,raptor,16
CYP,λουντ,16
CYP,dry wine,16
CYP,mcd,16
CYP,moss,16
CYP,wax strips,16
CYP,ladyfinger,16
CYP,kiei,16
CYP,dirol,16
CYP,υγρο πια,16
CYP,niko,16
CYP,swabs,16
CYP,aluminiu,16
CYP,jonh,16
CYP,Oats,16
CYP,baby cheese,16
CYP,kerastase,16
CYP,ice crram,16
CYP,sissini,16
CYP,oys,16
CYP,расческа,16
CYP,нагетсы,16
CYP,alpri,16
CYP,alf,16
CYP,meg,16
CYP,boss,16
CYP,ife cream,16
CYP,πτι μπερ,16
CYP,mocarella,16
CYP,frout,16
CYP,Baguette,16
CYP,μαν,16
CYP,lost,16
CYP,corn flake,16
CYP,seed of happi,16
CYP,okro,16
CYP,green soap,16
CYP,band aid,16
CYP,dol,16
CYP,Gouda,16
CYP,phyllo,16
CYP,expire,16
CYP,kamb,16
CYP,wafles,16
CYP,σαλ,16
CYP,nomad,16
CYP,fille,16
CYP,milk de,16
CYP,uni,16
CYP,фанта,16
CYP,μπαταριες,16
CYP,spain,16
CYP,glitter,16
CYP,greek coffee,16
CYP,Peanut butter,16
CYP,cosmetic,16
CYP,κουπεπια,16
CYP,tetley,16
CYP,cora,16
CYP,fruit salad,16
CYP,italian seasoning,16
CYP,biale,16
CYP,fresh bread,16
CYP,hot cho,16
CYP,zuk,16
CYP,face wa,16
CYP,needle,16
CYP,ice lo,16
CYP,кин,16
CYP,κολοκυ,16
CYP,bianco,16
CYP,pyr,16
CYP,small bag,16
CYP,bath salt,16
CYP,μπανανα,16
CYP,fabric conditioner,16
CYP,baked be,16
CYP,frozen c,16
CYP,linguin,16
CYP,χρυση ζυμη,16
CYP,κοτοπο,16
CYP,sunflower seed,16
CYP,leave in conditioner,16
CYP,carolina,16
CYP,world cup 2026,16
CYP,спирт,16
CYP,капсулы для стирки,16
CYP,franklin,16
CYP,ice box,16
CYP,stuffed,16
CYP,dish liquid,16
CYP,garnier shampoo,16
CYP,κριθ,16
CYP,spite,16
CYP,clementine,16
CYP,licorice,16
CYP,κεαν,16
CYP,щетка,16
CYP,oshee zero,16
CYP,dair,16
CYP,dress,16
CYP,chocolate stevia,16
CYP,ov,16
CYP,panad,16
CYP,no sug,16
CYP,ken,16
CYP,puma,16
CYP,drie,16
CYP,wipers,16
CYP,nui,16
CYP,kerrygo,16
CYP,magie,16
CYP,pellegri,16
CYP,ajax floor,16
CYP,rose cordial,16
CYP,tzan,16
CYP,lays chips,16
CYP,ушные палочки,16
CYP,coconut o,16
CYP,Hair,16
CYP,carbonated,16
CYP,frozen berri,16
CYP,cool box,16
CYP,relish,16
CYP,bug spray,16
CYP,tarragon,16
CYP,fifa stickers,16
CYP,yogirt,16
CYP,moisture,16
CYP,сырные палочки,16
CYP,medjoul,16
CYP,лавровый,16
CYP,Sauce,16
CYP,lunchbox,16
CYP,sports,16
CYP,afr,16
CYP,angel,16
CYP,cura,16
CYP,oat flakes,16
CYP,zivana,16
CYP,πιττα,16
CYP,bazil,16
CYP,σκορ,16
CYP,bones,16
CYP,bakero,16
CYP,red sheep,16
CYP,κριθα,16
CYP,pink salt,16
CYP,lips,16
CYP,loak,16
CYP,arizon,16
CYP,aspirin,16
CYP,diabl,16
CYP,monater,16
CYP,teria,16
CYP,bottle brush,16
CYP,cutt,16
CYP,beluga,16
CYP,mopping,16
CYP,toilet cl,16
CYP,pepsi ma,16
CYP,soju,16
CYP,pitte,16
CYP,sua,16
CYP,white b,16
CYP,Tofu,16
CYP,trach,16
CYP,electrolites,16
CYP,cooking cre,16
CYP,goat yo,16
CYP,ec,16
CYP,tictac,16
CYP,Shower gel,16
CYP,χρυση,16
CYP,door,16
CYP,sweat,16
CYP,worl,16
CYP,toothpastw,16
CYP,adidas,16
CYP,baby wet,16
CYP,Vanilla,16
CYP,avocafo,16
CYP,granulated,16
CYP,coconut oi,16
CYP,Me,16
CYP,Rose,16
CYP,beef minc,16
CYP,Cornflakes,16
CYP,кабач,16
CYP,wetti,16
CYP,milk dela,16
CYP,wellaflex,16
CYP,минеральная,16
CYP,παντ,16
CYP,meatb,16
CYP,μωρομαν,16
CYP,greek youghurt,16
CYP,ted,16
CYP,protein yogu,16
CYP,αλουμινο,16
CYP,grenad,16
CYP,freezer bag,16
CYP,cremant,16
CYP,courgett,16
CYP,hearts,16
CYP,χαρτομαντηλα,16
CYP,ufo,16
CYP,mani,16
CYP,diy,16
CYP,οδοντόκρεμα,16
CYP,oat flo,16
CYP,lima,16
CYP,ice tee,16
CYP,cbd,16
CYP,cox,16
CYP,conse,16
CYP,liz,16
CYP,sefir,16
CYP,skin care,16
CYP,σκορο,16
CYP,sklaveni,16
CYP,powde,16
CYP,aromatic,16
CYP,tortelini,16
CYP,dry yeast,16
CYP,kitchen scale,16
CYP,gift ba,16
CYP,Cat food,16
CYP,rubbi,16
CYP,juice mango,16
CYP,tabasc,16
CYP,zero s,16
CYP,Keto,16
CYP,corns,16
CYP,ricr,16
CYP,tempeh,16
CYP,fish fin,16
CYP,κάρβουνα,16
CYP,xy,16
CYP,Apple juice,16
CYP,massa,16
CYP,mosk,16
CYP,marple,16
CYP,booster,16
CYP,kap,16
CYP,pans,16
CYP,heineke,16
CYP,faso,16
CYP,Palmolive,16
CYP,cica,16
CYP,туал,16
CYP,mark,16
CYP,minster,16
CYP,marmelad,16
CYP,parl,16
CYP,colour ca,16
CYP,soap hand,16
CYP,strai,16
CYP,parace,16
CYP,без,16
CYP,kate,16
CYP,diary,16
CYP,bati,16
CYP,belgian,16
CYP,lad,16
CYP,chilled coffee,16
CYP,smash,16
CYP,vand,16
CYP,run,16
CYP,gin tonic,16
CYP,emborg,16
CYP,ie,16
CYP,est,16
CYP,packet,16
CYP,οινοπνευμα,16
CYP,calorie,16
CYP,Breadcrumbs,16
CYP,pork neck,16
CYP,palette,16
CYP,papadopoulos,16
CYP,snit,16
CYP,patties,16
CYP,surf,16
CYP,humo,16
CYP,water 1,16
CYP,jumbo oats,16
CYP,meatba,16
CYP,butter cookies,16
CYP,chicken ham,16
CYP,mario,16
CYP,roas,16
CYP,moscho,16
CYP,Biscuit,16
CYP,Cashew,16
CYP,paradontax,16
CYP,ξυραφ,16
CYP,humid,16
CYP,ice cream vegan,16
CYP,alr,16
CYP,milk lac,16
CYP,vitami,16
CYP,desserts,16
CYP,корнишоны,16
CYP,bau,16
CYP,parrot,16
CYP,καλαμπ,16
CYP,desinfection,16
CYP,crunchy nut,16
CYP,arabiata,16
CYP,smoked salm,16
CYP,stur,16
CYP,protein pow,16
CYP,Fries,16
CYP,champignons,16
CYP,broko,16
CYP,cole zero,16
CYP,light ch,16
CYP,aria,16
CYP,usbc,16
CYP,schew,16
CYP,creem,16
CYP,ml,16
CYP,gerols,16
CYP,moscito,16
CYP,trianta,16
CYP,old spic,16
CYP,silver foil,16
CYP,μαιντα,16
CYP,τραχανας,16
CYP,энергетик,16
CYP,καφέ,16
CYP,кекс,16
CYP,sewing,15
CYP,Arla,15
CYP,σκόρδο,15
CYP,sommersby,15
CYP,strained yogurt,15
CYP,fathers day,15
CYP,non-al,15
CYP,Parsley,15
CYP,shin,15
CYP,peosi,15
CYP,garlic salt,15
CYP,ly,15
CYP,popp,15
CYP,Alambra,15
CYP,wath,15
CYP,алкоголь,15
CYP,scal,15
CYP,pampers 7,15
CYP,τρι,15
CYP,allspice,15
CYP,ηλι,15
CYP,Cookie,15
CYP,pull,15
CYP,paula,15
CYP,strach,15
CYP,горчи,15
CYP,incense,15
CYP,bien,15
CYP,sweet potatos,15
CYP,almond mill,15
CYP,αγγούρι,15
CYP,virgin,15
CYP,firelli,15
CYP,syringe,15
CYP,терияки,15
CYP,zira,15
CYP,chopped tomato,15
CYP,sweetpo,15
CYP,mortadel,15
CYP,inessence,15
CYP,noris,15
CYP,rice vine,15
CYP,gerkins,15
CYP,kk,15
CYP,rot,15
CYP,decaf coffee,15
CYP,та,15
CYP,γαρίδες,15
CYP,nudd,15
CYP,livity,15
CYP,mange,15
CYP,bom,15
CYP,curt,15
CYP,eskimo,15
CYP,marshma,15
CYP,eme,15
CYP,mammas,15
CYP,multipack,15
CYP,burger b,15
CYP,meat pork,15
CYP,akti,15
CYP,pasta tomato,15
CYP,bath soap,15
CYP,barbequ,15
CYP,baking sh,15
CYP,νου,15
CYP,nee,15
CYP,kiddylicious,15
CYP,fresh air,15
CYP,yogurt kids,15
CYP,mescafe,15
CYP,Tom,15
CYP,non alcohol beer,15
CYP,cocal,15
CYP,do e,15
CYP,no alcohol,15
CYP,λακ,15
CYP,premium,15
CYP,treat,15
CYP,αντικο,15
CYP,snake,15
CYP,beee,15
CYP,shug,15
CYP,guines,15
CYP,apple cider vin,15
CYP,full fat,15
CYP,Cigarette,15
CYP,strawberries frozen,15
CYP,παρμε,15
CYP,soap dish,15
CYP,chek,15
CYP,oat cookies,15
CYP,youghu,15
CYP,handle,15
CYP,pha,15
CYP,nutritional,15
CYP,Творог,15
CYP,vasil,15
CYP,yourt,15
CYP,puzzle,15
CYP,κουβερτούρα,15
CYP,zero ice,15
CYP,frozen onion,15
CYP,mixed herbs,15
CYP,recyc,15
CYP,galo,15
CYP,yp,15
CYP,pites,15
CYP,tori,15
CYP,snack a jac,15
CYP,λουν,15
CYP,italia,15
CYP,froutopia,15
CYP,pink gin,15
CYP,carrott,15
CYP,Granola,15
CYP,elpozo,15
CYP,egss,15
CYP,microwave pop,15
CYP,Worcestershire,15
CYP,wors,15
CYP,spider,15
CYP,10,15
CYP,pela,15
CYP,coconut mi,15
CYP,πουργο,15
CYP,pomilori,15
CYP,δημητρ,15
CYP,veni,15
CYP,greeting card,15
CYP,white board,15
CYP,short bread,15
CYP,caulifl,15
CYP,Indian,15
CYP,dishwasher sa,15
CYP,pommes,15
CYP,ябло,15
CYP,gift card,15
CYP,beer sticks,15
CYP,smooth,15
CYP,fen,15
CYP,sugar free ice,15
CYP,Cr,15
CYP,saly,15
CYP,fumigator,15
CYP,lefir,15
CYP,rocklin,15
CYP,keto ice cream,15
CYP,бальзам,15
CYP,vegie,15
CYP,maa,15
CYP,agi,15
CYP,dry shamp,15
CYP,balo,15
CYP,alcool,15
CYP,pul,15
CYP,wioes,15
CYP,swiff,15
CYP,оре,15
CYP,Clementine,15
CYP,kouroushis,15
CYP,turme,15
CYP,soupli,15
CYP,батончик,15
CYP,dove spray,15
CYP,cottagr,15
CYP,Vape,15
CYP,mozer,15
CYP,посудомойка,15
CYP,ice cream keto,15
CYP,Che,15
CYP,sap,15
CYP,ζελεδακια,15
CYP,baby spina,15
CYP,pistachi,15
CYP,tabo,15
CYP,bit,15
CYP,quick,15
CYP,κοτοπ,15
CYP,παν,15
CYP,тимьян,15
CYP,Terea,15
CYP,νεσκα,15
CYP,fides,15
CYP,beb,15
CYP,tangerine,15
CYP,parfume,15
CYP,ice creame,15
CYP,πιπεριές,15
CYP,curl cream,15
CYP,peach ice tea,15
CYP,ice cres,15
CYP,conce,15
CYP,indian tonic,15
CYP,ottage,15
CYP,carona,15
CYP,nando,15
CYP,помидо,15
CYP,beef minced,15
CYP,zorb,15
CYP,gorg,15
CYP,wagm,15
CYP,old holborn,15
CYP,rie,15
CYP,hairsp,15
CYP,мусорный,15
CYP,slim pasta,15
CYP,evaporated milk,15
CYP,φιδες,15
CYP,σερβιέτες,15
CYP,Domestos,15
CYP,peric,15
CYP,Coke zero,15
CYP,espr,15
CYP,cocac,15
CYP,body gel,15
CYP,makaronia,15
CYP,кокос,15
CYP,hoo,15
CYP,craft beer,15
CYP,ζωμός,15
CYP,adoro,15
CYP,coals,15
CYP,coffee capsul,15
CYP,greek jo,15
CYP,fram,15
CYP,oren,15
CYP,liquorice,15
CYP,chry,15
CYP,масло подсолнечное,15
CYP,popsi,15
CYP,zinc,15
CYP,dobe,15
CYP,high pr,15
CYP,kech,15
CYP,oramge,15
CYP,thread,15
CYP,descale,15
CYP,antipe,15
CYP,uncl,15
CYP,mean,15
CYP,healt,15
CYP,orb,15
CYP,hummos,15
CYP,σκουπ,15
CYP,dove men,15
CYP,πιπέρι,15
CYP,тампон,15
CYP,augar,15
CYP,concentrate,15
CYP,chilli sauce,15
CYP,whiskers,15
CYP,kanela,15
CYP,οδοντοκ,15
CYP,frozen blu,15
CYP,ice-,15
CYP,choco chips,15
CYP,haba,15
CYP,tonat,15
CYP,snackaja,15
CYP,crunc,15
CYP,shc,15
CYP,lemon squ,15
CYP,rizi,15
CYP,alkohol,15
CYP,шоколадка,15
CYP,творожный,15
CYP,котлеты,15
CYP,κε,15
CYP,padano,15
CYP,bacar,15
CYP,grey goose,15
CYP,eye pat,15
CYP,tortell,15
CYP,roklyn,15
CYP,anniversary,15
CYP,fabric sof,15
CYP,kount,15
CYP,cottage chese,15
CYP,10%,15
CYP,влаж,15
CYP,λουξ,15
CYP,shawer,15
CYP,thin,15
CYP,venu,15
CYP,ταχιν,15
CYP,artichokes,15
CYP,nodd,15
CYP,spageti,15
CYP,farleys,15
CYP,bour,15
CYP,den,15
CYP,milk uht,15
CYP,κιμάς,15
CYP,vanilla e,15
CYP,moringa,15
CYP,salmon fillet,15
CYP,bisqu,15
CYP,tooth pick,15
CYP,toilet tissue,15
CYP,church,15
CYP,grou,15
CYP,χαρτί κουζίνας,15
CYP,protein yogh,15
CYP,toal,15
CYP,chicken t,15
CYP,frozen ch,15
CYP,bicarb,15
CYP,loufa,15
CYP,влажн,15
CYP,protein granola,15
CYP,frankf,15
CYP,washing m,15
CYP,toilet duck,15
CYP,savin,15
CYP,cheesse,15
CYP,soaps,15
CYP,carbona,15
CYP,tablecloth,15
CYP,milk goat,15
CYP,pineaple,15
CYP,prune juice,15
CYP,fog,15
CYP,rizz,15
CYP,elbow,15
CYP,durez,15
CYP,πιατων,15
CYP,animal,15
CYP,tama,15
CYP,comditioner,15
CYP,mornflake,15
CYP,Buckwheat,15
CYP,myo,15
CYP,Mince,15
CYP,doshirak,15
CYP,zip bags,15
CYP,Gin,15
CYP,Organic,15
CYP,απορ,15
CYP,dam,15
CYP,car food,15
CYP,black cho,15
CYP,alpham,15
CYP,panty liners,15
CYP,drai,15
CYP,green chili,15
CYP,mexic,15
CYP,e14,15
CYP,кофе без,15
CYP,mosch,15
CYP,eggwhite,15
CYP,glad,15
CYP,refil,15
CYP,sprinkle,15
CYP,τυρια,15
CYP,tiger,15
CYP,μπαρ,15
CYP,απορρυ,15
CYP,flint,15
CYP,αρακας,15
CYP,milk po,15
CYP,lard,15
CYP,ολικης,15
CYP,eyeliner,15
CYP,κερι,15
CYP,apple c,15
CYP,сах,15
CYP,pomegrana,15
CYP,don julio,15
CYP,cheese sti,15
CYP,отбеливатель,15
CYP,gorgonzola,15
CYP,δημητριακά,15
CYP,mateu,15
CYP,chocolate cake,15
CYP,sweet and s,15
CYP,mach3,15
CYP,dixam,15
CYP,cheries,15
CYP,mack,15
CYP,πουρ,15
CYP,мар,15
CYP,pellito,15
CYP,salt and,15
CYP,kichen,15
CYP,85,15
CYP,yogurt goat,15
CYP,dish brush,15
CYP,gt,15
CYP,авока,15
CYP,ici,15
CYP,δημ,15
CYP,unicorn,15
CYP,vanish oxi,15
CYP,sep,15
CYP,rice cal,15
CYP,protein shakes,15
CYP,30,15
CYP,leg,15
CYP,vineger,15
CYP,comman,15
CYP,cold cut,15
CYP,mellona,15
CYP,freezer bags,15
CYP,loreal excellence,15
CYP,hamb,15
CYP,roma,15
CYP,david,15
CYP,cheese block,15
CYP,lady fin,15
CYP,dr. beckmann,15
CYP,veleda,15
CYP,λουβ,15
CYP,jucie,15
CYP,sorb,15
CYP,toilet bags,15
CYP,snack ja,15
CYP,cotrage,15
CYP,soft d,15
CYP,wea,15
CYP,light brown sugar,15
CYP,brillo,15
CYP,portobello,15
CYP,Baking,15
CYP,hash browns,15
CYP,cornflower,15
CYP,sanpele,15
CYP,stapl,15
CYP,calgo,15
CYP,morning cof,15
CYP,santi,15
CYP,arla prot,15
CYP,vanilla bean,15
CYP,oil sp,15
CYP,wool,15
CYP,green pe,15
CYP,pepper sauce,15
CYP,becha,15
CYP,fruit roll,15
CYP,mascarpon,15
CYP,ελαιολα,15
CYP,sigare,15
CYP,crisp bread,15
CYP,mamo,15
CYP,polaretti,15
CYP,dove deodorant,15
CYP,fruita,15
CYP,kombuc,15
CYP,togu,15
CYP,nail clipper,15
CYP,manna,15
CYP,family,15
CYP,feri,15
CYP,plastic spoons,15
CYP,sanitiser,15
CYP,chiken breast,15
CYP,parchment paper,15
CYP,donat,15
CYP,aeroxo,15
CYP,cooker,15
CYP,body sh,15
CYP,ραβιο,15
CYP,ach,15
CYP,siste,15
CYP,zaatar,15
CYP,масло слив,15
CYP,bluber,15
CYP,whiskas junior,15
CYP,γιαγια,15
CYP,hg,15
CYP,mots,15
CYP,whole w,15
CYP,mr cat,15
CYP,baked bea,15
CYP,quorn,15
CYP,αμυγ,15
CYP,nespres,15
CYP,water spa,15
CYP,lemon squa,15
CYP,αβο,15
CYP,wafe,15
CYP,dilma,15
CYP,TUNA,15
CYP,rice crac,15
CYP,hard,15
CYP,0% ice cream,15
CYP,aq,15
CYP,castor oil,15
CYP,ambro,15
CYP,Pro,15
CYP,steaks,15
CYP,papi,15
CYP,nefe,15
CYP,koulouri,15
CYP,chest,15
CYP,miran,15
CYP,finish salt,15
CYP,alom,15
CYP,stevia chocolate,15
CYP,caprise,15
CYP,international,15
CYP,0% sugar,15
CYP,γαρ,15
CYP,puri,15
CYP,Digestive,15
CYP,mr b,15
CYP,картошк,15
CYP,batery,15
CYP,potati,15
CYP,чайник,15
CYP,light may,15
CYP,all pu,15
CYP,Pads,15
CYP,με,15
CYP,villeda,15
CYP,yuo,15
CYP,riv,15
CYP,sals,15
CYP,кур,15
CYP,wos,15
CYP,macademia,15
CYP,wud,15
CYP,jonson,15
CYP,безалкогольное,15
CYP,blo,15
CYP,Mint,15
CYP,mago,15
CYP,σολομος,15
CYP,kean orange,15
CYP,nit,15
CYP,handy,15
CYP,rice crispies,15
CYP,browni,15
CYP,kri kri baby,15
CYP,rooibos,15
CYP,μπανάνες,15
CYP,peppermint tea,15
CYP,dry s,15
CYP,mue,15
CYP,tossue,15
CYP,lavr,15
CYP,minced me,15
CYP,whiten,14
CYP,tonno,14
CYP,neutrogena,14
CYP,Tortilla,14
CYP,ζα,14
CYP,dess,14
CYP,dry f,14
CYP,soonge,14
CYP,σιροπι,14
CYP,παγωτά,14
CYP,Soy,14
CYP,lemon ice cream,14
CYP,ben and je,14
CYP,sweet sauce,14
CYP,lazania,14
CYP,cif spray,14
CYP,hohland,14
CYP,buttet,14
CYP,kalamari,14
CYP,bott,14
CYP,ruler,14
CYP,cort,14
CYP,kefal,14
CYP,liter,14
CYP,vasili,14
CYP,paysafe,14
CYP,expir,14
CYP,miraval,14
CYP,phol,14
CYP,shia,14
CYP,alko,14
CYP,κατ,14
CYP,diaper pants,14
CYP,chucken,14
CYP,milk soya,14
CYP,passio,14
CYP,caco,14
CYP,Kri kri,14
CYP,κριθαρα,14
CYP,bisl,14
CYP,sweet milk,14
CYP,jasm,14
CYP,kata,14
CYP,Tissue,14
CYP,bran flakes,14
CYP,water 15l,14
CYP,dodo,14
CYP,Mr brown,14
CYP,pyrs,14
CYP,Dish,14
CYP,canned meat,14
CYP,doner,14
CYP,free range eggs,14
CYP,ice p,14
CYP,ραβ,14
CYP,advance,14
CYP,vegan ch,14
CYP,Grapes,14
CYP,chicken fil,14
CYP,anis,14
CYP,cappucino,14
CYP,deor,14
CYP,dey,14
CYP,7ip,14
CYP,whote,14
CYP,koz,14
CYP,chipd,14
CYP,san pelleg,14
CYP,watwe,14
CYP,keses,14
CYP,bearn,14
CYP,ρυζογκο,14
CYP,cear,14
CYP,chicken slices,14
CYP,αχνη,14
CYP,woody,14
CYP,rice krispies,14
CYP,sund,14
CYP,grated ch,14
CYP,rice chocolate,14
CYP,kofe,14
CYP,detergents,14
CYP,extension cord,14
CYP,bell peper,14
CYP,speed,14
CYP,frozen s,14
CYP,Mil,14
CYP,swim ring,14
CYP,samyang,14
CYP,подгузники,14
CYP,Dixan,14
CYP,ва,14
CYP,alambra juice,14
CYP,dokto,14
CYP,kohlrabi,14
CYP,baby oi,14
CYP,pecori,14
CYP,bett,14
CYP,drying rack,14
CYP,milk 0%,14
CYP,comma,14
CYP,baking pape,14
CYP,cabernet,14
CYP,yorg,14
CYP,zero coc,14
CYP,bbq sau,14
CYP,Bana,14
CYP,чери,14
CYP,καπιρα,14
CYP,blend,14
CYP,bread pita,14
CYP,йогурт греческий,14
CYP,odour,14
CYP,valley,14
CYP,clinex,14
CYP,children,14
CYP,wtaer,14
CYP,foodhouse,14
CYP,put,14
CYP,Bleach,14
CYP,Smetana,14
CYP,ζωμ,14
CYP,machine,14
CYP,pomegranade,14
CYP,green chi,14
CYP,calippo,14
CYP,bread s,14
CYP,grilled,14
CYP,сухофрукты,14
CYP,Quaker,14
CYP,corton,14
CYP,island,14
CYP,dow,14
CYP,lm,14
CYP,almond drink,14
CYP,cigga,14
CYP,Chicken breast,14
CYP,chocolate protein,14
CYP,финик,14
CYP,cheese vegan,14
CYP,papel,14
CYP,лимонная,14
CYP,underp,14
CYP,delact yo,14
CYP,green peppers,14
CYP,irish,14
CYP,χυ,14
CYP,expired,14
CYP,fal,14
CYP,cold drink,14
CYP,zaros,14
CYP,bathr,14
CYP,turkey slices,14
CYP,panado,14
CYP,mcvi,14
CYP,leav,14
CYP,νισια,14
CYP,plaka,14
CYP,pomo,14
CYP,paf,14
CYP,cupcakes,14
CYP,proper chips,14
CYP,granola bars,14
CYP,pork meat,14
CYP,milki,14
CYP,moi,14
CYP,flav,14
CYP,elde,14
CYP,litter box,14
CYP,trays,14
CYP,lei,14
CYP,bio fruit,14
CYP,hot pepper,14
CYP,kof,14
CYP,strabe,14
CYP,wolt marke,14
CYP,моца,14
CYP,scra,14
CYP,πικλ,14
CYP,tsiakkas,14
CYP,βαφη μαλλιων,14
CYP,τορτ,14
CYP,cuco,14
CYP,huggi,14
CYP,india,14
CYP,χλωρίνη,14
CYP,зира,14
CYP,asah,14
CYP,dreami,14
CYP,baby deter,14
CYP,rifa,14
CYP,злеб,14
CYP,alpro soy,14
CYP,allways,14
CYP,yogurth,14
CYP,antisepti,14
CYP,sprite ze,14
CYP,dod,14
CYP,μαντα,14
CYP,hydr,14
CYP,αλμυρα,14
CYP,Coconut water,14
CYP,ποτη,14
CYP,ice lol,14
CYP,showet,14
CYP,μαιντανο,14
CYP,bourn,14
CYP,bros,14
CYP,wound,14
CYP,veey,14
CYP,ρολ,14
CYP,corrian,14
CYP,water wip,14
CYP,tilsi,14
CYP,oralb,14
CYP,jack da,14
CYP,knofe,14
CYP,белый шоколад,14
CYP,coconut yog,14
CYP,Sa,14
CYP,baby sham,14
CYP,τζελι,14
CYP,dail,14
CYP,colesl,14
CYP,wallnu,14
CYP,sweetos,14
CYP,pomegranate juice,14
CYP,картофе,14
CYP,friski,14
CYP,electronic,14
CYP,bakandy,14
CYP,jambon,14
CYP,clementines,14
CYP,φυστικοβ,14
CYP,sprat,14
CYP,mixed salad,14
CYP,almiron 2,14
CYP,pumb,14
CYP,ive tea,14
CYP,agia,14
CYP,beed,14
CYP,греча,14
CYP,tooth br,14
CYP,σολωμος,14
CYP,soarkling water,14
CYP,phill,14
CYP,chilled wine,14
CYP,disposab,14
CYP,bisk,14
CYP,inc,14
CYP,juicr,14
CYP,black be,14
CYP,instant co,14
CYP,diper,14
CYP,baby bath,14
CYP,omega 3,14
CYP,servietes,14
CYP,garloc,14
CYP,παστε,14
CYP,прок,14
CYP,sex shop,14
CYP,goat yoghurt,14
CYP,бур,14
CYP,toolet paper,14
CYP,cerelac,14
CYP,αλουμι,14
CYP,whea,14
CYP,xini,14
CYP,beetrot,14
CYP,supl,14
CYP,yogurt light,14
CYP,pumk,14
CYP,healthy h,14
CYP,kidne,14
CYP,corn flou,14
CYP,powd,14
CYP,caramel sy,14
CYP,iro,14
CYP,praline,14
CYP,pasta whole,14
CYP,πάνες,14
CYP,пшено,14
CYP,conditioner hair,14
CYP,el caf,14
CYP,τζα,14
CYP,дезодарант,14
CYP,alpro coconut,14
CYP,chicken breasts,14
CYP,makeup wipes,14
CYP,calamar,14
CYP,dentol,14
CYP,ben and jerr,14
CYP,Toast,14
CYP,prosu,14
CYP,juice life,14
CYP,shal,14
CYP,ice v,14
CYP,ice creM,14
CYP,cherry tomatos,14
CYP,Bananas,14
CYP,наггетсы,14
CYP,Chick,14
CYP,whippi,14
CYP,maize,14
CYP,nuddles,14
CYP,στεβια,14
CYP,ladyfingers,14
CYP,rolla,14
CYP,Plastic,14
CYP,monopoly,14
CYP,kerrygol,14
CYP,кухонный рулон,14
CYP,ασημ,14
CYP,stragg,14
CYP,babyfood,14
CYP,cerbona,14
CYP,coma,14
CYP,hair b,14
CYP,avene,14
CYP,truffle oil,14
CYP,voca,14
CYP,ριγανη,14
CYP,caster sugar,14
CYP,Pot,14
CYP,muti,14
CYP,pikla,14
CYP,cream soda,14
CYP,wine gums,14
CYP,red chili,14
CYP,peanut butte,14
CYP,υγρό πιατων,14
CYP,brr,14
CYP,Kitchen,14
CYP,spinat,14
CYP,περιπτερο,14
CYP,tomates,14
CYP,рук,14
CYP,frosen,14
CYP,curd ch,14
CYP,lev,14
CYP,σακουλα,14
CYP,pastram,14
CYP,σαμπο,14
CYP,Wet,14
CYP,tat,14
CYP,tubo,14
CYP,budweiser,14
CYP,luprak,14
CYP,sunvita,14
CYP,paper a4,14
CYP,nitrile,14
CYP,vimpto,14
CYP,καρότα,14
CYP,ве,14
CYP,vinger,14
CYP,овсяные,14
CYP,куриная,14
CYP,краб,14
CYP,chark,14
CYP,ваниль,14
CYP,koulou,14
CYP,body milk,14
CYP,00,14
CYP,mortadela,14
CYP,free range chicken,14
CYP,mangi,14
CYP,luggage,14
CYP,sodium,14
CYP,food container,14
CYP,corona cero,14
CYP,dr.pepper,14
CYP,BBQ,14
CYP,sugar fre,14
CYP,λουκάνικα,14
CYP,kids toys,14
CYP,cheese shredded,14
CYP,scrubber,14
CYP,katchup,14
CYP,prossecco,14
CYP,dry food,14
CYP,liner,14
CYP,arlo,14
CYP,touth,14
CYP,grass,14
CYP,baked bean,14
CYP,φρυγανιές,14
CYP,Cabbage,14
CYP,snike,14
CYP,φυλλα,14
CYP,10l,14
CYP,cadburry,14
CYP,πορτοκαλια,14
CYP,arla p,14
CYP,wolt m,14
CYP,vegan chocolate,14
CYP,hand crea,14
CYP,low sugar,14
CYP,staples,14
CYP,shwepp,14
CYP,tobler,14
CYP,боржо,14
CYP,κεφίρ,14
CYP,pasat,14
CYP,ша,14
CYP,cardam,14
CYP,boxer,14
CYP,пакеты для мусора,14
CYP,roast chicken,14
CYP,apple vin,14
CYP,Baking paper,14
CYP,men shower,14
CYP,cg,14
CYP,loo,14
CYP,nurs,14
CYP,dea,14
CYP,minion,14
CYP,robert,14
CYP,во,14
CYP,caye,14
CYP,epsom,14
CYP,chrys,14
CYP,baking sofa,14
CYP,Chia,14
CYP,ska,14
CYP,chicken sliced,14
CYP,pine nut,14
CYP,French,14
CYP,bt,14
CYP,brazilian,14
CYP,oat mill,14
CYP,nimm2,14
CYP,greek yogur,14
CYP,meteo,14
CYP,sero,14
CYP,песок,14
CYP,paa,14
CYP,jou,14
CYP,La,14
CYP,fabric freshener,14
CYP,vann,14
CYP,χαρτοπε,14
CYP,tronky,14
CYP,rioja,14
CYP,makaro,14
CYP,παπαδο,14
CYP,smie,14
CYP,go protein,14
CYP,cream cooking,14
CYP,τσαντες,14
CYP,banas,14
CYP,nisiaste,14
CYP,mexica,14
CYP,camb,14
CYP,ponzu,14
CYP,cote,14
CYP,magio,14
CYP,15l,14
CYP,papoutsanis,14
CYP,color hair,14
CYP,acdo,14
CYP,mom,14
CYP,crus,14
CYP,swepp,14
CYP,giat,14
CYP,imperial,14
CYP,aha,14
CYP,λεμονάδα,14
CYP,country,14
CYP,nocco,14
CYP,laza,14
CYP,cuf,14
CYP,maybeline,14
CYP,cheedar,14
CYP,δυοσμος,14
CYP,"water 1,5",14
CYP,12,14
CYP,спрей,14
CYP,cheese kids,14
CYP,παστα,14
CYP,καρβο,14
CYP,zwro,14
CYP,shalot,14
CYP,coconut wate,14
CYP,carna,14
CYP,πισινα,14
CYP,μπατ,14
CYP,aluminu,14
CYP,cleanex,14
CYP,stol,14
CYP,melone,14
CYP,detoll,14
CYP,bern,14
CYP,σφουγγάρι,14
CYP,humos,14
CYP,hair bleach,14
CYP,red kidney,14
CYP,frisogr,14
CYP,lays prawn,14
CYP,coffee cream,14
CYP,funnel,14
CYP,Ben and,14
CYP,deserts,14
CYP,cinnamo,14
CYP,top gun,14
CYP,morning coffe,14
CYP,морожиное,14
CYP,лак для волос,14
CYP,cat wet food,14
CYP,cheese goat,14
CYP,гранат,14
CYP,dairly,14
CYP,halv,14
CYP,sourc,14
CYP,tresh,14
CYP,olove,14
CYP,blue berries,14
CYP,σύκα,14
CYP,riter,14
CYP,all day,14
CYP,fans,14
CYP,brezel,14
CYP,seaso,14
CYP,delo,14
CYP,kitchen cleaner,14
CYP,zip bag,14
CYP,μπιφτεκια,14
CYP,σολομός,14
CYP,σουρ,14
CYP,смесь,14
CYP,Ma,14
CYP,cheesw,14
CYP,confo,14
CYP,coco cola,14
CYP,chicken minced,14
CYP,granola bar,14
CYP,абрикосы,14
CYP,stone,14
CYP,αυ,14
CYP,ανηθος,14
CYP,lemon fanta,14
CYP,worcester,14
CYP,shrip,14
CYP,χαρτί υγείας,14
CYP,sanpell,14
CYP,family ice cream,14
CYP,Lebanese,14
CYP,sayce,14
CYP,λουκανι,14
CYP,curly hair,14
CYP,charam,14
CYP,pinot noir,14
CYP,μπε,14
CYP,yoghurt 0%,14
CYP,lactose fre,14
CYP,hemp seeds,14
CYP,wet to,14
CYP,cocq,14
CYP,saur,14
CYP,agris,14
CYP,expiring,14
CYP,sugar pow,14
CYP,vetex,14
CYP,friz,14
CYP,breed,14
CYP,chicken bur,14
CYP,apple ci,14
CYP,hydrogen peroxide,14
CYP,cold co,14
CYP,φυ,14
CYP,carsl,14
CYP,oniom,14
CYP,νεσκαφε,14
CYP,tl,14
CYP,quack,14
CYP,αφρ,14
CYP,tortilas,14
CYP,Cooking cream,14
CYP,Candy,14
CYP,для посуды,14
CYP,sliced ch,14
CYP,water 5,14
CYP,rice 5kg,14
CYP,fulfill,14
CYP,gourme,14
CYP,shriracha,14
CYP,παπαδοπουλου,14
CYP,japan,14
CYP,got2,14
CYP,сахарная пудра,14
CYP,frozen bean,14
CYP,wrapper,14
CYP,kidn,14
CYP,day,14
CYP,stand,14
CYP,sun sc,14
CYP,toothpic,14
CYP,beetroots,14
CYP,fever,14
CYP,isop,14
CYP,томатный,14
CYP,Citrus house,14
CYP,Tonic,14
CYP,маска для волос,14
CYP,Cho,14
CYP,пиво безалкогольное,14
CYP,chocolate ice cream,14
CYP,ss,14
CYP,милка,14
CYP,πεπονι,14
CYP,whee,14
CYP,Bags,14
CYP,tp,14
CYP,käse,14
CYP,nread,14
CYP,frozen potato,14
CYP,каперсы,14
CYP,trian,14
CYP,get,14
CYP,buckwhea,14
CYP,disk,14
CYP,washing mac,14
CYP,coto,14
CYP,σκλ,14
CYP,зубная нить,14
CYP,sigaret,14
CYP,poweraid,14
CYP,chocolate drink,14
CYP,pai,14
CYP,chice,14
CYP,diffu,14
CYP,frozen strawb,14
CYP,σακούλ,14
CYP,gummy bears,14
CYP,present,14
CYP,wispa,14
CYP,καλαμάκια,14
CYP,xantham,14
CYP,masks,14
CYP,elephant,14
CYP,кео,14
CYP,nivea roll,13
CYP,sweeten,13
CYP,actinel,13
CYP,passoa,13
CYP,hand w,13
CYP,sesame seed,13
CYP,butter chicken,13
CYP,choo,13
CYP,pinolia,13
CYP,pasta gluten free,13
CYP,lucky,13
CYP,corn s,13
CYP,roll paper,13
CYP,probiotics,13
CYP,nudel,13
CYP,ав,13
CYP,White,13
CYP,7 u,13
CYP,post it,13
CYP,nuttel,13
CYP,lays wavy,13
CYP,stretch,13
CYP,mare,13
CYP,femfresh,13
CYP,Cracker,13
CYP,Ci,13
CYP,Baking powder,13
CYP,suc,13
CYP,γλ,13
CYP,toffi,13
CYP,helmans,13
CYP,φαριν,13
CYP,diet pepsi,13
CYP,burguer,13
CYP,kawa,13
CYP,books,13
CYP,black paper,13
CYP,gift box,13
CYP,oliveoil,13
CYP,la viel,13
CYP,Candle,13
CYP,softn,13
CYP,fliur,13
CYP,cleaning brush,13
CYP,farfalle,13
CYP,fresh basil,13
CYP,ice fream,13
CYP,descaling,13
CYP,earbud,13
CYP,bepan,13
CYP,xin,13
CYP,choped,13
CYP,hot ch,13
CYP,cream of tartar,13
CYP,full,13
CYP,red wine vinegar,13
CYP,rodi,13
CYP,baby bel,13
CYP,face paint,13
CYP,stri,13
CYP,flip flop,13
CYP,nicea,13
CYP,wilt,13
CYP,nanys,13
CYP,comdom,13
CYP,cruasan,13
CYP,teapot,13
CYP,sticky rice,13
CYP,whitening strips,13
CYP,sea b,13
CYP,мусорный пакет,13
CYP,Fiji,13
CYP,foot file,13
CYP,Sriracha,13
CYP,potta,13
CYP,Actimel,13
CYP,sliced meat,13
CYP,pillows,13
CYP,uogurt,13
CYP,мешки для мусора,13
CYP,sparkling wate,13
CYP,food colo,13
CYP,maza,13
CYP,super gl,13
CYP,bial,13
CYP,gift wrap,13
CYP,slat,13
CYP,kalama,13
CYP,pranut,13
CYP,fasolakia,13
CYP,chcolate,13
CYP,kitcen,13
CYP,mant,13
CYP,red chi,13
CYP,κατεψυγμενα,13
CYP,disinf,13
CYP,сли,13
CYP,powerrade,13
CYP,bissli,13
CYP,kyko,13
CYP,smoked salami,13
CYP,snickers ice cream,13
CYP,зажигалка,13
CYP,monstet,13
CYP,dried fish,13
CYP,smoked cheese,13
CYP,baria,13
CYP,булочки,13
CYP,rig,13
CYP,highlighter,13
CYP,toilet r,13
CYP,qualer,13
CYP,Wa,13
CYP,frankfurt,13
CYP,proper corn,13
CYP,hand soup,13
CYP,arla pr,13
CYP,columbia,13
CYP,grape leaves,13
CYP,κειμ,13
CYP,αναρι,13
CYP,pink stu,13
CYP,pork sausage,13
CYP,ice loll,13
CYP,ono,13
CYP,sweetcor,13
CYP,iphone charger,13
CYP,dr oetker,13
CYP,αφρολου,13
CYP,κερια,13
CYP,schwinn,13
CYP,funky,13
CYP,tanzania,13
CYP,knifes,13
CYP,handwa,13
CYP,galbani,13
CYP,alternative,13
CYP,κολ,13
CYP,sunscree,13
CYP,flout,13
CYP,πιπ,13
CYP,backw,13
CYP,cast,13
CYP,almond f,13
CYP,bebe lita,13
CYP,fagr,13
CYP,frape,13
CYP,hor,13
CYP,lamps,13
CYP,frizo,13
CYP,gatora,13
CYP,dew,13
CYP,protein chi,13
CYP,prp,13
CYP,burgur,13
CYP,tyrell,13
CYP,sauvign,13
CYP,cki,13
CYP,αλουμιν,13
CYP,δι,13
CYP,stix,13
CYP,pixl,13
CYP,nikol,13
CYP,Jam,13
CYP,pantenol,13
CYP,groun,13
CYP,guacamol,13
CYP,μεμβρανη,13
CYP,micellar water,13
CYP,dl,13
CYP,saice,13
CYP,creme caramel,13
CYP,dasti,13
CYP,pilsn,13
CYP,moze,13
CYP,pak,13
CYP,mpa,13
CYP,schwa,13
CYP,μπισκ,13
CYP,floor cleaning,13
CYP,a3,13
CYP,fresh ju,13
CYP,boutari,13
CYP,toilet ro,13
CYP,zir,13
CYP,venigar,13
CYP,berezk,13
CYP,ayios,13
CYP,alfredo,13
CYP,сухой шампунь,13
CYP,dok,13
CYP,rekor,13
CYP,drill,13
CYP,pure alcohol,13
CYP,teriaki,13
CYP,kris,13
CYP,toms,13
CYP,salt flakes,13
CYP,turkey slice,13
CYP,Peanut,13
CYP,φασο,13
CYP,protie,13
CYP,Pan,13
CYP,strak,13
CYP,crossa,13
CYP,green c,13
CYP,foot cream,13
CYP,капсул,13
CYP,gourmet gold,13
CYP,protrin,13
CYP,nivea deodorant,13
CYP,vot,13
CYP,chewin,13
CYP,sudocre,13
CYP,Pistachio,13
CYP,frozen fries,13
CYP,food house,13
CYP,papee,13
CYP,pesto rosso,13
CYP,german,13
CYP,block,13
CYP,chicken cubes,13
CYP,acqua,13
CYP,white claw,13
CYP,libre,13
CYP,food co,13
CYP,marinade,13
CYP,louv,13
CYP,chewi,13
CYP,coffee m,13
CYP,mr dog,13
CYP,all bra,13
CYP,yoghurt kids,13
CYP,λαδοκολλα,13
CYP,кл,13
CYP,campofrio,13
CYP,beac,13
CYP,sodas,13
CYP,disinfe,13
CYP,applejuice,13
CYP,brown suga,13
CYP,wodka,13
CYP,hot s,13
CYP,soul,13
CYP,70,13
CYP,wkd,13
CYP,drying,13
CYP,phili,13
CYP,capa,13
CYP,viva,13
CYP,cos,13
CYP,ελιές,13
CYP,food colour,13
CYP,vanilla su,13
CYP,peli,13
CYP,nunu,13
CYP,body sho,13
CYP,silk,13
CYP,parboil,13
CYP,moh,13
CYP,coffee ground,13
CYP,apo,13
CYP,flipz,13
CYP,worces,13
CYP,χλωρι,13
CYP,babyw,13
CYP,ion chocolate,13
CYP,φρυ,13
CYP,mastiq,13
CYP,св,13
CYP,smack,13
CYP,κερ,13
CYP,igienol,13
CYP,washing p,13
CYP,jhonson,13
CYP,yoghurt 0,13
CYP,χυμό,13
CYP,watermelom,13
CYP,True dates,13
CYP,rubbing alcohol,13
CYP,cheese p,13
CYP,caraway,13
CYP,кока кола,13
CYP,bey,13
CYP,minuty,13
CYP,hair band,13
CYP,μαγιά,13
CYP,face wipes,13
CYP,κόλλες,13
CYP,more,13
CYP,семена,13
CYP,ρεβυ,13
CYP,sg,13
CYP,motz,13
CYP,cucuber,13
CYP,cheese sl,13
CYP,kitchen role,13
CYP,лимо,13
CYP,trush,13
CYP,compote,13
CYP,укро,13
CYP,viaka,13
CYP,lavach,13
CYP,κρα,13
CYP,shampoo pantene,13
CYP,влажные сал,13
CYP,detol spray,13
CYP,mix ve,13
CYP,βο,13
CYP,лак,13
CYP,чеддер,13
CYP,Fan,13
CYP,hob,13
CYP,апель,13
CYP,gaud,13
CYP,bacard,13
CYP,па,13
CYP,goat c,13
CYP,santa,13
CYP,kambu,13
CYP,faye,13
CYP,batist,13
CYP,thu,13
CYP,granarolo,13
CYP,fur,13
CYP,тр,13
CYP,black pepp,13
CYP,men expert,13
CYP,primo,13
CYP,χαρτομα,13
CYP,coat,13
CYP,рисовые,13
CYP,redbl,13
CYP,thoot,13
CYP,orea,13
CYP,ip,13
CYP,tpilet,13
CYP,пол,13
CYP,root beer,13
CYP,pop bakery,13
CYP,tuna salad,13
CYP,prawn crackers,13
CYP,tortilla chip,13
CYP,креве,13
CYP,нутела,13
CYP,cane sugar,13
CYP,aqu,13
CYP,lemon drink,13
CYP,rice k,13
CYP,seed of happines,13
CYP,green pepp,13
CYP,tomato so,13
CYP,Greek y,13
CYP,кон,13
CYP,keso,13
CYP,alla,13
CYP,anal,13
CYP,trico,13
CYP,im,13
CYP,aplle,13
CYP,penu,13
CYP,heiniken,13
CYP,frozen spinach,13
CYP,Red Bull,13
CYP,milk c,13
CYP,make up wipes,13
CYP,cheese gr,13
CYP,nuxe,13
CYP,dove s,13
CYP,album,13
CYP,alambra cottage,13
CYP,vitalite,13
CYP,dry cat food,13
CYP,red ca,13
CYP,dr. pepper,13
CYP,ginger paste,13
CYP,corn star,13
CYP,rizoga,13
CYP,sandwhich,13
CYP,καρυ,13
CYP,ρολά,13
CYP,sufar,13
CYP,filim,13
CYP,cheee,13
CYP,zeeo,13
CYP,pampers 3,13
CYP,almont,13
CYP,sketchbook,13
CYP,rafaelo,13
CYP,perse,13
CYP,all p,13
CYP,broccolini,13
CYP,canne,13
CYP,swim tube,13
CYP,шам,13
CYP,χαρτια,13
CYP,coffee starbucks,13
CYP,cooked meat,13
CYP,dish salt,13
CYP,waste bag,13
CYP,סיגריות,13
CYP,vasi,13
CYP,vegan yo,13
CYP,carnival,13
CYP,αλατ,13
CYP,масло подсол,13
CYP,chillies,13
CYP,vodca,13
CYP,gio,13
CYP,panty liner,13
CYP,gur,13
CYP,ζωμο,13
CYP,ryzo,13
CYP,coloring book,13
CYP,cornfle,13
CYP,nanny's,13
CYP,citri,13
CYP,coffee ma,13
CYP,marzipan,13
CYP,buf,13
CYP,shavers,13
CYP,сиетана,13
CYP,pasto,13
CYP,tissue box,13
CYP,soya mil,13
CYP,coffe capsules,13
CYP,ζαχαρι,13
CYP,casserole,13
CYP,phy,13
CYP,χαρτομ,13
CYP,wedge,13
CYP,ahma,13
CYP,χαλλούμι,13
CYP,Black,13
CYP,choch,13
CYP,galic,13
CYP,leafs,13
CYP,γαριδ,13
CYP,φύλλο,13
CYP,bread crub,13
CYP,hard cheese,13
CYP,tre,13
CYP,power ade,13
CYP,fresh cheese,13
CYP,cockies,13
CYP,shower gel dove,13
CYP,protein cereal,13
CYP,White cabbage,13
CYP,salata,13
CYP,frozen blueberry,13
CYP,frame,13
CYP,tin toma,13
CYP,nespresso capsules,13
CYP,cream cr,13
CYP,pulses,13
CYP,mustel,13
CYP,zuchinni,13
CYP,rice protein,13
CYP,tuboflo,13
CYP,arra,13
CYP,protin,13
CYP,hot d,13
CYP,small water,13
CYP,emmen,13
CYP,choriz,13
CYP,mozzarella cheese,13
CYP,chio,13
CYP,sko,13
CYP,cappu,13
CYP,brazil nuts,13
CYP,ix,13
CYP,boll,13
CYP,marb,13
CYP,μπρι,13
CYP,prong,13
CYP,white v,13
CYP,ρι,13
CYP,wood cleaner,13
CYP,tuk,13
CYP,Red onion,13
CYP,frozeb,13
CYP,yan,13
CYP,bio juice,13
CYP,hazelnu,13
CYP,hl,13
CYP,kataifi,13
CYP,pantyliner,13
CYP,bli,13
CYP,carotten,13
CYP,hot sau,13
CYP,hellma,13
CYP,loops,13
CYP,rice parboiled,13
CYP,cay,13
CYP,vib,13
CYP,bicar,13
CYP,delia,13
CYP,spring ro,13
CYP,сливочный сыр,13
CYP,χαλουμ,13
CYP,zero come,13
CYP,rober,13
CYP,makar,13
CYP,φε,13
CYP,verg,13
CYP,teet,13
CYP,crossant,13
CYP,knot,13
CYP,lr44,13
CYP,rice brown,13
CYP,viol,13
CYP,heav,13
CYP,ben and jer,13
CYP,biscut,13
CYP,smarti,13
CYP,переходник,13
CYP,hoch,13
CYP,mutton,13
CYP,sak,13
CYP,roshen,13
CYP,dishwasher tabs,13
CYP,φυστικ,13
CYP,aub,13
CYP,betr,13
CYP,zef,13
CYP,savou,13
CYP,ahax,13
CYP,hair remo,13
CYP,плавленный сыр,13
CYP,pay,13
CYP,mashe,13
CYP,cutler,13
CYP,castor,13
CYP,blue chee,13
CYP,κρεμοσαπουνο,13
CYP,disposa,13
CYP,compeed,13
CYP,farin lacte,13
CYP,псилиум,13
CYP,protein p,13
CYP,seler,13
CYP,red lentil,13
CYP,soda w,13
CYP,δαφνη,13
CYP,gem,13
CYP,ketsu,13
CYP,bikini,13
CYP,χρωματο,13
CYP,kykno,13
CYP,cointreau,13
CYP,sab,13
CYP,cake tin,13
CYP,jela,13
CYP,rosso,13
CYP,oxygen,13
CYP,pato,13
CYP,blue lagoon,13
CYP,морожено,13
CYP,yoghurt delact,13
CYP,gillett,13
CYP,μακ,13
CYP,noddle,13
CYP,piri,13
CYP,sourdough bread,13
CYP,7 d,13
CYP,vileta,13
CYP,waga,13
CYP,nail po,13
CYP,fabric softner,13
CYP,punk,13
CYP,Black pepper,13
CYP,monstee,13
CYP,mevg,13
CYP,kids pasta,13
CYP,kitchen bags,13
CYP,borax,13
CYP,форель,13
CYP,γλυκ,13
CYP,potates,13
CYP,tooth bru,13
CYP,zero 7,13
CYP,μωρ,13
CYP,sanpelegrino,13
CYP,e27,13
CYP,nudl,13
CYP,jelly bean,13
CYP,κρεπες,13
CYP,prosch,13
CYP,ягод,13
CYP,chikeb,13
CYP,ντοματοχ,13
CYP,globes,13
CYP,ct,13
CYP,pedig,13
CYP,poc,13
CYP,nio,13
CYP,tem,13
CYP,burn,13
CYP,ρεβ,13
CYP,whole wheat pasta,13
CYP,alphame,13
CYP,Bar,13
CYP,состски,13
CYP,water balloons,13
CYP,puzza,13
CYP,daal,13
CYP,probio,13
CYP,мидии,13
CYP,σε,13
CYP,iness,13
CYP,moli,13
CYP,lunc,13
CYP,pitato,13
CYP,bruss,13
CYP,μοτσα,13
CYP,hellm,13
CYP,wish,13
CYP,υγρό πιάτων,13
CYP,shoer,13
CYP,Dishwasher,13
CYP,cordon bleu,13
CYP,chocolate white,13
CYP,saysage,13
CYP,filte,13
CYP,freshner,13
CYP,decafe,13
CYP,disinfect,13
CYP,δυοσμο,13
CYP,ук,13
CYP,ic3,13
CYP,lemon ice,13
CYP,hot dog buns,13
CYP,pink la,13
CYP,ντοματοχυμ,13
CYP,boul,13
CYP,sky,13
CYP,peace,13
CYP,cheap,13
CYP,washing clothes,13
CYP,letti,13
CYP,ρίγανη,13
CYP,орегано,13
CYP,malbor,13
CYP,lay’,13
CYP,greek pit,13
CYP,chamomil,13
CYP,chocolate 70,13
CYP,joy,13
CYP,fren,13
CYP,novea,13
CYP,rolling pin,13
CYP,lactose free yo,13
CYP,mozarella sticks,13
CYP,disney,13
CYP,erdi,13
CYP,κουβας,13
CYP,Charcoal,13
CYP,kw,13
CYP,αφρολ,13
CYP,ice tea lemon,13
CYP,graham,13
CYP,vanilla powder,13
CYP,phist,13
CYP,paper toil,13
CYP,vill,13
CYP,psill,13
CYP,miso paste,13
CYP,romano,13
CYP,budw,13
CYP,winst,13
CYP,camera,13
CYP,micela,13
CYP,rice cracks,13
CYP,kitchen tissue,13
CYP,callowfi,13
CYP,Red bull,13
CYP,eastern,13
CYP,milk 2,13
CYP,mozzer,13
CYP,pizza sa,13
CYP,strawberries fruit,13
CYP,αγγουρακι,13
CYP,vanille,13
CYP,green bag,13
CYP,octapus,13
CYP,heel,13
CYP,zw,13
CYP,nuro,13
CYP,linen,13
CYP,hoegaarden,13
CYP,baby pla,13
CYP,garlic p,13
CYP,couve,13
CYP,ft,13
CYP,λαχα,13
CYP,mail,13
CYP,korres yoghurt,13
CYP,σταφυλι,13
CYP,mout,13
CYP,αμυγδα,13
CYP,wetex,13
CYP,milk delacr,13
CYP,real,13
CYP,barn,13
CYP,βαμβάκι,13
CYP,vitali,13
CYP,cocc,13
CYP,sandwich bag,13
CYP,pariz,13
CYP,waterproof,13
CYP,dav,13
CYP,ordinary,13
CYP,ww,13
CYP,wite,13
CYP,zaro,13
CYP,kaf,13
CYP,lanitis juice,13
CYP,braz,13
CYP,ασπραδι,13
CYP,το,13
CYP,baking form,13
CYP,slamon,13
CYP,камамбер,13
CYP,mild,13
CYP,bulduk,13
CYP,sudoc,13
CYP,egberts,13
CYP,speed fix,13
CYP,batis,13
CYP,κολια,13
CYP,mn,13
CYP,kouvertoura,13
CYP,gruyere,13
CYP,sun s,13
CYP,сардины,13
CYP,aour,13
CYP,batta,13
CYP,trahanas,13
CYP,sweetn,13
CYP,sahne,13
CYP,hin,13
CYP,breast chicken,13
CYP,haribi,13
CYP,frit,13
CYP,charge,13
CYP,kritha,13
CYP,chocolate s,13
CYP,World cup,13
CYP,cheese li,13
CYP,nudle,13
CYP,l',13
CYP,rice sushi,13
CYP,ipanema,13
CYP,חלב,13
CYP,μαργαρινη,13
CYP,wl,13
CYP,pao,13
CYP,fea,13
CYP,lice,13
CYP,nivia,13
CYP,krits,13
CYP,maxx,13
CYP,pet pads,13
CYP,italian herb,13
CYP,ibuprofen,13
CYP,no s,13
CYP,губк,13
CYP,rizog,13
CYP,nel,12
CYP,ελαιο,12
CYP,vegan milk,12
CYP,tsat,12
CYP,doct,12
CYP,krisp,12
CYP,sheep yo,12
CYP,yumearth,12
CYP,motsa,12
CYP,hand san,12
CYP,chec,12
CYP,El cafe,12
CYP,beef meat,12
CYP,γλυ,12
CYP,pomelo,12
CYP,чер,12
CYP,kritsi,12
CYP,gu10,12
CYP,gog,12
CYP,pizzas,12
CYP,κολοκυθ,12
CYP,mayones,12
CYP,3M,12
CYP,ck,12
CYP,yogurt vegan,12
CYP,rik,12
CYP,zero cok,12
CYP,sprinkl,12
CYP,grilan,12
CYP,coof,12
CYP,yougert,12
CYP,grego,12
CYP,kids yoghurt,12
CYP,lactofree,12
CYP,скумбрия,12
CYP,peperami,12
CYP,Dijon mustard,12
CYP,frida,12
CYP,bluberr,12
CYP,vinager,12
CYP,pascual,12
CYP,frankfurter,12
CYP,nutm,12
CYP,all br,12
CYP,wallet,12
CYP,instant coffe,12
CYP,morning c,12
CYP,paprr,12
CYP,candi,12
CYP,εντομοκτονο,12
CYP,take,12
CYP,lemond,12
CYP,fista,12
CYP,сое,12
CYP,milk protein,12
CYP,osts,12
CYP,ketchup zero,12
CYP,hemo,12
CYP,shower gel kids,12
CYP,mintikk,12
CYP,ελαιόλαδο,12
CYP,rose wa,12
CYP,kir,12
CYP,kari,12
CYP,om,12
CYP,milk 3,12
CYP,diet crack,12
CYP,la croix,12
CYP,mattress,12
CYP,wei,12
CYP,psilium,12
CYP,dic,12
CYP,sweppes,12
CYP,birthday c,12
CYP,beast,12
CYP,ixe cream,12
CYP,bota,12
CYP,antisept,12
CYP,no suga,12
CYP,granula,12
CYP,2%,12
CYP,raps,12
CYP,tiramis,12
CYP,nairs,12
CYP,tie,12
CYP,вла,12
CYP,shoe polish,12
CYP,yoghurt sheep,12
CYP,laundry capsules,12
CYP,dog wet,12
CYP,Edam,12
CYP,the ordinary,12
CYP,head &,12
CYP,Fabric softener,12
CYP,chille,12
CYP,sturb,12
CYP,luncheon,12
CYP,beans frozen,12
CYP,express,12
CYP,matt,12
CYP,softene,12
CYP,халва,12
CYP,gelati,12
CYP,smar,12
CYP,tooth b,12
CYP,lettus,12
CYP,mini market,12
CYP,baby diapers,12
CYP,πολ,12
CYP,pame,12
CYP,vegetable chips,12
CYP,pedto,12
CYP,wet napkin,12
CYP,χορτα,12
CYP,corn sta,12
CYP,στα,12
CYP,pasts,12
CYP,αγαυη,12
CYP,heat pro,12
CYP,pomme,12
CYP,Tahini,12
CYP,coconut oul,12
CYP,μαλακτικ,12
CYP,vio,12
CYP,poke,12
CYP,сладости,12
CYP,jan,12
CYP,saint nic,12
CYP,spritr,12
CYP,fuz,12
CYP,up,12
CYP,gerb,12
CYP,schweppe,12
CYP,oak,12
CYP,philadephia,12
CYP,редиска,12
CYP,candarel,12
CYP,sigma,12
CYP,κολοκυθακια,12
CYP,gordons,12
CYP,protein chee,12
CYP,rigato,12
CYP,чи,12
CYP,milk d,12
CYP,pet shampoo,12
CYP,σφογ,12
CYP,xhips,12
CYP,much,12
CYP,grin,12
CYP,ντ,12
CYP,μπαρα,12
CYP,лепешки,12
CYP,smoked chicken,12
CYP,lamb chops,12
CYP,friskie,12
CYP,ice crwam,12
CYP,olympis,12
CYP,gluten free oats,12
CYP,cerr,12
CYP,conflex,12
CYP,coxonut,12
CYP,men shampoo,12
CYP,pizza dou,12
CYP,vatten,12
CYP,су,12
CYP,kykkos mineral,12
CYP,lachs,12
CYP,greeting,12
CYP,nespreso,12
CYP,cramberry,12
CYP,bok choy,12
CYP,sosp,12
CYP,sele,12
CYP,vert,12
CYP,corin,12
CYP,fanta exotic,12
CYP,lottus,12
CYP,yogurt fage,12
CYP,chiabatta,12
CYP,hs,12
CYP,breezers,12
CYP,rice bars,12
CYP,alternative milk,12
CYP,arirl,12
CYP,monsters,12
CYP,essential oil,12
CYP,prach,12
CYP,jack dan,12
CYP,gourmet cat,12
CYP,κρεμα γαλ,12
CYP,soo,12
CYP,screwdriver,12
CYP,toik,12
CYP,станок,12
CYP,nut bar,12
CYP,fluo,12
CYP,xyni,12
CYP,bead,12
CYP,oat fl,12
CYP,ahmad tea,12
CYP,note book,12
CYP,heins,12
CYP,τριμ,12
CYP,whole bread,12
CYP,balm,12
CYP,tomatp,12
CYP,handw,12
CYP,mayp,12
CYP,cotton candy,12
CYP,arak,12
CYP,tom yam,12
CYP,bronze,12
CYP,mole,12
CYP,cream crac,12
CYP,chicken thig,12
CYP,dr peper,12
CYP,valio edam,12
CYP,подсолнечное масло,12
CYP,lemonade sq,12
CYP,trufle,12
CYP,l’or,12
CYP,caramel coffee,12
CYP,deionised,12
CYP,πεστο,12
CYP,ferero,12
CYP,tos,12
CYP,стакан,12
CYP,muff,12
CYP,καφές,12
CYP,overla,12
CYP,κατεψ,12
CYP,fresh straw,12
CYP,sub,12
CYP,ear b,12
CYP,xarti,12
CYP,μήλα,12
CYP,maple s,12
CYP,Loreal,12
CYP,kids tooth,12
CYP,blister,12
CYP,old el,12
CYP,αποσμινη,12
CYP,vegan icecream,12
CYP,ice ce,12
CYP,0 alcohol,12
CYP,τριαντάφυλλο,12
CYP,leffe,12
CYP,morfa,12
CYP,dark choclate,12
CYP,milk delac,12
CYP,hand sanitizer,12
CYP,phyl,12
CYP,kouver,12
CYP,Crisp,12
CYP,disp,12
CYP,Blueberries,12
CYP,dof,12
CYP,creat,12
CYP,two,12
CYP,infla,12
CYP,bezgluten,12
CYP,coack,12
CYP,oil s,12
CYP,mall,12
CYP,шампу,12
CYP,statio,12
CYP,molis,12
CYP,iron wa,12
CYP,der,12
CYP,momster,12
CYP,handwas,12
CYP,schn,12
CYP,iron wat,12
CYP,procecco,12
CYP,vacum,12
CYP,buiscuit,12
CYP,gourm,12
CYP,pim,12
CYP,hait,12
CYP,gnochi,12
CYP,canned beans,12
CYP,цветная капуста,12
CYP,les,12
CYP,vanilla essence,12
CYP,бурат,12
CYP,κοτοπου,12
CYP,pepperon,12
CYP,durace,12
CYP,wine gum,12
CYP,κρουασα,12
CYP,m8lk,12
CYP,κετσαπ,12
CYP,joghu,12
CYP,Ferrero,12
CYP,lays max,12
CYP,san peli,12
CYP,chips paprika,12
CYP,sandwich ice,12
CYP,violan,12
CYP,rocc,12
CYP,sneaker,12
CYP,novalac,12
CYP,zorba,12
CYP,nir,12
CYP,κρεα,12
CYP,nail pol,12
CYP,petalo,12
CYP,frea,12
CYP,bournville,12
CYP,gochujang,12
CYP,non alcoh,12
CYP,vitabio,12
CYP,washing l,12
CYP,lays salted,12
CYP,sun flower,12
CYP,lotto,12
CYP,ricw,12
CYP,foodhau,12
CYP,wafel,12
CYP,zymi,12
CYP,πιπε,12
CYP,tea green,12
CYP,μαρμε,12
CYP,ζυμαρικά,12
CYP,atienne,12
CYP,shampoo for kids,12
CYP,appel,12
CYP,brans,12
CYP,t shirt,12
CYP,pierre,12
CYP,ριγα,12
CYP,tua,12
CYP,hellmann,12
CYP,лосо,12
CYP,vinegar white,12
CYP,detergent powder,12
CYP,black la,12
CYP,ani,12
CYP,eski,12
CYP,french press,12
CYP,ξιδι,12
CYP,οδοντοβ,12
CYP,frozen chi,12
CYP,ketsap,12
CYP,pikl,12
CYP,radl,12
CYP,wiske,12
CYP,eag,12
CYP,amix,12
CYP,κουλου,12
CYP,desperado,12
CYP,save,12
CYP,tolet,12
CYP,hairs,12
CYP,газированная вода,12
CYP,strongbo,12
CYP,creme fr,12
CYP,charalambides christis,12
CYP,rice kri,12
CYP,liquid detergent,12
CYP,pharma,12
CYP,Body wash,12
CYP,becel,12
CYP,Pickles,12
CYP,know,12
CYP,micellaire,12
CYP,ben a,12
CYP,liners,12
CYP,mem,12
CYP,dowe,12
CYP,cat food wet,12
CYP,Twix,12
CYP,lupark,12
CYP,Arizona,12
CYP,gooda,12
CYP,chopper,12
CYP,birthd,12
CYP,mayion,12
CYP,salkon,12
CYP,coot,12
CYP,pomodoro,12
CYP,pumbers,12
CYP,τονους,12
CYP,detergant,12
CYP,doughnut,12
CYP,paper rolls,12
CYP,fluid,12
CYP,ribbon,12
CYP,hafer,12
CYP,all pur,12
CYP,cocnut water,12
CYP,ice coff,12
CYP,rice cream,12
CYP,barri,12
CYP,pos,12
CYP,ταπερ,12
CYP,pand,12
CYP,σιτα,12
CYP,αντικ,12
CYP,mellon,12
CYP,тушенка,12
CYP,oce cream,12
CYP,non alch,12
CYP,Γαλα,12
CYP,fruct,12
CYP,крабовые палочки,12
CYP,puta,12
CYP,bakinh,12
CYP,pica,12
CYP,лак для ногтей,12
CYP,mois,12
CYP,capsuls,12
CYP,0.0,12
CYP,100,12
CYP,cat lit,12
CYP,κακάο,12
CYP,hear,12
CYP,shapoo,12
CYP,cooking spray,12
CYP,clori,12
CYP,noode,12
CYP,icin,12
CYP,edesm,12
CYP,petsi,12
CYP,metro supermarket,12
CYP,Йогурт,12
CYP,ягода,12
CYP,Barilla,12
CYP,сливы,12
CYP,tomot,12
CYP,isot,12
CYP,cat mousse,12
CYP,whole wh,12
CYP,oh,12
CYP,starbacks,12
CYP,минера,12
CYP,parmigi,12
CYP,σακού,12
CYP,cake decoration,12
CYP,hashbrown,12
CYP,σκλαβενιτης,12
CYP,muscat,12
CYP,vol,12
CYP,electrolite,12
CYP,brief,12
CYP,wine sweet,12
CYP,frambini,12
CYP,Молоко,12
CYP,adult diapers,12
CYP,jams,12
CYP,χοιρινο,12
CYP,seaba,12
CYP,star anise,12
CYP,4 cheese,12
CYP,alfa me,12
CYP,удлинитель,12
CYP,pix,12
CYP,cocaco,12
CYP,makrel,12
CYP,citrus h,12
CYP,black ch,12
CYP,tachi,12
CYP,shred,12
CYP,cocco,12
CYP,ear sticks,12
CYP,iod,12
CYP,Zucchini,12
CYP,soy sou,12
CYP,casb,12
CYP,multigrain,12
CYP,онурцы,12
CYP,squah,12
CYP,laundry powder,12
CYP,oat b,12
CYP,ζαχαρου,12
CYP,pasta barilla,12
CYP,monter,12
CYP,la molis,12
CYP,dones,12
CYP,itali,12
CYP,jocker,12
CYP,gass,12
CYP,corb,12
CYP,aut,12
CYP,kikko,12
CYP,olivs,12
CYP,πουρες,12
CYP,koli,12
CYP,steal,12
CYP,green ch,12
CYP,lic,12
CYP,tooth pi,12
CYP,barjomi,12
CYP,aroel,12
CYP,toilet oaper,12
CYP,που,12
CYP,cucmb,12
CYP,филадель,12
CYP,soe,12
CYP,βαμβα,12
CYP,ricec,12
CYP,inno,12
CYP,spiri,12
CYP,airwic,12
CYP,taco seasoning,12
CYP,musk,12
CYP,κεφα,12
CYP,asi,12
CYP,vali,12
CYP,sudocrem,12
CYP,Mushroom,12
CYP,elvive shampoo,12
CYP,Greek yoghurt,12
CYP,celler,12
CYP,coil,12
CYP,shampoo baby,12
CYP,winw,12
CYP,el sab,12
CYP,туалетна,12
CYP,speci,12
CYP,tommy,12
CYP,solar,12
CYP,sachet,12
CYP,bellini,12
CYP,dandruff,12
CYP,cheps,12
CYP,tet,12
CYP,shower cream,12
CYP,sarde,12
CYP,greek youg,12
CYP,red band,12
CYP,sausage pie,12
CYP,ori,12
CYP,tika,12
CYP,rece,12
CYP,λουκ,12
CYP,olikis,12
CYP,ξυδ,12
CYP,ice cof,12
CYP,taxin,12
CYP,milk rice,12
CYP,granila,12
CYP,pizza flour,12
CYP,camomille,12
CYP,pole,12
CYP,chamomile tea,12
CYP,amanamu,12
CYP,panceta,12
CYP,bute,12
CYP,shower jel,12
CYP,pema,12
CYP,hair serum,12
CYP,goat che,12
CYP,κριθαρ,12
CYP,chhese,12
CYP,double face,12
CYP,5l,12
CYP,συκ,12
CYP,paratha,12
CYP,direx,12
CYP,9v,12
CYP,antipasto,12
CYP,potetos,12
CYP,carbonated water,12
CYP,bibigo,12
CYP,салыетки,12
CYP,I've,12
CYP,бумага для,12
CYP,терка,12
CYP,deoder,12
CYP,white chocol,12
CYP,кетчу,12
CYP,layd,12
CYP,atiel,12
CYP,мороженое без сахара,12
CYP,ροδ,12
CYP,karpo,12
CYP,persi,12
CYP,body sponge,12
CYP,Brea,12
CYP,sparkle,12
CYP,oasta,12
CYP,Lactose,12
CYP,dried tomato,12
CYP,black e,12
CYP,gyoz,12
CYP,pomi,12
CYP,deode,12
CYP,стаканы,12
CYP,penguin,12
CYP,chcken,12
CYP,libres,12
CYP,terya,12
CYP,tono,12
CYP,πελτε,12
CYP,donest,12
CYP,parmezana,12
CYP,microwa,12
CYP,chocolate orange,12
CYP,fever tree,12
CYP,coolvit,12
CYP,fillets,12
CYP,χωνακι,12
CYP,caput,12
CYP,hava,12
CYP,all b,12
CYP,suggar,12
CYP,birthday cards,12
CYP,adul,12
CYP,core,12
CYP,cabanos,12
CYP,garlick,12
CYP,paper cu,12
CYP,curs,12
CYP,green t,12
CYP,qino,12
CYP,ster,12
CYP,ladi,12
CYP,Lemonade,12
CYP,handys,12
CYP,butchers,12
CYP,black eye beans,12
CYP,juoce,12
CYP,rice cooker,12
CYP,kori,12
CYP,panco,12
CYP,coriande,12
CYP,protein icecream,12
CYP,конди,12
CYP,discount,12
CYP,forest fruit,12
CYP,brunch,12
CYP,holder,12
CYP,nutri va,12
CYP,Smirnoff,12
CYP,protr,12
CYP,апельсиновый сок,12
CYP,baby yogurt,12
CYP,korres shampoo,12
CYP,wete,12
CYP,pomegrante,12
CYP,levan,12
CYP,amazing,12
CYP,spring r,12
CYP,koppaberg,12
CYP,M&,12
CYP,mango frozen,12
CYP,tima,12
CYP,binegar,12
CYP,семе,12
CYP,καπνος,12
CYP,презер,12
CYP,philo,12
CYP,vitamin d,12
CYP,dest,12
CYP,sherbet,12
CYP,white fish,12
CYP,backon,12
CYP,sqa,12
CYP,washing mashine,12
CYP,avocat,12
CYP,мармеладки,12
CYP,candles birthday,12
CYP,kota,12
CYP,paper toi,12
CYP,edes,12
CYP,luxus,12
CYP,chardo,12
CYP,paracet,12
CYP,pora,12
CYP,chino,12
CYP,milk organic,12
CYP,φοινικια,12
CYP,μηλο,12
CYP,Green beans,12
CYP,chicken breadt,12
CYP,cream crack,12
CYP,huma,12
CYP,green olives,12
CYP,beea,12
CYP,nudeln,12
CYP,ice cream sugar,12
CYP,ine,12
CYP,"milk 1,5",12
CYP,curd chee,12
CYP,mighty patch,12
CYP,frozen p,12
CYP,rgg,12
CYP,docto,12
CYP,toe,12
CYP,skew,12
CYP,slad,12
CYP,stove,12
CYP,shout,12
CYP,glows,12
CYP,pink g,12
CYP,куриное филе,12
CYP,egf,12
CYP,basin,12
CYP,tobacc,12
CYP,αση,12
CYP,μανιτα,12
CYP,pw,12
CYP,coca cola zer,12
CYP,eistee,12
CYP,kiko,12
CYP,bubble gum,12
CYP,Tissues,12
CYP,dumb,12
CYP,blood,12
CYP,turmer,12
CYP,long lasting milk,12
CYP,swim diaper,12
CYP,aroma vanilias,12
CYP,ink,12
CYP,kopparberg,12
CYP,isola,12
CYP,teriyak,12
CYP,color ca,12
CYP,water cold,12
CYP,asparag,12
CYP,turjey,12
CYP,snorkel,12
CYP,iogurt,12
CYP,tomato pu,12
CYP,shveps,12
CYP,creal,12
CYP,frosc,12
CYP,pea protein,12
CYP,baby pasta,12
CYP,mozzerella,12
CYP,lighte,12
CYP,pru,12
CYP,rabish,12
CYP,juive,12
CYP,tanqueray,12
CYP,granat,12
CYP,moroka,12
CYP,twix ice,12
CYP,bread white,12
CYP,bannana,12
CYP,choclate milk,12
CYP,aple,12
CYP,foundation,12
CYP,iberico,12
CYP,nr,12
CYP,cuder,12
CYP,scott,12
CYP,beans coffee,12
CYP,durex xl,12
CYP,bitecone,12
CYP,μπυρες,12
CYP,αχνα,12
CYP,марм,12
CYP,koffe,12
CYP,ice cream s,12
CYP,dish washe,12
CYP,ice cream ben,12
CYP,οσπρια,12
CYP,seren,12
CYP,σκλαβ,12
CYP,frozen salmon,12
CYP,desodorant,12
CYP,Fresh,12
CYP,cholo,12
CYP,Nan,12
CYP,chicken cooked,12
CYP,lemob,12
CYP,magnes,12
CYP,flip flops,12
CYP,кет,12
CYP,cheede,12
CYP,λαχανικά,12
CYP,octa,12
CYP,cocun,12
CYP,frozen you,12
CYP,fish sticks,12
CYP,cjicken,12
CYP,ner,12
CYP,Redbull,12
CYP,sra,12
CYP,floa,12
CYP,organiz,12
CYP,Γιαούρτι,12
CYP,glase,12
CYP,parmegano,12
CYP,Apricot,12
CYP,lebane,12
CYP,Kiwi,12
CYP,crunchips,12
CYP,la ro,12
CYP,chicken win,12
CYP,green olive,12
CYP,emi,12
CYP,troll,12
CYP,Instant,12
CYP,wetabix,12
CYP,Almond milk,12
CYP,aph,12
CYP,spagheti,12
CYP,μαρουλ,12
CYP,vegt,12
CYP,san peleg,12
CYP,antibacterial wipes,12
CYP,хрен,12
CYP,bronzer,12
CYP,nam,12
CYP,mleko,12
CYP,wone,12
CYP,almiro,12
CYP,τρούφα,12
CYP,Brown rice,12
CYP,κουβερτο,11
CYP,milk long life,11
CYP,fresh salmon,11
CYP,Cheetos,11
CYP,la mo,11
CYP,glowes,11
CYP,бисквит,11
CYP,зу,11
CYP,slipp,11
CYP,homos,11
CYP,light che,11
CYP,olive p,11
CYP,fahitas,11
CYP,baby sha,11
CYP,springform,11
CYP,mayonais,11
CYP,fasol,11
CYP,contact lens,11
CYP,means,11
CYP,soda wat,11
CYP,grass fed,11
CYP,o.b.,11
CYP,sun dr,11
CYP,protein mousse,11
CYP,hot w,11
CYP,strawberies,11
CYP,nev,11
CYP,Celery,11
CYP,John frieda,11
CYP,stain rem,11
CYP,l'or,11
CYP,baz,11
CYP,pastitsio,11
CYP,fah,11
CYP,mamuko,11
CYP,lactose milk,11
CYP,bottega,11
CYP,az,11
CYP,bege,11
CYP,φραουλα,11
CYP,sousa,11
CYP,tyre,11
CYP,vacuu,11
CYP,λαμπα,11
CYP,pasta sause,11
CYP,black bea,11
CYP,mr bro,11
CYP,mortad,11
CYP,barbecu,11
CYP,authentic,11
CYP,hange,11
CYP,rasins,11
CYP,bakeroll,11
CYP,ox,11
CYP,hair accessories,11
CYP,files,11
CYP,kes,11
CYP,λαδοκολα,11
CYP,brw,11
CYP,loreal shampoo,11
CYP,tai,11
CYP,sun lol,11
CYP,rice vi,11
CYP,decor,11
CYP,aerial,11
CYP,dolce,11
CYP,macad,11
CYP,delon,11
CYP,erd,11
CYP,брок,11
CYP,sunblock,11
CYP,toilet b,11
CYP,salmon frozen,11
CYP,Ali,11
CYP,Cake,11
CYP,ots,11
CYP,spur cream,11
CYP,odor,11
CYP,batista,11
CYP,sunglasses,11
CYP,σαμπουάν,11
CYP,tune,11
CYP,bluey,11
CYP,Fr,11
CYP,ceasa,11
CYP,zukini,11
CYP,vino,11
CYP,rose w,11
CYP,garlix,11
CYP,Σκλαβενίτης,11
CYP,anchovi,11
CYP,trax,11
CYP,desod,11
CYP,shirata,11
CYP,battaries,11
CYP,πουτ,11
CYP,coarse salt,11
CYP,gly,11
CYP,fish sau,11
CYP,kara coco,11
CYP,chopping board,11
CYP,bara,11
CYP,medical,11
CYP,nuddle,11
CYP,redish,11
CYP,no salt,11
CYP,chicken soup,11
CYP,smoot,11
CYP,soys,11
CYP,cucumner,11
CYP,де,11
CYP,acocado,11
CYP,rice n,11
CYP,sugar sticks,11
CYP,wette,11
CYP,turkish,11
CYP,beri,11
CYP,chocko,11
CYP,hellema,11
CYP,limoncello,11
CYP,καρβουν,11
CYP,wheatabix,11
CYP,croas,11
CYP,white chocola,11
CYP,rocka,11
CYP,ταχίνι,11
CYP,sun oil,11
CYP,restorante,11
CYP,lackman,11
CYP,coffee instant,11
CYP,Bu,11
CYP,plastic bowl,11
CYP,BREAD,11
CYP,harlic,11
CYP,green cherry,11
CYP,nektar,11
CYP,mehl,11
CYP,Le,11
CYP,barbeque sauce,11
CYP,cucamb,11
CYP,miced,11
CYP,campa,11
CYP,storage box,11
CYP,Kykkos,11
CYP,sog,11
CYP,grani,11
CYP,jas,11
CYP,baby yo,11
CYP,raviole,11
CYP,chicken li,11
CYP,αλουμινοχαρτο,11
CYP,regi,11
CYP,balsamic glaze,11
CYP,apple puree,11
CYP,κερακια,11
CYP,pasr,11
CYP,moa,11
CYP,alovera,11
CYP,Chiken,11
CYP,letchup,11
CYP,Colgate,11
CYP,red l,11
CYP,alpeo,11
CYP,beard oil,11
CYP,curd che,11
CYP,диски,11
CYP,water ball,11
CYP,watwrmelon,11
CYP,gammon,11
CYP,measuring tape,11
CYP,hipr,11
CYP,deot,11
CYP,bread crumps,11
CYP,hips,11
CYP,cartots,11
CYP,xheese,11
CYP,κεικ,11
CYP,rolton,11
CYP,ahower,11
CYP,confitioner,11
CYP,room freshner,11
CYP,kikk,11
CYP,kote,11
CYP,baby pa,11
CYP,peti,11
CYP,healthy habit,11
CYP,sosig,11
CYP,downy,11
CYP,mevga,11
CYP,tapioca,11
CYP,parmasan,11
CYP,parlament,11
CYP,cigars,11
CYP,helman,11
CYP,ба,11
CYP,печень трески,11
CYP,pivo,11
CYP,χωνα,11
CYP,τον,11
CYP,instant noodle,11
CYP,шоко,11
CYP,sirach,11
CYP,frozen garlic,11
CYP,flat bread,11
CYP,ромашка,11
CYP,mint chocolate,11
CYP,90,11
CYP,nappie,11
CYP,hoc,11
CYP,oyst,11
CYP,battar,11
CYP,λουτζα,11
CYP,fage yogurt,11
CYP,ketcha,11
CYP,yoghurt light,11
CYP,burger bu,11
CYP,mister,11
CYP,geta,11
CYP,giaourti,11
CYP,zero sug,11
CYP,hyg,11
CYP,tooh,11
CYP,duct,11
CYP,kiddi,11
CYP,frozen youg,11
CYP,μπέικον,11
CYP,icos,11
CYP,sesami,11
CYP,καρβουνακια,11
CYP,paata,11
CYP,teriak,11
CYP,m m,11
CYP,moistur,11
CYP,принглс,11
CYP,buttrr,11
CYP,maker,11
CYP,zaflora,11
CYP,minst,11
CYP,monstr,11
CYP,creamcheese,11
CYP,birthday can,11
CYP,frisogro,11
CYP,μπισκοτ,11
CYP,yogutt,11
CYP,gluten free beer,11
CYP,funky fluid,11
CYP,shef,11
CYP,kous,11
CYP,ocra,11
CYP,xhicken,11
CYP,bio sun,11
CYP,rou,11
CYP,argan oil,11
CYP,aktivia,11
CYP,toilet clea,11
CYP,napoli,11
CYP,vegitable,11
CYP,κεφαλοτυρι,11
CYP,kash,11
CYP,food storage,11
CYP,red curry,11
CYP,flea,11
CYP,belvedere,11
CYP,pical,11
CYP,νουτ,11
CYP,momo,11
CYP,chaloumi,11
CYP,μπεσα,11
CYP,пряник,11
CYP,super market,11
CYP,chewing gums,11
CYP,oet,11
CYP,μασκα,11
CYP,hotwheels,11
CYP,бе,11
CYP,glass bottle,11
CYP,ice cream zero sugar,11
CYP,tomato pur,11
CYP,katerin,11
CYP,peelerz,11
CYP,μπαλόνια,11
CYP,avocando,11
CYP,teddy,11
CYP,frozen strawberr,11
CYP,libr,11
CYP,rice bar,11
CYP,diah,11
CYP,orchid,11
CYP,pet shop,11
CYP,English tea,11
CYP,каруста,11
CYP,eags,11
CYP,washing soap,11
CYP,ultre,11
CYP,stan,11
CYP,Cauliflower,11
CYP,ουζο,11
CYP,gliten free,11
CYP,goats milk,11
CYP,my planet,11
CYP,elgy,11
CYP,Burger,11
CYP,spicy sauce,11
CYP,fenu,11
CYP,outdoor,11
CYP,1664,11
CYP,human,11
CYP,lix,11
CYP,cretan,11
CYP,diced,11
CYP,uncle be,11
CYP,arom,11
CYP,gum tooth,11
CYP,protein dr,11
CYP,ice cream sugar free,11
CYP,jem,11
CYP,frozen blueb,11
CYP,pelar,11
CYP,parke,11
CYP,biosun,11
CYP,opti,11
CYP,giros,11
CYP,mop liquid,11
CYP,radiah,11
CYP,baby mil,11
CYP,weta,11
CYP,kids shower,11
CYP,ρυζόγαλο,11
CYP,Oranges,11
CYP,cake flour,11
CYP,callofit,11
CYP,влажная,11
CYP,Oregano,11
CYP,Dettol wipes,11
CYP,soi,11
CYP,pickes,11
CYP,pork mi,11
CYP,stawberry,11
CYP,Sweet,11
CYP,squishies,11
CYP,toilet papet,11
CYP,desi,11
CYP,Peas,11
CYP,meance,11
CYP,πορτο,11
CYP,strepsil,11
CYP,ρολό,11
CYP,lashes,11
CYP,beanz,11
CYP,red hot,11
CYP,light brown,11
CYP,riaba,11
CYP,απ,11
CYP,waterwipes,11
CYP,манная,11
CYP,toorh,11
CYP,urea,11
CYP,yum earth,11
CYP,λαζα,11
CYP,waffel,11
CYP,ships,11
CYP,crispies,11
CYP,maska,11
CYP,triantafillo,11
CYP,taramasalata,11
CYP,chicken m,11
CYP,мак,11
CYP,no sugar biscuits,11
CYP,βαφή,11
CYP,tomato ketchup,11
CYP,σοκολάτες,11
CYP,heavy cr,11
CYP,nature v,11
CYP,sponge cloth,11
CYP,soya vanilla,11
CYP,мандарины,11
CYP,spanish,11
CYP,wholew,11
CYP,ζαχαρο,11
CYP,muz,11
CYP,bats,11
CYP,ferrer,11
CYP,leom,11
CYP,ice crw,11
CYP,wap,11
CYP,kan,11
CYP,tea towel,11
CYP,psil,11
CYP,pumar,11
CYP,porn,11
CYP,томатный соус,11
CYP,champig,11
CYP,biosaur,11
CYP,fabric con,11
CYP,haur,11
CYP,species,11
CYP,alokozay,11
CYP,konja,11
CYP,keloggs,11
CYP,clement,11
CYP,diroll,11
CYP,prossec,11
CYP,κουτα,11
CYP,quake,11
CYP,salmon fresh,11
CYP,cruas,11
CYP,Onions,11
CYP,vermice,11
CYP,γλυκοπα,11
CYP,сыр творожный,11
CYP,pizzq,11
CYP,green chill,11
CYP,baby fresh,11
CYP,dampl,11
CYP,plastic pla,11
CYP,tumer,11
CYP,porato,11
CYP,sourouti,11
CYP,spaggetti,11
CYP,crunchie,11
CYP,double tape,11
CYP,Do,11
CYP,scotc,11
CYP,φαρ,11
CYP,flavo,11
CYP,kindee,11
CYP,bresd,11
CYP,zuchin,11
CYP,mango ch,11
CYP,minsed,11
CYP,chicola,11
CYP,menthol,11
CYP,αλλαντικά,11
CYP,vanilla protein,11
CYP,cockt,11
CYP,κουλο,11
CYP,gram,11
CYP,Oli,11
CYP,schoko,11
CYP,giro,11
CYP,spea,11
CYP,eo,11
CYP,nik,11
CYP,poe,11
CYP,depd,11
CYP,γλυκοπ,11
CYP,πετρ,11
CYP,μπαλονια,11
CYP,energi drink,11
CYP,tetl,11
CYP,baby pants,11
CYP,slim noodles,11
CYP,консервы,11
CYP,piccol,11
CYP,gazella,11
CYP,frize,11
CYP,table cloth,11
CYP,magnum mini,11
CYP,thon,11
CYP,γιαπυρτι,11
CYP,moscat,11
CYP,rice cri,11
CYP,сель,11
CYP,make up remo,11
CYP,kechup,11
CYP,timato,11
CYP,nex,11
CYP,ice scream,11
CYP,piping,11
CYP,gilete,11
CYP,ping pong,11
CYP,κουνουπι,11
CYP,salte,11
CYP,shwepps,11
CYP,cod fillet,11
CYP,mitside,11
CYP,ριζογαλο,11
CYP,supplements,11
CYP,аво,11
CYP,hun,11
CYP,nivea body,11
CYP,Barbie,11
CYP,uv,11
CYP,перцы,11
CYP,τσιγ,11
CYP,salamo,11
CYP,masa,11
CYP,eggs white,11
CYP,carioca,11
CYP,sunc,11
CYP,kur,11
CYP,neck,11
CYP,duplo,11
CYP,Blueberry,11
CYP,rat,11
CYP,curcuma,11
CYP,koze,11
CYP,nose strips,11
CYP,weiss,11
CYP,lemonda,11
CYP,domestoa,11
CYP,Whiskas,11
CYP,euro,11
CYP,Steak,11
CYP,green appl,11
CYP,allin,11
CYP,Tony,11
CYP,maybel,11
CYP,Brown,11
CYP,wavel,11
CYP,duo,11
CYP,klenex,11
CYP,showe gel,11
CYP,nikolaos,11
CYP,morok,11
CYP,watermelons,11
CYP,trad,11
CYP,fel,11
CYP,multipurpose,11
CYP,bellpepper,11
CYP,corn beef,11
CYP,pink lemo,11
CYP,χαρτοπ,11
CYP,carroy,11
CYP,crackets,11
CYP,Parm,11
CYP,shampoo man,11
CYP,lite beer,11
CYP,Papafilipou,11
CYP,snacs,11
CYP,San pel,11
CYP,carc,11
CYP,beef steak,11
CYP,cleaning floor,11
CYP,yoghurt lactose free,11
CYP,καθαρ,11
CYP,ск,11
CYP,mammos,11
CYP,sanpelle,11
CYP,splash,11
CYP,βαλσα,11
CYP,pamperd,11
CYP,eas,11
CYP,floor liquid,11
CYP,шампи,11
CYP,did,11
CYP,zephyr,11
CYP,σαρδέλες,11
CYP,solution,11
CYP,medjo,11
CYP,red c,11
CYP,keyo,11
CYP,sto fourno,11
CYP,cinoa,11
CYP,papadopoulo,11
CYP,grapefruit juice,11
CYP,treseme,11
CYP,ist,11
CYP,sevendays,11
CYP,рулон,11
CYP,λάμπα,11
CYP,spy,11
CYP,black b,11
CYP,juis,11
CYP,chili sauce,11
CYP,mouse trap,11
CYP,kalo,11
CYP,permanent,11
CYP,bap,11
CYP,frozen mix,11
CYP,даваш,11
CYP,beef fillet,11
CYP,inter,11
CYP,chiro,11
CYP,eine,11
CYP,acr,11
CYP,gallo,11
CYP,cologne,11
CYP,delicate,11
CYP,spagget,11
CYP,rukkola,11
CYP,b22,11
CYP,kids yog,11
CYP,doap,11
CYP,kolbasa,11
CYP,kanel,11
CYP,striploin,11
CYP,τσιπ,11
CYP,fine,11
CYP,ibu,11
CYP,ρυζογκ,11
CYP,pharm,11
CYP,yoggirs,11
CYP,fresh j,11
CYP,supermar,11
CYP,micro usb,11
CYP,multivitamin,11
CYP,bali,11
CYP,cooke,11
CYP,minecraft,11
CYP,amore,11
CYP,philadelf,11
CYP,Yogu,11
CYP,sraw,11
CYP,baby spin,11
CYP,lindor,11
CYP,monk fruit,11
CYP,shak,11
CYP,tefa,11
CYP,blackb,11
CYP,fore,11
CYP,bron,11
CYP,chockolate,11
CYP,strwa,11
CYP,cheese string,11
CYP,nail clippers,11
CYP,savoy,11
CYP,morf,11
CYP,bees bros,11
CYP,дезод,11
CYP,lenir,11
CYP,chopping,11
CYP,cokies,11
CYP,YOGURT,11
CYP,prota,11
CYP,hony,11
CYP,beads,11
CYP,sparklinh,11
CYP,colour c,11
CYP,strawberry juice,11
CYP,kesses,11
CYP,allro,11
CYP,provolone,11
CYP,jue,11
CYP,fiori,11
CYP,го,11
CYP,rukola,11
CYP,nail poli,11
CYP,alb,11
CYP,dza,11
CYP,body so,11
CYP,jolly,11
CYP,sun dried tomatoes,11
CYP,lemon kean,11
CYP,καλαμπόκι,11
CYP,frozen raspberries,11
CYP,kith,11
CYP,hammer,11
CYP,puf,11
CYP,ben&,11
CYP,Kellogg,11
CYP,yogurt ice cream,11
CYP,kountropos,11
CYP,maion,11
CYP,patron,11
CYP,laban,11
CYP,kec,11
CYP,persefoni,11
CYP,rugge,11
CYP,Activia,11
CYP,microw,11
CYP,confl,11
CYP,english tea,11
CYP,green oni,11
CYP,arroz,11
CYP,cookin,11
CYP,monster mango,11
CYP,letus,11
CYP,tootj,11
CYP,tild,11
CYP,овсяная,11
CYP,κερασι,11
CYP,apple vine,11
CYP,doshwasher,11
CYP,deink,11
CYP,crust,11
CYP,garbe,11
CYP,μαγ,11
CYP,caron,11
CYP,hendri,11
CYP,разрых,11
CYP,zero sauce,11
CYP,horseradish,11
CYP,bread protein,11
CYP,organizer,11
CYP,natures garden,11
CYP,elastic,11
CYP,toilwt,11
CYP,Towel,11
CYP,Bacardi,11
CYP,dry fish,11
CYP,black hair,11
CYP,chillato,11
CYP,authentic greek,11
CYP,κασέρι,11
CYP,куриное,11
CYP,ginger garlic,11
CYP,goat mi,11
CYP,Stevie,11
CYP,bask,11
CYP,fennel seeds,11
CYP,bouga,11
CYP,buble,11
CYP,100%,11
CYP,barbel,11
CYP,pepper paste,11
CYP,ψωμη,11
CYP,water big,11
CYP,сладкое,11
CYP,skoupa,11
CYP,spoon plastic,11
CYP,beckma,11
CYP,elsa,11
CYP,floar,11
CYP,baby d,11
CYP,sv,11
CYP,dark chocolate chips,11
CYP,beef jerkey,11
CYP,zitrone,11
CYP,paper r,11
CYP,hain,11
CYP,smoothi,11
CYP,moya,11
CYP,αναψυκτικα,11
CYP,панировка,11
CYP,hair die,11
CYP,ms,11
CYP,deodorant spray,11
CYP,сухой,11
CYP,кок,11
CYP,seasonings,11
CYP,ανθ,11
CYP,heinz beans,11
CYP,газированная,11
CYP,always ultra,11
CYP,lp,11
CYP,spray for,11
CYP,chicken meat,11
CYP,olymbos,11
CYP,wiper,11
CYP,му,11
CYP,viking,11
CYP,Protein bar,11
CYP,fumi,11
CYP,snackin,11
CYP,beer non alcoholic,11
CYP,la vache qui rit,11
CYP,digestive bar,11
CYP,tabacc,11
CYP,mayonna,11
CYP,прокла,11
CYP,black choc,11
CYP,mc cain,11
CYP,Σκλα,11
CYP,pitatoes,11
CYP,laughing,11
CYP,бедра,11
CYP,loc,11
CYP,кнфир,11
CYP,fruit ice,11
CYP,ice cream kinder,11
CYP,cp,11
CYP,aphro,11
CYP,wurst,11
CYP,vag,11
CYP,Coconut milk,11
CYP,wit,11
CYP,iceburg,11
CYP,chocholate,11
CYP,electrolyt,11
CYP,крабо,11
CYP,Gel,11
CYP,chal,11
CYP,erdin,11
CYP,cucber,11
CYP,cheek,11
CYP,steel wool,11
CYP,Li,11
CYP,baby di,11
CYP,pampers 2,11
CYP,ice cream mini,11
CYP,κεφαλ,11
CYP,oat f,11
CYP,Spaghetti,11
CYP,roasted almonds,11
CYP,breakf,11
CYP,selino,11
CYP,Nuggets,11
CYP,iphone cable,11
CYP,malib,11
CYP,pall,11
CYP,sac,11
CYP,plain yogurt,11
CYP,χαρου,11
CYP,whiped,11
CYP,apricot jam,11
CYP,antibacter,11
CYP,dishwashin,11
CYP,butter milk,11
CYP,τορ,11
CYP,hotdo,11
CYP,enzyme,11
CYP,sun lotion,11
CYP,nitella,11
CYP,helm,11
CYP,baby c,11
CYP,петру,11
CYP,grigorio,11
CYP,ironi,11
CYP,Gluten,11
CYP,alamp,11
CYP,сырники,11
CYP,bonne,11
CYP,bist,11
CYP,coffee f,11
CYP,alevri,11
CYP,allulose,11
CYP,ries,11
CYP,yugart,11
CYP,rw,11
CYP,tricol,11
CYP,бере,11
CYP,megg,11
CYP,kristis,11
CYP,hoeg,11
CYP,saf,11
CYP,letucce,11
CYP,jh,11
CYP,eatle,11
CYP,castania,11
CYP,σαρδε,11
CYP,овсяные хлопья,11
CYP,picni,11
CYP,βρω,11
CYP,high p,11
CYP,porc,11
CYP,tequila rose,11
CYP,meta,11
CYP,μωρομαντιλα,11
CYP,kaffe,11
CYP,water w,11
CYP,marke,11
CYP,Bee,11
CYP,τυρί light,11
CYP,cheec,11
CYP,banda,11
CYP,wape,11
CYP,peca,11
CYP,coffeema,11
CYP,fried onion,11
CYP,protein c,11
CYP,peta,11
CYP,sushi ri,11
CYP,aubergines,11
CYP,yogua,11
CYP,ajaz,11
CYP,pantyliners,11
CYP,betroo,11
CYP,ran,11
CYP,pau,11
CYP,Avo,11
CYP,whipe,11
CYP,souvl,11
CYP,crossaint,11
CYP,greek yoghu,11
CYP,ροδοστ,11
CYP,estr,11
CYP,pastou,11
CYP,sprout,11
CYP,papafilipo,11
CYP,фунчоза,11
CYP,Diapers,11
CYP,patte,11
CYP,wahing,11
CYP,penut butter,11
CYP,zaziki,11
CYP,bil,11
CYP,vapo,11
CYP,rice bas,11
CYP,sugar fr,11
CYP,keba,11
CYP,usn,11
CYP,ροδακινα,11
CYP,super glu,11
CYP,hend,11
CYP,mazarella,11
CYP,blue c,11
CYP,food to go,11
CYP,tonic wa,11
CYP,баунти,11
CYP,белок,11
CYP,evover,11
CYP,air pump,11
CYP,seawee,11
CYP,кондиционер для волос,11
CYP,glace,11
CYP,bubble wrap,11
CYP,beer corona,11
CYP,vegab,11
CYP,pimento,11
CYP,blie,11
CYP,duda,11
CYP,fresh strawberries,11
CYP,zag,11
CYP,shower hel,11
CYP,vanilla yo,11
CYP,yiolanda,11
CYP,моцаре,11
CYP,dee,11
CYP,tef,11
CYP,low cal,11
CYP,παξιμαδ,11
CYP,pomsticks,11
CYP,hand sani,11
CYP,ribena,11
CYP,shiwer gel,11
CYP,coca cola z,11
CYP,Prot,11
CYP,bret,11
CYP,майон,11
CYP,blackberr,11
CYP,tarta,11
CYP,falafe,11
CYP,ват,11
CYP,coffee s,11
CYP,wet toil,11
CYP,shis,11
CYP,vermo,11
CYP,meat beef,11
CYP,orange juce,11
CYP,Cig,11
CYP,Tvorog,11
CYP,west,11
CYP,couv,11
CYP,gummy bear,11
CYP,energy d,11
CYP,hot water bottle,11
CYP,pizza d,11
CYP,noud,11
CYP,gluten free pizza,11
CYP,nude,11
CYP,vepo edam,11
CYP,citrus juice,11
CYP,cucambers,11
CYP,αλφα,11
CYP,vegan burger,11
CYP,ving,11
CYP,pea milk,11
CYP,cockta,11
CYP,shrira,11
CYP,клубни,11
CYP,gummie,11
CYP,pledge,11
CYP,lemor,11
CYP,rif,11
CYP,sensodyn,11
CYP,koul,11
CYP,goat chee,11
CYP,arizo,11
CYP,yogurd,11
CYP,facemask,11
CYP,cornichons,11
CYP,paci,11
CYP,diet cracker,11
CYP,patr,11
CYP,мандарин,11
CYP,rice ch,11
CYP,kinder pin,11
CYP,vic,11
CYP,fruity,11
CYP,cooking pot,11
CYP,jerks,11
CYP,ketcu,11
CYP,thymari,11
CYP,chps,11
CYP,sparcling,11
CYP,harribo,11
CYP,psylium,11
CYP,Ion,11
CYP,icream,11
CYP,latt,11
CYP,coocki,10
CYP,fluor,10
CYP,sandwic,10
CYP,shwer,10
CYP,envelopes,10
CYP,Curd,10
CYP,akax,10
CYP,soy so,10
CYP,goat m,10
CYP,seri,10
CYP,essig,10
CYP,chicken frozen,10
CYP,serial,10
CYP,трюфель,10
CYP,апе,10
CYP,cats food,10
CYP,maji,10
CYP,revitalift,10
CYP,moven,10
CYP,Trash,10
CYP,sugar f,10
CYP,Rio mare,10
CYP,Korres,10
CYP,washing mas,10
CYP,τοματ,10
CYP,Coffe,10
CYP,electo,10
CYP,waxing,10
CYP,mato,10
CYP,desser,10
CYP,Alion,10
CYP,rega,10
CYP,beef st,10
CYP,semi sweet,10
CYP,hungry,10
CYP,dry fru,10
CYP,Pop corn,10
CYP,plov,10
CYP,jeo,10
CYP,τομ,10
CYP,blue b,10
CYP,σο,10
CYP,kolokasi,10
CYP,kinder chocolate,10
CYP,μπριζ,10
CYP,ear cotton,10
CYP,kpi kpi,10
CYP,pasta cheese,10
CYP,αγια σκεπη,10
CYP,reggis,10
CYP,dr b,10
CYP,ξυραφάκια,10
CYP,arkad,10
CYP,eipes,10
CYP,mr bin,10
CYP,naylon,10
CYP,tup,10
CYP,poms,10
CYP,stoc,10
CYP,mixed vege,10
CYP,kartoffeln,10
CYP,tsama,10
CYP,toilett paper,10
CYP,kettle chips,10
CYP,floyr,10
CYP,rice par,10
CYP,колла,10
CYP,stawberr,10
CYP,jalapeños,10
CYP,tuekey,10
CYP,bio kill,10
CYP,noi,10
CYP,bolognaise,10
CYP,bond repair,10
CYP,shiraz,10
CYP,cocta,10
CYP,suitcase,10
CYP,plastic straw,10
CYP,lountzaki,10
CYP,gig,10
CYP,banaba,10
CYP,covonut,10
CYP,watermalon,10
CYP,chicken seas,10
CYP,stawb,10
CYP,humb,10
CYP,cigrate,10
CYP,koo,10
CYP,fizz,10
CYP,penuts,10
CYP,mr brownie,10
CYP,cace,10
CYP,cat dry food,10
CYP,fruit yo,10
CYP,pott,10
CYP,bananen,10
CYP,round,10
CYP,сушки,10
CYP,borodin,10
CYP,ριζοτο,10
CYP,peanut oil,10
CYP,60,10
CYP,milano,10
CYP,гель для ду,10
CYP,St,10
CYP,kelog,10
CYP,bataries,10
CYP,cocnu,10
CYP,bread sli,10
CYP,zipper bags,10
CYP,laundry bag,10
CYP,κοκα κολα,10
CYP,olastic,10
CYP,gaskets,10
CYP,masticha,10
CYP,resistance band,10
CYP,cherry tomat,10
CYP,non-alcohol,10
CYP,luntza,10
CYP,muse,10
CYP,floats,10
CYP,σταφυ,10
CYP,yiola,10
CYP,sun c,10
CYP,Tabasco,10
CYP,raser,10
CYP,happ,10
CYP,chocolade,10
CYP,papou,10
CYP,pimple patches,10
CYP,φρε,10
CYP,pringls,10
CYP,red fish,10
CYP,recycling bags,10
CYP,Maybelline,10
CYP,salted salmon,10
CYP,conch,10
CYP,absorber,10
CYP,codf,10
CYP,λεμονα,10
CYP,black pen,10
CYP,колба,10
CYP,вода газированная,10
CYP,Diaper,10
CYP,goodfellas,10
CYP,isoton,10
CYP,always night,10
CYP,body c,10
CYP,poure,10
CYP,chocolatr,10
CYP,ξη,10
CYP,hotd,10
CYP,livadiotis,10
CYP,korees,10
CYP,decad,10
CYP,alwaya,10
CYP,eye drops,10
CYP,ciggar,10
CYP,cheese ched,10
CYP,bateries,10
CYP,nikolas,10
CYP,σταφι,10
CYP,herrin,10
CYP,yoc,10
CYP,karrot,10
CYP,zero alcohol,10
CYP,deodra,10
CYP,τσιπουρα,10
CYP,nicol,10
CYP,wholemeal bread,10
CYP,chily,10
CYP,nature val,10
CYP,face masks,10
CYP,buttr,10
CYP,granu,10
CYP,taco spice,10
CYP,poridge,10
CYP,babt,10
CYP,kum,10
CYP,κρέμα γαλα,10
CYP,dark beer,10
CYP,soark,10
CYP,snaxk,10
CYP,permanent marker,10
CYP,organic chicken,10
CYP,pissourkotiko,10
CYP,light soy,10
CYP,puppy pads,10
CYP,псиллиум,10
CYP,Rose wine,10
CYP,instick,10
CYP,vermicel,10
CYP,семена чиа,10
CYP,gir,10
CYP,петр,10
CYP,margerine,10
CYP,pasturma,10
CYP,туалетная бу,10
CYP,Dubai,10
CYP,таоро,10
CYP,lemonde,10
CYP,cold coff,10
CYP,ear plug,10
CYP,feminine,10
CYP,parsnip,10
CYP,cilit bang,10
CYP,veer,10
CYP,wheetabix,10
CYP,cong,10
CYP,buffa,10
CYP,tufo,10
CYP,nessp,10
CYP,rice kris,10
CYP,bica,10
CYP,yogard,10
CYP,ily,10
CYP,chocolate 100,10
CYP,green o,10
CYP,σαλατ,10
CYP,musse,10
CYP,детское питание,10
CYP,movenpick,10
CYP,cuv,10
CYP,alchohol,10
CYP,dashi,10
CYP,amar,10
CYP,μπύρες,10
CYP,papafilipou ice cream,10
CYP,mio,10
CYP,dr o,10
CYP,cream caramel,10
CYP,mocc,10
CYP,tomto,10
CYP,yogou,10
CYP,απορρυπαντικό,10
CYP,persley,10
CYP,dp,10
CYP,h bags,10
CYP,цветы,10
CYP,chicken spices,10
CYP,danine,10
CYP,bubble tea,10
CYP,keb,10
CYP,persl,10
CYP,surop,10
CYP,tarti,10
CYP,frozen meal,10
CYP,alina,10
CYP,summ,10
CYP,σκου,10
CYP,gull,10
CYP,Snack,10
CYP,currant,10
CYP,συ,10
CYP,скалка,10
CYP,toli,10
CYP,ion pro,10
CYP,souvlak,10
CYP,lacr,10
CYP,ola,10
CYP,teix,10
CYP,чип,10
CYP,teabags,10
CYP,mpamies,10
CYP,loacke,10
CYP,свеч,10
CYP,extra virgin olive oil,10
CYP,bonbon,10
CYP,cocacol,10
CYP,white bean,10
CYP,supergl,10
CYP,cogna,10
CYP,green salad,10
CYP,FIFA,10
CYP,чесн,10
CYP,9%,10
CYP,light yogurt,10
CYP,pop corn microwave,10
CYP,гель дл,10
CYP,кревет,10
CYP,fish oil,10
CYP,multic,10
CYP,шокол,10
CYP,πελτες,10
CYP,tent,10
CYP,contitioner,10
CYP,face ma,10
CYP,shor,10
CYP,cracket,10
CYP,Red pepper,10
CYP,krem,10
CYP,sheep yog,10
CYP,linder,10
CYP,cutle,10
CYP,strawberry fresh,10
CYP,pappa,10
CYP,μπαρμπα,10
CYP,κουνες,10
CYP,jerry,10
CYP,s.pelle,10
CYP,monim,10
CYP,babay,10
CYP,tweez,10
CYP,flaour,10
CYP,lych,10
CYP,turkeu,10
CYP,rice crisp,10
CYP,frozen potat,10
CYP,alfame,10
CYP,aoft,10
CYP,от муравьев,10
CYP,m&m’,10
CYP,sida,10
CYP,long lasting,10
CYP,tzatzik,10
CYP,wooden spoon,10
CYP,trachanas,10
CYP,tilz,10
CYP,almomd,10
CYP,taro,10
CYP,тряпк,10
CYP,curly fries,10
CYP,wilton,10
CYP,beer mix,10
CYP,πορτοκ,10
CYP,shell,10
CYP,cardamo,10
CYP,sist,10
CYP,koto,10
CYP,chito,10
CYP,φυστικοβου,10
CYP,vola,10
CYP,snitzel,10
CYP,facial tissues,10
CYP,σαλάμι,10
CYP,travel kit,10
CYP,dried apricot,10
CYP,cana,10
CYP,espres,10
CYP,кабанос,10
CYP,Ben &,10
CYP,sugar free chocolate,10
CYP,raw nuts,10
CYP,cidr,10
CYP,come zero,10
CYP,тряп,10
CYP,rose sq,10
CYP,wafle,10
CYP,mish,10
CYP,sun flo,10
CYP,molo,10
CYP,beer alcohol,10
CYP,mighty kitchen,10
CYP,water 10L,10
CYP,Mascarpone,10
CYP,natura sibe,10
CYP,wiles,10
CYP,κουταλακια,10
CYP,seed of h,10
CYP,мине,10
CYP,pussy,10
CYP,chilled water,10
CYP,γιαού,10
CYP,tuli,10
CYP,tiram,10
CYP,dry bread,10
CYP,motsare,10
CYP,natura sib,10
CYP,souplin,10
CYP,neut,10
CYP,eggs free,10
CYP,zeri,10
CYP,tsia,10
CYP,whiskas canned,10
CYP,tann,10
CYP,Hand soap,10
CYP,bulbs,10
CYP,meats,10
CYP,goj,10
CYP,morokanella,10
CYP,Razor,10
CYP,hair pro,10
CYP,wheeta,10
CYP,kafes,10
CYP,Heinz,10
CYP,beo,10
CYP,pahit,10
CYP,plugs,10
CYP,tomazou,10
CYP,roll kitchen,10
CYP,soother,10
CYP,rice cereal,10
CYP,thermom,10
CYP,platic,10
CYP,plom,10
CYP,catsan,10
CYP,De,10
CYP,wer wipes,10
CYP,whiteglo,10
CYP,prs,10
CYP,темный шоколад,10
CYP,sour pat,10
CYP,seba,10
CYP,ватн,10
CYP,gazela,10
CYP,Pet,10
CYP,craft,10
CYP,eggs organic,10
CYP,skotch,10
CYP,mustard seeds,10
CYP,fing,10
CYP,kri kri frozen yogurt,10
CYP,shampou,10
CYP,blur,10
CYP,ipn,10
CYP,mollica,10
CYP,ψωμι ολικης,10
CYP,white vineg,10
CYP,canned beef,10
CYP,нектарины,10
CYP,chiken fillet,10
CYP,nail cutter,10
CYP,skim,10
CYP,milk coc,10
CYP,ψάρι,10
CYP,cotton cheese,10
CYP,colour catc,10
CYP,sov,10
CYP,πλ,10
CYP,красная рыба,10
CYP,reb,10
CYP,tight,10
CYP,sweet chilly,10
CYP,huel,10
CYP,perio,10
CYP,cheese cak,10
CYP,βουτιρο,10
CYP,air fresher,10
CYP,Fresh cream,10
CYP,wagyu,10
CYP,jho,10
CYP,cruto,10
CYP,nutme,10
CYP,shovel,10
CYP,garlic mayo,10
CYP,rice noodl,10
CYP,Wat,10
CYP,cauliflo,10
CYP,perroer,10
CYP,can opener,10
CYP,karo,10
CYP,bona,10
CYP,соленые огурцы,10
CYP,борж,10
CYP,toffee,10
CYP,tenderloin,10
CYP,tuna rio,10
CYP,koko milk,10
CYP,hans,10
CYP,mahalepi,10
CYP,haz,10
CYP,floko,10
CYP,Matcha,10
CYP,tsangarides,10
CYP,baby plan,10
CYP,ρο,10
CYP,cue,10
CYP,pearl barley,10
CYP,kids toothpaste,10
CYP,hazelnut coffee,10
CYP,satis,10
CYP,Jelly,10
CYP,nep,10
CYP,queijo,10
CYP,dried apricots,10
CYP,disheasher,10
CYP,grilman,10
CYP,аджика,10
CYP,ватны,10
CYP,crip,10
CYP,kindet,10
CYP,garluc,10
CYP,Alp,10
CYP,node,10
CYP,stracc,10
CYP,zero sprite,10
CYP,φεττ,10
CYP,Ice crea,10
CYP,deioni,10
CYP,soft king,10
CYP,соусы,10
CYP,cream chease,10
CYP,desinfectant,10
CYP,yogies,10
CYP,μακαρονι,10
CYP,кру,10
CYP,tzi,10
CYP,shampoo curly,10
CYP,koupepia,10
CYP,μαλακτι,10
CYP,asto,10
CYP,militzis,10
CYP,σαπου,10
CYP,Sunflower,10
CYP,pasteli,10
CYP,repell,10
CYP,дук,10
CYP,toilet papers,10
CYP,non stick,10
CYP,Aperol,10
CYP,mini water,10
CYP,oppo,10
CYP,kitt,10
CYP,αφ,10
CYP,прокладк,10
CYP,systema,10
CYP,jelly 0%,10
CYP,Alcohol,10
CYP,Chilli,10
CYP,bitter melon,10
CYP,elvive conditioner,10
CYP,galata,10
CYP,ceramic,10
CYP,manchego,10
CYP,froufrou,10
CYP,kahlua,10
CYP,jim,10
CYP,squee,10
CYP,ambr,10
CYP,popsicles,10
CYP,twist,10
CYP,go ah,10
CYP,pando,10
CYP,traxanas,10
CYP,porcini,10
CYP,hair m,10
CYP,матча,10
CYP,meatbal,10
CYP,sad,10
CYP,βρ,10
CYP,proshuto,10
CYP,molt,10
CYP,grated c,10
CYP,ny,10
CYP,alas,10
CYP,jelly 0,10
CYP,kic,10
CYP,smoked turk,10
CYP,turt,10
CYP,ioan,10
CYP,nescafe decaf,10
CYP,fairy li,10
CYP,μπρ,10
CYP,чйца,10
CYP,baking powd,10
CYP,Pineapple,10
CYP,Σερβιέτες,10
CYP,cocum,10
CYP,iat,10
CYP,lec,10
CYP,свек,10
CYP,пряники,10
CYP,γραβιερα,10
CYP,coconut juice,10
CYP,gara,10
CYP,onin,10
CYP,cypru,10
CYP,serg,10
CYP,сгуще,10
CYP,pitas,10
CYP,challoumi,10
CYP,votka,10
CYP,tinned tomatoes,10
CYP,spit,10
CYP,cache,10
CYP,smoked tur,10
CYP,print,10
CYP,hung,10
CYP,τριμα,10
CYP,zorpa,10
CYP,radis,10
CYP,almiron 3,10
CYP,lense,10
CYP,πετρελαιο,10
CYP,ψωμακια,10
CYP,inflatable pool,10
CYP,куриная грудка,10
CYP,κουοπουλο,10
CYP,makeup re,10
CYP,three cents,10
CYP,cocs,10
CYP,масло оли,10
CYP,anati,10
CYP,диффузор,10
CYP,Gum,10
CYP,leite,10
CYP,paper ro,10
CYP,atun,10
CYP,alma,10
CYP,dove bar,10
CYP,flex,10
CYP,kithen,10
CYP,vibra,10
CYP,microwave rice,10
CYP,σφουγγαρακια,10
CYP,toothbrash,10
CYP,hipp milk,10
CYP,cold water,10
CYP,infl,10
CYP,mahal,10
CYP,lott,10
CYP,ανηθο,10
CYP,glasse,10
CYP,etosha,10
CYP,organic egg,10
CYP,double sided tape,10
CYP,hair clips,10
CYP,mozzarella light,10
CYP,baby spi,10
CYP,moap,10
CYP,Citr,10
CYP,lemn,10
CYP,buttons,10
CYP,apa,10
CYP,spat,10
CYP,emen,10
CYP,pampers p,10
CYP,pectin,10
CYP,фар,10
CYP,quakers,10
CYP,amigo,10
CYP,для мытья посуды,10
CYP,Bread crumbs,10
CYP,zorka,10
CYP,τορτιγια,10
CYP,cata,10
CYP,ice cream,10
CYP,buzz,10
CYP,baterry,10
CYP,ful,10
CYP,energy dr,10
CYP,colander,10
CYP,μελιτζανες,10
CYP,πουτι,10
CYP,delacy,10
CYP,dishwashi,10
CYP,dog toys,10
CYP,famta,10
CYP,barista milk,10
CYP,glur,10
CYP,musg,10
CYP,ear clean,10
CYP,alrpo,10
CYP,pras,10
CYP,termo,10
CYP,Mi,10
CYP,Chic,10
CYP,ры,10
CYP,skir,10
CYP,chicken mi,10
CYP,lays maxx,10
CYP,tiret,10
CYP,quav,10
CYP,backn,10
CYP,sambu,10
CYP,spring water,10
CYP,seeds of happiness,10
CYP,body sp,10
CYP,σιταρι,10
CYP,wireless,10
CYP,greek joghurt,10
CYP,Pip,10
CYP,ozo,10
CYP,yoghurt 2,10
CYP,casa,10
CYP,insecticide,10
CYP,gen,10
CYP,confor,10
CYP,fudge,10
CYP,smoked s,10
CYP,kelogs,10
CYP,фери,10
CYP,bala,10
CYP,φακε,10
CYP,instant coff,10
CYP,mixed ve,10
CYP,blackbe,10
CYP,veggi,10
CYP,pock,10
CYP,σουβλακι,10
CYP,loukaniko,10
CYP,kaka,10
CYP,смеиана,10
CYP,nera,10
CYP,medicube,10
CYP,цезарь,10
CYP,onion ring,10
CYP,булка,10
CYP,doshi,10
CYP,ряж,10
CYP,toothbrush medium,10
CYP,sauzero,10
CYP,cholula,10
CYP,pak choi,10
CYP,scotch brite,10
CYP,serano bar,10
CYP,birthday cand,10
CYP,brokol,10
CYP,oil 3,10
CYP,beef angus,10
CYP,notes,10
CYP,cockroac,10
CYP,john freida,10
CYP,wet na,10
CYP,κεράκια,10
CYP,Cider,10
CYP,cheese burger,10
CYP,process,10
CYP,kinder jo,10
CYP,seven u,10
CYP,happy birth,10
CYP,trou,10
CYP,a4 paper,10
CYP,essp,10
CYP,stracciatella,10
CYP,ferri,10
CYP,tue,10
CYP,fruit platter,10
CYP,albro,10
CYP,chocho,10
CYP,καλ,10
CYP,dprite,10
CYP,hem,10
CYP,breadcrumps,10
CYP,onuon,10
CYP,CIF,10
CYP,Disposable,10
CYP,hair dry,10
CYP,frother,10
CYP,soag,10
CYP,semilina,10
CYP,ktima,10
CYP,πουδρα,10
CYP,τυρί τριμμένο,10
CYP,shoko,10
CYP,nelia kids,10
CYP,coffemate,10
CYP,marmal,10
CYP,milk lact,10
CYP,κουβερτου,10
CYP,golden syrup,10
CYP,corean,10
CYP,ajvar,10
CYP,hummus chips,10
CYP,ochee,10
CYP,healthy chips,10
CYP,poppy seed,10
CYP,chenet,10
CYP,hoummus,10
CYP,milk co,10
CYP,dolma,10
CYP,приправы,10
CYP,playdough,10
CYP,parse,10
CYP,bb cream,10
CYP,Gatorade,10
CYP,vento,10
CYP,buttwr,10
CYP,pudi,10
CYP,chocklate,10
CYP,stock cube,10
CYP,riss,10
CYP,essential,10
CYP,ωεργινα,10
CYP,earplugs,10
CYP,May,10
CYP,yoghurt lactose,10
CYP,isopr,10
CYP,plastick,10
CYP,sparling water,10
CYP,wet towel,10
CYP,пищевая пленка,10
CYP,Pool,10
CYP,метро,10
CYP,Hell,10
CYP,kountour,10
CYP,cheese mix,10
CYP,us,10
CYP,tinned tom,10
CYP,бумаж,10
CYP,sliced turkey,10
CYP,от,10
CYP,maha,10
CYP,bars protein,10
CYP,balzamic,10
CYP,baps,10
CYP,skim milk,10
CYP,ice b,10
CYP,twa,10
CYP,deli meat,10
CYP,αγρος,10
CYP,pila,10
CYP,wholegrain bread,10
CYP,βασιλικος,10
CYP,Dark chocolate,10
CYP,wom,10
CYP,loukanika,10
CYP,пиво без,10
CYP,goo,10
CYP,corn tortilla,10
CYP,salad mix,10
CYP,Ketch,10
CYP,бура,10
CYP,bacin,10
CYP,coca cola light,10
CYP,tenders,10
CYP,Toys,10
CYP,live,10
CYP,ice cream rose,10
CYP,тыквенные,10
CYP,frozen cherries,10
CYP,room fresh,10
CYP,psillium,10
CYP,breaded chicken,10
CYP,mini chocolate,10
CYP,raddi,10
CYP,chips pack,10
CYP,chix,10
CYP,tuna in,10
CYP,elgydium,10
CYP,pharmac,10
CYP,beef strips,10
CYP,μανταλακια,10
CYP,jart,10
CYP,7up pink,10
CYP,nail varnish,10
CYP,air wic,10
CYP,chips pringles,10
CYP,full fat milk,10
CYP,rissoto,10
CYP,sao,10
CYP,chia s,10
CYP,ant spray,10
CYP,carror,10
CYP,almond b,10
CYP,кус кус,10
CYP,chicken sli,10
CYP,dishwasher ta,10
CYP,paper toile,10
CYP,баклажаны,10
CYP,κεφαλο,10
CYP,стевия,10
CYP,kak,10
CYP,coca ca,10
CYP,φυστικοβούτυρο,10
CYP,bologne,10
CYP,mod,10
CYP,Bag,10
CYP,face cl,10
CYP,rr,10
CYP,плавленый сыр,10
CYP,paper tape,10
CYP,ζυ,10
CYP,watermelone,10
CYP,roche,10
CYP,oz,10
CYP,quail eggs,10
CYP,San pe,10
CYP,limao,10
CYP,tea mint,10
CYP,union,10
CYP,caes,10
CYP,aze,10
CYP,πε,10
CYP,wine dry,10
CYP,pistacio,10
CYP,layz,10
CYP,gari,10
CYP,tashi,10
CYP,brown ri,10
CYP,kirchen,10
CYP,mr m,10
CYP,somersb,10
CYP,cornet,10
CYP,salt sticks,10
CYP,черный хлеб,10
CYP,pelarg,10
CYP,φάγε,10
CYP,frappe mixer,10
CYP,papaphilippou,10
CYP,Сметана,10
CYP,la molisa,10
CYP,french fr,10
CYP,garlic brea,10
CYP,ahm,10
CYP,coocking,10
CYP,coconat oil,10
CYP,kilk,10
CYP,tomato souce,10
CYP,arrabiata,10
CYP,сардельки,10
CYP,toilet papwr,10
CYP,bakand,10
CYP,fool,10
CYP,shei,10
CYP,pink stuf,10
CYP,package,10
CYP,stw,10
CYP,s.pe,10
CYP,liva,10
CYP,πορτοκα,10
CYP,Dr. Beckmann,10
CYP,condes,10
CYP,washing detergent,10
CYP,vanilla sy,10
CYP,rice f,10
CYP,pront,10
CYP,almond butt,10
CYP,kong,10
CYP,голу,10
CYP,bii,10
CYP,water de,10
CYP,fa shower,10
CYP,str8,10
CYP,alwyas,10
CYP,nun,10
CYP,anthonero,10
CYP,olio,10
CYP,масл,10
CYP,σιταροπουλα,10
CYP,toialet,10
CYP,pinot grigio,10
CYP,arabi,10
CYP,cucmbers,10
CYP,basketball,10
CYP,τυροπιτακια,10
CYP,ευρηκ,10
CYP,pastelaki,10
CYP,plater,10
CYP,alro,10
CYP,plane,10
CYP,mum,10
CYP,egg noodle,10
CYP,brown bags,10
CYP,goc,10
CYP,frosti,10
CYP,nick,10
CYP,nektarin,10
CYP,garic,10
CYP,разры,10
CYP,prawn cocktail,10
CYP,туалетн,10
CYP,greek cheese,10
CYP,dream topp,10
CYP,fahi,10
CYP,bio egg,10
CYP,yogurt ice,10
CYP,ita,10
CYP,tsan,10
CYP,okive,10
CYP,hipp 2,10
CYP,s2,10
CYP,coconat water,10
CYP,citrone,10
CYP,αλα,10
CYP,tracha,10
CYP,αβοκ,10
CYP,leys,10
CYP,ντοματι,10
CYP,φρο,10
CYP,local,10
CYP,cocoa pow,10
CYP,Goat,10
CYP,coriander powder,10
CYP,clothespins,10
CYP,swab,10
CYP,sun block,10
CYP,lekon,10
CYP,4ply,10
CYP,chipo,10
CYP,raspberri,10
CYP,crudo,10
CYP,creme ch,10
CYP,kafe,10
CYP,purslane,10
CYP,pork fillet,10
CYP,dulce,10
CYP,aru,10
CYP,fusill,10
CYP,sofa cleaner,10
CYP,ghost,10
CYP,kendamil,10
CYP,tuna olive,10
CYP,zeflora,10
CYP,λαζανια,10
CYP,aloe vera gel,10
CYP,antice,10
CYP,sweeps,10
CYP,merlo,10
CYP,chicken boneless,10
CYP,ryzogalo,10
CYP,kean stevia,10
CYP,ginger powder,10
CYP,yoma,10
CYP,zucci,10
CYP,salad dress,10
CYP,mad,10
CYP,nitrile S,10
CYP,πλαστικα ποτηρια,10
CYP,deoto,10
CYP,plaste,10
CYP,chimi,10
CYP,zita yogurt,10
CYP,lar,10
CYP,lee kum,10
CYP,tsipouro,10
CYP,zero calorie,10
CYP,home fragrance,10
CYP,tzad,10
CYP,sandy,10
CYP,canel,10
CYP,sodavand,10
CYP,garbage b,10
CYP,conal,10
CYP,бумаг,10
CYP,sanitar,10
CYP,noy noy,10
CYP,cheerio,10
CYP,panini cards,10
CYP,coin,10
CYP,malagou,10
CYP,biss,10
CYP,Sausages,10
CYP,cheese lactose free,10
CYP,minions,10
CYP,rin,10
CYP,taramosalata,10
CYP,bathroom spray,10
CYP,mell,10
CYP,wel,10
CYP,παπαδ,10
CYP,atie,10
CYP,sezame,10
CYP,homus,10
CYP,adj,10
CYP,parboiled rice,10
CYP,пена для,10
CYP,perwall,10
CYP,lilo,10
CYP,tume,10
CYP,adults,10
CYP,ret,10
CYP,retsina,10
CYP,burger sau,10
CYP,Cilantro,10
CYP,анти,10
CYP,nappy cream,10
CYP,ninolac,10
CYP,mixers,10
CYP,си,10
CYP,mocar,10
CYP,hoover,10
CYP,sove,10
CYP,healthy habi,10
CYP,baby wibes,10
CYP,sparling,10
CYP,Edamame,10
CYP,παπου,10
CYP,alim,10
CYP,desinfe,10
CYP,tomato cherry,10
CYP,hot dog bread,10
CYP,Chee,10
CYP,кетч,10
CYP,honest,10
CYP,instant noo,10
CYP,carefr,10
CYP,veet cream,10
CYP,coconut cre,10
CYP,tea ba,10
CYP,supers,10
CYP,σακουλε,10
CYP,beer keo,10
CYP,youga,10
CYP,tesori,10
CYP,кофе в зернах,10
CYP,inesse,10
CYP,garlic b,10
CYP,ταμπον,10
CYP,mocha,10
CYP,salmon smoked,10
CYP,kikos,10
CYP,flaxseeds,10
CYP,δαμασκηνα,10
CYP,rasor,10
CYP,protein whey,10
CYP,cgeese,10
CYP,vegam,10
CYP,crumpet,10
CYP,sunflower o,10
CYP,peng,10
CYP,detol wipes,10
CYP,moschato,10
CYP,ζαχαροπαστα,10
CYP,wedg,10
CYP,girl,10
CYP,beverage,10
CYP,marc,10
CYP,ipa beer,10
CYP,bubbles,10
CYP,ξυρ,10
CYP,tambon,10
CYP,oliv oil,10
CYP,rafael,10
CYP,mint sauce,10
CYP,Vanish,10
CYP,carrote,10
CYP,hoh,10
CYP,ριζογκο,10
CYP,фило,10
CYP,gift b,10
CYP,cry,10
CYP,blue lag,10
CYP,laundy,10
CYP,n-ice,10
CYP,toiet,10
CYP,head shoulders,10
CYP,glade refill,10
CYP,булдак,10
CYP,sigarets,10
CYP,огуре,10
CYP,Pellegrino,10
CYP,σπανα,10
CYP,αυτια,10
CYP,m and ms,10
CYP,food col,10
CYP,paints,10
CYP,suncr,10
CYP,john f,10
CYP,Sauvignon,10
CYP,black olive,10
CYP,tortilias,10
CYP,nisi,10
CYP,malbe,10
CYP,water tuna,10
CYP,σκ,10
CYP,redd,10
CYP,towel kitchen,10
CYP,monster ultra,10
CYP,mac and cheese,10
CYP,Cuc,10
CYP,αβοκάντο,10
CYP,juice kean,10
CYP,fabric s,10
CYP,blank,10
CYP,sante,10
CYP,britta,10
CYP,wote,10
CYP,solo,10
CYP,universal,10
CYP,beach ball,10
CYP,dry meat,10
CYP,adhesive,10
CYP,neu,10
CYP,rice wrap,10
CYP,μπει,10
CYP,natural juice,10
CYP,neipa,10
CYP,cleanic,10
CYP,potet,10
CYP,pantene conditioner,10
CYP,zwa,10
CYP,сем,10
CYP,αλας,10
CYP,бумага для выпечки,10
CYP,protein chocolate,10
CYP,Berry,10
CYP,85%,10
CYP,ζαμπον,10
CYP,bin liners,10
CYP,brown bag,10
CYP,metri,10
CYP,ντοματοχυμος,10
CYP,Indomie,10
CYP,salamon,10
CYP,calm,10
CYP,τυροκα,10
CYP,зубна,10
CYP,henessy,10
CYP,poultry,10
CYP,ξυλακια,10
CYP,citrus hou,10
CYP,M&M,10
CYP,απορρυπαντικά,10
CYP,pesticides,10
CYP,thr,10
CYP,seasam,10
CYP,burgul,10
CYP,cocopops,10
CYP,yellow kiwi,10
CYP,big water,10
CYP,mandari,10
CYP,pasta cream,10
CYP,wanish,10
CYP,rice 5,10
CYP,vegeterian,10
CYP,potato wedges,10
CYP,marscapone,10
CYP,susage,10
CYP,Milk cream,10
CYP,nutri vall,10
CYP,orange squash,10
CYP,wolr,10
CYP,cyder,9
CYP,pornstar,9
CYP,nooes,9
CYP,origano,9
CYP,ριζογ,9
CYP,maschio,9
CYP,vanilla coffee,9
CYP,face s,9
CYP,libanese,9
CYP,bay l,9
CYP,lazan,9
CYP,happy hippo,9
CYP,touna,9
CYP,vegan bar,9
CYP,dehum,9
CYP,dako,9
CYP,hand wash refill,9
CYP,ηλιε,9
CYP,drumstick,9
CYP,rice cris,9
CYP,kip,9
CYP,white monster,9
CYP,ντακο,9
CYP,jale,9
CYP,proteim,9
CYP,parac,9
CYP,Tassimo,9
CYP,spiral,9
CYP,φραο,9
CYP,lai,9
CYP,comp,9
CYP,hochl,9
CYP,always pads,9
CYP,nescafw,9
CYP,στραγγιστο,9
CYP,sklaveniti,9
CYP,kkeses,9
CYP,collar,9
CYP,plastic p,9
CYP,зеленый,9
CYP,ντοματε,9
CYP,condish,9
CYP,soy sauc,9
CYP,happy bi,9
CYP,chicken sau,9
CYP,ws,9
CYP,σουρωτη,9
CYP,Nivea sun,9
CYP,toll,9
CYP,чере,9
CYP,flips,9
CYP,roilet,9
CYP,kean rose,9
CYP,lemon bottle,9
CYP,calif,9
CYP,hendr,9
CYP,Lindt,9
CYP,dd,9
CYP,pror,9
CYP,whole weat,9
CYP,label,9
CYP,fulf,9
CYP,squeezer,9
CYP,hop,9
CYP,σόδα,9
CYP,baloo,9
CYP,coriandr,9
CYP,Gordon,9
CYP,nail polis,9
CYP,zahn,9
CYP,ufesa,9
CYP,argan,9
CYP,κορν,9
CYP,cashew nuts,9
CYP,m&s,9
CYP,mr.brown,9
CYP,rubi,9
CYP,lurpac,9
CYP,wowchi,9
CYP,qa,9
CYP,plastic gla,9
CYP,French fries,9
CYP,печен,9
CYP,χαρτι τουαλετας,9
CYP,sticky notes,9
CYP,oyak,9
CYP,oya,9
CYP,vegan butter,9
CYP,adapto,9
CYP,μπαν,9
CYP,babyl,9
CYP,gregor,9
CYP,dentyne,9
CYP,alab,9
CYP,peppee,9
CYP,crecker,9
CYP,window spray,9
CYP,green onio,9
CYP,ziga,9
CYP,tisdue,9
CYP,specia,9
CYP,barbecue sauce,9
CYP,krikr,9
CYP,kinder milk,9
CYP,softne,9
CYP,tisues,9
CYP,beach mat,9
CYP,Wet wipe,9
CYP,ristor,9
CYP,φραντζ,9
CYP,spongr,9
CYP,loin,9
CYP,inflate,9
CYP,green on,9
CYP,risl,9
CYP,hambur,9
CYP,Saint,9
CYP,beer box,9
CYP,coi,9
CYP,vr,9
CYP,besamel,9
CYP,frozen chick,9
CYP,honn,9
CYP,rex,9
CYP,rubber bands,9
CYP,heat protect,9
CYP,amo,9
CYP,waffe,9
CYP,nacho cheese,9
CYP,peach zero,9
CYP,utensils,9
CYP,periptero,9
CYP,village salad,9
CYP,head and sh,9
CYP,butter salted,9
CYP,almiron 4,9
CYP,hair mouse,9
CYP,kourou,9
CYP,hello,9
CYP,delight,9
CYP,pariza,9
CYP,ginger b,9
CYP,pelligrino,9
CYP,ant bait,9
CYP,μαλλια,9
CYP,bread rye,9
CYP,groom,9
CYP,are,9
CYP,φραντ,9
CYP,jasmi,9
CYP,булочка,9
CYP,lob,9
CYP,fabric spray,9
CYP,wasab,9
CYP,cheakpeas,9
CYP,ψωμί ολικής,9
CYP,toblero,9
CYP,tomato saus,9
CYP,eggs free range,9
CYP,voltaren,9
CYP,cat milk,9
CYP,shower oil,9
CYP,κομποστο,9
CYP,bologna,9
CYP,nescaffe,9
CYP,Iceberg,9
CYP,chocolate syr,9
CYP,nodels,9
CYP,mozzarella stick,9
CYP,pissou,9
CYP,milk frother,9
CYP,moop,9
CYP,ariel pod,9
CYP,lordos bag,9
CYP,painting,9
CYP,αγγουρακ,9
CYP,chalk,9
CYP,NAN,9
CYP,pinna,9
CYP,make up remove,9
CYP,septon,9
CYP,floor clea,9
CYP,Ear,9
CYP,blackcu,9
CYP,couc,9
CYP,measuring cup,9
CYP,coconut drink,9
CYP,cerel,9
CYP,arla co,9
CYP,mastixa,9
CYP,peeled,9
CYP,cling f,9
CYP,pickled cucumbers,9
CYP,potaro,9
CYP,danonin,9
CYP,slised,9
CYP,fylo,9
CYP,non-alco,9
CYP,cheese chips,9
CYP,popcorn microwave,9
CYP,стир,9
CYP,сгущеное молоко,9
CYP,florina pepp,9
CYP,kri kri kids,9
CYP,rittersport,9
CYP,cheac,9
CYP,apetina,9
CYP,pone,9
CYP,grechka,9
CYP,ear bu,9
CYP,brash,9
CYP,coffee gold,9
CYP,topi,9
CYP,грецкий,9
CYP,pumice,9
CYP,bread black,9
CYP,paper pla,9
CYP,diabet,9
CYP,ground meat,9
CYP,gherki,9
CYP,mushrum,9
CYP,τζατζικι,9
CYP,red cabb,9
CYP,μαργαρίνη,9
CYP,bert,9
CYP,appr,9
CYP,res bull,9
CYP,makaroni,9
CYP,Seed,9
CYP,milk banana,9
CYP,μαυρο,9
CYP,heavy whipping cream,9
CYP,масло о,9
CYP,paper kit,9
CYP,зел,9
CYP,towl,9
CYP,ben and jerries,9
CYP,nk,9
CYP,σαπο,9
CYP,σαπ,9
CYP,onion soup,9
CYP,low fat milk,9
CYP,broth-el,9
CYP,cittage,9
CYP,potata,9
CYP,ool,9
CYP,tomato passata,9
CYP,gorgon,9
CYP,beef s,9
CYP,Dried,9
CYP,βασιλ,9
CYP,sunflower see,9
CYP,sun drie,9
CYP,plasr,9
CYP,фи,9
CYP,семга,9
CYP,playing cards,9
CYP,tupp,9
CYP,sunflowers,9
CYP,банка,9
CYP,bath mat,9
CYP,havana,9
CYP,sd card,9
CYP,fuel,9
CYP,flawer,9
CYP,βοτυρο,9
CYP,baby leaf,9
CYP,baby chips,9
CYP,mint leaves,9
CYP,els,9
CYP,mg,9
CYP,grigoriou turkey,9
CYP,κανε,9
CYP,salada,9
CYP,ariel color,9
CYP,werth,9
CYP,rubber gloves,9
CYP,condicioner,9
CYP,beer non alco,9
CYP,monin syrup,9
CYP,toothe,9
CYP,αντισ,9
CYP,jacksons,9
CYP,pork minced,9
CYP,panpers,9
CYP,candie,9
CYP,mur,9
CYP,bitter gourd,9
CYP,icecra,9
CYP,tangle,9
CYP,cavendish,9
CYP,chocolate cookies,9
CYP,cold beer,9
CYP,personal care,9
CYP,τσουρεκι,9
CYP,mushroom soup,9
CYP,john fri,9
CYP,chefdar,9
CYP,lint roll,9
CYP,parf,9
CYP,gemista,9
CYP,fisg,9
CYP,broad,9
CYP,dry salami,9
CYP,after su,9
CYP,baby wate,9
CYP,bread sti,9
CYP,buiscuits,9
CYP,olivr,9
CYP,peppar,9
CYP,So,9
CYP,bos,9
CYP,salt dis,9
CYP,tanqu,9
CYP,wash pods,9
CYP,papwr,9
CYP,kopper,9
CYP,cabag,9
CYP,пом,9
CYP,honey loops,9
CYP,фа,9
CYP,face c,9
CYP,drolio,9
CYP,pastourmas,9
CYP,мармел,9
CYP,wvian,9
CYP,white wines,9
CYP,coffe mate,9
CYP,hausbrandt,9
CYP,beatroot,9
CYP,panini card,9
CYP,voss,9
CYP,αρκαδι,9
CYP,bandaid,9
CYP,grab,9
CYP,dish li,9
CYP,ground pepper,9
CYP,chur,9
CYP,toilt,9
CYP,lip gloss,9
CYP,μπιφτ,9
CYP,посидоры,9
CYP,nirvan,9
CYP,toill,9
CYP,almond barista,9
CYP,nilk,9
CYP,μοτσαρελα,9
CYP,gell,9
CYP,blue ch,9
CYP,costume,9
CYP,wai,9
CYP,слива,9
CYP,χαρτομαντ,9
CYP,biorepair,9
CYP,дрож,9
CYP,κριτς,9
CYP,moll,9
CYP,cleaning clothes,9
CYP,milk 1,9
CYP,tekila,9
CYP,SALMON,9
CYP,ελαι,9
CYP,σερβιετε,9
CYP,spring onio,9
CYP,Dr beckmann,9
CYP,μπριζολα,9
CYP,cen,9
CYP,samosa,9
CYP,corkscrew,9
CYP,op,9
CYP,mela,9
CYP,ciggarets,9
CYP,smin,9
CYP,mop head,9
CYP,dr.jart,9
CYP,chrr,9
CYP,gei,9
CYP,alambra grated,9
CYP,body scr,9
CYP,Thyme,9
CYP,st.,9
CYP,electric toothbrush,9
CYP,serano mix,9
CYP,antipasti,9
CYP,chokl,9
CYP,vanila milk,9
CYP,νελια,9
CYP,saint nicolas,9
CYP,chips kids,9
CYP,pool float,9
CYP,wafl,9
CYP,τυρι τοστ,9
CYP,dittol,9
CYP,Ramen noodles,9
CYP,free lact,9
CYP,non alcoho,9
CYP,rodo,9
CYP,fahita,9
CYP,burger king,9
CYP,tali,9
CYP,cholate,9
CYP,trahana,9
CYP,chicl,9
CYP,pio,9
CYP,highland,9
CYP,yorgut,9
CYP,charcoals,9
CYP,cheese cottage,9
CYP,βαν,9
CYP,sugar free caramel,9
CYP,90%,9
CYP,yogurt strained,9
CYP,McDonald's,9
CYP,litte,9
CYP,Pepsi ma,9
CYP,tzadziki,9
CYP,barl,9
CYP,milkis,9
CYP,ор,9
CYP,five spice,9
CYP,charalambide,9
CYP,κολλα,9
CYP,красный лук,9
CYP,sorrel,9
CYP,parmegi,9
CYP,κατικι,9
CYP,arabia,9
CYP,gram flour,9
CYP,ποτα,9
CYP,red vine,9
CYP,chim,9
CYP,Bre,9
CYP,oxygen bleach,9
CYP,ταρα,9
CYP,τριανταφυ,9
CYP,savoyardi,9
CYP,cheese che,9
CYP,ciser,9
CYP,cyprus pitta,9
CYP,минер,9
CYP,white cream,9
CYP,siberi,9
CYP,αβ,9
CYP,гоечка,9
CYP,aman,9
CYP,kyp,9
CYP,var,9
CYP,svaly,9
CYP,fabta,9
CYP,μπιφτε,9
CYP,fores,9
CYP,franki,9
CYP,αβγα,9
CYP,jely,9
CYP,zeta,9
CYP,μπαταρίες,9
CYP,foot mask,9
CYP,tunna,9
CYP,hee,9
CYP,Shrimp,9
CYP,καθα,9
CYP,Powerade,9
CYP,Chocolate milk,9
CYP,chicken minc,9
CYP,prickly pear,9
CYP,drinking chocolate,9
CYP,pervol,9
CYP,масло олив,9
CYP,maison perr,9
CYP,unagi,9
CYP,посудомо,9
CYP,couvertur,9
CYP,goat yog,9
CYP,samana,9
CYP,ραβι,9
CYP,kids cheese,9
CYP,lambrus,9
CYP,toilet spray,9
CYP,wiska,9
CYP,table water,9
CYP,fle,9
CYP,gluten free oat,9
CYP,lounz,9
CYP,phola,9
CYP,орешки,9
CYP,memory,9
CYP,mozzarella sti,9
CYP,нарезка,9
CYP,cuci,9
CYP,sun protection,9
CYP,club soda,9
CYP,ater,9
CYP,gerkin,9
CYP,frozen yogh,9
CYP,Cleaning,9
CYP,herbal tea,9
CYP,done,9
CYP,bobo pops,9
CYP,custar,9
CYP,sushki,9
CYP,fue,9
CYP,wrapp,9
CYP,water saint,9
CYP,sasu,9
CYP,подсолнечное,9
CYP,out milk,9
CYP,gloved,9
CYP,αποσμητ,9
CYP,somm,9
CYP,sugar brown,9
CYP,clothespin,9
CYP,alcohol wipes,9
CYP,πορτοκαλι,9
CYP,blue label,9
CYP,oven bag,9
CYP,Anti,9
CYP,extention,9
CYP,tt,9
CYP,days,9
CYP,thuna,9
CYP,like,9
CYP,мешок,9
CYP,bif,9
CYP,propolis,9
CYP,planet baby,9
CYP,maya,9
CYP,αφρόλουτρο,9
CYP,arr,9
CYP,chips light,9
CYP,chairs,9
CYP,пудра,9
CYP,chopped to,9
CYP,chres,9
CYP,nail polish rem,9
CYP,raspbery,9
CYP,Bis,9
CYP,cocnut oil,9
CYP,угли,9
CYP,lay',9
CYP,sandwiches,9
CYP,ζαχαρουχο γαλα,9
CYP,haggen,9
CYP,Potat,9
CYP,pasra,9
CYP,oil sun,9
CYP,greek olives,9
CYP,poulet,9
CYP,plastic straws,9
CYP,super s,9
CYP,Rise,9
CYP,baby pl,9
CYP,garden bags,9
CYP,patatos,9
CYP,καπν,9
CYP,kiosky,9
CYP,roi,9
CYP,frox,9
CYP,soya sous,9
CYP,celary,9
CYP,dishwasher cleaner,9
CYP,five,9
CYP,I've cream,9
CYP,огурцы соленые,9
CYP,hals,9
CYP,soap body,9
CYP,fish s,9
CYP,combiotic,9
CYP,ir,9
CYP,φαρινα,9
CYP,kateri,9
CYP,cooffee,9
CYP,diabolo,9
CYP,корни,9
CYP,fizzy drinks,9
CYP,rollin,9
CYP,baby whipes,9
CYP,πανακια,9
CYP,pirsos,9
CYP,crean,9
CYP,cocacola zero,9
CYP,ream,9
CYP,parmegia,9
CYP,aaa batteries,9
CYP,coffees,9
CYP,colq,9
CYP,light ma,9
CYP,αντικου,9
CYP,light cream cheese,9
CYP,maggy,9
CYP,ice pac,9
CYP,yoki,9
CYP,face mas,9
CYP,bib,9
CYP,proein,9
CYP,freah,9
CYP,rice jasmin,9
CYP,kids conditioner,9
CYP,для унитаза,9
CYP,tigh,9
CYP,ξυδατα,9
CYP,kitchen papaer,9
CYP,зубочистки,9
CYP,foot spray,9
CYP,coffee fil,9
CYP,dalad,9
CYP,παπ,9
CYP,panti,9
CYP,pli,9
CYP,minder,9
CYP,savoya,9
CYP,Mosquito,9
CYP,fresh creme,9
CYP,кокосовая,9
CYP,ryazhenka,9
CYP,φυστικοβουτυρο,9
CYP,milk alpro,9
CYP,no alc,9
CYP,καραμ,9
CYP,alion fresh,9
CYP,mixed veget,9
CYP,cr2,9
CYP,rixe,9
CYP,sparklin water,9
CYP,phone holder,9
CYP,french f,9
CYP,прошуто,9
CYP,proscui,9
CYP,αμύγδαλα,9
CYP,louka,9
CYP,naggets,9
CYP,wagamama,9
CYP,plastic gloves,9
CYP,грецкие,9
CYP,masal,9
CYP,masco,9
CYP,gherk,9
CYP,протеиновый,9
CYP,chick pea,9
CYP,chocolate bars,9
CYP,mac and,9
CYP,low calories,9
CYP,посудо,9
CYP,wah,9
CYP,darl,9
CYP,απος,9
CYP,panini s,9
CYP,botega,9
CYP,picks,9
CYP,vegan ma,9
CYP,parmigian,9
CYP,spou,9
CYP,ροδονερο,9
CYP,baby sh,9
CYP,papadi,9
CYP,nuttella,9
CYP,ice cream ma,9
CYP,λε,9
CYP,dese,9
CYP,cadburys,9
CYP,tomato juic,9
CYP,water 500,9
CYP,tatziki,9
CYP,red velvet,9
CYP,wak,9
CYP,vergin,9
CYP,Napkins,9
CYP,cucumbet,9
CYP,κονσερβα,9
CYP,minu,9
CYP,Organix,9
CYP,primitivo,9
CYP,dogs food,9
CYP,crut,9
CYP,rosmarin,9
CYP,rice s,9
CYP,ποτηρι,9
CYP,pampers pant,9
CYP,barista almond,9
CYP,svo,9
CYP,brisket,9
CYP,lemos,9
CYP,coffee i,9
CYP,fourn,9
CYP,black sugar,9
CYP,shampoo body,9
CYP,blue wine,9
CYP,ark,9
CYP,cottage ches,9
CYP,protein bat,9
CYP,bepanthol,9
CYP,pummaro,9
CYP,oliva,9
CYP,Ecover,9
CYP,пылесос,9
CYP,γαλοπουλ,9
CYP,pari,9
CYP,dog bags,9
CYP,peanat,9
CYP,сгущеное,9
CYP,italian sea,9
CYP,chips frozen,9
CYP,jhons,9
CYP,kee,9
CYP,frozen r,9
CYP,абри,9
CYP,hr,9
CYP,fragkou,9
CYP,απιον,9
CYP,eashing,9
CYP,m and,9
CYP,greec,9
CYP,dry frui,9
CYP,zipper bag,9
CYP,σακουλες σκουπιδιων,9
CYP,zero coca cola,9
CYP,pinnaple,9
CYP,sourotu,9
CYP,nestle fitness,9
CYP,papaphili,9
CYP,vir,9
CYP,icing su,9
CYP,latex,9
CYP,smiley,9
CYP,arla pudding,9
CYP,inn,9
CYP,nefel,9
CYP,parmigg,9
CYP,busket,9
CYP,diet come,9
CYP,spicy noodles,9
CYP,eth,9
CYP,head and shoulder,9
CYP,овс,9
CYP,air condition,9
CYP,bale,9
CYP,lut,9
CYP,cola cola,9
CYP,cassava,9
CYP,wholem,9
CYP,syri,9
CYP,franuo,9
CYP,bonomi,9
CYP,byro,9
CYP,hair mas,9
CYP,лазанья,9
CYP,karolina,9
CYP,fish sa,9
CYP,suncare,9
CYP,choppe,9
CYP,smokes,9
CYP,vinag,9
CYP,all spice,9
CYP,mussles,9
CYP,fresh fruit,9
CYP,soray,9
CYP,garliv,9
CYP,νισεστε,9
CYP,styling,9
CYP,sanitary pad,9
CYP,αποσμητι,9
CYP,s.pell,9
CYP,rosmar,9
CYP,makeup rem,9
CYP,red hair dye,9
CYP,вино красное,9
CYP,mushrrom,9
CYP,calmar,9
CYP,conditionner,9
CYP,bagette,9
CYP,orange s,9
CYP,world c,9
CYP,Quinoa,9
CYP,Ri,9
CYP,strained yoghurt,9
CYP,galop,9
CYP,enve,9
CYP,carpet cleaner,9
CYP,sorouti,9
CYP,olive soap,9
CYP,alpto,9
CYP,καραμελε,9
CYP,tortu,9
CYP,coconut barista,9
CYP,ζαχ,9
CYP,male,9
CYP,beef sto,9
CYP,romain,9
CYP,tsip,9
CYP,coffee star,9
CYP,kf,9
CYP,Sesame,9
CYP,volume,9
CYP,bands,9
CYP,νι,9
CYP,l'oreal,9
CYP,molisan,9
CYP,αναψυκ,9
CYP,oo,9
CYP,Spring onion,9
CYP,чили,9
CYP,Minced,9
CYP,condis,9
CYP,torch,9
CYP,edesma moz,9
CYP,sain,9
CYP,ext,9
CYP,peach tea,9
CYP,light chips,9
CYP,cheese low fat,9
CYP,τονοι,9
CYP,cockie,9
CYP,dzad,9
CYP,yocurt,9
CYP,jammie,9
CYP,pampers prem,9
CYP,Takis,9
CYP,decaf tea,9
CYP,baunty,9
CYP,cofff,9
CYP,loreal conditioner,9
CYP,mango ice,9
CYP,strawberry ice,9
CYP,wave,9
CYP,garnier hair,9
CYP,αντικολλ,9
CYP,sea bas,9
CYP,baby cereal,9
CYP,mustard powder,9
CYP,ginger bee,9
CYP,kurkuma,9
CYP,ванильный сахар,9
CYP,braun,9
CYP,καρυδ,9
CYP,hot sa,9
CYP,keth,9
CYP,ship,9
CYP,πουρακια,9
CYP,vaz,9
CYP,lip liner,9
CYP,queso,9
CYP,молоко без,9
CYP,fino,9
CYP,spritw,9
CYP,pitcher,9
CYP,fathers,9
CYP,Cucu,9
CYP,blen,9
CYP,evre,9
CYP,caj,9
CYP,vale,9
CYP,χαρτομαν,9
CYP,oil 3l,9
CYP,redbull zero,9
CYP,dinos,9
CYP,ben & jerr,9
CYP,εβαπορε,9
CYP,dark brown,9
CYP,deonized,9
CYP,spare,9
CYP,limona,9
CYP,φουντ,9
CYP,monster white,9
CYP,zivani,9
CYP,protein vanilla,9
CYP,ψαρ,9
CYP,paro,9
CYP,laudr,9
CYP,chocopie,9
CYP,τυρι τριμμενο,9
CYP,liver pate,9
CYP,hair style,9
CYP,oken,9
CYP,Zagori,9
CYP,achnagal,9
CYP,ega,9
CYP,syp,9
CYP,petr,9
CYP,potatp,9
CYP,litchen,9
CYP,monitor,9
CYP,shou,9
CYP,moisturi,9
CYP,mishroom,9
CYP,broomstick,9
CYP,surface wipes,9
CYP,tomaz,9
CYP,parmesano,9
CYP,toamto,9
CYP,hatibo,9
CYP,emme,9
CYP,lollipops,9
CYP,humor,9
CYP,luna,9
CYP,hawaiian,9
CYP,it,9
CYP,mushrom,9
CYP,friut,9
CYP,siber,9
CYP,βιολαντα,9
CYP,vareniki,9
CYP,βαφή μαλλιών,9
CYP,cyprus coff,9
CYP,jars,9
CYP,Koko,9
CYP,chet,9
CYP,frsh,9
CYP,cornstar,9
CYP,броколи,9
CYP,milk cre,9
CYP,40,9
CYP,pike,9
CYP,mousaka,9
CYP,сито,9
CYP,hui,9
CYP,gateau,9
CYP,shp,9
CYP,μπαναν,9
CYP,john fre,9
CYP,mk,9
CYP,tango,9
CYP,mochu,9
CYP,колбас,9
CYP,αμ,9
CYP,ice cream mag,9
CYP,πρωτεινη,9
CYP,тушь,9
CYP,minnie,9
CYP,to ic,9
CYP,freelact,9
CYP,dark chocolate drops,9
CYP,vinegat,9
CYP,kalamakia,9
CYP,wurstel,9
CYP,Hair dye,9
CYP,beer stick,9
CYP,Tun,9
CYP,drumsticks,9
CYP,giants,9
CYP,кокосовое масло,9
CYP,okives,9
CYP,hema,9
CYP,nutribu,9
CYP,mature,9
CYP,vromi,9
CYP,cheeses,9
CYP,toffu,9
CYP,souc,9
CYP,food dye,9
CYP,gordo,9
CYP,PROTEIN,9
CYP,mochis,9
CYP,parchme,9
CYP,ice cream snickers,9
CYP,крупа,9
CYP,Veg,9
CYP,proci,9
CYP,polpa,9
CYP,cr 2032,9
CYP,гречневая,9
CYP,ricepaper,9
CYP,nivea face,9
CYP,teak,9
CYP,муравьи,9
CYP,centella,9
CYP,dispenser,9
CYP,chit,9
CYP,champion,9
CYP,microwav,9
CYP,toilet paoer,9
CYP,capris,9
CYP,δημητρι,9
CYP,Lotus,9
CYP,ли,9
CYP,capt,9
CYP,clothing,9
CYP,chilli con carne,9
CYP,Melissa,9
CYP,merlin,9
CYP,head and shou,9
CYP,шо,9
CYP,fin crisp,9
CYP,Aroxol,9
CYP,heinz ketchup,9
CYP,disi,9
CYP,no added,9
CYP,l oreal,9
CYP,lant,9
CYP,poo bags,9
CYP,cerav,9
CYP,батончики,9
CYP,gas water,9
CYP,плов,9
CYP,mint fresh,9
CYP,all purpo,9
CYP,χαρουπι,9
CYP,ritte,9
CYP,σχολικά,9
CYP,оливко,9
CYP,prptein,9
CYP,chilli pow,9
CYP,pacif,9
CYP,zaz,9
CYP,cooffe,9
CYP,ypg,9
CYP,коф,9
CYP,powdered milk,9
CYP,la mol,9
CYP,dolm,9
CYP,beef m,9
CYP,platters,9
CYP,cyprus c,9
CYP,monin puree,9
CYP,nettle,9
CYP,doktorskaya,9
CYP,xan,9
CYP,bril,9
CYP,protein che,9
CYP,haagen dasz,9
CYP,loreal hair,9
CYP,als,9
CYP,ice bags,9
CYP,qater,9
CYP,bake beans,9
CYP,coffee drink,9
CYP,сыр гауда,9
CYP,Sandwich,9
CYP,pus,9
CYP,scotch tape,9
CYP,Energy,9
CYP,Baby food,9
CYP,Red wine,9
CYP,teath,9
CYP,pampers premium care,9
CYP,green bea,9
CYP,sunseed,9
CYP,cicken,9
CYP,pizza do,9
CYP,monster munch,9
CYP,paper ba,9
CYP,фейри,9
CYP,bid,9
CYP,kane,9
CYP,τυ,9
CYP,spread cheese,9
CYP,shower sponge,9
CYP,germes,9
CYP,airp,9
CYP,suroti,9
CYP,sandwich bags,9
CYP,printer,9
CYP,colmans,9
CYP,pinut,9
CYP,cream body,9
CYP,μελ,9
CYP,buckwea,9
CYP,Ic,9
CYP,soices,9
CYP,glass container,9
CYP,μω,9
CYP,resto,9
CYP,kinder surprise,9
CYP,boug,9
CYP,mosci,9
CYP,kopa,9
CYP,вешалки,9
CYP,krith,9
CYP,cellu,9
CYP,stati,9
CYP,chocalate,9
CYP,μπολ,9
CYP,shwa,9
CYP,Ke,9
CYP,pain de mie,9
CYP,cigarre,9
CYP,Ban,9
CYP,little mo,9
CYP,aater,9
CYP,popper,9
CYP,trah,9
CYP,seasa,9
CYP,areal,9
CYP,pull ups,9
CYP,tempe,9
CYP,qn,9
CYP,pain au,9
CYP,custa,9
CYP,bourbon,9
CYP,tossues,9
CYP,mitsidis,9
CYP,egges,9
CYP,kolo,9
CYP,tota,9
CYP,wipea,9
CYP,σολομο,9
CYP,kappari,9
CYP,voc,9
CYP,alpe,9
CYP,Rice paper,9
CYP,bird food,9
CYP,coffee filters,9
CYP,sanitary towels,9
CYP,bioitalia,9
CYP,shave gel,9
CYP,daipers,9
CYP,breD,9
CYP,cach,9
CYP,sle,9
CYP,baby dish,9
CYP,fried onions,9
CYP,bakla,9
CYP,deodorant dove,9
CYP,moj,9
CYP,honey balls,9
CYP,shine,9
CYP,ξυραφακι,9
CYP,ανανας,9
CYP,diet cok,9
CYP,прос,9
CYP,лен,9
CYP,bei,9
CYP,condiments,9
CYP,Ice cre,9
CYP,мореовь,9
CYP,κασερι,9
CYP,hill,9
CYP,salt and pepper,9
CYP,balon,9
CYP,νισι,9
CYP,delt,9
CYP,copy paper,9
CYP,говя,9
CYP,bouillon,9
CYP,galat,9
CYP,bakerol,9
CYP,кокакола,9
CYP,saving,9
CYP,mapple,9
CYP,hair mou,9
CYP,Arie,9
CYP,dishea,9
CYP,crossiant,9
CYP,chp,9
CYP,салфетк,9
CYP,φρουτ,9
CYP,toiletpap,9
CYP,ice cream watermelon,9
CYP,anaru,9
CYP,hir,9
CYP,sourwti,9
CYP,organiser,9
CYP,nar,9
CYP,sprote,9
CYP,juice box,9
CYP,squishi,9
CYP,vacu,9
CYP,яб,9
CYP,Butt,9
CYP,cheed,9
CYP,Maple,9
CYP,мамло,9
CYP,john frie,9
CYP,papric,9
CYP,fred,9
CYP,chocolate cooking,9
CYP,mach 3,9
CYP,washinh,9
CYP,butr,9
CYP,agave syrup,9
CYP,redwine,9
CYP,teriyaki sauce,9
CYP,без глютена,9
CYP,disposable plates,9
CYP,puds,9
CYP,conference,9
CYP,icecrram,9
CYP,tubes,9
CYP,training pads,9
CYP,kinder delice,9
CYP,mogu,9
CYP,φι,9
CYP,freshcream,9
CYP,cst,9
CYP,yoga mat,9
CYP,food c,9
CYP,slis,9
CYP,framb,9
CYP,hit,9
CYP,beach bag,9
CYP,σιταρο,9
CYP,veroni,9
CYP,прокл,9
CYP,Chicke,9
CYP,πιτε,9
CYP,wet n,9
CYP,кондиц,9
CYP,kri kri protein,9
CYP,lemom,9
CYP,капуст,9
CYP,karel,9
CYP,ketsh,9
CYP,frou f,9
CYP,hair care,9
CYP,small milk,9
CYP,hopl,9
CYP,sale,9
CYP,Cacao,9
CYP,μανηταρια,9
CYP,tonn,9
CYP,αλαμπρα,9
CYP,Syrup,9
CYP,papag,9
CYP,πίτ,9
CYP,kelloga,9
CYP,Baby wipes,9
CYP,budd,9
CYP,flouer,9
CYP,cun,9
CYP,пятновыводитель,9
CYP,tunA,9
CYP,frozen pot,9
CYP,pinn,9
CYP,quaker oats,9
CYP,стиральный порошок,9
CYP,strong beer,9
CYP,exo,9
CYP,μπο,9
CYP,bell paper,9
CYP,spunch,9
CYP,ags,9
CYP,vibegar,9
CYP,eyepatch,9
CYP,ironing board,9
CYP,disinfec,9
CYP,washcloth,9
CYP,frozen bl,9
CYP,αλουμινόχαρτο,9
CYP,monoli,9
CYP,verde,9
CYP,prown,9
CYP,провод,9
CYP,almod,9
CYP,la cr,9
CYP,sip,9
CYP,стаканчики,9
CYP,tsatsiki,9
CYP,alhambra,9
CYP,dark chok,9
CYP,beef cube,9
CYP,spec,9
CYP,gaze,9
CYP,χαλλο,9
CYP,tric,9
CYP,πίτα,9
CYP,ball pump,9
CYP,garlic oil,9
CYP,bix,9
CYP,masher,9
CYP,derma,9
CYP,jakobs,9
CYP,peppa pig,9
CYP,σφουγγαρισμα,9
CYP,крылья,9
CYP,natura siberi,9
CYP,wayermelon,9
CYP,kitchenroll,9
CYP,nikola,9
CYP,dehu,9
CYP,καλαμαρι,9
CYP,wayet,9
CYP,pelini,9
CYP,picn,9
CYP,mistral,9
CYP,cling fil,9
CYP,паста зубная,9
CYP,coffee mat,9
CYP,dusch,9
CYP,evisn,9
CYP,shampp,9
CYP,pnion,9
CYP,enoki,9
CYP,cotton sticks,9
CYP,neste,9
CYP,keto balls,9
CYP,черный перец,9
CYP,rose syrup,9
CYP,massage oil,9
CYP,yello,9
CYP,просекко,9
CYP,didh,9
CYP,picanha,9
CYP,lag,9
CYP,ethyl,9
CYP,couch,9
CYP,barrista,9
CYP,ear cl,9
CYP,rice bag,9
CYP,моцар,9
CYP,cigarr,9
CYP,tshirt,9
CYP,koup,9
CYP,μαϊντανός,9
CYP,для пола,9
CYP,yaourt,9
CYP,silica,9
CYP,70%,9
CYP,runa,9
CYP,CHEESE,9
CYP,cheesec,9
CYP,meatless,9
CYP,ICE CREAM,9
CYP,egge,9
CYP,A4 paper,9
CYP,koupes,9
CYP,guacam,9
CYP,long chips,9
CYP,chokolat,9
CYP,sead,9
CYP,milk barista,9
CYP,αφρός,9
CYP,mex,9
CYP,washing tablet,9
CYP,τυρι light,9
CYP,pg tips,9
CYP,extract,9
CYP,milk pow,9
CYP,kids food,9
CYP,diet coca,9
CYP,meas,9
CYP,Charalambides,9
CYP,flat peaches,9
CYP,rose squash,9
CYP,goodboy,9
CYP,ready to,9
CYP,σνακ,9
CYP,ethernet,9
CYP,σολο,9
CYP,tissue paper,9
CYP,rem,9
CYP,восточная,9
CYP,Alhambra,9
CYP,5 spice,9
CYP,lollo,9
CYP,chateau,9
CYP,для стекол,9
CYP,laundry liquid,9
CYP,moose,9
CYP,perfumes,9
CYP,bahl,9
CYP,Flo,9
CYP,tsipoura,9
CYP,clock,9
CYP,lentil chip,9
CYP,Bath,9
CYP,orti,9
CYP,china,9
CYP,toasts,9
CYP,roa,9
CYP,frango,9
CYP,coac,9
CYP,tattoo,9
CYP,напитки,9
CYP,briosh,9
CYP,rene,9
CYP,heavy cre,9
CYP,Gr,9
CYP,trash b,9
CYP,salami sticks,9
CYP,qiwi,9
CYP,ultr,9
CYP,spot,9
CYP,κυ,9
CYP,hd,9
CYP,oatmil,9
CYP,Yolanda,9
CYP,tester,9
CYP,skincare,9
CYP,tchibo,9
CYP,canned fruit,9
CYP,black ang,9
CYP,finish aio,9
CYP,pashtet,9
CYP,alioli,9
CYP,magic sponge,9
CYP,body cre,9
CYP,φρυγαν,9
CYP,nail polish remo,9
CYP,coct,9
CYP,kitchr,9
CYP,ruko,9
CYP,sugar milk,9
CYP,frozen yougurt,9
CYP,regina,9
CYP,loavker,9
CYP,squo,9
CYP,yg,9
CYP,Katerina,9
CYP,sponch,9
CYP,non-alcoholic,9
CYP,milk al,9
CYP,black seed,9
CYP,brocolo,9
CYP,παντζ,9
CYP,wood floor,9
CYP,соивки,9
CYP,stevia cho,9
CYP,rice chip,9
CYP,popcorn micro,9
CYP,fusil,9
CYP,squeegee,9
CYP,3m command,9
CYP,hair styling,9
CYP,vinagre,9
CYP,shorts,9
CYP,fasola,9
CYP,paradi,9
CYP,Face mask,9
CYP,keras,9
CYP,step,9
CYP,κρεμμύδι,9
CYP,champag,9
CYP,manho,9
CYP,meringue,9
CYP,mlk,9
CYP,vermut,9
CYP,βουτυρ,9
CYP,καρπος,9
CYP,Bi,9
CYP,mailos,9
CYP,gravi,9
CYP,dixan gel,9
CYP,cream of,9
CYP,Dr.,9
CYP,arm bands,9
CYP,tonic light,9
CYP,swh,9
CYP,lady fing,9
CYP,de ion,9
CYP,σταγονες,9
CYP,milu,9
CYP,jalep,9
CYP,underpa,9
CYP,press,9
CYP,fanda,9
CYP,caju,9
CYP,food moth,9
CYP,vibe,9
CYP,ecove,9
CYP,banoffee,9
CYP,floop,9
CYP,rump,9
CYP,rasper,9
CYP,miok,9
CYP,cream cheese light,8
CYP,peppercorns,8
CYP,Tomat,8
CYP,vel,8
CYP,Roll,8
CYP,blue la,8
CYP,Maison,8
CYP,strew,8
CYP,Pringle,8
CYP,Sushi,8
CYP,венчик,8
CYP,mintikki,8
CYP,ben and j,8
CYP,fermented,8
CYP,casa modena,8
CYP,baking powe,8
CYP,sief,8
CYP,kifir,8
CYP,tinned fish,8
CYP,white dry,8
CYP,pii,8
CYP,rolli,8
CYP,cacao nibs,8
CYP,sprite mint,8
CYP,φακ,8
CYP,aphrodite,8
CYP,wine zero,8
CYP,patak,8
CYP,krak,8
CYP,body lot,8
CYP,avocaso,8
CYP,sketch,8
CYP,coffer,8
CYP,печенка,8
CYP,mind,8
CYP,καθαριστικό,8
CYP,beverages,8
CYP,veo,8
CYP,little moo,8
CYP,sandwitch,8
CYP,clam,8
CYP,κοτοπουλ,8
CYP,dry white,8
CYP,gum toothpaste,8
CYP,stomach,8
CYP,kits,8
CYP,adu,8
CYP,spray hair,8
CYP,aposmini,8
CYP,иасло,8
CYP,rice ja,8
CYP,sirac,8
CYP,the protein ball,8
CYP,salted c,8
CYP,alambra cream,8
CYP,cotn,8
CYP,pril,8
CYP,ευρη,8
CYP,milk p,8
CYP,βασιλικο,8
CYP,бургер,8
CYP,diving,8
CYP,antiseptic wipes,8
CYP,super protein,8
CYP,chicken st,8
CYP,source,8
CYP,oeuf,8
CYP,сигаре,8
CYP,mango chutney,8
CYP,chlorini,8
CYP,flour 5,8
CYP,bleech,8
CYP,color catch,8
CYP,pina colada,8
CYP,baby wh,8
CYP,farl,8
CYP,yugh,8
CYP,tea english,8
CYP,fryer,8
CYP,eye p,8
CYP,αντηλιακο,8
CYP,hugo,8
CYP,potato sticks,8
CYP,earl gray,8
CYP,crush,8
CYP,salus,8
CYP,пирог,8
CYP,lillet,8
CYP,снек,8
CYP,патчи,8
CYP,qual,8
CYP,beer alcohol free,8
CYP,schwepes,8
CYP,ζαχαρη αχνη,8
CYP,oil hair,8
CYP,ман,8
CYP,uts,8
CYP,kimder,8
CYP,malagousia,8
CYP,ces,8
CYP,gerlic,8
CYP,fraou,8
CYP,cuscus,8
CYP,tidsue,8
CYP,σαμπου,8
CYP,siap,8
CYP,strawberry puree,8
CYP,sigg,8
CYP,Mr b,8
CYP,amor di,8
CYP,gardu,8
CYP,mini ice,8
CYP,mix vege,8
CYP,Pap,8
CYP,σφουγγαρακι,8
CYP,pineaplle,8
CYP,innoc,8
CYP,chrips,8
CYP,heat protection,8
CYP,papafilipou stevia,8
CYP,sama,8
CYP,sopa,8
CYP,dust bin,8
CYP,apperol,8
CYP,cocoa nibs,8
CYP,fabcon,8
CYP,hole,8
CYP,skittl,8
CYP,тартилья,8
CYP,тарелки,8
CYP,beand,8
CYP,zeo,8
CYP,Greek yog,8
CYP,water 0.5,8
CYP,arla c,8
CYP,λούντζα,8
CYP,twir,8
CYP,wet wiped,8
CYP,pot noo,8
CYP,baby m,8
CYP,mozart,8
CYP,anua,8
CYP,aka,8
CYP,fum,8
CYP,aroma vani,8
CYP,τζατζ,8
CYP,Nounou,8
CYP,gad,8
CYP,the protein,8
CYP,sosiges,8
CYP,rod,8
CYP,swifer,8
CYP,bakeware,8
CYP,μαννα,8
CYP,laundry basket,8
CYP,завтрак,8
CYP,dog bis,8
CYP,pomegranat,8
CYP,cup cake,8
CYP,ell,8
CYP,baby swim,8
CYP,Taki,8
CYP,cappers,8
CYP,παστ,8
CYP,meren,8
CYP,bnana,8
CYP,whole grain bread,8
CYP,breze,8
CYP,speing,8
CYP,mustard oil,8
CYP,σουσάμι,8
CYP,μεντα,8
CYP,ραβιολ,8
CYP,meliss,8
CYP,πουργούρι,8
CYP,φιλετο,8
CYP,7 up zero,8
CYP,loacket,8
CYP,wholewh,8
CYP,siro,8
CYP,chocal,8
CYP,mova,8
CYP,henz,8
CYP,apple cider v,8
CYP,sosis,8
CYP,rice sheets,8
CYP,peperon,8
CYP,minced garlic,8
CYP,toothbrush hard,8
CYP,garlic bre,8
CYP,lubric,8
CYP,chixk,8
CYP,sea food,8
CYP,nespresso vertuo,8
CYP,eer,8
CYP,electrolit,8
CYP,floor c,8
CYP,porrid,8
CYP,toilet papee,8
CYP,ria,8
CYP,armband,8
CYP,fish f,8
CYP,bee b,8
CYP,exfol,8
CYP,cream ches,8
CYP,cola 0,8
CYP,gluten free granola,8
CYP,ear plugs,8
CYP,alion salad,8
CYP,carpaccio,8
CYP,Hand,8
CYP,apfel,8
CYP,пищевая,8
CYP,gluten free p,8
CYP,tirami,8
CYP,берез,8
CYP,beco,8
CYP,Σκλαβενίτη,8
CYP,кофе в,8
CYP,adjika,8
CYP,vegetable c,8
CYP,lipton ice tea,8
CYP,chiche,8
CYP,Coca Cola,8
CYP,body sha,8
CYP,riomare,8
CYP,coffee cyprus,8
CYP,κουκουνάρι,8
CYP,bandages,8
CYP,blueberrys,8
CYP,milk sli,8
CYP,protein sha,8
CYP,tissue roll,8
CYP,hot honey,8
CYP,black an,8
CYP,almond flou,8
CYP,juci,8
CYP,trashbags,8
CYP,xenia,8
CYP,charalambid,8
CYP,cheeseca,8
CYP,spf 30,8
CYP,spaghettin,8
CYP,Kri,8
CYP,παγούρι,8
CYP,Powder,8
CYP,βυσσινο,8
CYP,dark co,8
CYP,γλασε,8
CYP,безалкогольное пиво,8
CYP,paper bags,8
CYP,korred,8
CYP,whate,8
CYP,rice nood,8
CYP,blech,8
CYP,τιρι,8
CYP,xar,8
CYP,multicoo,8
CYP,sheeps,8
CYP,tequil,8
CYP,strawberries fresh,8
CYP,dulce de leche,8
CYP,boi,8
CYP,mcain,8
CYP,gouda light,8
CYP,reddish,8
CYP,γιαουρτα,8
CYP,heri,8
CYP,sun pro,8
CYP,tabak,8
CYP,advocado,8
CYP,redbol,8
CYP,кр,8
CYP,coxo,8
CYP,plant milk,8
CYP,st nicholas,8
CYP,seeds of happ,8
CYP,patt,8
CYP,towel paper,8
CYP,backing paper,8
CYP,fuit,8
CYP,σαβουα,8
CYP,οδοντοκρε,8
CYP,καθαρισ,8
CYP,cockroach spray,8
CYP,aptam,8
CYP,limonchello,8
CYP,brra,8
CYP,pore,8
CYP,garde,8
CYP,bonduel,8
CYP,houmou,8
CYP,соя,8
CYP,μπρο,8
CYP,mamgo,8
CYP,soya souce,8
CYP,koh,8
CYP,παγάκια,8
CYP,carob syrup,8
CYP,pepar,8
CYP,beries,8
CYP,simba,8
CYP,thini,8
CYP,Yoggies,8
CYP,torilla,8
CYP,vheese,8
CYP,croc,8
CYP,lave,8
CYP,κανέλα,8
CYP,cerry,8
CYP,tisu,8
CYP,сибас,8
CYP,baby toothbrush,8
CYP,газировка,8
CYP,black lab,8
CYP,marshmallo,8
CYP,metro super,8
CYP,vogue,8
CYP,parmesana,8
CYP,antibacte,8
CYP,Morning coffee,8
CYP,ifant,8
CYP,sweet and balance,8
CYP,cheack,8
CYP,гренки,8
CYP,liquit,8
CYP,trachana,8
CYP,leave in condi,8
CYP,pritein,8
CYP,vanilla soya,8
CYP,γάλ,8
CYP,fitness bar,8
CYP,strawbberies,8
CYP,cat toilet,8
CYP,ντακ,8
CYP,feanui,8
CYP,psylli,8
CYP,sqi,8
CYP,hair madk,8
CYP,tissue toilet,8
CYP,αντικολλητικο,8
CYP,chikem,8
CYP,πολτος,8
CYP,oat biscuit,8
CYP,solomos,8
CYP,kfir,8
CYP,shiwer,8
CYP,crumble,8
CYP,frozen vegetab,8
CYP,gris,8
CYP,figi,8
CYP,kristi,8
CYP,лапш,8
CYP,drawing,8
CYP,toothpaste whitening,8
CYP,τοματο,8
CYP,Finish,8
CYP,rucco,8
CYP,ang,8
CYP,fanta zer,8
CYP,Durex,8
CYP,Cof,8
CYP,ντα,8
CYP,frozen bro,8
CYP,schär,8
CYP,xrysi,8
CYP,hellem,8
CYP,pasta bio,8
CYP,colslaw,8
CYP,vanila extract,8
CYP,ice cream co,8
CYP,souer,8
CYP,brazi,8
CYP,Waitrose,8
CYP,milla,8
CYP,clov,8
CYP,kurkure,8
CYP,frozen ra,8
CYP,face sun,8
CYP,san mi,8
CYP,shower fel,8
CYP,ice creem,8
CYP,wapes,8
CYP,muchroom,8
CYP,dried mint,8
CYP,nas,8
CYP,xanth,8
CYP,vie,8
CYP,масло спрей,8
CYP,hibi,8
CYP,αγιος,8
CYP,earb,8
CYP,εντομο,8
CYP,tikk,8
CYP,smoked salmo,8
CYP,shit,8
CYP,oven tray,8
CYP,raising,8
CYP,baking dish,8
CYP,ντοματιν,8
CYP,o.,8
CYP,spaekling,8
CYP,natura s,8
CYP,aci,8
CYP,tvaro,8
CYP,Peanuts,8
CYP,batteries aaa,8
CYP,Buldak,8
CYP,table salt,8
CYP,сардина,8
CYP,platano,8
CYP,georgian,8
CYP,mars ice,8
CYP,филаде,8
CYP,nescafe espresso,8
CYP,caramel sauce,8
CYP,pampers s,8
CYP,cob,8
CYP,almond milk alpro,8
CYP,star pasta,8
CYP,oven pa,8
CYP,alambra feta,8
CYP,french fri,8
CYP,Dark,8
CYP,Garbage bag,8
CYP,plastic con,8
CYP,radd,8
CYP,bread b,8
CYP,chap,8
CYP,cards kinder,8
CYP,σαντ,8
CYP,suck,8
CYP,peant,8
CYP,sul,8
CYP,mayo vegan,8
CYP,melted,8
CYP,diet cole,8
CYP,soya so,8
CYP,savory,8
CYP,Tampon,8
CYP,Yogh,8
CYP,1001,8
CYP,pollo,8
CYP,скраб для тела,8
CYP,glass jar,8
CYP,mary,8
CYP,glude,8
CYP,immunity,8
CYP,tilet,8
CYP,aircash,8
CYP,yank,8
CYP,peppera,8
CYP,просе,8
CYP,spro,8
CYP,chicken gi,8
CYP,guancia,8
CYP,yoghurt plum,8
CYP,ready made,8
CYP,paximadi,8
CYP,shelf,8
CYP,gloves l,8
CYP,bubblegum,8
CYP,pizza base,8
CYP,premium care,8
CYP,αχναγαλ,8
CYP,pertier,8
CYP,paper rice,8
CYP,ρε,8
CYP,salt spray,8
CYP,for men,8
CYP,butter light,8
CYP,goats cheese,8
CYP,avica,8
CYP,bag gift,8
CYP,зелен,8
CYP,kenda,8
CYP,sandwich ice cream,8
CYP,paper rol,8
CYP,yogust,8
CYP,tuna steak,8
CYP,Almonds,8
CYP,apple vi,8
CYP,bueno ice cream,8
CYP,cheese arla,8
CYP,parmigia,8
CYP,dog tre,8
CYP,milk bread,8
CYP,кухонные,8
CYP,apinach,8
CYP,cocount,8
CYP,scweppes,8
CYP,Nes,8
CYP,fussi,8
CYP,sid,8
CYP,γαντ,8
CYP,bubl,8
CYP,coffie,8
CYP,brusse,8
CYP,nail c,8
CYP,ри,8
CYP,карри,8
CYP,dark choko,8
CYP,earp,8
CYP,Ta,8
CYP,περίπτερο,8
CYP,bananan,8
CYP,хлеб черный,8
CYP,μπιφτέκια,8
CYP,coco p,8
CYP,lactose free yog,8
CYP,Sardines,8
CYP,baby carrots,8
CYP,мусорн,8
CYP,гу,8
CYP,brat,8
CYP,aspro clear,8
CYP,καραμε,8
CYP,marsel,8
CYP,belvita,8
CYP,beu,8
CYP,yougo,8
CYP,earphones,8
CYP,hot water,8
CYP,suar,8
CYP,refuse,8
CYP,maryland,8
CYP,himal,8
CYP,dad,8
CYP,slise,8
CYP,barilla pasta,8
CYP,general cleaning,8
CYP,чедер,8
CYP,kri kri super,8
CYP,canned tuna,8
CYP,eryth,8
CYP,kuhn,8
CYP,icecube,8
CYP,chups,8
CYP,μαρμ,8
CYP,дро,8
CYP,buscu,8
CYP,spoun,8
CYP,phylo,8
CYP,weddin,8
CYP,olimpos,8
CYP,policom,8
CYP,rose s,8
CYP,frenc,8
CYP,αλευρη,8
CYP,varen,8
CYP,sauce tomato,8
CYP,καρπουζ,8
CYP,pizza sau,8
CYP,piperies,8
CYP,chewits,8
CYP,wine glasses,8
CYP,papierosy,8
CYP,mirro,8
CYP,indi,8
CYP,icecreem,8
CYP,beckm,8
CYP,villa,8
CYP,μαστίχα,8
CYP,mlekovita,8
CYP,palm oil,8
CYP,white clothes,8
CYP,vielda,8
CYP,Lavazza,8
CYP,thyma,8
CYP,bags for,8
CYP,peligrino,8
CYP,eate,8
CYP,хмели,8
CYP,cambu,8
CYP,deel,8
CYP,pinu,8
CYP,citrous,8
CYP,bao buns,8
CYP,sharks,8
CYP,dexan,8
CYP,mini c,8
CYP,woster,8
CYP,wipping,8
CYP,fast food,8
CYP,kapari,8
CYP,hollandaise,8
CYP,raze,8
CYP,makaron,8
CYP,gouda cheese,8
CYP,olive oil extra virgin,8
CYP,Protein bars,8
CYP,coca-cola,8
CYP,абрик,8
CYP,red rice,8
CYP,ρυζογα,8
CYP,showr,8
CYP,sulfate free,8
CYP,deoda,8
CYP,aspr,8
CYP,croo,8
CYP,ocean,8
CYP,tii,8
CYP,προ,8
CYP,dishwasher sal,8
CYP,маркер,8
CYP,apos,8
CYP,bsby,8
CYP,Paprika,8
CYP,uc,8
CYP,men deodorant,8
CYP,gold blend,8
CYP,maskar,8
CYP,karum,8
CYP,eng,8
CYP,hand soap refill,8
CYP,frup,8
CYP,beana,8
CYP,0 fat,8
CYP,whey pro,8
CYP,brom,8
CYP,medela,8
CYP,лавро,8
CYP,god,8
CYP,vegtables,8
CYP,creme frai,8
CYP,instant yeast,8
CYP,no sugar ice,8
CYP,won,8
CYP,кубики,8
CYP,лимонный сок,8
CYP,sping,8
CYP,σφουγγάρια,8
CYP,Hall,8
CYP,cleans,8
CYP,фр,8
CYP,cumi,8
CYP,baun,8
CYP,yigurt,8
CYP,chilli p,8
CYP,ikiddo,8
CYP,farmer,8
CYP,savinion,8
CYP,teres,8
CYP,cop,8
CYP,barle,8
CYP,ζυμη,8
CYP,disposable gloves,8
CYP,aluminum foil,8
CYP,maltisers,8
CYP,desse,8
CYP,αλατα,8
CYP,soya cream,8
CYP,leak,8
CYP,pinapp,8
CYP,commanda,8
CYP,aly,8
CYP,chicken spi,8
CYP,бул,8
CYP,bora,8
CYP,plastic g,8
CYP,pork shoulder,8
CYP,suger free,8
CYP,sena,8
CYP,tippex,8
CYP,marshmellow,8
CYP,laik,8
CYP,ceylon,8
CYP,lightbulb,8
CYP,num,8
CYP,Burger buns,8
CYP,base,8
CYP,χριση,8
CYP,sosige,8
CYP,soy souce,8
CYP,sweet pap,8
CYP,frozen birds,8
CYP,chilli crunch,8
CYP,sambuca,8
CYP,dry shampo,8
CYP,moskit,8
CYP,fol,8
CYP,calsber,8
CYP,καραμέλα,8
CYP,зубн,8
CYP,srimp,8
CYP,green chil,8
CYP,саля,8
CYP,baque,8
CYP,γαλατακ,8
CYP,wish card,8
CYP,kwak,8
CYP,carrota,8
CYP,Chees,8
CYP,wetw,8
CYP,nan 1,8
CYP,world cu,8
CYP,goggle,8
CYP,cooking crea,8
CYP,feijao,8
CYP,carrots frozen,8
CYP,kich,8
CYP,canage,8
CYP,ziplo,8
CYP,cointr,8
CYP,lax,8
CYP,Mar,8
CYP,scour,8
CYP,mila,8
CYP,dishwash salt,8
CYP,tpilet paper,8
CYP,lemonade squash,8
CYP,water coconut,8
CYP,cocunat,8
CYP,Haagen,8
CYP,pine apple,8
CYP,healthy bars,8
CYP,παιχνιδια,8
CYP,παρμεζάνα,8
CYP,neo,8
CYP,vela,8
CYP,light m,8
CYP,salt pepper,8
CYP,ini,8
CYP,had,8
CYP,send,8
CYP,бумажные поло,8
CYP,beba,8
CYP,βανιλι,8
CYP,hot whee,8
CYP,Avoca,8
CYP,massal,8
CYP,fresh oni,8
CYP,hirom,8
CYP,брынза,8
CYP,satzis,8
CYP,watermell,8
CYP,curry leaves,8
CYP,colman,8
CYP,wet napk,8
CYP,yogour,8
CYP,samolina,8
CYP,tortilla wraps,8
CYP,nose spray,8
CYP,chopped t,8
CYP,kitchen rool,8
CYP,ion milk,8
CYP,torr,8
CYP,protwin,8
CYP,um,8
CYP,squeez,8
CYP,kus,8
CYP,ром,8
CYP,polish remover,8
CYP,rice pape,8
CYP,thime,8
CYP,thousand,8
CYP,cookies and cream,8
CYP,sherry,8
CYP,hipp com,8
CYP,black salt,8
CYP,Oliv,8
CYP,oil paper,8
CYP,marou,8
CYP,chef,8
CYP,спреи,8
CYP,γυρ,8
CYP,Pamper,8
CYP,plump,8
CYP,franzi,8
CYP,dovr,8
CYP,allbran,8
CYP,toillet,8
CYP,pale ale,8
CYP,cold coffe,8
CYP,jamo,8
CYP,Tampax,8
CYP,τσάντα,8
CYP,make up rem,8
CYP,Olympos,8
CYP,goat chees,8
CYP,siri,8
CYP,burher,8
CYP,μαγιονε,8
CYP,sleep tea,8
CYP,habits,8
CYP,week,8
CYP,alpro yogurt,8
CYP,υγρό πια,8
CYP,GUM,8
CYP,champigno,8
CYP,pepai,8
CYP,red apple,8
CYP,lee kum kee,8
CYP,formozes,8
CYP,zero calories,8
CYP,picnik,8
CYP,oxo,8
CYP,renny,8
CYP,овсяная мука,8
CYP,Laundry soap,8
CYP,unsalte,8
CYP,seitan,8
CYP,pierr,8
CYP,cherry jam,8
CYP,swimming ring,8
CYP,vegan may,8
CYP,chicken fingers,8
CYP,Seed of,8
CYP,donestis,8
CYP,ice l,8
CYP,stt,8
CYP,diosmos,8
CYP,dice,8
CYP,κουν,8
CYP,зеле,8
CYP,avaca,8
CYP,spur,8
CYP,playes,8
CYP,instant grill,8
CYP,κατσικισιο,8
CYP,mayonez,8
CYP,coaster,8
CYP,Always,8
CYP,hoegar,8
CYP,oliver,8
CYP,kery,8
CYP,κει,8
CYP,pomp,8
CYP,beef liver,8
CYP,floor mop,8
CYP,papafilipp,8
CYP,flushable,8
CYP,sno,8
CYP,lound,8
CYP,panka,8
CYP,bakinf,8
CYP,keych,8
CYP,shampoi,8
CYP,nite,8
CYP,εύρηκα,8
CYP,battary,8
CYP,τυρι τριμ,8
CYP,tom yum,8
CYP,play d,8
CYP,strawberry pure,8
CYP,gel douche,8
CYP,безалкого,8
CYP,tinfoil,8
CYP,nikis,8
CYP,megval,8
CYP,Wax,8
CYP,soon,8
CYP,адаптер,8
CYP,go on protein,8
CYP,bacandys,8
CYP,sit,8
CYP,wine op,8
CYP,hair pin,8
CYP,dj,8
CYP,long li,8
CYP,καραμελες,8
CYP,Rum,8
CYP,μαρο,8
CYP,pork ch,8
CYP,appricot,8
CYP,greek yogurt 0,8
CYP,shan,8
CYP,alho,8
CYP,offee,8
CYP,herky,8
CYP,sovi,8
CYP,sliced chee,8
CYP,vanilla s,8
CYP,protein spread,8
CYP,vine le,8
CYP,sousages,8
CYP,putting,8
CYP,Lighter,8
CYP,button,8
CYP,lays cheese,8
CYP,port wine,8
CYP,savig,8
CYP,agrino rice,8
CYP,COFFEE,8
CYP,marshmall,8
CYP,ut,8
CYP,μωρομάντηλα,8
CYP,ose,8
CYP,refre,8
CYP,dr beckm,8
CYP,water mellon,8
CYP,kraft,8
CYP,prince,8
CYP,Ice tea,8
CYP,cheshire,8
CYP,comforr,8
CYP,plastic forks,8
CYP,lok,8
CYP,pomm,8
CYP,nature vall,8
CYP,turci,8
CYP,rade,8
CYP,hand paper,8
CYP,cathe,8
CYP,vegetable mix,8
CYP,chro,8
CYP,delights,8
CYP,dorado,8
CYP,cigaretes,8
CYP,berf,8
CYP,Leon,8
CYP,chopped ham,8
CYP,oat bis,8
CYP,penat,8
CYP,kraut,8
CYP,сг,8
CYP,rapsberry,8
CYP,pez,8
CYP,капус,8
CYP,васаби,8
CYP,fetta cheese,8
CYP,yougort,8
CYP,riko,8
CYP,tack,8
CYP,sparc,8
CYP,reid,8
CYP,sheep yoghurt,8
CYP,pickled onion,8
CYP,Dr be,8
CYP,musr,8
CYP,hair ma,8
CYP,soir,8
CYP,wine bag,8
CYP,капу,8
CYP,fay facial,8
CYP,resee,8
CYP,Russian,8
CYP,protein shak,8
CYP,funny milkman,8
CYP,шампан,8
CYP,φρυγανιά,8
CYP,σελ,8
CYP,mashed pot,8
CYP,watte,8
CYP,beach towel,8
CYP,кумин,8
CYP,απιονισμένο,8
CYP,батончик без сахара,8
CYP,handso,8
CYP,allu,8
CYP,макар,8
CYP,solero,8
CYP,ben jerrys,8
CYP,matress,8
CYP,aji,8
CYP,pq,8
CYP,berna,8
CYP,tomay,8
CYP,cheese snack,8
CYP,gerk,8
CYP,гази,8
CYP,mintiki,8
CYP,whet,8
CYP,mirind,8
CYP,tomt,8
CYP,green col,8
CYP,black c,8
CYP,chopstick,8
CYP,franoi,8
CYP,mosqito,8
CYP,panta,8
CYP,elle,8
CYP,chocolate ice,8
CYP,zy,8
CYP,turkwy,8
CYP,pampers no5,8
CYP,pork sausages,8
CYP,cald,8
CYP,фил,8
CYP,cream soap,8
CYP,mouss,8
CYP,babywip,8
CYP,ifan,8
CYP,крем сыр,8
CYP,Alpha,8
CYP,cutlets,8
CYP,tinn,8
CYP,prob,8
CYP,rotisserie,8
CYP,сырные,8
CYP,lemi,8
CYP,dishwasher tab,8
CYP,paper ki,8
CYP,халу,8
CYP,Wrap,8
CYP,моцарел,8
CYP,quiche,8
CYP,ice cream nutella,8
CYP,almond but,8
CYP,τσίχλες,8
CYP,suro,8
CYP,cat t,8
CYP,таракан,8
CYP,skimm,8
CYP,fanta lemo,8
CYP,why,8
CYP,Tobacco,8
CYP,raw corn,8
CYP,San pellegrino,8
CYP,Pepsi zero,8
CYP,коньяк,8
CYP,zucchin,8
CYP,baby bro,8
CYP,canb,8
CYP,coconut cr,8
CYP,brown sauce,8
CYP,sidr,8
CYP,baby b,8
CYP,lufa,8
CYP,pomstick,8
CYP,παγοθ,8
CYP,parodontax,8
CYP,whole earth,8
CYP,popkorn,8
CYP,κρεμα γα,8
CYP,оливков,8
CYP,τόνο,8
CYP,coconut y,8
CYP,wholewheat pasta,8
CYP,Cup,8
CYP,cip,8
CYP,hair iron,8
CYP,kitchen cloth,8
CYP,greg,8
CYP,κατσαριδες,8
CYP,ice tr,8
CYP,coul,8
CYP,parmigano,8
CYP,jhonso,8
CYP,watermello,8
CYP,hawa,8
CYP,michi,8
CYP,beeries,8
CYP,heni,8
CYP,camomi,8
CYP,ασημοχαρτο,8
CYP,herbamare,8
CYP,fava bean,8
CYP,lettue,8
CYP,rool,8
CYP,power strip,8
CYP,savoua,8
CYP,wua,8
CYP,намазка,8
CYP,greek salad,8
CYP,water s,8
CYP,Kiosk,8
CYP,rice bio,8
CYP,crepa,8
CYP,wolt mark,8
CYP,hookah,8
CYP,rice kr,8
CYP,rue,8
CYP,wuaker,8
CYP,milk l,8
CYP,regato,8
CYP,alpro yo,8
CYP,redbool,8
CYP,marlborough,8
CYP,shuga,8
CYP,edame,8
CYP,ice cream nut,8
CYP,carmel,8
CYP,m & m,8
CYP,σκόνη,8
CYP,κουταλ,8
CYP,atum,8
CYP,kt,8
CYP,sww,8
CYP,batary,8
CYP,candom,8
CYP,pellegrin,8
CYP,чес,8
CYP,cigarrete,8
CYP,nout,8
CYP,karp,8
CYP,Масло,8
CYP,ντοματίνια,8
CYP,Clothes,8
CYP,yogurt vanilla,8
CYP,ποτηρ,8
CYP,pomace,8
CYP,paoer,8
CYP,s.pel,8
CYP,κερασ,8
CYP,попк,8
CYP,esr,8
CYP,teacher,8
CYP,ladder,8
CYP,full cream,8
CYP,off,8
CYP,Johnson's,8
CYP,dave,8
CYP,orange juc,8
CYP,πορτοκαλαδα,8
CYP,nail cli,8
CYP,tomato tin,8
CYP,baby mi,8
CYP,champagn,8
CYP,stor,8
CYP,fillo,8
CYP,head an,8
CYP,bira,8
CYP,cigarrette,8
CYP,samb,8
CYP,color mag,8
CYP,κοτομπουκιες,8
CYP,lays vinegar,8
CYP,saft,8
CYP,куриный фарш,8
CYP,laundary,8
CYP,KEO,8
CYP,pad thai,8
CYP,кре,8
CYP,mamm,8
CYP,Prote,8
CYP,frozen meals,8
CYP,ladyfin,8
CYP,baby bis,8
CYP,oat milk barista,8
CYP,berill,8
CYP,lackmann,8
CYP,winegar,8
CYP,ia,8
CYP,Grape,8
CYP,chicken tigh,8
CYP,lahana,8
CYP,batata,8
CYP,tera,8
CYP,tout,8
CYP,stool,8
CYP,potao,8
CYP,doh,8
CYP,protein pancakes,8
CYP,chiki,8
CYP,baccardi,8
CYP,alcohol 70,8
CYP,karpouzi,8
CYP,champin,8
CYP,sweetpotato,8
CYP,salt and vin,8
CYP,αφρό,8
CYP,shapp,8
CYP,schi,8
CYP,puck,8
CYP,lubrica,8
CYP,kai,8
CYP,frozen carrot,8
CYP,waschmittel,8
CYP,burgu,8
CYP,crab st,8
CYP,Syoss,8
CYP,egb,8
CYP,laud,8
CYP,honey m,8
CYP,pecorino romano,8
CYP,pistacho,8
CYP,mini rolls,8
CYP,apron,8
CYP,strawberry fro,8
CYP,stram,8
CYP,vu,8
CYP,remo,8
CYP,Egg white,8
CYP,pork tri,8
CYP,wash powder,8
CYP,macc,8
CYP,Instant noodles,8
CYP,terkey,8
CYP,kefor,8
CYP,moun,8
CYP,pasta kids,8
CYP,мускатный орех,8
CYP,yioti,8
CYP,pistacchio,8
CYP,organic coffee,8
CYP,aloevera,8
CYP,biscoff ice,8
CYP,батарей,8
CYP,oll,8
CYP,honney,8
CYP,training,8
CYP,quave,8
CYP,baby broc,8
CYP,s. pell,8
CYP,highli,8
CYP,baby toys,8
CYP,ice form,8
CYP,eet,8
CYP,choco powder,8
CYP,кинд,8
CYP,φυσ,8
CYP,compo,8
CYP,helmet,8
CYP,karu,8
CYP,ανθονε,8
CYP,mix juice,8
CYP,power extension,8
CYP,chockate,8
CYP,pistachio cream,8
CYP,sangr,8
CYP,sher,8
CYP,conditioner pantene,8
CYP,масло сли,8
CYP,Whiskey,8
CYP,toilet br,8
CYP,chupa chups,8
CYP,mochito,8
CYP,Plates,8
CYP,lime jui,8
CYP,tea pot,8
CYP,zita super,8
CYP,Peppers,8
CYP,baby spoon,8
CYP,burget,8
CYP,bianco nero,8
CYP,coffee liq,8
CYP,germ,8
CYP,см,8
CYP,муссорные,8
CYP,L'Oréal,8
CYP,wine non,8
CYP,vare,8
CYP,freixenet,8
CYP,jamin,8
CYP,pann,8
CYP,μπρατσακια,8
CYP,toilrt,8
CYP,la vache qui,8
CYP,bait,8
CYP,lessive,8
CYP,dolce gusto,8
CYP,hydrat,8
CYP,fragra,8
CYP,chicken whole,8
CYP,пельмен,8
CYP,yes,8
CYP,cousc,8
CYP,κουταλα,8
CYP,ajx,8
CYP,orange jam,8
CYP,fanta z,8
CYP,ultra doux,8
CYP,cocroach,8
CYP,grand potato,8
CYP,φιδέ,8
CYP,choclaye,8
CYP,winsto,8
CYP,γυ,8
CYP,dixon,8
CYP,copper,8
CYP,rugger,8
CYP,granola protein,8
CYP,cron,8
CYP,mars ice cream,8
CYP,muh,8
CYP,mnms,8
CYP,bubble bath,8
CYP,nissin,8
CYP,world cup sti,8
CYP,bagett,8
CYP,lays fourno,8
CYP,μοσχο,8
CYP,yugo,8
CYP,desinfect,8
CYP,mohi,8
CYP,prow,8
CYP,canish,8
CYP,saussage,8
CYP,rice ba,8
CYP,scwe,8
CYP,Biscoff,8
CYP,celtic salt,8
CYP,schni,8
CYP,corrage,8
CYP,pork sau,8
CYP,σαρδελες,8
CYP,taboo,8
CYP,nilox,8
CYP,буррата,8
CYP,nail gel,8
CYP,snitsel,8
CYP,ροδα,8
CYP,cold and flu,8
CYP,dacos,8
CYP,chicolate chips,8
CYP,sweet pepper,8
CYP,авокад,8
CYP,bim,8
CYP,marouli,8
CYP,swhe,8
CYP,frozen pastry,8
CYP,spagettini,8
CYP,γιαουρτακι,8
CYP,papes,8
CYP,You,8
CYP,chamomi,8
CYP,филаделфия,8
CYP,cub,8
CYP,soups,8
CYP,chicken gizzard,8
CYP,lipton ice,8
CYP,3in1,8
CYP,vanilla vodka,8
CYP,mespila,8
CYP,pek,8
CYP,mushroom sauce,8
CYP,toilet papr,8
CYP,serano peanut,8
CYP,saug,8
CYP,hien,8
CYP,bjorg,8
CYP,Car,8
CYP,Ja,8
CYP,Nut,8
CYP,maycha,8
CYP,badmati,8
CYP,zita yo,8
CYP,Birthday,8
CYP,chill be,8
CYP,marsala,8
CYP,marsc,8
CYP,ροδοστα,8
CYP,gluten free ice cream,8
CYP,kinza,8
CYP,wibe,8
CYP,φασ,8
CYP,fata,8
CYP,детское,8
CYP,κερας,8
CYP,gruit,8
CYP,sugg,8
CYP,picled,8
CYP,dried oregano,8
CYP,isotoni,8
CYP,dishwashing salt,8
CYP,milk a,8
CYP,roast beef,8
CYP,nesspreso,8
CYP,mashed potato,8
CYP,rice microwave,8
CYP,alpro yoghurt,8
CYP,pork m,8
CYP,canola oil,8
CYP,blossom water,8
CYP,σαρδελ,8
CYP,hersh,8
CYP,Floor,8
CYP,pelegrin,8
CYP,frying oil,8
CYP,βουτυρος,8
CYP,ciaba,8
CYP,Maggi,8
CYP,суши,8
CYP,πουτιγκα,8
CYP,cooci,8
CYP,бритв,8
CYP,curc,8
CYP,χωνάκια,8
CYP,sow,8
CYP,лемон,8
CYP,topps,8
CYP,revlon,8
CYP,nish,8
CYP,small bin bags,8
CYP,μπατονε,8
CYP,ketsa,8
CYP,πλυντηριο,8
CYP,exf,8
CYP,wet cat food,8
CYP,mortadell,8
CYP,Fa,8
CYP,sport drink,8
CYP,deh,8
CYP,abricot,8
CYP,milk ch,8
CYP,airfresh,8
CYP,rokk,8
CYP,клубн,8
CYP,tukey,8
CYP,alpro coco,8
CYP,fragr,8
CYP,mere,8
CYP,cream light,8
CYP,teth,8
CYP,noodled,8
CYP,dettol laundry,8
CYP,bber,8
CYP,oneblade,8
CYP,κουλουρι,8
CYP,keri,8
CYP,точилка,8
CYP,Peach,8
CYP,playe,8
CYP,sun l,8
CYP,evapora,8
CYP,pimp,8
CYP,nostimia,8
CYP,καθαρι,8
CYP,σπανάκι,8
CYP,resbull,8
CYP,crackera,8
CYP,πατατάκια,8
CYP,calo,8
CYP,intimate hygiene,8
CYP,greenfield,8
CYP,κρέμα γ,8
CYP,los,8
CYP,yomato,8
CYP,aube,8
CYP,crabs,8
CYP,florin,8
CYP,panthe,8
CYP,halloween,8
CYP,wine gu,8
CYP,chocolate mini,8
CYP,Mo,8
CYP,nexba,8
CYP,crushed ice,8
CYP,baby wips,8
CYP,plastic gl,8
CYP,covo,8
CYP,ruggery,8
CYP,takkis,8
CYP,tamar,8
CYP,труб,8
CYP,cath,8
CYP,barrila,8
CYP,tools,8
CYP,anti bac,8
CYP,condenced milk,8
CYP,rocher,8
CYP,αγγουράκια,8
CYP,granb,8
CYP,letruce,8
CYP,bird eye,8
CYP,Dog food,8
CYP,degreaser,8
CYP,bread fresh,8
CYP,bread r,8
CYP,chocolatw,8
CYP,manic,8
CYP,blue berr,8
CYP,wet tissu,8
CYP,maionese,8
CYP,μπιφτέκι,8
CYP,lemonade kean,8
CYP,warermelon,8
CYP,soupe,8
CYP,Agros,8
CYP,Pr,8
CYP,philadelphia light,8
CYP,proscuito,8
CYP,αυγο,8
CYP,bacn,8
CYP,spanch,8
CYP,pink gre,8
CYP,chips protein,8
CYP,garnier fructis,8
CYP,doe,8
CYP,paxo,8
CYP,cashew butter,8
CYP,плавленный,8
CYP,wholegra,8
CYP,poma,8
CYP,cet,8
CYP,football cards,8
CYP,πιπιλα,8
CYP,Lamb,8
CYP,ive cre,8
CYP,prt,8
CYP,σερβιεττες,8
CYP,спа,8
CYP,ско,8
CYP,mantova,8
CYP,jack links,8
CYP,ion cho,8
CYP,olie,8
CYP,sun d,8
CYP,vepo gouda,8
CYP,honey mu,8
CYP,clothes wash,8
CYP,hand mixer,8
CYP,cheese bites,8
CYP,proteino,8
CYP,tari,8
CYP,petite,8
CYP,oil spr,8
CYP,fif,8
CYP,pickled cucumber,8
CYP,tamato,8
CYP,rafaell,8
CYP,hipp 1,8
CYP,cooking c,8
CYP,vapr,8
CYP,sfo,8
CYP,raiz,8
CYP,aroma van,8
CYP,soy m,8
CYP,Bakery,8
CYP,veri,8
CYP,chuck,8
CYP,coffee creamer,8
CYP,mec,8
CYP,frulite,8
CYP,polaret,8
CYP,body sc,8
CYP,casta,8
CYP,τσιπου,8
CYP,turn,8
CYP,molisa,8
CYP,calories,8
CYP,water 1l,8
CYP,τραχα,8
CYP,aleuri,8
CYP,amb,8
CYP,juice cherry,8
CYP,савоярди,8
CYP,glycerine,8
CYP,pink sta,8
CYP,nata,8
CYP,kikoman,8
CYP,μαρμελα,8
CYP,boursin,8
CYP,papas,8
CYP,laye,8
CYP,ανηθ,8
CYP,black bag,8
CYP,cyr,8
CYP,natures,8
CYP,elc,8
CYP,chocolad,8
CYP,cleenex,8
CYP,dishcloth,8
CYP,sheb,8
CYP,gift paper,8
CYP,nil,8
CYP,ζελέ,8
CYP,cooked turkey,8
CYP,tasi,8
CYP,φυστικοβουτηρο,8
CYP,johno,8
CYP,горо,8
CYP,yoghurt greek,8
CYP,harobo,8
CYP,γιαουρτη,8
CYP,rucol,8
CYP,свеча,8
CYP,rip,8
CYP,frozen yu,8
CYP,μανα,8
CYP,fishnet,8
CYP,pomer,8
CYP,Diet,8
CYP,davies,8
CYP,eyelash,8
CYP,laikou,8
CYP,παριζακι,8
CYP,smoking paper,8
CYP,сиг,8
CYP,olo,8
CYP,foam roller,8
CYP,pirk,8
CYP,creta farms,8
CYP,миксер,8
CYP,rain,8
CYP,frou fro,8
CYP,arnica,8
CYP,natural water,8
CYP,salr,8
CYP,φουσκωτό,8
CYP,alcohol free wine,8
CYP,pia,8
CYP,капсу,8
CYP,whisker,8
CYP,cocoun,8
CYP,τζατ,8
CYP,miller,8
CYP,regg,8
CYP,cleaning products,8
CYP,coke sero,8
CYP,frozen rasb,8
CYP,Melon,8
CYP,cheese grate,8
CYP,swim pants,8
CYP,washing up li,8
CYP,lemoni,8
CYP,marsca,8
CYP,serano chips,8
CYP,hois,8
CYP,σουρω,8
CYP,eld,8
CYP,Duracell,8
CYP,rhode,8
CYP,coffee ice,8
CYP,Lurpak,8
CYP,Cockroach,8
CYP,pto,8
CYP,hair clay,8
CYP,lash,8
CYP,tallow,8
CYP,John,8
CYP,rikotta,8
CYP,мя,8
CYP,sosages,8
CYP,floue,8
CYP,pesto barilla,8
CYP,κατσα,8
CYP,facial spray,8
CYP,apple pure,8
CYP,soap dettol,8
CYP,catan,8
CYP,Barba,8
CYP,vegan chips,8
CYP,губ,8
CYP,vat,8
CYP,frou fr,8
CYP,ζυμαρ,8
CYP,coco pow,8
CYP,frozen burger,8
CYP,sea weed,8
CYP,гель для бритья,8
CYP,bambers,8
CYP,toster,8
CYP,mega,8
CYP,silvo,8
CYP,pukka,8
CYP,бритвы,8
CYP,low f,8
CYP,train,8
CYP,oreng,8
CYP,доктор,8
CYP,spei,8
CYP,choi,8
CYP,juice peach,8
CYP,math,8
CYP,delu,8
CYP,amazing island,8
CYP,parslay,8
CYP,σοδες,8
CYP,present bag,8
CYP,Ice c,8
CYP,refill soap,8
CYP,Past,8
CYP,πουργου,8
CYP,corinder,8
CYP,copa,8
CYP,ery,8
CYP,Coff,8
CYP,rude heal,8
CYP,galopo,8
CYP,nasal spray,8
CYP,air w,8
CYP,pran,8
CYP,london,8
CYP,tomatoes can,8
CYP,ryaz,8
CYP,johnsoff,8
CYP,κεφι,8
CYP,σολ,8
CYP,dishe,8
CYP,Tort,8
CYP,rash,8
CYP,cee,8
CYP,wathe,8
CYP,тапочки,8
CYP,кукуруз,8
CYP,alou,8
CYP,πολυ,8
CYP,Phil,8
CYP,earth,8
CYP,parb,8
CYP,bleu,8
CYP,cilantr,8
CYP,merl,8
CYP,kleenez,8
CYP,ement,8
CYP,snakes,8
CYP,guanci,8
CYP,arla prote,8
CYP,cinemon,8
CYP,tomato sayce,8
CYP,porat,8
CYP,pumkin seeds,8
CYP,ion break,8
CYP,facial tissue,8
CYP,tessan,8
CYP,body l,8
CYP,fried chicken,8
CYP,chocolet,8
CYP,pumpkin s,8
CYP,dettol s,8
CYP,tatz,8
CYP,kipos,8
CYP,pizza sause,8
CYP,ponk,8
CYP,Sunscreen,8
CYP,pastour,8
CYP,морская капуста,8
CYP,sugarly,8
CYP,black choco,8
CYP,eggw,8
CYP,san m,8
CYP,rice wine,8
CYP,protein i,8
CYP,grapefruit soda,8
CYP,down,8
CYP,weatabix,8
CYP,ice pops,8
CYP,twe,8
CYP,tooths,8
CYP,iam,8
CYP,ice crema,8
CYP,Plum,8
CYP,creame cheese,8
CYP,hav,8
CYP,bout,8
CYP,maskarpone,8
CYP,plant base,8
CYP,panini sti,8
CYP,arabic pitta,8
CYP,чай черный,8
CYP,money,8
CYP,соки,8
CYP,хлебц,8
CYP,baban,8
CYP,rhubarb,8
CYP,shampoo loreal,8
CYP,круас,8
CYP,protein s,8
CYP,fei,8
CYP,kids y,7
CYP,milke,7
CYP,hyd,7
CYP,mater,7
CYP,black eyed beans,7
CYP,san pelegrin,7
CYP,σοκ,7
CYP,ch8cken,7
CYP,лим,7
CYP,Little's,7
CYP,philadelfi,7
CYP,lighters,7
CYP,souri,7
CYP,microgreen,7
CYP,coconut mill,7
CYP,jelly b,7
CYP,ep,7
CYP,baby rice,7
CYP,ronaldo,7
CYP,garid,7
CYP,cocro,7
CYP,Ca,7
CYP,table napkin,7
CYP,tootg,7
CYP,cheese sou,7
CYP,soia,7
CYP,антисептик,7
CYP,ручка,7
CYP,οινοπν,7
CYP,corn crackers,7
CYP,hashb,7
CYP,pudin,7
CYP,mandel,7
CYP,красная,7
CYP,organic honey,7
CYP,kitchen eoll,7
CYP,baking power,7
CYP,Fanta lemon,7
CYP,chilli con,7
CYP,elecr,7
CYP,ville,7
CYP,flour rice,7
CYP,weisse,7
CYP,ice cream water,7
CYP,cathed,7
CYP,наушники,7
CYP,ruff,7
CYP,hot wheel,7
CYP,protein snack,7
CYP,olympoa,7
CYP,креветк,7
CYP,активия,7
CYP,akt,7
CYP,βασι,7
CYP,fry light,7
CYP,Kitchen paper,7
CYP,unc,7
CYP,cheese eda,7
CYP,carnat,7
CYP,fib,7
CYP,juuce,7
CYP,farry,7
CYP,straggisto,7
CYP,kids toothbrush,7
CYP,johnos,7
CYP,vegan c,7
CYP,presid,7
CYP,ice cream lactose free,7
CYP,natura siber,7
CYP,pago,7
CYP,croix,7
CYP,pork souvla,7
CYP,brin,7
CYP,milksh,7
CYP,weetabic,7
CYP,typ,7
CYP,Γιωτης,7
CYP,vanilla syrop,7
CYP,inflatab,7
CYP,butter salt,7
CYP,baked b,7
CYP,bread whole,7
CYP,healthy habbits,7
CYP,flover,7
CYP,οδοντογλ,7
CYP,שמפו,7
CYP,Str,7
CYP,Parme,7
CYP,wholeg,7
CYP,soutzoukos,7
CYP,toffifee,7
CYP,martini rose,7
CYP,σουσα,7
CYP,petroleum,7
CYP,paral,7
CYP,гр,7
CYP,sharw,7
CYP,laundry gel,7
CYP,kreker,7
CYP,Capsules,7
CYP,cat wet,7
CYP,lady fi,7
CYP,always daily,7
CYP,loreal men expert,7
CYP,паке,7
CYP,ladyfi,7
CYP,till,7
CYP,kalamaki,7
CYP,beer no alcohol,7
CYP,ice cream stick,7
CYP,vinaigrette,7
CYP,san mig,7
CYP,κολιαν,7
CYP,lime squash,7
CYP,soread,7
CYP,starv,7
CYP,trimm,7
CYP,halli,7
CYP,порей,7
CYP,nikifor,7
CYP,kerry gold,7
CYP,сырк,7
CYP,μιας χρησης,7
CYP,σωμα,7
CYP,serano popcorn,7
CYP,onoin,7
CYP,cleaning towel,7
CYP,vannila,7
CYP,kindr,7
CYP,choco chip,7
CYP,curcum,7
CYP,σφουγγαρια,7
CYP,πετσί,7
CYP,lump,7
CYP,cake candles,7
CYP,sweetne,7
CYP,kri kri super spoon,7
CYP,σαλτσα ντοματας,7
CYP,schwarzkopf,7
CYP,χου,7
CYP,tooth brus,7
CYP,φυλλο κρουστας,7
CYP,plain f,7
CYP,coofee,7
CYP,Pickle,7
CYP,coriander seeds,7
CYP,deodorant roll,7
CYP,rice floor,7
CYP,spring rol,7
CYP,Dr beck,7
CYP,dr. beckman,7
CYP,cottagw,7
CYP,manga,7
CYP,Choc,7
CYP,john fried,7
CYP,tok,7
CYP,bathro,7
CYP,ло,7
CYP,pampers swim,7
CYP,dulce de,7
CYP,fru fru,7
CYP,creme f,7
CYP,ηχειο,7
CYP,redbull white,7
CYP,Waterme,7
CYP,chicken l,7
CYP,cheesr,7
CYP,asado,7
CYP,nany,7
CYP,bolt,7
CYP,daiper,7
CYP,Okra,7
CYP,grr,7
CYP,lundry,7
CYP,vai,7
CYP,tabb,7
CYP,elg,7
CYP,ipho,7
CYP,loel,7
CYP,biscot,7
CYP,deser,7
CYP,χτενα,7
CYP,white vinega,7
CYP,stra2,7
CYP,φτ,7
CYP,biskof,7
CYP,rio mar,7
CYP,ice cube tray,7
CYP,Cottage Cheese,7
CYP,stora,7
CYP,camemb,7
CYP,ζελατ,7
CYP,levander,7
CYP,sklavenit,7
CYP,lemon curd,7
CYP,wter,7
CYP,eyebr,7
CYP,diplo,7
CYP,floup,7
CYP,chocolate yogurt,7
CYP,rekord,7
CYP,lavac,7
CYP,choclet,7
CYP,κρεμυδια,7
CYP,eye c,7
CYP,king of olive,7
CYP,fruits frozen,7
CYP,cheese feta,7
CYP,κρεμυ,7
CYP,оаощи,7
CYP,ice cream low,7
CYP,toilet bin,7
CYP,pingu,7
CYP,μηλοξ,7
CYP,thank you card,7
CYP,face care,7
CYP,rice basma,7
CYP,boneless chicken,7
CYP,snaka,7
CYP,zero sugar ice,7
CYP,Seasoning,7
CYP,tresem,7
CYP,7uo,7
CYP,sardel,7
CYP,sanitry,7
CYP,kotchen,7
CYP,tin tomatoes,7
CYP,tin tom,7
CYP,kotopoulo,7
CYP,vegita,7
CYP,color book,7
CYP,πατάτ,7
CYP,saisage,7
CYP,chryso,7
CYP,burger sa,7
CYP,auta,7
CYP,fasoli,7
CYP,солоко,7
CYP,sprir,7
CYP,lays oregano,7
CYP,τοματες,7
CYP,aroxol gel,7
CYP,vergi,7
CYP,oat alpro,7
CYP,solomo,7
CYP,cotton s,7
CYP,water sparkl,7
CYP,λαχανο,7
CYP,stars,7
CYP,icer,7
CYP,perroni,7
CYP,rudol,7
CYP,clippers,7
CYP,konjak,7
CYP,Peps,7
CYP,backe,7
CYP,χουμους,7
CYP,seme,7
CYP,ηλια,7
CYP,eel,7
CYP,aca,7
CYP,le pet,7
CYP,yoghurt zita,7
CYP,gratef cheese,7
CYP,conditionet,7
CYP,φασολακ,7
CYP,gelo,7
CYP,cheeese,7
CYP,mable,7
CYP,disa,7
CYP,lemon salt,7
CYP,airfreshner,7
CYP,vine leav,7
CYP,Batteries,7
CYP,ice re,7
CYP,nul,7
CYP,philadelphi,7
CYP,calmari,7
CYP,μελιτζ,7
CYP,πίτσα,7
CYP,graded,7
CYP,рисо,7
CYP,patata,7
CYP,turneric,7
CYP,fruir,7
CYP,guacamo,7
CYP,nuri,7
CYP,ls,7
CYP,achar,7
CYP,vig,7
CYP,Camembert,7
CYP,volleyball,7
CYP,rose wate,7
CYP,calcium,7
CYP,procc,7
CYP,vanilli,7
CYP,τριμμενο,7
CYP,sie,7
CYP,масло п,7
CYP,galatakia,7
CYP,pockles,7
CYP,minced meet,7
CYP,nivea spf,7
CYP,rossa,7
CYP,txa,7
CYP,salmom,7
CYP,rasberrie,7
CYP,meter,7
CYP,oat bread,7
CYP,swepps,7
CYP,wet whipes,7
CYP,soop,7
CYP,kitce,7
CYP,water 10 l,7
CYP,vater,7
CYP,ica,7
CYP,листья,7
CYP,κουο,7
CYP,ade,7
CYP,white sponge,7
CYP,крылышки,7
CYP,mango sauce,7
CYP,косичка,7
CYP,Clorox,7
CYP,tig,7
CYP,veg noodles,7
CYP,tale,7
CYP,brook,7
CYP,biscuts,7
CYP,моющее,7
CYP,fij,7
CYP,vanilla pudding,7
CYP,cirial,7
CYP,baby yoghurt,7
CYP,λαχαν,7
CYP,bottle water,7
CYP,guinne,7
CYP,obst,7
CYP,96%,7
CYP,гель для д,7
CYP,phyla,7
CYP,sponge bath,7
CYP,цикорий,7
CYP,finet,7
CYP,Coconut oil,7
CYP,katch,7
CYP,اندومي,7
CYP,efg,7
CYP,chili fl,7
CYP,natureo,7
CYP,waterl,7
CYP,bicarbo,7
CYP,strained yo,7
CYP,tvar,7
CYP,πορτ,7
CYP,dark chol,7
CYP,tamb,7
CYP,νεκταρινια,7
CYP,mev,7
CYP,multivit,7
CYP,aromati,7
CYP,Jui,7
CYP,goy,7
CYP,salmin,7
CYP,franks,7
CYP,yoilet,7
CYP,backwheat,7
CYP,hair toner,7
CYP,spring o,7
CYP,шоколадное молоко,7
CYP,cottae,7
CYP,cracj,7
CYP,dried meat,7
CYP,wcover,7
CYP,casio,7
CYP,Dubai chocolate,7
CYP,risto,7
CYP,Ie,7
CYP,Sp,7
CYP,бо,7
CYP,fond,7
CYP,υγρο π,7
CYP,wine small,7
CYP,soft kings,7
CYP,koron,7
CYP,musturd,7
CYP,davidof,7
CYP,tik t,7
CYP,loukou,7
CYP,milk con,7
CYP,Aluminum,7
CYP,halloumi goat,7
CYP,qo,7
CYP,sneake,7
CYP,μανιταρι,7
CYP,chocolate yog,7
CYP,syrups,7
CYP,platers,7
CYP,сщ,7
CYP,tisue,7
CYP,muskat,7
CYP,φου,7
CYP,vegan protein bar,7
CYP,ice cream chocolate,7
CYP,квашеная,7
CYP,ice cream mint,7
CYP,erit,7
CYP,mashm,7
CYP,миндальное молоко,7
CYP,αποσμι,7
CYP,πολιπιφ,7
CYP,wibes,7
CYP,nesspr,7
CYP,ταψ,7
CYP,noba,7
CYP,κους,7
CYP,topin,7
CYP,вилки,7
CYP,δυο,7
CYP,cream 33,7
CYP,pelargo,7
CYP,3d,7
CYP,garlic sa,7
CYP,kouzina,7
CYP,φρέσκα κρέμα,7
CYP,ioniz,7
CYP,jelly sweets,7
CYP,coffe capsule,7
CYP,olive oil spray,7
CYP,agios niko,7
CYP,карамель,7
CYP,doctorskaya,7
CYP,duracel,7
CYP,cheese k,7
CYP,тапки,7
CYP,carpe,7
CYP,Sau,7
CYP,bailey,7
CYP,qunoa,7
CYP,наполнитель,7
CYP,dairy free yogurt,7
CYP,cypria,7
CYP,luncheo,7
CYP,mein,7
CYP,watermelin,7
CYP,marathe,7
CYP,birger,7
CYP,CORN,7
CYP,ypghurt,7
CYP,coleslow,7
CYP,vipes,7
CYP,touley,7
CYP,citrus ho,7
CYP,pineapl,7
CYP,botanic therapy,7
CYP,καθαριστ,7
CYP,χαλεπιανα,7
CYP,σπορ,7
CYP,planta,7
CYP,vacuum bag,7
CYP,schwartz,7
CYP,breakfast tea,7
CYP,растительное,7
CYP,Sal,7
CYP,swu,7
CYP,kinder ping,7
CYP,scla,7
CYP,condu,7
CYP,el c,7
CYP,hair dye red,7
CYP,οδοντοκρ,7
CYP,food dog,7
CYP,protein cream,7
CYP,giner,7
CYP,boxe,7
CYP,giag,7
CYP,рафа,7
CYP,ns,7
CYP,τορτίγια,7
CYP,dry tomato,7
CYP,diapper,7
CYP,пар,7
CYP,aqua panna,7
CYP,water dispenser,7
CYP,turbo,7
CYP,rio mare tuna,7
CYP,chicken sausages,7
CYP,Food,7
CYP,hocolate,7
CYP,sweet papri,7
CYP,buckwee,7
CYP,long grain,7
CYP,Spoon,7
CYP,sba,7
CYP,crw,7
CYP,reisling,7
CYP,stevis,7
CYP,wheat flo,7
CYP,соленая рыба,7
CYP,mup,7
CYP,Chili,7
CYP,Meet,7
CYP,daninino,7
CYP,морожное,7
CYP,κακα,7
CYP,underw,7
CYP,cua,7
CYP,sharwoods,7
CYP,Body,7
CYP,φρατζολακια,7
CYP,breading,7
CYP,grill ma,7
CYP,tomato sou,7
CYP,cocoa butter,7
CYP,средство,7
CYP,πρασο,7
CYP,glour,7
CYP,stich,7
CYP,slider bags,7
CYP,kesh,7
CYP,brown r,7
CYP,kinder b,7
CYP,ciri,7
CYP,Cif,7
CYP,сок ананас,7
CYP,shallo,7
CYP,baling soda,7
CYP,funny milk,7
CYP,ролик,7
CYP,vama,7
CYP,dro,7
CYP,tomatoe sau,7
CYP,nisia,7
CYP,καθαριστικ,7
CYP,straight,7
CYP,america,7
CYP,vogu,7
CYP,swea,7
CYP,μαχαλ,7
CYP,spah,7
CYP,mix fruit,7
CYP,toastbread,7
CYP,son,7
CYP,rusp,7
CYP,καφ,7
CYP,low calo,7
CYP,koko dairy,7
CYP,potstoes,7
CYP,творож,7
CYP,aboca,7
CYP,farfa,7
CYP,xallou,7
CYP,heineken 0,7
CYP,oin,7
CYP,faity,7
CYP,water 5l,7
CYP,korress,7
CYP,σακουλακια,7
CYP,chikpeas,7
CYP,oral care,7
CYP,lays multi,7
CYP,wash up,7
CYP,моти,7
CYP,Basmati,7
CYP,κουλ,7
CYP,parmeggiano,7
CYP,gurke,7
CYP,ham slices,7
CYP,κολι,7
CYP,pumpkin se,7
CYP,pampers no1,7
CYP,bepa,7
CYP,cat foid,7
CYP,δυοσμ,7
CYP,сл,7
CYP,фе,7
CYP,icre,7
CYP,life tea,7
CYP,frankie,7
CYP,wholeweat,7
CYP,calr,7
CYP,сухар,7
CYP,bez,7
CYP,breakfas,7
CYP,vegan spread,7
CYP,скатерть,7
CYP,chicken sticks,7
CYP,glutinous rice,7
CYP,gost,7
CYP,chicken wi,7
CYP,kitchen wipes,7
CYP,детск,7
CYP,condenc,7
CYP,φασολα,7
CYP,museli,7
CYP,mouth was,7
CYP,bacandy,7
CYP,mop st,7
CYP,milits,7
CYP,lemon so,7
CYP,breadsti,7
CYP,freshe,7
CYP,xall,7
CYP,маски,7
CYP,toulet roll,7
CYP,tofi,7
CYP,balt,7
CYP,grigoriu,7
CYP,rest,7
CYP,pancett,7
CYP,betty crocker,7
CYP,remote,7
CYP,селед,7
CYP,mosare,7
CYP,fav,7
CYP,Semana,7
CYP,αποσμητικ,7
CYP,sewing kit,7
CYP,zita lacto,7
CYP,grind,7
CYP,thights,7
CYP,χταποδι,7
CYP,medium sweet,7
CYP,Instant Ramen,7
CYP,popci,7
CYP,ге,7
CYP,sag,7
CYP,red apples,7
CYP,ice.,7
CYP,shab,7
CYP,okl,7
CYP,kim chi,7
CYP,satisf,7
CYP,wild ri,7
CYP,mild cheddar,7
CYP,breathe right,7
CYP,pro active,7
CYP,мы,7
CYP,carsb,7
CYP,sabao,7
CYP,черни,7
CYP,αγγούρια,7
CYP,λαδοκολ,7
CYP,sia,7
CYP,beer al,7
CYP,cheese platter,7
CYP,σοκολατ,7
CYP,slo,7
CYP,metro sup,7
CYP,arla cott,7
CYP,kinder pingui,7
CYP,gluten free b,7
CYP,oven dish,7
CYP,ζυγαρια,7
CYP,pantine,7
CYP,prosciutt,7
CYP,closet,7
CYP,snap,7
CYP,iced coffe,7
CYP,rugeri,7
CYP,lipron,7
CYP,vanillia,7
CYP,aur,7
CYP,puff p,7
CYP,стиральн,7
CYP,cookes,7
CYP,inessense,7
CYP,sunglower,7
CYP,greek p,7
CYP,japanese mayo,7
CYP,πλαστ,7
CYP,sebamed,7
CYP,protein m,7
CYP,motzarella,7
CYP,reusa,7
CYP,philadelph,7
CYP,Trash bags,7
CYP,1.5l,7
CYP,brinjal,7
CYP,tuna in brine,7
CYP,iran,7
CYP,веник,7
CYP,wholewhea,7
CYP,misce,7
CYP,goahead,7
CYP,bean sp,7
CYP,koupa,7
CYP,prickly,7
CYP,σουρωτή,7
CYP,φαρι,7
CYP,handsoa,7
CYP,βουτι,7
CYP,для туалета,7
CYP,yuga,7
CYP,no sugar chocolate,7
CYP,Spark,7
CYP,λινα,7
CYP,φιδ,7
CYP,maltezers,7
CYP,delong,7
CYP,carp,7
CYP,avga,7
CYP,Sh,7
CYP,toilet paper wet,7
CYP,tonos,7
CYP,eri,7
CYP,sweetp,7
CYP,broccolo,7
CYP,Bin,7
CYP,shwepes,7
CYP,papet,7
CYP,silic,7
CYP,cornmeal,7
CYP,τζελυ,7
CYP,mapel,7
CYP,shoee,7
CYP,alpro blue,7
CYP,dried frui,7
CYP,sanw,7
CYP,cocktai,7
CYP,crub,7
CYP,papaphilipou,7
CYP,kotan,7
CYP,Commandaria,7
CYP,cuxum,7
CYP,viniga,7
CYP,eskim,7
CYP,pampers premi,7
CYP,buitoni,7
CYP,tahini pie,7
CYP,чай зеленый,7
CYP,avcado,7
CYP,gluten free chips,7
CYP,face m,7
CYP,cocola,7
CYP,sweet an,7
CYP,кабаносы,7
CYP,νις,7
CYP,durum,7
CYP,πικ,7
CYP,pampera,7
CYP,све,7
CYP,turkey meat,7
CYP,diapers adult,7
CYP,alpine,7
CYP,nake,7
CYP,water ice,7
CYP,tuth,7
CYP,cul,7
CYP,oven chips,7
CYP,evapor,7
CYP,brun,7
CYP,almonf,7
CYP,grozen,7
CYP,whin,7
CYP,gan,7
CYP,fig jam,7
CYP,chopped toma,7
CYP,gourounitsa,7
CYP,cuxumber,7
CYP,Yeast,7
CYP,karla,7
CYP,сух,7
CYP,fresh chi,7
CYP,mature cheddar,7
CYP,ariel liquid,7
CYP,farma,7
CYP,carton,7
CYP,water io,7
CYP,wome,7
CYP,kinder eggs,7
CYP,edemame,7
CYP,σιρόπι,7
CYP,orange chocolate,7
CYP,hil,7
CYP,Wo,7
CYP,paer,7
CYP,cheese g,7
CYP,jak,7
CYP,tomatoea,7
CYP,latu,7
CYP,Winston,7
CYP,zitronen,7
CYP,коые,7
CYP,dog bed,7
CYP,moam,7
CYP,chopped tomatos,7
CYP,dos,7
CYP,seasoni,7
CYP,ray,7
CYP,coffee cold,7
CYP,0% yoghurt,7
CYP,wst,7
CYP,vibration,7
CYP,proshutto,7
CYP,мешки для,7
CYP,bonora,7
CYP,dumbl,7
CYP,ice cream va,7
CYP,shefta,7
CYP,sava,7
CYP,alfa beer,7
CYP,fruit frozen,7
CYP,vasiliko,7
CYP,frozen cheese,7
CYP,грецкие орехи,7
CYP,green pep,7
CYP,red cab,7
CYP,lava cake,7
CYP,aegean,7
CYP,baby juice,7
CYP,tirok,7
CYP,himalayan salt,7
CYP,марме,7
CYP,γαλατ,7
CYP,chicken w,7
CYP,offer,7
CYP,72,7
CYP,padt,7
CYP,usb-c,7
CYP,crumpets,7
CYP,charl,7
CYP,cookie do,7
CYP,spun,7
CYP,σι,7
CYP,viagra,7
CYP,frisome,7
CYP,bbq sa,7
CYP,loreal paris,7
CYP,πίκλα,7
CYP,skittle,7
CYP,Pi,7
CYP,washing c,7
CYP,tinned tomato,7
CYP,pab,7
CYP,tand,7
CYP,ice cream mango,7
CYP,brewd,7
CYP,огурцв,7
CYP,dumblings,7
CYP,3 cent,7
CYP,self raising flour,7
CYP,period pad,7
CYP,κεφ,7
CYP,salted carame,7
CYP,protein alpro,7
CYP,prawn cock,7
CYP,bay le,7
CYP,nuddels,7
CYP,cree,7
CYP,hair g,7
CYP,reu,7
CYP,прингл,7
CYP,fitpaddy,7
CYP,pelig,7
CYP,мус,7
CYP,baqu,7
CYP,lem9n,7
CYP,dream toppi,7
CYP,orr,7
CYP,cogn,7
CYP,ordi,7
CYP,luk,7
CYP,арахисовая паста,7
CYP,kinder card,7
CYP,chocokate,7
CYP,Flower,7
CYP,сврок,7
CYP,earl g,7
CYP,limetten,7
CYP,alfam,7
CYP,baterr,7
CYP,goose,7
CYP,crreal,7
CYP,pellig,7
CYP,veggie straws,7
CYP,frs,7
CYP,Battery,7
CYP,flour all,7
CYP,catb,7
CYP,baldamic,7
CYP,jose,7
CYP,baby carr,7
CYP,rass,7
CYP,rice waffle,7
CYP,buscoff,7
CYP,Eureka,7
CYP,red peper,7
CYP,makeup remov,7
CYP,asparagu,7
CYP,pork s,7
CYP,anna,7
CYP,alcoholfree,7
CYP,pastila,7
CYP,toiletpa,7
CYP,grow,7
CYP,dlour,7
CYP,æg,7
CYP,Garbage,7
CYP,poneapple,7
CYP,fetta light,7
CYP,dove roll,7
CYP,jeger,7
CYP,canello,7
CYP,saint george,7
CYP,cream cheeze,7
CYP,snakcs,7
CYP,hazelnut syrup,7
CYP,αντζ,7
CYP,πιττε,7
CYP,xinis,7
CYP,chocolaye,7
CYP,belv,7
CYP,garlic br,7
CYP,meridian,7
CYP,cinnamon rolls,7
CYP,cappuc,7
CYP,mocci,7
CYP,dog t,7
CYP,капсулы для посудомойки,7
CYP,rud,7
CYP,spicy chips,7
CYP,dishwasher tablet,7
CYP,roe,7
CYP,sheep cheese,7
CYP,chicken bio,7
CYP,honey raw,7
CYP,chicken patty,7
CYP,килька,7
CYP,τρουφες,7
CYP,σιταρ,7
CYP,mino,7
CYP,dry clean,7
CYP,jinder,7
CYP,доска,7
CYP,catt,7
CYP,carote,7
CYP,hand towel,7
CYP,бульдак,7
CYP,gefen,7
CYP,noteboo,7
CYP,τσ,7
CYP,paradon,7
CYP,sun cre,7
CYP,xris,7
CYP,farfale,7
CYP,ацетон,7
CYP,inf,7
CYP,poppy seeds,7
CYP,cheese ch,7
CYP,docg,7
CYP,σαμπ,7
CYP,Alfa Tortillas Grilled,7
CYP,coctails,7
CYP,mope,7
CYP,cootage,7
CYP,cheese pro,7
CYP,lambru,7
CYP,garnier cream,7
CYP,feuit,7
CYP,orenge,7
CYP,stafides,7
CYP,dish washer salt,7
CYP,cottafe,7
CYP,pringe,7
CYP,молокл,7
CYP,κονκασε,7
CYP,hue,7
CYP,σαλτ,7
CYP,ви,7
CYP,lemon cake,7
CYP,rice bread,7
CYP,χρωμ,7
CYP,free ra,7
CYP,wetwipe,7
CYP,παγακι,7
CYP,jelly bea,7
CYP,sundried tomatoes,7
CYP,finik,7
CYP,bbq s,7
CYP,кокосовая вода,7
CYP,heinz mayo,7
CYP,roman,7
CYP,кондицио,7
CYP,hoegarden,7
CYP,soya sause,7
CYP,farley,7
CYP,umbre,7
CYP,γκαζ,7
CYP,romato,7
CYP,polipif,7
CYP,muchrooms,7
CYP,washing pod,7
CYP,σφολιατα,7
CYP,grape fruit,7
CYP,йогурт детский,7
CYP,perrir,7
CYP,amanamou,7
CYP,filling,7
CYP,surface spray,7
CYP,adult diaper,7
CYP,sower,7
CYP,chockola,7
CYP,bear fruit,7
CYP,angostura,7
CYP,whitener,7
CYP,κριτσ,7
CYP,μπανανε,7
CYP,faki,7
CYP,xinister,7
CYP,Protei,7
CYP,mcc,7
CYP,alpro banana,7
CYP,seabre,7
CYP,coci,7
CYP,slim rice,7
CYP,pva,7
CYP,original,7
CYP,φρέσκα,7
CYP,ase,7
CYP,avovado,7
CYP,оук,7
CYP,χουρμα,7
CYP,crake,7
CYP,bepanthen,7
CYP,hair sty,7
CYP,dettol handwash,7
CYP,cellulite,7
CYP,wax strip,7
CYP,Greek you,7
CYP,chocolare,7
CYP,Dorito,7
CYP,сыр легкий,7
CYP,Semolina,7
CYP,Lanitis,7
CYP,airbed,7
CYP,baby tooth,7
CYP,pitted,7
CYP,boil,7
CYP,prosi,7
CYP,trionda,7
CYP,Αλεύρι,7
CYP,carla,7
CYP,pan cake,7
CYP,tous,7
CYP,vettex,7
CYP,chick p,7
CYP,figa,7
CYP,milk nounou,7
CYP,nyx,7
CYP,instant soup,7
CYP,ane,7
CYP,winegum,7
CYP,moka pot,7
CYP,nand,7
CYP,wac,7
CYP,mayonnaise light,7
CYP,vanila sugar,7
CYP,finn c,7
CYP,prowns,7
CYP,baby fo,7
CYP,masking tape,7
CYP,carotte,7
CYP,dark soy,7
CYP,alasia,7
CYP,sun scr,7
CYP,sulfate,7
CYP,печенья,7
CYP,cyprus banana,7
CYP,κρακερς,7
CYP,salomon,7
CYP,Caputo,7
CYP,unicorns,7
CYP,toilet rol,7
CYP,lactosefree,7
CYP,Lay,7
CYP,küchenrolle,7
CYP,blue dragon,7
CYP,citrus hous,7
CYP,kitte,7
CYP,kirchen roll,7
CYP,alpha me,7
CYP,swo,7
CYP,super spo,7
CYP,cucember,7
CYP,dioni,7
CYP,кечуп,7
CYP,tequilla,7
CYP,kean juice,7
CYP,sweet & sour,7
CYP,rabit,7
CYP,cokr,7
CYP,agrod,7
CYP,soal,7
CYP,Marshmallow,7
CYP,σιμι,7
CYP,φο,7
CYP,charalampides,7
CYP,natural vall,7
CYP,ice lemon,7
CYP,vanilla paste,7
CYP,shampa,7
CYP,владные,7
CYP,wet toi,7
CYP,avog,7
CYP,jinger,7
CYP,electronics,7
CYP,sex on the beach,7
CYP,yoguet,7
CYP,crouasan,7
CYP,овсяное,7
CYP,red cabba,7
CYP,pines,7
CYP,rosa,7
CYP,sun dri,7
CYP,land,7
CYP,crosta mollica,7
CYP,pizza doug,7
CYP,kedir,7
CYP,Fro,7
CYP,mola,7
CYP,bc,7
CYP,johnie,7
CYP,mishrooms,7
CYP,flpur,7
CYP,wet vipes,7
CYP,oatme,7
CYP,spatu,7
CYP,rose wat,7
CYP,sera o,7
CYP,daikon,7
CYP,frisom,7
CYP,espresso beans,7
CYP,χλ,7
CYP,wta,7
CYP,parboi,7
CYP,roq,7
CYP,marseillais,7
CYP,hä,7
CYP,anemos,7
CYP,serano pop,7
CYP,Smirnof,7
CYP,bum,7
CYP,stripe,7
CYP,totti,7
CYP,icecreams,7
CYP,pasta sayce,7
CYP,мыло жидкое,7
CYP,sec,7
CYP,disks,7
CYP,fait,7
CYP,sensi,7
CYP,χαλι,7
CYP,νεκταρ,7
CYP,ice gel,7
CYP,turkey bacon,7
CYP,martini rosso,7
CYP,грецкий орех,7
CYP,tando,7
CYP,cigr,7
CYP,buldo,7
CYP,vitamine,7
CYP,для окон,7
CYP,σπρει,7
CYP,A3,7
CYP,kitxhen,7
CYP,ря,7
CYP,hungers,7
CYP,syrip,7
CYP,ice cream papafilipou,7
CYP,ντοματοχυμο,7
CYP,duct tape,7
CYP,confi,7
CYP,malv,7
CYP,φιλ,7
CYP,carbs,7
CYP,grapefru,7
CYP,butane,7
CYP,sour pa,7
CYP,unsalted butt,7
CYP,active baby,7
CYP,mazare,7
CYP,silv,7
CYP,Alambra Cottage Cheese 4%,7
CYP,castan,7
CYP,glue stick,7
CYP,art supplies,7
CYP,deodorants,7
CYP,tootpaste,7
CYP,сып,7
CYP,engli,7
CYP,mc vities,7
CYP,bialett,7
CYP,loreal hair color,7
CYP,Mars,7
CYP,pealer,7
CYP,skinny syrup,7
CYP,chocolate egg,7
CYP,колбаска,7
CYP,pet f,7
CYP,spinsch,7
CYP,листья салата,7
CYP,chox,7
CYP,beebros,7
CYP,philadep,7
CYP,mano,7
CYP,de io,7
CYP,buffalo sauce,7
CYP,rise paper,7
CYP,Green pepper,7
CYP,kids sh,7
CYP,jen,7
CYP,green chilly,7
CYP,creati,7
CYP,bacand,7
CYP,lemon sorbet,7
CYP,oat gluten free,7
CYP,canell,7
CYP,broom handle,7
CYP,anax,7
CYP,staws,7
CYP,muller,7
CYP,knoor,7
CYP,джерки,7
CYP,крах,7
CYP,λαστι,7
CYP,mandarines,7
CYP,Paper towels,7
CYP,φυτικ,7
CYP,skinos,7
CYP,negroni,7
CYP,laugh,7
CYP,heat prote,7
CYP,לחם,7
CYP,medic,7
CYP,βουρτσα,7
CYP,floatie,7
CYP,washing machi,7
CYP,Cucumbers,7
CYP,cotr,7
CYP,cereal ba,7
CYP,clorine tablet,7
CYP,amana,7
CYP,alpra,7
CYP,smirnof ice,7
CYP,damp,7
CYP,nuge,7
CYP,γαριδε,7
CYP,Hum,7
CYP,ntoma,7
CYP,ash tray,7
CYP,brios,7
CYP,cresm,7
CYP,sharpie,7
CYP,ayrani,7
CYP,mun,7
CYP,fagi,7
CYP,Кефир,7
CYP,konj,7
CYP,plants,7
CYP,chocolate balls,7
CYP,confetti,7
CYP,sack,7
CYP,soap baby,7
CYP,κρι κ,7
CYP,pasta so,7
CYP,Gluten free bread,7
CYP,ninja,7
CYP,peach ice,7
CYP,toilet seat,7
CYP,san pellegr,7
CYP,myshroom,7
CYP,rice up,7
CYP,ρολό κουζίνας,7
CYP,cheri,7
CYP,tricolo,7
CYP,памперсы,7
CYP,de-,7
CYP,nup,7
CYP,pantyl,7
CYP,xalo,7
CYP,κουζινας,7
CYP,wipw,7
CYP,bagge,7
CYP,coffee nespresso,7
CYP,tabler,7
CYP,tortia,7
CYP,capar,7
CYP,choc milk,7
CYP,Tilda,7
CYP,Chinese,7
CYP,shampou po,7
CYP,σκον,7
CYP,pinsa,7
CYP,gravier,7
CYP,worldcup,7
CYP,ice cream mars,7
CYP,ρυζογαλ,7
CYP,κρουτον,7
CYP,flori,7
CYP,chuka,7
CYP,pamper 1,7
CYP,tennis ball,7
CYP,heat protector,7
CYP,водп,7
CYP,cari,7
CYP,chocolate biscuits,7
CYP,vileds,7
CYP,pregnant,7
CYP,box file,7
CYP,iodi,7
CYP,half,7
CYP,baby oat,7
CYP,cleaning cloths,7
CYP,chick pe,7
CYP,sugr,7
CYP,φιλέτο μπακαλιάρου,7
CYP,balery,7
CYP,Washing machine,7
CYP,nespresso capsule,7
CYP,мацарелла,7
CYP,flaw,7
CYP,Sk,7
CYP,spara,7
CYP,zero ice tea,7
CYP,κασιους,7
CYP,бальзам для волос,7
CYP,арома,7
CYP,agriform,7
CYP,πικλες,7
CYP,χωνακ,7
CYP,acana,7
CYP,ice cream tub,7
CYP,chilli po,7
CYP,tomatoe sause,7
CYP,sampo,7
CYP,nivea spray,7
CYP,paper towl,7
CYP,πιπεριά,7
CYP,hair st,7
CYP,спонж,7
CYP,bee broa,7
CYP,cherry cola,7
CYP,birthda,7
CYP,dw,7
CYP,canvas,7
CYP,lettucr,7
CYP,салфетка,7
CYP,thermomet,7
CYP,sugo,7
CYP,bateri,7
CYP,cheese c,7
CYP,ζυμαρικά με αυγό,7
CYP,paper kitc,7
CYP,coconit,7
CYP,ryvi,7
CYP,SODA,7
CYP,buisk,7
CYP,wine leaves,7
CYP,pikles,7
CYP,english sausages,7
CYP,lolip,7
CYP,Beetroot,7
CYP,άρωμα,7
CYP,kitchen rill,7
CYP,κονταρι,7
CYP,ariel white,7
CYP,cosher,7
CYP,засор,7
CYP,basturma,7
CYP,le pe,7
CYP,hello kitty,7
CYP,powerad,7
CYP,oats jumbo,7
CYP,mangetout,7
CYP,κάψουλες,7
CYP,twor,7
CYP,zeto,7
CYP,orep,7
CYP,goch,7
CYP,jouce,7
CYP,bluebb,7
CYP,bebel,7
CYP,saue,7
CYP,миска,7
CYP,сф,7
CYP,afro,7
CYP,icing sug,7
CYP,sheet mask,7
CYP,chocolate sy,7
CYP,shine brown,7
CYP,the humble,7
CYP,τρου,7
CYP,barbi,7
CYP,ice cream family,7
CYP,tamo,7
CYP,осве,7
CYP,elvital,7
CYP,корм для кошек,7
CYP,sundried tomato,7
CYP,protein chees,7
CYP,uva,7
CYP,frozen berrie,7
CYP,chett,7
CYP,coki,7
CYP,Nail,7
CYP,harri,7
CYP,bread stic,7
CYP,spha,7
CYP,δοχεία,7
CYP,papafilou,7
CYP,yumm,7
CYP,pasta sauces,7
CYP,fromage,7
CYP,mite,7
CYP,frozen vegetabl,7
CYP,κολα,7
CYP,frii,7
CYP,кокосо,7
CYP,recycle bag,7
CYP,fidh,7
CYP,samo,7
CYP,96,7
CYP,cayen,7
CYP,m an,7
CYP,caffeine free,7
CYP,guo,7
CYP,garlic frozen,7
CYP,play doh,7
CYP,coch,7
CYP,cristal,7
CYP,stanl,7
CYP,irange,7
CYP,lidel,7
CYP,λουκανικο,7
CYP,bio c,7
CYP,freeze dri,7
CYP,Ben and Jerry's,7
CYP,heavy crea,7
CYP,persim,7
CYP,worch,7
CYP,pads max,7
CYP,washing mashin,7
CYP,pen black,7
CYP,pitts,7
CYP,taco mix,7
CYP,soure,7
CYP,Hal,7
CYP,гранатовый сок,7
CYP,rice carolina,7
CYP,масло растительное,7
CYP,salt di,7
CYP,nailpolish,7
CYP,baling paper,7
CYP,for dog,7
CYP,pesticide,7
CYP,2025,7
CYP,spinach pie,7
CYP,qui rit,7
CYP,kuice,7
CYP,κουβερτουρ,7
CYP,magic eraser,7
CYP,frutopia,7
CYP,mashed potatoes,7
CYP,expiring soon,7
CYP,scrap,7
CYP,suasage,7
CYP,1.5,7
CYP,klinnex,7
CYP,cold tea,7
CYP,granulated sugar,7
CYP,mashma,7
CYP,laba,7
CYP,υγρό πι,7
CYP,гри,7
CYP,jp chenet,7
CYP,saint nich,7
CYP,κολοκυθι,7
CYP,ks,7
CYP,palkapa,7
CYP,kafir,7
CYP,ail,7
CYP,fairy liq,7
CYP,vanilla ext,7
CYP,monolit,7
CYP,maternity pads,7
CYP,хлопья без,7
CYP,dico,7
CYP,cottons,7
CYP,cotts,7
CYP,moy,7
CYP,shawarma,7
CYP,ice cream kri,7
CYP,fettol,7
CYP,αρα,7
CYP,снеки,7
CYP,care free,7
CYP,κοντάρι,7
CYP,choca,7
CYP,plasticine,7
CYP,σαμπουάν πητυρι,7
CYP,quaker oat,7
CYP,Lemons,7
CYP,juice bio,7
CYP,μπυρ,7
CYP,neer,7
CYP,κριτ,7
CYP,pro feel,7
CYP,seeds of ha,7
CYP,coconut c,7
CYP,miss,7
CYP,diss,7
CYP,kylie,7
CYP,slider bag,7
CYP,kolia,7
CYP,falaf,7
CYP,we are,7
CYP,mence,7
CYP,yell,7
CYP,nuts unsalted,7
CYP,frangou chicken,7
CYP,potty,7
CYP,metro su,7
CYP,bytter,7
CYP,Sw,7
CYP,cooking pa,7
CYP,lamb chop,7
CYP,mixe,7
CYP,high prot,7
CYP,toilet toll,7
CYP,hola,7
CYP,ρυζαλευρο,7
CYP,alambra moo,7
CYP,burrata cheese,7
CYP,chuc,7
CYP,ganta,7
CYP,tunq,7
CYP,bodka,7
CYP,baby pow,7
CYP,shitake,7
CYP,doge,7
CYP,gg,7
CYP,bodycream,7
CYP,pinr,7
CYP,lete,7
CYP,ear pads,7
CYP,white nail polish,7
CYP,alpha m,7
CYP,ριζογα,7
CYP,miswak,7
CYP,Arabic,7
CYP,choco pop,7
CYP,cigaretts,7
CYP,toothbrush kid,7
CYP,Pas,7
CYP,φέτ,7
CYP,frozen carrots,7
CYP,chra,7
CYP,crunchi,7
CYP,yager,7
CYP,gru,7
CYP,50ml,7
CYP,семена льна,7
CYP,paper cooking,7
CYP,marrow,7
CYP,strawberry yoghurt,7
CYP,yougrt,7
CYP,комар,7
CYP,τε,7
CYP,caramel s,7
CYP,apple cid,7
CYP,freshen,7
CYP,dish washin,7
CYP,miz,7
CYP,coffee caramel,7
CYP,τοφου,7
CYP,tio,7
CYP,twar,7
CYP,iced t,7
CYP,dimi,7
CYP,lacti,7
CYP,potato frozen,7
CYP,clue,7
CYP,rice basm,7
CYP,coffee la,7
CYP,унитаз,7
CYP,chir,7
CYP,Mozarella,7
CYP,tzar,7
CYP,Gar,7
CYP,crec,7
CYP,almond milk protein,7
CYP,wick,7
CYP,turkey burger,7
CYP,blockage,7
CYP,mustella,7
CYP,Frosch,7
CYP,barj,7
CYP,turley,7
CYP,aoap,7
CYP,english bre,7
CYP,Passata,7
CYP,le peti,7
CYP,ek,7
CYP,calma,7
CYP,wiping,7
CYP,ellas,7
CYP,Rafaello,7
CYP,area,7
CYP,special salt,7
CYP,grand chips,7
CYP,epsa,7
CYP,finnish,7
CYP,katsu,7
CYP,taq,7
CYP,minimix,7
CYP,vegan y,7
CYP,γιαουρτο,7
CYP,hot chili,7
CYP,quai,7
CYP,tomTo,7
CYP,kitchen cl,7
CYP,fage total,7
CYP,frog,7
CYP,skitles,7
CYP,σοκολα,7
CYP,сливо,7
CYP,alcha,7
CYP,thim,7
CYP,Kri Kri,7
CYP,sauss,7
CYP,all nat,7
CYP,γκοφρετες,7
CYP,icecu,7
CYP,rezor,7
CYP,gle,7
CYP,Banan,7
CYP,sourdoug,7
CYP,Orange ju,7
CYP,yorgu,7
CYP,fabric softe,7
CYP,corn flex,7
CYP,χωνάκι,7
CYP,garbi,7
CYP,seee,7
CYP,cuticle,7
CYP,salt dishwa,7
CYP,soutz,7
CYP,mr mu,7
CYP,ηλιαι,7
CYP,haw,7
CYP,brest,7
CYP,thigs,7
CYP,pearls,7
CYP,tato,7
CYP,dege,7
CYP,snakc,7
CYP,σαρδ,7
CYP,tisdues,7
CYP,Soya,7
CYP,heating,7
CYP,biscuits sugar free,7
CYP,pampers active,7
CYP,καπα,7
CYP,Wash clothes,7
CYP,bar protein,7
CYP,maple syrop,7
CYP,oldsp,7
CYP,vipe,7
CYP,форма для выпечки,7
CYP,hairmask,7
CYP,χαρτι κουζ,7
CYP,water d,7
CYP,δωρο,7
CYP,catf,7
CYP,vep,7
CYP,κρο,7
CYP,sparkling eater,7
CYP,туна,7
CYP,skepi,7
CYP,tav,7
CYP,εβα,7
CYP,beer chilled,7
CYP,cocont,7
CYP,κρεμα γ,7
CYP,bath foam,7
CYP,orn,7
CYP,comandaria,7
CYP,strob,7
CYP,mov,7
CYP,strawberry yogurt,7
CYP,glass noodles,7
CYP,corn snack,7
CYP,aid,7
CYP,despe,7
CYP,παπαδοπου,7
CYP,peun,7
CYP,kids sha,7
CYP,aux,7
CYP,apple juicr,7
CYP,cheese and,7
CYP,oat flou,7
CYP,καλαμακ,7
CYP,chovolate,7
CYP,schampoo,7
CYP,Вода,7
CYP,ты,7
CYP,curd chees,7
CYP,cus cus,7
CYP,aromat,7
CYP,pink grapef,7
CYP,low fat yoghurt,7
CYP,дж,7
CYP,world cup cards,7
CYP,stak,7
CYP,ντοματοχυ,7
CYP,tunn,7
CYP,ice crewm,7
CYP,baunt,7
CYP,black tape,7
CYP,τυριά,7
CYP,cake form,7
CYP,baby o,7
CYP,κυμινο,7
CYP,harb,7
CYP,medjou,7
CYP,gluco,7
CYP,σάλτσα,7
CYP,taj,7
CYP,xhee,7
CYP,rigani,7
CYP,noodel,7
CYP,Sauvignon Blanc,7
CYP,water i,7
CYP,Cra,7
CYP,wiener,7
CYP,pineapple can,7
CYP,oats gluten free,7
CYP,sour beer,7
CYP,swap,7
CYP,aquafresh,7
CYP,wassermelone,7
CYP,tarh,7
CYP,World,7
CYP,white paper,7
CYP,nats,7
CYP,revi,7
CYP,lotis,7
CYP,яйцп,7
CYP,lik,7
CYP,jelly zero,7
CYP,mango ice cream,7
CYP,tapio,7
CYP,φυτικη,7
CYP,oads,7
CYP,cotton sw,7
CYP,breadst,7
CYP,tan oil,7
CYP,jamson,7
CYP,alra,7
CYP,xhe,7
CYP,салмон,7
CYP,Pitta,7
CYP,princles,7
CYP,envelop,7
CYP,sprakling,7
CYP,селёдка,7
CYP,ice creqm,7
CYP,grabola,7
CYP,Lemon juice,7
CYP,nappy pants,7
CYP,octu,7
CYP,miss so,7
CYP,effs,7
CYP,μαϊντανό,7
CYP,golde,7
CYP,ham and cheese,7
CYP,famizo,7
CYP,majs,7
CYP,bread st,7
CYP,nefeli chicken,7
CYP,cero,7
CYP,xiaomi,7
CYP,small potato,7
CYP,crous,7
CYP,water mineral,7
CYP,kouro,7
CYP,el savor,7
CYP,σελερι,7
CYP,water pistol,7
CYP,Cinnamon,7
CYP,rist,7
CYP,albra,7
CYP,cobs,7
CYP,kwa,7
CYP,cheese balls,7
CYP,couvertu,7
CYP,condence,7
CYP,nacon,7
CYP,половник,7
CYP,Bac,7
CYP,tyrrels,7
CYP,colours,7
CYP,cat toys,7
CYP,мака,7
CYP,butter c,7
CYP,chestnuts,7
CYP,cocolate,7
CYP,waterp,7
CYP,bibo,7
CYP,lactacid,7
CYP,milho,7
CYP,crump,7
CYP,flowr,7
CYP,fenn,7
CYP,raw almonds,7
CYP,spicy ma,7
CYP,floaty,7
CYP,peopers,7
CYP,bufala,7
CYP,hotdog buns,7
CYP,toti,7
CYP,nad,7
CYP,shower gel men,7
CYP,feir,7
CYP,σολωμ,7
CYP,noodlea,7
CYP,νεσκ,7
CYP,perm,7
CYP,rumi,7
CYP,borodi,7
CYP,suppl,7
CYP,laundry softener,7
CYP,aspi,7
CYP,okive oil,7
CYP,vita coco,7
CYP,wolf,7
CYP,laundry sanitizer,7
CYP,picked,7
CYP,wnt,7
CYP,juixe,7
CYP,aleo,7
CYP,solmon,7
CYP,blackber,7
CYP,super spoo,7
CYP,Shark,7
CYP,начос,7
CYP,baby softener,7
CYP,pasley,7
CYP,rice sheet,7
CYP,buo,7
CYP,μαρουλλι,7
CYP,pasta protein,7
CYP,farine lacte,7
CYP,roze,7
CYP,yogurt fruit,7
CYP,otange,7
CYP,vegan ic,7
CYP,pastil,7
CYP,pomst,7
CYP,jäger,7
CYP,αρωματικο,7
CYP,травы,7
CYP,milk alambra,7
CYP,jucy,7
CYP,τομα,7
CYP,moretti,7
CYP,kese,7
CYP,ciab,7
CYP,gate,7
CYP,madras,7
CYP,bell pepe,7
CYP,no lactose,7
CYP,трусы,7
CYP,argy,7
CYP,unisept,7
CYP,canned corn,7
CYP,кондиционер для белья,7
CYP,tva,7
CYP,iced co,7
CYP,σουσουκος,7
CYP,dog pa,7
CYP,brizer,7
CYP,rice wra,7
CYP,carba,7
CYP,scotonelle,7
CYP,protect,7
CYP,ανθό,7
CYP,noddl,7
CYP,juxe,7
CYP,макаро,7
CYP,xaloum,7
CYP,cheddar slice,7
CYP,chocolate milka,7
CYP,coca coka,7
CYP,muza,7
CYP,heini,7
CYP,череш,7
CYP,tabax,7
CYP,Cheeze,7
CYP,fanta orange,7
CYP,atla,7
CYP,Pandora,7
CYP,κατσ,7
CYP,yiog,7
CYP,зе,7
CYP,fuetec,7
CYP,pantene cond,7
CYP,tishue,7
CYP,μπαλο,7
CYP,sourcr,7
CYP,chunky,7
CYP,mazz,7
CYP,shoestring potatoes,7
CYP,tops,7
CYP,мороженн,7
CYP,pourgou,7
CYP,cinnamon roll,7
CYP,dummy,7
CYP,sweet chilli sauce,7
CYP,samon,7
CYP,λαμπες,7
CYP,iced c,7
CYP,boomie,7
CYP,детские,7
CYP,usda,7
CYP,saisages,7
CYP,turmeri,7
CYP,Charalambides Christis,7
CYP,chocolate po,7
CYP,avacad,7
CYP,plain fl,7
CYP,sweet balance,7
CYP,baby porridge,7
CYP,tonics,7
CYP,black pap,7
CYP,lemm,7
CYP,kran,7
CYP,mouthwa,7
CYP,крохмал,7
CYP,mutto,7
CYP,beak,7
CYP,camber,7
CYP,pouches,7
CYP,submarine,7
CYP,sorvete,7
CYP,teeth whitening,7
CYP,kernels,7
CYP,uht milk,7
CYP,panchetta,7
CYP,miel,7
CYP,tsoureki,7
CYP,απε,7
CYP,moos,7
CYP,apiv,7
CYP,переу,7
CYP,kouskous,7
CYP,ice cteam,7
CYP,cotagge cheese,7
CYP,hey,7
CYP,sprie,7
CYP,סי,7
CYP,καλαμπο,7
CYP,peppr,7
CYP,tutkey,7
CYP,beef bu,7
CYP,depon,7
CYP,σαλαμ,7
CYP,аб,7
CYP,vegan pizza,7
CYP,κανελ,7
CYP,all organic,7
CYP,avov,7
CYP,kerisac,7
CYP,spf spray,7
CYP,risoto,7
CYP,soap refil,7
CYP,baby potatos,7
CYP,bell peppe,7
CYP,cling fi,7
CYP,mango loco,7
CYP,fuse,7
CYP,ice cream no,7
CYP,ben j,7
CYP,μαγι,7
CYP,minz,7
CYP,electric tooth,7
CYP,snack bar,7
CYP,taji,7
CYP,λουκαν,7
CYP,Cand,7
CYP,Po,7
CYP,dh,7
CYP,masd,7
CYP,baby clothes,7
CYP,popsic,7
CYP,avgoustinos,7
CYP,square,7
CYP,milkk,7
CYP,creman,7
CYP,bep,7
CYP,salt for,7
CYP,korean carrot,7
CYP,ανεμ,7
CYP,conditoner,7
CYP,κυκκος,7
CYP,easter,7
CYP,χαραλαμπους,7
CYP,τριανταφυλλ,7
CYP,apll,7
CYP,Flowers,7
CYP,ξηροί καρποι,7
CYP,chardon,7
CYP,tasp,7
CYP,chief,7
CYP,пленка пищевая,7
CYP,Asparagus,7
CYP,mip,7
CYP,cigarrets,7
CYP,ovo,7
CYP,tooth picks,7
CYP,φυστικια,7
CYP,попко,7
CYP,bakl,7
CYP,nerd,7
CYP,cottahe,7
CYP,круаса,7
CYP,lukum,7
CYP,corona 0,7
CYP,frozen broccoli,7
CYP,stationa,7
CYP,Scissors,7
CYP,cocka,7
CYP,whole chi,7
CYP,haagen daz,7
CYP,pudding mix,7
CYP,Kids,7
CYP,banab,7
CYP,Canderel,7
CYP,ice cream yogurt,7
CYP,wipped,7
CYP,dried tom,7
CYP,psta,7
CYP,white p,7
CYP,chicken powder,7
CYP,shni,7
CYP,πιπεριε,7
CYP,sieftalies,7
CYP,yogort,7
CYP,נייר,7
CYP,κουμανταρια,7
CYP,σαμ,7
CYP,yag,7
CYP,poratoes,7
CYP,light c,7
CYP,cold meat,7
CYP,плавленый,7
CYP,green orange,7
CYP,tennis balls,7
CYP,απι,7
CYP,cux,7
CYP,agios nik,7
CYP,shower grl,7
CYP,μαλ,7
CYP,μερεντα,7
CYP,alambra gouda,7
CYP,pineapple j,7
CYP,vermuth,7
CYP,lq,7
CYP,vilefa,7
CYP,ait,7
CYP,wd40,7
CYP,chalou,7
CYP,football card,7
CYP,lids,7
CYP,nibs,7
CYP,kitchen ri,7
CYP,light coca,7
CYP,dog bowl,7
CYP,sunscre,7
CYP,ice cream c,7
CYP,mazza,7
CYP,ψησταρια,7
CYP,briz,7
CYP,barebel,7
CYP,fetA,7
CYP,floor cle,7
CYP,Buter,7
CYP,lemon squas,7
CYP,борщ,7
CYP,desk,7
CYP,anta,7
CYP,chillberry,7
CYP,adv,7
CYP,laces,7
CYP,shop,7
CYP,σιαμπου,7
CYP,quacke,7
CYP,mab,7
CYP,dalt,7
CYP,rokin,7
CYP,fenne,7
CYP,blue be,7
CYP,Towels,7
CYP,califlower,7
CYP,ζελατίνη,7
CYP,froes,7
CYP,detti,7
CYP,schokolade,7
CYP,vegetablea,7
CYP,papaphil,7
CYP,гречк,7
CYP,ice cree,7
CYP,чесно,7
CYP,чупа чупс,7
CYP,kerchup,7
CYP,ква,7
CYP,спаге,7
CYP,multi purpose,7
CYP,pepr,7
CYP,belveder,7
CYP,jack danie,7
CYP,almind,7
CYP,paradisiotis,7
CYP,peop,7
CYP,swede,7
CYP,άχνη,7
CYP,chocolste,7
CYP,almond cro,7
CYP,lenin,7
CYP,skips,7
CYP,black peppe,7
CYP,Torti,7
CYP,iasm,7
CYP,faiey,7
CYP,житница,7
CYP,colu,7
CYP,dettol floor,7
CYP,αντιβα,7
CYP,cyprus coffe,7
CYP,jefir,7
CYP,milf,7
CYP,рислинг,7
CYP,blee,7
CYP,μπις,7
CYP,peingles,7
CYP,сыро,7
CYP,пельме,7
CYP,кислота,7
CYP,Face,7
CYP,windex,7
CYP,paninj,7
CYP,turtle,7
CYP,хал,7
CYP,foaming,7
CYP,anithos,7
CYP,κεανιτα,7
CYP,ред,7
CYP,micella,7
CYP,Disposable cups,7
CYP,jacklink,7
CYP,hols,7
CYP,dogh,7
CYP,πιάτα,7
CYP,μπαχα,7
CYP,мяс,7
CYP,sardins,7
CYP,butter garlic,7
CYP,μανταλ,7
CYP,καπαρι,7
CYP,scampi,7
CYP,water ba,7
CYP,tounge,7
CYP,Noodle,7
CYP,вешалка,7
CYP,calpol,7
CYP,pizza s,7
CYP,Johnsons,7
CYP,onion ri,7
CYP,jb,7
CYP,unsweetened,7
CYP,condito,7
CYP,chocolate mill,7
CYP,derm,7
CYP,pom pom,7
CYP,тертый,7
CYP,breff,7
CYP,white bre,7
CYP,cheese ca,7
CYP,smoking brown,7
CYP,тетрадь,7
CYP,got2b,7
CYP,nonal,7
CYP,superfood,7
CYP,dry milk,7
CYP,insect spray,7
CYP,cooknook,7
CYP,zooflora,7
CYP,barba stathis,7
CYP,ciffee,7
CYP,nikif,7
CYP,legs,7
CYP,απορυ,7
CYP,gloss,7
CYP,tagi,7
CYP,Whipping cream,7
CYP,feta greek,7
CYP,κολοκυθα,7
CYP,kour,7
CYP,lif,7
CYP,karv,7
CYP,γιαούρτια,7
CYP,holand,7
CYP,tao,7
CYP,power aid,7
CYP,Dust,7
CYP,Филадельфия,7
CYP,carrot jui,6
CYP,chs,6
CYP,пвокадо,6
CYP,anti-,6
CYP,dr. be,6
CYP,elf,6
CYP,evo,6
CYP,плесень,6
CYP,Rosemary,6
CYP,tomato bas,6
CYP,pepep,6
CYP,superm,6
CYP,двня,6
CYP,ποτ,6
CYP,hair heat,6
CYP,κι,6
CYP,wagy,6
CYP,caramelized,6
CYP,blavk,6
CYP,briki,6
CYP,bn,6
CYP,granted,6
CYP,loads,6
CYP,chooclate,6
CYP,tekmar,6
CYP,πιρουνια,6
CYP,unic,6
CYP,vici graved,6
CYP,doxan,6
CYP,κρέπα,6
CYP,bitte,6
CYP,face pads,6
CYP,vegge,6
CYP,cottaf,6
CYP,kleenex spray,6
CYP,conflakes,6
CYP,pampers n,6
CYP,go pro,6
CYP,cat flea,6
CYP,dorotos,6
CYP,hanki,6
CYP,chicken gizz,6
CYP,balaamic,6
CYP,proetin,6
CYP,pepper hot,6
CYP,green a,6
CYP,kornfl,6
CYP,absolu,6
CYP,kouma,6
CYP,burgee,6
CYP,lean mince,6
CYP,gouds,6
CYP,hair br,6
CYP,filter coffe,6
CYP,splashers,6
CYP,coint,6
CYP,mission,6
CYP,bread crump,6
CYP,doeitos,6
CYP,toilet bru,6
CYP,free ran,6
CYP,vid,6
CYP,sose,6
CYP,yig,6
CYP,laca,6
CYP,Par,6
CYP,βιολα,6
CYP,daye,6
CYP,xero,6
CYP,prosce,6
CYP,polen,6
CYP,ben’s,6
CYP,civ,6
CYP,вафл,6
CYP,cotage cheese,6
CYP,andrex,6
CYP,orange for juice,6
CYP,jambo,6
CYP,δα,6
CYP,jenga,6
CYP,shampoo elvive,6
CYP,chocolate baking,6
CYP,brooki,6
CYP,watermwlon,6
CYP,απεσταγμενο,6
CYP,καρό,6
CYP,dog wet food,6
CYP,strongb,6
CYP,light feta,6
CYP,banana m,6
CYP,tooth pasta,6
CYP,milk 3.5,6
CYP,paxima,6
CYP,zero ca,6
CYP,крев,6
CYP,sanwich,6
CYP,cji,6
CYP,alk,6
CYP,total yogurt,6
CYP,hooka,6
CYP,lanitis milk,6
CYP,turkey light,6
CYP,de-io,6
CYP,Cointreau,6
CYP,yoghury,6
CYP,eviva,6
CYP,pada,6
CYP,cigarret,6
CYP,tuna in oil,6
CYP,cigra,6
CYP,skopos,6
CYP,body soa,6
CYP,colagen,6
CYP,vileda turbo,6
CYP,Cotton pads,6
CYP,amare,6
CYP,comdi,6
CYP,dafni,6
CYP,wippe,6
CYP,монстр,6
CYP,green buckwheat,6
CYP,κουρκουμας,6
CYP,Stra,6
CYP,madaga,6
CYP,rce,6
CYP,dehumi,6
CYP,chickwn,6
CYP,tagliate,6
CYP,kernel,6
CYP,dry fi,6
CYP,blush,6
CYP,resistance,6
CYP,cost,6
CYP,agave sy,6
CYP,χοιρι,6
CYP,alh,6
CYP,proscutto,6
CYP,proa,6
CYP,Kvas,6
CYP,хлоп,6
CYP,ground turkey,6
CYP,clif,6
CYP,peot,6
CYP,pool toys,6
CYP,хло,6
CYP,grenadin,6
CYP,μπαρε,6
CYP,пр,6
CYP,Chives,6
CYP,σουβλα,6
CYP,dry mint,6
CYP,cco,6
CYP,baking sheets,6
CYP,sauce zero,6
CYP,ice vream,6
CYP,niacinamide,6
CYP,лезвия,6
CYP,triantaf,6
CYP,burs,6
CYP,nta,6
CYP,brushes,6
CYP,pop corn mi,6
CYP,Royal,6
CYP,courd,6
CYP,pasta molisana,6
CYP,ladies,6
CYP,ψα,6
CYP,ovulation,6
CYP,saw,6
CYP,lenco,6
CYP,cleane,6
CYP,bathroo,6
CYP,fage 0%,6
CYP,petro,6
CYP,bioder,6
CYP,bio cucumber,6
CYP,mango puree,6
CYP,Humm,6
CYP,repelent,6
CYP,beera,6
CYP,Cocoa,6
CYP,семечк,6
CYP,notepad,6
CYP,duba,6
CYP,maidon,6
CYP,milkm,6
CYP,pesp,6
CYP,nob,6
CYP,iorgut,6
CYP,ley,6
CYP,doet,6
CYP,blue island,6
CYP,сыр плавленный,6
CYP,soy sauce light,6
CYP,scoo,6
CYP,rizotto,6
CYP,prines,6
CYP,ler,6
CYP,Lentils,6
CYP,ready salted,6
CYP,dark cholo,6
CYP,bagon,6
CYP,bream,6
CYP,natron,6
CYP,blue che,6
CYP,pink lem,6
CYP,pesi,6
CYP,elecro,6
CYP,Guanciale,6
CYP,laikos,6
CYP,crispbreads,6
CYP,cheken,6
CYP,protein cottage,6
CYP,sonic,6
CYP,protein tortilla,6
CYP,ποπ,6
CYP,st dalfour,6
CYP,yogurt bio,6
CYP,μαστι,6
CYP,bells,6
CYP,cacao po,6
CYP,larger,6
CYP,ladies finger,6
CYP,t shirts,6
CYP,precooked,6
CYP,valii,6
CYP,prez,6
CYP,meggl,6
CYP,tomatoe pas,6
CYP,bukw,6
CYP,traps,6
CYP,αποτρι,6
CYP,sheimps,6
CYP,laim,6
CYP,ruger,6
CYP,ψομι,6
CYP,soap dispenser,6
CYP,молоео,6
CYP,Se,6
CYP,duxan,6
CYP,Cling,6
CYP,cocou,6
CYP,pistachio paste,6
CYP,ifa,6
CYP,замороженные овощи,6
CYP,oata,6
CYP,nutella icecream,6
CYP,homo,6
CYP,лос,6
CYP,iron w,6
CYP,kwfir,6
CYP,φυτικη κρεμα,6
CYP,sloce,6
CYP,simple syrup,6
CYP,mountain,6
CYP,azelaic,6
CYP,pacifi,6
CYP,zyn,6
CYP,ice crew,6
CYP,μπροκ,6
CYP,pantry,6
CYP,jat,6
CYP,carnaroli,6
CYP,Arabic bread,6
CYP,ζυμαρι,6
CYP,hyaluronic,6
CYP,syoss condi,6
CYP,allday,6
CYP,yiol,6
CYP,ahower gel,6
CYP,γρηγοριου,6
CYP,vis,6
CYP,salmi,6
CYP,foodhous,6
CYP,ice cream caramel,6
CYP,freah cream,6
CYP,baking cups,6
CYP,пампер,6
CYP,beer ipa,6
CYP,putin,6
CYP,risott,6
CYP,τυρι κρεμ,6
CYP,motc,6
CYP,koleston,6
CYP,toliet paper,6
CYP,pork gyro,6
CYP,gizza,6
CYP,southern,6
CYP,peau,6
CYP,hot whe,6
CYP,streps,6
CYP,drinki,6
CYP,mohit,6
CYP,red bill,6
CYP,fruit bar,6
CYP,cacoa,6
CYP,nich,6
CYP,dog snack,6
CYP,боржом,6
CYP,σολωμο,6
CYP,coje,6
CYP,cornett,6
CYP,kids sham,6
CYP,hib,6
CYP,zaha,6
CYP,coffee liquer,6
CYP,Detergent,6
CYP,chw,6
CYP,men shower gel,6
CYP,danta,6
CYP,Broth,6
CYP,cherru,6
CYP,salaa,6
CYP,сард,6
CYP,cine,6
CYP,spoon sweet,6
CYP,pantyli,6
CYP,karame,6
CYP,μηλοξυδο,6
CYP,pappe,6
CYP,πανε,6
CYP,decalc,6
CYP,monsyer,6
CYP,κουνο,6
CYP,cotyon,6
CYP,mcvit,6
CYP,orion,6
CYP,fs,6
CYP,chocolate sugar free,6
CYP,πεννες,6
CYP,wasch,6
CYP,findus,6
CYP,mirad,6
CYP,reggi,6
CYP,болон,6
CYP,red bean,6
CYP,baquette,6
CYP,chicp,6
CYP,Sweets,6
CYP,σφουγγαρίστρα,6
CYP,σακούλα,6
CYP,tirokafteri,6
CYP,lebanes,6
CYP,jack d,6
CYP,diffusor,6
CYP,pringel,6
CYP,Οδοντόκρεμα,6
CYP,livad,6
CYP,bathing,6
CYP,non alcoholic wine,6
CYP,mashed pota,6
CYP,end,6
CYP,brooms,6
CYP,вода с газом,6
CYP,aviko,6
CYP,capucc,6
CYP,pineapple ju,6
CYP,αντζο,6
CYP,icing s,6
CYP,rice crisps,6
CYP,χρωμμα ζαχαροπλάστικησ,6
CYP,noutella,6
CYP,neatle,6
CYP,sugar sti,6
CYP,тахини,6
CYP,fresg,6
CYP,salt fish,6
CYP,bed bug,6
CYP,juice pineapple,6
CYP,condicio,6
CYP,delact m,6
CYP,бумага дл,6
CYP,riverland,6
CYP,fak,6
CYP,pampers premium 6,6
CYP,vv,6
CYP,γατες,6
CYP,misc,6
CYP,kateifi,6
CYP,sharpe,6
CYP,aphr,6
CYP,starbucks coffee,6
CYP,гранатовый,6
CYP,υποβρ,6
CYP,fake,6
CYP,metro market,6
CYP,wg,6
CYP,Lordos,6
CYP,spoces,6
CYP,gerolst,6
CYP,adaptir,6
CYP,zippo,6
CYP,ot martina,6
CYP,halliumi,6
CYP,tower,6
CYP,hand towels,6
CYP,psistaria,6
CYP,milk sugar,6
CYP,baby biscuit,6
CYP,frozen staw,6
CYP,oignon,6
CYP,eghs,6
CYP,одноразовые,6
CYP,тан,6
CYP,egan,6
CYP,chicken gyros,6
CYP,tariaki,6
CYP,hull,6
CYP,Coffee filter,6
CYP,ин,6
CYP,mastika,6
CYP,seed of happin,6
CYP,sex on,6
CYP,san pellegri,6
CYP,disposable cups,6
CYP,Sunflower seeds,6
CYP,limonada,6
CYP,ars,6
CYP,bread slices,6
CYP,hairgel,6
CYP,levanti,6
CYP,mosh,6
CYP,nin,6
CYP,topp,6
CYP,pain au lait,6
CYP,plac,6
CYP,paper clips,6
CYP,whys,6
CYP,Baking soda,6
CYP,laundry tablets,6
CYP,kril,6
CYP,moods,6
CYP,mix berries,6
CYP,biod,6
CYP,wash dish,6
CYP,oasis,6
CYP,nurof,6
CYP,pissa,6
CYP,chapati,6
CYP,батаре,6
CYP,knoppers,6
CYP,πις,6
CYP,Curry,6
CYP,puz,6
CYP,ruck,6
CYP,soap b,6
CYP,washing u,6
CYP,Swiffer,6
CYP,rose wi,6
CYP,hot wh,6
CYP,κριτσίνια,6
CYP,сушилка,6
CYP,Mlk,6
CYP,chat,6
CYP,st pel,6
CYP,nivea q10,6
CYP,Barebells,6
CYP,soap ba,6
CYP,footb,6
CYP,μαχαιρο,6
CYP,cucmbe,6
CYP,kefalotiri,6
CYP,korres sun,6
CYP,hali,6
CYP,domestic,6
CYP,jelo,6
CYP,Sudocrem,6
CYP,sea bre,6
CYP,men sha,6
CYP,σολωμό,6
CYP,curd c,6
CYP,levand,6
CYP,перс,6
CYP,butters,6
CYP,lettuse,6
CYP,mefir,6
CYP,noyn,6
CYP,popcorn girl,6
CYP,graded cheese,6
CYP,elvive mask,6
CYP,Turmeric,6
CYP,cheese m,6
CYP,birh,6
CYP,rc,6
CYP,παγοτ,6
CYP,poop bag,6
CYP,Bean,6
CYP,comdon,6
CYP,scub,6
CYP,γιω,6
CYP,NAKD,6
CYP,marble cake,6
CYP,Pine nuts,6
CYP,pash,6
CYP,yoghurt baby,6
CYP,depilatory,6
CYP,meat ball,6
CYP,monge,6
CYP,Charge,6
CYP,pepsi m,6
CYP,tabbaco,6
CYP,Green cola,6
CYP,μεβγ,6
CYP,200ml,6
CYP,brazilian nuts,6
CYP,cotton sti,6
CYP,топленое,6
CYP,spay,6
CYP,foot scrub,6
CYP,κολοκύθα,6
CYP,cocunut milk,6
CYP,yoghurt 2%,6
CYP,oke,6
CYP,zambartas,6
CYP,sprayer,6
CYP,perip,6
CYP,nappys,6
CYP,boom,6
CYP,ivea,6
CYP,parmejano,6
CYP,morning cofee,6
CYP,dye hair,6
CYP,cheese 500,6
CYP,merend,6
CYP,ul,6
CYP,γύρος,6
CYP,Pudding,6
CYP,κατεψυ,6
CYP,ice cream ste,6
CYP,couvertoure,6
CYP,pet foo,6
CYP,famou,6
CYP,serviet,6
CYP,молоко без лактозы,6
CYP,nimm 2,6
CYP,dream t,6
CYP,vegan sausage,6
CYP,fruit puree,6
CYP,cream chesse,6
CYP,tomatoes cherry,6
CYP,nutella bi,6
CYP,c4,6
CYP,mozzrella,6
CYP,marath,6
CYP,grated 4,6
CYP,Pad,6
CYP,chillie,6
CYP,biotin,6
CYP,cokes zero,6
CYP,poat,6
CYP,Bin bags,6
CYP,cat good,6
CYP,molases,6
CYP,nus,6
CYP,ketsch,6
CYP,shrips,6
CYP,absolut vodka,6
CYP,mini ice cream,6
CYP,snickers mini,6
CYP,ketchup light,6
CYP,yesst,6
CYP,hene,6
CYP,pop corn micro,6
CYP,birdseye,6
CYP,panini album,6
CYP,instant nood,6
CYP,cytr,6
CYP,famos,6
CYP,facia,6
CYP,vernel,6
CYP,labello,6
CYP,red chilli powder,6
CYP,cat food dry,6
CYP,κονσε,6
CYP,salt d,6
CYP,village fl,6
CYP,Oatly,6
CYP,milk crem,6
CYP,sqash,6
CYP,chabli,6
CYP,gines,6
CYP,potaties,6
CYP,concen,6
CYP,nan opti,6
CYP,No,6
CYP,фильтр для воды,6
CYP,paysan,6
CYP,eggs large,6
CYP,string beans,6
CYP,euro adapter,6
CYP,кофе молотый,6
CYP,hair bands,6
CYP,Ψωμί,6
CYP,Filter,6
CYP,salted nuts,6
CYP,σολω,6
CYP,glaz,6
CYP,tess,6
CYP,bio jui,6
CYP,πλαστικ,6
CYP,gew,6
CYP,egfs,6
CYP,red milk,6
CYP,hob cleaner,6
CYP,bav,6
CYP,десерты,6
CYP,μο,6
CYP,Cor,6
CYP,caned,6
CYP,veri beri,6
CYP,τυρί τρ,6
CYP,teqila,6
CYP,papier,6
CYP,0% alcohol wine,6
CYP,folk,6
CYP,yogikids,6
CYP,iri,6
CYP,μαχαλεπι,6
CYP,соевое,6
CYP,ice crr,6
CYP,crest,6
CYP,taa,6
CYP,παντζαρι,6
CYP,nags,6
CYP,allw,6
CYP,alepou,6
CYP,απορρυπαντικ,6
CYP,red vel,6
CYP,Kettle,6
CYP,loundr,6
CYP,agios n,6
CYP,протеиновые,6
CYP,baby dia,6
CYP,Frozen vegetables,6
CYP,giger,6
CYP,νεκτ,6
CYP,red bull white,6
CYP,salmob,6
CYP,baume,6
CYP,овсяное молоко,6
CYP,plasric,6
CYP,krocus,6
CYP,fagitas,6
CYP,filla,6
CYP,water softener,6
CYP,sabon,6
CYP,greens powder,6
CYP,Tonic water,6
CYP,pastindo,6
CYP,aphrod,6
CYP,journal,6
CYP,μαλια,6
CYP,μπαμ,6
CYP,sisinni,6
CYP,cyprus cof,6
CYP,olib,6
CYP,hazelnut spread,6
CYP,La vache,6
CYP,choco balls,6
CYP,facial wash,6
CYP,springles,6
CYP,hunter,6
CYP,wita,6
CYP,togh,6
CYP,Beet,6
CYP,whispering angel,6
CYP,liban,6
CYP,νιοκι,6
CYP,tuna fish,6
CYP,фрикадельки,6
CYP,basmati ri,6
CYP,Be,6
CYP,bio chicken,6
CYP,soignon,6
CYP,ψωμί τοστ,6
CYP,Re,6
CYP,unclog,6
CYP,πίττες,6
CYP,mouthwas,6
CYP,soybean,6
CYP,coffe bean,6
CYP,calcu,6
CYP,Kare,6
CYP,airc,6
CYP,rasbery,6
CYP,Caviar,6
CYP,колготки,6
CYP,vegit,6
CYP,agios nikol,6
CYP,minth,6
CYP,trav,6
CYP,schesir,6
CYP,freash cream,6
CYP,biere,6
CYP,öl,6
CYP,bags food,6
CYP,koulo,6
CYP,pesro,6
CYP,m8l,6
CYP,оли,6
CYP,food haus,6
CYP,gazoza,6
CYP,fee,6
CYP,Laundry detergent,6
CYP,contact lenses,6
CYP,пломбир,6
CYP,suluguni,6
CYP,rice flou,6
CYP,απορυπαντικο,6
CYP,sees,6
CYP,cooking cr,6
CYP,одноразовая,6
CYP,mascrapone,6
CYP,eastern europe,6
CYP,face clea,6
CYP,rackets,6
CYP,lipo,6
CYP,aqua fun,6
CYP,ple,6
CYP,gron,6
CYP,diapers pants,6
CYP,eatl,6
CYP,peat,6
CYP,pime,6
CYP,кукурузные,6
CYP,limesc,6
CYP,mix cheese,6
CYP,Plastic Cups,6
CYP,pilmeni,6
CYP,cheese baby,6
CYP,Frozen pastry,6
CYP,киккос,6
CYP,klinex spray,6
CYP,одивки,6
CYP,pampers wipes,6
CYP,leibn,6
CYP,farofa,6
CYP,shirmp,6
CYP,washing ta,6
CYP,joghur,6
CYP,espa,6
CYP,getorade,6
CYP,chocolate 70%,6
CYP,flavored,6
CYP,disch,6
CYP,lady f,6
CYP,blubb,6
CYP,light yo,6
CYP,packe,6
CYP,green foods,6
CYP,strows,6
CYP,alphameg,6
CYP,caramelised,6
CYP,lincoln,6
CYP,minced m,6
CYP,Loofah,6
CYP,panini wolrd cup,6
CYP,conchi,6
CYP,tabasko,6
CYP,nutri val,6
CYP,PEPSI,6
CYP,semi skimmed milk,6
CYP,vip,6
CYP,sundrie,6
CYP,τριανταφυλο,6
CYP,sve,6
CYP,amvrosia,6
CYP,Tortillas,6
CYP,borz,6
CYP,chips lay,6
CYP,sourou,6
CYP,whole meal flour,6
CYP,la molisana spaghetti,6
CYP,italian spice,6
CYP,poda,6
CYP,oil for hair,6
CYP,soap liquid,6
CYP,kiwis,6
CYP,chili sa,6
CYP,white chocolate chips,6
CYP,peanut batter,6
CYP,COCA,6
CYP,πλαστι,6
CYP,газирова,6
CYP,tvotog,6
CYP,cruasa,6
CYP,τσιγα,6
CYP,tyrells,6
CYP,sgu,6
CYP,Sugar free,6
CYP,malter,6
CYP,καψ,6
CYP,usb charger,6
CYP,squs,6
CYP,ion ice,6
CYP,late,6
CYP,Grigo,6
CYP,naxos,6
CYP,purs,6
CYP,toilet c,6
CYP,melk,6
CYP,basel,6
CYP,sailor,6
CYP,Frozen yogurt,6
CYP,ice cream yo,6
CYP,takki,6
CYP,polar,6
CYP,σφογγ,6
CYP,tamper,6
CYP,silken,6
CYP,estella,6
CYP,бум,6
CYP,fresh small,6
CYP,на,6
CYP,rice v,6
CYP,micc,6
CYP,steaw,6
CYP,dog sh,6
CYP,roy,6
CYP,rice krisp,6
CYP,calip,6
CYP,papagilipou,6
CYP,chan,6
CYP,walke,6
CYP,lavazza rossa,6
CYP,chia bread,6
CYP,roasting,6
CYP,grounded,6
CYP,rice wa,6
CYP,pink so,6
CYP,almons,6
CYP,מגבונים,6
CYP,food ba,6
CYP,clean film,6
CYP,ipan,6
CYP,dahi,6
CYP,σισαμι,6
CYP,baked chips,6
CYP,lions,6
CYP,mixed herb,6
CYP,ζελατινη,6
CYP,μπριζόλα,6
CYP,proces,6
CYP,baske,6
CYP,mint bunch,6
CYP,dettol hand wash,6
CYP,пекинская,6
CYP,sugar free fanta,6
CYP,спетана,6
CYP,halape,6
CYP,χτενια,6
CYP,aseto,6
CYP,sauce 0,6
CYP,bio lemon,6
CYP,πιρ,6
CYP,λουλουδια,6
CYP,ninola,6
CYP,matua,6
CYP,banana alpro,6
CYP,gard,6
CYP,desmi,6
CYP,Hallou,6
CYP,vanilla syr,6
CYP,toilet laper,6
CYP,soy vanilla,6
CYP,nivea m,6
CYP,powerr,6
CYP,catr,6
CYP,srr,6
CYP,tropical juice,6
CYP,chopped onion,6
CYP,compost,6
CYP,vegitables,6
CYP,миндальное,6
CYP,celimax,6
CYP,breac,6
CYP,ants spray,6
CYP,tapes,6
CYP,neat,6
CYP,phile,6
CYP,japa,6
CYP,aubergi,6
CYP,cat bowl,6
CYP,baj,6
CYP,Chip,6
CYP,pryaniki,6
CYP,corriand,6
CYP,fraoules,6
CYP,creama,6
CYP,tropi,6
CYP,παγοτα,6
CYP,la viell,6
CYP,dog biscuits,6
CYP,fraiche,6
CYP,levant,6
CYP,napoletana,6
CYP,papadimitriou,6
CYP,жидк,6
CYP,hipp pouch,6
CYP,δαφν,6
CYP,swets,6
CYP,bact,6
CYP,αραβικες,6
CYP,potst,6
CYP,doy,6
CYP,hinz,6
CYP,μουστα,6
CYP,marinat,6
CYP,swiming,6
CYP,backweat,6
CYP,oil baby,6
CYP,protein water,6
CYP,Cherry tomatoes,6
CYP,milkmaid,6
CYP,misty,6
CYP,beam,6
CYP,todt,6
CYP,aloe v,6
CYP,eat rea,6
CYP,thimari,6
CYP,mosqi,6
CYP,chia se,6
CYP,beear,6
CYP,black co,6
CYP,spomge,6
CYP,agrimo,6
CYP,Spices,6
CYP,mashmallow,6
CYP,средство для посуды,6
CYP,cambucha,6
CYP,парм,6
CYP,zero ipa,6
CYP,chrystal,6
CYP,vepo cheese,6
CYP,frozeen,6
CYP,icecream protein,6
CYP,robbinsons,6
CYP,tapa,6
CYP,yohu,6
CYP,посу,6
CYP,earbu,6
CYP,молокр,6
CYP,mpo,6
CYP,яйцв,6
CYP,dorritos,6
CYP,sourcrea,6
CYP,απορρυπ,6
CYP,cream fresh,6
CYP,δθρεχ,6
CYP,humis,6
CYP,piru,6
CYP,bumbu,6
CYP,eclair,6
CYP,cookis,6
CYP,τορτελινια,6
CYP,αμαλια,6
CYP,cous cou,6
CYP,reni,6
CYP,paper bake,6
CYP,zita strained,6
CYP,lipliner,6
CYP,Mop,6
CYP,cabel,6
CYP,natural yogurt,6
CYP,bepanten,6
CYP,сгущенк,6
CYP,yoghut,6
CYP,zero fat,6
CYP,caw,6
CYP,date syrup,6
CYP,κόλλα,6
CYP,κουνούπια,6
CYP,coconut su,6
CYP,капсулы для,6
CYP,cat s,6
CYP,mion,6
CYP,celtic,6
CYP,shripm,6
CYP,alpro pudding,6
CYP,beer non alcohol,6
CYP,febr,6
CYP,brock,6
CYP,star an,6
CYP,odo,6
CYP,lefko,6
CYP,spiroulina,6
CYP,koko yogurt,6
CYP,Oshee,6
CYP,shredd,6
CYP,katiki,6
CYP,collage,6
CYP,fizzy drink,6
CYP,νουτελα,6
CYP,heavy c,6
CYP,chianti,6
CYP,en ella,6
CYP,curcu,6
CYP,γόμα,6
CYP,plastic s,6
CYP,cheese pu,6
CYP,squosh,6
CYP,gliv,6
CYP,kke,6
CYP,Elvive,6
CYP,micce,6
CYP,poop bags,6
CYP,shower dove,6
CYP,premi,6
CYP,ice ceeam,6
CYP,lotus ice cream,6
CYP,ice s,6
CYP,lemtil,6
CYP,footba,6
CYP,delirium,6
CYP,herri,6
CYP,marbl,6
CYP,ess,6
CYP,single cream,6
CYP,shampi,6
CYP,heavy creme,6
CYP,γίγαντες,6
CYP,souror,6
CYP,гхи,6
CYP,heinz baby,6
CYP,peanut butter light,6
CYP,yougurt protein,6
CYP,φραν,6
CYP,αφρολο,6
CYP,καπη,6
CYP,джын,6
CYP,шарики,6
CYP,aaaa,6
CYP,dish spo,6
CYP,pamoers,6
CYP,mask face,6
CYP,orange huice,6
CYP,там,6
CYP,sauseg,6
CYP,cocoa p,6
CYP,gairy,6
CYP,kut,6
CYP,kinder ice,6
CYP,tortilla wrap,6
CYP,Burgers,6
CYP,nachis,6
CYP,cat shampoo,6
CYP,skinke,6
CYP,μαγειρικη σοδα,6
CYP,pasya,6
CYP,teaspoon,6
CYP,κεράσια,6
CYP,томатна,6
CYP,Frui,6
CYP,wy,6
CYP,nail polish re,6
CYP,tpil,6
CYP,ραβιόλες,6
CYP,borod,6
CYP,bonel,6
CYP,shel,6
CYP,κρεμαστ,6
CYP,fish food,6
CYP,vegetal,6
CYP,usb stick,6
CYP,Сыр,6
CYP,food scale,6
CYP,kellig,6
CYP,laundry tab,6
CYP,макаронв,6
CYP,antipersperant,6
CYP,beetroot juice,6
CYP,ябл,6
CYP,dettol sp,6
CYP,inne,6
CYP,body o,6
CYP,oven clean,6
CYP,gut,6
CYP,thousand island,6
CYP,saucisse,6
CYP,appricots,6
CYP,chicken noodles,6
CYP,meat minced,6
CYP,bae,6
CYP,τσάντες,6
CYP,pantene condi,6
CYP,nt,6
CYP,Roklin,6
CYP,cireal,6
CYP,sugar free candy,6
CYP,vegan cookies,6
CYP,Lux,6
CYP,bella,6
CYP,raspberry jam,6
CYP,paysa,6
CYP,δη,6
CYP,hair o,6
CYP,krinkri,6
CYP,Mal,6
CYP,кабачек,6
CYP,balance,6
CYP,whole pasta,6
CYP,γάλσ,6
CYP,cat food can,6
CYP,cluedo,6
CYP,formo,6
CYP,water agios,6
CYP,salted ca,6
CYP,trol,6
CYP,pric,6
CYP,head & shoulders,6
CYP,müll,6
CYP,готовая еда,6
CYP,sparkin,6
CYP,food film,6
CYP,immune,6
CYP,Schar,6
CYP,supersp,6
CYP,current noodles,6
CYP,rix,6
CYP,pudding rice,6
CYP,kiki,6
CYP,fackelmann,6
CYP,white eine,6
CYP,ground pork,6
CYP,fruit and nut,6
CYP,че,6
CYP,catch up,6
CYP,sweetene,6
CYP,cret,6
CYP,Яйца,6
CYP,beef sausage,6
CYP,rum white,6
CYP,nonsugar,6
CYP,parfu,6
CYP,old holb,6
CYP,полотенц,6
CYP,veef,6
CYP,zero suga,6
CYP,minin,6
CYP,fishfinger,6
CYP,πλαστικά,6
CYP,plastic w,6
CYP,пл,6
CYP,acoc,6
CYP,safety,6
CYP,sellery,6
CYP,pitra,6
CYP,sommer,6
CYP,wizz,6
CYP,kotany,6
CYP,milk lani,6
CYP,zeva,6
CYP,leave in con,6
CYP,σιτ,6
CYP,sugar p,6
CYP,frisch,6
CYP,zwiebel,6
CYP,melt,6
CYP,doigh,6
CYP,cosl,6
CYP,famozi,6
CYP,sun flower oil,6
CYP,drinking cho,6
CYP,cupca,6
CYP,αφρός ξ,6
CYP,dim,6
CYP,chicekn,6
CYP,heiz,6
CYP,ff,6
CYP,αναν,6
CYP,magna,6
CYP,dhampoo,6
CYP,body butter,6
CYP,squeeze,6
CYP,Iron,6
CYP,smit,6
CYP,roae,6
CYP,kosher salt,6
CYP,yourg,6
CYP,high protein pasta,6
CYP,zaf,6
CYP,fruc,6
CYP,homm,6
CYP,Flax,6
CYP,weap,6
CYP,pile,6
CYP,σπ,6
CYP,franj,6
CYP,water for,6
CYP,perper,6
CYP,nesv,6
CYP,βανιλινη,6
CYP,ζορ,6
CYP,cuvumber,6
CYP,nudlar,6
CYP,babies,6
CYP,protw,6
CYP,pet pad,6
CYP,doctors,6
CYP,nanni,6
CYP,sef,6
CYP,incen,6
CYP,double sided,6
CYP,cotton swab,6
CYP,24,6
CYP,champign,6
CYP,ketchop,6
CYP,nose strip,6
CYP,gaba,6
CYP,handcream,6
CYP,animals,6
CYP,fresh pota,6
CYP,whie,6
CYP,siru,6
CYP,σαβα,6
CYP,τηγανι,6
CYP,serani,6
CYP,бакла,6
CYP,dark chi,6
CYP,tea tree,6
CYP,Cotton buds,6
CYP,protein var,6
CYP,gavi,6
CYP,vegetable broth,6
CYP,hot chilli,6
CYP,wheata,6
CYP,domi,6
CYP,potato fries,6
CYP,Sou,6
CYP,clothesline,6
CYP,w5,6
CYP,ionise,6
CYP,daugh,6
CYP,goju,6
CYP,zephir,6
CYP,mig,6
CYP,перец черный,6
CYP,axa,6
CYP,goda,6
CYP,гель д,6
CYP,vegies,6
CYP,Citric acid,6
CYP,chicken sausa,6
CYP,loukoumia,6
CYP,καδος,6
CYP,mop s,6
CYP,flosser,6
CYP,xyno,6
CYP,truffe,6
CYP,мол,6
CYP,no gluten,6
CYP,ice cream lotus,6
CYP,yofurt,6
CYP,try,6
CYP,hair fye,6
CYP,zero cal,6
CYP,φευα,6
CYP,κρακε,6
CYP,ну,6
CYP,disha,6
CYP,Listerine,6
CYP,αρνι,6
CYP,Platter,6
CYP,onion rin,6
CYP,σελι,6
CYP,Phila,6
CYP,ogx,6
CYP,ricd,6
CYP,keima,6
CYP,tyrel,6
CYP,sklavinitis,6
CYP,elastic bands,6
CYP,sandwit,6
CYP,pickled peppers,6
CYP,bananaa,6
CYP,пре,6
CYP,tubs,6
CYP,world cup panini,6
CYP,bread cra,6
CYP,vimp,6
CYP,daily pads,6
CYP,dark chocolate chip,6
CYP,brusch,6
CYP,malaktiko,6
CYP,colesaw,6
CYP,klo,6
CYP,gluten free cookies,6
CYP,soutoti,6
CYP,jae,6
CYP,pollen,6
CYP,tomatoe juice,6
CYP,friu,6
CYP,tiroka,6
CYP,kitchen soap,6
CYP,sparklong,6
CYP,birra,6
CYP,ionis,6
CYP,βαφη μαλλι,6
CYP,orage,6
CYP,grio,6
CYP,fage yoghurt,6
CYP,frani,6
CYP,isc,6
CYP,arla mozza,6
CYP,fii,6
CYP,jackfruit,6
CYP,soring,6
CYP,рамен,6
CYP,seleri,6
CYP,ferer,6
CYP,toam,6
CYP,nisias,6
CYP,filadelf,6
CYP,Sparkl,6
CYP,oreo b,6
CYP,виног,6
CYP,nibea,6
CYP,ices,6
CYP,old bay,6
CYP,говяди,6
CYP,yoghurr,6
CYP,lettuxe,6
CYP,stee,6
CYP,koj,6
CYP,ξινο,6
CYP,bolonese,6
CYP,vegee,6
CYP,twiz,6
CYP,nim,6
CYP,maslo,6
CYP,boli,6
CYP,glads,6
CYP,fava beans,6
CYP,κυβοι,6
CYP,κουταλι,6
CYP,new y,6
CYP,type c cable,6
CYP,IPA,6
CYP,bluver,6
CYP,pirr,6
CYP,acrylic,6
CYP,τζ,6
CYP,cheese pizza,6
CYP,kosher milk,6
CYP,cod fish,6
CYP,tofo,6
CYP,Fage,6
CYP,deet,6
CYP,onion r,6
CYP,conteiner,6
CYP,twin,6
CYP,αλο,6
CYP,spicy cheese,6
CYP,chovo,6
CYP,desti,6
CYP,ital,6
CYP,creme c,6
CYP,kei kri,6
CYP,φλοκος,6
CYP,beush,6
CYP,крышка,6
CYP,kri-kri,6
CYP,beet root,6
CYP,duck sauce,6
CYP,bio carrots,6
CYP,wooden floor,6
CYP,jalepeno,6
CYP,Noo,6
CYP,potato fri,6
CYP,bitter g,6
CYP,apple cide,6
CYP,dettol washing,6
CYP,almin,6
CYP,salt for dish,6
CYP,tomato su,6
CYP,χρ,6
CYP,заправка,6
CYP,frostie,6
CYP,шоколад белый,6
CYP,ζαχαρουχ,6
CYP,terres,6
CYP,creme cara,6
CYP,презе,6
CYP,σιδερο,6
CYP,White cheese,6
CYP,martina,6
CYP,ready salad,6
CYP,tia,6
CYP,shirts,6
CYP,magnets,6
CYP,tuna brine,6
CYP,juice c,6
CYP,Fra,6
CYP,icecrean,6
CYP,lino,6
CYP,can food,6
CYP,fruit tea,6
CYP,rice round,6
CYP,σφολιάτα,6
CYP,kinder country,6
CYP,scratch,6
CYP,соломка,6
CYP,vinegar chip,6
CYP,tilapia,6
CYP,aho,6
CYP,quaver,6
CYP,term,6
CYP,eff,6
CYP,vacuum cleaner,6
CYP,drinkin,6
CYP,tooth paste kids,6
CYP,bake rols,6
CYP,spritzer,6
CYP,splenda,6
CYP,macdo,6
CYP,croassant,6
CYP,dry tom,6
CYP,loly,6
CYP,psylliu,6
CYP,reggiano,6
CYP,potar,6
CYP,buch,6
CYP,кор,6
CYP,youphoria,6
CYP,turmeric powder,6
CYP,ροδος,6
CYP,crumps,6
CYP,spreadable,6
CYP,ζύμη,6
CYP,loza,6
CYP,fifa 2026,6
CYP,mocchi,6
CYP,olov,6
CYP,sugar s,6
CYP,pomegranate jui,6
CYP,χαρτι κουζινα,6
CYP,choxo,6
CYP,ανθόνερο,6
CYP,burger beef,6
CYP,malva,6
CYP,beef bones,6
CYP,τυροπ,6
CYP,Ora,6
CYP,delica,6
CYP,perga,6
CYP,lemon juce,6
CYP,alprp,6
CYP,uiltje,6
CYP,dove sho,6
CYP,ice ct,6
CYP,salt for dishwasher,6
CYP,cucb,6
CYP,galopou,6
CYP,maizena,6
CYP,women care,6
CYP,tonny,6
CYP,scale remover,6
CYP,potein,6
CYP,туалетная бума,6
CYP,хлеь,6
CYP,dr.p,6
CYP,tepe,6
CYP,preside,6
CYP,beta,6
CYP,comford,6
CYP,ice cream m,6
CYP,ben jerr,6
CYP,photo,6
CYP,battered,6
CYP,urinary,6
CYP,st pellegrino,6
CYP,nappi,6
CYP,olter,6
CYP,Condensed milk,6
CYP,wood wick,6
CYP,russia,6
CYP,papei,6
CYP,i e tea,6
CYP,sistem,6
CYP,hair spra,6
CYP,mosquito spray,6
CYP,kri kri master,6
CYP,Beers,6
CYP,degestive,6
CYP,dilm,6
CYP,dog poop,6
CYP,paper oven,6
CYP,poll,6
CYP,morgan,6
CYP,heineken zero,6
CYP,FRANUI,6
CYP,hallpumi,6
CYP,анчоус,6
CYP,ave,6
CYP,lemmons,6
CYP,noidles,6
CYP,οδοντοβο,6
CYP,black sesame,6
CYP,bread w,6
CYP,bagget,6
CYP,trolly,6
CYP,brunes,6
CYP,sour dou,6
CYP,beef cub,6
CYP,else,6
CYP,oral-,6
CYP,CR,6
CYP,lip ba,6
CYP,erl,6
CYP,plain flo,6
CYP,gea,6
CYP,сипсы,6
CYP,tour,6
CYP,δαμασκ,6
CYP,koriander,6
CYP,lemonaid,6
CYP,oyshee,6
CYP,rasperry,6
CYP,concentrated,6
CYP,processo,6
CYP,slides,6
CYP,bread crums,6
CYP,drink eat,6
CYP,pilaf,6
CYP,panini stick,6
CYP,picon,6
CYP,distilled wa,6
CYP,la croi,6
CYP,yogjurt,6
CYP,απιονισμενο,6
CYP,coco yo,6
CYP,ice maker,6
CYP,ICE TEA,6
CYP,lava roupa,6
CYP,multi surface,6
CYP,raise,6
CYP,ροδοσ,6
CYP,krek,6
CYP,hamburgers,6
CYP,hank,6
CYP,σφολ,6
CYP,kritsini,6
CYP,limonc,6
CYP,baby float,6
CYP,dark soya,6
CYP,yogurt plain,6
CYP,wine w,6
CYP,wagon,6
CYP,lordis,6
CYP,χαρτι υ,6
CYP,beerr,6
CYP,light bulbs,6
CYP,bekon,6
CYP,pink toilet,6
CYP,garkic,6
CYP,cera ve,6
CYP,сальса,6
CYP,снак,6
CYP,cury,6
CYP,кухон,6
CYP,mixed nu,6
CYP,binbag,6
CYP,white dry wine,6
CYP,Sliced,6
CYP,ado,6
CYP,Gree,6
CYP,λεων,6
CYP,cocnut milk,6
CYP,intimat,6
CYP,advion,6
CYP,BROTH,6
CYP,cornichon,6
CYP,entr,6
CYP,frozen lemon,6
CYP,для мытья,6
CYP,nivea cream,6
CYP,TURKEY,6
CYP,κουζινα,6
CYP,Plastic cup,6
CYP,lor capsules,6
CYP,snow,6
CYP,clorin,6
CYP,vitamin C,6
CYP,legume,6
CYP,φυλλα ρυζιου,6
CYP,Bea,6
CYP,μπισκοτο,6
CYP,υγρο πιατ,6
CYP,que,6
CYP,φουν,6
CYP,stelios,6
CYP,tworo,6
CYP,spuroti,6
CYP,pet bowl,6
CYP,яйа,6
CYP,vrea,6
CYP,jiuce,6
CYP,tiri,6
CYP,mason,6
CYP,sun spray,6
CYP,sang,6
CYP,shaw,6
CYP,baking bag,6
CYP,soya sou,6
CYP,brokko,6
CYP,anti bacterial,6
CYP,dr fish,6
CYP,tooth oaste,6
CYP,сыо,6
CYP,shower head,6
CYP,jack dani,6
CYP,яи,6
CYP,gluden fre,6
CYP,pizza sauc,6
CYP,λού,6
CYP,him,6
CYP,ioa,6
CYP,red wine keo,6
CYP,floro,6
CYP,lemongr,6
CYP,ride,6
CYP,clothes hangers,6
CYP,efam,6
CYP,binbags,6
CYP,κατεψυγμένα φρούτα,6
CYP,μαστ,6
CYP,sita,6
CYP,garlic sau,6
CYP,Ritter sport,6
CYP,πατο,6
CYP,Anari,6
CYP,hie,6
CYP,mint ice,6
CYP,buffal,6
CYP,sufa,6
CYP,hashbrowns,6
CYP,hair removal wax,6
CYP,efgs,6
CYP,Snickers,6
CYP,frise,6
CYP,radp,6
CYP,поро,6
CYP,sussage,6
CYP,bbq zero,6
CYP,ice cream regis,6
CYP,pancet,6
CYP,egg noo,6
CYP,sauce salad,6
CYP,elektro,6
CYP,beauty line,6
CYP,frozen berrys,6
CYP,freeze dry,6
CYP,bund,6
CYP,cacao p,6
CYP,chicken tight,6
CYP,vhicken,6
CYP,snack aj,6
CYP,lemon water,6
CYP,zota,6
CYP,telemes,6
CYP,blon,6
CYP,back bacon,6
CYP,ariel powder,6
CYP,endive,6
CYP,baquet,6
CYP,dragonfruit,6
CYP,анчоусы,6
CYP,toping,6
CYP,greet,6
CYP,praches,6
CYP,caban,6
CYP,зеленый чай,6
CYP,hot cheetos,6
CYP,харибо,6
CYP,icecream stevia,6
CYP,слоеное тесто,6
CYP,summer toys,6
CYP,chicolate milk,6
CYP,headphone,6
CYP,hamd,6
CYP,zero shugar,6
CYP,spor,6
CYP,heatt,6
CYP,toothepaste,6
CYP,strup,6
CYP,delact yog,6
CYP,lrmon,6
CYP,капсулы кофе,6
CYP,μπεσαμ,6
CYP,oat flower,6
CYP,pine n,6
CYP,pahit ice,6
CYP,drop,6
CYP,mayou,6
CYP,ψο,6
CYP,bato,6
CYP,wiprs,6
CYP,διμιτριακα,6
CYP,baby be,6
CYP,bananad,6
CYP,лоток,6
CYP,prag,6
CYP,cini,6
CYP,virgin oil,6
CYP,Football,6
CYP,χρω,6
CYP,καντα,6
CYP,ground b,6
CYP,pork saus,6
CYP,budwe,6
CYP,golden kiwi,6
CYP,hiro,6
CYP,kellogd,6
CYP,pataks,6
CYP,taz,6
CYP,ib,6
CYP,suagr,6
CYP,galb,6
CYP,soya m,6
CYP,камам,6
CYP,fresh beans,6
CYP,washing machin,6
CYP,zip lo,6
CYP,nutrib,6
CYP,σκουποξυλο,6
CYP,κολοκασι,6
CYP,beef cu,6
CYP,παγουρι,6
CYP,dr.pe,6
CYP,Sauerkraut,6
CYP,hair soray,6
CYP,sommers,6
CYP,πανι,6
CYP,vacuum bags,6
CYP,vegan protein bars,6
CYP,peaches flat,6
CYP,Brown bread,6
CYP,cornic,6
CYP,apple cider vine,6
CYP,apple v,6
CYP,τσαντα δωρου,6
CYP,mini chocolates,6
CYP,appe,6
CYP,cordi,6
CYP,fisherman,6
CYP,caven,6
CYP,oki,6
CYP,ben & je,6
CYP,nicotin,6
CYP,canelloni,6
CYP,porige,6
CYP,πετρε,6
CYP,chicken feet,6
CYP,crease,6
CYP,chicken season,6
CYP,anchi,6
CYP,whisks,6
CYP,rubber band,6
CYP,toilet aper,6
CYP,KAREN,6
CYP,valo,6
CYP,λουκανικακια,6
CYP,pantie,6
CYP,USB c,6
CYP,koutrou,6
CYP,γαυρος,6
CYP,balza,6
CYP,agora,6
CYP,масло подсо,6
CYP,xanthan gum,6
CYP,schep,6
CYP,fsiry,6
CYP,chine,6
CYP,lor coffee,6
CYP,chicken fille,6
CYP,saline,6
CYP,air con,6
CYP,Body soap,6
CYP,water coco,6
CYP,tomatopaste,6
CYP,snitze,6
CYP,woode,6
CYP,sweet papr,6
CYP,alamra,6
CYP,disw,6
CYP,blad,6
CYP,walt market,6
CYP,every da,6
CYP,broth el,6
CYP,ann,6
CYP,auga,6
CYP,saita,6
CYP,παστελ,6
CYP,creams,6
CYP,ded,6
CYP,Coca cola zero,6
CYP,puff bar,6
CYP,allatini,6
CYP,aran,6
CYP,makeu,6
CYP,saucage,6
CYP,dry herbs,6
CYP,charger cable,6
CYP,Za,6
CYP,laurel,6
CYP,gemüse,6
CYP,athie,6
CYP,baterries,6
CYP,mixed spices,6
CYP,mpar,6
CYP,suge,6
CYP,toothstick,6
CYP,pidi,6
CYP,табак,6
CYP,Cucum,6
CYP,yakita,6
CYP,глина,6
CYP,fresh juic,6
CYP,milk ots,6
CYP,racket,6
CYP,red inion,6
CYP,wow,6
CYP,braed,6
CYP,tomatoes paste,6
CYP,mixed spice,6
CYP,mozarr,6
CYP,skinn,6
CYP,barc,6
CYP,zita lactose,6
CYP,zero cole,6
CYP,toilette pap,6
CYP,washing capsule,6
CYP,buket,6
CYP,greta,6
CYP,buldok,6
CYP,τριανταφυλ,6
CYP,facial soap,6
CYP,coriandee,6
CYP,φρυγανι,6
CYP,karvou,6
CYP,lw,6
CYP,seller,6
CYP,torteli,6
CYP,wani,6
CYP,bj,6
CYP,aloko,6
CYP,playdoh,6
CYP,sanitary napkin,6
CYP,parmega,6
CYP,mini cho,6
CYP,χο,6
CYP,protein wraps,6
CYP,fifa world cup stickers,6
CYP,calv,6
CYP,sholl,6
CYP,tsaziki,6
CYP,Container,6
CYP,deinks,6
CYP,papadopoul,6
CYP,lubrican,6
CYP,whiski,6
CYP,boui,6
CYP,coke xero,6
CYP,fika,6
CYP,Caprice,6
CYP,koser,6
CYP,σπαγγέτι,6
CYP,poratoe,6
CYP,soss,6
CYP,spare ribs,6
CYP,λιναρο,6
CYP,жидкое,6
CYP,coriander seed,6
CYP,χαρουπομελο,6
CYP,fertilizer,6
CYP,empty,6
CYP,apf,6
CYP,omino bianco,6
CYP,gall,6
CYP,Soup,6
CYP,serve,6
CYP,avokad,6
CYP,water bott,6
CYP,ground ginger,6
CYP,панировочные сухари,6
CYP,gift sets,6
CYP,tower fan,6
CYP,масло сливо,6
CYP,pork leg,6
CYP,curry p,6
CYP,tall,6
CYP,fonti,6
CYP,soft tooth,6
CYP,next,6
CYP,protein snacks,6
CYP,soft frink,6
CYP,gose,6
CYP,tomao,6
CYP,sob,6
CYP,hamm,6
CYP,seed oil,6
CYP,ice cream magn,6
CYP,eyenlip,6
CYP,bio tomato,6
CYP,green mojito,6
CYP,газированая,6
CYP,red tea,6
CYP,coffe cap,6
CYP,cat dry,6
CYP,srirac,6
CYP,κονσ,6
CYP,jp ch,6
CYP,Pomegranate,6
CYP,φιλέτο,6
CYP,Adidas,6
CYP,dish washer tablets,6
CYP,protein burger,6
CYP,ζυγαριά,6
CYP,condam,6
CYP,proy,6
CYP,zitq,6
CYP,toothpasre,6
CYP,appri,6
CYP,cabl,6
CYP,vidk,6
CYP,φασολακια,6
CYP,erding,6
CYP,Cit,6
CYP,staro,6
CYP,σταφιδ,6
CYP,филадел,6
CYP,corta,6
CYP,turkey fillet,6
CYP,mada,6
CYP,caje,6
CYP,whote wine,6
CYP,cracer,6
CYP,adama,6
CYP,формы,6
CYP,becham,6
CYP,casi,6
CYP,stick mop,6
CYP,κρεμα τυρι,6
CYP,ted wine,6
CYP,body brush,6
CYP,meatle,6
CYP,legu,6
CYP,west cork,6
CYP,non alcoholi,6
CYP,индир,6
CYP,baby pads,6
CYP,dry red wine,6
CYP,tealight,6
CYP,bie,6
CYP,white wine dry,6
CYP,bama,6
CYP,pepermint,6
CYP,frozen vegg,6
CYP,pano,6
CYP,honig,6
CYP,boler,6
CYP,καρότο,6
CYP,Sesame seeds,6
CYP,tomato suace,6
CYP,calli,6
CYP,johnnie,6
CYP,breathe,6
CYP,vhips,6
CYP,schrimp,6
CYP,carol,6
CYP,salt wash,6
CYP,water b,6
CYP,shenker,6
CYP,hot fog,6
CYP,φρατ,6
CYP,beer n,6
CYP,Cheese slices,6
CYP,agrini,6
CYP,sre,6
CYP,cheder,6
CYP,piping bag,6
CYP,snacking good,6
CYP,χαρτοπετσε,6
CYP,catnip,6
CYP,yiot,6
CYP,arisona,6
CYP,pork min,6
CYP,σαντιγ,6
CYP,стираль,6
CYP,slim noo,6
CYP,nature valle,6
CYP,eatlea,6
CYP,грана,6
CYP,mix vegetables,6
CYP,blue l,6
CYP,dot,6
CYP,cacao pow,6
CYP,σνιτσελ,6
CYP,bio snacks,6
CYP,nescafe sticks,6
CYP,ghee butter,6
CYP,speay,6
CYP,lom,6
CYP,дезодо,6
CYP,if,6
CYP,lays multipack,6
CYP,τουαλετ,6
CYP,κολιανδρο,6
CYP,crr,6
CYP,sume,6
CYP,kellogs all bran,6
CYP,hobey,6
CYP,pikle,6
CYP,plastic baga,6
CYP,isoprop,6
CYP,menta,6
CYP,melom,6
CYP,poca,6
CYP,yogurt bites,6
CYP,coffi,6
CYP,remov,6
CYP,стира,6
CYP,snack j,6
CYP,лук зеленый,6
CYP,amigdala,6
CYP,condioner,6
CYP,perriee,6
CYP,muts,6
CYP,black clothes,6
CYP,velida,6
CYP,truffle chips,6
CYP,kids s,6
CYP,toiler paper,6
CYP,jacket,6
CYP,σερβιέ,6
CYP,makeup remo,6
CYP,Glass,6
CYP,protein drin,6
CYP,ροδό,6
CYP,thun,6
CYP,frozen pota,6
CYP,μαιντ,6
CYP,rings,6
CYP,λουκανικ,6
CYP,seven day,6
CYP,Truffle,6
CYP,коровка,6
CYP,frozen pi,6
CYP,соленые,6
CYP,new zeland,6
CYP,spai,6
CYP,лосос,6
CYP,τυροκαυτερη,6
CYP,chocolate pow,6
CYP,oahee,6
CYP,тря,6
CYP,hipp organic,6
CYP,prigles,6
CYP,flaur,6
CYP,whole whea,6
CYP,yuzu,6
CYP,творожный сырок,6
CYP,nektarini,6
CYP,spring roll wrap,6
CYP,nailo,6
CYP,xantha,6
CYP,jy,6
CYP,majoran,6
CYP,sygar,6
CYP,gine,6
CYP,Mineral water,6
CYP,haloi,6
CYP,sereal,6
CYP,marks and,6
CYP,curcumin,6
CYP,черный чай,6
CYP,cinammo,6
CYP,davido,6
CYP,alphabet,6
CYP,ντάκος,6
CYP,yumyum,6
CYP,little m,6
CYP,кухонный,6
CYP,healthy bread,6
CYP,духи,6
CYP,water spray,6
CYP,custard powder,6
CYP,φριγα,6
CYP,υπο,6
CYP,Friskies,6
CYP,insulated,6
CYP,air fryer paper,6
CYP,breezee,6
CYP,italy,6
CYP,valsamic,6
CYP,beer gift,6
CYP,αντικολλη,6
CYP,banana juice,6
CYP,бритье,6
CYP,laz,6
CYP,pare,6
CYP,coffe caps,6
CYP,kumin,6
CYP,cuttlery,6
CYP,pure monin,6
CYP,tommy tippee,6
CYP,rosh,6
CYP,carto,6
CYP,chicken strip,6
CYP,chestnut,6
CYP,ilk,6
CYP,активиа,6
CYP,prpsi,6
CYP,bounduelle,6
CYP,nestle milk,6
CYP,specu,6
CYP,seeds of hap,6
CYP,ροκ,6
CYP,prawn cra,6
CYP,leon beer,6
CYP,μπισ,6
CYP,ryv,6
CYP,choxolate,6
CYP,αντζου,6
CYP,cheese puff,6
CYP,Nu,6
CYP,ελε,6
CYP,nettle tea,6
CYP,φυστικοβο,6
CYP,chevre,6
CYP,chopped tomatoe,6
CYP,pork minc,6
CYP,cucumbwr,6
CYP,cucca,6
CYP,tassim,6
CYP,στραγγ,6
CYP,ketchup bio,6
CYP,rasin,6
CYP,snackajack,6
CYP,αντιση,6
CYP,wafels,6
CYP,parlsey,6
CYP,prickl,6
CYP,crock,6
CYP,dipp,6
CYP,carsberg,6
CYP,chocolate sprinkles,6
CYP,detergent baby,6
CYP,extender,6
CYP,Shamp,6
CYP,soc,6
CYP,bearnai,6
CYP,κιμά,6
CYP,feta chee,6
CYP,ice cream cookie,6
CYP,dak,6
CYP,pall mall,6
CYP,cleaning liquid,6
CYP,baby gem,6
CYP,iced latte,6
CYP,octupus,6
CYP,manteiga,6
CYP,nevia,6
CYP,aoup,6
CYP,αμυγδαλ,6
CYP,Shower,6
CYP,wae,6
CYP,descal,6
CYP,eyr,6
CYP,wax paper,6
CYP,ме,6
CYP,sousi,6
CYP,σκουπο,6
CYP,gnoch,6
CYP,poppers,6
CYP,chili fla,6
CYP,calipo,6
CYP,ершик,6
CYP,panthen,6
CYP,wooden fork,6
CYP,mainta,6
CYP,air frier,6
CYP,proteu,6
CYP,δημητριακ,6
CYP,αντις,6
CYP,pickled cabbage,6
CYP,fresh yeast,6
CYP,seedl,6
CYP,yogurt honey,6
CYP,pinapl,6
CYP,dentast,6
CYP,smal,6
CYP,bath bomb,6
CYP,bewf,6
CYP,finn cr,6
CYP,fresh strawberry,6
CYP,prisecco,6
CYP,fruitella,6
CYP,wine cr,6
CYP,l or,6
CYP,claw,6
CYP,mau,6
CYP,English breakfast,6
CYP,ice cream vani,6
CYP,hand sanit,6
CYP,pasta souce,6
CYP,hair cut,6
CYP,body scru,6
CYP,protein coo,6
CYP,καλσον,6
CYP,grec,6
CYP,parmegan,6
CYP,sunscream,6
CYP,malina,6
CYP,concentrated milk,6
CYP,merenda,6
CYP,tagliat,6
CYP,decoration,6
CYP,troufa,6
CYP,βαμβ,6
CYP,pinappl,6
CYP,sweet chili sauce,6
CYP,trans,6
CYP,ouster,6
CYP,sparkiling,6
CYP,ome,6
CYP,pork souvlaki,6
CYP,dish spong,6
CYP,graduation,6
CYP,extra vi,6
CYP,hair loss,6
CYP,cotton w,6
CYP,plumb,6
CYP,mpou,6
CYP,ozu,6
CYP,nicot,6
CYP,algo,6
CYP,κονσερβες,6
CYP,γαρυφαλλο,6
CYP,demake,6
CYP,sakoules,6
CYP,электро,6
CYP,Worcestershire sauce,6
CYP,ταμπλε,6
CYP,проклад,6
CYP,tapp,6
CYP,qunioa,6
CYP,nannys pants,6
CYP,deidorant,6
CYP,light chees,6
CYP,naturli,6
CYP,chicje,6
CYP,glass bowl,6
CYP,cocunt,6
CYP,timeout,6
CYP,soy beans,6
CYP,flush,6
CYP,nodel,6
CYP,parmegian,6
CYP,мацаре,6
CYP,χουμ,6
CYP,tomet,6
CYP,viacal,6
CYP,oat milk alpro,6
CYP,seabr,6
CYP,glyc,6
CYP,bell pepers,6
CYP,baq,6
CYP,copp,6
CYP,nact,6
CYP,Wasser,6
CYP,warwe,6
CYP,natural va,6
CYP,hienz,6
CYP,hair mo,6
CYP,monster m,6
CYP,spel,6
CYP,place,6
CYP,shamb,6
CYP,limonati,6
CYP,ιψε,6
CYP,βούτυρος,6
CYP,merries,6
CYP,morango,6
CYP,chickn,6
CYP,waterr,6
CYP,rice jas,6
CYP,coconut chips,6
CYP,grocery,6
CYP,protein ic,6
CYP,oranges for juice,6
CYP,Peri,6
CYP,naturetech,6
CYP,powerra,6
CYP,caramele,6
CYP,Ice cr,6
CYP,integral,6
CYP,flapjack,6
CYP,μυρτιλα,6
CYP,cake mould,6
CYP,ig,6
CYP,granul,6
CYP,ii,6
CYP,epic,6
CYP,brushwork,6
CYP,jelatin,6
CYP,lunche,6
CYP,коврик,6
CYP,spring roll wrapper,6
CYP,lov,6
CYP,seawe,6
CYP,potassium,6
CYP,σκουπιδια,6
CYP,cartoon,6
CYP,hair remover,6
CYP,m&m's,6
CYP,syrup caramel,6
CYP,Coffee beans,6
CYP,κρεμυδι,6
CYP,ground c,6
CYP,childs farm,6
CYP,micro sd,6
CYP,virgi,6
CYP,platinum,6
CYP,pelte,6
CYP,beer no,6
CYP,zakuska,6
CYP,pellegrini,6
CYP,brusche,6
CYP,diffus,6
CYP,agros mineral,6
CYP,curtain,6
CYP,κοτόπο,6
CYP,showerg,6
CYP,hibis,6
CYP,како,6
CYP,marinado,6
CYP,almond oil,6
CYP,pastela,6
CYP,cheese 0,6
CYP,bubb,6
CYP,just for men,6
CYP,edema,6
CYP,бата,6
CYP,fouantre,6
CYP,lavander,6
CYP,Wolt,6
CYP,allergy,6
CYP,ham leg,6
CYP,keo red,6
CYP,cereal protein,6
CYP,susa,6
CYP,begs,6
CYP,mw,6
CYP,perl,6
CYP,amaranth,6
CYP,Carlsberg,6
CYP,celsius,6
CYP,λουβια,6
CYP,birthday ca,6
CYP,jonhson,6
CYP,Stevie ice cream,6
CYP,minced mest,6
CYP,γαν,6
CYP,ricecak,6
CYP,Plastic cups,6
CYP,rukk,6
CYP,pastina,6
CYP,ics,6
CYP,chicken organic,6
CYP,puk,6
CYP,jogur,6
CYP,tick,6
CYP,cottage chesse,6
CYP,schrimps,6
CYP,prope,6
CYP,вишн,6
CYP,galatak,6
CYP,BROOM STICK,6
CYP,арах,6
CYP,buisq,6
CYP,rasi,6
CYP,moping,6
CYP,shiitake,6
CYP,shampoo syoss,6
CYP,проссеко,6
CYP,repellant,6
CYP,Vegetables,6
CYP,pasta saice,6
CYP,energy dri,6
CYP,fanta lem,6
CYP,youl,6
CYP,corn c,6
CYP,мыр,6
CYP,mox,6
CYP,soda powder,6
CYP,tec,6
CYP,dipe,6
CYP,bek,6
CYP,hairspr,6
CYP,tortigia,6
CYP,bolong,6
CYP,Raspberry,6
CYP,mundial,6
CYP,browns,6
CYP,davines,6
CYP,dried strawberry,6
CYP,крекеры без,6
CYP,loght,6
CYP,grabes,6
CYP,shew,6
CYP,de-ion,6
CYP,καμπος,6
CYP,korrs,6
CYP,fructi,6
CYP,chicol,6
CYP,ear stick,6
CYP,footbal,6
CYP,tomazo,6
CYP,каас,6
CYP,dr fisher,6
CYP,arrow,6
CYP,γαριδάκια,6
CYP,sparklingwater,6
CYP,suchi,6
CYP,slais,6
CYP,koko yog,6
CYP,rose syr,6
CYP,cokw,6
CYP,pipers,6
CYP,slider,6
CYP,ice ber,6
CYP,detail,6
CYP,buscui,6
CYP,henn,6
CYP,rolle,6
CYP,tu a,6
CYP,milk full fat,6
CYP,vanilla yog,6
CYP,carbury,6
CYP,avova,6
CYP,σφολι,6
CYP,aven,6
CYP,lipton peach,6
CYP,washing plates,6
CYP,thee,6
CYP,ηπειρος,6
CYP,pastet,6
CYP,melat,6
CYP,shortbr,6
CYP,koper,6
CYP,Green onion,6
CYP,tin tomato,6
CYP,dryed,6
CYP,red k,6
CYP,grana pada,6
CYP,frozen pea,6
CYP,spred,6
CYP,frankfu,6
CYP,μπαμια,6
CYP,mini m,6
CYP,agrok,6
CYP,electrical,6
CYP,cheto,6
CYP,free gluten,6
CYP,frozen l,6
CYP,strawberry sy,6
CYP,milk s,6
CYP,cotton stick,6
CYP,takeaway,6
CYP,face p,6
CYP,onion red,6
CYP,sf,6
CYP,kounto,6
CYP,coofe,6
CYP,magnetic,6
CYP,wnergy,6
CYP,χωμι,6
CYP,argula,6
CYP,churros,6
CYP,μπατα,6
CYP,tonix,6
CYP,tomaties,6
CYP,Lidl,6
CYP,кефір,6
CYP,ελι,6
CYP,ми,6
CYP,morokanela,6
CYP,Cakes,6
CYP,plomb,6
CYP,χρωμο,6
CYP,desper,6
CYP,kindrr,6
CYP,dry apricot,6
CYP,stabilo,6
CYP,barista oat milk,6
CYP,park,6
CYP,cocr,6
CYP,KFC,6
CYP,yiay,6
CYP,rainbow,6
CYP,kidney bean,6
CYP,ριζοκ,6
CYP,burgwr,6
CYP,baby y,6
CYP,beab,6
CYP,baking shee,6
CYP,supplement,6
CYP,σακουλες σκου,6
CYP,8ce,6
CYP,αντικολλητικ,6
CYP,Mineral,6
CYP,oats gluten,6
CYP,Turk,6
CYP,avian,6
CYP,mop sti,6
CYP,protein rice,6
CYP,εντο,6
CYP,шницель,6
CYP,lenonade,6
CYP,ost milk,6
CYP,dac,6
CYP,cucumer,6
CYP,электролиты,6
CYP,rois,6
CYP,biore,6
CYP,cambuch,6
CYP,buts,6
CYP,mats,6
CYP,dream top,6
CYP,fresh on,6
CYP,linda,6
CYP,соба,6
CYP,pills,6
CYP,brum,6
CYP,jeam,6
CYP,tropic,6
CYP,rac,6
CYP,enz,6
CYP,cheese sau,6
CYP,coreander,6
CYP,saucepan,6
CYP,coco oil,6
CYP,sin,6
CYP,parq,6
CYP,gentle,6
CYP,usb-,6
CYP,tomme,6
CYP,коубника,6
CYP,chirom,6
CYP,мёд,6
CYP,red wine dry,6
CYP,table cover,6
CYP,teeth brush,6
CYP,jage,6
CYP,tongs,6
CYP,принг,6
CYP,athi,6
CYP,limette,6
CYP,свечка,6
CYP,strvia,6
CYP,low fat yogurt,6
CYP,Dill,6
CYP,πουρέ,6
CYP,milk full,6
CYP,тыкв,6
CYP,ροδόσταγμα,6
CYP,venish,6
CYP,seal,6
CYP,fresh lemon,6
CYP,butter un,6
CYP,clee,6
CYP,тортил,6
CYP,κρεατα,6
CYP,yougourt,6
CYP,φερα,6
CYP,bao bun,6
CYP,primgles,6
CYP,Mat,6
CYP,dove shamp,6
CYP,Rimmel,6
CYP,st p,6
CYP,ice cream kri kri,6
CYP,dream to,6
CYP,Ha,6
CYP,strawberry fr,6
CYP,dove deod,6
CYP,barbec,6
CYP,criss,6
CYP,sprinkels,6
CYP,smu,6
CYP,sprot,6
CYP,stuffing,6
CYP,new zealand,6
CYP,5%,6
CYP,qt,6
CYP,pastq,6
CYP,Χρυσή,6
CYP,bagd,6
CYP,suma,6
CYP,nelis,6
CYP,φούρνος,6
CYP,масло с,6
CYP,cteam,6
CYP,oat ba,6
CYP,sheps,6
CYP,porid,6
CYP,massalias,6
CYP,diapers size 6,6
CYP,dour,6
CYP,conte,6
CYP,pumki,6
CYP,toursi,6
CYP,κρικρι,6
CYP,pre workout,6
CYP,tsiak,6
CYP,kao,6
CYP,lime cordial,6
CYP,mince pork,6
CYP,hash b,6
CYP,pori,6
CYP,od,6
CYP,для уборки,6
CYP,aperi,6
CYP,mindal,6
CYP,octabus,6
CYP,bio oil,6
CYP,peppercor,6
CYP,σως,6
CYP,processed cheese,6
CYP,valsami,6
CYP,υποσεντονα,6
CYP,tzazi,6
CYP,vegan burg,6
CYP,orangr,6
CYP,для бритья,6
CYP,non-alc,6
CYP,χαρουπο,6
CYP,antibacteri,6
CYP,flat peach,6
CYP,Nute,6
CYP,asparangus,6
CYP,vegan yog,6
CYP,cutti,6
CYP,kimas,6
CYP,diappers,6
CYP,bloss,6
CYP,zita smart,6
CYP,τριμμ,6
CYP,koree,6
CYP,coffee lavazza,6
CYP,шсу,6
CYP,jelat,6
CYP,oreo i,6
CYP,παξιμάδι,6
CYP,red chil,6
CYP,arabic pita,6
CYP,salt and vi,6
CYP,χουρμάδες,6
CYP,20,6
CYP,κετ,6
CYP,hot weels,6
CYP,riccot,6
CYP,amor di pane,6
CYP,sour crem,6
CYP,metax,6
CYP,senna,6
CYP,deodorant man,6
CYP,cabagge,6
CYP,air freshe,6
CYP,parmesab,6
CYP,hairspra,6
CYP,fozen,6
CYP,aloe vers,6
CYP,pecco,6
CYP,proteon,6
CYP,kurd,6
CYP,icecrem,6
CYP,kitchen cleaning,6
CYP,chicken sa,6
CYP,rolled oat,6
CYP,watercress,6
CYP,seeweed,6
CYP,recycli,6
CYP,bass,6
CYP,semena,6
CYP,dinosa,6
CYP,just,6
CYP,loackers,6
CYP,srite,6
CYP,bullet,6
CYP,sugar sachets,6
CYP,cold drinks,6
CYP,sex doll,6
CYP,thna,6
CYP,LEMON,6
CYP,chips cheese,6
CYP,cheese triangles,6
CYP,namnys,6
CYP,redis,6
CYP,lemon juic,6
CYP,iceland,6
CYP,паште,6
CYP,colour magnet,6
CYP,овощ,6
CYP,στε,6
CYP,strawbee,6
CYP,chocolate spre,6
CYP,nisiast,6
CYP,kiknos,6
CYP,ρα,6
CYP,dought,6
CYP,туалетная б,6
CYP,hot p,6
CYP,superho,6
CYP,dazs,6
CYP,frozen fri,6
CYP,proteinbar,6
CYP,plain yo,6
CYP,Cherries,6
CYP,catc,6
CYP,dolls,6
CYP,containe,6
CYP,light halloumi,6
CYP,ice cubs,6
CYP,gratted,6
CYP,organic oat,6
CYP,ntomatinia,6
CYP,nichol,6
CYP,nescafe classic,6
CYP,αντισηπτικό,6
CYP,καψου,6
CYP,καν,6
CYP,цфеук,6
CYP,humidi,6
CYP,gsrlic,6
CYP,φυστικελαιο,6
CYP,dog s,6
CYP,sparklimg,6
CYP,kampos,6
CYP,omino,6
CYP,disaronno,6
CYP,cico,6
CYP,wisp,6
CYP,laundry de,6
CYP,сир,6
CYP,toun,6
CYP,bluemoon,6
CYP,контейнеры,6
CYP,αποσταγμε,6
CYP,kemon,6
CYP,bomba,6
CYP,vegan yoghurt,6
CYP,maitanos,6
CYP,deal,6
CYP,geek,6
CYP,coffee mug,6
CYP,lays onion,6
CYP,baby shampo,6
CYP,free range egg,6
CYP,buldal,6
CYP,μοσχοκαρ,6
CYP,tishu,6
CYP,pet hair,6
CYP,yel,6
CYP,milk chocol,6
CYP,white whine,6
CYP,brokkol,6
CYP,tiga,6
CYP,oio,6
CYP,семеч,6
CYP,vermout,6
CYP,треска,6
CYP,rice crispy,6
CYP,caramel latte,6
CYP,lemtils,6
CYP,dried ap,6
CYP,juice cranberry,6
CYP,сдивки,6
CYP,seven up zero,6
CYP,αλεύ,6
CYP,лопатка,6
CYP,roz,6
CYP,vepo mozza,6
CYP,amer,6
CYP,ελαιολ,6
CYP,χρυ,6
CYP,φρι,6
CYP,bio bread,6
CYP,παπαδοπο,6
CYP,greek yogurt 0%,6
CYP,paximadia,6
CYP,spring oni,6
CYP,liquid soa,6
CYP,waitro,6
CYP,anemedic,6
CYP,yogurt kid,6
CYP,scheppes,6
CYP,maracuja,6
CYP,advil,6
CYP,tran,6
CYP,шве,6
CYP,calb,6
CYP,gluten freee,6
CYP,sausage rolls,6
CYP,borthday,6
CYP,grisi,6
CYP,панировочные,6
CYP,periwr,6
CYP,bq,6
CYP,bluetooth,6
CYP,borji,6
CYP,chicken bon,6
CYP,proe,6
CYP,lidle,6
CYP,πανες ενηλικων,6
CYP,sette,6
CYP,ajinomoto,6
CYP,magno,6
CYP,aloe ver,6
CYP,red be,6
CYP,snail,6
CYP,pere,6
CYP,mayonase,6
CYP,peaa,6
CYP,crs,6
CYP,хлорка,6
CYP,air co,6
CYP,αχλαδια,6
CYP,минераль,6
CYP,морс,6
CYP,ult,6
CYP,otrivin,6
CYP,cloro,6
CYP,Cok,6
CYP,ova,6
CYP,сосиска,6
CYP,καραμέλες,6
CYP,pot noodles,6
CYP,sushi r,6
CYP,hair sun,6
CYP,Frozen fruits,6
CYP,skinny barista,6
CYP,water bo,6
CYP,harivo,6
CYP,bergamot,6
CYP,chettos,6
CYP,sugar syrop,6
CYP,nuts salted,6
CYP,χουρμαδες,6
CYP,watermelon seedless,6
CYP,coffee powder,6
CYP,pappers,6
CYP,tualet,6
CYP,syrniki,6
CYP,camomile tea,6
CYP,babylini,6
CYP,ice x,6
CYP,astry,6
CYP,glutt,6
CYP,cram cheese,6
CYP,fresh or,6
CYP,areil,6
CYP,pampers s6,6
CYP,tempo,6
CYP,CH,6
CYP,фундук,6
CYP,cotton swa,6
CYP,Eg,6
CYP,lemon dr,6
CYP,dishwasher soap,6
CYP,henna,6
CYP,litchen roll,6
CYP,bretzel,6
CYP,sparkeling,6
CYP,chocolat milk,6
CYP,κρεμι,6
CYP,bete,6
CYP,dog pate,6
CYP,vitamin well,6
CYP,aya,6
CYP,almond alpro,6
CYP,sun protect,6
CYP,dustbin bag,6
CYP,jumbo oat,6
CYP,Tena,6
CYP,ide,6
CYP,sweetened condensed milk,6
CYP,waitr,6
CYP,kean le,6
CYP,ciken,6
CYP,dishwasher capsules,6
CYP,tesa,6
CYP,чай холодный,6
CYP,marshmello,6
CYP,παγίδα,6
CYP,аризона,6
CYP,baby wet wipes,6
CYP,шоколадная паста,6
CYP,интим,6
CYP,purp,6
CYP,the bee bro,6
CYP,crisps salt,6
CYP,serra,6
CYP,tapr,6
CYP,toothbrush baby,6
CYP,chicken thigs,6
CYP,ventilator,6
CYP,γαλατακια,6
CYP,vh,6
CYP,pre cooked,6
CYP,zar,6
CYP,барилла,6
CYP,lactose-free,6
CYP,hi pro,6
CYP,Klinex,6
CYP,wholegr,6
CYP,armenia,6
CYP,cereal honey,6
CYP,0% greek yoghurt,6
CYP,granberry,6
CYP,yuna,6
CYP,sili,6
CYP,Bowl,6
CYP,smoke salmon,6
CYP,protein drink strawberry,6
CYP,wien,6
CYP,Gu,6
CYP,paddle,6
CYP,нуте,6
CYP,broom sti,6
CYP,geape,6
CYP,parquet,6
CYP,peer,6
CYP,milk 1.5,6
CYP,paksimadi,6
CYP,ajex,6
CYP,toilpaper,6
CYP,elvive condi,6
CYP,cocunut water,6
CYP,tagini,6
CYP,hampn,6
CYP,isla,6
CYP,flie,6
CYP,nicolas,6
CYP,starw,6
CYP,Smirnoff ice,6
CYP,ξι,6
CYP,igie,6
CYP,chevrette,6
CYP,pizza frozen,6
CYP,plaa,6
CYP,humbl,6
CYP,chamomille,5
CYP,peamut,5
CYP,vasilico,5
CYP,vicks,5
CYP,naby,5
CYP,geto,5
CYP,papafo,5
CYP,washing caps,5
CYP,вожа,5
CYP,vermou,5
CYP,vegsn,5
CYP,φλ,5
CYP,pasion,5
CYP,saumon,5
CYP,honey musta,5
CYP,hex,5
CYP,mineral wa,5
CYP,рисовые хлебцы,5
CYP,anti mosq,5
CYP,porree,5
CYP,кукурузные палочки,5
CYP,lardon,5
CYP,tricolor,5
CYP,nisiasto,5
CYP,emmy,5
CYP,coconut b,5
CYP,alar,5
CYP,semolin,5
CYP,zink,5
CYP,cattage,5
CYP,marinated pork,5
CYP,oniin,5
CYP,Chill,5
CYP,bakingpaper,5
CYP,μπαχαρικά,5
CYP,dental care,5
CYP,Coca co,5
CYP,monstwr,5
CYP,pouf,5
CYP,shortb,5
CYP,rice cames,5
CYP,platt,5
CYP,bison,5
CYP,домес,5
CYP,tomato juce,5
CYP,mayionese,5
CYP,палочки ватные,5
CYP,kew,5
CYP,chocolate fruit,5
CYP,thooth,5
CYP,pizza margarita,5
CYP,bole,5
CYP,strawa,5
CYP,coconut war,5
CYP,κλε,5
CYP,alchool,5
CYP,pepita,5
CYP,акти,5
CYP,mosquto,5
CYP,loreal 8,5
CYP,lunz,5
CYP,plastica,5
CYP,HONEY,5
CYP,melamine,5
CYP,alga,5
CYP,santa maria,5
CYP,boiler,5
CYP,alcohol 70%,5
CYP,стики,5
CYP,berris,5
CYP,вата,5
CYP,trash can,5
CYP,pandor,5
CYP,brasso,5
CYP,toast cheese,5
CYP,eye crea,5
CYP,birthday bag,5
CYP,glutenfree bread,5
CYP,potato salad,5
CYP,minstrels,5
CYP,yur,5
CYP,tomato bio,5
CYP,charcoil,5
CYP,allwa,5
CYP,tamarin,5
CYP,0% alcohol,5
CYP,bernaise,5
CYP,swimsuit,5
CYP,perso,5
CYP,Ice lolly,5
CYP,oyster mushroom,5
CYP,lactoze free,5
CYP,wasp,5
CYP,champoo,5
CYP,natural li,5
CYP,redi,5
CYP,nabe,5
CYP,gray,5
CYP,deodorant m,5
CYP,еда,5
CYP,elderflo,5
CYP,κανελλα,5
CYP,γά,5
CYP,agroa,5
CYP,lie,5
CYP,νισιαστο,5
CYP,perrier lemon,5
CYP,lill,5
CYP,frozen potatos,5
CYP,kill,5
CYP,dental stick,5
CYP,chili con,5
CYP,ug,5
CYP,mesc,5
CYP,broth-,5
CYP,nutrla,5
CYP,frisogrow 4,5
CYP,yougard,5
CYP,yocart,5
CYP,ολ,5
CYP,Lact,5
CYP,bard,5
CYP,go ahe,5
CYP,ruf,5
CYP,milk fresh,5
CYP,jonso,5
CYP,edam valio,5
CYP,rustic,5
CYP,zaxar,5
CYP,shpi,5
CYP,Guacamole,5
CYP,vaccum,5
CYP,δημητ,5
CYP,cocomut,5
CYP,Slim,5
CYP,bettroot,5
CYP,dog p,5
CYP,marata,5
CYP,iceberg lettuce,5
CYP,Col,5
CYP,sugar free jelly,5
CYP,free from,5
CYP,Curaprox,5
CYP,ais am,5
CYP,lettece,5
CYP,corono,5
CYP,kabanosky,5
CYP,Instant coffee,5
CYP,lipos,5
CYP,maruli,5
CYP,Ariel pods,5
CYP,Dental floss,5
CYP,prosutto,5
CYP,measur,5
CYP,μαιτανος,5
CYP,sprats,5
CYP,trasg,5
CYP,almomd milk,5
CYP,super sp,5
CYP,breag,5
CYP,sugar-free,5
CYP,газиров,5
CYP,καπι,5
CYP,toothpaste white,5
CYP,тортиль,5
CYP,γλυκαν,5
CYP,french frie,5
CYP,lays sto,5
CYP,снэк,5
CYP,parliament,5
CYP,peoer,5
CYP,soap ref,5
CYP,asian market,5
CYP,cline,5
CYP,puc,5
CYP,mesh,5
CYP,xrisi zimi,5
CYP,water ironing,5
CYP,crete,5
CYP,ice team,5
CYP,gullo,5
CYP,homous,5
CYP,помидорв,5
CYP,comdo,5
CYP,pak ch,5
CYP,lipton tea,5
CYP,noug,5
CYP,veuve,5
CYP,pipcorn,5
CYP,σάντουιτς,5
CYP,bluev,5
CYP,100l,5
CYP,tortili,5
CYP,straccia,5
CYP,mix cherry,5
CYP,sofe,5
CYP,flesh,5
CYP,crecer,5
CYP,heet,5
CYP,pitted olives,5
CYP,hyal,5
CYP,alfa m,5
CYP,fruite,5
CYP,machos,5
CYP,digesr,5
CYP,rins,5
CYP,μαλακτικη,5
CYP,spring Rolls,5
CYP,thoth,5
CYP,fami,5
CYP,бобы,5
CYP,bio cuc,5
CYP,finge,5
CYP,copper cups,5
CYP,κατσαρ,5
CYP,hazy jane,5
CYP,glue gun,5
CYP,brown lentils,5
CYP,pepper mix,5
CYP,Tupperware,5
CYP,red vinegar,5
CYP,ishee,5
CYP,burner,5
CYP,оед,5
CYP,rio m,5
CYP,αραβικ,5
CYP,frizol,5
CYP,regat,5
CYP,mac a,5
CYP,Seed of hapiness,5
CYP,pumpe,5
CYP,snacjs,5
CYP,пекан,5
CYP,sticke,5
CYP,garl8c,5
CYP,screen wipes,5
CYP,bioi,5
CYP,semeli,5
CYP,Milk powder,5
CYP,ilive,5
CYP,для душа,5
CYP,quickbury,5
CYP,ciggaretes,5
CYP,0% beer,5
CYP,brynza,5
CYP,arla protei,5
CYP,borjoni,5
CYP,tomat pasta,5
CYP,hair di,5
CYP,brosse,5
CYP,king of olives,5
CYP,сырн,5
CYP,припр,5
CYP,clean kill,5
CYP,domaine,5
CYP,ere,5
CYP,tommee tipp,5
CYP,hairbru,5
CYP,plai,5
CYP,fabric co,5
CYP,panes,5
CYP,chokola,5
CYP,haie,5
CYP,hydrating,5
CYP,travelling,5
CYP,τορτιγι,5
CYP,peani,5
CYP,marger,5
CYP,permesan,5
CYP,whole ch,5
CYP,frisp,5
CYP,γενεθλια,5
CYP,chili con carne,5
CYP,cat food kitten,5
CYP,baby roc,5
CYP,fwta,5
CYP,Hot pepper,5
CYP,zee,5
CYP,ready to drink,5
CYP,шокола,5
CYP,derby,5
CYP,активи,5
CYP,brush toilet,5
CYP,fabric cond,5
CYP,мяч,5
CYP,estragon,5
CYP,coconut watet,5
CYP,balsma,5
CYP,frozen chip,5
CYP,carrt,5
CYP,οδοντοπαστα,5
CYP,sausage pi,5
CYP,jameso,5
CYP,fireworks,5
CYP,solomon,5
CYP,beef lean,5
CYP,lettucw,5
CYP,sauseges,5
CYP,mouthw,5
CYP,amir,5
CYP,zomos,5
CYP,μουσταρ,5
CYP,georgia,5
CYP,stir,5
CYP,fa sho,5
CYP,cranberrie,5
CYP,prov,5
CYP,электролит,5
CYP,Nori,5
CYP,Lem,5
CYP,coconat cream,5
CYP,gabby,5
CYP,cinnabon,5
CYP,zero fanta,5
CYP,balti,5
CYP,water⁹,5
CYP,pelati,5
CYP,cind,5
CYP,beau,5
CYP,kitchen foil,5
CYP,anticep,5
CYP,vichi,5
CYP,cocono,5
CYP,sliced cheese light,5
CYP,leaks,5
CYP,минерал,5
CYP,mellow,5
CYP,burger patty,5
CYP,sourz,5
CYP,coconut f,5
CYP,vorn,5
CYP,γαριδα,5
CYP,frozen banana,5
CYP,meal shake,5
CYP,triant,5
CYP,pays,5
CYP,dr. beck,5
CYP,κριθαρακ,5
CYP,Coke Zero,5
CYP,syoos,5
CYP,bqcon,5
CYP,lef,5
CYP,μοσχ,5
CYP,τρουφ,5
CYP,fava be,5
CYP,electricity,5
CYP,gali,5
CYP,spicies,5
CYP,pepee,5
CYP,sliced gouda,5
CYP,mouth tape,5
CYP,granad,5
CYP,chilly flakes,5
CYP,pout,5
CYP,15l water,5
CYP,stroop,5
CYP,сайра,5
CYP,tresor,5
CYP,black peoper,5
CYP,asimo,5
CYP,ties,5
CYP,μπιφ,5
CYP,kana,5
CYP,motsar,5
CYP,Ricotta,5
CYP,prof,5
CYP,theo,5
CYP,monami zero,5
CYP,raso,5
CYP,senf,5
CYP,lamo,5
CYP,rucu,5
CYP,portobe,5
CYP,glutinous,5
CYP,salted caramel ice cream,5
CYP,pene,5
CYP,vegat,5
CYP,zero cookie,5
CYP,Dates,5
CYP,breastmilk,5
CYP,schee,5
CYP,пласт,5
CYP,fenel,5
CYP,tomatoe p,5
CYP,batilla,5
CYP,biscuits oreo,5
CYP,cales,5
CYP,russi,5
CYP,blumen,5
CYP,voffee,5
CYP,organic yogurt,5
CYP,ati,5
CYP,borodinsky,5
CYP,salust,5
CYP,тыоро,5
CYP,mojit,5
CYP,honest bread,5
CYP,alcofree,5
CYP,ceac,5
CYP,holy avocado,5
CYP,strawberry yo,5
CYP,cured,5
CYP,lithium,5
CYP,flour self,5
CYP,dried tomatoes,5
CYP,μαγειρικη,5
CYP,fresh mozarella,5
CYP,соевое молоко,5
CYP,tb,5
CYP,easa,5
CYP,dog wip,5
CYP,agar agar,5
CYP,butter uns,5
CYP,τσαν,5
CYP,zatar,5
CYP,посудом,5
CYP,buttercream,5
CYP,chicken free range,5
CYP,bifi,5
CYP,frufru,5
CYP,Parchment paper,5
CYP,индей,5
CYP,red wine small,5
CYP,tarhun,5
CYP,papay,5
CYP,beauty blender,5
CYP,chedder cheese,5
CYP,bulion,5
CYP,powdered su,5
CYP,minced bee,5
CYP,bounti,5
CYP,chk,5
CYP,diritos,5
CYP,choklet,5
CYP,kitchen ba,5
CYP,vasline,5
CYP,farf,5
CYP,tasimo,5
CYP,nts,5
CYP,enr,5
CYP,vegan pesto,5
CYP,biscuits no sugar,5
CYP,edemam,5
CYP,v60,5
CYP,pen holder,5
CYP,αγρο,5
CYP,Glue,5
CYP,caramel pudding,5
CYP,καπηρ,5
CYP,aktimel,5
CYP,dustb,5
CYP,soumada,5
CYP,eggwh,5
CYP,prig,5
CYP,Chicken fillet,5
CYP,milk conde,5
CYP,toothbrusg,5
CYP,snore,5
CYP,potato s,5
CYP,swift,5
CYP,tint,5
CYP,Detol,5
CYP,crisps lays,5
CYP,pork cho,5
CYP,Coco pops,5
CYP,plantain chips,5
CYP,washing liqu,5
CYP,vanilla alpro,5
CYP,stroberry,5
CYP,heavy whipping,5
CYP,might,5
CYP,purr,5
CYP,вялен,5
CYP,ice cream sorbet,5
CYP,πασατέμπο,5
CYP,hackfleisch,5
CYP,hul,5
CYP,vasabi,5
CYP,jotis,5
CYP,umb,5
CYP,fabt,5
CYP,συκο,5
CYP,beef burgers,5
CYP,dragon f,5
CYP,waffels,5
CYP,leve,5
CYP,chockla,5
CYP,каб,5
CYP,green ap,5
CYP,myshrooms,5
CYP,steril,5
CYP,greek yu,5
CYP,patme,5
CYP,nesl,5
CYP,parodont,5
CYP,confectionery,5
CYP,druit,5
CYP,bera,5
CYP,vareni,5
CYP,toothpaste gum,5
CYP,zic,5
CYP,scro,5
CYP,розжиг,5
CYP,victo,5
CYP,myt,5
CYP,pomilo,5
CYP,avakado,5
CYP,chardonn,5
CYP,sharwood,5
CYP,fold,5
CYP,insecti,5
CYP,poison,5
CYP,sugar white,5
CYP,face moist,5
CYP,Veet,5
CYP,og,5
CYP,air conditioner,5
CYP,bacan,5
CYP,lemoncello,5
CYP,tableron,5
CYP,terri,5
CYP,mixed frozen,5
CYP,cheese cloth,5
CYP,calrice,5
CYP,shot glasses,5
CYP,rince,5
CYP,Choco,5
CYP,buldag,5
CYP,espresso ground,5
CYP,Ken,5
CYP,hipo,5
CYP,procs,5
CYP,cheese parm,5
CYP,χαρτί κουζινας,5
CYP,medjoo,5
CYP,cummin,5
CYP,tonuc,5
CYP,cheddar slices,5
CYP,low fat yo,5
CYP,Nectarine,5
CYP,low salt,5
CYP,bayg,5
CYP,emla,5
CYP,osen,5
CYP,pet shops,5
CYP,chicken mix,5
CYP,vaoe,5
CYP,L'Oreal,5
CYP,protein va,5
CYP,песенье,5
CYP,cleaning vinegar,5
CYP,rise cakes,5
CYP,cyrop,5
CYP,anchovie,5
CYP,φαγ,5
CYP,oils,5
CYP,Corn Flakes,5
CYP,milk condensed,5
CYP,σακουλάκια,5
CYP,red hair,5
CYP,nanou,5
CYP,marinated chicken,5
CYP,мурав,5
CYP,FA,5
CYP,wholewheat flour,5
CYP,blueberries frozen,5
CYP,bads,5
CYP,lotus biscoff,5
CYP,chocolate almond milk,5
CYP,whole button,5
CYP,poss,5
CYP,wiped cream,5
CYP,cofeee,5
CYP,Ko,5
CYP,pst,5
CYP,πλη,5
CYP,water st,5
CYP,crostini,5
CYP,tomatoes diced,5
CYP,spya,5
CYP,protein bal,5
CYP,sure,5
CYP,adamame,5
CYP,cosmet,5
CYP,borg,5
CYP,αχν,5
CYP,brov,5
CYP,Lac,5
CYP,τροφη,5
CYP,whispering,5
CYP,δαφ,5
CYP,bread bun,5
CYP,kalmar,5
CYP,kofl,5
CYP,earl gr,5
CYP,μηλιτσα,5
CYP,garides,5
CYP,konflex,5
CYP,kiri kiri,5
CYP,pourgo,5
CYP,kykkoa,5
CYP,μεμβρ,5
CYP,zita lactose free,5
CYP,Brazil,5
CYP,kitxhen roll,5
CYP,grille,5
CYP,кедровые,5
CYP,plug adapter,5
CYP,βοδ,5
CYP,pantin,5
CYP,molas,5
CYP,bulfak,5
CYP,fischer,5
CYP,catfoo,5
CYP,bodyshower,5
CYP,stickers panini,5
CYP,deta,5
CYP,tomi,5
CYP,oil avocado,5
CYP,οδοντογλυφίδες,5
CYP,icecreame,5
CYP,turkey sli,5
CYP,aes,5
CYP,wc pa,5
CYP,marseil,5
CYP,caramel cream,5
CYP,sugar cane,5
CYP,habd soap,5
CYP,mustard dijon,5
CYP,ambrosi,5
CYP,iodine,5
CYP,oats quaker,5
CYP,бумажные полот,5
CYP,limone,5
CYP,hair comb,5
CYP,fresh cream light,5
CYP,tapioka,5
CYP,crisps lorenz,5
CYP,oil 5,5
CYP,μπαμι,5
CYP,soy light,5
CYP,goi,5
CYP,pepper corn,5
CYP,clothes dryer,5
CYP,tziki,5
CYP,light crisps,5
CYP,nail Polish,5
CYP,sakou,5
CYP,milk kids,5
CYP,mornig,5
CYP,ambros,5
CYP,italian mix,5
CYP,Reese,5
CYP,icr cream,5
CYP,сигар,5
CYP,baby to,5
CYP,chicken drumstick,5
CYP,eryt,5
CYP,inflata,5
CYP,rasors,5
CYP,Χλωρ,5
CYP,chips gluten free,5
CYP,bröd,5
CYP,balan,5
CYP,λεβαντα,5
CYP,supermarket for,5
CYP,meica,5
CYP,shower gels,5
CYP,sergi,5
CYP,soymilk,5
CYP,vest,5
CYP,wet eipes,5
CYP,cirop,5
CYP,feastab,5
CYP,barh,5
CYP,alpro chocolate,5
CYP,protein wrap,5
CYP,hercules,5
CYP,χαρτοπετσ,5
CYP,Jon,5
CYP,pencilcase,5
CYP,airwock,5
CYP,cotex,5
CYP,cocom,5
CYP,cheesepie,5
CYP,shea,5
CYP,desperad,5
CYP,lamb c,5
CYP,bonele,5
CYP,wein,5
CYP,crafts,5
CYP,profe,5
CYP,shrooms,5
CYP,μπύρα,5
CYP,onigiri,5
CYP,σακουλες σκουπι,5
CYP,dubl,5
CYP,icee cream,5
CYP,arocol,5
CYP,βαλ,5
CYP,кра,5
CYP,frozen fis,5
CYP,jam sugar,5
CYP,gumy,5
CYP,tea earl,5
CYP,warmer,5
CYP,bio halloumi,5
CYP,pasta brown,5
CYP,loukoum,5
CYP,butter spray,5
CYP,cafee,5
CYP,αυτοκόλλητα,5
CYP,svocado,5
CYP,ARLA,5
CYP,toilet paparr,5
CYP,nivea shaving,5
CYP,gamon,5
CYP,medicin,5
CYP,amber,5
CYP,charch,5
CYP,chicken sl,5
CYP,halapenio,5
CYP,paris,5
CYP,λο,5
CYP,pedigr,5
CYP,toto,5
CYP,cogar,5
CYP,графин,5
CYP,seadless,5
CYP,fish sause,5
CYP,bayleaf,5
CYP,καντ,5
CYP,swiss roll,5
CYP,vegan bread,5
CYP,Brown s,5
CYP,cat biscuits,5
CYP,tavo,5
CYP,high protein cheese,5
CYP,coffe ca,5
CYP,kall,5
CYP,clipp,5
CYP,curl hair,5
CYP,cheese slice light,5
CYP,snack jac,5
CYP,nugets,5
CYP,red kid,5
CYP,micellair,5
CYP,bisv,5
CYP,refr,5
CYP,cornbeef,5
CYP,sunl,5
CYP,pengui,5
CYP,кейир,5
CYP,опол,5
CYP,cocking,5
CYP,gluten free ice,5
CYP,eci,5
CYP,skal,5
CYP,raffaello,5
CYP,douche,5
CYP,утюг,5
CYP,soroti,5
CYP,σαλτσες,5
CYP,pitat,5
CYP,lemon balm,5
CYP,amali,5
CYP,Holland,5
CYP,spices for,5
CYP,shoeer,5
CYP,kalk,5
CYP,bath spong,5
CYP,Cheese slice,5
CYP,farmers,5
CYP,food containers,5
CYP,scisso,5
CYP,recycling bag,5
CYP,рулет,5
CYP,salad cre,5
CYP,δυ,5
CYP,paster,5
CYP,αποσμίνη,5
CYP,toilet rill,5
CYP,Porridge,5
CYP,lays light,5
CYP,рикота,5
CYP,shmpo,5
CYP,scallop,5
CYP,colum,5
CYP,saul,5
CYP,zero sugar chocolate,5
CYP,Charger,5
CYP,σκουπιδ,5
CYP,αντικολ,5
CYP,salami stick,5
CYP,douw,5
CYP,κρέπες,5
CYP,tomatoed,5
CYP,цветная,5
CYP,zero calo,5
CYP,lunch bag,5
CYP,toasted,5
CYP,Proderm,5
CYP,araxol,5
CYP,disco,5
CYP,nid,5
CYP,low ca,5
CYP,red ch,5
CYP,king of,5
CYP,mitchum,5
CYP,шарик,5
CYP,νυ,5
CYP,baycon,5
CYP,йогурт питьевой,5
CYP,amma,5
CYP,cik,5
CYP,zipl,5
CYP,kent,5
CYP,delir,5
CYP,Icr,5
CYP,somet,5
CYP,рисовая лапша,5
CYP,grenado,5
CYP,Ari,5
CYP,gastro,5
CYP,jojoba,5
CYP,halapeno,5
CYP,fayr,5
CYP,tsiakk,5
CYP,rice parb,5
CYP,απλώστρα,5
CYP,pomegrenate,5
CYP,pampets,5
CYP,azer,5
CYP,tomata,5
CYP,Baileys,5
CYP,Lactose free milk,5
CYP,mackarel,5
CYP,lasange,5
CYP,ground almonds,5
CYP,orange blossom,5
CYP,germa,5
CYP,coffee tabs,5
CYP,swip,5
CYP,buckweet,5
CYP,safran,5
CYP,merin,5
CYP,aour cream,5
CYP,thick,5
CYP,table tis,5
CYP,face wipe,5
CYP,delact mil,5
CYP,σκορδος,5
CYP,80%,5
CYP,drim,5
CYP,olive oil crisps,5
CYP,рис басмати,5
CYP,dry plum,5
CYP,zog,5
CYP,cheese 16,5
CYP,fidelini,5
CYP,φράουλα,5
CYP,food con,5
CYP,дезик,5
CYP,zaxarouxo,5
CYP,yogurt baby,5
CYP,kids juice,5
CYP,hand eash,5
CYP,20%,5
CYP,hohla,5
CYP,κουτ,5
CYP,honny,5
CYP,spaguetti,5
CYP,sui,5
CYP,flame,5
CYP,bell papper,5
CYP,ice scoop,5
CYP,toffif,5
CYP,feminine wash,5
CYP,γιαουρτι 0,5
CYP,dried garlic,5
CYP,7-up,5
CYP,cease,5
CYP,Powder soap,5
CYP,tortilles,5
CYP,chocolate sugar,5
CYP,dog bisc,5
CYP,trea,5
CYP,bernai,5
CYP,alati,5
CYP,kitten milk,5
CYP,daek,5
CYP,chicken drum,5
CYP,daw,5
CYP,nylabone,5
CYP,lil-,5
CYP,χω,5
CYP,glass cup,5
CYP,chikpe,5
CYP,smoked chi,5
CYP,Fitness,5
CYP,zip lock bags,5
CYP,water 330,5
CYP,corn cracker,5
CYP,ξηρο,5
CYP,Chocolates,5
CYP,black ol,5
CYP,Pit,5
CYP,seeds of happi,5
CYP,letch,5
CYP,youghrt,5
CYP,shep,5
CYP,diswasher,5
CYP,esca,5
CYP,satay,5
CYP,стаканчик,5
CYP,mon a,5
CYP,dish washi,5
CYP,water di,5
CYP,chicken c,5
CYP,Sklavenitis,5
CYP,Прокладки,5
CYP,stap,5
CYP,bitec,5
CYP,alambra kefir,5
CYP,prongl,5
CYP,bansn,5
CYP,pwpsi,5
CYP,kean ste,5
CYP,monced,5
CYP,lige,5
CYP,springrolls,5
CYP,garnier olia,5
CYP,salt flake,5
CYP,protein you,5
CYP,pepsii,5
CYP,καψο,5
CYP,zucini,5
CYP,shampoo for,5
CYP,dish tab,5
CYP,zabkasa,5
CYP,pellin,5
CYP,prosecco brut,5
CYP,pimms,5
CYP,ξυλο,5
CYP,tape measure,5
CYP,μπιφτεκ,5
CYP,antipast,5
CYP,dishwasing,5
CYP,kays,5
CYP,conr,5
CYP,Cros,5
CYP,feasta,5
CYP,floating,5
CYP,hau,5
CYP,гель для интимной,5
CYP,beetroor,5
CYP,semi-sweet,5
CYP,butter chi,5
CYP,gin to,5
CYP,бублик,5
CYP,Feta cheese,5
CYP,water iro,5
CYP,razor blades,5
CYP,yogurt strawberry,5
CYP,lordos ba,5
CYP,xita,5
CYP,wassa,5
CYP,stiks,5
CYP,sunflowet,5
CYP,banilla,5
CYP,водв,5
CYP,lpro,5
CYP,cherry tomatoe,5
CYP,deals,5
CYP,круасс,5
CYP,lando,5
CYP,allo,5
CYP,White bread,5
CYP,αραβ,5
CYP,poder,5
CYP,χαρτομαντιλα,5
CYP,power ba,5
CYP,σαντιγί,5
CYP,dishwashing soap,5
CYP,wain,5
CYP,toilet freshener,5
CYP,pee pads,5
CYP,oven p,5
CYP,chilli sau,5
CYP,boc,5
CYP,la molisana fu,5
CYP,χαρτι κουζι,5
CYP,snu,5
CYP,paiper,5
CYP,nespresso decaf,5
CYP,redbulll,5
CYP,laxa,5
CYP,pesnut,5
CYP,pogrebok,5
CYP,πελ,5
CYP,gluten free fl,5
CYP,cacke,5
CYP,cola sero,5
CYP,nesquic,5
CYP,bog,5
CYP,single use,5
CYP,hack,5
CYP,σιτάρι,5
CYP,white radish,5
CYP,serum hair,5
CYP,QNT chips,5
CYP,oven pap,5
CYP,incens,5
CYP,dirt,5
CYP,Elite,5
CYP,elitr,5
CYP,läsk,5
CYP,oars,5
CYP,γαλα αμ,5
CYP,matcha ice,5
CYP,touch,5
CYP,watem,5
CYP,рукк,5
CYP,dry skin,5
CYP,instant cof,5
CYP,mastard,5
CYP,νερό για,5
CYP,hair straightener,5
CYP,capi,5
CYP,ready me,5
CYP,korres shower,5
CYP,kountouro,5
CYP,том ям,5
CYP,Umbrella,5
CYP,brs,5
CYP,Stick,5
CYP,Zigaretten,5
CYP,strepsi,5
CYP,bady,5
CYP,charalm,5
CYP,Swim,5
CYP,souruti,5
CYP,orei,5
CYP,бан,5
CYP,posta,5
CYP,alpro bar,5
CYP,tomotoes,5
CYP,la vash,5
CYP,vich,5
CYP,S26,5
CYP,manicu,5
CYP,powerba,5
CYP,monce,5
CYP,Knorr,5
CYP,fish sti,5
CYP,milk olympos,5
CYP,alambra cotta,5
CYP,tq,5
CYP,Dishwasher Salt,5
CYP,shamm,5
CYP,pepso,5
CYP,Клубника,5
CYP,бек,5
CYP,bread bu,5
CYP,greek feta,5
CYP,Mornflake,5
CYP,πουρα,5
CYP,wrap paper,5
CYP,hranola,5
CYP,disj,5
CYP,ripple,5
CYP,choclates,5
CYP,muc,5
CYP,Rennie,5
CYP,amstel,5
CYP,baggette,5
CYP,baby liquid,5
CYP,kri kri yogurt,5
CYP,wupes,5
CYP,Bisc,5
CYP,dog sticks,5
CYP,nudler,5
CYP,baby we,5
CYP,IQOS,5
CYP,kean lemonade,5
CYP,kas,5
CYP,st pele,5
CYP,Brussels sprouts,5
CYP,rigano,5
CYP,liqueur,5
CYP,rice uncle,5
CYP,wan,5
CYP,poy,5
CYP,barebels,5
CYP,avogado,5
CYP,korres body,5
CYP,nutrll,5
CYP,מלח,5
CYP,ballantines,5
CYP,flower shop,5
CYP,syevia,5
CYP,olive oil organic,5
CYP,χαρτί υγειας,5
CYP,current,5
CYP,tend,5
CYP,bitters,5
CYP,tasim,5
CYP,confle,5
CYP,hemp seed,5
CYP,vef,5
CYP,Seeds,5
CYP,открытка,5
CYP,wheat bread,5
CYP,lean beef mince,5
CYP,nodles,5
CYP,plastic wr,5
CYP,molti,5
CYP,san pelli,5
CYP,oven cle,5
CYP,morphak,5
CYP,parsn,5
CYP,creker,5
CYP,physalis,5
CYP,hah,5
CYP,rice puddi,5
CYP,ckicken,5
CYP,смородина,5
CYP,pune,5
CYP,safr,5
CYP,sweet pi,5
CYP,tea ahmad,5
CYP,καλαμακι,5
CYP,roshe,5
CYP,ασιμο,5
CYP,toast b,5
CYP,sore,5
CYP,kati,5
CYP,να,5
CYP,parchm,5
CYP,asper,5
CYP,rice white,5
CYP,sun pe,5
CYP,I’ve,5
CYP,штопор,5
CYP,honey bbq,5
CYP,topaper,5
CYP,Aloe,5
CYP,vanilla ic,5
CYP,inions,5
CYP,cheese 9,5
CYP,pyrso,5
CYP,log,5
CYP,айс,5
CYP,Cranberries,5
CYP,τυροπιτα,5
CYP,κανταΐφι,5
CYP,coren,5
CYP,kyl,5
CYP,варен,5
CYP,deid,5
CYP,мице,5
CYP,bayli,5
CYP,kex,5
CYP,icecrwam,5
CYP,chocolate drop,5
CYP,zara,5
CYP,Nikiforou 12 Large Barn Eggs,5
CYP,chill b,5
CYP,greece,5
CYP,noteb,5
CYP,ariani,5
CYP,tempero,5
CYP,egh,5
CYP,skettle,5
CYP,grech,5
CYP,shaving stick,5
CYP,inflatables,5
CYP,nig,5
CYP,weter,5
CYP,gruy,5
CYP,porkchop,5
CYP,Frozen fruit,5
CYP,milk lon,5
CYP,baby tissue,5
CYP,cgi,5
CYP,lactos free,5
CYP,olive spread,5
CYP,shampooo,5
CYP,bread pitta,5
CYP,srirach,5
CYP,lili,5
CYP,χαρτι υγε,5
CYP,Virginia,5
CYP,leave in cond,5
CYP,cyc,5
CYP,boull,5
CYP,guinness zero,5
CYP,chocolate black,5
CYP,pomag,5
CYP,almond raw,5
CYP,alg,5
CYP,naturella,5
CYP,mandarins,5
CYP,cornflou,5
CYP,Sham,5
CYP,wc p,5
CYP,торти,5
CYP,Cerea,5
CYP,υγρα,5
CYP,Rio ma,5
CYP,flamingo,5
CYP,red wine cyprus,5
CYP,dairy king,5
CYP,doritis,5
CYP,tomato paate,5
CYP,sweet potato fries,5
CYP,bg,5
CYP,hair products,5
CYP,φιστικε,5
CYP,mq,5
CYP,night cream,5
CYP,cheep,5
CYP,wother,5
CYP,deoterant,5
CYP,hm,5
CYP,xr,5
CYP,negeli,5
CYP,μωρόμαντ,5
CYP,lanch,5
CYP,alpro yog,5
CYP,luf,5
CYP,vhi,5
CYP,bp,5
CYP,meo,5
CYP,shaving blades,5
CYP,netalia,5
CYP,keery,5
CYP,Breakfast,5
CYP,sea wee,5
CYP,amig,5
CYP,vegan snacks,5
CYP,yogurt s,5
CYP,ηλιελαιο,5
CYP,italian cheese,5
CYP,laha,5
CYP,Maple syrup,5
CYP,babywipe,5
CYP,yellow ch,5
CYP,moe,5
CYP,packaging,5
CYP,mpoug,5
CYP,nizoral,5
CYP,stroke,5
CYP,cucumbr,5
CYP,stuff,5
CYP,souriti,5
CYP,buil,5
CYP,dieper,5
CYP,ear p,5
CYP,cashw,5
CYP,жевачка,5
CYP,headpho,5
CYP,paper box,5
CYP,wedding cards,5
CYP,st ni,5
CYP,toothoaste,5
CYP,Activa,5
CYP,Plums,5
CYP,macall,5
CYP,king of oil,5
CYP,τρού,5
CYP,little',5
CYP,σφουγγαρακ,5
CYP,feastables,5
CYP,ION,5
CYP,bidet,5
CYP,fraui,5
CYP,washing line,5
CYP,ben & j,5
CYP,avocado dip,5
CYP,мин,5
CYP,χαλε,5
CYP,βασιλικός,5
CYP,chicken burg,5
CYP,πατατακι,5
CYP,baby l,5
CYP,molass,5
CYP,γατ,5
CYP,fraun,5
CYP,chocolate su,5
CYP,scoth,5
CYP,Raid,5
CYP,μελιτ,5
CYP,σουβλ,5
CYP,soft cookies,5
CYP,surup,5
CYP,salt and vineg,5
CYP,stick ice cream,5
CYP,siy,5
CYP,cave,5
CYP,pizza marg,5
CYP,Sch,5
CYP,ванильный,5
CYP,la vi,5
CYP,standing fan,5
CYP,hand wipes,5
CYP,λαχανα,5
CYP,cloetta,5
CYP,sea salt spray,5
CYP,geanola,5
CYP,бумажн,5
CYP,peach jui,5
CYP,500,5
CYP,copy,5
CYP,viral,5
CYP,corn flow,5
CYP,marsma,5
CYP,σαρ,5
CYP,φυστίκι,5
CYP,lucoz,5
CYP,βρομη,5
CYP,destil,5
CYP,pomen,5
CYP,weigh,5
CYP,alcohol pads,5
CYP,aroma va,5
CYP,rocula,5
CYP,pork burger,5
CYP,Decaf,5
CYP,alcohol soray,5
CYP,alpro yogh,5
CYP,maman,5
CYP,sucuk,5
CYP,marjoram,5
CYP,cicaplast,5
CYP,swim pa,5
CYP,picls,5
CYP,Healthy,5
CYP,hair ge,5
CYP,nuddl,5
CYP,stain remo,5
CYP,ρουχα,5
CYP,salt &,5
CYP,Rice sheets,5
CYP,muhammara,5
CYP,keyb,5
CYP,nail re,5
CYP,bugg,5
CYP,quali,5
CYP,saporem,5
CYP,lamb ch,5
CYP,risot,5
CYP,protein sh,5
CYP,creta f,5
CYP,eatermelon,5
CYP,sweet n sour,5
CYP,carnitine,5
CYP,taran,5
CYP,loy,5
CYP,spots,5
CYP,hloves,5
CYP,χυμός ανανά,5
CYP,80,5
CYP,need,5
CYP,spaghetti sauce,5
CYP,protien milk,5
CYP,tripl,5
CYP,Μακαρονια,5
CYP,Cumin,5
CYP,ruccol,5
CYP,glade air,5
CYP,bto,5
CYP,vaf,5
CYP,Balsamic,5
CYP,boullion,5
CYP,rikota,5
CYP,stevia i,5
CYP,funch,5
CYP,garlic s,5
CYP,free sugar,5
CYP,work,5
CYP,mozzarella ball,5
CYP,gingerale,5
CYP,maiones,5
CYP,cillit bang,5
CYP,rizogal,5
CYP,savoia,5
CYP,slice bre,5
CYP,cream cheesw,5
CYP,cream s,5
CYP,τονου,5
CYP,water soda,5
CYP,kitty,5
CYP,jam no sugar,5
CYP,sweet and so,5
CYP,Fru,5
CYP,black bin,5
CYP,pastri,5
CYP,rasierer,5
CYP,sieft,5
CYP,crousa,5
CYP,XL,5
CYP,insence,5
CYP,рукав,5
CYP,ζελα,5
CYP,toilette pa,5
CYP,merc,5
CYP,egbert,5
CYP,броколли,5
CYP,αμυγδαλο,5
CYP,juve,5
CYP,χοιρ,5
CYP,whole wheat pita,5
CYP,Skyr,5
CYP,spaggett,5
CYP,κέικ,5
CYP,limesca,5
CYP,Batter,5
CYP,φιλα,5
CYP,samt,5
CYP,pb,5
CYP,kinderjoy,5
CYP,grills,5
CYP,Croutons,5
CYP,headache,5
CYP,60x,5
CYP,beef tongue,5
CYP,aquaplay,5
CYP,τζιν,5
CYP,laundry det,5
CYP,whole whe,5
CYP,Mattress,5
CYP,chili pepper,5
CYP,toilet t,5
CYP,том,5
CYP,choco po,5
CYP,пергаментная бумага,5
CYP,ψωμα,5
CYP,tsanos,5
CYP,pink stiff,5
CYP,floure,5
CYP,dalf,5
CYP,cesh,5
CYP,sggs,5
CYP,lighter than light,5
CYP,chini,5
CYP,Cigar,5
CYP,mayple,5
CYP,бедро,5
CYP,outmeal,5
CYP,μυδια,5
CYP,cuccumber,5
CYP,tomato pastr,5
CYP,lolipops,5
CYP,ronic,5
CYP,faory,5
CYP,floir,5
CYP,горчиц,5
CYP,φασολάκια,5
CYP,body and hair,5
CYP,chicken heart,5
CYP,era,5
CYP,chirome,5
CYP,dry tomatoes,5
CYP,fruot,5
CYP,μωρομά,5
CYP,white laundry,5
CYP,sugar gree,5
CYP,setting,5
CYP,дезадорант,5
CYP,seq,5
CYP,πάπρικα,5
CYP,blue lagoo,5
CYP,bondue,5
CYP,ντοματοχυμός,5
CYP,asian store,5
CYP,olivea,5
CYP,chab,5
CYP,entrecote,5
CYP,scallions,5
CYP,sliced br,5
CYP,ethanol,5
CYP,forest feas,5
CYP,bbq chips,5
CYP,coffee ice cream,5
CYP,headph,5
CYP,fresh thigh,5
CYP,wash and go,5
CYP,amanam,5
CYP,I e,5
CYP,proschuto,5
CYP,zot,5
CYP,washing liqui,5
CYP,sj,5
CYP,ragu,5
CYP,посуд,5
CYP,salad bowl,5
CYP,nutella biscuits,5
CYP,back to school,5
CYP,loreal exell,5
CYP,рисов,5
CYP,Ζάχαρη,5
CYP,spak,5
CYP,camomil,5
CYP,hydrati,5
CYP,στυλο,5
CYP,cheese 400g,5
CYP,Orange Juice,5
CYP,baby sna,5
CYP,βουτηρος,5
CYP,beef burg,5
CYP,morfakis,5
CYP,monster ultra white,5
CYP,vitis,5
CYP,risso,5
CYP,φρουτοκρεμα,5
CYP,to manna,5
CYP,nestle cereal,5
CYP,απει,5
CYP,orange drink,5
CYP,soarkl,5
CYP,corn flackes,5
CYP,merli,5
CYP,soya mince,5
CYP,race,5
CYP,κρεμα γαλακ,5
CYP,nesspresso,5
CYP,weis,5
CYP,bearna,5
CYP,Glove,5
CYP,kara coc,5
CYP,pantel,5
CYP,cream 35 percent,5
CYP,coconut yogu,5
CYP,Nesc,5
CYP,πια,5
CYP,lubricating gel,5
CYP,lipbalm,5
CYP,baby biscuits,5
CYP,hainz,5
CYP,blue black,5
CYP,ανανάς,5
CYP,frozen nuggets,5
CYP,aranciata,5
CYP,youghur,5
CYP,sour 20,5
CYP,chicpeas,5
CYP,blue m,5
CYP,olds,5
CYP,galric,5
CYP,shover,5
CYP,row,5
CYP,microgreens,5
CYP,COCONUT,5
CYP,посудомой,5
CYP,ico,5
CYP,doet coke,5
CYP,Ka,5
CYP,califlo,5
CYP,rice mi,5
CYP,ροδάκινα,5
CYP,chocolate biscuit,5
CYP,laudry detergent,5
CYP,muscato,5
CYP,τσουρέκι,5
CYP,oce tea,5
CYP,proteun,5
CYP,ous,5
CYP,baby powd,5
CYP,cypri,5
CYP,frozen rice,5
CYP,yas,5
CYP,frozen pizz,5
CYP,λαδόκ,5
CYP,αρ,5
CYP,CHOCOLATE,5
CYP,crosps,5
CYP,liquo,5
CYP,dried apri,5
CYP,pasta toma,5
CYP,hulk,5
CYP,medit,5
CYP,Italian herb,5
CYP,fresh anari,5
CYP,chikp,5
CYP,rice papper,5
CYP,αντικουνουπικο,5
CYP,Lett,5
CYP,papafilipou ice,5
CYP,intimate hy,5
CYP,calliwfit,5
CYP,supli,5
CYP,утенок,5
CYP,suh,5
CYP,βοδινο,5
CYP,bottled water,5
CYP,mix v,5
CYP,vegan p,5
CYP,несквик,5
CYP,easy,5
CYP,душ,5
CYP,sneackers,5
CYP,πάγο,5
CYP,Floss,5
CYP,firness,5
CYP,φοινι,5
CYP,furniture polish,5
CYP,coffee is,5
CYP,barba st,5
CYP,yfood,5
CYP,Achna gal,5
CYP,יין,5
CYP,φακη,5
CYP,lemon squeezer,5
CYP,mcviti,5
CYP,macadam,5
CYP,rum bacardi,5
CYP,jea,5
CYP,pampers 1,5
CYP,strawberry syr,5
CYP,pocky,5
CYP,chicken sto,5
CYP,protein soya,5
CYP,side,5
CYP,maxtra,5
CYP,dampling,5
CYP,charging,5
CYP,zuki,5
CYP,choy,5
CYP,500ml,5
CYP,lountxa,5
CYP,anti per,5
CYP,persp,5
CYP,coffee po,5
CYP,rubbing,5
CYP,compot,5
CYP,κριτσινι,5
CYP,lum,5
CYP,prese,5
CYP,arme,5
CYP,fazer,5
CYP,mika,5
CYP,kykkos mi,5
CYP,love corn,5
CYP,masturbator,5
CYP,arax,5
CYP,vi egar,5
CYP,milb,5
CYP,νουτε,5
CYP,breaa,5
CYP,αποξ,5
CYP,pitta b,5
CYP,kh,5
CYP,berriea,5
CYP,sturbucks,5
CYP,масло гхи,5
CYP,muesly,5
CYP,זירו,5
CYP,croco,5
CYP,water f,5
CYP,watrt,5
CYP,Croi,5
CYP,dish towel,5
CYP,tender easywear,5
CYP,bio carrot,5
CYP,сирок,5
CYP,τζελ,5
CYP,saad,5
CYP,ajax boost,5
CYP,bega,5
CYP,tomayo,5
CYP,cheese 0%,5
CYP,acq,5
CYP,пфкдшс,5
CYP,cheddar sauce,5
CYP,cif bathroom,5
CYP,творон,5
CYP,φιστι,5
CYP,frez,5
CYP,wash cloth,5
CYP,motch,5
CYP,bodylotion,5
CYP,λεμοναδ,5
CYP,rye flour,5
CYP,baby body,5
CYP,self r,5
CYP,afa,5
CYP,тарталетки,5
CYP,METRO,5
CYP,gewurztraminer,5
CYP,tilda rice,5
CYP,gouj,5
CYP,date syr,5
CYP,cigratte,5
CYP,μοσχοκ,5
CYP,vine zero,5
CYP,sergio,5
CYP,kitchen s,5
CYP,zero alco,5
CYP,coffee isla,5
CYP,healthy habita,5
CYP,crusps,5
CYP,finla,5
CYP,τσιρο,5
CYP,nescafe de,5
CYP,qnt whey,5
CYP,prosciut,5
CYP,wated,5
CYP,shells,5
CYP,aloe Vera,5
CYP,butter biscuit,5
CYP,rucula,5
CYP,white glue,5
CYP,psomi,5
CYP,hand liq,5
CYP,puka,5
CYP,δεντρολίβανο,5
CYP,dich,5
CYP,barilla pesto,5
CYP,grillmen,5
CYP,salamu,5
CYP,swed,5
CYP,alpa,5
CYP,χαραλαμπιδης,5
CYP,μανιταρ,5
CYP,aqua wip,5
CYP,black currant,5
CYP,detol soap,5
CYP,lays sto fourno,5
CYP,tomy,5
CYP,seli,5
CYP,пилочка,5
CYP,lil-lets,5
CYP,italian se,5
CYP,sigara,5
CYP,havar,5
CYP,maltiz,5
CYP,KETO,5
CYP,mac n cheese,5
CYP,aia,5
CYP,papafipou,5
CYP,fridg,5
CYP,wavy chips,5
CYP,Venus,5
CYP,bean sprout,5
CYP,trop,5
CYP,nan optipro,5
CYP,penci,5
CYP,сок апельсин,5
CYP,ote,5
CYP,light b,5
CYP,buckwheet,5
CYP,cat foof,5
CYP,misi,5
CYP,kitchen tools,5
CYP,χαρτοπετς,5
CYP,ψομ,5
CYP,buy,5
CYP,juo,5
CYP,trash bag small,5
CYP,light strained,5
CYP,καστανη,5
CYP,ice cream pro,5
CYP,mond,5
CYP,фрукти,5
CYP,fanta exo,5
CYP,biscuit no sugar,5
CYP,σκόνη πλυ,5
CYP,dried onion,5
CYP,carlaberg,5
CYP,яиц,5
CYP,cococnut,5
CYP,washing dish,5
CYP,χρωμμα,5
CYP,тархун,5
CYP,chicken liv,5
CYP,освеж,5
CYP,sundry,5
CYP,salted chips,5
CYP,door mat,5
CYP,maternit,5
CYP,stracha,5
CYP,eyrika,5
CYP,red pepper flakes,5
CYP,watar,5
CYP,baf,5
CYP,violet,5
CYP,san peligr,5
CYP,dragon fr,5
CYP,rice puddin,5
CYP,rei,5
CYP,TOILET PAPER,5
CYP,striplo,5
CYP,tei,5
CYP,matcha po,5
CYP,DOMESTOS,5
CYP,cotton ch,5
CYP,τσιγά,5
CYP,индейк,5
CYP,σαλαμη,5
CYP,дезік,5
CYP,greek coff,5
CYP,water kykkos,5
CYP,chocolatte,5
CYP,rucks,5
CYP,wettie,5
CYP,tofif,5
CYP,evain,5
CYP,pitenis,5
CYP,corn can,5
CYP,soaghetti,5
CYP,michaelides,5
CYP,dairyking,5
CYP,advan,5
CYP,Cotta,5
CYP,keytle,5
CYP,Pota,5
CYP,Bo,5
CYP,snor,5
CYP,frutella,5
CYP,утка,5
CYP,темто,5
CYP,laka,5
CYP,world cup sticker,5
CYP,ср,5
CYP,stiracha,5
CYP,chov,5
CYP,stafili,5
CYP,νερο για σιδερο,5
CYP,ehite,5
CYP,bread ro,5
CYP,milk lo,5
CYP,focaccia,5
CYP,σπανακ,5
CYP,авакадо,5
CYP,Spray,5
CYP,dream long,5
CYP,μπιζελ,5
CYP,panafol,5
CYP,oniond,5
CYP,muha,5
CYP,kids ch,5
CYP,McDonald,5
CYP,paradise,5
CYP,buiscu,5
CYP,capsic,5
CYP,Villa,5
CYP,neapresso,5
CYP,trashba,5
CYP,bean bar,5
CYP,σαβου,5
CYP,фруктовый лед,5
CYP,ταλια,5
CYP,plastc,5
CYP,σπαναχι,5
CYP,ανθον,5
CYP,chokolade,5
CYP,green so,5
CYP,dog good,5
CYP,tmato,5
CYP,non-a,5
CYP,lemonjuice,5
CYP,кофе капсулы,5
CYP,οδοντόκρεμες,5
CYP,cavier,5
CYP,παστέλι,5
CYP,mozere,5
CYP,Peaches,5
CYP,Korean,5
CYP,Moka,5
CYP,dodon,5
CYP,kids shower gel,5
CYP,ов,5
CYP,floor li,5
CYP,yogurt zero,5
CYP,kitchem,5
CYP,chikenn,5
CYP,cheease,5
CYP,tzantziki,5
CYP,diar,5
CYP,clothes washing,5
CYP,wheel,5
CYP,banofee,5
CYP,softer,5
CYP,лав,5
CYP,make u,5
CYP,Spa,5
CYP,long hair,5
CYP,Chilled,5
CYP,ριζοκο,5
CYP,delat,5
CYP,fruit slices,5
CYP,Хлеб,5
CYP,laven,5
CYP,ester,5
CYP,παξιμά,5
CYP,χουρ,5
CYP,magoulitsa,5
CYP,sque,5
CYP,three cent,5
CYP,make up remov,5
CYP,Tampons,5
CYP,Hot,5
CYP,oven cl,5
CYP,ps5,5
CYP,xe,5
CYP,rosemary oil,5
CYP,milk strawberry,5
CYP,plant ba,5
CYP,yfa,5
CYP,fresh mozzarella,5
CYP,lemonade s,5
CYP,корм для собак,5
CYP,tahino,5
CYP,peni,5
CYP,frozen fi,5
CYP,vero,5
CYP,pasl,5
CYP,τορτε,5
CYP,beret,5
CYP,black ey,5
CYP,nigella,5
CYP,multisurface,5
CYP,химия,5
CYP,washing up liq,5
CYP,choki,5
CYP,Pie,5
CYP,penc,5
CYP,bagl,5
CYP,поп корн,5
CYP,toet,5
CYP,face wax,5
CYP,капер,5
CYP,lays ba,5
CYP,sour can,5
CYP,yogurt kg,5
CYP,nivea man,5
CYP,πετσετα,5
CYP,κύβος,5
CYP,brish,5
CYP,engl,5
CYP,gud,5
CYP,brico,5
CYP,κακάο στεβια,5
CYP,cheese valio,5
CYP,laubdry,5
CYP,perro,5
CYP,salc,5
CYP,lunza,5
CYP,cat snack,5
CYP,zep,5
CYP,cigrat,5
CYP,maxalepi,5
CYP,bread lebanese,5
CYP,baby ro,5
CYP,catfiod,5
CYP,grains,5
CYP,wur,5
CYP,oat flake,5
CYP,fyllo,5
CYP,pine nu,5
CYP,aw,5
CYP,bellp,5
CYP,breastfeeding,5
CYP,water 500ml,5
CYP,potk,5
CYP,latex free,5
CYP,coffe capsu,5
CYP,narins,5
CYP,wet wioes,5
CYP,chilled keo,5
CYP,бат,5
CYP,gizzards,5
CYP,cabbe,5
CYP,vinegr,5
CYP,blanco,5
CYP,nto,5
CYP,Eco,5
CYP,πί,5
CYP,muahroom,5
CYP,nepal,5
CYP,dreamie,5
CYP,begetables,5
CYP,skillet,5
CYP,popt,5
CYP,pralina,5
CYP,fove,5
CYP,dove hand,5
CYP,Merci,5
CYP,dares,5
CYP,loreal revitalift,5
CYP,pre rolled cones,5
CYP,oat mik,5
CYP,workout,5
CYP,adaptors,5
CYP,savon,5
CYP,gul,5
CYP,togur,5
CYP,zah,5
CYP,dandr,5
CYP,friuts,5
CYP,chicken nugge,5
CYP,greek yoghur,5
CYP,bottel,5
CYP,πελτ,5
CYP,domisto,5
CYP,black coffee,5
CYP,συκώτι,5
CYP,black cumin,5
CYP,cucambe,5
CYP,q-tips,5
CYP,dr j,5
CYP,watermen,5
CYP,water wi,5
CYP,go ahea,5
CYP,сыр плавленый,5
CYP,coru,5
CYP,feo,5
CYP,Vietnam,5
CYP,power adapter,5
CYP,bursta,5
CYP,μπαλα,5
CYP,botani,5
CYP,pls,5
CYP,decal,5
CYP,Dr. Beckmann Colour Remover,5
CYP,goil,5
CYP,apta,5
CYP,trufel,5
CYP,ehiskas,5
CYP,woda,5
CYP,φραουλε,5
CYP,chicken tender,5
CYP,sandi,5
CYP,alambta,5
CYP,ριζυ,5
CYP,lean burger,5
CYP,superma,5
CYP,cucucmber,5
CYP,ле,5
CYP,lotdos,5
CYP,swim diapers,5
CYP,salt and vine,5
CYP,flatb,5
CYP,coca cola 0,5
CYP,iceream,5
CYP,secret,5
CYP,прошу,5
CYP,dishwasher liquid,5
CYP,schampo,5
CYP,χυμοί,5
CYP,chicken fillets,5
CYP,bio carr,5
CYP,Bioten,5
CYP,rio marr,5
CYP,katei,5
CYP,Green tea,5
CYP,shanpoo,5
CYP,yop,5
CYP,ice crwa,5
CYP,cotton puds,5
CYP,κορ,5
CYP,rice 5 kg,5
CYP,contact len,5
CYP,ciger,5
CYP,minched,5
CYP,aml,5
CYP,freedom,5
CYP,cheese onion,5
CYP,frozen peppers,5
CYP,moust,5
CYP,mors,5
CYP,comfort gold,5
CYP,dried dates,5
CYP,KETCHUP,5
CYP,mauo,5
CYP,dettol refill,5
CYP,pellegeino,5
CYP,slice brea,5
CYP,royal can,5
CYP,Di,5
CYP,san pelegri,5
CYP,goua,5
CYP,Ben and jerry,5
CYP,broccolu,5
CYP,energy zero,5
CYP,Aphrodite,5
CYP,ryzog,5
CYP,creme car,5
CYP,wheetab,5
CYP,beautyline,5
CYP,хлор,5
CYP,iphone cha,5
CYP,lemong,5
CYP,cheea,5
CYP,vilet,5
CYP,ελ,5
CYP,βερίκοκα,5
CYP,σαβο,5
CYP,blackc,5
CYP,лу,5
CYP,ριζοτ,5
CYP,иогурт,5
CYP,almond fla,5
CYP,nabeg,5
CYP,powersde,5
CYP,pot n,5
CYP,backing soda,5
CYP,Mea,5
CYP,mock,5
CYP,capuccino,5
CYP,cottsge,5
CYP,coconut fla,5
CYP,labe,5
CYP,italian spices,5
CYP,steik,5
CYP,sae,5
CYP,tomatop,5
CYP,air cond,5
CYP,elite care,5
CYP,london dry,5
CYP,koupe,5
CYP,φρέσκα κρεμα,5
CYP,iil,5
CYP,caesar sauce,5
CYP,сахар в стиках,5
CYP,sauce pasta,5
CYP,cellotape,5
CYP,κέτσαπ,5
CYP,xho,5
CYP,fitness bars,5
CYP,σκλαβεν,5
CYP,prtein,5
CYP,Dijon,5
CYP,moving,5
CYP,clothesp,5
CYP,protein cookies,5
CYP,caffe latte,5
CYP,vanilla pod,5
CYP,chocolate no sugar,5
CYP,texture,5
CYP,veggie wash,5
CYP,antipers,5
CYP,tigari,5
CYP,7fays,5
CYP,giness,5
CYP,κανελονια,5
CYP,mrb,5
CYP,kinder bue,5
CYP,scar,5
CYP,caprese,5
CYP,orange juive,5
CYP,малин,5
CYP,corn sweet,5
CYP,dry nuts,5
CYP,Greek yogu,5
CYP,bors,5
CYP,cream hand,5
CYP,шашлык,5
CYP,Panthenol,5
CYP,corna,5
CYP,healthy bar,5
CYP,απορυπ,5
CYP,limonce,5
CYP,slises,5
CYP,яго,5
CYP,σπαν,5
CYP,chips gluten,5
CYP,pogre,5
CYP,μπογιες,5
CYP,seedles,5
CYP,secrets,5
CYP,dustbin bags,5
CYP,toffe,5
CYP,elvive cond,5
CYP,ταραμ,5
CYP,ου,5
CYP,Drink,5
CYP,πισ,5
CYP,vottage,5
CYP,without sugar,5
CYP,мочалки,5
CYP,b12,5
CYP,spani,5
CYP,waste bags,5
CYP,snitch,5
CYP,healty,5
CYP,rukko,5
CYP,λαδοκολλ,5
CYP,pates,5
CYP,сулугуни,5
CYP,сухой завтрак,5
CYP,heads,5
CYP,chimichuri,5
CYP,vileda attractive,5
CYP,κουρκουμα,5
CYP,anice,5
CYP,μαιτα,5
CYP,patatoe,5
CYP,tootbrush,5
CYP,clith,5
CYP,refu,5
CYP,μπάρα,5
CYP,קרח,5
CYP,paraceta,5
CYP,rapid,5
CYP,αναπ,5
CYP,Almond butter,5
CYP,Aa,5
CYP,σκλαβενίτης,5
CYP,fuss,5
CYP,pepsi mac,5
CYP,calipp,5
CYP,Axe,5
CYP,flour 5kg,5
CYP,κρέμα γα,5
CYP,eros,5
CYP,barbar,5
CYP,sellerie,5
CYP,risotto rice,5
CYP,salt 1,5
CYP,weights,5
CYP,ginger sho,5
CYP,tomator,5
CYP,γλυκο κουταλιου,5
CYP,parma ham,5
CYP,wolt market central,5
CYP,mü,5
CYP,φυλλ,5
CYP,groceries,5
CYP,no alco,5
CYP,vanilla bean paste,5
CYP,heinze,5
CYP,general cleaner,5
CYP,cello,5
CYP,antho,5
CYP,water fil,5
CYP,grinde,5
CYP,ikra,5
CYP,soft deinks,5
CYP,leni,5
CYP,stain re,5
CYP,kuh,5
CYP,probioti,5
CYP,shot glass,5
CYP,αυρα,5
CYP,butter unsa,5
CYP,redull,5
CYP,vinegar apple,5
CYP,datk,5
CYP,пшен,5
CYP,diter,5
CYP,baking flour,5
CYP,бумага для запекания,5
CYP,cereales,5
CYP,mint syrup,5
CYP,toug,5
CYP,ножки,5
CYP,pet odour,5
CYP,fruit s,5
CYP,сковоро,5
CYP,littles coffee,5
CYP,exfoliating,5
CYP,romat,5
CYP,la m,5
CYP,sabonete,5
CYP,white cl,5
CYP,ice burg,5
CYP,amal,5
CYP,sada,5
CYP,San pell,5
CYP,chips healthy,5
CYP,pee pad,5
CYP,salary,5
CYP,babyc,5
CYP,dob,5
CYP,cotton budd,5
CYP,orange pepp,5
CYP,levanda,5
CYP,risla,5
CYP,chivk,5
CYP,yugu,5
CYP,prpper,5
CYP,retin,5
CYP,lovense,5
CYP,tto,5
CYP,hidehere,5
CYP,extra vir,5
CYP,laxs,5
CYP,kareli,5
CYP,mexican rice,5
CYP,pale,5
CYP,shappo,5
CYP,HDMI,5
CYP,milk crea,5
CYP,cinnammon,5
CYP,φασολάκι,5
CYP,מתאם לשקע,5
CYP,popsicl,5
CYP,chocolate bis,5
CYP,rapeseed,5
CYP,tissur,5
CYP,pita bre,5
CYP,water stil,5
CYP,Octopus,5
CYP,κρασ,5
CYP,αραβικη,5
CYP,ravo,5
CYP,fruit yogu,5
CYP,caramelized onions,5
CYP,weg,5
CYP,recycle bags,5
CYP,рисовая бумага,5
CYP,microfiber mop,5
CYP,oca,5
CYP,Halls,5
CYP,lentil ch,5
CYP,refresher,5
CYP,capre,5
CYP,parado,5
CYP,ice creAm,5
CYP,amaz,5
CYP,branston pickle,5
CYP,yogurt fat free,5
CYP,fisch,5
CYP,tilziter,5
CYP,beeer,5
CYP,baicon,5
CYP,detergent pods,5
CYP,paulane,5
CYP,протеиновые чипсы,5
CYP,teabag,5
CYP,xam,5
CYP,υγρο σφουγγ,5
CYP,bloo,5
CYP,γλυκοπατατες,5
CYP,vegen,5
CYP,clean and clear,5
CYP,ristoran,5
CYP,vegetable wash,5
CYP,kouloumbra,5
CYP,pop life,5
CYP,paper bak,5
CYP,cucumver,5
CYP,сосиск,5
CYP,mr.brow,5
CYP,prawn cr,5
CYP,stripes,5
CYP,dr.beckmann,5
CYP,defu,5
CYP,вет,5
CYP,iris,5
CYP,cooking oul,5
CYP,keybo,5
CYP,qas,5
CYP,prnne,5
CYP,aluminium trays,5
CYP,oat fla,5
CYP,natural siberica,5
CYP,Cu,5
CYP,prosuto,5
CYP,Tiss,5
CYP,filter cof,5
CYP,vitel,5
CYP,franch,5
CYP,borzhomi,5
CYP,serenat,5
CYP,брусника,5
CYP,soap bath,5
CYP,shaving f,5
CYP,εσωρουχα,5
CYP,porage,5
CYP,chimic,5
CYP,Salad cream,5
CYP,groze,5
CYP,canilla,5
CYP,mr musc,5
CYP,biryani,5
CYP,Fe,5
CYP,coslow,5
CYP,imee,5
CYP,leti,5
CYP,Mevgal,5
CYP,sparli,5
CYP,iamso,5
CYP,καρυδα,5
CYP,ritter s,5
CYP,πίττ,5
CYP,sea salt chips,5
CYP,grapes early,5
CYP,10% cheese,5
CYP,ion stev,5
CYP,dental flo,5
CYP,onion p,5
CYP,mayonesse,5
CYP,froutaria,5
CYP,θυμ,5
CYP,φρά,5
CYP,nodle,5
CYP,sour gummies,5
CYP,beer pong,5
CYP,lizz,5
CYP,chicken skewer,5
CYP,virginia ham,5
CYP,oci,5
CYP,toilettpaper,5
CYP,dressi,5
CYP,monester,5
CYP,farro,5
CYP,casbury,5
CYP,Nachos,5
CYP,μωρομαντηλ,5
CYP,little’,5
CYP,для выпечки,5
CYP,Cypriot,5
CYP,kolok,5
CYP,otg,5
CYP,soap bars,5
CYP,τσιπουρο,5
CYP,cat litte,5
CYP,λαδακι,5
CYP,peric water,5
CYP,foa,5
CYP,red sweet wine,5
CYP,cooked ham,5
CYP,spearm,5
CYP,Aaa,5
CYP,cheese parmesan,5
CYP,gutman,5
CYP,rice basmat,5
CYP,granola sugar free,5
CYP,bakr,5
CYP,scented,5
CYP,amisa,5
CYP,снущенка,5
CYP,h-,5
CYP,JUICE,5
CYP,coffee p,5
CYP,tartlets,5
CYP,buuter,5
CYP,yogurt f,5
CYP,lamon,5
CYP,shalo,5
CYP,grande,5
CYP,O.B,5
CYP,Tefal,5
CYP,grated cheddar,5
CYP,strat,5
CYP,крабовы,5
CYP,swepes,5
CYP,beer light,5
CYP,krackers,5
CYP,dr oetk,5
CYP,mouse pad,5
CYP,minoxidil,5
CYP,sany,5
CYP,air duster,5
CYP,ice tea tropical,5
CYP,бро,5
CYP,Ant,5
CYP,everclean,5
CYP,walter,5
CYP,fresh ma,5
CYP,cockroache,5
CYP,τσιπσ,5
CYP,coocies,5
CYP,bio rice,5
CYP,serano protein,5
CYP,lamb meat,5
CYP,livadio,5
CYP,perini,5
CYP,garlic gran,5
CYP,sanitary pa,5
CYP,Πατάτες,5
CYP,yougr,5
CYP,chocoate,5
CYP,edeama,5
CYP,σφουγγαράκια,5
CYP,tortilla whole,5
CYP,pasta star,5
CYP,ras el,5
CYP,arla cream cheese,5
CYP,color c,5
CYP,washing clo,5
CYP,kiddylic,5
CYP,taras,5
CYP,brae,5
CYP,crost,5
CYP,dha,5
CYP,butto,5
CYP,σπανακο,5
CYP,χλωριν,5
CYP,vasilik,5
CYP,whitw,5
CYP,elive,5
CYP,basmatu,5
CYP,natural turkey,5
CYP,lyc,5
CYP,yiest,5
CYP,plastic knife,5
CYP,καρπός,5
CYP,gioza,5
CYP,phone case,5
CYP,hähnchen,5
CYP,χαραλαμ,5
CYP,yoi,5
CYP,кун,5
CYP,πατατεσ,5
CYP,gluten free pi,5
CYP,pita b,5
CYP,rucolla,5
CYP,pepesi,5
CYP,pet friendly,5
CYP,saf instant,5
CYP,halloumi sticks,5
CYP,choci,5
CYP,toucan,5
CYP,xant,5
CYP,shawing,5
CYP,ριζοκοφρετες,5
CYP,Lacta,5
CYP,trr,5
CYP,νησι,5
CYP,κουτρ,5
CYP,томат паста,5
CYP,super g,5
CYP,clementi,5
CYP,h-bag,5
CYP,саха,5
CYP,avocsdo,5
CYP,oat bari,5
CYP,kit and kin,5
CYP,черешн,5
CYP,свлфетки,5
CYP,cold br,5
CYP,neskaf,5
CYP,υγρό σ,5
CYP,diet crakers,5
CYP,loreal spray,5
CYP,dugar,5
CYP,papoutsa,5
CYP,dill bu,5
CYP,корн,5
CYP,make up r,5
CYP,kaymak,5
CYP,fresh stra,5
CYP,tziv,5
CYP,beet juice,5
CYP,glower,5
CYP,frozen bea,5
CYP,hair due,5
CYP,бр,5
CYP,gkuten free,5
CYP,milk o,5
CYP,kokoras,5
CYP,tolanda,5
CYP,neutral,5
CYP,safron,5
CYP,malbro,5
CYP,superg,5
CYP,personal,5
CYP,Vibrator,5
CYP,burstta,5
CYP,peanur,5
CYP,owts,5
CYP,καρτα,5
CYP,protein oats,5
CYP,μανταλάκια,5
CYP,Whole grain,5
CYP,toole,5
CYP,dyxan,5
CYP,Ph,5
CYP,multip,5
CYP,yughurt,5
CYP,protein coffee,5
CYP,poocorn,5
CYP,pinl,5
CYP,militz,5
CYP,milk vanilla,5
CYP,terk,5
CYP,Parmesa,5
CYP,pup,5
CYP,coteg,5
CYP,bake pa,5
CYP,guak,5
CYP,yau,5
CYP,parale,5
CYP,black angu,5
CYP,Ra,5
CYP,titos,5
CYP,PAPER,5
CYP,בצל,5
CYP,rhum,5
CYP,φυστικοβουτ,5
CYP,sancerre,5
CYP,вл,5
CYP,fave,5
CYP,hydrogen pero,5
CYP,French fr,5
CYP,καρύδια,5
CYP,white brea,5
CYP,dit,5
CYP,plastic containers,5
CYP,pinat,5
CYP,cerela,5
CYP,carsmel,5
CYP,dr fis,5
CYP,price,5
CYP,πασ,5
CYP,xri,5
CYP,αποσμιτικο,5
CYP,On,5
CYP,Hair removal strips,5
CYP,μπρα,5
CYP,kocostar,5
CYP,baby dipper,5
CYP,ανθοτυρο,5
CYP,avocadoes,5
CYP,suf,5
CYP,Ti,5
CYP,midsides,5
CYP,lens solution,5
CYP,καντι,5
CYP,δαμα,5
CYP,intime,5
CYP,cill,5
CYP,talcum,5
CYP,mousetrap,5
CYP,diving mask,5
CYP,baclava,5
CYP,burats,5
CYP,seim,5
CYP,bw,5
CYP,moschofilero,5
CYP,parboile,5
CYP,kefyr,5
CYP,swimming diapers,5
CYP,alwayd,5
CYP,large water,5
CYP,air freshne,5
CYP,bure,5
CYP,benson,5
CYP,sapon,5
CYP,coffee cr,5
CYP,tomato chop,5
CYP,Shaver,5
CYP,dark bread,5
CYP,cheese chedd,5
CYP,pasta gluten,5
CYP,drinking straw,5
CYP,bake bean,5
CYP,cuba,5
CYP,τιρμ,5
CYP,chocolate sp,5
CYP,anit,5
CYP,pads always,5
CYP,νησιαστε,5
CYP,oat porridge,5
CYP,exfoliate,5
CYP,chewing g,5
CYP,nescag,5
CYP,lentil crisps,5
CYP,вода газ,5
CYP,kellogg's,5
CYP,πελτέ,5
CYP,jaeger,5
CYP,water bal,5
CYP,dosh soap,5
CYP,whisp,5
CYP,υποσε,5
CYP,poa,5
CYP,hochla,5
CYP,farlic,5
CYP,hair remove,5
CYP,chie,5
CYP,corainder,5
CYP,βού,5
CYP,sparlk,5
CYP,worcestershire,5
CYP,pfeffer,5
CYP,sait,5
CYP,wireless charger,5
CYP,yogurt frozen,5
CYP,auto,5
CYP,self rai,5
CYP,schol,5
CYP,epson,5
CYP,Alio,5
CYP,Apple cider,5
CYP,восточ,5
CYP,patate,5
CYP,oranje,5
CYP,kods,5
CYP,Cash,5
CYP,neur,5
CYP,mert,5
CYP,dried date,5
CYP,magners,5
CYP,nail glu,5
CYP,chocolata,5
CYP,glycolic,5
CYP,pants baby,5
CYP,zivanis,5
CYP,bua,5
CYP,lacta oreo,5
CYP,banana bio,5
CYP,kerri,5
CYP,qnt protein,5
CYP,влажная туалетная,5
CYP,showrr,5
CYP,commandar,5
CYP,magou,5
CYP,head and s,5
CYP,Dr beckman,5
CYP,sirra,5
CYP,condishi,5
CYP,deodorant nivea,5
CYP,condin,5
CYP,biskoff,5
CYP,whiskss,5
CYP,artichok,5
CYP,кошачий корм,5
CYP,ζυμ,5
CYP,πρ,5
CYP,saint n,5
CYP,butari,5
CYP,pecc,5
CYP,loko,5
CYP,chxiken,5
CYP,google,5
CYP,nef,5
CYP,Crispy,5
CYP,πασατε,5
CYP,vileda sponge,5
CYP,sunflower oi,5
CYP,modq,5
CYP,matchbox,5
CYP,kitchen papwr,5
CYP,psyllium husk,5
CYP,periee,5
CYP,chicken free,5
CYP,cordon blue,5
CYP,harbic,5
CYP,scottex,5
CYP,emma,5
CYP,sweet &,5
CYP,γιαούρ,5
CYP,κουπεπ,5
CYP,pem,5
CYP,whole wheat pitta,5
CYP,wold,5
CYP,fruit yog,5
CYP,soue,5
CYP,Toil,5
CYP,strawberriea,5
CYP,χαραλαμπιδη,5
CYP,φύλλο κρούστας,5
CYP,fredh,5
CYP,slide,5
CYP,lr1130,5
CYP,plus supermarket,5
CYP,sunfloweroil,5
CYP,storage bag,5
CYP,крабов,5
CYP,raisen,5
CYP,rolling papers,5
CYP,green curry,5
CYP,12 eggs,5
CYP,hair clipp,5
CYP,steamer,5
CYP,CHICKEN,5
CYP,mocji,5
CYP,strawe,5
CYP,laughing co,5
CYP,syrian,5
CYP,cornich,5
CYP,kalao,5
CYP,mini shampoo,5
CYP,aio,5
CYP,turni,5
CYP,Brad,5
CYP,muchi,5
CYP,rice short,5
CYP,esspresso,5
CYP,лукум,5
CYP,laundey,5
CYP,cocki,5
CYP,три,5
CYP,betadine,5
CYP,σαντυ,5
CYP,Bbq,5
CYP,granar,5
CYP,dijion,5
CYP,beans green,5
CYP,coffee can,5
CYP,slim food,5
CYP,tanger,5
CYP,Skittles,5
CYP,cate,5
CYP,ρουμι,5
CYP,semisweet,5
CYP,garnier di,5
CYP,skippy,5
CYP,ntomato,5
CYP,mostard,5
CYP,bras,5
CYP,halomi,5
CYP,shampoo kid,5
CYP,ζαχαροπλαστικη,5
CYP,сушеная,5
CYP,div,5
CYP,maxa,5
CYP,red li,5
CYP,μακαρό,5
CYP,sakoulia,5
CYP,orangina,5
CYP,rib e,5
CYP,αποσμητικα,5
CYP,will,5
CYP,ort,5
CYP,buta,5
CYP,qti,5
CYP,mini ma,5
CYP,chiken wings,5
CYP,paper c,5
CYP,cereal bara,5
CYP,butter ch,5
CYP,speck,5
CYP,dried figs,5
CYP,mrbeast,5
CYP,Spf,5
CYP,морковный сок,5
CYP,elca,5
CYP,fajita mix,5
CYP,roclin,5
CYP,bobo ice,5
CYP,hash bro,5
CYP,lita,5
CYP,Starch,5
CYP,ice ba,5
CYP,lily,5
CYP,моркоаь,5
CYP,tul,5
CYP,seaf,5
CYP,winr,5
CYP,stew,5
CYP,watercolors,5
CYP,pepsy,5
CYP,la c,5
CYP,prinkle,5
CYP,kitchen roo,5
CYP,sucre,5
CYP,rice ready,5
CYP,pampers for,5
CYP,spiced,5
CYP,bonalpi,5
CYP,kima,5
CYP,fizzy water,5
CYP,marshme,5
CYP,cottage cheese,5
CYP,open,5
CYP,brown suger,5
CYP,gab,5
CYP,clingfilm,5
CYP,lins,5
CYP,tsiga,5
CYP,begeta,5
CYP,loake,5
CYP,sent,5
CYP,морковт,5
CYP,keyboard,5
CYP,lays barbe,5
CYP,meat b,5
CYP,γυρη,5
CYP,heat protec,5
CYP,презерватив,5
CYP,stab,5
CYP,breast pad,5
CYP,cai,5
CYP,black labe,5
CYP,bio junior,5
CYP,shiri,5
CYP,geo,5
CYP,sparkling lemon,5
CYP,oni9n,5
CYP,кухонн,5
CYP,manuka,5
CYP,бриошь,5
CYP,kouv,5
CYP,foli,5
CYP,Kitchen towel,5
CYP,apolo,5
CYP,сгущенное молоко,5
CYP,tsam,5
CYP,ζορπ,5
CYP,ай,5
CYP,dina,5
CYP,βανιλ,5
CYP,кеш,5
CYP,Grated,5
CYP,бриош,5
CYP,cmetana,5
CYP,kido,5
CYP,cabern,5
CYP,swit,5
CYP,μεβγα,5
CYP,виш,5
CYP,сига,5
CYP,иворог,5
CYP,pampers pr,5
CYP,viletta,5
CYP,καπαρη,5
CYP,bistr,5
CYP,coconuy,5
CYP,mytho,5
CYP,yogurt 1 kg,5
CYP,jamb,5
CYP,sushi nori,5
CYP,klen,5
CYP,golden choice,5
CYP,packs,5
CYP,black pa,5
CYP,red kidney beans,5
CYP,Brie,5
CYP,гк,5
CYP,пилка,5
CYP,tiflis,5
CYP,грудинка,5
CYP,mango chu,5
CYP,kivi,5
CYP,melatonine,5
CYP,thermal water,5
CYP,blip soap,5
CYP,bever,5
CYP,Minced meat,5
CYP,milup,5
CYP,parsel,5
CYP,наге,5
CYP,baby washing,5
CYP,worm,5
CYP,lirpak,5
CYP,sprait,5
CYP,creme che,5
CYP,primavera,5
CYP,liw fat,5
CYP,Рис,5
CYP,πλαστελίνη,5
CYP,fire starter,5
CYP,comte,5
CYP,salted b,5
CYP,rul,5
CYP,αρακά,5
CYP,соевый со,5
CYP,κρεμο,5
CYP,baguete,5
CYP,nutre,5
CYP,mple avo,5
CYP,απορρυπα,5
CYP,coffee isl,5
CYP,eyeb,5
CYP,bodysho,5
CYP,грей,5
CYP,trac,5
CYP,Stevie ice,5
CYP,μαινταν,5
CYP,malteasers,5
CYP,spunge,5
CYP,corden,5
CYP,black l,5
CYP,туалетный,5
CYP,pot nood,5
CYP,paper toulet,5
CYP,kinder cho,5
CYP,glyko,5
CYP,bake b,5
CYP,rollon,5
CYP,коп,5
CYP,frozen on,5
CYP,ice cream mo,5
CYP,s-,5
CYP,kun,5
CYP,potatoes frozen,5
CYP,консерва,5
CYP,Caesar,5
CYP,kefo,5
CYP,sods,5
CYP,globe,5
CYP,btter,5
CYP,Grill,5
CYP,brusc,5
CYP,tampones,5
CYP,Lid,5
CYP,μαχα,5
CYP,chefd,5
CYP,ays,5
CYP,plant bas,5
CYP,vegetable fresh,5
CYP,pinol,5
CYP,форма для запекания,5
CYP,farsh,5
CYP,babanas,5
CYP,Long life,5
CYP,SEMANA,5
CYP,all purpose fl,5
CYP,triantafilo,5
CYP,berger,5
CYP,hair removal men,5
CYP,cito,5
CYP,psili,5
CYP,micro fiber,5
CYP,frankfur,5
CYP,ice cream light,5
CYP,power rade,5
CYP,tsu,5
CYP,iphone char,5
CYP,губки для посуды,5
CYP,similac,5
CYP,twaro,5
CYP,dup,5
CYP,glaros,5
CYP,night pads,5
CYP,la fiesta,5
CYP,ypgu,5
CYP,instant noodl,5
CYP,viu,5
CYP,blue tac,5
CYP,smith,5
CYP,Paper towel,5
CYP,protein shaker,5
CYP,bathroom cl,5
CYP,nescafr,5
CYP,coca coma,5
CYP,neka,5
CYP,τομαζου,5
CYP,hot noodles,5
CYP,хлопия,5
CYP,Mosq,5
CYP,tuf,5
CYP,Dill - Anithos Bunch,5
CYP,bio banana,5
CYP,Ve,5
CYP,discoloration,5
CYP,cocumb,5
CYP,ρόκα,5
CYP,flaxsee,5
CYP,honey bio,5
CYP,φας,5
CYP,chicken cub,5
CYP,kaffir,5
CYP,ice latte,5
CYP,dog sha,5
CYP,sano,5
CYP,vanilla yoghurt,5
CYP,oinion,5
CYP,τσια,5
CYP,chimich,5
CYP,profee,5
CYP,upholstery,5
CYP,thom,5
CYP,aspro cle,5
CYP,flavoured water,5
CYP,кефр,5
CYP,babyli,5
CYP,бер,5
CYP,равиоли,5
CYP,ice crra,5
CYP,коко,5
CYP,пор,5
CYP,yeaat,5
CYP,calk,5
CYP,gavros,5
CYP,sauses,5
CYP,laundry white,5
CYP,σιμιγδαλι,5
CYP,rimm,5
CYP,pasta souse,5
CYP,go blon,5
CYP,cke,5
CYP,kit hen,5
CYP,ocean basket,5
CYP,hair roll,5
CYP,time out,5
CYP,foua,5
CYP,gaviscon,5
CYP,pockle,5
CYP,αφρολουτ,5
CYP,snacks bio,5
CYP,flur,5
CYP,kabanosi,5
CYP,passi,5
CYP,deo nivea,5
CYP,клубник,5
CYP,milt,5
CYP,arakas,5
CYP,yogurt prot,5
CYP,Brazil nuts,5
CYP,sudocr,5
CYP,ground co,5
CYP,karr,5
CYP,damaskina,5
CYP,coca z,5
CYP,diri,5
CYP,penau,5
CYP,s pel,5
CYP,αρωματικό,5
CYP,whippe,5
CYP,greco,5
CYP,tomatie,5
CYP,sausagr,5
CYP,chicc,5
CYP,осьминог,5
CYP,aloe gel,5
CYP,hersheys,5
CYP,yogurt vega,5
CYP,frozer,5
CYP,cream whipping,5
CYP,dedo,5
CYP,elderfl,5
CYP,potato masher,5
CYP,glav,5
CYP,protein chops,5
CYP,koum,5
CYP,milk moo,5
CYP,peu,5
CYP,guav,5
CYP,serving,5
CYP,washing deter,5
CYP,pouder,5
CYP,martini bianco,5
CYP,celes,5
CYP,garlic peeled,5
CYP,mazzarella,5
CYP,vsop,5
CYP,cilant,5
CYP,adult diap,5
CYP,sweet bread,5
CYP,φορμα,5
CYP,korean beauty,5
CYP,kriek,5
CYP,fillet steak,5
CYP,tik ta,5
CYP,lanitis dairy,5
CYP,μπαχαρ,5
CYP,kyper,5
CYP,body showe,5
CYP,razers,5
CYP,mop handle,5
CYP,radio,5
CYP,tm,5
CYP,condim,5
CYP,mple,5
CYP,marac,5
CYP,loum,5
CYP,bean spr,5
CYP,gazel,5
CYP,ironin,5
CYP,mini mars,5
CYP,dt,5
CYP,hells,5
CYP,protein caramel,5
CYP,δυοσ,5
CYP,misq,5
CYP,noti,5
CYP,arls,5
CYP,kri lri,5
CYP,παγοθηκες,5
CYP,οδ,5
CYP,dove so,5
CYP,teriyiaki,5
CYP,frozen shrimps,5
CYP,pillow case,5
CYP,cooked chi,5
CYP,peach schnapps,5
CYP,для посудомойки,5
CYP,mini choco,5
CYP,olive pi,5
CYP,gloves s,5
CYP,sommat,5
CYP,juice kids,5
CYP,cucumn,5
CYP,waffle mix,5
CYP,tus,5
CYP,stuffed vine leaves,5
CYP,afterbite,5
CYP,Bueno,5
CYP,rexo,5
CYP,Air fr,5
CYP,cherrt,5
CYP,sok,5
CYP,δυόσμος,5
CYP,lucy,5
CYP,chrysi zymi,5
CYP,hawai,5
CYP,χαλιυμι,5
CYP,corn cra,5
CYP,крем от загара,5
CYP,детский,5
CYP,polareti,5
CYP,Lountza,5
CYP,st pe,5
CYP,cucumber bio,5
CYP,water 15lt,5
CYP,soud,5
CYP,cio,5
CYP,maxib,5
CYP,παγωτο κρι κρι,5
CYP,seasame seeds,5
CYP,conditioner kids,5
CYP,noidle,5
CYP,fine semolina,5
CYP,bioderm,5
CYP,laco,5
CYP,fanta le,5
CYP,chocalte,5
CYP,15,5
CYP,пончик,5
CYP,chili flake,5
CYP,perox,5
CYP,mosnter,5
CYP,жидкое м,5
CYP,coda,5
CYP,chlore,5
CYP,oss,5
CYP,краска для,5
CYP,tuna can,5
CYP,faci,5
CYP,καπνι,5
CYP,sourotis,5
CYP,clementin,5
CYP,stickers world cup,5
CYP,lavan,5
CYP,ред бул,5
CYP,happy bir,5
CYP,vermiceli,5
CYP,ever clean,5
CYP,ketchup chips,5
CYP,τζατζίκι,5
CYP,alice,5
CYP,almods,5
CYP,laundry baby,5
CYP,vof,5
CYP,ready mea,5
CYP,berg,5
CYP,watetmelon,5
CYP,απειο,5
CYP,λικερ,5
CYP,pepet,5
CYP,creamc,5
CYP,laundery,5
CYP,prigl,5
CYP,drinking str,5
CYP,fish frozen,5
CYP,laundry conditioner,5
CYP,kri-,5
CYP,ενα,5
CYP,trif,5
CYP,βαλσαμ,5
CYP,μπατονέτες,5
CYP,γλυκό,5
CYP,microfibe,5
CYP,μαραθο,5
CYP,vegr,5
CYP,bourb,5
CYP,utensil,5
CYP,Halloum,5
CYP,σαπούνι χεριων,5
CYP,thymar,5
CYP,shower mat,5
CYP,aniseed,5
CYP,удон,5
CYP,charcole,5
CYP,goft,5
CYP,needoh,5
CYP,Pepsi Max,5
CYP,locke,5
CYP,χωριο,5
CYP,базелик,5
CYP,shreaded,5
CYP,rose kean,5
CYP,zuccar,5
CYP,cinegar,5
CYP,модоко,5
CYP,coffee stick,5
CYP,papadopoulou traditional,5
CYP,milk 1 l,5
CYP,gyn,5
CYP,pereoll,5
CYP,pepepr,5
CYP,nivea deod,5
CYP,мицел,5
CYP,franyi,5
CYP,tirotrel,5
CYP,conten,5
CYP,стирк,5
CYP,piri piri,5
CYP,μαιντανό,5
CYP,ixe tea,5
CYP,coffes,5
CYP,chucke,5
CYP,dex,5
CYP,crosa,5
CYP,кленовый,5
CYP,crram,5
CYP,dental f,5
CYP,tyrk,5
CYP,marv,5
CYP,milk ba,5
CYP,femin,5
CYP,bonnet,5
CYP,m &,5
CYP,aroma vanillas,5
CYP,καπιρ,5
CYP,sane,5
CYP,ла,5
CYP,forms,5
CYP,mcdon,5
CYP,уборка,5
CYP,σποροι,5
CYP,pizza mollica,5
CYP,herin,5
CYP,σαβ,5
CYP,jam strawberry,5
CYP,чупа,5
CYP,χτα,5
CYP,red dry,5
CYP,weer,5
CYP,coffee li,5
CYP,φαβα,5
CYP,ground bee,5
CYP,frozen avocado,5
CYP,buldack,5
CYP,Corn flakes,5
CYP,морская,5
CYP,proderma,5
CYP,Mac,5
CYP,тост,5
CYP,dark soy sauce,5
CYP,ksidi,5
CYP,l ore,5
CYP,spp,5
CYP,xynesteri,5
CYP,cotton padd,5
CYP,mopp,5
CYP,σερβιετακια,5
CYP,miscellar,5
CYP,protector,5
CYP,ας,5
CYP,λιναροσπορος,5
CYP,ρεβύθια,5
CYP,bayleys,5
CYP,лимонный,5
CYP,lactose free y,5
CYP,kiss,5
CYP,fast m,5
CYP,peanuts butter,5
CYP,quince,5
CYP,papafu,5
CYP,fsnta,5
CYP,faury,5
CYP,camarao,5
CYP,pampkin,5
CYP,φρεσκα κρε,5
CYP,greek jogurt,5
CYP,pocket tissues,5
CYP,water co,5
CYP,materni,5
CYP,vine leave,5
CYP,мартини,5
CYP,yellow milk,5
CYP,frig,5
CYP,same,5
CYP,απλωστρα,5
CYP,tomato extract,5
CYP,honey rings,5
CYP,table tiss,5
CYP,lique,5
CYP,ntako,5
CYP,μαργαρ,5
CYP,red currant,5
CYP,houmois,5
CYP,Limescale,5
CYP,loukoumi,5
CYP,Oetker,5
CYP,aveeno,5
CYP,chips p,5
CYP,Black beans,5
CYP,body lotio,5
CYP,carltona,5
CYP,choco p,5
CYP,light butter,5
CYP,file bag,5
CYP,best,5
CYP,miilk,5
CYP,puff pa,5
CYP,popcorn m,5
CYP,γατα,5
CYP,apra,5
CYP,νεκ,5
CYP,яйуа,5
CYP,zwiebeln,5
CYP,pourakia,5
CYP,Ket,5
CYP,cat trea,5
CYP,manta,5
CYP,pei,5
CYP,zero peach,5
CYP,Dust tissues,5
CYP,lein,5
CYP,шампиньон,5
CYP,μεβρ,5
CYP,Cornflour,5
CYP,tree,5
CYP,panth,5
CYP,tenni,5
CYP,doctor pepper,5
CYP,dalami,5
CYP,dell,5
CYP,jako,5
CYP,kitchen roll,5
CYP,kopperberg,5
CYP,coffw,5
CYP,Cyprus p,5
CYP,οδοντοβρ,5
CYP,κραμπί,5
CYP,εντομ,5
CYP,shortcrust,5
CYP,baby gel,5
CYP,dr fi,5
CYP,elek,5
CYP,0% milk,5
CYP,αλουμίνιο,5
CYP,flau,5
CYP,delact yoghurt,5
CYP,chall,5
CYP,χαβιαρι,5
CYP,grated che,5
CYP,new yor,5
CYP,χουρμ,5
CYP,mixed berr,5
CYP,biacuit,5
CYP,milk semi,5
CYP,danino,5
CYP,hers,5
CYP,kipo,5
CYP,селе,5
CYP,сухарик,5
CYP,под,5
CYP,Smoked salmon,5
CYP,shapo,5
CYP,βαφλες,5
CYP,τυρι τρι,5
CYP,cat snacks,5
CYP,world cup st,5
CYP,miro,5
CYP,pepper powder,5
CYP,plastic glas,5
CYP,aerozol,5
CYP,ice cream cookies,5
CYP,anoch,5
CYP,στραγ,5
CYP,italian seaso,5
CYP,scalp,5
CYP,sex life,5
CYP,agia ske,5
CYP,chockol,5
CYP,filimo,5
CYP,smoked tu,5
CYP,carpet clea,5
CYP,jiu,5
CYP,benlia,5
CYP,wash dishes,5
CYP,fudg,5
CYP,chirizo,5
CYP,Vileda,5
CYP,roses,5
CYP,wT,5
CYP,circle,5
CYP,kess,5
CYP,xorn,5
CYP,giat cheese,5
CYP,для запекания,5
CYP,cleaning wi,5
CYP,expiri,5
CYP,микрофибра,5
CYP,baby shamp,5
CYP,chips rice,5
CYP,c section,5
CYP,clams,5
CYP,pepdi,5
CYP,семички,5
CYP,sweet cream,5
CYP,yoghurt drink,5
CYP,ice cream lactose,5
CYP,borsec,5
CYP,πλυντη,5
CYP,молоко кокосовое,5
CYP,coflex,5
CYP,tipp,5
CYP,mori,5
CYP,σπο,5
CYP,strawberey,5
CYP,croass,5
CYP,culi,5
CYP,posay,5
CYP,crwam,5
CYP,papeica,5
CYP,village flo,5
CYP,diet cola,5
CYP,makeup r,5
CYP,rotis,5
CYP,ben & jerrys,5
CYP,crazy,5
CYP,Dori,5
CYP,sauerkr,5
CYP,проте,5
CYP,litl,5
CYP,showegel,5
CYP,cheese b,5
CYP,марковка,5
CYP,fount,5
CYP,roun,5
CYP,kelogg,5
CYP,λαδό,5
CYP,cf,5
CYP,concentr,5
CYP,Froze,5
CYP,rets,5
CYP,cocktail sauce,5
CYP,Cups without,5
CYP,beach toy,5
CYP,lmo,5
CYP,face wip,5
CYP,Iceland,5
CYP,nn,5
CYP,tomato joice,5
CYP,Cloth,5
CYP,liquid hand,5
CYP,In,5
CYP,cocop,5
CYP,seasme,5
CYP,лисички,5
CYP,botat,5
CYP,water balloon,5
CYP,potato starch,5
CYP,jelle,5
CYP,jele,5
CYP,Alpro Drink Coconut Barista,5
CYP,zita fantasy,5
CYP,говяд,5
CYP,wime,5
CYP,gingerbread,5
CYP,cheese l,5
CYP,μακαρόν,5
CYP,tyrok,5
CYP,lor coff,5
CYP,BAGS,5
CYP,φέττα,5
CYP,φασολι,5
CYP,cranbery,5
CYP,xynis,5
CYP,nasal strips,5
CYP,myskin,5
CYP,metro s,5
CYP,chips baked,5
CYP,hair remov,5
CYP,ice ceam,5
CYP,cheese alambra,5
CYP,соев,5
CYP,αποστα,5
CYP,легкий,5
CYP,yoa,5
CYP,z up,5
CYP,hot chi,5
CYP,funk,5
CYP,sparkling wayer,5
CYP,peter,5
CYP,ζω,5
CYP,toothbrush head,5
CYP,lemonat,5
CYP,rio ma,5
CYP,yoghurt ice,5
CYP,питьевой йогурт,5
CYP,panck,5
CYP,earphone,5
CYP,daz,5
CYP,toilet paper,5
CYP,Coo,5
CYP,пластик,5
CYP,toiletp,5
CYP,perierr,5
CYP,nestle nan,5
CYP,μπαταρ,5
CYP,μαρκα,5
CYP,iton,5
CYP,powerb,5
CYP,italian seas,5
CYP,фини,5
CYP,plive oil,5
CYP,rolled,5
CYP,toilr,5
CYP,toilet liquid,5
CYP,bazi,5
CYP,goat mil,5
CYP,pulp,5
CYP,lipton i,5
CYP,sour bears,5
CYP,bournv,5
CYP,консерв,5
CYP,baking tin,5
CYP,Hot wheels,5
CYP,planton,5
CYP,sounach,5
CYP,haloummi,5
CYP,frieskies,5
CYP,alpro joghurt,5
CYP,sac poubelle,5
CYP,table t,5
CYP,oram,5
CYP,barre,5
CYP,kiti,5
CYP,bottle ope,5
CYP,alambra co,5
CYP,keo light,5
CYP,shushi,5
CYP,ham turkey,5
CYP,musa,5
CYP,spons,5
CYP,acho,5
CYP,chig,5
CYP,yoghirt,5
CYP,tomate pasta,5
CYP,dairymilk,5
CYP,wt wipes,5
CYP,mamma,5
CYP,valsa,5
CYP,kelox,5
CYP,peach yogurt,5
CYP,nuddel,5
CYP,bena,5
CYP,Chocolate chip,5
CYP,"0,5",5
CYP,cud,5
CYP,k2,5
CYP,waves,5
CYP,Hallo,5
CYP,икуфв,5
CYP,high prote,5
CYP,king olives,5
CYP,fistou,5
CYP,sugae,5
CYP,суха,5
CYP,farin la,5
CYP,yoghurt sheeps,5
CYP,60x90,5
CYP,greel,5
CYP,peach iced tea,5
CYP,Phi,5
CYP,томатны,5
CYP,nongshim,5
CYP,οινοπνε,5
CYP,measu,5
CYP,peaper,5
CYP,salt an,5
CYP,burgol,5
CYP,bio garlic,5
CYP,garlic pas,5
CYP,forest fruits,5
CYP,μαγιονεζ,5
CYP,new zea,5
CYP,halloumo,5
CYP,carrot cake,5
CYP,kerrygold butter,5
CYP,στηθος,5
CYP,ποδια,5
CYP,milk maid,5
CYP,souve,5
CYP,cypriot coffee,5
CYP,wet wiles,5
CYP,big ba,5
CYP,χαρτί κουζ,5
CYP,frozen ba,5
CYP,babywi,5
CYP,powder baby,5
CYP,hair spray colour,5
CYP,масло под,5
CYP,hematogen,5
CYP,νισιαστ,5
CYP,christe,5
CYP,comd,5
CYP,gair,5
CYP,penaut butter,5
CYP,δυος,5
CYP,crab sti,5
CYP,scrub dadd,5
CYP,pimple patc,5
CYP,пам,5
CYP,peppet,5
CYP,goutmet,5
CYP,bruc,5
CYP,ροφημα,5
CYP,ned,5
CYP,candle birthday,5
CYP,silve,5
CYP,mej,5
CYP,παστέλ,5
CYP,kako,5
CYP,tito,5
CYP,comand,5
CYP,Mitsides,5
CYP,Coro,5
CYP,monstrr,5
CYP,protein drinks,5
CYP,nescafe deca,5
CYP,hand liquid,5
CYP,gin and tonic,5
CYP,μυζηθρα,5
CYP,dime,5
CYP,mini watermelon,5
CYP,frapp,5
CYP,roastbeef,5
CYP,AGRINO,5
CYP,speit,5
CYP,παρ,5
CYP,рис для суши,5
CYP,kouvert,5
CYP,algida,5
CYP,chips ahoy,5
CYP,μπου,5
CYP,helma,5
CYP,salsmi,5
CYP,rice gla,5
CYP,ass,5
CYP,face w,5
CYP,doritod,5
CYP,vanila ice,5
CYP,fresh mi,5
CYP,cleanse,5
CYP,oswm,5
CYP,besc,5
CYP,tumeri,5
CYP,la r,5
CYP,hungarian,5
CYP,ваф,5
CYP,Gnocchi,5
CYP,serano mixed,5
CYP,threa,5
CYP,mersi,5
CYP,plive,5
CYP,μαντ,5
CYP,poker,5
CYP,chochol,5
CYP,twix ice cream,5
CYP,lanitis dairy cream,5
CYP,humou,5
CYP,Ice cube,5
CYP,alsmbra,5
CYP,rooth,5
CYP,pampers sw,5
CYP,перловка,5
CYP,cream 30,5
CYP,nitril,5
CYP,μπανιο,5
CYP,drlact,5
CYP,plastic bo,5
CYP,ion ste,5
CYP,kids sho,5
CYP,ambre solaire,5
CYP,adult wipes,5
CYP,Halumi,5
CYP,clothes softener,5
CYP,mineral w,5
CYP,лава,5
CYP,петрушк,5
CYP,syrah,5
CYP,paper A4,5
CYP,zero caffeine,5
CYP,barista oa,5
CYP,cat b,5
CYP,μαμος,5
CYP,Garbage bags,5
CYP,saisa,5
CYP,мицелярная,5
CYP,kwo,5
CYP,granola no sugar,5
CYP,leff,5
CYP,пиво 0,5
CYP,platan,5
CYP,ilives,5
CYP,krack,5
CYP,mich,5
CYP,virg,5
CYP,single,5
CYP,karex,5
CYP,toast bre,5
CYP,protein feta,5
CYP,alea,5
CYP,ord,5
CYP,malagu,5
CYP,tikta,5
CYP,mayionaise,5
CYP,imodium,5
CYP,ota,5
CYP,protein ice cre,5
CYP,busi,5
CYP,wine sparkling,5
CYP,μπεικ,5
CYP,condirioner,5
CYP,smas,5
CYP,cleansing oil,5
CYP,ginger a,5
CYP,NIVEA SUN,5
CYP,part,5
CYP,κατεψυγ,5
CYP,fruta strained,5
CYP,broe,5
CYP,kake,5
CYP,peaxh,5
CYP,KRI KRI,5
CYP,dental sticks,5
CYP,coffe i,5
CYP,mashmall,5
CYP,Lacto,5
CYP,αυτι,5
CYP,sweatner,5
CYP,пат,5
CYP,waffle maker,5
CYP,purple s,5
CYP,Cofee,5
CYP,food b,5
CYP,одноразовая посуда,5
CYP,music,5
CYP,parley,5
CYP,cookware,5
CYP,floor wash,5
CYP,camel a4,5
CYP,water glas,5
CYP,cream fr,5
CYP,woterme,5
CYP,bbq grill,5
CYP,tomato b,5
CYP,styling gel,5
CYP,water9,5
CYP,finni,5
CYP,ice tea z,5
CYP,stilton,5
CYP,risp,5
CYP,klem,5
CYP,sambal,5
CYP,ceeds,5
CYP,M&m,5
CYP,riby,5
CYP,grif,5
CYP,capito,5
CYP,hope bab,5
CYP,xiromeri,5
CYP,Ni,5
CYP,Kellogs,5
CYP,scallops,5
CYP,Teriyaki,5
CYP,de ioni,5
CYP,hair blonde,5
CYP,cranberry frozen,5
CYP,activa drink,5
CYP,volvi,5
CYP,giant beans,5
CYP,car litter,5
CYP,sugar cubes,5
CYP,халлуми,5
CYP,cablenet,5
CYP,pich,5
CYP,cornoil,5
CYP,despo,5
CYP,bonne maman,5
CYP,combuc,5
CYP,wilto,5
CYP,สำลี,5
CYP,knoblauch,5
CYP,cheese portions,5
CYP,glive,5
CYP,ασημοκο,5
CYP,oat bi,5
CYP,vinai,5
CYP,гран,5
CYP,charla,5
CYP,bodywas,5
CYP,dishwasher s,5
CYP,Cooking,5
CYP,σιαμπ,5
CYP,sz,5
CYP,bbg,5
CYP,xalloum,5
CYP,fenug,5
CYP,flax seed,5
CYP,destilled,5
CYP,sour che,5
CYP,been bros,5
CYP,healthy sna,5
CYP,foodhou,5
CYP,frischkäse,5
CYP,Prawns,5
CYP,cooff,5
CYP,tipe,5
CYP,croissanr,5
CYP,Karpos,5
CYP,after s,5
CYP,indian food,5
CYP,plastic kni,5
CYP,bicardi,5
CYP,minced chi,5
CYP,pistachio ice cream,5
CYP,тряпочки,5
CYP,das,5
CYP,мука рисовая,5
CYP,colli,5
CYP,babywater,5
CYP,prawn co,5
CYP,ino,5
CYP,roya,5
CYP,green lentils,5
CYP,red v,5
CYP,безалкогольный,5
CYP,potato baby,5
CYP,mistr,5
CYP,hanging,5
CYP,contact lens solution,5
CYP,one u,5
CYP,softdrink,5
CYP,ginnes,5
CYP,heinz soup,5
CYP,weight loss,5
CYP,banba,5
CYP,avgo,5
CYP,до,5
CYP,cheescake,5
CYP,cranola,5
CYP,ilive oil,5
CYP,flore,5
CYP,onion green,5
CYP,tortellin,5
CYP,crys,5
CYP,Bread rolls,5
CYP,printing paper,5
CYP,split,5
CYP,excell,5
CYP,detl,5
CYP,παρα,5
CYP,quaket,5
CYP,unde,5
CYP,time,5
CYP,cw,5
CYP,azeite,5
CYP,helathy,5
CYP,rooi,5
CYP,mlik,5
CYP,κεράσ,5
CYP,תחתוניות,5
CYP,γουρουνιτσα,5
CYP,applea,5
CYP,genera,5
CYP,proscuto,5
CYP,shampoo s,5
CYP,saint nicho,5
CYP,hellmanns,5
CYP,barills,5
CYP,trai,5
CYP,bian,5
CYP,miny,5
CYP,sms,5
CYP,рисовый уксус,5
CYP,tobiko,5
CYP,melodou,5
CYP,schmand,5
CYP,platte,5
CYP,balla,5
CYP,wipes cleaning,5
CYP,beef sa,5
CYP,salate,5
CYP,dzadziki,5
CYP,колбоса,5
CYP,farr,5
CYP,shoew,5
CYP,sante go,5
CYP,John Frieda,5
CYP,Dishwashing,5
CYP,labane,5
CYP,κάρτα,5
CYP,cream for,5
CYP,salt a,5
CYP,zero coce,5
CYP,spare ri,5
CYP,υποσέντονα,5
CYP,bookshop,5
CYP,pen pilot,5
CYP,sweet pat,5
CYP,hair paint,5
CYP,litche,5
CYP,foor,5
CYP,chocolate covered,5
CYP,milk free,5
CYP,prorein,5
CYP,korres argan,5
CYP,sushi kit,5
CYP,soko,5
CYP,lemonai,5
CYP,starbuks,5
CYP,салфетки влаж,5
CYP,Beach,5
CYP,flaxs,5
CYP,fridays,5
CYP,whiscas,5
CYP,kis,5
CYP,liguini,5
CYP,car shampoo,5
CYP,жел,5
CYP,raxor,5
CYP,oatmi,5
CYP,Haribo,5
CYP,feta lactose free,5
CYP,zaat,5
CYP,Dogma,5
CYP,tea english breakfast,5
CYP,stevia jam,5
CYP,adre,5
CYP,toilet cle,5
CYP,perir,5
CYP,ref onion,5
CYP,biok,5
CYP,шва,5
CYP,noir,5
CYP,cofee beans,5
CYP,frozen strawbe,5
CYP,mix baby,5
CYP,suryp,5
CYP,запекание,5
CYP,snacks baby,5
CYP,chickpea flour,5
CYP,nong,5
CYP,greek yoghurt 0,5
CYP,σλ,5
CYP,spary,5
CYP,pudfing,5
CYP,зубочистк,5
CYP,ntom,5
CYP,sausi,5
CYP,icre cream,5
CYP,papout,5
CYP,milk b,5
CYP,red vull,5
CYP,сре,5
CYP,soap clothes,5
CYP,buffer,5
CYP,cheese so,5
CYP,raddler,5
CYP,deer,5
CYP,esc,5
CYP,nivea after,5
CYP,aun,5
CYP,7daya,5
CYP,string cheese,5
CYP,rice m,5
CYP,ciders,5
CYP,вож,5
CYP,tirt,5
CYP,Chicken broth,5
CYP,setting spray,5
CYP,ξηρους καρπους,5
CYP,Dog ice cream,5
CYP,body cr,5
CYP,μαχ,5
CYP,straberries,5
CYP,voda,5
CYP,dark rum,5
CYP,pag,5
CYP,lollip,5
CYP,colour ma,5
CYP,μον,5
CYP,Candere,5
CYP,sater,5
CYP,dark chocolate 70%,5
CYP,orange kean,5
CYP,μαλλι,5
CYP,soap holder,5
CYP,brocolis,5
CYP,fresh o,5
CYP,showw,5
CYP,parmesian,5
CYP,αχ,5
CYP,φιλαδ,5
CYP,bueno ice,5
CYP,wv,5
CYP,haloo,5
CYP,cheese gou,5
CYP,νησια,5
CYP,chips lentil,5
CYP,σοκολατα υγειας,5
CYP,gluten free tortilla,5
CYP,fidel,5
CYP,moistu,5
CYP,honey mus,5
CYP,αλουμινό,5
CYP,roasted nuts,5
CYP,mayo ligh,5
CYP,black forest,5
CYP,яблочный уксус,5
CYP,sanitiz,5
CYP,tinned fruit,5
CYP,olive il,5
CYP,black papper,5
CYP,led lamp,5
CYP,Zorbas,5
CYP,banana chip,5
CYP,carefre,5
CYP,øl,5
CYP,dusting,5
CYP,koniak,5
CYP,Dry,5
CYP,disposable cup,5
CYP,maintanos,5
CYP,тыквенные семечки,5
CYP,Mouthwash,5
CYP,блин,5
CYP,limun,5
CYP,blu ta,5
CYP,for chicken,5
CYP,cass,5
CYP,κουβάς,5
CYP,ασ,5
CYP,nishiasto,5
CYP,порошек,5
CYP,chipot,5
CYP,dr beckma,5
CYP,beef tallow,5
CYP,nevi,5
CYP,μηλοξιδο,5
CYP,ζαχαρούχο,5
CYP,UNO,5
CYP,Roberto,5
CYP,frozen yoghu,5
CYP,red bulls,5
CYP,alkond,5
CYP,hsm,5
CYP,wc net,5
CYP,xantham gum,5
CYP,Squash,5
CYP,caramel syrop,5
CYP,Zor,5
CYP,Bro,5
CYP,percil,5
CYP,coole,5
CYP,Jasmine rice,5
CYP,rudolf,5
CYP,посудомойк,5
CYP,coffee grinder,5
CYP,hell energy,5
CYP,chiab,5
CYP,bailys,5
CYP,corona beer,5
CYP,sakt,5
CYP,strr,5
CYP,red ki,5
CYP,spona,5
CYP,lentil c,5
CYP,keyc,5
CYP,пластыри,5
CYP,фарш куриный,5
CYP,brownie mix,5
CYP,lighter than,5
CYP,citronela,5
CYP,ramen noodles,5
CYP,schwee,5
CYP,condishiner,5
CYP,oays,5
CYP,codka,5
CYP,sterile,5
CYP,Red on,5
CYP,chocolate 85,5
CYP,so body mist,5
CYP,lc,5
CYP,crosi,5
CYP,yogyrt,5
CYP,χαλβας,5
CYP,σογια,5
CYP,apple s,5
CYP,cheese vepo,5
CYP,Leo,5
CYP,fruit loops,5
CYP,und,5
CYP,ρολα τουαλετας,5
CYP,πανα,5
CYP,0% fat,5
CYP,popo,5
