Country,Query,Searches
DEU,eis,29608
DEU,wasser,28436
DEU,eier,28291
DEU,milch,27768
DEU,brot,25431
DEU,butter,18667
DEU,cola,18644
DEU,käse,18468
DEU,tomaten,18297
DEU,gurke,16436
DEU,pizza,15104
DEU,chips,14565
DEU,salat,14103
DEU,protein,14006
DEU,toast,12815
DEU,sahne,12054
DEU,skyr,11818
DEU,feta,11040
DEU,joghurt,10888
DEU,paprika,10471
DEU,salami,9758
DEU,reis,9406
DEU,nudeln,9038
DEU,tomate,8369
DEU,lachs,8276
DEU,chicken,8118
DEU,zero,8087
DEU,parmesan,8043
DEU,pesto,7867
DEU,pasta,7854
DEU,retter,7849
DEU,apfel,7755
DEU,kaffee,7616
DEU,mais,7465
DEU,avocado,7341
DEU,frischkäse,7261
DEU,bier,7220
DEU,oliven,7159
DEU,cola zero,6733
DEU,tofu,6708
DEU,zitrone,6694
DEU,milk,6582
DEU,hack,6557
DEU,hafer,6449
DEU,brötchen,6401
DEU,kartoffel,6392
DEU,kartoffeln,6377
DEU,mayo,6330
DEU,hähnchen,6254
DEU,kokos,5839
DEU,quark,5833
DEU,kuchen,5826
DEU,bread,5813
DEU,eistee,5483
DEU,vegan,5471
DEU,eggs,5172
DEU,ei,5151
DEU,müsli,5084
DEU,ice,5046
DEU,schokolade,5015
DEU,terea,5009
DEU,hackfleisch,4990
DEU,saft,4984
DEU,zwiebel,4881
DEU,schinken,4848
DEU,more,4845
DEU,banane,4840
DEU,mehl,4827
DEU,hummus,4775
DEU,wurst,4698
DEU,nutella,4653
DEU,obst,4629
DEU,salz,4612
DEU,gouda,4572
DEU,schoko,4528
DEU,mango,4522
DEU,spinat,4499
DEU,pommes,4495
DEU,tomato,4480
DEU,alpro,4478
DEU,water,4472
DEU,burger,4401
DEU,mozarella,4381
DEU,knoblauch,4339
DEU,volvic,4322
DEU,yogurt,4265
DEU,wein,4241
DEU,kefir,4154
DEU,redbull,4127
DEU,oatly,4103
DEU,cheese,4034
DEU,mozzarella,4025
DEU,fisch,4022
DEU,toma,3868
DEU,eiswürfel,3811
DEU,ketchup,3802
DEU,fanta,3774
DEU,karto,3752
DEU,fleisch,3752
DEU,hafermilch,3749
DEU,zucker,3714
DEU,tabak,3709
DEU,zewa,3654
DEU,br,3650
DEU,red bull,3617
DEU,toiletten,3598
DEU,creme,3559
DEU,bacon,3542
DEU,avo,3541
DEU,öl,3523
DEU,spezi,3522
DEU,egg,3479
DEU,baguette,3469
DEU,lemon,3446
DEU,zwiebeln,3386
DEU,sprite,3364
DEU,rice,3331
DEU,thunfisch,3317
DEU,onion,3308
DEU,monster,3305
DEU,küchenrolle,3301
DEU,toil,3301
DEU,senf,3273
DEU,tuna,3266
DEU,halal,3256
DEU,waschmittel,3245
DEU,toilettenpapier,3242
DEU,frosta,3236
DEU,soja,3226
DEU,bohnen,3195
DEU,kinder,3172
DEU,wrap,3171
DEU,ingwer,3171
DEU,frisch,3167
DEU,popcorn,3134
DEU,gemüse,3124
DEU,honig,3108
DEU,karotten,3090
DEU,tom,3080
DEU,tomat,3080
DEU,bana,3071
DEU,schmand,3058
DEU,gurken,3058
DEU,klopapier,3007
DEU,tortilla,3005
DEU,red,2991
DEU,kakao,2965
DEU,alnatura,2948
DEU,glutenfrei,2945
DEU,tomatenmark,2945
DEU,mandel,2937
DEU,ja,2936
DEU,kekse,2930
DEU,pudding,2916
DEU,pepsi,2912
DEU,beeren,2908
DEU,yoghurt,2905
DEU,sp,2892
DEU,eisw,2882
DEU,ice cream,2850
DEU,dill,2845
DEU,linsen,2828
DEU,minze,2826
DEU,ma,2808
DEU,melone,2804
DEU,erdbeeren,2792
DEU,cheddar,2771
DEU,müll,2770
DEU,kart,2764
DEU,bio,2763
DEU,coffee,2763
DEU,sch,2755
DEU,zigaretten,2750
DEU,orange,2742
DEU,ayran,2731
DEU,toilet,2717
DEU,sa,2684
DEU,banana,2684
DEU,steak,2666
DEU,frischk,2659
DEU,deo,2653
DEU,to,2627
DEU,buldak,2614
DEU,zitronen,2614
DEU,essig,2598
DEU,corn,2579
DEU,wassermelone,2546
DEU,energy,2531
DEU,suppe,2512
DEU,bananen,2495
DEU,seife,2489
DEU,sucuk,2485
DEU,körniger,2474
DEU,ramen,2467
DEU,jogurt,2458
DEU,haribo,2455
DEU,erbsen,2447
DEU,garnelen,2447
DEU,chili,2431
DEU,marmelade,2418
DEU,mozz,2405
DEU,moz,2381
DEU,marlboro,2375
DEU,milka,2360
DEU,mo,2348
DEU,sirup,2346
DEU,vanille,2346
DEU,olivenöl,2338
DEU,rett,2312
DEU,bro,2305
DEU,mozza,2304
DEU,jog,2302
DEU,speck,2301
DEU,sü,2294
DEU,wraps,2275
DEU,olive,2270
DEU,magnum,2263
DEU,haferflocken,2257
DEU,beer,2255
DEU,mate,2247
DEU,nudel,2244
DEU,burrata,2227
DEU,erd,2214
DEU,orangensaft,2207
DEU,matcha,2202
DEU,spaghetti,2186
DEU,zwie,2182
DEU,coca,2181
DEU,petersilie,2176
DEU,Wasser,2160
DEU,wiener,2158
DEU,kiwi,2137
DEU,jo,2131
DEU,thun,2126
DEU,garlic,2123
DEU,apfelsaft,2121
DEU,blumen,2120
DEU,potato,2114
DEU,pilze,2106
DEU,vodka,2101
DEU,würstchen,2091
DEU,lauch,2090
DEU,sauce,2083
DEU,banan,2071
DEU,salmon,2059
DEU,shampoo,2058
DEU,jogh,2052
DEU,sala,2045
DEU,ka,2040
DEU,kräuter,2040
DEU,tee,2029
DEU,erdnuss,2028
DEU,mil,2024
DEU,sekt,2021
DEU,chocolate,2010
DEU,wass,2007
DEU,ananas,2007
DEU,ben,2005
DEU,pfeffer,2002
DEU,nüsse,1980
DEU,ba,1967
DEU,pa,1961
DEU,oil,1955
DEU,ha,1954
DEU,schlagsahne,1950
DEU,lasagne,1946
DEU,orangen,1941
DEU,ginger,1926
DEU,kokosmilch,1920
DEU,pap,1904
DEU,sprudel,1896
DEU,wei,1881
DEU,salad,1878
DEU,rind,1871
DEU,zitr,1870
DEU,sandwich,1867
DEU,wasch,1865
DEU,mandelmilch,1861
DEU,yayla,1859
DEU,klo,1858
DEU,limette,1851
DEU,koriander,1846
DEU,sal,1846
DEU,toile,1845
DEU,küchen,1837
DEU,parm,1835
DEU,brokkoli,1832
DEU,fritz,1823
DEU,cherry,1812
DEU,capri,1806
DEU,koro,1798
DEU,katzen,1796
DEU,duschgel,1789
DEU,basilikum,1788
DEU,co,1786
DEU,rucola,1783
DEU,moza,1782
DEU,zahnpasta,1780
DEU,cucumber,1777
DEU,oat,1765
DEU,Tomaten,1759
DEU,parme,1758
DEU,chilli,1757
DEU,pop,1757
DEU,wasser still,1745
DEU,lime,1745
DEU,aufstrich,1728
DEU,torte,1722
DEU,hänchen,1722
DEU,coca cola,1721
DEU,zucchini,1721
DEU,tiefkühl,1713
DEU,Joghurt,1704
DEU,baby,1694
DEU,Milch,1692
DEU,esn,1688
DEU,curry,1685
DEU,getränke,1684
DEU,gurk,1669
DEU,toi,1663
DEU,hähn,1663
DEU,spül,1659
DEU,cornflakes,1646
DEU,grie,1645
DEU,zwi,1644
DEU,aufschnitt,1637
DEU,karotte,1630
DEU,toilet paper,1628
DEU,Zigaretten,1608
DEU,Kartoffeln,1605
DEU,möhren,1600
DEU,salt,1596
DEU,kaffe,1584
DEU,trauben,1581
DEU,kartoff,1577
DEU,kase,1572
DEU,coke,1565
DEU,Eis,1563
DEU,koko,1562
DEU,kar,1561
DEU,barilla,1559
DEU,gizeh,1549
DEU,tonic,1547
DEU,müllbeutel,1547
DEU,laktosefrei,1542
DEU,hefe,1534
DEU,snack,1531
DEU,eiswü,1530
DEU,himbeeren,1525
DEU,milchreis,1520
DEU,rote,1518
DEU,sushi,1514
DEU,so,1512
DEU,back,1510
DEU,dip,1509
DEU,maggi,1500
DEU,fr,1499
DEU,snacks,1496
DEU,dinkel,1495
DEU,gur,1494
DEU,ziga,1494
DEU,beef,1484
DEU,every,1481
DEU,rewe,1481
DEU,nuggets,1478
DEU,zi,1473
DEU,pro,1469
DEU,peter,1460
DEU,cream,1460
DEU,coconut,1451
DEU,Brötchen,1440
DEU,pueblo,1438
DEU,zahn,1427
DEU,magerquark,1425
DEU,marl,1418
DEU,kicher,1418
DEU,äpfel,1417
DEU,Brot,1415
DEU,ch,1412
DEU,zwieb,1410
DEU,frischkä,1407
DEU,cashew,1406
DEU,juice,1403
DEU,heidel,1394
DEU,hä,1393
DEU,huhn,1387
DEU,gummi,1383
DEU,Eier,1382
DEU,katzenfutter,1382
DEU,pi,1382
DEU,gewürz,1380
DEU,vape,1376
DEU,passierte,1374
DEU,high protein,1373
DEU,rotwein,1365
DEU,cookies,1357
DEU,cake,1357
DEU,hot dog,1356
DEU,hackfl,1350
DEU,zimt,1344
DEU,grill,1343
DEU,zig,1341
DEU,delia,1341
DEU,la,1340
DEU,apple,1339
DEU,chia,1338
DEU,zitro,1338
DEU,carrot,1328
DEU,sesam,1324
DEU,sonnen,1324
DEU,instant,1324
DEU,klop,1321
DEU,sour cream,1317
DEU,col,1315
DEU,pepper,1314
DEU,papier,1312
DEU,acai,1310
DEU,knob,1307
DEU,mar,1306
DEU,mutti,1306
DEU,granola,1305
DEU,kno,1302
DEU,chi,1301
DEU,bagel,1298
DEU,yo,1289
DEU,sour,1288
DEU,spargel,1287
DEU,cereal,1280
DEU,radler,1279
DEU,basil,1272
DEU,limo,1270
DEU,apfelmus,1267
DEU,gin,1264
DEU,fish,1259
DEU,oreo,1258
DEU,beans,1257
DEU,knobl,1255
DEU,erdb,1255
DEU,lays,1252
DEU,vollkorn,1250
DEU,croissant,1246
DEU,avoc,1239
DEU,mager,1237
DEU,nachos,1229
DEU,süß,1228
DEU,re,1228
DEU,filter,1226
DEU,erdbeer,1224
DEU,eisberg,1217
DEU,lindt,1213
DEU,corona,1206
DEU,zuc,1204
DEU,pizzateig,1202
DEU,papr,1200
DEU,yog,1196
DEU,mi,1194
DEU,wine,1193
DEU,olive oil,1186
DEU,champ,1186
DEU,zw,1184
DEU,kartof,1180
DEU,köse,1177
DEU,brezel,1176
DEU,aufback,1174
DEU,kochsahne,1171
DEU,champi,1170
DEU,knorr,1166
DEU,greek,1162
DEU,bu,1160
DEU,blaubeeren,1159
DEU,sugar,1158
DEU,bröt,1158
DEU,spinach,1156
DEU,tort,1155
DEU,Hackfleisch,1153
DEU,chip,1149
DEU,Käse,1147
DEU,kirschen,1147
DEU,mandeln,1143
DEU,ban,1135
DEU,gu,1135
DEU,kimchi,1132
DEU,bratwurst,1131
DEU,brö,1127
DEU,ap,1127
DEU,katjes,1127
DEU,hähnchenbrust,1126
DEU,kichererbsen,1124
DEU,mineralwasser,1123
DEU,zitron,1123
DEU,gluten,1117
DEU,wa,1112
DEU,laktose,1110
DEU,schwamm,1110
DEU,Hähnchen,1108
DEU,coco,1107
DEU,al,1106
DEU,joghu,1105
DEU,peanut,1103
DEU,scho,1103
DEU,prosecco,1101
DEU,frozen,1099
DEU,bueno,1099
DEU,wassereis,1095
DEU,pute,1093
DEU,wc,1090
DEU,vly,1089
DEU,su,1087
DEU,kidney,1087
DEU,waffel,1086
DEU,butt,1085
DEU,apfelschorle,1082
DEU,sky,1081
DEU,pringles,1081
DEU,schnitzel,1080
DEU,ge,1078
DEU,harry,1078
DEU,binden,1076
DEU,feucht,1074
DEU,oliv,1074
DEU,toilett,1073
DEU,par,1070
DEU,hipp,1068
DEU,Cola,1065
DEU,balsamico,1064
DEU,Schokolade,1059
DEU,datteln,1058
DEU,leberwurst,1056
DEU,toilette,1055
DEU,gr,1055
DEU,cham,1055
DEU,Toilettenpapier,1053
DEU,was,1051
DEU,espresso,1048
DEU,rote beete,1045
DEU,vitamin,1045
DEU,fertig,1044
DEU,sauer,1043
DEU,power,1042
DEU,hackf,1040
DEU,penne,1040
DEU,mochi,1034
DEU,kartoffelsalat,1032
DEU,alkoholfrei,1030
DEU,pizz,1028
DEU,suppen,1026
DEU,salsa,1025
DEU,zucc,1025
DEU,tortellini,1024
DEU,frühlings,1016
DEU,lenor,1012
DEU,heidelbeeren,1009
DEU,dressing,1007
DEU,soda,1007
DEU,nute,1006
DEU,fri,1005
DEU,honey,1005
DEU,rettertüte,1002
DEU,kokoswasser,1002
DEU,brioche,999
DEU,sc,997
DEU,creme fraiche,996
DEU,leber,996
DEU,aioli,995
DEU,puten,995
DEU,gutke,993
DEU,edamame,993
DEU,kr,991
DEU,kartoffe,991
DEU,Mozzarella,991
DEU,cookie,990
DEU,rama,987
DEU,kä,987
DEU,gnocchi,986
DEU,kohl,985
DEU,taco,985
DEU,katze,983
DEU,riegel,982
DEU,aperol,982
DEU,karo,978
DEU,backpapier,975
DEU,wodka,973
DEU,keks,971
DEU,kombucha,970
DEU,avoca,964
DEU,saure,962
DEU,brühe,962
DEU,zu,961
DEU,salam,960
DEU,tomatensauce,960
DEU,powerade,960
DEU,schlag,958
DEU,elfbar,958
DEU,humus,954
DEU,mortadella,952
DEU,ocb,951
DEU,oli,950
DEU,rinder,950
DEU,reibekäse,949
DEU,brat,946
DEU,choco,946
DEU,sellerie,945
DEU,san,941
DEU,apfe,940
DEU,nu,939
DEU,noodles,934
DEU,ziegen,934
DEU,geflügel,931
DEU,smoothie,929
DEU,gem,929
DEU,toas,929
DEU,er,926
DEU,soße,926
DEU,marziale,924
DEU,streukäse,923
DEU,aubergine,922
DEU,Pizza,919
DEU,klopa,919
DEU,paprik,917
DEU,bur,916
DEU,mint,916
DEU,buttermilch,915
DEU,rette,915
DEU,Gurke,913
DEU,griechischer,913
DEU,ca,913
DEU,holy,912
DEU,tun,912
DEU,yfood,907
DEU,basmati,905
DEU,tk,903
DEU,Butter,902
DEU,tiramisu,898
DEU,pe,897
DEU,ice tea,894
DEU,torti,890
DEU,lego,889
DEU,brok,888
DEU,spag,885
DEU,tomatoes,885
DEU,ko,884
DEU,spülmittel,883
DEU,jogu,882
DEU,ket,879
DEU,griech,869
DEU,mushroom,868
DEU,mozare,866
DEU,erdbeere,864
DEU,häh,863
DEU,mü,862
DEU,cottage,861
DEU,wasse,861
DEU,dessert,860
DEU,snickers,857
DEU,mett,856
DEU,rose,855
DEU,mineral,854
DEU,spa,851
DEU,klopap,849
DEU,paper,848
DEU,chick,848
DEU,musli,848
DEU,kellogs,846
DEU,papri,845
DEU,erdnussbutter,845
DEU,zuchini,845
DEU,ham,844
DEU,weichspüler,844
DEU,schnittlauch,843
DEU,grana,842
DEU,katzenstreu,838
DEU,fleischwurst,836
DEU,eie,835
DEU,cracker,834
DEU,halloumi,833
DEU,Eiswürfel,831
DEU,Paprika,831
DEU,starbucks,830
DEU,trüffel,830
DEU,pr,829
DEU,schmelz,826
DEU,bulgur,824
DEU,pfirsich,820
DEU,spätzle,820
DEU,shrimp,819
DEU,Frischkäse,815
DEU,lotus,814
DEU,granat,814
DEU,gyoza,810
DEU,erdbee,810
DEU,parmesa,809
DEU,eiskaffee,809
DEU,bifi,809
DEU,pampers,809
DEU,beot,809
DEU,waffeln,806
DEU,coke zero,803
DEU,spü,801
DEU,windeln,800
DEU,gew,795
DEU,mascarpone,794
DEU,rot,793
DEU,vuse,787
DEU,oregano,787
DEU,kaugummi,785
DEU,nut,784
DEU,Salat,783
DEU,zit,783
DEU,soap,783
DEU,pita,780
DEU,tief,779
DEU,meat,779
DEU,asia,778
DEU,fage,774
DEU,sonnenblumen,773
DEU,ta,772
DEU,würst,771
DEU,ketch,771
DEU,malboro,770
DEU,wasserme,769
DEU,gewürze,769
DEU,feuchttücher,767
DEU,tuc,767
DEU,coc,766
DEU,blau,766
DEU,rapsöl,765
DEU,oats,764
DEU,laugen,763
DEU,prot,761
DEU,kn,761
DEU,hotdog,760
DEU,cremant,760
DEU,nuss,760
DEU,weißwein,760
DEU,vanilla,757
DEU,kirsch,757
DEU,barista,757
DEU,may,756
DEU,zartbitter,756
DEU,Nudeln,756
DEU,peanut butter,755
DEU,kapern,755
DEU,thunf,752
DEU,po,748
DEU,glas,747
DEU,prote,744
DEU,Kaffee,743
DEU,lach,740
DEU,hühnchen,740
DEU,parmes,740
DEU,putenbrust,740
DEU,nutell,739
DEU,ja!,739
DEU,ricotta,738
DEU,zitronensaft,737
DEU,volvi,735
DEU,lipton,735
DEU,pinien,735
DEU,ke,735
DEU,m&m,734
DEU,bolognese,734
DEU,mälzer,733
DEU,sahn,730
DEU,broccoli,730
DEU,persil,728
DEU,teig,726
DEU,jam,722
DEU,weisswein,722
DEU,quar,722
DEU,gries,722
DEU,always,721
DEU,quinoa,720
DEU,limetten,718
DEU,zigar,716
DEU,noodle,716
DEU,watermelon,716
DEU,reibe,716
DEU,getr,715
DEU,birne,714
DEU,bul,713
DEU,nude,713
DEU,be,713
DEU,pistazien,712
DEU,Chips,709
DEU,sk,708
DEU,schmelzkäse,708
DEU,tempo,707
DEU,udon,706
DEU,streu,706
DEU,sausage,705
DEU,nescafe,704
DEU,handseife,704
DEU,potatoes,704
DEU,watte,702
DEU,mozzare,702
DEU,olives,702
DEU,karott,701
DEU,ziegenkäse,701
DEU,nuts,700
DEU,frosch,700
DEU,haar,699
DEU,röst,698
DEU,passierte tomaten,696
DEU,sauerkraut,695
DEU,pista,694
DEU,peters,693
DEU,ter,693
DEU,blätterteig,692
DEU,zeit,690
DEU,Toast,690
DEU,dusch,689
DEU,qu,688
DEU,hirten,687
DEU,weintrauben,684
DEU,haferflo,684
DEU,soya,684
DEU,gno,683
DEU,pilz,682
DEU,Sahne,681
DEU,cream cheese,679
DEU,lettuce,678
DEU,hand,678
DEU,Zitrone,678
DEU,fischst,677
DEU,Knoblauch,676
DEU,möhre,676
DEU,hirtenkäse,675
DEU,muffin,675
DEU,corny,674
DEU,kochschinken,673
DEU,sprudelwasser,673
DEU,tiefk,673
DEU,koch,672
DEU,zuch,671
DEU,tunfisch,670
DEU,süss,670
DEU,brownie,670
DEU,flour,668
DEU,kürbis,668
DEU,hüttenkäse,667
DEU,rinderhack,667
DEU,körni,667
DEU,raps,667
DEU,sardinen,665
DEU,pfanner,665
DEU,tabs,665
DEU,Kuchen,664
DEU,creme fr,664
DEU,humm,664
DEU,marme,662
DEU,bl,661
DEU,yogu,660
DEU,zeit für brot,659
DEU,paulaner,656
DEU,cafe,655
DEU,bag,655
DEU,cor,654
DEU,still,654
DEU,bio eier,654
DEU,tor,654
DEU,taschen,653
DEU,zwieback,653
DEU,gezer,653
DEU,burr,652
DEU,saure sahne,652
DEU,hanchen,651
DEU,fruit,651
DEU,spin,651
DEU,tr,651
DEU,light,650
DEU,soup,649
DEU,antipasti,647
DEU,coriander,647
DEU,majo,647
DEU,maultaschen,647
DEU,erdn,646
DEU,weich,645
DEU,basili,645
DEU,zwiebe,644
DEU,bi,643
DEU,lucky,642
DEU,gulasch,642
DEU,getrocknete,642
DEU,hän,641
DEU,spr,640
DEU,deit,639
DEU,vol,639
DEU,milc,637
DEU,panini,634
DEU,blumenkohl,634
DEU,wasa,633
DEU,spe,633
DEU,gewürzgurken,633
DEU,av,631
DEU,melon,631
DEU,taba,629
DEU,zaziki,629
DEU,Parmesan,628
DEU,backpulver,625
DEU,Thunfisch,625
DEU,couscous,624
DEU,schokol,624
DEU,kräuterquark,623
DEU,thunfi,623
DEU,tüte,623
DEU,oran,623
DEU,phila,622
DEU,cro,621
DEU,sweet,620
DEU,tissue,620
DEU,apf,620
DEU,peas,620
DEU,proteinriegel,620
DEU,mozar,619
DEU,fischstäbchen,618
DEU,himb,618
DEU,reiswaffeln,617
DEU,tere,616
DEU,bagu,616
DEU,weiß,616
DEU,hackflei,615
DEU,natron,615
DEU,ro,614
DEU,soy,614
DEU,gluten free,612
DEU,rotkohl,612
DEU,wolt,608
DEU,fond,607
DEU,cola light,607
DEU,fris,607
DEU,flei,607
DEU,tomatenso,606
DEU,ahead,606
DEU,bitter,606
DEU,tea,605
DEU,lactose,605
DEU,black,605
DEU,croi,604
DEU,ariel,604
DEU,fanta zero,604
DEU,rohr,603
DEU,pasta sauce,603
DEU,me,603
DEU,zigare,602
DEU,pu,602
DEU,schnitt,602
DEU,de cecco,601
DEU,frucht,601
DEU,brokk,601
DEU,kori,600
DEU,oatl,599
DEU,fenchel,598
DEU,chio,597
DEU,almond,596
DEU,flammkuchen,596
DEU,actimel,596
DEU,granatapfel,595
DEU,hütten,594
DEU,reiswaffel,594
DEU,crem,594
DEU,takis,592
DEU,spagh,592
DEU,käse gerieben,590
DEU,nivea,589
DEU,wür,588
DEU,wasserm,587
DEU,lasa,587
DEU,dattel,587
DEU,blue,587
DEU,taschentücher,587
DEU,zuckerfrei,586
DEU,toothpaste,585
DEU,garne,585
DEU,spina,584
DEU,pep,584
DEU,biscoff,583
DEU,ra,583
DEU,se,583
DEU,papes,582
DEU,aoste,582
DEU,fl,582
DEU,le,581
DEU,swiffer,580
DEU,lim,580
DEU,feuchtes,579
DEU,gri,578
DEU,butterkäse,578
DEU,ravioli,578
DEU,hot,578
DEU,orang,577
DEU,ki,577
DEU,Klopapier,576
DEU,rosmarin,576
DEU,Protein,575
DEU,ora,575
DEU,kaff,575
DEU,walnuss,574
DEU,qua,574
DEU,nespresso,574
DEU,protein bar,573
DEU,avocad,571
DEU,ruc,569
DEU,trü,569
DEU,carrots,569
DEU,orange juice,568
DEU,eiwei,567
DEU,knäcke,567
DEU,fries,567
DEU,Waschmittel,566
DEU,suntat,565
DEU,berries,565
DEU,knack,562
DEU,marlb,562
DEU,ing,562
DEU,terrea,561
DEU,sau,561
DEU,broc,561
DEU,protei,561
DEU,kat,561
DEU,Haferflocken,561
DEU,sonnenblumenöl,560
DEU,elinas,559
DEU,küchenr,559
DEU,flamm,558
DEU,st,558
DEU,onions,558
DEU,hühner,558
DEU,Kartoffel,557
DEU,vitamin well,556
DEU,tortillas,556
DEU,cottage cheese,556
DEU,doritos,556
DEU,rasierer,555
DEU,Getränke,554
DEU,eiswür,554
DEU,orzo,553
DEU,toa,553
DEU,latte,553
DEU,oat milk,553
DEU,donut,552
DEU,vita,552
DEU,sprite zero,550
DEU,pfir,549
DEU,tza,549
DEU,milchschnitte,548
DEU,iqos,548
DEU,high,548
DEU,walnüsse,548
DEU,erdnüsse,548
DEU,remoulade,548
DEU,youcook,547
DEU,cre,545
DEU,zahnbürste,545
DEU,mag,544
DEU,Cola zero,544
DEU,auf,543
DEU,Salami,543
DEU,haarfarbe,543
DEU,salzstangen,543
DEU,erdbe,542
DEU,handschuhe,542
DEU,maracuja,542
DEU,helles,540
DEU,cr,540
DEU,alkohol,539
DEU,vegane,538
DEU,nacho,537
DEU,tomatenm,537
DEU,türkisch,536
DEU,eier bio,536
DEU,twix,536
DEU,ret,534
DEU,sagrotan,534
DEU,mini,533
DEU,porridge,533
DEU,müller,533
DEU,pan,532
DEU,gar,531
DEU,cornfl,531
DEU,tortel,531
DEU,toilettenp,530
DEU,schok,530
DEU,grieß,530
DEU,brötch,529
DEU,kü,529
DEU,cho,528
DEU,cous,528
DEU,ofenkäse,527
DEU,krä,525
DEU,geschirr,524
DEU,gemüsebrühe,523
DEU,kondens,523
DEU,pomm,523
DEU,gnocci,522
DEU,buko,522
DEU,kondome,521
DEU,garnele,520
DEU,yum,520
DEU,wholey,519
DEU,dr,519
DEU,Zwiebel,519
DEU,kok,519
DEU,hähnch,519
DEU,suppengrün,517
DEU,schär,516
DEU,li,516
DEU,hund,516
DEU,schafskäse,516
DEU,che,516
DEU,muesli,516
DEU,protein eis,515
DEU,min,514
DEU,Marmelade,514
DEU,falafel,513
DEU,rum,513
DEU,mas,513
DEU,man,513
DEU,lakto,513
DEU,straw,512
DEU,jack,510
DEU,haferf,510
DEU,petersi,510
DEU,him,510
DEU,durst,510
DEU,ritter,509
DEU,Müsli,508
DEU,grape,507
DEU,Apfel,507
DEU,dubai,507
DEU,dishwasher,507
DEU,kräuterbutter,506
DEU,weiss,506
DEU,Würstchen,506
DEU,romana,506
DEU,himbeere,506
DEU,sparkling water,506
DEU,rasier,505
DEU,kirsche,505
DEU,multi,504
DEU,Schinken,504
DEU,chic,504
DEU,spülm,504
DEU,tooth,503
DEU,tortill,503
DEU,brokoli,502
DEU,strawberry,502
DEU,küche,501
DEU,löffel,501
DEU,bre,500
DEU,volv,500
DEU,tomatensoße,499
DEU,cider,499
DEU,margarine,499
DEU,flips,499
DEU,ol,499
DEU,döner,498
DEU,gra,498
DEU,ülker,497
DEU,champignons,497
DEU,haferfl,497
DEU,körniger frischkäse,496
DEU,fe,494
DEU,Reis,493
DEU,waschmi,493
DEU,coconut milk,493
DEU,kühl,492
DEU,Bier,491
DEU,mayon,490
DEU,dr pepper,490
DEU,basi,489
DEU,schafs,489
DEU,maul,489
DEU,früh,489
DEU,Quark,488
DEU,salami sticks,488
DEU,schwarz,488
DEU,haferm,487
DEU,paneer,487
DEU,hunde,487
DEU,Baguette,486
DEU,marm,486
DEU,ana,486
DEU,körn,485
DEU,chedd,484
DEU,vinegar,484
DEU,nori,484
DEU,pancake,484
DEU,brie,484
DEU,fleischsalat,483
DEU,redb,482
DEU,himbeer,482
DEU,sosis,482
DEU,mülltüten,480
DEU,griechi,480
DEU,passata,480
DEU,tahin,479
DEU,grapefruit,479
DEU,waln,479
DEU,spi,478
DEU,yogh,477
DEU,choc,477
DEU,getrocknete tomaten,477
DEU,Erdbeeren,476
DEU,sandw,476
DEU,breze,475
DEU,buns,475
DEU,käs,474
DEU,rügenwalder,473
DEU,Mineralwasser,473
DEU,pril,473
DEU,popc,472
DEU,pom,472
DEU,speise,472
DEU,veg,471
DEU,pf,471
DEU,sand,470
DEU,brit,470
DEU,sah,470
DEU,vani,469
DEU,we,469
DEU,Fleisch,469
DEU,Küchenrolle,468
DEU,hü,467
DEU,gummibärchen,467
DEU,mande,466
DEU,dove,466
DEU,waschm,466
DEU,rei,465
DEU,peroni,465
DEU,bbq,463
DEU,mara,463
DEU,pelmeni,462
DEU,sard,461
DEU,bulda,460
DEU,rettert,460
DEU,gewü,460
DEU,weichsp,460
DEU,champig,460
DEU,dark chocolate,460
DEU,börek,459
DEU,Spaghetti,458
DEU,brezeln,458
DEU,cam,458
DEU,chicken wings,457
DEU,trinken,457
DEU,h milch,457
DEU,minz,457
DEU,brotchen,457
DEU,kitchen,456
DEU,schink,455
DEU,beyond,455
DEU,tampons,455
DEU,zucch,454
DEU,pak,453
DEU,cha,453
DEU,schi,453
DEU,Gemüse,453
DEU,ahorn,452
DEU,Tabak,452
DEU,kor,452
DEU,parsley,452
DEU,frika,452
DEU,iglo,452
DEU,sardine,452
DEU,burra,451
DEU,auber,451
DEU,pest,451
DEU,jala,451
DEU,phil,451
DEU,grapes,451
DEU,milram,451
DEU,turkey,451
DEU,rote bete,450
DEU,nougat,450
DEU,reiswa,450
DEU,kraut,450
DEU,glasreiniger,449
DEU,spree,449
DEU,morta,448
DEU,frikadellen,448
DEU,bas,448
DEU,erdnu,448
DEU,küchenpapier,447
DEU,limonade,446
DEU,kör,445
DEU,Nutella,445
DEU,icecream,445
DEU,pudd,445
DEU,süßkartoffel,444
DEU,tempeh,443
DEU,mozzar,443
DEU,alna,442
DEU,elf,442
DEU,Tomate,442
DEU,broko,442
DEU,knobla,441
DEU,toastbrot,441
DEU,felix,441
DEU,harzer,440
DEU,kö,440
DEU,gemuse,440
DEU,blueberry,439
DEU,Retter,439
DEU,7up,439
DEU,eiscreme,438
DEU,lac,438
DEU,Toiletten,438
DEU,bowl,437
DEU,chickpeas,437
DEU,sweet potato,437
DEU,ehrmann,437
DEU,onigiri,436
DEU,müs,436
DEU,beere,436
DEU,ob,435
DEU,pfe,435
DEU,rosinen,434
DEU,wild,434
DEU,mu,433
DEU,dish,433
DEU,linsenchips,432
DEU,kaffeebohnen,432
DEU,kak,431
DEU,spagetti,431
DEU,hum,430
DEU,schwa,430
DEU,korn,429
DEU,ghee,429
DEU,garn,429
DEU,za,428
DEU,biscuit,428
DEU,mor,427
DEU,monte,426
DEU,camembert,425
DEU,eis vegan,425
DEU,hundefutter,425
DEU,syrup,424
DEU,spüli,424
DEU,hafermil,424
DEU,mix,424
DEU,miso,423
DEU,gyros,423
DEU,chorizo,423
DEU,gerol,423
DEU,orangina,423
DEU,ri,423
DEU,gauda,422
DEU,tortell,422
DEU,bun,422
DEU,gua,422
DEU,babybel,422
DEU,zuck,422
DEU,mal,421
DEU,camel,421
DEU,vogue,421
DEU,Lachs,420
DEU,mandelmus,419
DEU,pads,419
DEU,kiri,419
DEU,tampon,419
DEU,ginger ale,419
DEU,buld,419
DEU,go,419
DEU,tücher,418
DEU,garnel,418
DEU,semmel,418
DEU,wipes,417
DEU,gerolsteiner,416
DEU,bague,416
DEU,Zucker,416
DEU,kerze,416
DEU,american,416
DEU,duft,416
DEU,cap,415
DEU,burata,415
DEU,kon,415
DEU,detergent,415
DEU,guac,414
DEU,sorbet,414
DEU,ciabatta,413
DEU,you,413
DEU,mus,412
DEU,backp,412
DEU,pecorino,412
DEU,schni,411
DEU,schwein,411
DEU,alp,411
DEU,blueberries,410
DEU,fladenbrot,410
DEU,kokosnuss,410
DEU,protein pudding,410
DEU,heinz,410
DEU,apfels,409
DEU,puderzucker,408
DEU,hühn,408
DEU,Olivenöl,408
DEU,cig,408
DEU,mustard,408
DEU,bo,407
DEU,de,407
DEU,or,407
DEU,knoblau,407
DEU,dose,407
DEU,vanill,406
DEU,mandelm,406
DEU,Avocado,406
DEU,pas,406
DEU,schw,406
DEU,reispapier,405
DEU,thu,405
DEU,früchte,405
DEU,schwip,404
DEU,masca,404
DEU,toilettenpap,404
DEU,fruits,404
DEU,stra,404
DEU,si,403
DEU,te,403
DEU,hackfle,403
DEU,marmel,402
DEU,hamburger,402
DEU,fle,402
DEU,pinienkerne,402
DEU,emmi,401
DEU,eistee zero,400
DEU,schm,400
DEU,va,400
DEU,parmi,399
DEU,Zwiebeln,399
DEU,bresso,399
DEU,corni,398
DEU,peach,397
DEU,ofen,397
DEU,teewurst,397
DEU,gemü,397
DEU,paletas,397
DEU,hal,397
DEU,bohn,397
DEU,cola zer,396
DEU,gran,396
DEU,lak,396
DEU,rahm,395
DEU,pass,395
DEU,kir,395
DEU,protein riegel,395
DEU,guacamole,395
DEU,mascar,395
DEU,han,395
DEU,zerup,394
DEU,elektrolyte,394
DEU,cuc,394
DEU,wassermel,394
DEU,feuchtt,394
DEU,tomatens,394
DEU,"milch 1,5",393
DEU,panko,393
DEU,zigarette,393
DEU,lin,392
DEU,blaub,392
DEU,innocent,392
DEU,kuche,391
DEU,lekka,391
DEU,ayra,391
DEU,wur,390
DEU,alu,390
DEU,masc,390
DEU,dosen,390
DEU,au,389
DEU,schin,389
DEU,chil,389
DEU,apfelessig,389
DEU,butte,389
DEU,dino,389
DEU,emmentaler,389
DEU,elektro,389
DEU,magnesium,388
DEU,knäckebrot,387
DEU,scha,387
DEU,lyoner,386
DEU,marlbo,386
DEU,mars,386
DEU,tab,385
DEU,limon,385
DEU,windel,385
DEU,nugget,384
DEU,zahnp,384
DEU,protein wrap,384
DEU,wal,384
DEU,gefl,384
DEU,vega,383
DEU,thymian,383
DEU,supp,383
DEU,fuze,382
DEU,anti,381
DEU,becher,381
DEU,blum,381
DEU,wiesenhof,381
DEU,anan,381
DEU,fleis,380
DEU,apfelsa,380
DEU,kräu,380
DEU,pist,379
DEU,coppenrath,379
DEU,piz,378
DEU,hering,378
DEU,whiskey,378
DEU,soba,378
DEU,spülung,378
DEU,sparkling,377
DEU,sh,376
DEU,tahini,376
DEU,tira,376
DEU,saure gurken,376
DEU,peps,376
DEU,körnig,376
DEU,mozarell,376
DEU,feldsalat,375
DEU,surimi,375
DEU,air,375
DEU,rote zwiebel,375
DEU,greek yogurt,375
DEU,peperoni,373
DEU,joh,373
DEU,burger bun,373
DEU,toilettenpa,373
DEU,maxi,372
DEU,kaf,372
DEU,edam,372
DEU,wra,371
DEU,fro,371
DEU,cranberry,371
DEU,kerzen,371
DEU,gnocc,370
DEU,lavazza,370
DEU,cabbage,369
DEU,hummu,369
DEU,spri,369
DEU,mezzo,369
DEU,sauerteig,369
DEU,weizen,369
DEU,apfelsch,369
DEU,Eistee,368
DEU,har,368
DEU,Bananen,368
DEU,blume,368
DEU,coca cola zero,368
DEU,schorle,368
DEU,ketchu,367
DEU,korian,367
DEU,prin,367
DEU,potat,366
DEU,bohne,366
DEU,redbu,366
DEU,balsa,366
DEU,sucu,366
DEU,nes,366
DEU,cornf,366
DEU,yumyum,366
DEU,coconut water,366
DEU,chickpea,365
DEU,buratta,365
DEU,taschent,365
DEU,finish,365
DEU,becks,365
DEU,Karotten,365
DEU,weis,365
DEU,küchenroll,364
DEU,tost,364
DEU,erbse,364
DEU,star,364
DEU,ku,363
DEU,haselnuss,363
DEU,kurkuma,363
DEU,tu,363
DEU,vo,363
DEU,lappen,363
DEU,green,363
DEU,lasag,363
DEU,dates,361
DEU,sir,361
DEU,knoppers,361
DEU,lakritz,361
DEU,gnoc,361
DEU,tomato sauce,361
DEU,griechischer joghurt,360
DEU,caramel,360
DEU,siracha,360
DEU,ener,360
DEU,kuch,360
DEU,ti,360
DEU,ga,360
DEU,sardellen,359
DEU,serrano,359
DEU,müsl,359
DEU,bergkäse,359
DEU,Wurst,359
DEU,exquisa,359
DEU,finesse,358
DEU,backmischung,358
DEU,holl,358
DEU,gazi,357
DEU,frühstück,357
DEU,crackers,357
DEU,decaf,357
DEU,sosse,356
DEU,tomatenma,356
DEU,kondensmilch,356
DEU,cash,356
DEU,natur,356
DEU,reisnudeln,356
DEU,energ,356
DEU,mon,355
DEU,hu,355
DEU,nud,355
DEU,fa,354
DEU,zuccini,354
DEU,süs,354
DEU,dildo,354
DEU,fix,354
DEU,trocken,353
DEU,burger buns,353
DEU,gebäck,353
DEU,reibek,353
DEU,eda,352
DEU,radi,351
DEU,küchenro,351
DEU,like,351
DEU,shrimps,351
DEU,pring,351
DEU,karot,351
DEU,conditioner,350
DEU,pak choi,350
DEU,rad,350
DEU,fi,350
DEU,wurs,349
DEU,fladen,349
DEU,blätter,349
DEU,pea,349
DEU,apfelmark,349
DEU,hi,349
DEU,blu,348
DEU,tomato paste,348
DEU,hall,348
DEU,jalapeno,348
DEU,bac,348
DEU,knödel,347
DEU,landliebe,347
DEU,müllt,347
DEU,bounty,347
DEU,linse,346
DEU,Feta,346
DEU,pizza teig,346
DEU,teriyaki,346
DEU,afri,346
DEU,nektarine,345
DEU,cucu,345
DEU,baguett,345
DEU,trolli,345
DEU,schweppes,345
DEU,activia,344
DEU,himbee,344
DEU,hähnche,344
DEU,Oliven,344
DEU,fan,344
DEU,pil,344
DEU,edeka,344
DEU,backen,344
DEU,he,344
DEU,celery,343
DEU,nudelsalat,343
DEU,zaz,343
DEU,kaka,343
DEU,ziege,343
DEU,gum,343
DEU,haf,343
DEU,Jogurt,343
DEU,grillkäse,343
DEU,pota,343
DEU,brlo,342
DEU,zahnb,342
DEU,sprit,342
DEU,club mate,342
DEU,wasser medium,341
DEU,wü,341
DEU,eist,341
DEU,kohlrabi,341
DEU,smash,341
DEU,Ketchup,341
DEU,nutel,340
DEU,lakt,340
DEU,spez,340
DEU,buchweizen,340
DEU,pistazie,340
DEU,past,340
DEU,allzweck,340
DEU,cocktail,340
DEU,tiefkü,339
DEU,Skyr,339
DEU,heidelb,339
DEU,waschpulver,339
DEU,Toilette,339
DEU,bolo,339
DEU,malz,339
DEU,katz,338
DEU,erb,338
DEU,geschenk,337
DEU,sheba,337
DEU,coffe,337
DEU,philadelphia,337
DEU,selter,336
DEU,spage,336
DEU,do,336
DEU,chicken breast,335
DEU,fet,335
DEU,wu,335
DEU,puder,335
DEU,vollmilch,335
DEU,panier,335
DEU,sojamilch,335
DEU,wings,334
DEU,remou,334
DEU,purina,334
DEU,fis,334
DEU,würs,333
DEU,pork,333
DEU,bar,333
DEU,bura,332
DEU,frühlingszwiebel,332
DEU,spaghe,332
DEU,grillen,332
DEU,vegeta,332
DEU,mull,331
DEU,heide,331
DEU,mai,331
DEU,wier,331
DEU,club,331
DEU,hafermi,331
DEU,gustavo,330
DEU,croiss,330
DEU,jerky,329
DEU,eiersalat,329
DEU,airfryer,328
DEU,kola,328
DEU,hari,328
DEU,lentil,328
DEU,zeit für,327
DEU,kokosm,327
DEU,eiweiss,327
DEU,brez,327
DEU,sesamöl,327
DEU,binde,326
DEU,ruccola,326
DEU,kitchen roll,326
DEU,ger,326
DEU,picco,326
DEU,eiswürfe,326
DEU,küch,325
DEU,gratin,325
DEU,durex,325
DEU,mushrooms,325
DEU,limett,325
DEU,brötche,324
DEU,wuark,324
DEU,purize,324
DEU,pickles,324
DEU,hafe,324
DEU,marzipan,324
DEU,wasser sprudel,324
DEU,salzst,323
DEU,tequila,323
DEU,feuer,323
DEU,hänch,323
DEU,tabasco,323
DEU,gl,323
DEU,gut,323
DEU,gou,322
DEU,pflaumen,322
DEU,fussili,322
DEU,manti,322
DEU,block,321
DEU,pue,321
DEU,pickle,321
DEU,popco,321
DEU,mac,320
DEU,came,320
DEU,rigatoni,320
DEU,pros,320
DEU,meer,319
DEU,Obst,318
DEU,drillinge,318
DEU,schma,318
DEU,alko,318
DEU,cucum,318
DEU,wassee,318
DEU,duplo,318
DEU,nimm,317
DEU,Aufschnitt,317
DEU,Kichererbsen,316
DEU,hygiene,316
DEU,prosciutto,315
DEU,kartoffelbrei,315
DEU,schwanger,314
DEU,krautsalat,314
DEU,salbei,313
DEU,prose,313
DEU,parma,313
DEU,lamm,313
DEU,melo,313
DEU,Spinat,312
DEU,Wassermelone,312
DEU,spülmaschine,312
DEU,feu,312
DEU,erdnus,312
DEU,brocc,312
DEU,sardi,311
DEU,baba,311
DEU,koria,311
DEU,Fisch,311
DEU,cherr,311
DEU,Petersilie,311
DEU,bal,311
DEU,schla,310
DEU,lauge,310
DEU,karottensaft,310
DEU,mayonnaise,310
DEU,Alnatura,310
DEU,magerq,310
DEU,käsekuchen,310
DEU,gi,309
DEU,müllb,309
DEU,frik,309
DEU,ayr,309
DEU,planted,309
DEU,mat,308
DEU,frü,308
DEU,sprossen,308
DEU,rügen,308
DEU,wi,307
DEU,ve,307
DEU,bratw,307
DEU,marlboro gold,307
DEU,bis,307
DEU,apfelm,307
DEU,peanuts,307
DEU,th,307
DEU,bonanza,307
DEU,Orangensaft,307
DEU,pflaster,306
DEU,hähnc,306
DEU,Hafermilch,306
DEU,spitz,306
DEU,champignon,306
DEU,vod,306
DEU,glasnudeln,306
DEU,magarine,306
DEU,agaven,305
DEU,mault,305
DEU,dinkelmehl,305
DEU,durstlöscher,305
DEU,yoghu,305
DEU,alpr,305
DEU,condom,305
DEU,but,305
DEU,camem,305
DEU,erdnussmus,305
DEU,cocos,304
DEU,di,304
DEU,tacos,304
DEU,dovgan,304
DEU,streuk,304
DEU,sandwi,304
DEU,pre,304
DEU,apples,303
DEU,baked beans,303
DEU,oa,303
DEU,sardin,303
DEU,in,303
DEU,ros,303
DEU,veggie,303
DEU,chicken nuggets,303
DEU,schinke,303
DEU,Banane,303
DEU,redbul,302
DEU,aufbackbrötchen,302
DEU,chicke,302
DEU,super pop,302
DEU,voll,302
DEU,magn,302
DEU,ru,302
DEU,mousse,302
DEU,eiska,302
DEU,Pommes,301
DEU,Öl,301
DEU,jalap,301
DEU,zahnseide,301
DEU,popp,301
DEU,backpa,301
DEU,dips,300
DEU,san pe,300
DEU,tortilla chips,300
DEU,süsskartoffel,300
DEU,Marlboro,300
DEU,fant,300
DEU,almond milk,299
DEU,frischkase,299
DEU,räucher,299
DEU,knabe,298
DEU,Basilikum,298
DEU,fischstä,298
DEU,bri,298
DEU,curd,298
DEU,milchsch,298
DEU,eir,298
DEU,frühlingsz,298
DEU,gewürzgurke,298
DEU,red wine,297
DEU,pineapple,297
DEU,mozzarell,297
DEU,nekta,297
DEU,berliner,297
DEU,hac,297
DEU,black forest,297
DEU,laundry,297
DEU,pfann,297
DEU,feuch,296
DEU,siru,296
DEU,schwe,296
DEU,cola z,296
DEU,mozerella,296
DEU,florida,296
DEU,cere,296
DEU,bad,296
DEU,feuchte,296
DEU,spar,295
DEU,fertiggerichte,295
DEU,papaya,295
DEU,balsam,295
DEU,eiweiß,295
DEU,gorgonzola,295
DEU,granini,295
DEU,nekt,295
DEU,eiswürf,295
DEU,süßigkeiten,294
DEU,Mehl,294
DEU,suc,294
DEU,kl,294
DEU,soy sauce,293
DEU,aktiv,293
DEU,berry,293
DEU,Ja,293
DEU,lacto,293
DEU,Tofu,292
DEU,sagne,292
DEU,gefrier,292
DEU,frischkäs,292
DEU,kello,291
DEU,mö,291
DEU,mülltüte,291
DEU,mort,291
DEU,ho,291
DEU,wo,291
DEU,Tomatenmark,291
DEU,kaktus,291
DEU,spätz,291
DEU,magerqu,290
DEU,kokosöl,290
DEU,paper towel,290
DEU,butterk,290
DEU,Schoko,290
DEU,ce,289
DEU,weiße,289
DEU,zer,289
DEU,cornetto,289
DEU,schinkenwürfel,289
DEU,sponge,289
DEU,coppen,289
DEU,ched,289
DEU,frikadelle,288
DEU,beutel,288
DEU,blaubee,288
DEU,sour creme,288
DEU,merci,288
DEU,whey,287
DEU,blaubeere,287
DEU,san pellegrino,287
DEU,feuerzeug,287
DEU,dumpling,287
DEU,lassi,287
DEU,kau,287
DEU,rotk,286
DEU,yum yum,286
DEU,bra,286
DEU,pall,286
DEU,lactosefrei,285
DEU,kaiser,285
DEU,augustiner,285
DEU,nocco,285
DEU,geriebener,285
DEU,ci,285
DEU,kalk,285
DEU,glute,284
DEU,pancetta,284
DEU,bio milch,284
DEU,bean,284
DEU,shower gel,284
DEU,tomaten dose,284
DEU,chees,283
DEU,balsamic,283
DEU,nagel,283
DEU,Ei,283
DEU,joghur,283
DEU,Pudding,283
DEU,spaghett,283
DEU,geriebener käse,283
DEU,Mais,283
DEU,milch laktosefrei,283
DEU,trink,282
DEU,Pesto,282
DEU,chee,282
DEU,Hafer,282
DEU,flowers,282
DEU,bier alkoholfrei,281
DEU,Zucchini,281
DEU,knä,281
DEU,ketc,281
DEU,yakult,281
DEU,pingui,280
DEU,schokola,280
DEU,Taschentücher,280
DEU,alkoholfreies bier,280
DEU,guaca,280
DEU,kokosmil,279
DEU,feld,279
DEU,washing,279
DEU,ziegenk,279
DEU,Kartoffelsalat,278
DEU,wassermelon,278
DEU,zigarett,278
DEU,gefrorene,278
DEU,hänchenbrust,278
DEU,frühl,278
DEU,stilles wasser,278
DEU,milch bio,278
DEU,brokko,277
DEU,Cornflakes,277
DEU,Bohnen,277
DEU,leinsamen,277
DEU,gummib,277
DEU,medium,277
DEU,herta,277
DEU,cu,277
DEU,kitkat,277
DEU,gewür,277
DEU,konden,276
DEU,tassimo,276
DEU,pretzel,276
DEU,du,276
DEU,tortil,276
DEU,aufs,276
DEU,Äpfel,276
DEU,paula,276
DEU,schweine,276
DEU,gerieben,276
DEU,drink,276
DEU,spreequell,275
DEU,minced,275
DEU,sonne,275
DEU,salakis,275
DEU,tunf,275
DEU,finn,275
DEU,hohes c,275
DEU,vitalis,275
DEU,pin,274
DEU,pico,274
DEU,rindfleisch,273
DEU,capr,273
DEU,desin,273
DEU,schn,273
DEU,mio,273
DEU,goud,273
DEU,miree,273
DEU,batterie,273
DEU,gleitgel,273
DEU,pes,272
DEU,hahnchen,272
DEU,lasagna,272
DEU,arti,272
DEU,gemüsebr,272
DEU,cerealien,272
DEU,kartoffelsa,272
DEU,aptamil,272
DEU,protein milch,272
DEU,vanil,271
DEU,Wasser still,271
DEU,trash,271
DEU,schaf,271
DEU,hei,271
DEU,wash,271
DEU,Kräuter,271
DEU,kef,271
DEU,risotto,270
DEU,Hähnchenbrust,270
DEU,wäsche,270
DEU,somat,270
DEU,Gouda,269
DEU,wurdt,269
DEU,cornfla,269
DEU,eiste,269
DEU,ai,269
DEU,backpap,269
DEU,dryll,269
DEU,frühlingszw,269
DEU,cremefine,269
DEU,terr,269
DEU,tru,268
DEU,spä,268
DEU,schnit,268
DEU,haferdrink,268
DEU,cornichons,268
DEU,maske,267
DEU,beef jerky,267
DEU,brio,267
DEU,jacobs,267
DEU,linsen chips,267
DEU,Brokkoli,266
DEU,käse light,266
DEU,kölln,266
DEU,gef,266
DEU,gazoz,266
DEU,frost,266
DEU,creme fra,265
DEU,this is food,265
DEU,hanuta,265
DEU,abocado,265
DEU,nek,265
DEU,konde,265
DEU,mohn,265
DEU,moze,265
DEU,coo,265
DEU,schman,265
DEU,van,264
DEU,ze,264
DEU,getränk,264
DEU,streusel,264
DEU,arla,264
DEU,smarties,264
DEU,wildlachs,264
DEU,capri sun,264
DEU,hüttenk,264
DEU,apfelmu,263
DEU,zuchi,263
DEU,pepsi zero,263
DEU,linguine,262
DEU,kaese,262
DEU,ajvar,262
DEU,sonnenb,262
DEU,räuchertofu,262
DEU,frisc,262
DEU,himbe,262
DEU,Schlagsahne,262
DEU,lo,262
DEU,hirtenk,261
DEU,kresse,261
DEU,es,261
DEU,süßkart,261
DEU,braten,261
DEU,leberkäse,261
DEU,sni,261
DEU,sri,261
DEU,Energy,261
DEU,tony,261
DEU,geburtstag,261
DEU,ele,261
DEU,pic,261
DEU,thunfis,261
DEU,str,261
DEU,frühling,260
DEU,Apfelsaft,260
DEU,blä,260
DEU,protien,260
DEU,cheesecake,260
DEU,schupf,259
DEU,kek,259
DEU,toasties,259
DEU,sex,259
DEU,kartofel,259
DEU,sals,259
DEU,auberg,258
DEU,paniermehl,258
DEU,sham,258
DEU,red onion,258
DEU,pfi,258
DEU,traube,258
DEU,pastrami,258
DEU,kellog,258
DEU,jasmin,257
DEU,tunfi,257
DEU,bananas,257
DEU,floh,257
DEU,donuts,257
DEU,sesame,257
DEU,Saft,257
DEU,kefi,257
DEU,wattepads,256
DEU,helal,256
DEU,kich,256
DEU,tof,256
DEU,geramont,256
DEU,chedda,256
DEU,schocko,256
DEU,schmel,256
DEU,na,256
DEU,paul,256
DEU,scharf,256
DEU,lillet,255
DEU,Fanta,255
DEU,erasco,255
DEU,basilik,255
DEU,leberw,255
DEU,spru,255
DEU,Bratwurst,254
DEU,geflü,254
DEU,pfannkuchen,254
DEU,vodk,254
DEU,ruco,254
DEU,joguhrt,254
DEU,passiert,253
DEU,china,253
DEU,orangensa,253
DEU,evian,253
DEU,fu,252
DEU,balsami,252
DEU,kessel,252
DEU,soft,252
DEU,an,252
DEU,wassermelo,252
DEU,grüne,252
DEU,wasser rewe,252
DEU,getrock,252
DEU,elmex,252
DEU,desinfektion,252
DEU,kartoffelp,251
DEU,pueb,251
DEU,trüfrü,251
DEU,radieschen,251
DEU,gutfried,251
DEU,lätta,251
DEU,nektarinen,251
DEU,muffins,251
DEU,perwoll,250
DEU,passi,250
DEU,prosc,250
DEU,aln,250
DEU,Geflügel,249
DEU,flink,249
DEU,porree,249
DEU,spülma,249
DEU,barebells,249
DEU,hackfleis,249
DEU,sonn,249
DEU,kombu,249
DEU,chill,249
DEU,karamell,249
DEU,brauner zucker,249
DEU,emmen,248
DEU,tasche,248
DEU,lasagn,248
DEU,pall mall,248
DEU,mince,248
DEU,soj,248
DEU,körner,248
DEU,pinsa,248
DEU,Weichspüler,248
DEU,ecover,248
DEU,knusper,248
DEU,cumin,247
DEU,mang,247
DEU,Zitronen,247
DEU,candy,247
DEU,zew,247
DEU,per,246
DEU,head,246
DEU,boden,246
DEU,sonnencreme,246
DEU,kicherer,246
DEU,fertiggericht,245
DEU,eiskaffe,245
DEU,suppengr,245
DEU,Zero,245
DEU,glu,244
DEU,fliegen,244
DEU,berg,244
DEU,happy,244
DEU,acti,244
DEU,eiweis,243
DEU,cross,243
DEU,edama,243
DEU,Salz,243
DEU,griess,243
DEU,sha,243
DEU,plombir,243
DEU,tresor,243
DEU,kondom,243
DEU,ton,243
DEU,zeit f,243
DEU,broco,243
DEU,spray,243
DEU,cat,243
DEU,gorgon,243
DEU,sonnenbl,243
DEU,lemonade,242
DEU,heidelbeere,242
DEU,Ingwer,242
DEU,rewe beste wahl,242
DEU,veev,242
DEU,toni,242
DEU,pot,242
DEU,ritter sport,241
DEU,Nüsse,241
DEU,bockwurst,241
DEU,slip,241
DEU,schl,241
DEU,vanille eis,241
DEU,schmelzk,241
DEU,maiswaffeln,241
DEU,gesch,241
DEU,stärke,241
DEU,lentils,241
DEU,bab,241
DEU,burger brot,240
DEU,morzarella,240
DEU,tomatensosse,240
DEU,süßk,240
DEU,traubensaft,240
DEU,ofenk,240
DEU,huel,240
DEU,körniger frisch,240
DEU,ras,239
DEU,weizenmehl,239
DEU,filet,239
DEU,gel,238
DEU,besteck,238
DEU,aufsch,238
DEU,süßka,238
DEU,milcj,238
DEU,hitschies,238
DEU,remo,237
DEU,ne,237
DEU,Tortellini,237
DEU,Champignons,237
DEU,pils,237
DEU,haarspray,237
DEU,rucol,237
DEU,buttergemüse,236
DEU,alufolie,236
DEU,gau,236
DEU,speisequark,236
DEU,Melone,236
DEU,hugo,235
DEU,feige,235
DEU,smoo,235
DEU,schwarzbrot,235
DEU,jalapenos,235
DEU,eisk,235
DEU,möh,234
DEU,minera,234
DEU,sun,234
DEU,walnut,234
DEU,trau,234
DEU,gösser,234
DEU,pods,234
DEU,waffle,234
DEU,hafer milch,234
DEU,kokus,233
DEU,süssigkeiten,233
DEU,alnat,233
DEU,enoki,233
DEU,feigen,233
DEU,tortelini,233
DEU,cashews,233
DEU,ohne zucker,233
DEU,Garnelen,233
DEU,gyo,233
DEU,Monster,233
DEU,pet,233
DEU,kirs,232
DEU,vola,232
DEU,lauchz,232
DEU,protein pasta,232
DEU,pumpkin,232
DEU,vibrator,232
DEU,gloves,232
DEU,kräuterbaguette,232
DEU,vege,232
DEU,carbonara,232
DEU,lorenz,232
DEU,eid,232
DEU,proteinpulver,232
DEU,Honig,232
DEU,Süßigkeiten,232
DEU,monin,231
DEU,wod,231
DEU,Pepsi,231
DEU,car,231
DEU,farfalle,231
DEU,teri,231
DEU,vegetarisch,231
DEU,schlagsa,231
DEU,mira,231
DEU,mozer,231
DEU,vollkornbrot,231
DEU,lion,231
DEU,maiswa,230
DEU,m&,230
DEU,fusilli,230
DEU,san carlo,230
DEU,sou,230
DEU,honi,230
DEU,fett,230
DEU,schwipp,230
DEU,mons,230
DEU,nugg,230
DEU,patros,230
DEU,batterien,230
DEU,tomatensaft,229
DEU,bürste,229
DEU,anana,229
DEU,marmela,229
DEU,croutons,229
DEU,tagliatelle,229
DEU,hala,228
DEU,lein,228
DEU,da,228
DEU,zazi,228
DEU,frit,228
DEU,chlor,228
DEU,waschmitt,228
DEU,illy,228
DEU,pink,228
DEU,crois,228
DEU,vanillezucker,227
DEU,hol,227
DEU,long,227
DEU,bebe,227
DEU,ben and,227
DEU,san pelle,227
DEU,pfirs,227
DEU,baking,227
DEU,brust,227
DEU,yogur,227
DEU,ranch,226
DEU,putz,226
DEU,bee,226
DEU,käsewürfel,226
DEU,Wein,226
DEU,rexona,226
DEU,seitan,226
DEU,weintr,226
DEU,sriracha,225
DEU,pad,225
DEU,dish soap,225
DEU,schwämme,225
DEU,white,225
DEU,Creme,225
DEU,black pepper,224
DEU,marzi,224
DEU,vanilleeis,224
DEU,cevap,224
DEU,drinks,224
DEU,pancakes,224
DEU,brom,224
DEU,oni,224
DEU,spülmaschinen,224
DEU,fus,224
DEU,mandelmil,223
DEU,eisbergsalat,223
DEU,tomatoe,223
DEU,solero,223
DEU,veganes hack,223
DEU,agave,223
DEU,cilantro,223
DEU,quiche,223
DEU,waser,223
DEU,garnier,222
DEU,multivitamin,222
DEU,blaube,222
DEU,milchbr,222
DEU,glass,222
DEU,shampo,222
DEU,weichs,222
DEU,wis,222
DEU,schwarze,222
DEU,ferrero,222
DEU,pis,222
DEU,cooki,222
DEU,mayonaise,222
DEU,pfeff,222
DEU,frische,222
DEU,molk,222
DEU,mandelmi,221
DEU,paprikamark,221
DEU,wasabi,221
DEU,heimatgut,221
DEU,waff,221
DEU,naturjoghurt,221
DEU,flower,221
DEU,san pel,221
DEU,fusili,221
DEU,ber,221
DEU,white wine,221
DEU,vegetables,221
DEU,gewürzg,221
DEU,bla,221
DEU,waffe,221
DEU,popcor,221
DEU,rem,220
DEU,zie,220
DEU,las,220
DEU,eisen,220
DEU,grün,220
DEU,nürnberger,220
DEU,kosmetik,220
DEU,sarti,220
DEU,bonbon,220
DEU,eisber,220
DEU,biscuits,220
DEU,guanciale,220
DEU,rana,220
DEU,hand soap,220
DEU,leibniz,220
DEU,eiwe,219
DEU,babybell,219
DEU,wie,219
DEU,broth,219
DEU,Chicken,219
DEU,nasen,219
DEU,ben jerry,219
DEU,nimm2,219
DEU,Feuchttücher,219
DEU,avokado,219
DEU,prawns,219
DEU,Kekse,219
DEU,jakordia,219
DEU,bolog,219
DEU,reiniger,219
DEU,res,219
DEU,kaba,218
DEU,para,218
DEU,Blumen,218
DEU,frühlin,218
DEU,riesling,218
DEU,melatonin,218
DEU,malb,218
DEU,vegan eis,218
DEU,crunchy,218
DEU,Magerquark,218
DEU,mush,218
DEU,no,217
DEU,bandnudeln,217
DEU,creme frai,217
DEU,prawn,217
DEU,sardines,217
DEU,gize,217
DEU,zucchi,217
DEU,cer,217
DEU,frühli,217
DEU,zahnpas,216
DEU,gehackte,216
DEU,copp,216
DEU,baklava,216
DEU,milchbrötchen,216
DEU,brötc,216
DEU,kom,216
DEU,diet,216
DEU,lahmacun,216
DEU,Volvic,216
DEU,high pro,216
DEU,pringels,216
DEU,hit,216
DEU,followfood,216
DEU,san pell,216
DEU,scheibenkäse,215
DEU,cherry tomaten,215
DEU,spitzkohl,215
DEU,hon,215
DEU,Mayonnaise,215
DEU,ay,215
DEU,chunky,215
DEU,sodastream,215
DEU,havk,215
DEU,flohsamen,215
DEU,nektar,214
DEU,radies,214
DEU,trockenfutter,214
DEU,bechamel,214
DEU,gabel,214
DEU,fairy,214
DEU,alcohol,214
DEU,rosen,214
DEU,küchentücher,213
DEU,rote zwiebeln,213
DEU,spühl,213
DEU,nic,213
DEU,whisky,213
DEU,bergk,213
DEU,mand,213
DEU,fru,213
DEU,burrat,213
DEU,hallou,213
DEU,haferflock,213
DEU,vilsa,212
DEU,Spülmittel,212
DEU,pfa,212
DEU,saucen,212
DEU,brea,212
DEU,garbage,212
DEU,vanish,211
DEU,bullit,211
DEU,tomatenmar,211
DEU,fros,211
DEU,gumm,211
DEU,kürbiskerne,210
DEU,kim,210
DEU,almette,210
DEU,Aufstrich,210
DEU,seidentofu,210
DEU,aprikosen,210
DEU,roma,210
DEU,super,209
DEU,sonnenblu,209
DEU,chari,209
DEU,brown,209
DEU,Burger,209
DEU,jogur,209
DEU,Hack,209
DEU,black beans,209
DEU,des,209
DEU,guan,209
DEU,almonds,208
DEU,por,208
DEU,baked,208
DEU,funny,208
DEU,dijon,208
DEU,roggen,208
DEU,oliven öl,208
DEU,ice cubes,208
DEU,backfisch,208
DEU,miner,208
DEU,limettensaft,208
DEU,parmigiano,207
DEU,cola ze,207
DEU,aloe,207
DEU,pri,207
DEU,mel,207
DEU,dumplings,207
DEU,daim,207
DEU,aub,207
DEU,nougat bits,207
DEU,Vanille,207
DEU,peper,207
DEU,hitsch,207
DEU,cra,207
DEU,rin,206
DEU,vitamin c,206
DEU,winston,206
DEU,sticks,206
DEU,pesto rosso,206
DEU,blättchen,206
DEU,schlemmer,206
DEU,patos,206
DEU,choco fresh,206
DEU,backwaren,206
DEU,ram,206
DEU,kna,206
DEU,spring,206
DEU,bisc,206
DEU,ess,206
DEU,zah,206
DEU,oba,205
DEU,picc,205
DEU,sugar free,205
DEU,pastirma,205
DEU,jogurth,205
DEU,fruchtzwerge,205
DEU,arizona,205
DEU,dr oetker,205
DEU,bibigo,205
DEU,pellegrino,205
DEU,pape,205
DEU,scheiben,204
DEU,hüh,204
DEU,kitchen paper,204
DEU,meersalz,204
DEU,frühlingszwiebeln,204
DEU,malbo,204
DEU,zahnpa,204
DEU,rewe bio,204
DEU,weichkäse,204
DEU,Milchreis,203
DEU,true,203
DEU,eisb,203
DEU,zwibel,203
DEU,räucherlachs,203
DEU,apple juice,203
DEU,salami stick,203
DEU,con,203
DEU,terra,203
DEU,pink lady,203
DEU,klarspüler,203
DEU,sour cre,203
DEU,aufstr,203
DEU,kräut,203
DEU,shaker,203
DEU,roy,203
DEU,Kokosmilch,202
DEU,Schmand,202
DEU,aprikose,202
DEU,lemons,202
DEU,Bio,202
DEU,weichspü,202
DEU,razor,202
DEU,maiswaffel,202
DEU,kerrygold,201
DEU,reisw,201
DEU,kamille,201
DEU,alm,201
DEU,burger brötchen,201
DEU,morz,201
DEU,ibu,201
DEU,ju,201
DEU,davidoff,201
DEU,harib,201
DEU,weleda,201
DEU,stevia,201
DEU,pistachio,200
DEU,eggplant,200
DEU,andechser,200
DEU,magnu,200
DEU,Kinder,200
DEU,Pasta,200
DEU,cordon,200
DEU,kaug,200
DEU,sunflower,199
DEU,traub,199
DEU,aper,199
DEU,dark,199
DEU,lactose free,199
DEU,schwar,199
DEU,reiswaff,199
DEU,strac,199
DEU,krabben,199
DEU,deodorant,199
DEU,kit,199
DEU,fleisc,199
DEU,burg,199
DEU,pistaz,198
DEU,sna,198
DEU,gauloises,198
DEU,türk,198
DEU,electro,198
DEU,ris,198
DEU,prep,198
DEU,Koriander,198
DEU,Müllbeutel,198
DEU,crema,198
DEU,pick,198
DEU,strawberries,197
DEU,effect,197
DEU,cacao,197
DEU,Pfirsich,197
DEU,flo,197
DEU,tuch,197
DEU,maxi king,197
DEU,wedges,197
DEU,samyang,197
DEU,fuss,197
DEU,gluten frei,197
DEU,frische milch,197
DEU,salsi,197
DEU,camen,197
DEU,thai,196
DEU,müllermilch,196
DEU,cup,196
DEU,meh,196
DEU,pomme,196
DEU,naan,196
DEU,dei,196
DEU,beet,196
DEU,camenbert,196
DEU,elfa,196
DEU,paste,196
DEU,kaugu,196
DEU,reisessig,196
DEU,porr,196
DEU,Red bull,196
DEU,croissa,196
DEU,vollko,196
DEU,colgate,195
DEU,Haribo,195
DEU,kichererb,195
DEU,apri,195
DEU,bio gurke,195
DEU,puff,195
DEU,backpul,195
DEU,marga,195
DEU,dunkle schokolade,195
DEU,high pr,195
DEU,caffe,195
DEU,milch laktose,195
DEU,orangens,194
DEU,spread,194
DEU,obs,194
DEU,quäse,194
DEU,alkoholfreies,194
DEU,kassler,194
DEU,champign,194
DEU,gesund,194
DEU,kochsch,194
DEU,ac,194
DEU,paprikapulver,194
DEU,red bu,194
DEU,zwieba,194
DEU,kartoffelpü,194
DEU,kond,194
DEU,chocol,193
DEU,sam,193
DEU,carr,193
DEU,Gurken,193
DEU,shower,193
DEU,can,193
DEU,wol,193
DEU,walnu,193
DEU,kin,193
DEU,jäger,193
DEU,desp,193
DEU,Pfeffer,193
DEU,magg,193
DEU,Möhren,193
DEU,blatt,193
DEU,el,193
DEU,griechisch,193
DEU,vit,192
DEU,Frikadellen,192
DEU,lachgummi,192
DEU,marsh,192
DEU,onio,192
DEU,müsliriegel,192
DEU,le brot,192
DEU,sonnenblumenkerne,192
DEU,teller,192
DEU,küchent,191
DEU,komb,191
DEU,gnochi,191
DEU,rote linsen,191
DEU,saka,191
DEU,alpro skyr,191
DEU,puddi,191
DEU,milchre,191
DEU,fuego,190
DEU,gueke,190
DEU,kroketten,190
DEU,creme vega,190
DEU,käse vegan,190
DEU,laktos,190
DEU,taschentü,190
DEU,spülmi,190
DEU,sar,190
DEU,pepperoni,190
DEU,sn,190
DEU,lighter,190
DEU,Erbsen,190
DEU,Lasagne,189
DEU,schme,189
DEU,lauchzw,189
DEU,uludag,189
DEU,fischs,189
DEU,eiee,189
DEU,jalape,189
DEU,red b,189
DEU,soßen,189
DEU,schalotten,189
DEU,lava,189
DEU,hallo,189
DEU,ya,189
DEU,rinderbrühe,188
DEU,weisse,188
DEU,pepp,188
DEU,cole,188
DEU,sushi reis,188
DEU,kerne,188
DEU,Vegan,188
DEU,toff,188
DEU,aufba,188
DEU,Kakao,188
DEU,pop corn,188
DEU,marg,188
DEU,listerine,188
DEU,charitea,188
DEU,erbs,187
DEU,mortade,187
DEU,win,187
DEU,capri sonne,187
DEU,ni,187
DEU,Himbeeren,187
DEU,Schnitzel,187
DEU,seller,187
DEU,deli,187
DEU,gefro,187
DEU,süßes,187
DEU,schafsk,187
DEU,Kokos,186
DEU,blätt,186
DEU,balisto,186
DEU,vi,186
DEU,olivenö,186
DEU,body wash,186
DEU,protein wraps,185
DEU,dorito,185
DEU,laktosefreie,185
DEU,Ananas,185
DEU,maoam,185
DEU,soy milk,185
DEU,ferdi,185
DEU,crisps,185
DEU,iso,185
DEU,cros,185
DEU,sprüh,185
DEU,soja milch,185
DEU,pelm,185
DEU,glut,185
DEU,mojito,185
DEU,philadel,184
DEU,champions,184
DEU,mark,184
DEU,dunkle,184
DEU,einweg,184
DEU,leberk,184
DEU,band,184
DEU,brunch,184
DEU,seeberger,184
DEU,mühlen,183
DEU,tomatensau,183
DEU,hella,183
DEU,bionade,183
DEU,shamp,183
DEU,ben &,183
DEU,aio,183
DEU,turkish,183
DEU,baking soda,183
DEU,champagner,183
DEU,kalamata,183
DEU,more nutrition,183
DEU,stre,183
DEU,hänc,183
DEU,konserven,183
DEU,lau,183
DEU,zwe,183
DEU,matjes,183
DEU,hasel,182
DEU,rewe wasser,182
DEU,Buttermilch,182
DEU,minus l,182
DEU,curr,182
DEU,Katzenfutter,182
DEU,husten,182
DEU,calippo,182
DEU,brioch,182
DEU,eiswu,182
DEU,ohr,182
DEU,erdnussbu,182
DEU,kochsa,182
DEU,schnittl,182
DEU,crushed,182
DEU,rasp,182
DEU,energie,182
DEU,lemo,182
DEU,leinöl,181
DEU,Ja!,181
DEU,5 minuten,181
DEU,kartoffelpuffer,181
DEU,spul,181
DEU,Sprite,181
DEU,tasch,181
DEU,date,181
DEU,grü,181
DEU,rasi,181
DEU,Ben,181
DEU,box,181
DEU,blattspinat,180
DEU,yoğurt,180
DEU,kafee,180
DEU,wet wipes,180
DEU,elektrol,180
DEU,cran,180
DEU,schwarze bohnen,180
DEU,phi,180
DEU,windbeutel,180
DEU,basma,180
DEU,sylter,180
DEU,karte,180
DEU,stick,180
DEU,schmalz,180
DEU,sprühsahne,180
DEU,kräuterqu,180
DEU,fera,180
DEU,bresaola,180
DEU,abo,180
DEU,air fryer,180
DEU,lemon juice,179
DEU,ice cube,179
DEU,katj,179
DEU,klö,179
DEU,kuc,179
DEU,giz,179
DEU,torten,178
DEU,loreal,178
DEU,kräuterq,178
DEU,pud,178
DEU,Kefir,178
DEU,pel,178
DEU,stea,178
DEU,kochs,178
DEU,fer,178
DEU,bin,178
DEU,erdinger,178
DEU,san p,178
DEU,todu,177
DEU,monst,177
DEU,cerea,177
DEU,burat,177
DEU,wc reiniger,177
DEU,nucao,177
DEU,heineken,177
DEU,bade,177
DEU,garlic bread,177
DEU,Wiener,177
DEU,chipotle,177
DEU,katzenfu,177
DEU,insta,177
DEU,brow,177
DEU,wirst,177
DEU,schwam,177
DEU,lucky strike,176
DEU,biolust,176
DEU,panc,176
DEU,birnen,176
DEU,yufka,176
DEU,kokosmi,176
DEU,hütte,176
DEU,fleischw,176
DEU,barebell,176
DEU,jal,176
DEU,cips,176
DEU,spezi zero,176
DEU,Mango,176
DEU,rotwe,176
DEU,breakfast,176
DEU,oyster,176
DEU,piccolini,176
DEU,herr,176
DEU,korean,176
DEU,müllbe,175
DEU,rote be,175
DEU,tiram,175
DEU,ingwe,175
DEU,energy drink,175
DEU,truffle,175
DEU,Duschgel,175
DEU,obazda,175
DEU,tra,175
DEU,rico,175
DEU,pizzakäse,175
DEU,yougurt,175
DEU,gatorade,175
DEU,wien,175
DEU,getro,175
DEU,pfirsi,175
DEU,taki,174
DEU,Weißwein,174
DEU,frish,174
DEU,sell,174
DEU,papers,174
DEU,hell,174
DEU,schlags,174
DEU,ar,174
DEU,erdnü,174
DEU,body,174
DEU,maple,174
DEU,marlbor,174
DEU,boh,174
DEU,zart,174
DEU,snicker,174
DEU,süß sauer,174
DEU,wasc,174
DEU,Gewürze,174
DEU,essi,174
DEU,maggie,174
DEU,hair,174
DEU,toasti,174
DEU,drano,174
DEU,sauerk,174
DEU,streich,174
DEU,süßkar,173
DEU,qui,173
DEU,tomaten bio,173
DEU,handwash,173
DEU,fisc,173
DEU,cat food,173
DEU,griec,173
DEU,Croissant,173
DEU,harissa,173
DEU,crispy,173
DEU,pozza,173
DEU,rote zw,173
DEU,intim,173
DEU,peynir,173
DEU,greek yoghurt,173
DEU,insekten,173
DEU,hela,173
DEU,tomatensa,172
DEU,roll,172
DEU,tü,172
DEU,coff,172
DEU,ex,172
DEU,schampoo,172
DEU,spring onion,172
DEU,vegane wurst,172
DEU,rösti,172
DEU,lact,172
DEU,bon,172
DEU,tie,172
DEU,tk gemüse,172
DEU,tzaziki,172
DEU,yay,172
DEU,protein shake,171
DEU,kohle,171
DEU,nü,171
DEU,ic,171
DEU,karr,171
DEU,morza,171
DEU,rucc,171
DEU,instan,171
DEU,tape,171
DEU,martini,171
DEU,luck,171
DEU,weiße bohnen,171
DEU,kidne,171
DEU,hahn,171
DEU,pepe,171
DEU,tomaten passiert,171
DEU,american spirit,171
DEU,bock,171
DEU,elek,171
DEU,avacado,170
DEU,zip,170
DEU,grissini,170
DEU,erde,170
DEU,waschmitte,170
DEU,bretzel,170
DEU,trash bag,170
DEU,holunder,170
DEU,tirami,170
DEU,remoul,170
DEU,wodk,170
DEU,wasser ja,170
DEU,geträ,170
DEU,feta light,169
DEU,malzbier,169
DEU,serano,169
DEU,youg,169
DEU,ric,169
DEU,frühst,169
DEU,scampi,169
DEU,röstz,169
DEU,maca,169
DEU,pam,169
DEU,champion,169
DEU,soja joghurt,169
DEU,toothbrush,169
DEU,gurle,169
DEU,nasenspray,169
DEU,san lucar,169
DEU,gold,169
DEU,essiggurken,168
DEU,streukä,168
DEU,heidelbee,168
DEU,nimm 2,168
DEU,block house,168
DEU,frozen fruit,168
DEU,augen,168
DEU,drachen,168
DEU,gehackte tomaten,168
DEU,knabber,168
DEU,brown sugar,168
DEU,gewürzgu,168
DEU,light käse,168
DEU,chocolate chips,168
DEU,sira,168
DEU,Tiefkühl,167
DEU,coro,167
DEU,tomaten mark,167
DEU,champin,167
DEU,kokos milch,167
DEU,indian,167
DEU,mc,167
DEU,Toastbrot,167
DEU,brauner,167
DEU,lychee,167
DEU,puding,167
DEU,fla,167
DEU,match,167
DEU,lind,167
DEU,tz,167
DEU,küc,167
DEU,gaul,167
DEU,buttermi,167
DEU,food,167
DEU,datte,167
DEU,kell,166
DEU,frikade,166
DEU,elephant,166
DEU,ekmek,166
DEU,tou,166
DEU,pine,166
DEU,cas,166
DEU,sag,166
DEU,corn flakes,166
DEU,knopp,166
DEU,campari,166
DEU,tas,166
DEU,zieg,166
DEU,gleit,166
DEU,salar,166
DEU,hands,166
DEU,kerry,166
DEU,crunch,166
DEU,miracoli,166
DEU,28,166
DEU,Hummus,166
DEU,sel,166
DEU,Sandwich,165
DEU,müllbeu,165
DEU,wildheidel,165
DEU,sesa,165
DEU,fit,165
DEU,Apfelmus,165
DEU,cigarette,165
DEU,büffel,165
DEU,suppengemüse,165
DEU,messer,165
DEU,schokodrops,165
DEU,jean,165
DEU,gul,165
DEU,taglia,164
DEU,candle,164
DEU,nusse,164
DEU,hütt,164
DEU,philade,164
DEU,backkakao,164
DEU,möhr,164
DEU,Coca,164
DEU,kidn,164
DEU,cook,164
DEU,reise,164
DEU,alnatur,164
DEU,sahnesteif,164
DEU,kartofe,164
DEU,buch,164
DEU,maj,163
DEU,bagels,163
DEU,platt,163
DEU,wet,163
DEU,garlic powder,163
DEU,bie,163
DEU,luft,163
DEU,slyr,163
DEU,Erdnüsse,163
DEU,still wasser,163
DEU,speisestärke,163
DEU,kind,163
DEU,feuchttü,163
DEU,haloumi,163
DEU,rescue,163
DEU,Br,163
DEU,knacker,162
DEU,butterkekse,162
DEU,cesar,162
DEU,kartoffelpüree,162
DEU,vio,162
DEU,alnatu,162
DEU,mandarin,162
DEU,leb,162
DEU,toiletten papier,162
DEU,gruyere,162
DEU,leberwu,162
DEU,mandarinen,162
DEU,sus,162
DEU,rosma,162
DEU,hühnersuppe,162
DEU,knor,162
DEU,axe,162
DEU,snick,162
DEU,berr,162
DEU,Red Bull,162
DEU,mikado,162
DEU,instant coffee,161
DEU,batter,161
DEU,gewürzgur,161
DEU,kartoffelsal,161
DEU,hühnerbrühe,161
DEU,mozarel,161
DEU,rost,161
DEU,kirch,161
DEU,rockstar,161
DEU,kale,161
DEU,classic,161
DEU,Redbull,161
DEU,pfanne,160
DEU,kra,160
DEU,limet,160
DEU,bitter lemon,160
DEU,küchenrol,160
DEU,mirac,160
DEU,salsiccia,160
DEU,kaffeesahne,160
DEU,jalapen,160
DEU,karamel,160
DEU,fleischsa,160
DEU,backpu,160
DEU,forelle,160
DEU,gervais,160
DEU,würfel,160
DEU,shot,160
DEU,Suppe,160
DEU,all,160
DEU,chinakohl,159
DEU,Limette,159
DEU,baco,159
DEU,wr,159
DEU,rettertü,159
DEU,manda,159
DEU,mandel milch,159
DEU,thy,159
DEU,harr,159
DEU,Popcorn,159
DEU,pini,159
DEU,y food,159
DEU,bratöl,159
DEU,bologn,159
DEU,cinnamon,159
DEU,ore,159
DEU,kako,159
DEU,protein powder,159
DEU,paprika pulver,159
DEU,papa,158
DEU,aufbackbr,158
DEU,ciab,158
DEU,staub,158
DEU,eiscafe,158
DEU,Tomatensauce,158
DEU,bree,158
DEU,bell pepper,158
DEU,buttermil,158
DEU,hänche,158
DEU,salzsta,158
DEU,röstzw,158
DEU,kümmel,158
DEU,rice cake,158
DEU,test,158
DEU,mül,157
DEU,klopapi,157
DEU,süsses,157
DEU,katzenf,157
DEU,pizza sauce,157
DEU,ceva,157
DEU,asian,157
DEU,ipa,157
DEU,weintra,157
DEU,gru,157
DEU,fischstäb,157
DEU,More,156
DEU,franz,156
DEU,hein,156
DEU,dori,156
DEU,walnü,156
DEU,kapseln,156
DEU,weisse bohnen,156
DEU,sparg,156
DEU,pear,156
DEU,creme f,156
DEU,maga,156
DEU,hand wash,155
DEU,eintopf,155
DEU,ente,155
DEU,marz,155
DEU,ingw,155
DEU,pickel,155
DEU,tajin,155
DEU,panca,155
DEU,selt,155
DEU,maracu,155
DEU,sunflower oil,155
DEU,tissues,155
DEU,mandarine,155
DEU,geschir,155
DEU,cookie dough,155
DEU,greek yo,155
DEU,nood,154
DEU,aktivkohle,154
DEU,rote bee,154
DEU,macadamia,154
DEU,grana padano,154
DEU,hirse,154
DEU,cereals,154
DEU,goat,154
DEU,spitzpaprika,154
DEU,mandelmehl,154
DEU,rote zwie,154
DEU,mich,154
DEU,grap,154
DEU,seiden,154
DEU,nesca,154
DEU,kitchen towel,154
DEU,chiken,154
DEU,walnuts,154
DEU,act,154
DEU,hun,153
DEU,reibekä,153
DEU,coffee beans,153
DEU,jelly,153
DEU,Sa,153
DEU,radie,153
DEU,noo,153
DEU,nestle,153
DEU,makrele,153
DEU,still water,153
DEU,Zahnpasta,153
DEU,ed,153
DEU,sebamed,153
DEU,Müll,153
DEU,cia,153
DEU,gree,153
DEU,mülltü,153
DEU,alk,153
DEU,blaubeer,153
DEU,tobacco,153
DEU,cal,153
DEU,Soja,153
DEU,lu,153
DEU,raid,153
DEU,frischhalte,152
DEU,muskat,152
DEU,weinblätter,152
DEU,chai,152
DEU,cotton,152
DEU,currywurst,152
DEU,milch lak,152
DEU,spritz,152
DEU,sos,152
DEU,volvix,152
DEU,lem,152
DEU,brei,152
DEU,patty,152
DEU,cashe,152
DEU,wasser st,152
DEU,vegetable,152
DEU,geschenkpapier,152
DEU,split,152
DEU,sup,152
DEU,grüner,151
DEU,low carb,151
DEU,johhurt,151
DEU,hot sauce,151
DEU,linsenwaffeln,151
DEU,holz,151
DEU,abschmink,151
DEU,Red,151
DEU,ja wasser,151
DEU,5 min,151
DEU,spirelli,151
DEU,schokolad,151
DEU,hochland,151
DEU,glutenfre,151
DEU,tonic water,151
DEU,garli,151
DEU,sonnenblum,151
DEU,mulch,151
DEU,cori,151
DEU,bisco,151
DEU,cleaning,151
DEU,beetroot,151
DEU,wagner,151
DEU,kaffeefilter,151
DEU,ground beef,150
DEU,en,150
DEU,tiefküh,150
DEU,pringl,150
DEU,Sirup,150
DEU,Zitronensaft,150
DEU,passier,150
DEU,Kirschen,150
DEU,gefrierbeutel,150
DEU,heavy cream,150
DEU,somersby,150
DEU,seaweed,150
DEU,fuet,150
DEU,kreuz,149
DEU,coconut oil,149
DEU,noa,149
DEU,like chicken,149
DEU,essen,149
DEU,fresh,149
DEU,Senf,149
DEU,toffi,149
DEU,maulta,149
DEU,nagellack,149
DEU,pump,149
DEU,kuchenrolle,149
DEU,Blätterteig,149
DEU,butter chicken,149
DEU,carro,149
DEU,brocoli,149
DEU,schinkenw,149
DEU,protein pulver,148
DEU,Katzenstreu,148
DEU,gor,148
DEU,laktosefreie milch,148
DEU,studenten,148
DEU,grau,148
DEU,schar,148
DEU,capsicum,148
DEU,Fleischwurst,148
DEU,Mandelmilch,148
DEU,wind,148
DEU,müllsack,148
DEU,lauchzwiebel,148
DEU,sprude,148
DEU,aufst,148
DEU,Essig,148
DEU,rolle,148
DEU,Champions,148
DEU,Weintrauben,148
DEU,Heidelbeeren,148
DEU,reinigung,148
DEU,tavuk,148
DEU,zo,147
DEU,lip,147
DEU,puddin,147
DEU,ging,147
DEU,robs,147
DEU,leicht,147
DEU,taifun,147
DEU,vitamin water,147
DEU,pralinen,147
DEU,kaviar,147
DEU,geschirrspül,147
DEU,protein bread,147
DEU,grillk,147
DEU,bacardi,147
DEU,spicy,147
DEU,schlagsah,147
DEU,mir,147
DEU,kühltasche,147
DEU,badreiniger,147
DEU,fritz cola,147
DEU,gosch,147
DEU,folie,146
DEU,gorg,146
DEU,Rett,146
DEU,hollandaise,146
DEU,zink,146
DEU,Minze,146
DEU,spu,146
DEU,zero sugar,146
DEU,allzwe,146
DEU,herdez,146
DEU,lamb,146
DEU,brokol,146
DEU,ventilator,146
DEU,humu,146
DEU,longpapes,146
DEU,Frosta,146
DEU,dress,146
DEU,geschi,146
DEU,teres,146
DEU,suppeng,146
DEU,yumurta,146
DEU,fass,145
DEU,Kaugummi,145
DEU,lorbeer,145
DEU,slipeinlagen,145
DEU,protein brot,145
DEU,ja cola,145
DEU,protein chips,145
DEU,schockolade,145
DEU,radl,145
DEU,weiße schokolade,145
DEU,papi,145
DEU,wat,145
DEU,bru,145
DEU,ciga,145
DEU,grütze,145
DEU,Pizzateig,145
DEU,gutken,145
DEU,hohes,144
DEU,sarde,144
DEU,bref,144
DEU,snickers eis,144
DEU,joghurt vegan,144
DEU,alsan,144
DEU,tapas,144
DEU,Eiweiß,144
DEU,tot,144
DEU,sourcream,144
DEU,true fruits,144
DEU,butterm,144
DEU,Linsen,144
DEU,aufschn,144
DEU,thyme,144
DEU,duschge,144
DEU,mettwurst,144
DEU,kloß,144
DEU,meggle,144
DEU,put,143
DEU,lins,143
DEU,gera,143
DEU,mirin,143
DEU,ice crea,143
DEU,Mayo,143
DEU,klebe,143
DEU,apfelsaf,143
DEU,Mascarpone,143
DEU,Margarine,143
DEU,bou,143
DEU,maultasche,143
DEU,pfan,143
DEU,pani,143
DEU,mop,143
DEU,weingummi,143
DEU,emment,143
DEU,gefr,143
DEU,vegan hack,143
DEU,coca zero,142
DEU,toastie,142
DEU,mao,142
DEU,raum,142
DEU,fuze tea,142
DEU,brezen,142
DEU,salca,142
DEU,vollkor,142
DEU,holle,142
DEU,bistro,142
DEU,elbgold,142
DEU,desperados,142
DEU,ph,142
DEU,blueb,142
DEU,nach,142
DEU,lasange,142
DEU,Capri,142
DEU,cheez,142
DEU,rewe beste,142
DEU,ede,142
DEU,cocoa,142
DEU,swirl,142
DEU,zwibeln,142
DEU,caprisonne,141
DEU,aiol,141
DEU,käse scheiben,141
DEU,salat mix,141
DEU,franui,141
DEU,Spezi,141
DEU,Alpro,141
DEU,thomy,141
DEU,rosenkohl,141
DEU,pfla,141
DEU,Schnittlauch,141
DEU,pumper,141
DEU,jever,141
DEU,burger br,141
DEU,kleber,141
DEU,amer,141
DEU,brombeeren,141
DEU,kartoffels,141
DEU,corned,141
DEU,brocolli,141
DEU,kurbis,141
DEU,köfte,141
DEU,hünchen,140
DEU,milchs,140
DEU,käsew,140
DEU,Rettertüte,140
DEU,mexican,140
DEU,shin,140
DEU,ben and jerry,140
DEU,becel,140
DEU,terrine,140
DEU,durstl,140
DEU,salatdressing,140
DEU,pinguin,140
DEU,Mozarella,140
DEU,Nudel,140
DEU,grüner tee,140
DEU,weiswein,140
DEU,Energie,140
DEU,veget,140
DEU,götter,140
DEU,ges,140
DEU,kräuterb,140
DEU,Sucuk,140
DEU,sanlucar,140
DEU,salm,140
DEU,chori,140
DEU,milxh,139
DEU,tir,139
DEU,maggi fix,139
DEU,Sonnenblumen,139
DEU,pizza vegan,139
DEU,crossaint,139
DEU,austern,139
DEU,milchschn,139
DEU,hackfleisc,139
DEU,Kochschinken,139
DEU,bals,139
DEU,durstlö,139
DEU,amorelie,139
DEU,grillfleisch,139
DEU,spagett,139
DEU,okra,139
DEU,Orange,138
DEU,bare,138
DEU,tüten,138
DEU,lebe,138
DEU,cok,138
DEU,ofenkä,138
DEU,Leberwurst,138
DEU,zahnpast,138
DEU,paper towels,138
DEU,spices,138
DEU,bue,138
DEU,glutenfree,138
DEU,Süßkartoffel,138
DEU,piccol,138
DEU,türkische,138
DEU,erdnussb,138
DEU,sourdough,138
DEU,ava,138
DEU,mozzarela,138
DEU,heets,138
DEU,chocolate milk,138
DEU,Bolognese,138
DEU,sla,138
DEU,seba,138
DEU,oranges,138
DEU,ever,137
DEU,saur,137
DEU,rasierschaum,137
DEU,hals,137
DEU,ab,137
DEU,peco,137
DEU,appl,137
DEU,topf,137
DEU,ingwer shot,137
DEU,rap,137
DEU,char,137
DEU,kaffee gemahlen,137
DEU,sweet chili,137
DEU,roh,137
DEU,sm,137
DEU,Fischstäbchen,137
DEU,rauch,137
DEU,vegan käse,137
DEU,powerrade,137
DEU,Apfelschorle,137
DEU,joon,137
DEU,Eiskaffee,137
DEU,bratwu,137
DEU,ice cre,137
DEU,weinbl,136
DEU,kal,136
DEU,mie,136
DEU,cauliflower,136
DEU,süssk,136
DEU,miracle,136
DEU,baking paper,136
DEU,Beeren,136
DEU,fala,136
DEU,tomaten sauce,136
DEU,pelle,136
DEU,capp,136
DEU,eg,136
DEU,get,136
DEU,sojasauce,136
DEU,pizza käse,136
DEU,rohrreiniger,136
DEU,follow,136
DEU,apfelscho,135
DEU,getrocknete tom,135
DEU,bari,135
DEU,mushr,135
DEU,pfl,135
DEU,gn,135
DEU,babyb,135
DEU,aga,135
DEU,Magnum,135
DEU,barill,135
DEU,hollan,135
DEU,glasre,135
DEU,inst,135
DEU,italienische,135
DEU,bio tomaten,135
DEU,miöch,135
DEU,salzstange,135
DEU,dog,134
DEU,spät,134
DEU,broz,134
DEU,superpop,134
DEU,h-milch,134
DEU,Soße,134
DEU,butterschmalz,134
DEU,servietten,134
DEU,kirsc,134
DEU,pete,134
DEU,lemonaid,134
DEU,meis,134
DEU,cocon,134
DEU,sammy,134
DEU,lay,134
DEU,ferti,134
DEU,condi,134
DEU,zahnbü,134
DEU,kornflakes,133
DEU,würstch,133
DEU,toastbr,133
DEU,speisest,133
DEU,shake,133
DEU,gre,133
DEU,püree,133
DEU,jamon,133
DEU,starbu,133
DEU,Tortilla,133
DEU,land,133
DEU,whisk,133
DEU,cini,133
DEU,tagli,133
DEU,pizzate,133
DEU,dürüm,133
DEU,kreuzkümmel,133
DEU,gemüs,133
DEU,minced meat,133
DEU,grüne bohnen,133
DEU,rettich,133
DEU,salzs,133
DEU,kleenex,133
DEU,red bul,133
DEU,water still,133
DEU,sr,133
DEU,inno,133
DEU,minuten,133
DEU,asiatisch,133
DEU,kirschsaft,132
DEU,Philadelphia,132
DEU,gläserne,132
DEU,brokkol,132
DEU,fruchtgummi,132
DEU,saure gurke,132
DEU,gerieb,132
DEU,Blaubeeren,132
DEU,hemme,132
DEU,flocken,132
DEU,prosecc,132
DEU,crou,132
DEU,buttee,132
DEU,blueberr,132
DEU,Mandel,132
DEU,grapefr,132
DEU,wattest,132
DEU,ginger beer,132
DEU,peppers,132
DEU,klarsp,132
DEU,vitam,132
DEU,peanu,132
DEU,milch la,132
DEU,cott,132
DEU,mohren,132
DEU,sta,131
DEU,johannis,131
DEU,datt,131
DEU,Schmelzkäse,131
DEU,alpro kokos,131
DEU,brokolli,131
DEU,app,131
DEU,send,131
DEU,feine welt,131
DEU,schnitz,131
DEU,glasnu,131
DEU,bauch,131
DEU,bimi,131
DEU,milchrei,131
DEU,volkorn,131
DEU,kartoffelsala,131
DEU,beötchen,131
DEU,schwan,131
DEU,ao,131
DEU,fritz kola,131
DEU,sw,131
DEU,sagro,131
DEU,green beans,131
DEU,reeses,131
DEU,kabel,131
DEU,dishwash,131
DEU,croissants,131
DEU,teew,131
DEU,espress,131
DEU,frischka,131
DEU,nussmus,131
DEU,gorgo,131
DEU,krombacher,131
DEU,raf,131
DEU,kid,131
DEU,elektr,130
DEU,spec,130
DEU,süßstoff,130
DEU,mövenpick,130
DEU,hirte,130
DEU,hanch,130
DEU,stilles,130
DEU,togu,130
DEU,papp,130
DEU,brotch,130
DEU,mund,130
DEU,sl,130
DEU,spee,130
DEU,soß,130
DEU,Milka,130
DEU,fli,130
DEU,dinke,130
DEU,pflaume,130
DEU,porri,130
DEU,am,130
DEU,kebab,130
DEU,Dinkel,130
DEU,koffeinfrei,130
DEU,party,130
DEU,mot,130
DEU,caesar,130
DEU,To,130
DEU,margar,130
DEU,rote b,130
DEU,mine,130
DEU,kinder bueno,130
DEU,minus,130
DEU,zwib,130
DEU,bens,130
DEU,anal,130
DEU,frozen berries,129
DEU,eiersa,129
DEU,emm,129
DEU,Trauben,129
DEU,pean,129
DEU,spülmasch,129
DEU,gerie,129
DEU,whis,129
DEU,cooking cream,129
DEU,holla,129
DEU,volvoc,129
DEU,säfte,129
DEU,Glutenfrei,129
DEU,reispa,129
DEU,starb,129
DEU,thunfish,129
DEU,butterkä,129
DEU,pome,129
DEU,mul,129
DEU,jou,129
DEU,gö,129
DEU,gemüseb,129
DEU,waschmit,129
DEU,brotaufstrich,129
DEU,giotto,129
DEU,sour cr,129
DEU,blumenk,128
DEU,labne,128
DEU,yayl,128
DEU,vegane sahne,128
DEU,gas,128
DEU,twister,128
DEU,kaffeekapseln,128
DEU,son,128
DEU,äpfe,128
DEU,Tiramisu,128
DEU,ery,128
DEU,fil,128
DEU,röstzwiebeln,128
DEU,granatap,128
DEU,Limonade,128
DEU,sommer,128
DEU,pichler,128
DEU,foil,128
DEU,rittersport,128
DEU,rosemary,128
DEU,mandar,128
DEU,ceasar,128
DEU,elektrolyt,128
DEU,veganer,128
DEU,billie green,128
DEU,korea,127
DEU,uncle,127
DEU,prinzen,127
DEU,pat,127
DEU,pomb,127
DEU,nugge,127
DEU,sahne vegan,127
DEU,milchbrö,127
DEU,salamisticks,127
DEU,lavash,127
DEU,gummibä,127
DEU,cornich,127
DEU,toasty,127
DEU,bey,127
DEU,parmig,127
DEU,hühnerbrust,127
DEU,m&ms,127
DEU,toill,127
DEU,flip,127
DEU,paprika gewürz,127
DEU,quino,127
DEU,yu,127
DEU,champagne,127
DEU,eiw,127
DEU,magerqua,127
DEU,klar,127
DEU,reispap,127
DEU,sauerkr,127
DEU,simply,127
DEU,tzatziki,127
DEU,electrolyte,126
DEU,sparge,126
DEU,Rewe,126
DEU,pulled,126
DEU,billie,126
DEU,zwei,126
DEU,studentenfutter,126
DEU,Ziegenkäse,126
DEU,pombär,126
DEU,basm,126
DEU,ananassaft,126
DEU,gochu,126
DEU,naturwein,126
DEU,kochsah,126
DEU,baguet,126
DEU,shoko,126
DEU,mozarella light,126
DEU,apr,126
DEU,semmeln,126
DEU,bags,126
DEU,gilette,126
DEU,fitness,126
DEU,organic,126
DEU,gy,126
DEU,eis tee,126
DEU,Spagetti,126
DEU,bärchen,126
DEU,dink,126
DEU,nesquik,126
DEU,yeast,125
DEU,rote grütze,125
DEU,floss,125
DEU,mill,125
DEU,rosm,125
DEU,protein milk,125
DEU,Küchen,125
DEU,mandeldrink,125
DEU,pants,125
DEU,see,125
DEU,müllbeute,125
DEU,schmelzkä,125
DEU,kaper,125
DEU,pen,125
DEU,peato,125
DEU,cheese slice,125
DEU,swi,125
DEU,senseo,125
DEU,nogger,125
DEU,capers,125
DEU,krauter,125
DEU,argeta,125
DEU,noodl,125
DEU,stroh,125
DEU,fert,125
DEU,dough,125
DEU,Ma,125
DEU,tol,125
DEU,pfefferminz,125
DEU,salami vegan,125
DEU,sen,125
DEU,fusi,125
DEU,manchego,125
DEU,biber,125
DEU,apfelsc,125
DEU,rame,125
DEU,ameri,125
DEU,Cola Zero,124
DEU,aufbac,124
DEU,knäck,124
DEU,mäl,124
DEU,würdtchen,124
DEU,kräuterba,124
DEU,babyspinat,124
DEU,Chili,124
DEU,babybe,124
DEU,smoked salmon,124
DEU,puderzu,124
DEU,auflauf,124
DEU,Katzen,124
DEU,pfef,124
DEU,active,124
DEU,strawb,124
DEU,domates,124
DEU,parika,124
DEU,veganes,124
DEU,kas,124
DEU,glasrei,124
DEU,fertigger,124
DEU,Gerolsteiner,123
DEU,schupfnudeln,123
DEU,Coca Cola,123
DEU,Gummibärchen,123
DEU,äp,123
DEU,mask,123
DEU,schokocreme,123
DEU,trockenshampoo,123
DEU,joghurt natur,123
DEU,birthday,123
DEU,brotchips,123
DEU,mozzer,123
DEU,mer,123
DEU,petersili,123
DEU,lö,123
DEU,kölsch,123
DEU,ear,123
DEU,sojas,123
DEU,raumduft,123
DEU,sagr,123
DEU,gefroren,123
DEU,buttermilk,123
DEU,desert,123
DEU,brush,122
DEU,reiswaffe,122
DEU,creman,122
DEU,pizzat,122
DEU,Sekt,122
DEU,high p,122
DEU,teq,122
DEU,rote zwi,122
DEU,panna,122
DEU,samosa,122
DEU,mangosaft,122
DEU,Pistazien,122
DEU,eingelegt,122
DEU,trash bags,122
DEU,grauburgunder,122
DEU,brownies,122
DEU,süss sauer,122
DEU,bueno eis,122
DEU,geri,122
DEU,reisp,122
DEU,thym,122
DEU,dick,122
DEU,protein drink,122
DEU,fleischwu,122
DEU,eco,122
DEU,handsch,122
DEU,brötcheb,122
DEU,ristorante,122
DEU,grünkohl,122
DEU,cauli,122
DEU,chickp,122
DEU,keto,121
DEU,papeika,121
DEU,temp,121
DEU,Oatly,121
DEU,preisel,121
DEU,kartoffelb,121
DEU,osaft,121
DEU,comte,121
DEU,Knäckebrot,121
DEU,cherrytomaten,121
DEU,fassbrause,121
DEU,mango lassi,121
DEU,Pilze,121
DEU,doner,121
DEU,Speck,121
DEU,sleepy,121
DEU,kontaktlinsen,121
DEU,petersil,121
DEU,sweet po,121
DEU,aca,121
DEU,kabanos,121
DEU,zigaret,121
DEU,q tip,121
DEU,taschentuch,120
DEU,spülmas,120
DEU,reiswaf,120
DEU,weisse schokolade,120
DEU,piza,120
DEU,cola vanille,120
DEU,limoncello,120
DEU,geriebe,120
DEU,bud,120
DEU,kinde,120
DEU,rosin,120
DEU,q tips,120
DEU,crepe,120
DEU,bay,120
DEU,geram,120
DEU,crisp,120
DEU,ibis,120
DEU,primitivo,120
DEU,cherries,120
DEU,buttergem,120
DEU,mozzarel,120
DEU,creme fine,120
DEU,linsenwa,120
DEU,l&m,120
DEU,oatley,120
DEU,gesicht,120
DEU,cornflak,120
DEU,desinf,120
DEU,lube,120
DEU,on,119
DEU,Hühnchen,119
DEU,lakr,119
DEU,august,119
DEU,schwi,119
DEU,palmolive,119
DEU,wasset,119
DEU,instant kaffee,119
DEU,cappu,119
DEU,Mortadella,119
DEU,zucke,119
DEU,suppennudeln,119
DEU,bell,119
DEU,süsskart,119
DEU,reese,119
DEU,lm,119
DEU,joghurt laktosefrei,119
DEU,croissan,119
DEU,haa,119
DEU,dil,119
DEU,suprema,119
DEU,pure,119
DEU,usb,119
DEU,tampo,118
DEU,sprudel wasser,118
DEU,gnoch,118
DEU,flam,118
DEU,linsenwaffel,118
DEU,ribs,118
DEU,Nuggets,118
DEU,high prot,118
DEU,fleich,118
DEU,icetea,118
DEU,spei,118
DEU,aqua,118
DEU,powe,118
DEU,naturjo,118
DEU,orangensaf,118
DEU,jack daniels,118
DEU,zuker,118
DEU,klebeband,118
DEU,milkana,118
DEU,feuc,118
DEU,edamam,118
DEU,marac,118
DEU,ravi,118
DEU,ritz,118
DEU,ravio,118
DEU,gön,118
DEU,nesc,118
DEU,kreatin,118
DEU,Gewürzgurken,117
DEU,tabas,117
DEU,süßkarto,117
DEU,küchenpap,117
DEU,eis w,117
DEU,pars,117
DEU,kokosw,117
DEU,marzia,117
DEU,yopro,117
DEU,salate,117
DEU,fleish,117
DEU,gelbwurst,117
DEU,algen,117
DEU,spie,117
DEU,zutrone,117
DEU,süsska,117
DEU,funny frisch,117
DEU,cranb,117
DEU,Karotte,117
DEU,sprud,117
DEU,coka,117
DEU,sticker,117
DEU,katje,117
DEU,condensed,117
DEU,heidelbeer,117
DEU,würstche,117
DEU,oatmilk,117
DEU,tortila,117
DEU,Torte,117
DEU,chili öl,117
DEU,caviar,117
DEU,herrs,117
DEU,Toma,117
DEU,eu,117
DEU,johgurt,117
DEU,absolut,117
DEU,haffer,116
DEU,wasser stil,116
DEU,granata,116
DEU,dus,116
DEU,flutsch,116
DEU,burrito,116
DEU,lactose frei,116
DEU,Erdbeer,116
DEU,kur,116
DEU,coconu,116
DEU,kaymak,116
DEU,granol,116
DEU,salça,116
DEU,twi,116
DEU,quin,116
DEU,Pueblo,116
DEU,erkältung,116
DEU,Frühstück,116
DEU,kopfsalat,116
DEU,jager,116
DEU,toilet pap,116
DEU,mm,116
DEU,bebivita,116
DEU,vollkorntoast,116
DEU,tomateb,116
DEU,stückige tomaten,116
DEU,Sauerkraut,116
DEU,chester,116
DEU,smooth,116
DEU,kindl,115
DEU,Sprudel,115
DEU,kinderriegel,115
DEU,caprisun,115
DEU,karro,115
DEU,weintrau,115
DEU,kiw,115
DEU,budni,115
DEU,Ayran,115
DEU,remolade,115
DEU,Milk,115
DEU,brocco,115
DEU,Camembert,115
DEU,co2,115
DEU,geflügelwurst,115
DEU,iceberg,115
DEU,mccain,115
DEU,majon,115
DEU,pfirsiche,115
DEU,terre,115
DEU,brause,115
DEU,dep,115
DEU,saf,115
DEU,eus,115
DEU,manner,115
DEU,Süßkartoffeln,115
DEU,salatmix,115
DEU,proteine,115
DEU,crout,115
DEU,essigreiniger,115
DEU,vital,115
DEU,toadt,115
DEU,tesa,115
DEU,laktosefre,114
DEU,hähnchenbr,114
DEU,minue,114
DEU,chocola,114
DEU,adelholzener,114
DEU,quet,114
DEU,körnige,114
DEU,Tee,114
DEU,schaum,114
DEU,zitronensa,114
DEU,eiskaf,114
DEU,rinderfond,114
DEU,Suppengrün,114
DEU,adel,114
DEU,towel,114
DEU,tk beeren,114
DEU,pinie,114
DEU,geflüge,114
DEU,her,114
DEU,tortelli,114
DEU,champio,114
DEU,burge,114
DEU,Frühlings,114
DEU,Maggi,114
DEU,sauerkirschen,114
DEU,kokoswa,114
DEU,wall,114
DEU,kochcreme,114
DEU,tomatensuppe,114
DEU,passie,114
DEU,käse gouda,114
DEU,stracc,114
DEU,heid,114
DEU,raw,114
DEU,hot do,114
DEU,maxo,114
DEU,haferflocke,114
DEU,orangen saft,113
DEU,tunfis,113
DEU,müllsäcke,113
DEU,glade,113
DEU,davi,113
DEU,brü,113
DEU,toasr,113
DEU,raspberry,113
DEU,flakes,113
DEU,sambal,113
DEU,backmi,113
DEU,babybrei,113
DEU,spaghet,113
DEU,dolce,113
DEU,kontakt,113
DEU,Brühe,113
DEU,develey,113
DEU,bromb,113
DEU,kichere,113
DEU,mic,113
DEU,rucula,113
DEU,schnittkäse,113
DEU,klöße,113
DEU,frosts,113
DEU,beyond meat,113
DEU,paleta,113
DEU,wiesen,113
DEU,honigmelone,113
DEU,Salzstangen,113
DEU,rotko,113
DEU,tomaten stückig,113
DEU,Coca cola,113
DEU,griechische,113
DEU,duschg,113
DEU,toast käse,113
DEU,ice c,113
DEU,magen,113
DEU,erf,113
DEU,simit,112
DEU,sommersby,112
DEU,kalb,112
DEU,yogurette,112
DEU,leek,112
DEU,kopf,112
DEU,geriebene,112
DEU,cucumb,112
DEU,pelme,112
DEU,rohrzucker,112
DEU,berner,112
DEU,tag,112
DEU,hippo,112
DEU,stock,112
DEU,bonbons,112
DEU,bakery,112
DEU,veggi,112
DEU,hoisin,112
DEU,dor,112
DEU,lei,112
DEU,pamp,112
DEU,eiet,112
DEU,rav,112
DEU,Shampoo,112
DEU,motten,112
DEU,chedder,112
DEU,blatter,112
DEU,marmelad,111
DEU,proteinmilch,111
DEU,käse ger,111
DEU,bage,111
DEU,ser,111
DEU,wasser s,111
DEU,zitronens,111
DEU,Spätzle,111
DEU,feldsa,111
DEU,Zahnbürste,111
DEU,cold,111
DEU,Rettert,111
DEU,milchr,111
DEU,tilsiter,111
DEU,hülsen,111
DEU,zerealien,111
DEU,butterkase,111
DEU,elektroly,111
DEU,Sch,111
DEU,rahmspinat,111
DEU,lor,111
DEU,tooth paste,111
DEU,mozarella sticks,111
DEU,veganer käse,111
DEU,sprü,111
DEU,Bro,111
DEU,butterge,111
DEU,happy hippo,111
DEU,babywasser,111
DEU,green onion,111
DEU,toffifee,111
DEU,haseln,111
DEU,cond,110
DEU,die limo,110
DEU,tac,110
DEU,conden,110
DEU,Reiswaffeln,110
DEU,ace,110
DEU,yfoo,110
DEU,benjamin,110
DEU,dis,110
DEU,waterme,110
DEU,apfelwein,110
DEU,fischsauce,110
DEU,scrub,110
DEU,türki,110
DEU,vitami,110
DEU,Seife,110
DEU,passions,110
DEU,muller,110
DEU,knop,110
DEU,hirt,110
DEU,heidelbe,110
DEU,beste wahl,110
DEU,brille,110
DEU,hitschler,109
DEU,basiliku,109
DEU,tworog,109
DEU,süt,109
DEU,simply v,109
DEU,kro,109
DEU,zuchin,109
DEU,butterkeks,109
DEU,kimch,109
DEU,schock,109
DEU,knoblauc,109
DEU,koffein,109
DEU,Sonnenblumenöl,109
DEU,stremel,109
DEU,lauchzwiebeln,109
DEU,flecken,109
DEU,johurt,109
DEU,edamer,109
DEU,alpeo,109
DEU,Creme fraiche,109
DEU,sumak,109
DEU,rise,109
DEU,weidemilch,109
DEU,apriko,109
DEU,shri,109
DEU,caffee,109
DEU,febreze,108
DEU,fussi,108
DEU,coron,108
DEU,aug,108
DEU,ziegenkä,108
DEU,lachsfilet,108
DEU,vegane salami,108
DEU,batt,108
DEU,hah,108
DEU,grated cheese,108
DEU,rote gr,108
DEU,dosentomaten,108
DEU,crack,108
DEU,augu,108
DEU,chilli cheese,108
DEU,meica,108
DEU,mundspülung,108
DEU,exqui,108
DEU,curly,108
DEU,magne,108
DEU,scheibletten,108
DEU,sausages,108
DEU,Tomatensoße,108
DEU,buldag,108
DEU,mau,108
DEU,joony,108
DEU,Remoulade,108
DEU,Organics,108
DEU,frühlingszwie,108
DEU,stückige,108
DEU,yoghur,108
DEU,schokobr,108
DEU,baking powder,108
DEU,dinkelbrot,108
DEU,Zewa,107
DEU,battery,107
DEU,airfr,107
DEU,hackfleish,107
DEU,pal,107
DEU,aufsteich,107
DEU,passion,107
DEU,don,107
DEU,sauerrahm,107
DEU,frischkäse light,107
DEU,drill,107
DEU,mortadell,107
DEU,vegan cheese,107
DEU,zews,107
DEU,saure sah,107
DEU,whi,107
DEU,tortenboden,107
DEU,Mil,107
DEU,smo,107
DEU,pflanzen,107
DEU,vin,107
DEU,dry,107
DEU,ent,107
DEU,jako,107
DEU,Kondensmilch,107
DEU,blockhouse,107
DEU,quetsch,107
DEU,hygienespüler,107
DEU,exq,107
DEU,gulas,107
DEU,Gemüsebrühe,107
DEU,sahbe,107
DEU,gurkensalat,107
DEU,suss,107
DEU,Kürbis,107
DEU,mama,107
DEU,Ice,107
DEU,ehr,107
DEU,dickmann,107
DEU,low,107
DEU,hanf,107
DEU,Flammkuchen,107
DEU,Halal,107
DEU,poree,107
DEU,vanillezu,107
DEU,flammk,107
DEU,kara,106
DEU,rostbrat,106
DEU,rotkä,106
DEU,ahornsirup,106
DEU,paprika edel,106
DEU,cock,106
DEU,srir,106
DEU,demeter,106
DEU,you cook,106
DEU,condensed milk,106
DEU,saure sa,106
DEU,mentos,106
DEU,pflau,106
DEU,toul,106
DEU,Erdnuss,106
DEU,sy,106
DEU,eis würfel,106
DEU,Wass,106
DEU,San,106
DEU,dorit,106
DEU,mou,106
DEU,rice paper,106
DEU,ricott,106
DEU,geschirrsp,106
DEU,frozen veg,106
DEU,geschnetzeltes,106
DEU,din,106
DEU,eiswurfel,106
DEU,tw,106
DEU,aufb,106
DEU,not milk,106
DEU,nat,106
DEU,tena,106
DEU,marlboro mix,106
DEU,barbe,106
DEU,nesq,106
DEU,orega,106
DEU,waterm,106
DEU,schokopudding,106
DEU,chives,105
DEU,coleslaw,105
DEU,piccolinis,105
DEU,tk obst,105
DEU,tonys,105
DEU,mortad,105
DEU,crea,105
DEU,sei,105
DEU,pastry,105
DEU,cols,105
DEU,schokobrötchen,105
DEU,chili oil,105
DEU,griechis,105
DEU,starbuck,105
DEU,bambus,105
DEU,fig,105
DEU,knus,105
DEU,pizzatei,105
DEU,kräuterbu,105
DEU,oro,105
DEU,ben & jerry,105
DEU,Spülmaschine,105
DEU,eiweissbrot,105
DEU,plastic,105
DEU,mikrowelle,105
DEU,küchenpa,105
DEU,cremissimo,105
DEU,corian,105
DEU,hafermilc,105
DEU,burgerbrot,105
DEU,rinderha,105
DEU,fuß,105
DEU,trufru,105
DEU,kokosdrink,104
DEU,as,104
DEU,hyg,104
DEU,geb,104
DEU,vegan wurst,104
DEU,magerquar,104
DEU,katjed,104
DEU,Backpulver,104
DEU,kuvertüre,104
DEU,backka,104
DEU,Radler,104
DEU,gauloi,104
DEU,käse dip,104
DEU,tempe,104
DEU,dr.,104
DEU,vollk,104
DEU,milsch,104
DEU,healthy,104
DEU,frühlingszwi,104
DEU,dat,104
DEU,salat dressing,104
DEU,hafee,104
DEU,dark cho,104
DEU,radis,104
DEU,dalat,104
DEU,white beans,104
DEU,chocolat,104
DEU,schokoladen,103
DEU,activ,103
DEU,katzens,103
DEU,filo,103
DEU,vegane butter,103
DEU,instant nudeln,103
DEU,cabanossi,103
DEU,haselnüsse,103
DEU,lactos,103
DEU,diaper,103
DEU,kokoswass,103
DEU,arrabiata,103
DEU,fruchtz,103
DEU,sagt,103
DEU,crouton,103
DEU,astra,103
DEU,schoc,103
DEU,sandwich käse,103
DEU,eise,103
DEU,bull,103
DEU,pide,103
DEU,Erdbeere,103
DEU,gula,103
DEU,sonnenblumen öl,103
DEU,ice tee,103
DEU,de ce,103
DEU,pantene,103
DEU,schwarztee,103
DEU,lamate,103
DEU,Gnocchi,103
DEU,zere,102
DEU,rafa,102
DEU,truffel,102
DEU,geflüg,102
DEU,lemon soda,102
DEU,kala,102
DEU,Walnüsse,102
DEU,glutenfreie,102
DEU,beck,102
DEU,agav,102
DEU,kartofeln,102
DEU,cur,102
DEU,bouletten,102
DEU,Schafskäse,102
DEU,weißkohl,102
DEU,lah,102
DEU,tortelloni,102
DEU,Sauce,102
DEU,glasnudel,102
DEU,ben and jerrys,102
DEU,eisc,102
DEU,nudelsa,102
DEU,vanillepudding,102
DEU,paulan,102
DEU,kap,102
DEU,hipp pre,102
DEU,Hüttenkäse,102
DEU,tucher,102
DEU,spark,102
DEU,rotwei,102
DEU,korniger,102
DEU,bonne,102
DEU,Sp,102
DEU,mee,102
DEU,Käsekuchen,102
DEU,pirulo,102
DEU,kamillentee,102
DEU,cou,102
DEU,yoni,102
DEU,hotdo,102
DEU,suppenhuhn,102
DEU,radish,102
DEU,cheese dip,102
DEU,kichererbse,102
DEU,Radieschen,102
DEU,Rotwein,102
DEU,"wasser 0,5",102
DEU,zuchinni,102
DEU,kornfl,101
DEU,süßig,101
DEU,cherry tom,101
DEU,creme fraich,101
DEU,micro,101
DEU,sienna,101
DEU,pl,101
DEU,jim,101
DEU,david,101
DEU,desinfe,101
DEU,mini pizza,101
DEU,insekt,101
DEU,schimmel,101
DEU,nussmix,101
DEU,alkoholfre,101
DEU,wc papier,101
DEU,gaulo,101
DEU,meerre,101
DEU,elec,101
DEU,Erdnussbutter,101
DEU,vegan mayo,101
DEU,Hefe,101
DEU,de cecc,101
DEU,blumenko,101
DEU,Fritz,101
DEU,sesame oil,101
DEU,gutk,101
DEU,brüh,101
DEU,cigköfte,101
DEU,milch lakto,101
DEU,torteli,101
DEU,toilet roll,101
DEU,chili con,101
DEU,salatgurke,101
DEU,Kiwi,101
DEU,textil,101
DEU,kaffeepads,101
DEU,wasser classic,101
DEU,pommels,101
DEU,bio fleisch,101
DEU,san pele,101
DEU,butter gesalzen,101
DEU,frozen vegetables,101
DEU,ball,101
DEU,bleach,101
DEU,brus,101
DEU,bulg,100
DEU,Lauch,100
DEU,grizzly,100
DEU,sho,100
DEU,patates,100
DEU,trüf,100
DEU,cocacola,100
DEU,tiefkühl gemüse,100
DEU,belag,100
DEU,mangold,100
DEU,schokobons,100
DEU,hackfleisch rind,100
DEU,musl,100
DEU,old,100
DEU,apfeless,100
DEU,chedar,100
DEU,ulu,100
DEU,vollkornnudeln,100
DEU,körniger fri,100
DEU,likör,100
DEU,ker,100
DEU,Espresso,100
DEU,lotion,100
DEU,wor,100
DEU,cevapcici,100
DEU,tsa,100
DEU,bärenmarke,100
DEU,sour c,100
DEU,käse bio,100
DEU,quetschi,100
DEU,saue,100
DEU,wisch,100
DEU,domestos,100
DEU,electrolytes,100
DEU,linsench,100
DEU,alwa,100
DEU,selle,100
DEU,farmer,100
DEU,avicado,100
DEU,fitline,100
DEU,ancho,100
DEU,wurst vegan,100
DEU,doppio,100
DEU,chiasamen,100
DEU,salami st,100
DEU,pulver,100
DEU,coppe,100
DEU,high protein eis,99
DEU,spoon,99
DEU,lauchzwi,99
DEU,lachsschinken,99
DEU,tomsten,99
DEU,käfer,99
DEU,hirtenkä,99
DEU,apfelschor,99
DEU,langnese,99
DEU,color,99
DEU,schokomilch,99
DEU,crush,99
DEU,kass,99
DEU,oral b,99
DEU,Handschuhe,99
DEU,hün,99
DEU,fre,99
DEU,alkoholfrei bier,99
DEU,soda stream,99
DEU,mixery,99
DEU,ciaba,99
DEU,secco,99
DEU,turk,99
DEU,kakaopulver,99
DEU,snic,99
DEU,watt,99
DEU,lassgne,99
DEU,Rapsöl,99
DEU,Sushi,99
DEU,alnavit,99
DEU,sossen,99
DEU,reib,99
DEU,len,99
DEU,gemüsebrü,99
DEU,spro,99
DEU,schere,99
DEU,vileda,99
DEU,potatoe,99
DEU,hartkäse,99
DEU,laugenstange,98
DEU,essiggurke,98
DEU,tomatos,98
DEU,ladekabel,98
DEU,o2,98
DEU,macaroni,98
DEU,alkoh,98
DEU,kabanossi,98
DEU,butter vegan,98
DEU,hähnchenb,98
DEU,ehrm,98
DEU,sweets,98
DEU,mexi,98
DEU,pec,98
DEU,tomaten gehackt,98
DEU,aufstri,98
DEU,bruhe,98
DEU,mik,98
DEU,sose,98
DEU,höhnchen,98
DEU,maus,98
DEU,sma,98
DEU,Pringles,98
DEU,kohlr,98
DEU,pizza salami,98
DEU,pizza kit,98
DEU,waschpul,98
DEU,pur,98
DEU,walnus,98
DEU,salzstan,98
DEU,äpf,98
DEU,knu,98
DEU,WC,98
DEU,paella,98
DEU,tasc,98
DEU,ready,98
DEU,Vollkornbrot,98
DEU,Backpapier,98
DEU,Gewürz,98
DEU,senso,97
DEU,gurke bio,97
DEU,rose wein,97
DEU,bol,97
DEU,zeytin,97
DEU,basmat,97
DEU,zuk,97
DEU,raffa,97
DEU,hefeflocken,97
DEU,kaban,97
DEU,shrim,97
DEU,blue cheese,97
DEU,srira,97
DEU,Vollkorn,97
DEU,schweinebauch,97
DEU,shi,97
DEU,maiswaff,97
DEU,aufschni,97
DEU,kirschtomaten,97
DEU,maisw,97
DEU,geha,97
DEU,tür,97
DEU,goat cheese,97
DEU,toastb,97
DEU,knoblauchpulver,97
DEU,milchsc,97
DEU,aco,97
DEU,erythrit,97
DEU,vitamin wasser,97
DEU,frozen pizza,97
DEU,italienische kräuter,97
DEU,kafe,97
DEU,pringle,97
DEU,gefrorene früchte,97
DEU,mücken,97
DEU,mascapone,97
DEU,gelatine,97
DEU,proti,97
DEU,spice,97
DEU,rafaello,97
DEU,frikad,97
DEU,spüh,97
DEU,strohhalm,97
DEU,fisher,97
DEU,bubble,96
DEU,elina,96
DEU,Rucola,96
DEU,puree,96
DEU,elekt,96
DEU,seif,96
DEU,cornichon,96
DEU,Aubergine,96
DEU,bb,96
DEU,cru,96
DEU,cof,96
DEU,bio obst,96
DEU,gehacktes,96
DEU,condoms,96
DEU,ground,96
DEU,Huhn,96
DEU,wasser mit,96
DEU,mikro,96
DEU,gemüsesaft,96
DEU,milchb,96
DEU,sojaso,96
DEU,bürger,96
DEU,esp,96
DEU,caf,96
DEU,sensodyne,96
DEU,burgerbr,96
DEU,pell,96
DEU,cev,96
DEU,strawberr,96
DEU,face wash,96
DEU,fran,96
DEU,hüttenkä,96
DEU,rügenwa,96
DEU,haarsp,96
DEU,hack vegan,96
DEU,Deo,96
DEU,saure gur,96
DEU,max,96
DEU,kalter kaffee,96
DEU,hanc,96
DEU,küchenp,96
DEU,boul,96
DEU,lahma,96
DEU,suri,96
DEU,mixa,96
DEU,dm,95
DEU,Karto,95
DEU,Hänchen,95
DEU,sor,95
DEU,onigi,95
DEU,saaten,95
DEU,ketschup,95
DEU,frta,95
DEU,Orangen,95
DEU,malboro gold,95
DEU,fets,95
DEU,milch 1,95
DEU,antip,95
DEU,knusp,95
DEU,kräuterbag,95
DEU,teis,95
DEU,konserve,95
DEU,borek,95
DEU,Erfrischungsgetränk,95
DEU,rinderh,95
DEU,snac,95
DEU,onion powder,95
DEU,pfirsisch,95
DEU,pau,95
DEU,rü,95
DEU,oatmeal,95
DEU,reini,95
DEU,vollkorn nudeln,95
DEU,floor,95
DEU,kaffee kapseln,95
DEU,zooroyal,95
DEU,bratenso,95
DEU,passierte tom,95
DEU,espre,95
DEU,nug,95
DEU,schlemmerfilet,95
DEU,walln,95
DEU,cele,95
DEU,trüff,95
DEU,sonnenblume,95
DEU,kidneybohnen,95
DEU,creatine,95
DEU,sardell,95
DEU,nordsee,95
DEU,ulker,95
DEU,no milk,95
DEU,Waffeln,95
DEU,Kurz hal,95
DEU,gerols,95
DEU,wattestäbchen,95
DEU,spreeq,95
DEU,rügenw,94
DEU,cher,94
DEU,beypazari,94
DEU,ene,94
DEU,krok,94
DEU,makarna,94
DEU,Creme fr,94
DEU,reinigungs,94
DEU,wolt market,94
DEU,dr pe,94
DEU,fresh milk,94
DEU,face,94
DEU,gochujang,94
DEU,chocolate chip,94
DEU,schatten,94
DEU,asparagus,94
DEU,rice cakes,94
DEU,mälz,94
DEU,gefrorene beeren,94
DEU,frikadell,94
DEU,Terea,94
DEU,aa,94
DEU,röstzwiebel,94
DEU,eiskaff,94
DEU,pain,94
DEU,Sellerie,94
DEU,leib,94
DEU,wallnuss,94
DEU,trinkmahlzeit,94
DEU,proc,94
DEU,burger sauce,94
DEU,rummo,94
DEU,reisnudel,94
DEU,jerk,94
DEU,fennel,94
DEU,avok,94
DEU,haferkekse,94
DEU,rotw,93
DEU,rote z,93
DEU,guanc,93
DEU,nuttela,93
DEU,zucchin,93
DEU,dolce gusto,93
DEU,ostly,93
DEU,kokosjoghurt,93
DEU,wh,93
DEU,rom,93
DEU,elfb,93
DEU,schalo,93
DEU,bir,93
DEU,Spargel,93
DEU,eiweißbrot,93
DEU,spaget,93
DEU,nutela,93
DEU,weintraube,93
DEU,choclate,93
DEU,fei,93
DEU,cl,93
DEU,buchwei,93
DEU,tiger,93
DEU,brita,93
DEU,aj,93
DEU,hel,93
DEU,extra,93
DEU,mage,93
DEU,lett,93
DEU,pedto,93
DEU,uncle bens,93
DEU,ape,93
DEU,karti,93
DEU,beef jer,93
DEU,tymbark,93
DEU,Tom,93
DEU,zimtschnecke,93
DEU,wildhei,93
DEU,apfel bio,93
DEU,zoo,93
DEU,Gin,93
DEU,mundsp,93
DEU,pistaziencreme,93
DEU,nektari,93
DEU,hackfleich,93
DEU,alpro joghurt,93
DEU,gaz,93
DEU,gyoz,93
DEU,cigar,92
DEU,coca c,92
DEU,limes,92
DEU,too,92
DEU,ja chips,92
DEU,tender,92
DEU,gurkw,92
DEU,malzer,92
DEU,aufbackb,92
DEU,ouzo,92
DEU,ree,92
DEU,kräute,92
DEU,berlin,92
DEU,grano,92
DEU,war,92
DEU,zuchhini,92
DEU,mülls,92
DEU,sti,92
DEU,shallot,92
DEU,lam,92
DEU,hollondaise,92
DEU,bruschetta,92
DEU,cotta,92
DEU,eingelegte,92
DEU,yf,92
DEU,rö,92
DEU,zitronensäure,92
DEU,konfitüre,92
DEU,knö,92
DEU,Ha,92
DEU,merguez,92
DEU,Rice,92
DEU,bresa,92
DEU,kinder joy,92
DEU,shr,92
DEU,ste,92
DEU,glück,92
DEU,kidney beans,92
DEU,knäc,92
DEU,joghurt bio,92
DEU,barbecue,92
DEU,schokomüsli,92
DEU,kabeljau,92
DEU,quetschie,91
DEU,konjak,91
DEU,just spices,91
DEU,Mandeln,91
DEU,kasseler,91
DEU,chilli oil,91
DEU,energy zero,91
DEU,roman,91
DEU,putzmittel,91
DEU,ohren,91
DEU,ins,91
DEU,sport,91
DEU,vegan chicken,91
DEU,somers,91
DEU,würdt,91
DEU,flade,91
DEU,Laktose,91
DEU,Wodka,91
DEU,tera,91
DEU,studen,91
DEU,putenb,91
DEU,mühle,91
DEU,chili con carne,91
DEU,smoked,91
DEU,o saft,91
DEU,ping,91
DEU,wm,91
DEU,wackel,91
DEU,knochen,91
DEU,maybach,91
DEU,mutt,91
DEU,smoot,91
DEU,lingu,91
DEU,Katze,91
DEU,cayenne,91
DEU,safran,91
DEU,milky,90
DEU,geschirrs,90
DEU,browni,90
DEU,raff,90
DEU,fra,90
DEU,kaffee bohnen,90
DEU,zucci,90
DEU,handschu,90
DEU,mire,90
DEU,lil,90
DEU,Bacon,90
DEU,Windeln,90
DEU,corne,90
DEU,desi,90
DEU,harrys,90
DEU,joo,90
DEU,backform,90
DEU,fo,90
DEU,miracel,90
DEU,frischläse,90
DEU,kato,90
DEU,minced beef,90
DEU,waldmeister,90
DEU,waschmaschine,90
DEU,jaffa,90
DEU,Erd,90
DEU,haferfloc,90
DEU,weize,90
DEU,schup,90
DEU,hot dogs,90
DEU,rob,90
DEU,bären,90
DEU,rapsö,90
DEU,straciatella,90
DEU,sojajoghurt,90
DEU,kokos barista,90
DEU,acocado,90
DEU,artisch,90
DEU,gratinkäse,90
DEU,Zigarette,90
DEU,leno,90
DEU,baby wipes,90
DEU,lavas,90
DEU,tro,90
DEU,olivenol,90
DEU,weisskohl,89
DEU,tam,89
DEU,cane,89
DEU,schwei,89
DEU,zero cola,89
DEU,swee,89
DEU,rasie,89
DEU,kochschi,89
DEU,klo papier,89
DEU,vine,89
DEU,felds,89
DEU,Granatapfel,89
DEU,kürbiskern,89
DEU,somer,89
DEU,schal,89
DEU,currypaste,89
DEU,getrocknete tomate,89
DEU,creatin,89
DEU,rinde,89
DEU,iced tea,89
DEU,seeds,89
DEU,akti,89
DEU,mixer,89
DEU,hakle,89
DEU,kirchen,89
DEU,cara,89
DEU,reisnu,89
DEU,selerie,89
DEU,"0,0",89
DEU,zim,89
DEU,kräuter quark,89
DEU,sche,89
DEU,muff,89
DEU,Ka,89
DEU,rosi,89
DEU,eia,89
DEU,kiche,89
DEU,earl grey,89
DEU,küchentü,89
DEU,zahnstocher,89
DEU,tosst,89
DEU,anna,89
DEU,kürbi,89
DEU,crushed ice,89
DEU,spätzl,88
DEU,biet,88
DEU,ingwershot,88
DEU,chipd,88
DEU,bio ei,88
DEU,fleischsal,88
DEU,tomatem,88
DEU,leberwur,88
DEU,sieup,88
DEU,obaz,88
DEU,Prosecco,88
DEU,rettee,88
DEU,nugat,88
DEU,mozzerella,88
DEU,bug,88
DEU,french,88
DEU,gekochte eier,88
DEU,bio apfel,88
DEU,gnocch,88
DEU,bruzzler,88
DEU,harz,88
DEU,entrecote,88
DEU,dur,88
DEU,würstc,88
DEU,bio zitrone,88
DEU,fussel,88
DEU,chico,88
DEU,artis,88
DEU,mandelmu,88
DEU,sweet pot,88
DEU,käsescheiben,88
DEU,redbull zero,88
DEU,erotik,88
DEU,pesto vegan,88
DEU,apfelmuss,88
DEU,burgerbrötchen,88
DEU,calgon,88
DEU,soja sauce,88
DEU,fin,88
DEU,Emmentaler,88
DEU,eisbecher,88
DEU,bak,88
DEU,ein,87
DEU,nacken,87
DEU,Hirtenkäse,87
DEU,pinot,87
DEU,plastik,87
DEU,Re,87
DEU,schafskä,87
DEU,old spice,87
DEU,getrockne,87
DEU,omega,87
DEU,teewu,87
DEU,trüfr,87
DEU,frischkäse vegan,87
DEU,lauchzwie,87
DEU,stracciatella,87
DEU,nideln,87
DEU,klars,87
DEU,gelee,87
DEU,vaseline,87
DEU,emme,87
DEU,lass,87
DEU,pekan,87
DEU,uncle ben,87
DEU,actim,87
DEU,meridol,87
DEU,tp,87
DEU,rein,87
DEU,diet coke,87
DEU,toastkäse,87
DEU,riesen,87
DEU,ready to eat,87
DEU,Jo,87
DEU,tk pizza,87
DEU,kitten,87
DEU,zitronenkuchen,87
DEU,schoko drops,87
DEU,Kart,87
DEU,red bull zero,87
DEU,garbage bag,87
DEU,bann,87
DEU,dishwa,87
DEU,laktosefr,87
DEU,toilet pa,87
DEU,cherry tomatoes,87
DEU,pepero,87
DEU,sardelle,87
DEU,desinfek,87
DEU,inse,86
DEU,bret,86
DEU,ski,86
DEU,Kochsahne,86
DEU,flammku,86
DEU,sandwichkäse,86
DEU,Coppenrath,86
DEU,doppel,86
DEU,marmalade,86
DEU,dried,86
DEU,burger b,86
DEU,marzial,86
DEU,rotkäppchen,86
DEU,rügenwal,86
DEU,fritt,86
DEU,dr pepp,86
DEU,Kräuterquark,86
DEU,kombuch,86
DEU,crab,86
DEU,vanille pudding,86
DEU,kerz,86
DEU,mayona,86
DEU,porre,86
DEU,28 black,86
DEU,möven,86
DEU,after,86
DEU,wildberry,86
DEU,ses,86
DEU,butcher,86
DEU,toilet cleaner,86
DEU,krakauer,86
DEU,tiefkühl obst,86
DEU,kegir,86
DEU,rinderfilet,86
DEU,rinderbr,86
DEU,cranberr,86
DEU,white chocolate,86
DEU,chicken thigh,86
DEU,sweet chilli,86
DEU,Proteinriegel,86
DEU,vegg,86
DEU,koch sahne,86
DEU,aloe vera,86
DEU,spültabs,86
DEU,lingui,86
DEU,moch,86
DEU,müritzer,86
DEU,airfry,86
DEU,cola cherry,86
DEU,bres,86
DEU,cups,85
DEU,raumspray,85
DEU,rahmen,85
DEU,puebl,85
DEU,Snacks,85
DEU,ovo,85
DEU,strawbe,85
DEU,tomaten so,85
DEU,tomatendose,85
DEU,tips,85
DEU,tahi,85
DEU,geschälte,85
DEU,thunfisc,85
DEU,som,85
DEU,bergkä,85
DEU,winde,85
DEU,aufsc,85
DEU,canne,85
DEU,kasar,85
DEU,sush,85
DEU,like meat,85
DEU,rha,85
DEU,malbor,85
DEU,oreg,85
DEU,peeling,85
DEU,alnatura eis,85
DEU,sauergurken,85
DEU,drachenfrucht,85
DEU,schnittla,85
DEU,hühnerbr,85
DEU,glasn,85
DEU,venus,85
DEU,Energy Drink,85
DEU,karrot,85
DEU,nutt,85
DEU,soya sauce,85
DEU,kirche,85
DEU,braun,85
DEU,krautsa,85
DEU,gris,85
DEU,knac,85
DEU,kosmetiktücher,85
DEU,Kaffeebohnen,85
DEU,buter,85
DEU,nac,85
DEU,bockw,85
DEU,laktosef,85
DEU,entkalker,85
DEU,bahlsen,85
DEU,syr,85
DEU,veet,85
DEU,waffles,85
DEU,Reibekäse,85
DEU,erdnuss butter,85
DEU,pallmall,85
DEU,gruy,84
DEU,frischl,84
DEU,aufbackbrö,84
DEU,basmati reis,84
DEU,no sugar,84
DEU,Champi,84
DEU,katzenstre,84
DEU,fifa,84
DEU,speckwürfel,84
DEU,pum,84
DEU,knuspr,84
DEU,tabac,84
DEU,al natura,84
DEU,bat,84
DEU,raki,84
DEU,dunkel,84
DEU,coca col,84
DEU,frosties,84
DEU,pflaum,84
DEU,wasser sti,84
DEU,lauc,84
DEU,pamesan,84
DEU,salmo,84
DEU,curry paste,84
DEU,boulette,84
DEU,holland,84
DEU,nase,84
DEU,beef jerk,84
DEU,chor,84
DEU,buen,84
DEU,remulade,84
DEU,Maultaschen,84
DEU,koku,84
DEU,gero,84
DEU,herring,84
DEU,mela,84
DEU,deter,84
DEU,seelachs,84
DEU,beo,84
DEU,frischkäse kräuter,84
DEU,sod,84
DEU,weisswurst,84
DEU,crunchips,84
DEU,mayo light,84
DEU,eiscre,84
DEU,plum,84
DEU,finess,84
DEU,kucheb,84
DEU,schwepp,84
DEU,mungo,84
DEU,wild berry,84
DEU,teriy,84
DEU,un,84
DEU,philad,84
DEU,gouda gerieben,84
DEU,getrockn,84
DEU,feuchtes toilettenpapier,83
DEU,käse würfel,83
DEU,Eiscreme,83
DEU,kam,83
DEU,gril,83
DEU,Yogurt,83
DEU,fal,83
DEU,ice coffee,83
DEU,Zwieback,83
DEU,meerrettich,83
DEU,mä,83
DEU,haargel,83
DEU,frisch käse,83
DEU,total,83
DEU,cousc,83
DEU,sarma,83
DEU,mineralw,83
DEU,marshmallow,83
DEU,this is,83
DEU,hörnchen,83
DEU,viss,83
DEU,tursu,83
DEU,jug,83
DEU,tob,83
DEU,lahm,83
DEU,conde,83
DEU,chicken stock,83
DEU,körniger fr,83
DEU,kurku,83
DEU,hambu,83
DEU,vitamine,83
DEU,brotc,83
DEU,milch lakt,83
DEU,kos,83
DEU,Steak,83
DEU,vanilla extract,83
DEU,moh,83
DEU,Fleischsalat,83
DEU,pingu,83
DEU,geflügel salami,83
DEU,nudels,83
DEU,pastinake,82
DEU,liquid,82
DEU,glutenfr,82
DEU,camemb,82
DEU,müller milch,82
DEU,veggie hack,82
DEU,tupper,82
DEU,nüss,82
DEU,toilet p,82
DEU,traubenzucker,82
DEU,fliege,82
DEU,heine,82
DEU,allz,82
DEU,rie,82
DEU,körniger frischk,82
DEU,fusil,82
DEU,Jog,82
DEU,Geburtstag,82
DEU,tonno,82
DEU,dahne,82
DEU,hähnchenbrustfilet,82
DEU,eisbe,82
DEU,beypa,82
DEU,malt,82
DEU,this,82
DEU,Zimt,82
DEU,geschirrspü,82
DEU,piccoli,82
DEU,city,82
DEU,kadayif,82
DEU,chicken broth,82
DEU,iced coffee,82
DEU,gummy,82
DEU,broccol,82
DEU,lugana,82
DEU,hy,82
DEU,vegane mayo,82
DEU,schokosauce,82
DEU,mineralwa,82
DEU,masala,82
DEU,passierte tomate,82
DEU,puddingpulver,82
DEU,birn,82
DEU,rocket,82
DEU,remu,82
DEU,blät,82
DEU,kohlensäure,82
DEU,geschne,82
DEU,breas,82
DEU,gehack,82
DEU,tzat,82
DEU,brut,82
DEU,wasswe,82
DEU,prinz,82
DEU,lade,82
DEU,pistazi,82
DEU,pho,82
DEU,champigno,82
DEU,holsten,82
DEU,riso,82
DEU,scheuer,81
DEU,paulberger,81
DEU,knalle,81
DEU,til,81
DEU,brief,81
DEU,Grieß,81
DEU,Tunfisch,81
DEU,vap,81
DEU,Putenbrust,81
DEU,magnes,81
DEU,skye,81
DEU,mayo vegan,81
DEU,italien,81
DEU,eras,81
DEU,stickado,81
DEU,Gorgonzola,81
DEU,indisch,81
DEU,pla,81
DEU,ungarisch,81
DEU,glasr,81
DEU,pokemon,81
DEU,mayonn,81
DEU,prosec,81
DEU,Streukäse,81
DEU,magar,81
DEU,huh,81
DEU,drain,81
DEU,selta,81
DEU,Dressing,81
DEU,garl,81
DEU,abfluss,81
DEU,peaches,81
DEU,tur,81
DEU,kreuzk,81
DEU,reibe käse,81
DEU,hähncheb,81
DEU,zartbi,81
DEU,glasrein,81
DEU,itali,81
DEU,mikch,81
DEU,straccia,81
DEU,käse leicht,81
DEU,spieß,81
DEU,Datteln,81
DEU,Batterien,81
DEU,selleri,81
DEU,fruch,81
DEU,trockensh,81
DEU,qtips,81
DEU,sea,81
DEU,beypazarı,81
DEU,skr,81
DEU,washing machine,81
DEU,magi,81
DEU,tomatwn,81
DEU,granny,81
DEU,kit kat,81
DEU,ketchup zero,81
DEU,kräuterquar,81
DEU,weißwurst,81
DEU,happy day,81
DEU,gönergy,81
DEU,pecan,80
DEU,Zeit für,80
DEU,baril,80
DEU,tomaten soße,80
DEU,kochsahn,80
DEU,mango saft,80
DEU,Fladenbrot,80
DEU,annanas,80
DEU,passa,80
DEU,dark choc,80
DEU,kelloggs,80
DEU,cool,80
DEU,kasse,80
DEU,rewe feine welt,80
DEU,riga,80
DEU,vanilleso,80
DEU,dr oet,80
DEU,creme fresh,80
DEU,Ramen,80
DEU,heimat,80
DEU,emmental,80
DEU,wok,80
DEU,zitronengras,80
DEU,mozze,80
DEU,gerolst,80
DEU,Ba,80
DEU,Nudelsalat,80
DEU,Olive,80
DEU,pit,80
DEU,donu,80
DEU,prosci,80
DEU,cola ja,80
DEU,wasswr,80
DEU,swiff,80
DEU,proteinpudding,80
DEU,gewürzgurk,80
DEU,brenn,80
DEU,Blumenkohl,80
DEU,edel,80
DEU,kinder pin,80
DEU,cherry tomato,80
DEU,linsensuppe,80
DEU,fench,80
DEU,haltbare,80
DEU,böre,80
DEU,champa,80
DEU,pet nat,80
DEU,brocol,80
DEU,kornf,80
DEU,mundwasser,80
DEU,zweibel,80
DEU,cornflake,80
DEU,zeeo,80
DEU,roc,80
DEU,rosewein,79
DEU,getranke,79
DEU,kuvert,79
DEU,"5,0",79
DEU,hafermehl,79
DEU,reismehl,79
DEU,erdbeermarmelade,79
DEU,johann,79
DEU,wafer,79
DEU,gue,79
DEU,suppengrü,79
DEU,götterspeise,79
DEU,plom,79
DEU,weißwe,79
DEU,halumi,79
DEU,onig,79
DEU,apfel saft,79
DEU,rasiergel,79
DEU,cola zero zero,79
DEU,com,79
DEU,zazik,79
DEU,glue,79
DEU,dal,79
DEU,saus,79
DEU,sca,79
DEU,mezz,79
DEU,apfelstrudel,79
DEU,insect,79
DEU,Rind,79
DEU,liver,79
DEU,nektarin,79
DEU,bau,79
DEU,augus,79
DEU,swif,79
DEU,jak,79
DEU,getrocknet,79
DEU,leinsa,79
DEU,hafermilcj,79
DEU,almatura,79
DEU,meere,79
DEU,maultas,79
DEU,mascarp,79
DEU,danone,79
DEU,ohne,79
DEU,gläser,79
DEU,Eisberg,79
DEU,deko,79
DEU,almdudler,79
DEU,dinos,79
DEU,pepsi max,79
DEU,feuchtücher,79
DEU,ries,79
DEU,laug,79
DEU,mate zero,79
DEU,lakri,79
DEU,strei,79
DEU,uluda,79
DEU,Krautsalat,79
DEU,tiefkuhl,78
DEU,karroten,78
DEU,lady,78
DEU,sur,78
DEU,almond butter,78
DEU,wil,78
DEU,davido,78
DEU,smart,78
DEU,vl,78
DEU,pate,78
DEU,aube,78
DEU,kaffeewei,78
DEU,kic,78
DEU,sour crea,78
DEU,bierschinken,78
DEU,kelse,78
DEU,wurstchen,78
DEU,majonaise,78
DEU,zipper,78
DEU,suppengem,78
DEU,pasti,78
DEU,cigarettes,78
DEU,cliff,78
DEU,vapes,78
DEU,cooking oil,78
DEU,entre,78
DEU,geflügel wurst,78
DEU,spare,78
DEU,powera,78
DEU,san pelegrino,78
DEU,greenforce,78
DEU,nelken,78
DEU,hollon,78
DEU,spülmaschinentabs,78
DEU,leibni,78
DEU,biltong,78
DEU,bluebe,78
DEU,spreewald,78
DEU,salamie,78
DEU,kür,78
DEU,fanta exotic,78
DEU,vegan butter,78
DEU,Dill,78
DEU,rote beet,78
DEU,alpto,78
DEU,brott,78
DEU,kamillen,78
DEU,fuzetea,78
DEU,antikal,78
DEU,del,78
DEU,rote beete saft,78
DEU,greek yog,78
DEU,dusche,78
DEU,dog food,78
DEU,hits,78
DEU,potatos,78
DEU,carpaccio,78
DEU,mam,78
DEU,Vitamin,78
DEU,rice up,78
DEU,wipe,78
DEU,tchibo,78
DEU,corriander,78
DEU,salt and vinegar,78
DEU,honig senf,78
DEU,tomate bio,78
DEU,tos,78
DEU,Toil,78
DEU,selters,78
DEU,make up,77
DEU,mülltüt,77
DEU,würste,77
DEU,bbq sauce,77
DEU,weißw,77
DEU,kre,77
DEU,mascara,77
DEU,stracia,77
DEU,freche freunde,77
DEU,türkis,77
DEU,kol,77
DEU,pra,77
DEU,maid,77
DEU,rinder hack,77
DEU,tiramis,77
DEU,gesichts,77
DEU,tzaz,77
DEU,oyster sauce,77
DEU,klos,77
DEU,hagen,77
DEU,almon,77
DEU,snus,77
DEU,käse gerie,77
DEU,clean,77
DEU,ers,77
DEU,pomes,77
DEU,ceaser,77
DEU,havkfleisch,77
DEU,apricot,77
DEU,instant noodles,77
DEU,konfi,77
DEU,knax,77
DEU,rettet,77
DEU,blumenerde,77
DEU,blasen,77
DEU,vanille zucker,77
DEU,Dr pepper,77
DEU,desper,77
DEU,lav,77
DEU,waf,77
DEU,halou,77
DEU,cotto,77
DEU,entko,77
DEU,agua,77
DEU,bodylotion,77
DEU,Fertiggerichte,77
DEU,schu,77
DEU,Mate,77
DEU,slat,77
DEU,febre,77
DEU,vanillesauce,77
DEU,spieße,77
DEU,backk,77
DEU,Starbucks,77
DEU,kaşar,77
DEU,schinkenwü,77
DEU,schwarzer tee,77
DEU,käse geri,77
DEU,skittles,77
DEU,wald,77
DEU,katzenst,77
DEU,Frühlingszwiebeln,77
DEU,puderz,76
DEU,piccolo,76
DEU,milch frisch,76
DEU,geschn,76
DEU,ital,76
DEU,"Milch 1,5",76
DEU,glutenf,76
DEU,Hä,76
DEU,cooling,76
DEU,makeup,76
DEU,coppenr,76
DEU,getroc,76
DEU,laktose frei,76
DEU,getrocknete Tomaten,76
DEU,kokos joghurt,76
DEU,seafood,76
DEU,grich,76
DEU,mineralwass,76
DEU,nürn,76
DEU,low calorie,76
DEU,speis,76
DEU,pret,76
DEU,bec,76
DEU,teak,76
DEU,kabano,76
DEU,soha,76
DEU,klopapie,76
DEU,La,76
DEU,monster zero,76
DEU,gazo,76
DEU,vitamin d,76
DEU,guin,76
DEU,becha,76
DEU,just,76
DEU,mortadela,76
DEU,salzbrezeln,76
DEU,geschnetz,76
DEU,alcohol free,76
DEU,pastra,76
DEU,Energy Drinks,76
DEU,chicken wing,76
DEU,schokoriegel,76
DEU,softdrink,76
DEU,met,76
DEU,baby wasser,76
DEU,serra,76
DEU,dececco,76
DEU,schlaf,76
DEU,reismilch,76
DEU,pina,76
DEU,tikka,76
DEU,semolina,76
DEU,essigg,76
DEU,mio mio,76
DEU,kräuterqua,76
DEU,vegan ice cream,76
DEU,bio eis,76
DEU,rescue bag,76
DEU,merlot,76
DEU,avi,76
DEU,pers,76
DEU,mouthwash,76
DEU,stangen,76
DEU,sausa,76
DEU,spülmaschi,76
DEU,treets,76
DEU,valess,76
DEU,darbo,76
DEU,orangesaft,76
DEU,madel,76
DEU,leberkä,76
DEU,Bio-Erfrischungsgetränk,76
DEU,light mayo,76
DEU,noug,76
DEU,amore,75
DEU,goida,75
DEU,chili cheese,75
DEU,spühlmittel,75
DEU,stern,75
DEU,ja käse,75
DEU,aubergi,75
DEU,lettu,75
DEU,hihn,75
DEU,Harry,75
DEU,Avo,75
DEU,gelato,75
DEU,trin,75
DEU,tamp,75
DEU,wasserei,75
DEU,Knorr,75
DEU,hart,75
DEU,schinkenwurst,75
DEU,avocafo,75
DEU,tulip,75
DEU,rüge,75
DEU,weintraub,75
DEU,wiene,75
DEU,protein ice,75
DEU,königs,75
DEU,chios,75
DEU,zwiebelmett,75
DEU,anchovies,75
DEU,hähnchen bio,75
DEU,italian,75
DEU,creme legere,75
DEU,schnitze,75
DEU,whole,75
DEU,arugula,75
DEU,erbeeren,75
DEU,haars,75
DEU,Mälzer,75
DEU,moelk,75
DEU,marziale+,75
DEU,tri,75
DEU,gol,75
DEU,rosine,75
DEU,sauce holl,75
DEU,americ,75
DEU,kapsel,75
DEU,tonaten,75
DEU,softener,75
DEU,Kräuterbutter,75
DEU,buchstaben,75
DEU,polenta,75
DEU,artischocken,75
DEU,bier alkohol,75
DEU,reibekuchen,75
DEU,suß,75
DEU,mezzo mix,75
DEU,orangi,75
DEU,frühlingsrollen,75
DEU,chilli con,75
DEU,löffe,75
DEU,aufback brötchen,75
DEU,green tea,75
DEU,alpro vanille,75
DEU,vil,75
DEU,greek y,75
DEU,insek,74
DEU,ecke,74
DEU,kloßteig,74
DEU,gro,74
DEU,ültje,74
DEU,high prote,74
DEU,bufala,74
DEU,prinzenrolle,74
DEU,direktsaft,74
DEU,nassfutter,74
DEU,misch,74
DEU,Müller,74
DEU,bö,74
DEU,sahnr,74
DEU,koriand,74
DEU,Sardinen,74
DEU,nissin,74
DEU,moc,74
DEU,pumpernickel,74
DEU,brot glutenfrei,74
DEU,lasan,74
DEU,lipt,74
DEU,napkin,74
DEU,brotauf,74
DEU,Rasierer,74
DEU,nail,74
DEU,ibuprofen,74
DEU,dusc,74
DEU,protein nudeln,74
DEU,chewing gum,74
DEU,falaf,74
DEU,amber,74
DEU,kel,74
DEU,jä,74
DEU,gesc,74
DEU,raffaelo,74
DEU,tiefkühlobst,74
DEU,monster energy,74
DEU,pizzak,74
DEU,true dates,74
DEU,Bana,74
DEU,chips ja,74
DEU,cooling box,74
DEU,Buldak,74
DEU,mung,74
DEU,saure gu,74
DEU,stift,74
DEU,toulet,74
DEU,sake,73
DEU,bananensaft,73
DEU,griesbrei,73
DEU,dishwas,73
DEU,tru fru,73
DEU,kalt,73
DEU,handcreme,73
DEU,mühl,73
DEU,Leber,73
DEU,mushroo,73
DEU,jagdwurst,73
DEU,schlagsahn,73
DEU,knife,73
DEU,konser,73
DEU,gourmet,73
DEU,Thun,73
DEU,kesselchips,73
DEU,marabou,73
DEU,feig,73
DEU,weihen,73
DEU,wasser 6,73
DEU,ped,73
DEU,chesse,73
DEU,oi,73
DEU,putenbr,73
DEU,arab,73
DEU,tüt,73
DEU,ah,73
DEU,buchwe,73
DEU,Brezel,73
DEU,dump,73
DEU,tunfish,73
DEU,das pure,73
DEU,Curry,73
DEU,vollkorn toast,73
DEU,leer,73
DEU,worc,73
DEU,Bread,73
DEU,milch ja,73
DEU,Erfrischungs Getränk,73
DEU,serviette,73
DEU,despe,73
DEU,puri,73
DEU,hutten,73
DEU,gio,73
DEU,bahuette,73
DEU,kohlra,73
DEU,schokotropfen,73
DEU,halu,73
DEU,spülmaschinensalz,72
DEU,oreo eis,72
DEU,black bean,72
DEU,gefüllte,72
DEU,mr,72
DEU,kühne,72
DEU,golden,72
DEU,caba,72
DEU,pp,72
DEU,waschpu,72
DEU,electr,72
DEU,pizza dough,72
DEU,massage,72
DEU,almdu,72
DEU,geträn,72
DEU,Pfannkuchen,72
DEU,erdnussm,72
DEU,Yayla,72
DEU,wein rot,72
DEU,mascarpo,72
DEU,blut,72
DEU,protein pu,72
DEU,puzza,72
DEU,Butterkäse,72
DEU,gallseife,72
DEU,champing,72
DEU,antipas,72
DEU,hallumi,72
DEU,gemu,72
DEU,Wassereis,72
DEU,shaving,72
DEU,süssig,72
DEU,coca co,72
DEU,blatterteig,72
DEU,rä,72
DEU,tuhn,72
DEU,eiskafee,72
DEU,raspberries,72
DEU,picol,72
DEU,Sprudelwasser,72
DEU,wate,72
DEU,biscof,72
DEU,mozere,72
DEU,eis protein,72
DEU,bif,72
DEU,TK,72
DEU,cup noodles,72
DEU,smetana,72
DEU,big,72
DEU,helle,72
DEU,sourcreme,72
DEU,Laktosefrei,72
DEU,schauma,72
DEU,Kokoswasser,72
DEU,backm,72
DEU,marma,72
DEU,Waschpulver,72
DEU,iced,72
DEU,kochsc,72
DEU,serr,71
DEU,parmeg,71
DEU,korni,71
DEU,farbe,71
DEU,gesalzene butter,71
DEU,magnum vegan,71
DEU,hager,71
DEU,lavendel,71
DEU,samen,71
DEU,vegan salami,71
DEU,yogi,71
DEU,hot d,71
DEU,fritz limo,71
DEU,venti,71
DEU,einmal,71
DEU,süsskar,71
DEU,gaud,71
DEU,vitamalz,71
DEU,7 up,71
DEU,wallnüsse,71
DEU,Wasch,71
DEU,coral,71
DEU,dateln,71
DEU,ginger shot,71
DEU,schokom,71
DEU,trock,71
DEU,milch hafer,71
DEU,america,71
DEU,pelmen,71
DEU,sauerkra,71
DEU,grapef,71
DEU,wildheidelbeeren,71
DEU,feinkost,71
DEU,Tomato,71
DEU,crun,71
DEU,entkoff,71
DEU,sojadrink,71
DEU,fussil,71
DEU,nachtisch,71
DEU,safr,71
DEU,ostmann,71
DEU,mozzarella light,71
DEU,bubble tea,71
DEU,Sü,71
DEU,Greek,71
DEU,küchenrollen,71
DEU,kondo,71
DEU,dextro,71
DEU,garam,71
DEU,Hipp,71
DEU,dumpl,71
DEU,wund,71
DEU,toilettenpapi,71
DEU,cheetos,71
DEU,sauc,71
DEU,hundeeis,71
DEU,mango eis,71
DEU,lactose free milk,71
DEU,soinat,71
DEU,vita coco,71
DEU,choko,71
DEU,spre,71
DEU,tiefkühlpizza,71
DEU,käsr,71
DEU,scham,71
DEU,mandari,71
DEU,skyt,71
DEU,amecke,71
DEU,wc frisch,70
DEU,monater,70
DEU,Desinfektion,70
DEU,haltbare milch,70
DEU,getrocknete to,70
DEU,vegan pizza,70
DEU,rocher,70
DEU,aufschnit,70
DEU,handse,70
DEU,earl,70
DEU,apta,70
DEU,veganes eis,70
DEU,löff,70
DEU,powder,70
DEU,gehackt,70
DEU,schokob,70
DEU,museli,70
DEU,garbage bags,70
DEU,faden,70
DEU,amaretto,70
DEU,schwep,70
DEU,jps,70
DEU,rewe eis,70
DEU,rapsol,70
DEU,hähnchenbru,70
DEU,gehac,70
DEU,handsei,70
DEU,bä,70
DEU,elin,70
DEU,rhab,70
DEU,volvic touch,70
DEU,schenkel,70
DEU,milchschni,70
DEU,burger käse,70
DEU,adelhol,70
DEU,lime juice,70
DEU,pale,70
DEU,Dr,70
DEU,herin,70
DEU,geflügelsalat,70
DEU,bihnen,70
DEU,essiggu,70
DEU,nur,70
DEU,malibu,70
DEU,florida eis,70
DEU,frischköse,70
DEU,butterke,70
DEU,waschma,70
DEU,guiness,70
DEU,natr,70
DEU,guava,70
DEU,lorb,70
DEU,monste,70
DEU,schwarzwald,70
DEU,preiselbeeren,70
DEU,mantı,70
DEU,Zartbitter,70
DEU,Hähn,70
DEU,Hühner,70
DEU,little lunch,70
DEU,ESN,70
DEU,bio joghurt,70
DEU,Paniermehl,70
DEU,feuerz,70
DEU,ice cr,70
DEU,chia seeds,70
DEU,youc,70
DEU,chefdar,70
DEU,maio,70
DEU,butter bio,70
DEU,pimple,70
DEU,salami bio,69
DEU,tafel,69
DEU,soa,69
DEU,eis vanille,69
DEU,canned,69
DEU,baileys,69
DEU,griss,69
DEU,alaska,69
DEU,whiskas,69
DEU,Matcha,69
DEU,skir,69
DEU,staubsauger,69
DEU,weichspül,69
DEU,scheib,69
DEU,ricola,69
DEU,gelier,69
DEU,fork,69
DEU,haushalt,69
DEU,käse aufschnitt,69
DEU,reinigungstücher,69
DEU,Coffee,69
DEU,corned beef,69
DEU,tante,69
DEU,bea,69
DEU,rasierklingen,69
DEU,Mo,69
DEU,Frisch,69
DEU,cooking,69
DEU,flohsa,69
DEU,joha,69
DEU,fruchtzwerg,69
DEU,halo,69
DEU,hamb,69
DEU,margerine,69
DEU,avac,69
DEU,ost,69
DEU,durs,69
DEU,7 days,69
DEU,mettenden,69
DEU,red pepper,69
DEU,Kaffe,69
DEU,joghurt 10,69
DEU,glasur,69
DEU,que,69
DEU,pecor,69
DEU,mango juice,69
DEU,backware,69
DEU,halloum,69
DEU,klorix,69
DEU,Frischk,69
DEU,schmelzflocken,69
DEU,chiliöl,69
DEU,hähnchenschenkel,69
DEU,Kar,69
DEU,hotd,69
DEU,katzenstr,69
DEU,räuch,69
DEU,rote paprika,69
DEU,Moz,69
DEU,paprika mark,69
DEU,crodino,69
DEU,wärme,69
DEU,elvis,69
DEU,alo,69
DEU,weinblä,69
DEU,hatibo,69
DEU,deod,69
DEU,ananas saft,69
DEU,bt,69
DEU,Smoothie,69
DEU,American,69
DEU,kürb,69
DEU,Toilettenp,69
DEU,rindswurst,69
DEU,Ap,69
DEU,chocomel,69
DEU,schalotte,69
DEU,paprika edelsüß,69
DEU,minu,69
DEU,salami sti,69
DEU,kircher,69
DEU,chilli flakes,69
DEU,kaugummis,68
DEU,krau,68
DEU,duschbad,68
DEU,schokolade vegan,68
DEU,crac,68
DEU,Lauchzwiebeln,68
DEU,Trüffel,68
DEU,fajita,68
DEU,goch,68
DEU,pomegranate,68
DEU,basmati rice,68
DEU,nus,68
DEU,dov,68
DEU,havanna,68
DEU,agar,68
DEU,danke,68
DEU,wick,68
DEU,sieb,68
DEU,riffel,68
DEU,spir,68
DEU,kot,68
DEU,ly,68
DEU,padano,68
DEU,cola zwro,68
DEU,kött,68
DEU,ferr,68
DEU,kiosk,68
DEU,b12,68
DEU,feta vegan,68
DEU,low fat,68
DEU,kaugumm,68
DEU,citron,68
DEU,banen,68
DEU,brech,68
DEU,tvorog,68
DEU,sug,68
DEU,rhabarber,68
DEU,wrsp,68
DEU,bio brot,68
DEU,cornett,68
DEU,dark choco,68
DEU,paradies,68
DEU,mountain,68
DEU,anch,68
DEU,zahns,68
DEU,cea,68
DEU,freche,68
DEU,lichtenauer,68
DEU,windb,68
DEU,brechbohnen,68
DEU,beeren tk,68
DEU,spielzeug,68
DEU,candles,68
DEU,wein rose,68
DEU,flasche,68
DEU,bebi,68
DEU,bali,68
DEU,tomato can,68
DEU,fleischsala,68
DEU,suppenfleisch,68
DEU,käse ja,68
DEU,hönig,68
DEU,proteinbrot,68
DEU,röstzwie,68
DEU,schoko müsli,68
DEU,Sala,68
DEU,dinkel nudeln,68
DEU,frischhaltefolie,68
DEU,erdnusse,68
DEU,handkäse,68
DEU,paloma,68
DEU,Wasser medium,68
DEU,caro,68
DEU,knorr fix,67
DEU,bio hack,67
DEU,nrot,67
DEU,gönrgy,67
DEU,joghut,67
DEU,hühnerfr,67
DEU,gla,67
DEU,Cola zer,67
DEU,bratk,67
DEU,proteinrie,67
DEU,milch reis,67
DEU,handschuh,67
DEU,lindor,67
DEU,brau,67
DEU,tym,67
DEU,pack,67
DEU,proteinri,67
DEU,bech,67
DEU,grillkohle,67
DEU,ice te,67
DEU,youghurt,67
DEU,antipast,67
DEU,meerr,67
DEU,Zahn,67
DEU,geburts,67
DEU,onst,67
DEU,elfba,67
DEU,Räucherlachs,67
DEU,matc,67
DEU,läse,67
DEU,Blättchen,67
DEU,Filter,67
DEU,express,67
DEU,spüll,67
DEU,Pa,67
DEU,apero,67
DEU,haare,67
DEU,teriya,67
DEU,Mi,67
DEU,zott,67
DEU,mult,67
DEU,arra,67
DEU,cous cous,67
DEU,rees,67
DEU,jägermeister,67
DEU,kosm,67
DEU,mozzarella sticks,67
DEU,Banan,67
DEU,dark ch,67
DEU,mineral wasser,67
DEU,nippon,67
DEU,ty,67
DEU,süßer senf,67
DEU,lavera,67
DEU,boun,67
DEU,dishwasher tabs,67
DEU,m und m,67
DEU,oral,67
DEU,easser,67
DEU,röstzwi,67
DEU,aluf,67
DEU,cop,67
DEU,toat,67
DEU,jacob,67
DEU,cigk,67
DEU,naturj,67
DEU,jakor,67
DEU,rew,67
DEU,Sal,67
DEU,coria,67
DEU,batteries,66
DEU,bratensauce,66
DEU,barb,66
DEU,kichen,66
DEU,klee,66
DEU,erbe,66
DEU,kidney bohnen,66
DEU,kaffeekap,66
DEU,schokostreusel,66
DEU,kuver,66
DEU,haferdr,66
DEU,Durstlöscher,66
DEU,putzen,66
DEU,ver,66
DEU,geramon,66
DEU,lister,66
DEU,sause,66
DEU,geflugel,66
DEU,flu,66
DEU,peotein,66
DEU,Eisw,66
DEU,mos,66
DEU,krema,66
DEU,herbs,66
DEU,gewurz,66
DEU,durum,66
DEU,glühbirne,66
DEU,effe,66
DEU,krom,66
DEU,bologne,66
DEU,filt,66
DEU,patties,66
DEU,hundef,66
DEU,radischen,66
DEU,sunscreen,66
DEU,skyr laktosefrei,66
DEU,diät,66
DEU,tei,66
DEU,canel,66
DEU,Mülltüten,66
DEU,jui,66
DEU,dave,66
DEU,Peperoni,66
DEU,dallmayr,66
DEU,apfelringe,66
DEU,condo,66
DEU,thuna,66
DEU,mitsuba,66
DEU,mouse,66
DEU,Yoghurt,66
DEU,colq,66
DEU,relish,66
DEU,thin,66
DEU,palm,66
DEU,käse streu,66
DEU,Berliner,66
DEU,scharfer,66
DEU,Milchschnitte,66
DEU,passierte to,66
DEU,porrid,66
DEU,bärlauch,66
DEU,desti,66
DEU,afri cola,66
DEU,ling,66
DEU,trüffe,65
DEU,sauvignon,65
DEU,pappteller,65
DEU,hone,65
DEU,puffer,65
DEU,schokoladentafel,65
DEU,lax,65
DEU,karam,65
DEU,kosme,65
DEU,Wraps,65
DEU,rot wein,65
DEU,parfüm,65
DEU,Hundefutter,65
DEU,carbo,65
DEU,turşu,65
DEU,margari,65
DEU,macc,65
DEU,Burrata,65
DEU,shredded cheese,65
DEU,Zeit für Brot,65
DEU,magerine,65
DEU,chicken nugg,65
DEU,labneh,65
DEU,wattes,65
DEU,weißwei,65
DEU,goji,65
DEU,mais chips,65
DEU,cecco,65
DEU,vog,65
DEU,cala,65
DEU,meeres,65
DEU,nussmischung,65
DEU,chicken nu,65
DEU,perw,65
DEU,eiwr,65
DEU,vhips,65
DEU,vase,65
DEU,mak,65
DEU,käsw,65
DEU,Couscous,65
DEU,wax,65
DEU,buratt,65
DEU,charger,65
DEU,ben&,65
DEU,fetta,65
DEU,glutenfrei brot,65
DEU,bircher,65
DEU,nutella eis,65
DEU,nage,65
DEU,artischo,65
DEU,raviol,65
DEU,spülmitt,65
DEU,sirach,65
DEU,froze,65
DEU,majoran,65
DEU,kreuter,65
DEU,peppe,65
DEU,bund,65
DEU,toileten,65
DEU,more sirup,65
DEU,curry ketchup,65
DEU,Küchenpapier,65
DEU,erdnussflips,65
DEU,wassere,65
DEU,skyr alpro,65
DEU,käsewü,65
DEU,rahmso,65
DEU,india,65
DEU,seide,65
DEU,salzbre,65
DEU,klarspü,65
DEU,bind,65
DEU,chickpe,65
DEU,kurk,65
DEU,eo,65
DEU,rice vinegar,65
DEU,exqu,65
DEU,frei,65
DEU,litter,64
DEU,zahnbür,64
DEU,grieche,64
DEU,rhaba,64
DEU,today,64
DEU,eis magnum,64
DEU,samt,64
DEU,fen,64
DEU,küchentolle,64
DEU,wackelpudding,64
DEU,ayvar,64
DEU,nesp,64
DEU,räu,64
DEU,chilli con carne,64
DEU,wc stein,64
DEU,cola li,64
DEU,Küche,64
DEU,ee,64
DEU,feli,64
DEU,wattep,64
DEU,alkoholfr,64
DEU,three,64
DEU,neo,64
DEU,yoghurette,64
DEU,Tomat,64
DEU,sekt alkoholfrei,64
DEU,erdber,64
DEU,zahncreme,64
DEU,gerolste,64
DEU,koala,64
DEU,paprika chips,64
DEU,electrol,64
DEU,nou,64
DEU,milupa,64
DEU,buckwheat,64
DEU,caps,64
DEU,seasoning,64
DEU,vegetar,64
DEU,tagl,64
DEU,milchmädchen,64
DEU,moet,64
DEU,roti,64
DEU,gummibär,64
DEU,grand,64
DEU,grießbrei,64
DEU,ajax,64
DEU,pocky,64
DEU,bretz,64
DEU,lipto,64
DEU,melat,64
DEU,nick,64
DEU,john,64
DEU,volvo,64
DEU,smirnoff,64
DEU,apfelschorl,64
DEU,arabiata,64
DEU,streu käse,64
DEU,Eggs,64
DEU,gallo,64
DEU,tils,64
DEU,fon,64
DEU,frühstü,64
DEU,milch 1.5,64
DEU,Zwie,64
DEU,oreos,64
DEU,seitenbacher,64
DEU,jac,64
DEU,sagrot,64
DEU,tiefkühlgemüse,64
DEU,geramo,64
DEU,bratkartoffeln,64
DEU,Tonic,64
DEU,lan,64
DEU,baldamico,64
DEU,maryland,64
DEU,qtip,64
DEU,gewu,64
DEU,käseku,64
DEU,Grill,64
DEU,remoula,64
DEU,marmor,64
DEU,black tea,64
DEU,johg,64
DEU,viva,64
DEU,leberwurs,64
DEU,getrocknete toma,64
DEU,got,64
DEU,tiss,64
DEU,oetker,64
DEU,parmaschinken,64
DEU,suppenge,64
DEU,vollkornreis,64
DEU,yak,64
DEU,Waffel,64
DEU,Zeit für brot,63
DEU,alster,63
DEU,Balsamico,63
DEU,lot,63
DEU,klostein,63
DEU,ben jerr,63
DEU,fly,63
DEU,ches,63
DEU,straci,63
DEU,frühlingsquark,63
DEU,pamper,63
DEU,patt,63
DEU,gelb,63
DEU,cherry toma,63
DEU,lill,63
DEU,bertolli,63
DEU,euer,63
DEU,rote grü,63
DEU,Baby,63
DEU,puffreis,63
DEU,milchpulver,63
DEU,caper,63
DEU,Kartoffelpüree,63
DEU,filters,63
DEU,kop,63
DEU,kae,63
DEU,vermouth,63
DEU,schokoso,63
DEU,Ice cream,63
DEU,dunkle schoko,63
DEU,old amsterdam,63
DEU,salzig,63
DEU,quä,63
DEU,Tzatziki,63
DEU,alkoho,63
DEU,chin,63
DEU,"wasser 1,5",63
DEU,kokusnuss,63
DEU,braune,63
DEU,crepes,63
DEU,trockenhefe,63
DEU,hanche,63
DEU,schwarzw,63
DEU,kneipp,63
DEU,jighurt,63
DEU,wins,63
DEU,coma,63
DEU,parboiled,63
DEU,chips salz,63
DEU,Ta,63
DEU,maiz,63
DEU,kartofell,63
DEU,geta,63
DEU,muschel,63
DEU,albatura,63
DEU,salad dressing,63
DEU,bio käse,63
DEU,malteser,63
DEU,gemahlen,63
DEU,bauern,63
DEU,konf,63
DEU,Löffel,63
DEU,Taschen,63
DEU,grillkä,63
DEU,bratka,63
DEU,spülmitte,63
DEU,emmenta,63
DEU,h-,63
DEU,oregan,63
DEU,Mozz,63
DEU,dr p,63
DEU,matj,63
DEU,baquette,63
DEU,cale,63
DEU,gusta,63
DEU,Ge,63
DEU,jever fun,63
DEU,cin,63
DEU,aubergin,63
DEU,weide,63
DEU,milch h,63
DEU,bok,63
DEU,bratwur,63
DEU,muz,63
DEU,Meerrettich,63
DEU,cann,63
DEU,rinderhackfleisch,63
DEU,natural wine,63
DEU,hitschi,63
DEU,zartbitterschokolade,63
DEU,kuchenr,62
DEU,cordon bleu,62
DEU,brioc,62
DEU,fein,62
DEU,marlboro rot,62
DEU,bio tomate,62
DEU,vegan burger,62
DEU,kaffeeb,62
DEU,gin tonic,62
DEU,baby spinat,62
DEU,müllbeut,62
DEU,ritt,62
DEU,butterkek,62
DEU,rote zwieb,62
DEU,gluten free bread,62
DEU,linsenchip,62
DEU,eiswur,62
DEU,rispen,62
DEU,kiei,62
DEU,wassr,62
DEU,Spül,62
DEU,be kind,62
DEU,Energie Getränke,62
DEU,Alkohol,62
DEU,alioli,62
DEU,konos,62
DEU,bulgu,62
DEU,choi,62
DEU,Eis vegan,62
DEU,kamm,62
DEU,limona,62
DEU,chardonnay,62
DEU,smoothi,62
DEU,Cashew,62
DEU,gekochte,62
DEU,grated,62
DEU,herz,62
DEU,flori,62
DEU,mex,62
DEU,syoss,62
DEU,salatsauce,62
DEU,pance,62
DEU,capris,62
DEU,grana pa,62
DEU,dum,62
DEU,vitello,62
DEU,youcoo,62
DEU,zartbitter schokolade,62
DEU,kaffebohnen,62
DEU,cel,62
DEU,Gulasch,62
DEU,sek,62
DEU,cloth,62
DEU,green chilli,62
DEU,pele,62
DEU,rolls,62
DEU,Frühling,62
DEU,pork belly,62
DEU,gummies,62
DEU,klor,62
DEU,ws,62
DEU,Limetten,62
DEU,essigessenz,62
DEU,chik,62
DEU,rindersalami,62
DEU,graub,62
DEU,Suppen,62
DEU,cola koffeinfrei,62
DEU,milvh,62
DEU,rasiere,62
DEU,arabi,62
DEU,rock,62
DEU,weisswe,62
DEU,saure sahn,62
DEU,dou,62
DEU,beerenmix,62
DEU,soezi,62
DEU,eirr,62
DEU,paulaner spezi,61
DEU,püre,61
DEU,sahne laktosefrei,61
DEU,guinness,61
DEU,scharfskäse,61
DEU,more nu,61
DEU,papie,61
DEU,wildh,61
DEU,ara,61
DEU,sauerki,61
DEU,dav,61
DEU,würstcheb,61
DEU,zahnst,61
DEU,penn,61
DEU,neoh,61
DEU,cofee,61
DEU,cit,61
DEU,tim,61
DEU,Kartoff,61
DEU,küh,61
DEU,eszet,61
DEU,to go,61
DEU,truff,61
DEU,ofenchips,61
DEU,Fertig,61
DEU,touletten,61
DEU,Pinienkerne,61
DEU,schüssel,61
DEU,wasser mit geschmack,61
DEU,geflügel wiener,61
DEU,eryt,61
DEU,mac and cheese,61
DEU,Brombeeren,61
DEU,Thymian,61
DEU,crossa,61
DEU,rindfl,61
DEU,Cola z,61
DEU,my,61
DEU,ak,61
DEU,saltz,61
DEU,putenschinken,61
DEU,wassser,61
DEU,zwro,61
DEU,bandnu,61
DEU,taback,61
DEU,schokosoße,61
DEU,zir,61
DEU,weichk,61
DEU,Nougat,61
DEU,chickenwings,61
DEU,knoblauchbrot,61
DEU,salc,61
DEU,burger patty,61
DEU,sushireis,61
DEU,pee,61
DEU,wattestä,61
DEU,schlag sahne,61
DEU,haarkur,61
DEU,cali,61
DEU,erbsen möhren,61
DEU,salt vinegar,61
DEU,schoko pudding,61
DEU,sandwhich,61
DEU,oar,61
DEU,bareb,61
DEU,putenbru,61
DEU,würfelzucker,61
DEU,Cappuccino,61
DEU,gurkr,61
DEU,maisst,61
DEU,toba,61
DEU,cod,61
DEU,waschp,61
DEU,banna,61
DEU,Bockwurst,61
DEU,focaccia,61
DEU,Dessert,61
DEU,ginge,61
DEU,pasta sau,61
DEU,Cola light,61
DEU,Limo,61
DEU,rukola,61
DEU,protin,61
DEU,hase,61
DEU,Cola ze,61
DEU,milch vegan,61
DEU,geschirrspüler,61
DEU,meatball,61
DEU,grüner spargel,61
DEU,bier alko,61
DEU,anti pasti,61
DEU,Hamburger,61
DEU,sigara,61
DEU,student,61
DEU,toblerone,61
DEU,paprila,61
DEU,hazelnut,61
DEU,berren,61
DEU,havana,61
DEU,tyskie,61
DEU,barebe,61
DEU,wasser sp,61
DEU,Wasser mit,61
DEU,hollo,61
DEU,paramount,60
DEU,stäbchen,60
DEU,Asia,60
DEU,maracuj,60
DEU,helva,60
DEU,salzbutter,60
DEU,almo,60
DEU,Instant,60
DEU,curuba,60
DEU,zeit fü,60
DEU,gustavo gusto,60
DEU,raspel,60
DEU,dorfkrug,60
DEU,salat bio,60
DEU,knack und back,60
DEU,zero getränke,60
DEU,die,60
DEU,Cheddar,60
DEU,Puderzucker,60
DEU,nord,60
DEU,protein pudd,60
DEU,flohs,60
DEU,mous,60
DEU,hö,60
DEU,eisca,60
DEU,Feuerzeug,60
DEU,alnatura pizza,60
DEU,frista,60
DEU,reid,60
DEU,haarfar,60
DEU,ulud,60
DEU,zwiebelringe,60
DEU,sanitary,60
DEU,tem,60
DEU,süsskarto,60
DEU,suger,60
DEU,aceto,60
DEU,Hund,60
DEU,wakame,60
DEU,lang,60
DEU,wassrr,60
DEU,nuss nougat,60
DEU,carpa,60
DEU,waterdrop,60
DEU,gebä,60
DEU,skyr vegan,60
DEU,kewpie,60
DEU,chiliflocken,60
DEU,chan,60
DEU,mountain dew,60
DEU,kokosnus,60
DEU,remol,60
DEU,proteineis,60
DEU,alpe,60
DEU,popsicle,60
DEU,vegetarian,60
DEU,salami geflügel,60
DEU,"milch 1,",60
DEU,cord,60
DEU,soy sau,60
DEU,naturals,60
DEU,west,60
DEU,beef j,60
DEU,ofe,60
DEU,alpro soja,60
DEU,bakl,60
DEU,pitu,60
DEU,halva,60
DEU,shitake,60
DEU,vegetari,60
DEU,gesalzen,60
DEU,tic,60
DEU,leerdammer,60
DEU,pfifferlinge,60
DEU,leerdamer,60
DEU,salad mix,60
DEU,tequ,60
DEU,griechischer jo,60
DEU,camenb,60
DEU,spaten,60
DEU,Lindt,60
DEU,lacha,60
DEU,gela,60
DEU,Water,60
DEU,getrocknete t,60
DEU,arrab,59
DEU,fruschkäse,59
DEU,weint,59
DEU,pick up,59
DEU,gillette,59
DEU,camp,59
DEU,Augustiner,59
DEU,fruc,59
DEU,mini gurken,59
DEU,wurstsalat,59
DEU,zweibeln,59
DEU,semme,59
DEU,drilli,59
DEU,hanfsamen,59
DEU,ita,59
DEU,Sesam,59
DEU,protein yogurt,59
DEU,sommers,59
DEU,haferkleie,59
DEU,rist,59
DEU,beit,59
DEU,Vanillezucker,59
DEU,cila,59
DEU,galbani,59
DEU,schnittlau,59
DEU,hähnchenbrus,59
DEU,macar,59
DEU,Gurk,59
DEU,luc,59
DEU,hahnc,59
DEU,freunde,59
DEU,kiba,59
DEU,servi,59
DEU,Aioli,59
DEU,orangin,59
DEU,gefrore,59
DEU,tap,59
DEU,hips,59
DEU,strem,59
DEU,mineral water,59
DEU,cab,59
DEU,apple cider,59
DEU,schei,59
DEU,sprotten,59
DEU,Toilettenpa,59
DEU,sumac,59
DEU,yuzu,59
DEU,frühs,59
DEU,Energie Getränk,59
DEU,kornfla,59
DEU,Pute,59
DEU,amo,59
DEU,milcg,59
DEU,salatso,59
DEU,hähnchenkeule,59
DEU,vanilla coke,59
DEU,gemahlene,59
DEU,alkoholfreie,59
DEU,falle,59
DEU,Pampers,59
DEU,obat,59
DEU,meal,59
DEU,cremef,59
DEU,chilly,59
DEU,zugaretten,59
DEU,kamill,59
DEU,desser,59
DEU,Papier,59
DEU,wattepad,59
DEU,kaffee instant,59
DEU,washmittel,59
DEU,eye,59
DEU,kitch,59
DEU,Vollmilch,59
DEU,mehl 550,59
DEU,sucuc,59
DEU,aho,59
DEU,beluga,59
DEU,parmesam,59
DEU,gü,59
DEU,cola mix,59
DEU,destilliertes,59
DEU,saint,59
DEU,tomatr,59
DEU,napkins,59
DEU,nescaf,59
DEU,Zaziki,59
DEU,glutenfreie nudeln,59
DEU,egg white,59
DEU,paprika edelsü,59
DEU,Snack,59
DEU,tah,59
DEU,hav,59
DEU,eiersal,59
DEU,yoh,59
DEU,griechischer Joghurt,59
DEU,tomatw,59
DEU,beyp,59
DEU,vegan protein,59
DEU,zwiebl,59
DEU,sandwitch,59
DEU,feuchtes toil,59
DEU,bear,59
DEU,airwaves,59
DEU,Waschmaschine,59
DEU,rettertüt,59
DEU,wirsing,59
DEU,booster,59
DEU,ruk,58
DEU,bror,58
DEU,duftspray,58
DEU,schokolade dunkel,58
DEU,celer,58
DEU,kartoffelpu,58
DEU,geburt,58
DEU,toms,58
DEU,soğan,58
DEU,mayonese,58
DEU,cupcake,58
DEU,meeresfrüchte,58
DEU,streichwurst,58
DEU,orange saft,58
DEU,schokolinsen,58
DEU,more protein,58
DEU,bum,58
DEU,hygi,58
DEU,pretz,58
DEU,erbsenmilch,58
DEU,hafersahne,58
DEU,Wrap,58
DEU,schmanf,58
DEU,kondensm,58
DEU,zitrone bio,58
DEU,body lotion,58
DEU,habanero,58
DEU,kinder pingui,58
DEU,gui,58
DEU,zwiebac,58
DEU,molisana,58
DEU,mandelmilc,58
DEU,fernet,58
DEU,hip,58
DEU,kirc,58
DEU,snikers,58
DEU,elvital,58
DEU,tute,58
DEU,sucul,58
DEU,frischkäsr,58
DEU,fertig gerichte,58
DEU,scheuermilch,58
DEU,calypso,58
DEU,rigat,58
DEU,oliveb,58
DEU,pastete,58
DEU,bonan,58
DEU,blättert,58
DEU,bär,58
DEU,Spülung,58
DEU,spiel,58
DEU,instand,58
DEU,skitt,58
DEU,chocolates,58
DEU,tery,58
DEU,flax,58
DEU,kiwi gold,58
DEU,coffee filter,58
DEU,Esn,58
DEU,bress,58
DEU,tomaten sosse,58
DEU,rotkoh,58
DEU,Antipasti,58
DEU,semm,58
DEU,salbe,58
DEU,diapers,58
DEU,sat,58
DEU,nic nac,58
DEU,haselnu,58
DEU,Bu,58
DEU,cava,58
DEU,herings,58
DEU,taps,58
DEU,alc,58
DEU,Bueno,58
DEU,schoki,58
DEU,Süß,58
DEU,dinkel toast,58
DEU,spülmaschin,58
DEU,dür,58
DEU,jumpys,58
DEU,lemona,57
DEU,carls,57
DEU,mini gurke,57
DEU,Pi,57
DEU,gat,57
DEU,schä,57
DEU,käse snack,57
DEU,socken,57
DEU,wasser eis,57
DEU,hen,57
DEU,gürkchen,57
DEU,zimtschnecken,57
DEU,ceas,57
DEU,rocula,57
DEU,pickl,57
DEU,bebevita,57
DEU,Brotaufstrich,57
DEU,knoblauch baguette,57
DEU,weissbier,57
DEU,ama,57
DEU,bratensoße,57
DEU,broetchen,57
DEU,salaz,57
DEU,joghurt laktose,57
DEU,aaa,57
DEU,cappucino,57
DEU,backkak,57
DEU,fulya,57
DEU,milch haltbar,57
DEU,ou,57
DEU,dan,57
DEU,joug,57
DEU,frishk,57
DEU,prosciu,57
DEU,klösse,57
DEU,vola zero,57
DEU,weinb,57
DEU,bake,57
DEU,buff,57
DEU,catsan,57
DEU,wase,57
DEU,wuest,57
DEU,lyon,57
DEU,bodenreiniger,57
DEU,bai,57
DEU,froz,57
DEU,spülu,57
DEU,perl,57
DEU,könig,57
DEU,krabbe,57
DEU,ricot,57
DEU,laugenstangen,57
DEU,cranberries,57
DEU,chipo,57
DEU,slim,57
DEU,koreander,57
DEU,airf,57
DEU,dr pep,57
DEU,brotdose,57
DEU,ari,57
DEU,whol,57
DEU,arie,57
DEU,blat,57
DEU,cranbe,57
DEU,sojajo,57
DEU,salci,57
DEU,konfit,57
DEU,em,57
DEU,müllsa,57
DEU,like home,57
DEU,schwarzer,57
DEU,ant,57
DEU,nar,57
DEU,nutte,57
DEU,souce,57
DEU,tomaten pass,57
DEU,pizzasauce,57
DEU,kaer,57
DEU,dino nuggets,57
DEU,well,57
DEU,crispy chili,57
DEU,yes,57
DEU,sol,57
DEU,Creme f,57
DEU,fertigsalat,57
DEU,rote bohnen,57
DEU,San pell,57
DEU,Ch,57
DEU,mortadel,57
DEU,bonne maman,57
DEU,caff,57
DEU,sandwic,57
DEU,toille,57
DEU,Back,57
DEU,bio banane,57
DEU,elep,57
DEU,soeck,57
DEU,bü,57
DEU,chicken burger,57
DEU,zahnpaste,57
DEU,nesqui,57
DEU,jagd,57
DEU,goe,57
DEU,Döner,57
DEU,wc ente,57
DEU,express reis,56
DEU,Cookie,56
DEU,pelegrino,56
DEU,genüse,56
DEU,samy,56
DEU,sauerkirsch,56
DEU,shredded,56
DEU,chipa,56
DEU,germ,56
DEU,dkyr,56
DEU,Kartoffelbrei,56
DEU,kaffeeweisser,56
DEU,churro,56
DEU,weissw,56
DEU,fenster,56
DEU,bourbon,56
DEU,tiefkühl beeren,56
DEU,parmigi,56
DEU,berliner luft,56
DEU,süssstoff,56
DEU,Buchweizen,56
DEU,motz,56
DEU,zei,56
DEU,tak,56
DEU,dr beckmann,56
DEU,dinkeltoast,56
DEU,vegetarische,56
DEU,cajun,56
DEU,shots,56
DEU,weise,56
DEU,vollkorn pasta,56
DEU,corr,56
DEU,milh,56
DEU,salami halal,56
DEU,creme fre,56
DEU,vita cola,56
DEU,asi,56
DEU,bit,56
DEU,lipton zero,56
DEU,little,56
DEU,bauchspeck,56
DEU,cookie bros,56
DEU,salmi,56
DEU,meet,56
DEU,Zi,56
DEU,more zerup,56
DEU,naturjog,56
DEU,kıyma,56
DEU,paketband,56
DEU,praline,56
DEU,spreequ,56
DEU,waschmaschinen,56
DEU,Softdrinks,56
DEU,fisherman,56
DEU,rote Beete,56
DEU,frozen mango,56
DEU,Geschnetzeltes,56
DEU,dra,56
DEU,babynahrung,56
DEU,ziegenmilch,56
DEU,Zeit,56
DEU,cashewmus,56
DEU,pak ch,56
DEU,jasmine,56
DEU,letzte,56
DEU,rewe feine,56
DEU,garnellen,56
DEU,maisstärke,56
DEU,vegan ice,56
DEU,nui,56
DEU,weetabix,56
DEU,chicken nugget,56
DEU,skry,56
DEU,wickel,56
DEU,plates,56
DEU,pero,56
DEU,eli,56
DEU,je,56
DEU,schrimps,56
DEU,valdo,56
DEU,Griechischer,56
DEU,Geschirr,56
DEU,joghurette,56
DEU,zeea,56
DEU,vanilla ice,56
DEU,lachg,56
DEU,r1,56
DEU,homig,56
DEU,Humus,56
DEU,tilsi,56
DEU,maismehl,56
DEU,wsser,56
DEU,avoka,56
DEU,far,56
DEU,zuckerschoten,56
DEU,Al,56
DEU,kokosjo,56
DEU,haus,56
DEU,cris,56
DEU,nuss mix,56
DEU,hackfleisxh,55
DEU,mais dose,55
DEU,tamarind,55
DEU,soju,55
DEU,chicken thighs,55
DEU,fruchtfliegen,55
DEU,grani,55
DEU,käde,55
DEU,pinienk,55
DEU,Mozza,55
DEU,Keks,55
DEU,toiletpaper,55
DEU,black fo,55
DEU,sparkl,55
DEU,hühnerfri,55
DEU,calamari,55
DEU,Apfe,55
DEU,actime,55
DEU,mol,55
DEU,pizza glutenfrei,55
DEU,cornic,55
DEU,bitt,55
DEU,passierte Tomaten,55
DEU,neutrogena,55
DEU,Schmelz,55
DEU,essiggur,55
DEU,bratkar,55
DEU,glo,55
DEU,zitronenlimo,55
DEU,weihenstephan,55
DEU,akyr,55
DEU,haagen,55
DEU,Tagliatelle,55
DEU,rib,55
DEU,kokos wasser,55
DEU,buck,55
DEU,koh,55
DEU,xylit,55
DEU,Hering,55
DEU,bio wurst,55
DEU,kuchenform,55
DEU,bugles,55
DEU,kartoffeltaschen,55
DEU,haarf,55
DEU,rahms,55
DEU,pesti,55
DEU,oven,55
DEU,passierte toma,55
DEU,weiße schoko,55
DEU,vanilles,55
DEU,geflügelw,55
DEU,quatk,55
DEU,veggies,55
DEU,dr o,55
DEU,Snickers,55
DEU,bil,55
DEU,cube,55
DEU,rai,55
DEU,glutenfreies brot,55
DEU,chu,55
DEU,salatherzen,55
DEU,toilettenreiniger,55
DEU,pflanze,55
DEU,salata,55
DEU,kürbisk,55
DEU,chis,55
DEU,maiskolben,55
DEU,coconut cream,55
DEU,fish sauce,55
DEU,Rosinen,55
DEU,proteinr,55
DEU,ja milch,55
DEU,ori,55
DEU,wassw,55
DEU,hunmus,55
DEU,franzbrötchen,55
DEU,backofen,55
DEU,popkorn,55
DEU,teryaki,55
DEU,hägen,55
DEU,wasser glas,55
DEU,ahor,55
DEU,dish washer,55
DEU,kaffee filter,55
DEU,nesquick,55
DEU,kroke,55
DEU,turki,55
DEU,Ginger,55
DEU,eis wü,55
DEU,weisse schoko,55
DEU,Cherry,55
DEU,Marlboro gold,55
DEU,kässe,55
DEU,süßer,55
DEU,kokonuss,55
DEU,joghurt 10%,55
DEU,erdnussmu,55
DEU,roggenmehl,55
DEU,geriebener k,55
DEU,president,54
DEU,cucumbers,54
DEU,sosi,54
DEU,milch fettarm,54
DEU,mohr,54
DEU,ginger garlic,54
DEU,frischhal,54
DEU,ss,54
DEU,gifflar,54
DEU,sandwich eis,54
DEU,seba med,54
DEU,cera,54
DEU,geflügelsa,54
DEU,Cheese,54
DEU,goen,54
DEU,Rhabarber,54
DEU,allzwecktücher,54
DEU,tonate,54
DEU,cherry cola,54
DEU,kore,54
DEU,Leberkäse,54
DEU,bonduelle,54
DEU,kami,54
DEU,tuhnfisch,54
DEU,bone,54
DEU,ingeer,54
DEU,face mask,54
DEU,sun dried,54
DEU,tortilla chip,54
DEU,rinderhac,54
DEU,cekirdek,54
DEU,Schwamm,54
DEU,cinn,54
DEU,longpa,54
DEU,muscheln,54
DEU,feuchte tücher,54
DEU,soja jo,54
DEU,prinze,54
DEU,Ritter sport,54
DEU,raisin,54
DEU,bienenstich,54
DEU,linsenwaff,54
DEU,tooth brush,54
DEU,feut,54
DEU,bonen,54
DEU,bail,54
DEU,gemahlene mandeln,54
DEU,silber,54
DEU,cherry to,54
DEU,almdud,54
DEU,milch l,54
DEU,Quar,54
DEU,buldsk,54
DEU,canuma,54
DEU,pizzs,54
DEU,Frosch,54
DEU,fusch,54
DEU,kettle,54
DEU,bio h,54
DEU,protein müsli,54
DEU,stude,54
DEU,ice tea zero,54
DEU,orange wine,54
DEU,vegan aufschnitt,54
DEU,cay,54
DEU,alio,54
DEU,Koro,54
DEU,fettarm,54
DEU,Buttergemüse,54
DEU,hygienesp,54
DEU,immun,54
DEU,turmeric,54
DEU,johan,54
DEU,kets,54
DEU,rah,54
DEU,ohrst,54
DEU,aroma,54
DEU,lakritze,54
DEU,granatapfelsirup,54
DEU,destill,54
DEU,wein alkoholfrei,54
DEU,sugarfree,54
DEU,winst,54
DEU,chr,54
DEU,kids,54
DEU,nudelsal,54
DEU,gesalzene,54
DEU,aprik,54
DEU,cards,54
DEU,wasser spr,54
DEU,pelleg,54
DEU,pollo,54
DEU,stauden,54
DEU,onigir,54
DEU,So,54
DEU,yala,54
DEU,frischmilch,54
DEU,wiener würstchen,54
DEU,Grie,54
DEU,kokosnu,54
DEU,lippen,54
DEU,hibiskus,54
DEU,gil,54
DEU,flutschfinger,54
DEU,pok,54
DEU,fair,54
DEU,gyro,54
DEU,buttet,54
DEU,nudd,54
DEU,nectarine,54
DEU,eis am stiel,54
DEU,milkshake,54
DEU,milra,54
DEU,acai bowl,54
DEU,salsic,54
DEU,zuckersirup,54
DEU,praw,54
DEU,kühlt,54
DEU,kaki,54
DEU,Fanta zero,54
DEU,sojamil,54
DEU,beinscheibe,54
DEU,kisir,54
DEU,preg,54
DEU,antipa,54
DEU,cheddar cheese,54
DEU,makkaroni,54
DEU,löffelbis,54
DEU,Natron,53
DEU,feuchtes toi,53
DEU,softdrinks,53
DEU,panierme,53
DEU,buffalo,53
DEU,kimc,53
DEU,paket,53
DEU,passionsfrucht,53
DEU,chia samen,53
DEU,erdnussbutt,53
DEU,protein joghurt,53
DEU,munds,53
DEU,rosmar,53
DEU,artichoke,53
DEU,joghurt lak,53
DEU,zwet,53
DEU,ea,53
DEU,vanille joghurt,53
DEU,ive,53
DEU,parkett,53
DEU,7days,53
DEU,high protei,53
DEU,jogjurt,53
DEU,egetürk,53
DEU,cocoa powder,53
DEU,halsl,53
DEU,sauerteigbrot,53
DEU,schwangerschafts,53
DEU,açai,53
DEU,lätt,53
DEU,Hühnerbrühe,53
DEU,weic,53
DEU,toast brot,53
DEU,spit,53
DEU,fladenb,53
DEU,hellmann,53
DEU,johh,53
DEU,sprühsa,53
DEU,beokkoli,53
DEU,sandwich bread,53
DEU,rös,53
DEU,sauerkir,53
DEU,kartoffelcreme,53
DEU,glasreini,53
DEU,cappuccino,53
DEU,eistee zitrone,53
DEU,brotche,53
DEU,ice cub,53
DEU,pine nuts,53
DEU,Magnesium,53
DEU,perfume,53
DEU,vib,53
DEU,ajv,53
DEU,toothp,53
DEU,arabisch,53
DEU,isot,53
DEU,rotkraut,53
DEU,frischha,53
DEU,Jogh,53
DEU,bath,53
DEU,milchbröt,53
DEU,dipp,53
DEU,salted,53
DEU,kalama,53
DEU,innoce,53
DEU,softner,53
DEU,rindf,53
DEU,Süßstoff,53
DEU,chard,53
DEU,yakul,53
DEU,pfirsch,53
DEU,creme frauche,53
DEU,ameisen,53
DEU,berief,53
DEU,bion,53
DEU,geh,53
DEU,brt,53
DEU,iq,53
DEU,tomatrn,53
DEU,carrot juice,53
DEU,sim,53
DEU,fanta ex,53
DEU,Edamame,53
DEU,kokosn,53
DEU,cri,53
DEU,glove,53
DEU,puff pastry,53
DEU,pie,53
DEU,digestive,53
DEU,active o2,53
DEU,mez,53
DEU,vanille soße,53
DEU,beckmann,53
DEU,rais,53
DEU,mochis,53
DEU,feldsala,53
DEU,gift,53
DEU,lavazz,53
DEU,pow,53
DEU,chunk,53
DEU,Körniger,53
DEU,amaranth,53
DEU,Kä,53
DEU,handsoap,53
DEU,Handseife,53
DEU,nitella,53
DEU,glei,53
DEU,Riegel,52
DEU,frischkäse laktosefrei,52
DEU,eos,52
DEU,brot harry,52
DEU,plomb,52
DEU,sojasprossen,52
DEU,pizza ma,52
DEU,hühnch,52
DEU,curry king,52
DEU,mizellen,52
DEU,tegern,52
DEU,bount,52
DEU,condition,52
DEU,frikadel,52
DEU,Konfitüre,52
DEU,hühne,52
DEU,pastasauce,52
DEU,more nutr,52
DEU,pecori,52
DEU,pumpkin seeds,52
DEU,after eight,52
DEU,exotic,52
DEU,pancak,52
DEU,leibnitz,52
DEU,fol epi,52
DEU,landli,52
DEU,ungarische,52
DEU,clo,52
DEU,cold brew,52
DEU,ahorns,52
DEU,vanile,52
DEU,Chi,52
DEU,adelholz,52
DEU,rosé,52
DEU,little moons,52
DEU,zwiebel rot,52
DEU,ice t,52
DEU,knoblauch pulver,52
DEU,deca,52
DEU,cottag,52
DEU,smacks,52
DEU,fanta zer,52
DEU,elect,52
DEU,saure Sahne,52
DEU,let,52
DEU,koks,52
DEU,mehl 405,52
DEU,rosso,52
DEU,Grapefruit,52
DEU,dickm,52
DEU,tortellin,52
DEU,piment,52
DEU,schonken,52
DEU,rucco,52
DEU,chili sauce,52
DEU,schinkenspicker,52
DEU,italienisch,52
DEU,kochen,52
DEU,whip,52
DEU,sera,52
DEU,prosseco,52
DEU,Vodka,52
DEU,mun,52
DEU,harribo,52
DEU,anchov,52
DEU,roast,52
DEU,cold coffee,52
DEU,mayonai,52
DEU,gluten free pasta,52
DEU,alpecin,52
DEU,toilete,52
DEU,ame,52
DEU,flüssigseife,52
DEU,süße,52
DEU,raucher,52
DEU,mues,52
DEU,msg,52
DEU,cheese slices,52
DEU,bunte eier,52
DEU,anis,52
DEU,scam,52
DEU,chicoree,52
DEU,tomato puree,52
DEU,bouillon,52
DEU,kli,52
DEU,Cookies,52
DEU,sekunden,52
DEU,mis,52
DEU,joonys,52
DEU,haribi,52
DEU,schwartau,52
DEU,beste,52
DEU,waschgel,52
DEU,toast vollkorn,52
DEU,pfannen,52
DEU,watermel,52
DEU,barbells,52
DEU,menthol,52
DEU,Corn,52
DEU,Chip,52
DEU,bienen,52
DEU,ballon,52
DEU,ben und,52
DEU,truf,52
DEU,prepmy,52
DEU,natu,52
DEU,Gummi,52
DEU,nagell,52
DEU,estragon,52
DEU,käseb,52
DEU,pastr,52
DEU,halal chicken,52
DEU,Ülker,52
DEU,Coca-Cola,52
DEU,macad,52
DEU,suga,52
DEU,Kirsch,52
DEU,desinfektions,52
DEU,bic,52
DEU,salamist,52
DEU,nudeln ja,52
DEU,gouds,52
DEU,tacco,52
DEU,joggurt,52
DEU,padta,52
DEU,sagrota,51
DEU,Nivea,51
DEU,currypulver,51
DEU,wet wipe,51
DEU,Lipton,51
DEU,biscu,51
DEU,thomas henry,51
DEU,zigg,51
DEU,capsa,51
DEU,nudeln vollkorn,51
DEU,Fr,51
DEU,berliner kindl,51
DEU,Bio eier,51
DEU,joghurt mit der ecke,51
DEU,kalao,51
DEU,linden,51
DEU,mant,51
DEU,parli,51
DEU,haferk,51
DEU,churros,51
DEU,Toile,51
DEU,aost,51
DEU,desserts,51
DEU,lolli,51
DEU,corn starch,51
DEU,fetakäse,51
DEU,maple syrup,51
DEU,maccaroni,51
DEU,frischkaese,51
DEU,handseif,51
DEU,dishwashing,51
DEU,smoked paprika,51
DEU,gelierzucker,51
DEU,makre,51
DEU,salamistick,51
DEU,med,51
DEU,badesalz,51
DEU,art,51
DEU,kellogg,51
DEU,carp,51
DEU,spatzle,51
DEU,cremiss,51
DEU,auster,51
DEU,parfum,51
DEU,Zw,51
DEU,birger,51
DEU,joko,51
DEU,käase,51
DEU,Glasreiniger,51
DEU,paprika gew,51
DEU,baby food,51
DEU,sushi rice,51
DEU,feigensenf,51
DEU,kuchenpapier,51
DEU,kräuterfrischkäse,51
DEU,beyaz peynir,51
DEU,pommes gewürz,51
DEU,pfeffe,51
DEU,Hähnchenbrustfilet,51
DEU,Ziga,51
DEU,roggenbrot,51
DEU,Brö,51
DEU,batteri,51
DEU,cigg,51
DEU,käseaufschnitt,51
DEU,hühnerb,51
DEU,brombeere,51
DEU,ehrma,51
DEU,süsser senf,51
DEU,ayrsn,51
DEU,natur joghurt,51
DEU,schwarze dose,51
DEU,weiz,51
DEU,flor,51
DEU,jerry,51
DEU,Ravioli,51
DEU,cremi,51
DEU,movenpick,51
DEU,she,51
DEU,geschirrspültabs,51
DEU,camam,51
DEU,kalter,51
DEU,cup noodle,51
DEU,kartoffelpür,51
DEU,fleischs,51
DEU,vanillesoße,51
DEU,mut,51
DEU,resc,51
DEU,kaffeebohne,51
DEU,marzip,51
DEU,weinschorle,51
DEU,paprikapul,51
DEU,speises,51
DEU,shane,51
DEU,kreu,51
DEU,hinterschinken,51
DEU,lamms,51
DEU,soja sahne,51
DEU,Binden,51
DEU,gummibären,51
DEU,ofen chips,51
DEU,tomatensose,51
DEU,alnatura schokolade,51
DEU,slami,51
DEU,grat,51
DEU,kaffeewe,51
DEU,tex,51
DEU,toffee,51
DEU,angus,51
DEU,vegan joghurt,51
DEU,wachs,51
DEU,Eier bio,51
DEU,kri,51
DEU,sprudelw,51
DEU,oel,51
DEU,hundefu,51
DEU,jaco,51
DEU,futter,51
DEU,edek,51
DEU,dinkelnudeln,51
DEU,dinkel brot,51
DEU,gemüse brühe,51
DEU,nudelsuppe,51
DEU,Gizeh,51
DEU,schokok,51
DEU,meatballs,51
DEU,zoo royal,51
DEU,paprika bio,51
DEU,prsto,50
DEU,haushalts,50
DEU,ceri,50
DEU,Greek yogurt,50
DEU,naturjogh,50
DEU,Leinsamen,50
DEU,konzentrat,50
DEU,beb,50
DEU,besen,50
DEU,scholo,50
DEU,alnatura soja,50
DEU,leberkäs,50
DEU,lab,50
DEU,billy,50
DEU,tonic zero,50
DEU,gouda jung,50
DEU,kühlakku,50
DEU,iqo,50
DEU,happ,50
DEU,bio kartoffeln,50
DEU,icetee,50
DEU,scharfe,50
DEU,protein mil,50
DEU,joghurt griechisch,50
DEU,spet,50
DEU,kuchenro,50
DEU,Currywurst,50
DEU,Acai,50
DEU,ölspray,50
DEU,sofa,50
DEU,head and,50
DEU,bin bag,50
DEU,Knödel,50
DEU,almd,50
DEU,stahl,50
DEU,rohrr,50
DEU,cola dose,50
DEU,ul,50
DEU,tomten,50
DEU,gorgonz,50
DEU,brpt,50
DEU,lupinen,50
DEU,schwangerschaftstest,50
DEU,Oil,50
DEU,italienische kr,50
DEU,bakla,50
DEU,speisequ,50
DEU,Käse gerieben,50
DEU,ola,50
DEU,bein,50
DEU,cream ch,50
DEU,milchmä,50
DEU,macada,50
DEU,sugo,50
DEU,spaghetti eis,50
DEU,af,50
DEU,würt,50
DEU,schwä,50
DEU,servie,50
DEU,abc,50
DEU,cheese sauce,50
DEU,henglein,50
DEU,bill,50
DEU,Rindfleisch,50
DEU,ofenfrische,50
DEU,lachd,50
DEU,port,50
DEU,sweetener,50
DEU,Dosen,50
DEU,joghirt,50
DEU,einlagen,50
DEU,müllerm,50
DEU,riesenbohnen,50
DEU,beba,50
DEU,chilli sauce,50
DEU,backerbsen,50
DEU,raw bite,50
DEU,Katjes,50
DEU,mini mo,50
DEU,süsigkeiten,50
DEU,kräuterbutt,50
DEU,salami rind,50
DEU,teigtaschen,50
DEU,lachgu,50
DEU,Marzipan,50
DEU,milchbrot,50
DEU,spulmittel,50
DEU,proteim,50
DEU,bad reiniger,50
DEU,Barilla,50
DEU,riege,50
DEU,tomste,50
DEU,aufstriche,50
DEU,zeit fur,50
DEU,pombären,50
DEU,Aperol,50
DEU,gesche,50
DEU,vollkorn brot,50
DEU,romaine,50
DEU,semmelbrösel,50
DEU,oc,50
DEU,tomaten s,50
DEU,tinten,50
DEU,schnelz,50
DEU,Walnuss,50
DEU,gurl,50
DEU,camember,50
DEU,meline,50
DEU,prozein,50
DEU,ahoi,50
DEU,coöa,50
DEU,blätterte,50
DEU,pommersche,50
DEU,brokolie,50
DEU,pakchoi,50
DEU,geflügelsalami,50
DEU,sli,50
DEU,maas,50
DEU,toilettenpapie,50
DEU,pizzamehl,50
DEU,adelh,50
DEU,crossiant,50
DEU,karamalz,50
DEU,biskrem,50
DEU,speiseöl,50
DEU,heu,50
DEU,auberginen,50
DEU,tre,50
DEU,trocke,50
DEU,drilling,50
DEU,mac n cheese,50
DEU,yaku,50
DEU,asia nudeln,50
DEU,nudeln glutenfrei,50
DEU,mozarela,50
DEU,true fruit,50
DEU,akku,50
DEU,africola,50
DEU,shokolade,50
DEU,litschi,50
DEU,Schlag,50
DEU,icecre,50
DEU,butterg,50
DEU,sundried,50
DEU,frozen fruits,50
DEU,Möhre,50
DEU,schrimp,50
DEU,reisess,50
DEU,mexikanisch,50
DEU,ferre,49
DEU,burgerbrö,49
DEU,frühstücks,49
DEU,lidl,49
DEU,"milch 3,5",49
DEU,flie,49
DEU,Gebäck,49
DEU,glüh,49
DEU,blo,49
DEU,country,49
DEU,batte,49
DEU,kaffeekapsel,49
DEU,hähnchen brust,49
DEU,oriental,49
DEU,Hygiene,49
DEU,toillet,49
DEU,maischips,49
DEU,kokosnussmilch,49
DEU,deterg,49
DEU,sardel,49
DEU,Corona,49
DEU,Kamillentee,49
DEU,list,49
DEU,burger brö,49
DEU,backfi,49
DEU,fried,49
DEU,flohsam,49
DEU,oxi,49
DEU,aspa,49
DEU,jogirt,49
DEU,dr oe,49
DEU,parsl,49
DEU,fruchtzwe,49
DEU,Bröt,49
DEU,Blätter,49
DEU,knoch,49
DEU,katoffel,49
DEU,Paulaner,49
DEU,sage,49
DEU,carbona,49
DEU,tomato juice,49
DEU,frie,49
DEU,magnum mini,49
DEU,protein tortilla,49
DEU,bart,49
DEU,pfanni,49
DEU,cola zeeo,49
DEU,panin,49
DEU,bam,49
DEU,indomie,49
DEU,bodywash,49
DEU,zartb,49
DEU,linsenc,49
DEU,lat,49
DEU,käses,49
DEU,kugler,49
DEU,spaghettini,49
DEU,blatts,49
DEU,mullbeutel,49
DEU,blättertei,49
DEU,Vitamin well,49
DEU,pellegr,49
DEU,plant,49
DEU,Klo,49
DEU,Naturjoghurt,49
DEU,pank,49
DEU,mixed,49
DEU,schamp,49
DEU,captain,49
DEU,zuchh,49
DEU,veltins,49
DEU,eh,49
DEU,covid,49
DEU,hafer barista,49
DEU,toilettenpapier ja,49
DEU,vanila,49
DEU,vanillemilch,49
DEU,über,49
DEU,western,49
DEU,Kürbiskerne,49
DEU,nive,49
DEU,mad,49
DEU,is,49
DEU,kalbs,49
DEU,öl spray,49
DEU,kokosmilc,49
DEU,sojasp,49
DEU,ben an,49
DEU,mettw,49
DEU,405,49
DEU,matte,49
DEU,wrsps,49
DEU,Mager,49
DEU,käsestangen,49
DEU,gefror,49
DEU,nelke,49
DEU,pod,49
DEU,corri,49
DEU,Chocolate,49
DEU,italie,49
DEU,acqua,49
DEU,macarons,49
DEU,Aufback,49
DEU,köt,49
DEU,minutensteak,49
DEU,schwarze oliven,49
DEU,carlsberg,49
DEU,moloko,49
DEU,bio hähnchen,49
DEU,sai,49
DEU,samba,49
DEU,Toilet,49
DEU,lieblich,49
DEU,rosti,49
DEU,löslicher,49
DEU,hitchies,49
DEU,ersbeeren,49
DEU,sirac,49
DEU,courgette,49
DEU,farfa,49
DEU,top,49
DEU,vegane milch,49
DEU,flügel,49
DEU,rügenwalder mühle,49
DEU,ll,49
DEU,ji,49
DEU,fertigg,49
DEU,mundspü,49
DEU,rohrzu,48
DEU,5min,48
DEU,bonb,48
DEU,brottrunk,48
DEU,nohut,48
DEU,erasc,48
DEU,frusch,48
DEU,after sun,48
DEU,pino,48
DEU,jäg,48
DEU,sex toy,48
DEU,ufo,48
DEU,zwiebelpulver,48
DEU,boule,48
DEU,drops,48
DEU,ppura,48
DEU,tomatensoß,48
DEU,toule,48
DEU,gepa,48
DEU,bio salat,48
DEU,scharfs,48
DEU,masturbator,48
DEU,saure gurk,48
DEU,rippchen,48
DEU,pfiff,48
DEU,brillen,48
DEU,ibst,48
DEU,pae,48
DEU,ben jerrys,48
DEU,Gur,48
DEU,kröuter,48
DEU,feldsal,48
DEU,kartoffelsuppe,48
DEU,käsedip,48
DEU,plan,48
DEU,eiss,48
DEU,mandelmilcj,48
DEU,bratkart,48
DEU,nerds,48
DEU,vöslauer,48
DEU,sherry,48
DEU,Rosmarin,48
DEU,finn crisp,48
DEU,paratha,48
DEU,breast,48
DEU,Durst,48
DEU,schokokuchen,48
DEU,Alkoholfrei,48
DEU,cigare,48
DEU,jag,48
DEU,waschen,48
DEU,ks,48
DEU,barbeque,48
DEU,spülmasc,48
DEU,peitschen,48
DEU,bin bags,48
DEU,cornicho,48
DEU,erdnüss,48
DEU,geriebene käse,48
DEU,lore,48
DEU,air fry,48
DEU,lebensmittel,48
DEU,ziplock,48
DEU,Croissants,48
DEU,feine,48
DEU,schwangerschaft,48
DEU,zwibe,48
DEU,has,48
DEU,palet,48
DEU,bel,48
DEU,Kohlrabi,48
DEU,desinfekt,48
DEU,plastic bag,48
DEU,Müllsäcke,48
DEU,alb,48
DEU,trinkm,48
DEU,rucu,48
DEU,bionella,48
DEU,bratwurs,48
DEU,vegetarian butcher,48
DEU,buf,48
DEU,granatapfelkerne,48
DEU,ruccol,48
DEU,isadora,48
DEU,parmiggiano,48
DEU,wheat,48
DEU,fred,48
DEU,burger bread,48
DEU,terine,48
DEU,ok,48
DEU,nuii,48
DEU,gust,48
DEU,häagen,48
DEU,grei,48
DEU,kochschink,48
DEU,göner,48
DEU,campa,48
DEU,Birne,48
DEU,pflas,48
DEU,butter toast,48
DEU,saa,48
DEU,kokoswas,48
DEU,Su,48
DEU,dorade,48
DEU,lyo,48
DEU,sx,48
DEU,burgerbuns,48
DEU,hmilch,48
DEU,anchovy,48
DEU,frisch k,48
DEU,zeri,48
DEU,"0,1",48
DEU,activi,48
DEU,himber,48
DEU,käseauf,48
DEU,Gem,48
DEU,zweib,48
DEU,Rama,48
DEU,fol,48
DEU,tomar,48
DEU,plantain,48
DEU,würstchen geflügel,48
DEU,asp,48
DEU,tamari,48
DEU,salatkr,48
DEU,frischkäsw,48
DEU,frozen peas,48
DEU,Haselnuss,48
DEU,soja jogh,48
DEU,agavendicksaft,48
DEU,squash,48
DEU,ketchuo,48
DEU,schokos,48
DEU,tomate dose,48
DEU,süßi,48
DEU,hir,48
DEU,spülmaschinen tabs,48
DEU,Butt,48
DEU,nuttel,48
DEU,caban,48
DEU,nürnb,48
DEU,burgerb,48
DEU,käsesauce,48
DEU,chipsfrisch,48
DEU,elfbar pods,48
DEU,fertig salat,48
DEU,kerr,48
DEU,knoblauchbaguette,47
DEU,afr,47
DEU,pfefferonen,47
DEU,mouth,47
DEU,sojam,47
DEU,katzenfutt,47
DEU,eiswuerfel,47
DEU,hackfleiscj,47
DEU,eiskonfekt,47
DEU,Bratkartoffeln,47
DEU,supe,47
DEU,hazel,47
DEU,miz,47
DEU,coca cola light,47
DEU,sangria,47
DEU,kamil,47
DEU,air fr,47
DEU,multivi,47
DEU,babyöl,47
DEU,kaffee kapsel,47
DEU,peperon,47
DEU,joghurz,47
DEU,tofi,47
DEU,weiße Schokolade,47
DEU,dish wash,47
DEU,pilsner,47
DEU,erk,47
DEU,spo,47
DEU,Erdb,47
DEU,kleb,47
DEU,medi,47
DEU,vitaminwasser,47
DEU,keckse,47
DEU,aoli,47
DEU,getränke zero,47
DEU,grun,47
DEU,linsenchi,47
DEU,bayreuther,47
DEU,kinder ping,47
DEU,nongshim,47
DEU,ungar,47
DEU,haehnchen,47
DEU,brennessel,47
DEU,brate,47
DEU,lacks,47
DEU,macaron,47
DEU,fladenbr,47
DEU,kinderschokolade,47
DEU,Peter,47
DEU,multiv,47
DEU,bandnudel,47
DEU,fertigessen,47
DEU,mars eis,47
DEU,raffae,47
DEU,salatalık,47
DEU,karoten,47
DEU,gw,47
DEU,choriz,47
DEU,Weizenmehl,47
DEU,kaffeemilch,47
DEU,griessbrei,47
DEU,rou,47
DEU,miracle whip,47
DEU,vanille sirup,47
DEU,tissu,47
DEU,vineg,47
DEU,plate,47
DEU,rüg,47
DEU,Mochi,47
DEU,fruh,47
DEU,gemüsefond,47
DEU,soja drink,47
DEU,schwarzwälder,47
DEU,Latte,47
DEU,san marzano,47
DEU,nurella,47
DEU,schokobrö,47
DEU,tostbrot,47
DEU,benja,47
DEU,boer,47
DEU,apfelma,47
DEU,alcoholfrei,47
DEU,möve,47
DEU,cidre,47
DEU,weissbrot,47
DEU,nudelsauce,47
DEU,balance,47
DEU,knöcke,47
DEU,energi,47
DEU,toppits,47
DEU,corona zero,47
DEU,hackfleisch gemischt,47
DEU,aufstric,47
DEU,eoer,47
DEU,landlie,47
DEU,gratink,47
DEU,jasmin reis,47
DEU,kaisergemüse,47
DEU,patato,47
DEU,sart,47
DEU,de c,47
DEU,grana p,47
DEU,desperado,47
DEU,container,47
DEU,schr,47
DEU,pol,47
DEU,orange jui,47
DEU,vogu,47
DEU,storck,47
DEU,badre,47
DEU,fenche,47
DEU,dec,47
DEU,Speisestärke,47
DEU,oh,47
DEU,kuchenroll,47
DEU,quarl,47
DEU,kokosraspeln,47
DEU,chicken n,47
DEU,hafer drink,47
DEU,cola van,47
DEU,parmasan,47
DEU,alum,47
DEU,pata,47
DEU,fassb,47
DEU,eryth,47
DEU,plombi,47
DEU,cat litter,47
DEU,hefeteig,47
DEU,sauert,47
DEU,aofel,47
DEU,zat,47
DEU,bami,47
DEU,rit,47
DEU,tan,47
DEU,Ben and,47
DEU,handsc,47
DEU,maultasch,47
DEU,gaffel,47
DEU,verband,47
DEU,vrot,47
DEU,Nescafe,47
DEU,udo,47
DEU,peka,47
DEU,spagetthi,47
DEU,paprika rot,47
DEU,sekundenkleber,47
DEU,hava,47
DEU,vanille extrakt,47
DEU,soaghetti,47
DEU,räuchert,47
DEU,kitchen tissue,47
DEU,Pizza risto,46
DEU,popcorn salzig,46
DEU,cats,46
DEU,lama,46
DEU,frishkäse,46
DEU,johannisbeer,46
DEU,kern,46
DEU,lachss,46
DEU,Zitr,46
DEU,sorbe,46
DEU,somm,46
DEU,farmersalat,46
DEU,miraco,46
DEU,Moza,46
DEU,guancale,46
DEU,capsi,46
DEU,Co,46
DEU,ev,46
DEU,curly fries,46
DEU,aos,46
DEU,dinkelme,46
DEU,küchenrollw,46
DEU,sourcre,46
DEU,küchentuch,46
DEU,bleich,46
DEU,taschki,46
DEU,schokolade zartbitter,46
DEU,yoguhrt,46
DEU,toskana,46
DEU,"joghurt 1,5",46
DEU,barbell,46
DEU,würd,46
DEU,cheese string,46
DEU,autan,46
DEU,cream chee,46
DEU,hitch,46
DEU,coffee instant,46
DEU,eier gekocht,46
DEU,apfelkuchen,46
DEU,hydrate,46
DEU,wies,46
DEU,vollmil,46
DEU,Doritos,46
DEU,Marl,46
DEU,linguini,46
DEU,rh,46
DEU,barista kokos,46
DEU,Kartoffe,46
DEU,Oat,46
DEU,haft,46
DEU,zomaten,46
DEU,knopper,46
DEU,pant,46
DEU,whipped cream,46
DEU,eis kaffee,46
DEU,salst,46
DEU,haarmaske,46
DEU,fettu,46
DEU,pinea,46
DEU,hamfelder,46
DEU,gliss,46
DEU,dalin,46
DEU,tortenguss,46
DEU,black for,46
DEU,almond flour,46
DEU,fussilli,46
DEU,blauschimmel,46
DEU,baris,46
DEU,buchw,46
DEU,keksteig,46
DEU,gefrie,46
DEU,Feldsalat,46
DEU,chupa,46
DEU,geschnet,46
DEU,eingele,46
DEU,frische nudeln,46
DEU,kab,46
DEU,toastbrötchen,46
DEU,rotweinessig,46
DEU,ananas dose,46
DEU,5 Minuten,46
DEU,beypazar,46
DEU,panie,46
DEU,feuerze,46
DEU,Auberginen,46
DEU,mms,46
DEU,nespre,46
DEU,frisxh,46
DEU,Red Bull sugarfree,46
DEU,muskatnuss,46
DEU,100,46
DEU,clor,46
DEU,Milchbrötchen,46
DEU,fel,46
DEU,reibekäs,46
DEU,sandwich toast,46
DEU,käsek,46
DEU,dest,46
DEU,eiers,46
DEU,wasser m,46
DEU,lecker,46
DEU,high Protein,46
DEU,lupin,46
DEU,patr,46
DEU,weißer,46
DEU,limonc,46
DEU,malte,46
DEU,glasnud,46
DEU,lotu,46
DEU,pasata,46
DEU,deutschland,46
DEU,wasser mit kohlensäure,46
DEU,thai curry,46
DEU,handtuch,46
DEU,Küchentücher,46
DEU,nespress,46
DEU,nackensteak,46
DEU,pflan,46
DEU,käsewurst,46
DEU,muffi,46
DEU,kosmetikt,46
DEU,hellman,46
DEU,protein wra,46
DEU,hühnc,46
DEU,putztücher,46
DEU,cola 1,46
DEU,prinzess,46
DEU,griechischer j,46
DEU,water melon,46
DEU,cleaner,46
DEU,Puten,46
DEU,champag,46
DEU,zotrone,46
DEU,thom,46
DEU,uno,46
DEU,Schwarzbrot,46
DEU,backpapi,46
DEU,fleisxh,46
DEU,rio,46
DEU,alnatura milch,46
DEU,eleph,46
DEU,curl,46
DEU,käse ge,46
DEU,timaten,46
DEU,schwarzkümmel,46
DEU,Weiß,46
DEU,kräutersalz,46
DEU,tomaten st,46
DEU,koc,46
DEU,landjäger,46
DEU,violife,46
DEU,milk 1.5,46
DEU,ref,46
DEU,köni,46
DEU,lebensmittelfarbe,46
DEU,fiber,46
DEU,kaffee pads,46
DEU,cambert,45
DEU,rolling paper,45
DEU,pfiffer,45
DEU,retter tüte,45
DEU,salzb,45
DEU,floor cleaner,45
DEU,stracci,45
DEU,Ritter,45
DEU,vite,45
DEU,ober,45
DEU,ven,45
DEU,soda water,45
DEU,ms,45
DEU,edemame,45
DEU,kartoffelchips,45
DEU,knoblauchbutter,45
DEU,schweinenacken,45
DEU,wasser med,45
DEU,veo,45
DEU,aboc,45
DEU,palmo,45
DEU,balla,45
DEU,Gu,45
DEU,vollkornmehl,45
DEU,cornet,45
DEU,Winston,45
DEU,muss,45
DEU,Lemon,45
DEU,merre,45
DEU,bulette,45
DEU,zwiebelm,45
DEU,aufstrich vegan,45
DEU,coca-cola,45
DEU,haferriegel,45
DEU,angebote,45
DEU,wing,45
DEU,bio chicken,45
DEU,paranuss,45
DEU,cherryt,45
DEU,pomelo,45
DEU,frühlingsrolle,45
DEU,form,45
DEU,la molisana,45
DEU,smarti,45
DEU,marlboro crafted,45
DEU,espr,45
DEU,pepsi mango,45
DEU,elephant bay,45
DEU,gingerale,45
DEU,hanu,45
DEU,kinder pi,45
DEU,mue,45
DEU,sojasoße,45
DEU,protein wr,45
DEU,parl,45
DEU,griesch,45
DEU,Mar,45
DEU,banae,45
DEU,erfrischungs,45
DEU,carb,45
DEU,knuspermüsli,45
DEU,Minerlwasser,45
DEU,raclette,45
DEU,Ziegen,45
DEU,Gr,45
DEU,hänschen,45
DEU,ale,45
DEU,cinna,45
DEU,pangasius,45
DEU,jim beam,45
DEU,joghurt 1,45
DEU,schwang,45
DEU,schweinefilet,45
DEU,kokosraspel,45
DEU,dub,45
DEU,margarita,45
DEU,gönner,45
DEU,müri,45
DEU,skyer,45
DEU,Wei,45
DEU,tumeric,45
DEU,käsestange,45
DEU,köln,45
DEU,natro,45
DEU,Ricotta,45
DEU,Maggi fix,45
DEU,fleischwur,45
DEU,yug,45
DEU,ben & jerrys,45
DEU,absch,45
DEU,mineralwas,45
DEU,chili flakes,45
DEU,protein ice cream,45
DEU,capsule,45
DEU,Sour cream,45
DEU,volk,45
DEU,mit,45
DEU,Pro,45
DEU,kloss,45
DEU,electroly,45
DEU,kakao pulver,45
DEU,zwetschgen,45
DEU,pizza mar,45
DEU,mören,45
DEU,labello,45
DEU,paracetamol,45
DEU,kardamom,45
DEU,pombä,45
DEU,carbon,45
DEU,kahve,45
DEU,toot,45
DEU,troll,45
DEU,passierte t,45
DEU,lunch,45
DEU,bagutte,45
DEU,Broccoli,45
DEU,Klarspüler,45
DEU,kartoffelecken,45
DEU,walnüss,45
DEU,sylt,45
DEU,innoc,45
DEU,tagliat,45
DEU,nic nacs,45
DEU,linette,45
DEU,salami s,45
DEU,schwepps,45
DEU,kinder pinguin,45
DEU,weißweinessig,45
DEU,kartoffel salat,45
DEU,raisins,45
DEU,Banana,45
DEU,Tuna,45
DEU,grüntee,45
DEU,"milch 1,5%",45
DEU,kokosnusswasser,45
DEU,Ciabatta,45
DEU,peffer,45
DEU,nivea deo,45
DEU,landl,45
DEU,buletten,45
DEU,birr,45
DEU,jump,45
DEU,powerad,45
DEU,frisch kase,45
DEU,kleen,45
DEU,smartie,45
DEU,alpro protein,45
DEU,ehrman,45
DEU,blutorange,45
DEU,reinig,45
DEU,brusc,45
DEU,ali,45
DEU,Geschirrspüler,45
DEU,bratkartoffel,45
DEU,pregnancy,45
DEU,shiitake,45
DEU,jogg,45
DEU,salsa verde,45
DEU,vollmilch schokolade,44
DEU,kaffeesa,44
DEU,ellinas,44
DEU,hurke,44
DEU,karrotten,44
DEU,bern,44
DEU,milchm,44
DEU,pfefer,44
DEU,tiefkühl pizza,44
DEU,bes,44
DEU,topfen,44
DEU,aprikos,44
DEU,biona,44
DEU,radle,44
DEU,pür,44
DEU,petersille,44
DEU,burgee,44
DEU,artischocke,44
DEU,fufu,44
DEU,buttertoast,44
DEU,buldal,44
DEU,kaffeeweißer,44
DEU,erdbeermilch,44
DEU,spitzpa,44
DEU,ziegenfrisch,44
DEU,frei von,44
DEU,limo zero,44
DEU,sodas,44
DEU,scallion,44
DEU,chutney,44
DEU,mehr,44
DEU,salame,44
DEU,macha,44
DEU,chilli öl,44
DEU,erdnussmuss,44
DEU,haferkeks,44
DEU,backmis,44
DEU,tommy,44
DEU,apfelmuß,44
DEU,chocolate bar,44
DEU,griechisc,44
DEU,poo,44
DEU,toli,44
DEU,verfallsdatum,44
DEU,gemüsepfanne,44
DEU,rinderbrü,44
DEU,bathroom,44
DEU,korr,44
DEU,Tomatenm,44
DEU,Joghurt vegan,44
DEU,seven up,44
DEU,russisch,44
DEU,mash,44
DEU,stil,44
DEU,bot,44
DEU,olive o,44
DEU,schoko sauce,44
DEU,every.,44
DEU,laundry detergent,44
DEU,q t,44
DEU,makrel,44
DEU,quark laktosefrei,44
DEU,Every,44
DEU,milch lactose,44
DEU,pencil,44
DEU,Rügenwalder,44
DEU,slipein,44
DEU,bio butter,44
DEU,jugurt,44
DEU,schokoeis,44
DEU,kalam,44
DEU,pfannk,44
DEU,Rote,44
DEU,alnatura chips,44
DEU,salzige,44
DEU,yogure,44
DEU,weißbier,44
DEU,finger,44
DEU,citr,44
DEU,pizta,44
DEU,vegan milk,44
DEU,proteinp,44
DEU,linseneintopf,44
DEU,zuga,44
DEU,frozen veggies,44
DEU,fanta lemon,44
DEU,soss,44
DEU,shisha,44
DEU,milks,44
DEU,Toi,44
DEU,scheibl,44
DEU,kons,44
DEU,sie,44
DEU,milla,44
DEU,blattsalat,44
DEU,gala,44
DEU,müsli riegel,44
DEU,gebu,44
DEU,sprosse,44
DEU,salitos,44
DEU,coke z,44
DEU,nouga,44
DEU,Küchenr,44
DEU,eiersala,44
DEU,tete,44
DEU,kräuter baguette,44
DEU,kash,44
DEU,vitaminwell,44
DEU,zimbo,44
DEU,skR,44
DEU,schnittk,44
DEU,maze,44
DEU,oil spray,44
DEU,pistac,44
DEU,seven,44
DEU,japan,44
DEU,sourcr,44
DEU,crus,44
DEU,schampo,44
DEU,lent,44
DEU,brot dinkel,44
DEU,rostbr,44
DEU,qinoa,44
DEU,berli,44
DEU,vegan k,44
DEU,frittier,44
DEU,high protein pudding,44
DEU,zeit fur brot,44
DEU,eat,44
DEU,lilet,44
DEU,tzatz,44
DEU,Kokosnuss,44
DEU,allioli,44
DEU,icec,44
DEU,coa,44
DEU,schokolade tafel,44
DEU,majonese,44
DEU,rohrfrei,44
DEU,anchovi,44
DEU,brown rice,44
DEU,flad,44
DEU,pane,44
DEU,smir,44
DEU,zitronr,44
DEU,gurje,44
DEU,heiniken,44
DEU,aufbackbröt,44
DEU,Onion,44
DEU,camambert,44
DEU,dopp,44
DEU,kichererbs,44
DEU,Bier alkoholfrei,44
DEU,mei,44
DEU,salty,44
DEU,frio,44
DEU,bren,44
DEU,kfc,44
DEU,morr,44
DEU,hallu,44
DEU,tier,43
DEU,nürnber,43
DEU,zigarr,43
DEU,schmutz,43
DEU,Felix,43
DEU,despera,43
DEU,tabbak,43
DEU,hygie,43
DEU,marul,43
DEU,apt,43
DEU,werder,43
DEU,entk,43
DEU,schoko fresh,43
DEU,molch,43
DEU,bake rolls,43
DEU,tart,43
DEU,natur jo,43
DEU,asia gemüse,43
DEU,hag,43
DEU,proteinpu,43
DEU,garden gourmet,43
DEU,sahne kochen,43
DEU,et,43
DEU,vanille sauce,43
DEU,brombee,43
DEU,sane,43
DEU,vouge,43
DEU,chili flocken,43
DEU,washing liquid,43
DEU,Wiesenhof,43
DEU,vanilla ice cream,43
DEU,süssi,43
DEU,cheda,43
DEU,nesqu,43
DEU,soft cake,43
DEU,avaca,43
DEU,Champion,43
DEU,pulled pork,43
DEU,hähnchrn,43
DEU,milch protein,43
DEU,duba,43
DEU,katzen futter,43
DEU,dr. pepper,43
DEU,margarin,43
DEU,erdnussöl,43
DEU,greek joghurt,43
DEU,buttersch,43
DEU,Nektarinen,43
DEU,lä,43
DEU,reisn,43
DEU,tissue box,43
DEU,Fenchel,43
DEU,hef,43
DEU,eis wurfel,43
DEU,mini moz,43
DEU,Wäsche,43
DEU,Rinderhack,43
DEU,taralli,43
DEU,vuse go,43
DEU,protein rie,43
DEU,Mandarinen,43
DEU,haarfa,43
DEU,feta cheese,43
DEU,vollmilchschokolade,43
DEU,schnuller,43
DEU,vu,43
DEU,vanille milch,43
DEU,papriks,43
DEU,fresh cream,43
DEU,hig,43
DEU,Hot dog,43
DEU,skit,43
DEU,hitsc,43
DEU,vollwaschmittel,43
DEU,maronen,43
DEU,pomeg,43
DEU,kebap,43
DEU,mayone,43
DEU,Sojasauce,43
DEU,pame,43
DEU,pasta sa,43
DEU,cousco,43
DEU,febreeze,43
DEU,schogetten,43
DEU,jasminreis,43
DEU,zahnbürsten,43
DEU,vanilie,43
DEU,parliament,43
DEU,lik,43
DEU,rapunzel,43
DEU,lubricant,43
DEU,Kr,43
DEU,jer,43
DEU,suppennudel,43
DEU,wimpern,43
DEU,reibkäse,43
DEU,aqua panna,43
DEU,kai,43
DEU,rump,43
DEU,hoghurt,43
DEU,evia,43
DEU,pore,43
DEU,hertha,43
DEU,jalapeño,43
DEU,apo,43
DEU,ergüllü,43
DEU,soft cookies,43
DEU,backpulv,43
DEU,card,43
DEU,mach,43
DEU,bira,43
DEU,koriande,43
DEU,schabletten,43
DEU,kinder riegel,43
DEU,knusper müsli,43
DEU,Yo,43
DEU,tetter,43
DEU,lub,43
DEU,schinkenwür,43
DEU,Red Bull Sorten,43
DEU,zwiback,43
DEU,chefd,43
DEU,heri,43
DEU,Toilett,43
DEU,bockwu,43
DEU,capu,43
DEU,iberico,43
DEU,gebur,43
DEU,five,43
DEU,meray,43
DEU,shinken,43
DEU,edelbitter,43
DEU,oe,43
DEU,schmier,43
DEU,grana pad,43
DEU,Schinkenwürfel,43
DEU,Mineral,43
DEU,salted caramel,43
DEU,lettuc,43
DEU,clu,43
DEU,trinkmahl,43
DEU,yougu,43
DEU,gewur,43
DEU,kochschinke,43
DEU,pappbecher,43
DEU,philadelp,43
DEU,vanillee,43
DEU,blutwurst,43
DEU,buffala,43
DEU,laktosfrei,43
DEU,zwieblen,43
DEU,Schalotten,43
DEU,wc pa,43
DEU,thinfisch,43
DEU,feta käse,43
DEU,stein,43
DEU,winer,43
DEU,Windbeutel,43
DEU,hartk,43
DEU,lotus creme,43
DEU,mac and,43
DEU,elstar,43
DEU,tomato sau,42
DEU,little moon,42
DEU,fertig gericht,42
DEU,sonnenc,42
DEU,babane,42
DEU,kokos drink,42
DEU,erdbeermar,42
DEU,pall ma,42
DEU,gato,42
DEU,frischkäse ja,42
DEU,spridel,42
DEU,alw,42
DEU,pbst,42
DEU,Griechischer Joghurt,42
DEU,tiefku,42
DEU,Landliebe,42
DEU,hambur,42
DEU,chianti,42
DEU,ochsen,42
DEU,cherryto,42
DEU,schale,42
DEU,Erkältung,42
DEU,serran,42
DEU,alnatura joghurt,42
DEU,kaergarden,42
DEU,passio,42
DEU,häncheb,42
DEU,Ca,42
DEU,chicken b,42
DEU,pinzette,42
DEU,burger cheese,42
DEU,amare,42
DEU,apfelschirle,42
DEU,tarte,42
DEU,zwea,42
DEU,protien bar,42
DEU,schaer,42
DEU,lavaş,42
DEU,windbe,42
DEU,instant noodle,42
DEU,hinter,42
DEU,deodo,42
DEU,hydro,42
DEU,nasensp,42
DEU,Powerade,42
DEU,schupfn,42
DEU,prill,42
DEU,knäckeb,42
DEU,duftkerze,42
DEU,crement,42
DEU,passat,42
DEU,ajva,42
DEU,burger bu,42
DEU,joghurt grie,42
DEU,rolling,42
DEU,white vinegar,42
DEU,maiss,42
DEU,made,42
DEU,zartbitt,42
DEU,chai latte,42
DEU,heavy,42
DEU,Tiefkühlkost,42
DEU,dala,42
DEU,scheibenk,42
DEU,bio paprika,42
DEU,adapter,42
DEU,flut,42
DEU,dö,42
DEU,fuz,42
DEU,girke,42
DEU,gutfr,42
DEU,eiscrem,42
DEU,halal meat,42
DEU,kle,42
DEU,schwarzb,42
DEU,muti,42
DEU,abs,42
DEU,gewürz gurken,42
DEU,grapefrui,42
DEU,red beans,42
DEU,sesam öl,42
DEU,purina one,42
DEU,schokobon,42
DEU,milchshake,42
DEU,joguh,42
DEU,knöckebrot,42
DEU,lit,42
DEU,tuk,42
DEU,reiss,42
DEU,mushro,42
DEU,Gluten,42
DEU,spinac,42
DEU,alway,42
DEU,dri,42
DEU,garden,42
DEU,wach,42
DEU,eistee ja,42
DEU,Tücher,42
DEU,Scho,42
DEU,fertiggeri,42
DEU,bier al,42
DEU,Me,42
DEU,konserv,42
DEU,fleischkäse,42
DEU,Pflaumen,42
DEU,began,42
DEU,kokusmilch,42
DEU,swe,42
DEU,caul,42
DEU,stremellachs,42
DEU,cabonara,42
DEU,leibn,42
DEU,bäcker,42
DEU,Zwi,42
DEU,sparkli,42
DEU,rahmsoße,42
DEU,alumin,42
DEU,Kase,42
DEU,Aprikosen,42
DEU,soure,42
DEU,koghurt,42
DEU,fondant,42
DEU,mischgemüse,42
DEU,salzbrezel,42
DEU,zimtschn,42
DEU,parad,42
DEU,labn,42
DEU,gazpacho,42
DEU,maiswaf,42
DEU,gefri,42
DEU,mioch,42
DEU,Sonnen,42
DEU,vanilla eis,42
DEU,blackberry,42
DEU,nilch,42
DEU,pfefferm,42
DEU,wrap protein,42
DEU,cac,42
DEU,pickup,42
DEU,baiser,42
DEU,alpen,42
DEU,old am,42
DEU,vanillepu,42
DEU,fruchtzw,42
DEU,dinkelm,42
DEU,kk,42
DEU,waschlappen,42
DEU,locken,42
DEU,cannel,42
DEU,Harzer,42
DEU,fertigge,42
DEU,Coke,42
DEU,biscui,42
DEU,spitzpap,42
DEU,dre,42
DEU,fever tree,42
DEU,koffe,42
DEU,proseco,42
DEU,spfel,42
DEU,reis fit,42
DEU,ice cu,42
DEU,gee,42
DEU,spühlm,42
DEU,protein p,42
DEU,chio dip,42
DEU,jakordi,41
DEU,paprika pul,41
DEU,toastbro,41
DEU,fanny,41
DEU,sea salt,41
DEU,proteinpul,41
DEU,brezelbn,41
DEU,kaffeee,41
DEU,spühlma,41
DEU,picolini,41
DEU,tona,41
DEU,becon,41
DEU,vegan meat,41
DEU,moo,41
DEU,ps,41
DEU,true fr,41
DEU,getra,41
DEU,tt,41
DEU,raumsp,41
DEU,peanutbutter,41
DEU,Apf,41
DEU,cranber,41
DEU,spam,41
DEU,cornstarch,41
DEU,billi,41
DEU,dalami,41
DEU,back kakao,41
DEU,meersa,41
DEU,Sour,41
DEU,potato salad,41
DEU,schwip schwap,41
DEU,zutr,41
DEU,cesa,41
DEU,kromb,41
DEU,augenpads,41
DEU,somon,41
DEU,Porridge,41
DEU,whipping cream,41
DEU,chickem,41
DEU,joghutt,41
DEU,schokolade bio,41
DEU,nudeln dinkel,41
DEU,rotebete,41
DEU,eis bio,41
DEU,Milch bio,41
DEU,os,41
DEU,naturreis,41
DEU,chokolade,41
DEU,gelatin,41
DEU,nicnac,41
DEU,hackfleisch bio,41
DEU,Sc,41
DEU,zero eistee,41
DEU,kakau,41
DEU,kaffeebo,41
DEU,thymi,41
DEU,brazil,41
DEU,canneloni,41
DEU,condit,41
DEU,lenti,41
DEU,Kroketten,41
DEU,Rettertüt,41
DEU,küchenrille,41
DEU,pops,41
DEU,snaks,41
DEU,doppelherz,41
DEU,vernel,41
DEU,thomas,41
DEU,Jack,41
DEU,klöß,41
DEU,grinder,41
DEU,löffelb,41
DEU,kromba,41
DEU,hasr,41
DEU,lekk,41
DEU,Mutti,41
DEU,qi,41
DEU,kaffeeka,41
DEU,lemon cake,41
DEU,cla,41
DEU,Kirsche,41
DEU,miclh,41
DEU,tin,41
DEU,Müsliriegel,41
DEU,nudelsala,41
DEU,soya milch,41
DEU,Col,41
DEU,sil,41
DEU,lammsbräu,41
DEU,condens,41
DEU,fresh pasta,41
DEU,Apfelessig,41
DEU,akt,41
DEU,cola vani,41
DEU,allzw,41
DEU,wä,41
DEU,hair dye,41
DEU,schokolafe,41
DEU,saat,41
DEU,zerea,41
DEU,entkoffeiniert,41
DEU,apfel essig,41
DEU,chips paprika,41
DEU,Ko,41
DEU,inge,41
DEU,Nu,41
DEU,feb,41
DEU,chese,41
DEU,beef stock,41
DEU,apfelsaftschorle,41
DEU,hahnch,41
DEU,zimtsch,41
DEU,lavhs,41
DEU,marshm,41
DEU,Sky,41
DEU,indi,41
DEU,Blume,41
DEU,Koko,41
DEU,wiese,41
DEU,"milch 0,1",41
DEU,toys,41
DEU,heil,41
DEU,oat mil,41
DEU,Power,41
DEU,Artischocken,41
DEU,fischsau,41
DEU,mohre,41
DEU,rewe to go,41
DEU,ib,41
DEU,hotdogs,41
DEU,alnatura käse,41
DEU,heft,41
DEU,citrone,41
DEU,microwave,41
DEU,ramyun,41
DEU,cerialien,41
DEU,saure g,41
DEU,Marziale,41
DEU,cheeze,41
DEU,de cec,41
DEU,iron,41
DEU,Creme frai,41
DEU,löwen,41
DEU,nuddeln,41
DEU,schö,41
DEU,weißbrot,41
DEU,geschen,41
DEU,Wasser sti,41
DEU,tabal,41
DEU,glü,41
DEU,knopers,41
DEU,Coco,41
DEU,cole zero,41
DEU,persi,41
DEU,skyr vanille,41
DEU,spagel,41
DEU,guave,41
DEU,budweiser,41
DEU,tannen,41
DEU,biee,41
DEU,appel,41
DEU,cremefin,41
DEU,tomatenmarkt,41
DEU,club ma,41
DEU,tapioca,41
DEU,fruchtzwer,41
DEU,antikalk,41
DEU,kolos,41
DEU,frankfurter,41
DEU,sunflo,41
DEU,men,41
DEU,baby brei,41
DEU,tomic,41
DEU,prep my meal,41
DEU,Creme fra,41
DEU,schör,41
DEU,air wick,41
DEU,vegan sahne,41
DEU,Tort,41
DEU,cakes,41
DEU,dressin,41
DEU,artischoke,41
DEU,blanc,41
DEU,butternut,41
DEU,bratens,40
DEU,Frikadelle,40
DEU,sojasahne,40
DEU,laktase,40
DEU,Kat,40
DEU,beete,40
DEU,matje,40
DEU,lentil chips,40
DEU,more chips,40
DEU,mandel drink,40
DEU,youco,40
DEU,fliegenfalle,40
DEU,ind,40
DEU,leinsam,40
DEU,latt,40
DEU,lisas,40
DEU,gleisch,40
DEU,peosi,40
DEU,teria,40
DEU,mini mozzarella,40
DEU,chewing,40
DEU,gator,40
DEU,Eiscafe,40
DEU,Zig,40
DEU,prepmymeal,40
DEU,rostbratwurst,40
DEU,schokotr,40
DEU,hühners,40
DEU,pul,40
DEU,hab,40
DEU,proteinshake,40
DEU,tiast,40
DEU,shave,40
DEU,head and shoulders,40
DEU,marshmallows,40
DEU,aus,40
DEU,johu,40
DEU,kartoffelgratin,40
DEU,bier dose,40
DEU,dess,40
DEU,mago,40
DEU,weichweizen,40
DEU,gez,40
DEU,Coke zero,40
DEU,snackbox,40
DEU,falafe,40
DEU,spwzi,40
DEU,chciken,40
DEU,Mag,40
DEU,berri,40
DEU,granatapf,40
DEU,sonntags,40
DEU,aufschnitt vegan,40
DEU,blumenkoh,40
DEU,moji,40
DEU,sidolin,40
DEU,feuchtes toiletten,40
DEU,saure s,40
DEU,mangos,40
DEU,lack,40
DEU,strudel,40
DEU,Elfbar,40
DEU,calip,40
DEU,Kellogs,40
DEU,avocado oil,40
DEU,Kapern,40
DEU,Heidel,40
DEU,cheese cake,40
DEU,krit,40
DEU,oliven schwarz,40
DEU,Beer,40
DEU,seetang,40
DEU,russet,40
DEU,marab,40
DEU,bitte,40
DEU,Kicher,40
DEU,tic tac,40
DEU,lös,40
DEU,cremefi,40
DEU,süßst,40
DEU,"joghurt 0,1",40
DEU,gulaschsuppe,40
DEU,alnatura hafer,40
DEU,rotb,40
DEU,handk,40
DEU,dust,40
DEU,crep,40
DEU,musk,40
DEU,niv,40
DEU,Was,40
DEU,rab,40
DEU,alpri,40
DEU,griechischer jogh,40
DEU,chilliöl,40
DEU,haselnusscreme,40
DEU,rahmsauce,40
DEU,slipe,40
DEU,h mil,40
DEU,dustbin,40
DEU,bier alk,40
DEU,Laugen,40
DEU,Zartbitterschokolade,40
DEU,longpap,40
DEU,everdrop,40
DEU,salatsoße,40
DEU,bananenbrot,40
DEU,weiss wein,40
DEU,alnatura kokos,40
DEU,amoreli,40
DEU,chiabatta,40
DEU,schattenmorellen,40
DEU,eis rewe,40
DEU,vegan cream,40
DEU,hirtenkase,40
DEU,ag,40
DEU,rauchen,40
DEU,ot,40
DEU,mexico,40
DEU,dece,40
DEU,seler,40
DEU,tass,40
DEU,ariz,40
DEU,gure,40
DEU,nik,40
DEU,protein coffee,40
DEU,eiscr,40
DEU,schol,40
DEU,kücheb,40
DEU,rapso,40
DEU,jacky,40
DEU,gulash,40
DEU,grisch,40
DEU,cubes,40
DEU,grana pada,40
DEU,plug,40
DEU,ern,40
DEU,sele,40
DEU,bio lachs,40
DEU,fachingen,40
DEU,Feucht,40
DEU,schne,40
DEU,erfbeeren,40
DEU,zee,40
DEU,kpchenrolle,40
DEU,water bottle,40
DEU,feuchttüch,40
DEU,mehlig,40
DEU,brötchen aufback,40
DEU,vollmi,40
DEU,vivera,40
DEU,Schweppes,40
DEU,Hänschen,40
DEU,scharlotten,40
DEU,limonce,40
DEU,tintenfisch,40
DEU,kohlrab,40
DEU,hartweizen,40
DEU,maltesers,40
DEU,frutti,40
DEU,grizz,40
DEU,ovomaltine,40
DEU,cappuc,40
DEU,oatm,40
DEU,frische pasta,40
DEU,Sauerkirschen,40
DEU,volviv,40
DEU,hummis,40
DEU,kse,40
DEU,hüt,40
DEU,krautsal,40
DEU,ibup,40
DEU,schäler,40
DEU,schokokekse,40
DEU,käse stück,40
DEU,haferke,40
DEU,sodbrennen,40
DEU,frites,40
DEU,skyr bio,39
DEU,mini mozarella,39
DEU,bautz,39
DEU,Teewurst,39
DEU,share,39
DEU,gambas,39
DEU,Gefrierbeutel,39
DEU,blattsp,39
DEU,guanci,39
DEU,must,39
DEU,boc,39
DEU,banane bio,39
DEU,frozen vege,39
DEU,kie,39
DEU,karame,39
DEU,käse g,39
DEU,caes,39
DEU,schoko bons,39
DEU,ersnuss,39
DEU,Vly,39
DEU,schlemm,39
DEU,vent,39
DEU,doppelkeks,39
DEU,dondurma,39
DEU,pommer,39
DEU,pecorin,39
DEU,rafae,39
DEU,abschminktücher,39
DEU,butger,39
DEU,parmegiano,39
DEU,alprp,39
DEU,velo,39
DEU,alkoholf,39
DEU,kartoffelpürree,39
DEU,Getr,39
DEU,gönn,39
DEU,Schwein,39
DEU,pfirsic,39
DEU,Garnele,39
DEU,zwiebeln rot,39
DEU,san pellegrini,39
DEU,penut,39
DEU,bread crumbs,39
DEU,kada,39
DEU,rohmilch,39
DEU,yogurt greek,39
DEU,fraiche,39
DEU,Hackf,39
DEU,fassbr,39
DEU,schokodr,39
DEU,burgerbun,39
DEU,levia,39
DEU,black f,39
DEU,teewur,39
DEU,nagelschere,39
DEU,cae,39
DEU,alco,39
DEU,Kreuzkümmel,39
DEU,joy,39
DEU,bellini,39
DEU,eno,39
DEU,sojasa,39
DEU,wasxh,39
DEU,sülze,39
DEU,icecrea,39
DEU,dinkel mehl,39
DEU,mozarr,39
DEU,radler alkoholfrei,39
DEU,Riesling,39
DEU,kokosö,39
DEU,kaffeefil,39
DEU,cordo,39
DEU,chicken w,39
DEU,beeren gefroren,39
DEU,ja eis,39
DEU,harvest moon,39
DEU,gerolstei,39
DEU,Rinder,39
DEU,triple,39
DEU,burratta,39
DEU,lint,39
DEU,kollagen,39
DEU,gulasc,39
DEU,soinach,39
DEU,Ben jerry,39
DEU,alme,39
DEU,Parm,39
DEU,glutenfrei nudeln,39
DEU,eberswalder,39
DEU,giff,39
DEU,lebkuchen,39
DEU,gür,39
DEU,proteinbar,39
DEU,paprikama,39
DEU,waffl,39
DEU,marlboro red,39
DEU,alkoholfreier sekt,39
DEU,sweet potat,39
DEU,kavi,39
DEU,apfelshorle,39
DEU,coriand,39
DEU,zitt,39
DEU,haferkek,39
DEU,Hütten,39
DEU,franzbr,39
DEU,linsenw,39
DEU,zutronen,39
DEU,Passierte,39
DEU,chicken bites,39
DEU,protein toast,39
DEU,çikolata,39
DEU,taft,39
DEU,hühnerfrikasse,39
DEU,elo,39
DEU,kaffeepulver,39
DEU,calipp,39
DEU,wc re,39
DEU,kohlen,39
DEU,kaffeek,39
DEU,romaten,39
DEU,retter tütte,39
DEU,Wattestäbchen,39
DEU,kös,39
DEU,"0,5",39
DEU,räucherto,39
DEU,cinamon,39
DEU,ring,39
DEU,tasse,39
DEU,Servietten,39
DEU,zuckers,39
DEU,long papes,39
DEU,schupfnudel,39
DEU,cil,39
DEU,picoli,39
DEU,hydr,39
DEU,kaktu,39
DEU,wasser kohlensäure,39
DEU,katzenmilch,39
DEU,fabric,39
DEU,gutschein,39
DEU,Eistee zero,39
DEU,salz grob,39
DEU,sprudelwass,39
DEU,peanut butt,39
DEU,multivit,39
DEU,chocl,39
DEU,snak,39
DEU,pasta protein,39
DEU,smar,39
DEU,eierlikör,39
DEU,tortia,39
DEU,eisbergsa,39
DEU,johannisbeeren,39
DEU,speck vegan,39
DEU,tote,39
DEU,kan,39
DEU,hafermilch barista,39
DEU,melato,39
DEU,tune,39
DEU,cereali,39
DEU,nutrlla,39
DEU,kürbiskernöl,39
DEU,yogurth,39
DEU,farf,39
DEU,offen,39
DEU,stieleis,39
DEU,kpchen,39
DEU,pflaumenmus,39
DEU,wiesbauer,39
DEU,shallots,39
DEU,rinds,39
DEU,hähchen,39
DEU,spring onions,39
DEU,königsberger,39
DEU,rouladen,39
DEU,johannes,39
DEU,mudeln,39
DEU,juic,39
DEU,spülmit,39
DEU,aluminium,39
DEU,vegan feta,39
DEU,Spag,39
DEU,jameson,39
DEU,risto,39
DEU,rewe b,39
DEU,schokoküsse,39
DEU,Penne,39
DEU,Sauerrahm,38
DEU,strawberry jam,38
DEU,chok,38
DEU,rügenwald,38
DEU,jale,38
DEU,Red bu,38
DEU,chips bio,38
DEU,haaröl,38
DEU,tomatensauc,38
DEU,insektenspray,38
DEU,bärch,38
DEU,mascarpon,38
DEU,buer,38
DEU,rinf,38
DEU,weichkä,38
DEU,gesunde snacks,38
DEU,zigarre,38
DEU,sehriye,38
DEU,bavaria,38
DEU,inn,38
DEU,käse scheibe,38
DEU,oesto,38
DEU,gyr,38
DEU,Papaya,38
DEU,meister,38
DEU,intimo,38
DEU,sojaj,38
DEU,prei,38
DEU,salzstang,38
DEU,kochschin,38
DEU,chops,38
DEU,yal,38
DEU,reter,38
DEU,cot,38
DEU,gry,38
DEU,Tk,38
DEU,badezusatz,38
DEU,apel,38
DEU,hoi,38
DEU,rescu,38
DEU,butter käse,38
DEU,Karo,38
DEU,schri,38
DEU,hoch,38
DEU,nutr,38
DEU,süsskartoffeln,38
DEU,Persil,38
DEU,Häh,38
DEU,gen,38
DEU,süßkartoff,38
DEU,anans,38
DEU,suma,38
DEU,kartfo,38
DEU,pancett,38
DEU,der beck,38
DEU,cc,38
DEU,fassbutter,38
DEU,burek,38
DEU,eti,38
DEU,toilleten,38
DEU,magari,38
DEU,milano,38
DEU,motarella,38
DEU,mouss,38
DEU,vogel,38
DEU,bibi,38
DEU,essig gurken,38
DEU,Vanilleeis,38
DEU,Himbeere,38
DEU,hak,38
DEU,tomm,38
DEU,leerd,38
DEU,karten,38
DEU,sweet chil,38
DEU,Juice,38
DEU,aboca,38
DEU,müh,38
DEU,yough,38
DEU,pizza marg,38
DEU,free,38
DEU,Tüte,38
DEU,ts,38
DEU,entkal,38
DEU,Tomaten dose,38
DEU,trockenobst,38
DEU,reiskuchen,38
DEU,coal,38
DEU,bruzz,38
DEU,gill,38
DEU,kashkaval,38
DEU,jakord,38
DEU,1050,38
DEU,disin,38
DEU,kinoa,38
DEU,mouth wash,38
DEU,clothes,38
DEU,eis mango,38
DEU,krabb,38
DEU,mae,38
DEU,fruchtriegel,38
DEU,arla skyr,38
DEU,stu,38
DEU,Brt,38
DEU,nas,38
DEU,käsekuch,38
DEU,bio m,38
DEU,muesl,38
DEU,wssser,38
DEU,cockt,38
DEU,tomatensos,38
DEU,suppen nudeln,38
DEU,camb,38
DEU,eistee pfirsich,38
DEU,fertig essen,38
DEU,sonnenblumenö,38
DEU,vegan schnitzel,38
DEU,sanitizer,38
DEU,tomo,38
DEU,konjac,38
DEU,krautsala,38
DEU,apfele,38
DEU,risoni,38
DEU,bio salami,38
DEU,syl,38
DEU,müritz,38
DEU,semmelbr,38
DEU,flou,38
DEU,bitburger,38
DEU,bauer,38
DEU,schoko eis,38
DEU,benj,38
DEU,frishkase,38
DEU,Champ,38
DEU,dalz,38
DEU,barist,38
DEU,griechischer jogurt,38
DEU,voelkel,38
DEU,Egg,38
DEU,paprika edelsüss,38
DEU,volvik,38
DEU,vale,38
DEU,spiesse,38
DEU,xxl,38
DEU,Volvi,38
DEU,7u,38
DEU,Ofenkäse,38
DEU,möhrensaft,38
DEU,salzgurken,38
DEU,dön,38
DEU,baca,38
DEU,cherry t,38
DEU,saft bio,38
DEU,tomazen,38
DEU,chillies,38
DEU,Tomatensaft,38
DEU,backwa,38
DEU,cold cuts,38
DEU,Teig,38
DEU,dänische,38
DEU,calabrese,38
DEU,esspapier,38
DEU,Nespresso,38
DEU,club m,38
DEU,pimmes,38
DEU,plums,38
DEU,Ban,38
DEU,rinderb,38
DEU,mini salami,38
DEU,anjola,38
DEU,haargummi,38
DEU,erbeer,38
DEU,milchschnitt,38
DEU,gemüse tk,38
DEU,joghurt gr,38
DEU,traubensa,38
DEU,soy sa,38
DEU,weiße scho,38
DEU,mexiko,38
DEU,okiven,38
DEU,keule,38
DEU,swnf,38
DEU,kurkum,38
DEU,salt and,38
DEU,nüs,38
DEU,stro,38
DEU,salamis,38
DEU,carefree,38
DEU,flieg,38
DEU,rohrre,38
DEU,king,38
DEU,wurst geflügel,38
DEU,lemongrass,38
DEU,graubur,38
DEU,apro,38
DEU,gefü,38
DEU,sessm,38
DEU,creme bru,38
DEU,tequil,38
DEU,dom,38
DEU,komos,38
DEU,dashi,38
DEU,erdbeerm,38
DEU,feue,38
DEU,gürk,38
DEU,knacke,38
DEU,riffels,38
DEU,parf,38
DEU,kokosras,38
DEU,Slipeinlagen,38
DEU,käsest,38
DEU,kloreiniger,37
DEU,famta,37
DEU,köttbullar,37
DEU,sauer sahne,37
DEU,napoli,37
DEU,burgers,37
DEU,darm,37
DEU,kassl,37
DEU,omega 3,37
DEU,city secco,37
DEU,beers,37
DEU,tres,37
DEU,minus L,37
DEU,penaten,37
DEU,clementine,37
DEU,limone,37
DEU,dose tomaten,37
DEU,alpro barista,37
DEU,Papr,37
DEU,string,37
DEU,Granola,37
DEU,cola vanilla,37
DEU,vegane schokolade,37
DEU,kabak,37
DEU,Dr.,37
DEU,protein m,37
DEU,Eie,37
DEU,waa,37
DEU,alnatura brot,37
DEU,canned tomatoes,37
DEU,kinder cards,37
DEU,chickrn,37
DEU,ande,37
DEU,Lays,37
DEU,Pop,37
DEU,Pizz,37
DEU,weingu,37
DEU,pim,37
DEU,kaugum,37
DEU,frozen food,37
DEU,bunte,37
DEU,beren,37
DEU,Sonnenblumenkerne,37
DEU,Tomatenma,37
DEU,pancake mix,37
DEU,flow,37
DEU,notebook,37
DEU,andech,37
DEU,cand,37
DEU,Parme,37
DEU,Taba,37
DEU,rice noodle,37
DEU,knab,37
DEU,ness,37
DEU,gall,37
DEU,Blattspinat,37
DEU,St,37
DEU,konj,37
DEU,kitk,37
DEU,Kosmetik,37
DEU,foc,37
DEU,vegan yogurt,37
DEU,pasa,37
DEU,Kerze,37
DEU,quetschies,37
DEU,Eiersalat,37
DEU,morzare,37
DEU,paprika powder,37
DEU,proteinrieg,37
DEU,mager quark,37
DEU,Soßen,37
DEU,fencheltee,37
DEU,wiltmann,37
DEU,eis wür,37
DEU,eistea,37
DEU,vegab,37
DEU,halley,37
DEU,mumm,37
DEU,kvas,37
DEU,golden toast,37
DEU,Rotkohl,37
DEU,tante fanny,37
DEU,vita malz,37
DEU,cockta,37
DEU,frozen ve,37
DEU,pizzabrötchen,37
DEU,vilvic,37
DEU,clear,37
DEU,kaffee kalt,37
DEU,kiwis,37
DEU,toasz,37
DEU,feuchttuch,37
DEU,monster white,37
DEU,bald,37
DEU,mosquito,37
DEU,Geflügelwurst,37
DEU,M&M,37
DEU,strat,37
DEU,kasten,37
DEU,linsennudeln,37
DEU,garten,37
DEU,dishwasher salt,37
DEU,garb,37
DEU,chlo,37
DEU,schmelzkäs,37
DEU,Red Bull Editions,37
DEU,rote bete saft,37
DEU,peanut b,37
DEU,apinat,37
DEU,wasser zitrone,37
DEU,ec,37
DEU,rubicon,37
DEU,moscato,37
DEU,vitamin we,37
DEU,Vanillepudding,37
DEU,garlic paste,37
DEU,caram,37
DEU,protein bars,37
DEU,Spülmaschinen,37
DEU,san luca,37
DEU,Spü,37
DEU,langkorn,37
DEU,kokon,37
DEU,stilles Wasser,37
DEU,ann,37
DEU,airwa,37
DEU,pears,37
DEU,cucmber,37
DEU,löslicher kaffee,37
DEU,550,37
DEU,joghurt mit,37
DEU,pizza baguette,37
DEU,washing powder,37
DEU,fürst,37
DEU,cake mix,37
DEU,tteok,37
DEU,pirinç,37
DEU,bio gemüse,37
DEU,cottage ch,37
DEU,cardamom,37
DEU,becham,37
DEU,Pistazie,37
DEU,carame,37
DEU,schorl,37
DEU,bio müll,37
DEU,gus,37
DEU,berchtes,37
DEU,anno,37
DEU,fever,37
DEU,streichcreme,37
DEU,Haar,37
DEU,fusselrolle,37
DEU,Suppengemüse,37
DEU,situp,37
DEU,buo,37
DEU,knoblauchb,37
DEU,schokop,37
DEU,just taste,37
DEU,speisestä,37
DEU,schwämm,37
DEU,artich,37
DEU,gle,37
DEU,chinese,37
DEU,sweetcorn,37
DEU,Wasser st,37
DEU,hae,37
DEU,hanut,37
DEU,espresso gemahlen,37
DEU,petersile,37
DEU,lachgumm,37
DEU,pickled,37
DEU,hert,37
DEU,Joghu,37
DEU,porrige,37
DEU,Kerzen,37
DEU,aktivia,37
DEU,protein mousse,37
DEU,trockens,37
DEU,öil,37
DEU,lisa,37
DEU,lapp,37
DEU,roche,37
DEU,volvic zero,37
DEU,turkisch,37
DEU,destilliertes wasser,37
DEU,hafer flocken,37
DEU,frui,37
DEU,mezcal,37
DEU,burger vegan,37
DEU,linguin,37
DEU,vanilleextrakt,37
DEU,pekmez,37
DEU,achoko,37
DEU,badrei,37
DEU,bratwürste,37
DEU,zitronen saft,37
DEU,geschälte tomaten,37
DEU,halum,37
DEU,70%,37
DEU,mika,37
DEU,kinderr,37
DEU,zero zero,37
DEU,grüne paprika,37
DEU,pizza k,37
DEU,Nürnberger,37
DEU,isotonisch,37
DEU,proten,37
DEU,pff,37
DEU,ül,37
DEU,spon,37
DEU,wasser melone,37
DEU,pahmeyer,37
DEU,light k,37
DEU,kondensmil,37
DEU,spritzig,37
DEU,kohlens,37
DEU,Oreo,37
DEU,spirit,36
DEU,augenbrauen,36
DEU,dosenmais,36
DEU,pizza soße,36
DEU,protein käse,36
DEU,spaghettieis,36
DEU,backe,36
DEU,Kohl,36
DEU,Früchte,36
DEU,landj,36
DEU,vollm,36
DEU,schokoaufstrich,36
DEU,kesse,36
DEU,klöse,36
DEU,val,36
DEU,Brat,36
DEU,spat,36
DEU,watter,36
DEU,nasi,36
DEU,cotton pads,36
DEU,rice noodles,36
DEU,letscho,36
DEU,cocu,36
DEU,Frischkä,36
DEU,mineralwasse,36
DEU,käse sauce,36
DEU,protein vegan,36
DEU,retter t,36
DEU,disch,36
DEU,queso,36
DEU,loffel,36
DEU,schicken,36
DEU,beerenmischung,36
DEU,kräter,36
DEU,kinder country,36
DEU,raba,36
DEU,müslir,36
DEU,Hän,36
DEU,grichi,36
DEU,tpast,36
DEU,kosmet,36
DEU,hackfleisch vegan,36
DEU,bio polar,36
DEU,plo,36
DEU,tk brötchen,36
DEU,frischkäse bio,36
DEU,vegan sausage,36
DEU,travel,36
DEU,kefit,36
DEU,küchenri,36
DEU,frozen berry,36
DEU,gustav,36
DEU,grieschi,36
DEU,beyaz,36
DEU,müllsä,36
DEU,fabta,36
DEU,curcuma,36
DEU,schoko aufstrich,36
DEU,vegan chocolate,36
DEU,mota,36
DEU,süßkartof,36
DEU,gir,36
DEU,gratin käse,36
DEU,geräuchert,36
DEU,baby bell,36
DEU,geriebener köse,36
DEU,oul,36
DEU,eimer,36
DEU,hamburg,36
DEU,slipei,36
DEU,Peters,36
DEU,wurt,36
DEU,Par,36
DEU,heinek,36
DEU,dry shampoo,36
DEU,lieb,36
DEU,groe,36
DEU,alpro jo,36
DEU,Käsewürfel,36
DEU,laugenst,36
DEU,harry brot,36
DEU,Getränk,36
DEU,küchenreiniger,36
DEU,ahornsi,36
DEU,sä,36
DEU,sak,36
DEU,pretzels,36
DEU,essigre,36
DEU,hipp bio,36
DEU,Kartof,36
DEU,havelland,36
DEU,spull,36
DEU,mölk,36
DEU,käseso,36
DEU,cabano,36
DEU,frisch milch,36
DEU,gal,36
DEU,tar,36
DEU,pinienker,36
DEU,lip balm,36
DEU,harino,36
DEU,kokos alpro,36
DEU,gerv,36
DEU,zitronentee,36
DEU,cama,36
DEU,konta,36
DEU,rigato,36
DEU,starbuc,36
DEU,süssigk,36
DEU,kese,36
DEU,sprudelwa,36
DEU,schoco,36
DEU,5 minu,36
DEU,amar,36
DEU,sour crem,36
DEU,bauck,36
DEU,shortbread,36
DEU,rote zwiebe,36
DEU,Lactose,36
DEU,vee,36
DEU,gelantine,36
DEU,quarck,36
DEU,salatcreme,36
DEU,glasnude,36
DEU,pall m,36
DEU,lebens,36
DEU,gib,36
DEU,worcester,36
DEU,sahne ja,36
DEU,kräuterbagu,36
DEU,Takis,36
DEU,taver,36
DEU,bagut,36
DEU,kuhl,36
DEU,stück,36
DEU,pac,36
DEU,bii,36
DEU,aspirin,36
DEU,charit,36
DEU,Holy,36
DEU,pflege,36
DEU,alpro s,36
DEU,loren,36
DEU,ülk,36
DEU,wildhe,36
DEU,wine red,36
DEU,vollkornbr,36
DEU,rotbä,36
DEU,hawaii,36
DEU,vr,36
DEU,harzer käse,36
DEU,sum,36
DEU,artisc,36
DEU,räucherl,36
DEU,frühlingszwieb,36
DEU,kaffeebohn,36
DEU,biersch,36
DEU,marlo,36
DEU,sahne laktose,36
DEU,wursr,36
DEU,ja k,36
DEU,kokonus,36
DEU,crossai,36
DEU,capt,36
DEU,sparkling wa,36
DEU,chive,36
DEU,jasmine rice,36
DEU,marmelade zero,36
DEU,jokolade,36
DEU,kühlschrank,36
DEU,sprite zer,36
DEU,frikassee,36
DEU,thermo,36
DEU,bedda,36
DEU,tm,36
DEU,coppenra,36
DEU,zora,36
DEU,räuc,36
DEU,senfkörner,36
DEU,stifte,36
DEU,corn fl,36
DEU,toal,36
DEU,brombeer,36
DEU,Rose,36
DEU,trinkma,36
DEU,gezuckerte,36
DEU,Halloumi,36
DEU,davidof,36
DEU,nudl,36
DEU,baren,36
DEU,nature,36
DEU,chilli flocken,36
DEU,trinkp,36
DEU,sweet pota,36
DEU,spülbürste,36
DEU,Wasserm,36
DEU,odol,36
DEU,minster,36
DEU,mozarella gerieben,36
DEU,spring roll,36
DEU,scharfer grieche,36
DEU,burger bro,36
DEU,pao,36
DEU,schmal,36
DEU,süßsauer,36
DEU,weiße sch,36
DEU,brauner zu,36
DEU,kaubonbon,36
DEU,paran,36
DEU,Pizzakäse,36
DEU,sensitiv,36
DEU,melitta,36
DEU,hühnerf,35
DEU,arabisches brot,35
DEU,salami pizza,35
DEU,cone,35
DEU,sourc,35
DEU,laktosefrei milch,35
DEU,fleiscj,35
DEU,bananr,35
DEU,zopf,35
DEU,cog,35
DEU,rhababer,35
DEU,serv,35
DEU,Bi,35
DEU,erbsensuppe,35
DEU,sauerkirsche,35
DEU,mango joghurt,35
DEU,white bread,35
DEU,Ehrmann,35
DEU,sem,35
DEU,merg,35
DEU,römer,35
DEU,olive oul,35
DEU,softlan,35
DEU,peppero,35
DEU,bautzner,35
DEU,heet,35
DEU,proteinwrap,35
DEU,speiseq,35
DEU,rajma,35
DEU,120,35
DEU,resi,35
DEU,küchen rolle,35
DEU,schinken bio,35
DEU,pfannku,35
DEU,kartoffelbrot,35
DEU,fini,35
DEU,hausbrot,35
DEU,pudding pulver,35
DEU,kaffee bio,35
DEU,chunks,35
DEU,vollwasch,35
DEU,Fl,35
DEU,chicken bio,35
DEU,sorb,35
DEU,sojami,35
DEU,blattspi,35
DEU,distilled water,35
DEU,frozen chicken,35
DEU,sauv,35
DEU,tafelessig,35
DEU,Gyros,35
DEU,salatdress,35
DEU,Oregano,35
DEU,brotau,35
DEU,skyr laktose,35
DEU,eggs bio,35
DEU,zum dorfkrug,35
DEU,weißk,35
DEU,Jägermeister,35
DEU,Purina,35
DEU,bow,35
DEU,dovga,35
DEU,bor,35
DEU,oropax,35
DEU,porridg,35
DEU,wurst halal,35
DEU,Red Bull Editionen,35
DEU,Bergkäse,35
DEU,weap,35
DEU,tüch,35
DEU,rollmops,35
DEU,starch,35
DEU,gemüsest,35
DEU,schono,35
DEU,tomy,35
DEU,knoblauchso,35
DEU,wildreis,35
DEU,kuchenboden,35
DEU,zin,35
DEU,rice cracker,35
DEU,semola,35
DEU,remola,35
DEU,crouto,35
DEU,Hunde,35
DEU,ohrstä,35
DEU,vegan s,35
DEU,peanut bu,35
DEU,frich,35
DEU,quak,35
DEU,salamisti,35
DEU,konfekt,35
DEU,primi,35
DEU,sunta,35
DEU,pann,35
DEU,blackforest,35
DEU,Salam,35
DEU,cola 0,35
DEU,joghurt vanille,35
DEU,watwr,35
DEU,Bulgur,35
DEU,joghurt alpro,35
DEU,chocos,35
DEU,sah e,35
DEU,wildla,35
DEU,Whisky,35
DEU,burt,35
DEU,guinnes,35
DEU,yumy,35
DEU,keba,35
DEU,köl,35
DEU,koffee,35
DEU,guinn,35
DEU,geschenktüte,35
DEU,cutlery,35
DEU,backf,35
DEU,eis ja,35
DEU,oryza,35
DEU,knoblaucj,35
DEU,alcohol frei,35
DEU,glass cleaner,35
DEU,basmatireis,35
DEU,sauerte,35
DEU,melonen,35
DEU,weet,35
DEU,ferdi fuchs,35
DEU,marzipa,35
DEU,macaro,35
DEU,salumeria,35
DEU,muell,35
DEU,vanillin,35
DEU,spitzp,35
DEU,tomato pas,35
DEU,speckw,35
DEU,High Protein,35
DEU,freiland,35
DEU,klipapier,35
DEU,auto,35
DEU,teekanne,35
DEU,hat,35
DEU,leerda,35
DEU,sammys,35
DEU,beeren mix,35
DEU,holun,35
DEU,oro di,35
DEU,cannelloni,35
DEU,copenrath,35
DEU,purin,35
DEU,wassa,35
DEU,zuvker,35
DEU,Cham,35
DEU,wofka,35
DEU,brenne,35
DEU,rinder salami,35
DEU,kürbisker,35
DEU,rama creme,35
DEU,nudlen,35
DEU,ohrstäbchen,35
DEU,creme frau,35
DEU,cabba,35
DEU,backmisch,35
DEU,Chio,35
DEU,edelsü,35
DEU,chocolate spread,35
DEU,hage,35
DEU,capuccino,35
DEU,Haarfarbe,35
DEU,green force,35
DEU,gumi,35
DEU,rau,35
DEU,grichischer,35
DEU,schokoladr,35
DEU,einge,35
DEU,sakat,35
DEU,Kombucha,35
DEU,toilletten,35
DEU,grue,35
DEU,leins,35
DEU,bute,35
DEU,chillie,35
DEU,malboro mix,35
DEU,cuisine,35
DEU,matr,35
DEU,elotrans,35
DEU,old ams,35
DEU,milch lac,35
DEU,cocnut,35
DEU,cina,35
DEU,citro,35
DEU,Dinkelmehl,35
DEU,salamo,35
DEU,soya milk,35
DEU,Pu,35
DEU,canned tomato,35
DEU,black forrest,35
DEU,vla,35
DEU,eiklar,35
DEU,reiswein,35
DEU,nudelso,35
DEU,Aufbackbrötchen,35
DEU,parsle,35
DEU,barila,35
DEU,pesro,35
DEU,Dip,35
DEU,vegan schoko,35
DEU,Bul,35
DEU,streichkäse,35
DEU,süsi,35
DEU,verm,35
DEU,pastir,35
DEU,Himbeer,35
DEU,rotkäpp,35
DEU,garam masala,35
DEU,fischso,35
DEU,volvic tee,35
DEU,guacam,35
DEU,urea,35
DEU,mare,35
DEU,krauts,35
DEU,Nachos,35
DEU,crodo,35
DEU,mango loco,35
DEU,fue,35
DEU,grüne so,35
DEU,healthy snack,35
DEU,pfefferminztee,35
DEU,sorite,35
DEU,Mini,35
DEU,zug,35
DEU,agavendick,35
DEU,chocolate cake,35
DEU,kokod,35
DEU,sesame seeds,35
DEU,knöde,35
DEU,veganer aufschnitt,35
DEU,cocktailtomaten,35
DEU,merc,35
DEU,magarin,35
DEU,pumpkin seed,35
DEU,amicelli,34
DEU,kofte,34
DEU,ıslak mendil,34
DEU,Sauerteig,34
DEU,gluten fre,34
DEU,toast bread,34
DEU,hafer crunch,34
DEU,mezo,34
DEU,sauergurke,34
DEU,edding,34
DEU,brot chips,34
DEU,pfefferminze,34
DEU,butterbrot,34
DEU,tassi,34
DEU,haarwachs,34
DEU,chups,34
DEU,süßkartoffeln,34
DEU,tropi,34
DEU,klossteig,34
DEU,frischh,34
DEU,prep my,34
DEU,bona,34
DEU,Rette,34
DEU,san lu,34
DEU,mie nudeln,34
DEU,summer,34
DEU,hefeweizen,34
DEU,liq,34
DEU,jod,34
DEU,aperil,34
DEU,kuv,34
DEU,follow food,34
DEU,schnaps,34
DEU,seident,34
DEU,buttermilc,34
DEU,hühnche,34
DEU,fermentiert,34
DEU,krüger,34
DEU,fanta z,34
DEU,wallnu,34
DEU,oliveno,34
DEU,käsebr,34
DEU,schöffer,34
DEU,apple cider vinegar,34
DEU,dumpli,34
DEU,schwimm,34
DEU,fertiggeric,34
DEU,kamin,34
DEU,kambucha,34
DEU,pfeffermin,34
DEU,kade,34
DEU,Lakritz,34
DEU,pringe,34
DEU,kokoa,34
DEU,sauerkrau,34
DEU,sprühsah,34
DEU,zuckersch,34
DEU,Lotus,34
DEU,"1,5",34
DEU,salat fertig,34
DEU,red wine vinegar,34
DEU,gurcke,34
DEU,haferflocken zart,34
DEU,pommel,34
DEU,bacar,34
DEU,mini schnitzel,34
DEU,Pralinen,34
DEU,goulash,34
DEU,bred,34
DEU,tapioka,34
DEU,geflügel würstchen,34
DEU,Eiweißbrot,34
DEU,hans,34
DEU,edame,34
DEU,salami light,34
DEU,licht,34
DEU,schoko creme,34
DEU,Flei,34
DEU,schaumbad,34
DEU,nap,34
DEU,green apple,34
DEU,classic wasser,34
DEU,calama,34
DEU,come,34
DEU,jpghurt,34
DEU,Bur,34
DEU,tk gem,34
DEU,not,34
DEU,zahnbürste weich,34
DEU,sahnest,34
DEU,thunfisxh,34
DEU,kinder p,34
DEU,steal,34
DEU,toiletteb,34
DEU,gefriergetrocknet,34
DEU,schonolade,34
DEU,terri,34
DEU,pinienkern,34
DEU,essig essenz,34
DEU,refried,34
DEU,pir,34
DEU,tagia,34
DEU,trinkhalm,34
DEU,dove deo,34
DEU,breadcrumbs,34
DEU,kari,34
DEU,toast dinkel,34
DEU,störte,34
DEU,chips salt,34
DEU,Mövenpick,34
DEU,vanilleschote,34
DEU,meerrett,34
DEU,zeru,34
DEU,viva con,34
DEU,appenzeller,34
DEU,beets,34
DEU,Kurkuma,34
DEU,gesichtscreme,34
DEU,brill,34
DEU,pistach,34
DEU,maia,34
DEU,tomaten ge,34
DEU,canelloni,34
DEU,blätte,34
DEU,wasche,34
DEU,giesinger,34
DEU,chils,34
DEU,nuddel,34
DEU,mülle,34
DEU,gurj,34
DEU,tartar,34
DEU,Edeka,34
DEU,Panini,34
DEU,ceralien,34
DEU,toulettenpapier,34
DEU,cheese balls,34
DEU,pizza ja,34
DEU,jack dan,34
DEU,laktosefrei joghurt,34
DEU,sens,34
DEU,cones,34
DEU,wein lieblich,34
DEU,eclair,34
DEU,Ventilator,34
DEU,beyo,34
DEU,loacker,34
DEU,Karottensaft,34
DEU,cherry tomate,34
DEU,tortillia,34
DEU,vanille cola,34
DEU,nagella,34
DEU,pizza so,34
DEU,ww,34
DEU,Semmel,34
DEU,burguer,34
DEU,feta creme,34
DEU,jum,34
DEU,of,34
DEU,warheads,34
DEU,lych,34
DEU,70,34
DEU,gelat,34
DEU,fruchtjoghurt,34
DEU,schwarzbr,34
DEU,grillwurst,34
DEU,bars,34
DEU,ofen käse,34
DEU,fleischwurs,34
DEU,risott,34
DEU,dr. oetker,34
DEU,fonds,34
DEU,5.0,34
DEU,surim,34
DEU,hähnchenflügel,34
DEU,seran,34
DEU,gekochter,34
DEU,marger,34
DEU,kräuterfrisch,34
DEU,eiscream,34
DEU,destil,34
DEU,dunkle sch,34
DEU,kais,34
DEU,drachenzungen,34
DEU,bandn,34
DEU,Wasser mit Geschmack,34
DEU,feicht,34
DEU,mandeln gemahlen,34
DEU,loo,34
DEU,wermut,34
DEU,panee,34
DEU,hänchenb,34
DEU,Hähnchenschenkel,34
DEU,maydanoz,34
DEU,dreamies,34
DEU,Kaffeefilter,34
DEU,rieg,34
DEU,mari,34
DEU,sodastr,34
DEU,flying,34
DEU,Tiefkühler,34
DEU,yfo,34
DEU,Salami sticks,34
DEU,flü,34
DEU,mehrkorn,34
DEU,brustfilet,34
DEU,hader,34
DEU,Grüne,34
DEU,merretich,34
DEU,sunfl,34
DEU,kräuter butter,34
DEU,landlust,34
DEU,cigkö,34
DEU,couscou,34
DEU,windbeu,34
DEU,korri,34
DEU,weeta,34
DEU,samm,34
DEU,filte,34
DEU,flis,34
DEU,schaschlik,34
DEU,60l,34
DEU,thi,34
DEU,alufo,34
DEU,rindfle,34
DEU,glutenfrei pizza,34
DEU,kontak,34
DEU,Qu,34
DEU,apfelmar,34
DEU,slaat,34
DEU,Pap,34
DEU,entkalk,34
DEU,kornig,34
DEU,calam,34
DEU,homann,34
DEU,curryw,34
DEU,cak,34
DEU,pul biber,34
DEU,karottensa,34
DEU,orz,34
DEU,samo,34
DEU,grüne soße,34
DEU,Schnitt,34
DEU,Brownie,34
DEU,o.b.,34
DEU,lakrit,34
DEU,hirtenkäs,34
DEU,gerolstein,34
DEU,maultasc,34
DEU,corn chips,34
DEU,seed,34
DEU,tomatenstücke,34
DEU,bio toma,34
DEU,mango gefroren,34
DEU,paprikam,34
DEU,mp,34
DEU,creme br,34
DEU,Elektrolyte,34
DEU,kokoscreme,34
DEU,pizza cheese,34
DEU,streukäs,34
DEU,räucher tofu,34
DEU,flohsamenschalen,34
DEU,ov,34
DEU,black olives,34
DEU,l&,34
DEU,lon,34
DEU,butter salz,34
DEU,actinel,33
DEU,airan,33
DEU,alpenmilch,33
DEU,joghurt drink,33
DEU,comb,33
DEU,allzweckreiniger,33
DEU,mısır,33
DEU,sneakers,33
DEU,schafkäse,33
DEU,haselnus,33
DEU,pizza sa,33
DEU,ohrenstäbchen,33
DEU,taschentüc,33
DEU,picolinis,33
DEU,Schok,33
DEU,bratensosse,33
DEU,dishwasher tab,33
DEU,two,33
DEU,alkoholfreies Bier,33
DEU,break,33
DEU,eve,33
DEU,fieber,33
DEU,honey mustard,33
DEU,tis,33
DEU,nomoo,33
DEU,ig,33
DEU,Boden,33
DEU,reisnud,33
DEU,jack da,33
DEU,kape,33
DEU,chef,33
DEU,peron,33
DEU,cig köfte,33
DEU,paprika edels,33
DEU,Maracuja,33
DEU,Schokol,33
DEU,jalep,33
DEU,knabb,33
DEU,tip,33
DEU,35l,33
DEU,Se,33
DEU,pommbär,33
DEU,eiswaffel,33
DEU,tictac,33
DEU,gürke,33
DEU,trinkpä,33
DEU,San pe,33
DEU,lammsbr,33
DEU,Actimel,33
DEU,bio schinken,33
DEU,man vs,33
DEU,frank,33
DEU,worce,33
DEU,hühnchenbrust,33
DEU,tartex,33
DEU,flammkuche,33
DEU,bigi,33
DEU,krümeltee,33
DEU,kleine,33
DEU,ziploc,33
DEU,koe,33
DEU,orangenlimo,33
DEU,french fries,33
DEU,cigkofte,33
DEU,knoblach,33
DEU,bitter le,33
DEU,badilikum,33
DEU,spetzi,33
DEU,Fri,33
DEU,boba,33
DEU,mount,33
DEU,Pfanner,33
DEU,pfeffermühle,33
DEU,fleischersatz,33
DEU,pori,33
DEU,syru,33
DEU,cafe latte,33
DEU,maz,33
DEU,peo,33
DEU,rote lin,33
DEU,schokolade milka,33
DEU,hänchen brust,33
DEU,pudi,33
DEU,kartoffelpüre,33
DEU,tomatenmarl,33
DEU,parmas,33
DEU,pasts,33
DEU,figs,33
DEU,pins,33
DEU,rio mare,33
DEU,aktivkohlefilter,33
DEU,stückig,33
DEU,dahi,33
DEU,Tr,33
DEU,buc,33
DEU,reinigu,33
DEU,chick peas,33
DEU,gemüsechips,33
DEU,coke light,33
DEU,überr,33
DEU,wan,33
DEU,germknödel,33
DEU,pirinc,33
DEU,tavernello,33
DEU,Toas,33
DEU,sprühs,33
DEU,chicken win,33
DEU,gouda käse,33
DEU,american spi,33
DEU,Lenor,33
DEU,wasder,33
DEU,malzb,33
DEU,asti,33
DEU,vermicelli,33
DEU,kombicha,33
DEU,alpo,33
DEU,kinder maxi,33
DEU,ofenkartoffel,33
DEU,capriso,33
DEU,Sojamilch,33
DEU,scheiben käse,33
DEU,Ke,33
DEU,dro,33
DEU,taschentu,33
DEU,morzerella,33
DEU,ice pack,33
DEU,febr,33
DEU,röllchen,33
DEU,eiweiss brot,33
DEU,nikotin,33
DEU,duo,33
DEU,cbd,33
DEU,dosen tomaten,33
DEU,eiernudeln,33
DEU,traubens,33
DEU,feuchttüc,33
DEU,panierm,33
DEU,zwiebelsuppe,33
DEU,crispy chicken,33
DEU,traubenzu,33
DEU,cafee,33
DEU,wuar,33
DEU,kakt,33
DEU,elf bar,33
DEU,Kü,33
DEU,listerin,33
DEU,tuh,33
DEU,curryking,33
DEU,schmelz käse,33
DEU,ail,33
DEU,chicken sausage,33
DEU,charlotten,33
DEU,short,33
DEU,san pelleg,33
DEU,nod,33
DEU,alkohl,33
DEU,flüssig,33
DEU,wattepa,33
DEU,kreuzkü,33
DEU,copen,33
DEU,paniermeh,33
DEU,decke,33
DEU,bällchen,33
DEU,haarspr,33
DEU,Sardellen,33
DEU,vanille so,33
DEU,Pflaster,33
DEU,Klop,33
DEU,dressi,33
DEU,blockh,33
DEU,cj,33
DEU,gravy,33
DEU,grauburg,33
DEU,maiswaffe,33
DEU,passion fruit,33
DEU,sheb,33
DEU,muhl,33
DEU,mini tomaten,33
DEU,spühlmaschine,33
DEU,wayer,33
DEU,katt,33
DEU,prim,33
DEU,fettarme milch,33
DEU,salami snack,33
DEU,Fa,33
DEU,Choco,33
DEU,egga,33
DEU,hacl,33
DEU,sahme,33
DEU,balea,33
DEU,balsamico creme,33
DEU,neu,33
DEU,american cheese,33
DEU,rosmari,33
DEU,schwarz tee,33
DEU,abendbrei,33
DEU,späti,33
DEU,babytücher,33
DEU,concealer,33
DEU,schatte,33
DEU,burgerkäse,33
DEU,Cocktail,33
DEU,schokodrop,33
DEU,glä,33
DEU,Paprikapulver,33
DEU,remul,33
DEU,sleep,33
DEU,flat,33
DEU,reis express,33
DEU,tomt,33
DEU,mercimek,33
DEU,würstchen vegan,33
DEU,regen,33
DEU,roi,33
DEU,more nut,33
DEU,hühnerfrikassee,33
DEU,Mett,33
DEU,kwas,33
DEU,bamboo,33
DEU,vanilleex,33
DEU,choco fre,33
DEU,doun,33
DEU,parlament,33
DEU,dryl,33
DEU,spong,33
DEU,chinako,33
DEU,Saure,33
DEU,toilletenpapier,33
DEU,kartoffelbr,33
DEU,berrie,33
DEU,beetr,33
DEU,sof,33
DEU,teewurs,33
DEU,pommed,33
DEU,dunkle Schokolade,33
DEU,rinderf,33
DEU,sauce hol,33
DEU,neutro,33
DEU,peccorino,33
DEU,cannoli,33
DEU,miö,33
DEU,streuse,33
DEU,Tiefk,33
DEU,special k,33
DEU,Wasserme,33
DEU,Rotkäppchen,33
DEU,lubri,33
DEU,airwick,33
DEU,toliet,33
DEU,pt,33
DEU,strohh,33
DEU,cewa,33
DEU,cerave,33
DEU,fore,33
DEU,lactosefreie,33
DEU,putenwurst,33
DEU,hair color,33
DEU,gefrierb,33
DEU,stär,33
DEU,suzuk,32
DEU,Spirituosen,32
DEU,perwol,32
DEU,calipo,32
DEU,kokoswassee,32
DEU,airw,32
DEU,honigme,32
DEU,pross,32
DEU,eggpl,32
DEU,stau,32
DEU,cheese grated,32
DEU,körniger f,32
DEU,bala,32
DEU,peleg,32
DEU,linsen chip,32
DEU,doppe,32
DEU,vanillesosse,32
DEU,vegan fleisch,32
DEU,noc,32
DEU,bio rind,32
DEU,rice ca,32
DEU,backkartoffel,32
DEU,deliziosi,32
DEU,Reiswaffel,32
DEU,trockenfu,32
DEU,tomato sa,32
DEU,veal,32
DEU,nusspli,32
DEU,more nutri,32
DEU,reisband,32
DEU,Bandnudeln,32
DEU,geflügelsal,32
DEU,patro,32
DEU,Erbse,32
DEU,Ra,32
DEU,Tampons,32
DEU,grey,32
DEU,Zeit f,32
DEU,worch,32
DEU,sahen,32
DEU,wasser kohlen,32
DEU,Eiswü,32
DEU,halal fleisch,32
DEU,pestp,32
DEU,hin,32
DEU,harry dinkel,32
DEU,eri,32
DEU,serviett,32
DEU,hefeflo,32
DEU,kuh,32
DEU,bratfett,32
DEU,dolomiti,32
DEU,puf,32
DEU,paper to,32
DEU,ök,32
DEU,germkn,32
DEU,mikrowellen,32
DEU,Schär,32
DEU,bio huhn,32
DEU,gordon,32
DEU,pinot grigio,32
DEU,kartog,32
DEU,staubsaugerbeutel,32
DEU,High protein,32
DEU,schoko milch,32
DEU,Grütze,32
DEU,marinara,32
DEU,anchovis,32
DEU,parmezan,32
DEU,dovg,32
DEU,klopfer,32
DEU,lavaz,32
DEU,Dr. Oetker Schoko-Schrift,32
DEU,austernsauce,32
DEU,Vanille eis,32
DEU,coppenrat,32
DEU,line,32
DEU,Wasser s,32
DEU,Rettertü,32
DEU,topp,32
DEU,preis,32
DEU,it,32
DEU,dishw,32
DEU,wue,32
DEU,angebot,32
DEU,leckerli,32
DEU,weizenme,32
DEU,toffif,32
DEU,natural,32
DEU,poke,32
DEU,unga,32
DEU,kratz,32
DEU,zero zucker,32
DEU,frosh,32
DEU,kaiserschmarrn,32
DEU,dosent,32
DEU,jean len,32
DEU,chardo,32
DEU,clif,32
DEU,mamba,32
DEU,hackbällchen,32
DEU,kaffee sahne,32
DEU,bisk,32
DEU,five elephant,32
DEU,flagge,32
DEU,zahnse,32
DEU,Nuss,32
DEU,pang,32
DEU,lille,32
DEU,rougette,32
DEU,friscg,32
DEU,disposable,32
DEU,Cracker,32
DEU,sprout,32
DEU,cov,32
DEU,hörn,32
DEU,basilikun,32
DEU,hee,32
DEU,toastk,32
DEU,körper,32
DEU,fondor,32
DEU,periode,32
DEU,zimts,32
DEU,Kräuterbaguette,32
DEU,toilettenpapier feucht,32
DEU,mizarella,32
DEU,Ferrero,32
DEU,Fischst,32
DEU,ligh,32
DEU,soler,32
DEU,Red b,32
DEU,Zitro,32
DEU,frühlingsr,32
DEU,Tomatens,32
DEU,mia,32
DEU,toulet paper,32
DEU,icecr,32
DEU,Vape,32
DEU,english,32
DEU,brotzeit,32
DEU,pilzen,32
DEU,olala,32
DEU,spaegel,32
DEU,ei bio,32
DEU,eis wu,32
DEU,grünländer,32
DEU,ricota,32
DEU,Sagrotan,32
DEU,kaffeeboh,32
DEU,amor,32
DEU,pizza s,32
DEU,Reisnudeln,32
DEU,100%,32
DEU,rind hack,32
DEU,mikrofaser,32
DEU,nocc,32
DEU,volc,32
DEU,ted,32
DEU,bandage,32
DEU,schinken würfel,32
DEU,stä,32
DEU,tequi,32
DEU,moun,32
DEU,lauchzwieb,32
DEU,vh,32
DEU,caly,32
DEU,swifer,32
DEU,chea,32
DEU,corn fla,32
DEU,salt and vin,32
DEU,stapelchips,32
DEU,knoblauch dip,32
DEU,erdbeerma,32
DEU,Zit,32
DEU,kahlua,32
DEU,kasekuchen,32
DEU,young poets,32
DEU,bio tom,32
DEU,frotz,32
DEU,orange ju,32
DEU,ja eistee,32
DEU,huttenkase,32
DEU,pomo,32
DEU,parmesab,32
DEU,cabage,32
DEU,schwipp schwapp,32
DEU,käsekrainer,32
DEU,mandeldr,32
DEU,schokocr,32
DEU,alpro soya,32
DEU,eiszee,32
DEU,tomato p,32
DEU,whipped,32
DEU,Konserven,32
DEU,franzb,32
DEU,nect,32
DEU,saupi,32
DEU,fwta,32
DEU,Bo,32
DEU,rafaelo,32
DEU,tina,32
DEU,frischkö,32
DEU,knäckebr,32
DEU,çay,32
DEU,gemus,32
DEU,smas,32
DEU,"h milch 1,5",32
DEU,pizza t,32
DEU,frozen berr,32
DEU,milky way,32
DEU,mamgo,32
DEU,krab,32
DEU,eier freiland,32
DEU,spiele,32
DEU,käse gerieb,32
DEU,nuc,32
DEU,Hand,32
DEU,aceton,32
DEU,zigareten,32
DEU,miraval,32
DEU,Batterie,32
DEU,guek,32
DEU,cherrytom,32
DEU,marb,32
DEU,hüner,32
DEU,taschentüch,32
DEU,cola zeri,32
DEU,black angus,32
DEU,köll,32
DEU,ben and jerr,32
DEU,salsicc,32
DEU,hibis,32
DEU,bekind,32
DEU,sorudel,32
DEU,arabische,32
DEU,volko,32
DEU,knoblauch sauce,32
DEU,fior,32
DEU,cracke,32
DEU,pickels,32
DEU,drucker,32
DEU,korner,32
DEU,tomatenpaste,32
DEU,caye,32
DEU,geschenke,32
DEU,hitschie,32
DEU,plaster,32
DEU,cola va,32
DEU,hygien,32
DEU,sweet ch,32
DEU,brandt,32
DEU,daft,32
DEU,baden,32
DEU,hühnerfrik,32
DEU,prosciutto cotto,32
DEU,dickma,32
DEU,alnatura riegel,32
DEU,dar,32
DEU,instant tee,32
DEU,disinfectant,32
DEU,faber,32
DEU,gruyer,32
DEU,schokor,32
DEU,Pr,32
DEU,cheery,31
DEU,jogi,31
DEU,schmierkäse,31
DEU,prune,31
DEU,happy hi,31
DEU,sliced cheese,31
DEU,erbee,31
DEU,friz,31
DEU,chci,31
DEU,sojade,31
DEU,picnic,31
DEU,Chilli,31
DEU,dew,31
DEU,cooc,31
DEU,subway,31
DEU,Nude,31
DEU,apfelessi,31
DEU,Fish,31
DEU,coconut yogurt,31
DEU,Quinoa,31
DEU,alkohol frei,31
DEU,reis basmati,31
DEU,lens,31
DEU,Sahn,31
DEU,käe,31
DEU,joghurt ja,31
DEU,alkoholfreier wein,31
DEU,pizza kase,31
DEU,frosc,31
DEU,M&m,31
DEU,nong,31
DEU,hells,31
DEU,schibken,31
DEU,pflanzenmilch,31
DEU,kartoffek,31
DEU,Zuc,31
DEU,bier a,31
DEU,Pista,31
DEU,maom,31
DEU,broccolini,31
DEU,choco chips,31
DEU,jumpy,31
DEU,fisxh,31
DEU,cream che,31
DEU,mart,31
DEU,karrote,31
DEU,grünk,31
DEU,alge,31
DEU,graubrot,31
DEU,pool,31
DEU,habd,31
DEU,preise,31
DEU,room,31
DEU,ohrenst,31
DEU,sex on,31
DEU,samdwich,31
DEU,chips sour,31
DEU,pitta,31
DEU,dup,31
DEU,bien,31
DEU,schokobröt,31
DEU,fisherm,31
DEU,follo,31
DEU,longp,31
DEU,kokosflocken,31
DEU,geill,31
DEU,mallboro,31
DEU,sex toys,31
DEU,apfel schorle,31
DEU,nr,31
DEU,bio bananen,31
DEU,nuttella,31
DEU,lie,31
DEU,müsliri,31
DEU,yellow,31
DEU,panini sticker,31
DEU,bulli,31
DEU,britta,31
DEU,Granat,31
DEU,krith,31
DEU,kaffee löslich,31
DEU,obst bio,31
DEU,knöpfle,31
DEU,Oliv,31
DEU,duck,31
DEU,tabasc,31
DEU,durstlöcher,31
DEU,ran,31
DEU,gorba,31
DEU,deterjan,31
DEU,Zigar,31
DEU,tomaten stück,31
DEU,vegetarische wurst,31
DEU,quets,31
DEU,pineapple juice,31
DEU,tobasco,31
DEU,Avoc,31
DEU,spire,31
DEU,ginger paste,31
DEU,Cha,31
DEU,high protein wrap,31
DEU,fres,31
DEU,Dubai,31
DEU,wildheide,31
DEU,protein w,31
DEU,blond,31
DEU,"milch 0,5",31
DEU,scheibe,31
DEU,Eiska,31
DEU,zweibe,31
DEU,kitche,31
DEU,kondenz,31
DEU,toastbrö,31
DEU,heumilch,31
DEU,worces,31
DEU,Reibe,31
DEU,bio chips,31
DEU,cus,31
DEU,paprika geräuchert,31
DEU,rostbra,31
DEU,sali,31
DEU,ovom,31
DEU,Ofen,31
DEU,kochsalz,31
DEU,alt,31
DEU,make,31
DEU,Toa,31
DEU,laugenbrötchen,31
DEU,waage,31
DEU,wäscheparfüm,31
DEU,maka,31
DEU,ami,31
DEU,zungen,31
DEU,pizzakä,31
DEU,rumpsteak,31
DEU,stange,31
DEU,kaisersch,31
DEU,bacard,31
DEU,colla,31
DEU,zuckermais,31
DEU,dunk,31
DEU,rezt,31
DEU,Kartoffelsa,31
DEU,käsewür,31
DEU,naturjogurt,31
DEU,bio e,31
DEU,morze,31
DEU,hollond,31
DEU,fuse,31
DEU,sun dried tomato,31
DEU,bod,31
DEU,i e,31
DEU,tk kräuter,31
DEU,Multi,31
DEU,joghurt ecke,31
DEU,gorb,31
DEU,eiswürfelbeutel,31
DEU,raps öl,31
DEU,cheesestr,31
DEU,Fertiggericht,31
DEU,sossis,31
DEU,panten,31
DEU,interdental,31
DEU,obazd,31
DEU,beö,31
DEU,sumach,31
DEU,Trü,31
DEU,Büffel,31
DEU,merr,31
DEU,mils,31
DEU,Man,31
DEU,pizza alnatura,31
DEU,3in1,31
DEU,grillgemüse,31
DEU,schnecke,31
DEU,Wa,31
DEU,Bio milch,31
DEU,wasserspray,31
DEU,salat sauce,31
DEU,loor,31
DEU,cointreau,31
DEU,süßs,31
DEU,weiße boh,31
DEU,grissi,31
DEU,joghurt soja,31
DEU,baby bel,31
DEU,Frucht,31
DEU,sonnenfinsternis,31
DEU,spulm,31
DEU,wasserr,31
DEU,lufterfrischer,31
DEU,Grünkohl,31
DEU,nag,31
DEU,maldon,31
DEU,ohro,31
DEU,cle,31
DEU,feuchtes t,31
DEU,kidneyb,31
DEU,geschenkpap,31
DEU,dosentomate,31
DEU,avocados,31
DEU,micl,31
DEU,datel,31
DEU,bakon,31
DEU,ahea,31
DEU,cocos milch,31
DEU,Basmati,31
DEU,pampers 5,31
DEU,Traubensaft,31
DEU,kicherbsen,31
DEU,arrabi,31
DEU,biopolar,31
DEU,achinken,31
DEU,veganer frischkäse,31
DEU,erdin,31
DEU,sparklin,31
DEU,frischlä,31
DEU,heilwasser,31
DEU,brombe,31
DEU,sauere,31
DEU,cheesestring,31
DEU,kartofflen,31
DEU,bone broth,31
DEU,dragon,31
DEU,süssigkeit,31
DEU,lachs bio,31
DEU,protein ei,31
DEU,San pel,31
DEU,sabun,31
DEU,shirt,31
DEU,sweet chili sauce,31
DEU,Wasser sprudel,31
DEU,gusto,31
DEU,Karamell,31
DEU,vanili,31
DEU,schalott,31
DEU,linsenwaf,31
DEU,pizza tonno,31
DEU,Zitron,31
DEU,vegan nuggets,31
DEU,kurz haltbar,31
DEU,gemüse frisch,31
DEU,weizen mehl,31
DEU,ben a,31
DEU,krak,31
DEU,Lachsschinken,31
DEU,apfle,31
DEU,cp,31
DEU,dp,31
DEU,Mü,31
DEU,fischstäbche,31
DEU,chop,31
DEU,cold drink,31
DEU,pizzaso,31
DEU,bonbo,31
DEU,alkoholfreier,31
DEU,Zu,31
DEU,apple sauce,31
DEU,schwarzk,31
DEU,jar,31
DEU,fagr,31
DEU,m & m,31
DEU,mark&fein,31
DEU,ach,31
DEU,ben & jerr,31
DEU,chocolate dark,31
DEU,frischkas,31
DEU,coraya,31
DEU,zwo,31
DEU,pastina,31
DEU,prezel,31
DEU,ud,31
DEU,wasab,31
DEU,Nescafé,31
DEU,gnochhi,31
DEU,weizenm,31
DEU,skyrr,31
DEU,Sauer,31
DEU,sv,31
DEU,wir,31
DEU,krümel,31
DEU,apotheke,31
DEU,hor,31
DEU,rollen,31
DEU,korriander,31
DEU,apfwl,31
DEU,löffelbi,31
DEU,Muffin,31
DEU,bombay,31
DEU,mozeralla,31
DEU,chicken wi,31
DEU,geburstag,31
DEU,vegan aufstrich,31
DEU,bepanthen,31
DEU,reisflocken,31
DEU,hafer crunchy,31
DEU,rindwurst,31
DEU,inger,31
DEU,eiswürfeln,31
DEU,rezter,31
DEU,chilliflocken,31
DEU,nespr,31
DEU,roastbeef,31
DEU,caipi,31
DEU,moj,31
DEU,smoothies,30
DEU,flammkuch,30
DEU,butaris,30
DEU,creamcheese,30
DEU,zuckerersatz,30
DEU,sahnejoghurt,30
DEU,knoblauchsoße,30
DEU,gaulois,30
DEU,green bean,30
DEU,Ro,30
DEU,american sp,30
DEU,schoko drink,30
DEU,fettarme,30
DEU,Donut,30
DEU,Vegane,30
DEU,milk lactose,30
DEU,caeser,30
DEU,baldo,30
DEU,pudding protein,30
DEU,caramel sauce,30
DEU,parace,30
DEU,sonnenschutz,30
DEU,eiweisbrot,30
DEU,spulung,30
DEU,reia,30
DEU,artischoken,30
DEU,himbere,30
DEU,baby snack,30
DEU,kaffefilter,30
DEU,raspb,30
DEU,best,30
DEU,kabe,30
DEU,protain,30
DEU,gönr,30
DEU,silken,30
DEU,boulett,30
DEU,valentina,30
DEU,spülmaschinen salz,30
DEU,Bohne,30
DEU,frozen blueberries,30
DEU,mess,30
DEU,brl,30
DEU,vanilla essence,30
DEU,pralin,30
DEU,egg whites,30
DEU,gewurze,30
DEU,gartenkräuter,30
DEU,speite,30
DEU,parmigian,30
DEU,fuse tea,30
DEU,kay,30
DEU,kaffeesah,30
DEU,tortelin,30
DEU,spitzko,30
DEU,cayen,30
DEU,tipsy,30
DEU,flammkuchenteig,30
DEU,Dattel,30
DEU,kompott,30
DEU,teriyak,30
DEU,pits,30
DEU,kartoffelstärke,30
DEU,knete,30
DEU,zoast,30
DEU,kathes,30
DEU,evi,30
DEU,bio k,30
DEU,herzen,30
DEU,bane,30
DEU,playmobil,30
DEU,erythr,30
DEU,porto,30
DEU,strawber,30
DEU,saatenbrot,30
DEU,trü frü,30
DEU,bohnenkraut,30
DEU,Knack,30
DEU,türkei,30
DEU,carne,30
DEU,harvest,30
DEU,pumperni,30
DEU,beypaz,30
DEU,spreeque,30
DEU,Milch lak,30
DEU,liste,30
DEU,kitchen towels,30
DEU,dush,30
DEU,blanchet,30
DEU,heringsfilet,30
DEU,buttergemü,30
DEU,billy green,30
DEU,paprikapu,30
DEU,Eiwei,30
DEU,leberwurst vegan,30
DEU,vanillie,30
DEU,waffeleis,30
DEU,io,30
DEU,kurz,30
DEU,utter,30
DEU,kartoffel püree,30
DEU,giott,30
DEU,trüffelöl,30
DEU,alpro koko,30
DEU,apfeö,30
DEU,wasser medi,30
DEU,türkische pizza,30
DEU,honigm,30
DEU,mozarells,30
DEU,bus,30
DEU,cup noo,30
DEU,würtchen,30
DEU,grena,30
DEU,Smarties,30
DEU,brot bio,30
DEU,veganer k,30
DEU,alpro milch,30
DEU,tsat,30
DEU,tk früchte,30
DEU,dol,30
DEU,schokolade ja,30
DEU,dall,30
DEU,crispy chilli,30
DEU,hornhaut,30
DEU,kokosj,30
DEU,filterkaffee,30
DEU,ementaler,30
DEU,green onions,30
DEU,gren,30
DEU,koa,30
DEU,san luc,30
DEU,troc,30
DEU,Weizen,30
DEU,devel,30
DEU,Vol,30
DEU,dunkle scho,30
DEU,cini minis,30
DEU,clem,30
DEU,vegane ma,30
DEU,almi,30
DEU,crudo,30
DEU,white bean,30
DEU,haltbar,30
DEU,peel,30
DEU,soja hack,30
DEU,ovomal,30
DEU,"cola 1,5",30
DEU,kinder eis,30
DEU,blue berries,30
DEU,white cho,30
DEU,toe,30
DEU,Watte,30
DEU,cola koffein,30
DEU,Schinke,30
DEU,potato chips,30
DEU,kartoffen,30
DEU,pizza rewe,30
DEU,quark vegan,30
DEU,hanchenbrust,30
DEU,kamar,30
DEU,kinderjoy,30
DEU,moe,30
DEU,baby spinach,30
DEU,vus,30
DEU,damen,30
DEU,feuchtetücher,30
DEU,schweps,30
DEU,augusti,30
DEU,erdberen,30
DEU,trockensham,30
DEU,terea amber,30
DEU,coockies,30
DEU,fruchteis,30
DEU,schmerz,30
DEU,lasang,30
DEU,dr oetk,30
DEU,soja so,30
DEU,sauertei,30
DEU,terres,30
DEU,pizzaboden,30
DEU,aluminum,30
DEU,bule,30
DEU,gerste,30
DEU,erg,30
DEU,picknick,30
DEU,sandwich scheiben,30
DEU,baq,30
DEU,tori,30
DEU,dia,30
DEU,rote Zwiebeln,30
DEU,lactosefre,30
DEU,innocen,30
DEU,goldeimer,30
DEU,meerret,30
DEU,zigarettenhülsen,30
DEU,hand seife,30
DEU,parsely,30
DEU,salak,30
DEU,Haarspray,30
DEU,delikatess,30
DEU,rhabar,30
DEU,käse s,30
DEU,gewürzmischung,30
DEU,Club mate,30
DEU,wasser 6er,30
DEU,for,30
DEU,burger patt,30
DEU,cooli,30
DEU,nor,30
DEU,süßsto,30
DEU,kodney,30
DEU,linde,30
DEU,gekochter schinken,30
DEU,quaek,30
DEU,Volv,30
DEU,reis waff,30
DEU,Wasse,30
DEU,hach,30
DEU,mineralwasser medium,30
DEU,Chinakohl,30
DEU,fischstäbc,30
DEU,cheese sticks,30
DEU,chco,30
DEU,balis,30
DEU,pampers 6,30
DEU,süßigkei,30
DEU,Kaffeesahne,30
DEU,btot,30
DEU,Davidoff,30
DEU,salzbr,30
DEU,umschlag,30
DEU,guarana,30
DEU,fleischbällchen,30
DEU,paper towe,30
DEU,essige,30
DEU,körniger fris,30
DEU,tschibo,30
DEU,kaffesahne,30
DEU,hubba,30
DEU,bodentücher,30
DEU,Sah,30
DEU,flerbar,30
DEU,tonik,30
DEU,Bürste,30
DEU,huhner,30
DEU,weiße Bohnen,30
DEU,salb,30
DEU,frikas,30
DEU,frozen spinach,30
DEU,chun,30
DEU,brot gluten,30
DEU,sunflower seeds,30
DEU,Schwangerschaft,30
DEU,erdberren,30
DEU,süd,30
DEU,essigrei,30
DEU,danta,30
DEU,eis alnatura,30
DEU,thub,30
DEU,kuechenrolle,30
DEU,garneln,30
DEU,flammenkuchen,30
DEU,lorbee,30
DEU,flatbread,30
DEU,zahne,30
DEU,tice,30
DEU,höh,30
DEU,wc reini,30
DEU,Chia,30
DEU,facewash,30
DEU,Streusel,30
DEU,beöt,30
DEU,gebäc,30
DEU,vanillez,30
DEU,nudelsoße,30
DEU,kondes,30
DEU,sas,30
DEU,tagliate,30
DEU,hair mask,30
DEU,thymia,30
DEU,bussy,30
DEU,schincken,30
DEU,funghi,30
DEU,protein pul,30
DEU,apl,30
DEU,reus,30
DEU,schoko soße,30
DEU,trockenf,30
DEU,frozen blue,30
DEU,obatz,30
DEU,parmesano,30
DEU,Essiggurken,30
DEU,schmelzflo,30
DEU,Po,30
DEU,kakao nibs,30
DEU,brltchen,30
DEU,soja soße,30
DEU,weiße bohn,30
DEU,tys,30
DEU,ice tes,30
DEU,jp,30
DEU,ofenka,30
DEU,sonnencre,29
DEU,smi,29
DEU,wasser spru,29
DEU,grillfl,29
DEU,rosema,29
DEU,pü,29
DEU,period,29
DEU,sulta,29
DEU,alcohol free beer,29
DEU,kräuterlinge,29
DEU,skyr protein,29
DEU,cats best,29
DEU,hähnchensch,29
DEU,qasser,29
DEU,auge,29
DEU,preiselb,29
DEU,schokokeks,29
DEU,sommerrollen,29
DEU,kocher,29
DEU,spiri,29
DEU,proscu,29
DEU,pana,29
DEU,spülun,29
DEU,sandwich brot,29
DEU,salai,29
DEU,gluten fr,29
DEU,hawai,29
DEU,tieg,29
DEU,käss,29
DEU,ces,29
DEU,habdseife,29
DEU,Grießbrei,29
DEU,cheeseca,29
DEU,fine,29
DEU,kono,29
DEU,balist,29
DEU,rasberry,29
DEU,Gustavo,29
DEU,raffaello,29
DEU,paprikap,29
DEU,hafermilxh,29
DEU,yulaf,29
DEU,karda,29
DEU,samat,29
DEU,Mel,29
DEU,marinade,29
DEU,vegane w,29
DEU,vegan milch,29
DEU,panga,29
DEU,cucumbe,29
DEU,creme brulee,29
DEU,wac,29
DEU,butter ja,29
DEU,erkäl,29
DEU,serviet,29
DEU,frischkäse natur,29
DEU,bailey,29
DEU,çiğ,29
DEU,watee,29
DEU,schwarzwä,29
DEU,wagyu,29
DEU,Gerol,29
DEU,Thunfi,29
DEU,cid,29
DEU,Cranberry,29
DEU,chick pea,29
DEU,vegi,29
DEU,grüne oliven,29
DEU,salted butter,29
DEU,baa,29
DEU,Milc,29
DEU,Eintopf,29
DEU,Dosentomaten,29
DEU,nidel,29
DEU,sadt,29
DEU,cora,29
DEU,salatkräuter,29
DEU,sensod,29
DEU,rotbäckchen,29
DEU,knoc,29
DEU,coppa,29
DEU,zooro,29
DEU,dorf,29
DEU,toy,29
DEU,rotebeete,29
DEU,sprin,29
DEU,suppennu,29
DEU,paulaner cola,29
DEU,gpuda,29
DEU,weisch,29
DEU,carot,29
DEU,cockies,29
DEU,toothpas,29
DEU,Organics by Red Bull,29
DEU,zweo,29
DEU,meeresfr,29
DEU,tartufo,29
DEU,kindermilch,29
DEU,ls,29
DEU,proce,29
DEU,emen,29
DEU,snik,29
DEU,krabbensalat,29
DEU,hunchen,29
DEU,blaue,29
DEU,paranüsse,29
DEU,Tor,29
DEU,foca,29
DEU,inter,29
DEU,bretzeln,29
DEU,zucker braun,29
DEU,dickmanns,29
DEU,espres,29
DEU,dü,29
DEU,scheibenkä,29
DEU,capri eis,29
DEU,fish sticks,29
DEU,nose,29
DEU,unsalted butter,29
DEU,emi,29
DEU,tymian,29
DEU,pasra,29
DEU,sahne koch,29
DEU,San p,29
DEU,sojasau,29
DEU,erbsen und möhren,29
DEU,hydration,29
DEU,ibupro,29
DEU,teramisu,29
DEU,wärm,29
DEU,lis,29
DEU,luftballon,29
DEU,löf,29
DEU,butter gemüse,29
DEU,eiskon,29
DEU,salzbrez,29
DEU,sodast,29
DEU,Speisequark,29
DEU,gonger,29
DEU,h mi,29
DEU,erdbeer marmelade,29
DEU,kuchen vegan,29
DEU,wasser klein,29
DEU,geflügelwürstchen,29
DEU,toletten,29
DEU,deve,29
DEU,ceria,29
DEU,sosen,29
DEU,nudle,29
DEU,entkoffe,29
DEU,süßigk,29
DEU,kiste,29
DEU,torto,29
DEU,boursin,29
DEU,scj,29
DEU,coffee pods,29
DEU,Ruccola,29
DEU,grünl,29
DEU,Grillfleisch,29
DEU,grand sud,29
DEU,pral,29
DEU,würz,29
DEU,wss,29
DEU,light cheese,29
DEU,Ti,29
DEU,instantkaffee,29
DEU,tex mex,29
DEU,braun zucker,29
DEU,kalorien,29
DEU,japa,29
DEU,Kondome,29
DEU,pun,29
DEU,käsesoße,29
DEU,keychup,29
DEU,prom,29
DEU,smothie,29
DEU,burgersauce,29
DEU,Ki,29
DEU,ala,29
DEU,haff,29
DEU,Drillinge,29
DEU,pizzq,29
DEU,konse,29
DEU,washin,29
DEU,Li,29
DEU,sweet potatoes,29
DEU,geschä,29
DEU,wm sticker,29
DEU,votka,29
DEU,sonen,29
DEU,neka,29
DEU,bits,29
DEU,ziegenfrischkäse,29
DEU,prali,29
DEU,mil h,29
DEU,sahne zum kochen,29
DEU,hefefl,29
DEU,Natur,29
DEU,gemüsebrüh,29
DEU,süßigkeit,29
DEU,sprouts,29
DEU,minc,29
DEU,nutmeg,29
DEU,Kartoffelp,29
DEU,roll on,29
DEU,blueber,29
DEU,ceral,29
DEU,matchasome,29
DEU,mür,29
DEU,teelichter,29
DEU,wildl,29
DEU,fleischb,29
DEU,häns,29
DEU,topfreiniger,29
DEU,haribo vegan,29
DEU,protein yoghurt,29
DEU,pomegr,29
DEU,Kno,29
DEU,brath,29
DEU,sahne light,29
DEU,alumi,29
DEU,hähnchenstreifen,29
DEU,lachs vegan,29
DEU,ginger garlic paste,29
DEU,kaugumi,29
DEU,schoko chunks,29
DEU,limettensa,29
DEU,kratzeis,29
DEU,calcium,29
DEU,dr pepper zero,29
DEU,Müsl,29
DEU,orangenlimonade,29
DEU,erit,29
DEU,rofu,29
DEU,trinkflasche,29
DEU,milchbro,29
DEU,radiesschen,29
DEU,meerettich,29
DEU,protein brötchen,29
DEU,spülschwamm,29
DEU,reload,29
DEU,lambr,29
DEU,pringel,29
DEU,italieni,29
DEU,meeret,29
DEU,breaf,29
DEU,mantar,29
DEU,moni,29
DEU,frühlingsq,29
DEU,Cereal,29
DEU,Spa,29
DEU,hüttenkäs,29
DEU,joghurt kokos,29
DEU,klo pap,29
DEU,Schwarz,29
DEU,fladenbro,29
DEU,mango tk,29
DEU,kiez,29
DEU,wer,29
DEU,aryan,29
DEU,chili sin,29
DEU,ungari,29
DEU,ml,29
DEU,saure Gurken,29
DEU,sig,29
DEU,maasdamer,29
DEU,manch,29
DEU,brezn,29
DEU,lutscher,29
DEU,gesichtsmaske,29
DEU,jell,29
DEU,Limettensaft,29
DEU,götters,29
DEU,katzenfut,29
DEU,mozarella stick,29
DEU,egs,29
DEU,vegetable oil,29
DEU,flowe,29
DEU,rip,29
DEU,colesl,29
DEU,körnerbrot,29
DEU,geburtstags,29
DEU,pfefferkörner,29
DEU,ciabat,29
DEU,eat lean,29
DEU,grapefru,29
DEU,Wolt,29
DEU,kaa,29
DEU,Trüfrü,29
DEU,finello,29
DEU,kw,29
DEU,zito,29
DEU,cassis,29
DEU,zirup,29
DEU,linsenwaffe,29
DEU,italienische krä,29
DEU,slee,29
DEU,Windel,29
DEU,käse pizza,29
DEU,muska,29
DEU,Tomaten bio,29
DEU,arr,29
DEU,creme fraice,29
DEU,Er,29
DEU,rosem,29
DEU,zatar,29
DEU,käse w,29
DEU,soap bar,29
DEU,bok choy,29
DEU,konja,29
DEU,feile,29
DEU,arabisches,29
DEU,knoblauch brot,29
DEU,jas,28
DEU,ice coffe,28
DEU,glutenfreies,28
DEU,3 in 1,28
DEU,maxiking,28
DEU,chap,28
DEU,halt,28
DEU,vienetta,28
DEU,qt,28
DEU,Garlic,28
DEU,hafer cookies,28
DEU,gluten f,28
DEU,zuci,28
DEU,olivrn,28
DEU,goenergy,28
DEU,Sprühsahne,28
DEU,coke zer,28
DEU,edelstahl,28
DEU,Sardinien,28
DEU,man vs machine,28
DEU,Salt,28
DEU,coka cola,28
DEU,schöfferhofer,28
DEU,henn,28
DEU,Avoca,28
DEU,nikotinfrei,28
DEU,petersillie,28
DEU,kp,28
DEU,il,28
DEU,goul,28
DEU,tole,28
DEU,thum,28
DEU,rettwr,28
DEU,grütz,28
DEU,chocolade,28
DEU,frosch baby,28
DEU,buttrr,28
DEU,Klopa,28
DEU,cerial,28
DEU,ange,28
DEU,chapati,28
DEU,ketsch,28
DEU,ohropax,28
DEU,koff,28
DEU,vanillesa,28
DEU,hochl,28
DEU,kartoffelm,28
DEU,dried fruit,28
DEU,milk chocolate,28
DEU,schokomü,28
DEU,pampe,28
DEU,Bonbons,28
DEU,obstsalat,28
DEU,vegan dessert,28
DEU,slipeinlage,28
DEU,nasens,28
DEU,protein kaffee,28
DEU,Grillkäse,28
DEU,crafted,28
DEU,bater,28
DEU,vegane sa,28
DEU,brod,28
DEU,San carlo,28
DEU,Qua,28
DEU,tzazi,28
DEU,dental,28
DEU,staat,28
DEU,häa,28
DEU,weisswei,28
DEU,saupiquet,28
DEU,papir,28
DEU,aktivko,28
DEU,shirataki,28
DEU,oliven ol,28
DEU,radd,28
DEU,Ariel,28
DEU,gefrorene fr,28
DEU,glutenfrei pasta,28
DEU,kakaonibs,28
DEU,meerett,28
DEU,hummud,28
DEU,schokobrezel,28
DEU,linsenein,28
DEU,ratzfatz,28
DEU,Mettwurst,28
DEU,portwein,28
DEU,ingwertee,28
DEU,bisquit,28
DEU,butterschm,28
DEU,schokolade 70,28
DEU,qa,28
DEU,Florida,28
DEU,happy birthday,28
DEU,pad thai,28
DEU,m m,28
DEU,pommes sauce,28
DEU,spinar,28
DEU,toiletenpapier,28
DEU,alnatura pasta,28
DEU,red curry,28
DEU,laktosefreie sahne,28
DEU,vinager,28
DEU,dischgel,28
DEU,arabia,28
DEU,gelbw,28
DEU,minusl,28
DEU,dürum,28
DEU,schwarzkopf,28
DEU,nudelm,28
DEU,spring on,28
DEU,mermelade,28
DEU,lichten,28
DEU,reinigungst,28
DEU,aufback br,28
DEU,blasenpflaster,28
DEU,essence,28
DEU,kni,28
DEU,sponges,28
DEU,weih,28
DEU,Spina,28
DEU,sunt,28
DEU,magnum eis,28
DEU,bio schokolade,28
DEU,cheese strings,28
DEU,lokum,28
DEU,tk erbsen,28
DEU,Streu,28
DEU,sanlu,28
DEU,fingerfood,28
DEU,Würfel,28
DEU,abschm,28
DEU,Spr,28
DEU,coconut mil,28
DEU,uncl,28
DEU,körniger Frischkäse,28
DEU,thunfisch pizza,28
DEU,meersal,28
DEU,ffp,28
DEU,apgel,28
DEU,ventil,28
DEU,blac,28
DEU,ziegenkäs,28
DEU,brötchrn,28
DEU,kelo,28
DEU,vanille s,28
DEU,alnaturs,28
DEU,buu,28
DEU,kirschtom,28
DEU,dankek,28
DEU,english muffin,28
DEU,tobl,28
DEU,reisfit,28
DEU,hairspray,28
DEU,protein r,28
DEU,mais waffeln,28
DEU,nussm,28
DEU,feuerzeu,28
DEU,alufol,28
DEU,snackgurken,28
DEU,burti,28
DEU,dril,28
DEU,kindersch,28
DEU,kaffeeweiser,28
DEU,mann,28
DEU,sargotan,28
DEU,chipot,28
DEU,nutritional yeast,28
DEU,wet tissue,28
DEU,Protein powder,28
DEU,blockhaus,28
DEU,birnensaft,28
DEU,apfelkompott,28
DEU,romain,28
DEU,frühstüc,28
DEU,Eisbergsalat,28
DEU,toaat,28
DEU,Burr,28
DEU,Katz,28
DEU,wed,28
DEU,turkis,28
DEU,leinen,28
DEU,andechs,28
DEU,delverde,28
DEU,nussmu,28
DEU,gefrohrene,28
DEU,hygienespü,28
DEU,picke,28
DEU,rice flour,28
DEU,stückige tom,28
DEU,drei,28
DEU,bratkarto,28
DEU,grillf,28
DEU,calamar,28
DEU,marathon,28
DEU,hähmchen,28
DEU,spezo,28
DEU,natura,28
DEU,fettuc,28
DEU,Gorbatschow,28
DEU,zomate,28
DEU,tiefkühlgem,28
DEU,augentropfen,28
DEU,kitka,28
DEU,frijoles,28
DEU,kolo,28
DEU,Oli,28
DEU,krusten,28
DEU,eer,28
DEU,eis vega,28
DEU,sashimi,28
DEU,sauce ho,28
DEU,tymb,28
DEU,alnatura reis,28
DEU,Weinblätter,28
DEU,miomio,28
DEU,sweet chi,28
DEU,butter gesa,28
DEU,flaschen,28
DEU,direkt,28
DEU,mehö,28
DEU,clubmate,28
DEU,pilmeni,28
DEU,spatz,28
DEU,Maisstärke,28
DEU,hänh,28
DEU,nürnberg,28
DEU,zylinder,28
DEU,nure,28
DEU,pfankuchen,28
DEU,buffa,28
DEU,Geschenk,28
DEU,bauerntopf,28
DEU,trinkpäckchen,28
DEU,schokoc,28
DEU,coles,28
DEU,taccos,28
DEU,bio saft,28
DEU,spagehtti,28
DEU,puzzle,28
DEU,kartoffel bio,28
DEU,speckwü,28
DEU,wilhelm,28
DEU,hoh,28
DEU,Butterkekse,28
DEU,vinega,28
DEU,ypgurt,28
DEU,China,28
DEU,soft cookie,28
DEU,baker,28
DEU,margherita,28
DEU,apfeles,28
DEU,dirtea,28
DEU,arget,28
DEU,Angebote,28
DEU,pasta vollkorn,28
DEU,basa,28
DEU,Waschmi,28
DEU,alnatura mais,28
DEU,nduja,28
DEU,schle,28
DEU,schokosau,28
DEU,Maggie,28
DEU,mashroom,28
DEU,ege,28
DEU,bitter lem,28
DEU,bio zitronen,28
DEU,babymilch,28
DEU,iogurt,28
DEU,burger patties,28
DEU,High,28
DEU,Brezeln,28
DEU,dosentom,28
DEU,cream fresh,28
DEU,freshner,28
DEU,reis waffeln,28
DEU,retr,28
DEU,h sahne,28
DEU,universal,28
DEU,rez,28
DEU,minute,28
DEU,pürree,28
DEU,salatk,28
DEU,boullion,28
DEU,kontaktl,28
DEU,baked bea,28
DEU,waschmasch,28
DEU,kaffeef,28
DEU,frischkäse laktose,28
DEU,Exquisa,28
DEU,morzar,28
DEU,pato,28
DEU,zero sprite,28
DEU,1112,28
DEU,Erdnussmus,28
DEU,pierogi,28
DEU,tomatenp,28
DEU,reis nudeln,28
DEU,bitne,28
DEU,gelbe,28
DEU,exquis,28
DEU,gif,28
DEU,essig reiniger,28
DEU,kiyma,28
DEU,fava,28
DEU,sweetner,28
DEU,limete,28
DEU,freixenet,28
DEU,müsli schoko,28
DEU,protein br,28
DEU,Kochcreme,28
DEU,lenir,28
DEU,rosa,28
DEU,ginger al,28
DEU,chiliflo,28
DEU,grenadine,28
DEU,umami,28
DEU,icos,28
DEU,vegane nuggets,28
DEU,mariniert,28
DEU,Hühnersuppe,28
DEU,pizza gustavo,28
DEU,after shave,28
DEU,buttwr,28
DEU,schuh,28
DEU,wäscheparfum,28
DEU,handl,28
DEU,granatapfe,28
DEU,vegetab,28
DEU,Rinderhackfleisch,28
DEU,sweet corn,28
DEU,pommb,28
DEU,Kurz h,28
DEU,zentis,28
DEU,entr,28
DEU,dosento,28
DEU,oat flour,28
DEU,belegte,28
DEU,werthers,28
DEU,cheez it,28
DEU,Toilettenpap,28
DEU,baked bean,28
DEU,Kidney,28
DEU,tiefkühl brötchen,28
DEU,katof,28
DEU,perfect fit,28
DEU,johanni,28
DEU,classic water,28
DEU,beyon,28
DEU,roasted,28
DEU,buchstabensuppe,28
DEU,lyche,28
DEU,who,28
DEU,graved,28
DEU,Hackfl,28
DEU,chicken halal,28
DEU,star wars,28
DEU,vegetable stock,28
DEU,froop,28
DEU,Olive oil,28
DEU,burger gurken,28
DEU,sunat,28
DEU,cola zeto,28
DEU,wip,28
DEU,eingelegte gurken,28
DEU,Fle,28
DEU,clemen,28
DEU,joghurt la,28
DEU,schko,28
DEU,Blum,28
DEU,saffron,28
DEU,bärenm,28
DEU,schofrulade,28
DEU,seiten,28
DEU,soir,28
DEU,capti,28
DEU,seidento,28
DEU,sto,28
DEU,chiab,28
DEU,satisfyer,28
DEU,reisea,27
DEU,honog,27
DEU,spiritus,27
DEU,weichspühler,27
DEU,schinken vegan,27
DEU,käse kuchen,27
DEU,braune linsen,27
DEU,tomata,27
DEU,teppich,27
DEU,brühwürfel,27
DEU,romate,27
DEU,pastin,27
DEU,dos,27
DEU,pasta so,27
DEU,silken tofu,27
DEU,Wu,27
DEU,sojaspr,27
DEU,cabb,27
DEU,lufter,27
DEU,bübchen,27
DEU,zucket,27
DEU,geschenkpa,27
DEU,necta,27
DEU,colo,27
DEU,bao,27
DEU,noodel,27
DEU,mix-,27
DEU,gebiss,27
DEU,powersde,27
DEU,wiener w,27
DEU,laugenbr,27
DEU,russi,27
DEU,cola tero,27
DEU,fag,27
DEU,Dusch,27
DEU,Backwaren,27
DEU,streme,27
DEU,lr,27
DEU,hanh,27
DEU,volkornbrot,27
DEU,nudelauflauf,27
DEU,Sesamöl,27
DEU,motte,27
DEU,otly,27
DEU,reibk,27
DEU,barista hafer,27
DEU,organ,27
DEU,fabric softener,27
DEU,vollkornnudel,27
DEU,haushaltsrolle,27
DEU,schokolade vollmilch,27
DEU,cable,27
DEU,zitronenlimonade,27
DEU,trinkpäck,27
DEU,Dr oetker,27
DEU,brocoll,27
DEU,sauerkrautsaft,27
DEU,rr,27
DEU,cheese cubes,27
DEU,vanille skyr,27
DEU,karton,27
DEU,klob,27
DEU,Proteinpulver,27
DEU,russ,27
DEU,basilico,27
DEU,mischung,27
DEU,Erdbee,27
DEU,bitterschokolade,27
DEU,vidka,27
DEU,aptamil pre,27
DEU,tiefgefroren,27
DEU,chamo,27
DEU,kräuter frischkäse,27
DEU,ritte,27
DEU,keg,27
DEU,hollanda,27
DEU,gea,27
DEU,Reispapier,27
DEU,süsse,27
DEU,spageh,27
DEU,sternanis,27
DEU,Jogu,27
DEU,sprüdel,27
DEU,pastram,27
DEU,royal,27
DEU,nivea men,27
DEU,käse soße,27
DEU,pastaso,27
DEU,wtap,27
DEU,Müs,27
DEU,terea sienna,27
DEU,drach,27
DEU,protein tor,27
DEU,Kaffee gemahlen,27
DEU,sun lolly,27
DEU,diavolo,27
DEU,fruchtfli,27
DEU,air f,27
DEU,icete,27
DEU,heim,27
DEU,shoyu,27
DEU,scg,27
DEU,waffelr,27
DEU,arroz,27
DEU,jasmi,27
DEU,baby tücher,27
DEU,Rinderbrühe,27
DEU,estrella,27
DEU,haferd,27
DEU,oro di parma,27
DEU,Bl,27
DEU,coolinaria,27
DEU,Linsenchips,27
DEU,kirschpaprika,27
DEU,peeler,27
DEU,frisxhkäse,27
DEU,Blaubeere,27
DEU,ade,27
DEU,paper t,27
DEU,Kühltasche,27
DEU,greens,27
DEU,Küchenro,27
DEU,soil,27
DEU,cilan,27
DEU,om,27
DEU,cos,27
DEU,meze,27
DEU,Lach,27
DEU,saz,27
DEU,tunfisc,27
DEU,pedigree,27
DEU,saft orange,27
DEU,krem,27
DEU,cola l,27
DEU,was h,27
DEU,weltmeister,27
DEU,Tempo,27
DEU,kaju,27
DEU,capi,27
DEU,spf,27
DEU,schnitzel vegan,27
DEU,gelbwu,27
DEU,sly,27
DEU,müslirie,27
DEU,Ri,27
DEU,tomatensaf,27
DEU,lasagneplatten,27
DEU,bio b,27
DEU,eis kaffe,27
DEU,charlo,27
DEU,smoke,27
DEU,spae,27
DEU,teger,27
DEU,strauch,27
DEU,büffelmo,27
DEU,kokosr,27
DEU,alnatura salami,27
DEU,maggi würze,27
DEU,zucchine,27
DEU,chess,27
DEU,holo,27
DEU,Koch,27
DEU,ceylon,27
DEU,pulpo,27
DEU,weisskäse,27
DEU,blüten,27
DEU,Backmischung,27
DEU,konfiture,27
DEU,kummel,27
DEU,çekirdek,27
DEU,edelsüß,27
DEU,fruhlings,27
DEU,paper tow,27
DEU,halal salami,27
DEU,brotchip,27
DEU,sliced bread,27
DEU,protie,27
DEU,kartoffelauflauf,27
DEU,wienerle,27
DEU,pfeffer gemahlen,27
DEU,camlica,27
DEU,toulett,27
DEU,tero,27
DEU,joghurtdrink,27
DEU,handwas,27
DEU,fridch,27
DEU,pw,27
DEU,cereal bar,27
DEU,zunge,27
DEU,momo,27
DEU,lolly,27
DEU,tpfu,27
DEU,Light,27
DEU,retti,27
DEU,proscuitto,27
DEU,barr,27
DEU,bratwürstchen,27
DEU,tonka,27
DEU,reis essig,27
DEU,whit,27
DEU,scharlo,27
DEU,woll,27
DEU,Nute,27
DEU,at,27
DEU,badr,27
DEU,karrotte,27
DEU,nel,27
DEU,eisbergs,27
DEU,mondamin,27
DEU,alnatura dinkel,27
DEU,pall mal,27
DEU,sesamö,27
DEU,thüringer,27
DEU,san pelli,27
DEU,alpro matcha,27
DEU,frikasse,27
DEU,vivess,27
DEU,katzenfutte,27
DEU,pampers pants,27
DEU,feuchtes klopapier,27
DEU,Kn,27
DEU,mexik,27
DEU,Käse light,27
DEU,baby oil,27
DEU,druckerpapier,27
DEU,sauer gurken,27
DEU,Delia,27
DEU,schweppe,27
DEU,wasserfilter,27
DEU,nür,27
DEU,sageotan,27
DEU,Mundspülung,27
DEU,johannisbeere,27
DEU,haarent,27
DEU,chami,27
DEU,kartiffel,27
DEU,istanbul,27
DEU,iliven,27
DEU,tom yum,27
DEU,syrop,27
DEU,maracujasaft,27
DEU,raddish,27
DEU,mont,27
DEU,sxh,27
DEU,pale ale,27
DEU,wc pap,27
DEU,paradiescreme,27
DEU,icr,27
DEU,wurfel,27
DEU,towels,27
DEU,Haferm,27
DEU,kräcker,27
DEU,meeretich,27
DEU,ja! cola,27
DEU,penny,27
DEU,haloum,27
DEU,zahnsei,27
DEU,fruchtquark,27
DEU,vreme,27
DEU,Frühlingszwiebel,27
DEU,burger bröt,27
DEU,Hähnche,27
DEU,beeren tief,27
DEU,kaffee milch,27
DEU,Taschentuch,27
DEU,hawa,27
DEU,pfeffi,27
DEU,Pilz,27
DEU,johgu,27
DEU,alpro mango,27
DEU,käse laktosefrei,27
DEU,zar,27
DEU,energy balls,27
DEU,bonn,27
DEU,schokopu,27
DEU,lactosefr,27
DEU,schokolade 85,27
DEU,soe,27
DEU,summersby,27
DEU,cold tea,27
DEU,geröstete,27
DEU,weissweinessig,27
DEU,spur,27
DEU,heiße,27
DEU,sahne bio,27
DEU,provolone,27
DEU,balls,27
DEU,neni,27
DEU,schöagsahne,27
DEU,baby nahrung,27
DEU,salzgurke,27
DEU,ferrero rocher,27
DEU,mii,27
DEU,phili,27
DEU,toefkühl,27
DEU,tal,27
DEU,katoffeln,27
DEU,baugette,27
DEU,garbelen,27
DEU,wasser me,27
DEU,biom,27
DEU,maltes,27
DEU,mondter,27
DEU,Nektarine,27
DEU,rewe beste wahl wasser,27
DEU,lösl,27
DEU,protein cheese,27
DEU,kontaktlin,27
DEU,Toasties,27
DEU,parmigg,27
DEU,Chicken Nuggets,27
DEU,cola 1l,27
DEU,viagra,27
DEU,bio banan,27
DEU,85%,27
DEU,pasta s,27
DEU,kräutertee,27
DEU,karottens,27
DEU,piccolin,27
DEU,la gio,27
DEU,parlia,27
DEU,obsr,27
DEU,buz,27
DEU,octopus,27
DEU,knusperbrot,27
DEU,süsig,27
DEU,Wc,27
DEU,phy,27
DEU,baget,27
DEU,parmesn,27
DEU,eis mini,27
DEU,jasm,27
DEU,kokoswasse,27
DEU,nagellackentferner,27
DEU,ibo,27
DEU,wacke,27
DEU,rw,27
DEU,pak cho,27
DEU,graubu,27
DEU,bs,27
DEU,Iglo,27
DEU,pistazienmus,27
DEU,nic na,27
DEU,rohrrei,27
DEU,küchenpapi,27
DEU,Kaffeepads,27
DEU,süssigke,27
DEU,melzer,27
DEU,bolognes,27
DEU,sticky,27
DEU,schokorosinen,27
DEU,red onions,27
DEU,caramel syrup,27
DEU,taco seasoning,27
DEU,tiefge,27
DEU,schrippe,27
DEU,habdschuhe,27
DEU,homey,27
DEU,ceviz,27
DEU,pfannkuch,27
DEU,canell,27
DEU,zinc,27
DEU,mize,27
DEU,mes,27
DEU,paulber,27
DEU,butterkäs,27
DEU,spüler,27
DEU,weiskohl,27
DEU,buk,27
DEU,pizza bio,27
DEU,conditio,27
DEU,ananass,27
DEU,medium wasser,27
DEU,chivas,27
DEU,baldrian,27
DEU,knoblaich,27
DEU,warer,27
DEU,burger bund,27
DEU,zereal,27
DEU,pfeffersalami,27
DEU,focc,27
DEU,pari,26
DEU,every food,26
DEU,cola zerp,26
DEU,vitali,26
DEU,curry leaves,26
DEU,bioeier,26
DEU,wasser 1,26
DEU,veganz,26
DEU,gruke,26
DEU,werther,26
DEU,hafer mehl,26
DEU,trol,26
DEU,Guacamole,26
DEU,sahnw,26
DEU,Salsa,26
DEU,colazero,26
DEU,butterschmal,26
DEU,Nougat bits,26
DEU,eierkuchen,26
DEU,bulds,26
DEU,Sprite zero,26
DEU,qti,26
DEU,klip,26
DEU,tomaten getrocknet,26
DEU,pflaumensaft,26
DEU,condense,26
DEU,rindergulasch,26
DEU,vollkornb,26
DEU,nashi,26
DEU,zimtschne,26
DEU,kräuterbut,26
DEU,mall,26
DEU,zwiebek,26
DEU,wallnut,26
DEU,pfeffee,26
DEU,Milch la,26
DEU,lift,26
DEU,Es,26
DEU,zuccin,26
DEU,calg,26
DEU,wggs,26
DEU,haxk,26
DEU,laks,26
DEU,lart,26
DEU,eget,26
DEU,limm,26
DEU,beef mince,26
DEU,höhn,26
DEU,fruhl,26
DEU,Sorbet,26
DEU,inhwer,26
DEU,red band,26
DEU,staude,26
DEU,himm,26
DEU,moven,26
DEU,kümm,26
DEU,pizza spinat,26
DEU,ja chicken,26
DEU,gerva,26
DEU,hähnchen wurst,26
DEU,Tortillas,26
DEU,kartoffwl,26
DEU,tomato soup,26
DEU,snack gurken,26
DEU,vinegar chips,26
DEU,tysk,26
DEU,glutenfreu,26
DEU,geflügel w,26
DEU,weis wein,26
DEU,achokolade,26
DEU,nudossi,26
DEU,alpt,26
DEU,triple sec,26
DEU,sphagetti,26
DEU,bondu,26
DEU,nuggets vegan,26
DEU,orga,26
DEU,erbsen und,26
DEU,griechischer jog,26
DEU,schofru,26
DEU,giteh,26
DEU,heats,26
DEU,isa,26
DEU,fress,26
DEU,rac,26
DEU,Backkakao,26
DEU,bites,26
DEU,kad,26
DEU,frozen vegetable,26
DEU,moin,26
DEU,zogaretten,26
DEU,kaise,26
DEU,Donuts,26
DEU,1688,26
DEU,quarkcreme,26
DEU,vanillep,26
DEU,hänchenbr,26
DEU,çiğköfte,26
DEU,salaki,26
DEU,alnatura schoko,26
DEU,starke,26
DEU,mackerel,26
DEU,paradi,26
DEU,weißko,26
DEU,backfis,26
DEU,showe,26
DEU,ratz,26
DEU,hue,26
DEU,back papier,26
DEU,st leon,26
DEU,Wasa,26
DEU,kugel,26
DEU,Ritter Sport,26
DEU,cashewkerne,26
DEU,Eir,26
DEU,bio aufschnitt,26
DEU,trufr,26
DEU,sph,26
DEU,sishi,26
DEU,bio äpfel,26
DEU,chelti,26
DEU,bueger,26
DEU,pain au,26
DEU,poultry,26
DEU,Reiswa,26
DEU,kaffer,26
DEU,ergü,26
DEU,tho,26
DEU,Romana,26
DEU,instant ramen,26
DEU,curry ket,26
DEU,creme fraic,26
DEU,ben je,26
DEU,hellmans,26
DEU,ayrab,26
DEU,gebratene,26
DEU,steinofen,26
DEU,weim,26
DEU,reisnude,26
DEU,elepha,26
DEU,schwanm,26
DEU,bav,26
DEU,kaffeekaps,26
DEU,vibra,26
DEU,erdnüs,26
DEU,gläschen,26
DEU,proteinriege,26
DEU,spross,26
DEU,chips gesalzen,26
DEU,tofu natur,26
DEU,orange j,26
DEU,vibr,26
DEU,olive oi,26
DEU,nougat bit,26
DEU,zeit für br,26
DEU,gött,26
DEU,soon to expire,26
DEU,leblebi,26
DEU,Joh,26
DEU,Gillette,26
DEU,nudeln bio,26
DEU,nectar,26
DEU,ballons,26
DEU,85,26
DEU,peta,26
DEU,veganer speck,26
DEU,wuinoa,26
DEU,pasta gluten,26
DEU,getrocknete tomat,26
DEU,Röstzwiebeln,26
DEU,mergu,26
DEU,geflu,26
DEU,maska,26
DEU,currywu,26
DEU,rhön,26
DEU,köse gerieben,26
DEU,cantu,26
DEU,citronen,26
DEU,brathähnchen,26
DEU,sanpe,26
DEU,jerkey,26
DEU,geback,26
DEU,hm,26
DEU,waschpulv,26
DEU,grune,26
DEU,kokosfett,26
DEU,sagn,26
DEU,choco fr,26
DEU,polster,26
DEU,Cevapcici,26
DEU,alba,26
DEU,bio skyr,26
DEU,cognac,26
DEU,artic,26
DEU,mento,26
DEU,corn flour,26
DEU,alpro jog,26
DEU,patly,26
DEU,joghutz,26
DEU,softies,26
DEU,milr,26
DEU,raums,26
DEU,barilla pesto,26
DEU,pasierte,26
DEU,Pe,26
DEU,vermi,26
DEU,kalbsleber,26
DEU,dupl,26
DEU,olio,26
DEU,magen darm,26
DEU,toamten,26
DEU,eater,26
DEU,cau,26
DEU,ground meat,26
DEU,ripp,26
DEU,zero fanta,26
DEU,milch lact,26
DEU,collagen,26
DEU,snack gurke,26
DEU,roulade,26
DEU,Bad,26
DEU,kochkäse,26
DEU,gurkensa,26
DEU,passats,26
DEU,oxy,26
DEU,minecraft,26
DEU,crossi,26
DEU,stake,26
DEU,prosse,26
DEU,göss,26
DEU,hafer mandel,26
DEU,klobürste,26
DEU,merid,26
DEU,Corny,26
DEU,fondue,26
DEU,lartoffeln,26
DEU,fertiggerich,26
DEU,gestückelte,26
DEU,kochc,26
DEU,riz,26
DEU,Reinigung,26
DEU,abfall,26
DEU,butter chi,26
DEU,showergel,26
DEU,Marmel,26
DEU,hohe,26
DEU,batida,26
DEU,vanille ex,26
DEU,cooking wine,26
DEU,hunus,26
DEU,gauloise,26
DEU,geruch,26
DEU,kokosmilcj,26
DEU,mayonna,26
DEU,joghurtdressing,26
DEU,sad,26
DEU,magnesi,26
DEU,kerryg,26
DEU,almet,26
DEU,knoblauchba,26
DEU,asiat,26
DEU,wc rei,26
DEU,ingwet,26
DEU,soja cuisine,26
DEU,alpro pudding,26
DEU,Red Bull Organics,26
DEU,weiße bo,26
DEU,kühlta,26
DEU,käsesch,26
DEU,makr,26
DEU,oo,26
DEU,sekt trocken,26
DEU,reb,26
DEU,perlen,26
DEU,anc,26
DEU,Knobl,26
DEU,kuschel,26
DEU,mungobohnen,26
DEU,isoclear,26
DEU,zitri,26
DEU,kessel chips,26
DEU,hair gel,26
DEU,dinkelmeh,26
DEU,cs,26
DEU,bem,26
DEU,kt,26
DEU,esrom,26
DEU,ae,26
DEU,bäre,26
DEU,Nürnberg,26
DEU,sonntag,26
DEU,bananne,26
DEU,haeibo,26
DEU,Griech,26
DEU,kokosra,26
DEU,mittel,26
DEU,steaks,26
DEU,Wasser ja,26
DEU,almighurt,26
DEU,schokostreu,26
DEU,schimm,26
DEU,gemüse chips,26
DEU,AA,26
DEU,mizzarella,26
DEU,ajo,26
DEU,brötschen,26
DEU,gorbatschow,26
DEU,kaffee kap,26
DEU,Frühlingsrollen,26
DEU,deterge,26
DEU,suck,26
DEU,wrs,26
DEU,brä,26
DEU,hassel,26
DEU,Kartoffelpuffer,26
DEU,laufen,26
DEU,preiselbeer,26
DEU,baby essen,26
DEU,dürü,26
DEU,nue,26
DEU,bens original,26
DEU,farm,26
DEU,Zigare,26
DEU,ad,26
DEU,Tuc,26
DEU,farb,26
DEU,wen,26
DEU,doppelrahm,26
DEU,low fat cheese,26
DEU,sole,26
DEU,brand,26
DEU,bep,26
DEU,cape,26
DEU,sauee,26
DEU,schnell,26
DEU,frühstücksfleisch,26
DEU,schuppen,26
DEU,nudelb,26
DEU,AAA,26
DEU,reis bio,26
DEU,summers,26
DEU,prt,26
DEU,quat,26
DEU,ayv,26
DEU,gram,26
DEU,jougurt,26
DEU,dallm,26
DEU,selte,26
DEU,Rewe Bio,26
DEU,mango sorbet,26
DEU,zwiebln,26
DEU,kartoffelmehl,26
DEU,toad,26
DEU,sandwich cheese,26
DEU,stic,26
DEU,mundspül,26
DEU,beir,26
DEU,quich,26
DEU,frischkäse kr,26
DEU,graupen,26
DEU,birrata,26
DEU,thunfisch ja,26
DEU,fish fingers,26
DEU,vollkorn nudel,26
DEU,latex,26
DEU,trinkjoghurt,26
DEU,Vita,26
DEU,bio w,26
DEU,Wü,26
DEU,haftcreme,26
DEU,bannanen,26
DEU,marlbro,26
DEU,kis,26
DEU,schor,26
DEU,toillettenpapier,26
DEU,Gno,26
DEU,emental,26
DEU,knöd,26
DEU,Sprossen,25
DEU,limi,25
DEU,erdbeermarm,25
DEU,luf,25
DEU,ice cream vegan,25
DEU,joghurt gri,25
DEU,nudel schinken,25
DEU,backer,25
DEU,olivem,25
DEU,käsekuche,25
DEU,bratwü,25
DEU,baby shampoo,25
DEU,shit,25
DEU,Säfte,25
DEU,froschkäse,25
DEU,Finish,25
DEU,weizenbier,25
DEU,allos,25
DEU,wasser 0,25
DEU,spagheti,25
DEU,abf,25
DEU,soja s,25
DEU,kuskus,25
DEU,penis,25
DEU,hochla,25
DEU,rooibos,25
DEU,spezie,25
DEU,miracl,25
DEU,dio,25
DEU,gueken,25
DEU,ben und jerry,25
DEU,weißkäse,25
DEU,pfer,25
DEU,lemon curd,25
DEU,ziegenkase,25
DEU,oay,25
DEU,salbeitee,25
DEU,käae,25
DEU,treso,25
DEU,coctail,25
DEU,Lasa,25
DEU,backcam,25
DEU,Kondom,25
DEU,ziteone,25
DEU,shan,25
DEU,mott,25
DEU,hähnchenfilet,25
DEU,tomaten pas,25
DEU,kopfhörer,25
DEU,windeln 7,25
DEU,haselnussmus,25
DEU,soja mil,25
DEU,coffee capsules,25
DEU,sojaspro,25
DEU,schät,25
DEU,tk spinat,25
DEU,trail mix,25
DEU,lachssch,25
DEU,somersb,25
DEU,sirup zero,25
DEU,buchweizenmehl,25
DEU,Kimchi,25
DEU,coffee bean,25
DEU,gric,25
DEU,chocolate sauce,25
DEU,ciabatt,25
DEU,gour,25
DEU,zitone,25
DEU,soft drink,25
DEU,guancia,25
DEU,Pita,25
DEU,clea,25
DEU,rassierer,25
DEU,özyörem,25
DEU,tteo,25
DEU,nägel,25
DEU,poridge,25
DEU,paprika ede,25
DEU,zitronensaf,25
DEU,feinwasch,25
DEU,sticka,25
DEU,glas reiniger,25
DEU,dfb,25
DEU,dch,25
DEU,greek jo,25
DEU,mustar,25
DEU,erdbeersirup,25
DEU,schau,25
DEU,rewe pizza,25
DEU,fahe,25
DEU,maultascheb,25
DEU,orep,25
DEU,Lakto,25
DEU,zeiebel,25
DEU,five ele,25
DEU,kokoss,25
DEU,spagethi,25
DEU,roce,25
DEU,alma,25
DEU,trockenfutter katze,25
DEU,fachinger,25
DEU,fac,25
DEU,low cal,25
DEU,erdbuss,25
DEU,agavend,25
DEU,annan,25
DEU,drachenzu,25
DEU,limettens,25
DEU,mango lass,25
DEU,zitrine,25
DEU,nest,25
DEU,creme leicht,25
DEU,thubfisch,25
DEU,pidding,25
DEU,halal wurst,25
DEU,Mal,25
DEU,Hackfleisch gemischt,25
DEU,kartoffeln bio,25
DEU,shii,25
DEU,ziegenfri,25
DEU,gempse,25
DEU,alnatura baby,25
DEU,oce,25
DEU,proci,25
DEU,vie,25
DEU,walnüs,25
DEU,cream chees,25
DEU,alpro sk,25
DEU,snicke,25
DEU,absol,25
DEU,laktosefrei quark,25
DEU,poliboy,25
DEU,overnight,25
DEU,pflanz,25
DEU,vegan creme,25
DEU,uhu,25
DEU,eis bueno,25
DEU,früch,25
DEU,tig,25
DEU,Monte,25
DEU,schog,25
DEU,emergy,25
DEU,leg,25
DEU,bio eggs,25
DEU,körnigen,25
DEU,karoffeln,25
DEU,sodastre,25
DEU,maa,25
DEU,chaka,25
DEU,ananad,25
DEU,obdt,25
DEU,osa,25
DEU,bagette,25
DEU,geflügelwiener,25
DEU,bell pe,25
DEU,Hollandaise,25
DEU,erdbere,25
DEU,stain,25
DEU,vös,25
DEU,tütensuppe,25
DEU,tablet,25
DEU,spezial,25
DEU,lag,25
DEU,sanit,25
DEU,Dinkelbrot,25
DEU,cherry tomat,25
DEU,kartoffeö,25
DEU,türkisc,25
DEU,gurlen,25
DEU,kaffee to go,25
DEU,lig,25
DEU,nespres,25
DEU,allio,25
DEU,Falafel,25
DEU,geflügelwu,25
DEU,löslich,25
DEU,protein nudel,25
DEU,haselnü,25
DEU,fritten,25
DEU,eingelegtes,25
DEU,mandelmuss,25
DEU,laugenbrezel,25
DEU,distilled,25
DEU,Salatdressing,25
DEU,Spülm,25
DEU,liquid soap,25
DEU,staatl,25
DEU,elotr,25
DEU,kakoa,25
DEU,cjips,25
DEU,map,25
DEU,ment,25
DEU,chine,25
DEU,badrein,25
DEU,feuchtes Toilettenpapier,25
DEU,müllermil,25
DEU,Matjes,25
DEU,wiesenho,25
DEU,der,25
DEU,pina colada,25
DEU,electrolyt,25
DEU,moon,25
DEU,fenc,25
DEU,susska,25
DEU,mazola,25
DEU,stapel,25
DEU,erdi,25
DEU,wc p,25
DEU,lowcarb,25
DEU,kochsahbe,25
DEU,salamk,25
DEU,leo,25
DEU,wua,25
DEU,chinesisch,25
DEU,vier,25
DEU,coriande,25
DEU,ground coffee,25
DEU,toothpa,25
DEU,pull,25
DEU,gluck,25
DEU,holzkohle,25
DEU,spek,25
DEU,pia,25
DEU,Feuchtes,25
DEU,protein mi,25
DEU,kuchen rolle,25
DEU,tshirt,25
DEU,cloves,25
DEU,manuka,25
DEU,bum bum,25
DEU,matchs,25
DEU,frischäse,25
DEU,5 mi,25
DEU,Tomaten mark,25
DEU,herb,25
DEU,litchi,25
DEU,probiotic,25
DEU,korb,25
DEU,Suntat,25
DEU,fisch sauce,25
DEU,streic,25
DEU,biskuit,25
DEU,zeit für beot,25
DEU,ludwigs,25
DEU,alpro sahne,25
DEU,Mülltüte,25
DEU,limonad,25
DEU,despo,25
DEU,nim,25
DEU,We,25
DEU,sate,25
DEU,Champignon,25
DEU,garba,25
DEU,bagle,25
DEU,paulane,25
DEU,bio bana,25
DEU,dijo,25
DEU,sandwichk,25
DEU,boo,25
DEU,esm,25
DEU,cremissi,25
DEU,qin,25
DEU,hack rind,25
DEU,lini,25
DEU,gemuese,25
DEU,Sex,25
DEU,babys,25
DEU,oatly barista,25
DEU,focca,25
DEU,Majo,25
DEU,tagi,25
DEU,mayonez,25
DEU,blutw,25
DEU,Pepsi zero,25
DEU,ariel pods,25
DEU,snoop,25
DEU,cinni,25
DEU,biscoff eis,25
DEU,Cucumber,25
DEU,Toffifee,25
DEU,seifen,25
DEU,insekte,25
DEU,bonanz,25
DEU,tacc,25
DEU,tuvalet,25
DEU,intense,25
DEU,spiess,25
DEU,zog,25
DEU,bitter l,25
DEU,pizza pasta,25
DEU,feuchttücher baby,25
DEU,gnocchis,25
DEU,kracker,25
DEU,kinderschoko,25
DEU,nescafe gold,25
DEU,brasil,25
DEU,bio feta,25
DEU,schockol,25
DEU,baking sheet,25
DEU,cabanos,25
DEU,chips lays,25
DEU,fettlöser,25
DEU,spagg,25
DEU,Ahornsirup,25
DEU,fettuccine,25
DEU,brr,25
DEU,tha,25
DEU,alnatira,25
DEU,Hygienespüler,25
DEU,ajoli,25
DEU,kinder schoko,25
DEU,nass,25
DEU,pizt,25
DEU,raspbe,25
DEU,ja pizza,25
DEU,hois,25
DEU,schokolade nuss,25
DEU,hafer flo,25
DEU,Glas,25
DEU,apfelsafr,25
DEU,sahnekäse,25
DEU,multivita,25
DEU,regina,25
DEU,knäckebro,25
DEU,hummi,25
DEU,grüne b,25
DEU,gefrierbe,25
DEU,vollkorn reis,25
DEU,ohne zu,25
DEU,Frühlingsz,25
DEU,purins,25
DEU,toothpast,25
DEU,crossant,25
DEU,kavia,25
DEU,Ja cola,25
DEU,johannisb,25
DEU,zitronensä,25
DEU,knack back,25
DEU,Capri sun,25
DEU,laminat,25
DEU,sandwichtoast,25
DEU,prime,25
DEU,mozarrella,25
DEU,zitronenli,25
DEU,snack box,25
DEU,jello,25
DEU,Jever,25
DEU,rosenk,25
DEU,Kokosöl,25
DEU,laktosefreier,25
DEU,pizza funghi,25
DEU,klös,25
DEU,allzwec,25
DEU,wäs,25
DEU,himbeeren tk,25
DEU,kitchen to,25
DEU,protine,25
DEU,banana bread,25
DEU,Gra,25
DEU,horn,25
DEU,green peas,25
DEU,zuckerfreie,25
DEU,Coc,25
DEU,watermelo,25
DEU,soja jog,25
DEU,handt,25
DEU,fanta mango,25
DEU,fleischtomate,25
DEU,vino,25
DEU,kuechen,25
DEU,rehab,25
DEU,tomaten pasta,25
DEU,rice waffle,25
DEU,trinke,25
DEU,Gries,25
DEU,donau,25
DEU,krea,25
DEU,haarspülung,25
DEU,alnatura müsli,25
DEU,bottle,25
DEU,got2b,25
DEU,kniblauch,25
DEU,lawa,25
DEU,bowls,25
DEU,toastbröt,25
DEU,rasiers,25
DEU,samb,25
DEU,Ben &,25
DEU,rettertütte,25
DEU,bitter schokolade,25
DEU,plasti,25
DEU,bufa,25
DEU,protinella,25
DEU,erdberr,25
DEU,maiskol,25
DEU,half,25
DEU,maille,25
DEU,gehackte tom,25
DEU,amarena,25
DEU,krokette,24
DEU,frischkäse körnig,24
DEU,bayr,24
DEU,süskartoffel,24
DEU,american cookies,24
DEU,sahne lak,24
DEU,bannan,24
DEU,nusscreme,24
DEU,kartoffelst,24
DEU,krebs,24
DEU,körniger frischkäse light,24
DEU,low sugar,24
DEU,waschmas,24
DEU,worchester,24
DEU,pastet,24
DEU,kelligs,24
DEU,magnun,24
DEU,energy bar,24
DEU,garlic sauce,24
DEU,honigmel,24
DEU,wäsch,24
DEU,skyr al,24
DEU,tofifee,24
DEU,jack dani,24
DEU,sci,24
DEU,dünger,24
DEU,camenbe,24
DEU,dinkelflocken,24
DEU,knoor,24
DEU,bubb,24
DEU,Yfood,24
DEU,spra,24
DEU,adobo,24
DEU,marcha,24
DEU,active o,24
DEU,hs,24
DEU,crunchy müsli,24
DEU,red on,24
DEU,chanp,24
DEU,honih,24
DEU,lich,24
DEU,leon,24
DEU,ananassa,24
DEU,poe,24
DEU,Käse vegan,24
DEU,Joghurt natur,24
DEU,kitchen pap,24
DEU,sous,24
DEU,Kakaopulver,24
DEU,sandwich k,24
DEU,kaffeefi,24
DEU,tasty,24
DEU,tortilla wrap,24
DEU,salats,24
DEU,koo,24
DEU,siyr,24
DEU,schoko keks,24
DEU,gluten free pizza,24
DEU,Waffe,24
DEU,nacho dip,24
DEU,bay leaf,24
DEU,oliveoil,24
DEU,kalbsle,24
DEU,hackl,24
DEU,badreini,24
DEU,krü,24
DEU,eint,24
DEU,int,24
DEU,studente,24
DEU,bio wein,24
DEU,spl,24
DEU,beef je,24
DEU,gouda ger,24
DEU,bür,24
DEU,kekse vegan,24
DEU,asiatische,24
DEU,kirscherbsen,24
DEU,gillete,24
DEU,sucker,24
DEU,eisbergsala,24
DEU,plat,24
DEU,apfelsh,24
DEU,weihens,24
DEU,schmad,24
DEU,rig,24
DEU,schinkenwürf,24
DEU,sternburg,24
DEU,biomüll,24
DEU,mais waffel,24
DEU,Reiniger,24
DEU,capern,24
DEU,Knob,24
DEU,hustensaft,24
DEU,schattenmo,24
DEU,tortilla wraps,24
DEU,Wiener Würstchen,24
DEU,mym,24
DEU,frappe,24
DEU,crossain,24
DEU,schwarzbro,24
DEU,mcd,24
DEU,milch 0,24
DEU,long pap,24
DEU,resque,24
DEU,mozarwlla,24
DEU,antipasto,24
DEU,kla,24
DEU,gest,24
DEU,broy,24
DEU,nudeln barilla,24
DEU,rinti,24
DEU,ben's,24
DEU,crunc,24
DEU,yufk,24
DEU,body soap,24
DEU,hamburger brot,24
DEU,cola zweo,24
DEU,bergkäs,24
DEU,Allzweckreiniger,24
DEU,werth,24
DEU,ice balls,24
DEU,inkon,24
DEU,vogelfutter,24
DEU,terea teak,24
DEU,pena,24
DEU,heima,24
DEU,sweet chilli sauce,24
DEU,griechischen,24
DEU,nuk,24
DEU,dolma,24
DEU,stevi,24
DEU,aromat,24
DEU,jäge,24
DEU,goldst,24
DEU,scamp,24
DEU,ingwer tee,24
DEU,apfrl,24
DEU,medjool,24
DEU,metz,24
DEU,savoiardi,24
DEU,Deit,24
DEU,oat m,24
DEU,marker,24
DEU,got2,24
DEU,schwarzwaldmilch,24
DEU,power system,24
DEU,rinderschinken,24
DEU,tortenb,24
DEU,rex,24
DEU,tomaten stü,24
DEU,salzstreuer,24
DEU,Jack daniels,24
DEU,American spirit,24
DEU,joghurt griech,24
DEU,wirs,24
DEU,im,24
DEU,myo,24
DEU,parmegi,24
DEU,käse reibe,24
DEU,waschmittel frosch,24
DEU,toef,24
DEU,vegan w,24
DEU,ier,24
DEU,marmorkuchen,24
DEU,Schimmel,24
DEU,luicella,24
DEU,protein milchreis,24
DEU,Zitronensäure,24
DEU,Kopfsalat,24
DEU,Forelle,24
DEU,gek,24
DEU,km,24
DEU,saftorangen,24
DEU,plas,24
DEU,molo,24
DEU,heilerde,24
DEU,poli,24
DEU,sone,24
DEU,koch creme,24
DEU,köttb,24
DEU,teriaki,24
DEU,pumkin,24
DEU,zweiback,24
DEU,kus,24
DEU,wachtel,24
DEU,rostbratw,24
DEU,wistee,24
DEU,rostb,24
DEU,maoa,24
DEU,buchst,24
DEU,schoko kuchen,24
DEU,pfirsis,24
DEU,karp,24
DEU,fluss,24
DEU,glasteiniger,24
DEU,pick salami,24
DEU,crushe,24
DEU,hazelnuss,24
DEU,joghurt fettarm,24
DEU,tomate sauce,24
DEU,bene,24
DEU,ferig,24
DEU,knabberbox,24
DEU,hom,24
DEU,biscoff creme,24
DEU,gei,24
DEU,soja j,24
DEU,ersb,24
DEU,Käe,24
DEU,kirscherb,24
DEU,volvic wasser,24
DEU,bug spray,24
DEU,tomte,24
DEU,Rewe beste wahl,24
DEU,haribo sauer,24
DEU,haver,24
DEU,majona,24
DEU,charite,24
DEU,socks,24
DEU,spirell,24
DEU,fettar,24
DEU,saskia,24
DEU,chock,24
DEU,chicken vegan,24
DEU,hahnchenbrust,24
DEU,oil sunflower,24
DEU,nacos,24
DEU,followf,24
DEU,pine nut,24
DEU,nuca,24
DEU,barista milch,24
DEU,protein pud,24
DEU,allnatura,24
DEU,Sk,24
DEU,timate,24
DEU,spah,24
DEU,chillis,24
DEU,lee,24
DEU,wirdt,24
DEU,garnelle,24
DEU,Protein eis,24
DEU,butterka,24
DEU,linsens,24
DEU,milch laktos,24
DEU,Sojasoße,24
DEU,mezzomix,24
DEU,remoulad,24
DEU,veganes ha,24
DEU,Mars,24
DEU,caneloni,24
DEU,mischge,24
DEU,green chili,24
DEU,käseau,24
DEU,Ginger ale,24
DEU,alkoholfrei sekt,24
DEU,siracha mayo,24
DEU,protrin,24
DEU,joghurt lakto,24
DEU,bulgar,24
DEU,tzs,24
DEU,mac cheese,24
DEU,zigarretten,24
DEU,hör,24
DEU,berto,24
DEU,türkischer,24
DEU,aufbackbrot,24
DEU,wallnus,24
DEU,sanp,24
DEU,biscotti,24
DEU,tomatendo,24
DEU,macca,24
DEU,pizza mehl,24
DEU,hacj,24
DEU,bayreu,24
DEU,schaumfestiger,24
DEU,flensburger,24
DEU,brot vollkorn,24
DEU,harobo,24
DEU,meg,24
DEU,tl,24
DEU,mest,24
DEU,mittag,24
DEU,himmus,24
DEU,Würst,24
DEU,Gyoza,24
DEU,chicken leg,24
DEU,alnatura s,24
DEU,sauvi,24
DEU,weiße s,24
DEU,gemüsw,24
DEU,Zwieb,24
DEU,perwo,24
DEU,hafer mil,24
DEU,edelsalami,24
DEU,icet,24
DEU,hön,24
DEU,back cam,24
DEU,serum,24
DEU,green pepper,24
DEU,longpape,24
DEU,dure,24
DEU,shira,24
DEU,makka,24
DEU,svh,24
DEU,flammen,24
DEU,ahe,24
DEU,pussy,24
DEU,heitmann,24
DEU,tempura,24
DEU,blättch,24
DEU,hemp,24
DEU,say,24
DEU,cheedar,24
DEU,cottage chee,24
DEU,backw,24
DEU,tagiatelle,24
DEU,rohrz,24
DEU,maracuja saft,24
DEU,pecc,24
DEU,ritters,24
DEU,cum,24
DEU,budwe,24
DEU,häg,24
DEU,microfaser,24
DEU,Marme,24
DEU,reisbrei,24
DEU,soh,24
DEU,cookie d,24
DEU,seit,24
DEU,schokokü,24
DEU,thunfiscj,24
DEU,biskoff,24
DEU,putzlappen,24
DEU,bio sahne,24
DEU,gekocht,24
DEU,ingwersaft,24
DEU,Be,24
DEU,weing,24
DEU,non,24
DEU,fusill,24
DEU,cuscus,24
DEU,fam,24
DEU,tempos,24
DEU,cao,24
DEU,Hum,24
DEU,vegan bacon,24
DEU,oatöy,24
DEU,joghi,24
DEU,mälzer fu,24
DEU,gh,24
DEU,gouda alt,24
DEU,eed,24
DEU,bouche,24
DEU,campar,24
DEU,wrapd,24
DEU,gabeln,24
DEU,sati,24
DEU,alkohlfrei,24
DEU,honig bio,24
DEU,semf,24
DEU,Joghurt laktosefrei,24
DEU,stü,24
DEU,brota,24
DEU,Krombacher,24
DEU,Linsen chips,24
DEU,chocolate powder,24
DEU,texmex,24
DEU,basilicum,24
DEU,sensody,24
DEU,Kräuterb,24
DEU,megg,24
DEU,spss,24
DEU,Parmes,24
DEU,eiscaf,24
DEU,Sau,24
DEU,kirscht,24
DEU,obsz,24
DEU,Lucky,24
DEU,heini,24
DEU,linsen nudeln,24
DEU,mionetto,24
DEU,pock,24
DEU,gile,24
DEU,kritharaki,24
DEU,wasserkocher,24
DEU,topping,24
DEU,kottbullar,24
DEU,riese,24
DEU,Stärke,24
DEU,bio egg,24
DEU,rote pap,24
DEU,eis ve,24
DEU,halla,24
DEU,Basili,24
DEU,edels,24
DEU,simpl,24
DEU,bergader,24
DEU,erfrischungsst,24
DEU,Paletas,24
DEU,Kölsch,24
DEU,metten,24
DEU,tuvalet kağıdı,24
DEU,gemüse tiefkühl,24
DEU,macch,24
DEU,rogge,24
DEU,kaffee ent,24
DEU,Hackfleisch rind,24
DEU,wag,24
DEU,kokos öl,24
DEU,salatkerne,24
DEU,sahe,24
DEU,milch mandel,24
DEU,lache,24
DEU,tassim,24
DEU,vina,24
DEU,klopaper,24
DEU,Wasser rewe,24
DEU,romana salat,24
DEU,weihenste,24
DEU,Tavernello,24
DEU,toie,24
DEU,chocolate pudding,24
DEU,vils,24
DEU,hafer sahne,24
DEU,röstzwieb,24
DEU,yogut,24
DEU,weaps,24
DEU,milk bio,24
DEU,marshma,24
DEU,bratpaprika,24
DEU,luftballons,24
DEU,coockie,24
DEU,wheat flour,24
DEU,rusti,24
DEU,seela,24
DEU,ster,24
DEU,chili powder,24
DEU,kurze,24
DEU,dosenbier,24
DEU,kaffeesahn,24
DEU,protein b,24
DEU,bere,24
DEU,räuchertof,24
DEU,yam,24
DEU,orbit,24
DEU,Müllermilch,24
DEU,Apple,24
DEU,kolln,24
DEU,schoko so,24
DEU,rice krispies,24
DEU,samya,24
DEU,sinalco,24
DEU,doppio passo,24
DEU,dattels,24
DEU,paper plates,24
DEU,vas,24
DEU,wantan,24
DEU,Thunf,24
DEU,black fore,23
DEU,Always,23
DEU,nadel,23
DEU,ben and j,23
DEU,kosmetiktü,23
DEU,zahncre,23
DEU,tortilia,23
DEU,barilla protein,23
DEU,dinkel nudel,23
DEU,holu,23
DEU,afel,23
DEU,taj,23
DEU,orag,23
DEU,souer,23
DEU,tomaten paste,23
DEU,vegane würstchen,23
DEU,arge,23
DEU,parmedan,23
DEU,mango curry,23
DEU,tomaten sau,23
DEU,gesichtswasser,23
DEU,seleri,23
DEU,garni,23
DEU,romat,23
DEU,chol,23
DEU,kapse,23
DEU,müslu,23
DEU,paa,23
DEU,tomatoe sauce,23
DEU,pretze,23
DEU,toilet pape,23
DEU,sucuck,23
DEU,trockensha,23
DEU,Toiletten papier,23
DEU,schöff,23
DEU,kakaopul,23
DEU,one blade,23
DEU,palmol,23
DEU,recas,23
DEU,kombi,23
DEU,krokett,23
DEU,Apfelsa,23
DEU,Milch laktosefrei,23
DEU,flin,23
DEU,bullet,23
DEU,Chicorée,23
DEU,Cornichons,23
DEU,cif,23
DEU,pizzateug,23
DEU,wx,23
DEU,cheese light,23
DEU,Studentenfutter,23
DEU,bio quark,23
DEU,lol,23
DEU,hot dog brötchen,23
DEU,Räuchertofu,23
DEU,shak,23
DEU,knobi,23
DEU,puddinh,23
DEU,Hühnerfrikassee,23
DEU,orei,23
DEU,sahnes,23
DEU,tuma,23
DEU,essiggurk,23
DEU,oliven oil,23
DEU,vitamin b,23
DEU,shne,23
DEU,Ice tea,23
DEU,jagdw,23
DEU,vollkorn wrap,23
DEU,deo nivea,23
DEU,wedg,23
DEU,mail,23
DEU,hih,23
DEU,aq,23
DEU,kidneybo,23
DEU,smirn,23
DEU,Klöße,23
DEU,creat,23
DEU,fischstäbch,23
DEU,ruf,23
DEU,fruchtfliege,23
DEU,pelli,23
DEU,love,23
DEU,alpro sky,23
DEU,hot dig,23
DEU,tog,23
DEU,dai,23
DEU,spitzk,23
DEU,donauwelle,23
DEU,cola Zero,23
DEU,spexk,23
DEU,scheiblette,23
DEU,Besteck,23
DEU,delia gold,23
DEU,carazza,23
DEU,popcorn salz,23
DEU,leip,23
DEU,Beans,23
DEU,kosmeti,23
DEU,vegan frischkäse,23
DEU,gleitg,23
DEU,lachgummis,23
DEU,granin,23
DEU,zahb,23
DEU,foli,23
DEU,prov,23
DEU,feuchtü,23
DEU,Käseaufschnitt,23
DEU,schwarze boh,23
DEU,san pellegrino zero,23
DEU,mälze,23
DEU,lemin,23
DEU,Zitronenlimonade,23
DEU,schwangers,23
DEU,brandy,23
DEU,puriz,23
DEU,oarly,23
DEU,cant,23
DEU,thon,23
DEU,spülb,23
DEU,bluto,23
DEU,schokolade zart,23
DEU,granila,23
DEU,Sonnencreme,23
DEU,fire,23
DEU,creme cheese,23
DEU,filin,23
DEU,weißwur,23
DEU,ranen,23
DEU,vanis,23
DEU,soy s,23
DEU,kaps,23
DEU,siga,23
DEU,käse cheddar,23
DEU,kekese,23
DEU,Soda,23
DEU,kochcre,23
DEU,bio schoko,23
DEU,kracher,23
DEU,glutein,23
DEU,weisw,23
DEU,frischkäae,23
DEU,bio gouda,23
DEU,sirop,23
DEU,zeit für b,23
DEU,pedt,23
DEU,ketcup,23
DEU,berl,23
DEU,hackg,23
DEU,knackebrot,23
DEU,kren,23
DEU,Nagellack,23
DEU,broiche,23
DEU,mozzarella gerieben,23
DEU,pasta dinkel,23
DEU,leinö,23
DEU,Tegernseer,23
DEU,whey protein,23
DEU,mini m,23
DEU,Schokolad,23
DEU,arpa,23
DEU,grillsauce,23
DEU,vegetaris,23
DEU,rote bet,23
DEU,milk powder,23
DEU,vollkornnu,23
DEU,emyo,23
DEU,coco powder,23
DEU,Rügen,23
DEU,Püree,23
DEU,sahne joghurt,23
DEU,bitterlemon,23
DEU,tobacc,23
DEU,amic,23
DEU,briefum,23
DEU,schoko drop,23
DEU,filinchen,23
DEU,toam,23
DEU,wasee,23
DEU,eatlean,23
DEU,margh,23
DEU,lambrusco,23
DEU,saltl,23
DEU,tzatzi,23
DEU,tonn,23
DEU,kartoffelpürre,23
DEU,gesal,23
DEU,broo,23
DEU,grobe,23
DEU,7 day,23
DEU,kassel,23
DEU,haenchen,23
DEU,hitschis,23
DEU,american s,23
DEU,Te,23
DEU,one,23
DEU,chicken nugge,23
DEU,händchen,23
DEU,iphone,23
DEU,eyeliner,23
DEU,hafen,23
DEU,snackgurke,23
DEU,zero coke,23
DEU,zitroneneis,23
DEU,weihe,23
DEU,disinf,23
DEU,grati,23
DEU,suppenn,23
DEU,pizzas,23
DEU,dun,23
DEU,gyp,23
DEU,krank,23
DEU,teebeutel,23
DEU,grießpudding,23
DEU,Mücken,23
DEU,pfeile,23
DEU,kräuters,23
DEU,fab,23
DEU,knoblauchsauce,23
DEU,enok,23
DEU,müllermi,23
DEU,eis schoko,23
DEU,bacon vegan,23
DEU,frid,23
DEU,taschentücherbox,23
DEU,Trockenfutter,23
DEU,xh,23
DEU,japanese,23
DEU,rostz,23
DEU,käse gauda,23
DEU,salzi,23
DEU,just food,23
DEU,pepa,23
DEU,satis,23
DEU,madeleine,23
DEU,bran,23
DEU,Pelmeni,23
DEU,Tiefkü,23
DEU,swiss,23
DEU,zuckerscho,23
DEU,bui,23
DEU,bratpap,23
DEU,Dr Oetker,23
DEU,milch brot,23
DEU,Mat,23
DEU,wallnü,23
DEU,radiesch,23
DEU,Fis,23
DEU,zahnsto,23
DEU,corn f,23
DEU,dallma,23
DEU,mücke,23
DEU,geriffelt,23
DEU,dinkel pasta,23
DEU,aptam,23
DEU,musch,23
DEU,gezu,23
DEU,lavaza,23
DEU,piri,23
DEU,mora,23
DEU,wolt mar,23
DEU,mutella,23
DEU,smoking,23
DEU,grizzl,23
DEU,pude,23
DEU,90,23
DEU,fruchtfl,23
DEU,moli,23
DEU,magnesiu,23
DEU,bernaise,23
DEU,joghurr,23
DEU,dattelsirup,23
DEU,alsa,23
DEU,lenon,23
DEU,backkako,23
DEU,hummer,23
DEU,schokolade zuckerfrei,23
DEU,coolies,23
DEU,white peach,23
DEU,ross,23
DEU,plast,23
DEU,zitronensorbet,23
DEU,Rohrreiniger,23
DEU,weinstein,23
DEU,Jam,23
DEU,putenfleisch,23
DEU,bepa,23
DEU,onion rings,23
DEU,face cream,23
DEU,era,23
DEU,tinte,23
DEU,colga,23
DEU,würf,23
DEU,nuesse,23
DEU,mozarrlla,23
DEU,Krä,23
DEU,water rewe,23
DEU,alzweck,23
DEU,sahb,23
DEU,dream,23
DEU,wafel,23
DEU,jalapeños,23
DEU,ja nudeln,23
DEU,meri,23
DEU,vollkornbro,23
DEU,schon,23
DEU,teeth,23
DEU,dadlar,23
DEU,flas,23
DEU,schwarze bohn,23
DEU,some,23
DEU,Lego,23
DEU,Küchenreiniger,23
DEU,löffelbiskuit,23
DEU,kinder schokolade,23
DEU,rexo,23
DEU,fruchttiger,23
DEU,protein ri,23
DEU,Tomatenso,23
DEU,like chi,23
DEU,whiske,23
DEU,zuckerfre,23
DEU,Heinz,23
DEU,bom,23
DEU,hydra,23
DEU,De,23
DEU,hoppenworth,23
DEU,kopfsa,23
DEU,gefügel,23
DEU,mikrowe,23
DEU,vitamal,23
DEU,fettucine,23
DEU,bio milk,23
DEU,bans,23
DEU,pukka,23
DEU,coca-,23
DEU,danklo,23
DEU,Nagel,23
DEU,süßungsmittel,23
DEU,esz,23
DEU,pasr,23
DEU,tomaze,23
DEU,creme freche,23
DEU,eis wur,23
DEU,Desperados,23
DEU,haarspra,23
DEU,why,23
DEU,Erasco,23
DEU,sauerra,23
DEU,Schwip,23
DEU,tilsit,23
DEU,löwensenf,23
DEU,aldi,23
DEU,Schokolade vegan,23
DEU,sauergur,23
DEU,kartoffel gratin,23
DEU,Gerolstein,23
DEU,zero getr,23
DEU,steinpilz,23
DEU,rettertüten,23
DEU,suppenh,23
DEU,refried beans,23
DEU,bröz,23
DEU,olivenoel,23
DEU,pflanzenöl,23
DEU,Taschent,23
DEU,Wild,23
DEU,fridchkäse,23
DEU,cucamber,23
DEU,Becher,23
DEU,nice,23
DEU,gisch,23
DEU,Hähnch,23
DEU,pizza veg,23
DEU,Wasser m,23
DEU,zu ker,23
DEU,oat bar,23
DEU,feuchtes to,23
DEU,niggets,23
DEU,panchetta,23
DEU,butter beans,23
DEU,skewer,23
DEU,cola eis,23
DEU,javanse,23
DEU,vise,23
DEU,laxhs,23
DEU,nussmi,23
DEU,minced chicken,23
DEU,papay,23
DEU,cheddae,23
DEU,Flüssigseife,23
DEU,toilet tissue,23
DEU,Black,23
DEU,powerade zero,23
DEU,rindsw,23
DEU,sojadr,23
DEU,camenber,23
DEU,pellegrini,23
DEU,chinak,23
DEU,bio ban,23
DEU,jor,23
DEU,rewe best,23
DEU,gefroh,23
DEU,Gemü,23
DEU,toillete,23
DEU,schokolde,23
DEU,Früh,23
DEU,blade,23
DEU,elkos,23
DEU,0.0,23
DEU,ginger a,23
DEU,rest,23
DEU,tortilla ch,23
DEU,kartoffelpuree,23
DEU,merme,23
DEU,Beef,23
DEU,nane,23
DEU,kalte,23
DEU,vegan b,23
DEU,Weichkäse,23
DEU,frozen be,23
DEU,san car,23
DEU,daikon,23
DEU,rostzw,23
DEU,paprika gewü,23
DEU,lchs,23
DEU,Pflanzen,23
DEU,likemeat,23
DEU,supre,23
DEU,paulana,23
DEU,arizo,23
DEU,oat mi,23
DEU,kräuterbague,23
DEU,Alufolie,23
DEU,Sriracha,23
DEU,hot honey,23
DEU,zeva,23
DEU,poc,23
DEU,butter gem,23
DEU,lile,23
DEU,dry fruit,23
DEU,iv,23
DEU,yp,23
DEU,budn,23
DEU,ja s,23
DEU,fibre,23
DEU,milk fresh,23
DEU,R1,23
DEU,zahnpadta,23
DEU,protein snack,23
DEU,kaufland,23
DEU,kraka,23
DEU,vanilin,23
DEU,musta,23
DEU,wischtücher,23
DEU,and,23
DEU,mandelmich,23
DEU,pita bread,23
DEU,scissors,23
DEU,Coconut,23
DEU,tk himbeeren,23
DEU,bresaol,23
DEU,ziehenkäse,23
DEU,creme frech,23
DEU,holan,23
DEU,voltaren,23
DEU,sout,23
DEU,chup,23
DEU,aktimel,23
DEU,wasss,23
DEU,goldsaft,23
DEU,knoblauchcreme,23
DEU,capsules,23
DEU,velt,23
DEU,probio,23
DEU,tuche,23
DEU,erfrischung,23
DEU,waffer,23
DEU,mexic,23
DEU,drachenzunge,23
DEU,frücht,23
DEU,erding,23
DEU,fruchtgu,23
DEU,maydonoz,23
DEU,fruschk,23
DEU,tav,23
DEU,poocorn,23
DEU,lukull,23
DEU,tomatensu,23
DEU,ciabata,23
DEU,kott,23
DEU,gläs,23
DEU,chicjen,23
DEU,Puddingpulver,23
DEU,kurbi,23
DEU,q ti,23
DEU,pizza m,23
DEU,haltbare sahne,23
DEU,orea,23
DEU,sauvig,23
DEU,frozen strawberry,23
DEU,aperitivo,23
DEU,keck,23
DEU,Fleisc,23
DEU,thommy,22
DEU,weizenmeh,22
DEU,hähnchens,22
DEU,guancial,22
DEU,Haferdrink,22
DEU,apfelchips,22
DEU,speisestär,22
DEU,Paprik,22
DEU,mexo,22
DEU,tio,22
DEU,rice basmati,22
DEU,fanta exo,22
DEU,kolrabi,22
DEU,wood,22
DEU,gurkem,22
DEU,kokoseis,22
DEU,powdered sugar,22
DEU,stiel,22
DEU,kinder pingu,22
DEU,Flips,22
DEU,blub,22
DEU,San pellegrino,22
DEU,kischer,22
DEU,lad,22
DEU,palmoli,22
DEU,weed,22
DEU,kalkreiniger,22
DEU,nudeln frisch,22
DEU,veganer joghurt,22
DEU,Hirten,22
DEU,light sauce,22
DEU,cleanser,22
DEU,landjä,22
DEU,hug,22
DEU,knorr salat,22
DEU,hefekl,22
DEU,hair oil,22
DEU,minis,22
DEU,pfirsich dose,22
DEU,cheet,22
DEU,maya,22
DEU,Tomaten passiert,22
DEU,cashw,22
DEU,aglio,22
DEU,tofu hack,22
DEU,pizza wagner,22
DEU,spüllmittel,22
DEU,cream c,22
DEU,guca,22
DEU,toulette,22
DEU,wattestäb,22
DEU,thai basilikum,22
DEU,loli,22
DEU,mosk,22
DEU,radiesc,22
DEU,milch lacto,22
DEU,pizzasoße,22
DEU,tabacco,22
DEU,ganze,22
DEU,lao,22
DEU,gorgonzol,22
DEU,lino,22
DEU,yohurt,22
DEU,Le,22
DEU,salat dress,22
DEU,pancet,22
DEU,kartoffem,22
DEU,compeed,22
DEU,beypaza,22
DEU,gefrorene erdbeeren,22
DEU,krokant,22
DEU,edem,22
DEU,petter,22
DEU,protein to,22
DEU,vien,22
DEU,rinderfo,22
DEU,rewe bes,22
DEU,schokolade weiß,22
DEU,humis,22
DEU,black p,22
DEU,jalepeno,22
DEU,pastırma,22
DEU,parmesean,22
DEU,vegan schinken,22
DEU,lactosef,22
DEU,schoko m,22
DEU,polen,22
DEU,chilli powder,22
DEU,legere,22
DEU,6x,22
DEU,süsskartof,22
DEU,parmigia,22
DEU,tilsitter,22
DEU,alpro hafer,22
DEU,org,22
DEU,reibeku,22
DEU,bratol,22
DEU,arabic,22
DEU,carl,22
DEU,kartoffel p,22
DEU,chamomile,22
DEU,frozen fish,22
DEU,stev,22
DEU,cerel,22
DEU,surig,22
DEU,pfannee,22
DEU,wurat,22
DEU,vegan cake,22
DEU,gg,22
DEU,vegan lachs,22
DEU,pepso,22
DEU,zukini,22
DEU,brussel,22
DEU,tegernsee,22
DEU,sandwichscheiben,22
DEU,Sauvignon,22
DEU,Einweg,22
DEU,butter k,22
DEU,zimtstange,22
DEU,red bill,22
DEU,riesl,22
DEU,suppennude,22
DEU,beauty,22
DEU,göttersp,22
DEU,dulce,22
DEU,siri,22
DEU,schkolade,22
DEU,seng,22
DEU,cheese ball,22
DEU,bio karotten,22
DEU,halb,22
DEU,coll,22
DEU,Malboro,22
DEU,alnatura vanille,22
DEU,tropfen,22
DEU,cheddat,22
DEU,schunken,22
DEU,geko,22
DEU,vanille protein,22
DEU,bolon,22
DEU,feder,22
DEU,jersey,22
DEU,sensitive,22
DEU,walnusskerne,22
DEU,paptika,22
DEU,Jim,22
DEU,pasta glutenfrei,22
DEU,tabletten,22
DEU,mohnkuchen,22
DEU,brötchen aufbacken,22
DEU,lachs sahne,22
DEU,bett,22
DEU,vanilla ex,22
DEU,Tabs,22
DEU,nelk,22
DEU,kanzi,22
DEU,cointr,22
DEU,babyspin,22
DEU,bio hafer,22
DEU,aprite,22
DEU,eiersp,22
DEU,alpro mandel,22
DEU,Vo,22
DEU,mast,22
DEU,fiach,22
DEU,shin ramen,22
DEU,seel,22
DEU,pfaffmann,22
DEU,sno,22
DEU,hash,22
DEU,cola ohne,22
DEU,bio pizza,22
DEU,toik,22
DEU,schokopudd,22
DEU,Schokoladen,22
DEU,bannane,22
DEU,bond,22
DEU,Fe,22
DEU,mote,22
DEU,toothpick,22
DEU,bergkase,22
DEU,Frischhaltefolie,22
DEU,lactase,22
DEU,wasser spritzig,22
DEU,Rei,22
DEU,grape juice,22
DEU,pizzabr,22
DEU,kön,22
DEU,schwarze b,22
DEU,mojit,22
DEU,wurd,22
DEU,churr,22
DEU,tamar,22
DEU,wiesenh,22
DEU,tsaziki,22
DEU,pumpe,22
DEU,primit,22
DEU,capri s,22
DEU,spühlung,22
DEU,champinions,22
DEU,pizza brötchen,22
DEU,rewe be,22
DEU,mandel mehl,22
DEU,lager,22
DEU,reis drink,22
DEU,hähnchenaufschnitt,22
DEU,Kraut,22
DEU,kuschelweich,22
DEU,shaving cream,22
DEU,protein rieg,22
DEU,gönnergy,22
DEU,supen,22
DEU,mikr,22
DEU,safte,22
DEU,caramel sirup,22
DEU,alnatura wein,22
DEU,gefrorene himbeeren,22
DEU,waaser,22
DEU,fettreduziert,22
DEU,rote g,22
DEU,Prote,22
DEU,Laugenstangen,22
DEU,kaffee gem,22
DEU,garnell,22
DEU,Knä,22
DEU,fleisch bio,22
DEU,stärk,22
DEU,komdome,22
DEU,rete,22
DEU,durchfall,22
DEU,Krabben,22
DEU,Gutfried,22
DEU,igl,22
DEU,gutfrie,22
DEU,Cap,22
DEU,zigs,22
DEU,maasd,22
DEU,fleischtomaten,22
DEU,vegane schnitzel,22
DEU,kaktus eis,22
DEU,Taco,22
DEU,tamarin,22
DEU,bounty eis,22
DEU,kaffees,22
DEU,rockst,22
DEU,brötchen tk,22
DEU,überraschungsei,22
DEU,bolvic,22
DEU,babypuder,22
DEU,terea russet,22
DEU,kimder,22
DEU,ja schokolade,22
DEU,erfri,22
DEU,ino,22
DEU,öachs,22
DEU,toaster,22
DEU,süßigke,22
DEU,cocktails,22
DEU,würze,22
DEU,eisr,22
DEU,mandarinen dose,22
DEU,rotwein trocken,22
DEU,eisko,22
DEU,glov,22
DEU,Suppennudeln,22
DEU,parmeggiano,22
DEU,jen,22
DEU,körnerkäse,22
DEU,salatdre,22
DEU,Pf,22
DEU,Preiselbeeren,22
DEU,cheesec,22
DEU,bay leaves,22
DEU,kraft,22
DEU,fas,22
DEU,schokolade bitter,22
DEU,nusskern,22
DEU,Hari,22
DEU,fines,22
DEU,rosinenbrot,22
DEU,himbeermarmelade,22
DEU,Götterspeise,22
DEU,pringled,22
DEU,stillwasser,22
DEU,kartf,22
DEU,your,22
DEU,joghrt,22
DEU,alg,22
DEU,eiswurf,22
DEU,espresso bohnen,22
DEU,guda,22
DEU,schafskäs,22
DEU,geschnetze,22
DEU,Brokk,22
DEU,fanta e,22
DEU,M&,22
DEU,vegane wu,22
DEU,kec,22
DEU,erkä,22
DEU,cini mini,22
DEU,cuja,22
DEU,Cola li,22
DEU,vegan steak,22
DEU,ben‘s,22
DEU,pomegra,22
DEU,wurst bio,22
DEU,chili crisp,22
DEU,milchgeister,22
DEU,rotwein essig,22
DEU,deodrant,22
DEU,JA,22
DEU,houda,22
DEU,donat,22
DEU,schwarz brot,22
DEU,sonnenfin,22
DEU,beu,22
DEU,milch klein,22
DEU,koriandee,22
DEU,bany,22
DEU,sq,22
DEU,Multivitamin,22
DEU,fleur,22
DEU,proteinmil,22
DEU,friach,22
DEU,a4,22
DEU,marsch,22
DEU,kirscher,22
DEU,Buko,22
DEU,Feuer,22
DEU,spies,22
DEU,spruh,22
DEU,schokodrink,22
DEU,soja jogurt,22
DEU,sauerr,22
DEU,kontaktlinse,22
DEU,gnoccis,22
DEU,tonato,22
DEU,knoppe,22
DEU,mozart,22
DEU,Garne,22
DEU,knoblauch bag,22
DEU,mame,22
DEU,avic,22
DEU,hähnchenwurst,22
DEU,wurstsa,22
DEU,pizza base,22
DEU,baqu,22
DEU,Basmatireis,22
DEU,wt,22
DEU,hafermiöch,22
DEU,macadam,22
DEU,Mas,22
DEU,Kassler,22
DEU,udon nudeln,22
DEU,shall,22
DEU,tpile,22
DEU,panner,22
DEU,küchenrole,22
DEU,Drachen,22
DEU,grünko,22
DEU,erdberre,22
DEU,agar agar,22
DEU,weiswe,22
DEU,pudfing,22
DEU,cocktail sauce,22
DEU,Lorenz,22
DEU,kartoffeln mehlig,22
DEU,ladeka,22
DEU,einwegrasierer,22
DEU,Weißkohl,22
DEU,burger pa,22
DEU,dishsoap,22
DEU,eiskugel,22
DEU,activis,22
DEU,Cake,22
DEU,frizz,22
DEU,genuss,22
DEU,bandnude,22
DEU,Apfelwein,22
DEU,polnisch,22
DEU,sekr,22
DEU,banab,22
DEU,Swiffer,22
DEU,mogli,22
DEU,Erdn,22
DEU,mini eis,22
DEU,fiscj,22
DEU,Paprika edelsüß,22
DEU,Chicken Wings,22
DEU,costa,22
DEU,mosko,22
DEU,bio hä,22
DEU,schinkenwürfe,22
DEU,rukol,22
DEU,Waschm,22
DEU,brun,22
DEU,marmal,22
DEU,Gemüsebr,22
DEU,peppermint,22
DEU,toilet papier,22
DEU,jogut,22
DEU,pico balla,22
DEU,nuddle,22
DEU,kirschsa,22
DEU,Mandelm,22
DEU,kne,22
DEU,tetea,22
DEU,gozeh,22
DEU,tod,22
DEU,effec,22
DEU,tanak,22
DEU,gesi,22
DEU,anti kalk,22
DEU,eis veg,22
DEU,haarfarb,22
DEU,rucul,22
DEU,fai,22
DEU,treet,22
DEU,ff,22
DEU,nufeln,22
DEU,mix salat,22
DEU,mettwu,22
DEU,bröchen,22
DEU,beinsch,22
DEU,kola zero,22
DEU,chari tea,22
DEU,salgam,22
DEU,elephan,22
DEU,landlieb,22
DEU,flake,22
DEU,bio eie,22
DEU,rott,22
DEU,gewürz gurke,22
DEU,Piz,22
DEU,Stilles Wasser,22
DEU,alnatura saft,22
DEU,coke ze,22
DEU,badeschaum,22
DEU,Badreiniger,22
DEU,pus,22
DEU,pink l,22
DEU,gemi,22
DEU,Bas,22
DEU,creame,22
DEU,Shrimps,22
DEU,Dr pe,22
DEU,fertige,22
DEU,nudeln alnatura,22
DEU,einmalhandschuhe,22
DEU,verde,22
DEU,elme,22
DEU,pilav,22
DEU,çiğ köfte,22
DEU,amice,22
DEU,ben j,22
DEU,coffee cap,22
DEU,led,22
DEU,bioland,22
DEU,lettice,22
DEU,Bohn,22
DEU,pommesgewürz,22
DEU,avocaf,22
DEU,raspberr,22
DEU,read,22
DEU,mevgal,22
DEU,clement,22
DEU,paradis,22
DEU,hähnchen gewürz,22
DEU,saft mango,22
DEU,H-Milch,22
DEU,berchtesgadener,22
DEU,bio s,22
DEU,domol,22
DEU,pinsel,22
DEU,trop,22
DEU,10,22
DEU,more chunky,22
DEU,chile,22
DEU,cola zero koffeinfrei,22
DEU,120l,22
DEU,kaym,22
DEU,kuhmilch,22
DEU,malboro rot,22
DEU,Prot,22
DEU,San Pellegrino,22
DEU,was hmittel,22
DEU,Wasser medi,22
DEU,wee,22
DEU,zartbit,22
DEU,notiz,22
DEU,fischsoße,22
DEU,Maiswaffeln,22
DEU,Tab,22
DEU,Tere,22
DEU,kaffeew,22
DEU,sojajogh,22
DEU,kirschto,22
DEU,rice cak,22
DEU,rolled oats,22
DEU,Hot,22
DEU,air freshener,22
DEU,psta,22
DEU,pizzakit,22
DEU,baby carrot,22
DEU,lilly,22
DEU,cola cola,22
DEU,kaffekapseln,22
DEU,celeb,22
DEU,proteinbr,22
DEU,bate,22
DEU,latte m,22
DEU,katr,22
DEU,wasser mediu,22
DEU,chips vegan,22
DEU,mymuesli,22
DEU,till,22
DEU,vitamins,22
DEU,paprika grün,22
DEU,pizza margherita,22
DEU,Rad,22
DEU,zeit für bro,22
DEU,tiefkühl früchte,22
DEU,himberren,22
DEU,hönchen,22
DEU,sz,22
DEU,Schokobrötchen,22
DEU,Duft,22
DEU,ble,22
DEU,Lavazza,22
DEU,frut,22
DEU,sob,22
DEU,mette,22
DEU,Cor,22
DEU,ax,22
DEU,pamesa,22
DEU,kartt,22
DEU,Speise,22
DEU,motchi,22
DEU,pfirisch,22
DEU,schmans,21
DEU,rwis,21
DEU,klebreis,21
DEU,budwei,21
DEU,1.5,21
DEU,romy,21
DEU,birkenzucker,21
DEU,ramy,21
DEU,risa,21
DEU,ben and je,21
DEU,bon bon,21
DEU,karottrn,21
DEU,kuxhen,21
DEU,Pril,21
DEU,grüne sauce,21
DEU,kürbissuppe,21
DEU,käse l,21
DEU,Frozen,21
DEU,ült,21
DEU,powerr,21
DEU,kräuterkäse,21
DEU,klarspül,21
DEU,breff,21
DEU,schoko brezeln,21
DEU,milch lactosefrei,21
DEU,draino,21
DEU,oy,21
DEU,knoblauxh,21
DEU,5 minute,21
DEU,spros,21
DEU,kaffeep,21
DEU,schwäm,21
DEU,handy,21
DEU,cocs,21
DEU,colorado,21
DEU,Ruc,21
DEU,vegane schoko,21
DEU,m &,21
DEU,edema,21
DEU,paorika,21
DEU,aaft,21
DEU,chich,21
DEU,root beer,21
DEU,drum,21
DEU,cheescake,21
DEU,schokobrezeln,21
DEU,koro protein,21
DEU,bratee,21
DEU,erdnussso,21
DEU,capuc,21
DEU,dishwasher tablet,21
DEU,reispapi,21
DEU,turkish coffee,21
DEU,Hühn,21
DEU,just spice,21
DEU,Sandw,21
DEU,nack,21
DEU,domes,21
DEU,Sandwich käse,21
DEU,eisteee,21
DEU,schul,21
DEU,fishermans,21
DEU,jägerm,21
DEU,türkish,21
DEU,bio frischkäse,21
DEU,Sauce Hollandaise,21
DEU,milch br,21
DEU,sundried tomato,21
DEU,chicken liver,21
DEU,spelt,21
DEU,hüft,21
DEU,vis,21
DEU,reinigun,21
DEU,sodastrea,21
DEU,wasxhmittel,21
DEU,fruchte,21
DEU,Mandelmus,21
DEU,baby milch,21
DEU,arizon,21
DEU,banenen,21
DEU,haarbürste,21
DEU,jogurr,21
DEU,kücheneolle,21
DEU,Semmelbrösel,21
DEU,Fruchtzwerge,21
DEU,pli,21
DEU,hollonda,21
DEU,rinder fond,21
DEU,fluts,21
DEU,blackberries,21
DEU,sanft,21
DEU,Kirschtomaten,21
DEU,moisturizer,21
DEU,fischsa,21
DEU,Salmon,21
DEU,albeni,21
DEU,Hallo,21
DEU,roque,21
DEU,effekt,21
DEU,bio zi,21
DEU,san l,21
DEU,peli,21
DEU,orangins,21
DEU,35,21
DEU,käse block,21
DEU,Mojito,21
DEU,madelmilch,21
DEU,vegan auf,21
DEU,kaet,21
DEU,popcorm,21
DEU,elvi,21
DEU,weisser,21
DEU,trocken shampoo,21
DEU,Benjamin,21
DEU,soja sosse,21
DEU,ziro,21
DEU,ufon,21
DEU,miso paste,21
DEU,karoffel,21
DEU,ther,21
DEU,riffe,21
DEU,arrabia,21
DEU,ringli,21
DEU,geschenkp,21
DEU,sienn,21
DEU,Augu,21
DEU,dosenobst,21
DEU,baby sp,21
DEU,Dinke,21
DEU,herpes,21
DEU,wrao,21
DEU,chicken patty,21
DEU,likö,21
DEU,dumplin,21
DEU,sauvignon blanc,21
DEU,schaumküsse,21
DEU,erdnusmus,21
DEU,pizza tei,21
DEU,packband,21
DEU,schoko brezel,21
DEU,nudeön,21
DEU,taschentüche,21
DEU,käse am stück,21
DEU,sandwiches,21
DEU,ezme,21
DEU,vö,21
DEU,pik,21
DEU,hot chocolate,21
DEU,leerdam,21
DEU,gille,21
DEU,cayenn,21
DEU,wasserwis,21
DEU,schokost,21
DEU,milchmisch,21
DEU,mandel mil,21
DEU,fili,21
DEU,rice pudding,21
DEU,Brioche,21
DEU,jin,21
DEU,abnehmen,21
DEU,fruit juice,21
DEU,brae,21
DEU,käse fettarm,21
DEU,lions,21
DEU,kuchrn,21
DEU,sin,21
DEU,erdnussf,21
DEU,REWE,21
DEU,wär,21
DEU,oblaten,21
DEU,rasiersch,21
DEU,arabische brot,21
DEU,hähnchem,21
DEU,Backfisch,21
DEU,eingel,21
DEU,zip lock,21
DEU,aru,21
DEU,guke,21
DEU,wc rein,21
DEU,rak,21
DEU,yogirt,21
DEU,johhu,21
DEU,Rahmspinat,21
DEU,peelerz,21
DEU,gorbat,21
DEU,Reibekuchen,21
DEU,Capri sonne,21
DEU,rinderbrüh,21
DEU,tome,21
DEU,brühw,21
DEU,bunda,21
DEU,tum,21
DEU,oneblade,21
DEU,football,21
DEU,coffee milk,21
DEU,proe,21
DEU,Trinken,21
DEU,frap,21
DEU,Barista,21
DEU,huevos,21
DEU,klopapiet,21
DEU,spetzle,21
DEU,raspe,21
DEU,lacs,21
DEU,reiseaffel,21
DEU,nougatbits,21
DEU,alpro yogurt,21
DEU,nibs,21
DEU,perf,21
DEU,chimi,21
DEU,drogerie,21
DEU,katen,21
DEU,eis m,21
DEU,bugg,21
DEU,just spi,21
DEU,eintop,21
DEU,tapa,21
DEU,lasagne platten,21
DEU,kuchem,21
DEU,fler,21
DEU,wein trocken,21
DEU,klosteig,21
DEU,Salatsoße,21
DEU,kabelj,21
DEU,balloon,21
DEU,"Milch 1,",21
DEU,protein jo,21
DEU,Makrele,21
DEU,ye,21
DEU,walnusse,21
DEU,adelho,21
DEU,käsesau,21
DEU,lactosefreie milch,21
DEU,pesto rot,21
DEU,schwammtuch,21
DEU,Wholey,21
DEU,cough,21
DEU,apfek,21
DEU,kuchen papier,21
DEU,hollondais,21
DEU,erbeere,21
DEU,yoghurt greek,21
DEU,Sonnenblumen öl,21
DEU,ben und jerrys,21
DEU,Peanut,21
DEU,gruye,21
DEU,scamorza,21
DEU,Zwiebe,21
DEU,Sprit,21
DEU,haferbrot,21
DEU,bebiv,21
DEU,nuden,21
DEU,haferflocken glutenfrei,21
DEU,nudeln protein,21
DEU,Traube,21
DEU,goju,21
DEU,Rot,21
DEU,motzarella,21
DEU,dchokolade,21
DEU,kreat,21
DEU,Hu,21
DEU,kokoschips,21
DEU,dres,21
DEU,Lyoner,21
DEU,toastkä,21
DEU,Karott,21
DEU,falaffel,21
DEU,domino,21
DEU,Bärenmarke,21
DEU,keke,21
DEU,mischbrot,21
DEU,destilliert,21
DEU,cevapc,21
DEU,micr,21
DEU,rewe classic,21
DEU,kio,21
DEU,kumin,21
DEU,ror,21
DEU,Trinkmahlzeit,21
DEU,Schorle,21
DEU,süsssauer,21
DEU,bauernbrot,21
DEU,kucken,21
DEU,kristall,21
DEU,marlboto,21
DEU,Star,21
DEU,bode,21
DEU,romano,21
DEU,dufts,21
DEU,spha,21
DEU,hefef,21
DEU,rassier,21
DEU,thermometer,21
DEU,milx,21
DEU,dic,21
DEU,kinchi,21
DEU,karpuz,21
DEU,chiaba,21
DEU,indomi,21
DEU,fanza,21
DEU,essigr,21
DEU,krauterbutter,21
DEU,pflanzencreme,21
DEU,Rohr,21
DEU,brathering,21
DEU,backing,21
DEU,trüffel chips,21
DEU,sac,21
DEU,cheese pop,21
DEU,dr.oetker,21
DEU,gazpa,21
DEU,greek yogu,21
DEU,hh,21
DEU,milk lactose free,21
DEU,lactose free yogurt,21
DEU,hit dog,21
DEU,juice mango,21
DEU,karottwn,21
DEU,Lime,21
DEU,paprica,21
DEU,kleie,21
DEU,kochcr,21
DEU,rier,21
DEU,ans,21
DEU,moa,21
DEU,Knäcke,21
DEU,löwenzahn,21
DEU,deutsch,21
DEU,Elf,21
DEU,Passierte Tomaten,21
DEU,augustin,21
DEU,luchen,21
DEU,toast k,21
DEU,mashed,21
DEU,mini mozz,21
DEU,cola ligh,21
DEU,Eiswürfe,21
DEU,creme fin,21
DEU,italienis,21
DEU,mlch,21
DEU,beeren tiefkühl,21
DEU,prociu,21
DEU,tascheb,21
DEU,katzensand,21
DEU,Av,21
DEU,wnergy,21
DEU,burrsta,21
DEU,knoblauchöl,21
DEU,hausha,21
DEU,proz,21
DEU,zwievel,21
DEU,antik,21
DEU,forest,21
DEU,avocadp,21
DEU,aspara,21
DEU,bismarck,21
DEU,cold cut,21
DEU,schinkem,21
DEU,kartoffel pü,21
DEU,toffe,21
DEU,Ana,21
DEU,ice kaffee,21
DEU,Ol,21
DEU,würfe,21
DEU,vantastic,21
DEU,fruchtjo,21
DEU,bumbum,21
DEU,Kichererbsenmehl,21
DEU,stremell,21
DEU,sale,21
DEU,toalet,21
DEU,Fro,21
DEU,Surimi,21
DEU,weißwu,21
DEU,manche,21
DEU,cav,21
DEU,kaffeekonzentrat,21
DEU,knou,21
DEU,sparblatt,21
DEU,Tun,21
DEU,shav,21
DEU,caulif,21
DEU,beut,21
DEU,elfbat,21
DEU,mergue,21
DEU,marc,21
DEU,mundm,21
DEU,würtschen,21
DEU,putenschnitzel,21
DEU,hafet,21
DEU,apfelstr,21
DEU,joghurt rewe,21
DEU,Gri,21
DEU,pumpern,21
DEU,baby wipe,21
DEU,konfetti,21
DEU,whole chicken,21
DEU,Lappen,21
DEU,hot dog brot,21
DEU,buffel,21
DEU,linsen waffeln,21
DEU,kaiserge,21
DEU,pem,21
DEU,mk,21
DEU,sahnehering,21
DEU,healthy snacks,21
DEU,TK gemüse,21
DEU,erdnussbut,21
DEU,einweghand,21
DEU,hog,21
DEU,bulb,21
DEU,elma,21
DEU,juices,21
DEU,lar,21
DEU,San pelle,21
DEU,post,21
DEU,hähnchengewürz,21
DEU,bulgogi,21
DEU,majonai,21
DEU,trockenfleisch,21
DEU,Kohlensäure,21
DEU,frosti,21
DEU,market,21
DEU,ben jerries,21
DEU,salami ja,21
DEU,kes,21
DEU,twist,21
DEU,grüne boh,21
DEU,milka tender,21
DEU,feuchtes toile,21
DEU,alcho,21
DEU,hiney,21
DEU,drac,21
DEU,guzeh,21
DEU,marti,21
DEU,geschirrtabs,21
DEU,apfel birne,21
DEU,Happy,21
DEU,slaz,21
DEU,rasur,21
DEU,tat,21
DEU,nutells,21
DEU,proteinm,21
DEU,Di,21
DEU,tomaten ma,21
DEU,crutons,21
DEU,soja milk,21
DEU,braune soße,21
DEU,toilettem,21
DEU,Ne,21
DEU,light köse,21
DEU,granatapfelsaft,21
DEU,rotbäck,21
DEU,kecks,21
DEU,nec,21
DEU,Blau,21
DEU,sne,21
DEU,qwark,21
DEU,bn,21
DEU,rye,21
DEU,erdbeersaft,21
DEU,Bärchen,21
DEU,gruechi,21
DEU,gun,21
DEU,weisswu,21
DEU,Zucc,21
DEU,chc,21
DEU,wasser ohne,21
DEU,60,21
DEU,sonnenblumenkern,21
DEU,volic,21
DEU,frai,21
DEU,Kaffee kalt,21
DEU,aufbackbrötc,21
DEU,mah,21
DEU,hygienes,21
DEU,seita,21
DEU,Café,21
DEU,leberkase,21
DEU,lacjs,21
DEU,jughurt,21
DEU,wunderbar,21
DEU,silikon,21
DEU,Wi,21
DEU,Cookie dough,21
DEU,patlıcan,21
DEU,fadennudeln,21
DEU,mozzarella mini,21
DEU,berch,21
DEU,erdbeereis,21
DEU,bei,21
DEU,roth,21
DEU,nan,21
DEU,zeie,21
DEU,reis waffel,21
DEU,bami goreng,21
DEU,body scrub,21
DEU,kauf,21
DEU,ruccula,21
DEU,cheesestrings,21
DEU,scheible,21
DEU,kont,21
DEU,protien wrap,21
DEU,frying oil,21
DEU,mere,21
DEU,badewanne,21
DEU,protein chip,21
DEU,goo,21
DEU,brusch,21
DEU,parac,21
DEU,abend,21
DEU,rosenbr,21
DEU,mayba,21
DEU,maci,21
DEU,schoko brötchen,21
DEU,bügel,21
DEU,Frühlingszw,21
DEU,eco ver,21
DEU,WC reiniger,21
DEU,shal,21
DEU,hünch,21
DEU,einweghandschuhe,21
DEU,Eisbecher,21
DEU,canta,21
DEU,taschentücher box,21
DEU,qark,21
DEU,fleiscg,21
DEU,san pellegrin,21
DEU,90%,21
DEU,nata,21
DEU,sock,21
DEU,zuckini,21
DEU,mör,21
DEU,zitronw,21
DEU,stroop,21
DEU,mullt,21
DEU,schwangersch,21
DEU,Billie green,21
DEU,acoc,21
DEU,pizzabrö,21
DEU,milchalternative,21
DEU,mozarella st,21
DEU,light kä,21
DEU,Piza,21
DEU,zerp,21
DEU,soi,21
DEU,cigaret,21
DEU,thinf,21
DEU,chantre,21
DEU,scallions,21
DEU,pfand,21
DEU,h Milch,21
DEU,clorix,21
DEU,wasser volvic,21
DEU,Aoste,21
DEU,essig gurke,21
DEU,ferrer,21
DEU,ketchup light,21
DEU,energydrink,21
DEU,Tief,21
DEU,sweet potatoe,21
DEU,schokomil,21
DEU,golß,21
DEU,scheiblett,21
DEU,wasser sprude,21
DEU,karote,21
DEU,roku,21
DEU,mastur,21
DEU,frischkse,21
DEU,tuck,21
DEU,avovado,21
DEU,chias,21
DEU,grisini,21
DEU,essog,21
DEU,chiv,21
DEU,hänchrn,21
DEU,voda,21
DEU,pürre,21
DEU,rund,21
DEU,majone,21
DEU,apa,21
DEU,gesich,20
DEU,sourcrem,20
DEU,wraps protein,20
DEU,espresso martini,20
DEU,moster,20
DEU,exo,20
DEU,nut mix,20
DEU,ajona,20
DEU,okto,20
DEU,note,20
DEU,sirke,20
DEU,dran,20
DEU,cd,20
DEU,griechischer yoghurt,20
DEU,nagelfeile,20
DEU,tomato s,20
DEU,getreide,20
DEU,Fan,20
DEU,erkältungs,20
DEU,thigh,20
DEU,dinkelbr,20
DEU,Kek,20
DEU,Ham,20
DEU,camo,20
DEU,mandelb,20
DEU,budw,20
DEU,cappuchino,20
DEU,korp,20
DEU,pai,20
DEU,just sp,20
DEU,chocolate syrup,20
DEU,tes,20
DEU,Fleis,20
DEU,sesame seed,20
DEU,kaktuseis,20
DEU,griesb,20
DEU,elm,20
DEU,poeblo,20
DEU,dusch gel,20
DEU,Ku,20
DEU,eierlik,20
DEU,alloholfrei,20
DEU,good,20
DEU,hänsc,20
DEU,alli,20
DEU,lean,20
DEU,granulat,20
DEU,mozerell,20
DEU,harry toast,20
DEU,kondense,20
DEU,gie,20
DEU,sit,20
DEU,misir,20
DEU,tpil,20
DEU,gezuckerte kondensmilch,20
DEU,zwiebel duo,20
DEU,coock,20
DEU,knollen,20
DEU,hüftsteak,20
DEU,cheerios,20
DEU,bratö,20
DEU,becks ice,20
DEU,käsekuc,20
DEU,cola hero,20
DEU,Baba,20
DEU,Parmesa,20
DEU,taco gewürz,20
DEU,amorel,20
DEU,vegan yoghurt,20
DEU,schinkenspi,20
DEU,flammkucheb,20
DEU,Yog,20
DEU,wolt ma,20
DEU,knoblauchpul,20
DEU,katotten,20
DEU,Dove,20
DEU,soyamilch,20
DEU,sauce hollandaise,20
DEU,radier,20
DEU,erfrisch,20
DEU,suppenhu,20
DEU,bonnen,20
DEU,sprudelwas,20
DEU,spic,20
DEU,aiolo,20
DEU,pastasoße,20
DEU,Vega,20
DEU,Joghurt 10,20
DEU,limonade zero,20
DEU,hafer cookie,20
DEU,slipeinla,20
DEU,sojaflocken,20
DEU,busch,20
DEU,salzgur,20
DEU,Zwiebelpulver,20
DEU,tama,20
DEU,kichererbsenmehl,20
DEU,zero marmelade,20
DEU,Raumspray,20
DEU,fassbra,20
DEU,milup,20
DEU,alpro ko,20
DEU,sourcrea,20
DEU,salatkrö,20
DEU,butchers,20
DEU,brp,20
DEU,kakaopu,20
DEU,angeb,20
DEU,gummibärchen vegan,20
DEU,bio zitr,20
DEU,Vollkornnudeln,20
DEU,Fi,20
DEU,Knoppers,20
DEU,himalaya,20
DEU,xhips,20
DEU,lachsfil,20
DEU,svocado,20
DEU,tomaz,20
DEU,heiß,20
DEU,burgerso,20
DEU,grillo,20
DEU,allzweckt,20
DEU,shocko,20
DEU,Schi,20
DEU,soja mi,20
DEU,veganes fleisch,20
DEU,Birnen,20
DEU,power ade,20
DEU,dchoko,20
DEU,san bitter,20
DEU,käse stick,20
DEU,geriebener kä,20
DEU,kokonu,20
DEU,schweineb,20
DEU,pip,20
DEU,ragout,20
DEU,sut,20
DEU,kuchenrol,20
DEU,gluten free beer,20
DEU,hariss,20
DEU,cerry,20
DEU,kambu,20
DEU,tomatenst,20
DEU,salbei tee,20
DEU,lorbe,20
DEU,bece,20
DEU,yağ,20
DEU,mandelmeh,20
DEU,mango frozen,20
DEU,seeber,20
DEU,icing sugar,20
DEU,lambru,20
DEU,zittone,20
DEU,alnatuta,20
DEU,milchalter,20
DEU,play,20
DEU,magie,20
DEU,flaxseed,20
DEU,Weihenstephan,20
DEU,katyes,20
DEU,jus,20
DEU,dattel curry,20
DEU,tortencreme,20
DEU,ziw,20
DEU,rügenwaldee,20
DEU,pink la,20
DEU,irmik,20
DEU,steak sauce,20
DEU,croa,20
DEU,italienische Kräuter,20
DEU,curry powder,20
DEU,knobö,20
DEU,räucherla,20
DEU,Hartweizengrieß,20
DEU,roller,20
DEU,gemüsesa,20
DEU,rakı,20
DEU,galia,20
DEU,broom,20
DEU,toilen,20
DEU,fillet,20
DEU,leicht und cross,20
DEU,kombuc,20
DEU,kinderrie,20
DEU,Gutke,20
DEU,john player,20
DEU,spreew,20
DEU,bör,20
DEU,Kellogg's,20
DEU,kakaop,20
DEU,zal,20
DEU,more riegel,20
DEU,bruscetta,20
DEU,ebly,20
DEU,peit,20
DEU,schokolade 80,20
DEU,protein tort,20
DEU,chixken,20
DEU,dried tomato,20
DEU,bleistift,20
DEU,kaj,20
DEU,ziegeb,20
DEU,hähnchen aufschnitt,20
DEU,nudeln penne,20
DEU,cucm,20
DEU,Gauda,20
DEU,trüffelchips,20
DEU,fior di latte,20
DEU,flying goose,20
DEU,hollandai,20
DEU,barbel,20
DEU,esig,20
DEU,Geschirrspül,20
DEU,pouch,20
DEU,puddingpul,20
DEU,dc,20
DEU,kurb,20
DEU,pm,20
DEU,more n,20
DEU,zitronenk,20
DEU,avacad,20
DEU,cremw,20
DEU,bete,20
DEU,reis papier,20
DEU,gruechischer,20
DEU,süsser,20
DEU,harry potter,20
DEU,möre,20
DEU,Spreequell,20
DEU,gazos,20
DEU,bz,20
DEU,alkol,20
DEU,tavern,20
DEU,barilla nudeln,20
DEU,schokotrop,20
DEU,yor,20
DEU,durstlös,20
DEU,tuna ja,20
DEU,schokolade lindt,20
DEU,maggi 5,20
DEU,deoroller,20
DEU,burher,20
DEU,Spüli,20
DEU,amarett,20
DEU,lap,20
DEU,käsesticks,20
DEU,zugar,20
DEU,bulett,20
DEU,Ingwer shot,20
DEU,kidney bean,20
DEU,reis beutel,20
DEU,san peli,20
DEU,Proteine,20
DEU,Kaff,20
DEU,allo,20
DEU,Mai,20
DEU,yogurt protein,20
DEU,san mar,20
DEU,Köln,20
DEU,Linse,20
DEU,bruh,20
DEU,tree,20
DEU,canelo,20
DEU,suppengemü,20
DEU,kräuter der,20
DEU,paw patrol,20
DEU,Glasnudeln,20
DEU,popcorn sal,20
DEU,aö,20
DEU,bihun,20
DEU,power rade,20
DEU,Fleischsa,20
DEU,Hähnc,20
DEU,fresh cheese,20
DEU,burgerbröt,20
DEU,jugh,20
DEU,indo,20
DEU,lucky str,20
DEU,erdnusssauce,20
DEU,akazien,20
DEU,Selter,20
DEU,wad,20
DEU,jugu,20
DEU,makk,20
DEU,gewürzketchup,20
DEU,tafel schokolade,20
DEU,palak,20
DEU,feichttücher,20
DEU,hänsch,20
DEU,rukula,20
DEU,Mikrowelle,20
DEU,ohrs,20
DEU,knuspe,20
DEU,snack it,20
DEU,Him,20
DEU,Energ,20
DEU,trinkmah,20
DEU,gestückelte tomaten,20
DEU,spüle,20
DEU,mass,20
DEU,flaschenöffner,20
DEU,gyosa,20
DEU,fü,20
DEU,eis cube,20
DEU,slipeinl,20
DEU,bio bag,20
DEU,alfredo,20
DEU,tomaten mutti,20
DEU,beg,20
DEU,sub,20
DEU,mond,20
DEU,"bier 0,0",20
DEU,Cremant,20
DEU,chery,20
DEU,tit,20
DEU,chickeb,20
DEU,apfelschi,20
DEU,sack,20
DEU,cofe,20
DEU,Turkish,20
DEU,vollkornto,20
DEU,oliven grün,20
DEU,trinkjo,20
DEU,backmischubg,20
DEU,Ziege,20
DEU,shir,20
DEU,knecke,20
DEU,marmo,20
DEU,bärenma,20
DEU,waschmittel color,20
DEU,weisse sch,20
DEU,camel blue,20
DEU,katto,20
DEU,desse,20
DEU,eis cafe,20
DEU,ready meal,20
DEU,raz,20
DEU,haferbrei,20
DEU,einweggrill,20
DEU,rok,20
DEU,gutle,20
DEU,behälter,20
DEU,mozr,20
DEU,cornfle,20
DEU,volvic eistee,20
DEU,milchpul,20
DEU,kneip,20
DEU,zimtsc,20
DEU,meyve,20
DEU,bob,20
DEU,wein weiss,20
DEU,pepper powder,20
DEU,james,20
DEU,veggie wurst,20
DEU,dark chocol,20
DEU,stor,20
DEU,spg,20
DEU,bayre,20
DEU,multisaft,20
DEU,petr,20
DEU,schnu,20
DEU,chefda,20
DEU,trai,20
DEU,hopp,20
DEU,çöp poşeti,20
DEU,Bürger,20
DEU,latte ma,20
DEU,weiße sc,20
DEU,oatky,20
DEU,wet toilet,20
DEU,bitters,20
DEU,sandwit,20
DEU,the,20
DEU,whipping,20
DEU,schweppes zero,20
DEU,streukäsr,20
DEU,world cup,20
DEU,kels,20
DEU,May,20
DEU,pelegr,20
DEU,kalorienarm,20
DEU,tast,20
DEU,linen,20
DEU,param,20
DEU,alpro so,20
DEU,gefrierbeu,20
DEU,scampis,20
DEU,ice tray,20
DEU,bacom,20
DEU,coöa zero,20
DEU,schokoauf,20
DEU,scholle,20
DEU,frühlingsqu,20
DEU,pakch,20
DEU,kaffee konzentrat,20
DEU,ergüll,20
DEU,geburtst,20
DEU,reis milch,20
DEU,frosch wasch,20
DEU,vanilla sugar,20
DEU,soya sau,20
DEU,italienische k,20
DEU,bötchen,20
DEU,bayl,20
DEU,croisant,20
DEU,Wür,20
DEU,frischse,20
DEU,baug,20
DEU,chardon,20
DEU,staubsau,20
DEU,milch schnitte,20
DEU,käse sticks,20
DEU,baking pow,20
DEU,schp,20
DEU,zero getränk,20
DEU,glen,20
DEU,mück,20
DEU,burger soße,20
DEU,korn an korn,20
DEU,vegan kuchen,20
DEU,ice-cream,20
DEU,Wasser med,20
DEU,rosinenbr,20
DEU,doppelk,20
DEU,mary,20
DEU,brrad,20
DEU,grillkase,20
DEU,müslo,20
DEU,baked be,20
DEU,matt,20
DEU,salamu,20
DEU,reqe,20
DEU,hochlan,20
DEU,arla buko,20
DEU,pprika,20
DEU,Spe,20
DEU,Gou,20
DEU,Mon,20
DEU,chips alnatura,20
DEU,vitakraft,20
DEU,vanillesau,20
DEU,ships,20
DEU,cookie bro,20
DEU,schnitte,20
DEU,hai,20
DEU,hähnchenfleisch,20
DEU,kluth,20
DEU,anas,20
DEU,Pinguin,20
DEU,heidi,20
DEU,Hella,20
DEU,bundaberg,20
DEU,rinder hackfleisch,20
DEU,chicken legs,20
DEU,hitze,20
DEU,hello,20
DEU,soja granulat,20
DEU,greis,20
DEU,gazp,20
DEU,honig melone,20
DEU,salzige butter,20
DEU,soja quark,20
DEU,hackb,20
DEU,deo roller,20
DEU,camamber,20
DEU,kamb,20
DEU,scotch,20
DEU,gherkin,20
DEU,knoblauch gewürz,20
DEU,buttr,20
DEU,Mu,20
DEU,pak c,20
DEU,graved lachs,20
DEU,oizza,20
DEU,tetesept,20
DEU,jack daniel,20
DEU,baterie,20
DEU,knochenbrühe,20
DEU,dish washing,20
DEU,cremont,20
DEU,hil,20
DEU,scharfsk,20
DEU,mozarella sti,20
DEU,prtein,20
DEU,tupp,20
DEU,feo,20
DEU,feta dip,20
DEU,gerä,20
DEU,früchtetee,20
DEU,rahmsosse,20
DEU,bio mango,20
DEU,weichspüle,20
DEU,throat,20
DEU,mischgem,20
DEU,clove,20
DEU,light ma,20
DEU,garlic po,20
DEU,dominos,20
DEU,bierschi,20
DEU,Capri Sonne,20
DEU,sourd,20
DEU,finis,20
DEU,alpro cooking,20
DEU,meßmer,20
DEU,erkältungsbad,20
DEU,zaatar,20
DEU,avod,20
DEU,pommes gew,20
DEU,konder,20
DEU,Mandarine,20
DEU,hr,20
DEU,badil,20
DEU,waldm,20
DEU,airup,20
DEU,brotaufstr,20
DEU,blubb,20
DEU,bernard,20
DEU,caca,20
DEU,sussk,20
DEU,trockenfrüchte,20
DEU,vanillr,20
DEU,getrocknete mango,20
DEU,henchen,20
DEU,koreanisch,20
DEU,pecco,20
DEU,erfrischungsstäbchen,20
DEU,plattpf,20
DEU,ultra,20
DEU,spinaz,20
DEU,sauce h,20
DEU,Chicken wings,20
DEU,rewe fein,20
DEU,mini moza,20
DEU,Messer,20
DEU,calyp,20
DEU,schmi,20
DEU,haarg,20
DEU,eff,20
DEU,ringe,20
DEU,Räucher,20
DEU,kinderri,20
DEU,hindi,20
DEU,friscj,20
DEU,zitronen limo,20
DEU,weinsch,20
DEU,aufbacken,20
DEU,bah,20
DEU,vollkornbrötchen,20
DEU,vegetarisches hack,20
DEU,gemüsebe,20
DEU,ofenkäs,20
DEU,hellm,20
DEU,sykr,20
DEU,kaerg,20
DEU,la mancha,20
DEU,chicken soup,20
DEU,steel,20
DEU,bananenchips,20
DEU,psyllium,20
DEU,hdmi,20
DEU,pfeffermi,20
DEU,Milch 1,20
DEU,wurst gef,20
DEU,tpiletten,20
DEU,Arizona,20
DEU,eiskafe,20
DEU,old amster,20
DEU,kaffee gema,20
DEU,m and m,20
DEU,miracol,20
DEU,mälzer und fu,20
DEU,hennessy,20
DEU,granola bar,20
DEU,orangem,20
DEU,baguettes,20
DEU,vollmilch schoko,20
DEU,skinny,20
DEU,mac n,20
DEU,ip,20
DEU,römersalat,20
DEU,ofenkart,20
DEU,rettertütr,20
DEU,mexika,20
DEU,mascapo,20
DEU,Salami stick,20
DEU,cherry coke,20
DEU,kitchen rolls,20
DEU,matscha,20
DEU,Porree,20
DEU,spülta,20
DEU,sps,20
DEU,döne,20
DEU,shok,20
DEU,gehackte to,20
DEU,weihenst,20
DEU,Spin,20
DEU,hefter,20
DEU,sani,20
DEU,chps,20
DEU,schinkenwu,20
DEU,käse sch,20
DEU,büffe,20
DEU,alkolfrei,20
DEU,veganes schnitzel,20
DEU,linsensu,20
DEU,makrelen,20
DEU,cope,20
DEU,Potato,20
DEU,Schweine,20
DEU,doppelkek,20
DEU,tomaten p,20
DEU,Mix,20
DEU,drei freunde,20
DEU,still wa,20
DEU,comt,20
DEU,black label,20
DEU,grill fleisch,20
DEU,flens,20
DEU,vegan speck,19
DEU,lays max,19
DEU,baby snacks,19
DEU,mozerlla,19
DEU,obatzda,19
DEU,Mr,19
DEU,schabl,19
DEU,rewe chocolate,19
DEU,mochi eis,19
DEU,biers,19
DEU,kuchenpap,19
DEU,griespudding,19
DEU,toscana,19
DEU,strumpf,19
DEU,zum dorf,19
DEU,kräuter ba,19
DEU,rice milk,19
DEU,uncle be,19
DEU,kaffee kaps,19
DEU,böumen,19
DEU,bifo,19
DEU,getränkesirup,19
DEU,mozarella mini,19
DEU,Bowl,19
DEU,ceran,19
DEU,amos,19
DEU,Gatorade,19
DEU,mini magnum,19
DEU,klopp,19
DEU,rewe water,19
DEU,aperi,19
DEU,vegan pesto,19
DEU,Tortenboden,19
DEU,yalya,19
DEU,marge,19
DEU,bier hell,19
DEU,water sparkling,19
DEU,hartwei,19
DEU,vanilli,19
DEU,hibiscus,19
DEU,boulet,19
DEU,xo,19
DEU,xy,19
DEU,yogurt drink,19
DEU,sausag,19
DEU,Wur,19
DEU,curry wurst,19
DEU,miri,19
DEU,beühe,19
DEU,putenbrus,19
DEU,oktopus,19
DEU,vegan gummi,19
DEU,bagett,19
DEU,küchenrollr,19
DEU,mayb,19
DEU,toilettenstein,19
DEU,Rosen,19
DEU,Aufsch,19
DEU,balsamico essig,19
DEU,Erdbe,19
DEU,"milch 0,",19
DEU,caffeine,19
DEU,hafer m,19
DEU,gemahl,19
DEU,spritzbeutel,19
DEU,salami veg,19
DEU,ja h,19
DEU,karamell sirup,19
DEU,Tomatensuppe,19
DEU,sauersahne,19
DEU,abocad,19
DEU,suprem,19
DEU,quark 40,19
DEU,kinder c,19
DEU,eass,19
DEU,zuckerfr,19
DEU,fruchtaufstrich,19
DEU,oatmil,19
DEU,prociutto,19
DEU,vanilla syrup,19
DEU,salat mayo,19
DEU,Hotdog,19
DEU,mozrella,19
DEU,şeker,19
DEU,schiko,19
DEU,pfanner eistee,19
DEU,cornflour,19
DEU,kaffee lös,19
DEU,bio a,19
DEU,maccar,19
DEU,fich,19
DEU,chips linsen,19
DEU,coconuss,19
DEU,scharfe so,19
DEU,Saure gurken,19
DEU,erben,19
DEU,Schm,19
DEU,frishkä,19
DEU,bistro baguette,19
DEU,beleg,19
DEU,mandelsplitter,19
DEU,salatherz,19
DEU,krt,19
DEU,acet,19
DEU,brtchen,19
DEU,gefüllte paprika,19
DEU,spicy sauce,19
DEU,möv,19
DEU,Alp,19
DEU,gorgonzo,19
DEU,spinaci,19
DEU,wilt,19
DEU,haferkl,19
DEU,cantuccini,19
DEU,süßkartoffe,19
DEU,EIS,19
DEU,tunn,19
DEU,joghurt 0,19
DEU,Fa Cream & Oil Kakaobutter & Kokosöl Duschcreme,19
DEU,filter kaffee,19
DEU,mali,19
DEU,reinigungsmittel,19
DEU,krainer,19
DEU,rotebe,19
DEU,perini,19
DEU,sab,19
DEU,Schw,19
DEU,budak,19
DEU,san peleg,19
DEU,toolet,19
DEU,tomaten suppe,19
DEU,kokos jo,19
DEU,ox,19
DEU,semmelb,19
DEU,bach,19
DEU,chl,19
DEU,Eiswür,19
DEU,plattp,19
DEU,lun,19
DEU,alpro jogh,19
DEU,würsten,19
DEU,mögren,19
DEU,Geträ,19
DEU,zirone,19
DEU,aspik,19
DEU,truthahn,19
DEU,sahne lakto,19
DEU,rind salami,19
DEU,fussball,19
DEU,ja salami,19
DEU,flamkuchen,19
DEU,hunch,19
DEU,bittersch,19
DEU,kühltas,19
DEU,vanillezuc,19
DEU,drillin,19
DEU,bratwurst geflügel,19
DEU,klebereis,19
DEU,spekul,19
DEU,Veganer,19
DEU,Zuckerfrei,19
DEU,Gurkensalat,19
DEU,dchmand,19
DEU,kaffee bohne,19
DEU,tomatoe paste,19
DEU,kalium,19
DEU,cont,19
DEU,Alnatura baby,19
DEU,nicotine,19
DEU,cheese stick,19
DEU,backerb,19
DEU,lorea,19
DEU,radicchio,19
DEU,Bierschinken,19
DEU,frozen bread,19
DEU,petrella,19
DEU,bresao,19
DEU,reinigungstü,19
DEU,honigwaffeln,19
DEU,Kokosjoghurt,19
DEU,käse alnatura,19
DEU,caprison,19
DEU,alnatura tomaten,19
DEU,eistee volvic,19
DEU,ayva,19
DEU,marlbori,19
DEU,Schwarze bohnen,19
DEU,süsstoff,19
DEU,Nut,19
DEU,jogurt natur,19
DEU,foam,19
DEU,cheese snack,19
DEU,corm,19
DEU,ayram,19
DEU,pasta ja,19
DEU,roib,19
DEU,glow,19
DEU,käse butter,19
DEU,orotein,19
DEU,prosciut,19
DEU,cola uero,19
DEU,wolle,19
DEU,schuhe,19
DEU,würstchen bio,19
DEU,ja cheese,19
DEU,Au,19
DEU,saftschinken,19
DEU,hahnche,19
DEU,tuns,19
DEU,korin,19
DEU,eis zitrone,19
DEU,hou,19
DEU,Gl,19
DEU,hühnersu,19
DEU,gaviscon,19
DEU,Bismarck,19
DEU,eiweiß brot,19
DEU,bunt,19
DEU,hokkaido,19
DEU,blauber,19
DEU,tpilet,19
DEU,innen,19
DEU,senfk,19
DEU,wasx,19
DEU,glutenfreies mehl,19
DEU,dop,19
DEU,proteinpasta,19
DEU,salaf,19
DEU,hero,19
DEU,ready meals,19
DEU,morzarell,19
DEU,miza,19
DEU,schwarzwäl,19
DEU,bio beeren,19
DEU,Serrano,19
DEU,hemüse,19
DEU,hinig,19
DEU,joghurt protein,19
DEU,hackfleisvh,19
DEU,meli,19
DEU,fleischbä,19
DEU,paprikamar,19
DEU,brown su,19
DEU,gemüse gefroren,19
DEU,vagina,19
DEU,käse toast,19
DEU,äpfel bio,19
DEU,eisbergsal,19
DEU,Tost,19
DEU,spritr,19
DEU,neutr,19
DEU,philips,19
DEU,lunchbox,19
DEU,punjab,19
DEU,cocosmilch,19
DEU,kabanosi,19
DEU,strand,19
DEU,manho,19
DEU,Puder,19
DEU,ameise,19
DEU,dt,19
DEU,cheesecak,19
DEU,chilifl,19
DEU,carda,19
DEU,Lebensmittel,19
DEU,wc duft,19
DEU,braune so,19
DEU,fressnapf,19
DEU,warp,19
DEU,Musli,19
DEU,brazil nuts,19
DEU,pitza,19
DEU,hitchi,19
DEU,käsewürfe,19
DEU,Fris,19
DEU,schattenm,19
DEU,wildkräuter,19
DEU,kew,19
DEU,lefir,19
DEU,rahmsp,19
DEU,checken,19
DEU,Mich,19
DEU,pelati,19
DEU,blue berry,19
DEU,cevapci,19
DEU,magerquarl,19
DEU,pii,19
DEU,butter kekse,19
DEU,Meh,19
DEU,gläserne molkerei,19
DEU,moi,19
DEU,künefe,19
DEU,yogurt vegan,19
DEU,kikkoman,19
DEU,chicken tikka,19
DEU,glass noodles,19
DEU,jodsalz,19
DEU,custard,19
DEU,ouz,19
DEU,ebers,19
DEU,oragen,19
DEU,"milch 3,8",19
DEU,frischkäse krä,19
DEU,schoten,19
DEU,curry pulver,19
DEU,rins,19
DEU,resbull,19
DEU,window,19
DEU,Buchstaben,19
DEU,ja limo,19
DEU,teriaky,19
DEU,süsk,19
DEU,brown bread,19
DEU,gesalzen butter,19
DEU,Brok,19
DEU,briefumschlag,19
DEU,oarmesan,19
DEU,la mia,19
DEU,papper,19
DEU,tara,19
DEU,saice,19
DEU,castello,19
DEU,veganer feta,19
DEU,dosentoma,19
DEU,schockola,19
DEU,bio nudeln,19
DEU,kachs,19
DEU,wgg,19
DEU,truffl,19
DEU,ungarische salami,19
DEU,budeln,19
DEU,butter gesal,19
DEU,hellma,19
DEU,Kräuterq,19
DEU,ky,19
DEU,tulum,19
DEU,souse,19
DEU,sandwixh,19
DEU,Bonanza,19
DEU,atta,19
DEU,thungisch,19
DEU,oaty,19
DEU,chilli c,19
DEU,lako,19
DEU,7up zero,19
DEU,getrank,19
DEU,Rote beete,19
DEU,riff,19
DEU,rexon,19
DEU,hemm,19
DEU,tuba,19
DEU,hauch,19
DEU,mio mate,19
DEU,tomates,19
DEU,capei,19
DEU,reisbandnudeln,19
DEU,beins,19
DEU,eit,19
DEU,rotkäp,19
DEU,rindflei,19
DEU,zartbitte,19
DEU,kartoffel creme,19
DEU,Schwämme,19
DEU,seiden tofu,19
DEU,prp,19
DEU,inti,19
DEU,tuv,19
DEU,bisq,19
DEU,pfefferbei,19
DEU,handcre,19
DEU,weißkraut,19
DEU,noodels,19
DEU,helium,19
DEU,geflügelfond,19
DEU,Hartkäse,19
DEU,goc,19
DEU,Creme vega,19
DEU,gele,19
DEU,mozarw,19
DEU,toble,19
DEU,seeb,19
DEU,pak choy,19
DEU,frischkäsd,19
DEU,slpro,19
DEU,blauberren,19
DEU,hidro,19
DEU,instant kaffe,19
DEU,sanl,19
DEU,schlem,19
DEU,toiletpa,19
DEU,oöiven,19
DEU,gesic,19
DEU,spicy ginger,19
DEU,reibe k,19
DEU,milch pulver,19
DEU,smiles,19
DEU,Butterschmalz,19
DEU,müll beutel,19
DEU,puenlo,19
DEU,Frost,19
DEU,eas,19
DEU,torr,19
DEU,condome,19
DEU,spültab,19
DEU,kartoffeltasche,19
DEU,wunder,19
DEU,Insekten,19
DEU,nimm zwei,19
DEU,ceddar,19
DEU,brokkolie,19
DEU,zahnpasta kinder,19
DEU,hitzeschutz,19
DEU,Milch vegan,19
DEU,ksrtoffel,19
DEU,schoko tr,19
DEU,allro,19
DEU,kirscheb,19
DEU,tereyağı,19
DEU,Babynahrung,19
DEU,Weißweinessig,19
DEU,schable,19
DEU,glaserne,19
DEU,dunkl,19
DEU,soargel,19
DEU,fach,19
DEU,Basil,19
DEU,laich,19
DEU,rogg,19
DEU,konfe,19
DEU,Pellegrino,19
DEU,pistazienc,19
DEU,Äp,19
DEU,gezuck,19
DEU,schminke,19
DEU,polpa,19
DEU,tua,19
DEU,remula,19
DEU,yougart,19
DEU,himbeer marmelade,19
DEU,freix,19
DEU,mandelmilxh,19
DEU,gouda stück,19
DEU,care,19
DEU,foot,19
DEU,Rahm,19
DEU,mangostreifen,19
DEU,crosa,19
DEU,olive pil,19
DEU,conc,19
DEU,Schmel,19
DEU,spritw,19
DEU,kartoffelbre,19
DEU,yogurt yayla,19
DEU,butter kase,19
DEU,fried chicken,19
DEU,backbrötchen,19
DEU,analdusche,19
DEU,Joghur,19
DEU,ja t,19
DEU,turke,19
DEU,funn,19
DEU,ground chicken,19
DEU,pistachios,19
DEU,Raps,19
DEU,gekühlt,19
DEU,instant n,19
DEU,Sauerteigbrot,19
DEU,togurt,19
DEU,Jasmin,19
DEU,dishwasher pods,19
DEU,wassereid,19
DEU,gemah,19
DEU,lauretana,19
DEU,pesr,19
DEU,bandaid,19
DEU,had,19
DEU,cleaning wipes,19
DEU,white ch,19
DEU,reis wa,19
DEU,Gefl,19
DEU,celebr,19
DEU,sneaker,19
DEU,crème,19
DEU,getrocknete erdbeeren,19
DEU,flammkuc,19
DEU,jap,19
DEU,dunkle s,19
DEU,Sangria,19
DEU,natchos,19
DEU,Ananassaft,19
DEU,Melon,19
DEU,essigess,19
DEU,knoblauch ba,19
DEU,psprika,19
DEU,antika,19
DEU,buttter,19
DEU,ricecake,19
DEU,laugenb,19
DEU,sahneste,19
DEU,granatapfel sirup,19
DEU,alufoli,19
DEU,trockner,19
DEU,aroy,19
DEU,hexen,19
DEU,rose wine,19
DEU,Türkisch,19
DEU,sommersb,19
DEU,ice w,19
DEU,yogurt bio,19
DEU,burger Brötchen,19
DEU,Lakritze,19
DEU,wiener geflügel,19
DEU,mitti,19
DEU,mulk,19
DEU,florid,19
DEU,hühnerfond,19
DEU,oluven,19
DEU,Corni,19
DEU,buttergemuse,19
DEU,Griechische,19
DEU,mn,19
DEU,kaetoffel,19
DEU,dushgel,19
DEU,ja c,19
DEU,hygene,19
DEU,wedge,19
DEU,zigga,19
DEU,tortu,19
DEU,5 m,19
DEU,dessert sauce,19
DEU,stäb,19
DEU,abso,19
DEU,stru,19
DEU,paper cup,19
DEU,fuchs,19
DEU,teix,19
DEU,hähb,19
DEU,brioche bun,19
DEU,lactose fre,19
DEU,tk erdbeeren,19
DEU,kh,19
DEU,flavour,19
DEU,salatmischung,19
DEU,sweet sour,19
DEU,hähnchen schnitzel,19
DEU,entka,19
DEU,schokocre,19
DEU,Udon,19
DEU,himbeeren gefroren,19
DEU,hacke,19
DEU,vitama,19
DEU,wascg,19
DEU,kuvhen,19
DEU,fleshlight,19
DEU,mohito,19
DEU,yougert,19
DEU,cavi,19
DEU,küchentüch,19
DEU,creme le,19
DEU,feichtes,19
DEU,vegane sch,19
DEU,Go,19
DEU,lio,19
DEU,spani,19
DEU,paprika ge,19
DEU,pfeffero,19
DEU,chest,19
DEU,oyst,19
DEU,kompost,19
DEU,citrus,19
DEU,H Milch,19
DEU,root,19
DEU,petersielie,19
DEU,zahnc,19
DEU,cheese s,19
DEU,margerita,19
DEU,ey,19
DEU,provence,19
DEU,salzgu,19
DEU,goy,19
DEU,mandeld,19
DEU,gerr,19
DEU,body cream,19
DEU,feuchttüche,19
DEU,waschmitel,19
DEU,marboro,19
DEU,parmea,19
DEU,mild,19
DEU,bavar,19
DEU,hej,19
DEU,tuhnf,19
DEU,hafermüsli,19
DEU,fior di,19
DEU,prosciutt,19
DEU,ketshup,19
DEU,frische vollmilch,19
DEU,denta,19
DEU,butters,19
DEU,Cafe,19
DEU,abschmi,19
DEU,fleischk,19
DEU,deoderant,19
DEU,yoghurt vegan,19
DEU,Babybel,19
DEU,buger,19
DEU,Hörnchen,19
DEU,papiert,19
DEU,Ora,19
DEU,Grillen,19
DEU,apple jui,19
DEU,knusperm,19
DEU,chocken,19
DEU,pampers 7,19
DEU,gestü,19
DEU,Kräu,19
DEU,quark bio,19
DEU,lila,19
DEU,Käse ger,19
DEU,leave in,19
DEU,sall,19
DEU,disc,19
DEU,eb,19
DEU,kinderscho,19
DEU,gemischt,19
DEU,ben’s,19
DEU,washmi,19
DEU,pommbären,19
DEU,mayonaisse,19
DEU,rewe beste wa,19
DEU,fants,19
DEU,hhnchen,19
DEU,mano,19
DEU,kalter tee,19
DEU,ehg,19
DEU,jackfruit,19
DEU,nekat,19
DEU,laktosefreier joghurt,19
DEU,waschmittem,19
DEU,beef jerkey,19
DEU,butter c,19
DEU,kinderpinguin,19
DEU,hühnerbrü,19
DEU,saö,19
DEU,oet,19
DEU,mangosa,19
DEU,pflast,19
DEU,sojajog,19
DEU,käse so,19
DEU,eis snickers,19
DEU,sazon,19
DEU,microfiber,19
DEU,Waffelröllchen,19
DEU,eiswaffeln,19
DEU,olib,19
DEU,gefrorene mango,19
DEU,franzbrö,19
DEU,Yakult,19
DEU,stille,19
DEU,oatly sahne,19
DEU,key,19
DEU,Nuss Nougat,19
DEU,fischstäbcheb,19
DEU,shoe,19
DEU,fertig reis,19
DEU,allohol,19
DEU,ful,19
DEU,flat bread,19
DEU,fuetec,19
DEU,zuchhi,19
DEU,curry sauce,19
DEU,fasulye,19
DEU,Schokola,19
DEU,salami stic,19
DEU,kleene,19
DEU,Flohsamen,19
DEU,mehk,19
DEU,göne,19
DEU,tk ge,19
DEU,bepan,19
DEU,arug,19
DEU,Tomatoes,19
DEU,Becks,19
DEU,kippen,19
DEU,figgo,19
DEU,süssst,19
DEU,hamon,19
DEU,baking po,19
DEU,schmelzkase,19
DEU,zero ketchup,19
DEU,bons,19
DEU,iglu,19
DEU,mövenp,19
DEU,meister proper,19
DEU,rinderfon,19
DEU,dittmann,19
DEU,barley,19
DEU,geschier,19
DEU,jakobs,19
DEU,maho,19
DEU,squid,19
DEU,hül,19
DEU,dubai schokolade,19
DEU,pumpk,19
DEU,cream fr,19
DEU,liqu,19
DEU,appen,19
DEU,Hamburg,19
DEU,tk br,19
DEU,legi,19
DEU,Meeresfrüchte,19
DEU,run,19
DEU,chips salzig,19
DEU,duschen,19
DEU,parmesan gerieben,19
DEU,ziehe,19
DEU,Cerealien,19
DEU,üizza,19
DEU,mangi,19
DEU,rorax,19
DEU,haselnusskerne,19
DEU,mestemacher,19
DEU,Nud,19
DEU,braeburn,19
DEU,kaltschale,19
DEU,kitc,18
DEU,salay,18
DEU,frauen,18
DEU,Süss,18
DEU,wafers,18
DEU,ja zero,18
DEU,kaffee gemah,18
DEU,Brie,18
DEU,rindergu,18
DEU,chiasa,18
DEU,baby corn,18
DEU,kaffee ge,18
DEU,wildb,18
DEU,volvic apfel,18
DEU,frapp,18
DEU,babysp,18
DEU,vegan snack,18
DEU,tereas,18
DEU,staa,18
DEU,hülse,18
DEU,geba,18
DEU,küchentüc,18
DEU,siruo,18
DEU,ibupr,18
DEU,mea,18
DEU,puderzuck,18
DEU,reg,18
DEU,softcake,18
DEU,laun,18
DEU,ahoj,18
DEU,bio Eier,18
DEU,beute,18
DEU,haris,18
DEU,goi,18
DEU,duftsp,18
DEU,streichbutter,18
DEU,pffe,18
DEU,spiegel,18
DEU,alkoholfrei wein,18
DEU,trüfel,18
DEU,strohhalme,18
DEU,bok choi,18
DEU,zigat,18
DEU,filter coffee,18
DEU,tsatsiki,18
DEU,mirinda,18
DEU,Cam,18
DEU,kav,18
DEU,schnittlauc,18
DEU,spint,18
DEU,reis sushi,18
DEU,ben&jerrys,18
DEU,Müllsack,18
DEU,sauße,18
DEU,forell,18
DEU,geschirr tabs,18
DEU,schokokuss,18
DEU,pombar,18
DEU,garlic butter,18
DEU,kräuterquarl,18
DEU,nussini,18
DEU,ferd,18
DEU,dolc,18
DEU,roteb,18
DEU,Pastasauce,18
DEU,wasserflasche,18
DEU,zr,18
DEU,orange juic,18
DEU,Auf,18
DEU,salami geflü,18
DEU,backed,18
DEU,folien,18
DEU,greek yogh,18
DEU,joughurt,18
DEU,simple syrup,18
DEU,burger so,18
DEU,bulo,18
DEU,weizenbr,18
DEU,marbo,18
DEU,esi,18
DEU,maisk,18
DEU,golde,18
DEU,Toilettenpapie,18
DEU,ketchap,18
DEU,streus,18
DEU,tupperware,18
DEU,wassermelonen,18
DEU,magnum mandel,18
DEU,coolie,18
DEU,Hafermil,18
DEU,ice co,18
DEU,Van,18
DEU,kuchent,18
DEU,croisa,18
DEU,yumyu,18
DEU,Gauloises,18
DEU,steinhaus,18
DEU,skyr arla,18
DEU,butter ge,18
DEU,schoko bon,18
DEU,salatmi,18
DEU,tabakwaren,18
DEU,wel,18
DEU,merettich,18
DEU,Eisk,18
DEU,cocktai,18
DEU,alnatura k,18
DEU,infwer,18
DEU,caprisu,18
DEU,zimt zucker,18
DEU,sess,18
DEU,lagnese,18
DEU,lösli,18
DEU,ezine,18
DEU,rosenbrötchen,18
DEU,erfnuss,18
DEU,funny fri,18
DEU,torilla,18
DEU,0.1,18
DEU,salatma,18
DEU,Käsescheiben,18
DEU,Tacos,18
DEU,Buletten,18
DEU,Handschuh,18
DEU,sparkling wine,18
DEU,mühlenhack,18
DEU,con carne,18
DEU,san pelligrino,18
DEU,hot Dog,18
DEU,geröstet,18
DEU,lemonai,18
DEU,weiße schokol,18
DEU,hitc,18
DEU,ritter s,18
DEU,reine,18
DEU,lut,18
DEU,volkor,18
DEU,Tassimo,18
DEU,cannellini,18
DEU,Weißbrot,18
DEU,bet,18
DEU,erdnusbutter,18
DEU,tee schwarz,18
DEU,msli,18
DEU,bodylo,18
DEU,volci,18
DEU,toilt,18
DEU,quark laktose,18
DEU,lachssc,18
DEU,ziegenjoghurt,18
DEU,limonata,18
DEU,mikrow,18
DEU,chicken brea,18
DEU,tomaten geha,18
DEU,ruko,18
DEU,spiese,18
DEU,votamin,18
DEU,frittieröl,18
DEU,Kamille,18
DEU,hartkä,18
DEU,nestl,18
DEU,Karot,18
DEU,mashr,18
DEU,obst tk,18
DEU,Würste,18
DEU,mint tea,18
DEU,raumd,18
DEU,knoblauvh,18
DEU,jäse,18
DEU,buchweize,18
DEU,Still,18
DEU,wellness,18
DEU,alpro j,18
DEU,sanitary pads,18
DEU,spontex,18
DEU,ja wurst,18
DEU,eingelegte tomaten,18
DEU,weiß wein,18
DEU,cotton buds,18
DEU,schwarzkümmelöl,18
DEU,sirip,18
DEU,schokoraspel,18
DEU,lschs,18
DEU,kaisers,18
DEU,dr peppe,18
DEU,happy rolls,18
DEU,skruf,18
DEU,hsck,18
DEU,aqu,18
DEU,peppermint tea,18
DEU,prongles,18
DEU,parboi,18
DEU,blaukraut,18
DEU,tereyağ,18
DEU,gervai,18
DEU,fosch,18
DEU,Zahnseide,18
DEU,absolu,18
DEU,ice cream sandwich,18
DEU,foul,18
DEU,haarwa,18
DEU,fetak,18
DEU,ais,18
DEU,coolin,18
DEU,toilet wipes,18
DEU,spareribs,18
DEU,kof,18
DEU,kaffewei,18
DEU,feta leicht,18
DEU,wurstel,18
DEU,st.,18
DEU,e zigarette,18
DEU,WC Papier,18
DEU,elderflower,18
DEU,almete,18
DEU,salatgur,18
DEU,oniom,18
DEU,high protien,18
DEU,Stilles,18
DEU,schokofr,18
DEU,mozera,18
DEU,haferdri,18
DEU,spinat pizza,18
DEU,misc,18
DEU,hähc,18
DEU,kokosrasp,18
DEU,geflügelsala,18
DEU,aktivk,18
DEU,cici,18
DEU,Waln,18
DEU,coffee powder,18
DEU,zih,18
DEU,moods,18
DEU,chicken frozen,18
DEU,pfirsische,18
DEU,huhnchen,18
DEU,vegan ei,18
DEU,schokot,18
DEU,kağıt havlu,18
DEU,Wo,18
DEU,Champagner,18
DEU,erdbeermarme,18
DEU,cig kofte,18
DEU,masken,18
DEU,sunflower seed,18
DEU,eii,18
DEU,mangost,18
DEU,ie,18
DEU,schü,18
DEU,Tabakwaren,18
DEU,moretti,18
DEU,todt,18
DEU,oettinger,18
DEU,Gazi,18
DEU,pellegrin,18
DEU,Bifi,18
DEU,kikoman,18
DEU,sorup,18
DEU,Bratw,18
DEU,Jäger,18
DEU,bubbl,18
DEU,sauerg,18
DEU,skyr lak,18
DEU,chp,18
DEU,annas,18
DEU,dolo,18
DEU,rindfleis,18
DEU,bembel,18
DEU,geo,18
DEU,friech,18
DEU,Brust,18
DEU,snickerd,18
DEU,kondensmi,18
DEU,buchsta,18
DEU,naked,18
DEU,gillet,18
DEU,Ketch,18
DEU,hyge,18
DEU,Greek yo,18
DEU,Bra,18
DEU,pellegri,18
DEU,waschmaschi,18
DEU,kotbeutel,18
DEU,fußball,18
DEU,quark mager,18
DEU,pizza sau,18
DEU,joghurt mango,18
DEU,tte,18
DEU,bae,18
DEU,Gua,18
DEU,kloh,18
DEU,banann,18
DEU,körner balance,18
DEU,ventila,18
DEU,mutton,18
DEU,minutensteaks,18
DEU,soya so,18
DEU,mt,18
DEU,zz,18
DEU,knoblauchp,18
DEU,Entkalker,18
DEU,gä,18
DEU,happy swing,18
DEU,tost brot,18
DEU,kaffe kapseln,18
DEU,hidro fugal,18
DEU,frischhalt,18
DEU,kokosjog,18
DEU,tobaco,18
DEU,happy h,18
DEU,salzige snacks,18
DEU,Brit,18
DEU,Muesli,18
DEU,grüner pfeffer,18
DEU,lichtenau,18
DEU,Coppen,18
DEU,slim filter,18
DEU,Cayenne,18
DEU,zitonen,18
DEU,mullb,18
DEU,vegan frisch,18
DEU,ufos,18
DEU,bahl,18
DEU,bionell,18
DEU,caffe latte,18
DEU,chat,18
DEU,proteib,18
DEU,paper cups,18
DEU,kräuterso,18
DEU,bergbauern,18
DEU,msr,18
DEU,merm,18
DEU,still w,18
DEU,brad,18
DEU,bianco,18
DEU,vapr,18
DEU,laktosefreu,18
DEU,Lim,18
DEU,pipe,18
DEU,fren,18
DEU,burri,18
DEU,eis cubes,18
DEU,lady finger,18
DEU,Morzarella,18
DEU,dried mango,18
DEU,oasta,18
DEU,glutenfrei mehl,18
DEU,red cabbage,18
DEU,streichk,18
DEU,lactosefree,18
DEU,banand,18
DEU,fischsta,18
DEU,schupfnud,18
DEU,Zwe,18
DEU,Somat,18
DEU,toiletp,18
DEU,süß sau,18
DEU,hair conditioner,18
DEU,gurkensal,18
DEU,käsea,18
DEU,pozz,18
DEU,calc,18
DEU,flan,18
DEU,almett,18
DEU,korma,18
DEU,linsen ch,18
DEU,Tasche,18
DEU,cocki,18
DEU,curry gewürz,18
DEU,wurst gefl,18
DEU,chilis,18
DEU,Mezzo,18
DEU,soya s,18
DEU,kattus,18
DEU,laven,18
DEU,ketschu,18
DEU,git,18
DEU,cola turka,18
DEU,Gewürzg,18
DEU,Biscoff,18
DEU,klinex,18
DEU,camber,18
DEU,cinam,18
DEU,geie,18
DEU,veggi hack,18
DEU,bio jo,18
DEU,spanisch,18
DEU,Ga,18
DEU,milchschnit,18
DEU,H milch,18
DEU,honigwa,18
DEU,kikko,18
DEU,rothaus,18
DEU,piadina,18
DEU,Malzbier,18
DEU,ziehen,18
DEU,schweinefleisch,18
DEU,hafer kekse,18
DEU,q-,18
DEU,mais wa,18
DEU,bio kartoffel,18
DEU,nur noch kurz,18
DEU,brennes,18
DEU,käse burger,18
DEU,Ohne Zucker,18
DEU,bodent,18
DEU,haushaltspapier,18
DEU,kellogd,18
DEU,pomodoro,18
DEU,elb,18
DEU,gut und,18
DEU,come zero,18
DEU,crips,18
DEU,früc,18
DEU,zutron,18
DEU,butter ch,18
DEU,schnüre,18
DEU,aspar,18
DEU,Äpfe,18
DEU,preiselbee,18
DEU,Scheiben,18
DEU,honig salz,18
DEU,physa,18
DEU,tik,18
DEU,Like,18
DEU,Jacobs,18
DEU,hansaplast,18
DEU,pistaziencr,18
DEU,Lachsfilet,18
DEU,zugare,18
DEU,bahel,18
DEU,vornflakes,18
DEU,pepsi lemon,18
DEU,roast beef,18
DEU,puder zucker,18
DEU,raddi,18
DEU,parla,18
DEU,tomate passiert,18
DEU,luftba,18
DEU,mehl 00,18
DEU,Lahmacun,18
DEU,kess,18
DEU,sd,18
DEU,bio z,18
DEU,franzö,18
DEU,lupine,18
DEU,Rewe bio,18
DEU,Köse,18
DEU,müsli protein,18
DEU,mais snack,18
DEU,Chick,18
DEU,bavon,18
DEU,feigling,18
DEU,Sugar,18
DEU,süses,18
DEU,samos,18
DEU,vanillepudd,18
DEU,beef broth,18
DEU,gesalz,18
DEU,ihlo,18
DEU,kinderp,18
DEU,uht,18
DEU,putenhack,18
DEU,creme veg,18
DEU,viv,18
DEU,But,18
DEU,schokoladeneis,18
DEU,lasg,18
DEU,vegan schokolade,18
DEU,weniger zucker,18
DEU,pop co,18
DEU,apostel,18
DEU,gaouda,18
DEU,matcha pulver,18
DEU,meeresfrü,18
DEU,pizza mini,18
DEU,unter,18
DEU,tel,18
DEU,sea weed,18
DEU,schokostr,18
DEU,hansa,18
DEU,fenistil,18
DEU,michi,18
DEU,yuf,18
DEU,Tante,18
DEU,natreen,18
DEU,harry anno,18
DEU,zwetsch,18
DEU,tamato,18
DEU,spült,18
DEU,Tomaten sauce,18
DEU,iglo fisch,18
DEU,selbst,18
DEU,fettuci,18
DEU,fruchtf,18
DEU,avocadi,18
DEU,crave,18
DEU,carpacc,18
DEU,Protei,18
DEU,paprike,18
DEU,kräuterbaguett,18
DEU,katzen streu,18
DEU,Fritz cola,18
DEU,beetroo,18
DEU,greek jog,18
DEU,Kuvertüre,18
DEU,Paprika rot,18
DEU,eis tea,18
DEU,drop,18
DEU,yaya,18
DEU,oatlx,18
DEU,dinkelnu,18
DEU,alz,18
DEU,baby öl,18
DEU,ten,18
DEU,laund,18
DEU,alnatura rote beete,18
DEU,veterano,18
DEU,eiswa,18
DEU,Bagel,18
DEU,chickenw,18
DEU,möhrchen,18
DEU,schmer,18
DEU,netto,18
DEU,schokolade weiss,18
DEU,ementa,18
DEU,Axe,18
DEU,vegane wurdt,18
DEU,maionese,18
DEU,grüne Bohnen,18
DEU,liquor,18
DEU,gehackte Tomaten,18
DEU,championgs,18
DEU,beeten,18
DEU,hafermilch vanille,18
DEU,alpro va,18
DEU,wonton,18
DEU,brett,18
DEU,nussriegel,18
DEU,atun,18
DEU,grüner sp,18
DEU,broe,18
DEU,chili flake,18
DEU,frozen yoghurt,18
DEU,kwfir,18
DEU,burno,18
DEU,salaa,18
DEU,frozen fries,18
DEU,sigar,18
DEU,sco,18
DEU,kühlpack,18
DEU,ülke,18
DEU,rinderbraten,18
DEU,vegane m,18
DEU,Haselnüsse,18
DEU,snackg,18
DEU,bagg,18
DEU,tomato pa,18
DEU,mwhl,18
DEU,teriyaki sauce,18
DEU,Suc,18
DEU,black pe,18
DEU,desinfektio,18
DEU,Popp,18
DEU,shw,18
DEU,sxhoko,18
DEU,Frischkäse vegan,18
DEU,Wine,18
DEU,coopenrath,18
DEU,rewe protein,18
DEU,orangensafr,18
DEU,carrot cake,18
DEU,inkontinenz,18
DEU,hühnerbru,18
DEU,Kra,18
DEU,tortello,18
DEU,Cigköfte,18
DEU,gwürz,18
DEU,zwiba,18
DEU,mayi,18
DEU,corb,18
DEU,isoto,18
DEU,air freshner,18
DEU,kernseife,18
DEU,chili paste,18
DEU,tk b,18
DEU,herrin,18
DEU,peitsche,18
DEU,eber,18
DEU,Mor,18
DEU,prince,18
DEU,sujuk,18
DEU,springform,18
DEU,rege,18
DEU,Scheibenkäse,18
DEU,paletad,18
DEU,dosenö,18
DEU,hubde,18
DEU,kokosjogh,18
DEU,sec,18
DEU,protein ba,18
DEU,water pack,18
DEU,leak,18
DEU,eiernu,18
DEU,picolo,18
DEU,salziges,18
DEU,mamelade,18
DEU,bernhard,18
DEU,bananensa,18
DEU,milch b,18
DEU,jogurette,18
DEU,Kräuterqu,18
DEU,bbq chips,18
DEU,zot,18
DEU,hola,18
DEU,eis vani,18
DEU,Kaviar,18
DEU,cubers,18
DEU,champinion,18
DEU,wiener würst,18
DEU,Folie,18
DEU,farfall,18
DEU,zwiebelpul,18
DEU,In,18
DEU,martin,18
DEU,litsch,18
DEU,bratwurst vegan,18
DEU,Marlboro rot,18
DEU,film,18
DEU,koll,18
DEU,maggi fi,18
DEU,twic,18
DEU,riffle,18
DEU,sslat,18
DEU,pommbä,18
DEU,nudeö,18
DEU,sparkling wat,18
DEU,spageti,18
DEU,veganer schinken,18
DEU,apg,18
DEU,pudding schoko,18
DEU,sülz,18
DEU,biomanufaktur,18
DEU,grann,18
DEU,ice lolly,18
DEU,block h,18
DEU,curryp,18
DEU,blötterteig,18
DEU,desinfekti,18
DEU,zwoebel,18
DEU,Indian,18
DEU,ginger powder,18
DEU,frühlingsro,18
DEU,bades,18
DEU,arl,18
DEU,havuç,18
DEU,goa,18
DEU,sonneb,18
DEU,wlfbar,18
DEU,deo dove,18
DEU,puddingp,18
DEU,eis v,18
DEU,light feta,18
DEU,asiati,18
DEU,green paprika,18
DEU,tüc,18
DEU,ladegerät,18
DEU,Frik,18
DEU,kokos jogh,18
DEU,suker,18
DEU,steinpilze,18
DEU,hair cream,18
DEU,käse chips,18
DEU,vegane pizza,18
DEU,moam,18
DEU,file,18
DEU,kinder milch,18
DEU,Kartoffelpü,18
DEU,cg,18
DEU,gut und günstig,18
DEU,coconus,18
DEU,activa,18
DEU,birthday cake,18
DEU,Frischmilch,18
DEU,pizza ristorante,18
DEU,pasta soße,18
DEU,händ,18
DEU,karpern,18
DEU,bread spread,18
DEU,Lac,18
DEU,roo,18
DEU,Almond,18
DEU,Kurz ha,18
DEU,steak vegan,18
DEU,avokad,18
DEU,kaze,18
DEU,milch 3,18
DEU,nur noch,18
DEU,filterhülsen,18
DEU,morzer,18
DEU,bio gur,18
DEU,sue,18
DEU,weinbrand,18
DEU,polze,18
DEU,fosh,18
DEU,arg,18
DEU,flavor,18
DEU,cury,18
DEU,tilster,18
DEU,hänchenbru,18
DEU,milch halt,18
DEU,henry,18
DEU,old spi,18
DEU,kashka,18
DEU,cornflaks,18
DEU,sangr,18
DEU,kaisergem,18
DEU,basilkum,18
DEU,potsto,18
DEU,marscapone,18
DEU,kru,18
DEU,acai drops,18
DEU,fettred,18
DEU,käse schei,18
DEU,curry k,18
DEU,sardelen,18
DEU,sanwich,18
DEU,pitz,18
DEU,jel,18
DEU,fir,18
DEU,limburger,18
DEU,Schokopudding,18
DEU,musche,18
DEU,Flasche,18
DEU,fajitas,18
DEU,mozo,18
DEU,maretti,18
DEU,weiswurst,18
DEU,sojabohnen,18
DEU,cocunut,18
DEU,schokobro,18
DEU,kitchen tow,18
DEU,Spree,18
DEU,kokos reis,18
DEU,schokofrüchte,18
DEU,twarog,18
DEU,ang,18
DEU,double,18
DEU,heringssalat,18
DEU,duftstecker,18
DEU,pelmini,18
DEU,pada,18
DEU,rohschinken,18
DEU,maybe,18
DEU,paprikq,18
DEU,ballast,18
DEU,sprudelwassee,18
DEU,hot dog br,18
DEU,fizi,18
DEU,Margherita,18
DEU,Pak,18
DEU,padd,18
DEU,shita,18
DEU,cacao powder,18
DEU,laffee,18
DEU,softeis,18
DEU,bäckerei,18
DEU,erdnussfl,18
DEU,tomaten saft,18
DEU,Essigessenz,18
DEU,rasberries,18
DEU,protein pizza,18
DEU,pizza gluten,18
DEU,chia seed,18
DEU,Cottage,18
DEU,kashk,18
DEU,eiweißbr,18
DEU,esse,18
DEU,bärche,18
DEU,dattelsi,18
DEU,salatgu,18
DEU,goose,18
DEU,milj,18
DEU,desinfektionstücher,18
DEU,kontaktli,18
DEU,rebull,18
DEU,ladyfinger,18
DEU,zige,18
DEU,eis a,18
DEU,vinho,18
DEU,cola 2l,18
DEU,Sh,18
DEU,wurstsal,18
DEU,bava,18
DEU,apple vinegar,18
DEU,bio hackfleisch,18
DEU,wiskey,18
DEU,Schink,18
DEU,alch,18
DEU,mh,18
DEU,hax,18
DEU,vitamin wa,18
DEU,weichspuler,18
DEU,Sahne vegan,18
DEU,mayones,18
DEU,leaves,18
DEU,sliced,18
DEU,sweet p,18
DEU,ponzu,18
DEU,capell,18
DEU,frühlingsroll,17
DEU,späz,17
DEU,Ja Toilettenpapier,17
DEU,tiefkphl,17
DEU,ersbeer,17
DEU,cheer,17
DEU,hähnchen salami,17
DEU,haffe,17
DEU,isoton,17
DEU,auark,17
DEU,alpia,17
DEU,valen,17
DEU,goenrgy,17
DEU,schoko tropfen,17
DEU,pregnancy test,17
DEU,salatm,17
DEU,Backp,17
DEU,Kaktus,17
DEU,schnittkä,17
DEU,marmelafe,17
DEU,tomatensoss,17
DEU,Fischstä,17
DEU,cr2032,17
DEU,mageri,17
DEU,babywa,17
DEU,smirno,17
DEU,karzen,17
DEU,primiti,17
DEU,e zig,17
DEU,sud,17
DEU,cheese str,17
DEU,schokososse,17
DEU,grill käse,17
DEU,pineappl,17
DEU,erdbeer joghurt,17
DEU,zumt,17
DEU,cocus,17
DEU,chicken nug,17
DEU,veganer aufstrich,17
DEU,cockie,17
DEU,ecov,17
DEU,cleme,17
DEU,wasser mi,17
DEU,san pellegri,17
DEU,cinnam,17
DEU,Direktsaft,17
DEU,nuts mix,17
DEU,liqui,17
DEU,San lucar,17
DEU,blätchen,17
DEU,weisse scho,17
DEU,Paper,17
DEU,flüssi,17
DEU,zü,17
DEU,greenfor,17
DEU,milkyway,17
DEU,brotchi,17
DEU,vanilla cola,17
DEU,vanillepuddingpulver,17
DEU,dessertsauce,17
DEU,6er,17
DEU,vaselin,17
DEU,pearl,17
DEU,knopf,17
DEU,thc,17
DEU,champignongs,17
DEU,Weich,17
DEU,frühlingszwiebe,17
DEU,lösung,17
DEU,donats,17
DEU,Gemuse,17
DEU,kokos jogurt,17
DEU,bio company,17
DEU,saöz,17
DEU,saft ananas,17
DEU,spühlmaschinen,17
DEU,Sardine,17
DEU,mz,17
DEU,jacordia,17
DEU,zwiev,17
DEU,boull,17
DEU,Aufschnitt vegan,17
DEU,waseer,17
DEU,backmischu,17
DEU,span,17
DEU,tabaco,17
DEU,fee,17
DEU,oatly matcha,17
DEU,brechb,17
DEU,senfgurken,17
DEU,Ar,17
DEU,okr,17
DEU,feisch,17
DEU,als,17
DEU,Geflü,17
DEU,käsebällchen,17
DEU,sunf,17
DEU,mim,17
DEU,hp,17
DEU,schafk,17
DEU,zahnbürs,17
DEU,gutfri,17
DEU,Sand,17
DEU,karz,17
DEU,Kak,17
DEU,semol,17
DEU,candel,17
DEU,kirschen glas,17
DEU,mozzarella st,17
DEU,gleitge,17
DEU,backpulve,17
DEU,Schin,17
DEU,käsekr,17
DEU,Du,17
DEU,sultaninen,17
DEU,spuhl,17
DEU,knoo,17
DEU,soy mil,17
DEU,wasser 500,17
DEU,trea,17
DEU,toiletten pa,17
DEU,kölsches,17
DEU,pizza kä,17
DEU,toti,17
DEU,kühlbox,17
DEU,smack,17
DEU,Lin,17
DEU,hack gemischt,17
DEU,out,17
DEU,Joghurt bio,17
DEU,rice pap,17
DEU,rohreiniger,17
DEU,seaw,17
DEU,zigen,17
DEU,kochwein,17
DEU,sandwich gurken,17
DEU,soo,17
DEU,taji,17
DEU,utopia,17
DEU,Mang,17
DEU,ja toil,17
DEU,orec,17
DEU,gemüsebeühe,17
DEU,batiste,17
DEU,chips vinegar,17
DEU,erdbeersauce,17
DEU,eiseürfel,17
DEU,tai,17
DEU,peterse,17
DEU,Gleitgel,17
DEU,Stilles wasser,17
DEU,bifteki,17
DEU,weisen,17
DEU,ansatz,17
DEU,quase,17
DEU,Hühnerbrust,17
DEU,Sir,17
DEU,Kirschsaft,17
DEU,lase,17
DEU,Torten,17
DEU,coffee pads,17
DEU,Nussmischung,17
DEU,musc,17
DEU,mocca,17
DEU,nuss schokolade,17
DEU,rea,17
DEU,dild,17
DEU,Slip,17
DEU,sojahack,17
DEU,tortilla protein,17
DEU,cellery,17
DEU,grischkäse,17
DEU,bruehe,17
DEU,shiraz,17
DEU,nasal,17
DEU,leffe,17
DEU,Pist,17
DEU,schlümpfe,17
DEU,sixpack,17
DEU,sul,17
DEU,acetone,17
DEU,kaes,17
DEU,cranberry saft,17
DEU,muf,17
DEU,bruno,17
DEU,friends,17
DEU,schim,17
DEU,bio jog,17
DEU,rednull,17
DEU,vitel,17
DEU,havkfl,17
DEU,peas of,17
DEU,fıstık,17
DEU,hand so,17
DEU,just s,17
DEU,klei,17
DEU,aufste,17
DEU,rewe hafer,17
DEU,dried tomatoes,17
DEU,protein pow,17
DEU,baki,17
DEU,honigsenf,17
DEU,de cecci,17
DEU,Twix,17
DEU,reos,17
DEU,supr,17
DEU,gemüsesuppe,17
DEU,breadsticks,17
DEU,Heineken,17
DEU,raumspra,17
DEU,nugets,17
DEU,rib eye,17
DEU,Konde,17
DEU,cigarete,17
DEU,Gnocci,17
DEU,schamnd,17
DEU,Damenbinden,17
DEU,ribeye,17
DEU,alnatura quark,17
DEU,motza,17
DEU,Rasierschaum,17
DEU,"wasser still 0,5",17
DEU,bodenrei,17
DEU,körnu,17
DEU,ofenbrot,17
DEU,milch ha,17
DEU,pallm,17
DEU,goenr,17
DEU,geburtstagskarte,17
DEU,schweineschnitzel,17
DEU,Cr,17
DEU,pistazien eis,17
DEU,Camel,17
DEU,vegane creme,17
DEU,Magn,17
DEU,deodor,17
DEU,schinken w,17
DEU,multi vitamin,17
DEU,deospray,17
DEU,hundefutt,17
DEU,Phil,17
DEU,burste,17
DEU,shwe,17
DEU,Kaka,17
DEU,Hackfle,17
DEU,dampf,17
DEU,ıce tea,17
DEU,peppercorn,17
DEU,paesan,17
DEU,nicea,17
DEU,granatapfels,17
DEU,greek you,17
DEU,Blu,17
DEU,gemüse mix,17
DEU,heineke,17
DEU,kissen,17
DEU,bresola,17
DEU,mandel m,17
DEU,keloggs,17
DEU,gypza,17
DEU,maisstangen,17
DEU,op,17
DEU,Salzst,17
DEU,hot dog bun,17
DEU,coi,17
DEU,katzenklo,17
DEU,salt vin,17
DEU,voel,17
DEU,Ferdi,17
DEU,fertig nudeln,17
DEU,baguete,17
DEU,toiletpapier,17
DEU,skyr la,17
DEU,Rasier,17
DEU,spudel,17
DEU,Zigarett,17
DEU,Schweinebauch,17
DEU,schre,17
DEU,reism,17
DEU,erkältungstee,17
DEU,imgwer,17
DEU,prossecco,17
DEU,hygienereiniger,17
DEU,kâse,17
DEU,Pinien,17
DEU,gefüllt,17
DEU,mögre,17
DEU,irangen,17
DEU,cafe crema,17
DEU,guav,17
DEU,wild berr,17
DEU,nit,17
DEU,vampire,17
DEU,schwammtücher,17
DEU,grillw,17
DEU,afric,17
DEU,toilettenpapiet,17
DEU,burgunder,17
DEU,Alnat,17
DEU,drain cleaner,17
DEU,kuchenpa,17
DEU,tomaten pa,17
DEU,haferc,17
DEU,rote Grütze,17
DEU,maschinen,17
DEU,sternchen,17
DEU,Mac,17
DEU,wein alkohol,17
DEU,Mons,17
DEU,Astra,17
DEU,quetsc,17
DEU,sang,17
DEU,Zahnstocher,17
DEU,erfb,17
DEU,ballo,17
DEU,corega,17
DEU,eis oreo,17
DEU,ingee,17
DEU,Cannelloni,17
DEU,acc,17
DEU,klo pa,17
DEU,genovese,17
DEU,eurst,17
DEU,aloevera,17
DEU,twor,17
DEU,soin,17
DEU,parket,17
DEU,mango püree,17
DEU,Vanillesauce,17
DEU,bamb,17
DEU,reises,17
DEU,aal,17
DEU,anti schuppen,17
DEU,ha k,17
DEU,ja! chips,17
DEU,black acai,17
DEU,kuchentucher,17
DEU,giffl,17
DEU,malzbi,17
DEU,hummus pikant,17
DEU,teefilter,17
DEU,desinfektionsmittel,17
DEU,mit der ecke,17
DEU,milumil,17
DEU,protein bowl,17
DEU,blatte,17
DEU,whe,17
DEU,Tomaten pass,17
DEU,roas,17
DEU,schweinebraten,17
DEU,koerniger,17
DEU,frikass,17
DEU,rote curry,17
DEU,toiletten reiniger,17
DEU,nails,17
DEU,suntory,17
DEU,pop cor,17
DEU,chips kessel,17
DEU,hamburger brötchen,17
DEU,lungo,17
DEU,chili sin carne,17
DEU,medjoul,17
DEU,mini gur,17
DEU,Salad,17
DEU,geg,17
DEU,lactose f,17
DEU,tortt,17
DEU,kinders,17
DEU,foccacia,17
DEU,stain remover,17
DEU,parma schinken,17
DEU,abschminkt,17
DEU,griesc,17
DEU,crunchy nut,17
DEU,radic,17
DEU,Schnittkäse,17
DEU,yourt,17
DEU,Käse dip,17
DEU,Mozzarella light,17
DEU,cinnamon roll,17
DEU,dry fruits,17
DEU,reeces,17
DEU,Rewe beste,17
DEU,highprotein,17
DEU,intermezzo,17
DEU,sprie,17
DEU,lui,17
DEU,grand dessert,17
DEU,weissb,17
DEU,Har,17
DEU,teelicht,17
DEU,hähnchenf,17
DEU,lampe,17
DEU,Petersi,17
DEU,bezelye,17
DEU,briosch,17
DEU,destilli,17
DEU,fleic,17
DEU,Mandarin,17
DEU,bugl,17
DEU,gewürzket,17
DEU,hari o,17
DEU,labe,17
DEU,harri,17
DEU,rinderg,17
DEU,ıce,17
DEU,ehgs,17
DEU,pesto ross,17
DEU,sonnenöl,17
DEU,yoga,17
DEU,pudin,17
DEU,röstzwiebe,17
DEU,flos,17
DEU,alnatura aufstrich,17
DEU,tomaro,17
DEU,true frui,17
DEU,dettol,17
DEU,knoblauchs,17
DEU,res bull,17
DEU,cling,17
DEU,sonnenblumenker,17
DEU,burger king,17
DEU,ben&jerry,17
DEU,sprudelwasse,17
DEU,broch,17
DEU,cheese cheddar,17
DEU,zan,17
DEU,sekun,17
DEU,trinkj,17
DEU,wassse,17
DEU,entkof,17
DEU,kirsch saft,17
DEU,Merci,17
DEU,washi,17
DEU,mch,17
DEU,coca-Cola,17
DEU,snack karotten,17
DEU,mimea,17
DEU,jaff,17
DEU,schokoro,17
DEU,skin,17
DEU,gurcken,17
DEU,perm,17
DEU,feta k,17
DEU,Vollkorntoast,17
DEU,pffer,17
DEU,cremefr,17
DEU,Auber,17
DEU,sambuca,17
DEU,nutella vegan,17
DEU,belgische,17
DEU,einweg grill,17
DEU,schmand vegan,17
DEU,öffner,17
DEU,birken,17
DEU,papei,17
DEU,ton balığı,17
DEU,Malz,17
DEU,müllbeutel 120,17
DEU,kugelschreiber,17
DEU,saöat,17
DEU,wisk,17
DEU,kartoffel mal anders,17
DEU,bio mull,17
DEU,curryket,17
DEU,makar,17
DEU,eistee pfir,17
DEU,tomaten cherry,17
DEU,vel,17
DEU,gefrorene him,17
DEU,java,17
DEU,tima,17
DEU,pizza thunfisch,17
DEU,psy,17
DEU,chocla,17
DEU,letchup,17
DEU,olive öl,17
DEU,paradiso,17
DEU,dijon senf,17
DEU,protein riege,17
DEU,fackeln,17
DEU,nutter,17
DEU,protein puddin,17
DEU,kircherbsen,17
DEU,goldmais,17
DEU,wc fri,17
DEU,xola,17
DEU,pffefer,17
DEU,loose,17
DEU,craker,17
DEU,sarımsak,17
DEU,indom,17
DEU,bione,17
DEU,duschcreme,17
DEU,linsen wa,17
DEU,crosso,17
DEU,auran,17
DEU,gan,17
DEU,passionfruit,17
DEU,volvic essence,17
DEU,peri,17
DEU,hühnerfrika,17
DEU,vitamin w,17
DEU,zotronen,17
DEU,laugensta,17
DEU,Aprikose,17
DEU,zatz,17
DEU,erbsen milch,17
DEU,tesafilm,17
DEU,black pepp,17
DEU,entrec,17
DEU,reisws,17
DEU,einmach,17
DEU,peas of heaven,17
DEU,vollkornt,17
DEU,gemischtes,17
DEU,sonneblumen,17
DEU,bio hähn,17
DEU,tege,17
DEU,balkan,17
DEU,natrium,17
DEU,schwarzwa,17
DEU,jur,17
DEU,lasagne blätter,17
DEU,kopierpapier,17
DEU,müsli alnatura,17
DEU,tray,17
DEU,brat öl,17
DEU,gni,17
DEU,Jakordia,17
DEU,gzrke,17
DEU,langn,17
DEU,chocofresh,17
DEU,sour dough,17
DEU,pon,17
DEU,ladek,17
DEU,soyasauce,17
DEU,kabanoss,17
DEU,toiö,17
DEU,eis ka,17
DEU,bürs,17
DEU,salat so,17
DEU,getrockene,17
DEU,Bitter,17
DEU,damenbinden,17
DEU,deo men,17
DEU,vhi,17
DEU,bulaşık,17
DEU,spinnen,17
DEU,avov,17
DEU,detox,17
DEU,la baum,17
DEU,frus,17
DEU,klori,17
DEU,xucker,17
DEU,pizza te,17
DEU,Sojajoghurt,17
DEU,käa,17
DEU,sahne pudding,17
DEU,grilled chicken,17
DEU,rag,17
DEU,general,17
DEU,gösse,17
DEU,cruton,17
DEU,kaffe bohnen,17
DEU,erbsenprotein,17
DEU,eis becher,17
DEU,BROT,17
DEU,Hänchenbrust,17
DEU,mövenpi,17
DEU,müllbeutel 35,17
DEU,auft,17
DEU,mayo zero,17
DEU,Eiste,17
DEU,chal,17
DEU,weissburgunder,17
DEU,Salami vegan,17
DEU,kasr,17
DEU,wackelp,17
DEU,wqsser,17
DEU,deutsche,17
DEU,wasser mit kohl,17
DEU,toppas,17
DEU,lactosefrei milch,17
DEU,fudge,17
DEU,gurkensala,17
DEU,weingum,17
DEU,salu,17
DEU,rosemarin,17
DEU,tomaten getr,17
DEU,karottw,17
DEU,tuz,17
DEU,aoili,17
DEU,mug,17
DEU,tias,17
DEU,essigreini,17
DEU,Soya,17
DEU,tut,17
DEU,d3,17
DEU,weniger,17
DEU,nureln,17
DEU,protwin,17
DEU,küchen papier,17
DEU,papril,17
DEU,gefrorene frü,17
DEU,Hackflei,17
DEU,china nudeln,17
DEU,sauergu,17
DEU,zitronenwasser,17
DEU,knollensellerie,17
DEU,Vollwaschmittel,17
DEU,mandelme,17
DEU,ja! wasser,17
DEU,schupfnu,17
DEU,morgan,17
DEU,höhlen,17
DEU,teigt,17
DEU,kondenzmilch,17
DEU,pommessalz,17
DEU,egg plant,17
DEU,kartei,17
DEU,dinkel flakes,17
DEU,sojasosse,17
DEU,Schwe,17
DEU,old el paso,17
DEU,apfelschorlw,17
DEU,alr,17
DEU,gummi bärchen,17
DEU,instant ka,17
DEU,schupfnude,17
DEU,passoa,17
DEU,7day,17
DEU,paprika mix,17
DEU,tagliatell,17
DEU,exp,17
DEU,chanpi,17
DEU,leinsame,17
DEU,kaffeeweis,17
DEU,frichkäse,17
DEU,zuv,17
DEU,baby spi,17
DEU,protein po,17
DEU,Bonbon,17
DEU,dosa,17
DEU,crispy chi,17
DEU,fruchtgumm,17
DEU,smok,17
DEU,grünes pesto,17
DEU,rocks,17
DEU,part,17
DEU,ir,17
DEU,toast harry,17
DEU,kalbsleberwurst,17
DEU,käse auf,17
DEU,Süs,17
DEU,pene,17
DEU,karitten,17
DEU,orange wein,17
DEU,pfif,17
DEU,Las,17
DEU,türkischer reis,17
DEU,Mozare,17
DEU,pesto barilla,17
DEU,vivani,17
DEU,mayonnai,17
DEU,jagermeister,17
DEU,chovi,17
DEU,kartoffelpuff,17
DEU,kaffee ka,17
DEU,salalt,17
DEU,ludwigsluster,17
DEU,tegernseer,17
DEU,Kessel,17
DEU,erdinger alkoholfrei,17
DEU,esspresso,17
DEU,Grana,17
DEU,schloss,17
DEU,cut,17
DEU,joghurt mild,17
DEU,whole wheat,17
DEU,Flamm,17
DEU,pommea,17
DEU,rosemar,17
DEU,Kartoffels,17
DEU,followfish,17
DEU,sun dried tomatoes,17
DEU,vro,17
DEU,instantnudeln,17
DEU,dru,17
DEU,kichererbsen chips,17
DEU,mc donalds,17
DEU,red w,17
DEU,saure gutken,17
DEU,pizza suprema,17
DEU,milchal,17
DEU,brusche,17
DEU,Toilettenpapier ja,17
DEU,frozen b,17
DEU,spunde,17
DEU,roul,17
DEU,rwtter,17
DEU,treats,17
DEU,pistazien creme,17
DEU,havkf,17
DEU,ice cream protein,17
DEU,cars,17
DEU,salami gef,17
DEU,salatkrönung,17
DEU,sour cream chips,17
DEU,aleays,17
DEU,Pancake,17
DEU,three sixty,17
DEU,soft drinks,17
DEU,mangostan,17
DEU,dirup,17
DEU,lauchzwiebe,17
DEU,granny smith,17
DEU,holon,17
DEU,chapa,17
DEU,saft multi,17
DEU,Tiefkühlgemüse,17
DEU,mutto,17
DEU,guc,17
DEU,eiern,17
DEU,Mia,17
DEU,nougat bi,17
DEU,chicolate,17
DEU,spinst,17
DEU,paper plate,17
DEU,cervelat,17
DEU,toast br,17
DEU,mandu,17
DEU,sua,17
DEU,protein puddi,17
DEU,haat,17
DEU,olivenöl bio,17
DEU,welt,17
DEU,od,17
DEU,alnatura kekse,17
DEU,Wasser stil,17
DEU,spekulatius,17
DEU,gos,17
DEU,altnatura,17
DEU,havan,17
DEU,beerenm,17
DEU,allergie,17
DEU,kuk,17
DEU,blender,17
DEU,heudelbeeren,17
DEU,wildheid,17
DEU,rohrrein,17
DEU,minut,17
DEU,Pfefferminz,17
DEU,tisch,17
DEU,ohre,17
DEU,malbro,17
DEU,ingver,17
DEU,essp,17
DEU,loll,17
DEU,ehrmann high,17
DEU,bubble gum,17
DEU,Spi,17
DEU,Getreide,17
DEU,hacker,17
DEU,paraceta,17
DEU,tomaren,17
DEU,pres,17
DEU,meerretti,17
DEU,chh,17
DEU,crash,17
DEU,aç,17
DEU,zuegen,17
DEU,bistr,17
DEU,alnatura mango,17
DEU,heidelber,17
DEU,tiefkühlge,17
DEU,long paper,17
DEU,soma,17
DEU,finn cr,17
DEU,Magerq,17
DEU,pizzateih,17
DEU,trüffel salami,17
DEU,chips protein,17
DEU,haftcre,17
DEU,fleischbäll,17
DEU,joghurts,17
DEU,frishka,17
DEU,danon,17
DEU,tk mango,17
DEU,grüne bo,17
DEU,litt,17
DEU,kokos mandel,17
DEU,fleck,17
DEU,cornichos,17
DEU,Pflaume,17
DEU,wahl,17
DEU,cactus,17
DEU,sahnek,17
DEU,bruz,17
DEU,kokosmehl,17
DEU,Weißwurst,17
DEU,zero energy,17
DEU,ketsc,17
DEU,herri,17
DEU,aufschbitt,17
DEU,aufbackbrötcheb,17
DEU,kraker,17
DEU,mølk,17
DEU,Käse geri,17
DEU,alnati,17
DEU,leben,17
DEU,sanbitter,17
DEU,softdr,17
DEU,schokolade alnatura,17
DEU,kerchup,17
DEU,garlic pow,17
DEU,sampoo,17
DEU,kirchererbsen,17
DEU,passierte tomat,17
DEU,paracet,17
DEU,goz,17
DEU,ailo,17
DEU,dye,17
DEU,volt,17
DEU,santa maria,17
DEU,käse a,17
DEU,elias,17
DEU,glutenfrei bier,17
DEU,fackel,17
DEU,magic,17
DEU,ksr,17
DEU,Kinder pi,17
DEU,zutro,17
DEU,mikad,17
DEU,grizzly foods,17
DEU,tuefkühl,17
DEU,porter,17
DEU,Toni,17
DEU,räuche,17
DEU,rote linse,17
DEU,Apfelstrudel,17
DEU,bleiche,17
DEU,auftrich,16
DEU,psp,16
DEU,Melo,16
DEU,Fliegen,16
DEU,ordner,16
DEU,fanra,16
DEU,kircherb,16
DEU,mussarela,16
DEU,veh,16
DEU,paradise,16
DEU,biwr,16
DEU,Leibniz,16
DEU,salat dre,16
DEU,nivea creme,16
DEU,knack & back,16
DEU,fila,16
DEU,Sourcecode cream,16
DEU,paulb,16
DEU,auppe,16
DEU,arabiatta,16
DEU,käsekra,16
DEU,noodeln,16
DEU,brätchen,16
DEU,Knacker,16
DEU,wassar,16
DEU,bio ka,16
DEU,supoe,16
DEU,sahne haltbar,16
DEU,baby water,16
DEU,Chiasamen,16
DEU,sonett,16
DEU,Breze,16
DEU,zerial,16
DEU,wäscheparf,16
DEU,washing pods,16
DEU,weidemil,16
DEU,gavi,16
DEU,celebrations,16
DEU,Haferf,16
DEU,medicine,16
DEU,panty liner,16
DEU,birth,16
DEU,dänisch,16
DEU,creamer,16
DEU,coffee drink,16
DEU,kaeto,16
DEU,paprika paste,16
DEU,brets,16
DEU,feuchtet,16
DEU,Laktosefreie,16
DEU,den,16
DEU,şalgam,16
DEU,leipniz,16
DEU,lash,16
DEU,bauchsp,16
DEU,hähnchr,16
DEU,regenschirm,16
DEU,heißluft,16
DEU,calipso,16
DEU,aufback brö,16
DEU,more zer,16
DEU,Börek,16
DEU,salz chips,16
DEU,friends of asia,16
DEU,erdeb,16
DEU,wischen,16
DEU,hafer milk,16
DEU,gitter,16
DEU,flak,16
DEU,grunkohl,16
DEU,hakfleisch,16
DEU,Worcestershire,16
DEU,make up entferner,16
DEU,chicore,16
DEU,benjam,16
DEU,cannell,16
DEU,prpsi,16
DEU,Ben and jerry,16
DEU,tk gemü,16
DEU,salas,16
DEU,super glue,16
DEU,snack möhren,16
DEU,barbec,16
DEU,protein k,16
DEU,coffein,16
DEU,tomato pur,16
DEU,red Bull,16
DEU,gulsch,16
DEU,spanien,16
DEU,daal,16
DEU,pizza to,16
DEU,tabb,16
DEU,ingwers,16
DEU,ziegenfr,16
DEU,chili pulver,16
DEU,monster ultra,16
DEU,franzi,16
DEU,kuchr,16
DEU,essig gu,16
DEU,sirachs,16
DEU,tafelschokolade,16
DEU,late,16
DEU,bebivi,16
DEU,Zahnbürsten,16
DEU,bio karto,16
DEU,presi,16
DEU,yop,16
DEU,crakers,16
DEU,kaffeeweiß,16
DEU,saure sagne,16
DEU,hobbit,16
DEU,monk,16
DEU,körniger frischkä,16
DEU,zupfkuchen,16
DEU,Lätta,16
DEU,prosciutto crudo,16
DEU,yogurett,16
DEU,lutsch,16
DEU,pante,16
DEU,handwa,16
DEU,Kugelschreiber,16
DEU,wäschepods,16
DEU,malen,16
DEU,cremo,16
DEU,nugat bits,16
DEU,Ahead,16
DEU,sandwicj,16
DEU,freezer bag,16
DEU,cip,16
DEU,kartotten,16
DEU,tet,16
DEU,cram,16
DEU,bärchenwurst,16
DEU,reisdrink,16
DEU,haken,16
DEU,veganer auf,16
DEU,piru,16
DEU,mineralwasser still,16
DEU,groechischer,16
DEU,rat,16
DEU,rggs,16
DEU,schnand,16
DEU,Bre,16
DEU,puteb,16
DEU,redd,16
DEU,vanilleei,16
DEU,bauc,16
DEU,patmesan,16
DEU,capsul,16
DEU,kucher,16
DEU,kaffeepad,16
DEU,halbtrocken,16
DEU,Erdbeben,16
DEU,biersc,16
DEU,white choc,16
DEU,filoteig,16
DEU,lunch meat,16
DEU,thü,16
DEU,coffee capsule,16
DEU,salatdr,16
DEU,apste,16
DEU,prunes,16
DEU,mozae,16
DEU,sprite z,16
DEU,grüne bohn,16
DEU,sül,16
DEU,ja still,16
DEU,knoböauch,16
DEU,stahlwolle,16
DEU,cottage c,16
DEU,klopaier,16
DEU,weo,16
DEU,health,16
DEU,Schokoriegel,16
DEU,mastu,16
DEU,bour,16
DEU,Fruchtjoghurt,16
DEU,roch,16
DEU,debreziner,16
DEU,ristor,16
DEU,Tiefkühlobst,16
DEU,phile,16
DEU,crushed eis,16
DEU,poop,16
DEU,kartoffwln,16
DEU,rice c,16
DEU,wachmittel,16
DEU,schlemmerf,16
DEU,Geschirrspülmittel,16
DEU,Rettich,16
DEU,panck,16
DEU,pfr,16
DEU,rewe pudding,16
DEU,milk bread,16
DEU,ketxhup,16
DEU,fete,16
DEU,toki,16
DEU,easse,16
DEU,kirschgrütze,16
DEU,brokoll,16
DEU,srirach,16
DEU,Fage,16
DEU,pite,16
DEU,Anan,16
DEU,cola vanill,16
DEU,yum yu,16
DEU,eggpla,16
DEU,muß,16
DEU,erdnusss,16
DEU,ash,16
DEU,Ener,16
DEU,nectarines,16
DEU,cooler,16
DEU,kaffepads,16
DEU,cocktailsauce,16
DEU,speku,16
DEU,mülleimer,16
DEU,banene,16
DEU,katzen trocken,16
DEU,wickelunterlage,16
DEU,turm,16
DEU,krombacher spezi,16
DEU,spicy chips,16
DEU,deta,16
DEU,putenbrudt,16
DEU,toiel,16
DEU,erdnussbuttee,16
DEU,ayoli,16
DEU,enthaarung,16
DEU,wisky,16
DEU,zucker frei,16
DEU,ube,16
DEU,spli,16
DEU,orzo salat,16
DEU,Staubsauger,16
DEU,feigense,16
DEU,vitamin wel,16
DEU,schoko vegan,16
DEU,rohre,16
DEU,baba ganoush,16
DEU,kräuter bagu,16
DEU,mints,16
DEU,mangol,16
DEU,burs,16
DEU,erdnusssoße,16
DEU,klopapiee,16
DEU,buckw,16
DEU,flutsc,16
DEU,tund,16
DEU,friends of,16
DEU,qiark,16
DEU,Türk,16
DEU,chilipulver,16
DEU,käsesnack,16
DEU,austernpilze,16
DEU,crot,16
DEU,kopier,16
DEU,ruce,16
DEU,schokolaf,16
DEU,zipp,16
DEU,giflar,16
DEU,nasenspr,16
DEU,angebo,16
DEU,knabbe,16
DEU,linaen,16
DEU,weiße b,16
DEU,babe,16
DEU,Dr pepp,16
DEU,mizell,16
DEU,Müller milch,16
DEU,croissnt,16
DEU,penu,16
DEU,vegsn,16
DEU,bratensau,16
DEU,paata,16
DEU,pinz,16
DEU,cocun,16
DEU,traubenschorle,16
DEU,handwasch,16
DEU,creamy,16
DEU,ü ei,16
DEU,curryketchup,16
DEU,hackfleidch,16
DEU,zieh,16
DEU,protein schoko,16
DEU,puzz,16
DEU,fruhling,16
DEU,tomsto,16
DEU,frisch kä,16
DEU,königsb,16
DEU,girken,16
DEU,scottex,16
DEU,pasat,16
DEU,rindhack,16
DEU,schat,16
DEU,mango yogurt,16
DEU,ziebel,16
DEU,schwart,16
DEU,tofy,16
DEU,sahnepudding,16
DEU,burger p,16
DEU,grille,16
DEU,quark lak,16
DEU,cottage chees,16
DEU,karottr,16
DEU,husk,16
DEU,roibos,16
DEU,rice cr,16
DEU,physalis,16
DEU,appe,16
DEU,hähnchenkeu,16
DEU,garlic b,16
DEU,tell,16
DEU,vollkorn spaghetti,16
DEU,zitronenabrieb,16
DEU,broi,16
DEU,schule,16
DEU,staudensellerie,16
DEU,kik,16
DEU,Knabe,16
DEU,Gelee,16
DEU,kräuterfri,16
DEU,vegan c,16
DEU,schatt,16
DEU,alpro jogurt,16
DEU,salsicia,16
DEU,wow,16
DEU,fenugreek,16
DEU,Palmolive,16
DEU,joghurt 1kg,16
DEU,cleaning spray,16
DEU,eistee z,16
DEU,hafervoll,16
DEU,puderzuc,16
DEU,kaday,16
DEU,Milch l,16
DEU,artischok,16
DEU,maism,16
DEU,bega,16
DEU,küchentoll,16
DEU,chs,16
DEU,kartoffrl,16
DEU,tomaten stücke,16
DEU,ofenköse,16
DEU,pocorn,16
DEU,pliven,16
DEU,mikrowell,16
DEU,yoghut,16
DEU,scholl,16
DEU,crispy chil,16
DEU,Minera,16
DEU,sour candy,16
DEU,weiswei,16
DEU,geflügel aufschnitt,16
DEU,rippen,16
DEU,Toblerone,16
DEU,mice,16
DEU,mc cain,16
DEU,weingumm,16
DEU,rus,16
DEU,bitter schoko,16
DEU,e zi,16
DEU,vegan snacks,16
DEU,scheu,16
DEU,this is foo,16
DEU,käse st,16
DEU,käsebä,16
DEU,blausch,16
DEU,esspap,16
DEU,american spir,16
DEU,gesa,16
DEU,buis,16
DEU,rote boh,16
DEU,babana,16
DEU,katzenfutter trocken,16
DEU,reiseaffeln,16
DEU,kritha,16
DEU,mante,16
DEU,eis kaktus,16
DEU,napk,16
DEU,maraku,16
DEU,erdbeermarmel,16
DEU,griz,16
DEU,Appenzeller,16
DEU,bananen chips,16
DEU,earl gr,16
DEU,limsen,16
DEU,tomaten geh,16
DEU,fleischwurdt,16
DEU,Dildo,16
DEU,fritier,16
DEU,kartp,16
DEU,Rote Bete,16
DEU,perer,16
DEU,yayla yogurt,16
DEU,gon,16
DEU,red lentils,16
DEU,chicken br,16
DEU,sama,16
DEU,Geschirrspültabs,16
DEU,rahmspi,16
DEU,kokomilch,16
DEU,silver,16
DEU,schab,16
DEU,müllbeutel 60,16
DEU,Rum,16
DEU,orange ja,16
DEU,fere,16
DEU,coca-cola zero,16
DEU,Geschenkpapier,16
DEU,nesk,16
DEU,vösla,16
DEU,butter milch,16
DEU,detergen,16
DEU,Milch laktose,16
DEU,bihn,16
DEU,hygiene spüler,16
DEU,frischkäde,16
DEU,chocom,16
DEU,quack,16
DEU,Gouda gerieben,16
DEU,pizza hawa,16
DEU,heilandt,16
DEU,heat,16
DEU,eisstee,16
DEU,pesto grün,16
DEU,chicken bre,16
DEU,getrocken,16
DEU,kabelja,16
DEU,chilli pulver,16
DEU,Eiweissbrot,16
DEU,gutfries,16
DEU,Spreewald,16
DEU,schas,16
DEU,pepper black,16
DEU,Ben und,16
DEU,Noodles,16
DEU,mangolassi,16
DEU,white choco,16
DEU,cabbag,16
DEU,alnature,16
DEU,limme,16
DEU,Burger bun,16
DEU,peach juice,16
DEU,trail,16
DEU,schnel,16
DEU,eukal,16
DEU,Cola Light,16
DEU,mozarella ger,16
DEU,koeo,16
DEU,cell,16
DEU,kindr,16
DEU,slam,16
DEU,dopio,16
DEU,red jull,16
DEU,elimas,16
DEU,frozen fr,16
DEU,tetra,16
DEU,aktivkohl,16
DEU,cola glas,16
DEU,Super pop,16
DEU,knoblsuch,16
DEU,capta,16
DEU,spuli,16
DEU,ernuss,16
DEU,lamp,16
DEU,plastic wrap,16
DEU,nusskernmischung,16
DEU,rusk,16
DEU,giuda,16
DEU,schaebens,16
DEU,bananae,16
DEU,guine,16
DEU,samyan,16
DEU,mageres,16
DEU,onigri,16
DEU,grapefruitsaft,16
DEU,frozen blueberry,16
DEU,Fleischkäse,16
DEU,Schme,16
DEU,sonnenblumen kerne,16
DEU,TK Gemüse,16
DEU,kultur,16
DEU,chilli chee,16
DEU,sae,16
DEU,vegan magnum,16
DEU,zwit,16
DEU,knacki,16
DEU,Herta,16
DEU,maden suyu,16
DEU,salamon,16
DEU,kaufummi,16
DEU,poweraid,16
DEU,yoğ,16
DEU,schokoli,16
DEU,eq,16
DEU,Honey,16
DEU,loofa,16
DEU,Nori,16
DEU,farmer salat,16
DEU,milchkaffee,16
DEU,greek yougurt,16
DEU,Drachenfrucht,16
DEU,nuspli,16
DEU,contact,16
DEU,sekunde,16
DEU,bread protein,16
DEU,cheesest,16
DEU,deo roll,16
DEU,bahu,16
DEU,ren,16
DEU,davert,16
DEU,konfitü,16
DEU,parke,16
DEU,champignong,16
DEU,vanillepaste,16
DEU,green pea,16
DEU,schoko br,16
DEU,sauresahne,16
DEU,pfiri,16
DEU,doug,16
DEU,cheese it,16
DEU,basilic,16
DEU,gurkens,16
DEU,Maoam,16
DEU,schwammt,16
DEU,taten,16
DEU,vino verde,16
DEU,Protein pudding,16
DEU,butr,16
DEU,jelly beans,16
DEU,Flüssigwaschmittel,16
DEU,pizza b,16
DEU,dinkelfl,16
DEU,duschgek,16
DEU,Zuchini,16
DEU,baked b,16
DEU,em eukal,16
DEU,rp,16
DEU,backca,16
DEU,tatar,16
DEU,ansnas,16
DEU,riegel protein,16
DEU,käsewiener,16
DEU,mizza,16
DEU,white pepper,16
DEU,instant co,16
DEU,strau,16
DEU,hähnchenfl,16
DEU,heffe,16
DEU,crossies,16
DEU,gofret,16
DEU,metal,16
DEU,spageth,16
DEU,Milch 3,16
DEU,zigarettem,16
DEU,wrigley,16
DEU,schmelzfl,16
DEU,st pel,16
DEU,maro,16
DEU,eiscaffee,16
DEU,la gioi,16
DEU,studentenf,16
DEU,essigrein,16
DEU,rub,16
DEU,glühb,16
DEU,apfelwe,16
DEU,arabic bread,16
DEU,nipp,16
DEU,canned fish,16
DEU,madl,16
DEU,burgersoße,16
DEU,ungaris,16
DEU,Brille,16
DEU,bratwürst,16
DEU,sanella,16
DEU,Mousse,16
DEU,Händchen,16
DEU,schinkensp,16
DEU,pangas,16
DEU,grischi,16
DEU,Himb,16
DEU,Honig senf,16
DEU,rinders,16
DEU,valensina,16
DEU,banannen,16
DEU,fruchtsaft,16
DEU,shoy,16
DEU,grillflei,16
DEU,elot,16
DEU,babyspi,16
DEU,coffee to go,16
DEU,gatora,16
DEU,dent,16
DEU,cantal,16
DEU,butter cookies,16
DEU,putr,16
DEU,cura,16
DEU,more s,16
DEU,coco water,16
DEU,Johurt,16
DEU,stö,16
DEU,ruck,16
DEU,ingwer shots,16
DEU,aran,16
DEU,biden,16
DEU,lemom,16
DEU,Geflügelsalat,16
DEU,Knobla,16
DEU,salami gefl,16
DEU,instanttee,16
DEU,karottensalat,16
DEU,tolaten,16
DEU,wasser kohl,16
DEU,eisz,16
DEU,nougat bites,16
DEU,pastasa,16
DEU,eraser,16
DEU,colg,16
DEU,portakal,16
DEU,nudeln gluten,16
DEU,risottoreis,16
DEU,suppenflei,16
DEU,soya sa,16
DEU,Edam,16
DEU,fischt,16
DEU,bio trauben,16
DEU,mayonais,16
DEU,manf,16
DEU,Salatherzen,16
DEU,schrippen,16
DEU,burger k,16
DEU,puten brust,16
DEU,wurzel,16
DEU,coconut wasser,16
DEU,sult,16
DEU,ben‘,16
DEU,banana chips,16
DEU,taf,16
DEU,käse stange,16
DEU,backpapie,16
DEU,Cocos,16
DEU,toothbr,16
DEU,altiv,16
DEU,spühlmasch,16
DEU,Würs,16
DEU,eiswürfek,16
DEU,croissanr,16
DEU,baban,16
DEU,filtertüten,16
DEU,non alcoholic,16
DEU,kinder bueno eis,16
DEU,Alna,16
DEU,pasta frisch,16
DEU,putens,16
DEU,reishunger,16
DEU,fizz,16
DEU,Mascar,16
DEU,steinsalz,16
DEU,haferflockem,16
DEU,Hafe,16
DEU,tras,16
DEU,ben jer,16
DEU,vitamin well zero,16
DEU,wasd,16
DEU,Apfels,16
DEU,aalat,16
DEU,fall,16
DEU,vai,16
DEU,zigartten,16
DEU,spaghetto,16
DEU,provo,16
DEU,craime,16
DEU,käsewürf,16
DEU,ja eier,16
DEU,Ger,16
DEU,laya,16
DEU,burrs,16
DEU,eis waffel,16
DEU,bio p,16
DEU,rucolla,16
DEU,ksrtoffeln,16
DEU,vanille p,16
DEU,pek,16
DEU,amei,16
DEU,hibi,16
DEU,hols,16
DEU,cauliflo,16
DEU,einlage,16
DEU,dispo,16
DEU,Soja milch,16
DEU,twix eis,16
DEU,weichspu,16
DEU,gouda bio,16
DEU,roter,16
DEU,brötvhen,16
DEU,schokofrü,16
DEU,schokolade backen,16
DEU,hähnchen vegan,16
DEU,eierli,16
DEU,Gew,16
DEU,körnuger,16
DEU,bloc,16
DEU,Redbul,16
DEU,pizaa,16
DEU,bio t,16
DEU,katzr,16
DEU,milka cookies,16
DEU,rittersp,16
DEU,taco shells,16
DEU,pinot noir,16
DEU,eisberh,16
DEU,haba,16
DEU,kräuterfrischk,16
DEU,lotuscreme,16
DEU,secc,16
DEU,Cider,16
DEU,holy energy,16
DEU,egg salad,16
DEU,qurk,16
DEU,fleischt,16
DEU,blumenkohlreis,16
DEU,Paracetamol,16
DEU,bio zit,16
DEU,hut,16
DEU,pizza mag,16
DEU,kinderpin,16
DEU,m und,16
DEU,shlag,16
DEU,instant coff,16
DEU,bake roll,16
DEU,qino,16
DEU,kinder bue,16
DEU,Eiswürf,16
DEU,baut,16
DEU,kokosmilch light,16
DEU,"0,2",16
DEU,zeiebeln,16
DEU,geflügel würst,16
DEU,nea,16
DEU,corneto,16
DEU,wasser ja!,16
DEU,Pingui,16
DEU,net,16
DEU,bisma,16
DEU,caotina,16
DEU,sußka,16
DEU,duch,16
DEU,Nutel,16
DEU,süsssto,16
DEU,fruchtflie,16
DEU,tönung,16
DEU,beerenmi,16
DEU,Tahin,16
DEU,dij,16
DEU,rote li,16
DEU,aivar,16
DEU,ja cookies,16
DEU,beeren bio,16
DEU,Champig,16
DEU,salatmay,16
DEU,nasenspra,16
DEU,Sonne,16
DEU,şehriye,16
DEU,tomst,16
DEU,thai basil,16
DEU,Ferti,16
DEU,Haarspülung,16
DEU,Leberkäs,16
DEU,bio gurk,16
DEU,cremis,16
DEU,like ch,16
DEU,eier frei,16
DEU,Trocken,16
DEU,rucols,16
DEU,reibekase,16
DEU,bens reis,16
DEU,brötxhen,16
DEU,rindersteak,16
DEU,stangeneis,16
DEU,panty,16
DEU,Amsterdam,16
DEU,ostl,16
DEU,perersilie,16
DEU,Sahnesteif,16
DEU,stuten,16
DEU,pran,16
DEU,xl,16
DEU,zahnburste,16
DEU,arabis,16
DEU,thai chef,16
DEU,powerbank,16
DEU,potato wedges,16
DEU,coconut wa,16
DEU,Kse,16
DEU,bell peppers,16
DEU,wein klein,16
DEU,kneckebrot,16
DEU,Vani,16
DEU,kümme,16
DEU,pasta penne,16
DEU,pemp,16
DEU,Bulda,16
DEU,bli,16
DEU,foo,16
DEU,kunder,16
DEU,roquefort,16
DEU,soja sa,16
DEU,vegane s,16
DEU,spaghetti sauce,16
DEU,vegane wü,16
DEU,fanta ze,16
DEU,ohrenstä,16
DEU,asia sauce,16
DEU,pizza hawaii,16
DEU,coci,16
DEU,schokobre,16
DEU,aloro,16
DEU,kisi,16
DEU,terea silver,16
DEU,waschmittwl,16
DEU,weiner,16
DEU,kaetoffeln,16
DEU,whipp,16
DEU,pq,16
DEU,Bag,16
DEU,vegan skyr,16
DEU,gemüse tief,16
DEU,toss,16
DEU,antipaste,16
DEU,febrez,16
DEU,mahl,16
DEU,beat,16
DEU,tobac,16
DEU,rec,16
DEU,zero sauce,16
DEU,bratp,16
DEU,eism,16
DEU,Ket,16
DEU,muli,16
DEU,klarsicht,16
DEU,air fresh,16
DEU,juicy,16
DEU,icecube,16
DEU,nicnacs,16
DEU,jofhurt,16
DEU,fonzies,16
DEU,outly,16
DEU,warps,16
DEU,marsc,16
DEU,wuerstchen,16
DEU,Desinfektionsmittel,16
DEU,Tempeh,16
DEU,Flowers,16
DEU,energy drinks,16
DEU,grüner apfel,16
DEU,pesi,16
DEU,sonnencr,16
DEU,häch,16
DEU,Saure Sahne,16
DEU,nuseln,16
DEU,flips jumbo,16
DEU,portakal suyu,16
DEU,proteinwraps,16
DEU,schultüte,16
DEU,schoko cr,16
DEU,käse lauch,16
DEU,haut,16
DEU,rettertu,16
DEU,baby w,16
DEU,teel,16
DEU,feitz,16
DEU,ritex,16
DEU,cantaloupe,16
DEU,parmesan vegan,16
DEU,schokolade wei,16
DEU,Gelatine,16
DEU,Insektenspray,16
DEU,kosmetik tücher,16
DEU,corn flak,16
DEU,glasreinig,16
DEU,ja pasta,16
DEU,burter,16
DEU,vanille extra,16
DEU,baby s,16
DEU,alas,16
DEU,camli,16
DEU,flosamen,16
DEU,probi,16
DEU,maniok,16
DEU,trockene,16
DEU,teg,16
DEU,hair brush,16
DEU,schokoku,16
DEU,geburtsta,16
DEU,Dr p,16
DEU,elekto,16
DEU,eintöpfe,16
DEU,teigta,16
DEU,L&M,16
DEU,Amorelie,16
DEU,Milh,16
DEU,Min,16
DEU,jack d,16
DEU,powder sugar,16
DEU,kochbeutel,16
DEU,Ladekabel,16
DEU,shallo,16
DEU,Burger buns,16
DEU,klopapa,16
DEU,linsenn,16
DEU,traiben,16
DEU,vegan brot,16
DEU,cornflex,16
DEU,steck,16
DEU,origano,16
DEU,green chill,16
DEU,mum,16
DEU,balsamiko,16
DEU,bisqui,16
DEU,edamme,16
DEU,silk,16
DEU,cacha,16
DEU,aufbackbrötche,16
DEU,milch rewe,16
DEU,fritzcola,16
DEU,messbecher,16
DEU,mayp,16
DEU,sia,16
DEU,sxhinken,16
DEU,fried onion,16
DEU,chickenburger,16
DEU,Pudd,16
DEU,schokoraspeln,16
DEU,Mozzare,16
DEU,kaffeekapse,16
DEU,aja,16
DEU,curry mango,16
DEU,mürit,16
DEU,white monster,16
DEU,kräuterfr,16
DEU,organics,16
DEU,minutenst,16
DEU,schnelzkäse,16
DEU,pistaziencre,16
DEU,creme fres,16
DEU,bretze,16
DEU,devely,16
DEU,einwe,16
DEU,Apfelm,16
DEU,corrian,16
DEU,hutt,16
DEU,wust,16
DEU,eingelegte gurke,16
DEU,pfefferon,16
DEU,Gösser,16
DEU,getrönke,16
DEU,kornige,16
DEU,Wasser mit Kohlensäure,16
DEU,herd,16
DEU,oat mill,16
DEU,schokostre,16
DEU,bid,16
DEU,erdnusscreme,16
DEU,vegtables,15
DEU,organi,15
DEU,kep,15
DEU,geze,15
DEU,carissima,15
DEU,He,15
DEU,envelope,15
DEU,leicht und,15
DEU,fruchtsecco,15
DEU,arla milch,15
DEU,ferment,15
DEU,cola zerl,15
DEU,cola t,15
DEU,flag,15
DEU,Marlboro mix,15
DEU,hundefut,15
DEU,gums,15
DEU,pizzagewürz,15
DEU,taschentucher,15
DEU,bananenmilch,15
DEU,risbellis,15
DEU,rigaton,15
DEU,hähnchen schenkel,15
DEU,capa,15
DEU,joghurt yayla,15
DEU,condon,15
DEU,kräuer,15
DEU,neut,15
DEU,seelac,15
DEU,happy hipp,15
DEU,kroket,15
DEU,ecl,15
DEU,cic,15
DEU,Gratin,15
DEU,vollwas,15
DEU,bananen bio,15
DEU,Speckwürfel,15
DEU,geschirrspülmittel,15
DEU,bub,15
DEU,eot,15
DEU,zwiebelb,15
DEU,adelholzner,15
DEU,katchup,15
DEU,Oliven öl,15
DEU,kompresse,15
DEU,patch,15
DEU,fertigreis,15
DEU,hand sanitizer,15
DEU,cerve,15
DEU,paprika p,15
DEU,almond mil,15
DEU,all purpose,15
DEU,burats,15
DEU,lach gummi,15
DEU,einma,15
DEU,marakuja,15
DEU,sahne hering,15
DEU,guhl,15
DEU,bez,15
DEU,paparika,15
DEU,seelach,15
DEU,Miso,15
DEU,hackfleiach,15
DEU,grüne s,15
DEU,mamor,15
DEU,spiral,15
DEU,pimen,15
DEU,sprote,15
DEU,true fru,15
DEU,tiefkuehl,15
DEU,spulma,15
DEU,stilles w,15
DEU,Kopfhörer,15
DEU,apfelring,15
DEU,aple,15
DEU,scar,15
DEU,vegan sü,15
DEU,Pest,15
DEU,bratpa,15
DEU,erdbüsse,15
DEU,by,15
DEU,bohnem,15
DEU,camm,15
DEU,washm,15
DEU,nussecke,15
DEU,Salate,15
DEU,salather,15
DEU,mosq,15
DEU,chipsf,15
DEU,Käse gouda,15
DEU,ben and jerries,15
DEU,manfel,15
DEU,Sauce holl,15
DEU,bauchs,15
DEU,abraham,15
DEU,susskart,15
DEU,burgerbro,15
DEU,kaiserschmarn,15
DEU,wolke,15
DEU,Greek yoghurt,15
DEU,milka tuc,15
DEU,hitschl,15
DEU,Maul,15
DEU,fusse,15
DEU,Tabasco,15
DEU,erdnussflip,15
DEU,weinblät,15
DEU,pfannenkuchen,15
DEU,vegan nutella,15
DEU,move,15
DEU,gauda käse,15
DEU,burger sau,15
DEU,pinto,15
DEU,gigantes,15
DEU,120 l,15
DEU,Tampon,15
DEU,mandeö,15
DEU,coconut yoghurt,15
DEU,Nutella eis,15
DEU,geräu,15
DEU,beoccoli,15
DEU,maion,15
DEU,white onion,15
DEU,badi,15
DEU,sahne zum,15
DEU,xanthan,15
DEU,chio chips,15
DEU,vösl,15
DEU,vini,15
DEU,eistee zer,15
DEU,cheese curls,15
DEU,Lak,15
DEU,cola dosen,15
DEU,bucket,15
DEU,double cream,15
DEU,lartoffel,15
DEU,Kuch,15
DEU,tilapia,15
DEU,beereb,15
DEU,Lamm,15
DEU,leche,15
DEU,lupi,15
DEU,morw,15
DEU,vega creme,15
DEU,high protein milch,15
DEU,motar,15
DEU,Starbu,15
DEU,hühnersupp,15
DEU,wasser 1l,15
DEU,knoblauchbag,15
DEU,ras el,15
DEU,hygiene spray,15
DEU,karama,15
DEU,tomaten geschält,15
DEU,red bull cola,15
DEU,kinder sch,15
DEU,"0,",15
DEU,speisequa,15
DEU,madelein,15
DEU,vegan h,15
DEU,ganta,15
DEU,dr. beckmann,15
DEU,eiscubes,15
DEU,gouda light,15
DEU,cherrytoma,15
DEU,articho,15
DEU,sant,15
DEU,barebel,15
DEU,deut,15
DEU,ja joghurt,15
DEU,ricco,15
DEU,eiweis brot,15
DEU,geflügelleberwurst,15
DEU,käsestan,15
DEU,eıs,15
DEU,bama,15
DEU,feischkäse,15
DEU,bismar,15
DEU,eierspätzle,15
DEU,swip,15
DEU,Küchenroll,15
DEU,quark 20,15
DEU,volkorntoast,15
DEU,lasagnepl,15
DEU,Gran,15
DEU,mozzere,15
DEU,kornflak,15
DEU,servierten,15
DEU,hamburger buns,15
DEU,brot geschnitten,15
DEU,swa,15
DEU,Eis tee,15
DEU,powerra,15
DEU,linis,15
DEU,Pfefferminze,15
DEU,pfannekuchen,15
DEU,Beot,15
DEU,zartbitter schoko,15
DEU,yogo,15
DEU,gemüsebrphe,15
DEU,pizzatwig,15
DEU,vegane may,15
DEU,kalamat,15
DEU,string cheese,15
DEU,bism,15
DEU,scharfe soße,15
DEU,nul,15
DEU,orr,15
DEU,truthan,15
DEU,groech,15
DEU,bio kefir,15
DEU,alpro yo,15
DEU,gabe,15
DEU,Cho,15
DEU,schmierseife,15
DEU,dicke bohnen,15
DEU,stremmel,15
DEU,Staudensellerie,15
DEU,babyt,15
DEU,harivo,15
DEU,farmers,15
DEU,Flocken,15
DEU,kaffemilch,15
DEU,Wildlachs,15
DEU,wahre,15
DEU,rewe beste wah,15
DEU,zeto,15
DEU,gerold,15
DEU,berline,15
DEU,truffe,15
DEU,prez,15
DEU,zwiebelme,15
DEU,moca,15
DEU,jurg,15
DEU,brochen,15
DEU,emmentaler gerieben,15
DEU,unge,15
DEU,spülmaschiene,15
DEU,wildberr,15
DEU,stilles wa,15
DEU,käse li,15
DEU,nico,15
DEU,energy drink zero,15
DEU,chicken cheese,15
DEU,chivken,15
DEU,mini pi,15
DEU,cheeses,15
DEU,burst,15
DEU,salami pfeffer,15
DEU,Salat Dressing,15
DEU,rote Zwiebel,15
DEU,chips ja!,15
DEU,panne,15
DEU,sultan,15
DEU,fettreiniger,15
DEU,buttersc,15
DEU,fettre,15
DEU,aufschnitt käse,15
DEU,orecchiette,15
DEU,starbuckd,15
DEU,waldfrucht,15
DEU,aufbackbrötch,15
DEU,zitronengr,15
DEU,reispfanne,15
DEU,pfeffersa,15
DEU,geschäl,15
DEU,sahne la,15
DEU,gm,15
DEU,flüss,15
DEU,safra,15
DEU,gibger,15
DEU,aahne,15
DEU,hafer riegel,15
DEU,kala namak,15
DEU,harisa,15
DEU,isad,15
DEU,zartbitterschoko,15
DEU,speisequar,15
DEU,vok,15
DEU,lentil pasta,15
DEU,frischkäse balance,15
DEU,milchbrötch,15
DEU,grilled,15
DEU,mll,15
DEU,berries frozen,15
DEU,brötchem,15
DEU,oat cookies,15
DEU,Ohne zucker,15
DEU,coko,15
DEU,Aqua,15
DEU,jaggery,15
DEU,curls,15
DEU,zitrom,15
DEU,Do,15
DEU,red onio,15
DEU,cotage,15
DEU,spül tabs,15
DEU,Körniger Frischkäse,15
DEU,karotteb,15
DEU,erdbeeren tk,15
DEU,italienisc,15
DEU,vollmich,15
DEU,hackfleic,15
DEU,chlorix,15
DEU,winsto,15
DEU,coppenrsth,15
DEU,breat,15
DEU,hotdog br,15
DEU,chii,15
DEU,smand,15
DEU,Frikade,15
DEU,vollkorn mehl,15
DEU,Kaffeekapseln,15
DEU,überra,15
DEU,baby feuchttücher,15
DEU,warsteiner,15
DEU,Kresse,15
DEU,backc,15
DEU,pastasau,15
DEU,coco milk,15
DEU,pfeffer schwarz,15
DEU,biomanu,15
DEU,drache,15
DEU,zoga,15
DEU,stachel,15
DEU,wundspray,15
DEU,frizzante,15
DEU,prodomo,15
DEU,pimentos,15
DEU,cotton pad,15
DEU,Bio Eier,15
DEU,aufschnitt bio,15
DEU,guacomole,15
DEU,hafermilch bio,15
DEU,kum,15
DEU,toale,15
DEU,Na,15
DEU,raumspr,15
DEU,Hit,15
DEU,ohne Zucker,15
DEU,mael,15
DEU,snea,15
DEU,hazy,15
DEU,deutsche see,15
DEU,disinfect,15
DEU,sauerkirs,15
DEU,gz,15
DEU,hot doh,15
DEU,oropa,15
DEU,extra virgin,15
DEU,woter,15
DEU,Caesar,15
DEU,choch,15
DEU,creati,15
DEU,toilet brush,15
DEU,schokolade orange,15
DEU,sekundenkl,15
DEU,chipsfr,15
DEU,"joghurt 3,5",15
DEU,rokula,15
DEU,joghurt 0.1,15
DEU,griesp,15
DEU,gefrorene Früchte,15
DEU,kotlett,15
DEU,mulino,15
DEU,hafermilch glutenfrei,15
DEU,signal,15
DEU,cola c,15
DEU,davidoff slim,15
DEU,üommes,15
DEU,hackbraten,15
DEU,date syrup,15
DEU,schaumk,15
DEU,blueberrie,15
DEU,saff,15
DEU,bussi,15
DEU,klo p,15
DEU,yogart,15
DEU,fö,15
DEU,carrit,15
DEU,apfel sch,15
DEU,backkaka,15
DEU,tsatziki,15
DEU,filtert,15
DEU,e27,15
DEU,bread sticks,15
DEU,mom,15
DEU,kà,15
DEU,steak bio,15
DEU,snack salami,15
DEU,zücker,15
DEU,schnellhefter,15
DEU,Rostbratwurst,15
DEU,crunchchips,15
DEU,sour patch,15
DEU,parmsan,15
DEU,moore,15
DEU,schimmelkäse,15
DEU,moth,15
DEU,hhc,15
DEU,entrecot,15
DEU,hähnchensche,15
DEU,lid,15
DEU,glasses,15
DEU,soina,15
DEU,sahnestei,15
DEU,zitroneng,15
DEU,tee kalt,15
DEU,schmor,15
DEU,frozen straw,15
DEU,ruccu,15
DEU,luch,15
DEU,oys,15
DEU,raucherlachs,15
DEU,sojamilc,15
DEU,kerbel,15
DEU,Fritz kola,15
DEU,lamacun,15
DEU,proteinpudd,15
DEU,knödelteig,15
DEU,müllsac,15
DEU,Salbei,15
DEU,hie,15
DEU,zwir,15
DEU,freeze,15
DEU,baque,15
DEU,melasse,15
DEU,mandelnilch,15
DEU,aqua mia,15
DEU,reisessi,15
DEU,panade,15
DEU,Makkaroni,15
DEU,currysauce,15
DEU,reibeköse,15
DEU,worcest,15
DEU,tomaten gest,15
DEU,kaiserschm,15
DEU,penisring,15
DEU,Tequila,15
DEU,nachis,15
DEU,salatsosse,15
DEU,coffee b,15
DEU,sauce light,15
DEU,backmisc,15
DEU,marinated,15
DEU,feuchttu,15
DEU,sallos,15
DEU,streichwu,15
DEU,kartoffeln im glas,15
DEU,tott,15
DEU,laz,15
DEU,proscui,15
DEU,schoko b,15
DEU,lee kum,15
DEU,singha,15
DEU,däni,15
DEU,salatg,15
DEU,tchi,15
DEU,appfel,15
DEU,tortr,15
DEU,ypghurt,15
DEU,mini mozza,15
DEU,schrim,15
DEU,stachelbeeren,15
DEU,reisling,15
DEU,çilek,15
DEU,soja schnetzel,15
DEU,vollwa,15
DEU,bambu,15
DEU,buttert,15
DEU,messmer,15
DEU,vegn,15
DEU,barcadi,15
DEU,blech,15
DEU,Fassbrause,15
DEU,kokonut,15
DEU,grieschicher,15
DEU,shaver,15
DEU,ghe,15
DEU,hänhchen,15
DEU,Tomatenmar,15
DEU,irish,15
DEU,käse go,15
DEU,pizzateog,15
DEU,glutamat,15
DEU,kedir,15
DEU,küchenpapie,15
DEU,zigeretten,15
DEU,arugu,15
DEU,lili,15
DEU,Noodle,15
DEU,vor,15
DEU,grobes salz,15
DEU,apfel grün,15
DEU,bullion,15
DEU,Sojasprossen,15
DEU,schafsjo,15
DEU,kokos eis,15
DEU,aheaf,15
DEU,Cream,15
DEU,eis so,15
DEU,An,15
DEU,grana padan,15
DEU,austernso,15
DEU,Marmela,15
DEU,rocu,15
DEU,pack choi,15
DEU,suess,15
DEU,reismil,15
DEU,irange,15
DEU,aufstricj,15
DEU,popcorn mais,15
DEU,junior,15
DEU,Gehackte,15
DEU,mühlenhof,15
DEU,Scampi,15
DEU,wholey acai,15
DEU,Hü,15
DEU,rogen,15
DEU,whole grain,15
DEU,selbstbräuner,15
DEU,Kondens,15
DEU,v+,15
DEU,nachod,15
DEU,bullrich,15
DEU,matcha latte,15
DEU,pfefferb,15
DEU,gefrorenes obst,15
DEU,sausage chicken,15
DEU,pimientos,15
DEU,kokos bar,15
DEU,naturtofu,15
DEU,gemüsestäbchen,15
DEU,gewurzgurken,15
DEU,dr.oet,15
DEU,sandwichbrot,15
DEU,lollipop,15
DEU,spanish,15
DEU,burgerk,15
DEU,American sp,15
DEU,Para,15
DEU,french press,15
DEU,biff,15
DEU,pfefferkö,15
DEU,gös,15
DEU,ziplo,15
DEU,hq,15
DEU,dessertso,15
DEU,milka eis,15
DEU,minte,15
DEU,oragensaft,15
DEU,skewers,15
DEU,bread frozen,15
DEU,chips funny,15
DEU,Eierlikör,15
DEU,hellim,15
DEU,waldmei,15
DEU,pflanzenfett,15
DEU,Senseo,15
DEU,joghurt alnatura,15
DEU,lachma,15
DEU,chickn,15
DEU,paprika ger,15
DEU,frozen dessert,15
DEU,schwerlast,15
DEU,fetq,15
DEU,aufbacksemmel,15
DEU,Papri,15
DEU,dorsch,15
DEU,vanille jo,15
DEU,Klopap,15
DEU,ritterspo,15
DEU,ramazotti,15
DEU,tunnfisch,15
DEU,Orang,15
DEU,lindt 70,15
DEU,orangesa,15
DEU,simp,15
DEU,olivien,15
DEU,konzen,15
DEU,rice pa,15
DEU,green olives,15
DEU,rasierkl,15
DEU,brenessel,15
DEU,gelder,15
DEU,mussels,15
DEU,wurstch,15
DEU,ez,15
DEU,fea,15
DEU,sprck,15
DEU,hänchenbrus,15
DEU,pink salt,15
DEU,San pele,15
DEU,Elephant,15
DEU,achmand,15
DEU,chips sal,15
DEU,saitan,15
DEU,monstee,15
DEU,instant nudel,15
DEU,Wil,15
DEU,Demeter,15
DEU,Artischocke,15
DEU,mortadella vegan,15
DEU,bakery cake,15
DEU,erdbeer eis,15
DEU,Joghurt mit,15
DEU,salzbreze,15
DEU,yo pro,15
DEU,Taifun,15
DEU,pizzazeig,15
DEU,creme brul,15
DEU,frische hefe,15
DEU,Arla,15
DEU,kisch,15
DEU,wack,15
DEU,zewe,15
DEU,machos,15
DEU,cola sero,15
DEU,bizzl,15
DEU,mediu,15
DEU,frito,15
DEU,wildheidelbeere,15
DEU,süßungs,15
DEU,koawach,15
DEU,schocolade,15
DEU,febree,15
DEU,crossaints,15
DEU,weled,15
DEU,baby waschmittel,15
DEU,milde,15
DEU,vegane leberwurst,15
DEU,milche,15
DEU,Coca c,15
DEU,shorle,15
DEU,aftersun,15
DEU,säure,15
DEU,Ze,15
DEU,Italien,15
DEU,tpi,15
DEU,marzisle,15
DEU,ilch,15
DEU,Pfirsiche,15
DEU,Schweinefilet,15
DEU,ernsen,15
DEU,peanut sauce,15
DEU,chiq,15
DEU,oatly bio,15
DEU,nuget,15
DEU,veganer lachs,15
DEU,pineapp,15
DEU,olivenpaste,15
DEU,honigmelo,15
DEU,hähnchen streifen,15
DEU,trüfü,15
DEU,brlo naked,15
DEU,zy,15
DEU,edelstoff,15
DEU,js,15
DEU,jh,15
DEU,zitronen kuchen,15
DEU,pufu,15
DEU,oloven,15
DEU,Shrimp,15
DEU,geräuch,15
DEU,latta,15
DEU,tomay,15
DEU,blumem,15
DEU,Tie,15
DEU,amsterdam,15
DEU,radicc,15
DEU,Tomaten soße,15
DEU,kochk,15
DEU,tinned,15
DEU,käse gratin,15
DEU,karbonat,15
DEU,käsesta,15
DEU,Süßk,15
DEU,vanille quark,15
DEU,sahne jo,15
DEU,soft coo,15
DEU,coucous,15
DEU,zwiebelsu,15
DEU,zero s,15
DEU,toillette,15
DEU,rotee,15
DEU,franu,15
DEU,Sard,15
DEU,taschentuchbox,15
DEU,protein ch,15
DEU,eei,15
DEU,zuki,15
DEU,paprikagewürz,15
DEU,enery,15
DEU,avocade,15
DEU,gemüse br,15
DEU,leck,15
DEU,muse,15
DEU,käse sandwich,15
DEU,celeri,15
DEU,pasta sayce,15
DEU,Lebensmittelfarbe,15
DEU,skyr natur,15
DEU,mj,15
DEU,Hanuta,15
DEU,Waser,15
DEU,soül,15
DEU,proein,15
DEU,luic,15
DEU,fette,15
DEU,kaltus,15
DEU,gepufft,15
DEU,tomare,15
DEU,birra,15
DEU,eis va,15
DEU,Wasser Sprudel,15
DEU,souc,15
DEU,bio wasser,15
DEU,icw,15
DEU,pregnan,15
DEU,Wurs,15
DEU,forest gum,15
DEU,mouarella,15
DEU,Zuck,15
DEU,Holzkohle,15
DEU,rugenwalder,15
DEU,spreads,15
DEU,chiasam,15
DEU,surf,15
DEU,kichet,15
DEU,lillydoo,15
DEU,küchene,15
DEU,suppenf,15
DEU,such,15
DEU,goj,15
DEU,Wackelpudding,15
DEU,neltarinen,15
DEU,every foods,15
DEU,bio gu,15
DEU,aprudel,15
DEU,eistee pf,15
DEU,handc,15
DEU,Dr o,15
DEU,menth,15
DEU,nudel sauce,15
DEU,ketchup bio,15
DEU,rindersa,15
DEU,schokocroissant,15
DEU,melh,15
DEU,naturjoghu,15
DEU,tomaten d,15
DEU,veganes hackfleisch,15
DEU,wild lachs,15
DEU,wein alko,15
DEU,new york,15
DEU,nagelack,15
DEU,Deodorant,15
DEU,fute,15
DEU,cola zero koffein,15
DEU,merret,15
DEU,hand s,15
DEU,kuve,15
DEU,kerry gold,15
DEU,eis mälzer,15
DEU,vou,15
DEU,soätzle,15
DEU,amerika,15
DEU,vanillesirup,15
DEU,fruchtrie,15
DEU,Nutell,15
DEU,koffei,15
DEU,kartoffrln,15
DEU,backwar,15
DEU,ricr,15
DEU,vre,15
DEU,chunky flavour,15
DEU,rügenwalde,15
DEU,knoblauchpu,15
DEU,laugenstang,15
DEU,pocket,15
DEU,Decaf,15
DEU,diebels,15
DEU,doe,15
DEU,trikot,15
DEU,tapio,15
DEU,cooa,15
DEU,freezer,15
DEU,wasser kiste,15
DEU,linsem,15
DEU,hackfleiscg,15
DEU,waschmittel pods,15
DEU,pfaner,15
DEU,schleife,15
DEU,barefoot,15
DEU,streichzart,15
DEU,xyl,15
DEU,tris,15
DEU,rotes curry,15
DEU,bohnen schwarz,15
DEU,yumurt,15
DEU,gurck,15
DEU,franks,15
DEU,kokos mil,15
DEU,bier alkoh,15
DEU,chicor,15
DEU,pritein,15
DEU,Putzmittel,15
DEU,weischspüler,15
DEU,toastis,15
DEU,paniert,15
DEU,gordons,15
DEU,vashew,15
DEU,knoblauch butter,15
DEU,aufla,15
DEU,wärmepflaster,15
DEU,lü,15
DEU,nerd,15
DEU,plastikbecher,15
DEU,Getränkesirup,15
DEU,Schwa,15
DEU,schall,15
DEU,casal,15
DEU,edelsüss,15
DEU,gelan,15
DEU,lammsb,15
DEU,griechisches,15
DEU,conf,15
DEU,En,15
DEU,Vanilla,15
DEU,deliz,15
DEU,hasrfarbe,15
DEU,scheibenbrot,15
DEU,müsli vegan,15
DEU,kf,15
DEU,bio lust,15
DEU,eisbeutel,15
DEU,jogurt mit der ecke,15
DEU,Germknödel,15
DEU,eiweissbr,15
DEU,feuchte t,15
DEU,buchweiz,15
DEU,greiß,15
DEU,followfoo,15
DEU,dunkel scho,15
DEU,geschmack,15
DEU,capel,15
DEU,wvery,15
DEU,farmersa,15
DEU,pesto ro,15
DEU,blö,15
DEU,Tortilla chips,15
DEU,gratinkä,15
DEU,doughnut,15
DEU,bärl,15
DEU,stilles wass,15
DEU,coconut m,15
DEU,shoco,15
DEU,la roche,15
DEU,Angebot,15
DEU,knoblauchdip,15
DEU,tolet,15
DEU,nudwln,15
DEU,tyrol,15
DEU,medj,15
DEU,Ess,15
DEU,jof,15
DEU,vineger,15
DEU,cocacola zero,15
DEU,dir,15
DEU,glad,15
DEU,hafermich,15
DEU,frozen strawberries,15
DEU,içecek,15
DEU,dinkel pizza,15
DEU,unc,15
DEU,nuss nugat,15
DEU,saft alnatura,15
DEU,Weichsp,15
DEU,nuga,15
DEU,pfannkuche,15
DEU,Han,15
DEU,wasser filter,15
DEU,isado,15
DEU,Champio,15
DEU,roq,15
DEU,ja butter,15
DEU,ballaststoffe,15
DEU,clear blue,15
DEU,pfefferbeisser,15
DEU,baby feucht,15
DEU,Spülmaschinentabs,15
DEU,Milram,15
DEU,zeit für Brot,15
DEU,pumpki,15
DEU,feetig,15
DEU,heisse,15
DEU,Feuchte,15
DEU,hotdog brot,15
DEU,ja gouda,15
DEU,körnigee,15
DEU,Tea,15
DEU,hok,15
DEU,krustenbraten,15
DEU,dr ot,15
DEU,alnatura sch,15
DEU,snackmöhren,15
DEU,backschokolade,15
DEU,slip einlagen,15
DEU,wiener wür,15
DEU,linsen chi,15
DEU,nogg,15
DEU,usb c,15
DEU,wafe,15
DEU,major,15
DEU,zuckerschote,15
DEU,dr. o,15
DEU,vegan chips,15
DEU,penut butter,15
DEU,bih,15
DEU,aplro,15
DEU,popsicles,15
DEU,uero,15
DEU,joghurt lac,15
DEU,weisbrot,15
DEU,yoo,15
DEU,mack,15
DEU,fettlö,15
DEU,feuchtes Toiletten,15
DEU,dinkelb,15
DEU,sonnenblumenk,15
DEU,sardienen,15
DEU,Vanillesoße,15
DEU,pattie,15
DEU,Soja jo,15
DEU,swife,15
DEU,fenchel tee,15
DEU,rigel,15
DEU,samosas,15
DEU,Chicken nuggets,15
DEU,ingwee,15
DEU,wsss,15
DEU,alask,15
DEU,mini donuts,15
DEU,toast brötchen,15
DEU,wakam,15
DEU,faje,15
DEU,schwepes,15
DEU,fleidch,15
DEU,brathä,15
DEU,krosse,15
DEU,bio ba,15
DEU,reibekäsw,15
DEU,papad,15
DEU,emmy,15
DEU,pesto r,15
DEU,koch schinken,15
DEU,cream f,15
DEU,shm,15
DEU,hack veg,15
DEU,dash,15
DEU,wholegrain,15
DEU,sun dried tom,15
DEU,Frika,15
DEU,sonnem,15
DEU,Traubenzucker,15
DEU,olia,15
DEU,hokey,15
DEU,guacamol,15
DEU,okt,15
DEU,gin t,15
DEU,geldermann,15
DEU,zitrone saft,15
DEU,haä,15
DEU,sip,15
DEU,Tomaten gehackt,15
DEU,milchmäd,15
DEU,alloholfreies bier,15
DEU,frozen pea,15
DEU,kräuterbrot,15
DEU,haen,15
DEU,fried onions,15
DEU,der grüne,15
DEU,monkey,15
DEU,fresh juice,15
DEU,süsskartoffe,15
DEU,huste,15
DEU,blutwu,15
DEU,ziegenm,15
DEU,wasser rew,15
DEU,sakami,15
DEU,tomatend,15
DEU,caramell,15
DEU,kefor,15
DEU,chickenwing,15
DEU,tavak,15
DEU,ice kaffe,15
DEU,löfel,15
DEU,Innocent,15
DEU,cheð,15
DEU,dinkelflakes,15
DEU,Erythrit,15
DEU,korsch,15
DEU,stud,15
DEU,Korn,15
DEU,fah,15
DEU,waschmaschinenreiniger,15
DEU,minigurke,15
DEU,black fores,15
DEU,Biscuit,15
DEU,mandelbl,15
DEU,plunger,15
DEU,hutte,15
DEU,einm,15
DEU,champignos,15
DEU,Gnoc,15
DEU,sekt alko,15
DEU,himberen,15
DEU,Spage,15
DEU,Kardamom,15
DEU,schmand laktosefrei,15
DEU,sav,15
DEU,cheese shredded,15
DEU,mango l,15
DEU,preo,15
DEU,linsel,15
DEU,fric,15
DEU,pastirm,15
DEU,tonat,15
DEU,pinienke,15
DEU,avocadoöl,15
DEU,energy ball,15
DEU,feet,15
DEU,evry,15
DEU,frosta high,15
DEU,eisform,15
DEU,pere,15
DEU,Magarine,15
DEU,ketch up,15
DEU,sev,15
DEU,timat,15
DEU,alpro natur,15
DEU,kürbiske,15
DEU,salamai,15
DEU,Fladen,15
DEU,chocolate lindt,15
DEU,baquett,15
DEU,mw,15
DEU,gebratene nudeln,15
DEU,streussel,15
DEU,Kartoffelsal,15
DEU,bbq sau,15
DEU,spüö,15
DEU,buge,15
DEU,macroni,15
DEU,strak,15
DEU,kandis,15
DEU,wäschep,15
DEU,beatwurst,15
DEU,jon,15
DEU,ventilat,15
DEU,breso,15
DEU,chiquita,15
DEU,ladagne,15
DEU,nudln,15
DEU,Fertigessen,14
DEU,mais waff,14
DEU,duru,14
DEU,knoblauch b,14
DEU,Salzbrezel,14
DEU,vibrat,14
DEU,dr peper,14
DEU,stark,14
DEU,giu,14
DEU,wasser naturell,14
DEU,pru,14
DEU,doce,14
DEU,kaffe pads,14
DEU,schokosa,14
DEU,eisqürfel,14
DEU,H-,14
DEU,Salzstange,14
DEU,wea,14
DEU,şampuan,14
DEU,pizza 3,14
DEU,raviolli,14
DEU,bonduell,14
DEU,joghurt dressing,14
DEU,käsedings,14
DEU,Coppenrath und Wiese,14
DEU,rind wurst,14
DEU,kee,14
DEU,etd,14
DEU,prostata,14
DEU,joghurt lakt,14
DEU,maria,14
DEU,hafwr,14
DEU,kron,14
DEU,bacin,14
DEU,taa,14
DEU,pudding vanille,14
DEU,red bi,14
DEU,celebra,14
DEU,kalte kaffee,14
DEU,grünlä,14
DEU,hoppen,14
DEU,nussschokolade,14
DEU,fruchtbar,14
DEU,sop,14
DEU,austrich,14
DEU,fertig ger,14
DEU,dasz,14
DEU,bier 0,14
DEU,wc tabs,14
DEU,Airfryer,14
DEU,wl,14
DEU,ja tuna,14
DEU,masturb,14
DEU,frozen onion,14
DEU,gefrorenes,14
DEU,Sex on,14
DEU,teigtasche,14
DEU,eis zuckerfrei,14
DEU,hust,14
DEU,vales,14
DEU,vegane b,14
DEU,netz,14
DEU,karottem,14
DEU,fest,14
DEU,frischkäe,14
DEU,Lynchburg,14
DEU,milcha,14
DEU,Geflügelw,14
DEU,misopaste,14
DEU,msis,14
DEU,tissue paper,14
DEU,fischstäbchen vegan,14
DEU,bodentü,14
DEU,cesh,14
DEU,hqd,14
DEU,Humm,14
DEU,terya,14
DEU,Mundwasser,14
DEU,süß sa,14
DEU,joghurt g,14
DEU,loofah,14
DEU,Hei,14
DEU,dog treats,14
DEU,erbsen m,14
DEU,gosser,14
DEU,suska,14
DEU,xhi,14
DEU,haargu,14
DEU,olo,14
DEU,pfanku,14
DEU,Spülschwamm,14
DEU,pea milk,14
DEU,dish was,14
DEU,lqchs,14
DEU,hummos,14
DEU,soja yo,14
DEU,milchbrotchen,14
DEU,makaroni,14
DEU,coffee caps,14
DEU,eiswunder,14
DEU,cocos wasser,14
DEU,müllsäck,14
DEU,Rosenkohl,14
DEU,candl,14
DEU,okive,14
DEU,tischdecke,14
DEU,eis pistazie,14
DEU,cream soda,14
DEU,tiefkühlgemü,14
DEU,limettensaf,14
DEU,penaut,14
DEU,Dose,14
DEU,kartogfeln,14
DEU,papadam,14
DEU,fleischbrühe,14
DEU,Milchsch,14
DEU,wolt m,14
DEU,salatd,14
DEU,streichw,14
DEU,parmessn,14
DEU,gemüse brü,14
DEU,wasseer,14
DEU,Pre,14
DEU,weidem,14
DEU,Apfelmark,14
DEU,cherry juice,14
DEU,erdbereen,14
DEU,mozzarella sti,14
DEU,feuchtuch,14
DEU,milch 3.5,14
DEU,Tür,14
DEU,Ob,14
DEU,kühla,14
DEU,Wagner,14
DEU,spühlmi,14
DEU,dinkel br,14
DEU,bannana,14
DEU,orn,14
DEU,franziskaner,14
DEU,green ch,14
DEU,Heide,14
DEU,hunh,14
DEU,salat gewürz,14
DEU,Karte,14
DEU,Fitness,14
DEU,bio zwiebeln,14
DEU,trüffelmayo,14
DEU,jaf,14
DEU,herta finesse,14
DEU,salzg,14
DEU,paprika gelb,14
DEU,bifu,14
DEU,minerall,14
DEU,eis high,14
DEU,crod,14
DEU,fleisch halal,14
DEU,champg,14
DEU,oatlt,14
DEU,brew,14
DEU,scent,14
DEU,frosch waschmittel,14
DEU,jage,14
DEU,köls,14
DEU,hea,14
DEU,Ritter s,14
DEU,frozen pi,14
DEU,evo,14
DEU,diet cola,14
DEU,schoko streusel,14
DEU,katzen snack,14
DEU,kichererbsenwaffeln,14
DEU,swing,14
DEU,veggie schnitzel,14
DEU,gourm,14
DEU,vanille aroma,14
DEU,cheese spread,14
DEU,Zahnb,14
DEU,coke vanilla,14
DEU,wiedenhof,14
DEU,wasser pack,14
DEU,wackelpu,14
DEU,kochererbsen,14
DEU,dusch das,14
DEU,distill,14
DEU,vitell,14
DEU,brot aufstrich,14
DEU,bio wiener,14
DEU,danish,14
DEU,gab,14
DEU,laure,14
DEU,nescaffe,14
DEU,wassermr,14
DEU,lippe,14
DEU,chips käse,14
DEU,feinko,14
DEU,call,14
DEU,geschnetzel,14
DEU,tu a,14
DEU,grillfle,14
DEU,wasserstill,14
DEU,sö,14
DEU,Rohrzucker,14
DEU,fä,14
DEU,Roy,14
DEU,hähnchenbrust aufschnitt,14
DEU,toilettenrei,14
DEU,schweinehack,14
DEU,mandels,14
DEU,zotr,14
DEU,laut,14
DEU,schnelle,14
DEU,klein,14
DEU,Cornfl,14
DEU,gewürt,14
DEU,emsal,14
DEU,geflügelfleischwurst,14
DEU,amazon,14
DEU,cinammon,14
DEU,ill,14
DEU,Brötch,14
DEU,kokos jog,14
DEU,flex,14
DEU,tv,14
DEU,tostadas,14
DEU,fizzy,14
DEU,saziki,14
DEU,water 1.5,14
DEU,smell,14
DEU,rosenkoh,14
DEU,puddingpu,14
DEU,paulaner spe,14
DEU,karzoffel,14
DEU,tk fr,14
DEU,via,14
DEU,tyski,14
DEU,Prinzessin,14
DEU,tomati,14
DEU,been,14
DEU,This is food,14
DEU,Frühlingsquark,14
DEU,nutelka,14
DEU,schlü,14
DEU,mitt,14
DEU,Weise,14
DEU,fetA,14
DEU,Pepper,14
DEU,chilli fl,14
DEU,koka,14
DEU,coffee pod,14
DEU,roteein,14
DEU,pumpkin spice,14
DEU,voss,14
DEU,watet,14
DEU,verfalls,14
DEU,putzt,14
DEU,katro,14
DEU,gummibärche,14
DEU,jan,14
DEU,liebe,14
DEU,5 min terrine,14
DEU,haribp,14
DEU,blattspin,14
DEU,sis,14
DEU,good bank,14
DEU,"Alnatura Coco Drink natur, bio, 330 ml",14
DEU,Bionade,14
DEU,jogj,14
DEU,leicht & cross,14
DEU,glutenfreie pizza,14
DEU,brotbox,14
DEU,shoes,14
DEU,galgant,14
DEU,laktosefrei frischkäse,14
DEU,megl,14
DEU,Vanill,14
DEU,Wattepads,14
DEU,hähnchenbrust bio,14
DEU,scharlotte,14
DEU,eis c,14
DEU,gluten-free,14
DEU,Manti,14
DEU,yun,14
DEU,getränkr,14
DEU,tellerlinsen,14
DEU,ömür,14
DEU,rewe to,14
DEU,garnelem,14
DEU,kicherb,14
DEU,"joghurt 1,",14
DEU,joghurt mit der,14
DEU,banans,14
DEU,würfelzu,14
DEU,weid,14
DEU,chakalaka,14
DEU,schaumwein,14
DEU,rats,14
DEU,maltese,14
DEU,zwiebeö,14
DEU,black sesame,14
DEU,bamboo garden,14
DEU,türkischer käse,14
DEU,Meat,14
DEU,jugo,14
DEU,monda,14
DEU,super poo,14
DEU,juce,14
DEU,waldhonig,14
DEU,potao,14
DEU,knäcker,14
DEU,prinzessbohnen,14
DEU,Bodylotion,14
DEU,lactofree,14
DEU,butter milk,14
DEU,nachti,14
DEU,picolin,14
DEU,besan,14
DEU,Ecover,14
DEU,snackgur,14
DEU,klopse,14
DEU,stahlschwamm,14
DEU,Leberwu,14
DEU,protein c,14
DEU,light mozarella,14
DEU,schwarzwal,14
DEU,suchi,14
DEU,goada,14
DEU,vitrex,14
DEU,kartofelln,14
DEU,Zer,14
DEU,tortenbo,14
DEU,dl,14
DEU,ludwig,14
DEU,schwangerscha,14
DEU,geriebener Käse,14
DEU,grünkoh,14
DEU,paprikapulv,14
DEU,gesunde,14
DEU,baldami,14
DEU,boui,14
DEU,snackgu,14
DEU,vintage,14
DEU,käsesosse,14
DEU,köft,14
DEU,iceber,14
DEU,prr,14
DEU,blutorangen,14
DEU,grüne bohne,14
DEU,ut,14
DEU,feier,14
DEU,speckwür,14
DEU,vutter,14
DEU,marmite,14
DEU,haush,14
DEU,mango j,14
DEU,ice cup,14
DEU,dinner,14
DEU,kitchen t,14
DEU,mustard oil,14
DEU,erkält,14
DEU,oktoberfest,14
DEU,bisko,14
DEU,hähnchen keule,14
DEU,Schokolinsen,14
DEU,dog treat,14
DEU,Sardin,14
DEU,soia,14
DEU,Konden,14
DEU,rosenko,14
DEU,zirt,14
DEU,nestea,14
DEU,Voll,14
DEU,zwiebelp,14
DEU,vegan cream cheese,14
DEU,nuge,14
DEU,gli,14
DEU,Listerine,14
DEU,onkel,14
DEU,cheese block,14
DEU,pepers,14
DEU,milram quark,14
DEU,pees,14
DEU,be-kind,14
DEU,proteinbrötchen,14
DEU,masch,14
DEU,möbel,14
DEU,komchi,14
DEU,sago,14
DEU,laugens,14
DEU,eis sandwich,14
DEU,Nimm,14
DEU,Heidelbeere,14
DEU,marciale,14
DEU,qur,14
DEU,lane,14
DEU,zerialien,14
DEU,cano,14
DEU,hackfeisch,14
DEU,Activia,14
DEU,cayenne pfeffer,14
DEU,cikolata,14
DEU,karides,14
DEU,krkse,14
DEU,schokolade 70%,14
DEU,Gar,14
DEU,tiefkuh,14
DEU,frisches,14
DEU,Pfir,14
DEU,spezi energy,14
DEU,ringl,14
DEU,katoff,14
DEU,cannelo,14
DEU,handkä,14
DEU,Tomaten m,14
DEU,peyni,14
DEU,sahnesoße,14
DEU,Flower,14
DEU,hustenbonbons,14
DEU,mascap,14
DEU,wildkr,14
DEU,blueberri,14
DEU,pizza hawai,14
DEU,büffelm,14
DEU,Linsenwaffel,14
DEU,cola lig,14
DEU,apricots,14
DEU,marmeladr,14
DEU,dteak,14
DEU,schmelzkäsr,14
DEU,hühnerherzen,14
DEU,puffs,14
DEU,waschmachine,14
DEU,Reibek,14
DEU,minzr,14
DEU,pizzame,14
DEU,schwip schwap zero,14
DEU,holzspie,14
DEU,beeg,14
DEU,sweet chill,14
DEU,choco chip,14
DEU,more syrup,14
DEU,cheese gouda,14
DEU,kokos raspel,14
DEU,milch rice,14
DEU,soya chunks,14
DEU,proteinmüsli,14
DEU,Samyang,14
DEU,kaffir,14
DEU,wurst rind,14
DEU,beyond burger,14
DEU,bakin,14
DEU,milk protein,14
DEU,herren,14
DEU,Ram,14
DEU,Geflüge,14
DEU,china nudel,14
DEU,pizzab,14
DEU,risotto reis,14
DEU,bath salt,14
DEU,philadelfia,14
DEU,cling film,14
DEU,susi,14
DEU,toffife,14
DEU,obst gefroren,14
DEU,Glute,14
DEU,Kümmel,14
DEU,aufstrixh,14
DEU,Gesicht,14
DEU,Schüssel,14
DEU,laugengebäck,14
DEU,catsa,14
DEU,eeis,14
DEU,pizzasau,14
DEU,emmer,14
DEU,Mozar,14
DEU,zwiebelbrot,14
DEU,Kabeljau,14
DEU,salatgurk,14
DEU,fleischpf,14
DEU,spirulina,14
DEU,sona,14
DEU,Cesar,14
DEU,pizzza,14
DEU,corn chip,14
DEU,tüche,14
DEU,prs,14
DEU,yoghurt bio,14
DEU,Schokolade bio,14
DEU,gentleman,14
DEU,lammlachs,14
DEU,Apotheke,14
DEU,Aln,14
DEU,smoothy,14
DEU,boel,14
DEU,apinach,14
DEU,bia,14
DEU,seid,14
DEU,ja hä,14
DEU,Active,14
DEU,pudf,14
DEU,Pancakes,14
DEU,hähnchen filet,14
DEU,laugenbre,14
DEU,dallmay,14
DEU,proteinmi,14
DEU,rahma,14
DEU,dounat,14
DEU,Kochsah,14
DEU,washing li,14
DEU,lichi,14
DEU,vegan jogh,14
DEU,rese,14
DEU,brotaufstri,14
DEU,küchentu,14
DEU,ebery,14
DEU,ziegenrolle,14
DEU,aperitif,14
DEU,sebam,14
DEU,roa,14
DEU,Gn,14
DEU,lasagbe,14
DEU,nudde,14
DEU,Snickers eis,14
DEU,sausse,14
DEU,Reiswaffe,14
DEU,wet wi,14
DEU,maybelline,14
DEU,yeauty,14
DEU,eierl,14
DEU,Nasenspray,14
DEU,six,14
DEU,frizen,14
DEU,tomatten,14
DEU,gemüses,14
DEU,creme leger,14
DEU,wiee,14
DEU,Ru,14
DEU,broet,14
DEU,tattoo,14
DEU,grey goose,14
DEU,schokoloade,14
DEU,chicken fillet,14
DEU,porid,14
DEU,hoisi,14
DEU,passiertr,14
DEU,Pizza teig,14
DEU,rollz,14
DEU,marin,14
DEU,leckerlies,14
DEU,Peanut butter,14
DEU,parmigano,14
DEU,chili fl,14
DEU,laffe,14
DEU,hähm,14
DEU,apfelwasser,14
DEU,haage,14
DEU,biz,14
DEU,smirnof,14
DEU,nuss nou,14
DEU,roses,14
DEU,pasta pot,14
DEU,taverne,14
DEU,ovoma,14
DEU,zwieben,14
DEU,zatziki,14
DEU,craft,14
DEU,rhunfisch,14
DEU,toghurt,14
DEU,duschdas,14
DEU,pankow,14
DEU,racle,14
DEU,plattpfir,14
DEU,pakc,14
DEU,meister propper,14
DEU,goyza,14
DEU,ceasa,14
DEU,creme vegan,14
DEU,Spieße,14
DEU,melome,14
DEU,Stu,14
DEU,lassagne,14
DEU,chips dip,14
DEU,onion pow,14
DEU,nail polish,14
DEU,supreme,14
DEU,baguettw,14
DEU,kartiffeln,14
DEU,störtebecker,14
DEU,herde,14
DEU,kaub,14
DEU,haarge,14
DEU,Das pure,14
DEU,lk,14
DEU,bio kaffee,14
DEU,frankfurt,14
DEU,proteinriegel vegan,14
DEU,gewürz paprika,14
DEU,bucatini,14
DEU,baterien,14
DEU,kartusche,14
DEU,brotaufs,14
DEU,thunfiscg,14
DEU,komo,14
DEU,Marm,14
DEU,Alsan,14
DEU,yopr,14
DEU,pecans,14
DEU,Si,14
DEU,grill wurst,14
DEU,zwetschge,14
DEU,haferl,14
DEU,redi,14
DEU,rive,14
DEU,rama cre,14
DEU,erdbeerso,14
DEU,mini mais,14
DEU,natur jogurt,14
DEU,Tof,14
DEU,cheeto,14
DEU,lob,14
DEU,tomaten gestückelt,14
DEU,blan,14
DEU,vurry,14
DEU,frischkäse l,14
DEU,chucken,14
DEU,Zwetschgen,14
DEU,Supp,14
DEU,früst,14
DEU,spirt,14
DEU,sodbre,14
DEU,teriak,14
DEU,Pfla,14
DEU,orangen limo,14
DEU,Coca co,14
DEU,savo,14
DEU,Croutons,14
DEU,preiselbe,14
DEU,mozzrella,14
DEU,kartoffelsalt,14
DEU,shoc,14
DEU,Milch Bio,14
DEU,bohen,14
DEU,gemüsezwiebel,14
DEU,Protein riegel,14
DEU,vegan m,14
DEU,curry dattel,14
DEU,TK gem,14
DEU,erfrischungss,14
DEU,bugday,14
DEU,pez,14
DEU,grillkäs,14
DEU,hartweizengrieß,14
DEU,allzwecktü,14
DEU,ziki,14
DEU,gt,14
DEU,speisewuark,14
DEU,lachsfi,14
DEU,papika,14
DEU,hafa,14
DEU,Waffen,14
DEU,steack,14
DEU,nature calling,14
DEU,mona,14
DEU,bio mais,14
DEU,Wassermel,14
DEU,Leberw,14
DEU,schof,14
DEU,holi,14
DEU,mozzerlla,14
DEU,Klebeband,14
DEU,honigwaffel,14
DEU,radlee,14
DEU,hähnchenflü,14
DEU,süß s,14
DEU,tuhnfi,14
DEU,riffles,14
DEU,avoxado,14
DEU,book,14
DEU,rotes,14
DEU,meggl,14
DEU,himberr,14
DEU,buffal,14
DEU,esze,14
DEU,ice tra,14
DEU,Butte,14
DEU,kinder b,14
DEU,bto,14
DEU,choca,14
DEU,just egg,14
DEU,jagdwu,14
DEU,zitronenku,14
DEU,weihn,14
DEU,blunen,14
DEU,aufl,14
DEU,seas,14
DEU,filz,14
DEU,mirabellen,14
DEU,milch hal,14
DEU,schafsjoghurt,14
DEU,backfish,14
DEU,tonic wasser,14
DEU,ja col,14
DEU,isotoni,14
DEU,seitenba,14
DEU,always night,14
DEU,apezi,14
DEU,yayla yoğurt,14
DEU,cheeze it,14
DEU,Kühl,14
DEU,smil,14
DEU,Teriyaki,14
DEU,acaii,14
DEU,kirschtomate,14
DEU,hershey,14
DEU,soon,14
DEU,lebor,14
DEU,vanilla milk,14
DEU,waschmittel weiß,14
DEU,suschi,14
DEU,veta,14
DEU,herzog,14
DEU,quick,14
DEU,alchol,14
DEU,Ve,14
DEU,peat,14
DEU,voca,14
DEU,sanluc,14
DEU,laktosefrei skyr,14
DEU,tropical,14
DEU,bild,14
DEU,bati,14
DEU,krupuk,14
DEU,kefier,14
DEU,goener,14
DEU,sande,14
DEU,weissk,14
DEU,apfelk,14
DEU,butter gemuse,14
DEU,wilde,14
DEU,Remo,14
DEU,Gewürzgurke,14
DEU,Feu,14
DEU,whole milk,14
DEU,spitzpapr,14
DEU,peso,14
DEU,geriebenen,14
DEU,salat fix,14
DEU,aufstrich alnatura,14
DEU,cola cherr,14
DEU,sandwh,14
DEU,therm,14
DEU,coffee cream,14
DEU,gnoo,14
DEU,milk lacto,14
DEU,goldstücke,14
DEU,wasser re,14
DEU,patat,14
DEU,double choc,14
DEU,gerolsteine,14
DEU,Orzo,14
DEU,paraley,14
DEU,creme brule,14
DEU,blutora,14
DEU,pamersan,14
DEU,mold,14
DEU,phantasia,14
DEU,Thu,14
DEU,trufu,14
DEU,schokoglasur,14
DEU,lal,14
DEU,Pom,14
DEU,onion ring,14
DEU,jev,14
DEU,phys,14
DEU,cola koff,14
DEU,inko,14
DEU,coop,14
DEU,wd,14
DEU,basamico,14
DEU,schnizel,14
DEU,Langnese,14
DEU,Laktose frei,14
DEU,brot protein,14
DEU,topaz,14
DEU,hollandais,14
DEU,vegan icecream,14
DEU,hafermilch ohne,14
DEU,nog,14
DEU,blockkäse,14
DEU,fat,14
DEU,Rinder hack,14
DEU,rama cremefine,14
DEU,cordon blue,14
DEU,wildlach,14
DEU,sogan,14
DEU,fuer,14
DEU,lunch box,14
DEU,luci,14
DEU,hommus,14
DEU,haarshampoo,14
DEU,bitter lemo,14
DEU,fleisvh,14
DEU,Cherrytomaten,14
DEU,eis cream,14
DEU,gemüsr,14
DEU,rettungstüte,14
DEU,maishähnchen,14
DEU,sex on the beach,14
DEU,Fanta Zero,14
DEU,coca coma,14
DEU,Mineralwasser medium,14
DEU,Sonnenblume,14
DEU,selery,14
DEU,eiswürfwl,14
DEU,rumo,14
DEU,hunm,14
DEU,buldak ramen,14
DEU,Stevia,14
DEU,würfel zucker,14
DEU,vermut,14
DEU,kartif,14
DEU,Haf,14
DEU,backbr,14
DEU,plastic bags,14
DEU,schea,14
DEU,saurr,14
DEU,mini gu,14
DEU,procu,14
DEU,greek j,14
DEU,mueller,14
DEU,löffelbisquit,14
DEU,hot sau,14
DEU,Paradies,14
DEU,youcool,14
DEU,almond milch,14
DEU,zinksalbe,14
DEU,kartoffelt,14
DEU,bitterle,14
DEU,cream fre,14
DEU,pasta fresh,14
DEU,cookie do,14
DEU,Va,14
DEU,omiven,14
DEU,Lakt,14
DEU,hänchem,14
DEU,Seeberger,14
DEU,parmasch,14
DEU,klopapier feucht,14
DEU,klarspület,14
DEU,syo,14
DEU,rosenb,14
DEU,rötchen,14
DEU,apfeltasche,14
DEU,makeup remover,14
DEU,vegam,14
DEU,e ziga,14
DEU,basis,14
DEU,maie,14
DEU,haze,14
DEU,käse türkisch,14
DEU,abnehm,14
DEU,sauces,14
DEU,juc,14
DEU,Fruchtgummi,14
DEU,frischkäse lak,14
DEU,bio jogurt,14
DEU,charcoal,14
DEU,esr,14
DEU,zwiebel pulver,14
DEU,gewürtz,14
DEU,cica,14
DEU,sea food,14
DEU,coder,14
DEU,fiah,14
DEU,kondesmilch,14
DEU,coffe beans,14
DEU,43,14
DEU,adelholzen,14
DEU,fischkonserven,14
DEU,Ahorn,14
DEU,hash brown,14
DEU,Apel,14
DEU,schna,14
DEU,aptami,14
DEU,masco,14
DEU,erfr,14
DEU,gürken,14
DEU,sauer creme,14
DEU,ketchub,14
DEU,markboro,14
DEU,Kräuterba,14
DEU,spulmi,14
DEU,tortills,14
DEU,wassrt,14
DEU,rasierklinge,14
DEU,petersie,14
DEU,mozerel,14
DEU,wiener wurst,14
DEU,alnatura linsen,14
DEU,champagn,14
DEU,mett vegan,14
DEU,marabu,14
DEU,bratmaxe,14
DEU,chas,14
DEU,wasser melon,14
DEU,wele,14
DEU,cheese chips,14
DEU,scw,14
DEU,elefant,14
DEU,Jim beam,14
DEU,zero ja,14
DEU,eistee p,14
DEU,prepm,14
DEU,senfgurke,14
DEU,fuze tee,14
DEU,aprrol,14
DEU,kartogfel,14
DEU,strandmatte,14
DEU,zuxker,14
DEU,rustique,14
DEU,spagetti eis,14
DEU,smiley,14
DEU,parse,14
DEU,young,14
DEU,melk,14
DEU,lahmac,14
DEU,nasi goreng,14
DEU,Kef,14
DEU,nivea duschgel,14
DEU,bio yoghurt,14
DEU,Chlor,14
DEU,apfelsaft bio,14
DEU,hellmanns,14
DEU,strw,14
DEU,minigurken,14
DEU,maasda,14
DEU,salat soße,14
DEU,buko balance,14
DEU,diat,14
DEU,griß,14
DEU,Blaub,14
DEU,antitranspirant,14
DEU,suk,14
DEU,Rin,14
DEU,knoblauch pul,14
DEU,ja frischkäse,14
DEU,wildber,14
DEU,cherri,14
DEU,sense,14
DEU,vegetabl,14
DEU,weisskraut,14
DEU,cremf,14
DEU,susskar,14
DEU,rae,14
DEU,Küchenrol,14
DEU,tiefkühlbeeren,14
DEU,cordon blei,14
DEU,glasreinigee,14
DEU,schokobrotchen,14
DEU,brinjal,14
DEU,baldam,14
DEU,Amecke,14
DEU,retrer,14
DEU,Wie,14
DEU,tita,14
DEU,Brokko,14
DEU,suppenfl,14
DEU,umbrella,14
DEU,söbbeke,14
DEU,nudelsosse,14
DEU,bruchetta,14
DEU,herbal,14
DEU,späzle,14
DEU,käse wurst,14
DEU,Laktosefreie Milch,14
DEU,ja thun,14
DEU,kernig,14
DEU,Cup,14
DEU,corny free,14
DEU,kinder zahn,14
DEU,süss sau,14
DEU,cova,14
DEU,pranut,14
DEU,ritter spo,14
DEU,one piece,14
DEU,Heidelb,14
DEU,zt,14
DEU,chicken pizza,14
DEU,chopped tomatoes,14
DEU,baile,14
DEU,klopapoer,14
DEU,red pesto,14
DEU,cheese nuggets,14
DEU,prob,14
DEU,kafer,14
DEU,Löffelbiskuit,14
DEU,obergine,14
DEU,staatlich,14
DEU,sex shop,14
DEU,fritz zero,14
DEU,chew,14
DEU,flies,14
DEU,scrubber,14
DEU,semmelbrö,14
DEU,pames,14
DEU,domi,14
DEU,fischli,14
DEU,Grauburgunder,14
DEU,3 freunde,14
DEU,Erb,14
DEU,stadt,14
DEU,tewa,14
DEU,Til,14
DEU,zart bitter,14
DEU,biolus,14
DEU,eis s,14
DEU,tomaten m,14
DEU,getrocknete früchte,14
DEU,eistee pfanner,14
DEU,elbg,14
DEU,oranf,14
DEU,Soja Joghurt,14
DEU,kaffekap,14
DEU,Pistaziencreme,14
DEU,popk,14
DEU,chips chio,14
DEU,spwck,14
DEU,alnatura mandel,14
DEU,ää,14
DEU,Pepsi lemon,14
DEU,Tchibo,14
DEU,loe,14
DEU,piero,14
DEU,Paprikamark,14
DEU,mezze,14
DEU,Haa,14
DEU,komp,14
DEU,bannen,14
DEU,jj,14
DEU,harbo,14
DEU,panka,14
DEU,camon,14
DEU,hallum,14
DEU,holand,14
DEU,skyre,14
DEU,milch kokos,14
DEU,Thunfis,14
DEU,ricol,14
DEU,fischfilet,14
DEU,sprinkles,14
DEU,sauerteig brot,14
DEU,laus,14
DEU,Salakis,14
DEU,Tilsiter,14
DEU,Ros,14
DEU,prmesan,14
DEU,walker,14
DEU,lava cake,14
DEU,oramgensaft,14
DEU,eue,14
DEU,hansano,14
DEU,schwarze bo,14
DEU,olien,14
DEU,küchrn,14
DEU,weizenbrot,14
DEU,toilette paper,14
DEU,Wod,14
DEU,Wachteleier,14
DEU,Röst,14
DEU,mina,14
DEU,pempas,14
DEU,taxo,14
DEU,kock,14
DEU,Pasta sauce,14
DEU,bechame,14
DEU,proviant,14
DEU,dier,14
DEU,goene,14
DEU,käse protein,14
DEU,cox,14
DEU,red paprika,14
DEU,Frü,14
DEU,toast köse,14
DEU,ingwa,14
DEU,fächer,14
DEU,nivea soft,14
DEU,heinik,14
DEU,wc r,14
DEU,koffeinfre,14
DEU,lic,14
DEU,panch,14
DEU,yumu,14
DEU,danklorix,14
DEU,haarschaum,14
DEU,Florida eis,14
DEU,Hafermehl,14
DEU,radler alkohol,14
DEU,backo,14
DEU,vanille pu,14
DEU,biene,14
DEU,zwiel,14
DEU,küchenrolöe,14
DEU,ice cream vanilla,14
DEU,rasieren,14
DEU,tequilla,14
DEU,merett,14
DEU,e14,14
DEU,zigarettenpapier,14
DEU,Ter,14
DEU,gewürzk,14
DEU,oster,14
DEU,geflpgel,14
DEU,rahmkäse,14
DEU,geschälte t,14
DEU,Grand,14
DEU,eing,14
DEU,Enoki,14
DEU,Bock,14
DEU,erbseen,14
DEU,utensils,14
DEU,waschpods,14
DEU,Gelierzucker,14
DEU,toast voll,14
DEU,cocn,14
DEU,Bounty,14
DEU,yogurt ja,14
DEU,honest,14
DEU,backpapiet,14
DEU,mashed potato,14
DEU,schmelzf,14
DEU,Vilsa,14
DEU,krö,14
DEU,erfbeer,14
DEU,bio bro,14
DEU,staubs,14
DEU,wie er,14
DEU,sodawasser,14
DEU,rettic,14
DEU,ayrs,14
DEU,light frischkäse,14
DEU,Weichs,14
DEU,season,14
DEU,pfeffer salami,14
DEU,dunke,14
DEU,bio mehl,14
DEU,blase,14
DEU,Gewürzgu,14
DEU,vanille zu,14
DEU,hieten,14
DEU,sprott,14
DEU,chocolate ice,14
DEU,edamm,14
DEU,papt,14
DEU,kelogs,14
DEU,loa,14
DEU,kühn,14
DEU,salatmayo,14
DEU,bio orange,14
DEU,seeberg,13
DEU,buda,13
DEU,weinessig,13
DEU,inf,13
DEU,tomaten mar,13
DEU,innenfilet,13
DEU,schoko früchte,13
DEU,firschkäse,13
DEU,tj,13
DEU,chim,13
DEU,tegut,13
DEU,eis am,13
DEU,kokuswasser,13
DEU,kokosnuss milch,13
DEU,carbonar,13
DEU,soez,13
DEU,knick,13
DEU,rauc,13
DEU,hafr,13
DEU,loack,13
DEU,waffelrö,13
DEU,rameb,13
DEU,rosenwasser,13
DEU,zitronenlim,13
DEU,blauschimm,13
DEU,Salatgurke,13
DEU,salsa dip,13
DEU,Kori,13
DEU,jig,13
DEU,verzehrfertig,13
DEU,0%,13
DEU,zenf,13
DEU,nimms leicht,13
DEU,ja! eistee,13
DEU,beard,13
DEU,milka oreo,13
DEU,itarol,13
DEU,volumen,13
DEU,detergant,13
DEU,cah,13
DEU,spülmaschienen,13
DEU,weisseein,13
DEU,salz spülmaschine,13
DEU,sanf,13
DEU,auflaufform,13
DEU,rollm,13
DEU,tomatenpas,13
DEU,waschla,13
DEU,Waffelr,13
DEU,sahnejo,13
DEU,feucht tücher,13
DEU,ef,13
DEU,earl g,13
DEU,Fett,13
DEU,prinzessin,13
DEU,pommesgew,13
DEU,carpac,13
DEU,koch sa,13
DEU,snack m,13
DEU,wp,13
DEU,frisck,13
DEU,dinkelbrötchen,13
DEU,bio gem,13
DEU,dish wa,13
DEU,frische mil,13
DEU,Tomaten so,13
DEU,dame,13
DEU,olivenoil,13
DEU,Plätzchen,13
DEU,burger s,13
DEU,Samen,13
DEU,zukar,13
DEU,hafer müsli,13
DEU,poppers,13
DEU,zwa,13
DEU,redn,13
DEU,almig,13
DEU,buritto,13
DEU,ffp2,13
DEU,tangerine,13
DEU,sahne lakt,13
DEU,voug,13
DEU,Kalk,13
DEU,früs,13
DEU,küchebrolle,13
DEU,houdek,13
DEU,Bier alko,13
DEU,paprika eingelegt,13
DEU,Kor,13
DEU,gym,13
DEU,hächen,13
DEU,grün tee,13
DEU,civapcici,13
DEU,limdt,13
DEU,horseradish,13
DEU,Aqua mia,13
DEU,gekoch,13
DEU,red bull white,13
DEU,roggenvoll,13
DEU,Zitronenkuchen,13
DEU,dinkelnudel,13
DEU,nespressi,13
DEU,tiefkühlp,13
DEU,rosmarin chips,13
DEU,feinwaschmittel,13
DEU,ninjago,13
DEU,rügenwalder vegan,13
DEU,parmessan,13
DEU,das,13
DEU,mila,13
DEU,ement,13
DEU,eye drop,13
DEU,früchte gefroren,13
DEU,torteng,13
DEU,Minz,13
DEU,John,13
DEU,rewe bio joghurt,13
DEU,milchries,13
DEU,lemon tea,13
DEU,rinderwurst,13
DEU,gin ton,13
DEU,faxe,13
DEU,körniher,13
DEU,breads,13
DEU,heng,13
DEU,toiletten pap,13
DEU,anchovie,13
DEU,Salat dressing,13
DEU,room freshner,13
DEU,coton,13
DEU,dublo,13
DEU,garnie,13
DEU,parb,13
DEU,giner,13
DEU,Lichtenauer,13
DEU,acho,13
DEU,tacker,13
DEU,bell pepp,13
DEU,zipl,13
DEU,sultani,13
DEU,light sahne,13
DEU,kiraz,13
DEU,Hohes c,13
DEU,mildes,13
DEU,papiertuch,13
DEU,cordon bl,13
DEU,you coo,13
DEU,Chardonnay,13
DEU,Kleber,13
DEU,Hefeteig,13
DEU,albat,13
DEU,arabiat,13
DEU,"Milch 3,8",13
DEU,vann,13
DEU,kaffe milch,13
DEU,Lu,13
DEU,Gouda jung,13
DEU,waschlapp,13
DEU,teram,13
DEU,Tortel,13
DEU,die lim,13
DEU,slice,13
DEU,melaton,13
DEU,kinder cou,13
DEU,cheese sli,13
DEU,bread toast,13
DEU,schmelzköse,13
DEU,chunky flavor,13
DEU,milk 3.5,13
DEU,kaffee pad,13
DEU,ct,13
DEU,kinder tomaten,13
DEU,bowle,13
DEU,rassi,13
DEU,doma,13
DEU,rama sahne,13
DEU,hinbeeren,13
DEU,schokolade 85%,13
DEU,Bru,13
DEU,cevape,13
DEU,kichererbsenwa,13
DEU,tomatensupp,13
DEU,tomaten do,13
DEU,Bab,13
DEU,aur,13
DEU,schweinef,13
DEU,mozt,13
DEU,schokobo,13
DEU,instant kaff,13
DEU,stang,13
DEU,kaffew,13
DEU,nuggest,13
DEU,backmischun,13
DEU,moons,13
DEU,kartoffel mehl,13
DEU,tette,13
DEU,brec,13
DEU,cheds,13
DEU,Pinzette,13
DEU,urin,13
DEU,croutinos,13
DEU,Lebe,13
DEU,erotic,13
DEU,Letzte,13
DEU,kitchen cleaner,13
DEU,nüssr,13
DEU,salat s,13
DEU,vegs,13
DEU,rewe mineral,13
DEU,erdbeer sirup,13
DEU,reinekäse,13
DEU,milk oat,13
DEU,kafffee,13
DEU,marzialr,13
DEU,Schlagsa,13
DEU,gemüsezw,13
DEU,pinze,13
DEU,set,13
DEU,Tomatensa,13
DEU,wert,13
DEU,Küch,13
DEU,ruku,13
DEU,pempers,13
DEU,kack,13
DEU,orechiette,13
DEU,schlagsahen,13
DEU,sushu,13
DEU,Blaube,13
DEU,Weiße,13
DEU,kartoffr,13
DEU,salami scharf,13
DEU,Mohn,13
DEU,Wien,13
DEU,blättc,13
DEU,götterspei,13
DEU,zeytinyağı,13
DEU,baked potato,13
DEU,plu,13
DEU,pizza br,13
DEU,adelholze,13
DEU,ypu,13
DEU,hau,13
DEU,apple cider vin,13
DEU,mion,13
DEU,Thermometer,13
DEU,Wasser Still,13
DEU,burgul,13
DEU,tortili,13
DEU,brauner z,13
DEU,nougat b,13
DEU,peçete,13
DEU,zeria,13
DEU,cocktailto,13
DEU,lindt lindor,13
DEU,klammer,13
DEU,cide,13
DEU,Hähnchenb,13
DEU,moskov,13
DEU,Salami st,13
DEU,büro,13
DEU,redbi,13
DEU,Tortill,13
DEU,nacke,13
DEU,spülmachine,13
DEU,gutkr,13
DEU,scharfkäse,13
DEU,stichfest,13
DEU,lät,13
DEU,pizza fun,13
DEU,tiefkühl gem,13
DEU,bonne ma,13
DEU,tomaten sa,13
DEU,fischstäbchrn,13
DEU,rice kris,13
DEU,ja kaffee,13
DEU,Reinigungstücher,13
DEU,Orangensa,13
DEU,green on,13
DEU,oven cleaner,13
DEU,bio avocado,13
DEU,rid,13
DEU,Nes,13
DEU,fic,13
DEU,Gnocc,13
DEU,Hülsen,13
DEU,chilli paste,13
DEU,milch brötchen,13
DEU,milch pro,13
DEU,hähnchenauf,13
DEU,kits,13
DEU,waste,13
DEU,Chili con,13
DEU,1664,13
DEU,old sp,13
DEU,kochbanane,13
DEU,vanille sosse,13
DEU,honig tomaten,13
DEU,mozarelle,13
DEU,rühr,13
DEU,jumbo,13
DEU,gamba,13
DEU,magh,13
DEU,spring o,13
DEU,blauschi,13
DEU,eis ohne zucker,13
DEU,ero,13
DEU,suppen nudel,13
DEU,blattert,13
DEU,dona,13
DEU,ja yogurt,13
DEU,baloon,13
DEU,bio ap,13
DEU,Erbsensuppe,13
DEU,baking sod,13
DEU,dosenfisch,13
DEU,Fix,13
DEU,ja toiletten,13
DEU,farmersal,13
DEU,ballisto,13
DEU,palmen,13
DEU,octo,13
DEU,bisküvi,13
DEU,robby,13
DEU,weihenstep,13
DEU,bekon,13
DEU,chips ungarisch,13
DEU,traubenz,13
DEU,tota,13
DEU,lebensmi,13
DEU,elisabethen,13
DEU,sonnencrem,13
DEU,johannisbeersaft,13
DEU,Rexona,13
DEU,charitee,13
DEU,Spritz,13
DEU,vanille alpro,13
DEU,debre,13
DEU,zahnseid,13
DEU,kartoffw,13
DEU,leic,13
DEU,krakau,13
DEU,biozisch,13
DEU,biolu,13
DEU,ono,13
DEU,terriyaki,13
DEU,label,13
DEU,Wasser sp,13
DEU,Küc,13
DEU,Cordon bleu,13
DEU,Protein bar,13
DEU,yogourt,13
DEU,gemüsestä,13
DEU,Quark laktosefrei,13
DEU,urq,13
DEU,haferme,13
DEU,cola loght,13
DEU,naguette,13
DEU,kühls,13
DEU,detol,13
DEU,Capr,13
DEU,fiscg,13
DEU,yfoof,13
DEU,fermen,13
DEU,knöpf,13
DEU,schololade,13
DEU,kitchen rol,13
DEU,käse sahne,13
DEU,alnatura beeren,13
DEU,grills,13
DEU,getränle,13
DEU,beacon,13
DEU,susskartoffel,13
DEU,san pellegr,13
DEU,mango maracuja,13
DEU,sprequell,13
DEU,gochujan,13
DEU,Tena,13
DEU,kräuter tk,13
DEU,kaseku,13
DEU,Grüne Bohnen,13
DEU,pill,13
DEU,ricc,13
DEU,lasagnepla,13
DEU,klarer,13
DEU,grab,13
DEU,sanddorn,13
DEU,bierwurst,13
DEU,mürbeteig,13
DEU,rinder brühe,13
DEU,mozarella s,13
DEU,koche,13
DEU,Hak,13
DEU,holund,13
DEU,mirav,13
DEU,leicht käse,13
DEU,protr,13
DEU,jghurt,13
DEU,bockwur,13
DEU,blutor,13
DEU,pain au chocolat,13
DEU,chilli cheese nuggets,13
DEU,ungesü,13
DEU,copper,13
DEU,oudding,13
DEU,sprot,13
DEU,soul,13
DEU,mango puree,13
DEU,Duschbad,13
DEU,Scha,13
DEU,laufe,13
DEU,bodenre,13
DEU,goreng,13
DEU,molisa,13
DEU,Schwarze,13
DEU,nussbutter,13
DEU,käsd,13
DEU,ziebeln,13
DEU,stri,13
DEU,sparking,13
DEU,toilr,13
DEU,Schokocreme,13
DEU,foll,13
DEU,schokomüs,13
DEU,gosc,13
DEU,dr best,13
DEU,jarritos,13
DEU,wassersp,13
DEU,toqst,13
DEU,strawberry frozen,13
DEU,çi,13
DEU,mana,13
DEU,seifenblasen,13
DEU,joghzrt,13
DEU,mandeln gehobelt,13
DEU,porato,13
DEU,canola oil,13
DEU,humms,13
DEU,mettende,13
DEU,ben & j,13
DEU,dev,13
DEU,toppit,13
DEU,turnip,13
DEU,eiswrfel,13
DEU,gelati,13
DEU,schik,13
DEU,dickman,13
DEU,geflügelf,13
DEU,gummibärcheb,13
DEU,sle,13
DEU,erdnussfli,13
DEU,bananem,13
DEU,bierschink,13
DEU,menstruation,13
DEU,gemüsemix,13
DEU,zitronne,13
DEU,kühlpa,13
DEU,vegane würst,13
DEU,maisme,13
DEU,straucht,13
DEU,ole,13
DEU,yi,13
DEU,dry tomato,13
DEU,pasta gluten free,13
DEU,jagdwur,13
DEU,tamen,13
DEU,weidemi,13
DEU,pikze,13
DEU,chur,13
DEU,paprika scharf,13
DEU,bele,13
DEU,WC rei,13
DEU,bais,13
DEU,frozen rasp,13
DEU,aera,13
DEU,schib,13
DEU,vaseli,13
DEU,caprisonn,13
DEU,salz sp,13
DEU,bib,13
DEU,tereA,13
DEU,oliven o,13
DEU,Vanille pudding,13
DEU,instant noo,13
DEU,suppengrun,13
DEU,brennesseltee,13
DEU,speudel,13
DEU,putztü,13
DEU,gummie,13
DEU,pto,13
DEU,stullen,13
DEU,schokopulver,13
DEU,schokolin,13
DEU,milk la,13
DEU,seltzer,13
DEU,camembe,13
DEU,decaff,13
DEU,sesamring,13
DEU,pipcorn,13
DEU,knov,13
DEU,fertigteig,13
DEU,dinkel vollkorn,13
DEU,rosmary,13
DEU,pwsto,13
DEU,auflau,13
DEU,nagellac,13
DEU,Italian,13
DEU,essigesse,13
DEU,milch soja,13
DEU,bio zwiebel,13
DEU,erik,13
DEU,woener,13
DEU,latte mac,13
DEU,kaltwachs,13
DEU,toramisu,13
DEU,gefrierbeute,13
DEU,Her,13
DEU,persil color,13
DEU,chicken tenders,13
DEU,Kesselchips,13
DEU,Schmelzk,13
DEU,licorice,13
DEU,breadcrum,13
DEU,milcv,13
DEU,pre milch,13
DEU,Pan,13
DEU,marmeld,13
DEU,kress,13
DEU,paprikapaste,13
DEU,aour,13
DEU,ohne zuck,13
DEU,käse sosse,13
DEU,Schla,13
DEU,gemüse bio,13
DEU,verba,13
DEU,tomato sauc,13
DEU,mozarellq,13
DEU,sanpel,13
DEU,waschlotion,13
DEU,Rote Beete,13
DEU,maos,13
DEU,oven paper,13
DEU,orange huice,13
DEU,green chi,13
DEU,prosciuto,13
DEU,Haferfl,13
DEU,soyas,13
DEU,redbulk,13
DEU,spezialsalz,13
DEU,lw,13
DEU,Paprika edel,13
DEU,popko,13
DEU,samz,13
DEU,pink lad,13
DEU,zitrome,13
DEU,Fros,13
DEU,ergül,13
DEU,destiliertes,13
DEU,linsen waff,13
DEU,frozen vegg,13
DEU,ketçap,13
DEU,mischau,13
DEU,pikant,13
DEU,Rost,13
DEU,rewe käse,13
DEU,mög,13
DEU,reis mehl,13
DEU,neacafe,13
DEU,body was,13
DEU,Dr. Pepper,13
DEU,vanie,13
DEU,mcc,13
DEU,kinder snack,13
DEU,kartoffl,13
DEU,knobluch,13
DEU,katoffe,13
DEU,langkornreis,13
DEU,Ing,13
DEU,sandwicht,13
DEU,knabbern,13
DEU,duschschwamm,13
DEU,Kaiser,13
DEU,balsamico chips,13
DEU,muhlen,13
DEU,Brause,13
DEU,köy yoğurdu,13
DEU,italienisches,13
DEU,granatapfelsi,13
DEU,erfbeere,13
DEU,coffee syrup,13
DEU,mais bio,13
DEU,Kartoffelbr,13
DEU,bread roll,13
DEU,geli,13
DEU,höhnchenbrust,13
DEU,multi saft,13
DEU,tmate,13
DEU,rice vin,13
DEU,Reismehl,13
DEU,dinkelto,13
DEU,kuvertü,13
DEU,leicht cross,13
DEU,reisc,13
DEU,café,13
DEU,mangoeis,13
DEU,Remou,13
DEU,pfefferbeißer,13
DEU,pelligrino,13
DEU,ostereier,13
DEU,schoko chips,13
DEU,amara,13
DEU,saly,13
DEU,nuss noug,13
DEU,vollkornkekse,13
DEU,vanille sau,13
DEU,spoons,13
DEU,parmisan,13
DEU,vegan cookies,13
DEU,rewe schokolade,13
DEU,käfer pinot,13
DEU,sunflowe,13
DEU,geriebenen käse,13
DEU,tofo,13
DEU,büff,13
DEU,pert,13
DEU,kuchentu,13
DEU,protein vanille,13
DEU,bodenrein,13
DEU,saft apfel,13
DEU,Erdbeermarmelade,13
DEU,lollo,13
DEU,moong,13
DEU,kokosf,13
DEU,coe,13
DEU,luga,13
DEU,yoghure,13
DEU,pets,13
DEU,kräuter der provence,13
DEU,fanta exoti,13
DEU,kinder snacks,13
DEU,pastinaken,13
DEU,tiefkühl kräuter,13
DEU,capsu,13
DEU,Fisc,13
DEU,hunde futter,13
DEU,wasssr,13
DEU,coca cola z,13
DEU,gafer,13
DEU,Dovgan,13
DEU,expre,13
DEU,applesauce,13
DEU,bio steak,13
DEU,kokusn,13
DEU,chips essig,13
DEU,Seelachs,13
DEU,graupe,13
DEU,bodylot,13
DEU,zahnbu,13
DEU,bio honig,13
DEU,Zwet,13
DEU,chips cheese,13
DEU,Wasser classic,13
DEU,salzbrenner,13
DEU,katzengras,13
DEU,braten so,13
DEU,çamaşır,13
DEU,wurste,13
DEU,Bac,13
DEU,curryk,13
DEU,schwarzer pfeffer,13
DEU,douche,13
DEU,cabo,13
DEU,licher,13
DEU,Sourcecode,13
DEU,frühlingsqua,13
DEU,"wasser 0,",13
DEU,vegan ma,13
DEU,rücken,13
DEU,wassermelome,13
DEU,eiersalat vegan,13
DEU,greich,13
DEU,san ma,13
DEU,curry 36,13
DEU,mixed berries,13
DEU,Brötc,13
DEU,cirn,13
DEU,hansch,13
DEU,nazar,13
DEU,eisberg salat,13
DEU,angostura,13
DEU,Cro,13
DEU,baby carrots,13
DEU,Sta,13
DEU,Geflügelfleischwurst,13
DEU,bord,13
DEU,deluxe,13
DEU,gegrillte,13
DEU,mövenpic,13
DEU,bell p,13
DEU,bauchspe,13
DEU,Flügel,13
DEU,handschue,13
DEU,klingen,13
DEU,creme ve,13
DEU,Schokobons,13
DEU,oki,13
DEU,mozzarella stick,13
DEU,mizelle,13
DEU,meta,13
DEU,badebombe,13
DEU,zuckersi,13
DEU,Vanille milch,13
DEU,bio hänchen,13
DEU,basket,13
DEU,frikandel,13
DEU,vegane käse,13
DEU,absc,13
DEU,butter light,13
DEU,make up remover,13
DEU,erdbeerjoghurt,13
DEU,gemüse pfanne,13
DEU,marmelade zucker,13
DEU,gras,13
DEU,wurstc,13
DEU,Auflauf,13
DEU,paprka,13
DEU,kräutersauce,13
DEU,sucuj,13
DEU,Hot Dog,13
DEU,alnatura gemüse,13
DEU,käse sche,13
DEU,"wasser still 1,5",13
DEU,handcr,13
DEU,schoko protein,13
DEU,nodel,13
DEU,vegane burger,13
DEU,rustipani,13
DEU,wus,13
DEU,wan tan,13
DEU,gouda scheiben,13
DEU,creme fi,13
DEU,sun screen,13
DEU,peoper,13
DEU,pilse,13
DEU,Sha,13
DEU,gehackte toma,13
DEU,gerieben käse,13
DEU,saysage,13
DEU,regel,13
DEU,nagg,13
DEU,schult,13
DEU,bio pute,13
DEU,Saucen,13
DEU,prptein,13
DEU,mini würstchen,13
DEU,prinzenr,13
DEU,Wiene,13
DEU,misi,13
DEU,eucola,13
DEU,acoca,13
DEU,maget,13
DEU,crem fr,13
DEU,mullsack,13
DEU,sippe,13
DEU,hicken,13
DEU,Spaghetti eis,13
DEU,ersbee,13
DEU,raumdu,13
DEU,hähnchensalami,13
DEU,apfelwei,13
DEU,salatalik,13
DEU,persol,13
DEU,crosaint,13
DEU,kinder choco,13
DEU,bio ha,13
DEU,yogurt 10,13
DEU,Sprüh,13
DEU,champinons,13
DEU,flips ju,13
DEU,vegan süß,13
DEU,old amst,13
DEU,zwieble,13
DEU,öncü,13
DEU,schokobrot,13
DEU,kettle chips,13
DEU,tomato passata,13
DEU,Rösterei Vier Italo Pop Classic Espresso,13
DEU,spetz,13
DEU,hefewei,13
DEU,cabernet,13
DEU,crispy ch,13
DEU,Sandwi,13
DEU,thai bas,13
DEU,zigaretteb,13
DEU,ler,13
DEU,toothb,13
DEU,sabne,13
DEU,orient,13
DEU,osaf,13
DEU,marmelade himbeer,13
DEU,biryani,13
DEU,fidch,13
DEU,wurst veg,13
DEU,inoki,13
DEU,deso,13
DEU,milchreid,13
DEU,butter laktosefrei,13
DEU,dauer,13
DEU,maish,13
DEU,zucini,13
DEU,alpro van,13
DEU,summ,13
DEU,shawarma,13
DEU,compost,13
DEU,Aufba,13
DEU,beee,13
DEU,tuef,13
DEU,Augen,13
DEU,saug,13
DEU,knöck,13
DEU,hähnx,13
DEU,apfelri,13
DEU,zucker würfel,13
DEU,go asia,13
DEU,chro,13
DEU,edd,13
DEU,jana,13
DEU,civa,13
DEU,günstig,13
DEU,wagner pizza,13
DEU,weißwein trocken,13
DEU,Schlemmerfilet,13
DEU,mehm,13
DEU,Toiletten Papier,13
DEU,druck,13
DEU,jav,13
DEU,apfelw,13
DEU,stan,13
DEU,spaguetti,13
DEU,multivitaminsaft,13
DEU,vanilla e,13
DEU,dd,13
DEU,zom,13
DEU,bodenwisch,13
DEU,zuckerschot,13
DEU,scharfe sauce,13
DEU,mehl glutenfrei,13
DEU,mango s,13
DEU,knoblauchpaste,13
DEU,palo,13
DEU,biomilch,13
DEU,napki,13
DEU,Vitamin c,13
DEU,kakao milch,13
DEU,toasy,13
DEU,Zucker?,13
DEU,Spee,13
DEU,kopfhö,13
DEU,corria,13
DEU,Kefi,13
DEU,wäscheduft,13
DEU,mnm,13
DEU,schnupf,13
DEU,Kaese,13
DEU,rugen,13
DEU,eistee lipton,13
DEU,susam,13
DEU,Parfüm,13
DEU,Beyond,13
DEU,mapl,13
DEU,loc,13
DEU,nic n,13
DEU,milch alternative,13
DEU,reo,13
DEU,dinkelvollkorn,13
DEU,streukäse light,13
DEU,kartoffelc,13
DEU,cheezit,13
DEU,koeiander,13
DEU,trinkkokos,13
DEU,noda,13
DEU,spite,13
DEU,haegen,13
DEU,deosp,13
DEU,eisweiss,13
DEU,arborio,13
DEU,Paneer,13
DEU,guaco,13
DEU,warhead,13
DEU,eiswüfel,13
DEU,mandeln gehackt,13
DEU,jagt,13
DEU,momster,13
DEU,mehl bio,13
DEU,makkar,13
DEU,tk beere,13
DEU,media,13
DEU,sanwi,13
DEU,Hähnchenbr,13
DEU,alnatura ice,13
DEU,protein e,13
DEU,toner,13
DEU,knusperflocken,13
DEU,pfel,13
DEU,ziton,13
DEU,kokosnilch,13
DEU,russisch brot,13
DEU,gluten free flour,13
DEU,cherrytomate,13
DEU,Ja limo,13
DEU,protein sha,13
DEU,kaubon,13
DEU,hot fog,13
DEU,wasser geschmack,13
DEU,Redbu,13
DEU,marmara,13
DEU,kindee,13
DEU,Black Forest,13
DEU,brötchwn,13
DEU,Zeit für br,13
DEU,kartoffel pür,13
DEU,Geburt,13
DEU,salatkopf,13
DEU,chickwn,13
DEU,swiffe,13
DEU,nudrln,13
DEU,rotte,13
DEU,ben',13
DEU,protein quark,13
DEU,klopapaier,13
DEU,destilliertes Wasser,13
DEU,teebaum,13
DEU,Ibuprofen,13
DEU,oatly vanille,13
DEU,hörnch,13
DEU,Trink,13
DEU,Gi,13
DEU,rewe chips,13
DEU,trinkh,13
DEU,"Milch 1,5%",13
DEU,juice orange,13
DEU,aoi,13
DEU,rettung,13
DEU,ware,13
DEU,Carrot,13
DEU,nesspresso,13
DEU,krepp,13
DEU,ies,13
DEU,shokol,13
DEU,tworo,13
DEU,pots,13
DEU,milchbrötche,13
DEU,coffee ground,13
DEU,pay,13
DEU,dr. oet,13
DEU,magerquark laktosefrei,13
DEU,flav,13
DEU,Litschi,13
DEU,salama,13
DEU,spirituosen,13
DEU,lotus eis,13
DEU,oram,13
DEU,Pam,13
DEU,kurze haltbarkeit,13
DEU,tuchmaske,13
DEU,vapri,13
DEU,couscus,13
DEU,spülmaschine tabs,13
DEU,more fizi,13
DEU,ppu,13
DEU,noti,13
DEU,dishwashe,13
DEU,rubi,13
DEU,oliven mix,13
DEU,Elmex,13
DEU,gegrillt,13
DEU,larto,13
DEU,cheese pops,13
DEU,stückige Tomaten,13
DEU,buldan,13
DEU,peanut oil,13
DEU,ui,13
DEU,apple ju,13
DEU,knack und,13
DEU,blauberr,13
DEU,seawee,13
DEU,mandelbutter,13
DEU,hew,13
DEU,Honi,13
DEU,chocolatw,13
DEU,immune,13
DEU,aufbe,13
DEU,dinkel brötchen,13
DEU,schokocrem,13
DEU,oreo ice,13
DEU,vollkornn,13
DEU,lambrus,13
DEU,eis b,13
DEU,chiclen,13
DEU,ecla,13
DEU,Pfanne,13
DEU,henne,13
DEU,Saure sahne,13
DEU,frisx,13
DEU,schwange,13
DEU,pelmi,13
DEU,tmaten,13
DEU,scheibenkäs,13
DEU,saure gummi,13
DEU,text,13
DEU,alnatura vegan,13
DEU,freda,13
DEU,cola o,13
DEU,limonen,13
DEU,Vanilleextrakt,13
DEU,Getrocknete,13
DEU,kinderwurst,13
DEU,Zitronens,13
DEU,marmelade erdbeer,13
DEU,Stremel,13
DEU,beor,13
DEU,lantosefrei,13
DEU,grai,13
DEU,lucky s,13
DEU,citric,13
DEU,beead,13
DEU,anti p,13
DEU,sekt alkohol,13
DEU,chicj,13
DEU,h-m,13
DEU,rol,13
DEU,schokodro,13
DEU,det,13
DEU,aü,13
DEU,rawbite,13
DEU,bildak,13
DEU,kajmak,13
DEU,bismark,13
DEU,Youcook,13
DEU,wafeln,13
DEU,sauvign,13
DEU,black pep,13
DEU,Kon,13
DEU,Ja milch,13
DEU,weins,13
DEU,blue farm,13
DEU,wolt mark,13
DEU,frischkäase,13
DEU,pulle,13
DEU,moochi,13
DEU,düru,13
DEU,hack bio,13
DEU,August,13
DEU,strawberry milk,13
DEU,bourb,13
DEU,zucj,13
DEU,bio brokkoli,13
DEU,trut,13
DEU,exquisa fitline,13
DEU,pilm,13
DEU,vermic,13
DEU,high protein ice cream,13
DEU,joghurt nat,13
DEU,ostman,13
DEU,funny fris,13
DEU,pampers 4,13
DEU,somnen,13
DEU,bockshorn,13
DEU,pizzen,13
DEU,ahornsir,13
DEU,skier,13
DEU,snit,13
DEU,Fet,13
DEU,rhun,13
DEU,baharat,13
DEU,Rigatoni,13
DEU,Cola ja,13
DEU,fischsosse,13
DEU,ciger,13
DEU,hunc,13
DEU,nature valley,13
DEU,more fiz,13
DEU,white sauce,13
DEU,schmierk,13
DEU,blockschokolade,13
DEU,nutri,13
DEU,Pas,13
DEU,meerretich,13
DEU,wasser black,13
DEU,Bistro,13
DEU,ln,13
DEU,Kräuter quark,13
DEU,keratin,13
DEU,yoghurr,13
DEU,Bis,13
DEU,eier bunt,13
DEU,Pistaz,13
DEU,Vegeta,13
DEU,euka,13
DEU,reu,13
DEU,hot sog,13
DEU,brötchen tiefkühl,13
DEU,karotten saft,13
DEU,Aptamil,13
DEU,avocado öl,13
DEU,Wurstsalat,13
DEU,alnatura jo,13
DEU,arrabiat,13
DEU,bugle,13
DEU,7gün,13
DEU,getrok,13
DEU,cols zero,13
DEU,brokkolo,13
DEU,western style,13
DEU,pekanuss,13
DEU,Gulaschsuppe,13
DEU,Leckerli,13
DEU,marmelde,13
DEU,krümmel,13
DEU,frischkäse k,13
DEU,Müllb,13
DEU,brechbo,13
DEU,feta li,13
DEU,marloboro,13
DEU,bio mi,13
DEU,Kitchen,13
DEU,coppem,13
DEU,bad lieben,13
DEU,körp,13
DEU,vaoe,13
DEU,salz stangen,13
DEU,apric,13
DEU,Pfefferminztee,13
DEU,merrettich,13
DEU,erdbeersoße,13
DEU,hänchenfleisch,13
DEU,hackleisch,13
DEU,milu,13
DEU,emmenthaler,13
DEU,kokosmus,13
DEU,manc,13
DEU,Wasser mi,13
DEU,flug,13
DEU,soc,13
DEU,cabanoss,13
DEU,ochsenherz,13
DEU,my müsli,13
DEU,butterto,13
DEU,butter cheese,13
DEU,Schwarzwald,13
DEU,Sekt alkoholfrei,13
DEU,iceb,13
DEU,cosmea,13
DEU,vanillezuck,13
DEU,chicken s,13
DEU,barillia,13
DEU,jasmin rice,13
DEU,spülsalz,13
DEU,hib,13
DEU,milch alnatura,13
DEU,Duplo,13
DEU,la vie,13
DEU,paysafe,13
DEU,dinkel gepufft,13
DEU,olic,13
DEU,china kohl,13
DEU,sprüdelwasser,13
DEU,philadelphi,13
DEU,oatmi,13
DEU,turkische,13
DEU,gae,13
DEU,kücherolle,13
DEU,biskin,13
DEU,vill,13
DEU,judith,13
DEU,Zuccini,13
DEU,ja orange,13
DEU,jorg,13
DEU,вода,13
DEU,wischer,13
DEU,japanische,13
DEU,cottage che,13
DEU,riesa,13
DEU,psrmesan,13
DEU,Gemüsesaft,13
DEU,Capp,13
DEU,yellow tail,13
DEU,parchment,13
DEU,pfri,13
DEU,prod,13
DEU,weisse sc,13
DEU,abflussreiniger,13
DEU,kiecher,13
DEU,obstsa,13
DEU,simi,13
DEU,nayo,13
DEU,horse,13
DEU,schinl,13
DEU,rotwein klein,13
DEU,bims,13
DEU,schokolsde,13
DEU,chre,13
DEU,solt,13
DEU,ratsherrn,13
DEU,bondue,13
DEU,fiji,13
DEU,Haferflo,13
DEU,sponat,13
DEU,claro,13
DEU,banne,13
DEU,dese,13
DEU,wiener wü,13
DEU,öls,13
DEU,lavender,13
DEU,bier corona,13
DEU,cremanr,13
DEU,blater,13
DEU,Fusilli,13
DEU,gilett,13
DEU,schokolade rewe,13
DEU,estra,13
DEU,yoghurt protein,13
DEU,makrelenfilets,13
DEU,WC papier,13
DEU,chardonn,13
DEU,tomaten g,13
DEU,nuss creme,13
DEU,benjamin blümchen,13
DEU,rasb,13
DEU,orage,13
DEU,cola lemon,13
DEU,bio ingwer,13
DEU,schlagcreme,13
DEU,richtig lecker,13
DEU,kayma,13
DEU,glassreiniger,13
DEU,zero coca,13
DEU,luice,13
DEU,champignions,13
DEU,kchenrolle,13
DEU,rohrreini,13
DEU,vorn,13
DEU,bohnenkr,13
DEU,trüffel mayo,13
DEU,oreo ice cream,13
DEU,greiss,13
DEU,hygiene sp,13
DEU,mixe,13
DEU,nudeltopf,13
DEU,hafermilvh,13
DEU,caramel s,13
DEU,bio fle,13
DEU,köy,13
DEU,mix retter,13
DEU,wet wip,13
DEU,soja vanille,13
DEU,lada,13
DEU,paulanet,13
DEU,qaurk,13
DEU,tpilettenpapier,13
DEU,rooi,13
DEU,cola zw,13
DEU,Solero,13
DEU,chev,13
DEU,timbark,13
DEU,schasch,13
DEU,Mandelmi,13
DEU,sahnesauce,13
DEU,chupa chups,13
DEU,fruchtwein,13
DEU,natur jog,13
DEU,reissdorf,13
DEU,babygläschen,13
DEU,brauner zuck,13
DEU,turkey bacon,13
DEU,mango getrocknet,13
DEU,mizellenwasser,13
DEU,Meersalz,13
DEU,leinenöl,13
DEU,tett,13
DEU,warte,13
DEU,klebeba,13
DEU,deco,13
DEU,geramond,13
DEU,hokk,13
DEU,sprühflasche,13
DEU,rind bio,13
DEU,swift,13
DEU,fleischwurst vegan,13
DEU,Terra,13
DEU,schinkrn,13
DEU,orangina zero,13
DEU,geflügelwü,13
DEU,fassbrau,13
DEU,Wiener w,13
DEU,hangover,13
DEU,suer,13
DEU,Kaf,13
DEU,Frische,13
DEU,orange zero,13
DEU,schokomi,13
DEU,brotback,13
DEU,magerstufe,13
DEU,gutf,13
DEU,Pes,13
DEU,veggy,13
DEU,vegan ch,13
DEU,linsen waffel,13
DEU,mpsli,13
DEU,bröd,13
DEU,magherita,13
DEU,reibekäse light,13
DEU,plain,13
DEU,süsskartoff,13
DEU,stilles was,13
DEU,courg,13
DEU,smoked sa,13
DEU,reaper,13
DEU,frozen stra,13
DEU,pommes salz,13
DEU,anker,13
DEU,Eid,13
DEU,erdbeereb,13
DEU,wurst aufschnitt,13
DEU,zitronen bio,13
DEU,parmasean,13
DEU,brots,13
DEU,bergb,13
DEU,grosta,13
DEU,leberkas,13
DEU,balloons,13
DEU,tomatn,13
DEU,köttbu,13
DEU,q-tip,13
DEU,crispy onion,13
DEU,lasagneblätter,13
DEU,Popc,13
DEU,Kölln,13
DEU,eustee,12
DEU,pizza r,12
DEU,nite,12
DEU,orangenlikör,12
DEU,molasses,12
DEU,ketchip,12
DEU,o sa,12
DEU,Bratensoße,12
DEU,tandoori,12
DEU,öl sonnen,12
DEU,enthaa,12
DEU,öl ja,12
DEU,wenig zucker,12
DEU,high protein milk,12
DEU,kakao ni,12
DEU,sanw,12
DEU,pesto ja,12
DEU,brot sauerteig,12
DEU,ili,12
DEU,vinger,12
DEU,cola ko,12
DEU,You,12
DEU,milka schokolade,12
DEU,De cecco,12
DEU,sahne sauce,12
DEU,blackb,12
DEU,ja toilet,12
DEU,Aufschni,12
DEU,kartoffelcre,12
DEU,Feuch,12
DEU,mirace,12
DEU,laa,12
DEU,rafael,12
DEU,reisme,12
DEU,garbag,12
DEU,sriracha mayo,12
DEU,svo,12
DEU,cheese slic,12
DEU,waxing,12
DEU,himberre,12
DEU,nescafe espresso,12
DEU,saltle,12
DEU,adia,12
DEU,herzo,12
DEU,baking tray,12
DEU,nuds,12
DEU,Toastbr,12
DEU,bio jogh,12
DEU,puszta,12
DEU,hl,12
DEU,chickenwi,12
DEU,baking chocolate,12
DEU,elfbae,12
DEU,cerral,12
DEU,eifrei,12
DEU,pitzza,12
DEU,chicken st,12
DEU,parquet,12
DEU,mirak,12
DEU,cheak,12
DEU,königsber,12
DEU,proteindrink,12
DEU,Wolt Isolierte Kühltasche,12
DEU,hähnchenkeul,12
DEU,laxx,12
DEU,belli,12
DEU,crunchip,12
DEU,schocki,12
DEU,cola fritz,12
DEU,lichte,12
DEU,breaso,12
DEU,ice cream cone,12
DEU,kopfs,12
DEU,capo,12
DEU,french dressing,12
DEU,Wassermelon,12
DEU,kochkä,12
DEU,furke,12
DEU,marca italia,12
DEU,colaz,12
DEU,Stauden,12
DEU,crispies,12
DEU,bulit,12
DEU,dishes,12
DEU,herr‘s,12
DEU,sommerg,12
DEU,trockenfut,12
DEU,req,12
DEU,flädle,12
DEU,hafers,12
DEU,beinsc,12
DEU,zuegenkäse,12
DEU,scharfskä,12
DEU,schwarzbohnen,12
DEU,milch 1.,12
DEU,duf,12
DEU,kopen,12
DEU,calgo,12
DEU,bio apf,12
DEU,alnatura m,12
DEU,Flensburger,12
DEU,leaf,12
DEU,halsschmerzen,12
DEU,more pro,12
DEU,jack danie,12
DEU,5l,12
DEU,öl raps,12
DEU,hünche,12
DEU,whip cream,12
DEU,Feuchttuch,12
DEU,hornh,12
DEU,Reiswaf,12
DEU,Suppenfleisch,12
DEU,tonic wa,12
DEU,pistache,12
DEU,batat,12
DEU,madele,12
DEU,sauerkirsc,12
DEU,tomatenketchup,12
DEU,pasta sauc,12
DEU,pfank,12
DEU,more fizz,12
DEU,kompo,12
DEU,pilme,12
DEU,Durs,12
DEU,kaffeemil,12
DEU,pahm,12
DEU,essig chips,12
DEU,nessp,12
DEU,törtchen,12
DEU,peca,12
DEU,wraos,12
DEU,olive ol,12
DEU,Mikado,12
DEU,fleisch rind,12
DEU,bufal,12
DEU,fertif,12
DEU,sigare,12
DEU,chole,12
DEU,kaffeepul,12
DEU,müsse,12
DEU,mango ice,12
DEU,ferrero kinder,12
DEU,küchenre,12
DEU,milka kekse,12
DEU,vanillen,12
DEU,kapya,12
DEU,eis pro,12
DEU,austerns,12
DEU,zitronesaft,12
DEU,cigaretten,12
DEU,civ,12
DEU,eisq,12
DEU,San lu,12
DEU,hähnchenge,12
DEU,italienische kräu,12
DEU,hausmacher,12
DEU,la hs,12
DEU,ice würfel,12
DEU,bulldak,12
DEU,pepe tabak,12
DEU,moren,12
DEU,schokod,12
DEU,keim,12
DEU,semolin,12
DEU,milch sch,12
DEU,chana,12
DEU,choco fres,12
DEU,cola ja!,12
DEU,massageöl,12
DEU,Körner,12
DEU,way,12
DEU,cio,12
DEU,proteinb,12
DEU,enegy,12
DEU,kartogf,12
DEU,radiesche,12
DEU,biotin,12
DEU,champini,12
DEU,dr. oe,12
DEU,glitzer,12
DEU,zuckersir,12
DEU,wwi,12
DEU,tosdt,12
DEU,eis zero,12
DEU,toilettenpapir,12
DEU,Kokos Joghurt,12
DEU,all purpose flour,12
DEU,Bananensaft,12
DEU,alkoholfreies bi,12
DEU,80,12
DEU,smoked tofu,12
DEU,kiki,12
DEU,kindersc,12
DEU,süßer sen,12
DEU,schnetzel,12
DEU,mulc,12
DEU,traubensaf,12
DEU,Schafsk,12
DEU,prange,12
DEU,frische eier,12
DEU,weib,12
DEU,cola 2,12
DEU,rye bread,12
DEU,ja chip,12
DEU,nar ekşisi,12
DEU,cet,12
DEU,longpaper,12
DEU,sierra,12
DEU,hirtenkäse light,12
DEU,Fairy,12
DEU,soagh,12
DEU,steckdose,12
DEU,loorb,12
DEU,nudeln fussili,12
DEU,geflügels,12
DEU,alnatura wurst,12
DEU,hyd,12
DEU,npsse,12
DEU,bathroom cleaner,12
DEU,cottonelle,12
DEU,lime chips,12
DEU,ziehkäse,12
DEU,kastenform,12
DEU,dreami,12
DEU,blasenpf,12
DEU,appenz,12
DEU,vanilleextr,12
DEU,zeit für brit,12
DEU,bio Milch,12
DEU,Baked beans,12
DEU,lemon ju,12
DEU,raum duft,12
DEU,portidge,12
DEU,reww,12
DEU,tunna,12
DEU,wasser saka,12
DEU,pime,12
DEU,udeln,12
DEU,Körnig,12
DEU,cookie dou,12
DEU,kokos j,12
DEU,parmegano,12
DEU,apül,12
DEU,metall,12
DEU,watten,12
DEU,mortda,12
DEU,oramge,12
DEU,tortenbode,12
DEU,Geriebener,12
DEU,sazi,12
DEU,Weintr,12
DEU,rüben,12
DEU,protein bro,12
DEU,butella,12
DEU,Marga,12
DEU,de ceco,12
DEU,wors,12
DEU,grin,12
DEU,alnatura koko,12
DEU,pulled chicken,12
DEU,katzenfutter nass,12
DEU,Brötche,12
DEU,cerealen,12
DEU,zut,12
DEU,brötchen tief,12
DEU,sahne steif,12
DEU,berglinsen,12
DEU,satay,12
DEU,frosta gemüse,12
DEU,maggie fix,12
DEU,bio br,12
DEU,gunger,12
DEU,Vollko,12
DEU,Alnavit,12
DEU,chili cheese nuggets,12
DEU,baking pap,12
DEU,kirscg,12
DEU,Küchenpap,12
DEU,green tee,12
DEU,milchschnittr,12
DEU,muski,12
DEU,Baklava,12
DEU,netflix,12
DEU,vanilya,12
DEU,knoblauchbr,12
DEU,kartoffel gewürz,12
DEU,schokotröpfchen,12
DEU,ölsp,12
DEU,schattenmorelle,12
DEU,coconat,12
DEU,sternb,12
DEU,ja wass,12
DEU,hackfleisch schwein,12
DEU,aftershave,12
DEU,dunkle schokol,12
DEU,firsch,12
DEU,kartoffeln glas,12
DEU,nylon,12
DEU,gurkel,12
DEU,h milch bio,12
DEU,waschmasc,12
DEU,h milc,12
DEU,pomegranate juice,12
DEU,pistazieneis,12
DEU,elle,12
DEU,Bio Kartoffeln,12
DEU,Billie,12
DEU,fructis,12
DEU,momos,12
DEU,gesalze,12
DEU,balast,12
DEU,biere,12
DEU,high protein käse,12
DEU,Honigmelone,12
DEU,reis vollkorn,12
DEU,no added sugar,12
DEU,miracel whip,12
DEU,delika,12
DEU,wc cleaner,12
DEU,erytrit,12
DEU,st pe,12
DEU,pepi,12
DEU,maulwurf,12
DEU,meers,12
DEU,orso,12
DEU,cocktail tomaten,12
DEU,gerieber,12
DEU,Toiletten pap,12
DEU,Tuch,12
DEU,portein,12
DEU,käse goud,12
DEU,bio fisch,12
DEU,gack,12
DEU,sojagranulat,12
DEU,leder,12
DEU,augenbraun,12
DEU,cig kö,12
DEU,baby potatoes,12
DEU,kuchentuch,12
DEU,hähnchenbrusz,12
DEU,tomatenmaek,12
DEU,Ben jerr,12
DEU,alnatura rote,12
DEU,rosinenbrö,12
DEU,cerealie,12
DEU,çöp,12
DEU,Rettung,12
DEU,mandelcreme,12
DEU,müll tüte,12
DEU,pollo fino,12
DEU,rewe Wasser,12
DEU,pusding,12
DEU,bread flour,12
DEU,Eiskaf,12
DEU,koen,12
DEU,staubsa,12
DEU,tyrell,12
DEU,bröttchen,12
DEU,makaro,12
DEU,jähnchen,12
DEU,zuke,12
DEU,brazil nut,12
DEU,heinecken,12
DEU,kälter ka,12
DEU,teo,12
DEU,berry mix,12
DEU,Hart,12
DEU,Morz,12
DEU,gemis,12
DEU,pfirsichsaft,12
DEU,cannabis,12
DEU,hagebu,12
DEU,alpro schoko,12
DEU,grießp,12
DEU,volvic zitrone,12
DEU,gewürtze,12
DEU,maghi,12
DEU,Tortelloni,12
DEU,klrniger,12
DEU,litch,12
DEU,pac choi,12
DEU,gran padano,12
DEU,Berliner luft,12
DEU,milch 0.1,12
DEU,magnus,12
DEU,aiv,12
DEU,schokofresh,12
DEU,heimatg,12
DEU,protein shaker,12
DEU,oaprika,12
DEU,coopen,12
DEU,capro,12
DEU,drin,12
DEU,jogurt vegan,12
DEU,lollies,12
DEU,Broko,12
DEU,Paula,12
DEU,marca,12
DEU,Hähnchenschnitzel,12
DEU,griesson,12
DEU,rosewe,12
DEU,eistee pfi,12
DEU,tä,12
DEU,maci king,12
DEU,toast cheese,12
DEU,currywur,12
DEU,süss sa,12
DEU,asia gem,12
DEU,Dunkle Schokolade,12
DEU,trash ba,12
DEU,müssli,12
DEU,tenders,12
DEU,blend,12
DEU,lieken,12
DEU,gemüse saft,12
DEU,sambu,12
DEU,pommes frites,12
DEU,frische mi,12
DEU,schoko p,12
DEU,schokolade ohne zucker,12
DEU,lup,12
DEU,trüffle,12
DEU,wasser spray,12
DEU,multivitamin saft,12
DEU,erdbeer milch,12
DEU,kirschtoma,12
DEU,tumer,12
DEU,frikase,12
DEU,snackk,12
DEU,eice,12
DEU,nordfrost,12
DEU,pitt,12
DEU,tomarten,12
DEU,protein pas,12
DEU,Joghurt lak,12
DEU,spicy mayo,12
DEU,meeresf,12
DEU,schk,12
DEU,Kontaktlinsen,12
DEU,romane,12
DEU,soja sau,12
DEU,nar ek,12
DEU,Lorbeer,12
DEU,tütte,12
DEU,boden reiniger,12
DEU,huhb,12
DEU,apeck,12
DEU,würdtch,12
DEU,salmiak,12
DEU,spülsch,12
DEU,creme b,12
DEU,quark la,12
DEU,waffelröllchen,12
DEU,shär,12
DEU,hers,12
DEU,nido,12
DEU,sardinien,12
DEU,advo,12
DEU,schwarzer Pfeffer,12
DEU,cruto,12
DEU,monster mango,12
DEU,tatlı,12
DEU,crr,12
DEU,veganer frisch,12
DEU,redbill,12
DEU,Pads,12
DEU,buldok,12
DEU,Weißwe,12
DEU,babylove,12
DEU,Erdnussflips,12
DEU,retten,12
DEU,mcca,12
DEU,dosensuppe,12
DEU,andec,12
DEU,rinse,12
DEU,rotwurst,12
DEU,cola vanil,12
DEU,almat,12
DEU,haferr,12
DEU,check,12
DEU,erdnuss flips,12
DEU,Finesse,12
DEU,Oatl,12
DEU,melisse,12
DEU,carots,12
DEU,koro vegan,12
DEU,rog,12
DEU,wasser spridel,12
DEU,cidee,12
DEU,rosewei,12
DEU,feuchttucher,12
DEU,ginger bier,12
DEU,laundr,12
DEU,Rem,12
DEU,thung,12
DEU,schokoladen tafel,12
DEU,Cigarettes,12
DEU,küm,12
DEU,moist,12
DEU,ceaser dressing,12
DEU,wasser cla,12
DEU,rubbish,12
DEU,bohnrn,12
DEU,magni,12
DEU,John player,12
DEU,fleur de sel,12
DEU,kowi,12
DEU,scharfer gr,12
DEU,tomato pure,12
DEU,blrek,12
DEU,rettr,12
DEU,under,12
DEU,koei,12
DEU,amerikan,12
DEU,Kaffee löslich,12
DEU,mitte,12
DEU,nudekn,12
DEU,goula,12
DEU,hefewe,12
DEU,Schafs,12
DEU,tö,12
DEU,süßl,12
DEU,apfelstru,12
DEU,königer,12
DEU,trockenfutt,12
DEU,hühnchen bio,12
DEU,instant kaf,12
DEU,vollmilch sch,12
DEU,alpro pro,12
DEU,napo,12
DEU,Wier,12
DEU,Creme fre,12
DEU,regens,12
DEU,chicken slice,12
DEU,aqua pana,12
DEU,nehl,12
DEU,Tiefküh,12
DEU,vanille pudd,12
DEU,spezial salz,12
DEU,handtücher,12
DEU,kaffee entko,12
DEU,taco mix,12
DEU,rhubarb,12
DEU,rote pa,12
DEU,Noa,12
DEU,brechbohn,12
DEU,putztuch,12
DEU,tortengu,12
DEU,Kuchenrolle,12
DEU,wasser stull,12
DEU,körniger frisc,12
DEU,Seitenbacher,12
DEU,aer,12
DEU,eierplätzchen,12
DEU,knochenmark,12
DEU,Kuche,12
DEU,geril,12
DEU,Eisber,12
DEU,bueo,12
DEU,staubwedel,12
DEU,Schma,12
DEU,plattpfirsich,12
DEU,spray oil,12
DEU,hem,12
DEU,hqck,12
DEU,Energie drink,12
DEU,feta bio,12
DEU,chocolate cookies,12
DEU,fria,12
DEU,brookie,12
DEU,einmal handschuhe,12
DEU,teeli,12
DEU,ülkee,12
DEU,schoge,12
DEU,light mozz,12
DEU,fonz,12
DEU,fanat,12
DEU,cola ohne koffein,12
DEU,kappern,12
DEU,mühlen hack,12
DEU,dprite,12
DEU,Lasag,12
DEU,kösewürfel,12
DEU,wasser baby,12
DEU,stir fry,12
DEU,sonntagsbr,12
DEU,schlafsahne,12
DEU,erpsen,12
DEU,butter b,12
DEU,hunde eis,12
DEU,Binde,12
DEU,jägersauce,12
DEU,vegan mett,12
DEU,stik,12
DEU,adidas,12
DEU,sprite ze,12
DEU,hast,12
DEU,thoma,12
DEU,coppenrath und wiese,12
DEU,aliol,12
DEU,tossue,12
DEU,half baked,12
DEU,Gabel,12
DEU,üa,12
DEU,mamdel,12
DEU,reisb,12
DEU,kiko,12
DEU,ja was,12
DEU,sprudek,12
DEU,frozen meal,12
DEU,Selters,12
DEU,dokas,12
DEU,miracle w,12
DEU,wasserw,12
DEU,Kosmetiktücher,12
DEU,kleidung,12
DEU,sonnenfi,12
DEU,rote Beete saft,12
DEU,milchrice,12
DEU,Milchkaffee,12
DEU,tapi,12
DEU,eic,12
DEU,kräuteressig,12
DEU,babyna,12
DEU,cola zero 1,12
DEU,pfefferk,12
DEU,protein pulv,12
DEU,rote bohne,12
DEU,Yogu,12
DEU,Gefrorene,12
DEU,Miracoli,12
DEU,vegetable chips,12
DEU,wein r,12
DEU,blowjob,12
DEU,skyr lactose,12
DEU,ja sahne,12
DEU,ja schoko,12
DEU,pei,12
DEU,camom,12
DEU,destili,12
DEU,waschmittel wei,12
DEU,sauer rahm,12
DEU,sweet sauce,12
DEU,esn riegel,12
DEU,"Bier 5,0",12
DEU,vegan jerky,12
DEU,brene,12
DEU,Jean,12
DEU,maccheroni,12
DEU,maasdam,12
DEU,quark creme,12
DEU,goldb,12
DEU,bananw,12
DEU,Brez,12
DEU,wasvh,12
DEU,auoli,12
DEU,tma,12
DEU,hri,12
DEU,feuchtpapier,12
DEU,est,12
DEU,Masca,12
DEU,milsc,12
DEU,vegan parmesan,12
DEU,nudelsau,12
DEU,7 da,12
DEU,coca vola,12
DEU,Hac,12
DEU,Protein Riegel,12
DEU,Müllt,12
DEU,Frischkäse Kräuter,12
DEU,haag,12
DEU,vegan Käse,12
DEU,geriebener kase,12
DEU,lioner,12
DEU,kosmo,12
DEU,mipch,12
DEU,veggie nuggets,12
DEU,hänchen bio,12
DEU,portobello,12
DEU,lapen,12
DEU,vanilla yogurt,12
DEU,Gemüs,12
DEU,eind,12
DEU,zotro,12
DEU,potein,12
DEU,feuchtes toilette,12
DEU,Tza,12
DEU,paw,12
DEU,ds,12
DEU,blattspina,12
DEU,april,12
DEU,notmilk,12
DEU,meals,12
DEU,vegane sala,12
DEU,Ape,12
DEU,erfrischu,12
DEU,raffael,12
DEU,buttergempse,12
DEU,herzogin,12
DEU,maisr,12
DEU,mergez,12
DEU,Cottage cheese,12
DEU,bio zitro,12
DEU,entreco,12
DEU,oat molk,12
DEU,trockensch,12
DEU,elvive,12
DEU,kaffewe,12
DEU,grenadi,12
DEU,rohrzuc,12
DEU,kaffee gemahl,12
DEU,Cous,12
DEU,sshne,12
DEU,cheese burger,12
DEU,lippenpflege,12
DEU,maggi f,12
DEU,spiritu,12
DEU,vegan jo,12
DEU,looye,12
DEU,reibe köse,12
DEU,hellas,12
DEU,Kaffeeb,12
DEU,reisbeutel,12
DEU,gouda cheese,12
DEU,knoll,12
DEU,Raum,12
DEU,reibekäsr,12
DEU,muffinform,12
DEU,banana milk,12
DEU,Grapes,12
DEU,scheue,12
DEU,apple j,12
DEU,low ca,12
DEU,spw,12
DEU,eiweißb,12
DEU,joghury,12
DEU,spitzkoh,12
DEU,Hirse,12
DEU,apfl,12
DEU,rioja,12
DEU,kolra,12
DEU,fruit loops,12
DEU,babyflasche,12
DEU,peach ice tea,12
DEU,taziki,12
DEU,tiga,12
DEU,eiswurfe,12
DEU,ıslak,12
DEU,avaco,12
DEU,bauckhof,12
DEU,Colgate,12
DEU,drumstick,12
DEU,Ich,12
DEU,salsicci,12
DEU,blötter,12
DEU,sageo,12
DEU,disti,12
DEU,Pizza vegan,12
DEU,Melatonin,12
DEU,goda,12
DEU,salat mi,12
DEU,serup,12
DEU,cach,12
DEU,Low carb,12
DEU,eiswei,12
DEU,chilli flake,12
DEU,dresding,12
DEU,nassfutter katze,12
DEU,caraz,12
DEU,wasser 0.5,12
DEU,chesee,12
DEU,organic chicken,12
DEU,sauce holla,12
DEU,hackgl,12
DEU,aci,12
DEU,kaffee l,12
DEU,sauregurken,12
DEU,tapsy,12
DEU,minutens,12
DEU,schinkens,12
DEU,cocnut water,12
DEU,back came,12
DEU,red bean,12
DEU,crene,12
DEU,iced co,12
DEU,rundkorn,12
DEU,avicad,12
DEU,magd,12
DEU,ice coff,12
DEU,rauch eistee,12
DEU,rosenbrö,12
DEU,milki,12
DEU,maisstä,12
DEU,erbseb,12
DEU,Air,12
DEU,save,12
DEU,hähnchen halal,12
DEU,mandeln gema,12
DEU,huhn bio,12
DEU,knoblauch duo,12
DEU,dosen mais,12
DEU,zicker,12
DEU,Holunder,12
DEU,tzazik,12
DEU,cupper,12
DEU,Magen,12
DEU,Passata,12
DEU,vegan sauce,12
DEU,entenbrust,12
DEU,kinder bu,12
DEU,käsestick,12
DEU,eis sni,12
DEU,Nugget,12
DEU,scissor,12
DEU,maple s,12
DEU,doritod,12
DEU,zerl,12
DEU,insects,12
DEU,hair colour,12
DEU,ving,12
DEU,god,12
DEU,vogue blue,12
DEU,red bull sugar,12
DEU,pizza ba,12
DEU,toilettenpaper,12
DEU,EIER,12
DEU,Bouletten,12
DEU,greenfo,12
DEU,filetstreifen,12
DEU,kokuss,12
DEU,rotwein lieblich,12
DEU,beneful,12
DEU,hafermilch ohne zucker,12
DEU,linsen rot,12
DEU,WASSER,12
DEU,griespu,12
DEU,tate,12
DEU,schnup,12
DEU,noode,12
DEU,tomaten sose,12
DEU,fie,12
DEU,letsch,12
DEU,überras,12
DEU,dete,12
DEU,Dino,12
DEU,käse Würfel,12
DEU,winner,12
DEU,Parma,12
DEU,bert,12
DEU,basililum,12
DEU,roug,12
DEU,cli,12
DEU,fertigsa,12
DEU,obstriegel,12
DEU,pich,12
DEU,ron,12
DEU,rinse aid,12
DEU,schic,12
DEU,ketsh,12
DEU,00,12
DEU,ginger gar,12
DEU,zewa smart,12
DEU,purblo,12
DEU,glass noodle,12
DEU,kq,12
DEU,poffer,12
DEU,braune sauce,12
DEU,gewurzgur,12
DEU,Piccolo,12
DEU,Kello,12
DEU,vegan hähnchen,12
DEU,moll,12
DEU,hafern,12
DEU,chilli sin,12
DEU,huft,12
DEU,ramen nudeln,12
DEU,möwenpick,12
DEU,saures,12
DEU,apfelsaft natur,12
DEU,deu,12
DEU,skyr alnatura,12
DEU,tolate,12
DEU,kohlensä,12
DEU,gola,12
DEU,papel,12
DEU,kaffee ja,12
DEU,teibe,12
DEU,Cheteau,12
DEU,chocolate milka,12
DEU,schnitzer,12
DEU,corona test,12
DEU,iced coff,12
DEU,schmamd,12
DEU,tadim,12
DEU,mirre,12
DEU,q tipps,12
DEU,fez,12
DEU,Küchent,12
DEU,reme,12
DEU,crme,12
DEU,chili mayo,12
DEU,wasser mit ko,12
DEU,konfome,12
DEU,pinko,12
DEU,expressreis,12
DEU,rite,12
DEU,alnatura nuss,12
DEU,Rösti,12
DEU,geschälte tomate,12
DEU,Alu,12
DEU,gartenkr,12
DEU,shitak,12
DEU,flohsame,12
DEU,Mozzarella sticks,12
DEU,ksrt,12
DEU,lubr,12
DEU,kücj,12
DEU,himbeeren gefr,12
DEU,Past,12
DEU,Res,12
DEU,hafer c,12
DEU,Feige,12
DEU,tuna can,12
DEU,lyone,12
DEU,Pick,12
DEU,bidi,12
DEU,wos,12
DEU,oliver,12
DEU,Creme Fraiche,12
DEU,jack links,12
DEU,sakz,12
DEU,chips trüffel,12
DEU,toillett,12
DEU,rübe,12
DEU,waleda,12
DEU,city se,12
DEU,nippo,12
DEU,ladekab,12
DEU,feld salat,12
DEU,instant k,12
DEU,grichischer joghurt,12
DEU,fata,12
DEU,uli,12
DEU,kong,12
DEU,Weisswein,12
DEU,mexica,12
DEU,romasalat,12
DEU,beioche,12
DEU,Ja wasser,12
DEU,niss,12
DEU,beff,12
DEU,Aufschn,12
DEU,oat milch,12
DEU,grenadilla,12
DEU,ficken,12
DEU,st pelle,12
DEU,djon,12
DEU,nutella bis,12
DEU,Bratwürste,12
DEU,suju,12
DEU,mozarella käse,12
DEU,kopfsal,12
DEU,aktivkoh,12
DEU,keksr,12
DEU,pig,12
DEU,rm,12
DEU,mocchi,12
DEU,saucenbinder,12
DEU,veltliner,12
DEU,preiselbeere,12
DEU,musel,12
DEU,lauxh,12
DEU,vhip,12
DEU,bergbau,12
DEU,maraq,12
DEU,chickenwin,12
DEU,geflügel bratwurst,12
DEU,rocul,12
DEU,Eer,12
DEU,elder,12
DEU,havarti,12
DEU,müss,12
DEU,beemster,12
DEU,schoko dr,12
DEU,Turkey,12
DEU,Ber,12
DEU,marmelade bio,12
DEU,chevap,12
DEU,wäschepar,12
DEU,thunfisvh,12
DEU,käsesp,12
DEU,raviolo,12
DEU,brötchen dinkel,12
DEU,colorwaschmittel,12
DEU,lisen,12
DEU,Vod,12
DEU,klopf,12
DEU,breadcrumb,12
DEU,smot,12
DEU,Frisc,12
DEU,Block,12
DEU,nudek,12
DEU,äl,12
DEU,bier pils,12
DEU,cheestr,12
DEU,lachsforelle,12
DEU,fruchtri,12
DEU,grutze,12
DEU,semmelknödel,12
DEU,baguettr,12
DEU,hot sa,12
DEU,schokl,12
DEU,rettu,12
DEU,tomae,12
DEU,ticta,12
DEU,fisvh,12
DEU,oett,12
DEU,bulfak,12
DEU,kakap,12
DEU,calsberg,12
DEU,frozen gemuse,12
DEU,Bio gurke,12
DEU,stangensellerie,12
DEU,prosecco alkoholfrei,12
DEU,marmelade zuckerfrei,12
DEU,insect spray,12
DEU,mozre,12
DEU,tint,12
DEU,Tahini,12
DEU,papeik,12
DEU,nicn,12
DEU,combucha,12
DEU,Like chicken,12
DEU,kalua,12
DEU,eis am sti,12
DEU,ruca,12
DEU,coriander powder,12
DEU,Backen,12
DEU,hipp baby,12
DEU,duschgel kinder,12
DEU,alnatura keks,12
DEU,storte,12
DEU,rettrr,12
DEU,trockenschampoo,12
DEU,kopfsala,12
DEU,käse geriebe,12
DEU,Rostzwiebeln,12
DEU,kitchen spray,12
DEU,bärlau,12
DEU,funny-frisch,12
DEU,weiße bohne,12
DEU,rasierg,12
DEU,buttercr,12
DEU,obd,12
DEU,zs,12
DEU,carotte,12
DEU,light majo,12
DEU,pizza tuna,12
DEU,Pri,12
DEU,pinot gri,12
DEU,schwarzkü,12
DEU,marke,12
DEU,süß kartoffel,12
DEU,kardamon,12
DEU,vuze,12
DEU,patl,12
DEU,cari,12
DEU,melan,12
DEU,toilettenppier,12
DEU,gosh,12
DEU,snyders,12
DEU,davidoff gold,12
DEU,schinken spicker,12
DEU,michreis,12
DEU,yohgurt,12
DEU,käsewürstchen,12
DEU,bio Tomaten,12
DEU,harry körner,12
DEU,wasser classi,12
DEU,heiße tasse,12
DEU,ökoland,12
DEU,tomate gehackt,12
DEU,mada,12
DEU,sandwish,12
DEU,sichuan,12
DEU,Zahncreme,12
DEU,instanz,12
DEU,creme double,12
DEU,yumuşatıcı,12
DEU,erikli,12
DEU,watermellon,12
DEU,kornbrand,12
DEU,hähnchenbrudt,12
DEU,heudel,12
DEU,Geflugel salami,12
DEU,Nimm2,12
DEU,fleischkä,12
DEU,chamoy,12
DEU,Deutschland,12
DEU,Za,12
DEU,knäckerbrot,12
DEU,cocao,12
DEU,chant,12
DEU,cree,12
DEU,tartuf,12
DEU,fill,12
DEU,fritzkola,12
DEU,minusL,12
DEU,grill sauce,12
DEU,toilw,12
DEU,dise,12
DEU,proscutto,12
DEU,schokoladd,12
DEU,entferner,12
DEU,clubs,12
DEU,müd,12
DEU,halloren,12
DEU,scal,12
DEU,carrott,12
DEU,Fleischw,12
DEU,blüte,12
DEU,tapenade,12
DEU,Trolli,12
DEU,sangrita,12
DEU,makkaro,12
DEU,käsechips,12
DEU,alnar,12
DEU,ahaed,12
DEU,weissko,12
DEU,supermarkt,12
DEU,tomatensouce,12
DEU,brokolo,12
DEU,meringue,12
DEU,graip,12
DEU,loreal men,12
DEU,nuss n,12
DEU,asia so,12
DEU,erbseneintopf,12
DEU,spülmaschinenreiniger,12
DEU,civap,12
DEU,kmor pasta spinaci käse,12
DEU,häge,12
DEU,biol,12
DEU,t shirt,12
DEU,mortd,12
DEU,sid,12
DEU,wäschepa,12
DEU,ganze tomaten,12
DEU,arga,12
DEU,guk,12
DEU,wah,12
DEU,cheeseburger,12
DEU,kondi,12
DEU,hanchem,12
DEU,zigart,12
DEU,jü,12
DEU,rindswu,12
DEU,Dr oet,12
DEU,scr,12
DEU,kovertüre,12
DEU,eisweis,12
DEU,camamb,12
DEU,aoja,12
DEU,tabba,12
DEU,pepperon,12
DEU,Bitterschokolade,12
DEU,zwiebels,12
DEU,Parmigiano,12
DEU,gemischte,12
DEU,Milch frisch,12
DEU,krauterquark,12
DEU,weise bohnen,12
DEU,thunvisch,12
DEU,Coca-Cola zero,12
DEU,cappuci,12
DEU,done,12
DEU,hasrspray,12
DEU,ohrstäb,12
DEU,Pico,12
DEU,scher,12
DEU,cola sirup,12
DEU,hackfleiwch,12
DEU,cik,12
DEU,copenra,12
DEU,lasch,12
DEU,cupcakes,12
DEU,eis würf,12
DEU,Toastbrötchen,12
DEU,protein bites,12
DEU,wild heidelbeeren,12
DEU,balda,12
DEU,charlotte,12
DEU,salzmühle,12
DEU,pregn,12
DEU,vegan sala,12
DEU,guar,12
DEU,fleischtom,12
DEU,acqua panna,12
DEU,wine rose,12
DEU,eis frucht,12
DEU,pfirsich saft,12
DEU,haltba,12
DEU,lahs,12
DEU,klumpstreu,12
DEU,don enrico,12
DEU,Pomm,12
DEU,Frühstücks,12
DEU,Mücke,12
DEU,toilettpapier,12
DEU,baklav,12
DEU,kaerga,12
DEU,milck,12
DEU,mehl ja,12
DEU,careot,12
DEU,cream cooking,12
DEU,badezimmer,12
DEU,asia soße,12
DEU,parat,12
DEU,Calippo,12
DEU,cub,12
DEU,knoblauh,12
DEU,tomi,12
DEU,fischer,12
DEU,milchh,12
DEU,strumpfhose,12
DEU,leonhard,12
DEU,griesspudding,12
DEU,class,12
DEU,sef,12
DEU,Kohle,12
DEU,glas rein,12
DEU,soya joghurt,12
DEU,toilet paper ja,12
DEU,senior,12
DEU,vegane wür,12
DEU,drip,12
DEU,schlah,12
DEU,gemischtes hack,12
DEU,joghurt 150,12
DEU,eisriegel,12
DEU,babynah,12
DEU,gerif,12
DEU,zitrob,12
DEU,philadelph,12
DEU,Coconut water,12
DEU,leimer,12
DEU,hafer soja,12
DEU,bio tomat,12
DEU,Kaffee ja,12
DEU,keimöl,12
DEU,huettenkaese,12
DEU,funnyfrisch,12
DEU,Farfalle,12
DEU,weisse bohn,12
DEU,frischkäa,12
DEU,freeze dried,12
DEU,iri,12
DEU,02,12
DEU,ice bag,12
DEU,Gü,12
DEU,zet,12
DEU,muk,12
DEU,pfirsc,12
DEU,sb,12
DEU,Le brot,12
DEU,dish sponge,12
DEU,blen,12
DEU,lachgum,12
DEU,süskart,12
DEU,dark c,12
DEU,rukk,12
DEU,lock,12
DEU,chips s,12
DEU,Inkontinenz,12
DEU,maskarpone,12
DEU,tomato pu,12
DEU,maziale,12
DEU,frutti di mare,12
DEU,tant,12
DEU,eis konfekt,12
DEU,Tou,12
DEU,cold drinks,12
DEU,harb,12
DEU,Toilet paper,12
DEU,saussage,12
DEU,trinkha,12
DEU,villkorn,12
DEU,kokosnuss wasser,12
DEU,barbecue sauce,12
DEU,mud,12
DEU,widka,12
DEU,zwr,12
DEU,champingons,12
DEU,chopped tomato,12
DEU,le br,12
DEU,kreuzkummel,12
DEU,toliet paper,12
DEU,hüttenka,12
DEU,lauf,12
DEU,kaffee sirup,12
DEU,hünc,12
DEU,bodka,12
DEU,griechicher,12
DEU,fun,12
DEU,bonduel,12
DEU,glutenfrei nudel,12
DEU,huober,12
DEU,suppen grün,12
DEU,weichweizengrieß,12
DEU,Frischhalte,12
DEU,mango jo,12
DEU,fruchtq,12
DEU,pomodori,12
DEU,bleu,12
DEU,huetten,12
DEU,Dunkle,12
DEU,Bagu,12
DEU,enerji,12
DEU,banaa,12
DEU,ear buds,12
DEU,grappa,12
DEU,bunte ei,12
DEU,pesto genovese,12
DEU,puddibg,12
DEU,benz,12
DEU,mandeln ge,12
DEU,usbc,12
DEU,klopapier ja,12
DEU,köf,12
DEU,soag,12
DEU,riss,12
DEU,gummihandschuhe,12
DEU,erdbeeren gefroren,12
DEU,baguette salami,12
DEU,tyrells,12
DEU,promb,12
DEU,red p,12
DEU,tea bag,12
DEU,alkoholfreies radler,12
DEU,like gyros,12
DEU,naturwe,12
DEU,beerrn,12
DEU,snickets,12
DEU,kwtchup,12
DEU,spuel,12
DEU,aofe,12
DEU,foodmaker,12
DEU,currywurs,12
DEU,voque,12
DEU,haferklei,12
DEU,Sn,12
DEU,rewe joghurt,12
DEU,wassermelona,12
DEU,soure creme,12
DEU,nacht,12
DEU,trichter,12
DEU,multivitam,12
DEU,coco wasser,12
DEU,smoked salm,12
DEU,Febreze,12
DEU,wilhelm brandenburg,12
DEU,cordon b,12
DEU,jean & len,12
DEU,Granini,12
DEU,protein pancake,12
DEU,karf,12
DEU,prode,12
DEU,schokoke,12
DEU,dreh,12
DEU,hundefutte,12
DEU,Feta vegan,12
DEU,rewe beste Wahl,12
DEU,haw,12
DEU,schafsj,12
DEU,Apfelsch,12
DEU,gouda mittel,12
DEU,Hafermi,12
DEU,Cal,12
DEU,Mc,12
DEU,haferflocken gluten,12
DEU,schlagsahbe,12
DEU,edmame,12
DEU,guacamo,12
DEU,denf,12
DEU,vöslau,12
DEU,lebku,12
DEU,yogurt 0.1,12
DEU,hautcreme,12
DEU,Milchpulver,12
DEU,procc,12
DEU,ginger b,12
DEU,Milch Laktose,12
DEU,alpro ma,12
DEU,aufstich,12
DEU,head &,12
DEU,reis fertig,12
DEU,Ac,12
DEU,cassava,12
DEU,cerials,12
DEU,proteine riegel,12
DEU,geü,12
DEU,cokie,12
DEU,chipw,12
DEU,hackflrisch,12
DEU,Müller Milch,12
DEU,tahina,12
DEU,viniger,12
DEU,breadstick,12
DEU,got2be,12
DEU,Gutschein,12
DEU,peterselie,12
DEU,evaporated milk,12
DEU,duster,12
DEU,hüttenkase,12
DEU,kafir,12
DEU,latino,12
DEU,tomato past,12
DEU,bang,12
DEU,canned tom,12
DEU,bulgur fein,12
DEU,Rockstar,12
DEU,reis nudel,12
DEU,cashewmilch,12
DEU,parboil,12
DEU,milk laktose,12
DEU,Mix-Rettertüte,12
DEU,english breakfast,12
DEU,nuel,12
DEU,gönrg,12
DEU,sola,12
DEU,rewe frei,12
DEU,Strohhalm,12
DEU,light may,12
DEU,istant,12
DEU,alcoh,12
DEU,olivenl,12
DEU,küchenroller,12
DEU,astr,12
DEU,capri su,12
DEU,alnatura nudeln,12
DEU,kartoffel puffer,12
DEU,artichok,12
DEU,rheinfels,12
DEU,hogh,12
DEU,vegan e,12
DEU,non al,12
DEU,ruffles,12
DEU,body oil,12
DEU,kilch,12
DEU,Bärlauch,12
DEU,smoked sal,12
DEU,sahne 7,12
DEU,roma salat,12
DEU,schokoladensauce,12
DEU,lichtena,12
DEU,süssigkei,12
DEU,giot,12
DEU,hg,12
DEU,meister pr,12
DEU,chillipulver,12
DEU,pepsi z,12
DEU,joghure,12
DEU,Knopp,12
DEU,surprise,12
DEU,nocci,12
DEU,babyn,12
DEU,sneak,12
DEU,schoko chunk,12
DEU,spreit,12
DEU,ja p,12
DEU,brather,12
DEU,hus,12
DEU,ofenreiniger,12
DEU,katzrn,12
DEU,chickpea flour,12
DEU,zuckerf,12
DEU,cashewmu,12
DEU,calzone,12
DEU,getänke,12
DEU,goude,12
DEU,protein puding,12
DEU,tk kuchen,12
DEU,lappe,12
DEU,rafler,12
DEU,miu,12
DEU,müsöi,12
DEU,aprico,12
DEU,greek jogurt,12
DEU,kochsahme,12
DEU,pute bio,12
DEU,Katzenf,12
DEU,rettungs,12
DEU,burgu,12
DEU,Allzweck,12
DEU,frühstücksmett,12
DEU,toiler,12
DEU,ginger tea,12
DEU,Toothpaste,12
DEU,falsfel,12
DEU,doja,12
DEU,wäscheperlen,12
DEU,Schmelzkä,12
DEU,Waff,12
DEU,käse laktose,12
DEU,Protein joghurt,12
DEU,like chick,12
DEU,äse,12
DEU,zwets,12
DEU,kajal,12
DEU,mob,12
DEU,diges,12
DEU,eis mag,12
DEU,poto,12
DEU,schoko nuss,12
DEU,vofka,12
DEU,brottr,12
DEU,burrara,12
DEU,orech,12
DEU,tortilini,12
DEU,cerr,12
DEU,ferdie,12
DEU,milch fett,12
DEU,7 kräuter,12
DEU,dragon fruit,11
DEU,tomatenaufstrich,11
DEU,SodaStream,11
DEU,cheesy,11
DEU,conditi,11
DEU,halap,11
DEU,rgg,11
DEU,lightning,11
DEU,Madeleine,11
DEU,pizza ha,11
DEU,letta,11
DEU,stückige toma,11
DEU,katzen st,11
DEU,pfle,11
DEU,minced me,11
DEU,bulle,11
DEU,melatoni,11
DEU,dulce de leche,11
DEU,schoe,11
DEU,mout,11
DEU,schinkenwur,11
DEU,kov,11
DEU,9mm,11
DEU,taco sauce,11
DEU,schoko s,11
DEU,geräucherte,11
DEU,Corned,11
DEU,kukident,11
DEU,salzgurk,11
DEU,chease,11
DEU,eein,11
DEU,steam,11
DEU,underberg,11
DEU,weissbr,11
DEU,averna,11
DEU,turka,11
DEU,ango,11
DEU,Erdnu,11
DEU,oliveöl,11
DEU,passo,11
DEU,proteinsh,11
DEU,süßsa,11
DEU,nacho cheese,11
DEU,einhorn,11
DEU,pita brot,11
DEU,beckman,11
DEU,du darfst,11
DEU,Tintenfisch,11
DEU,wischmop,11
DEU,reste,11
DEU,bio häh,11
DEU,washing machine cleaner,11
DEU,zoi,11
DEU,küchem,11
DEU,kitchen ro,11
DEU,luciella,11
DEU,eis stiel,11
DEU,wenig,11
DEU,bztter,11
DEU,ean,11
DEU,Rauch,11
DEU,milchpu,11
DEU,deo rexona,11
DEU,cannelini,11
DEU,pepdi,11
DEU,fußpflege,11
DEU,Karr,11
DEU,cola zeo,11
DEU,ziegenkäserolle,11
DEU,forks,11
DEU,wild paprika,11
DEU,sour cream and onion,11
DEU,bugget,11
DEU,Fertigg,11
DEU,bio kiwi,11
DEU,dark chocola,11
DEU,gemüsesticks,11
DEU,zirtonen,11
DEU,eis sand,11
DEU,Kaffee ent,11
DEU,schlagrahm,11
DEU,schaumkuss,11
DEU,nussmuss,11
DEU,erdbeerpüree,11
DEU,milsh,11
DEU,canned tuna,11
DEU,ben und jerr,11
DEU,lilch,11
DEU,grant,11
DEU,haxkfleisch,11
DEU,frischkäse leicht,11
DEU,protein brö,11
DEU,Gaul,11
DEU,spider,11
DEU,Giotto,11
DEU,cocoswasser,11
DEU,friechkäse,11
DEU,magnet,11
DEU,fachi,11
DEU,countr,11
DEU,müsli kölln,11
DEU,frau,11
DEU,geflügel sala,11
DEU,pizza salam,11
DEU,gefriergetr,11
DEU,linsene,11
DEU,tymbar,11
DEU,Wol,11
DEU,pizza vega,11
DEU,weltme,11
DEU,raspeln,11
DEU,parkesan,11
DEU,frist,11
DEU,susskarto,11
DEU,gin alkoholfrei,11
DEU,takk,11
DEU,kaffee espresso,11
DEU,tiefkül,11
DEU,sauce hollan,11
DEU,bort,11
DEU,cuber,11
DEU,kalte getränke,11
DEU,chips light,11
DEU,geflügelwie,11
DEU,case,11
DEU,hackle,11
DEU,vira,11
DEU,vivil,11
DEU,Brot harry,11
DEU,lard,11
DEU,bulga,11
DEU,hartwe,11
DEU,protein mu,11
DEU,bolonese,11
DEU,blanket,11
DEU,nippel,11
DEU,almdudl,11
DEU,bisqu,11
DEU,kokos mi,11
DEU,confi,11
DEU,truefr,11
DEU,tk kr,11
DEU,gryere,11
DEU,fishe,11
DEU,seife nachfüll,11
DEU,hazelnuts,11
DEU,hily,11
DEU,pizzakase,11
DEU,tafeless,11
DEU,razo,11
DEU,Mozerella,11
DEU,weizenmehl 550,11
DEU,hand sani,11
DEU,putenauf,11
DEU,nd,11
DEU,kotex,11
DEU,stomach,11
DEU,pura,11
DEU,err,11
DEU,tunfisxh,11
DEU,krabbenchips,11
DEU,koki,11
DEU,energie zero,11
DEU,meste,11
DEU,Wuark,11
DEU,Tesa,11
DEU,brechboh,11
DEU,kase gerieben,11
DEU,Streich,11
DEU,üzüm,11
DEU,gewüz,11
DEU,sahnekä,11
DEU,hühnerfleisch,11
DEU,fruct,11
DEU,mirakoli,11
DEU,vitamin drink,11
DEU,apfelshor,11
DEU,sirr,11
DEU,Currypulver,11
DEU,tk brokkoli,11
DEU,curry ke,11
DEU,base,11
DEU,ginger bee,11
DEU,fleckenspray,11
DEU,veganes steak,11
DEU,risw,11
DEU,Spirelli,11
DEU,pizza mo,11
DEU,sextoy,11
DEU,geschirrspüler tabs,11
DEU,prinzenroll,11
DEU,miltam,11
DEU,Kaffee instant,11
DEU,penne pasta,11
DEU,rote grütz,11
DEU,sald,11
DEU,apple juic,11
DEU,Husten,11
DEU,jim bean,11
DEU,gönne,11
DEU,mr beast,11
DEU,vanilla extra,11
DEU,aba,11
DEU,doc,11
DEU,magarita,11
DEU,lily,11
DEU,kartofelsalat,11
DEU,Reisessig,11
DEU,chashew,11
DEU,hemme milch,11
DEU,lego duplo,11
DEU,barbeq,11
DEU,waschpulve,11
DEU,minuten steak,11
DEU,alumini,11
DEU,pasta de cecco,11
DEU,bierschin,11
DEU,WC p,11
DEU,breadcr,11
DEU,toast ja,11
DEU,salads,11
DEU,phia,11
DEU,stücki,11
DEU,Torti,11
DEU,katofel,11
DEU,bos,11
DEU,parmiggi,11
DEU,streichkä,11
DEU,denns,11
DEU,marshmellow,11
DEU,maron,11
DEU,mochito,11
DEU,aufsxhnitt,11
DEU,parn,11
DEU,seebe,11
DEU,wolfra,11
DEU,karottensaf,11
DEU,saup,11
DEU,Tu,11
DEU,komdens,11
DEU,sink,11
DEU,beli,11
DEU,Dr oe,11
DEU,kalter cafe,11
DEU,aprikosenmarmelade,11
DEU,gluteinfrei,11
DEU,3.5,11
DEU,Sheba,11
DEU,plätzchen,11
DEU,Vollmilch Schokolade,11
DEU,haferfloxken,11
DEU,marlboro g,11
DEU,taco shell,11
DEU,süssungs,11
DEU,putensalami,11
DEU,Kaffeeweißer,11
DEU,trout,11
DEU,lib,11
DEU,vegan sch,11
DEU,elfbar pod,11
DEU,eye drops,11
DEU,alzwe,11
DEU,cordon ble,11
DEU,tk him,11
DEU,lactose fr,11
DEU,milchge,11
DEU,beok,11
DEU,waschmittek,11
DEU,Essen,11
DEU,popsi,11
DEU,Thomas,11
DEU,ginger ale zero,11
DEU,saucisson,11
DEU,Beere,11
DEU,Kl,11
DEU,sja,11
DEU,yogurt lactose,11
DEU,haarspü,11
DEU,Grün,11
DEU,öi,11
DEU,Gemüseb,11
DEU,risbelli,11
DEU,kichererbsenchips,11
DEU,Volvo,11
DEU,chili bohnen,11
DEU,sahneso,11
DEU,carotten,11
DEU,vegan ham,11
DEU,merlo,11
DEU,rescued,11
DEU,grillfleis,11
DEU,zahnbürste hart,11
DEU,all spice,11
DEU,melonr,11
DEU,chips gesa,11
DEU,rewe beste w,11
DEU,suggar,11
DEU,speci,11
DEU,kattoffel,11
DEU,erdbeee,11
DEU,listeri,11
DEU,odka,11
DEU,deli meat,11
DEU,alpro kok,11
DEU,schwarzbier,11
DEU,hamburger bun,11
DEU,nufel,11
DEU,tulpen,11
DEU,feri,11
DEU,room spray,11
DEU,pett,11
DEU,yello,11
DEU,dupli,11
DEU,vitacola,11
DEU,instantk,11
DEU,edemam,11
DEU,WC pa,11
DEU,vollnuss,11
DEU,Maiswaffel,11
DEU,Luft,11
DEU,Knoblau,11
DEU,Malb,11
DEU,arnika,11
DEU,burgerbu,11
DEU,Klopapi,11
DEU,chips naturals,11
DEU,schwarzer sesam,11
DEU,oeter,11
DEU,almond mi,11
DEU,schleck,11
DEU,duftspüler,11
DEU,clipper,11
DEU,kaffeweißer,11
DEU,y foo,11
DEU,sprudelwassrr,11
DEU,Wildheidelbeeren,11
DEU,himbeete,11
DEU,whole earth,11
DEU,käse schmelz,11
DEU,vegan patty,11
DEU,Kirche,11
DEU,wine glass,11
DEU,erhmann,11
DEU,Katzenfu,11
DEU,pizzabrot,11
DEU,blueberry frozen,11
DEU,bc,11
DEU,pier,11
DEU,sandwich bag,11
DEU,brötcjen,11
DEU,petnat,11
DEU,patti,11
DEU,Yum yum,11
DEU,bread crumb,11
DEU,bonne mama,11
DEU,light cola,11
DEU,pasto,11
DEU,dinkelbro,11
DEU,hafermilcg,11
DEU,disen,11
DEU,dicke,11
DEU,pampers 8,11
DEU,Hon,11
DEU,dececc,11
DEU,bodenwi,11
DEU,vegan Schnitzel,11
DEU,chilif,11
DEU,KitKat,11
DEU,alcoho,11
DEU,protein kase,11
DEU,maize,11
DEU,pizza set,11
DEU,post it,11
DEU,protein yo,11
DEU,energy monster,11
DEU,katzenstrei,11
DEU,Vanilleschote,11
DEU,colamix,11
DEU,korschen,11
DEU,brösel,11
DEU,cheese cube,11
DEU,kağıt,11
DEU,saft maracuja,11
DEU,kinderpi,11
DEU,reissirup,11
DEU,zigarillos,11
DEU,getrocknete minze,11
DEU,hafeemilch,11
DEU,trauben bio,11
DEU,lome,11
DEU,würzbert,11
DEU,trame,11
DEU,zander,11
DEU,gemüse fond,11
DEU,clips,11
DEU,Lasagna,11
DEU,gruken,11
DEU,hafer saaten,11
DEU,kaffee lö,11
DEU,gram flour,11
DEU,stren,11
DEU,grapefruite,11
DEU,strach,11
DEU,chinakoh,11
DEU,beet root,11
DEU,plattpfi,11
DEU,alnatura sorbet,11
DEU,krümmeltee,11
DEU,bali curls,11
DEU,aufschnitt hähnchen,11
DEU,bingo,11
DEU,krto,11
DEU,kreb,11
DEU,süß kar,11
DEU,Sar,11
DEU,balsen,11
DEU,Dornfelder,11
DEU,bohnen tk,11
DEU,sanitary pad,11
DEU,nut butter,11
DEU,beerem,11
DEU,parfu,11
DEU,pora,11
DEU,white w,11
DEU,apfelr,11
DEU,vego,11
DEU,müllsäc,11
DEU,linsen c,11
DEU,italia,11
DEU,weißkoh,11
DEU,suppengemüs,11
DEU,Waschma,11
DEU,sagbe,11
DEU,hackfleich rind,11
DEU,waschmittle,11
DEU,diş macunu,11
DEU,zite,11
DEU,Eis w,11
DEU,Grü,11
DEU,Fleich,11
DEU,süss sauer sosse,11
DEU,Str,11
DEU,crodin,11
DEU,water wipes,11
DEU,takkis,11
DEU,kakaomilch,11
DEU,pizzabröt,11
DEU,harris,11
DEU,toast kä,11
DEU,waffelbecher,11
DEU,fenchel anis,11
DEU,Spinach,11
DEU,körniger senf,11
DEU,Oetker,11
DEU,frog,11
DEU,wasseemelone,11
DEU,Tomaten stückig,11
DEU,snoothie,11
DEU,Protein milch,11
DEU,bäck,11
DEU,haltb,11
DEU,nais,11
DEU,ques,11
DEU,battarie,11
DEU,kräuter bag,11
DEU,pepsi light,11
DEU,pulze,11
DEU,geschenkt,11
DEU,cookie eis,11
DEU,protein jogurt,11
DEU,Stracciatella,11
DEU,Pink,11
DEU,delizi,11
DEU,gao,11
DEU,hähnchen geschnetzeltes,11
DEU,kinder shampoo,11
DEU,lakriz,11
DEU,coco milch,11
DEU,maf,11
DEU,Ben & jerry,11
DEU,chiabatt,11
DEU,poer,11
DEU,haeh,11
DEU,öz,11
DEU,high protein pasta,11
DEU,Topf,11
DEU,viene,11
DEU,lamac,11
DEU,dunkle soja,11
DEU,Spülmaschinensalz,11
DEU,dchinken,11
DEU,schnur,11
DEU,Fant,11
DEU,mundwa,11
DEU,Raumduft,11
DEU,kaffeemi,11
DEU,eis van,11
DEU,pssta,11
DEU,Crackers,11
DEU,Tasch,11
DEU,coffee creamer,11
DEU,mizz,11
DEU,schoko auf,11
DEU,soja cui,11
DEU,zwetsc,11
DEU,brownie mix,11
DEU,trimmer,11
DEU,Pp,11
DEU,pfirsche,11
DEU,eidtee,11
DEU,Mio mio,11
DEU,sticky rice,11
DEU,buta,11
DEU,Ritter sp,11
DEU,zerr,11
DEU,monster rehab,11
DEU,fruhstuck,11
DEU,Marzi,11
DEU,avakado,11
DEU,frisxhk,11
DEU,Mark&fein,11
DEU,rote betr,11
DEU,friachkäse,11
DEU,home,11
DEU,schwangersc,11
DEU,burrats,11
DEU,zitronenpresse,11
DEU,mullbe,11
DEU,mani,11
DEU,airwave,11
DEU,Fruit,11
DEU,nachps,11
DEU,süßer se,11
DEU,meloneneis,11
DEU,rosinenbrötchen,11
DEU,xol,11
DEU,heis,11
DEU,творог,11
DEU,vegetable broth,11
DEU,hima,11
DEU,light moz,11
DEU,Golden,11
DEU,erdbeet,11
DEU,korona,11
DEU,lintel,11
DEU,pizza maga,11
DEU,tooth past,11
DEU,gliss kur,11
DEU,harry 1688,11
DEU,hersh,11
DEU,paprika edelsüs,11
DEU,waschmittrl,11
DEU,weisse schok,11
DEU,fueg,11
DEU,pasta sause,11
DEU,l'oreal,11
DEU,jean &,11
DEU,trauben saft,11
DEU,cookis,11
DEU,zwiebem,11
DEU,die gläserne,11
DEU,most,11
DEU,gried,11
DEU,Pring,11
DEU,hahchen,11
DEU,Hipp pre,11
DEU,malbec,11
DEU,Mande,11
DEU,waschmittel weiss,11
DEU,toll,11
DEU,english muffins,11
DEU,bagge,11
DEU,näh,11
DEU,Soba,11
DEU,washing gel,11
DEU,Hefeflocken,11
DEU,Olives,11
DEU,loffe,11
DEU,Körniger frischkäse,11
DEU,retouch,11
DEU,klarspuler,11
DEU,pieblo,11
DEU,eiersatz,11
DEU,rasierscha,11
DEU,Alpr,11
DEU,mini pizz,11
DEU,pampers 1,11
DEU,vos,11
DEU,copenr,11
DEU,fles,11
DEU,chilli flo,11
DEU,smile,11
DEU,bier dunkel,11
DEU,champigons,11
DEU,zigae,11
DEU,grillka,11
DEU,gilet,11
DEU,mayonnaise light,11
DEU,aft,11
DEU,Restaurant,11
DEU,digest,11
DEU,schinkenspeck,11
DEU,swifter,11
DEU,schokoladenta,11
DEU,paulaner limo,11
DEU,griechischer joghu,11
DEU,evr,11
DEU,milch m,11
DEU,brot vegan,11
DEU,ck,11
DEU,qä,11
DEU,Nacho,11
DEU,gesh,11
DEU,Currysoße,11
DEU,vegan mince,11
DEU,10l,11
DEU,frech,11
DEU,rs,11
DEU,kochsalzlösung,11
DEU,balsamic vinegar,11
DEU,cashewm,11
DEU,spirel,11
DEU,thunfisch vegan,11
DEU,Hi,11
DEU,dinkelt,11
DEU,pely,11
DEU,schinkenknacker,11
DEU,gifl,11
DEU,tim mälzer,11
DEU,Brunch,11
DEU,schreibwaren,11
DEU,spring rolls,11
DEU,tiefkühl b,11
DEU,juh,11
DEU,icing,11
DEU,canned toma,11
DEU,fruchtgummis,11
DEU,basal,11
DEU,maggi w,11
DEU,shre,11
DEU,peter und peter,11
DEU,millet,11
DEU,chips lime,11
DEU,käse wiener,11
DEU,Mull,11
DEU,elli,11
DEU,celebration,11
DEU,olie,11
DEU,sargo,11
DEU,center,11
DEU,veganer köse,11
DEU,peng,11
DEU,toetilla,11
DEU,niko,11
DEU,laktosefrwi,11
DEU,Strawberry,11
DEU,flusskrebs,11
DEU,shn,11
DEU,Ja käse,11
DEU,salt chips,11
DEU,obst tiefkühl,11
DEU,pelegri,11
DEU,bruschette,11
DEU,vc,11
DEU,pzza,11
DEU,rote beere,11
DEU,hände,11
DEU,colw,11
DEU,table,11
DEU,tuna fish,11
DEU,Hal,11
DEU,fritz cola zero,11
DEU,lys,11
DEU,ladyfingers,11
DEU,rohe,11
DEU,baken,11
DEU,ja cola zero,11
DEU,köse light,11
DEU,butter biscuit,11
DEU,Ben je,11
DEU,American cookies,11
DEU,filterh,11
DEU,mandel mi,11
DEU,Gemüse Brühe,11
DEU,Acti,11
DEU,radisch,11
DEU,broki,11
DEU,spinat tk,11
DEU,rossmann,11
DEU,Cola ligh,11
DEU,Watt,11
DEU,instanr,11
DEU,erdbeers,11
DEU,abendessen,11
DEU,orio,11
DEU,Coca Cola Zero,11
DEU,fruschkä,11
DEU,gekü,11
DEU,couc,11
DEU,ja coffee,11
DEU,better,11
DEU,Magg,11
DEU,hackbä,11
DEU,tegerns,11
DEU,pimple patch,11
DEU,Cre,11
DEU,ald,11
DEU,milch lactos,11
DEU,tonix,11
DEU,chili flo,11
DEU,chocolate ch,11
DEU,Stroh,11
DEU,käsescheibe,11
DEU,borde,11
DEU,hüls,11
DEU,salat gew,11
DEU,nudel soße,11
DEU,aronal,11
DEU,tereyag,11
DEU,feuttücher,11
DEU,geiechischer,11
DEU,puen,11
DEU,schokolade 90,11
DEU,shu,11
DEU,wasser dtill,11
DEU,chinesi,11
DEU,sicuk,11
DEU,Koffeinfrei,11
DEU,oak,11
DEU,maye,11
DEU,wasser sprud,11
DEU,faching,11
DEU,salza,11
DEU,spaghetti vollkorn,11
DEU,grillwürstchen,11
DEU,taci,11
DEU,snack paprika,11
DEU,pregna,11
DEU,kran,11
DEU,iluma,11
DEU,green chil,11
DEU,cocktailtom,11
DEU,zitronenschale,11
DEU,iberi,11
DEU,panceta,11
DEU,Sauvignon blanc,11
DEU,kartto,11
DEU,tortiglioni,11
DEU,Vogue,11
DEU,Niveau,11
DEU,gluda,11
DEU,jame,11
DEU,knusprr,11
DEU,grannini,11
DEU,vegetarisches,11
DEU,rabar,11
DEU,fitz,11
DEU,boe,11
DEU,Rha,11
DEU,yogurt 10%,11
DEU,schoko backen,11
DEU,proteinkäse,11
DEU,kokowasser,11
DEU,tortilla c,11
DEU,chocolate drink,11
DEU,desinfektionst,11
DEU,alnatura jogh,11
DEU,sayce,11
DEU,fungi,11
DEU,chopped tom,11
DEU,won,11
DEU,desperad,11
DEU,Ziegenk,11
DEU,rote pesto,11
DEU,mango tief,11
DEU,salat gurke,11
DEU,spreewa,11
DEU,weight,11
DEU,knoblauch bagu,11
DEU,ingwersh,11
DEU,nuggetz,11
DEU,seidentof,11
DEU,junge erbsen,11
DEU,aufbewahrung,11
DEU,jeve,11
DEU,Milch lakto,11
DEU,lactose free cheese,11
DEU,Ret,11
DEU,handw,11
DEU,schonkost,11
DEU,greek jogh,11
DEU,schwarzwald milch,11
DEU,süsss,11
DEU,Coo,11
DEU,monsta,11
DEU,tempo feucht,11
DEU,zeralien,11
DEU,erbsen tk,11
DEU,seife nachf,11
DEU,topfre,11
DEU,käze,11
DEU,shiso,11
DEU,sniker,11
DEU,sent,11
DEU,kuchenmeister,11
DEU,bio erdbeeren,11
DEU,avoado,11
DEU,wolf,11
DEU,postazien,11
DEU,miraculi,11
DEU,brennesel,11
DEU,lost mary,11
DEU,joppie,11
DEU,alnatura brei,11
DEU,proteinchips,11
DEU,getrocke,11
DEU,zwiebeln bio,11
DEU,weizenmehl 1050,11
DEU,old el,11
DEU,rasiersc,11
DEU,duschzeug,11
DEU,besch,11
DEU,mango la,11
DEU,franzbröt,11
DEU,anannas,11
DEU,mehl 1050,11
DEU,mohrr,11
DEU,muscato,11
DEU,gouda block,11
DEU,Milchmädchen,11
DEU,süs sauer,11
DEU,bist,11
DEU,patlican,11
DEU,hang,11
DEU,dijon mustard,11
DEU,pulp,11
DEU,bio spinat,11
DEU,hirseflocken,11
DEU,baby feu,11
DEU,aspi,11
DEU,zange,11
DEU,proteon,11
DEU,rinderfleisch,11
DEU,markt,11
DEU,pickled onion,11
DEU,kayısı,11
DEU,curryso,11
DEU,qw,11
DEU,erith,11
DEU,biscut,11
DEU,frosta vegan,11
DEU,süßsau,11
DEU,ince bulgur,11
DEU,bio sch,11
DEU,käd,11
DEU,scharl,11
DEU,canbage,11
DEU,saint al,11
DEU,alpro vegan,11
DEU,kokosnussm,11
DEU,nudeln asia,11
DEU,nurell,11
DEU,kard,11
DEU,cocktailt,11
DEU,Tortelini,11
DEU,red vull,11
DEU,recona,11
DEU,chicken salami,11
DEU,kath,11
DEU,stab,11
DEU,argan,11
DEU,salami hähnchen,11
DEU,fruhlin,11
DEU,arctic,11
DEU,icb,11
DEU,gourme,11
DEU,romanasalat,11
DEU,reispapoer,11
DEU,hänchenbrustfilet,11
DEU,werm,11
DEU,coffeee,11
DEU,Ayra,11
DEU,3in,11
DEU,basilikim,11
DEU,blistex,11
DEU,rice crackers,11
DEU,girandole,11
DEU,rooib,11
DEU,abführ,11
DEU,kattoffeln,11
DEU,fridge,11
DEU,ja mi,11
DEU,maeggle,11
DEU,Protein Pudding,11
DEU,risb,11
DEU,zimtschneck,11
DEU,Kau,11
DEU,popcorn s,11
DEU,kech,11
DEU,nomilk,11
DEU,haltbare Milch,11
DEU,spaetzle,11
DEU,zarte,11
DEU,Brotchen,11
DEU,jough,11
DEU,spp,11
DEU,dr. p,11
DEU,feto,11
DEU,skyr van,11
DEU,lego botanicals,11
DEU,Phila,11
DEU,blaus,11
DEU,schweine bauch,11
DEU,whitening,11
DEU,cornst,11
DEU,rauche,11
DEU,salami ve,11
DEU,hugn,11
DEU,abflu,11
DEU,müslirieg,11
DEU,reiz,11
DEU,verzehr,11
DEU,cheri,11
DEU,hasse,11
DEU,City,11
DEU,agavendi,11
DEU,sojaschnetzel,11
DEU,planted steak,11
DEU,skittle,11
DEU,cup nood,11
DEU,chicken curry,11
DEU,haarentfernung,11
DEU,shni,11
DEU,Potatoes,11
DEU,saier,11
DEU,dishwasher liquid,11
DEU,disi,11
DEU,eierpl,11
DEU,wildbe,11
DEU,glitzi,11
DEU,feuchtigkeits,11
DEU,mulltute,11
DEU,buttercreme,11
DEU,leipni,11
DEU,toman,11
DEU,radiccio,11
DEU,bodenreini,11
DEU,eberswa,11
DEU,rewe milch,11
DEU,zeitung,11
DEU,ventilato,11
DEU,salat tüte,11
DEU,tabl,11
DEU,shoyo,11
DEU,weichwei,11
DEU,grichisch,11
DEU,pasi,11
DEU,btead,11
DEU,zero koffein,11
DEU,joghurt light,11
DEU,kakaoni,11
DEU,avena,11
DEU,alntura,11
DEU,susuk,11
DEU,Fertigger,11
DEU,coconut mi,11
DEU,mathes,11
DEU,rd,11
DEU,butter cookie,11
DEU,blini,11
DEU,puten schinken,11
DEU,gema,11
DEU,hck,11
DEU,schoko bio,11
DEU,chilipaste,11
DEU,Teelichter,11
DEU,vomex,11
DEU,Creme fraich,11
DEU,laktosefrei sahne,11
DEU,reis-fit,11
DEU,amalfi,11
DEU,schinkn,11
DEU,every smoothie,11
DEU,fleischer,11
DEU,bio möhren,11
DEU,Nudelsauce,11
DEU,ganzes,11
DEU,ja kase,11
DEU,Eiskaffe,11
DEU,desserr,11
DEU,bad rei,11
DEU,rührei,11
DEU,salade,11
DEU,schweinen,11
DEU,geflügelwur,11
DEU,Bitburger,11
DEU,soßenbinder,11
DEU,bio knoblauch,11
DEU,protein pan,11
DEU,Coca cola zero,11
DEU,house,11
DEU,kokosbl,11
DEU,Butter Milch,11
DEU,erbsen mö,11
DEU,kali,11
DEU,Or,11
DEU,Erdnus,11
DEU,volcic,11
DEU,suger free,11
DEU,olivr,11
DEU,frischer,11
DEU,geflügelbrühe,11
DEU,fem,11
DEU,gummibärch,11
DEU,Mangosaft,11
DEU,iog,11
DEU,Bon,11
DEU,kakaou,11
DEU,garlic p,11
DEU,schonke,11
DEU,kirach,11
DEU,soysauce,11
DEU,penguin,11
DEU,dessicated,11
DEU,mozzarr,11
DEU,muscat,11
DEU,weißwurs,11
DEU,bram,11
DEU,cir,11
DEU,white cheese,11
DEU,homm,11
DEU,dishwasher soap,11
DEU,bratensoß,11
DEU,allways,11
DEU,neutrog,11
DEU,tilman,11
DEU,Überraschung,11
DEU,salad cream,11
DEU,schofr,11
DEU,Hafersahne,11
DEU,kaffee latte,11
DEU,wooden,11
DEU,goufa,11
DEU,vegane leber,11
DEU,saftor,11
DEU,jumpies,11
DEU,haro,11
DEU,johanis,11
DEU,nagelsch,11
DEU,bärchenstreich,11
DEU,eggp,11
DEU,mixed nuts,11
DEU,Wallnuss,11
DEU,ja brot,11
DEU,lippenstift,11
DEU,madeleines,11
DEU,geflügelwurs,11
DEU,kirschen im glas,11
DEU,bodentuch,11
DEU,napol,11
DEU,bite,11
DEU,bergbrand,11
DEU,küchenrolle ja,11
DEU,riesli,11
DEU,snacks kinder,11
DEU,bruzzl,11
DEU,frühlinhs,11
DEU,Stre,11
DEU,erdnussbuttet,11
DEU,soü,11
DEU,genuse,11
DEU,fritz orange,11
DEU,brol,11
DEU,backkar,11
DEU,puddingpulv,11
DEU,strohalm,11
DEU,kleine tomaten,11
DEU,Zuckerschoten,11
DEU,prst,11
DEU,schoo,11
DEU,dolce Gusto,11
DEU,durec,11
DEU,barilla pasta,11
DEU,kuhen,11
DEU,obstkonserven,11
DEU,tikk,11
DEU,inlead,11
DEU,funny fr,11
DEU,dr beck,11
DEU,Tomte,11
DEU,frodta,11
DEU,nüsse mix,11
DEU,soy sauc,11
DEU,frischkässe,11
DEU,egeturk,11
DEU,mandelmilcg,11
DEU,petas,11
DEU,hello taste,11
DEU,zint,11
DEU,Lactosefrei,11
DEU,pef,11
DEU,geriff,11
DEU,roula,11
DEU,vread,11
DEU,sonnenf,11
DEU,royal canin,11
DEU,tierfutter,11
DEU,qq,11
DEU,butter ges,11
DEU,aufstrich tomate,11
DEU,golßener,11
DEU,Frühst,11
DEU,frühstücksbeutel,11
DEU,cologne,11
DEU,barrista,11
DEU,Lufterfrischer,11
DEU,eire,11
DEU,wiener vegan,11
DEU,likor,11
DEU,vegane maultaschen,11
DEU,gizej,11
DEU,müsli bio,11
DEU,vhili,11
DEU,frühstuck,11
DEU,tiefkühl ob,11
DEU,hmi,11
DEU,hafercookies,11
DEU,tolettenpapier,11
DEU,bruc,11
DEU,bio kart,11
DEU,chandon,11
DEU,zitronensäu,11
DEU,Sham,11
DEU,tereya,11
DEU,Bio eis,11
DEU,wasserkefir,11
DEU,green curry,11
DEU,Kitkat,11
DEU,süzme,11
DEU,sonja,11
DEU,kun,11
DEU,chichen,11
DEU,toilette papier,11
DEU,tortw,11
DEU,Milch lakt,11
DEU,Hänch,11
DEU,käse aufsch,11
DEU,erdbeerkuchen,11
DEU,quäs,11
DEU,grater,11
DEU,sauere sahne,11
DEU,Pizzabrötchen,11
DEU,gemuse chips,11
DEU,Cola l,11
DEU,mancheg,11
DEU,حلال,11
DEU,tirol,11
DEU,mojo,11
DEU,samp,11
DEU,kleine nudeln,11
DEU,Meer,11
DEU,Pizzamehl,11
DEU,babywell,11
DEU,chocolate chunks,11
DEU,vegane teewurst,11
DEU,pepsi ze,11
DEU,zini,11
DEU,twis,11
DEU,kindermüsli,11
DEU,warste,11
DEU,pats,11
DEU,vanillesoß,11
DEU,ily,11
DEU,gekühlte,11
DEU,terea tur,11
DEU,rippche,11
DEU,comté,11
DEU,würzspinat,11
DEU,club mate zero,11
DEU,kräutersoße,11
DEU,scjo,11
DEU,carott,11
DEU,reis mikrowelle,11
DEU,effect vodka,11
DEU,lacj,11
DEU,American Spirit,11
DEU,gruner,11
DEU,orangenli,11
DEU,pizza sosse,11
DEU,kräuterbuttee,11
DEU,tomatne,11
DEU,band aid,11
DEU,oval,11
DEU,zetti,11
DEU,kreut,11
DEU,ohne zuc,11
DEU,Pak choi,11
DEU,offenkäse,11
DEU,salt and vine,11
DEU,Johannisbeeren,11
DEU,damenbinde,11
DEU,schae,11
DEU,salath,11
DEU,boy,11
DEU,tone,11
DEU,pb,11
DEU,frozen beans,11
DEU,baby wasch,11
DEU,küchento,11
DEU,Toilettenpapi,11
DEU,tyr,11
DEU,fabric softner,11
DEU,weiten,11
DEU,fleosch,11
DEU,Greek y,11
DEU,gebrannte,11
DEU,calab,11
DEU,zea,11
DEU,einweg handschuhe,11
DEU,kreide,11
DEU,marlboro mi,11
DEU,As,11
DEU,stickad,11
DEU,bio birne,11
DEU,cacio,11
DEU,pink grapefruit,11
DEU,hygienetücher,11
DEU,corn flake,11
DEU,pizza bag,11
DEU,eis schokolade,11
DEU,zimb,11
DEU,dorfkr,11
DEU,wrapa,11
DEU,wiesb,11
DEU,nin,11
DEU,evaporated,11
DEU,yogjurt,11
DEU,knon,11
DEU,Chic,11
DEU,plastik becher,11
DEU,TOMATEN,11
DEU,mozarrela,11
DEU,lindner,11
DEU,silk tofu,11
DEU,leave,11
DEU,elbar,11
DEU,kräutee,11
DEU,high protein drink,11
DEU,eig,11
DEU,bio r,11
DEU,grüne p,11
DEU,Huel,11
DEU,petasi,11
DEU,purple,11
DEU,gnio,11
DEU,maggifix,11
DEU,özy,11
DEU,window cleaner,11
DEU,gehobelte mandeln,11
DEU,graf,11
DEU,clip,11
DEU,fire of,11
DEU,mg,11
DEU,aol,11
DEU,wadser,11
DEU,kötbullar,11
DEU,mlk,11
DEU,bugett,11
DEU,mikc,11
DEU,Béchamelsauce,11
DEU,Obs,11
DEU,paulaner zero,11
DEU,Gourmet,11
DEU,marmelade ohne zucker,11
DEU,Hühnerfleisch,11
DEU,Thai,11
DEU,smet,11
DEU,babywass,11
DEU,tatlı patates,11
DEU,paprija,11
DEU,knb,11
DEU,Ce,11
DEU,Paranuss,11
DEU,Tü,11
DEU,rust,11
DEU,speiseeis,11
DEU,rotkäpchen,11
DEU,hühner brühe,11
DEU,getrockneten,11
DEU,lümo,11
DEU,ew,11
DEU,ja f,11
DEU,süska,11
DEU,kochsahnw,11
DEU,ja mil,11
DEU,fıstık ezmesi,11
DEU,ailoi,11
DEU,pulv,11
DEU,Schoko Brötchen,11
DEU,Alnatu,11
DEU,gaspa,11
DEU,kechup,11
DEU,Putz,11
DEU,Essigreiniger,11
DEU,koppen,11
DEU,almatu,11
DEU,aero,11
DEU,energx,11
DEU,spaghetti glutenfrei,11
DEU,sparki,11
DEU,sprey,11
DEU,BBQ,11
DEU,pizzaa,11
DEU,lyc,11
DEU,vegan frischk,11
DEU,o.b,11
DEU,Veg,11
DEU,sirub,11
DEU,berf,11
DEU,desinfi,11
DEU,milk lak,11
DEU,kinder s,11
DEU,speisestärk,11
DEU,negroni,11
DEU,ive cream,11
DEU,dim,11
DEU,kochsahnr,11
DEU,up,11
DEU,baba ga,11
DEU,schokotro,11
DEU,soy milch,11
DEU,glaß,11
DEU,salt and vi,11
DEU,mozs,11
DEU,yogurt natur,11
DEU,yugurt,11
DEU,rohrei,11
DEU,paysan,11
DEU,milch laktosefr,11
DEU,hähnchenschnitzel,11
DEU,cat f,11
DEU,messe,11
DEU,holondaise,11
DEU,eis vanill,11
DEU,lyona,11
DEU,toilettenre,11
DEU,peac,11
DEU,Perwoll,11
DEU,kaz,11
DEU,gruner tee,11
DEU,bio rotwein,11
DEU,frischkäse la,11
DEU,glassre,11
DEU,vodks,11
DEU,fut,11
DEU,shock,11
DEU,leicht k,11
DEU,ketu,11
DEU,mapel,11
DEU,Morta,11
DEU,to.,11
DEU,geteänke,11
DEU,Jagdwurst,11
DEU,laff,11
DEU,Pils,11
DEU,eggd,11
DEU,Griechischer joghurt,11
DEU,buldqk,11
DEU,cren,11
DEU,burgersa,11
DEU,papiet,11
DEU,Not milk,11
DEU,kokosd,11
DEU,Syrup,11
DEU,rewe protein eis,11
DEU,boro,11
DEU,vegan Eis,11
DEU,cigarett,11
DEU,3.8,11
DEU,srirac,11
DEU,wasser spree,11
DEU,Cer,11
DEU,carlsb,11
DEU,klump,11
DEU,kuck,11
DEU,käse scheib,11
DEU,bechamel sauce,11
DEU,nappies,11
DEU,tom yam,11
DEU,schoko tröpfchen,11
DEU,Holz,11
DEU,gunmi,11
DEU,zwiebelrin,11
DEU,Glasre,11
DEU,2 zu 1,11
DEU,Veganer käse,11
DEU,marille,11
DEU,kosher,11
DEU,cow,11
DEU,schlag sa,11
DEU,käsa,11
DEU,Pizza Teig,11
DEU,canoli,11
DEU,san miguel,11
DEU,gouda mittelalt,11
DEU,wassers,11
DEU,airwav,11
DEU,egetü,11
DEU,geschenkband,11
DEU,glühbir,11
DEU,aira,11
DEU,risp,11
DEU,Gezuckerte Kondensmilch,11
DEU,Aloe,11
DEU,rote bo,11
DEU,susage,11
DEU,strohha,11
DEU,premilch,11
DEU,jogo,11
DEU,inwer,11
DEU,preissel,11
DEU,marsala,11
DEU,Skype,11
DEU,Frühstücksfleisch,11
DEU,leom,11
DEU,dr beckm,11
DEU,nil,11
DEU,siefe,11
DEU,Glut,11
DEU,Nesquik,11
DEU,eucerin,11
DEU,trockenfr,11
DEU,schaumkü,11
DEU,Pappbecher,11
DEU,frosa,11
DEU,mandelblä,11
DEU,brathe,11
DEU,hanfsa,11
DEU,sussigkeiten,11
DEU,küchlein,11
DEU,kinderpingui,11
DEU,motare,11
DEU,scamo,11
DEU,maja,11
DEU,erfrischer,11
DEU,Geflügel wurst,11
DEU,protein mix,11
DEU,extra virgin olive oil,11
DEU,fritti,11
DEU,knoblauch soße,11
DEU,harry ei,11
DEU,herza,11
DEU,weidebutter,11
DEU,plante,11
DEU,garden gour,11
DEU,leckerlie,11
DEU,nur noc,11
DEU,Beutel,11
DEU,mandelmiöch,11
DEU,drehtabak,11
DEU,gerränke,11
DEU,vir,11
DEU,weisse schokol,11
DEU,salatsau,11
DEU,kartofgel,11
DEU,Haarshampoo,11
DEU,Tomaten s,11
DEU,Wurst vegan,11
DEU,Vanille cola,11
DEU,butterschma,11
DEU,Cheeseburger,11
DEU,tipp,11
DEU,muhle,11
DEU,egg bio,11
DEU,ofenkarto,11
DEU,coma zero,11
DEU,melin,11
DEU,kräutet,11
DEU,Gau,11
DEU,milchauf,11
DEU,Eiw,11
DEU,Vollkornreis,11
DEU,pom bär,11
DEU,skyr lactosefrei,11
DEU,schalot,11
DEU,gurkwn,11
DEU,krauter butter,11
DEU,biffi,11
DEU,rhönsprudel,11
DEU,phyllo,11
DEU,allzweckre,11
DEU,mirakel,11
DEU,mashrooms,11
DEU,hafer coo,11
DEU,smoked pap,11
DEU,kuverture,11
DEU,mandem,11
DEU,cokies,11
DEU,paprika aufstrich,11
DEU,karrott,11
DEU,peparoni,11
DEU,salz butter,11
DEU,bereen,11
DEU,parmegia,11
DEU,ofench,11
DEU,mini karotten,11
DEU,mangop,11
DEU,feza,11
DEU,zecken,11
DEU,orkid,11
DEU,vinag,11
DEU,Himbeeren tk,11
DEU,mitsu,11
DEU,Weizenmehl Type 405,11
DEU,high protein ice,11
DEU,grmüse,11
DEU,bittermilch,11
DEU,Pfe,11
DEU,domate,11
DEU,Taki,11
DEU,volta,11
DEU,Leinöl,11
DEU,alkohlfreies bier,11
DEU,erdbeer ma,11
DEU,burger sosse,11
DEU,nah,11
DEU,basam,11
DEU,geucht,11
DEU,reis par,11
DEU,paint,11
DEU,mandeln gem,11
DEU,avp,11
DEU,ja getränke,11
DEU,henc,11
DEU,Backform,11
DEU,koko milch,11
DEU,dorad,11
DEU,safz,11
DEU,Oats,11
DEU,maasdammer,11
DEU,funny frish,11
DEU,Sun,11
DEU,disinfe,11
DEU,wüstchen,11
DEU,Am,11
DEU,aofelsaft,11
DEU,fair play,11
DEU,papiere,11
DEU,shushi,11
DEU,putenbrusr,11
DEU,tafe,11
DEU,naa,11
DEU,candies,11
DEU,alete,11
DEU,dishwasher ta,11
DEU,bitterkäse,11
DEU,crodi,11
DEU,milchsha,11
DEU,nutritional,11
DEU,ashwa,11
DEU,frische kase,11
DEU,türk kahvesi,11
DEU,caulifl,11
DEU,duftspr,11
DEU,windeln 4,11
DEU,Gosch,11
DEU,popo,11
DEU,Kochsa,11
DEU,javansee,11
DEU,protw,11
DEU,schuhdeo,11
DEU,orop,11
DEU,inh,11
DEU,salatt,11
DEU,krüm,11
DEU,captain morgan,11
DEU,pfei,11
DEU,duschöl,11
DEU,Thomy,11
DEU,Eda,11
DEU,bulgut,11
DEU,marlboro gol,11
DEU,kartoffel mehlig,11
DEU,Ristorante,11
DEU,Veggie,11
DEU,fachin,11
DEU,protein whey,11
DEU,burratt,11
DEU,gift bag,11
DEU,grou,11
DEU,noisette,11
DEU,bad rein,11
DEU,Zuch,11
DEU,homa,11
DEU,pan cake,11
DEU,argula,11
DEU,flötzinger,11
DEU,gertig,11
DEU,hnchen,11
DEU,ja jogurt,11
DEU,hagermilch,11
DEU,girk,11
DEU,papas,11
DEU,hackfleisch light,11
DEU,kata,11
DEU,glasreinige,11
DEU,mastubator,11
DEU,gönerg,11
DEU,hustenbon,11
DEU,Salamisticks,11
DEU,Dra,11
DEU,streifen,11
DEU,überraschungs,11
DEU,eiscube,11
DEU,haarb,11
DEU,alcoholfree,11
DEU,bonne m,11
DEU,dino nu,11
DEU,dereotu,11
DEU,kartoffeltas,11
DEU,birch,11
DEU,reiß,11
DEU,milkan,11
DEU,bulgursalat,11
DEU,Bio butter,11
DEU,eis creme,11
DEU,know,11
DEU,kekik,11
DEU,dist,11
DEU,pappa,11
DEU,ölivenöl,11
DEU,zwiebeön,11
DEU,walter,11
DEU,capucc,11
DEU,Cere,11
DEU,quitten,11
DEU,turamisu,11
DEU,essig e,11
DEU,käuter,11
DEU,geflügel wie,11
DEU,long pape,11
DEU,wurze,11
DEU,vasel,11
DEU,huu,11
DEU,Che,11
DEU,snscks,11
DEU,küchenrill,11
DEU,knabberzeug,11
DEU,bread cr,11
DEU,wri,11
DEU,toppi,11
DEU,billie gree,11
DEU,tk o,11
DEU,leberpastete,11
DEU,rasier schaum,11
DEU,mr tom,11
DEU,monstet,11
DEU,doppelkekse,11
DEU,pistaziem,11
DEU,stracciat,11
DEU,chicken t,11
DEU,Express reis,11
DEU,yoghurt yayla,11
DEU,lacgs,11
DEU,toilettepapier,11
DEU,eiseü,11
DEU,chocko,11
DEU,buttermilcj,11
DEU,Sonn,11
DEU,kreati,11
DEU,direk,11
DEU,tutku,11
DEU,hänsche,11
DEU,stopf,11
DEU,hähnchenke,11
DEU,Zerup,11
DEU,bad re,11
DEU,Kräuterquar,11
DEU,Fla,11
DEU,Berg,11
DEU,senfkö,11
DEU,backearen,11
DEU,protein jog,11
DEU,süssla,11
DEU,vogue lila,11
DEU,riceup,11
DEU,Crepes,11
DEU,corn st,11
DEU,kartoffelbrötchen,11
DEU,drumsticks,11
DEU,luckystrike,11
DEU,ground turkey,11
DEU,müllbeutel 10l,11
DEU,sweet wine,11
DEU,feinschmecker,11
DEU,intimate,11
DEU,hafer kek,11
DEU,maise,11
DEU,leho,11
DEU,metaxa,11
DEU,cheeder,11
DEU,schafmilch,11
DEU,Capri Sun,11
DEU,Hüttenk,11
DEU,scand,11
DEU,Kir,11
DEU,schafjoghurt,11
DEU,Luck,11
DEU,holste,11
DEU,Schokolade dunkel,11
DEU,gousa,11
DEU,hench,11
DEU,Mangold,11
DEU,tropf,11
DEU,chov,11
DEU,spate,11
DEU,Jalapeños,11
DEU,katzenfuttee,11
DEU,saftorange,11
DEU,redull,11
DEU,frischkäse li,11
DEU,bandnud,11
DEU,giovanni,11
DEU,chili c,11
DEU,lits,11
DEU,dosen tomate,11
DEU,hefeflock,11
DEU,ristee,11
DEU,tanpons,11
DEU,bionad,11
DEU,grillfackel,11
DEU,Glu,11
DEU,perle,11
DEU,kinder buen,11
DEU,Schwartau,11
DEU,schwarze bohne,11
DEU,pasta bio,11
DEU,Natur Joghurt,11
DEU,colour,11
DEU,rice kr,11
DEU,parmega,11
DEU,h-mi,11
DEU,meereti,11
DEU,pile,11
DEU,kokoswasswe,11
DEU,pizza sal,11
DEU,Käs,11
DEU,hitchis,11
DEU,fettl,11
DEU,zeigen,11
DEU,erdm,11
DEU,gochuj,11
DEU,fritz kol,11
DEU,ziteonen,11
DEU,ja mozarella,11
DEU,züger,11
DEU,starbucks kapseln,11
DEU,wrst,11
DEU,Sandwich toast,11
DEU,Onigiri,11
DEU,köse vegan,11
DEU,wassbi,11
DEU,entkoffein,11
DEU,Curr,11
DEU,pizza margh,11
DEU,oliven bio,11
DEU,vilss,11
DEU,zwieveln,11
DEU,eierr,11
DEU,fin crisp,11
DEU,wik,11
DEU,period pads,11
DEU,bürst,11
DEU,ramwn,11
DEU,wacholder,11
DEU,tongue,11
DEU,rice n,11
DEU,mineralwasser classic,11
DEU,cegan,11
DEU,bugels,11
DEU,katroffel,11
DEU,çerez,11
DEU,trockenpflaumen,11
DEU,chilli co,11
DEU,vegane wirst,11
DEU,mandelmic,11
DEU,vanille pudding pulver,11
DEU,Glühbirne,11
DEU,schniz,11
DEU,bed,11
DEU,yayla joghurt,11
DEU,backin,11
DEU,aust,11
DEU,Schwangerschaftstest,11
DEU,eiß,11
DEU,adechser,11
DEU,Nic,11
DEU,greenf,11
DEU,choo,11
DEU,bercht,11
DEU,filer,11
DEU,prm,11
DEU,Buttermil,11
DEU,meerwasser,11
DEU,smeta,11
DEU,orangenlim,11
DEU,meika,11
DEU,nudeln voll,11
DEU,Jack Daniels,11
DEU,marina,11
DEU,pasta cheese,11
DEU,burtata,11
DEU,hono,11
DEU,milk rice,11
DEU,wurstaufschnitt,11
DEU,Arti,11
DEU,wischmopp,11
DEU,eiswürfel beutel,11
DEU,instant coffe,11
DEU,vollkornnude,11
DEU,veni,11
DEU,scharfer grie,11
DEU,Conditioner,11
DEU,coca cola 1,11
DEU,lemon jui,11
DEU,zigarettrn,11
DEU,mevga,11
DEU,seasam,11
DEU,zuckerer,11
DEU,Würze,11
DEU,pepsi ma,11
DEU,Gemüsepfanne,11
DEU,katzen trockenfutter,11
DEU,masa,11
DEU,gete,11
DEU,Lein,11
DEU,pastas,11
DEU,jagger,11
DEU,lemonad,11
DEU,seige,11
DEU,geriebene k,11
DEU,rettertute,11
DEU,coppemrath,10
DEU,voövic,10
DEU,age,10
DEU,waschmitteö,10
DEU,eis wurf,10
DEU,terea s,10
DEU,schlemmerfi,10
DEU,käse schnitt,10
DEU,joghurt stra,10
DEU,salmai,10
DEU,smileys,10
DEU,eiernudel,10
DEU,risoto,10
DEU,brauner Zucker,10
DEU,passirte,10
DEU,caco,10
DEU,Grape,10
DEU,morio,10
DEU,cirry,10
DEU,tassenkuchen,10
DEU,bude,10
DEU,dora,10
DEU,pfeffers,10
DEU,mandelstifte,10
DEU,helle so,10
DEU,chala,10
DEU,spülung haare,10
DEU,bolongnese,10
DEU,feuchtig,10
DEU,wasser k,10
DEU,honing,10
DEU,delizio,10
DEU,hella wasser,10
DEU,füme,10
DEU,ja produkte,10
DEU,chili flock,10
DEU,pink stuff,10
DEU,avjar,10
DEU,Kellogg,10
DEU,haferflockrn,10
DEU,poppy,10
DEU,hundefuttee,10
DEU,salatfix,10
DEU,elektrolyten,10
DEU,malzbie,10
DEU,badem,10
DEU,Blumenerde,10
DEU,sugar free ice cream,10
DEU,virgin,10
DEU,Andechser,10
DEU,parmesankäse,10
DEU,mozarella bio,10
DEU,coun,10
DEU,aoate,10
DEU,petasilie,10
DEU,kaffe sahne,10
DEU,palmoliv,10
DEU,BRLO,10
DEU,cilantr,10
DEU,thunfidch,10
DEU,ja water,10
DEU,loac,10
DEU,grke,10
DEU,hachfleisch,10
DEU,pixel,10
DEU,beokoli,10
DEU,butterb,10
DEU,silberfisch,10
DEU,lean beef,10
DEU,schwarze Bohnen,10
DEU,milch alpro,10
DEU,crossoint,10
DEU,chilli gewürz,10
DEU,Sushi reis,10
DEU,grapefruit juice,10
DEU,new,10
DEU,weißwein süß,10
DEU,seite,10
DEU,jackf,10
DEU,pastries,10
DEU,hot dog b,10
DEU,entw,10
DEU,vali,10
DEU,cocosmi,10
DEU,Würstch,10
DEU,gummibärc,10
DEU,Hala,10
DEU,hylo,10
DEU,weichweizengrie,10
DEU,vanille syrup,10
DEU,trashbag,10
DEU,parbo,10
DEU,san pelegr,10
DEU,rinderfi,10
DEU,alrpo,10
DEU,gwürze,10
DEU,madeline,10
DEU,scjoko,10
DEU,wusrt,10
DEU,wap,10
DEU,schoko erdbeeren,10
DEU,Avocad,10
DEU,JA!,10
DEU,piöze,10
DEU,gingera,10
DEU,soja joghu,10
DEU,avocaso,10
DEU,green juice,10
DEU,Sam,10
DEU,trocken tomaten,10
DEU,Joghurt la,10
DEU,würstchen halal,10
DEU,wischt,10
DEU,shma,10
DEU,sweet and sour,10
DEU,radiergummi,10
DEU,vollkornnud,10
DEU,dustbin bag,10
DEU,panthenol,10
DEU,hass,10
DEU,dunkle sc,10
DEU,fusel,10
DEU,japani,10
DEU,curcu,10
DEU,nüsse honig,10
DEU,kukuma,10
DEU,zuckerwatte,10
DEU,streukäse vegan,10
DEU,pizza moz,10
DEU,minus l vollmilch,10
DEU,fk,10
DEU,baby flasche,10
DEU,salt vine,10
DEU,salami geflugel,10
DEU,leckerlis,10
DEU,kios,10
DEU,Hela,10
DEU,zereali,10
DEU,ölsa,10
DEU,marmelade himbeere,10
DEU,bio reis,10
DEU,dish s,10
DEU,alpro ohne zucker,10
DEU,chips sour cream,10
DEU,lc,10
DEU,energy dr,10
DEU,spülmaschinentab,10
DEU,kuku,10
DEU,cola v,10
DEU,frischkäse kräu,10
DEU,back käse,10
DEU,textilfarbe,10
DEU,Rame,10
DEU,gewurzgu,10
DEU,protein mo,10
DEU,cadbury,10
DEU,bly,10
DEU,alpro milk,10
DEU,dpeck,10
DEU,Kartofel,10
DEU,Holsten,10
DEU,taifu,10
DEU,kokusnus,10
DEU,spülmaschinen ta,10
DEU,lemon ice,10
DEU,lom,10
DEU,pizza gewürz,10
DEU,Desinfektionstücher,10
DEU,dr oetker pudding,10
DEU,Pfann,10
DEU,yellow onion,10
DEU,vitamin wat,10
DEU,black b,10
DEU,Butterkeks,10
DEU,ung,10
DEU,ben & jer,10
DEU,pausen,10
DEU,beinscheib,10
DEU,ben & je,10
DEU,tortillias,10
DEU,gingerbeer,10
DEU,spun,10
DEU,babysaft,10
DEU,tasimo,10
DEU,vegetable mix,10
DEU,skur,10
DEU,Instant kaffee,10
DEU,pos,10
DEU,Blutwurst,10
DEU,san peligrino,10
DEU,feuerzeuggas,10
DEU,veganes h,10
DEU,yougur,10
DEU,Weichspü,10
DEU,ramaz,10
DEU,blin,10
DEU,tooth pa,10
DEU,christinen,10
DEU,panir,10
DEU,gara,10
DEU,dr oetker protein,10
DEU,nordseekrabben,10
DEU,Sonnenbl,10
DEU,Ras,10
DEU,wart,10
DEU,medjo,10
DEU,leine,10
DEU,haribos,10
DEU,mälzee,10
DEU,frosta protein,10
DEU,linsenei,10
DEU,Lorbeerblätter,10
DEU,richtig,10
DEU,pickni,10
DEU,esspa,10
DEU,Milchre,10
DEU,weinblatter,10
DEU,wuäse,10
DEU,Mul,10
DEU,suppennud,10
DEU,olivi,10
DEU,meal to go,10
DEU,chocolate chi,10
DEU,bonbel,10
DEU,zironen,10
DEU,nutella croissant,10
DEU,kstzen,10
DEU,sparking water,10
DEU,fetacreme,10
DEU,müll tüten,10
DEU,soaghett,10
DEU,hotdog bun,10
DEU,Maxi,10
DEU,orangrn,10
DEU,Zwieba,10
DEU,Cornetto,10
DEU,vegan quark,10
DEU,eiswaff,10
DEU,Muffins,10
DEU,erdnuss mus,10
DEU,ofenchi,10
DEU,käse wür,10
DEU,bittee,10
DEU,rewe bi,10
DEU,küse,10
DEU,safari,10
DEU,Lion,10
DEU,pepsi cherry,10
DEU,mcdo,10
DEU,Bio Milch,10
DEU,mirr,10
DEU,volciv,10
DEU,ahr,10
DEU,kraüter,10
DEU,chips glutenfrei,10
DEU,Fussili,10
DEU,hmil,10
DEU,schreib,10
DEU,polish,10
DEU,Mezzomix,10
DEU,concentrate,10
DEU,gefluge,10
DEU,Leberk,10
DEU,abocafo,10
DEU,mullermilch,10
DEU,pallma,10
DEU,Kidneybohnen,10
DEU,ölsardine,10
DEU,coffee filters,10
DEU,cola 6,10
DEU,chablis,10
DEU,terrin,10
DEU,pfep,10
DEU,käse Stück,10
DEU,rindergul,10
DEU,Dickmann,10
DEU,sensi,10
DEU,Hummu,10
DEU,hanschen,10
DEU,pilzr,10
DEU,kartoffelcr,10
DEU,h m,10
DEU,peppa,10
DEU,club soda,10
DEU,Getränke zero,10
DEU,ateak,10
DEU,lats,10
DEU,schokolade 100,10
DEU,senfsaat,10
DEU,linetten,10
DEU,deser,10
DEU,paprika s,10
DEU,aw,10
DEU,schimmelk,10
DEU,mascr,10
DEU,ja m,10
DEU,zikaretten,10
DEU,wildheidelb,10
DEU,fruchtflieg,10
DEU,geschenkkarte,10
DEU,pizza ch,10
DEU,greek youghurt,10
DEU,lasagnr,10
DEU,dobe,10
DEU,creme fraîche,10
DEU,bio ch,10
DEU,beef sausage,10
DEU,gin toni,10
DEU,süsskartoffelpommes,10
DEU,Vege,10
DEU,puck,10
DEU,fw,10
DEU,noddle,10
DEU,alnatura ma,10
DEU,Tortell,10
DEU,Saure Gurken,10
DEU,käsebäll,10
DEU,Gö,10
DEU,mouse au,10
DEU,heavy cre,10
DEU,radierer,10
DEU,proze,10
DEU,teek,10
DEU,freixe,10
DEU,wasser mit gesch,10
DEU,catch,10
DEU,vollkornme,10
DEU,happyday,10
DEU,Burger Brötchen,10
DEU,cigköf,10
DEU,veggie salami,10
DEU,dinkelkekse,10
DEU,zwoe,10
DEU,grießpu,10
DEU,kathi,10
DEU,vanille schote,10
DEU,steel wool,10
DEU,Gazoz,10
DEU,Linguine,10
DEU,krät,10
DEU,incense,10
DEU,crpissant,10
DEU,Spray,10
DEU,"0,33",10
DEU,always binden,10
DEU,paranu,10
DEU,zwerg,10
DEU,cashew butter,10
DEU,Linseneintopf,10
DEU,paprika gerä,10
DEU,cheeae,10
DEU,germknö,10
DEU,deillinge,10
DEU,more sir,10
DEU,dikl,10
DEU,alle,10
DEU,fers,10
DEU,friachk,10
DEU,Kit,10
DEU,hähnchenbrustf,10
DEU,getrocknete erd,10
DEU,ölz,10
DEU,ja milk,10
DEU,wc papi,10
DEU,tortellinis,10
DEU,kräuter der pro,10
DEU,cola ero,10
DEU,wasserspr,10
DEU,kaubonbons,10
DEU,hot dog sauce,10
DEU,wasser mit kohlen,10
DEU,ola zero,10
DEU,Burger br,10
DEU,bratkartoffe,10
DEU,Speck vegan,10
DEU,golden longs,10
DEU,walkers,10
DEU,Alko,10
DEU,meatba,10
DEU,hühnerschenkel,10
DEU,Cola lig,10
DEU,ankerkraut,10
DEU,sojs,10
DEU,more iced,10
DEU,almondy,10
DEU,spring oni,10
DEU,ratsh,10
DEU,Herin,10
DEU,allzweck tücher,10
DEU,beefi,10
DEU,gluten frei pasta,10
DEU,Hähnchen bio,10
DEU,Fritz Spritz,10
DEU,fry,10
DEU,don julio,10
DEU,soja skyr,10
DEU,innovent,10
DEU,stabilo,10
DEU,Eiweiss,10
DEU,beilage,10
DEU,Orange saft,10
DEU,baba vegan,10
DEU,yorgut,10
DEU,ishin,10
DEU,Kartoffeltaschen,10
DEU,zooroya,10
DEU,sido,10
DEU,föeisch,10
DEU,dolce gust,10
DEU,paprk,10
DEU,split eis,10
DEU,crossiants,10
DEU,kaffeefilt,10
DEU,bio vollmilch,10
DEU,augustiner alkoholfrei,10
DEU,braz,10
DEU,laundry pods,10
DEU,schokotröpf,10
DEU,hipp combiotik,10
DEU,buscuits,10
DEU,zigsr,10
DEU,cucomber,10
DEU,wiwe,10
DEU,spanis,10
DEU,augustine,10
DEU,geschnä,10
DEU,tofu geräuchert,10
DEU,Körni,10
DEU,flesh,10
DEU,hitdog,10
DEU,traubem,10
DEU,schb,10
DEU,lnob,10
DEU,jals,10
DEU,Frühstücksfl,10
DEU,allzweckrei,10
DEU,tomaa,10
DEU,baum,10
DEU,roka,10
DEU,honigtomaten,10
DEU,simplicol,10
DEU,feuchted,10
DEU,schmsnd,10
DEU,huhne,10
DEU,fantinato,10
DEU,Marshmallow,10
DEU,lipstick,10
DEU,club mat,10
DEU,saniti,10
DEU,thunfiach,10
DEU,yoghuet,10
DEU,bärenmarke eiskaffee,10
DEU,sahne 7%,10
DEU,kekstei,10
DEU,saft kinder,10
DEU,toiketten,10
DEU,hair removal,10
DEU,diä,10
DEU,zigarren,10
DEU,grob,10
DEU,budweis,10
DEU,spira,10
DEU,nekatrine,10
DEU,stout,10
DEU,blättche,10
DEU,tk ob,10
DEU,geschälte to,10
DEU,Nordsee,10
DEU,pron,10
DEU,malr,10
DEU,lebk,10
DEU,happy roll,10
DEU,jakob,10
DEU,ice bags,10
DEU,mjam,10
DEU,Soj,10
DEU,orecc,10
DEU,Molk,10
DEU,rahme,10
DEU,dishwashing liquid,10
DEU,color waschmittel,10
DEU,ouark,10
DEU,kaiser natron,10
DEU,mate tee,10
DEU,Tsatsiki,10
DEU,hähnchen tk,10
DEU,cashew milch,10
DEU,mozarellasticks,10
DEU,Balisto,10
DEU,voli,10
DEU,haferflocken bio,10
DEU,hefer,10
DEU,spor,10
DEU,dusxh,10
DEU,lingue,10
DEU,rewe bio milch,10
DEU,red label,10
DEU,pistacchio,10
DEU,Magerqu,10
DEU,vegan j,10
DEU,ostma,10
DEU,hafrr,10
DEU,pusta,10
DEU,nord coast,10
DEU,Cellini,10
DEU,dinkeln,10
DEU,chicken thi,10
DEU,milch mädchen,10
DEU,cäsar,10
DEU,eis solero,10
DEU,Sm,10
DEU,pasta barilla,10
DEU,melobe,10
DEU,Adel,10
DEU,hexe,10
DEU,washing up,10
DEU,vegane bolo,10
DEU,milcc,10
DEU,öliven,10
DEU,oct,10
DEU,choci,10
DEU,leipnitz,10
DEU,bodyl,10
DEU,spinay,10
DEU,wSser,10
DEU,soagetti,10
DEU,bierkasten,10
DEU,lagsa,10
DEU,orangen sa,10
DEU,hirsch,10
DEU,formula,10
DEU,vanillepulver,10
DEU,gefrierbeut,10
DEU,fix tüten,10
DEU,küchenrolme,10
DEU,dried tom,10
DEU,şeftali,10
DEU,veganes hähnchen,10
DEU,auo,10
DEU,erbsem,10
DEU,milv,10
DEU,de gecco,10
DEU,zero sirup,10
DEU,schär pizza,10
DEU,fertig ge,10
DEU,bio frischk,10
DEU,flamk,10
DEU,dunkle schok,10
DEU,rostzwiebeln,10
DEU,weizengrieß,10
DEU,scharlott,10
DEU,komucha,10
DEU,creme fraixhe,10
DEU,zhan,10
DEU,obstkonserve,10
DEU,Milchcreme,10
DEU,natch,10
DEU,geramint,10
DEU,Knochenbrühe,10
DEU,strap,10
DEU,salito,10
DEU,swir,10
DEU,light so,10
DEU,iogu,10
DEU,Lactose frei,10
DEU,hamburge,10
DEU,smootie,10
DEU,cookies ja,10
DEU,gestück,10
DEU,ink,10
DEU,toileten papier,10
DEU,cornedb,10
DEU,einla,10
DEU,1€,10
DEU,oric,10
DEU,chike,10
DEU,gefriergetrock,10
DEU,faye,10
DEU,nitril,10
DEU,tostb,10
DEU,kolosmilch,10
DEU,wallnuts,10
DEU,lucky st,10
DEU,bratf,10
DEU,almond m,10
DEU,Kaffee k,10
DEU,hafer keks,10
DEU,fallafel,10
DEU,mango ju,10
DEU,fleichwurst,10
DEU,schwimmwindel,10
DEU,almased,10
DEU,chiliflocke,10
DEU,tonic w,10
DEU,guines,10
DEU,espressobohnen,10
DEU,salat kr,10
DEU,zero spezi,10
DEU,"joghurt 1,8",10
DEU,famt,10
DEU,ungesalzen,10
DEU,Waschmitt,10
DEU,laucg,10
DEU,bra tea,10
DEU,eis la,10
DEU,fadenn,10
DEU,kochban,10
DEU,limbu,10
DEU,nodd,10
DEU,protein icecream,10
DEU,cheess,10
DEU,teauben,10
DEU,gemüsse,10
DEU,kuki,10
DEU,knoe,10
DEU,bröc,10
DEU,mariale,10
DEU,schokosoß,10
DEU,elv,10
DEU,jelibon,10
DEU,backed beans,10
DEU,inocent,10
DEU,blauberen,10
DEU,putzschwamm,10
DEU,adelholzer,10
DEU,aktim,10
DEU,pizza salame,10
DEU,helle soja,10
DEU,kifir,10
DEU,bio com,10
DEU,Ameri,10
DEU,lattuce,10
DEU,kichererbsen mehl,10
DEU,Bri,10
DEU,Pfifferlinge,10
DEU,rind hackfleisch,10
DEU,kloßt,10
DEU,gizeh filter,10
DEU,air fre,10
DEU,devele,10
DEU,rot wine,10
DEU,nb,10
DEU,la ma,10
DEU,fred fer,10
DEU,mozzarellast,10
DEU,fritz k,10
DEU,rabs,10
DEU,kochb,10
DEU,bp,10
DEU,unser mildes,10
DEU,bio zucchini,10
DEU,tonic wat,10
DEU,kaffefil,10
DEU,frühtest,10
DEU,plä,10
DEU,underwear,10
DEU,liller,10
DEU,blauschimmelkäse,10
DEU,gefrorene b,10
DEU,chickenb,10
DEU,haushal,10
DEU,niederegger,10
DEU,havuc,10
DEU,reis jasmin,10
DEU,rahmspin,10
DEU,lashes,10
DEU,alnatut,10
DEU,pizzA,10
DEU,wasser beste wahl,10
DEU,wc fr,10
DEU,tomatt,10
DEU,tomatenmsrk,10
DEU,kinder max,10
DEU,wild heidel,10
DEU,naturjogu,10
DEU,protein torti,10
DEU,instantnu,10
DEU,linseb,10
DEU,decco,10
DEU,MILCH,10
DEU,bread rolls,10
DEU,Wasc,10
DEU,colA,10
DEU,icecu,10
DEU,Wasser 6,10
DEU,geschälte toma,10
DEU,fast,10
DEU,feutt,10
DEU,laltose,10
DEU,bruschett,10
DEU,ketcu,10
DEU,spezle,10
DEU,wienerw,10
DEU,muschi,10
DEU,sonnenblumen oil,10
DEU,hackepeter,10
DEU,spätzel,10
DEU,klima,10
DEU,spekula,10
DEU,cramberry,10
DEU,dnack,10
DEU,kraben,10
DEU,marmelada,10
DEU,enginar,10
DEU,brioche bread,10
DEU,konv,10
DEU,Korian,10
DEU,insektens,10
DEU,vegan salmon,10
DEU,Apfel bio,10
DEU,dinkel b,10
DEU,Blauschimmel,10
DEU,tooth pas,10
DEU,bergbauer,10
DEU,instant c,10
DEU,Sup,10
DEU,null,10
DEU,ersn,10
DEU,volee,10
DEU,alkoholfreies weizen,10
DEU,dornfelder,10
DEU,Ay,10
DEU,paprika spice,10
DEU,selbstbr,10
DEU,San pelegrino,10
DEU,sweet paprika,10
DEU,eroti,10
DEU,American spi,10
DEU,erdbeern,10
DEU,Jogur,10
DEU,taschentuc,10
DEU,linsen dose,10
DEU,Linsensuppe,10
DEU,maultasxhen,10
DEU,protefix,10
DEU,pommess,10
DEU,Ai,10
DEU,pizzasa,10
DEU,röhn,10
DEU,snack bar,10
DEU,hagebutten,10
DEU,facial,10
DEU,zigsretten,10
DEU,Chedda,10
DEU,streuselkäse,10
DEU,oberg,10
DEU,pesto calabrese,10
DEU,putzl,10
DEU,pepsi cola,10
DEU,rügenwälder,10
DEU,soucen,10
DEU,uova,10
DEU,wiark,10
DEU,kinder countr,10
DEU,ramyeon,10
DEU,bio fl,10
DEU,aktive,10
DEU,oyakata,10
DEU,gam,10
DEU,Rewe Beste Wahl,10
DEU,tomato pasta,10
DEU,Creme fresh,10
DEU,himbeersirup,10
DEU,yayla yoghurt,10
DEU,kakaoo,10
DEU,Spülmi,10
DEU,wäsc,10
DEU,souf,10
DEU,thund,10
DEU,Kinder joy,10
DEU,Kaffee pads,10
DEU,stew,10
DEU,spoo,10
DEU,brock,10
DEU,feuchtu,10
DEU,süü,10
DEU,eis k,10
DEU,Schauma,10
DEU,long pa,10
DEU,macker,10
DEU,alpro vani,10
DEU,Croi,10
DEU,mandelblättchen,10
DEU,johjurt,10
DEU,tomartenmark,10
DEU,haribo lak,10
DEU,bacl,10
DEU,möl,10
DEU,brilla,10
DEU,spaet,10
DEU,doppelke,10
DEU,pepsi zer,10
DEU,keb,10
DEU,cero,10
DEU,risi,10
DEU,paprika gemahlen,10
DEU,hair spray,10
DEU,Fru,10
DEU,texas,10
DEU,tiefkühl vegan,10
DEU,zigarete,10
DEU,entkalket,10
DEU,cua,10
DEU,Rewe beste Wahl,10
DEU,roco,10
DEU,clearblue,10
DEU,toufu,10
DEU,clot,10
DEU,schmutzradierer,10
DEU,ice date,10
DEU,Marlbo,10
DEU,laugeb,10
DEU,mochu,10
DEU,dek,10
DEU,Rügenwald,10
DEU,rod,10
DEU,parmean,10
DEU,eds,10
DEU,Schinkenw,10
DEU,tabaj,10
DEU,ja oil,10
DEU,finn cri,10
DEU,ice cafe,10
DEU,sunflow,10
DEU,soy m,10
DEU,scko,10
DEU,redbulll,10
DEU,roggenvollkorn,10
DEU,lost,10
DEU,sund,10
DEU,Italienische Kräuter,10
DEU,Joghurt griechische,10
DEU,Agaven,10
DEU,cocod,10
DEU,stiele,10
DEU,mango yoghurt,10
DEU,nis,10
DEU,Tiram,10
DEU,toilettenbürste,10
DEU,grießb,10
DEU,chilli chees,10
DEU,tpmaten,10
DEU,frisvh,10
DEU,orange bio,10
DEU,tiefl,10
DEU,butrata,10
DEU,snitzel,10
DEU,Rotk,10
DEU,natue,10
DEU,Spru,10
DEU,joghurt lactose,10
DEU,enerhy,10
DEU,Streichhölzer,10
DEU,pizzateif,10
DEU,colgat,10
DEU,Pistazi,10
DEU,gummy bears,10
DEU,schlupf,10
DEU,over,10
DEU,Feuchttü,10
DEU,blatt spinat,10
DEU,steril,10
DEU,friwch,10
DEU,mih,10
DEU,mutter,10
DEU,vegan may,10
DEU,yum y,10
DEU,voe,10
DEU,Protein Eis,10
DEU,grüner spa,10
DEU,feuchte Tücher,10
DEU,kewp,10
DEU,grauburgu,10
DEU,np,10
DEU,crossia,10
DEU,burgund,10
DEU,daily,10
DEU,bergka,10
DEU,elseve,10
DEU,riv,10
DEU,schwaz,10
DEU,fn,10
DEU,aura,10
DEU,Waldmeister,10
DEU,salsmi,10
DEU,usb stick,10
DEU,Nocco,10
DEU,ernergy,10
DEU,waps,10
DEU,evgs,10
DEU,kondensmilc,10
DEU,febrece,10
DEU,bio paneer,10
DEU,jogurt 10,10
DEU,Knusper,10
DEU,dresd,10
DEU,vichy,10
DEU,cluster,10
DEU,thai ba,10
DEU,bio mil,10
DEU,Vollkornbrötchen,10
DEU,kuchendeko,10
DEU,johannisbee,10
DEU,mccai,10
DEU,Feta light,10
DEU,durt,10
DEU,Apricot,10
DEU,lipton ice tea,10
DEU,Kaffee filter,10
DEU,comp,10
DEU,Garnel,10
DEU,gefriergetro,10
DEU,chips geriffelt,10
DEU,expresso,10
DEU,kokosflo,10
DEU,kinderping,10
DEU,wim,10
DEU,feuchtigkeit,10
DEU,hatry,10
DEU,mini wurst,10
DEU,cocacol,10
DEU,dauce,10
DEU,schogette,10
DEU,schokoras,10
DEU,terijaki,10
DEU,kaffesa,10
DEU,pomod,10
DEU,kog,10
DEU,sheimp,10
DEU,Gebu,10
DEU,burger gurke,10
DEU,vasa,10
DEU,Kichererbse,10
DEU,carpet,10
DEU,bulld,10
DEU,Aug,10
DEU,kinderjo,10
DEU,lassg,10
DEU,tirte,10
DEU,nuss schoko,10
DEU,Ananas saft,10
DEU,zwiebak,10
DEU,kamillen tee,10
DEU,gentleman jack,10
DEU,laktosefrei käse,10
DEU,campo,10
DEU,Alkoholfreie,10
DEU,kb,10
DEU,bruch,10
DEU,jogurts,10
DEU,hüttenkäsr,10
DEU,mmm,10
DEU,kartiff,10
DEU,waschl,10
DEU,olivn,10
DEU,esszet,10
DEU,tuna salad,10
DEU,aha,10
DEU,captai,10
DEU,karamal,10
DEU,waschmittel sensitiv,10
DEU,slice cheese,10
DEU,kloo,10
DEU,tewe,10
DEU,estee,10
DEU,burgermeister,10
DEU,noigat,10
DEU,white fish,10
DEU,eisbech,10
DEU,fuzete,10
DEU,cevapi,10
DEU,hühnernudel,10
DEU,Bio obst,10
DEU,oetk,10
DEU,faß,10
DEU,bio po,10
DEU,flank,10
DEU,apple schorle,10
DEU,machiato,10
DEU,kue,10
DEU,instantka,10
DEU,kentucky,10
DEU,gratis,10
DEU,trüffelbutter,10
DEU,Fußball,10
DEU,Seidentofu,10
DEU,Geflüg,10
DEU,Celery,10
DEU,hot dog würstchen,10
DEU,gurke mini,10
DEU,Copp,10
DEU,jogihrt,10
DEU,frische nu,10
DEU,floor wipes,10
DEU,aufatrich,10
DEU,Fettlöser,10
DEU,aceite,10
DEU,kartofffeln,10
DEU,frozen bro,10
DEU,coca cola zer,10
DEU,waffelteig,10
DEU,nrötchen,10
DEU,dhampoo,10
DEU,entkoffi,10
DEU,sundri,10
DEU,red bumm,10
DEU,ske,10
DEU,epi,10
DEU,fols,10
DEU,karamellsirup,10
DEU,Fu,10
DEU,Burata,10
DEU,schaber,10
DEU,holandaise,10
DEU,paro,10
DEU,knoblauch gew,10
DEU,nektr,10
DEU,kartoffel chips,10
DEU,snack gesund,10
DEU,Pastirma,10
DEU,indtant,10
DEU,hähnchengew,10
DEU,Lavendel,10
DEU,tiefkühlbrötchen,10
DEU,schöller,10
DEU,ja mineralwasser,10
DEU,johanne,10
DEU,Fleischwur,10
DEU,soft cheese,10
DEU,wrapping paper,10
DEU,banabe,10
DEU,reis ben,10
DEU,rotr,10
DEU,instant rice,10
DEU,"joghurt 3,8",10
DEU,sweete,10
DEU,vanille jogh,10
DEU,katja,10
DEU,schnelle mischung,10
DEU,zitronen sorbet,10
DEU,schokolinse,10
DEU,Bbq,10
DEU,scavi,10
DEU,butter chick,10
DEU,türe,10
DEU,dry mango,10
DEU,brot glu,10
DEU,5 minut,10
DEU,plaumen,10
DEU,tiefkühlgerichte,10
DEU,heinz zero,10
DEU,grissin,10
DEU,bavaria blu,10
DEU,Oat milk,10
DEU,bouquet,10
DEU,preotein,10
DEU,ja n,10
DEU,are,10
DEU,beh,10
DEU,Geb,10
DEU,brise,10
DEU,stadtwurst,10
DEU,hähnchensc,10
DEU,fritieröl,10
DEU,washing po,10
DEU,tk krä,10
DEU,kopfh,10
DEU,müll 120,10
DEU,charl,10
DEU,Blumenstrauß,10
DEU,superzero,10
DEU,bognen,10
DEU,chavroux,10
DEU,erdbeer soße,10
DEU,kikok,10
DEU,texi,10
DEU,sun cream,10
DEU,disinfektion,10
DEU,rösterei,10
DEU,panda,10
DEU,eis kaf,10
DEU,hidrofugal,10
DEU,tarama,10
DEU,salan,10
DEU,halle,10
DEU,emy,10
DEU,mozat,10
DEU,unterlage,10
DEU,pizza tomaten,10
DEU,superp,10
DEU,ketchup mayo,10
DEU,wasser cl,10
DEU,coö,10
DEU,efes,10
DEU,voelk,10
DEU,frt,10
DEU,eier b,10
DEU,pop c,10
DEU,tiol,10
DEU,seve,10
DEU,köder,10
DEU,garte,10
DEU,polmes,10
DEU,rigattoni,10
DEU,rieslin,10
DEU,harrissa,10
DEU,papee,10
DEU,jourt,10
DEU,haffer milch,10
DEU,aushi,10
DEU,gerl,10
DEU,studentenfu,10
DEU,rapeseed,10
DEU,streichholz,10
DEU,prosch,10
DEU,stork,10
DEU,flasch,10
DEU,nudw,10
DEU,ıspanak,10
DEU,limoncell,10
DEU,pritt,10
DEU,friscgkäse,10
DEU,Brombeere,10
DEU,gluten free b,10
DEU,toast sandwich,10
DEU,Peps,10
DEU,Magnu,10
DEU,dunkel schokolade,10
DEU,garbage ba,10
DEU,kühlpad,10
DEU,adana,10
DEU,haferflocken fein,10
DEU,hafer ohne zucker,10
DEU,Berliner Luft,10
DEU,tomaten passier,10
DEU,ja yo,10
DEU,fals,10
DEU,monze,10
DEU,wand,10
DEU,erdebeeren,10
DEU,honigwaff,10
DEU,dosen tom,10
DEU,true da,10
DEU,youghu,10
DEU,hazelnus,10
DEU,hefeklö,10
DEU,lachs tk,10
DEU,burgerkä,10
DEU,tus,10
DEU,zoor,10
DEU,ja w,10
DEU,Pfl,10
DEU,sill,10
DEU,weizen alkoholfrei,10
DEU,flock,10
DEU,rice crispies,10
DEU,zaa,10
DEU,vanille soß,10
DEU,laugenbreze,10
DEU,baby f,10
DEU,John pl,10
DEU,crumpet,10
DEU,cookies and cream,10
DEU,Pall Mall,10
DEU,Berlin,10
DEU,hight,10
DEU,Wassr,10
DEU,kekse bio,10
DEU,sinal,10
DEU,hüten,10
DEU,margeri,10
DEU,cerelac,10
DEU,Knoblauchbrot,10
DEU,chicken f,10
DEU,risot,10
DEU,pepo,10
DEU,oliveböl,10
DEU,lammfleisch,10
DEU,frozen broccoli,10
DEU,"Barebells Proteinriegel Coco Choco, 55 g",10
DEU,zeqa,10
DEU,knoblauchbu,10
DEU,Oran,10
DEU,prinzes,10
DEU,möhren bio,10
DEU,choco c,10
DEU,kartoffelpürr,10
DEU,coffee pad,10
DEU,Weiss,10
DEU,stream,10
DEU,sick,10
DEU,dark choclate,10
DEU,rass,10
DEU,Worcester,10
DEU,Haferflock,10
DEU,pichl,10
DEU,fertigsal,10
DEU,wattestäbche,10
DEU,milch 500,10
DEU,10%,10
DEU,orangw,10
DEU,daure,10
DEU,hirtenkäsw,10
DEU,titrone,10
DEU,pd,10
DEU,hummas,10
DEU,grill cheese,10
DEU,mais bohnen,10
DEU,süße sahne,10
DEU,putten,10
DEU,ziegenjo,10
DEU,abschminktü,10
DEU,korn an,10
DEU,Mozarell,10
DEU,cheesestri,10
DEU,schojo,10
DEU,mais konserve,10
DEU,süßmittel,10
DEU,pineap,10
DEU,hirtenköse,10
DEU,avica,10
DEU,nicna,10
DEU,brox,10
DEU,kartoffeln fest,10
DEU,dr.o,10
DEU,quarki,10
DEU,Körn,10
DEU,passiere,10
DEU,choco milk,10
DEU,pflaumenm,10
DEU,rwtt,10
DEU,yo sirup,10
DEU,sardie,10
DEU,schimme,10
DEU,kinder card,10
DEU,erbsens,10
DEU,zahnpaster,10
DEU,Mayonaise,10
DEU,sahne j,10
DEU,spfe,10
DEU,frankf,10
DEU,chri,10
DEU,nudel so,10
DEU,Bier alkohol,10
DEU,Maxi king,10
DEU,kötb,10
DEU,wasser kasten,10
DEU,haferdrin,10
DEU,Beste,10
DEU,salr,10
DEU,Orange juice,10
DEU,kucgen,10
DEU,seife nach,10
DEU,apfelst,10
DEU,happy hippi,10
DEU,joghurett,10
DEU,Stra,10
DEU,gutl,10
DEU,sme,10
DEU,hähnchn,10
DEU,Amer,10
DEU,Süß sauer,10
DEU,sandwichgurken,10
DEU,Sojadrink,10
DEU,superglue,10
DEU,Paprika pul,10
DEU,balsamico cre,10
DEU,rade,10
DEU,rasbe,10
DEU,kinder m,10
DEU,milchschokolade,10
DEU,hähnchenschen,10
DEU,laur,10
DEU,aya,10
DEU,wwin,10
DEU,kakou,10
DEU,Kinderschokolade,10
DEU,zitronenl,10
DEU,kumpir,10
DEU,elotra,10
DEU,healthy chips,10
DEU,block hou,10
DEU,sonnenblumenol,10
DEU,lefax,10
DEU,lao gan,10
DEU,hinb,10
DEU,vegan köse,10
DEU,maisch,10
DEU,Wind,10
DEU,ziggar,10
DEU,nurnberger,10
DEU,microf,10
DEU,scjokolade,10
DEU,inte,10
DEU,pimento,10
DEU,wüst,10
DEU,curry ketch,10
DEU,dazs,10
DEU,chiliflock,10
DEU,monster en,10
DEU,Krüger,10
DEU,hur,10
DEU,loorbeer,10
DEU,butter salzig,10
DEU,Vitamin d,10
DEU,plombit,10
DEU,6 pack,10
DEU,alternative,10
DEU,orangenl,10
DEU,trüfrp,10
DEU,kartoffel pure,10
DEU,Panko,10
DEU,butter keks,10
DEU,zucer,10
DEU,beinschei,10
DEU,gemüsezwie,10
DEU,brustfi,10
DEU,sauere gurken,10
DEU,basl,10
DEU,markenbutter,10
DEU,zero tea,10
DEU,feuchtes klo,10
DEU,cola zero 2l,10
DEU,schablett,10
DEU,ofenfr,10
DEU,Agavendicksaft,10
DEU,hänchenschenkel,10
DEU,feta l,10
DEU,saurer,10
DEU,coconut yo,10
DEU,erp,10
DEU,cookies american,10
DEU,Pokemon,10
DEU,eis soße,10
DEU,Tonic water,10
DEU,pizzakäs,10
DEU,pürr,10
DEU,chiken wings,10
DEU,maxi kin,10
DEU,reibkä,10
DEU,Schokosauce,10
DEU,kavier,10
DEU,wafflen,10
DEU,spur cream,10
DEU,monchi,10
DEU,vegan ha,10
DEU,alnatura apfel,10
DEU,fleischalternative,10
DEU,pizza thun,10
DEU,sck,10
DEU,red chilli,10
DEU,shaving foam,10
DEU,schlag s,10
DEU,frozen snacks,10
DEU,hoi sin,10
DEU,gurek,10
DEU,room freshener,10
DEU,zitronenrolle,10
DEU,vanilla zucker,10
DEU,fruchtr,10
DEU,count,10
DEU,Almdudler,10
DEU,salat kräuter,10
DEU,coconut milch,10
DEU,dattelsü,10
DEU,pole,10
DEU,prostate,10
DEU,schoko c,10
DEU,jougu,10
DEU,bohmen,10
DEU,tao,10
DEU,mind,10
DEU,Lip,10
DEU,sakrotan,10
DEU,paper roll,10
DEU,whea,10
DEU,pocket coffee,10
DEU,zahnbürst,10
DEU,esn protein,10
DEU,ei ersatz,10
DEU,pizza dia,10
DEU,cremfine,10
DEU,loorber,10
DEU,joggu,10
DEU,Waschmit,10
DEU,tomta,10
DEU,spague,10
DEU,Spez,10
DEU,Würstche,10
DEU,merge,10
DEU,dr otker,10
DEU,five elep,10
DEU,frot,10
DEU,kischen,10
DEU,headache,10
DEU,kiner,10
DEU,katjea,10
DEU,bacuette,10
DEU,cremon,10
DEU,brustfile,10
DEU,wes,10
DEU,spagu,10
DEU,ph neutral,10
DEU,flexpresso,10
DEU,stop,10
DEU,sandwicheis,10
DEU,Hochland,10
DEU,vegane sal,10
DEU,alnatura tee,10
DEU,auste,10
DEU,Zie,10
DEU,spund,10
DEU,mascarponr,10
DEU,georg,10
DEU,Lachgummi,10
DEU,wasermelone,10
DEU,keffir,10
DEU,urquell,10
DEU,marbolo,10
DEU,magda,10
DEU,sahne muh,10
DEU,shirin,10
DEU,vacuum,10
DEU,kochbana,10
DEU,tobas,10
DEU,Wal,10
DEU,darb,10
DEU,ginger be,10
DEU,lindt 100,10
DEU,E Zigarette,10
DEU,Schokolade 70,10
DEU,nachp,10
DEU,haban,10
DEU,gin to,10
DEU,Lau,10
DEU,Pic,10
DEU,sonntagsb,10
DEU,hafermikch,10
DEU,vegane majo,10
DEU,parod,10
DEU,magnum classic,10
DEU,apfelku,10
DEU,cappucc,10
DEU,miracle wip,10
DEU,Smoo,10
DEU,WC Reiniger,10
DEU,mozzo,10
DEU,pimp,10
DEU,osts,10
DEU,vuse pods,10
DEU,Essig essenz,10
DEU,moy,10
DEU,pampers 3,10
DEU,fritzlimo,10
DEU,glas rei,10
DEU,köri,10
DEU,mineralwassee,10
DEU,paprika ed,10
DEU,eiskonfe,10
DEU,schokoladw,10
DEU,toilet clean,10
DEU,rote papri,10
DEU,Tiefkühlschrank,10
DEU,ready to,10
DEU,Reise,10
DEU,hallal,10
DEU,waschmaschin,10
DEU,käseschei,10
DEU,mlich,10
DEU,japanisch,10
DEU,fanta orange,10
DEU,Vanil,10
DEU,luk,10
DEU,schokowaffeln,10
DEU,eiswürfeö,10
DEU,mexikan,10
DEU,ha kfleisch,10
DEU,kokos creme,10
DEU,panna cotta,10
DEU,rotes pesto,10
DEU,phill,10
DEU,water classic,10
DEU,orto,10
DEU,schiken,10
DEU,aufkleber,10
DEU,antibacterial,10
DEU,mashed potatoes,10
DEU,salv,10
DEU,braten sauce,10
DEU,kokosjogurt,10
DEU,heidelbeeren tk,10
DEU,atem,10
DEU,eckn,10
DEU,grill kohle,10
DEU,kühlp,10
DEU,mon cheri,10
DEU,tk fisch,10
DEU,handkäs,10
DEU,bienens,10
DEU,dig,10
DEU,tomato ketchup,10
DEU,kerniger,10
DEU,roil,10
DEU,meatb,10
DEU,klr,10
DEU,Erbsen und,10
DEU,putt,10
DEU,combu,10
DEU,Brom,10
DEU,windeln 6,10
DEU,mineralwasser rewe,10
DEU,slaa,10
DEU,ja frisch,10
DEU,nio,10
DEU,Klö,10
DEU,pfrisch,10
DEU,weibohnen,10
DEU,kartoffelsalar,10
DEU,orangeb,10
DEU,rewe k,10
DEU,zuckerma,10
DEU,steak halal,10
DEU,sonicare,10
DEU,alsterwasser,10
DEU,rügenwaö,10
DEU,us,10
DEU,Trockenshampoo,10
DEU,championg,10
DEU,boiled eggs,10
DEU,flax seed,10
DEU,der wei,10
DEU,pfefferoni,10
DEU,brot s,10
DEU,vehan,10
DEU,smyr,10
DEU,fuzetee,10
DEU,pfirsisc,10
DEU,quio,10
DEU,kartoffel püre,10
DEU,vegan kase,10
DEU,gruech,10
DEU,marmerlade,10
DEU,marmelda,10
DEU,after dinner,10
DEU,sunsc,10
DEU,pinapple,10
DEU,wild rice,10
DEU,ingwer sh,10
DEU,kornflaks,10
DEU,Weingummi,10
DEU,schoklade,10
DEU,joghurtdress,10
DEU,kaffee alnatura,10
DEU,conch,10
DEU,kaffee mild,10
DEU,head shoulders,10
DEU,bubbel,10
DEU,Wasser me,10
DEU,spruhsahne,10
DEU,badezu,10
DEU,schh,10
DEU,mineral wa,10
DEU,bio haferflocken,10
DEU,ksrto,10
DEU,dickmans,10
DEU,surup,10
DEU,groun,10
DEU,apfw,10
DEU,Teekanne,10
DEU,dire,10
DEU,parmesan cheese,10
DEU,mopp,10
DEU,radisschen,10
DEU,alta,10
DEU,avoda,10
DEU,chicken ja,10
DEU,Kim,10
DEU,Frühlingsr,10
DEU,perfect,10
DEU,erdnussbutte,10
DEU,augentr,10
DEU,papar,10
DEU,Cornf,10
DEU,oyster sau,10
DEU,brst,10
DEU,tiefkühlfrüchte,10
DEU,Sucu,10
DEU,malib,10
DEU,mermel,10
DEU,kruton,10
DEU,lagonda,10
DEU,swkt,10
DEU,bier glutenfrei,10
DEU,reis kochbeutel,10
DEU,zwinel,10
DEU,knotr,10
DEU,Beste wahl,10
DEU,handtu,10
DEU,deme,10
DEU,weißbohnen,10
DEU,Sour creme,10
DEU,ptotein,10
DEU,apfeldaft,10
DEU,shisha tabak,10
DEU,schokocro,10
DEU,troli,10
DEU,morellen,10
DEU,body s,10
DEU,washmitt,10
DEU,sphag,10
DEU,filterk,10
DEU,pimi,10
DEU,Asiatisch,10
DEU,nro,10
DEU,Lacto,10
DEU,buttermich,10
DEU,Mozarel,10
DEU,zeta,10
DEU,high protein bread,10
DEU,balsamici,10
DEU,heidi klum,10
DEU,roqu,10
DEU,Mara,10
DEU,hollondai,10
DEU,fischsalat,10
DEU,hand soup,10
DEU,wilh,10
DEU,käsebrötchen,10
DEU,fuzet,10
DEU,Wasser spr,10
DEU,piccolino,10
DEU,vanillepud,10
DEU,pizza boden,10
DEU,gemp,10
DEU,bio Fleisch,10
DEU,faj,10
DEU,aperol spritz,10
DEU,bio mu,10
DEU,bim,10
DEU,geanola,10
DEU,hinde,10
DEU,active 02,10
DEU,babyspina,10
DEU,sweet potato fries,10
DEU,tsazi,10
DEU,brottüten,10
DEU,hanfsam,10
DEU,landjäg,10
DEU,phista,10
DEU,isodrink,10
DEU,spice mix,10
DEU,chicken mince,10
DEU,haägen,10
DEU,totte,10
DEU,eis mars,10
DEU,Käfer,10
DEU,nail cutter,10
DEU,vegan würstchen,10
DEU,Ho,10
DEU,ketchup chips,10
DEU,königsberger klopse,10
DEU,bepant,10
DEU,onuon,10
DEU,chrun,10
DEU,dr. pepper zero,10
DEU,geflügelwürst,10
DEU,Rote Linsen,10
DEU,hamburger bread,10
DEU,terea t,10
DEU,spülmaschine salz,10
DEU,wasser c,10
DEU,eister,10
DEU,budel,10
DEU,Win,10
DEU,Ladegerät,10
DEU,cilli,10
DEU,zeit brot,10
DEU,fleisch vegan,10
DEU,cras,10
DEU,rapun,10
DEU,cheva,10
DEU,Fleischsal,10
DEU,yogurt mango,10
DEU,zero c,10
DEU,burget,10
DEU,rohkakao,10
DEU,Grissini,10
DEU,schoko cro,10
DEU,lakti,10
DEU,braune s,10
DEU,amaretti,10
DEU,bar soap,10
DEU,nüsse bio,10
DEU,Marlb,10
DEU,white c,10
DEU,Parfum,10
DEU,kucjen,10
DEU,cholo,10
DEU,Salat mix,10
DEU,banaen,10
DEU,les,10
DEU,Butterk,10
DEU,kartoffelta,10
DEU,salt and v,10
DEU,yoguh,10
DEU,Soy,10
DEU,carn,10
DEU,papria,10
DEU,erbsendrink,10
DEU,Syr,10
DEU,still wass,10
DEU,prodecco,10
DEU,weisswur,10
DEU,Geflügelsa,10
DEU,cana,10
DEU,toaten,10
DEU,cabon,10
DEU,hustentee,10
DEU,swep,10
DEU,machs,10
DEU,druckerpa,10
DEU,laktoz,10
DEU,lerdammer,10
DEU,easch,10
DEU,cevapcic,10
DEU,vollkornm,10
DEU,Kräuter qu,10
DEU,mango gefro,10
DEU,reismi,10
DEU,Meister,10
DEU,gummi vegan,10
DEU,non alc,10
DEU,pesto sauce,10
DEU,rice kri,10
DEU,sonnenmais,10
DEU,paprikawurst,10
DEU,bsck,10
DEU,bacob,10
DEU,bratwür,10
DEU,milföy,10
DEU,soda stre,10
DEU,dishwasher cleaner,10
DEU,streukäsw,10
DEU,diam,10
DEU,philedelphia,10
DEU,Lahs,10
DEU,linsen pasta,10
DEU,Rotweinessig,10
DEU,red lentil,10
DEU,swiffer wet,10
DEU,st pellegrino,10
DEU,mozzarelle,10
DEU,vanilla icecream,10
DEU,Farmer,10
DEU,vanillesauc,10
DEU,joghr,10
DEU,Frühlingsrolle,10
DEU,cheese vegan,10
DEU,Siru,10
DEU,butterbrotpapier,10
DEU,gekochter Schinken,10
DEU,roze,10
DEU,granini limo,10
DEU,snackmö,10
DEU,senf dill,10
DEU,mittagessen,10
DEU,deink,10
DEU,hobbits,10
DEU,basis müsli,10
DEU,lima,10
DEU,Grenadine,10
DEU,tomaten passata,10
DEU,eis kinder,10
DEU,mozzarella l,10
DEU,Kaffee weißer,10
DEU,liebniz,10
DEU,tomatenpa,10
DEU,dalia,10
DEU,87,10
DEU,schokotafel,10
DEU,chilisauce,10
DEU,farro,10
DEU,els,10
DEU,rote linsen nudeln,10
DEU,berchtesga,10
DEU,krauterq,10
DEU,28 bl,10
DEU,gooda,10
DEU,bahuett,10
DEU,sra,10
DEU,kover,10
DEU,cicken,10
DEU,coca light,10
DEU,erdbeer so,10
DEU,nudelauf,10
DEU,erdv,10
DEU,cheder,10
DEU,pizza tk,10
DEU,tafelspitz,10
DEU,apot,10
DEU,mürbe,10
DEU,protein chocolate,10
DEU,würts,10
DEU,primitivi,10
DEU,soja creme,10
DEU,hw,10
DEU,cacao nibs,10
DEU,asia s,10
DEU,chips tortilla,10
DEU,Toast käse,10
DEU,nudelsu,10
DEU,Finn,10
DEU,katch,10
DEU,edb,10
DEU,Schokomilch,10
DEU,vitamin C,10
DEU,baue,10
DEU,goldbären,10
DEU,condenced,10
DEU,chicken organic,10
DEU,hoc,10
DEU,tomT,10
DEU,perroni,10
DEU,rata,10
DEU,kux,10
DEU,marsca,10
DEU,staudense,10
DEU,backbrotchen,10
DEU,toilettenpapier 3,10
DEU,entkoffiniert,10
DEU,eclipse,10
DEU,rainbow,10
DEU,hamburger br,10
DEU,chopped,10
DEU,cocac,10
DEU,bcaa,10
DEU,diap,10
DEU,allegra,10
DEU,Likör,10
DEU,wtaps,10
DEU,bio gutke,10
DEU,decec,10
DEU,heidem,10
DEU,philadep,10
DEU,ben reis,10
DEU,reiben,10
DEU,low c,10
DEU,Rico,10
DEU,hinterkoch,10
DEU,sunflower oi,10
DEU,butter salted,10
DEU,wasser o,10
DEU,Äpf,10
DEU,Sane,10
DEU,kartoffela,10
DEU,müc,10
DEU,harrisa,10
DEU,nimms,10
DEU,ocn,10
DEU,parms,10
DEU,geanat,10
DEU,ebsen,10
DEU,padt,10
DEU,kräuter frisch,10
DEU,lipp,10
DEU,hose,10
DEU,kalo,10
DEU,Vegetarisch,10
DEU,vanielle,10
DEU,"True Fruits Red Shot, 99 ml",10
DEU,oap,10
DEU,georgian,10
DEU,snack nüsse,10
DEU,würstchen gef,10
DEU,alho,10
DEU,choco cr,10
DEU,flüssige,10
DEU,naschen,10
DEU,taral,10
DEU,babanen,10
DEU,brot eiwei,10
DEU,Cola Zero zero,10
DEU,schoko rosinen,10
DEU,tartare,10
DEU,körniger käse,10
DEU,frozen cake,10
DEU,Kirs,10
DEU,essig ess,10
DEU,Emmi,10
DEU,fish finger,10
DEU,spüls,10
DEU,kirsxh,10
DEU,spüllm,10
DEU,gurg,10
DEU,Weiße Bohnen,10
DEU,nektarien,10
DEU,hackgleisch,10
DEU,wasser mineral,10
DEU,würfelz,10
DEU,rt,10
DEU,thinfi,10
DEU,gaspacho,10
DEU,pappte,10
DEU,schüsse,10
DEU,magnim,10
DEU,marketim,10
DEU,fenn,10
DEU,Elektro,10
DEU,la anita,10
DEU,schlsg,10
DEU,Split,10
DEU,gesundheit,10
DEU,frying,10
DEU,froschk,10
DEU,magermilch,10
DEU,toilettenr,10
DEU,fugal,10
DEU,dosen obst,10
DEU,süssigkeite,10
DEU,Pizzate,10
DEU,regional,10
DEU,mte,10
DEU,sj,10
DEU,eisku,10
DEU,rettertütw,10
DEU,pizzagew,10
DEU,galo,10
DEU,Bodenreiniger,10
DEU,eisqü,10
DEU,sodb,10
DEU,capri so,10
DEU,jogho,10
DEU,summersb,10
DEU,peni,10
DEU,weichkäs,10
DEU,briocje,10
DEU,licor,10
DEU,lev,10
DEU,hsckfleisch,10
DEU,Tissue,10
DEU,öl sonn,10
DEU,bomb,10
DEU,suppr,10
DEU,wallnüss,10
DEU,bindem,10
DEU,brocolis,10
DEU,Mago,10
DEU,kalzium,10
DEU,schwarze tee,10
DEU,Hertha,10
DEU,frucht joghurt,10
DEU,head an,10
DEU,slime,10
DEU,lenor weich,10
DEU,thuns,10
DEU,kfir,10
DEU,back ca,10
DEU,tool,10
DEU,beste wa,10
DEU,orange limo,10
DEU,eis te,10
DEU,mehrkor,10
DEU,trockn,10
DEU,hackflesich,10
DEU,krispies,10
DEU,kartofg,10
DEU,heisse tasse,10
DEU,bressot,10
DEU,rote grüt,10
DEU,karteikarten,10
DEU,gezuc,10
DEU,alnatura coco,10
DEU,coin,10
DEU,fol e,10
DEU,linsennu,10
DEU,maden,10
DEU,berre,10
DEU,Süßkart,10
DEU,bread crum,10
DEU,grisi,10
DEU,sauerrah,10
DEU,kerrygo,10
DEU,gebrannte mandeln,10
DEU,mixed veg,10
DEU,dolormin,10
DEU,sjyr,10
DEU,sao,10
DEU,Salami s,10
DEU,brotaufst,10
DEU,champingon,10
DEU,water drop,10
DEU,eiatee,10
DEU,oignon,10
DEU,gewurzg,10
DEU,5 Mi,10
DEU,beltchen,10
DEU,katte,10
DEU,linsensupp,10
DEU,vegetables frozen,10
DEU,coke sero,10
DEU,Knuspermüsli,10
DEU,hämchen,10
DEU,panadol,10
DEU,himal,10
DEU,spy,10
DEU,oal,10
DEU,Tiefkühlprodukte,10
DEU,truly indian,10
DEU,masda,10
DEU,sauer sahn,10
DEU,cebolla,10
DEU,langne,10
DEU,pael,10
DEU,erdinger alkohol,10
DEU,hot rollz,10
DEU,instant reis,10
DEU,vag,10
DEU,putenbrusz,10
DEU,wasser r,10
DEU,rundkornreis,10
DEU,soue,10
DEU,tru fr,10
DEU,schoko fre,10
DEU,russian,10
DEU,chips pfeffer,10
DEU,Ohr,10
DEU,mondam,10
DEU,nussmis,10
DEU,tomTen,10
DEU,parlam,10
DEU,chokol,10
DEU,staudens,10
DEU,tagin,10
DEU,pomegran,10
DEU,rice p,10
DEU,Ton,10
DEU,rolling pin,10
DEU,yogurt skyr,10
DEU,hafer milc,10
DEU,pinza,10
DEU,gekoc,10
DEU,suge,10
DEU,zeo,10
DEU,salatgewürz,10
DEU,erdbu,10
DEU,jogurht,10
DEU,dinkel penne,10
DEU,rissoto,10
DEU,Dr pep,10
DEU,sweetpotato,10
DEU,unterhose,10
DEU,breadcru,10
DEU,nick nacks,10
DEU,latin,10
DEU,fleu,10
DEU,tadchen,10
DEU,klebeban,10
DEU,fleischsalat vegan,10
DEU,Ex,10
DEU,Fleish,10
DEU,brot toast,10
DEU,noi,10
DEU,aktivi,10
DEU,fertig geri,10
DEU,chocolate baking,10
DEU,feyza,10
DEU,erbsenpro,10
DEU,babaga,10
DEU,calli,10
DEU,hüttenkäse light,10
DEU,schweinefi,10
DEU,garle,10
DEU,mandeldri,10
DEU,chcolate,10
DEU,eier ge,10
DEU,wildlac,10
DEU,käsesa,10
DEU,toilet cl,10
DEU,zero ice,10
DEU,gavis,10
DEU,monch,10
DEU,vitamin b12,10
DEU,towst,10
DEU,shmand,10
DEU,Garnier,10
DEU,klost,10
DEU,lotenz,10
DEU,cooked chicken,10
DEU,karoffe,10
DEU,zitronwn,10
DEU,Prinzen,10
DEU,blonde,10
DEU,gemahlene Mandeln,10
DEU,späzi,10
DEU,papertowel,10
DEU,ceshew,10
DEU,feine we,10
DEU,Crem,10
DEU,Danone,10
DEU,kãse,10
DEU,beeries,10
DEU,hygen,10
DEU,rice vine,10
DEU,tomq,10
DEU,old Amsterdam,10
DEU,piri piri,10
DEU,heart,10
DEU,trüffelsalami,10
DEU,vanille e,10
DEU,ssl,10
DEU,always ultra,10
DEU,Harib,10
DEU,red bulll,10
DEU,kinder jo,10
DEU,lai,10
DEU,Kirchen,10
DEU,eohr,10
DEU,Sardi,10
DEU,jun,10
DEU,pinen,10
DEU,inkonti,10
DEU,glutenfrei burger,10
DEU,protein s,10
DEU,zarte haferflocken,10
DEU,salsc,10
DEU,weinblätt,10
DEU,Zylinder,10
DEU,bek,10
DEU,Mül,10
DEU,knorr sauce,10
DEU,brokkolini,10
DEU,vegan pudding,10
DEU,kokosmilch alpro,10
DEU,zataar,10
DEU,sünger,10
DEU,ofeffer,10
DEU,knusper m,10
DEU,Kräuterbag,10
DEU,Topfreiniger,10
DEU,lotus kekse,10
DEU,nacho chips,10
DEU,extr,10
DEU,harzerkäse,10
DEU,aei,10
DEU,haer,10
DEU,softd,10
DEU,rind fleisch,10
DEU,caman,10
DEU,h-mil,10
DEU,ku hen,10
DEU,noco,10
DEU,geroldsteiner,10
DEU,limetten saft,10
DEU,laktozsuz,10
DEU,aye,10
DEU,küchen tücher,10
DEU,lenot,10
DEU,waschtabs,10
DEU,Bisc,10
DEU,lactosfrei,10
DEU,trockene tomaten,10
DEU,kaffee insta,10
DEU,cabri,10
DEU,stulle,10
DEU,aenf,10
DEU,knoche,10
DEU,miel,10
DEU,corns,10
DEU,friit,10
DEU,topfschwamm,10
DEU,schokoladens,10
DEU,nudell,10
DEU,zuckerwürfel,10
DEU,auberginr,10
DEU,wc steine,10
DEU,Lauchzwiebel,10
DEU,proteinjoghurt,10
DEU,Fert,10
DEU,cocosmil,10
DEU,Ferrero Kinder Milchschnitte Schokoriegel,10
DEU,Zahnp,10
DEU,spja,10
DEU,Oliver,10
DEU,geschr,10
DEU,birt,10
DEU,vegetta,10
DEU,dove men,10
DEU,kräuter bu,10
DEU,lime jui,10
DEU,toats,10
DEU,white rice,10
DEU,salatkrön,9
DEU,oreal,9
DEU,Kola,9
DEU,fleckenentferner,9
DEU,kuchenmischung,9
DEU,feuchtes toilett,9
DEU,Hähnchenfleisch,9
DEU,grillko,9
DEU,tict,9
DEU,flecke,9
DEU,oatö,9
DEU,tamarinde,9
DEU,kiwi bio,9
DEU,Kaffee bohnen,9
DEU,luftschlangen,9
DEU,erber,9
DEU,zuckerarm,9
DEU,pfefe,9
DEU,wasser vilsa,9
DEU,Bague,9
DEU,basmari,9
DEU,wc papir,9
DEU,feutch,9
DEU,bio joghu,9
DEU,waas,9
DEU,Joghurt lakto,9
DEU,Tam,9
DEU,vollkorntoas,9
DEU,deo stick,9
DEU,cpla,9
DEU,gilde,9
DEU,chocho,9
DEU,Emmenta,9
DEU,weinschor,9
DEU,pilzw,9
DEU,bollo,9
DEU,jilet,9
DEU,greek yoghu,9
DEU,orichiette,9
DEU,Schwanger,9
DEU,plant based,9
DEU,käse am st,9
DEU,oatme,9
DEU,obstsal,9
DEU,ersbeere,9
DEU,Sonnenb,9
DEU,brausetabletten,9
DEU,baked po,9
DEU,philadephia,9
DEU,bitter sch,9
DEU,ballaststoff,9
DEU,chilen,9
DEU,reinger,9
DEU,wafl,9
DEU,samdw,9
DEU,flesch,9
DEU,griechische joghurt,9
DEU,pfefferminz tee,9
DEU,reinert,9
DEU,zupf,9
DEU,light mo,9
DEU,kadayi,9
DEU,schokoladenso,9
DEU,Nucao,9
DEU,joghurtdr,9
DEU,belg,9
DEU,warh,9
DEU,koni,9
DEU,apfelsadt,9
DEU,Bouillon,9
DEU,i e cream,9
DEU,madela,9
DEU,bale,9
DEU,engels,9
DEU,washing up liquid,9
DEU,lotus biscoff,9
DEU,gurke minze,9
DEU,mileam,9
DEU,cranberry juice,9
DEU,katofe,9
DEU,yayal,9
DEU,eis melone,9
DEU,bros,9
DEU,zitronell,9
DEU,Hanchen,9
DEU,alnatura tofu,9
DEU,baked besns,9
DEU,apfelrin,9
DEU,kalbsfond,9
DEU,chicken spices,9
DEU,Erdbeermilch,9
DEU,erot,9
DEU,milch arla,9
DEU,Green tea,9
DEU,carolina,9
DEU,zwiebel gewürz,9
DEU,haferfleks,9
DEU,nero,9
DEU,sahne 30,9
DEU,Einlagen,9
DEU,perrier,9
DEU,true f,9
DEU,acau,9
DEU,braune zucker,9
DEU,herts,9
DEU,reis kokos,9
DEU,api,9
DEU,küche rolle,9
DEU,shokolad,9
DEU,expr,9
DEU,feuchtucher,9
DEU,typ,9
DEU,blondierung,9
DEU,kokosnussmil,9
DEU,pasta souce,9
DEU,kabelbinder,9
DEU,asiatis,9
DEU,schoko muesli,9
DEU,lebron,9
DEU,marnelade,9
DEU,glossing,9
DEU,tomate mo,9
DEU,Marlboro g,9
DEU,verfallsdat,9
DEU,tom kha,9
DEU,Ede,9
DEU,getrocknete tomsten,9
DEU,margharita,9
DEU,tualet,9
DEU,bog,9
DEU,sot,9
DEU,Bockw,9
DEU,soupe,9
DEU,Mage,9
DEU,grate,9
DEU,pst,9
DEU,käse rewe,9
DEU,Wust,9
DEU,schmutzra,9
DEU,eingelegte gur,9
DEU,hähnchenbrusr,9
DEU,rain,9
DEU,lasagnep,9
DEU,fische,9
DEU,trinkmal,9
DEU,colora,9
DEU,Schafkäse,9
DEU,koriandersamen,9
DEU,mousse au,9
DEU,schach,9
DEU,müsi,9
DEU,metwurst,9
DEU,pizza ziegen,9
DEU,Hippo,9
DEU,hygienespül,9
DEU,sucuk vegan,9
DEU,putenaufschnitt,9
DEU,Masturbator,9
DEU,picoballa,9
DEU,Coca col,9
DEU,butter mil,9
DEU,citric acid,9
DEU,chm,9
DEU,pink grape,9
DEU,Katje,9
DEU,Aub,9
DEU,snow,9
DEU,alnatura waffel,9
DEU,Wiener würstchen,9
DEU,türkiscj,9
DEU,champingnon,9
DEU,oliven knoblauch,9
DEU,tomate frito,9
DEU,cen,9
DEU,schmelzkäse scheiben,9
DEU,apenzeller,9
DEU,sarto,9
DEU,green pe,9
DEU,tabasko,9
DEU,Kerrygold,9
DEU,volvox,9
DEU,sebze,9
DEU,brottru,9
DEU,Ketchu,9
DEU,tau,9
DEU,bläter,9
DEU,beana,9
DEU,piro,9
DEU,Hünchen,9
DEU,grüne sosse,9
DEU,streu k,9
DEU,snackpaprika,9
DEU,amicell,9
DEU,pror,9
DEU,hap,9
DEU,back k,9
DEU,garlic powd,9
DEU,food color,9
DEU,salami pi,9
DEU,backof,9
DEU,five guys,9
DEU,chicken ham,9
DEU,adv,9
DEU,mülltu,9
DEU,rindersal,9
DEU,vv,9
DEU,specl,9
DEU,Starbuck,9
DEU,allgäuer,9
DEU,tymi,9
DEU,vegtable,9
DEU,Mexican,9
DEU,beitel,9
DEU,chalo,9
DEU,caj,9
DEU,hachen,9
DEU,erbesen,9
DEU,Spitzkohl,9
DEU,women,9
DEU,spsskartoffel,9
DEU,toilet clea,9
DEU,youv,9
DEU,aptimel,9
DEU,ayo,9
DEU,eis am st,9
DEU,vegane bu,9
DEU,chips pa,9
DEU,Rübe,9
DEU,dosentomat,9
DEU,prinzenro,9
DEU,noce,9
DEU,icd,9
DEU,Majon,9
DEU,nudo,9
DEU,bio j,9
DEU,jalp,9
DEU,köse dip,9
DEU,coffee ice,9
DEU,reiswafel,9
DEU,weixh,9
DEU,Bio zitrone,9
DEU,fruchtg,9
DEU,Dessert soße,9
DEU,nuse,9
DEU,trollis,9
DEU,tvoro,9
DEU,Risotto,9
DEU,Alnatur,9
DEU,kaffef,9
DEU,mango jui,9
DEU,wasserf,9
DEU,empanada,9
DEU,apfelsho,9
DEU,hefr,9
DEU,clementinen,9
DEU,mandelmuß,9
DEU,kartoffel sala,9
DEU,puddimg,9
DEU,spicy ranch,9
DEU,gezr,9
DEU,w5,9
DEU,park,9
DEU,snoo,9
DEU,Aufstr,9
DEU,würstchen gefl,9
DEU,ahornsiru,9
DEU,rahm sauce,9
DEU,nur noch kurz haltbar,9
DEU,nudeln rewe,9
DEU,freche Freunde,9
DEU,redu,9
DEU,hobig,9
DEU,cheese sau,9
DEU,kiezmische,9
DEU,Maismehl,9
DEU,klostei,9
DEU,Schn,9
DEU,enzym,9
DEU,Soft,9
DEU,grilled cheese,9
DEU,cheese mo,9
DEU,beanz,9
DEU,latzen,9
DEU,fisch so,9
DEU,sny,9
DEU,terryaki,9
DEU,crunchi,9
DEU,rewe bio schokolade,9
DEU,knoblauchsosse,9
DEU,Nudeln vollkorn,9
DEU,spruf,9
DEU,kirchener,9
DEU,nom,9
DEU,eose,9
DEU,bras,9
DEU,PIZZA,9
DEU,kraeuter,9
DEU,kc,9
DEU,Zwiebelringe,9
DEU,water ja,9
DEU,kojo,9
DEU,mahnum,9
DEU,vanille j,9
DEU,blumener,9
DEU,waldbeere,9
DEU,Getrocknete Tomaten,9
DEU,gs,9
DEU,suh,9
DEU,Knoblauchbaguette,9
DEU,microfibre,9
DEU,kross,9
DEU,Kartoffelchips,9
DEU,schokostücke,9
DEU,lemon water,9
DEU,aoeste,9
DEU,lih,9
DEU,soyaso,9
DEU,hinbeer,9
DEU,mem,9
DEU,vy,9
DEU,berna,9
DEU,bua,9
DEU,basilikum pesto,9
DEU,Laktosefreie Sahne,9
DEU,mais chip,9
DEU,fairplay,9
DEU,cheese st,9
DEU,Sahne bio,9
DEU,harfer,9
DEU,mussel,9
DEU,charlot,9
DEU,every meal,9
DEU,alpro meal,9
DEU,geiech,9
DEU,kaee,9
DEU,eis pista,9
DEU,lor peyniri,9
DEU,einwegha,9
DEU,coco cola,9
DEU,milkis,9
DEU,silicon lube,9
DEU,kea,9
DEU,goldkrone,9
DEU,massage oil,9
DEU,dish w,9
DEU,6x1,9
DEU,capsicu,9
DEU,apfelschrole,9
DEU,wasser class,9
DEU,cocnut milk,9
DEU,saft mara,9
DEU,cheader,9
DEU,wein bio,9
DEU,eiwürfel,9
DEU,nüsse ungesalzen,9
DEU,feuchte toi,9
DEU,heidelberr,9
DEU,eiswürfel form,9
DEU,käse wurfel,9
DEU,toiletpap,9
DEU,spezi ze,9
DEU,Kok,9
DEU,Schokolade 85,9
DEU,Balsa,9
DEU,barrila,9
DEU,mozatella,9
DEU,pasza,9
DEU,red pe,9
DEU,mox,9
DEU,shee,9
DEU,Eierkuchen,9
DEU,käse v,9
DEU,Teigtaschen,9
DEU,bones,9
DEU,Mö,9
DEU,Din,9
DEU,mr low,9
DEU,fischtä,9
DEU,katten,9
DEU,yag,9
DEU,wster,9
DEU,limonaden,9
DEU,geröst,9
DEU,puz,9
DEU,mini gurk,9
DEU,peanutbu,9
DEU,ei salat,9
DEU,Knoblauchbutter,9
DEU,tow,9
DEU,einweghan,9
DEU,Bolo,9
DEU,zigarreten,9
DEU,trüffel öl,9
DEU,schokoros,9
DEU,toet,9
DEU,squ,9
DEU,Cranberrys,9
DEU,badili,9
DEU,tomTe,9
DEU,vollkorn wraps,9
DEU,geriebener mo,9
DEU,creme v,9
DEU,apfel kompott,9
DEU,lunter,9
DEU,feichtt,9
DEU,tassen,9
DEU,fish stick,9
DEU,mcdonalds,9
DEU,oranfe,9
DEU,Pumpkin,9
DEU,more si,9
DEU,rosinenb,9
DEU,groundnut,9
DEU,schoko fr,9
DEU,micellar,9
DEU,cocaco,9
DEU,sharf,9
DEU,Joghut,9
DEU,musli bar,9
DEU,e-zig,9
DEU,vanillequark,9
DEU,Sinat,9
DEU,italienisches gemüse,9
DEU,alnatura pi,9
DEU,Thunfisc,9
DEU,kircherer,9
DEU,butter chic,9
DEU,contr,9
DEU,tue,9
DEU,sahne veg,9
DEU,brulee,9
DEU,goat c,9
DEU,froot,9
DEU,asia nudel,9
DEU,spülmaschinent,9
DEU,sterni,9
DEU,popcornmais,9
DEU,bagguette,9
DEU,monter,9
DEU,tomaten gesch,9
DEU,pestl,9
DEU,quark lactose,9
DEU,gauder,9
DEU,Fleischwu,9
DEU,hafer vanille,9
DEU,magnum ve,9
DEU,tortilla chi,9
DEU,rosienen,9
DEU,brot burger,9
DEU,basen,9
DEU,rote bohn,9
DEU,mozzarelka,9
DEU,gucamole,9
DEU,primavera,9
DEU,ketchup ja,9
DEU,yoghurt alnatura,9
DEU,rinderhackflei,9
DEU,pizzatomaten,9
DEU,rote l,9
DEU,ppa,9
DEU,hand cream,9
DEU,red wine vin,9
DEU,spulmaschine,9
DEU,nn,9
DEU,blauschimme,9
DEU,water filter,9
DEU,ayan,9
DEU,rhabarb,9
DEU,denkmit,9
DEU,teocken,9
DEU,hanchrn,9
DEU,milbona,9
DEU,kreuterbutter,9
DEU,wieer,9
DEU,khol,9
DEU,tabo,9
DEU,weißer pfeffer,9
DEU,gestückel,9
DEU,wun,9
DEU,Wild Berry,9
DEU,johani,9
DEU,laktosefreie m,9
DEU,maelzer,9
DEU,bw,9
DEU,rote grutze,9
DEU,Mir,9
DEU,softdri,9
DEU,zero su,9
DEU,pasta sosse,9
DEU,Thai curry,9
DEU,oragina,9
DEU,tiefkühl spinat,9
DEU,kres,9
DEU,gummis,9
DEU,milch fri,9
DEU,alnatura scho,9
DEU,zeei,9
DEU,rote p,9
DEU,omega3,9
DEU,froster,9
DEU,nocellara,9
DEU,pizzam,9
DEU,retert,9
DEU,brw,9
DEU,dry tonic,9
DEU,haarw,9
DEU,vegane bratwurst,9
DEU,vegan schok,9
DEU,einweg hand,9
DEU,blue che,9
DEU,sauce vegan,9
DEU,jpg,9
DEU,mäuse,9
DEU,weisse bo,9
DEU,movhi,9
DEU,Mozzarella st,9
DEU,bk,9
DEU,erfris,9
DEU,tsaz,9
DEU,himberee,9
DEU,streak,9
DEU,fuschgel,9
DEU,schinken pute,9
DEU,rezz,9
DEU,terrera,9
DEU,augenmaske,9
DEU,Parmesan gerieben,9
DEU,erden,9
DEU,haselnuss creme,9
DEU,acid,9
DEU,amarula,9
DEU,jem,9
DEU,christ,9
DEU,cigarr,9
DEU,Gelbwurst,9
DEU,WC stein,9
DEU,edammer,9
DEU,snackkarotten,9
DEU,frischkäse lakto,9
DEU,speiße,9
DEU,protein bre,9
DEU,wurstche,9
DEU,haar farbe,9
DEU,ja mineral,9
DEU,maulw,9
DEU,zigaretten ma,9
DEU,soja yogurt,9
DEU,bacn,9
DEU,Parmesankäse,9
DEU,strati,9
DEU,buag,9
DEU,pizza brö,9
DEU,conr,9
DEU,frischkäse doppelrahm,9
DEU,aufbacksemmeln,9
DEU,kokos chips,9
DEU,kha,9
DEU,wusrk,9
DEU,wurst ve,9
DEU,nachfüll,9
DEU,Spaghetti Bolognese,9
DEU,rinder wurst,9
DEU,ibero,9
DEU,bearnaise,9
DEU,gozda,9
DEU,barri,9
DEU,pesto geno,9
DEU,Eiswürfeln,9
DEU,organensaft,9
DEU,Milch 1.5,9
DEU,evg,9
DEU,light soße,9
DEU,alnatura zucker,9
DEU,zimt gewürz,9
DEU,capsic,9
DEU,joghurt veg,9
DEU,cornis,9
DEU,parboiled rice,9
DEU,spreelinge,9
DEU,Pesto vegan,9
DEU,ramem,9
DEU,Maultasche,9
DEU,magee,9
DEU,champinon,9
DEU,gran pa,9
DEU,honigmelon,9
DEU,thunfisch in,9
DEU,wrbsen,9
DEU,susa,9
DEU,Stieleis,9
DEU,tiefkühlkost,9
DEU,colaa,9
DEU,stückige to,9
DEU,Zigaret,9
DEU,Coffee beans,9
DEU,sambal olek,9
DEU,quese,9
DEU,Eis vanille,9
DEU,cinnamo,9
DEU,plize,9
DEU,node,9
DEU,panni,9
DEU,innenf,9
DEU,knopfzelle,9
DEU,scn,9
DEU,grisc,9
DEU,chrem,9
DEU,aufschnutt,9
DEU,wein süss,9
DEU,kaffee kon,9
DEU,vacon,9
DEU,saife,9
DEU,bad reini,9
DEU,sekt halbtrocken,9
DEU,cup cake,9
DEU,bolognese vegan,9
DEU,spülschwämme,9
DEU,kuchen roll,9
DEU,Nest,9
DEU,salami sticks geflügel,9
DEU,lauvh,9
DEU,brphe,9
DEU,passta,9
DEU,ja choco,9
DEU,windeln 5,9
DEU,chian,9
DEU,Eistee Zitrone,9
DEU,musi,9
DEU,spzi,9
DEU,bebev,9
DEU,pangasi,9
DEU,nutella cro,9
DEU,q-t,9
DEU,pizzameh,9
DEU,"Bier 5,",9
DEU,2 in 1,9
DEU,Limon,9
DEU,enth,9
DEU,buchstabennudeln,9
DEU,proteinbrö,9
DEU,rimd,9
DEU,Kebab,9
DEU,zwiebwl,9
DEU,pampers 2,9
DEU,kolr,9
DEU,ayt,9
DEU,cornflakes ja,9
DEU,klopappier,9
DEU,Pretzel,9
DEU,vollkorn nu,9
DEU,Mulch,9
DEU,geflug,9
DEU,earbuds,9
DEU,mashed po,9
DEU,lucky strik,9
DEU,sandwich meat,9
DEU,frishe,9
DEU,picl,9
DEU,reis oryza,9
DEU,Mandeldrink,9
DEU,rohrohr,9
DEU,chicken drum,9
DEU,vam,9
DEU,dorschleber,9
DEU,cabona,9
DEU,frozen yo,9
DEU,jaeger,9
DEU,Wasser Kohlensäure,9
DEU,kartoffel ecken,9
DEU,möwe,9
DEU,bbq s,9
DEU,büffelmozzarella,9
DEU,sandwoch,9
DEU,katzensticks,9
DEU,geschnetzelt,9
DEU,gemüse stäbchen,9
DEU,geflugel salami,9
DEU,Bresso,9
DEU,ove,9
DEU,chicken l,9
DEU,riley,9
DEU,Ange,9
DEU,eiweisbr,9
DEU,butter gemu,9
DEU,vivi,9
DEU,brotpapier,9
DEU,hf,9
DEU,schokolade milch,9
DEU,nişasta,9
DEU,kirsh,9
DEU,lilo,9
DEU,sourdou,9
DEU,senf dijon,9
DEU,hege,9
DEU,nuggetd,9
DEU,Zeit fü,9
DEU,amarican,9
DEU,roy kombucha,9
DEU,holzko,9
DEU,strings,9
DEU,aka,9
DEU,griechischer yog,9
DEU,stikado,9
DEU,gebraten,9
DEU,badreinig,9
DEU,green olive,9
DEU,comfort,9
DEU,senfgurk,9
DEU,humnus,9
DEU,stie,9
DEU,linzen,9
DEU,Tm,9
DEU,elma suyu,9
DEU,petet,9
DEU,frischläs,9
DEU,trockener,9
DEU,beyond me,9
DEU,burgr,9
DEU,Joghurt mit der Ecke,9
DEU,Kreatin,9
DEU,arabisch brot,9
DEU,fabric soft,9
DEU,playmo,9
DEU,colesla,9
DEU,Protein wrap,9
DEU,Ohrstöpsel,9
DEU,Rouladen,9
DEU,schwarzkümm,9
DEU,Espress,9
DEU,gurjen,9
DEU,kunafa,9
DEU,iquos,9
DEU,donor,9
DEU,bienenst,9
DEU,boos,9
DEU,cr20,9
DEU,arabisc,9
DEU,Wurdt,9
DEU,guaka,9
DEU,frosra,9
DEU,baby milk,9
DEU,brli,9
DEU,wasser koh,9
DEU,kaffe filter,9
DEU,kuvertür,9
DEU,sxhwamm,9
DEU,kräuter gefroren,9
DEU,säft,9
DEU,pid,9
DEU,8 kräuter,9
DEU,vanilla paste,9
DEU,okiv,9
DEU,Quäse,9
DEU,chicken masala,9
DEU,skt,9
DEU,Scheiben käse,9
DEU,thermos,9
DEU,störtebeker,9
DEU,mundwass,9
DEU,spanische,9
DEU,erdinger alko,9
DEU,frozen p,9
DEU,red bell,9
DEU,tabsk,9
DEU,barista mandel,9
DEU,pombäre,9
DEU,letzt,9
DEU,früchte tk,9
DEU,gezränke,9
DEU,pancka,9
DEU,eis t,9
DEU,puddig,9
DEU,joghurt lactosefrei,9
DEU,mettwur,9
DEU,grüh,9
DEU,cola orange,9
DEU,hanchen brust,9
DEU,heiler,9
DEU,rewe wa,9
DEU,knoblauch so,9
DEU,Flohsamenschalen,9
DEU,süssungsmittel,9
DEU,Wasser.,9
DEU,Mühle,9
DEU,grenad,9
DEU,herung,9
DEU,elst,9
DEU,suo,9
DEU,garlic mayo,9
DEU,soure cream,9
DEU,Passierte tomaten,9
DEU,fanz,9
DEU,siup,9
DEU,homus,9
DEU,pinn,9
DEU,barbecu,9
DEU,ueltje,9
DEU,bio frisch,9
DEU,sahne hafer,9
DEU,alpro ohne,9
DEU,fanr,9
DEU,siro,9
DEU,pfiffe,9
DEU,kakaon,9
DEU,no mil,9
DEU,spezu,9
DEU,OB,9
DEU,walnusseis,9
DEU,soda strea,9
DEU,mezca,9
DEU,kaffeem,9
DEU,kaninchen,9
DEU,pomodo,9
DEU,pomogra,9
DEU,hojicha,9
DEU,Zart,9
DEU,medit,9
DEU,Dates,9
DEU,Cordon,9
DEU,redbukk,9
DEU,klare brühe,9
DEU,naggets,9
DEU,sheimps,9
DEU,sosis halal,9
DEU,bean sprouts,9
DEU,geschenkpapi,9
DEU,energy vodka,9
DEU,cec,9
DEU,Pil,9
DEU,mango yo,9
DEU,reses,9
DEU,coffee gemahlen,9
DEU,alpro man,9
DEU,alter,9
DEU,hà,9
DEU,birthday candle,9
DEU,q-tips,9
DEU,jofh,9
DEU,häjnchen,9
DEU,veeb,9
DEU,cookied,9
DEU,katzeb,9
DEU,Brezen,9
DEU,cigga,9
DEU,"Wasser 1,5",9
DEU,Tir,9
DEU,salmom,9
DEU,ananas juice,9
DEU,papagei,9
DEU,bours,9
DEU,marlboro tabak,9
DEU,kartoffelgr,9
DEU,cedric,9
DEU,"1,5 milch",9
DEU,apfelschorlr,9
DEU,putzm,9
DEU,leger,9
DEU,veganer parmesan,9
DEU,contact lens,9
DEU,kotelett,9
DEU,cream of coconut,9
DEU,Radi,9
DEU,gies,9
DEU,chilli bohnen,9
DEU,profi,9
DEU,äh,9
DEU,puful,9
DEU,fleischtoma,9
DEU,geschirrspülta,9
DEU,rewe wasse,9
DEU,kovh,9
DEU,Chester,9
DEU,Zew,9
DEU,filets,9
DEU,orie,9
DEU,öa,9
DEU,mädchen,9
DEU,sahnehe,9
DEU,freddy,9
DEU,zeit fuer brot,9
DEU,marr,9
DEU,bananan,9
DEU,sherry essig,9
DEU,löwe,9
DEU,griesbr,9
DEU,tull,9
DEU,eierwaffeln,9
DEU,chicken stripes,9
DEU,rice wine,9
DEU,grues,9
DEU,Gefrier,9
DEU,yougurette,9
DEU,alnatura frischkäse,9
DEU,streichhölzer,9
DEU,kräuterseitlinge,9
DEU,my muesli,9
DEU,Nuts,9
DEU,nivea seife,9
DEU,mala,9
DEU,erbden,9
DEU,sahne lactose,9
DEU,sirup zuckerfrei,9
DEU,marshmall,9
DEU,laktoseftei,9
DEU,swet,9
DEU,yeni,9
DEU,tomatto,9
DEU,ofenkäae,9
DEU,non alcoholic beer,9
DEU,spülbü,9
DEU,harze,9
DEU,eistee vol,9
DEU,kindersnack,9
DEU,Eistee Pfirsich,9
DEU,tand,9
DEU,maybac,9
DEU,toiltten,9
DEU,höni,9
DEU,wasser apfel,9
DEU,desinfektionsspray,9
DEU,nüsde,9
DEU,alpro yoghurt,9
DEU,greek yogur,9
DEU,fish sau,9
DEU,Hühnerbr,9
DEU,chipsfri,9
DEU,kirschpap,9
DEU,tintenf,9
DEU,currys,9
DEU,vimto,9
DEU,pey,9
DEU,brot körner,9
DEU,chicpeas,9
DEU,kokosmilch barista,9
DEU,kekes,9
DEU,feuchte all,9
DEU,zor,9
DEU,vegan chi,9
DEU,sain,9
DEU,Leberkä,9
DEU,bacon chips,9
DEU,kogh,9
DEU,windeln pants,9
DEU,vanilla milch,9
DEU,Eco,9
DEU,smoth,9
DEU,gefriertüten,9
DEU,Brauner Zucker,9
DEU,erdbeer marme,9
DEU,Lei,9
DEU,uewa,9
DEU,gemisc,9
DEU,egg noodles,9
DEU,faji,9
DEU,gefrorene bee,9
DEU,rasierschau,9
DEU,san pelegri,9
DEU,yaylq,9
DEU,frico,9
DEU,Knäc,9
DEU,Platt,9
DEU,terea am,9
DEU,Shane,9
DEU,brn,9
DEU,jaa,9
DEU,st pell,9
DEU,vanille extr,9
DEU,tonatenmark,9
DEU,laca,9
DEU,Icecream,9
DEU,kyr,9
DEU,Mus,9
DEU,augar,9
DEU,vinig,9
DEU,eck,9
DEU,gefriert,9
DEU,teewurst vegan,9
DEU,Sauerkirsche,9
DEU,vegan protein bar,9
DEU,alnatura nüsse,9
DEU,"milch 3,",9
DEU,ahampoo,9
DEU,benn,9
DEU,verstopfung,9
DEU,ras el hanout,9
DEU,tomot,9
DEU,schmelzkäsescheiben,9
DEU,joghuet,9
DEU,Pud,9
DEU,sandd,9
DEU,redis,9
DEU,extra kaugummi,9
DEU,mens,9
DEU,Burger brötchen,9
DEU,pasta noodles,9
DEU,dopio passo,9
DEU,flups,9
DEU,mirree,9
DEU,peri peri,9
DEU,hand creme,9
DEU,milchmad,9
DEU,kloste,9
DEU,polni,9
DEU,Guac,9
DEU,mini brezel,9
DEU,zera,9
DEU,unsalted,9
DEU,wrap pro,9
DEU,Trockenfrüchte,9
DEU,dog bags,9
DEU,Rote zwiebel,9
DEU,mell,9
DEU,karof,9
DEU,prossec,9
DEU,eis wasser,9
DEU,alrp,9
DEU,gatorad,9
DEU,ogx,9
DEU,Mandelmehl,9
DEU,wiesenhif,9
DEU,santa,9
DEU,kolonya,9
DEU,harin,9
DEU,sushir,9
DEU,Weichweizengrieß,9
DEU,krosse kerle,9
DEU,compte,9
DEU,salciccia,9
DEU,enthaar,9
DEU,bananna,9
DEU,roegel,9
DEU,milka schoko,9
DEU,tiefgekühlt,9
DEU,Knoblauchpulver,9
DEU,bio cherry,9
DEU,krönung,9
DEU,prong,9
DEU,zero limo,9
DEU,vollkorn br,9
DEU,papierrolle,9
DEU,Lebkuchen,9
DEU,cucuk,9
DEU,schneidebrett,9
DEU,holond,9
DEU,camonbert,9
DEU,cerela,9
DEU,Campari,9
DEU,Holl,9
DEU,birthday card,9
DEU,oliven rewe,9
DEU,gryer,9
DEU,pou,9
DEU,jl,9
DEU,yogurt 0,9
DEU,helv,9
DEU,washing soap,9
DEU,lobster,9
DEU,Yogurette,9
DEU,apfelsaft klar,9
DEU,filegro,9
DEU,maxi k,9
DEU,käsesche,9
DEU,reisk,9
DEU,trr,9
DEU,vanille paste,9
DEU,hirtensalat,9
DEU,monster zer,9
DEU,mannose,9
DEU,hafermeh,9
DEU,naschi,9
DEU,fetakä,9
DEU,zitrus,9
DEU,hot dog buns,9
DEU,mayo l,9
DEU,waldme,9
DEU,gefrorenes gemüse,9
DEU,teppichreiniger,9
DEU,tillman,9
DEU,muellbeutel,9
DEU,snacksalami,9
DEU,Pastrami,9
DEU,cheese protein,9
DEU,every vegan,9
DEU,beand,9
DEU,maika,9
DEU,grüne linsen,9
DEU,frische käse,9
DEU,tomatensugo,9
DEU,zero co,9
DEU,natsu,9
DEU,gericht,9
DEU,rosew,9
DEU,WC ente,9
DEU,mais mehl,9
DEU,"Wasser 0,5",9
DEU,aseton,9
DEU,brotbelag,9
DEU,always maxi,9
DEU,fleischp,9
DEU,Kartoffelgratin,9
DEU,hafer fl,9
DEU,isador,9
DEU,btter,9
DEU,dinkel spaghetti,9
DEU,yoghurt natur,9
DEU,vannile,9
DEU,Apri,9
DEU,chilliflo,9
DEU,fitn,9
DEU,nori blätter,9
DEU,Buld,9
DEU,furikake,9
DEU,huttenk,9
DEU,1 l,9
DEU,coconut drink,9
DEU,brustf,9
DEU,cola ch,9
DEU,granad,9
DEU,teramis,9
DEU,ja zitrone,9
DEU,Abfluss,9
DEU,bibig,9
DEU,Majonaise,9
DEU,Datte,9
DEU,Gurke bio,9
DEU,ja schinken,9
DEU,doppelkorn,9
DEU,wachte,9
DEU,volvc,9
DEU,kaluha,9
DEU,sojajoghu,9
DEU,salami stivks,9
DEU,soja Joghurt,9
DEU,koriandr,9
DEU,houmous,9
DEU,loop,9
DEU,goulasch,9
DEU,buscopan,9
DEU,choy,9
DEU,Pizza t,9
DEU,hafermlich,9
DEU,skyr lakto,9
DEU,veuve,9
DEU,erdbeer mar,9
DEU,Rosemary,9
DEU,fredi,9
DEU,ritter sp,9
DEU,baked chips,9
DEU,hietenkäse,9
DEU,Käsesauce,9
DEU,airways,9
DEU,gett,9
DEU,fischstäbchem,9
DEU,dish soa,9
DEU,wasser spri,9
DEU,granu,9
DEU,kalu,9
DEU,whole wheat flour,9
DEU,pueblo blau,9
DEU,ted bull,9
DEU,Vitamine,9
DEU,cola coca,9
DEU,cauliflower rice,9
DEU,vegan mi,9
DEU,backpapirr,9
DEU,rotwein bio,9
DEU,mineralwasser spr,9
DEU,dillsauce,9
DEU,hwiebeln,9
DEU,ernussbutter,9
DEU,cream chese,9
DEU,mymüsli,9
DEU,ingwar,9
DEU,hähbchen,9
DEU,poa,9
DEU,sundried tomatoes,9
DEU,chocolate c,9
DEU,flax seeds,9
DEU,perr,9
DEU,süss sauer so,9
DEU,sigaret,9
DEU,vogur,9
DEU,bio zentrale,9
DEU,dinkeltoa,9
DEU,schwib,9
DEU,bratwurst bio,9
DEU,zas,9
DEU,vital fit,9
DEU,ors,9
DEU,Rewe Beste,9
DEU,kocherer,9
DEU,kitchen r,9
DEU,passierte tomateb,9
DEU,Paul,9
DEU,eiswürfelb,9
DEU,petersill,9
DEU,buggles,9
DEU,aufback b,9
DEU,streichfett,9
DEU,saucy,9
DEU,skyr käse,9
DEU,insec,9
DEU,Kokosmil,9
DEU,Eiweis,9
DEU,korniger frischkase,9
DEU,Sr,9
DEU,kitchen pa,9
DEU,thunfisch dose,9
DEU,Sojas,9
DEU,ja! zero,9
DEU,croas,9
DEU,harry vital,9
DEU,alnatura b,9
DEU,jim b,9
DEU,schokonüsse,9
DEU,vollmilc,9
DEU,ingwershots,9
DEU,Ein,9
DEU,natumi,9
DEU,peanut but,9
DEU,zahnpsta,9
DEU,verpackung,9
DEU,Ja t,9
DEU,zg,9
DEU,Spicy,9
DEU,cartof,9
DEU,al pastor,9
DEU,Camlica,9
DEU,Milch h,9
DEU,duppe,9
DEU,reibeka,9
DEU,Joghurt ja,9
DEU,gebäckstangen,9
DEU,pizzasosse,9
DEU,kopie,9
DEU,toilet papper,9
DEU,gouda gerie,9
DEU,bio kar,9
DEU,manel,9
DEU,Dinkel toast,9
DEU,Came,9
DEU,alnatyra,9
DEU,vanilla pudding,9
DEU,wein halbtrocken,9
DEU,elster,9
DEU,cocktailsau,9
DEU,Aio,9
DEU,soja alnatura,9
DEU,chillip,9
DEU,schokoau,9
DEU,foto,9
DEU,American s,9
DEU,chrispy,9
DEU,pepper paste,9
DEU,johgur,9
DEU,bavari,9
DEU,hindefutter,9
DEU,plive,9
DEU,oatlu,9
DEU,mönchs,9
DEU,weichwe,9
DEU,kaffee boh,9
DEU,stecker,9
DEU,mühlenkölsch,9
DEU,bardak,9
DEU,basmathi,9
DEU,reis alnatura,9
DEU,crumbs,9
DEU,yohu,9
DEU,strauchtomaten,9
DEU,charlott,9
DEU,zahbpasta,9
DEU,Ben Jerry,9
DEU,buttwe,9
DEU,kirsch banane,9
DEU,schweinena,9
DEU,Bier alk,9
DEU,fruchtauf,9
DEU,sirup more,9
DEU,Frischkäs,9
DEU,hafer brot,9
DEU,Candy,9
DEU,Toilettepapier,9
DEU,mashro,9
DEU,schlagsahne laktosefrei,9
DEU,wta,9
DEU,fritz apfel,9
DEU,erkältungsb,9
DEU,strec,9
DEU,Pickel,9
DEU,lq,9
DEU,tobak,9
DEU,ice pop,9
DEU,kinder duschgel,9
DEU,instat,9
DEU,lemon so,9
DEU,Durstl,9
DEU,schwarze oli,9
DEU,Garn,9
DEU,mülk,9
DEU,Muscheln,9
DEU,marinated chicken,9
DEU,augenbrau,9
DEU,ya ummi,9
DEU,wet w,9
DEU,eiz,9
DEU,Apple juice,9
DEU,mexomix,9
DEU,fererro,9
DEU,Kürbisk,9
DEU,soda wasser,9
DEU,this i,9
DEU,Fuß,9
DEU,Pink lady,9
DEU,leipn,9
DEU,hokaido,9
DEU,spins,9
DEU,tedbull,9
DEU,smint,9
DEU,mashroo,9
DEU,egan,9
DEU,mhd,9
DEU,pfirsixh,9
DEU,kochcrem,9
DEU,soülmittel,9
DEU,paproka,9
DEU,komden,9
DEU,yorg,9
DEU,süßrahm,9
DEU,tyre,9
DEU,sojajogurt,9
DEU,more p,9
DEU,protein bat,9
DEU,Ayr,9
DEU,ölsardinen,9
DEU,wischlappen,9
DEU,Wlhelm,9
DEU,schnecken,9
DEU,Weintra,9
DEU,rice nood,9
DEU,sinat,9
DEU,quarkriegel,9
DEU,yaourt,9
DEU,käse am Stück,9
DEU,terry,9
DEU,wiswürfel,9
DEU,sandeich,9
DEU,toothpicks,9
DEU,Saz,9
DEU,granatapfelker,9
DEU,fabe,9
DEU,klöss,9
DEU,käsebrö,9
DEU,Mao,9
DEU,sushirei,9
DEU,sara,9
DEU,vegane Sahne,9
DEU,pork loin,9
DEU,vanille si,9
DEU,Chil,9
DEU,käsespätzle,9
DEU,lucky stri,9
DEU,fadennu,9
DEU,kreatine,9
DEU,currypas,9
DEU,durstlösch,9
DEU,Gut,9
DEU,binen,9
DEU,beens,9
DEU,red chili,9
DEU,gurkin,9
DEU,Flour,9
DEU,frisvhk,9
DEU,bambina,9
DEU,Nassfutter,9
DEU,protein Riegel,9
DEU,pott,9
DEU,käse Aufschnitt,9
DEU,mais ja,9
DEU,mozzarells,9
DEU,dish so,9
DEU,Mushroom,9
DEU,lebensm,9
DEU,pomi,9
DEU,weißer rum,9
DEU,clif bar,9
DEU,pfifferling,9
DEU,kakaobutter,9
DEU,zwiebel tk,9
DEU,gesx,9
DEU,San ca,9
DEU,trufel,9
DEU,hummua,9
DEU,kinderschok,9
DEU,graham,9
DEU,alnatura oliven,9
DEU,protein cookie,9
DEU,milk lac,9
DEU,Fischs,9
DEU,ersnüsse,9
DEU,fisj,9
DEU,malbori,9
DEU,wasser atill,9
DEU,kidney bo,9
DEU,200,9
DEU,low calo,9
DEU,Pringle,9
DEU,Nivea men,9
DEU,caje,9
DEU,milka creme,9
DEU,Schattenmorellen,9
DEU,Schere,9
DEU,blood orange,9
DEU,humi,9
DEU,veganes mett,9
DEU,kanao,9
DEU,extaler,9
DEU,balan,9
DEU,Heidelbe,9
DEU,paper kitchen,9
DEU,waschmittel tabs,9
DEU,käse gau,9
DEU,Wis,9
DEU,minced m,9
DEU,ear bud,9
DEU,vegan kä,9
DEU,scale,9
DEU,hagelzucker,9
DEU,gefrorene himb,9
DEU,layd,9
DEU,korkenzieher,9
DEU,ellin,9
DEU,Zeit für b,9
DEU,aifschnitt,9
DEU,eiweiss toast,9
DEU,kaffee g,9
DEU,vollkorntoa,9
DEU,wein a,9
DEU,müllermilc,9
DEU,soy yogurt,9
DEU,chilli con ca,9
DEU,Spitz,9
DEU,röt,9
DEU,gurken eingelegt,9
DEU,eis hörnchen,9
DEU,brasilien,9
DEU,Vi,9
DEU,curryke,9
DEU,coto,9
DEU,seku,9
DEU,senfgur,9
DEU,rinderwürstchen,9
DEU,jr,9
DEU,mini burger,9
DEU,"0,0%",9
DEU,quetschis,9
DEU,grs,9
DEU,männer,9
DEU,ziz,9
DEU,gp,9
DEU,frenc,9
DEU,gerkin,9
DEU,staw,9
DEU,vinigar,9
DEU,popcorn sa,9
DEU,fann,9
DEU,innenbrust,9
DEU,rugenwal,9
DEU,Nek,9
DEU,chiki,9
DEU,Weidemilch,9
DEU,Bla,9
DEU,tinned tomato,9
DEU,brötchr,9
DEU,emmenthal,9
DEU,barilla sauce,9
DEU,friesch,9
DEU,geflügel wü,9
DEU,havkflei,9
DEU,brokil,9
DEU,sauersa,9
DEU,schwimmwindeln,9
DEU,frite,9
DEU,ofen k,9
DEU,bulaşık deterjanı,9
DEU,Frühlin,9
DEU,Ed,9
DEU,Watermelon,9
DEU,nide,9
DEU,11,9
DEU,fril,9
DEU,chilli ch,9
DEU,cooking cre,9
DEU,gulaschs,9
DEU,eingeleg,9
DEU,tiefgefro,9
DEU,buschbohnen,9
DEU,Prosciutto,9
DEU,"Alnatura Joghurt Kokos Natur, vegan, bio, 400 g",9
DEU,frits,9
DEU,frozen salmon,9
DEU,vegane snacks,9
DEU,chsmp,9
DEU,vemondo,9
DEU,ben un,9
DEU,tarragon,9
DEU,tufo,9
DEU,Wasser mit geschmack,9
DEU,schokorosi,9
DEU,capry,9
DEU,Flo,9
DEU,mevg,9
DEU,mulka,9
DEU,Kartoffelstärke,9
DEU,kusche,9
DEU,nectari,9
DEU,tann,9
DEU,atlantik,9
DEU,Joghurt griechisch,9
DEU,lave,9
DEU,thunfischsalat,9
DEU,vegan grill,9
DEU,mi nudeln,9
DEU,bugette,9
DEU,Rolle,9
DEU,rindersala,9
DEU,kreme,9
DEU,cucumis,9
DEU,nasch,9
DEU,matches,9
DEU,vegetarischer,9
DEU,erytr,9
DEU,ja wa,9
DEU,Porri,9
DEU,mocc,9
DEU,elef,9
DEU,bread sandwich,9
DEU,back pulver,9
DEU,rhabab,9
DEU,efe,9
DEU,olicen,9
DEU,schlagfix,9
DEU,tiramissu,9
DEU,taco seas,9
DEU,flaschenbürste,9
DEU,tait,9
DEU,petre,9
DEU,hähnchengeschnetzeltes,9
DEU,eisbeu,9
DEU,Joghurt lakt,9
DEU,cola paulaner,9
DEU,aufachnitt,9
DEU,zu k,9
DEU,bageutte,9
DEU,knoblaucg,9
DEU,raspber,9
DEU,konditor,9
DEU,vegane sahn,9
DEU,waffel eis,9
DEU,fettucc,9
DEU,Yufka,9
DEU,wasserb,9
DEU,blackberr,9
DEU,bananen saft,9
DEU,wolt markt,9
DEU,slaami,9
DEU,pülleken,9
DEU,yaummi,9
DEU,chapi,9
DEU,neapo,9
DEU,käse til,9
DEU,Yogh,9
DEU,nagelpf,9
DEU,sigarette,9
DEU,hähnchensteak,9
DEU,henessy,9
DEU,Wärmflasche,9
DEU,badekugel,9
DEU,moisturiser,9
DEU,Knorr fix,9
DEU,zuchinn,9
DEU,hack ve,9
DEU,fettarmer,9
DEU,Ya,9
DEU,pizza g,9
DEU,worche,9
DEU,bio erd,9
DEU,Gemüsesuppe,9
DEU,pedi,9
DEU,sonnenblumeno,9
DEU,beyond mest,9
DEU,chantr,9
DEU,eritr,9
DEU,melantonin,9
DEU,cheesw,9
DEU,ready made,9
DEU,tomato bio,9
DEU,kâ,9
DEU,mango pulp,9
DEU,vegan cho,9
DEU,zuckersc,9
DEU,glit,9
DEU,sauer gurke,9
DEU,hollunder,9
DEU,apple saft,9
DEU,retinol,9
DEU,chokolate,9
DEU,tamarinden,9
DEU,diabetiker,9
DEU,gemüsebrühr,9
DEU,eiscaffe,9
DEU,zahncr,9
DEU,salit,9
DEU,hefew,9
DEU,tortig,9
DEU,cocc,9
DEU,trinkhal,9
DEU,peits,9
DEU,majo vegan,9
DEU,Boh,9
DEU,tanpon,9
DEU,frosting,9
DEU,spühlmas,9
DEU,schlagsahnr,9
DEU,windbeut,9
DEU,küchenrolke,9
DEU,mehmet,9
DEU,backkart,9
DEU,Schupfnudeln,9
DEU,hafer f,9
DEU,alfel,9
DEU,burstta,9
DEU,instant eistee,9
DEU,jöger,9
DEU,tomaen,9
DEU,bicarbonate,9
DEU,Gesch,9
DEU,scoko,9
DEU,tomaten stüc,9
DEU,kalter ka,9
DEU,votk,9
DEU,tomanten,9
DEU,Caprisonne,9
DEU,cholula,9
DEU,mate ginger,9
DEU,hafer zart,9
DEU,laugenstan,9
DEU,glutei,9
DEU,cocktailtoma,9
DEU,boiled egg,9
DEU,mungbohnen,9
DEU,cola zwr,9
DEU,pfifferl,9
DEU,Bechamel,9
DEU,pmmes,9
DEU,Bio apfel,9
DEU,avocdo,9
DEU,bahlse,9
DEU,vitamin D,9
DEU,cleaning brush,9
DEU,creme fraiche vegan,9
DEU,duftspra,9
DEU,vanilla yoghurt,9
DEU,5 Minute,9
DEU,sourdough bread,9
DEU,charites,9
DEU,Schwarzer Pfeffer,9
DEU,cili,9
DEU,muskel,9
DEU,hey,9
DEU,pickel patches,9
DEU,weiße bihnen,9
DEU,wc tab,9
DEU,tomatensup,9
DEU,hackbäll,9
DEU,easy,9
DEU,zigaretten malboro,9
DEU,hasselnuss,9
DEU,trocken obst,9
DEU,Erdnussbu,9
DEU,vape nikotinfrei,9
DEU,geflügel mortadella,9
DEU,naturell,9
DEU,mehligkochend,9
DEU,steu,9
DEU,verne,9
DEU,kizilay,9
DEU,Haushalt,9
DEU,eedb,9
DEU,bio tofu,9
DEU,fischerman,9
DEU,müdli,9
DEU,lags,9
DEU,Fuego,9
DEU,melona,9
DEU,spagettieis,9
DEU,nüse,9
DEU,Frischkase,9
DEU,gnocchu,9
DEU,maracujs,9
DEU,spitzpapri,9
DEU,cream fraiche,9
DEU,tabk,9
DEU,pinar,9
DEU,imstant,9
DEU,Kinder pingui,9
DEU,rote betw,9
DEU,haxe,9
DEU,schallo,9
DEU,jarto,9
DEU,yaprak,9
DEU,tk pi,9
DEU,ben and jer,9
DEU,bockwurs,9
DEU,rewe ice cream,9
DEU,bread cru,9
DEU,Pop corn,9
DEU,duftperlen,9
DEU,hartw,9
DEU,brot sticks,9
DEU,nachos dip,9
DEU,alu folie,9
DEU,handshuhe,9
DEU,terea sie,9
DEU,milch vanille,9
DEU,rice cra,9
DEU,butter ungesalzen,9
DEU,kokos raspeln,9
DEU,cuo,9
DEU,Paprika edels,9
DEU,wachteleier,9
DEU,bier kasten,9
DEU,obst tief,9
DEU,bihu,9
DEU,saure dahne,9
DEU,luflee,9
DEU,snicker eis,9
DEU,mehrkornbrot,9
DEU,parmegg,9
DEU,american spiri,9
DEU,soy saice,9
DEU,chilli con car,9
DEU,toffiffee,9
DEU,bio brötchen,9
DEU,tfu,9
DEU,smy,9
DEU,filterka,9
DEU,milch barista,9
DEU,margerquark,9
DEU,shor,9
DEU,mozarella laktosefrei,9
DEU,snack cheese,9
DEU,bio müllbeutel,9
DEU,jim be,9
DEU,shweps,9
DEU,lasgne,9
DEU,küchenrollle,9
DEU,Eisb,9
DEU,geflügel brat,9
DEU,casa,9
DEU,wassermelone eis,9
DEU,schneck,9
DEU,parila,9
DEU,mocci,9
DEU,schnuttlauch,9
DEU,jigurt,9
DEU,soft tampon,9
DEU,klorex,9
DEU,pistat,9
DEU,Abschminktücher,9
DEU,einw,9
DEU,hof,9
DEU,chcken,9
DEU,kicherebsen,9
DEU,cai,9
DEU,eulen,9
DEU,pfifferlin,9
DEU,sahnej,9
DEU,bichweizen,9
DEU,Granatapfelkerne,9
DEU,wasser mit k,9
DEU,kirschtomat,9
DEU,trashbags,9
DEU,henkel,9
DEU,vanillepudding pulver,9
DEU,senfgu,9
DEU,grünes,9
DEU,backsch,9
DEU,suj,9
DEU,rispentomaten,9
DEU,nomo,9
DEU,taboule,9
DEU,kindereis,9
DEU,mineralwasser sprudel,9
DEU,nudles,9
DEU,sußk,9
DEU,combiotik,9
DEU,Mark,9
DEU,konig,9
DEU,cheed,9
DEU,grillschale,9
DEU,klarsichtfolie,9
DEU,hipp com,9
DEU,ziegenj,9
DEU,pink grap,9
DEU,antio,9
DEU,san daniele,9
DEU,voi,9
DEU,muschelnudeln,9
DEU,Bären,9
DEU,feusch,9
DEU,vanilla co,9
DEU,geschirrt,9
DEU,hàhnchen,9
DEU,psyll,9
DEU,cheste,9
DEU,alnatura toma,9
DEU,peyn,9
DEU,nacon,9
DEU,rostbratwürstchen,9
DEU,kartoffelgrat,9
DEU,Butterm,9
DEU,altbier,9
DEU,ja! käse,9
DEU,Avokado,9
DEU,pinenuts,9
DEU,blaubeeren tk,9
DEU,igloo,9
DEU,Spitzpaprika,9
DEU,petrr,9
DEU,ziegenka,9
DEU,wartepads,9
DEU,Capri s,9
DEU,rice cris,9
DEU,cigköft,9
DEU,somme,9
DEU,eistee Pfirsich,9
DEU,kloßtei,9
DEU,guak,9
DEU,Chav,9
DEU,Flink,9
DEU,glutenftei,9
DEU,gefriergetrocknete,9
DEU,moell,9
DEU,kiss,9
DEU,baby wa,9
DEU,reisblätter,9
DEU,yg,9
DEU,sprühsahn,9
DEU,gers,9
DEU,käse feta,9
DEU,susig,9
DEU,creme freiche,9
DEU,soy yoghurt,9
DEU,paradon,9
DEU,Ben and jerrys,9
DEU,Instantnudeln,9
DEU,blow,9
DEU,bauchspec,9
DEU,american sandwich,9
DEU,head and sh,9
DEU,glase,9
DEU,kaffee koffeinfrei,9
DEU,frosch seife,9
DEU,käse aufs,9
DEU,hohes C,9
DEU,sprite mint,9
DEU,buscuit,9
DEU,humana,9
DEU,rolling papers,9
DEU,aufbackbaguette,9
DEU,vegane Wurst,9
DEU,mozzarellasticks,9
DEU,found,9
DEU,tomate basilikum,9
DEU,Zahnpa,9
DEU,hirten käse,9
DEU,Marg,9
DEU,tabakk,9
DEU,milchk,9
DEU,pasta de,9
DEU,splenda,9
DEU,Küchenrollen,9
DEU,granula,9
DEU,tiefkühl ge,9
DEU,Milch fettarm,9
DEU,wassermelonr,9
DEU,Zwiebelmettwurst,9
DEU,daten,9
DEU,Kuchenform,9
DEU,veg hack,9
DEU,al bronzo,9
DEU,probiotik,9
DEU,la vi,9
DEU,macchiato,9
DEU,möhren erbsen,9
DEU,zukkini,9
DEU,honigwaf,9
DEU,bio pol,9
DEU,vanillesch,9
DEU,minischnitzel,9
DEU,forellen,9
DEU,tk beer,9
DEU,trinkschokolade,9
DEU,hsfer,9
DEU,zahm,9
DEU,pimien,9
DEU,hutke,9
DEU,gas water,9
DEU,folio,9
DEU,gezuckert,9
DEU,Ghee,9
DEU,schimken,9
DEU,eukalyptus,9
DEU,pure brot,9
DEU,Ananas s,9
DEU,Kürbiskern,9
DEU,cappe,9
DEU,hand san,9
DEU,komosmilch,9
DEU,Schafskä,9
DEU,red win,9
DEU,frischmil,9
DEU,avocsdo,9
DEU,Eiswürfelbeutel,9
DEU,voc,9
DEU,aça,9
DEU,emser,9
DEU,taler,9
DEU,teee,9
DEU,Fencheltee,9
DEU,Kin,9
DEU,fischöl,9
DEU,Mozzar,9
DEU,tiefkühlpi,9
DEU,türkische wurst,9
DEU,lint roller,9
DEU,zigarettenfilter,9
DEU,rief,9
DEU,ziger,9
DEU,Multivitaminsaft,9
DEU,glassnudeln,9
DEU,kopierpa,9
DEU,granatapfelkern,9
DEU,Powerrade,9
DEU,apostels,9
DEU,Forellen,9
DEU,hancheb,9
DEU,lemonaide,9
DEU,salami milano,9
DEU,ja skyr,9
DEU,chestnut,9
DEU,burta,9
DEU,Bue,9
DEU,Apfelscho,9
DEU,ja mozz,9
DEU,Cu,9
DEU,vöy,9
DEU,colazer,9
DEU,dusxhgel,9
DEU,pampers premium,9
DEU,Siracha,9
DEU,i deliziosi,9
DEU,Erdnussb,9
DEU,chilu,9
DEU,rewe c,9
DEU,trocken sham,9
DEU,essih,9
DEU,teigwaren,9
DEU,paprika wurst,9
DEU,pre hipp,9
DEU,dinkle,9
DEU,milksh,9
DEU,knoppera,9
DEU,schneide,9
DEU,soymilk,9
DEU,Wassere,9
DEU,hagel,9
DEU,heinz beans,9
DEU,Schimmelkäse,9
DEU,harry vollkorn,9
DEU,frikadellen vegan,9
DEU,Kräuterbu,9
DEU,slipper,9
DEU,alkoholfrei radler,9
DEU,butter cro,9
DEU,Burg,9
DEU,brötchen glutenfrei,9
DEU,erbsensu,9
DEU,müslie,9
DEU,mini wasser,9
DEU,Mini Mozzarella,9
DEU,sesampaste,9
DEU,pul bi,9
DEU,wärmepf,9
DEU,soz,9
DEU,vegan scho,9
DEU,almigurt,9
DEU,eggplan,9
DEU,black tiger,9
DEU,sandwich vegan,9
DEU,gemüse b,9
DEU,Carpaccio,9
DEU,yogert,9
DEU,calamaris,9
DEU,pizA,9
DEU,kartoffelauf,9
DEU,pappier,9
DEU,Kaiserschmarrn,9
DEU,Süsskart,9
DEU,chilie,9
DEU,buttergemu,9
DEU,mc d,9
DEU,platte,9
DEU,landluebe,9
DEU,dosenfrüchte,9
DEU,pokem,9
DEU,hachf,9
DEU,ja hähnchen,9
DEU,Clementine,9
DEU,textilerfrischer,9
DEU,kücher,9
DEU,schokori,9
DEU,lindt dubai,9
DEU,tyme,9
DEU,milchschnitten,9
DEU,gimger,9
DEU,burger fleisch,9
DEU,wid,9
DEU,Raclette,9
DEU,meat halal,9
DEU,dimsum,9
DEU,schnittel,9
DEU,Cig,9
DEU,kindet,9
DEU,joghurt 3,9
DEU,roast chicken,9
DEU,mq,9
DEU,milchg,9
DEU,white sugar,9
DEU,Zahnpaste,9
DEU,clamato,9
DEU,gehackte tomate,9
DEU,brathähn,9
DEU,küschen,9
DEU,orkla,9
DEU,radiah,9
DEU,joghurt erdbeer,9
DEU,latte macchiato,9
DEU,brown sug,9
DEU,obstgarten,9
DEU,thim,9
DEU,schokokek,9
DEU,kinderini,9
DEU,Löffelbiskuits,9
DEU,kokoswasset,9
DEU,ja thunfisch,9
DEU,delikates,9
DEU,cheese pizza,9
DEU,gluten frei brot,9
DEU,meyve suyu,9
DEU,Kartoffelsala,9
DEU,toc,9
DEU,Handschu,9
DEU,special,9
DEU,tortulla,9
DEU,back kak,9
DEU,rewe still,9
DEU,eierwaffel,9
DEU,tomatensahne,9
DEU,roote,9
DEU,kalamar,9
DEU,überraschung,9
DEU,tortillini,9
DEU,ayran mango,9
DEU,kuchen deko,9
DEU,Marz,9
DEU,razer,9
DEU,caesa,9
DEU,mähren,9
DEU,plombier,9
DEU,eierspä,9
DEU,crut,9
DEU,briwnie,9
DEU,icecubes,9
DEU,focac,9
DEU,Fruchtfliegen,9
DEU,phis,9
DEU,scheiben k,9
DEU,champigon,9
DEU,irisch,9
DEU,Redb,9
DEU,Tos,9
DEU,guls,9
DEU,kavun,9
DEU,tofu ger,9
DEU,erythri,9
DEU,prridge,9
DEU,kefyr,9
DEU,um,9
DEU,gestückelt,9
DEU,apelsaft,9
DEU,Ml,9
DEU,ice ka,9
DEU,carrot jui,9
DEU,appenzell,9
DEU,Speiseöl,9
DEU,Pizza glutenfrei,9
DEU,küchen roll,9
DEU,kaustange,9
DEU,bio hühnchen,9
DEU,kräuterfrischkä,9
DEU,hokka,9
DEU,türkischer joghurt,9
DEU,tortenbod,9
DEU,SanLucar,9
DEU,vlu,9
DEU,mozarelka,9
DEU,coni,9
DEU,kouvertüre,9
DEU,tteokbokki,9
DEU,kirachen,9
DEU,Aufstrich vegan,9
DEU,rote Paprika,9
DEU,delice,9
DEU,Pfeff,9
DEU,Trau,9
DEU,aperiti,9
DEU,Elektrolyt,9
DEU,apfelkom,9
DEU,kartoffeön,9
DEU,bulls,9
DEU,lasane,9
DEU,kokusmil,9
DEU,Brüh,9
DEU,Rittersport,9
DEU,parmag,9
DEU,rakete,9
DEU,Schar,9
DEU,blaetterteig,9
DEU,ja kä,9
DEU,vovic,9
DEU,mesc,9
DEU,kräuter frischk,9
DEU,Cola cherry,9
DEU,brühwurst,9
DEU,herr’s,9
DEU,tch,9
DEU,ketup,9
DEU,linsen bio,9
DEU,tad,9
DEU,würdte,9
DEU,Coleslaw,9
DEU,olivenök,9
DEU,eis früchte,9
DEU,Protein pu,9
DEU,butzer,9
DEU,Roggen,9
DEU,viol,9
DEU,Schni,9
DEU,halm,9
DEU,Gummib,9
DEU,rips,9
DEU,Wasser mediu,9
DEU,geschälte tom,9
DEU,oatly hafer,9
DEU,dr beckman,9
DEU,nekr,9
DEU,dr pepe,9
DEU,apfelsaft naturtrüb,9
DEU,aleo,9
DEU,baking sofa,9
DEU,kurze halt,9
DEU,ife,9
DEU,amarettini,9
DEU,maisws,9
DEU,mc do,9
DEU,san marz,9
DEU,cheese cream,9
DEU,kaugummi ohne zucker,9
DEU,weizenb,9
DEU,grull,9
DEU,fia,9
DEU,kmoblauch,9
DEU,wheat bread,9
DEU,terey,9
DEU,parodontax,9
DEU,chicken breas,9
DEU,worches,9
DEU,bier alkoholf,9
DEU,hochzeit,9
DEU,Orangina,9
DEU,crunchy tofu,9
DEU,veganer kä,9
DEU,obad,9
DEU,snackm,9
DEU,laktosefrri,9
DEU,der weiße,9
DEU,wasser beste,9
DEU,küchenseife,9
DEU,mozerella sticks,9
DEU,Linsenwaffeln,9
DEU,cheese puff,9
DEU,geschälte Tomaten,9
DEU,Knoblauchsauce,9
DEU,clorox,9
DEU,aquafaba,9
DEU,gorbatscho,9
DEU,gouf,9
DEU,Zah,9
DEU,Paprika edelsü,9
DEU,nussn,9
DEU,käse fett,9
DEU,chicki,9
DEU,flipps,9
DEU,mcdon,9
DEU,saisage,9
DEU,bihne,9
DEU,eistte,9
DEU,msc,9
DEU,köo,9
DEU,bayb,9
DEU,cloth wash,9
DEU,putenbrustfilet,9
DEU,supoen,9
DEU,höhlenkäse,9
DEU,tasty petfood,9
DEU,puls,9
DEU,pizza marga,9
DEU,salami baguette,9
DEU,tiefkühlbr,9
DEU,salo,9
DEU,hygh,9
DEU,drischkäse,9
DEU,olive oil spray,9
DEU,zucker bio,9
DEU,lasgane,9
DEU,Knack und,9
DEU,albi,9
DEU,Vollkor,9
DEU,tbak,9
DEU,grippo,9
DEU,apfelt,9
DEU,hot dog wurst,9
DEU,Komb,9
DEU,buldaj,9
DEU,tiefkühl gemü,9
DEU,hàhn,9
DEU,tymba,9
DEU,Stift,9
DEU,"Weideglück Edamer Käsescheiben mild, 30%",9
DEU,ja tortilla,9
DEU,Sprotten,9
DEU,gefrohren,9
DEU,Eiwe,9
DEU,convenience,9
DEU,Picc,9
DEU,erdbeeren bio,9
DEU,lactose free yoghurt,9
DEU,gemüseauf,9
DEU,bärenmark,9
DEU,hydrat,9
DEU,aofelmus,9
DEU,eis cub,9
DEU,milch weihen,9
DEU,Shamp,9
DEU,zero ket,9
DEU,vly joghurt,9
DEU,panacotta,9
DEU,cocta,9
DEU,Green,9
DEU,gemahlene hasel,9
DEU,vanilleis,9
DEU,grane,9
DEU,Sonnenblumen Öl,9
DEU,wholy,9
DEU,body wa,9
DEU,zitronen eis,9
DEU,zewq,9
DEU,kivi,9
DEU,cherrie,9
DEU,bieno,9
DEU,calow,9
DEU,schlagsahme,9
DEU,mayonesa,9
DEU,kokos yoghurt,9
DEU,kaffee weiß,9
DEU,cedd,9
DEU,unterlagen,9
DEU,käsewu,9
DEU,pommr,9
DEU,wasch tabs,9
DEU,Orangen saft,9
DEU,baking p,9
DEU,tinto,9
DEU,sufschnitt,9
DEU,Butterkä,9
DEU,orangesaf,9
DEU,krustenbrot,9
DEU,vitelo,9
DEU,paell,9
DEU,vitamin was,9
DEU,Balsami,9
DEU,zyn,9
DEU,oetker pizza,9
DEU,cocola,9
DEU,Cola ero,9
DEU,füße,9
DEU,Schokolade zartbitter,9
DEU,musik,9
DEU,waschpads,9
DEU,tk gerichte,9
DEU,natural juice,9
DEU,parodon,9
DEU,kaiserg,9
DEU,rigate,9
DEU,food drink,9
DEU,Erdinger,9
DEU,whys,9
DEU,frangelico,9
DEU,washing ma,9
DEU,Tresor,9
DEU,brocolini,9
DEU,griechischer yogurt,9
DEU,barcardi,9
DEU,deodoran,9
DEU,eistee zitr,9
DEU,shin ramyun,9
DEU,pepsu,9
DEU,moua,9
DEU,grand s,9
DEU,beer can,9
DEU,cammem,9
DEU,manderinen,9
DEU,persto,9
DEU,eisballs,9
DEU,kokoswasswr,9
DEU,baby kekse,9
DEU,ben n,9
DEU,Chedd,9
DEU,light mozza,9
DEU,hubd,9
DEU,femi,9
DEU,Pfeffer gemahlen,9
DEU,isop,9
DEU,sugar free chocolate,9
DEU,Butter gesalzen,9
DEU,Wodk,9
DEU,tolettenp,9
DEU,balas,9
DEU,goua,9
DEU,lemon grass,9
DEU,neck,9
DEU,toilet fresh,9
DEU,havel,9
DEU,"cola 1,",9
DEU,panink,9
DEU,harry dinke,9
DEU,gewürzt,9
DEU,toiletten p,9
DEU,spätze,9
DEU,müski,9
DEU,gefrorene obst,9
DEU,gere,9
DEU,Wasser mit ge,9
DEU,shia,9
DEU,bischoff,9
DEU,yogurt alpro,9
DEU,boiled,9
DEU,fisg,9
DEU,khao,9
DEU,bio zu,9
DEU,yogurr,9
DEU,protein pancakes,9
DEU,Th,9
DEU,cling wrap,9
DEU,vegan aufsch,9
DEU,did,9
DEU,sardien,9
DEU,flips jum,9
DEU,walnussöl,9
DEU,inten,9
DEU,zro,9
DEU,zerop,9
DEU,chili so,9
DEU,alantura,9
DEU,chab,9
DEU,kokos schoko,9
DEU,toast bio,9
DEU,tupperdose,9
DEU,fertigs,9
DEU,tea bags,9
DEU,fruchtbuttermilch,9
DEU,brlt,9
DEU,schokobreze,9
DEU,mozzal,9
DEU,köttbull,9
DEU,oars,9
DEU,Zitronengras,9
DEU,Gueke,9
DEU,Getrocknete tomaten,9
DEU,short bread,9
DEU,Agave,9
DEU,paradontax,9
DEU,öl braten,9
DEU,vegan tuna,9
DEU,croissaint,9
DEU,gorilla,9
DEU,schoko kekse,9
DEU,potato starch,9
DEU,meic,9
DEU,eis sorbet,9
DEU,Blä,9
DEU,bio h milch,9
DEU,russe,9
DEU,helle sauce,9
DEU,Waschlappen,9
DEU,Masc,9
DEU,pfannkuc,9
DEU,espresso ge,9
DEU,wäsche pods,9
DEU,petersilienwurzel,9
DEU,shower soap,9
DEU,lato,9
DEU,kräuterseit,9
DEU,kod,9
DEU,quarkb,9
DEU,weiss scho,9
DEU,fanga,9
DEU,körb,9
DEU,toilettwn,9
DEU,alpro bar,9
DEU,proteinwr,9
DEU,öll,9
DEU,yumm,9
DEU,kochba,9
DEU,cooking creme,9
DEU,spülschw,9
DEU,hamburguer,9
DEU,leicht &,9
DEU,wildbeeren,9
DEU,chickr,9
DEU,protein snacks,9
DEU,salat mic,9
DEU,marzialw,9
DEU,Goldstücke,9
DEU,cinnamon stick,9
DEU,diced,9
DEU,senfkör,9
DEU,brot tiefkühl,9
DEU,Basi,9
DEU,natur yoghurt,9
DEU,kerrygol,9
DEU,riccota,9
DEU,gezee,9
DEU,quic,9
DEU,prangen,9
DEU,parmesan dressing,9
DEU,clubm,9
DEU,langko,9
DEU,spinge,9
DEU,high protein ei,9
DEU,Emmental,9
DEU,Mischgemüse,9
DEU,peff,9
DEU,Geriebener Käse,9
DEU,chips rewe,9
DEU,kokos ol,9
DEU,hähnchen auf,9
DEU,kaffee weisser,9
DEU,Fil,9
DEU,waka,9
DEU,neutroge,9
DEU,baf,9
DEU,grillso,9
DEU,butterchicken,9
DEU,salt stick,9
DEU,chicl,9
DEU,peach tea,9
DEU,rinder filet,9
DEU,coca cola dose,9
DEU,ja sirup,9
DEU,quell,9
DEU,eis pi,9
DEU,bbq soße,9
DEU,cart,9
DEU,persl,9
DEU,ferme,9
DEU,klopapir,9
DEU,kinder müsli,9
DEU,gelo,9
DEU,svhinken,9
DEU,antiseptic,9
DEU,suppem,9
DEU,basik,9
DEU,kuzu,9
DEU,protein cereal,9
DEU,Griechisch,9
DEU,zitrinen,9
DEU,Küchenp,9
DEU,protien milk,9
DEU,krombach,9
DEU,jean&,9
DEU,TORTENBODEN,9
DEU,vegetable frozen,9
DEU,chesterfield,9
DEU,Buttermi,9
DEU,rosmarien,9
DEU,luku,9
DEU,lilydoo,9
DEU,joguhr,9
DEU,joghurt kirsche,9
DEU,egg noodle,9
DEU,fettucini,9
DEU,schnitzery,9
DEU,müller mil,9
DEU,condes,9
DEU,bio sa,9
DEU,cutter,9
DEU,cafissimo,9
DEU,fred ferkel,9
DEU,french beans,9
DEU,smirnoff ice,9
DEU,kirchere,9
DEU,non alco,9
DEU,mehl 4,9
DEU,parik,9
DEU,xa,9
DEU,pizza fung,9
DEU,rohkost,9
DEU,stuffed,9
DEU,zero pepsi,9
DEU,mermela,9
DEU,hawaiian,9
DEU,hizeh,9
DEU,fisherman's,9
DEU,erdbeer marm,9
DEU,gewürzke,9
DEU,gegr,9
DEU,Cran,9
DEU,fou,9
DEU,saurkraut,9
DEU,straciate,9
DEU,chicken strips,9
DEU,hefezopf,9
DEU,scnitzel,9
DEU,bio gewürzgurken,9
DEU,heringsalat,9
DEU,cavia,9
DEU,marzano,9
DEU,bio pap,9
DEU,ben jetry,9
DEU,"h milch 1,",9
DEU,mango gefr,9
DEU,5 minuten terrine,9
DEU,kaltsch,9
DEU,ebl,9
DEU,50l,9
DEU,streichh,9
DEU,mozzerel,9
DEU,lasagne bl,9
DEU,nectarin,9
DEU,tup,9
DEU,Artisch,9
DEU,corn tortilla,9
DEU,trockener Wei,9
DEU,zigr,9
DEU,american dressing,9
DEU,kinder ma,9
DEU,Franzbrötchen,9
DEU,Cherry tomaten,9
DEU,cocktailtomate,9
DEU,coca coka,9
DEU,ziegenf,9
DEU,zogare,9
DEU,wagn,9
DEU,Kräuterfrischkäse,9
DEU,dau,9
DEU,dorfk,9
DEU,Mülleimer,9
DEU,spülmachinen,9
DEU,Whiskey,9
DEU,rewe bio hafer,9
DEU,almond fl,9
DEU,aro,9
DEU,mozzarella bio,9
DEU,ofenfri,9
DEU,kokosdr,9
DEU,Onions,9
DEU,koro riegel,9
DEU,Aufs,9
DEU,sori,9
DEU,caster sugar,9
DEU,zitronen limonade,9
DEU,bolong,9
DEU,sousage,9
DEU,kombuchs,9
DEU,ibs,9
DEU,baking s,9
DEU,tipsy baby,9
DEU,zia,9
DEU,auftr,9
DEU,Hamburger Brötchen,9
DEU,zitrobe,9
DEU,ernse,9
DEU,pav,9
DEU,teegetränk,9
DEU,onion po,9
DEU,ja ch,9
DEU,redbull sugarfree,9
DEU,7d,9
DEU,taschentuch box,9
DEU,eyebrow,9
DEU,nurn,9
DEU,mane,9
DEU,salat gewaschen,9
DEU,delay,9
DEU,gebackene,9
DEU,le gruyere,9
DEU,sprotte,9
DEU,spirituo,9
DEU,hähnvhen,9
DEU,fruchtj,9
DEU,refill,9
DEU,frankfu,9
DEU,piccolinos,9
DEU,kuchn,9
DEU,vegan bread,9
DEU,kakao nips,9
DEU,Elbgold,9
DEU,Bauern,9
DEU,advocado,9
DEU,toilettenb,9
DEU,dr oetker pizza,9
DEU,harry sammy,9
DEU,sahne so,9
DEU,asiatische nudeln,9
DEU,ersnussbutter,9
DEU,abfl,9
DEU,butter rama,9
DEU,kartoffel im glas,9
DEU,ja ice,9
DEU,cick,9
DEU,wienerwürstchen,9
DEU,kokosblüten,9
DEU,tee bio,9
DEU,hand was,9
DEU,Tas,9
DEU,graba,9
DEU,lachs filet,9
DEU,schokoladentafe,9
DEU,pastinak,9
DEU,hähnchen innen,9
DEU,brötchen coppen,9
DEU,brot chip,9
DEU,hot cho,9
DEU,dana,9
DEU,Putenschinken,9
DEU,belu,9
DEU,eierku,9
DEU,duschgeö,8
DEU,dandwich,8
DEU,speti,8
DEU,vegeterian,8
DEU,spt,8
DEU,majones,8
DEU,196,8
DEU,talg,8
DEU,Shaker,8
DEU,sourdo,8
DEU,kartoffel s,8
DEU,Trockenobst,8
DEU,SPARGEL,8
DEU,kalbsl,8
DEU,ponmes,8
DEU,pomel,8
DEU,chimichurri,8
DEU,passiet,8
DEU,hähncen,8
DEU,käse flips,8
DEU,Spre,8
DEU,Pizza käse,8
DEU,trüffü,8
DEU,risbell,8
DEU,zh,8
DEU,sxhmand,8
DEU,wochenbett,8
DEU,Tamp,8
DEU,Peroni,8
DEU,tungisch,8
DEU,Wasser 1,8
DEU,ory,8
DEU,erdnuss sauce,8
DEU,protein milcj,8
DEU,brotsch,8
DEU,knaxx,8
DEU,salte,8
DEU,mato,8
DEU,vegetaria,8
DEU,mini w,8
DEU,cheese moz,8
DEU,gebacken,8
DEU,blon,8
DEU,oays,8
DEU,milka wafer,8
DEU,caste,8
DEU,barefoo,8
DEU,glasreiniher,8
DEU,shaoxing,8
DEU,geschirrspülmi,8
DEU,penne rigate,8
DEU,andros,8
DEU,protein chi,8
DEU,mandarine dose,8
DEU,eistüte,8
DEU,Nacken,8
DEU,leinensamen,8
DEU,Rettertütten,8
DEU,wasser 500ml,8
DEU,Thüringer,8
DEU,alnatura va,8
DEU,mandeln geh,8
DEU,alnatura pizz,8
DEU,Rinderfond,8
DEU,laufh,8
DEU,mineralwasser mit,8
DEU,flapjack,8
DEU,kokosfl,8
DEU,pfeffer weiß,8
DEU,volvic minze,8
DEU,Bie,8
DEU,Kaba,8
DEU,fermented,8
DEU,frozen berrie,8
DEU,gemüde,8
DEU,aiste,8
DEU,vollkornbrö,8
DEU,traune,8
DEU,geschnezeltes,8
DEU,dattelb,8
DEU,piadi,8
DEU,peanutb,8
DEU,bratwurt,8
DEU,blaukäse,8
DEU,publo,8
DEU,tiro,8
DEU,ohrstöpsel,8
DEU,hafer bio,8
DEU,kartoggeln,8
DEU,coffee cold,8
DEU,lef,8
DEU,snackd,8
DEU,antiba,8
DEU,Mund,8
DEU,Kochs,8
DEU,Hemme,8
DEU,ranc,8
DEU,eier geko,8
DEU,Pet,8
DEU,kaubo,8
DEU,johuhrt,8
DEU,kikis,8
DEU,mexxo,8
DEU,cleaning wipe,8
DEU,magerin,8
DEU,wärme pflaster,8
DEU,bio milc,8
DEU,mixsalat,8
DEU,Geträn,8
DEU,Chan,8
DEU,kaffeepa,8
DEU,wackelpudd,8
DEU,rollo,8
DEU,alnatura waffeln,8
DEU,sparkling wasser,8
DEU,joghurt a,8
DEU,After,8
DEU,laktose freie,8
DEU,niom,8
DEU,butter paper,8
DEU,milka brownie,8
DEU,erfbe,8
DEU,fondan,8
DEU,palmal,8
DEU,hul,8
DEU,Speis,8
DEU,Apfelsc,8
DEU,chardonay,8
DEU,Käsew,8
DEU,vald,8
DEU,5.,8
DEU,Prin,8
DEU,Schokolade ohne,8
DEU,trueffel,8
DEU,backhefe,8
DEU,black be,8
DEU,racl,8
DEU,Wra,8
DEU,low car,8
DEU,Chps,8
DEU,processo,8
DEU,baldri,8
DEU,kalter kaff,8
DEU,eis alna,8
DEU,"1,5%",8
DEU,fertih,8
DEU,nutrll,8
DEU,sushi rei,8
DEU,bauerntop,8
DEU,diffuser,8
DEU,kapseln kaffee,8
DEU,cola 1.5,8
DEU,saiten,8
DEU,sweet mustard,8
DEU,Kaug,8
DEU,eieer,8
DEU,sarf,8
DEU,bio Joghurt,8
DEU,destillier,8
DEU,cup noodl,8
DEU,perfum,8
DEU,marziale coolinaria,8
DEU,leckerm,8
DEU,Porr,8
DEU,lemoncurd,8
DEU,alkoholfreu,8
DEU,bier Alkohol,8
DEU,hotel dog,8
DEU,Bt,8
DEU,vanilla extr,8
DEU,hähncjen,8
DEU,s h,8
DEU,ameis,8
DEU,schokade,8
DEU,belugalinsen,8
DEU,peeto,8
DEU,freila,8
DEU,blümen,8
DEU,medovik,8
DEU,rewe feine we,8
DEU,hakl,8
DEU,pfirsich mara,8
DEU,Bananas,8
DEU,toilettrn,8
DEU,Hirtenk,8
DEU,eöst,8
DEU,enthaarungs,8
DEU,ananasscheiben,8
DEU,vegan pasta,8
DEU,pimm,8
DEU,vegan choc,8
DEU,oralb,8
DEU,Mushrooms,8
DEU,knobloch,8
DEU,Pflanzenöl,8
DEU,Wasser mit ges,8
DEU,flerb,8
DEU,apfel pink,8
DEU,minersl,8
DEU,gegri,8
DEU,spia,8
DEU,cleaning cloth,8
DEU,Buns,8
DEU,chicken powder,8
DEU,oyste,8
DEU,ludwi,8
DEU,pflaste,8
DEU,gomaten,8
DEU,gerolsteiner naturell,8
DEU,backb,8
DEU,gebrat,8
DEU,gemüsef,8
DEU,rote Linsen,8
DEU,nudelholz,8
DEU,Kaffee entkoffeiniert,8
DEU,dul,8
DEU,bols,8
DEU,Club Mate,8
DEU,korria,8
DEU,karamell sauce,8
DEU,lassa,8
DEU,stickers,8
DEU,bio ä,8
DEU,gutsch,8
DEU,adult,8
DEU,avacodo,8
DEU,çiçek,8
DEU,ahed,8
DEU,herr',8
DEU,sultanine,8
DEU,avocao,8
DEU,cashwe,8
DEU,vollmilchsch,8
DEU,frischks,8
DEU,chunky fla,8
DEU,dulcolax,8
DEU,Kräutersalz,8
DEU,sesam oil,8
DEU,choclat,8
DEU,milch haltbare,8
DEU,ice creams,8
DEU,kruvasan,8
DEU,soree,8
DEU,protein yog,8
DEU,burbon,8
DEU,Akku,8
DEU,hähch,8
DEU,barbunya,8
DEU,laktosefrei jo,8
DEU,kajao,8
DEU,Dr. Oetker,8
DEU,nuckel,8
DEU,cerv,8
DEU,wc gel,8
DEU,sonneblu,8
DEU,sex on the,8
DEU,Kaffeepulver,8
DEU,wied,8
DEU,Panna,8
DEU,Ajvar,8
DEU,sauve,8
DEU,kaffee to,8
DEU,jinger,8
DEU,quae,8
DEU,dex,8
DEU,hipp p,8
DEU,lina,8
DEU,babybr,8
DEU,ek,8
DEU,mozarella vegan,8
DEU,roote beete,8
DEU,canum,8
DEU,zogar,8
DEU,peligrino,8
DEU,sauerteigbr,8
DEU,banam,8
DEU,bire,8
DEU,Rumpsteak,8
DEU,eim,8
DEU,hähnchenkeulen,8
DEU,grauburgun,8
DEU,burger kase,8
DEU,Roast,8
DEU,Tunfi,8
DEU,burger brötche,8
DEU,bier helles,8
DEU,lebensmittelf,8
DEU,Pichler,8
DEU,brörchen,8
DEU,eis magn,8
DEU,brenness,8
DEU,Popco,8
DEU,soyr,8
DEU,wolt Market,8
DEU,Sag,8
DEU,himbereen,8
DEU,torit,8
DEU,Paprika ede,8
DEU,Maj,8
DEU,brotb,8
DEU,ceo,8
DEU,veganes ei,8
DEU,kaffebo,8
DEU,sre,8
DEU,gefüllte pep,8
DEU,buttermilch zitrone,8
DEU,Ferrero rocher,8
DEU,hindi füme,8
DEU,kudney,8
DEU,kröuterquark,8
DEU,kein,8
DEU,knoblauch eingelegt,8
DEU,kräuerquark,8
DEU,noccio,8
DEU,deodarant,8
DEU,mini berliner,8
DEU,tomatenmak,8
DEU,khal,8
DEU,toole,8
DEU,Gummibären,8
DEU,camil,8
DEU,flips jumb,8
DEU,vegan wurdt,8
DEU,exot,8
DEU,häm,8
DEU,Gemüse b,8
DEU,maggi bolo,8
DEU,nudoss,8
DEU,wäscheper,8
DEU,pop tarts,8
DEU,sparkling wayer,8
DEU,Handtuch,8
DEU,soja m,8
DEU,schoko raspeln,8
DEU,taif,8
DEU,proces,8
DEU,elf 800,8
DEU,Schmelzflocken,8
DEU,frische kräuter,8
DEU,zartbitterscho,8
DEU,ostern,8
DEU,apfelsat,8
DEU,holst,8
DEU,Express,8
DEU,dosen getränke,8
DEU,phone,8
DEU,olivencreme,8
DEU,pepino,8
DEU,adap,8
DEU,sirat,8
DEU,bruger,8
DEU,toska,8
DEU,kumm,8
DEU,toilettten,8
DEU,obt,8
DEU,eis cola,8
DEU,schokolade keks,8
DEU,choclates,8
DEU,spülschwam,8
DEU,esb,8
DEU,peanut butte,8
DEU,Super,8
DEU,palmin,8
DEU,eis erd,8
DEU,redbuöö,8
DEU,Knochen,8
DEU,knol,8
DEU,salad sauce,8
DEU,volvuc,8
DEU,mischgemü,8
DEU,estre,8
DEU,Adelholzener,8
DEU,calorie,8
DEU,acı biber,8
DEU,frusc,8
DEU,Backofen,8
DEU,tsch,8
DEU,Spezi zero,8
DEU,chips scharf,8
DEU,mönchshof,8
DEU,hewürz,8
DEU,quattro,8
DEU,ym,8
DEU,erbsendr,8
DEU,dpezi,8
DEU,molkerei,8
DEU,powerbar,8
DEU,black forest wasser,8
DEU,gav,8
DEU,hanfs,8
DEU,crak,8
DEU,high protein pudd,8
DEU,vheddar,8
DEU,Sandwich Toast,8
DEU,nueeln,8
DEU,kitchen towe,8
DEU,tolett,8
DEU,Götter,8
DEU,Hackfleisc,8
DEU,L&,8
DEU,götterspe,8
DEU,schoka,8
DEU,buri,8
DEU,3 in,8
DEU,feuchtigkeitscreme,8
DEU,spühltabs,8
DEU,bay lea,8
DEU,tomatenmatk,8
DEU,nigiri,8
DEU,Joghurt dressing,8
DEU,tomoto,8
DEU,Riesen,8
DEU,Hygiene spray,8
DEU,lätts,8
DEU,Käse ge,8
DEU,sina,8
DEU,piten,8
DEU,Tomaten sau,8
DEU,mineralwasset,8
DEU,cheese nugget,8
DEU,spreewaldhof,8
DEU,tillm,8
DEU,mandelmulch,8
DEU,regiano,8
DEU,coffee decaf,8
DEU,crasheis,8
DEU,machine,8
DEU,cheddr,8
DEU,früchtequark,8
DEU,pizza ofen,8
DEU,zugarett,8
DEU,tomatensaus,8
DEU,coconut w,8
DEU,thuringer,8
DEU,Milky,8
DEU,chav,8
DEU,Olivenö,8
DEU,sauer crem,8
DEU,fresch,8
DEU,weine,8
DEU,cheese puffs,8
DEU,Terrine,8
DEU,burgerpatty,8
DEU,kase gouda,8
DEU,sour v,8
DEU,biberiye,8
DEU,Hall,8
DEU,kaffeeweiss,8
DEU,seelen,8
DEU,Spreeq,8
DEU,camebert,8
DEU,solo,8
DEU,fünf,8
DEU,barc,8
DEU,ketshu,8
DEU,milchschbitte,8
DEU,4 käse,8
DEU,still wasse,8
DEU,glutenfrei hafer,8
DEU,mandle,8
DEU,rotwein alkoholfrei,8
DEU,bq,8
DEU,thubfi,8
DEU,geschenk papier,8
DEU,tyrolini,8
DEU,duft spray,8
DEU,warm,8
DEU,leicht und kross,8
DEU,Bruschetta,8
DEU,kartoffelbro,8
DEU,kaffeeweise,8
DEU,gummiba,8
DEU,male,8
DEU,bio yogurt,8
DEU,Milchschn,8
DEU,Weetabix,8
DEU,kez,8
DEU,pizza tonn,8
DEU,digestives,8
DEU,schlasahne,8
DEU,thn,8
DEU,Salatmischung,8
DEU,ameke,8
DEU,bohm,8
DEU,licky,8
DEU,hrr,8
DEU,joghurt skyr,8
DEU,wg,8
DEU,eiswe,8
DEU,chips mais,8
DEU,eistee zi,8
DEU,ice wu,8
DEU,cornfalkes,8
DEU,alnatura schnelle,8
DEU,vw,8
DEU,flaschenö,8
DEU,aufbewa,8
DEU,banas,8
DEU,ahron,8
DEU,Block house,8
DEU,felin,8
DEU,ssahne,8
DEU,bertoll,8
DEU,kälter,8
DEU,Samba,8
DEU,bienensti,8
DEU,selleriesaft,8
DEU,backerbs,8
DEU,weu,8
DEU,wars,8
DEU,fairtrade,8
DEU,bacen,8
DEU,frozen potatoes,8
DEU,my mü,8
DEU,small,8
DEU,marvis,8
DEU,red vu,8
DEU,antitrans,8
DEU,hokkai,8
DEU,schneebesen,8
DEU,milk ja,8
DEU,coktail,8
DEU,schmandt,8
DEU,heimgut,8
DEU,delua,8
DEU,mantu,8
DEU,wasser mit Geschmack,8
DEU,getä,8
DEU,tee lose,8
DEU,fußbad,8
DEU,Fond,8
DEU,freis,8
DEU,ciggerate,8
DEU,küchenpapiet,8
DEU,burger pat,8
DEU,mango ayran,8
DEU,vov,8
DEU,hubdefutter,8
DEU,rettisch,8
DEU,pfannengemüse,8
DEU,trocken hefe,8
DEU,grapp,8
DEU,grosch,8
DEU,Malt,8
DEU,barca,8
DEU,raspelkäse,8
DEU,vegane mortadella,8
DEU,instant no,8
DEU,feink,8
DEU,schoko nüsse,8
DEU,"Joghurt 1,5",8
DEU,banille,8
DEU,kinf,8
DEU,bilton,8
DEU,proteinella,8
DEU,bric,8
DEU,unges,8
DEU,bulmers,8
DEU,rinderfind,8
DEU,wermu,8
DEU,gnochis,8
DEU,mundw,8
DEU,FIFA Karten,8
DEU,milchd,8
DEU,falaff,8
DEU,vac,8
DEU,frische nudel,8
DEU,pillow,8
DEU,duftker,8
DEU,salametti,8
DEU,desseer,8
DEU,reis pap,8
DEU,maione,8
DEU,frozen joghurt,8
DEU,Tomatendose,8
DEU,Brocc,8
DEU,kindersekt,8
DEU,rice noo,8
DEU,Sesampaste,8
DEU,la va,8
DEU,juicr,8
DEU,alnstura,8
DEU,gim,8
DEU,pommes ge,8
DEU,zucker b,8
DEU,sagri,8
DEU,smoked cheese,8
DEU,slnatura,8
DEU,corona extra,8
DEU,lemon j,8
DEU,genu,8
DEU,dnacks,8
DEU,Chill,8
DEU,pizza mozzarella,8
DEU,grischk,8
DEU,weizenmehl 405,8
DEU,kochschinkem,8
DEU,canola,8
DEU,gemüsefon,8
DEU,dressing vegan,8
DEU,salat ge,8
DEU,curry p,8
DEU,weniger fett,8
DEU,Tira,8
DEU,show,8
DEU,Hipp combiotik,8
DEU,hipp pur,8
DEU,Eis am stiel,8
DEU,jah,8
DEU,Tomaten saft,8
DEU,monz,8
DEU,rasierklin,8
DEU,Geflügel salami,8
DEU,brot roggen,8
DEU,würstechen,8
DEU,maccher,8
DEU,katzem,8
DEU,schwartz,8
DEU,vanille jogurt,8
DEU,paulner,8
DEU,fung,8
DEU,übelkeit,8
DEU,Alkoholf,8
DEU,hengl,8
DEU,pappb,8
DEU,soja cuis,8
DEU,rega,8
DEU,rapsoel,8
DEU,feastables,8
DEU,Schwarzwälder,8
DEU,kei,8
DEU,gefüllte pap,8
DEU,zeit füt,8
DEU,crossan,8
DEU,badesal,8
DEU,geu,8
DEU,head and shoulder,8
DEU,rinderhüft,8
DEU,wasser Sprudel,8
DEU,zshn,8
DEU,geno,8
DEU,ananaa,8
DEU,zara,8
DEU,skyr 0,8
DEU,111,8
DEU,anti ox,8
DEU,getraenke,8
DEU,gog,8
DEU,jaffa cake,8
DEU,dr peoper,8
DEU,haferj,8
DEU,tomaten gewürz,8
DEU,snack carrot,8
DEU,zitrons,8
DEU,schinc,8
DEU,Fleischbällchen,8
DEU,weiß k,8
DEU,eisze,8
DEU,Damenbinde,8
DEU,Leb,8
DEU,kölsc,8
DEU,thür,8
DEU,Heilwasser,8
DEU,ice crem,8
DEU,tiefkühlg,8
DEU,Ben j,8
DEU,zuegenk,8
DEU,koreand,8
DEU,bara,8
DEU,frisch ka,8
DEU,tunA,8
DEU,bautzn,8
DEU,diet cok,8
DEU,auta,8
DEU,Kräuterqua,8
DEU,hahc,8
DEU,duschgel nivea,8
DEU,frother,8
DEU,Pass,8
DEU,brauner zuc,8
DEU,rauchsalz,8
DEU,soarkling water,8
DEU,smac,8
DEU,cupca,8
DEU,scheiblettenkäse,8
DEU,Tot,8
DEU,haftcr,8
DEU,ool,8
DEU,knusperf,8
DEU,hartweize,8
DEU,natri,8
DEU,wc s,8
DEU,Marlboro red,8
DEU,lebere,8
DEU,glutenfrei brötchen,8
DEU,Schoko drops,8
DEU,rispe,8
DEU,ofenkö,8
DEU,Kö,8
DEU,klops,8
DEU,mayo li,8
DEU,kurv,8
DEU,Erotik,8
DEU,Eistee zer,8
DEU,minztee,8
DEU,poz,8
DEU,Jever fun,8
DEU,like döner,8
DEU,Gerolsteiner flow,8
DEU,tiefkühö,8
DEU,Anana,8
DEU,bertol,8
DEU,orig,8
DEU,tomate pass,8
DEU,fischfond,8
DEU,roggen brot,8
DEU,kartoffelk,8
DEU,katzensn,8
DEU,bratkartoff,8
DEU,surini,8
DEU,sandwich köse,8
DEU,cocumber,8
DEU,kesselchip,8
DEU,trocken sha,8
DEU,spühlmitt,8
DEU,fleischpflanzerl,8
DEU,kirschpa,8
DEU,sep,8
DEU,jambon,8
DEU,wne,8
DEU,olivw,8
DEU,alnatura tom,8
DEU,baguette pizza,8
DEU,mayonnaise vegan,8
DEU,butterkäsw,8
DEU,hfer,8
DEU,weisswü,8
DEU,citronella,8
DEU,weinste,8
DEU,Sandwichkäse,8
DEU,sufstrich,8
DEU,zitroen,8
DEU,Hallou,8
DEU,veganer quark,8
DEU,Thunfisch in,8
DEU,drag,8
DEU,cambe,8
DEU,broat,8
DEU,stüc,8
DEU,kondenmilch,8
DEU,fusu,8
DEU,belgian,8
DEU,kartoffelau,8
DEU,karitte,8
DEU,9 mile,8
DEU,deb,8
DEU,halal würstchen,8
DEU,weizenbrötchen,8
DEU,b ready,8
DEU,coola,8
DEU,Marlboro Gold,8
DEU,rettun,8
DEU,pommes gewü,8
DEU,käse ziege,8
DEU,horch,8
DEU,Apfel essig,8
DEU,weizengrie,8
DEU,komdensmilch,8
DEU,Purina one,8
DEU,hörnchen nudeln,8
DEU,ja han,8
DEU,butter unsalted,8
DEU,phe,8
DEU,ganze bohnen,8
DEU,postazie,8
DEU,remolad,8
DEU,lami,8
DEU,inu,8
DEU,verschluss,8
DEU,msyo,8
DEU,dee,8
DEU,gute nacht,8
DEU,tsats,8
DEU,quitte,8
DEU,rabak,8
DEU,padron,8
DEU,milchma,8
DEU,sakız,8
DEU,weizenkleie,8
DEU,kidny,8
DEU,rindw,8
DEU,Zwei,8
DEU,asparag,8
DEU,bubbles,8
DEU,röstis,8
DEU,0.,8
DEU,Gummibär,8
DEU,Apr,8
DEU,chocofre,8
DEU,sahne leicht,8
DEU,e z,8
DEU,stracciate,8
DEU,söbb,8
DEU,plätz,8
DEU,mintz,8
DEU,pommee,8
DEU,dillhappen,8
DEU,ostm,8
DEU,plant protein,8
DEU,rostzwiebel,8
DEU,haushaltstücher,8
DEU,bollkorn,8
DEU,this is not milk,8
DEU,mexican cheese,8
DEU,yayla sosis,8
DEU,glutenfrei b,8
DEU,kokosmilxh,8
DEU,chicken seasoning,8
DEU,mineralwaser,8
DEU,eiswuefel,8
DEU,trauven,8
DEU,sandwisch,8
DEU,ktchup,8
DEU,locker,8
DEU,eclairs,8
DEU,Zigaretten Marlboro,8
DEU,frisv,8
DEU,dosen bier,8
DEU,eiis,8
DEU,nen,8
DEU,augenp,8
DEU,tostbr,8
DEU,bril,8
DEU,pliv,8
DEU,duc,8
DEU,lotio,8
DEU,ofenkase,8
DEU,sports,8
DEU,vollkorn n,8
DEU,haushaltst,8
DEU,red pepper flakes,8
DEU,clusters,8
DEU,geschnitten,8
DEU,Currypaste,8
DEU,senfeier,8
DEU,erbsen möhre,8
DEU,wist,8
DEU,kokos riegel,8
DEU,blumr,8
DEU,Ja produkte,8
DEU,worcestershire,8
DEU,nivea body,8
DEU,pistazienm,8
DEU,Sus,8
DEU,waschmaschinen reiniger,8
DEU,pizza dr,8
DEU,kichereb,8
DEU,don papa,8
DEU,cornball,8
DEU,frischkäse paprika,8
DEU,hafer mi,8
DEU,Hot do,8
DEU,no sug,8
DEU,salz stange,8
DEU,hygine,8
DEU,locher,8
DEU,saate,8
DEU,bio spargel,8
DEU,kokosnussöl,8
DEU,reinek,8
DEU,korinthen,8
DEU,champinio,8
DEU,unterschenkel,8
DEU,Chr,8
DEU,hick,8
DEU,eiswürfelform,8
DEU,you cool,8
DEU,omeg,8
DEU,Dips,8
DEU,weun,8
DEU,kst,8
DEU,waschmittl,8
DEU,dr. pe,8
DEU,gummy bear,8
DEU,cilit,8
DEU,joghurt fett,8
DEU,plastic cups,8
DEU,brul,8
DEU,opener,8
DEU,gern,8
DEU,Toastkäse,8
DEU,weißer riese,8
DEU,fischstöbchen,8
DEU,bich,8
DEU,kouv,8
DEU,cola original,8
DEU,Saat,8
DEU,kindrr,8
DEU,berner würstchen,8
DEU,thr,8
DEU,koriandet,8
DEU,kondens milch,8
DEU,oatle,8
DEU,chia see,8
DEU,merido,8
DEU,Scheuermilch,8
DEU,Eisen,8
DEU,mazzarella,8
DEU,koal,8
DEU,low fat milk,8
DEU,cih,8
DEU,aprikot,8
DEU,red pepp,8
DEU,Kaffee ohne,8
DEU,käse geriben,8
DEU,math,8
DEU,sauregur,8
DEU,Heidelbeer,8
DEU,Kräuter Quark,8
DEU,Vegetables,8
DEU,Spielzeug,8
DEU,espreso,8
DEU,fenchelsamen,8
DEU,margher,8
DEU,besns,8
DEU,weichweizengries,8
DEU,wein ro,8
DEU,kodne,8
DEU,geflügelbratwurst,8
DEU,Kirsc,8
DEU,ned,8
DEU,fleischsalar,8
DEU,schms,8
DEU,san pal,8
DEU,Wipes,8
DEU,ketsup,8
DEU,"Oatly Haferdrink Barista Edition, 1 l",8
DEU,korianda,8
DEU,chuck,8
DEU,kaskaval,8
DEU,Gervais,8
DEU,brot alnatura,8
DEU,gürkch,8
DEU,asai,8
DEU,Barebells,8
DEU,giabatta,8
DEU,grießkl,8
DEU,Ja chips,8
DEU,knoblauch p,8
DEU,coco pops,8
DEU,shokola,8
DEU,naturtrüb,8
DEU,Käse bio,8
DEU,big city,8
DEU,essg,8
DEU,orich,8
DEU,gebac,8
DEU,herry,8
DEU,quark lakto,8
DEU,teok,8
DEU,brat olivenöl,8
DEU,lindt 85,8
DEU,دخان,8
DEU,kokok,8
DEU,franken,8
DEU,chili ol,8
DEU,matw,8
DEU,Joghurt Natur,8
DEU,blockk,8
DEU,pizza flour,8
DEU,glutenfreie pasta,8
DEU,peperoni salami,8
DEU,Nougat bit,8
DEU,white wine vinegar,8
DEU,Weiße bohnen,8
DEU,alnatura nougat,8
DEU,knorr fi,8
DEU,bubble bath,8
DEU,vegan streich,8
DEU,blue cura,8
DEU,bazil,8
DEU,erfe,8
DEU,croq,8
DEU,zuckee,8
DEU,Dosenöffner,8
DEU,Salzs,8
DEU,arya,8
DEU,johannisbe,8
DEU,schneider,8
DEU,blackfor,8
DEU,tobleron,8
DEU,Harr,8
DEU,nussk,8
DEU,nussen,8
DEU,ja eggs,8
DEU,debrez,8
DEU,Tomaten geha,8
DEU,currry,8
DEU,vollcorn,8
DEU,frozen ber,8
DEU,Madel,8
DEU,Cou,8
DEU,long p,8
DEU,Mine,8
DEU,fleiwch,8
DEU,American Pancakes,8
DEU,yoghurt 10,8
DEU,rippe,8
DEU,hair tie,8
DEU,zwiebelwurst,8
DEU,kräuterbutte,8
DEU,fruhst,8
DEU,grünkern,8
DEU,nesscafe,8
DEU,milchnudeln,8
DEU,rocca,8
DEU,Schman,8
DEU,sunlolly,8
DEU,wein tetrapack,8
DEU,küchen t,8
DEU,pekme,8
DEU,frisckäse,8
DEU,handdes,8
DEU,schlagsahne vegan,8
DEU,katzen milch,8
DEU,sticky reis,8
DEU,dish washing liquid,8
DEU,pre nahrung,8
DEU,bio meat,8
DEU,knoblo,8
DEU,pizza sala,8
DEU,vegane sah,8
DEU,Konfi,8
DEU,gurc,8
DEU,schoj,8
DEU,baze,8
DEU,Spaghett,8
DEU,durüm,8
DEU,reztertüte,8
DEU,trü fr,8
DEU,body shampoo,8
DEU,sahnequark,8
DEU,ja chocolate,8
DEU,chice,8
DEU,blei,8
DEU,focacc,8
DEU,scheiblet,8
DEU,ballen,8
DEU,kug,8
DEU,alnatura h,8
DEU,toiley,8
DEU,wild salmon,8
DEU,susk,8
DEU,eebsen,8
DEU,Filterhülsen,8
DEU,fruhs,8
DEU,Pflaumensaft,8
DEU,biw,8
DEU,quark 40%,8
DEU,depdorant,8
DEU,apfelrotkohl,8
DEU,Gumm,8
DEU,Slipeinlage,8
DEU,basel,8
DEU,carta,8
DEU,nelt,8
DEU,Dallmayr,8
DEU,butter streichzart,8
DEU,drachenfruchtsaft,8
DEU,guinne,8
DEU,yoghurt rewe,8
DEU,büffelmozz,8
DEU,scharfe sosse,8
DEU,bio vegan,8
DEU,wras,8
DEU,cottage cheese low fat,8
DEU,sebf,8
DEU,Eis mandel,8
DEU,aubergibe,8
DEU,air fres,8
DEU,"coca cola 1,5",8
DEU,bio eir,8
DEU,Luftballons,8
DEU,yasmin,8
DEU,natural water,8
DEU,brotschen,8
DEU,cantucc,8
DEU,alnatura t,8
DEU,schoko trö,8
DEU,Kaffeemilch,8
DEU,Zucke,8
DEU,camelia,8
DEU,Dei,8
DEU,nsse,8
DEU,creme fraische,8
DEU,cuca,8
DEU,sußkar,8
DEU,pastis,8
DEU,nimm2 soft,8
DEU,hot dof,8
DEU,keulen,8
DEU,weiwein,8
DEU,feta cre,8
DEU,yoghrt,8
DEU,sinply,8
DEU,eis cu,8
DEU,Papes,8
DEU,kochsahne light,8
DEU,harry sa,8
DEU,self,8
DEU,Frühl,8
DEU,lufterfr,8
DEU,baking so,8
DEU,schokold,8
DEU,mozarella geri,8
DEU,rubic,8
DEU,kett,8
DEU,heit,8
DEU,baby spin,8
DEU,Hygiene spüler,8
DEU,vegano,8
DEU,Kurz,8
DEU,dairy free,8
DEU,Teebeutel,8
DEU,water medium,8
DEU,paprika g,8
DEU,presse,8
DEU,cui,8
DEU,reisen,8
DEU,sante,8
DEU,diebe,8
DEU,weißweiness,8
DEU,Marmelade bio,8
DEU,srite,8
DEU,nik na,8
DEU,galangal,8
DEU,guren,8
DEU,rris,8
DEU,mur,8
DEU,Tiefkühle,8
DEU,softis,8
DEU,schwer,8
DEU,vegetarische salami,8
DEU,Bio Obst,8
DEU,Cl,8
DEU,guanca,8
DEU,wärmflasche,8
DEU,käsewürst,8
DEU,französisch,8
DEU,Kafee,8
DEU,milka dark,8
DEU,bix,8
DEU,salzbu,8
DEU,nagelknipser,8
DEU,bio würstchen,8
DEU,meusli,8
DEU,muslu,8
DEU,chines,8
DEU,poha,8
DEU,schmelzflocke,8
DEU,kine,8
DEU,wundschutz,8
DEU,farfal,8
DEU,blue cu,8
DEU,blumene,8
DEU,creps,8
DEU,sauerbraten,8
DEU,h-sahne,8
DEU,obszda,8
DEU,isana,8
DEU,Chili cheese,8
DEU,hewürze,8
DEU,tore,8
DEU,monk fruit,8
DEU,tortella,8
DEU,käsekreiner,8
DEU,wisw,8
DEU,burger brotchen,8
DEU,häc,8
DEU,oueblo,8
DEU,soap dish,8
DEU,mate z,8
DEU,recover,8
DEU,ezi,8
DEU,Spagett,8
DEU,käsegebäck,8
DEU,wine white,8
DEU,lekker,8
DEU,schs,8
DEU,dleisch,8
DEU,sun dried to,8
DEU,wassermeline,8
DEU,Sprü,8
DEU,Alnatura pizza,8
DEU,cke,8
DEU,spaghetti bolognese,8
DEU,wolvic,8
DEU,chips pap,8
DEU,Agar,8
DEU,mini s,8
DEU,cowl,8
DEU,Gerieben,8
DEU,mentho,8
DEU,heinz bohnen,8
DEU,blue ch,8
DEU,powdered,8
DEU,chocolate box,8
DEU,Burger sauce,8
DEU,frischkae,8
DEU,sherr,8
DEU,prit,8
DEU,chocolate mousse,8
DEU,alpenhain,8
DEU,5m,8
DEU,tomatenke,8
DEU,mert,8
DEU,Natur jogh,8
DEU,kaergarde,8
DEU,bullda,8
DEU,weißburgunder,8
DEU,kukki,8
DEU,larco,8
DEU,muscovado,8
DEU,sandwichkä,8
DEU,yogurt laktosefrei,8
DEU,streml,8
DEU,milk bio 1.5,8
DEU,hick hack,8
DEU,fleischto,8
DEU,block cheese,8
DEU,frischei,8
DEU,ferreo,8
DEU,mückenspray,8
DEU,balsi,8
DEU,direktsa,8
DEU,hähnchen b,8
DEU,toor,8
DEU,dumbling,8
DEU,lotus cre,8
DEU,linsen nudel,8
DEU,salatkräu,8
DEU,OCB,8
DEU,möhrem,8
DEU,gyros gewürz,8
DEU,koro pro,8
DEU,vilda,8
DEU,eisree,8
DEU,veggie burger,8
DEU,apfelmaek,8
DEU,eag,8
DEU,lotis,8
DEU,öle,8
DEU,flec,8
DEU,cheest,8
DEU,peperonie,8
DEU,karls,8
DEU,kana,8
DEU,toamte,8
DEU,cola zero ko,8
DEU,5minuten,8
DEU,flosa,8
DEU,cocosnuss,8
DEU,eyes,8
DEU,zwien,8
DEU,yau,8
DEU,eistee ze,8
DEU,Sahne laktosefrei,8
DEU,griesbre,8
DEU,Fleischpflanzerl,8
DEU,zwoebeln,8
DEU,spgh,8
DEU,salted chips,8
DEU,rinderbruhe,8
DEU,rinderfil,8
DEU,joghurt l,8
DEU,nespresso decaf,8
DEU,teachers,8
DEU,capellini,8
DEU,hänchen wurst,8
DEU,berne,8
DEU,sekundenkle,8
DEU,eiS,8
DEU,süßung,8
DEU,pc,8
DEU,brasi,8
DEU,dilter,8
DEU,käse mild,8
DEU,rapid,8
DEU,dittman,8
DEU,beoko,8
DEU,kaffeekon,8
DEU,Jala,8
DEU,brie cheese,8
DEU,chillo,8
DEU,krem peynir,8
DEU,Davidoff classic,8
DEU,germa,8
DEU,heidelberren,8
DEU,blüt,8
DEU,mirabe,8
DEU,tando,8
DEU,popcorn süß,8
DEU,körner brot,8
DEU,weß,8
DEU,motadella,8
DEU,mutti tomaten,8
DEU,granini fresh,8
DEU,näse,8
DEU,capci,8
DEU,milke,8
DEU,Soß,8
DEU,kuchen boden,8
DEU,microw,8
DEU,munchies,8
DEU,shnitzel,8
DEU,litsc,8
DEU,pfirsicj,8
DEU,schokolade 80%,8
DEU,Soap,8
DEU,Pepsi max,8
DEU,hinterschi,8
DEU,für,8
DEU,altivkohle,8
DEU,kokosmilcg,8
DEU,linseneintop,8
DEU,Schock,8
DEU,dank,8
DEU,soufle,8
DEU,kruste,8
DEU,harry protein,8
DEU,Instanz,8
DEU,streichgut,8
DEU,shp,8
DEU,soja alpro,8
DEU,maple syr,8
DEU,Monin,8
DEU,bubble t,8
DEU,calabr,8
DEU,seco,8
DEU,sargota,8
DEU,backbröt,8
DEU,needle,8
DEU,rewe ei,8
DEU,sprute,8
DEU,pinzet,8
DEU,chili mix,8
DEU,Air fryer,8
DEU,süßun,8
DEU,artischock,8
DEU,breqd,8
DEU,carto,8
DEU,hariv,8
DEU,eistes,8
DEU,gatnelen,8
DEU,tomatemark,8
DEU,xbox,8
DEU,lobe,8
DEU,protoen,8
DEU,parsel,8
DEU,italian seasoning,8
DEU,coconut sugar,8
DEU,kuchen mischung,8
DEU,tuli,8
DEU,klinge,8
DEU,Magnum vegan,8
DEU,koksmilch,8
DEU,Sprude,8
DEU,löffelbiscuit,8
DEU,ICE,8
DEU,proto,8
DEU,brot ja,8
DEU,wasser mit kohlens,8
DEU,kokis,8
DEU,hühnerherz,8
DEU,crispy chili oil,8
DEU,Pea,8
DEU,spaghettie,8
DEU,spatzl,8
DEU,hähnchwn,8
DEU,Wirst,8
DEU,leise,8
DEU,4%,8
DEU,tomatenmarke,8
DEU,geflügel wu,8
DEU,sirp,8
DEU,vollkornre,8
DEU,No,8
DEU,Ric,8
DEU,Hack vegan,8
DEU,brato,8
DEU,hächn,8
DEU,cornflakes ungesüßt,8
DEU,bj,8
DEU,bull it,8
DEU,mezc,8
DEU,lakot,8
DEU,pilsen,8
DEU,zum,8
DEU,bagute,8
DEU,flasc,8
DEU,africol,8
DEU,käseaufs,8
DEU,griechischer joguhrt,8
DEU,gerö,8
DEU,Schinken spicker,8
DEU,buckwh,8
DEU,Pfi,8
DEU,lien,8
DEU,prtersilie,8
DEU,coconut wayer,8
DEU,veltin,8
DEU,Meridol,8
DEU,toilettenpapier 4 lagig,8
DEU,mini sausage,8
DEU,organic eggs,8
DEU,tomatte,8
DEU,orien,8
DEU,rinder h,8
DEU,Mountain,8
DEU,akvar,8
DEU,kuchenp,8
DEU,cold c,8
DEU,harry k,8
DEU,malz bier,8
DEU,sojagra,8
DEU,pizza vegetarisch,8
DEU,cheece,8
DEU,zwiebeln tk,8
DEU,salzige chips,8
DEU,high protein p,8
DEU,kaisersc,8
DEU,reis mikro,8
DEU,pasta alnatura,8
DEU,Orangens,8
DEU,Johannes,8
DEU,oluve,8
DEU,uogurt,8
DEU,huhm,8
DEU,Eis rewe,8
DEU,schmelzka,8
DEU,gioi,8
DEU,batar,8
DEU,bleib,8
DEU,gep,8
DEU,madeln,8
DEU,stückige tomate,8
DEU,bore,8
DEU,Baguette salami,8
DEU,mozarellast,8
DEU,presid,8
DEU,mayo bio,8
DEU,och,8
DEU,Nuss nougat,8
DEU,Nudeln glutenfrei,8
DEU,edamae,8
DEU,halal flei,8
DEU,lekse,8
DEU,koto,8
DEU,Smash,8
DEU,dekt,8
DEU,herr's,8
DEU,mandelmilvh,8
DEU,Paella,8
DEU,eiersalt,8
DEU,chilo,8
DEU,coriandee,8
DEU,vegane mort,8
DEU,remulad,8
DEU,kurbiskern,8
DEU,cantuc,8
DEU,göt,8
DEU,ben und j,8
DEU,gefrier beutel,8
DEU,arial,8
DEU,chaps,8
DEU,tia,8
DEU,this is good,8
DEU,Süßigkeit,8
DEU,kapri,8
DEU,brandenburg,8
DEU,kaffee syrup,8
DEU,tolette,8
DEU,tk zwiebeln,8
DEU,shink,8
DEU,macro,8
DEU,konfitur,8
DEU,backofe,8
DEU,frang,8
DEU,minerals,8
DEU,provola,8
DEU,zotron,8
DEU,eintöp,8
DEU,koffeinfr,8
DEU,salz st,8
DEU,platano,8
DEU,erbswn,8
DEU,hafermiclh,8
DEU,mirab,8
DEU,tube,8
DEU,soljanka,8
DEU,Eist,8
DEU,hrie,8
DEU,biozi,8
DEU,minetal,8
DEU,curacao,8
DEU,instant suppe,8
DEU,karpackie,8
DEU,Wasser Classic,8
DEU,schalgsahne,8
DEU,irangensaft,8
DEU,alpro coco,8
DEU,Klopapier ja,8
DEU,marath,8
DEU,baby gläschen,8
DEU,storage,8
DEU,erdbeermil,8
DEU,hario,8
DEU,Gewürzmischung,8
DEU,bio zucker,8
DEU,fruchtquar,8
DEU,veganes chicken,8
DEU,ragou,8
DEU,glas re,8
DEU,rette mich,8
DEU,königsberg,8
DEU,"Alnatura Weidemilchquark Magerstufe, bio, 250 g",8
DEU,rucolq,8
DEU,schlemmert,8
DEU,babywipes,8
DEU,peperoncini,8
DEU,yea,8
DEU,Frischäse,8
DEU,ccola,8
DEU,Beef jerky,8
DEU,Hands,8
DEU,poco,8
DEU,frish kase,8
DEU,rahmspina,8
DEU,fot,8
DEU,lachm,8
DEU,haribo cola,8
DEU,kokos m,8
DEU,sauce hollondaise,8
DEU,aver,8
DEU,pasta saice,8
DEU,coocki,8
DEU,kräuter tee,8
DEU,Joghurt vega,8
DEU,shar,8
DEU,erdbus,8
DEU,weißb,8
DEU,waaer,8
DEU,cloths,8
DEU,glutein frei,8
DEU,Frischkäse ja,8
DEU,beef salami,8
DEU,waterdr,8
DEU,wrqp,8
DEU,poul,8
DEU,ova,8
DEU,kaffeemaschine,8
DEU,high protein pu,8
DEU,Wiener wür,8
DEU,wischtuch,8
DEU,häag,8
DEU,rasierkling,8
DEU,brillenputz,8
DEU,ragout fin,8
DEU,pufer,8
DEU,matcha powder,8
DEU,elisa,8
DEU,stah,8
DEU,finnish,8
DEU,bio rinder,8
DEU,alkoholfreies b,8
DEU,brött,8
DEU,m7x,8
DEU,fage total,8
DEU,marmeladw,8
DEU,tomaten in,8
DEU,alliol,8
DEU,ingwer pulver,8
DEU,pspr,8
DEU,day,8
DEU,galeta,8
DEU,fruti,8
DEU,kaffeweiser,8
DEU,cheestring,8
DEU,cole slaw,8
DEU,cockring,8
DEU,karotten erbsen,8
DEU,hänchen fleisch,8
DEU,ska,8
DEU,babykeks,8
DEU,mevlana,8
DEU,vanilleextra,8
DEU,Zimtstange,8
DEU,choclate chips,8
DEU,Waschmitte,8
DEU,putem,8
DEU,oilze,8
DEU,q tipp,8
DEU,minig,8
DEU,hafer flock,8
DEU,swie,8
DEU,high protein schoko,8
DEU,waserm,8
DEU,gyos,8
DEU,Vollkorn toast,8
DEU,Eiet,8
DEU,ei vegan,8
DEU,lea,8
DEU,dunai,8
DEU,dem,8
DEU,heiße zitrone,8
DEU,quark lakt,8
DEU,arri,8
DEU,chips bbq,8
DEU,batterien aaa,8
DEU,laktosefreier quark,8
DEU,vannila,8
DEU,protein tortillas,8
DEU,choco pie,8
DEU,toilettenpapaier,8
DEU,suppen gemüse,8
DEU,katzenstrez,8
DEU,rahm so,8
DEU,schlemme,8
DEU,porrig,8
DEU,pomba,8
DEU,chicken sau,8
DEU,seb,8
DEU,ingwerpulver,8
DEU,baked pot,8
DEU,Caramel,8
DEU,celary,8
DEU,miil,8
DEU,naturyo,8
DEU,noger,8
DEU,caputo,8
DEU,baby powder,8
DEU,pancar,8
DEU,cola 6er,8
DEU,nagelp,8
DEU,mits,8
DEU,haferfo,8
DEU,hafer co,8
DEU,jufka,8
DEU,pulses,8
DEU,currypast,8
DEU,bio mozarella,8
DEU,currypul,8
DEU,frozen yogurt,8
DEU,three si,8
DEU,Mehl 405,8
DEU,ananas scheiben,8
DEU,Vl,8
DEU,sparkle,8
DEU,müsli rewe,8
DEU,frozen garlic,8
DEU,Haferkleie,8
DEU,eis ca,8
DEU,federwei,8
DEU,leino,8
DEU,gong,8
DEU,silberfi,8
DEU,hay,8
DEU,vegan sa,8
DEU,zwu,8
DEU,kösr,8
DEU,dark chocolat,8
DEU,gehobelt,8
DEU,belegte Br,8
DEU,schoko waffel,8
DEU,joghurt va,8
DEU,knoblauchbague,8
DEU,light m,8
DEU,buttw,8
DEU,milchaltern,8
DEU,brechbohne,8
DEU,jg,8
DEU,gratinkäs,8
DEU,strips,8
DEU,Yumyum,8
DEU,spriz,8
DEU,Viva,8
DEU,Pecorino,8
DEU,marlboro craf,8
DEU,Flecken,8
DEU,weltm,8
DEU,stap,8
DEU,milch a,8
DEU,pizza haw,8
DEU,Koffein,8
DEU,sonnenfinster,8
DEU,haferfloken,8
DEU,schweinefil,8
DEU,more pr,8
DEU,becker,8
DEU,Mango lassi,8
DEU,baby saft,8
DEU,tortol,8
DEU,kräuter baguett,8
DEU,babyw,8
DEU,puffre,8
DEU,cumin seeds,8
DEU,nagels,8
DEU,skyr lac,8
DEU,Hitschies,8
DEU,"joghurt 0,",8
DEU,molok,8
DEU,reiswsffeln,8
DEU,rot wei,8
DEU,bepanten,8
DEU,salami ge,8
DEU,laza,8
DEU,arm,8
DEU,konvertüre,8
DEU,dinish,8
DEU,protein oudding,8
DEU,brother,8
DEU,schokolade ritter,8
DEU,klorein,8
DEU,eneg,8
DEU,kredse,8
DEU,cooked,8
DEU,faschinger,8
DEU,sam yang,8
DEU,frick,8
DEU,zasiki,8
DEU,Ballaststoffe,8
DEU,vannil,8
DEU,dinkelpops,8
DEU,katzenzungen,8
DEU,Cla,8
DEU,halal w,8
DEU,kag,8
DEU,glass reiniger,8
DEU,buldo,8
DEU,käsekucheb,8
DEU,joghurt frucht,8
DEU,Geschirrs,8
DEU,müllbeitel,8
DEU,crem fre,8
DEU,algensalat,8
DEU,kaffee sticks,8
DEU,somet,8
DEU,babyö,8
DEU,snavk,8
DEU,powerrad,8
DEU,Soja joghurt,8
DEU,vio wasser,8
DEU,sacher,8
DEU,gemusebr,8
DEU,körpercreme,8
DEU,chocolate ice cream,8
DEU,rügenwaldet,8
DEU,kondome xxl,8
DEU,vegetarische würstchen,8
DEU,sajne,8
DEU,ciköfte,8
DEU,kehr,8
DEU,salzl,8
DEU,Ste,8
DEU,magerquak,8
DEU,damen binden,8
DEU,Loreal,8
DEU,eiser,8
DEU,girlande,8
DEU,hotdog brötchen,8
DEU,mix veg,8
DEU,chips olivenöl,8
DEU,schlemmer filet,8
DEU,off,8
DEU,putte,8
DEU,spülmaschinen tab,8
DEU,ohrens,8
DEU,fonda,8
DEU,yoghury,8
DEU,anann,8
DEU,martiale,8
DEU,Ehr,8
DEU,poteto,8
DEU,nash,8
DEU,snacl,8
DEU,pesto cala,8
DEU,kinder maxi king,8
DEU,salla,8
DEU,chevre,8
DEU,vegan yog,8
DEU,marks,8
DEU,citrovin,8
DEU,gallse,8
DEU,haftc,8
DEU,brötchen vollkorn,8
DEU,chocochips,8
DEU,würstchen gulasch,8
DEU,knorr pasta,8
DEU,corona 0,8
DEU,kindercountry,8
DEU,wage,8
DEU,iced latte,8
DEU,amerik,8
DEU,chocolate 70,8
DEU,lipton eistee,8
DEU,zwiw,8
DEU,mellerud,8
DEU,oliven alnatura,8
DEU,frnchel,8
DEU,protein barilla,8
DEU,vegane salam,8
DEU,Dryll,8
DEU,fast food,8
DEU,salt dish,8
DEU,mascarponw,8
DEU,apd,8
DEU,turkcola,8
DEU,caffeine free,8
DEU,Herta Finesse Putenbrustaufschnitt ofengegrillt,8
DEU,blocksch,8
DEU,soda s,8
DEU,Möhr,8
DEU,gegrill,8
DEU,mandelöl,8
DEU,gehakte,8
DEU,glasrr,8
DEU,ja toi,8
DEU,mandrl,8
DEU,ayrn,8
DEU,pien,8
DEU,Noodl,8
DEU,schattenmore,8
DEU,mundspray,8
DEU,blattchen,8
DEU,subtat,8
DEU,ja frischk,8
DEU,Ziegenmilch,8
DEU,zartbittersch,8
DEU,ssa,8
DEU,Angeb,8
DEU,eistwe,8
DEU,taxofit,8
DEU,textmarker,8
DEU,achnitzel,8
DEU,jalepe,8
DEU,soft co,8
DEU,type,8
DEU,gemahlene man,8
DEU,Spec,8
DEU,tiefkühl himbeeren,8
DEU,priö,8
DEU,laktose frei milch,8
DEU,aprika,8
DEU,hackfleisch fettarm,8
DEU,tucs,8
DEU,ja mo,8
DEU,Königen,8
DEU,alnatura vanill,8
DEU,erdbeer püree,8
DEU,pills,8
DEU,halv,8
DEU,cesar dressing,8
DEU,rk,8
DEU,milch bären,8
DEU,sonenblumen,8
DEU,gusca,8
DEU,friechk,8
DEU,Nimm 2,8
DEU,Babyspinat,8
DEU,fanta exotic zero,8
DEU,refbull,8
DEU,kartofwl,8
DEU,yoghurt alpro,8
DEU,aronia,8
DEU,spulmitt,8
DEU,peck,8
DEU,brät,8
DEU,tana,8
DEU,raw milk,8
DEU,curub,8
DEU,mailt,8
DEU,haarpflege,8
DEU,to ic,8
DEU,heinicken,8
DEU,wrd,8
DEU,frichk,8
DEU,schnittbrot,8
DEU,can tomato,8
DEU,halss,8
DEU,maosm,8
DEU,knei,8
DEU,feuchte tü,8
DEU,thighs,8
DEU,red sauce,8
DEU,primgles,8
DEU,schokolade zero,8
DEU,nieder,8
DEU,tena men,8
DEU,kegi,8
DEU,häncjen,8
DEU,müller joghurt,8
DEU,domat,8
DEU,coppenrath & wiese,8
DEU,kartogg,8
DEU,tofif,8
DEU,zitronenkuc,8
DEU,rafaell,8
DEU,bio soja,8
DEU,jägerme,8
DEU,crotons,8
DEU,eis erdbeere,8
DEU,forel,8
DEU,Zigarettenhülsen,8
DEU,dino nugget,8
DEU,hackfleisch ge,8
DEU,lebrot,8
DEU,fonzi,8
DEU,tweezers,8
DEU,filter kaff,8
DEU,Cola koffeinfrei,8
DEU,rote berte,8
DEU,geflügel wür,8
DEU,Champign,8
DEU,horchata,8
DEU,cola ziro,8
DEU,putrn,8
DEU,grip,8
DEU,acq,8
DEU,flisch,8
DEU,sauer gur,8
DEU,alnatura w,8
DEU,tarhana,8
DEU,spülmach,8
DEU,fishermen,8
DEU,pannini,8
DEU,Medium,8
DEU,wasser 6x,8
DEU,eis ben,8
DEU,hähncg,8
DEU,pilzs,8
DEU,thini,8
DEU,rahmgemüse,8
DEU,sandwich kä,8
DEU,teibekäse,8
DEU,bolognese sauce,8
DEU,turkey slices,8
DEU,kreuzkümm,8
DEU,pepor,8
DEU,grillfa,8
DEU,dessert so,8
DEU,-196,8
DEU,gogo,8
DEU,Tapas,8
DEU,deutschländer,8
DEU,prte,8
DEU,haffermilch,8
DEU,rinderr,8
DEU,Spagh,8
DEU,zimtstangen,8
DEU,crosson,8
DEU,Schoko Soße,8
DEU,honey must,8
DEU,ja kekse,8
DEU,yoghurt laktose,8
DEU,feta laktosefrei,8
DEU,Tomaten st,8
DEU,domin,8
DEU,penat,8
DEU,bohnen grün,8
DEU,roiboos,8
DEU,Ben & Jerry's,8
DEU,low fat yogurt,8
DEU,holzspieße,8
DEU,chanpig,8
DEU,cottagw cheese,8
DEU,gelix,8
DEU,vegan jogurt,8
DEU,nelone,8
DEU,uber,8
DEU,lagona,8
DEU,bron,8
DEU,weidenmilch,8
DEU,saurk,8
DEU,chinapfanne,8
DEU,vogelf,8
DEU,original,8
DEU,saltletts,8
DEU,eis sauce,8
DEU,hähnchen gesch,8
DEU,Müllbe,8
DEU,textiler,8
DEU,paprika gr,8
DEU,supernatural,8
DEU,bärenmar,8
DEU,pizza ton,8
DEU,maman,8
DEU,Cann,8
DEU,paranus,8
DEU,blimen,8
DEU,florette,8
DEU,wasch mittel,8
DEU,radische,8
DEU,nuttell,8
DEU,matchq,8
DEU,blumenkohl reis,8
DEU,blumeb,8
DEU,gummibärchen sauer,8
DEU,kötbull,8
DEU,frozen bl,8
DEU,wasser 1.5,8
DEU,cheese sause,8
DEU,zwiebelring,8
DEU,berry frozen,8
DEU,emmenth,8
DEU,starn,8
DEU,weischsp,8
DEU,fos,8
DEU,schokochunks,8
DEU,poebl,8
DEU,käse f,8
DEU,pomog,8
DEU,snicl,8
DEU,apfelsft,8
DEU,vanillepuddin,8
DEU,kötbu,8
DEU,floe,8
DEU,flüssigse,8
DEU,elfbsr,8
DEU,sinek,8
DEU,dunkle so,8
DEU,pappt,8
DEU,duschgrl,8
DEU,elektronik,8
DEU,mosc,8
DEU,aperitiv,8
DEU,dallmayer,8
DEU,tk erb,8
DEU,sardini,8
DEU,warst,8
DEU,buchee,8
DEU,mish,8
DEU,5 korn,8
DEU,scarm,8
DEU,rempulade,8
DEU,käseaufsc,8
DEU,canu,8
DEU,lever,8
DEU,Club,8
DEU,aufstrick,8
DEU,bata,8
DEU,becks gold,8
DEU,fisch fond,8
DEU,green p,8
DEU,cola cero,8
DEU,zero redbull,8
DEU,reismeh,8
DEU,cocopops,8
DEU,salat to go,8
DEU,Gummibärchen?,8
DEU,pecorina,8
DEU,pama,8
DEU,Salami Sticks,8
DEU,geflugelwurst,8
DEU,sengül,8
DEU,sour vream,8
DEU,Feld,8
DEU,ernu,8
DEU,johur,8
DEU,ringlis,8
DEU,cakr,8
DEU,macademia,8
DEU,Mic,8
DEU,renoulade,8
DEU,dolce g,8
DEU,saline,8
DEU,schinkel,8
DEU,salamistic,8
DEU,yoghourt,8
DEU,chöor,8
DEU,hipp combiotik pre,8
DEU,obst t,8
DEU,rinder gulasch,8
DEU,kob,8
DEU,reiscr,8
DEU,euro,8
DEU,rasber,8
DEU,wassef,8
DEU,kellig,8
DEU,frischek,8
DEU,Kaffee kal,8
DEU,Vitamin wasser,8
DEU,schwipp schwa,8
DEU,knack&back,8
DEU,wine gums,8
DEU,karl,8
DEU,hnig,8
DEU,Guaca,8
DEU,Rewe wasser,8
DEU,hoy,8
DEU,zigarettwn,8
DEU,fana,8
DEU,fel7x,8
DEU,klopapuer,8
DEU,pfo,8
DEU,meret,8
DEU,kartoffel stärke,8
DEU,Erdbeer Marmelade,8
DEU,bh,8
DEU,Fleischs,8
DEU,leor,8
DEU,img,8
DEU,veleda,8
DEU,bio oliven,8
DEU,dean,8
DEU,erka,8
DEU,hafermulch,8
DEU,maist,8
DEU,scholol,8
DEU,salsicca,8
DEU,olove,8
DEU,karg,8
DEU,vollkorn to,8
DEU,küchenreini,8
DEU,bodentu,8
DEU,basilikzm,8
DEU,brin,8
DEU,toilettenpapier 4,8
DEU,taleggio,8
DEU,Jagd,8
DEU,erdnüsse ungesalzen,8
DEU,pastic,8
DEU,davodoff,8
DEU,gruechischer joghurt,8
DEU,knoblaucv,8
DEU,nitell,8
DEU,Cips,8
DEU,Joghurt grie,8
DEU,erdbussbutter,8
DEU,raffinade,8
DEU,leonor,8
DEU,instant cafe,8
DEU,rügeb,8
DEU,20,8
DEU,hamburger brotchen,8
DEU,dove soap,8
DEU,Yes,8
DEU,BUTTER,8
DEU,balsamico crem,8
DEU,Ocb,8
DEU,alnatura yogurt,8
DEU,eiswürfle,8
DEU,pizza al,8
DEU,uo,8
DEU,alnatura snack,8
DEU,sommerrolle,8
DEU,washgel,8
DEU,marak,8
DEU,grichis,8
DEU,cereales,8
DEU,toar,8
DEU,süßigkeite,8
DEU,käsesoß,8
DEU,codka,8
DEU,Grüne bohnen,8
DEU,blöttchen,8
DEU,marxiale,8
DEU,suppenfle,8
DEU,getrocknete fr,8
DEU,Auberg,8
DEU,gurkeb,8
DEU,zahlen,8
DEU,ersbe,8
DEU,psyllium husk,8
DEU,schinkne,8
DEU,toust,8
DEU,mozzatella,8
DEU,chicken pasta,8
DEU,reibekuc,8
DEU,papteller,8
DEU,the vegetarian butcher,8
DEU,minerallwasser,8
DEU,Kich,8
DEU,gehackte t,8
DEU,coldbrew,8
DEU,hind,8
DEU,sija,8
DEU,papruka,8
DEU,bocks,8
DEU,Lorbeerblatt,8
DEU,coffee c,8
DEU,block ho,8
DEU,pfefferlinge,8
DEU,vegan hackfleisch,8
DEU,karottini,8
DEU,delis,8
DEU,princess,8
DEU,kornflex,8
DEU,karottenkuchen,8
DEU,tigari,8
DEU,hühnerei,8
DEU,bst,8
DEU,vegetarian but,8
DEU,köstr,8
DEU,salami alnatura,8
DEU,Papika,8
DEU,pina col,8
DEU,Toasty,8
DEU,geschm,8
DEU,soya yogurt,8
DEU,appenze,8
DEU,freche fre,8
DEU,Griess,8
DEU,thai basi,8
DEU,cinimini,8
DEU,Kokos Wasser,8
DEU,Gewürz gurken,8
DEU,dinkel brezel,8
DEU,pizza margarita,8
DEU,mokka,8
DEU,milch bärenmarke,8
DEU,deos,8
DEU,kamo,8
DEU,Rah,8
DEU,redbuöl,8
DEU,milch bro,8
DEU,bursta,8
DEU,piy,8
DEU,bueno white,8
DEU,silb,8
DEU,süss kartoffel,8
DEU,Wein rose,8
DEU,würstxhen,8
DEU,sauer cream,8
DEU,pervoll,8
DEU,suf,8
DEU,senf scharf,8
DEU,yogurts,8
DEU,wellen,8
DEU,alro,8
DEU,beeren tiefk,8
DEU,nussknacker,8
DEU,fueho,8
DEU,honig sen,8
DEU,pasta p,8
DEU,frolic,8
DEU,Croissan,8
DEU,rippch,8
DEU,orsnge,8
DEU,Rees,8
DEU,schnittlsuch,8
DEU,nufe,8
DEU,remi,8
DEU,dogan,8
DEU,perme,8
DEU,reibekäse gouda,8
DEU,ravil,8
DEU,hageb,8
DEU,scambi,8
DEU,heringe,8
DEU,obst konserve,8
DEU,cheaps,8
DEU,kakai,8
DEU,red bull zuckerfrei,8
DEU,Salatkrönung,8
DEU,glaste,8
DEU,grillwü,8
DEU,frij,8
DEU,kreuzku,8
DEU,ztr,8
DEU,butter veg,8
DEU,fettloser,8
DEU,Hähnchensch,8
DEU,wieber,8
DEU,Mineralwa,8
DEU,häagen dazs,8
DEU,Mlch,8
DEU,mini brezeln,8
DEU,Buttr,8
DEU,kaffee decaf,8
DEU,apfel mango,8
DEU,Teri,8
DEU,van holten,8
DEU,Frühlingszwi,8
DEU,anto,8
DEU,hefeflocke,8
DEU,traubenzuck,8
DEU,snu,8
DEU,Heidelbee,8
DEU,jack link,8
DEU,brote,8
DEU,pnion,8
DEU,bittermandel,8
DEU,more fi,8
DEU,schokoladen eis,8
DEU,skittels,8
DEU,bresso vegan,8
DEU,mandel barista,8
DEU,dinkel gepu,8
DEU,magnum gold,8
DEU,granola bars,8
DEU,kekse hafer,8
DEU,rinderknochen,8
DEU,corriand,8
DEU,vita c,8
DEU,chicc,8
DEU,haarmas,8
DEU,poll,8
DEU,jäh,8
DEU,cigko,8
DEU,tava,8
DEU,dinkelpizza,8
DEU,haferflocken kernig,8
DEU,tyro,8
DEU,spare ribs,8
DEU,suku,8
DEU,glutenfrwi,8
DEU,vibrato,8
DEU,hafer crun,8
DEU,zitton,8
DEU,lel,8
DEU,putzmi,8
DEU,erasko,8
DEU,Chickenwings,8
DEU,windeln grö,8
DEU,mostard,8
DEU,vodaka,8
DEU,haferkraft,8
DEU,Heringsfilet,8
DEU,sandv,8
DEU,pesnut,8
DEU,konze,8
DEU,parmaschi,8
DEU,kühlakk,8
DEU,canelli,8
DEU,riter,8
DEU,keramik,8
DEU,endivien,8
DEU,weich käse,8
DEU,grobe bratwurst,8
DEU,fisch vegan,8
DEU,joghurt na,8
DEU,schweinenack,8
DEU,kartofgeln,8
DEU,wai,8
DEU,sosisli,8
DEU,mach 3,8
DEU,xyli,8
DEU,boil,8
DEU,rubber,8
DEU,laugenbrezeln,8
DEU,tiffin,8
DEU,berger,8
DEU,suz,8
DEU,mexikani,8
DEU,fly spray,8
DEU,Marlboro Mix,8
DEU,Joghurt 0,8
DEU,spültaps,8
DEU,sprite zerp,8
DEU,Mineralwasser ja,8
DEU,dpargel,8
DEU,grind,8
DEU,kinderzahn,8
DEU,green onio,8
DEU,tavuk suyu,8
DEU,stei,8
DEU,eiscu,8
DEU,lipton sparkling,8
DEU,Eier Bio,8
DEU,verb,8
DEU,rote ber,8
DEU,Gaffel,8
DEU,fricht,8
DEU,kartoffell,8
DEU,Gum,8
DEU,romans,8
DEU,barn,8
DEU,joghurt m,8
DEU,lohr,8
DEU,twix white,8
DEU,vanille soja,8
DEU,tortelo,8
DEU,ged,8
DEU,schaa,8
DEU,le filou,8
DEU,karottensafr,8
DEU,san ca,8
DEU,tiefkühl kuchen,8
DEU,marzis,8
DEU,nasal spray,8
DEU,beurre,8
DEU,spinnenbeine,8
DEU,tunfidch,8
DEU,brezl,8
DEU,turs,8
DEU,stratia,8
DEU,joghurt al,8
DEU,müsli nuss,8
DEU,fleischal,8
DEU,nar eksisi,8
DEU,sonnenblumenke,8
DEU,tuvalet kagidi,8
DEU,Serviette,8
DEU,baking pan,8
DEU,scrub daddy,8
DEU,regg,8
DEU,lemon juic,8
DEU,reiseaff,8
DEU,nasendusche,8
DEU,türkische käse,8
DEU,rocka,8
DEU,ii,8
DEU,berliner kind,8
DEU,küchen reiniger,8
DEU,teil,8
DEU,heavy crea,8
DEU,busc,8
DEU,chiche,8
DEU,totwein,8
DEU,tomatendosen,8
DEU,parmesian,8
DEU,gord,8
DEU,kabab,8
DEU,flaschenb,8
DEU,vita well,8
DEU,majonä,8
DEU,Cola mix,8
DEU,pinkenkerne,8
DEU,Biomanufaktur,8
DEU,parmasc,8
DEU,gingee,8
DEU,trinkhalme,8
DEU,linsennudel,8
DEU,lammsbrau,8
DEU,rrd,8
DEU,ladyfin,8
DEU,block haus,8
DEU,Hänc,8
DEU,medikamente,8
DEU,ja to,8
DEU,poulet,8
DEU,wurst vega,8
DEU,mov,8
DEU,extrakt,8
DEU,dry cat food,8
DEU,healt,8
DEU,cacao pulver,8
DEU,mini schni,8
DEU,fisch soße,8
DEU,babytü,8
DEU,filinch,8
DEU,spargel grün,8
DEU,bitter cho,8
DEU,peitsch,8
DEU,geräucherter,8
DEU,spud,8
DEU,pasta pro,8
DEU,schnutzel,8
DEU,rocc,8
DEU,wrapping,8
DEU,fertig teig,8
DEU,schnee,8
DEU,kaisersemmel,8
DEU,tramezzini,8
DEU,snack gu,8
DEU,dpinat,8
DEU,erberen,8
DEU,btö,8
DEU,farben,8
DEU,cocosm,8
DEU,topa,8
DEU,biss,8
DEU,sprize,8
DEU,reispapie,8
DEU,Manner,8
DEU,Lind,8
DEU,pizza spe,8
DEU,sucum,8
DEU,tiefkühl him,8
DEU,Chiliflocken,8
DEU,juice apple,8
DEU,coli,8
DEU,maultaschen vegan,8
DEU,fertigsala,8
DEU,seitenb,8
DEU,py,8
DEU,pauls,8
DEU,siraca,8
DEU,madcarpone,8
DEU,coconutmilk,8
DEU,blur,8
DEU,mustard seeds,8
DEU,mitta,8
DEU,mulltu,8
DEU,käseba,8
DEU,hackfleisch gewürz,8
DEU,käse la,8
DEU,jafa,8
DEU,soda st,8
DEU,amatriciana,8
DEU,sherry vinegar,8
DEU,ducuk,8
DEU,milf,8
DEU,windeln 8,8
DEU,bruscheta,8
DEU,Dish,8
DEU,tax,8
DEU,El,8
DEU,crème fr,8
DEU,corn s,8
DEU,pickled onions,8
DEU,camanbert,8
DEU,pela,8
DEU,Studenten,8
DEU,granta,8
DEU,Nesca,8
DEU,marn,8
DEU,kichr,8
DEU,tpm,8
DEU,wrust,8
DEU,geburtstagskerze,8
DEU,jähn,8
DEU,gefluegel,8
DEU,peublo,8
DEU,burh,8
DEU,shakes,8
DEU,wimperntusche,8
DEU,wurz,8
DEU,vollkorn nud,8
DEU,frr,8
DEU,5 Minu,8
DEU,saute,8
DEU,vollkornmeh,8
DEU,rewe cake,8
DEU,tiefkühl br,8
DEU,brötchen gefroren,8
DEU,weizenbrotchen,8
DEU,pom bar,8
DEU,Rh,8
DEU,feter,8
DEU,alkoholfreies bie,8
DEU,knoer,8
DEU,passierte tomsten,8
DEU,Apfelkompott,8
DEU,rize,8
DEU,protwi,8
DEU,tanqueray,8
DEU,Gewü,8
DEU,mozerr,8
DEU,briosche,8
DEU,egh,8
DEU,nuu,8
DEU,walk,8
DEU,de cecco protein,8
DEU,fatteln,8
DEU,galb,8
DEU,vof,8
DEU,Lekka,8
DEU,nukel,8
DEU,baby mais,8
DEU,carpacio,8
DEU,geflügel fond,8
DEU,safe,8
DEU,starmix,8
DEU,cräcker,8
DEU,zucker ersatz,8
DEU,peingles,8
DEU,ken,8
DEU,grußkarte,8
DEU,ginseng,8
DEU,bluberries,8
DEU,cigr,8
DEU,cashewker,8
DEU,weiche,8
DEU,cocal,8
DEU,schno,8
DEU,wischmob,8
DEU,cocktailso,8
DEU,dinkelmwhl,8
DEU,spritze,8
DEU,blasenpfl,8
DEU,senf k,8
DEU,low kalorie,8
DEU,Mini mo,8
DEU,hafersah,8
DEU,teewirst,8
DEU,schoko mac,8
DEU,süß kart,8
DEU,getrocknete aprikosen,8
DEU,Almonds,8
DEU,protein gries,8
DEU,bacj,8
DEU,feinwas,8
DEU,Schwarze Bohnen,8
DEU,dr. beck,8
DEU,chhese,8
DEU,geflügel salam,8
DEU,käse fe,8
DEU,Bal,8
DEU,holunderbl,8
DEU,tolle,8
DEU,aiva,8
DEU,erap,8
DEU,gouda s,8
DEU,pozzateig,8
DEU,poly,8
DEU,dinkelwaffel,8
DEU,zwiebelmettwurst,8
DEU,choco f,8
DEU,coffe to go,8
DEU,wet t,8
DEU,volvic t,8
DEU,sauce holland,8
DEU,hurma,8
DEU,nappo,8
DEU,Semmeln,8
DEU,nüsse ja,8
DEU,Knuspr,8
DEU,quark soja,8
DEU,rohmilchkäse,8
DEU,soda str,8
DEU,sft,8
DEU,Käse scheiben,8
DEU,soap refill,8
DEU,buldk,8
DEU,putensch,8
DEU,wiltman,8
DEU,Lade,8
DEU,bratensa,8
DEU,alan,8
DEU,cheddar gerieben,8
DEU,zucinni,8
DEU,pizza sauc,8
DEU,lek,8
DEU,kakao n,8
DEU,hexenbecher,8
DEU,kräte,8
DEU,uson,8
DEU,knoblauchcre,8
DEU,saft orangen,8
DEU,pistacio,8
DEU,nivea shampoo,8
DEU,yoghurt vanille,8
DEU,apos,8
DEU,gemahle,8
DEU,y f,8
DEU,Instant Kaffee,8
DEU,kaser,8
DEU,bio to,8
DEU,ungez,8
DEU,gwü,8
DEU,mishroom,8
DEU,twiebeln,8
DEU,alporo,8
DEU,glüc,8
DEU,curry gew,8
DEU,chorizzo,8
DEU,wass er,8
DEU,gemüsep,8
DEU,schoele,8
DEU,Sesame,8
DEU,tweezer,8
DEU,chilliö,8
DEU,tile,8
DEU,letz,8
DEU,eier m,8
DEU,tomatesauce,8
DEU,räucherkäse,8
DEU,whiska,8
DEU,Seiden,8
DEU,müllbeutek,8
DEU,camomile,8
DEU,harrib,8
DEU,shower ge,8
DEU,tomaten dosen,8
DEU,rotkap,8
DEU,wurf,8
DEU,reinige,8
DEU,cpus,8
DEU,bleichmittel,8
DEU,augenbr,8
DEU,vanillepuddi,8
DEU,joghurtsauce,8
DEU,erbsen karotten,8
DEU,eierkuch,8
DEU,milch laktosef,8
DEU,chopsticks,8
DEU,Die limo,8
DEU,extra kau,8
DEU,nivea sun,8
DEU,brathäh,8
DEU,ei gekocht,8
DEU,saft birne,8
DEU,Coriander,8
DEU,luky,8
DEU,rice waffles,8
DEU,gemüseaufstrich,8
DEU,portulak,8
DEU,creme fraish,8
DEU,beyaz pey,8
DEU,vegan wiener,8
DEU,buntstifte,8
DEU,hendricks,8
DEU,shrip,8
DEU,kalbslebe,8
DEU,risen,8
DEU,frozen s,8
DEU,biogurke,8
DEU,atran,8
DEU,"Alnatura Weidemilch Kräuterquark bio, 200 g",8
DEU,aheas,8
DEU,äpel,8
DEU,umzug,8
DEU,chicken niggets,8
DEU,gerolt,8
DEU,eiswüf,8
DEU,spunat,8
DEU,Bretzel,8
DEU,musse,8
DEU,energy drin,8
DEU,quiona,8
DEU,eisrolle,8
DEU,vorrat,8
DEU,barrilla,8
DEU,Käse leicht,8
DEU,suppengemüse tk,8
DEU,Rew,8
DEU,kartoffelcrem,8
DEU,nussmisch,8
DEU,rewe cookies,8
DEU,trio,8
DEU,reis medi,8
DEU,ingwersho,8
DEU,antitra,8
DEU,regi,8
DEU,nürnbe,8
DEU,picle,8
DEU,buco,8
DEU,körne,8
DEU,pizza box,8
DEU,muh,8
DEU,fur,8
DEU,lee kum kee,8
DEU,maggi sauce,8
DEU,hüttenköse,8
DEU,eis joghurt,8
DEU,dinkelnud,8
DEU,schoko croissant,8
DEU,bck,8
DEU,essigessen,8
DEU,schnitten,8
DEU,spritezero,8
DEU,tee kamille,8
DEU,moarella,8
DEU,quarkcre,8
DEU,beche,8
DEU,dessertsoße,8
DEU,fraich,8
DEU,Gelier,8
DEU,cola zero cherry,8
DEU,rope,8
DEU,ferero,8
DEU,neska,8
DEU,Nudelsuppe,8
DEU,red o,8
DEU,zuege,8
DEU,käsestang,8
DEU,nordbrand,8
DEU,bicar,8
DEU,kojos,8
DEU,burger brioche,8
DEU,makrelenfilet,8
DEU,Hals,8
DEU,pizzaka,8
DEU,icecub,8
DEU,scinken,8
DEU,packpapier,8
DEU,abflussfrei,8
DEU,garnr,8
DEU,Flaschen,8
DEU,shla,8
DEU,strump,8
DEU,callipo,8
DEU,millch,8
DEU,jefir,8
DEU,joom,8
DEU,rotweim,8
DEU,snack tomaten,8
DEU,ur,8
DEU,tiefen,8
DEU,shwep,8
DEU,Milcj,8
DEU,veganes hac,8
DEU,gummitiere,8
DEU,milchgetr,8
DEU,barella,8
DEU,Rebe,8
DEU,Weintraube,8
DEU,pamer,8
DEU,9v,8
DEU,pizza bröt,8
DEU,gemüsela,8
DEU,Rapunzel,8
DEU,wc schaum,8
DEU,kuchentuc,8
DEU,jagtw,8
DEU,nuss no,8
DEU,Mineralwass,8
DEU,lacalut,8
DEU,plombie,8
DEU,capcicum,8
DEU,cavier,8
DEU,bulet,8
DEU,city secc,8
DEU,matcga,8
DEU,bauernsalat,8
DEU,holzk,8
DEU,Soja Milch,8
DEU,ziti,8
DEU,aala,8
DEU,iber,8
DEU,nudr,8
DEU,pizza 2,8
DEU,kava,8
DEU,vegetarischer aufschnitt,8
DEU,milk small,8
DEU,eierstich,8
DEU,laucj,8
DEU,nachi,8
DEU,sossi,8
DEU,gartenkrä,8
DEU,joghurt erd,8
DEU,oz,8
DEU,cilant,8
DEU,kräutersosse,8
DEU,deo roll on,8
DEU,sehri,8
DEU,abu,8
DEU,tii,8
DEU,eis ma,8
DEU,heidl,8
DEU,gummi b,8
DEU,wildk,8
DEU,zun,8
DEU,vermicell,8
DEU,kac,8
DEU,schwr,8
DEU,mobster,8
DEU,gurge,8
DEU,rohrreinig,8
DEU,Sna,8
DEU,apfelsafts,8
DEU,gemüsebrühw,8
DEU,tc,8
DEU,türkischer kaffee,8
DEU,maji,8
DEU,parmess,8
DEU,körmiger,8
DEU,knorr kartoffel,8
DEU,milch laktosefre,8
DEU,KARTOFFELN,8
DEU,minzw,8
DEU,kuru,8
DEU,babypu,8
DEU,halsw,8
DEU,razors,8
DEU,mehli,8
DEU,old El paso,8
DEU,alpro heidel,8
DEU,rewe wass,8
DEU,Salzsta,8
DEU,Dinkelbr,8
DEU,zwischen,8
DEU,bio mayo,8
DEU,weinst,8
DEU,Klar,8
DEU,eisp,8
DEU,Cornfla,8
DEU,Mama,8
DEU,parmed,8
DEU,Sonnenfinsternis,8
DEU,sheep,8
DEU,küchensch,8
DEU,mini nudeln,8
DEU,kao,8
DEU,overnight oats,8
DEU,käseball,8
DEU,schmane,8
DEU,schokoa,8
DEU,slippers,8
DEU,arla finello,8
DEU,backkäse,8
DEU,maultaschem,8
DEU,Bee,8
DEU,schleifen,8
DEU,sarm,8
DEU,backfisc,8
DEU,brötcg,8
DEU,vermice,8
DEU,vegan nugg,8
DEU,küsschen,8
DEU,rewe high protein,8
DEU,red hull,8
DEU,grö,8
DEU,mexquisita,8
DEU,room fresh,8
DEU,Helal,8
DEU,dam,8
DEU,ice wü,8
DEU,entkoffei,8
DEU,fouda,8
DEU,Fertiggeri,8
DEU,salss,8
DEU,hauchfein,8
DEU,flrisch,8
DEU,beef halal,8
DEU,earl gray,8
DEU,red bull z,8
DEU,mozarre,8
DEU,mwlone,8
DEU,grn,8
DEU,monster energ,8
DEU,hc,8
DEU,"bier 0,33",8
DEU,rasu,8
DEU,Grieche,8
DEU,schoko riegel,8
DEU,bitterschoko,8
DEU,fishsauce,8
DEU,vegan aufs,8
DEU,gherkins,8
DEU,Muskat,8
DEU,skyr erd,8
DEU,kün,8
DEU,guele,8
DEU,laundry soap,8
DEU,mamel,8
DEU,ingv,8
DEU,trinkfl,8
DEU,kälter kaffee,8
DEU,Quark la,8
DEU,giovanni rana,8
DEU,haargummis,8
DEU,gewürzr,8
DEU,helle soße,8
DEU,risso,8
DEU,dinkel flocken,8
DEU,zimz,8
DEU,hersheys,8
DEU,granadilla,8
DEU,weingummis,8
DEU,lasangne,8
DEU,piltze,8
DEU,sosis yayla,8
DEU,sparkling wate,8
DEU,jot,8
DEU,bagutt,8
DEU,salat ma,8
DEU,mais st,8
DEU,Nuggets vegan,8
DEU,mixgetr,8
DEU,engelshaar,8
DEU,linsenchipa,8
DEU,Häagen-Dazs,8
DEU,hundebeutel,8
DEU,vegan bratwurst,8
DEU,matcj,8
DEU,ota,8
DEU,Hühners,8
DEU,krat,8
DEU,ristoran,8
DEU,büsse,8
DEU,qpfel,8
DEU,fischsauc,8
DEU,ja sch,8
DEU,Soja jogh,8
DEU,fuze te,8
DEU,ohn,8
DEU,vita kraft hund,8
DEU,feuerzeuge,8
DEU,proteinnudeln,8
DEU,Wilhelm,8
DEU,truffle oil,8
DEU,fischkäse,8
DEU,karamell creme,8
DEU,straz,8
DEU,schwarze schokolade,8
DEU,lidel,8
DEU,baking pa,8
DEU,halapeno,8
DEU,schoko reis,8
DEU,kaffee konzen,8
DEU,duschgwl,8
DEU,here,8
DEU,luftschokolade,8
DEU,knot,8
DEU,Alm,8
DEU,zwiebel ringe,8
DEU,Dunkle schokolade,8
DEU,eotkohl,8
DEU,Schokolade zart,8
DEU,karper,8
DEU,mandel hafer,8
DEU,punj,8
DEU,Büffelmozzarella,8
DEU,kartiffe,8
DEU,laktofrei,8
DEU,vinetta,8
DEU,mozzarellastick,8
DEU,sonnebl,8
DEU,windbeute,8
DEU,salz spü,8
DEU,inkontinenzhosen,8
DEU,humud,8
DEU,kräuterfris,8
DEU,bulldag,8
DEU,spaggetti,8
DEU,wasser mit ge,8
DEU,mats,8
DEU,vegane butt,8
DEU,ketchup werder,8
DEU,doctor,8
DEU,boulion,8
DEU,zigere,8
DEU,beks,8
DEU,dr. pepp,8
DEU,megle,8
DEU,alka,8
DEU,karze,8
DEU,gemusebruhe,8
DEU,bio Hackfleisch,8
DEU,protein muesli,8
DEU,Hackfleisch bio,8
DEU,shimeji,8
DEU,nagelpfeile,8
DEU,crems,8
DEU,cooked ham,8
DEU,Herring,8
DEU,Kräut,8
DEU,streichcre,8
DEU,tens,8
DEU,gwtränke,8
DEU,Tfu,8
DEU,Laktosefre,8
DEU,sprzi,8
DEU,pierog,8
DEU,groes,8
DEU,minerak,8
DEU,eismeer,8
DEU,trinkjog,8
DEU,Evian,8
DEU,lightkäse,8
DEU,grüne pa,8
DEU,ibuprof,8
DEU,burgwr,8
DEU,firm tofu,8
DEU,kokos milk,8
DEU,kokosriegel,8
DEU,ext,8
DEU,staek,8
DEU,schokk,8
DEU,pare,8
DEU,bio Hähnchen,8
DEU,magerqurk,8
DEU,tutte,8
DEU,salta,8
DEU,labell,8
DEU,looy,8
DEU,chili ch,8
DEU,Paprika Pulver,8
DEU,jung,8
DEU,alat,8
DEU,kino,8
DEU,Magen darm,8
DEU,Sei,8
DEU,satisf,8
DEU,lemonade zero,8
DEU,saaten brot,8
DEU,PP,8
DEU,marghe,8
DEU,müllbeutel 10,8
DEU,Energy drink,8
DEU,prota,8
DEU,pizza bagu,8
DEU,fettredu,8
DEU,wnerg,8
DEU,Sahnejoghurt,8
DEU,chiemseer,8
DEU,fridchk,8
DEU,orange soda,8
DEU,tpo,8
DEU,keä,8
DEU,wermuth,8
DEU,hafermu,8
DEU,end,8
DEU,hühnchrn,8
DEU,knoblauchbaguett,8
DEU,alnatura ketchup,8
DEU,grüner veltiner,8
DEU,munchner hell,8
DEU,maple sy,8
DEU,kif,8
DEU,hafferflocken,8
DEU,honigt,8
DEU,proteinpulv,8
DEU,mango chutney,8
DEU,Dur,8
DEU,gelierzu,8
DEU,ziegenkäse rolle,8
DEU,salda,8
DEU,Spri,8
DEU,hundesnack,8
DEU,Spei,8
DEU,Balsamic,8
DEU,Knoblauch s,8
DEU,Ja eis,8
DEU,oliven ö,8
DEU,Joghurt mit der ecke,8
DEU,ingwer shor,8
DEU,Alster,8
DEU,jos,8
DEU,macchar,8
DEU,this is f,8
DEU,8 kr,8
DEU,minutenschnitzel,8
DEU,laundry deter,8
DEU,wasser six,8
DEU,nuta,8
DEU,kirschsaf,8
DEU,aperol alkoholfrei,8
DEU,kuchepapier,8
DEU,blockschoko,8
DEU,lüchenrolle,8
DEU,quark riegel,8
DEU,gasp,8
DEU,wurst vegetarisch,8
DEU,joghurt himbeer,8
DEU,karzenfutter,8
DEU,vanilleeis vegan,8
DEU,szechuan,8
DEU,bröchten,8
DEU,fruchtau,8
DEU,brios,8
DEU,paprika pu,8
DEU,saami,8
DEU,mogu,8
DEU,lemtils,8
DEU,koro linsen,8
DEU,haferpops,8
DEU,ricd,8
DEU,Maca,8
DEU,Kokosraspeln,8
DEU,gluteenfrei,8
DEU,rama crem,8
DEU,grillgut,8
DEU,proper,8
DEU,barmbek,8
DEU,chicken spice,8
DEU,bureata,8
DEU,alkhol,8
DEU,bier frei,8
DEU,cola u,8
DEU,Cross,8
DEU,ronic,8
DEU,Essi,8
DEU,vollkorm,8
DEU,Estragon,8
DEU,getränke ja,8
DEU,tablette,8
DEU,dunkin,8
DEU,burgerpa,8
DEU,erdbeer sauce,8
DEU,rettwe,8
DEU,kucj,8
DEU,lidt,8
DEU,syran,8
DEU,süß ka,8
DEU,yoguret,8
DEU,alkh,8
DEU,schan,8
DEU,käseaufsch,8
DEU,kloster,8
DEU,vole,8
DEU,knoblauch tk,8
DEU,pudding vegan,8
DEU,old a,8
DEU,austernsoße,8
DEU,haarsh,8
DEU,mohrrüben,8
DEU,kapsel kaffee,8
DEU,joghurt eis,8
DEU,vomvic,8
DEU,weltmei,8
DEU,wassern,8
DEU,rinderfle,8
DEU,chopstick,8
DEU,rosman,8
DEU,the vegetarian,8
DEU,schogett,8
DEU,glühbi,8
DEU,tischde,8
DEU,chino,8
DEU,Choco fresh,8
DEU,fassbu,8
DEU,Pflau,7
DEU,wasser g,7
DEU,wilkinson,7
DEU,salami b,7
DEU,schoko pudd,7
DEU,Thunfisch vegan,7
DEU,Scharf,7
DEU,avoa,7
DEU,tomatenk,7
DEU,Eier Bodenhaltung,7
DEU,schokoladenmilch,7
DEU,Knusp,7
DEU,rinderfile,7
DEU,iced coffe,7
DEU,hamburger sauce,7
DEU,endivie,7
DEU,zucchini bio,7
DEU,beer 6,7
DEU,cr2,7
DEU,jabon,7
DEU,Besen,7
DEU,organge,7
DEU,ilive,7
DEU,pflanzendrink,7
DEU,veganer jogh,7
DEU,treat,7
DEU,flammkuchen teig,7
DEU,Cola vanille,7
DEU,sg,7
DEU,Süssstoff,7
DEU,pizza tr,7
DEU,Red bul,7
DEU,crn,7
DEU,tomato chopped,7
DEU,tvor,7
DEU,kartol,7
DEU,aufbacl,7
DEU,knusperfl,7
DEU,supper,7
DEU,Sauce h,7
DEU,stesk,7
DEU,tiefkühlbrö,7
DEU,fix tüte,7
DEU,decaf coffee,7
DEU,wurst snack,7
DEU,alpro soj,7
DEU,butter kek,7
DEU,amaro,7
DEU,Süßkar,7
DEU,haribo box,7
DEU,haibo,7
DEU,cheesedip,7
DEU,hafer alpro,7
DEU,kakso,7
DEU,caju,7
DEU,patches,7
DEU,goess,7
DEU,kesselch,7
DEU,hirten k,7
DEU,berlinki,7
DEU,crispy c,7
DEU,warhe,7
DEU,chocalate,7
DEU,500,7
DEU,papiertücher,7
DEU,kartpffel,7
DEU,ahrad,7
DEU,aufsr,7
DEU,mozarella stic,7
DEU,popcorn mi,7
DEU,sanpell,7
DEU,gate,7
DEU,gemüsez,7
DEU,kartofel salat,7
DEU,nusscre,7
DEU,blumenstrauss,7
DEU,nits,7
DEU,mushroom sauce,7
DEU,jamon serrano,7
DEU,bahue,7
DEU,rüh,7
DEU,grüne tee,7
DEU,baggu,7
DEU,mangopüree,7
DEU,st leo,7
DEU,schnken,7
DEU,krithar,7
DEU,dried toma,7
DEU,Schlagsah,7
DEU,hafercook,7
DEU,Brausetabletten,7
DEU,joghurteis,7
DEU,hackföeisch,7
DEU,knoblauch gefroren,7
DEU,euk,7
DEU,panniermehl,7
DEU,vitamin wass,7
DEU,Mehrkorn,7
DEU,iso sport,7
DEU,carpe,7
DEU,hähnchenk,7
DEU,dish detergent,7
DEU,evisn,7
DEU,lasagen,7
DEU,coka zero,7
DEU,spreewaldrabe,7
DEU,Katzens,7
DEU,matxha,7
DEU,mals,7
DEU,waldbeer,7
DEU,font,7
DEU,koriender,7
DEU,müll t,7
DEU,jaja,7
DEU,cota,7
DEU,wahre schätze,7
DEU,Konzentrat,7
DEU,Patro,7
DEU,guekw,7
DEU,maher,7
DEU,zucxhini,7
DEU,rinderhaxk,7
DEU,spatzi,7
DEU,geschirspü,7
DEU,kartl,7
DEU,Dinkel nudeln,7
DEU,pizza ofenfrische,7
DEU,milka max,7
DEU,nagets,7
DEU,karamellsoße,7
DEU,quinua,7
DEU,cour,7
DEU,rollmop,7
DEU,coint,7
DEU,beokko,7
DEU,type c,7
DEU,özyö,7
DEU,artichokes,7
DEU,electri,7
DEU,quetschu,7
DEU,tomato jui,7
DEU,granni,7
DEU,almatur,7
DEU,cereal protein,7
DEU,skyr ja,7
DEU,wasser kohlens,7
DEU,Starb,7
DEU,bio heidelbeeren,7
DEU,nüsse natur,7
DEU,Effekt,7
DEU,hänchenkeule,7
DEU,tartu,7
DEU,duracell,7
DEU,fireball,7
DEU,tieflühl,7
DEU,mozrell,7
DEU,spezi en,7
DEU,Harzer Käse,7
DEU,pizza moza,7
DEU,bread sand,7
DEU,schokoladensosse,7
DEU,ceb,7
DEU,washing machine pods,7
DEU,soysa,7
DEU,eote beete,7
DEU,salad dress,7
DEU,pomms,7
DEU,wassermelom,7
DEU,Ju,7
DEU,cucumbet,7
DEU,terea yellow,7
DEU,Adapter,7
DEU,bitb,7
DEU,San Carlo,7
DEU,hartkäs,7
DEU,Kinder bu,7
DEU,doğuş,7
DEU,alnatura erbsen,7
DEU,buttern,7
DEU,whole wheat pasta,7
DEU,tang,7
DEU,beef bacon,7
DEU,urry,7
DEU,demak,7
DEU,kaffee fil,7
DEU,oatly popcorn,7
DEU,crumble,7
DEU,glutenfrei br,7
DEU,maica,7
DEU,pellkartoffel,7
DEU,knäke,7
DEU,mach3,7
DEU,Vita co,7
DEU,helle s,7
DEU,colorwasch,7
DEU,gut & g,7
DEU,dea,7
DEU,brule,7
DEU,mirt,7
DEU,Camem,7
DEU,adaptor,7
DEU,Kräuter Baguette,7
DEU,haselnüs,7
DEU,eß,7
DEU,wasser black forest,7
DEU,mezzomi,7
DEU,lasagneblä,7
DEU,punica,7
DEU,pepai,7
DEU,kernse,7
DEU,masq,7
DEU,h milch 1,7
DEU,weisse b,7
DEU,chia s,7
DEU,Schokolade tafel,7
DEU,milchschnittw,7
DEU,festkochend,7
DEU,zwiebelschmalz,7
DEU,broich,7
DEU,Crushed ice,7
DEU,sıvı sabun,7
DEU,massag,7
DEU,kümel,7
DEU,halaö,7
DEU,finish tabs,7
DEU,orecchi,7
DEU,verival,7
DEU,vll,7
DEU,Robs,7
DEU,soja gr,7
DEU,ayax,7
DEU,patis,7
DEU,vegan chick,7
DEU,obst ge,7
DEU,johannesbeer,7
DEU,bizim,7
DEU,fruchtschnitte,7
DEU,vegan br,7
DEU,veev one,7
DEU,mione,7
DEU,tomatenkon,7
DEU,perfe,7
DEU,conce,7
DEU,babykekse,7
DEU,soru,7
DEU,Fer,7
DEU,Pfefferonen,7
DEU,kaffe kap,7
DEU,geschirsp,7
DEU,rewr,7
DEU,Baguet,7
DEU,nurnb,7
DEU,rosmarin kartoffeln,7
DEU,null zucker,7
DEU,lady fingers,7
DEU,mince meat,7
DEU,frittier öl,7
DEU,zahnbürste kinder,7
DEU,alnaturA,7
DEU,haferkissen,7
DEU,Earl,7
DEU,waffelh,7
DEU,flüge,7
DEU,Kiri,7
DEU,majonäse,7
DEU,cambo,7
DEU,mayo leicht,7
DEU,l’oreal,7
DEU,brezwl,7
DEU,gluten-,7
DEU,handseife nachfüll,7
DEU,magnum bonbon,7
DEU,schokostreussel,7
DEU,auschnitt,7
DEU,xhip,7
DEU,sano,7
DEU,Grau,7
DEU,mascapon,7
DEU,Laundry detergent,7
DEU,its,7
DEU,chocopie,7
DEU,deoro,7
DEU,bubbletea,7
DEU,tomate mozarella,7
DEU,gronola,7
DEU,öö,7
DEU,protein dr,7
DEU,bretel,7
DEU,taschenmuschi,7
DEU,himbb,7
DEU,mundspühlung,7
DEU,lenoe,7
DEU,eislöffel,7
DEU,terria,7
DEU,tee gr,7
DEU,chsm,7
DEU,douch,7
DEU,schutz,7
DEU,wein süß,7
DEU,matzen,7
DEU,pappe,7
DEU,Apostel,7
DEU,bierw,7
DEU,melone in,7
DEU,bebivit,7
DEU,raw b,7
DEU,fruity,7
DEU,zeitschriften,7
DEU,Hartk,7
DEU,augentro,7
DEU,kathe,7
DEU,liptom,7
DEU,bulion,7
DEU,belegt,7
DEU,kuchen schoko,7
DEU,deinks,7
DEU,ice wurfel,7
DEU,tomaten past,7
DEU,Hähnchenhackfleisch,7
DEU,wq,7
DEU,Aaa,7
DEU,teeka,7
DEU,pommesge,7
DEU,krauterb,7
DEU,hummus noa,7
DEU,streukäae,7
DEU,diet co,7
DEU,thunfisch öl,7
DEU,raviloi,7
DEU,Blumenk,7
DEU,knib,7
DEU,reis fix,7
DEU,happy hip,7
DEU,vitaminwa,7
DEU,cellerie,7
DEU,muscle,7
DEU,esspre,7
DEU,zoiletten,7
DEU,hähnv,7
DEU,rewe f,7
DEU,weisse bohne,7
DEU,Erkältungsbad,7
DEU,Feuchtt,7
DEU,Nussmus,7
DEU,parle,7
DEU,Tomate Mozzarella,7
DEU,tortellink,7
DEU,procuitto,7
DEU,Saa,7
DEU,veganen,7
DEU,Paprika chips,7
DEU,bockwü,7
DEU,chamomile tea,7
DEU,Hipp bio,7
DEU,PROTEIN,7
DEU,Bio Fleisch,7
DEU,Safran,7
DEU,Käse gauda,7
DEU,sandwich spread,7
DEU,Zitronenlimo,7
DEU,feuchte toil,7
DEU,brat paprika,7
DEU,gordo,7
DEU,pizza dip,7
DEU,uten,7
DEU,lucie,7
DEU,bullri,7
DEU,tissue roll,7
DEU,ista,7
DEU,joghurt so,7
DEU,grand su,7
DEU,tagliatel,7
DEU,suzu,7
DEU,Had,7
DEU,Trichter,7
DEU,kurabiye,7
DEU,tomato sayce,7
DEU,silicone,7
DEU,cocktailsoße,7
DEU,saure drachen,7
DEU,tila,7
DEU,milch frei,7
DEU,like hummus,7
DEU,apoth,7
DEU,fosta,7
DEU,hn,7
DEU,pizza fungi,7
DEU,dattel riegel,7
DEU,mayonnais,7
DEU,pangasiu,7
DEU,leicht kase,7
DEU,dry white wine,7
DEU,hunche,7
DEU,jogurt bio,7
DEU,nougat creme,7
DEU,nread,7
DEU,Frikadell,7
DEU,espressp,7
DEU,fes,7
DEU,Gemu,7
DEU,30l,7
DEU,patroa,7
DEU,Mühlen,7
DEU,Müllbeutel 60,7
DEU,schmabd,7
DEU,kàse,7
DEU,bronze,7
DEU,estrag,7
DEU,Chili oil,7
DEU,hygienespüle,7
DEU,gud,7
DEU,Lettuce,7
DEU,Curacao,7
DEU,Käseauf,7
DEU,nois,7
DEU,qunioa,7
DEU,stek,7
DEU,boost,7
DEU,reis waffe,7
DEU,goldei,7
DEU,redbl,7
DEU,mouz,7
DEU,gluten frei mehl,7
DEU,naturw,7
DEU,kokusm,7
DEU,spry,7
DEU,mudel,7
DEU,tomaten passi,7
DEU,Pflaumenmus,7
DEU,snsck,7
DEU,gwürzgurken,7
DEU,aepfel,7
DEU,syro,7
DEU,apfelkompo,7
DEU,zyrup,7
DEU,chay,7
DEU,huehnchen,7
DEU,grichischer jog,7
DEU,haarlack,7
DEU,flamme,7
DEU,bytter,7
DEU,luftb,7
DEU,seeet,7
DEU,pomn,7
DEU,creme frauc,7
DEU,runa,7
DEU,engel,7
DEU,cranberrysaft,7
DEU,lenor weichspüler,7
DEU,milfh,7
DEU,mori,7
DEU,gluta,7
DEU,Wein rot,7
DEU,reis bens,7
DEU,yoguet,7
DEU,erkältu,7
DEU,katzenstteu,7
DEU,dehlia,7
DEU,pasticc,7
DEU,eisbec,7
DEU,radler alko,7
DEU,spue,7
DEU,maissnack,7
DEU,red bull sugarfree,7
DEU,yogury,7
DEU,vegane nugg,7
DEU,kekse alnatura,7
DEU,schokolade kinder,7
DEU,choco crossies,7
DEU,biocool,7
DEU,proteinn,7
DEU,käse h,7
DEU,mittelalt,7
DEU,Löslichkeit,7
DEU,cola k,7
DEU,acai bo,7
DEU,kofta,7
DEU,gefül,7
DEU,hing,7
DEU,zwebel,7
DEU,chec,7
DEU,Schokob,7
DEU,biscott,7
DEU,nig,7
DEU,hitd,7
DEU,körniger frisxh,7
DEU,Sonnenblum,7
DEU,hafermiö,7
DEU,Saue,7
DEU,charg,7
DEU,karoff,7
DEU,grießnockerl,7
DEU,geräucherte paprika,7
DEU,zrr,7
DEU,Möh,7
DEU,fsnta,7
DEU,manh,7
DEU,abfa,7
DEU,granini die limo,7
DEU,reispudding,7
DEU,hellee,7
DEU,allzweckrein,7
DEU,frec,7
DEU,marone,7
DEU,Jogurt vegan,7
DEU,Laktos,7
DEU,barbie,7
DEU,Spülmitte,7
DEU,iglo nuggets,7
DEU,käse ligh,7
DEU,vegan sc,7
DEU,mander,7
DEU,zwiebel weiss,7
DEU,würsr,7
DEU,erbsen tief,7
DEU,toit,7
DEU,tram,7
DEU,soja dr,7
DEU,kwark,7
DEU,schnittlaich,7
DEU,blätch,7
DEU,wasser still rewe,7
DEU,granatapfelsiru,7
DEU,bratwursz,7
DEU,reis pa,7
DEU,high protein wraps,7
DEU,trauv,7
DEU,winston rot,7
DEU,soja sp,7
DEU,cashee,7
DEU,Schinkenwurst,7
DEU,feiner zucker,7
DEU,rassierschaum,7
DEU,baz,7
DEU,bläterteig,7
DEU,gyozq,7
DEU,erfrischungsstä,7
DEU,vegane snack,7
DEU,sahneheri,7
DEU,alberto,7
DEU,Schokobr,7
DEU,Buchstabensuppe,7
DEU,dextr,7
DEU,happy swing rolls,7
DEU,kors,7
DEU,Marlboro Rot,7
DEU,schokolierte,7
DEU,mischbr,7
DEU,papro,7
DEU,vanillejoghurt,7
DEU,eis vanilla,7
DEU,drums,7
DEU,Dessert so,7
DEU,Frischkäse light,7
DEU,pilt,7
DEU,cotija,7
DEU,cremfr,7
DEU,hot ch,7
DEU,tk erdb,7
DEU,Rote Zwiebel,7
DEU,capri zero,7
DEU,layz,7
DEU,light soy,7
DEU,chocolate cream,7
DEU,Butter vegan,7
DEU,alnatura sauce,7
DEU,deodora,7
DEU,zatzi,7
DEU,yogi tee,7
DEU,Freche Freunde,7
DEU,Hafermilc,7
DEU,prinzenrol,7
DEU,knoblauch bio,7
DEU,körnigen frischkäse,7
DEU,spülunh,7
DEU,green be,7
DEU,matlboro,7
DEU,dr oethker,7
DEU,thunfsch,7
DEU,st pele,7
DEU,griesi,7
DEU,Char,7
DEU,nudeln fus,7
DEU,Funny,7
DEU,Neutrogena,7
DEU,Schlaf,7
DEU,gefrorene blaubeeren,7
DEU,baba g,7
DEU,tomaten gehack,7
DEU,easchmittel,7
DEU,Gure,7
DEU,Granata,7
DEU,cheese powder,7
DEU,yerba,7
DEU,gmüse,7
DEU,geru,7
DEU,bilt,7
DEU,40,7
DEU,alnaura,7
DEU,Roe,7
DEU,alnatura corn,7
DEU,Puddi,7
DEU,spirte,7
DEU,chocolate drops,7
DEU,oenne,7
DEU,toothbrus,7
DEU,obsts,7
DEU,vinaigrette,7
DEU,dr ö,7
DEU,tropifrutti,7
DEU,ahne,7
DEU,Keto,7
DEU,pertersilie,7
DEU,briochr,7
DEU,destilie,7
DEU,zati,7
DEU,carmel,7
DEU,redbull zuckerfrei,7
DEU,capres,7
DEU,Jalapeno,7
DEU,rohro,7
DEU,keks vegan,7
DEU,schinken spi,7
DEU,terrinen,7
DEU,getrocknete e,7
DEU,buche,7
DEU,tomma,7
DEU,brwad,7
DEU,helles bier,7
DEU,paprika chili,7
DEU,frota,7
DEU,tomato saft,7
DEU,vermuth,7
DEU,paprs,7
DEU,ballentine,7
DEU,spazi,7
DEU,sußkart,7
DEU,hazelnut spread,7
DEU,nei,7
DEU,chad,7
DEU,käseblock,7
DEU,toilet papet,7
DEU,cujamara,7
DEU,cupri,7
DEU,scl,7
DEU,jalal,7
DEU,eis j,7
DEU,anjo,7
DEU,letcho,7
DEU,oil ja,7
DEU,geflügelleberwur,7
DEU,Mineralwasser still,7
DEU,Truthahn,7
DEU,gelber sack,7
DEU,guthaben,7
DEU,vanilla ess,7
DEU,Geflügel Wurst,7
DEU,maishä,7
DEU,cee,7
DEU,lomo,7
DEU,austernsosse,7
DEU,sauer sah,7
DEU,Bier pils,7
DEU,käse p,7
DEU,savi,7
DEU,ginga,7
DEU,feta aufstrich,7
DEU,brioche buns,7
DEU,yoghurt 1,7
DEU,lukul,7
DEU,nudeln mini,7
DEU,milchschäumer,7
DEU,empanadas,7
DEU,air wi,7
DEU,always d,7
DEU,drp,7
DEU,haarmask,7
DEU,gehackte mandeln,7
DEU,zink salbe,7
DEU,durat,7
DEU,bodenr,7
DEU,vorwiegend,7
DEU,Salami halal,7
DEU,dry aged,7
DEU,mineral was,7
DEU,Geflügelsal,7
DEU,gulaschsu,7
DEU,Ja k,7
DEU,bulf,7
DEU,orechi,7
DEU,kücken,7
DEU,bordeaux,7
DEU,heideö,7
DEU,sommergem,7
DEU,schip,7
DEU,kchen,7
DEU,Katzenst,7
DEU,basilk,7
DEU,beeren gefro,7
DEU,sauer sa,7
DEU,raumsoray,7
DEU,Schlags,7
DEU,disinfec,7
DEU,banana milch,7
DEU,chili p,7
DEU,schokoaufs,7
DEU,hackfleisch halal,7
DEU,gesichtscr,7
DEU,mürb,7
DEU,world,7
DEU,dinkelwa,7
DEU,Marmorkuchen,7
DEU,zigarwtten,7
DEU,snike,7
DEU,Active o2,7
DEU,bohnen dose,7
DEU,vegan i,7
DEU,sun flower,7
DEU,kaffeboh,7
DEU,kräuter der pr,7
DEU,frozen blueb,7
DEU,geriebener moz,7
DEU,domesto,7
DEU,pust,7
DEU,ben n jerry,7
DEU,mon cherie,7
DEU,sageot,7
DEU,loaf,7
DEU,glow glow,7
DEU,essig rein,7
DEU,Feuchtetücher,7
DEU,Joghurt vanille,7
DEU,Schokobrö,7
DEU,cornerto,7
DEU,marll,7
DEU,kefir bio,7
DEU,letuce,7
DEU,joghort,7
DEU,chilli fla,7
DEU,eng,7
DEU,sim karte,7
DEU,pommessauce,7
DEU,lemon saft,7
DEU,erdnusssosse,7
DEU,pasta salad,7
DEU,einschulung,7
DEU,eis pist,7
DEU,uv,7
DEU,Haferbrot,7
DEU,wc fris,7
DEU,Fische,7
DEU,dalmayr,7
DEU,prn,7
DEU,sidol,7
DEU,uns,7
DEU,ritwein,7
DEU,biscoff cre,7
DEU,gemisch,7
DEU,jägermei,7
DEU,eote,7
DEU,Türkische,7
DEU,allu,7
DEU,dr ok,7
DEU,Kartoffeln festkochend,7
DEU,Röstz,7
DEU,frisch bio eiee,7
DEU,Lassi,7
DEU,einlege,7
DEU,cherry col,7
DEU,bohnenk,7
DEU,Rubicon,7
DEU,ja! schoko,7
DEU,brot gluten frei,7
DEU,badmati,7
DEU,spatula,7
DEU,Frische Milch,7
DEU,katoffelsalat,7
DEU,schokoladentaf,7
DEU,doppelh,7
DEU,Quitte,7
DEU,meat ball,7
DEU,eiweissriegel,7
DEU,magnum almond,7
DEU,Reese,7
DEU,pitato,7
DEU,altn,7
DEU,maximal,7
DEU,spagettini,7
DEU,tapad,7
DEU,poffert,7
DEU,canned beer,7
DEU,oven chips,7
DEU,cornflaked,7
DEU,drachenf,7
DEU,chirizo,7
DEU,vg,7
DEU,lebet,7
DEU,klipa,7
DEU,Nusse,7
DEU,bio riegel,7
DEU,geschmackswasser,7
DEU,gaziz,7
DEU,jea,7
DEU,badeschwamm,7
DEU,vita mal,7
DEU,capsule coffee,7
DEU,Kräuter der,7
DEU,sauce zero,7
DEU,speiss,7
DEU,Schoko fresh,7
DEU,Dunkel,7
DEU,rice f,7
DEU,scamor,7
DEU,sodbr,7
DEU,Schokolade we,7
DEU,crosi,7
DEU,Rote b,7
DEU,hacklf,7
DEU,bluberr,7
DEU,Joghurts,7
DEU,tahine,7
DEU,oranhe,7
DEU,müsli beeren,7
DEU,benjamin bl,7
DEU,frozen frui,7
DEU,yayla salam,7
DEU,march,7
DEU,gefrohre,7
DEU,Süßka,7
DEU,Badeschwamm,7
DEU,ultje,7
DEU,hotdoc,7
DEU,delikat,7
DEU,schokobrötc,7
DEU,jagerm,7
DEU,rügenealder,7
DEU,grober senf,7
DEU,crosant,7
DEU,reis waf,7
DEU,Toilettpapier,7
DEU,uni,7
DEU,Brita,7
DEU,lou,7
DEU,schweineschm,7
DEU,man versus,7
DEU,brotzeit eier,7
DEU,Laktosefr,7
DEU,dr ötker,7
DEU,grieschischer,7
DEU,Beypazarı,7
DEU,black bea,7
DEU,Skyr natur,7
DEU,dalmon,7
DEU,bio beef,7
DEU,pickled ginger,7
DEU,Milch lactosefrei,7
DEU,ome,7
DEU,Paprika geräuchert,7
DEU,Floh,7
DEU,butter cr,7
DEU,skzr,7
DEU,backblech,7
DEU,Küh,7
DEU,brezel schoko,7
DEU,laktosefreo,7
DEU,faser,7
DEU,aluminium foil,7
DEU,vidk,7
DEU,bio orangen,7
DEU,eiscreme vegan,7
DEU,babx,7
DEU,rabbit,7
DEU,rotebet,7
DEU,beerenmis,7
DEU,Nekt,7
DEU,lizza,7
DEU,kaffee ganze bohne,7
DEU,druckerp,7
DEU,öliv,7
DEU,e-ziga,7
DEU,cucam,7
DEU,stremme,7
DEU,gnoccji,7
DEU,noori,7
DEU,poppa,7
DEU,sprei,7
DEU,Poree,7
DEU,tomate sahne,7
DEU,calz,7
DEU,mins,7
DEU,tortias,7
DEU,manjo,7
DEU,kase snack,7
DEU,coppenratj,7
DEU,ypg,7
DEU,pizza hut,7
DEU,haarsch,7
DEU,Milchb,7
DEU,jul,7
DEU,kotb,7
DEU,mederano,7
DEU,Wassermelo,7
DEU,frischkasse,7
DEU,gesichtsrasierer,7
DEU,prto,7
DEU,nacho käse,7
DEU,kaufu,7
DEU,kekde,7
DEU,Pot,7
DEU,multigrain,7
DEU,babyg,7
DEU,brioche burger,7
DEU,turkisc,7
DEU,junge,7
DEU,tomatencreme,7
DEU,kinderriege,7
DEU,frisvhkäse,7
DEU,hydrofugal,7
DEU,noodlea,7
DEU,forellenfilet,7
DEU,green chillies,7
DEU,juo,7
DEU,green c,7
DEU,erdberee,7
DEU,zitronensor,7
DEU,wärmfl,7
DEU,peos,7
DEU,cariss,7
DEU,haben,7
DEU,lasanha,7
DEU,parmeggi,7
DEU,takko,7
DEU,snc,7
DEU,bratwirst,7
DEU,die ofenfrische,7
DEU,souer cream,7
DEU,pizza magherita,7
DEU,kaffe konzentrat,7
DEU,aqua pan,7
DEU,Bak,7
DEU,popkek,7
DEU,puten salami,7
DEU,lensil,7
DEU,glutenfree pasta,7
DEU,origa,7
DEU,müsli ohne zucker,7
DEU,hänchenf,7
DEU,spreequel,7
DEU,schokoaufstr,7
DEU,goat milk,7
DEU,rewe brötchen,7
DEU,laktosefrei k,7
DEU,twar,7
DEU,sauercre,7
DEU,venu,7
DEU,hünerbr,7
DEU,kuerbis,7
DEU,füsse,7
DEU,liebstöckel,7
DEU,neutral,7
DEU,macke,7
DEU,seranoschinken,7
DEU,safron,7
DEU,feta würfel,7
DEU,kim hi,7
DEU,nudelsupp,7
DEU,tiefkühl fisch,7
DEU,Basiliku,7
DEU,diabet,7
DEU,apgelsaft,7
DEU,haarbü,7
DEU,alti,7
DEU,vwgan,7
DEU,live fresh,7
DEU,wassert,7
DEU,zofu,7
DEU,borotalco,7
DEU,bürg,7
DEU,Zwiebelmett,7
DEU,pannier,7
DEU,Alo,7
DEU,matcha set,7
DEU,panier mehl,7
DEU,orange mango,7
DEU,weiss brot,7
DEU,ue,7
DEU,hafer k,7
DEU,anti trans,7
DEU,potaties,7
DEU,spülmaschinensa,7
DEU,Rasiergel,7
DEU,wildkrä,7
DEU,alnatura mil,7
DEU,tofiffee,7
DEU,tee ingwer,7
DEU,kirschma,7
DEU,28black,7
DEU,curu,7
DEU,Elinas,7
DEU,natur yo,7
DEU,Brötchen zum aufbacken,7
DEU,mouza,7
DEU,Schaum,7
DEU,faßbrause,7
DEU,m&s,7
DEU,frischkäse knoblauch,7
DEU,cola can,7
DEU,vilvi,7
DEU,st p,7
DEU,mezzo Mix,7
DEU,backfor,7
DEU,knoblauch s,7
DEU,chlorine,7
DEU,magatine,7
DEU,soar,7
DEU,Toiletten pa,7
DEU,plät,7
DEU,elbow,7
DEU,Italienische,7
DEU,demae,7
DEU,ere,7
DEU,zinksal,7
DEU,mozerella light,7
DEU,nong shim,7
DEU,Cabanossi,7
DEU,rollmo,7
DEU,1kg,7
DEU,pferd,7
DEU,Laktosef,7
DEU,insant,7
DEU,waschblätter,7
DEU,vanille sa,7
DEU,vibe,7
DEU,glasnudelm,7
DEU,slasa,7
DEU,lobetaler,7
DEU,Aufsc,7
DEU,Insektizid,7
DEU,spicker,7
DEU,octenisept,7
DEU,karamell so,7
DEU,honug,7
DEU,kösekuchen,7
DEU,hafer bar,7
DEU,rotisserie,7
DEU,reis waffle,7
DEU,hade,7
DEU,lofel,7
DEU,pistachi,7
DEU,eye mask,7
DEU,spaghetti bolo,7
DEU,oliven kalamata,7
DEU,sp7,7
DEU,mintze,7
DEU,leberwurdt,7
DEU,äpfl,7
DEU,eier salat,7
DEU,dr. oetk,7
DEU,Zink,7
DEU,kaffebohnen filter,7
DEU,tomaten markt,7
DEU,TK obst,7
DEU,wundcreme,7
DEU,mounta,7
DEU,rotein,7
DEU,Lo,7
DEU,lof,7
DEU,milch brö,7
DEU,mucken,7
DEU,bubble tee,7
DEU,kartoffel pürre,7
DEU,Pep,7
DEU,schibk,7
DEU,denim,7
DEU,zitronenkekse,7
DEU,ja keks,7
DEU,brot g,7
DEU,wachol,7
DEU,brot aufback,7
DEU,quad,7
DEU,getre,7
DEU,toolet paper,7
DEU,slaw,7
DEU,fresh k,7
DEU,lp,7
DEU,sekt a,7
DEU,weiss schoko,7
DEU,milk 1.,7
DEU,belgium,7
DEU,pomodorini,7
DEU,zaetbitter,7
DEU,Knop,7
DEU,high protein nudeln,7
DEU,actin,7
DEU,fruchtfliegenfalle,7
DEU,Teller,7
DEU,chos,7
DEU,pizza d,7
DEU,hühnerbrus,7
DEU,bio bags,7
DEU,glassn,7
DEU,grenadin,7
DEU,schwipschwap,7
DEU,low calories,7
DEU,gauloses,7
DEU,kühen,7
DEU,tom k,7
DEU,mord,7
DEU,Geramont,7
DEU,Rindergulasch,7
DEU,zero 1,7
DEU,pirul,7
DEU,brot chi,7
DEU,schbitzel,7
DEU,tiefkühl beere,7
DEU,beef steak,7
DEU,schwarzt,7
DEU,bio c,7
DEU,pinzett,7
DEU,geüne,7
DEU,pflaumenmu,7
DEU,blue be,7
DEU,harry bread,7
DEU,waschmittel lenor,7
DEU,IPA,7
DEU,dosenfleisch,7
DEU,Ritter spor,7
DEU,Pinot,7
DEU,fritz honig,7
DEU,Früchtetee,7
DEU,rohzucker,7
DEU,toilettenpapoer,7
DEU,qau,7
DEU,lipton spark,7
DEU,Pak Choi,7
DEU,knoub,7
DEU,carror,7
DEU,knorr kräuter,7
DEU,gekühl,7
DEU,schoko glasur,7
DEU,Proteinr,7
DEU,Wasser Medium,7
DEU,proteinwra,7
DEU,die li,7
DEU,zwiebelmet,7
DEU,surumi,7
DEU,croso,7
DEU,pasta po,7
DEU,kloßmehl,7
DEU,kräuterbutterbaguette,7
DEU,milk cream,7
DEU,rewes feine welt,7
DEU,maggi suppe,7
DEU,chlli,7
DEU,Ben jerrys,7
DEU,appfe,7
DEU,trip,7
DEU,flüg,7
DEU,kokosdri,7
DEU,role,7
DEU,malzer fu,7
DEU,Fanta z,7
DEU,hafermioch,7
DEU,ja fisch,7
DEU,hunu,7
DEU,brutz,7
DEU,marillen,7
DEU,klu,7
DEU,wasser mit sprudel,7
DEU,ygurt,7
DEU,weitenmehl,7
DEU,knöp,7
DEU,balsamico hell,7
DEU,gouda k,7
DEU,mab,7
DEU,speck würfel,7
DEU,hähche,7
DEU,ıngwer,7
DEU,meerwa,7
DEU,nutrl,7
DEU,alpro k,7
DEU,keych,7
DEU,milchkaffe,7
DEU,molke,7
DEU,spiderman,7
DEU,sans,7
DEU,zewA,7
DEU,heißlu,7
DEU,pomogranate,7
DEU,altenburger,7
DEU,phirs,7
DEU,polar,7
DEU,eisn,7
DEU,Kartoffelbre,7
DEU,braune sosse,7
DEU,resq,7
DEU,fleusch,7
DEU,Dr. pepper,7
DEU,calu,7
DEU,Aquarium,7
DEU,hui,7
DEU,gutfrief,7
DEU,Fruchtsaft,7
DEU,chips lorenz,7
DEU,bio ananas,7
DEU,Washing,7
DEU,achok,7
DEU,spagge,7
DEU,sprite wodka,7
DEU,pömpel,7
DEU,schein,7
DEU,dish liquid,7
DEU,rumm,7
DEU,apargel,7
DEU,kartoffelmeh,7
DEU,gefu,7
DEU,kindel,7
DEU,proteins,7
DEU,maiswsffeln,7
DEU,Gleit,7
DEU,Harry brot,7
DEU,zeyt,7
DEU,cornc,7
DEU,tortl,7
DEU,köst,7
DEU,beombeeren,7
DEU,geschit,7
DEU,hotdog würstchen,7
DEU,schokoflocken,7
DEU,Food,7
DEU,rewe mineralwasser,7
DEU,kater,7
DEU,zwiebelr,7
DEU,chicken steak,7
DEU,grillfackeln,7
DEU,zigarte,7
DEU,Der,7
DEU,process,7
DEU,Eis zuckerfrei,7
DEU,lufl,7
DEU,nuf,7
DEU,cafe late,7
DEU,totes meer,7
DEU,Suppengr,7
DEU,söb,7
DEU,Joghurt Bio,7
DEU,dj,7
DEU,bte,7
DEU,yorgurt,7
DEU,pspri,7
DEU,paprima,7
DEU,lno,7
DEU,spahetti,7
DEU,müll eutel,7
DEU,baumkuchen,7
DEU,cigarret,7
DEU,Aper,7
DEU,chia se,7
DEU,alkohlfreies,7
DEU,clog,7
DEU,holunderblüten,7
DEU,jogurt ja,7
DEU,pha,7
DEU,geburst,7
DEU,slush,7
DEU,paniermehr,7
DEU,fertiges,7
DEU,rice crisp,7
DEU,chili chees,7
DEU,küchen pap,7
DEU,poşet,7
DEU,birc,7
DEU,international,7
DEU,beschamel,7
DEU,anal plug,7
DEU,hygiene waschmittel,7
DEU,zic,7
DEU,Häagen,7
DEU,ribder,7
DEU,corainder,7
DEU,schoko brot,7
DEU,washing detergent,7
DEU,maccaro,7
DEU,brutzler,7
DEU,vitelli,7
DEU,ziha,7
DEU,wurst h,7
DEU,tamat,7
DEU,sirup pepsi,7
DEU,kühl akku,7
DEU,Jack dan,7
DEU,semmelknö,7
DEU,duschfel,7
DEU,Joghurt v,7
DEU,Roquefort,7
DEU,Pfirsichsaft,7
DEU,blattertei,7
DEU,Heu,7
DEU,Bau,7
DEU,Coconut milk,7
DEU,bateri,7
DEU,dere,7
DEU,pudding alpro,7
DEU,jachips,7
DEU,brotbeutel,7
DEU,ruci,7
DEU,helbing,7
DEU,anise,7
DEU,popci,7
DEU,hipp reis,7
DEU,After eight,7
DEU,kloap,7
DEU,milka s,7
DEU,apfelschotle,7
DEU,pepsi cola zero,7
DEU,gut&günstig,7
DEU,malbi,7
DEU,drachenz,7
DEU,muslei,7
DEU,wiwr,7
DEU,tk g,7
DEU,xi,7
DEU,mazarella,7
DEU,einer,7
DEU,butter sch,7
DEU,franzbrotchen,7
DEU,chli,7
DEU,Geschenke,7
DEU,schweineohren,7
DEU,kräterquark,7
DEU,wrin,7
DEU,alnatura p,7
DEU,feuchttüxher,7
DEU,vegan nugget,7
DEU,gare,7
DEU,erbsen und m,7
DEU,lemon pepper,7
DEU,sweppes,7
DEU,petersilien,7
DEU,chocolate biscuit,7
DEU,kompot,7
DEU,zimmt,7
DEU,munch,7
DEU,docmorris,7
DEU,fux,7
DEU,Dave,7
DEU,purite,7
DEU,freche freund,7
DEU,schlup,7
DEU,strudelteig,7
DEU,jalapenio,7
DEU,noch,7
DEU,kornflake,7
DEU,strawberry yogurt,7
DEU,tortilla ja,7
DEU,volcanix,7
DEU,chilisau,7
DEU,lambs,7
DEU,oast,7
DEU,tomatenauf,7
DEU,dentastix,7
DEU,fitli,7
DEU,Kartoffelsuppe,7
DEU,cacik,7
DEU,fay,7
DEU,dressing salat,7
DEU,wiener gefl,7
DEU,saft ja,7
DEU,schokofre,7
DEU,qwar,7
DEU,mpre,7
DEU,pize,7
DEU,blea,7
DEU,dave &,7
DEU,Ao,7
DEU,chicekn,7
DEU,Sen,7
DEU,Mondamin,7
DEU,schlemmertopf,7
DEU,zza,7
DEU,sleppy,7
DEU,preisse,7
DEU,toulettenpa,7
DEU,Hafer milch,7
DEU,ref bull,7
DEU,frischkäd,7
DEU,preside,7
DEU,grass,7
DEU,grillsaucen,7
DEU,ice cream oreo,7
DEU,instant soup,7
DEU,beokk,7
DEU,Dr Beckmann,7
DEU,tofz,7
DEU,blacl,7
DEU,schokostreuse,7
DEU,cat treat,7
DEU,aocado,7
DEU,gouda geri,7
DEU,bambi,7
DEU,bulger,7
DEU,dan cake,7
DEU,grabat,7
DEU,ameck,7
DEU,zip beutel,7
DEU,bodenwischer,7
DEU,camanber,7
DEU,puderzucke,7
DEU,reis ja,7
DEU,Zahneide,7
DEU,Feli,7
DEU,noah,7
DEU,wasde,7
DEU,rewe regional,7
DEU,tuefk,7
DEU,vegan cre,7
DEU,waschmite,7
DEU,lichter,7
DEU,Salat Soße,7
DEU,graup,7
DEU,naturjogurth,7
DEU,cayene,7
DEU,kniffel,7
DEU,kechu,7
DEU,Blatt,7
DEU,kokos ba,7
DEU,hor dog,7
DEU,pizze,7
DEU,wiess,7
DEU,chips b,7
DEU,Granatapfelsirup,7
DEU,grüner Pfeffer,7
DEU,skyr mango,7
DEU,tierbedarf,7
DEU,mageres hack,7
DEU,lay’s,7
DEU,protein cafe,7
DEU,ersen,7
DEU,corona cero,7
DEU,Tirami,7
DEU,Fisch dose,7
DEU,beef minced,7
DEU,raclett,7
DEU,akaz,7
DEU,skyr alter,7
DEU,snap,7
DEU,protein skyr,7
DEU,asa,7
DEU,tolleten,7
DEU,khi,7
DEU,ketchup zer,7
DEU,zero caffeine,7
DEU,Wasser 1.5,7
DEU,Kalter Kaffee,7
DEU,kote,7
DEU,bio lasagne,7
DEU,tk obs,7
DEU,brottüte,7
DEU,paprika ma,7
DEU,yugh,7
DEU,baked potatoes,7
DEU,charie,7
DEU,Hmilch,7
DEU,swimming,7
DEU,presidente,7
DEU,käseplatte,7
DEU,Ja lim,7
DEU,geriffelte,7
DEU,crunchy m,7
DEU,fio,7
DEU,rewe p,7
DEU,rice noodl,7
DEU,caip,7
DEU,ko ro,7
DEU,Vit,7
DEU,hpttenkäse,7
DEU,hänchen steak,7
DEU,rahmsose,7
DEU,Walnusskerne,7
DEU,Per,7
DEU,mandl,7
DEU,ritter aport,7
DEU,veggie würstchen,7
DEU,schrauben,7
DEU,pearls,7
DEU,andechset,7
DEU,alnatura gemü,7
DEU,hassia,7
DEU,vita col,7
DEU,joghurt türkisch,7
DEU,müsli knusper,7
DEU,quael,7
DEU,dose tomate,7
DEU,eiweiß toast,7
DEU,foundation,7
DEU,panx,7
DEU,rabarber,7
DEU,raumfuft,7
DEU,tomatenpuree,7
DEU,French,7
DEU,homan,7
DEU,sic,7
DEU,peanut butter cups,7
DEU,hafercuisine,7
DEU,cigarrete,7
DEU,nati,7
DEU,zitrin,7
DEU,kohlroulade,7
DEU,estrid,7
DEU,harubo,7
DEU,aleppo,7
DEU,meersalz grob,7
DEU,mux,7
DEU,grischer,7
DEU,ja e,7
DEU,snockers,7
DEU,fischkonser,7
DEU,flaschenöff,7
DEU,kartoffeln im,7
DEU,lasagneplatte,7
DEU,semmelkn,7
DEU,chickennuggets,7
DEU,oliven mandel,7
DEU,himbeermar,7
DEU,spargelsuppe,7
DEU,manderine,7
DEU,Weizenm,7
DEU,sahnd,7
DEU,alpro kokosmilch,7
DEU,body spray,7
DEU,tomatengewürz,7
DEU,oyster s,7
DEU,waschlo,7
DEU,glaa,7
DEU,nüdse,7
DEU,ovu,7
DEU,sür,7
DEU,Baguett,7
DEU,kamile,7
DEU,Pizza salami,7
DEU,schoko pu,7
DEU,salmone,7
DEU,frühlingsw,7
DEU,cliff bar,7
DEU,spritzbe,7
DEU,pinot gr,7
DEU,Rügenwalder Mühle,7
DEU,klorei,7
DEU,bruche,7
DEU,käse b,7
DEU,streuläse,7
DEU,gratin kase,7
DEU,tk heidelbeeren,7
DEU,Cookie d,7
DEU,besto,7
DEU,eistr,7
DEU,Eis würfel,7
DEU,Kaffee ka,7
DEU,milch alna,7
DEU,hähnchenhack,7
DEU,tiefg,7
DEU,glutr,7
DEU,cardamo,7
DEU,peccor,7
DEU,chicken slices,7
DEU,alnatura ka,7
DEU,zwiebr,7
DEU,rapsol oil,7
DEU,kaffee sah,7
DEU,gürckchen,7
DEU,volkorn brot,7
DEU,Schokolde,7
DEU,ibi,7
DEU,sasa,7
DEU,frozen v,7
DEU,alpro v,7
DEU,topfrei,7
DEU,guakamole,7
DEU,putza,7
DEU,kecap,7
DEU,skyr lakt,7
DEU,Wilthener,7
DEU,chunky fl,7
DEU,schweineba,7
DEU,phist,7
DEU,wasserkasten,7
DEU,butter bread,7
DEU,sheeba,7
DEU,watr,7
DEU,butterbro,7
DEU,mohnku,7
DEU,sehr,7
DEU,Berner,7
DEU,turkey ham,7
DEU,Kör,7
DEU,aufschnitt ve,7
DEU,bath bomb,7
DEU,zucjer,7
DEU,konosmilch,7
DEU,pettersilie,7
DEU,Koala,7
DEU,Wild berry,7
DEU,Haarbürste,7
DEU,tassensuppe,7
DEU,kaffee lösl,7
DEU,zitronrn,7
DEU,kül,7
DEU,Soda stream,7
DEU,college,7
DEU,Nestle,7
DEU,koch s,7
DEU,vegane fleischwurst,7
DEU,griechischen joghurt,7
DEU,remoulafe,7
DEU,yap,7
DEU,Selt,7
DEU,eneegy,7
DEU,glis,7
DEU,rindersch,7
DEU,lactose freie milch,7
DEU,knackies,7
DEU,gyoza teig,7
DEU,nocciolata,7
DEU,hätnchen,7
DEU,fleische,7
DEU,sheet,7
DEU,marmelade erd,7
DEU,salma,7
DEU,biopol,7
DEU,pepper dr,7
DEU,fp,7
DEU,prombär,7
DEU,rote zwei,7
DEU,tortellini käse,7
DEU,saft ana,7
DEU,apfel zimt,7
DEU,hagerflocken,7
DEU,giga,7
DEU,hähnchenschenk,7
DEU,mango lo,7
DEU,kräuter b,7
DEU,imp,7
DEU,reis p,7
DEU,gizer,7
DEU,surprise bag,7
DEU,dursch,7
DEU,bifte,7
DEU,haar maske,7
DEU,grillge,7
DEU,kekst,7
DEU,tauben,7
DEU,Miner,7
DEU,rwi,7
DEU,Minuten,7
DEU,Kabanos,7
DEU,kaffee bo,7
DEU,huevo,7
DEU,Kirch,7
DEU,ingwrr,7
DEU,nussmuß,7
DEU,filadelfia,7
DEU,grünertee,7
DEU,käse gou,7
DEU,Nü,7
DEU,hyaluron,7
DEU,gwflügel,7
DEU,Pancetta,7
DEU,123,7
DEU,aprikosenmar,7
DEU,fassbraus,7
DEU,uncle benz,7
DEU,butch,7
DEU,Hähnchenflügel,7
DEU,eingelegter,7
DEU,pervol,7
DEU,Mandelmu,7
DEU,vegane c,7
DEU,Tzaziki,7
DEU,chicken sto,7
DEU,ardbe,7
DEU,glaser,7
DEU,rostbratwü,7
DEU,yogurt pro,7
DEU,gous,7
DEU,Ohrstäbchen,7
DEU,ground pork,7
DEU,haclfleisch,7
DEU,joghurt andechser,7
DEU,h-milc,7
DEU,60 l,7
DEU,eett,7
DEU,mozarekla,7
DEU,Schaf,7
DEU,balle,7
DEU,crissant,7
DEU,basmato,7
DEU,yagla,7
DEU,twe,7
DEU,joghurt pfir,7
DEU,Dinkelnudeln,7
DEU,tucker,7
DEU,veggie fleisch,7
DEU,seven up zero,7
DEU,tesk,7
DEU,kraute,7
DEU,cecc,7
DEU,plants,7
DEU,twiebel,7
DEU,aufbsck,7
DEU,brothen,7
DEU,ehrmann high protein,7
DEU,ja chi,7
DEU,rewe beste wahl mineralwasser,7
DEU,burer,7
DEU,glutenfei,7
DEU,vlumen,7
DEU,schoko stücke,7
DEU,zigerette,7
DEU,pizza diavolo,7
DEU,gruk,7
DEU,Harry's,7
DEU,Rispentomaten,7
DEU,tew,7
DEU,filtertüte,7
DEU,milch snack,7
DEU,monster e,7
DEU,spati,7
DEU,Rote Zwiebeln,7
DEU,pizza ja!,7
DEU,wrigleys,7
DEU,Batt,7
DEU,rote zwe,7
DEU,pom b,7
DEU,diebel,7
DEU,rettungst,7
DEU,kirschw,7
DEU,toiletenp,7
DEU,eis snick,7
DEU,Salzbrezeln,7
DEU,Weltmeister,7
DEU,zitronenkonzentrat,7
DEU,wassereia,7
DEU,holzspi,7
DEU,kitney,7
DEU,Franz,7
DEU,soja bohnen,7
DEU,thubf,7
DEU,kovert,7
DEU,grüner Tee,7
DEU,ja moza,7
DEU,vracker,7
DEU,schokoladensoße,7
DEU,grüt,7
DEU,gefrorene erd,7
DEU,salz pfeffer,7
DEU,chixk,7
DEU,Rügenwälder,7
DEU,starbucks protein,7
DEU,sela,7
DEU,aufschnitz,7
DEU,Kabel,7
DEU,zitronenjoghurt,7
DEU,das pure brot,7
DEU,Kindl,7
DEU,kadaif,7
DEU,stückige t,7
DEU,papierteller,7
DEU,anaas,7
DEU,taost,7
DEU,bananenb,7
DEU,rumsteak,7
DEU,nedeln,7
DEU,Lipt,7
DEU,landbrot,7
DEU,bramm,7
DEU,jean and len,7
DEU,erdbeersa,7
DEU,band nudel,7
DEU,biratta,7
DEU,edbere,7
DEU,mick,7
DEU,soy mi,7
DEU,No milk,7
DEU,Kinder Schokolade,7
DEU,auc,7
DEU,spicy sausage,7
DEU,Hackfleisch schwein,7
DEU,sexshop,7
DEU,galba,7
DEU,Picknick,7
DEU,alnatura crunchy,7
DEU,Q tips,7
DEU,dn,7
DEU,streukase,7
DEU,floc,7
DEU,club matte,7
DEU,jae,7
DEU,germany,7
DEU,schnitzeö,7
DEU,getreidebrei,7
DEU,m7,7
DEU,breasola,7
DEU,knoblquch,7
DEU,hafer vollkorn,7
DEU,ferrero ro,7
DEU,glutenfrei pizz,7
DEU,Cra,7
DEU,toilettenpappier,7
DEU,Maulta,7
DEU,joghurt zitrone,7
DEU,hanhen,7
DEU,gerri,7
DEU,koch sah,7
DEU,spülmaschie,7
DEU,heigh,7
DEU,schwarta,7
DEU,la mol,7
DEU,karrotensaft,7
DEU,kuechenpapier,7
DEU,elektri,7
DEU,hägnchen,7
DEU,diet limo,7
DEU,homb,7
DEU,Fusili,7
DEU,hairbrush,7
DEU,urinstein,7
DEU,kasch,7
DEU,Pak ch,7
DEU,mackarel,7
DEU,grieschic,7
DEU,ueon,7
DEU,seiffer,7
DEU,küchenrei,7
DEU,natuejoghurt,7
DEU,reli,7
DEU,zitrone zero,7
DEU,köde,7
DEU,spageht,7
DEU,volvic eis,7
DEU,kiks,7
DEU,kaffe bohne,7
DEU,knackbrot,7
DEU,tornado,7
DEU,twmpo,7
DEU,buchs,7
DEU,falla,7
DEU,strawberri,7
DEU,schlag sahn,7
DEU,hipp bio com,7
DEU,natural yogurt,7
DEU,Pizza​,7
DEU,mölzer,7
DEU,lauret,7
DEU,tuten,7
DEU,bamya,7
DEU,vio life,7
DEU,pizza alnat,7
DEU,vollkornrei,7
DEU,kartoo,7
DEU,grillsoße,7
DEU,lasaña,7
DEU,fresh kase,7
DEU,kirin,7
DEU,jurgurt,7
DEU,achlagsahne,7
DEU,albr,7
DEU,vine tom,7
DEU,gluten free brot,7
DEU,babybrl,7
DEU,instant nu,7
DEU,gilter,7
DEU,erdbeermi,7
DEU,kauch,7
DEU,eis bonbon,7
DEU,Saami,7
DEU,cooling bag,7
DEU,leich,7
DEU,mega,7
DEU,marlbr,7
DEU,musle,7
DEU,Könige,7
DEU,cans,7
DEU,alatura,7
DEU,spritzbeu,7
DEU,sojaghurt,7
DEU,semmelbröse,7
DEU,pall mall blau,7
DEU,zwergenwiese,7
DEU,instantnudel,7
DEU,saran,7
DEU,nutella b,7
DEU,extract,7
DEU,Katzen Futter,7
DEU,süsskartofel,7
DEU,kuchenbo,7
DEU,wurst pute,7
DEU,Streichcreme,7
DEU,kurz hal,7
DEU,ageta,7
DEU,kokos r,7
DEU,charge,7
DEU,pudding pul,7
DEU,bearn,7
DEU,rettertüre,7
DEU,sweet c,7
DEU,wester,7
DEU,tomaten sos,7
DEU,saucd,7
DEU,bofrost,7
DEU,kochsal,7
DEU,tafel essig,7
DEU,hapoy,7
DEU,bine,7
DEU,hühncheb,7
DEU,classic rewe,7
DEU,sahna,7
DEU,zenti,7
DEU,mino,7
DEU,Afri,7
DEU,toblero,7
DEU,kühlung,7
DEU,jakordia tabak,7
DEU,kuchererbsen,7
DEU,tiefkühlpizz,7
DEU,alnatura haselnuss,7
DEU,mini mag,7
DEU,tok,7
DEU,tete moin,7
DEU,mozaa,7
DEU,salt &,7
DEU,babag,7
DEU,apfeösaft,7
DEU,gouda reibe,7
DEU,Würfelzucker,7
DEU,follow fish,7
DEU,crem f,7
DEU,milchbrei,7
DEU,slu,7
DEU,säcke,7
DEU,Vollmilchschokolade,7
DEU,käse berg,7
DEU,mayo vega,7
DEU,frische nude,7
DEU,apfelkomp,7
DEU,fib,7
DEU,zitronengrass,7
DEU,bärla,7
DEU,Babybrei,7
DEU,storc,7
DEU,hanimeller,7
DEU,goulas,7
DEU,schmez,7
DEU,Nueln,7
DEU,Yoghu,7
DEU,rewe h,7
DEU,frosza,7
DEU,Protein brot,7
DEU,Sosse,7
DEU,hancen,7
DEU,protein milc,7
DEU,chicken filet,7
DEU,mute,7
DEU,schokolo,7
DEU,gingen ale,7
DEU,vhicken,7
DEU,federweißer,7
DEU,gummo,7
DEU,Pal,7
DEU,suu,7
DEU,hook,7
DEU,steinofenbrot,7
DEU,zur,7
DEU,lets,7
DEU,pronto,7
DEU,krep,7
DEU,volkornbro,7
DEU,inion,7
DEU,zwieel,7
DEU,elnas,7
DEU,roiletten,7
DEU,eis pis,7
DEU,stran,7
DEU,süßlar,7
DEU,kafff,7
DEU,tofu räucher,7
DEU,rote bere,7
DEU,nescafé,7
DEU,buttercroissant,7
DEU,Simply,7
DEU,kellerbier,7
DEU,mix salad,7
DEU,cizi,7
DEU,zartbitter sch,7
DEU,rissotto,7
DEU,herra,7
DEU,zuchibi,7
DEU,kukurma,7
DEU,fischstäbchen glutenfrei,7
DEU,red l,7
DEU,hwiebel,7
DEU,Nuii,7
DEU,marvel,7
DEU,probis,7
DEU,Batteri,7
DEU,pasteta,7
DEU,shauma,7
DEU,buttertoa,7
DEU,ruccols,7
DEU,tequill,7
DEU,kokusnusswasser,7
DEU,kakao powder,7
DEU,kartoffelsu,7
DEU,kouver,7
DEU,kaffee entkoffeiniert,7
DEU,red pep,7
DEU,Camp,7
DEU,patmesa,7
DEU,bonanza decaf,7
DEU,alpro koch,7
DEU,neskafe,7
DEU,einweg rasierer,7
DEU,weißeein,7
DEU,gaterade,7
DEU,choco cro,7
DEU,olive paste,7
DEU,mozzarella leicht,7
DEU,shap,7
DEU,ati,7
DEU,tono,7
DEU,nesspre,7
DEU,spreq,7
DEU,sproten,7
DEU,green lemon,7
DEU,zerro,7
DEU,reiscracker,7
DEU,Sandwich k,7
DEU,Kaki,7
DEU,amaret,7
DEU,redbull white,7
DEU,tomatoes can,7
DEU,ja häh,7
DEU,snack karo,7
DEU,kakao milk,7
DEU,goats cheese,7
DEU,nagellacken,7
DEU,walt,7
DEU,sarg,7
DEU,cekir,7
DEU,hakf,7
DEU,süssl,7
DEU,africo,7
DEU,Putenhackfleisch,7
DEU,pizzabaguette,7
DEU,sternchensuppe,7
DEU,kräutersa,7
DEU,sesamsauce,7
DEU,suns,7
DEU,nuas,7
DEU,hazer,7
DEU,dprudel,7
DEU,kitcheb,7
DEU,eis fr,7
DEU,mocktail,7
DEU,heinz mayo,7
DEU,coolinar,7
DEU,kate,7
DEU,minet,7
DEU,obatzter,7
DEU,guken,7
DEU,sadw,7
DEU,chsmpi,7
DEU,käse lei,7
DEU,milk 3.8,7
DEU,disinfek,7
DEU,psto,7
DEU,zoile,7
DEU,goudq,7
DEU,Black forest,7
DEU,Amaretto,7
DEU,body creme,7
DEU,toleten,7
DEU,pfleg,7
DEU,parmesan gehobelt,7
DEU,orange sa,7
DEU,hackfleisch fett,7
DEU,Ost,7
DEU,eamen,7
DEU,Soja sahne,7
DEU,hafer cook,7
DEU,soccer,7
DEU,pizza tiefkühl,7
DEU,hoj,7
DEU,lasagb,7
DEU,Hackfleisch gemi,7
DEU,tiroler,7
DEU,Licht,7
DEU,kondome xl,7
DEU,zen,7
DEU,schweineohr,7
DEU,hob,7
DEU,Katzenstr,7
DEU,haftcrem,7
DEU,rapsoil,7
DEU,Patty,7
DEU,müler,7
DEU,vitamin e,7
DEU,tepe,7
DEU,freiland eier,7
DEU,maggy,7
DEU,klipap,7
DEU,paprika sü,7
DEU,snyder,7
DEU,korander,7
DEU,hafferflo,7
DEU,e zigar,7
DEU,schinken ja,7
DEU,bio gurken,7
DEU,italy,7
DEU,weisse bihnen,7
DEU,mini kuchen,7
DEU,toilettent,7
DEU,andomi,7
DEU,mandel milk,7
DEU,burger sa,7
DEU,macr,7
DEU,alpro coo,7
DEU,spülmaschinensal,7
DEU,alnatura joghu,7
DEU,mister,7
DEU,prl,7
DEU,lüfter,7
DEU,Reiswaff,7
DEU,raiser,7
DEU,kirschs,7
DEU,naturel,7
DEU,bohnen weiss,7
DEU,phan,7
DEU,hatzer,7
DEU,luicell,7
DEU,craft beer,7
DEU,vanillepuding,7
DEU,pss,7
DEU,blauk,7
DEU,tante fann,7
DEU,mustard seed,7
DEU,airwi,7
DEU,mirava,7
DEU,soko,7
DEU,bohnne,7
DEU,fruchtmus,7
DEU,schokolade voll,7
DEU,loght,7
DEU,Dorschleber,7
DEU,Johann,7
DEU,tete de,7
DEU,buttergemüs,7
DEU,toast v,7
DEU,samt marmelade,7
DEU,Ja orange,7
DEU,la moli,7
DEU,electrolites,7
DEU,travel size,7
DEU,Schokoaufstrich,7
DEU,Brei,7
DEU,frische Brötchen,7
DEU,primitiv,7
DEU,mälzer & fu,7
DEU,jokol,7
DEU,hefet,7
DEU,sesam eis,7
DEU,Ris,7
DEU,joghurt natue,7
DEU,kitn,7
DEU,gezuckerte kondens,7
DEU,soja ohne,7
DEU,Maus,7
DEU,Jaco,7
DEU,alpro b,7
DEU,9mile,7
DEU,bitterscho,7
DEU,chicken tender,7
DEU,rafello,7
DEU,nose spray,7
DEU,actimal,7
DEU,cortage,7
DEU,dänische rem,7
DEU,Passionsfrucht,7
DEU,Ingwer orange,7
DEU,pizza 3 stück,7
DEU,frozen raspberries,7
DEU,bier alkohlfrei,7
DEU,sonnenmilch,7
DEU,kurkure,7
DEU,maisköl,7
DEU,joe,7
DEU,watrr,7
DEU,eyer,7
DEU,geschmacks,7
DEU,cookies soft,7
DEU,vegan n,7
DEU,saucw,7
DEU,Nussmix,7
DEU,weichspüh,7
DEU,aufstrisch,7
DEU,enthaarungscreme,7
DEU,frische k,7
DEU,waldb,7
DEU,corned b,7
DEU,caramel syr,7
DEU,einlag,7
DEU,ark,7
DEU,Fra,7
DEU,vegan sandwich,7
DEU,karroffel,7
DEU,Chari,7
DEU,Nagelfeile,7
DEU,wascj,7
DEU,erdnussmuß,7
DEU,ja kräuter,7
DEU,Cooki,7
DEU,mozarrel,7
DEU,chip dip,7
DEU,Apfelkuchen,7
DEU,garnitür,7
DEU,Act,7
DEU,schallot,7
DEU,lora,7
DEU,Apfelsaf,7
DEU,mini tom,7
DEU,apfelsafz,7
DEU,tomaten sauc,7
DEU,pülle,7
DEU,fussu,7
DEU,roy kom,7
DEU,küchentüche,7
DEU,hähnchen s,7
DEU,malboto,7
DEU,hili,7
DEU,fs,7
DEU,hähnchen gew,7
DEU,delik,7
DEU,alnatura frozen,7
DEU,probiotika,7
DEU,karamell kekse,7
DEU,eis z,7
DEU,wienee,7
DEU,apfeln,7
DEU,pizza fu,7
DEU,shnit,7
DEU,marmlade,7
DEU,salamistickd,7
DEU,oatmea,7
DEU,gonig,7
DEU,gefroe,7
DEU,bouillo,7
DEU,dessert soße,7
DEU,hand sei,7
DEU,apfr,7
DEU,feldsalad,7
DEU,paprika ecken,7
DEU,mineralwasser ja,7
DEU,kuwi,7
DEU,zuckr,7
DEU,Trüfr,7
DEU,rukkola,7
DEU,glutenfrri,7
DEU,sweet Chili,7
DEU,edelst,7
DEU,fake,7
DEU,milchmadchen,7
DEU,branntweinessig,7
DEU,pakett,7
DEU,weißweine,7
DEU,Len,7
DEU,chips balsamico,7
DEU,Hibiskus,7
DEU,John Player,7
DEU,pergament,7
DEU,kartoffelpuf,7
DEU,toiltt,7
DEU,geanini,7
DEU,bratm,7
DEU,suppenhuh,7
DEU,moel,7
DEU,würstel,7
DEU,milchcreme,7
DEU,conta,7
DEU,monin sirup,7
DEU,vim,7
DEU,Ben and Jerry's,7
DEU,highpro,7
DEU,zhn,7
DEU,popcp,7
DEU,jagtwurst,7
DEU,bluna,7
DEU,gluteb,7
DEU,cidr,7
DEU,zio,7
DEU,crab sticks,7
DEU,Schwipp,7
DEU,sun flower oil,7
DEU,endi,7
DEU,Heidelbeersaft,7
DEU,blutwurs,7
DEU,woman,7
DEU,tk Gemüse,7
DEU,sürite,7
DEU,batilla,7
DEU,konfens,7
DEU,javan,7
DEU,dalt,7
DEU,käsedi,7
DEU,rosbacher,7
DEU,yoghutt,7
DEU,hundee,7
DEU,würfelkäse,7
DEU,Wassee,7
DEU,oliven ohne,7
DEU,linseln,7
DEU,Monster energy,7
DEU,nudeon,7
DEU,hary,7
DEU,buzz,7
DEU,razier,7
DEU,konjak nudeln,7
DEU,gelber,7
DEU,Toilettenpapier feucht,7
DEU,trockenscha,7
DEU,feis,7
DEU,bageu,7
DEU,bananenbr,7
DEU,"milch 0,3",7
DEU,kphl,7
DEU,eiswürfelbeu,7
DEU,eau,7
DEU,essiges,7
DEU,kalamata oliven,7
DEU,fruchtt,7
DEU,aroel,7
DEU,Taak,7
DEU,vegan fisch,7
DEU,Lactose frei yog,7
DEU,toilettenapier,7
DEU,mettend,7
DEU,zoucook,7
DEU,geschirrspülm,7
DEU,milch bi,7
DEU,zähne,7
DEU,methi,7
DEU,leite,7
DEU,Dextro,7
DEU,schöa,7
DEU,gläse,7
DEU,Hef,7
DEU,macho,7
DEU,fruhli,7
DEU,makers,7
DEU,essig gurk,7
DEU,malze,7
DEU,Eis bio,7
DEU,kartoffeleck,7
DEU,kimb,7
DEU,vherry,7
DEU,body shower,7
DEU,sanpellegrino,7
DEU,Klump,7
DEU,celo,7
DEU,Proteinmilch,7
DEU,ja fanta,7
DEU,granini die l,7
DEU,karitt,7
DEU,kikkom,7
DEU,bin liners,7
DEU,johghurt,7
DEU,limb,7
DEU,käse am,7
DEU,saft a,7
DEU,kloppaier,7
DEU,sana,7
DEU,brot aufbacken,7
DEU,exoti,7
DEU,Glasreinigung,7
DEU,peot,7
DEU,Curry paste,7
DEU,skyr soja,7
DEU,misli,7
DEU,reis ess,7
DEU,bio g,7
DEU,Tz,7
DEU,liebli,7
DEU,rindr,7
DEU,zahncrem,7
DEU,Kinder pin,7
DEU,ata,7
DEU,orange Saft,7
DEU,sag e,7
DEU,nudel sosse,7
DEU,soüli,7
DEU,katzen s,7
DEU,kafffe,7
DEU,smoothie banana,7
DEU,müssl,7
DEU,garnelrn,7
DEU,Kasten,7
DEU,cament,7
DEU,cass,7
DEU,hähnchenspie,7
DEU,Pad,7
DEU,simpli,7
DEU,straws,7
DEU,daily pad,7
DEU,fax,7
DEU,hamdseife,7
DEU,kartoffelg,7
DEU,Hänche,7
DEU,mod,7
DEU,maisstange,7
DEU,Instant nudeln,7
DEU,Knorr pasta,7
DEU,zuchoni,7
DEU,balaststoffe,7
DEU,Löslich,7
DEU,wassermelobe,7
DEU,handso,7
DEU,senf körnig,7
DEU,zahbürste,7
DEU,river,7
DEU,tend,7
DEU,nik nak,7
DEU,eisbeeg,7
DEU,turkey slice,7
DEU,getrö,7
DEU,stir,7
DEU,spaghetii,7
DEU,earbud,7
DEU,mie nudel,7
DEU,mango chut,7
DEU,analplug,7
DEU,dishwasher pod,7
DEU,toalett,7
DEU,everdr,7
DEU,mayonesse,7
DEU,vösslauer,7
DEU,sonneblumenöl,7
DEU,dosenöffner,7
DEU,nugat bit,7
DEU,creal,7
DEU,bread stick,7
DEU,cola zee,7
DEU,lachsschi,7
DEU,Skyr alpro,7
DEU,sauer kraut,7
DEU,organen,7
DEU,lotos,7
DEU,bratma,7
DEU,colorwas,7
DEU,oetersilie,7
DEU,petersiele,7
DEU,mhel,7
DEU,chips tr,7
DEU,dpül,7
DEU,hackfleisch mager,7
DEU,cezar,7
DEU,koro soja,7
DEU,salZ,7
DEU,Bitte,7
DEU,crispy chili öl,7
DEU,Mini pizza,7
DEU,bell peper,7
DEU,sahn3,7
DEU,protein riegwl,7
DEU,muschelnu,7
DEU,mixed veggies,7
DEU,vhamp,7
DEU,mallbo,7
DEU,rasieree,7
DEU,chili lime,7
DEU,vham,7
DEU,hirtenkäsr,7
DEU,cornsta,7
DEU,kaffeelik,7
DEU,wasserk,7
DEU,Mount Hagen Arabica Crema Ganze Kaffeebohnen bio,7
DEU,vollkorn tortilla,7
DEU,vegan Frischkäse,7
DEU,buchweizenflocken,7
DEU,schoko erd,7
DEU,schlaftee,7
DEU,Elek,7
DEU,gekocht ei,7
DEU,air up,7
DEU,volvicc,7
DEU,aqua pann,7
DEU,schinkenspic,7
DEU,Tajin,7
DEU,zigsre,7
DEU,orbi,7
DEU,Ofenk,7
DEU,orechie,7
DEU,linsenpasta,7
DEU,Apfelmuss,7
DEU,babygl,7
DEU,komoswasser,7
DEU,ovst,7
DEU,beil,7
DEU,vegeta gewürz,7
DEU,Zahnfleisch,7
DEU,Ni,7
DEU,tomatenmark bio,7
DEU,würstchen wiener,7
DEU,grut,7
DEU,braunen,7
DEU,minutenste,7
DEU,göuten,7
DEU,fruhlingszw,7
DEU,prorein,7
DEU,garlic bre,7
DEU,rüc,7
DEU,seiracha,7
DEU,steak rind,7
DEU,milch laktosfrei,7
DEU,sirzp,7
DEU,apar,7
DEU,sojasprosse,7
DEU,soja protein,7
DEU,griechiscjer,7
DEU,feur,7
DEU,spreewal,7
DEU,gloss,7
DEU,yoğu,7
DEU,Super Pop,7
DEU,pommersche vegan,7
DEU,nudeln fusili,7
DEU,schwarz bohnen,7
DEU,isoc,7
DEU,nohnen,7
DEU,huftsteak,7
DEU,geschenl,7
DEU,sakli,7
DEU,weintraubeb,7
DEU,geld,7
DEU,yoghurt ja,7
DEU,dark chi,7
DEU,vanilla ext,7
DEU,barber,7
DEU,tomTo,7
DEU,snack kar,7
DEU,käsesn,7
DEU,Chicken nu,7
DEU,poeb,7
DEU,kartoffel pürree,7
DEU,rader,7
DEU,Dosensuppe,7
DEU,parch,7
DEU,Weiße Schokolade,7
DEU,weetab,7
DEU,hinterkochschinken,7
DEU,rasberr,7
DEU,wd 40,7
DEU,salat sau,7
DEU,nudel ja,7
DEU,roe,7
DEU,Kaffee entko,7
DEU,posta,7
DEU,gebra,7
DEU,huett,7
DEU,Basilik,7
DEU,kombich,7
DEU,pommers,7
DEU,asian sauce,7
DEU,Eiweißb,7
DEU,müsli früchte,7
DEU,coabatta,7
DEU,Sauce ho,7
DEU,heissluft,7
DEU,naco,7
DEU,brötchen ja,7
DEU,piel,7
DEU,Piccolini,7
DEU,sensodyn,7
DEU,Nelken,7
DEU,qusrk,7
DEU,apperol,7
DEU,Ferdi fuchs,7
DEU,cheese sliced,7
DEU,rama butter,7
DEU,Nagellackentferner,7
DEU,ripchen,7
DEU,rewe ice,7
DEU,geflügelsalam,7
DEU,Mozart,7
DEU,waldmeis,7
DEU,super p,7
DEU,moskovs,7
DEU,saure gut,7
DEU,nurnber,7
DEU,Tru,7
DEU,pelig,7
DEU,bufalla,7
DEU,cola ligjt,7
DEU,kurke,7
DEU,durstlo,7
DEU,zak,7
DEU,oil sonnen,7
DEU,sambuc,7
DEU,shalot,7
DEU,estr,7
DEU,protein ka,7
DEU,pachs,7
DEU,aufschnitt geflügel,7
DEU,geiechischer joghurt,7
DEU,gher,7
DEU,Fritz limo,7
DEU,hipp pre combiotik,7
DEU,bape,7
DEU,sumer,7
DEU,holzsp,7
DEU,thna,7
DEU,Möhrensaft,7
DEU,joghurt koko,7
DEU,nussi,7
DEU,chir,7
DEU,albatu,7
DEU,aci biber,7
DEU,Tomatensu,7
DEU,sundr,7
DEU,sewa,7
DEU,nexa,7
DEU,maem,7
DEU,cad,7
DEU,corn star,7
DEU,chix,7
DEU,ulidag,7
DEU,halo top,7
DEU,raumer,7
DEU,ira,7
DEU,kontaktlins,7
DEU,fruchtbutter,7
DEU,kamille tee,7
DEU,tiefkühl o,7
DEU,tekila,7
DEU,ballchen,7
DEU,night,7
DEU,sirup vanille,7
DEU,weissweim,7
DEU,lech,7
DEU,kräuterk,7
DEU,katzentrocken,7
DEU,joghurt vega,7
DEU,CO2,7
DEU,Kol,7
DEU,hünerbrühe,7
DEU,West,7
DEU,wollwasch,7
DEU,alnatura skyr,7
DEU,kartoffel sa,7
DEU,ja sp,7
DEU,mischg,7
DEU,bottle opener,7
DEU,spüllung,7
DEU,pufuletti,7
DEU,rote zwibeln,7
DEU,papiertüte,7
DEU,paprika rosen,7
DEU,kartofff,7
DEU,oea,7
DEU,rokul,7
DEU,kühlakkus,7
DEU,socke,7
DEU,quac,7
DEU,elekr,7
DEU,Coca Cola Zero Sugar,7
DEU,snakes,7
DEU,pikan,7
DEU,Käse Scheiben,7
DEU,käse geriebn,7
DEU,Mettenden,7
DEU,Schnuller,7
DEU,cofee creamer,7
DEU,milch sc,7
DEU,kochsahb,7
DEU,kerni,7
DEU,ezig,7
DEU,ice crean,7
DEU,buldac,7
DEU,knack und ba,7
DEU,brühwü,7
DEU,oca,7
DEU,sour creame,7
DEU,Toppits,7
DEU,fischf,7
DEU,debr,7
DEU,Joghurt l,7
DEU,beste wahl wasser,7
DEU,crackee,7
DEU,morzere,7
DEU,Proteinpudding,7
DEU,ceta,7
DEU,smoki,7
DEU,Hohes,7
DEU,brötchn,7
DEU,parsnip,7
DEU,süe,7
DEU,medo,7
DEU,spuelmittel,7
DEU,koalas,7
DEU,everyfood,7
DEU,corny hafer,7
DEU,bohme,7
DEU,Schokolade weiß,7
DEU,Champin,7
DEU,lite,7
DEU,salatsa,7
DEU,penau,7
DEU,schinkeb,7
DEU,skittl,7
DEU,zucchiji,7
DEU,aji,7
DEU,deo axe,7
DEU,nurofen,7
DEU,schmarn,7
DEU,peproni,7
DEU,rahmjoghurt,7
DEU,hüttem,7
DEU,kräue,7
DEU,frozen man,7
DEU,morell,7
DEU,Schl,7
DEU,la via,7
DEU,aorbet,7
DEU,hamm,7
DEU,zuckerfreie schokolade,7
DEU,vuse zero,7
DEU,häncj,7
DEU,cuba,7
DEU,fh,7
DEU,Weizenvollkornmehl,7
DEU,garlick,7
DEU,himbeern,7
DEU,chili s,7
DEU,chikpeas,7
DEU,sandvich,7
DEU,vegan jog,7
DEU,paysa,7
DEU,Harte,7
DEU,sun dried tomat,7
DEU,apfelsx,7
DEU,m7lch,7
DEU,Grüne boh,7
DEU,alsana,7
DEU,teryi,7
DEU,Kinder b,7
DEU,Cola zucker,7
DEU,Kaktus eis,7
DEU,parmasa,7
DEU,magnum bon,7
DEU,schokoöade,7
DEU,lettucr,7
DEU,parmigiana,7
DEU,kartoffel sal,7
DEU,organo,7
DEU,wrdbee,7
DEU,alifolie,7
DEU,Patros,7
DEU,grwürz,7
DEU,bio kartof,7
DEU,Magerqua,7
DEU,thermal,7
DEU,kräuterli,7
DEU,traunen,7
DEU,süsspommes,7
DEU,psr,7
DEU,hafferf,7
DEU,cottagw,7
DEU,beckers,7
DEU,aufback baguette,7
DEU,golden kiwi,7
DEU,ja toilettenpapier,7
DEU,aifstrich,7
DEU,räuchet,7
DEU,veganer frischk,7
DEU,landliebe milch,7
DEU,Gruyere,7
DEU,biang,7
DEU,blood,7
DEU,tomatensauße,7
DEU,hot choc,7
DEU,Frischkäse k,7
DEU,fisch stäbchen,7
DEU,mescafe,7
DEU,orge,7
DEU,savoi,7
DEU,Adelh,7
DEU,isotonic,7
DEU,schmink,7
DEU,vive,7
DEU,käse sand,7
DEU,bluber,7
DEU,cig k,7
DEU,nhas,7
DEU,ajol,7
DEU,creamch,7
DEU,ice loll,7
DEU,Alkoholfreies,7
DEU,klp,7
DEU,buuter,7
DEU,garde,7
DEU,hähnschen,7
DEU,lachs schinken,7
DEU,jalapenios,7
DEU,shin ram,7
DEU,hole,7
DEU,leckermäulchen,7
DEU,Salai,7
DEU,protein i,7
DEU,bacpn,7
DEU,cornfleks,7
DEU,Hüh,7
DEU,nodels,7
DEU,Blaubee,7
DEU,what,7
DEU,hähnchdn,7
DEU,pasta f,7
DEU,pecorino romano,7
DEU,käsed,7
DEU,Gru,7
DEU,linsen waf,7
DEU,md,7
DEU,haagen dazs,7
DEU,whole grain bread,7
DEU,Vibrator,7
DEU,kühlak,7
DEU,frischä,7
DEU,martipan,7
DEU,cola che,7
DEU,skip,7
DEU,shavi,7
DEU,bulk,7
DEU,antipasta,7
DEU,bindne,7
DEU,oberkeule,7
DEU,herth,7
DEU,bruss,7
DEU,wundpflaster,7
DEU,sniclers,7
DEU,bole,7
DEU,apfelschir,7
DEU,dänis,7
DEU,fuc,7
DEU,kesh,7
DEU,sour bread,7
DEU,hühnerfrikas,7
DEU,coffee bea,7
DEU,risbe,7
DEU,long grain,7
DEU,hafermü,7
DEU,weide milch,7
DEU,more iced coffee,7
DEU,Coke Zero,7
DEU,gane,7
DEU,putenschn,7
DEU,choclait,7
DEU,katc,7
DEU,mexx,7
DEU,Ben a,7
DEU,slamon,7
DEU,linsen eintopf,7
DEU,sinupret,7
DEU,Tüten,7
DEU,panto,7
DEU,grav,7
DEU,frucht eis,7
DEU,tk f,7
DEU,lipton ice,7
DEU,milch re,7
DEU,babyvita,7
DEU,lachs ja!,7
DEU,tif,7
DEU,trüfe,7
DEU,vuse ultra,7
DEU,wrap glutenfrei,7
DEU,kitchen tissues,7
DEU,cantucci,7
DEU,cooking crea,7
DEU,Ente,7
DEU,Müllbeute,7
DEU,dpr,7
DEU,green te,7
DEU,kräuter tiefkühl,7
DEU,bräun,7
DEU,dibkel,7
DEU,prombä,7
DEU,creme fraiche kräuter,7
DEU,Milka oreo,7
DEU,light hack,7
DEU,blaubeereb,7
DEU,blube,7
DEU,his,7
DEU,Bailey,7
DEU,krtchup,7
DEU,protien bread,7
DEU,akne,7
DEU,Ingw,7
DEU,cheek,7
DEU,nix,7
DEU,alnatura zimt,7
DEU,anj,7
DEU,seven days,7
DEU,voy,7
DEU,herinh,7
DEU,teif,7
DEU,chocolaye,7
DEU,londt,7
DEU,joghurt van,7
DEU,soyasa,7
DEU,linis bites,7
DEU,sanluca,7
DEU,gemahlene ma,7
DEU,Suppenhuhn,7
DEU,ohne z,7
DEU,zatiki,7
DEU,gyozas,7
DEU,colaturka,7
DEU,Sahne hering,7
DEU,Roman,7
DEU,weizenmischbrot,7
DEU,red be,7
DEU,paniki,7
DEU,rice k,7
DEU,frülings,7
DEU,Vanille zucker,7
DEU,bsby,7
DEU,Trüf,7
DEU,feine extra,7
DEU,skyy,7
DEU,quark erd,7
DEU,telle,7
DEU,chips alna,7
DEU,ofenkäsw,7
DEU,Limburger,7
DEU,kitchen p,7
DEU,delikate,7
DEU,Schwar,7
DEU,Burra,7
DEU,rotbäc,7
DEU,haar gel,7
DEU,repair,7
DEU,light mozzarella,7
DEU,alnatura obst,7
DEU,edamem,7
DEU,tiwfkühl,7
DEU,eis beutel,7
DEU,waterdro,7
DEU,doppeldecker,7
DEU,bio orang,7
DEU,water 5l,7
DEU,salt an,7
DEU,erdbeer saft,7
DEU,Vanille Eis,7
DEU,mec,7
DEU,wc bürste,7
DEU,miranda,7
DEU,blockho,7
DEU,chibs,7
DEU,rohrein,7
DEU,pankomehl,7
DEU,vorka,7
DEU,getran,7
DEU,roko,7
DEU,spätkauf,7
DEU,lae,7
DEU,2l,7
DEU,würsc,7
DEU,zuckersiru,7
DEU,milch hemme,7
DEU,halsbonbon,7
DEU,mymu,7
DEU,lasah,7
DEU,kartoffelpur,7
DEU,Kichererbsen chips,7
DEU,stilleswasser,7
DEU,vitaminwe,7
DEU,miamor,7
DEU,zigarer,7
DEU,cooking cr,7
DEU,eis mandel,7
DEU,schattenmor,7
DEU,wenig kalorien,7
DEU,Bodentücher,7
DEU,Mineralwasser Sprudel,7
DEU,alpero,7
DEU,kneck,7
DEU,agustiner,7
DEU,wads,7
DEU,tikka paste,7
DEU,buss,7
DEU,honey mu,7
DEU,cola afri,7
DEU,schirm,7
DEU,wc ste,7
DEU,meersalz butter,7
DEU,körnerk,7
DEU,getrockene tomaten,7
DEU,kashar,7
DEU,passatta,7
DEU,ktch,7
DEU,vela,7
DEU,apothe,7
DEU,mörser,7
DEU,Hack rind,7
DEU,hckfleisch,7
DEU,dky,7
DEU,Tiefkühl Gemüse,7
DEU,ja sandwich,7
DEU,knolauch,7
DEU,speick,7
DEU,ice ball,7
DEU,medic,7
DEU,bio haferflo,7
DEU,gemüsech,7
DEU,teelich,7
DEU,wuedt,7
DEU,cayenne pepper,7
DEU,genussmix,7
DEU,heiz,7
DEU,fruts,7
DEU,gizen,7
DEU,maissta,7
DEU,lorbeerblätter,7
DEU,hackfkeisch,7
DEU,iphone charger,7
DEU,kinder scho,7
DEU,totellini,7
DEU,baby t,7
DEU,kaffeesirup,7
DEU,limom,7
DEU,yoger,7
DEU,schonk,7
DEU,tomaten in st,7
DEU,taz,7
DEU,Sauerkrautsaft,7
DEU,50,7
DEU,Feinkost,7
DEU,icea,7
DEU,kaffre,7
DEU,iregano,7
DEU,oven cheese,7
DEU,alnt,7
DEU,ceme,7
DEU,hänchen salami,7
DEU,lec,7
DEU,Rosinenbrot,7
DEU,erdinger a,7
DEU,Glasrei,7
DEU,sap,7
DEU,rewe beste wahl pizza,7
DEU,roasted onion,7
DEU,bananench,7
DEU,cannelli,7
DEU,erkältun,7
DEU,panpers,7
DEU,monster z,7
DEU,beoz,7
DEU,rim,7
DEU,tomatensause,7
DEU,hüttenläse,7
DEU,fredd,7
DEU,crémant,7
DEU,scholade,7
DEU,oliven ohne stein,7
DEU,wholey bowl,7
DEU,white bea,7
DEU,to.aten,7
DEU,Eukalyptus,7
DEU,dental floss,7
DEU,jogurt 3.5,7
DEU,beans green,7
DEU,Marmelad,7
DEU,gewüt,7
DEU,beeren müsli,7
DEU,müller m,7
DEU,Anti,7
DEU,teewuest,7
DEU,olivenmix,7
DEU,Joghurt 1,7
DEU,bio bier,7
DEU,pekann,7
DEU,saun,7
DEU,Green beans,7
DEU,dill gefr,7
DEU,cornetti,7
DEU,herr‘,7
DEU,butermilch,7
DEU,yoj,7
DEU,wv,7
DEU,schwarze olive,7
DEU,schinekn,7
DEU,equisa,7
DEU,bio tee,7
DEU,zigaretten marlboro,7
DEU,schokotröp,7
DEU,feinwa,7
DEU,russisc,7
DEU,ğasta,7
DEU,washing mac,7
DEU,Roséwein,7
DEU,Limo zero,7
DEU,bio müsli,7
DEU,tioletten,7
DEU,GEFRIERBEUTEL,7
DEU,onion frozen,7
DEU,burrit,7
DEU,weichweizen grieß,7
DEU,nröt,7
DEU,bizz,7
DEU,geriebener mozzarella,7
DEU,garloc,7
DEU,lao gan ma,7
DEU,yoghurt lactose,7
DEU,babymöhren,7
DEU,toilletten papier,7
DEU,wasser glasflasche,7
DEU,maischi,7
DEU,Salami snack,7
DEU,maximal g,7
DEU,vs,7
DEU,Vinegar,7
DEU,pumpernic,7
DEU,snack mix,7
DEU,beef burger,7
DEU,kreppband,7
DEU,vegt,7
DEU,hot s,7
DEU,frühstu,7
DEU,cigars,7
DEU,ctr,7
DEU,ground pepper,7
DEU,natcho,7
DEU,yogho,7
DEU,cupcak,7
DEU,streu kä,7
DEU,erv,7
DEU,vrgan,7
DEU,rügenwalder frik,7
DEU,milka cake,7
DEU,fush,7
DEU,roz,7
DEU,ohne nitrit,7
DEU,staubsaug,7
DEU,burgrr,7
DEU,mango las,7
DEU,grischicher,7
DEU,kieselerde,7
DEU,Frittieröl,7
DEU,notizbuch,7
DEU,vegane schinken,7
DEU,carnaroli,7
DEU,svhoko,7
DEU,schnelzk,7
DEU,Don,7
DEU,sweer,7
DEU,wet tissues,7
DEU,sandwich b,7
DEU,grill k,7
DEU,ohrenstäb,7
DEU,katzensnack,7
DEU,kinder pasta,7
DEU,tomaten sahne,7
DEU,Carbonara,7
DEU,käse gebäck,7
DEU,Every.,7
DEU,babyglas,7
DEU,Sour Cream,7
DEU,pizza köse,7
DEU,domestis,7
DEU,hygiene reiniger,7
DEU,tomato sause,7
DEU,energie drink,7
DEU,grüner spar,7
DEU,holle pre,7
DEU,fleischsalaz,7
DEU,chut,7
DEU,Car,7
DEU,ely,7
DEU,spride,7
DEU,sure,7
DEU,Bio s,7
DEU,backmischungen,7
DEU,lange,7
DEU,Joguhrt,7
DEU,Yogi,7
DEU,Leberwurs,7
DEU,keise,7
DEU,Instanz kaffee,7
DEU,cofffee,7
DEU,buttt,7
DEU,zittonen,7
DEU,gemüselasagne,7
DEU,chips brat,7
DEU,merrett,7
DEU,mezzo mi,7
DEU,permesan,7
DEU,Chunky,7
DEU,sicilia,7
DEU,yuo,7
DEU,True,7
DEU,hygienet,7
DEU,keu,7
DEU,sauer kirschen,7
DEU,tiefe,7
DEU,knochblauch,7
DEU,joghurt laktos,7
DEU,klohpapier,7
DEU,currypu,7
DEU,milch al,7
DEU,kartoffelsta,7
DEU,paradie,7
DEU,hetränke,7
DEU,kalbsleb,7
DEU,soja granu,7
DEU,kreuzküm,7
DEU,Bio k,7
DEU,ice cream mango,7
DEU,nak,7
DEU,interna,7
DEU,waldpilz,7
DEU,rucila,7
DEU,la v,7
DEU,sagrotan seife,7
DEU,spültuch,7
DEU,bio f,7
DEU,grillfleisc,7
DEU,hagen daz,7
DEU,canelon,7
DEU,magat,7
DEU,popcirn,7
DEU,zigaretren,7
DEU,like hack,7
DEU,strauss,7
DEU,hähncj,7
DEU,wiener boden,7
DEU,wassermwlone,7
DEU,maizena,7
DEU,Protien,7
DEU,Nudelsa,7
DEU,Mandel Milch,7
DEU,oral b io,7
DEU,Por,7
DEU,liek,7
DEU,Gas,7
DEU,helm,7
DEU,ketvhup,7
DEU,clementin,7
DEU,orqnge,7
DEU,Filtertüten,7
DEU,bockwürstchen,7
DEU,pizza v,7
DEU,schatf,7
DEU,Creme br,7
DEU,Ben & Jerry,7
DEU,Pizza Käse,7
DEU,oranga,7
DEU,Haferflocken kernig,7
DEU,protein j,7
DEU,farfale,7
DEU,schwarze Oliven,7
DEU,pizza sose,7
DEU,zab,7
DEU,Brief,7
DEU,cream fra,7
DEU,vef,7
DEU,kondon,7
DEU,corn cakes,7
DEU,ingwer s,7
DEU,schöf,7
DEU,papptell,7
DEU,high proti,7
DEU,kaffep,7
DEU,greco,7
DEU,vanilla essen,7
DEU,coffee fil,7
DEU,bimsstein,7
DEU,kokonussmilch,7
DEU,sandwichg,7
DEU,erdbeerjo,7
DEU,voltic,7
DEU,halme,7
DEU,feuxh,7
DEU,tf,7
DEU,Sandwich kä,7
DEU,salammi,7
DEU,haferg,7
DEU,tiefkühlob,7
DEU,Frische Vollmilch,7
DEU,kanne,7
DEU,ja limonade,7
DEU,tikka masala,7
DEU,sij,7
DEU,koer,7
DEU,rotten,7
DEU,hähnchengesch,7
DEU,schäl,7
DEU,rosemarry,7
DEU,"Maker's Mark Bourbon Whisky 45% vol., 0,7l",7
DEU,rinderhackfl,7
DEU,ginger alw,7
DEU,pizza su,7
DEU,superpo,7
DEU,toilettebpapier,7
DEU,Woka,7
DEU,milchc,7
DEU,nudel glutenfrei,7
DEU,hänchenwurst,7
DEU,zitro e,7
DEU,alpor,7
DEU,baldamic,7
DEU,weisse boh,7
DEU,Sodbrennen,7
DEU,wS,7
DEU,gurken salat,7
DEU,peril,7
DEU,kelloga,7
DEU,tba,7
DEU,rake,7
DEU,Passiert,7
DEU,gezi,7
DEU,eier bi,7
DEU,pesto alnatura,7
DEU,saure sag,7
DEU,noddles,7
DEU,glutenfreie hafermilch,7
DEU,milk choco,7
DEU,hackfleo,7
DEU,dinkelf,7
DEU,Spaghettini,7
DEU,pringls,7
DEU,twa,7
DEU,alnatura margarine,7
DEU,Soja drink,7
DEU,geribe,7
DEU,granola cookies,7
DEU,goat ch,7
DEU,TOMAT,7
DEU,lakeitz,7
DEU,Sni,7
DEU,lenr,7
DEU,"wasser 1,",7
DEU,groß,7
DEU,feuchttpcher,7
DEU,mikrofas,7
DEU,hafeflocken,7
DEU,geflügelleb,7
DEU,draht,7
DEU,Tmaten,7
DEU,sirracha,7
DEU,grantapfel,7
DEU,trinkfla,7
DEU,hafer floc,7
DEU,ütje,7
DEU,glur,7
DEU,kaffeekonzen,7
DEU,ice ba,7
DEU,reisesaig,7
DEU,schws,7
DEU,corny protein,7
DEU,poff,7
DEU,Rafael,7
DEU,pirzola,7
DEU,pommrs,7
DEU,yoghort,7
DEU,ril,7
DEU,Jogurth,7
DEU,gehobelte,7
DEU,eukaly,7
DEU,kaetoff,7
DEU,barista milk,7
DEU,gemahlener kaffee,7
DEU,joghurt butter,7
DEU,Miree,7
DEU,fragrance,7
DEU,cheesee,7
DEU,curry ketchu,7
DEU,dinkel spa,7
DEU,bakerei,7
DEU,blumenkojl,7
DEU,süß sauer soße,7
DEU,schwin,7
DEU,rotter,7
DEU,Milchrei,7
DEU,hph,7
DEU,pizza chicken,7
DEU,Backpa,7
DEU,Bienenstich,7
DEU,spiz,7
DEU,Ja s,7
DEU,johannesbeeren,7
DEU,joguhrt mit der ecke,7
DEU,toulettenp,7
DEU,biocompany,7
DEU,Orangensaf,7
DEU,miffin,7
DEU,WODKA,7
DEU,patatoes,7
DEU,alnarura,7
DEU,mirabelle,7
DEU,bauge,7
DEU,reibekuch,7
DEU,coconut oul,7
DEU,safy,7
DEU,rose water,7
DEU,Waffelbecher,7
DEU,König,7
DEU,Mixery,7
DEU,beaf,7
DEU,oriental chips,7
DEU,brot gl,7
DEU,salziges popcorn,7
DEU,alpec,7
DEU,ja nüsse,7
DEU,boll,7
DEU,san c,7
DEU,schoko mousse,7
DEU,cgi,7
DEU,meister pro,7
DEU,ristora,7
DEU,desset,7
DEU,kirchererb,7
DEU,bio fr,7
DEU,octop,7
DEU,çorba,7
DEU,Johu,7
DEU,ecery,7
DEU,hartweizeng,7
DEU,trof,7
DEU,Rap,7
DEU,milch brotchen,7
DEU,champu,7
DEU,mango getr,7
DEU,Whiskas,7
DEU,hundefutter senior,7
DEU,geflügel wi,7
DEU,vegan butcher,7
DEU,Jona,7
DEU,bio o,7
DEU,polnische,7
DEU,shea,7
DEU,obstk,7
DEU,boxen,7
DEU,wuiche,7
DEU,würzpaste,7
DEU,thai chili,7
DEU,feuchttücher gesicht,7
DEU,vegan au,7
DEU,Gin tonic,7
DEU,mountain de,7
DEU,mini ka,7
DEU,obc,7
DEU,asien,7
DEU,enzyme,7
DEU,frostie,7
DEU,bukdak,7
DEU,chinanudel,7
DEU,zitorne,7
DEU,gold kiwi,7
DEU,seasame,7
DEU,mineralwasswr,7
DEU,Mince,7
DEU,ja fr,7
DEU,würdtche,7
DEU,lacto free,7
DEU,bulduk,7
DEU,rosenbröt,7
DEU,dark schoko,7
DEU,Get,7
DEU,potst,7
DEU,tost ekmeği,7
DEU,zä,7
DEU,klo papi,7
DEU,müller milchreis,7
DEU,reçel,7
DEU,bure,7
DEU,black peoper,7
DEU,redvull,7
DEU,Ges,7
DEU,tomam,7
DEU,weisswein essig,7
DEU,schoko sosse,7
DEU,wish,7
DEU,espresso gema,7
DEU,jamaica,7
DEU,blü,7
DEU,tempobox,7
DEU,frühstücksfle,7
DEU,trinkko,7
DEU,wursts,7
DEU,Drink,7
DEU,konoswasser,7
DEU,hafer cr,7
DEU,chanpignons,7
DEU,süßkartoffem,7
DEU,retter tü,7
DEU,bio kä,7
DEU,allzweckreini,7
DEU,senfg,7
DEU,knoblaub,7
DEU,warstei,7
DEU,Aktivkohle,7
DEU,Crossaint,7
DEU,zigretten,7
DEU,Mozer,7
DEU,roibus,7
DEU,gewürzw,7
DEU,mount hagen,7
DEU,buğday,7
DEU,mamorkuchen,7
DEU,water 500,7
DEU,syk,7
DEU,fix für,7
DEU,zoo ro,7
DEU,peppercorns,7
DEU,kah,7
DEU,color wasch,7
DEU,kokosraspe,7
DEU,cider vinegar,7
DEU,bell pep,7
DEU,Erdnü,7
DEU,Sahnepudding,7
DEU,knoppets,7
DEU,voltare,7
DEU,speisesta,7
DEU,oliben,7
DEU,Limett,7
DEU,zuh,7
DEU,orangemsaft,7
DEU,Rosine,7
DEU,bio comp,7
DEU,magerqa,7
DEU,käsekrai,7
DEU,apfel wasser,7
DEU,kumat,7
DEU,pizza tun,7
DEU,gazpz,7
DEU,blausc,7
DEU,yayla wurst,7
DEU,körperöl,7
DEU,sparschäler,7
DEU,weise schoko,7
DEU,briz,7
DEU,dill tk,7
DEU,Paprika pu,7
DEU,lebereurst,7
DEU,Picco,7
DEU,soft cooki,7
DEU,butter köse,7
DEU,traubeb,7
DEU,fleo,7
DEU,kristallzucker,7
DEU,kofee,7
DEU,Kinder bueno,7
DEU,ganz,7
DEU,linonade,7
DEU,kochsahen,7
DEU,gefüll,7
DEU,lasso,7
DEU,id,7
DEU,dishwasher t,7
DEU,energys,7
DEU,shockolade,7
DEU,Griechenland,7
DEU,salami trüffel,7
DEU,chicken str,7
DEU,vegane kekse,7
DEU,patm,7
DEU,balla balla,7
DEU,elfa pods,7
DEU,saffro,7
DEU,0.5,7
DEU,kapsul,7
DEU,züker,7
DEU,senf süß,7
DEU,soys,7
DEU,kasler,7
DEU,pamperd,7
DEU,ear plugs,7
DEU,körnoger,7
DEU,kinder j,7
DEU,salatsoss,7
DEU,water 1,7
DEU,trockenfrü,7
DEU,wuer,7
DEU,kase light,7
DEU,beams,7
DEU,haferlocken,7
DEU,Happy day,7
DEU,pepperonie,7
DEU,Jac,7
DEU,purre,7
DEU,Krakauer,7
DEU,iglo green,7
DEU,schwm,7
DEU,klopape,7
DEU,cici bebe,7
DEU,servier,7
DEU,Gold,7
DEU,Tiefkühl obst,7
DEU,sais,7
DEU,geschirr tab,7
DEU,bohnen mais,7
DEU,sieu,7
DEU,cream fraich,7
DEU,veltiner,7
DEU,buldack,7
DEU,chilli flak,7
DEU,aaa batteries,7
DEU,Oa,7
DEU,alkoholfrie,7
DEU,milksha,7
DEU,alaska boy,7
DEU,oramg,7
DEU,magum,7
DEU,feuxht,7
DEU,stt,7
DEU,instant hafer,7
DEU,nähen,7
DEU,gebr,7
DEU,thüri,7
DEU,frischhaltef,7
DEU,grafschafter,7
DEU,kulak,7
DEU,ja basmati,7
DEU,schoko dro,7
DEU,wursz,7
DEU,Joghurtdrink,7
DEU,teppi,7
DEU,aloli,7
DEU,rewe skyr,7
DEU,burgur,7
DEU,ketz,7
DEU,reisdorf,7
DEU,raffallo,7
DEU,kombutcha,7
DEU,Gezer,7
DEU,long papers,7
DEU,plattpfirsiche,7
DEU,pimie,7
DEU,vegan sucuk,7
DEU,balsma,7
DEU,indian store,7
DEU,oil olive,7
DEU,camping,7
DEU,geshirr,7
DEU,würschen,7
DEU,aprilo,7
DEU,Blondierung,7
DEU,weißwein essig,7
DEU,tq,7
DEU,fritz col,7
DEU,sandwich gurke,7
DEU,kräuterl,7
DEU,Buratta,7
DEU,salep,7
DEU,Dusche,7
DEU,balisti,7
DEU,sach,7
DEU,shc,7
DEU,Vöslauer,7
DEU,frischkäse kör,7
DEU,pork ribs,7
DEU,Warsteiner,7
DEU,grabola,7
DEU,Brötchen tk,7
DEU,coffee capsu,7
DEU,kimyon,7
DEU,spaßgetr,7
DEU,reinigungsöl,7
DEU,oden,7
DEU,Sebamed,7
DEU,zazo,7
DEU,mozal,7
DEU,thungi,7
DEU,nudel suppe,7
DEU,getroknete,7
DEU,vegane k,7
DEU,fertig sa,7
DEU,essigk,7
DEU,milch laktose frei,7
DEU,girle,7
DEU,dave jon,7
DEU,mixgetränk,7
DEU,butter lakt,7
DEU,Canneloni,7
DEU,ja yog,7
DEU,buggets,7
DEU,seifenspender,7
DEU,yogurt laktose,7
DEU,mini p,7
DEU,kuchen tiefkühl,7
DEU,scheibenkase,7
DEU,fish s,7
DEU,margarina,7
DEU,höhnche,7
DEU,rahmsos,7
DEU,tometo,7
DEU,taramas,7
DEU,piad,7
DEU,baby pota,7
DEU,dattel dip,7
DEU,Kidn,7
DEU,puten wiener,7
DEU,bon maman,7
DEU,Kinder pinguin,7
DEU,suse,7
DEU,chips prin,7
DEU,bouch,7
DEU,weischspü,7
DEU,haselnuss schoko,7
DEU,fahrrad,7
DEU,früstück,7
DEU,hornchen,7
DEU,drachenfr,7
DEU,microwave rice,7
DEU,fruit fly,7
DEU,minipizza,7
DEU,wii,7
DEU,taos,7
DEU,tomatenpassata,7
DEU,auback,7
DEU,Rosm,7
DEU,volwi,7
DEU,cider zero,7
DEU,liebst,7
DEU,rice flo,7
DEU,rotka,7
DEU,champo,7
DEU,Roulade,7
DEU,dini,7
DEU,tomaten dise,7
DEU,senft,7
DEU,paketb,7
DEU,salz spül,7
DEU,shampoo kinder,7
DEU,süð,7
DEU,somersby zero,7
DEU,pizza marge,7
DEU,schamm,7
DEU,taro,7
DEU,cola bier,7
DEU,gekochte ei,7
DEU,golds,7
DEU,alnaturq,7
DEU,bio geflügel,7
DEU,thunisch,7
DEU,coffeeb,7
DEU,aalz,7
DEU,Raid,7
DEU,Bura,7
DEU,quark lactosefrei,7
DEU,manteiga,7
DEU,electrolite,7
DEU,billi green,7
DEU,Fischstäb,7
DEU,butterbohnen,7
DEU,Fleischsala,7
DEU,Becks ice,7
DEU,verfa,7
DEU,long chips,7
DEU,puffrei,7
DEU,gesichtsrei,7
DEU,Prtein,7
DEU,torten boden,7
DEU,az,7
DEU,baby keks,7
DEU,kartofrl,7
DEU,parfü,7
DEU,Mülls,7
DEU,kama,7
DEU,dä,7
DEU,spssigkeiten,7
DEU,papwr,7
DEU,nugges,7
DEU,elfvar,7
DEU,buds,7
DEU,pizzateo,7
DEU,eikl,7
DEU,mozarella leicht,7
DEU,geröste,7
DEU,mexikanische,7
DEU,stabchen,7
DEU,sandwicg,7
DEU,eiswue,7
DEU,tarall,7
DEU,mahlzeit,7
DEU,zuckrr,7
DEU,Chickpeas,7
DEU,Sahne lak,7
DEU,Schmalz,7
DEU,tomaten pizza,7
DEU,mitch,7
DEU,spaghettoni,7
DEU,Stiel,7
DEU,kloreini,7
DEU,kartffeln,7
DEU,Zooroyal,7
DEU,schlu,7
DEU,yoghurt l,7
DEU,Ven,7
DEU,hintersch,7
DEU,talia,7
DEU,Ci,7
DEU,haltbare schlagsahne,7
DEU,ben&jerr,7
DEU,chen,7
DEU,milchdrink,7
DEU,kinder saft,7
DEU,koppenrath,7
DEU,pufding,7
DEU,paleo,7
DEU,bio fleisc,7
DEU,parmegian,7
DEU,katotte,7
DEU,mönch,7
DEU,erdnusd,7
DEU,Protein p,7
DEU,aufsteck,7
DEU,katsu,7
DEU,Vegan chocolate,7
DEU,WC re,7
DEU,schokowaffel,7
DEU,higo,7
DEU,bastel,7
DEU,bird,7
DEU,terera,7
DEU,arrabiatta,7
DEU,orangenmarmelade,7
DEU,klosteim,7
DEU,Ballon,7
DEU,Tomaten p,7
DEU,Schokosoße,7
DEU,glutenfreo,7
DEU,snavks,7
DEU,tütensu,7
DEU,sangrotan,7
DEU,flosam,7
DEU,Käse s,7
DEU,pizza tex,7
DEU,käse sc,7
DEU,vollkorn bro,7
DEU,sweet onion,7
DEU,minigur,7
DEU,Ohne zuck,7
DEU,fass butter,7
DEU,Voli,7
DEU,bio zisch,7
DEU,bioman,7
DEU,alkoholfreier gin,7
DEU,frikasee,7
DEU,dift,7
DEU,baby cheese,7
DEU,fa deo,7
DEU,trockenobs,7
DEU,yoghurz,7
DEU,beeren gefr,7
DEU,mulino bianco,7
DEU,tusch,7
DEU,eidmann,7
DEU,creme frauch,7
DEU,hitchie,7
DEU,haribo sour,7
DEU,schlo,7
DEU,Gewürzgurk,7
DEU,light sau,7
DEU,vinagre,7
DEU,univ,7
DEU,rinderw,7
DEU,gewuerz,7
DEU,paprika lyoner,7
DEU,rinderhackf,7
DEU,bean sprout,7
DEU,egetür,7
DEU,tpilette,7
DEU,Sekundenkleber,7
DEU,Rä,7
DEU,semo,7
DEU,zigarw,7
DEU,Mäl,7
DEU,mejl,7
DEU,hägen da,7
DEU,the bitery,7
DEU,dried mint,7
DEU,korsche,7
DEU,hasseln,7
DEU,fischerm,7
DEU,hot di,7
DEU,19,7
DEU,snickers e,7
DEU,Blockhouse,7
DEU,champingn,7
DEU,kaffebohne,7
DEU,sxhokolade,7
DEU,lakrose,7
DEU,rohr reiniger,7
DEU,gluten free toast,7
DEU,toefk,7
DEU,zitronenkuch,7
DEU,yfoos,7
DEU,low f,7
DEU,le rust,7
DEU,Apfel rot,7
DEU,fensterreiniger,7
DEU,hotties,7
DEU,Kartoffelbrot,7
DEU,mehlschwitze,7
DEU,Badeanzug,7
DEU,Joghurt gri,7
DEU,eis würfe,7
DEU,bohnenkra,7
DEU,peant,7
DEU,bagl,7
DEU,kezchup,7
DEU,milch mad,7
DEU,carrits,7
DEU,Bällchen,7
DEU,Schokoküsse,7
DEU,cornflakes ungesü,7
DEU,milchp,7
DEU,chalotten,7
DEU,Apfelsaftschorle,7
DEU,wrdnuss,7
DEU,korm,7
DEU,hühnersup,7
DEU,biozentrale,7
DEU,gut und g,7
DEU,heidelberen,7
DEU,Bier a,7
DEU,kochsahnd,7
DEU,palets,7
DEU,cokkie,7
DEU,soda pop,7
DEU,pizza vege,7
DEU,röllch,7
DEU,jopp,7
DEU,tomatoes canned,7
DEU,wein sü,7
DEU,soja flocken,7
DEU,Gehackte Tomaten,7
DEU,eier ja,7
DEU,Mio,7
DEU,gnoochi,7
DEU,Pflaum,7
DEU,grieschich,7
DEU,peroni alkoholfrei,7
DEU,Grana padano,7
DEU,Wings,7
DEU,weiswu,7
DEU,riegel kinder,7
DEU,H-milch,7
DEU,chres,7
DEU,mischmasch,7
DEU,liebn,7
DEU,wodks,7
DEU,milchnitte,7
DEU,bier alkoholfre,7
DEU,mexican rice,7
DEU,Fruits,7
DEU,barbi,7
DEU,bueni,7
DEU,homi,7
DEU,Box,7
DEU,bm,7
DEU,shower g,7
DEU,weißwein sü,7
DEU,fritte,7
DEU,cannello,7
DEU,broot,7
DEU,wein weis,7
DEU,Ludwigsluster,7
DEU,sahneher,7
DEU,bier alkoho,7
DEU,gnocco,7
DEU,duche,7
DEU,Mozzarell,7
DEU,muritzer,7
DEU,lenkr,7
DEU,sprissen,7
DEU,Краска для волос,7
DEU,salatkrä,7
DEU,rg,7
DEU,zitronen s,7
DEU,protri,7
DEU,mc c,7
DEU,filetst,7
DEU,katzwn,7
DEU,black oli,7
DEU,lachs gefroren,7
DEU,waschnittel,7
DEU,ready to ear,7
DEU,reis parboiled,7
DEU,agu,7
DEU,corn waffle,7
DEU,frozen jog,7
DEU,mc don,7
DEU,creme fraiche light,7
DEU,carmex,7
DEU,geflügelleberwurs,7
DEU,pine nu,7
DEU,lok,7
DEU,tuc bake,7
DEU,pute ei,7
DEU,milcu,7
DEU,stück käse,7
DEU,born,7
DEU,afro,7
DEU,kirchsaft,7
DEU,mozzre,7
DEU,bluberry,7
DEU,sweat,7
DEU,raspberry jam,7
DEU,gekochte Eier,7
DEU,papirr,7
DEU,maisröllchen,7
DEU,Puddin,7
DEU,Knoblauch sauce,7
DEU,Magerquar,7
DEU,Hugo,7
DEU,oral-b,7
DEU,fly trap,7
DEU,wollwaschmittel,7
DEU,sirloin,7
DEU,baby potato,7
DEU,frischlkäse,7
DEU,zahnpasra,7
DEU,nutella cr,7
DEU,nutellaeis,7
DEU,wäsche parfum,7
DEU,ersnu,7
DEU,spexi,7
DEU,scharfer g,7
DEU,bio kase,7
DEU,prof,7
DEU,totu,7
DEU,siratcha,7
DEU,maskar,7
DEU,nespresso kapseln,7
DEU,büffelmozarella,7
DEU,nyx,7
DEU,kekse ja,7
DEU,bratensos,7
DEU,ben ans,7
DEU,cauliflowe,7
DEU,grillköse,7
DEU,segafredo,7
DEU,tomaten ja,7
DEU,semel,7
DEU,heudelb,7
DEU,Usb,7
DEU,sprufel,7
DEU,pattex,7
DEU,wasser melo,7
DEU,truffle chips,7
DEU,Grießpudding,7
DEU,ashew,7
DEU,blau k,7
DEU,green lentils,7
DEU,muritz,7
DEU,union,7
DEU,halsbonbons,7
DEU,yogurt vanilla,7
DEU,oeanut,7
DEU,schockobons,7
DEU,erbsenp,7
DEU,washer,7
DEU,dunkel brot,7
DEU,soja spro,7
DEU,hyros,7
DEU,pitabrot,7
DEU,chips ros,7
DEU,paprika spitz,7
DEU,salic,7
DEU,fanta ohne,7
DEU,tiefkühl pi,7
DEU,saka wasser,7
DEU,Weißbier,7
DEU,fanta exot,7
DEU,man versus machine,7
DEU,Klopapie,7
DEU,copa,7
DEU,golden long,7
DEU,tomstenmark,7
DEU,einmalhand,7
DEU,probiotics,7
DEU,butter balance,7
DEU,mhl,7
DEU,käsesc,7
DEU,canellini,7
DEU,orangade,7
DEU,rahba,7
DEU,Twi,7
DEU,kaffr,7
DEU,guss,7
DEU,körnih,7
DEU,fruchr,7
DEU,High pro,7
DEU,käse emmentaler,7
DEU,vaccum,7
DEU,erfrischungsgetränk,7
DEU,masks,7
DEU,ns,7
DEU,nrö,7
DEU,vodka energy,7
DEU,rotweiness,7
DEU,pufuleti,7
DEU,pizza dinkel,7
DEU,protien pasta,7
DEU,valent,7
DEU,nutellq,7
DEU,speckwürf,7
DEU,hafer cuisine,7
DEU,schokostückchen,7
DEU,cut vegetables,7
DEU,chak,7
DEU,Weize,7
DEU,hack veggie,7
DEU,Geflügel w,7
DEU,geflgel,7
DEU,wine opener,7
DEU,dovgab,7
DEU,peanut butter cup,7
DEU,President,7
DEU,ajino,7
DEU,hair d,7
DEU,drai,7
DEU,geträbke,7
DEU,TOAST,7
DEU,schoko kek,7
DEU,fußpilz,7
DEU,cheese ja,7
DEU,Schokokuchen,7
DEU,filzer,7
DEU,darjeeling,7
DEU,Papi,7
DEU,knusprig,7
DEU,craim,7
DEU,mies,7
DEU,cola j,7
DEU,caprice,7
DEU,eisl,7
DEU,joghourt,7
DEU,tagescreme,7
DEU,schwarzer reis,7
DEU,milcjreis,7
DEU,lucky lou,7
DEU,kopp,7
DEU,karzo,7
DEU,kidneybohn,7
DEU,hustenbonbon,7
DEU,hipp bio combiotik,7
DEU,büf,7
DEU,eiswürfelbe,7
DEU,tomato saice,7
DEU,Indomie,7
DEU,baslikum,7
DEU,sf,7
DEU,bolv,7
DEU,SAHNE,7
DEU,kische,7
DEU,Griechi,7
DEU,steaksauce,7
DEU,floken,7
DEU,Pinsa,7
DEU,vollkorn nude,7
DEU,zük,7
DEU,Kühlakku,7
DEU,games,7
DEU,lindy,7
DEU,zahnstoch,7
DEU,lum,7
DEU,sirul,7
DEU,fliegengitter,7
DEU,milchreo,7
DEU,aspargus,7
DEU,nieren,7
DEU,Bot,7
DEU,schokomilc,7
DEU,afe,7
DEU,cola zero ja,7
DEU,plive oil,7
DEU,luxky,7
DEU,lachts,7
DEU,weichspüller,7
DEU,john pl,7
DEU,Snac,7
DEU,хлеб,7
DEU,nivea dusch,7
DEU,hafermilch oatly,7
DEU,hamfeld,7
DEU,wutst,7
DEU,lachsschinke,7
DEU,cheese strin,7
DEU,wett,7
DEU,malbiro,7
DEU,eiweissb,7
DEU,radler alk,7
DEU,vanille sy,7
DEU,dinkl,7
DEU,tillmans,7
DEU,ehrmann protein,7
DEU,limonaid,7
DEU,kergarden,7
DEU,cheese cu,7
DEU,schokolade d,7
DEU,bonne mam,7
DEU,wahln,7
DEU,körner frischkäse,7
DEU,Monst,7
DEU,buttercro,7
DEU,bsc,7
DEU,oragn,7
DEU,soage,7
DEU,joghurtt,7
DEU,tyrrell,7
DEU,Shampo,7
DEU,volkorn toast,7
DEU,napa,7
DEU,indische,7
DEU,cheerio,7
DEU,gemüse asia,7
DEU,starw,7
DEU,bombon,7
DEU,exc,7
DEU,süß sauer so,7
DEU,Aiol,7
DEU,rahmsau,7
DEU,tadler,7
DEU,kochschibken,7
DEU,rohr zucker,7
DEU,müller mi,7
DEU,tiefkühl erbsen,7
DEU,gummihan,6
DEU,wunde,6
DEU,kokos natur,6
DEU,Rice up,6
DEU,dillha,6
DEU,la man,6
DEU,gruene,6
DEU,Hafer barista,6
DEU,dolce gu,6
DEU,alnatura aufschnitt,6
DEU,1.5%,6
DEU,smal,6
DEU,ketchup ohne,6
DEU,fave,6
DEU,pul b,6
DEU,squishy,6
DEU,Haferkekse,6
DEU,grillkäsw,6
DEU,skyr l,6
DEU,Lass,6
DEU,sour cherry,6
DEU,Kokosdrink,6
DEU,light ketchup,6
DEU,tütten,6
DEU,gewürz gur,6
DEU,käfer p,6
DEU,mek,6
DEU,selts,6
DEU,magerquaek,6
DEU,klas,6
DEU,eiskug,6
DEU,rettt,6
DEU,feta lei,6
DEU,frosxh,6
DEU,icedate,6
DEU,gesichtsm,6
DEU,Tav,6
DEU,eln,6
DEU,granatapfelk,6
DEU,senmel,6
DEU,naty,6
DEU,zwiebeln tiefkühl,6
DEU,red v,6
DEU,mozzarrella,6
DEU,regenbogen,6
DEU,bueno e,6
DEU,weisse schokola,6
DEU,schorlen,6
DEU,paketba,6
DEU,besc,6
DEU,espresso concentrate,6
DEU,käsech,6
DEU,youge,6
DEU,karamelso,6
DEU,supo,6
DEU,trinkkokosnuss,6
DEU,tonic warer,6
DEU,7 gün,6
DEU,princ,6
DEU,gouda ge,6
DEU,Hüt,6
DEU,syrah,6
DEU,mandi,6
DEU,ciğ,6
DEU,milk 0.1,6
DEU,rewe kekse,6
DEU,havkfleis,6
DEU,kaugummie,6
DEU,meal drink,6
DEU,toilette pap,6
DEU,totell,6
DEU,süßer s,6
DEU,Brazil,6
DEU,baman,6
DEU,kalbsleberw,6
DEU,katzenm,6
DEU,couscous salat,6
DEU,alchohol,6
DEU,körnigwr,6
DEU,nutella e,6
DEU,wassch,6
DEU,katzw,6
DEU,salqt,6
DEU,zero g,6
DEU,minr,6
DEU,deo spray,6
DEU,bolle,6
DEU,gmi,6
DEU,mülll,6
DEU,vegan bar,6
DEU,Spülmaschinenreiniger,6
DEU,Johannisbeere,6
DEU,entenbru,6
DEU,tomatensausse,6
DEU,sesam schwarz,6
DEU,alck,6
DEU,gar elen,6
DEU,pfil,6
DEU,lwmon,6
DEU,spülmaschine tab,6
DEU,tk berren,6
DEU,Crunchy,6
DEU,haferfrink,6
DEU,dinkel t,6
DEU,dalsa,6
DEU,handtuc,6
DEU,einwegras,6
DEU,pomersche,6
DEU,Mou,6
DEU,kronenburg,6
DEU,aron,6
DEU,weisse wäsche,6
DEU,lippenbalsam,6
DEU,mini mozare,6
DEU,milchgetränk,6
DEU,glutenfrei vegan,6
DEU,Vanillepuddingpulver,6
DEU,wey,6
DEU,Hütt,6
DEU,schafkä,6
DEU,balsamoco,6
DEU,lebensmittel farbe,6
DEU,beerenmüsli,6
DEU,volvic mango,6
DEU,dinkelk,6
DEU,macer,6
DEU,müllbeutel klein,6
DEU,tolle rolle,6
DEU,carrot shredded,6
DEU,Wr,6
DEU,crem fraiche,6
DEU,Tworog,6
DEU,makarna sosu,6
DEU,Bier alkoholf,6
DEU,susuck,6
DEU,Streichwurst,6
DEU,chuncky,6
DEU,geschmac,6
DEU,quark vanille,6
DEU,lactise,6
DEU,salt vineg,6
DEU,weiße Bohne,6
DEU,popcoen,6
DEU,garnalen,6
DEU,vegan frika,6
DEU,maultaschrn,6
DEU,le bro,6
DEU,sesamstangen,6
DEU,laktose milch,6
DEU,schlemmerfile,6
DEU,biwl,6
DEU,trink kokos,6
DEU,lineal,6
DEU,Uncle,6
DEU,sagrotam,6
DEU,berga,6
DEU,gingrr,6
DEU,reispapiee,6
DEU,kaffee pulver,6
DEU,weinbr,6
DEU,schreiben,6
DEU,Paprika gewürz,6
DEU,wonder,6
DEU,kindert,6
DEU,alnatura ch,6
DEU,nuui,6
DEU,potato gratin,6
DEU,Ace,6
DEU,shampoo baby,6
DEU,veuv,6
DEU,jubi,6
DEU,tortelinis,6
DEU,Waschgel,6
DEU,mood,6
DEU,knirr,6
DEU,frühstücksflei,6
DEU,schuf,6
DEU,vul,6
DEU,schokof,6
DEU,ketcg,6
DEU,stremm,6
DEU,we8,6
DEU,knoblauchc,6
DEU,ice creM,6
DEU,erdnusso,6
DEU,schoko bo,6
DEU,joghurt ko,6
DEU,pre workout,6
DEU,proteinrigel,6
DEU,apfel sc,6
DEU,speghetti,6
DEU,pistatien,6
DEU,riegel nuss,6
DEU,trockenshamp,6
DEU,Raucher,6
DEU,chili che,6
DEU,vita coc,6
DEU,plazma,6
DEU,seife hand,6
DEU,viet,6
DEU,geflügel mort,6
DEU,zwergen,6
DEU,procui,6
DEU,kotel,6
DEU,eisürfel,6
DEU,riesenbo,6
DEU,matias,6
DEU,frucht riegel,6
DEU,milchri,6
DEU,austern sauce,6
DEU,preisinger,6
DEU,purree,6
DEU,weiß kase,6
DEU,hackfleusch,6
DEU,zucchibi,6
DEU,Sahnemeerrettich,6
DEU,mouare,6
DEU,suntor,6
DEU,beeren mischung,6
DEU,salvi,6
DEU,sugar-free,6
DEU,Wasser sprude,6
DEU,zucho,6
DEU,salste,6
DEU,brot das pure,6
DEU,Nudeln frisch,6
DEU,schand,6
DEU,Fadennudeln,6
DEU,bauernfr,6
DEU,panino,6
DEU,zitto,6
DEU,waffers,6
DEU,nogge,6
DEU,kraut salat,6
DEU,toothbru,6
DEU,batista,6
DEU,Kaymak,6
DEU,voll milch,6
DEU,schwarzkop,6
DEU,skyr alp,6
DEU,Sahne zum kochen,6
DEU,Edama,6
DEU,Colorado,6
DEU,mandeln gesalzen,6
DEU,schablet,6
DEU,einmalha,6
DEU,Zt,6
DEU,samyung,6
DEU,Puffreis,6
DEU,Taschentu,6
DEU,wuerst,6
DEU,nasic,6
DEU,chickenn,6
DEU,toilettenrein,6
DEU,provol,6
DEU,vip,6
DEU,ja b,6
DEU,zuckersticks,6
DEU,tante funny,6
DEU,dessertsa,6
DEU,Paprika p,6
DEU,ja fleisch,6
DEU,bio ketchup,6
DEU,zucler,6
DEU,hanita,6
DEU,ub,6
DEU,chie,6
DEU,low fat beef,6
DEU,kochsahe,6
DEU,türkische Süßigkeiten,6
DEU,utensil,6
DEU,black peper,6
DEU,cocktail sau,6
DEU,speit,6
DEU,backzu,6
DEU,honigw,6
DEU,alkohol freies bier,6
DEU,meöone,6
DEU,wei schokolade,6
DEU,fliesen,6
DEU,eöf,6
DEU,kudeln,6
DEU,räucherk,6
DEU,pepper sauce,6
DEU,lovlies,6
DEU,magi fix,6
DEU,bhnen,6
DEU,käset,6
DEU,ql,6
DEU,laugenge,6
DEU,reggiano,6
DEU,vanillepuddingpul,6
DEU,Cola zwro,6
DEU,feiner,6
DEU,ovb,6
DEU,sweet bread,6
DEU,pflücksalat,6
DEU,mermalade,6
DEU,pastry sheet,6
DEU,wurst käse,6
DEU,nordseekra,6
DEU,heers,6
DEU,dampfnu,6
DEU,röstuw,6
DEU,kakoo,6
DEU,dr bec,6
DEU,abschmin,6
DEU,crwme,6
DEU,mini sekt,6
DEU,gemüsefo,6
DEU,kochsane,6
DEU,Curly,6
DEU,ofengemüse,6
DEU,brotmischung,6
DEU,milchmädche,6
DEU,beckm,6
DEU,griev,6
DEU,ghi,6
DEU,keul,6
DEU,Burger brot,6
DEU,Bun,6
DEU,Erbs,6
DEU,baby pot,6
DEU,türkische oliven,6
DEU,bernh,6
DEU,zomat,6
DEU,gk,6
DEU,spinat iglo,6
DEU,wisc,6
DEU,mpzz,6
DEU,getränl,6
DEU,Aufbackbr,6
DEU,Granatap,6
DEU,haltbare mil,6
DEU,paprikaschote,6
DEU,casava,6
DEU,tussue,6
DEU,griecj,6
DEU,cb,6
DEU,teinken,6
DEU,mager quar,6
DEU,magerqark,6
DEU,minze gewürz,6
DEU,charcuterie,6
DEU,mais glas,6
DEU,green bell,6
DEU,dinkelbröt,6
DEU,prosi,6
DEU,Fertig essen,6
DEU,zwiee,6
DEU,makaron,6
DEU,putzla,6
DEU,dchlag,6
DEU,müllr,6
DEU,Sourcecode cre,6
DEU,blackpepper,6
DEU,grillh,6
DEU,foi,6
DEU,wassernelone,6
DEU,granda,6
DEU,yum yun,6
DEU,duschgeld,6
DEU,wolr,6
DEU,gira,6
DEU,gebäckstange,6
DEU,apple cide,6
DEU,phl,6
DEU,Bio h,6
DEU,milch r,6
DEU,pasta integrale,6
DEU,more protein riegel,6
DEU,neutrales öl,6
DEU,wc d,6
DEU,linsn,6
DEU,truefrui,6
DEU,kroketen,6
DEU,proteinregel,6
DEU,pizza peperoni,6
DEU,Kluth,6
DEU,kzchen,6
DEU,gerib,6
DEU,Tier,6
DEU,miöc,6
DEU,kamilletee,6
DEU,zucker backen,6
DEU,hony,6
DEU,vane,6
DEU,stangensell,6
DEU,brötcgen,6
DEU,young poet,6
DEU,Tomten,6
DEU,milchgei,6
DEU,gmo,6
DEU,pernod,6
DEU,Nudelso,6
DEU,erssco,6
DEU,textilreiniger,6
DEU,Nudeln ja,6
DEU,pg,6
DEU,dirst,6
DEU,nogger choc,6
DEU,hähnchen aufsch,6
DEU,Geschirr tabs,6
DEU,nüssw,6
DEU,sauber,6
DEU,Fertiggerich,6
DEU,men expert,6
DEU,teef,6
DEU,perv,6
DEU,maßband,6
DEU,vanila extract,6
DEU,more z,6
DEU,cooking spray,6
DEU,nail polish remover,6
DEU,bürsten,6
DEU,waschmittel schwarz,6
DEU,magu,6
DEU,iatly,6
DEU,kokk,6
DEU,häncgen,6
DEU,iran,6
DEU,erbsw,6
DEU,chrunch,6
DEU,fincrisp,6
DEU,Cheeseburger dip,6
DEU,heilde,6
DEU,5 Minuten Terrine,6
DEU,frp,6
DEU,**,6
DEU,reap,6
DEU,Frischkäse kräuter,6
DEU,gerilsteiner,6
DEU,cig köf,6
DEU,motade,6
DEU,harry burger,6
DEU,Johannis,6
DEU,dors,6
DEU,avc,6
DEU,pombear,6
DEU,label 5,6
DEU,gemahlener,6
DEU,selb,6
DEU,ja kefir,6
DEU,kosla,6
DEU,elinaz,6
DEU,designer,6
DEU,Suss,6
DEU,Kalkreiniger,6
DEU,shortbr,6
DEU,hafer bari,6
DEU,crushed tomato,6
DEU,flexken,6
DEU,kaffee entkoff,6
DEU,Detergent,6
DEU,lilli,6
DEU,kloppier,6
DEU,jolly,6
DEU,wickelunterlagen,6
DEU,Süsskartoffel,6
DEU,vegan candy,6
DEU,pastierte,6
DEU,veger,6
DEU,green o,6
DEU,brot ei,6
DEU,creme brü,6
DEU,fette brühe,6
DEU,kardam,6
DEU,chloe,6
DEU,therea,6
DEU,Ben and jerr,6
DEU,Sti,6
DEU,maijo,6
DEU,parmis,6
DEU,gefrorener,6
DEU,сметана,6
DEU,oyester sauce,6
DEU,Birnensaft,6
DEU,Knusperbrot,6
DEU,almzeit,6
DEU,mayo ja,6
DEU,sayne,6
DEU,tortilla dip,6
DEU,kaffe löslich,6
DEU,speisew,6
DEU,distilliertes,6
DEU,cola cola zero,6
DEU,Schmutzradierer,6
DEU,black pepper powder,6
DEU,only,6
DEU,chili con carn,6
DEU,rewe kaffee,6
DEU,Schmelzäse,6
DEU,giez,6
DEU,eissoße,6
DEU,bio wür,6
DEU,tahn,6
DEU,cocl,6
DEU,haarr,6
DEU,Morza,6
DEU,kaffee b,6
DEU,hänchr,6
DEU,razi,6
DEU,gesichtswa,6
DEU,copenrat,6
DEU,frühlingz,6
DEU,kleben,6
DEU,apen,6
DEU,Frischkäse Laktosefrei,6
DEU,koro cups,6
DEU,pückler,6
DEU,fleischbäl,6
DEU,troken,6
DEU,pflü,6
DEU,lieben,6
DEU,cherry tomatoe,6
DEU,terin,6
DEU,augenpa,6
DEU,barlla,6
DEU,crusher,6
DEU,ungarisc,6
DEU,krautsalaz,6
DEU,pizza vier,6
DEU,frösche,6
DEU,blutoran,6
DEU,wasser mit geschm,6
DEU,fertigesse,6
DEU,"Weihenstephan H-Milch 1,5% Fett, 1 l",6
DEU,monkfruit,6
DEU,gerös,6
DEU,saure würmer,6
DEU,tifkühl,6
DEU,burgeer,6
DEU,icem,6
DEU,putenschi,6
DEU,bsna,6
DEU,zero tee,6
DEU,gösset,6
DEU,zq,6
DEU,pineaple,6
DEU,red buöl,6
DEU,holzgabel,6
DEU,joghurt erdbeere,6
DEU,eedbull,6
DEU,cats bes,6
DEU,kartoffelsupp,6
DEU,kaffeewi,6
DEU,"Alnatura Skyr bio, 400 g",6
DEU,gutkensalat,6
DEU,dubsi,6
DEU,kochschinkrn,6
DEU,fuzetea zitrone,6
DEU,anita,6
DEU,oetker protein,6
DEU,kamilen,6
DEU,chiken nuggets,6
DEU,Followfood,6
DEU,oran soda,6
DEU,vp,6
DEU,fikter,6
DEU,vroi,6
DEU,buschb,6
DEU,Kartofe,6
DEU,nordlicht,6
DEU,kiechererbsen,6
DEU,freu,6
DEU,bagek,6
DEU,klosteine,6
DEU,ginger shor,6
DEU,spray bottle,6
DEU,hännchen,6
DEU,suesskartoffel,6
DEU,eispack,6
DEU,haloren,6
DEU,inoc,6
DEU,erbaen,6
DEU,brot dunkel,6
DEU,schlagdahne,6
DEU,aut,6
DEU,cco,6
DEU,cucember,6
DEU,passierz,6
DEU,Mozzarela,6
DEU,kokosblütenzucker,6
DEU,giffla,6
DEU,waldbeeren,6
DEU,volvic esse,6
DEU,Bolognese fix,6
DEU,holunderblüte,6
DEU,pfepper,6
DEU,schüss,6
DEU,der weisse,6
DEU,cilek,6
DEU,gummibörchen,6
DEU,flip flops,6
DEU,pinot grig,6
DEU,geflügel sticks,6
DEU,fizzi,6
DEU,tomato canned,6
DEU,Sushi Reis,6
DEU,geor,6
DEU,Schmelzkäse Scheiben,6
DEU,luftsch,6
DEU,squa,6
DEU,ja sonnen,6
DEU,eisbeute,6
DEU,dipps,6
DEU,bratmax,6
DEU,choco chunks,6
DEU,dattel erdnuss,6
DEU,Edelbitter,6
DEU,ohne koffein,6
DEU,folter,6
DEU,zahnpasts,6
DEU,kreuterb,6
DEU,feuchr,6
DEU,pizza th,6
DEU,vermu,6
DEU,vegane fri,6
DEU,rind gulasch,6
DEU,trolly,6
DEU,putenwiener,6
DEU,rutt,6
DEU,larotten,6
DEU,delv,6
DEU,suppw,6
DEU,Bueno eis,6
DEU,garlic ginger,6
DEU,azeite,6
DEU,geflügel fleisch,6
DEU,Kellog,6
DEU,Playmobil,6
DEU,Tomato sauce,6
DEU,weinberg,6
DEU,kimschi,6
DEU,argaven,6
DEU,glassnudel,6
DEU,gefüllte pa,6
DEU,vet,6
DEU,wut,6
DEU,cabagge,6
DEU,dogvan,6
DEU,yayla ayran,6
DEU,gnn,6
DEU,spülmaschinen reiniger,6
DEU,chipotl,6
DEU,chiliö,6
DEU,baan,6
DEU,jq,6
DEU,baldr,6
DEU,zitronenko,6
DEU,protekn,6
DEU,basiö,6
DEU,kokosl,6
DEU,Remolade,6
DEU,hähncheng,6
DEU,waach,6
DEU,zwiebwln,6
DEU,anti dandruff,6
DEU,red lent,6
DEU,sekt rot,6
DEU,Smarti,6
DEU,renou,6
DEU,Knoblauchsoße,6
DEU,gig,6
DEU,calzo,6
DEU,pesto verde,6
DEU,brokl,6
DEU,weitzen,6
DEU,back pa,6
DEU,wikinger,6
DEU,biscoff cream,6
DEU,alcoholfrei bier,6
DEU,frischhalte folie,6
DEU,fruhlingszwiebel,6
DEU,clothes wash,6
DEU,finger food,6
DEU,cannelon,6
DEU,Alkoholfre,6
DEU,steiner,6
DEU,leberwurat,6
DEU,low fett,6
DEU,neapolita,6
DEU,ceba,6
DEU,vanille jog,6
DEU,domaten,6
DEU,Zigarettenpapier,6
DEU,chips funn,6
DEU,brokili,6
DEU,red wi,6
DEU,rote hexe,6
DEU,beko,6
DEU,Fusselrolle,6
DEU,jofhu,6
DEU,lindt 90,6
DEU,feigl,6
DEU,alnav,6
DEU,zartbitterschokola,6
DEU,mini gutke,6
DEU,backöl,6
DEU,msk,6
DEU,nuss butter,6
DEU,häd,6
DEU,fliegensp,6
DEU,frtz,6
DEU,putenbrist,6
DEU,cocktailwürstchen,6
DEU,essig reini,6
DEU,lakta,6
DEU,feich,6
DEU,Pue,6
DEU,schoko bananen,6
DEU,alnatura gouda,6
DEU,rice wine vinegar,6
DEU,vot,6
DEU,bratwurst rind,6
DEU,like c,6
DEU,furst,6
DEU,beer helles,6
DEU,maisel,6
DEU,raise,6
DEU,gemüe,6
DEU,eis snicker,6
DEU,Os,6
DEU,Tomsten,6
DEU,wasser 1L,6
DEU,Rü,6
DEU,kaiser gemüse,6
DEU,plastic glass,6
DEU,Kartoffelmehl,6
DEU,sonnenfinsternisbrille,6
DEU,hüttenäse,6
DEU,Tomaten g,6
DEU,eistee pfirsisch,6
DEU,karottenbrot,6
DEU,cremissimo vegan,6
DEU,saut,6
DEU,bio zuc,6
DEU,olive okl,6
DEU,schwäme,6
DEU,schoko cornflakes,6
DEU,frischkâ,6
DEU,kokos alp,6
DEU,eis riegel,6
DEU,eis mix,6
DEU,dive,6
DEU,crispy chilli öl,6
DEU,eman,6
DEU,teigtasch,6
DEU,xu,6
DEU,crispy chill,6
DEU,specu,6
DEU,coste,6
DEU,knobkauch,6
DEU,gogogu,6
DEU,coffee nespresso,6
DEU,minuto,6
DEU,dunkles bier,6
DEU,water b,6
DEU,moxa,6
DEU,kokos oil,6
DEU,aor,6
DEU,wasser still 6,6
DEU,mehl weizen,6
DEU,elemex,6
DEU,Glasnu,6
DEU,einwegra,6
DEU,Kell,6
DEU,salatdres,6
DEU,ipek,6
DEU,alkholfrei,6
DEU,glutrnfrei,6
DEU,kaffeka,6
DEU,yuvka,6
DEU,rügenwalder m,6
DEU,coca cola cherry,6
DEU,Que,6
DEU,eis sp,6
DEU,halz,6
DEU,küsse,6
DEU,austernsa,6
DEU,cosmic,6
DEU,magerqaurk,6
DEU,knorr paprika,6
DEU,weinscho,6
DEU,ananas in,6
DEU,dinn,6
DEU,fava beans,6
DEU,wasser a,6
DEU,minutenstea,6
DEU,cie,6
DEU,Pizza tei,6
DEU,käse kräuter,6
DEU,dah,6
DEU,mint chocolate,6
DEU,garbele,6
DEU,marlboro golf,6
DEU,lantose,6
DEU,zero eis,6
DEU,Sma,6
DEU,ixe,6
DEU,toste,6
DEU,rossmarin,6
DEU,gemahlene nüsse,6
DEU,caprese,6
DEU,Greek joghurt,6
DEU,türkische salami,6
DEU,salat f,6
DEU,laktosf,6
DEU,hanburger,6
DEU,dubai chocolate,6
DEU,banq,6
DEU,Quiche,6
DEU,taco gew,6
DEU,chilli Soße,6
DEU,dulc,6
DEU,zuvk,6
DEU,quelle,6
DEU,eiwü,6
DEU,brot box,6
DEU,rase,6
DEU,pao de queijo,6
DEU,fressna,6
DEU,weiessig,6
DEU,zero sug,6
DEU,düfte,6
DEU,salom,6
DEU,löslicher kaffe,6
DEU,kosmetiktüc,6
DEU,tomatendos,6
DEU,instantkaff,6
DEU,trix,6
DEU,fuze t,6
DEU,pineapple can,6
DEU,boug,6
DEU,alcohol frei bier,6
DEU,kaugummo,6
DEU,zerealie,6
DEU,ja toile,6
DEU,bisquits,6
DEU,sausage vegan,6
DEU,mandelilch,6
DEU,shl,6
DEU,Dink,6
DEU,tomto,6
DEU,parmazan,6
DEU,bio zuch,6
DEU,erdu,6
DEU,Choc,6
DEU,Hähnchengewürz,6
DEU,Durex,6
DEU,lsagne,6
DEU,scjmand,6
DEU,kartod,6
DEU,marmelade samt,6
DEU,roilet,6
DEU,datterini,6
DEU,tk bohnen,6
DEU,effs,6
DEU,würstchen ge,6
DEU,darl,6
DEU,tasxhen,6
DEU,hustensa,6
DEU,cola  zero,6
DEU,knobauch,6
DEU,ofenkar,6
DEU,baby wip,6
DEU,furken,6
DEU,haarband,6
DEU,knorr suppe,6
DEU,Ping,6
DEU,caa,6
DEU,fischdose,6
DEU,biscodf,6
DEU,quetschbeutel,6
DEU,proteinriw,6
DEU,colerado,6
DEU,gochuja,6
DEU,bio schmand,6
DEU,Tortelin,6
DEU,salamiw,6
DEU,schenken,6
DEU,möhten,6
DEU,duftkerz,6
DEU,schlauch,6
DEU,orzi,6
DEU,zuckerwü,6
DEU,rinderfonds,6
DEU,bio avo,6
DEU,wc reinig,6
DEU,kalorie,6
DEU,schablettenkäse,6
DEU,eier hart,6
DEU,anta,6
DEU,nudelsos,6
DEU,zitre,6
DEU,vanillezucket,6
DEU,oat drink,6
DEU,käse pa,6
DEU,fruchts,6
DEU,vegan fleischsalat,6
DEU,kofe,6
DEU,schokolqde,6
DEU,dillh,6
DEU,o sagt,6
DEU,healthy sna,6
DEU,avent,6
DEU,Western,6
DEU,fisherma,6
DEU,karabiber,6
DEU,coke cherry,6
DEU,dounats,6
DEU,parmsean,6
DEU,yoghurt drink,6
DEU,Emmentaler im,6
DEU,korner balance,6
DEU,slp,6
DEU,Raff,6
DEU,pepsi man,6
DEU,zuckermai,6
DEU,sok,6
DEU,Elektrolytlösung,6
DEU,schalg,6
DEU,Stea,6
DEU,haarefarbe,6
DEU,tabak pueblo,6
DEU,Farbe,6
DEU,röucher,6
DEU,salchicha,6
DEU,goasia,6
DEU,pink gra,6
DEU,dried apricot,6
DEU,Lillet,6
DEU,schwarzpfeffer,6
DEU,anti pas,6
DEU,peanutbut,6
DEU,pirize,6
DEU,deot,6
DEU,chedsar,6
DEU,dubei,6
DEU,röstzwibeln,6
DEU,erdbeeren tief,6
DEU,käse blau,6
DEU,beam,6
DEU,waschmu,6
DEU,vollnu,6
DEU,pilze dose,6
DEU,dime,6
DEU,sunflower o,6
DEU,Captain Morgan,6
DEU,tiefkühlb,6
DEU,sandwichto,6
DEU,riffl,6
DEU,Tomaten Soße,6
DEU,jet,6
DEU,kapsu,6
DEU,cocosn,6
DEU,ceasat,6
DEU,babycorn,6
DEU,bagh,6
DEU,Almette,6
DEU,Schlagsahn,6
DEU,sencha,6
DEU,gbocchi,6
DEU,Lactose free,6
DEU,solar,6
DEU,orangenmar,6
DEU,Hitsch,6
DEU,spú,6
DEU,barilla penne,6
DEU,wasser san,6
DEU,erdbeerpü,6
DEU,flash,6
DEU,chilliso,6
DEU,süssmittel,6
DEU,hint,6
DEU,sessa,6
DEU,hot dog bread,6
DEU,hya,6
DEU,yaki,6
DEU,lartof,6
DEU,blondier,6
DEU,Ker,6
DEU,tzatiki,6
DEU,sangri,6
DEU,tinned fish,6
DEU,chips san carlo,6
DEU,sixer,6
DEU,snack k,6
DEU,Geflügelaufschnitt,6
DEU,granatapfel kerne,6
DEU,joghurt kirsch,6
DEU,leinsahmen,6
DEU,retz,6
DEU,animonda,6
DEU,bratbutter,6
DEU,apothek,6
DEU,pesto ge,6
DEU,mineraö,6
DEU,alst,6
DEU,rose alkoholfrei,6
DEU,chy,6
DEU,flap,6
DEU,ssam,6
DEU,mülbeutel,6
DEU,tonatensauce,6
DEU,crossian,6
DEU,latzenstreu,6
DEU,Milkana,6
DEU,buchen,6
DEU,6 kräuter,6
DEU,crunch müsli,6
DEU,Gummihandschuhe,6
DEU,deep,6
DEU,ptersilie,6
DEU,rama cr,6
DEU,paper bag,6
DEU,weiser,6
DEU,glutenfrei nu,6
DEU,sprudel rewe,6
DEU,apfem,6
DEU,cremafine,6
DEU,kösedip,6
DEU,souffle,6
DEU,Spinat pizza,6
DEU,schablette,6
DEU,nintendo,6
DEU,leis,6
DEU,marci,6
DEU,tampax,6
DEU,ziegenr,6
DEU,Taschentücher box,6
DEU,orangen s,6
DEU,geflugel wiener,6
DEU,rulo,6
DEU,tomatoea,6
DEU,cetirizin,6
DEU,windel pants,6
DEU,asia markt,6
DEU,Sauerk,6
DEU,gewürznelken,6
DEU,mozzae,6
DEU,schlafmaske,6
DEU,köln müsli,6
DEU,protein nude,6
DEU,shapoo,6
DEU,Mühl,6
DEU,bestec,6
DEU,wattepada,6
DEU,vilgain,6
DEU,oatly coco,6
DEU,Kochsch,6
DEU,Knu,6
DEU,helles alkoholfrei,6
DEU,rauchertofu,6
DEU,kochcreme vegan,6
DEU,acqu,6
DEU,edel salami,6
DEU,axran,6
DEU,reisweinessig,6
DEU,solero eis,6
DEU,gizeg,6
DEU,langkorn reis,6
DEU,aufbaxk,6
DEU,wilder,6
DEU,southern,6
DEU,Tomaten geh,6
DEU,pizzaba,6
DEU,bratkartof,6
DEU,suchard,6
DEU,khao shong,6
DEU,tierf,6
DEU,sagritan,6
DEU,nature va,6
DEU,bratenfett,6
DEU,küs,6
DEU,marlboro mic,6
DEU,sprudelwaser,6
DEU,gert,6
DEU,zalt,6
DEU,erdbeeten,6
DEU,ja tort,6
DEU,rote wein,6
DEU,eisweiß,6
DEU,limmete,6
DEU,gün,6
DEU,obst gefr,6
DEU,haselnuss schokolade,6
DEU,grk,6
DEU,dani,6
DEU,sonnenblümenöl,6
DEU,halak,6
DEU,drpepper,6
DEU,reisegr,6
DEU,schwand,6
DEU,kakao pul,6
DEU,haarfarbe blond,6
DEU,Nuss no,6
DEU,küchenroööe,6
DEU,joghurt landliebe,6
DEU,löslicher Kaffee,6
DEU,braten soße,6
DEU,microwa,6
DEU,palm olive,6
DEU,lutos,6
DEU,yayla sucuk,6
DEU,paprika chi,6
DEU,Würstchen vegan,6
DEU,redbuö,6
DEU,cun,6
DEU,kafeee,6
DEU,paletas berlin,6
DEU,vota,6
DEU,reinigungsmilch,6
DEU,ja min,6
DEU,ananas sa,6
DEU,tannenzäpfle,6
DEU,Gyo,6
DEU,vollmilchschoko,6
DEU,mile,6
DEU,andr,6
DEU,aguette,6
DEU,panco,6
DEU,watermelone,6
DEU,essig re,6
DEU,apple huice,6
DEU,saure sahbe,6
DEU,Peppers,6
DEU,barosta,6
DEU,celerie,6
DEU,Sparge,6
DEU,Sammy,6
DEU,sylte,6
DEU,Paprika gew,6
DEU,dunkel s,6
DEU,bris,6
DEU,canned beans,6
DEU,natives,6
DEU,ja hän,6
DEU,Insta,6
DEU,schanzenbräu,6
DEU,aufa,6
DEU,Peanut Butter,6
DEU,ice cream sand,6
DEU,stilltee,6
DEU,schland,6
DEU,süsslartoffel,6
DEU,lensen,6
DEU,priel,6
DEU,eme,6
DEU,Stude,6
DEU,holzspieß,6
DEU,knöpfl,6
DEU,sez,6
DEU,sukuk,6
DEU,toalete,6
DEU,frozen veget,6
DEU,Wasser spru,6
DEU,hahnchenbr,6
DEU,Erbeer,6
DEU,kaffee e,6
DEU,speckwürfe,6
DEU,halal beef,6
DEU,pepsi m,6
DEU,buldak sauce,6
DEU,bitterl,6
DEU,Müllbeu,6
DEU,katzenstrwu,6
DEU,brot t,6
DEU,powd,6
DEU,Bret,6
DEU,veganer streukäse,6
DEU,tintenfischringe,6
DEU,saltlett,6
DEU,laphroaig,6
DEU,butter laktose,6
DEU,oayly,6
DEU,italian sausage,6
DEU,spundekäs,6
DEU,Pean,6
DEU,vm,6
DEU,yfoid,6
DEU,"Milch 3,",6
DEU,Alnatura kokos,6
DEU,first aid,6
DEU,tiolettenpapier,6
DEU,cortage cheese,6
DEU,bew,6
DEU,dadl,6
DEU,streu köse,6
DEU,berliner kin,6
DEU,ellina,6
DEU,rolling p,6
DEU,heidek,6
DEU,muck,6
DEU,Hähnchenbru,6
DEU,select,6
DEU,anamas,6
DEU,kartoffln,6
DEU,burger brötch,6
DEU,geschirr ta,6
DEU,büffel mo,6
DEU,pizza mix,6
DEU,badesch,6
DEU,Haferflocken zart,6
DEU,puddng,6
DEU,puu,6
DEU,trüffelcreme,6
DEU,Cuc,6
DEU,zwiebelpu,6
DEU,nudeln s,6
DEU,bena,6
DEU,Salbe,6
DEU,glassr,6
DEU,sausage man,6
DEU,ice ter,6
DEU,wasch pulver,6
DEU,nutelle,6
DEU,aufschnitt pute,6
DEU,traben,6
DEU,joguht,6
DEU,hackfleiscv,6
DEU,mri,6
DEU,sußkarto,6
DEU,butter sal,6
DEU,hackfleishc,6
DEU,bunde,6
DEU,gemüsezwi,6
DEU,Pfefferm,6
DEU,febreez,6
DEU,Leerdammer,6
DEU,Bü,6
DEU,getrnke,6
DEU,cervelatwurst,6
DEU,franzbro,6
DEU,veganer fleisch,6
DEU,esquisa,6
DEU,bratwuest,6
DEU,Eiswurfel,6
DEU,bio champ,6
DEU,damati,6
DEU,plombir eis,6
DEU,baby diaper,6
DEU,miracle wh,6
DEU,proteinw,6
DEU,le beot,6
DEU,bologna,6
DEU,block hous,6
DEU,cerez,6
DEU,Retter tüte,6
DEU,oniin,6
DEU,Desinfektions,6
DEU,m8,6
DEU,Penis,6
DEU,bolone,6
DEU,Fertigsala,6
DEU,oil cooking,6
DEU,asiagemüse,6
DEU,descaler,6
DEU,chorni,6
DEU,laktosefrei jogh,6
DEU,"Alpro Sojadrink Original mit Calcium, vegan, 1 l",6
DEU,mini milk,6
DEU,schnitzel tk,6
DEU,true d,6
DEU,vollkornr,6
DEU,katzenzunge,6
DEU,möwen,6
DEU,morango,6
DEU,müsliriege,6
DEU,chips peperoni,6
DEU,vegan p,6
DEU,nosugar,6
DEU,Aufschnit,6
DEU,cream chesse,6
DEU,skz,6
DEU,ord,6
DEU,planta,6
DEU,Paste,6
DEU,kokos ras,6
DEU,bouill,6
DEU,haarspange,6
DEU,mû,6
DEU,alcohol fr,6
DEU,flussig,6
DEU,fuet salami,6
DEU,fisch st,6
DEU,bröch,6
DEU,tunafisch,6
DEU,apfel scho,6
DEU,limettw,6
DEU,habane,6
DEU,natt,6
DEU,alk frei,6
DEU,15,6
DEU,Black beans,6
DEU,corn tor,6
DEU,klarspühler,6
DEU,zupfkäse,6
DEU,gemüse fris,6
DEU,alpro soy,6
DEU,Schwarzw,6
DEU,fruchtcocktail,6
DEU,strenel,6
DEU,babywas,6
DEU,spezia,6
DEU,bio kno,6
DEU,musli protein,6
DEU,kräuter soße,6
DEU,bio apfe,6
DEU,profiter,6
DEU,sempf,6
DEU,Sauerstoffbleiche,6
DEU,dr.pepper,6
DEU,Chili con carne,6
DEU,vienn,6
DEU,Kräuter der Provence,6
DEU,jsp,6
DEU,kerch,6
DEU,red. ull,6
DEU,heni,6
DEU,erdnee,6
DEU,bauz,6
DEU,loorbe,6
DEU,marshme,6
DEU,Preiselbeere,6
DEU,Paulberger,6
DEU,Snackgurken,6
DEU,jurgu,6
DEU,uwiebeln,6
DEU,Schwan,6
DEU,reinigungstuch,6
DEU,couscoussalat,6
DEU,Obstsalat,6
DEU,slama,6
DEU,Kollagen,6
DEU,ress,6
DEU,butter s,6
DEU,Kiw,6
DEU,tete de moine,6
DEU,waldh,6
DEU,jamin,6
DEU,pekannuss,6
DEU,bay l,6
DEU,fındık,6
DEU,erste hilfe,6
DEU,Feigen,6
DEU,zero k,6
DEU,shamo,6
DEU,San car,6
DEU,kartofr,6
DEU,brezeö,6
DEU,brtöchen,6
DEU,joghurt b,6
DEU,Kaffee bohne,6
DEU,tieamisu,6
DEU,chicken drums,6
DEU,gemise,6
DEU,non alch,6
DEU,cheese ba,6
DEU,kräuterf,6
DEU,pine n,6
DEU,brauset,6
DEU,KART,6
DEU,ganer,6
DEU,cold coff,6
DEU,alnatzra,6
DEU,türk kahve,6
DEU,artischoc,6
DEU,Pfirsisch,6
DEU,çakmak,6
DEU,chinken,6
DEU,mehrkornbr,6
DEU,käcke,6
DEU,schlemmerfil,6
DEU,Gesichtswaschmittel,6
DEU,shampoo garnier,6
DEU,bagles,6
DEU,waschperlen,6
DEU,laktosefreie mi,6
DEU,insa,6
DEU,schokosos,6
DEU,Süsses,6
DEU,kapari,6
DEU,Wolt market,6
DEU,sarda,6
DEU,jalapeni,6
DEU,mezzo m,6
DEU,pine apple,6
DEU,räucherlach,6
DEU,laktosefrei yogurt,6
DEU,tobbaco,6
DEU,vibro,6
DEU,paprika gewür,6
DEU,washma,6
DEU,paps,6
DEU,Vitamin Well,6
DEU,edameme,6
DEU,putenburst,6
DEU,ztronen,6
DEU,prodo,6
DEU,salg,6
DEU,cage,6
DEU,meda,6
DEU,Haferriegel,6
DEU,alnatura espresso,6
DEU,buttergen,6
DEU,Sylter,6
DEU,low calorie eis,6
DEU,Null,6
DEU,instantge,6
DEU,Portwein,6
DEU,sozr,6
DEU,KÄSE,6
DEU,Like meat,6
DEU,quarkbä,6
DEU,white sausage,6
DEU,fose,6
DEU,kaffwe,6
DEU,Destilliertes Wasser,6
DEU,Himbe,6
DEU,80%,6
DEU,grullkäse,6
DEU,oat flakes,6
DEU,rote geütze,6
DEU,veganer schmand,6
DEU,duchgel,6
DEU,wüs,6
DEU,maks,6
DEU,LAKTOSEFREI,6
DEU,nudeln pasta,6
DEU,kaska,6
DEU,7 kr,6
DEU,bbw,6
DEU,reis koko,6
DEU,Sprudel Wasser,6
DEU,backon,6
DEU,conte,6
DEU,Reisfit,6
DEU,erfbee,6
DEU,vegan mor,6
DEU,garlic ginger paste,6
DEU,jojoba,6
DEU,bilsa,6
DEU,Hähnchengeschnetzeltes,6
DEU,apfel ess,6
DEU,tomaten su,6
DEU,uludaq,6
DEU,ben herry,6
DEU,kinder duo,6
DEU,schnittkase,6
DEU,big pizza,6
DEU,kirsx,6
DEU,liquer,6
DEU,wasser mit geschma,6
DEU,koros,6
DEU,blmen,6
DEU,beard dye,6
DEU,canellon,6
DEU,eis coffee,6
DEU,Joghurt 10%,6
DEU,zitronn,6
DEU,Baked,6
DEU,grain,6
DEU,terea si,6
DEU,Leon,6
DEU,Hol,6
DEU,gelbe tomaten,6
DEU,matcha kokos,6
DEU,schafj,6
DEU,heering,6
DEU,tiefkühl mango,6
DEU,sexy,6
DEU,pommes ja,6
DEU,schokopuddi,6
DEU,der rote,6
DEU,toothbrush soft,6
DEU,üsse,6
DEU,braus,6
DEU,erdnuss so,6
DEU,burar,6
DEU,bratwust,6
DEU,zwit für,6
DEU,Kaninchen,6
DEU,durch,6
DEU,cm,6
DEU,rote currypaste,6
DEU,hollai,6
DEU,volkon,6
DEU,Pizzatei,6
DEU,haarku,6
DEU,Rinderb,6
DEU,Sandwich eis,6
DEU,geflügelleberw,6
DEU,vegan spread,6
DEU,chili pepper,6
DEU,buagett,6
DEU,Kartoffel salat,6
DEU,laktose freie milch,6
DEU,putina,6
DEU,mr.,6
DEU,Cur,6
DEU,burn,6
DEU,jeera,6
DEU,speu,6
DEU,belegte br,6
DEU,burger kä,6
DEU,leerdamm,6
DEU,Kong,6
DEU,cold meat,6
DEU,Pota,6
DEU,schokolade r,6
DEU,zigari,6
DEU,lerda,6
DEU,star bucks,6
DEU,maggi 5 min,6
DEU,dorritos,6
DEU,creamant,6
DEU,cigarre,6
DEU,munze,6
DEU,Straw,6
DEU,tiefkühl p,6
DEU,danny,6
DEU,vollkornkek,6
DEU,Lichtenau,6
DEU,knabe cola,6
DEU,Geschenktüte,6
DEU,mozzarella li,6
DEU,vicks,6
DEU,rewe mango,6
DEU,red oni,6
DEU,my m,6
DEU,pain a,6
DEU,penne gorg,6
DEU,Lasagn,6
DEU,karamellso,6
DEU,Strauchtomaten,6
DEU,pizza gus,6
DEU,wasserfil,6
DEU,butg,6
DEU,holländer,6
DEU,charity,6
DEU,koko milk,6
DEU,Kirschen im,6
DEU,vegan balls,6
DEU,sliced meat,6
DEU,Walnut,6
DEU,elotran,6
DEU,käE,6
DEU,baguette vegan,6
DEU,gefroren obst,6
DEU,Blueberries,6
DEU,hadermilch,6
DEU,qwa,6
DEU,Creme fine,6
DEU,toetellini,6
DEU,preiss,6
DEU,skyr joghurt,6
DEU,cheese sa,6
DEU,holey,6
DEU,nuddln,6
DEU,kesewurst,6
DEU,wC,6
DEU,Shot,6
DEU,orq,6
DEU,arrabbiata,6
DEU,leipziger,6
DEU,de ceccp,6
DEU,skyr cremig,6
DEU,beco,6
DEU,dogus,6
DEU,Knollensellerie,6
DEU,still wat,6
DEU,Toffi,6
DEU,fruit puree,6
DEU,vanilla sauce,6
DEU,fiss,6
DEU,arbo,6
DEU,batron,6
DEU,edammame,6
DEU,high protein mil,6
DEU,soja sprossen,6
DEU,Kerry,6
DEU,yogurt lak,6
DEU,hsribo,6
DEU,chedsr,6
DEU,Hahnchen,6
DEU,chickenbur,6
DEU,white chocol,6
DEU,organizer,6
DEU,lubrica,6
DEU,savig,6
DEU,Knoblauch Baguette,6
DEU,btt,6
DEU,Kinderriegel,6
DEU,gummiha,6
DEU,zitronem,6
DEU,thume,6
DEU,kreker,6
DEU,schweinbauch,6
DEU,Holland,6
DEU,Caviar,6
DEU,katzenfutter purina,6
DEU,achlag,6
DEU,marcuja,6
DEU,kitkst,6
DEU,doro,6
DEU,desinfection,6
DEU,tannenz,6
DEU,belve,6
DEU,griecher,6
DEU,morte,6
DEU,Pork,6
DEU,mehel,6
DEU,salami pute,6
DEU,Roggenbrot,6
DEU,salami vega,6
DEU,halape,6
DEU,spga,6
DEU,proei,6
DEU,bin liner,6
DEU,porte,6
DEU,corona alkoholfrei,6
DEU,poi,6
DEU,blai,6
DEU,senfkörn,6
DEU,zero z,6
DEU,Gef,6
DEU,badesa,6
DEU,gesichtsre,6
DEU,cigerette,6
DEU,Leibnitz,6
DEU,geflügelle,6
DEU,meer salz,6
DEU,käse parm,6
DEU,magerita,6
DEU,kädr,6
DEU,tuale,6
DEU,saft ma,6
DEU,gochugaru,6
DEU,parmen,6
DEU,kinder zahnpasta,6
DEU,knak,6
DEU,Ja joghurt,6
DEU,käf,6
DEU,linswn,6
DEU,weiß käse,6
DEU,riegel koro,6
DEU,yummy,6
DEU,wickelun,6
DEU,raucher lachs,6
DEU,pinat,6
DEU,prinzen rolle,6
DEU,camabert,6
DEU,grüne pap,6
DEU,brot voll,6
DEU,ongwer,6
DEU,knoblauch tiefkühl,6
DEU,Mayo vegan,6
DEU,Bio zi,6
DEU,baguette ja,6
DEU,backcame,6
DEU,popsic,6
DEU,teu,6
DEU,intimwa,6
DEU,Brokoli,6
DEU,packet,6
DEU,simple,6
DEU,gutrke,6
DEU,coconuss wasser,6
DEU,löffel bis,6
DEU,glsser,6
DEU,schnittb,6
DEU,Rostbrat,6
DEU,çekir,6
DEU,tk s,6
DEU,frühstücksfl,6
DEU,jim bea,6
DEU,soda zero,6
DEU,dattelsüße,6
DEU,messi,6
DEU,soja ge,6
DEU,Tomatenstücke,6
DEU,electo,6
DEU,riefkühl,6
DEU,wm sti,6
DEU,Lotus kekse,6
DEU,hähnchen rust,6
DEU,brine,6
DEU,cranola,6
DEU,wasser ice,6
DEU,Sou,6
DEU,maiskolb,6
DEU,xoc,6
DEU,kinder ei,6
DEU,Instant nudel,6
DEU,tonies,6
DEU,Absolut,6
DEU,cat treats,6
DEU,hipp 3,6
DEU,sekt rose,6
DEU,hafercookie,6
DEU,Aspik,6
DEU,uig,6
DEU,Grapefr,6
DEU,absolute,6
DEU,beutelreis,6
DEU,wasser v,6
DEU,antioxi,6
DEU,yogort,6
DEU,tony’s,6
DEU,dose toma,6
DEU,konb,6
DEU,pinoen,6
DEU,popcorn salzi,6
DEU,alf,6
DEU,grillsa,6
DEU,bad lie,6
DEU,bio lim,6
DEU,riesen bohnen,6
DEU,Parmaschinken,6
DEU,Vegan hack,6
DEU,hähnhen,6
DEU,wella,6
DEU,jogurt alpro,6
DEU,aywa,6
DEU,schoko rasp,6
DEU,aonnen,6
DEU,superema,6
DEU,Rucc,6
DEU,powerb,6
DEU,rouc,6
DEU,oyster sauc,6
DEU,duscg,6
DEU,Bio ayran,6
DEU,parboiled reis,6
DEU,nisasta,6
DEU,screw,6
DEU,weisser essig,6
DEU,wok gemüse,6
DEU,hilli,6
DEU,teea,6
DEU,rote früchte,6
DEU,paulaner spezi zero,6
DEU,mangoo,6
DEU,cream frai,6
DEU,mosqu,6
DEU,intimate wash,6
DEU,mansel,6
DEU,sojaquark,6
DEU,butcher',6
DEU,andechser joghurt,6
DEU,milan,6
DEU,frühlingszi,6
DEU,pfor,6
DEU,luts,6
DEU,kitsch,6
DEU,ja Toilettenpapier,6
DEU,esso,6
DEU,wurstsala,6
DEU,Flaschenöffner,6
DEU,ziegenäse,6
DEU,wet toilet paper,6
DEU,Kinder buen,6
DEU,Sonnenblumenol,6
DEU,braunen zucker,6
DEU,stress,6
DEU,matjessalat,6
DEU,lesojami,6
DEU,sxho,6
DEU,12,6
DEU,Alkoholfreies Bier,6
DEU,berchte,6
DEU,porige,6
DEU,Dr.pepp,6
DEU,froyo,6
DEU,hali,6
DEU,chili co,6
DEU,scheamm,6
DEU,nudeln vollko,6
DEU,lays chips,6
DEU,fruits frozen,6
DEU,nail file,6
DEU,eggwhite,6
DEU,blsu,6
DEU,gefrorene himbeere,6
DEU,Pizza marg,6
DEU,Al natura,6
DEU,kerrygold butter,6
DEU,Esspapier,6
DEU,fruchta,6
DEU,blaue säcke,6
DEU,gefor,6
DEU,allulose,6
DEU,fisch filet,6
DEU,papti,6
DEU,ada,6
DEU,spulmit,6
DEU,Eise,6
DEU,oöivenöl,6
DEU,kboblauch,6
DEU,Brötchen zum,6
DEU,spaghetti dinkel,6
DEU,chickenburg,6
DEU,körnerfr,6
DEU,xhicken,6
DEU,toaa,6
DEU,badezusa,6
DEU,Sardines,6
DEU,Diabetiker,6
DEU,geschenktü,6
DEU,kaao,6
DEU,dubai scho,6
DEU,volvic gurke,6
DEU,sesamsamen,6
DEU,mango chu,6
DEU,matcg,6
DEU,gekochter schi,6
DEU,handsp,6
DEU,Frikad,6
DEU,hähnchen hack,6
DEU,seeweed,6
DEU,zweie,6
DEU,vienett,6
DEU,Gluten frei,6
DEU,beoth,6
DEU,dell,6
DEU,süss sauer sauce,6
DEU,Burger b,6
DEU,rasir,6
DEU,kaffee kapse,6
DEU,holandai,6
DEU,mair,6
DEU,gouda mitt,6
DEU,ice latte,6
DEU,lactos free,6
DEU,fischstabchen,6
DEU,sushi r,6
DEU,rinder br,6
DEU,rubbish bags,6
DEU,chicken drumstick,6
DEU,pizza frozen,6
DEU,rape,6
DEU,havlu kağıt,6
DEU,tul,6
DEU,perfu,6
DEU,Hackfleis,6
DEU,achnitt,6
DEU,falafal,6
DEU,naturjoguhrt,6
DEU,fischl,6
DEU,geschie,6
DEU,barilla glutenfrei,6
DEU,lush,6
DEU,destilier,6
DEU,haribo pixel,6
DEU,maskapone,6
DEU,krotten,6
DEU,baby wi,6
DEU,teos,6
DEU,edelbi,6
DEU,andechse,6
DEU,gruere,6
DEU,vitamim,6
DEU,protein balls,6
DEU,orangensagt,6
DEU,pinut,6
DEU,chilli chips,6
DEU,camill,6
DEU,tomaten stücki,6
DEU,blatt salat,6
DEU,eis high protein,6
DEU,layes,6
DEU,dull,6
DEU,frii,6
DEU,harina,6
DEU,brot gesch,6
DEU,snacka,6
DEU,ja spa,6
DEU,schweinenackensteak,6
DEU,hipo,6
DEU,hackfli,6
DEU,paulanee,6
DEU,bass,6
DEU,"Nivea Fresh Natural Deodorant Spray, 150 ml",6
DEU,vreme fraiche,6
DEU,proteinpuddin,6
DEU,mandelmioch,6
DEU,odolmed,6
DEU,american spirit tabak,6
DEU,tiefküjl,6
DEU,byodo,6
DEU,imm,6
DEU,no m,6
DEU,aud,6
DEU,protein d,6
DEU,plam,6
DEU,magazin,6
DEU,weinsc,6
DEU,zippo,6
DEU,mini morza,6
DEU,Waffle,6
DEU,rabi,6
DEU,feuchtüch,6
DEU,kartoffel brot,6
DEU,isolier,6
DEU,schokopuddinh,6
DEU,maxi King,6
DEU,cera ve,6
DEU,Milky way,6
DEU,abflus,6
DEU,beef sticks,6
DEU,multi v,6
DEU,limitte,6
DEU,pelmenk,6
DEU,gut & günstig,6
DEU,Waschmaschinen,6
DEU,tiere,6
DEU,flavo,6
DEU,Schweinenacken,6
DEU,bbq so,6
DEU,aufback brot,6
DEU,lotus cream,6
DEU,zwiebrln,6
DEU,web,6
DEU,malboror,6
DEU,windeln 3,6
DEU,cumi,6
DEU,cohiba,6
DEU,Süssigkeiten,6
DEU,asia Soße,6
DEU,kaminw,6
DEU,sorv,6
DEU,Tina,6
DEU,fishst,6
DEU,schokolade mil,6
DEU,fetaa,6
DEU,kobl,6
DEU,fertig nudel,6
DEU,poeer,6
DEU,microwelle,6
DEU,try,6
DEU,trockenflei,6
DEU,pastel,6
DEU,getrocknete erdb,6
DEU,flammenku,6
DEU,essig gur,6
DEU,lotus crem,6
DEU,gemüße,6
DEU,Letscho,6
DEU,klarspu,6
DEU,fleischalt,6
DEU,somo,6
DEU,paprika sauce,6
DEU,dim sum,6
DEU,was hmi,6
DEU,Vitalis,6
DEU,sicu,6
DEU,carny,6
DEU,kinderspielzeug,6
DEU,rote lins,6
DEU,holly,6
DEU,petit,6
DEU,straciat,6
DEU,scglagsahne,6
DEU,pjur,6
DEU,redwine,6
DEU,Paprika Gewürz,6
DEU,käkse,6
DEU,Koffe,6
DEU,beby,6
DEU,easig,6
DEU,Feuerzeuge,6
DEU,gad,6
DEU,laph,6
DEU,wirsin,6
DEU,mqis,6
DEU,Frischwasser,6
DEU,Bratensauce,6
DEU,dinorex,6
DEU,vegan pizz,6
DEU,bio zwie,6
DEU,Koriander frisch,6
DEU,wagfel,6
DEU,burgerpattie,6
DEU,wagne,6
DEU,pringeld,6
DEU,edamane,6
DEU,whipes,6
DEU,geschirrspülsalz,6
DEU,Tomaten pas,6
DEU,pasteten,6
DEU,back schokolade,6
DEU,matcha alpro,6
DEU,gala apple,6
DEU,hühner fond,6
DEU,schwangerschafts test,6
DEU,wasser spreequell,6
DEU,novea,6
DEU,pesto ros,6
DEU,gelbe linsen,6
DEU,mazzetti,6
DEU,bemb,6
DEU,Wash,6
DEU,Pamp,6
DEU,deutschl,6
DEU,paulaber,6
DEU,toast käs,6
DEU,hafetmilch,6
DEU,birthda,6
DEU,rohm,6
DEU,Wasserkocher,6
DEU,goesser,6
DEU,würstchen käse,6
DEU,forzen,6
DEU,gillett,6
DEU,glass rei,6
DEU,kwkse,6
DEU,ja hanchen,6
DEU,kumquat,6
DEU,krai,6
DEU,bruzzlee,6
DEU,yoghurt mit der ecke,6
DEU,sprudeö,6
DEU,Eis protein,6
DEU,Ele,6
DEU,sari,6
DEU,beste w,6
DEU,Bier 5,6
DEU,vegan schmand,6
DEU,schmerzmittel,6
DEU,Bratöl,6
DEU,himbeer eis,6
DEU,suppenfleis,6
DEU,poln,6
DEU,ince,6
DEU,Treets,6
DEU,fkeisch,6
DEU,5 Min,6
DEU,tiefkühlgericht,6
DEU,USB,6
DEU,zweb,6
DEU,smoothie ban,6
DEU,palle,6
DEU,Teegetränk,6
DEU,followfo,6
DEU,calamares,6
DEU,hurken,6
DEU,hafer glutenfrei,6
DEU,Sonnenblu,6
DEU,karamellsauce,6
DEU,menstr,6
DEU,gersten,6
DEU,pisco,6
DEU,yy,6
DEU,roten,6
DEU,Rau,6
DEU,pepper salami,6
DEU,tk gemüs,6
DEU,backing soda,6
DEU,limo ja,6
DEU,Cheesecake,6
DEU,hundel,6
DEU,blau käse,6
DEU,playstation,6
DEU,avox,6
DEU,to.a,6
DEU,milchni,6
DEU,buttaris,6
DEU,kühlpacks,6
DEU,rote zwibel,6
DEU,paper glass,6
DEU,backpapiee,6
DEU,bioc,6
DEU,desinfectant,6
DEU,Wac,6
DEU,organe,6
DEU,tomaten in stücken,6
DEU,sußkartoffel,6
DEU,eat me,6
DEU,frosted,6
DEU,drea,6
DEU,zisch,6
DEU,coconut wat,6
DEU,fisch sa,6
DEU,kabartma tozu,6
DEU,almighu,6
DEU,pork be,6
DEU,marmi,6
DEU,avocas,6
DEU,esspress,6
DEU,schrecken,6
DEU,toefkü,6
DEU,bread s,6
DEU,Brötchen tiefkühl,6
DEU,peperonis,6
DEU,Kräuter Frischkäse,6
DEU,bratwurdt,6
DEU,gioza,6
DEU,body gel,6
DEU,wich,6
DEU,rukul,6
DEU,zaet,6
DEU,fußcreme,6
DEU,uer,6
DEU,gefüllte peperoni,6
DEU,kichererbsen nudeln,6
DEU,pizza sause,6
DEU,avocat,6
DEU,skyr drink,6
DEU,kimchu,6
DEU,magarina,6
DEU,Geflügelsalami,6
DEU,batman,6
DEU,sahne käse,6
DEU,biri,6
DEU,black 28,6
DEU,ots,6
DEU,easyglide,6
DEU,lachsfile,6
DEU,salty snacks,6
DEU,r2,6
DEU,bistro ba,6
DEU,riesenbohne,6
DEU,haferfr,6
DEU,choco cross,6
DEU,Gul,6
DEU,strawberry juice,6
DEU,natrin,6
DEU,müsli k,6
DEU,la via lattea,6
DEU,katzenfutter rind,6
DEU,decoration,6
DEU,süss sauer s,6
DEU,almond flo,6
DEU,piztazie,6
DEU,nett,6
DEU,weiss schokolade,6
DEU,chillischote,6
DEU,haaren,6
DEU,lüchen,6
DEU,bulldog,6
DEU,cascaval,6
DEU,Dor,6
DEU,raspelschokolade,6
DEU,hamfeldee,6
DEU,brot eiwe,6
DEU,aprol,6
DEU,Hinterschinken,6
DEU,salatdressi,6
DEU,pampas,6
DEU,aioli vegan,6
DEU,haselnusse,6
DEU,cebola,6
DEU,Konserve,6
DEU,jetchup,6
DEU,Dr. oetker,6
DEU,milcb,6
DEU,philedel,6
DEU,tomaten sause,6
DEU,mate mio,6
DEU,wattepafs,6
DEU,abzieher,6
DEU,stripes,6
DEU,power bar,6
DEU,obo,6
DEU,soya soße,6
DEU,bätterteig,6
DEU,nacjos,6
DEU,eletro,6
DEU,föhn,6
DEU,reezes,6
DEU,Meerr,6
DEU,maler,6
DEU,frosch aloe,6
DEU,aufschnitt vegetarisch,6
DEU,schaff,6
DEU,olived,6
DEU,jogurt kokos,6
DEU,enoki pilze,6
DEU,granny sm,6
DEU,Okra,6
DEU,kugl,6
DEU,pesn,6
DEU,emman,6
DEU,kimcho,6
DEU,alkoholfreo,6
DEU,pesto bio,6
DEU,milka c,6
DEU,kogurt,6
DEU,weiße schok,6
DEU,lans,6
DEU,eed bull,6
DEU,waffek,6
DEU,nutella croi,6
DEU,zitronenso,6
DEU,pomnes,6
DEU,Nougat Bits,6
DEU,priva,6
DEU,kase vegan,6
DEU,mini g,6
DEU,brennesse,6
DEU,yoghurt 10%,6
DEU,oll,6
DEU,frikadelen,6
DEU,jum jum,6
DEU,rahm soße,6
DEU,ripe,6
DEU,lasage,6
DEU,Mayonn,6
DEU,zewa küchenrolle,6
DEU,nuggets halal,6
DEU,Milch ja,6
DEU,hipp brei,6
DEU,thunfich,6
DEU,nutelk,6
DEU,schweinefile,6
DEU,rep,6
DEU,pumpkin s,6
DEU,beba pre,6
DEU,fasul,6
DEU,brötchen burger,6
DEU,bitter scho,6
DEU,instant nude,6
DEU,rap snacks,6
DEU,zwiebelsch,6
DEU,aufbackbro,6
DEU,gesalzene Butter,6
DEU,käse stangen,6
DEU,espresso kapsel,6
DEU,dirt,6
DEU,geschirrtuch,6
DEU,sekt al,6
DEU,gron,6
DEU,bg,6
DEU,würstchwn,6
DEU,Instant ka,6
DEU,fertigerichte,6
DEU,rosemary chips,6
DEU,apfel strudel,6
DEU,Hits,6
DEU,tortellini vegan,6
DEU,Rewe feine,6
DEU,schinlen,6
DEU,bratenfond,6
DEU,coriandar,6
DEU,rindfleish,6
DEU,olek,6
DEU,panche,6
DEU,mllbeutel,6
DEU,schwarzer Tee,6
DEU,hähnchenbrustfile,6
DEU,linsenchios,6
DEU,earplugs,6
DEU,brot ohne,6
DEU,Marmalade,6
DEU,Köfte,6
DEU,kartotte,6
DEU,pizza di,6
DEU,Whey,6
DEU,vn,6
DEU,jagg,6
DEU,shirat,6
DEU,tolettenpa,6
DEU,paramo,6
DEU,kuchen rol,6
DEU,paprika e,6
DEU,genus,6
DEU,Emmentaler gerieben,6
DEU,sper,6
DEU,tomatengew,6
DEU,blanche,6
DEU,lorus,6
DEU,schöag,6
DEU,Aryan,6
DEU,toiletenpap,6
DEU,Vuse,6
DEU,elena,6
DEU,essig weiss,6
DEU,zukker,6
DEU,bioz,6
DEU,ganzes h,6
DEU,kolbasz,6
DEU,air w,6
DEU,gurka,6
DEU,Sanlucar,6
DEU,endive,6
DEU,dinkelvoll,6
DEU,bifi roll,6
DEU,mandelnus,6
DEU,clubmat,6
DEU,bulls eye,6
DEU,vogue lilla,6
DEU,uart,6
DEU,ochsenschwanz,6
DEU,espresso kapseln,6
DEU,aufback Brötchen,6
DEU,ruinart,6
DEU,chrr,6
DEU,romanesco,6
DEU,sault,6
DEU,müsli crunch,6
DEU,voka,6
DEU,ofen chi,6
DEU,Wins,6
DEU,bohnen wei,6
DEU,gönnerg,6
DEU,pistanzien,6
DEU,buchstab,6
DEU,Mrlboro,6
DEU,duschseife,6
DEU,Ananas Dose,6
DEU,lüne,6
DEU,cheese c,6
DEU,chiabat,6
DEU,energy dri,6
DEU,yalla,6
DEU,trum,6
DEU,milka aufstrich,6
DEU,coca cola original,6
DEU,klin,6
DEU,biskui,6
DEU,Salami sti,6
DEU,los,6
DEU,ananas konserve,6
DEU,blenda,6
DEU,hogurt,6
DEU,conditione,6
DEU,zwiebel pul,6
DEU,vitmin,6
DEU,Salami bio,6
DEU,hülsenfrüchte,6
DEU,bio pa,6
DEU,cete,6
DEU,feta laktose,6
DEU,lebn,6
DEU,kaum,6
DEU,sunflower pil,6
DEU,weichspülee,6
DEU,maraj,6
DEU,lätz,6
DEU,vegan bu,6
DEU,Insekt,6
DEU,lachgas,6
DEU,Joghurt laktose,6
DEU,tsatz,6
DEU,natur reis,6
DEU,ben u,6
DEU,Fischer,6
DEU,tta,6
DEU,Gummy bears for chewing,6
DEU,jartoffeln,6
DEU,tuna salat,6
DEU,ginger sh,6
DEU,kühe,6
DEU,nagellacke,6
DEU,himala,6
DEU,reinigen,6
DEU,parp,6
DEU,proteun,6
DEU,squeeze,6
DEU,b utter,6
DEU,behä,6
DEU,vegan tiefkühl,6
DEU,Argeta,6
DEU,schlagshane,6
DEU,dose mais,6
DEU,rewe bio j,6
DEU,dosen to,6
DEU,Kinder country,6
DEU,coce,6
DEU,Scheiben k,6
DEU,senfsauce,6
DEU,cashewk,6
DEU,alpro vanilla,6
DEU,gewüru,6
DEU,more ch,6
DEU,Beyond meat,6
DEU,hund eis,6
DEU,Seitan,6
DEU,fleischalternativen,6
DEU,refri,6
DEU,heiselbeeren,6
DEU,tooletten,6
DEU,Mundsp,6
DEU,stampfer,6
DEU,marini,6
DEU,alnatura tomat,6
DEU,Tomaten sosse,6
DEU,fleur de,6
DEU,ramne,6
DEU,Marmelade zero,6
DEU,haehnchenbrust,6
DEU,katjrs,6
DEU,himmb,6
DEU,curry so,6
DEU,brotz,6
DEU,pte,6
DEU,QR,6
DEU,vanillesoss,6
DEU,chips riff,6
DEU,Alw,6
DEU,yoghurt laktosefrei,6
DEU,Sprite Zero,6
DEU,béch,6
DEU,schweden,6
DEU,margherit,6
DEU,spritzer,6
DEU,tiefkph,6
DEU,kone,6
DEU,sahne soja,6
DEU,mac an,6
DEU,yogurt alnatura,6
DEU,wurstaufs,6
DEU,iat,6
DEU,smartied,6
DEU,krista,6
DEU,Body,6
DEU,Gesichtsreiniger,6
DEU,tulla,6
DEU,vid,6
DEU,banill,6
DEU,Spreewa,6
DEU,brot k,6
DEU,milch we,6
DEU,Brow,6
DEU,Milch haltbar,6
DEU,dinkel ge,6
DEU,toilenpa,6
DEU,manio,6
DEU,lober,6
DEU,Nelke,6
DEU,ahornsiruo,6
DEU,Dove deo,6
DEU,käse re,6
DEU,currysoße,6
DEU,müllbeutel 35 l,6
DEU,e-,6
DEU,mini würst,6
DEU,haehn,6
DEU,chips gebacken,6
DEU,Granny,6
DEU,cornstar,6
DEU,brot hen,6
DEU,linsen suppe,6
DEU,Frühs,6
DEU,susc,6
DEU,ballas,6
DEU,mozzarella ger,6
DEU,mozzz,6
DEU,farfs,6
DEU,quetchi,6
DEU,sweetn,6
DEU,suace,6
DEU,Bin bag,6
DEU,röll,6
DEU,milch 3.8,6
DEU,himbeet,6
DEU,Jerky,6
DEU,Toasti,6
DEU,fleisch alternative,6
DEU,vozol,6
DEU,ferm,6
DEU,klene,6
DEU,vile,6
DEU,butterteig,6
DEU,snack karotte,6
DEU,inw,6
DEU,finese,6
DEU,frühlingsrol,6
DEU,abend tee,6
DEU,svhokolade,6
DEU,borlotti,6
DEU,flötz,6
DEU,Feine Welt,6
DEU,Nachtisch,6
DEU,broccolo,6
DEU,bio sp,6
DEU,Altenburger,6
DEU,schokoladenpudding,6
DEU,cornflaces,6
DEU,bio kekse,6
DEU,jhog,6
DEU,gulasxh,6
DEU,grutz,6
DEU,bärchenw,6
DEU,sandwich bags,6
DEU,simoly,6
DEU,allergy,6
DEU,tomato tin,6
DEU,al natura pizza,6
DEU,j o,6
DEU,kaffeeschokolade,6
DEU,chicken saus,6
DEU,geraspelt,6
DEU,Fischkonserven,6
DEU,magm,6
DEU,sezam,6
DEU,syos,6
DEU,alnatura choco,6
DEU,weisenhof,6
DEU,beef patty,6
DEU,Bläterteig,6
DEU,kuchenbod,6
DEU,kreute,6
DEU,tiefkühlkuchen,6
DEU,zitronensafr,6
DEU,Stä,6
DEU,dove shampoo,6
DEU,farg,6
DEU,Cashewkerne,6
DEU,soray,6
DEU,Caf,6
DEU,kartoffelklö,6
DEU,sweet chili so,6
DEU,mrl,6
DEU,chili con ca,6
DEU,marlbot,6
DEU,biomü,6
DEU,gefrorene h,6
DEU,Cinnamon,6
DEU,la molisa,6
DEU,würstchen glas,6
DEU,feichte,6
DEU,haribo mini,6
DEU,eöfbar,6
DEU,vean,6
DEU,quark kräuter,6
DEU,blue chee,6
DEU,zitronen säure,6
DEU,schaumfe,6
DEU,weiß wurst,6
DEU,ludw,6
DEU,bax,6
DEU,dish tab,6
DEU,champanhe,6
DEU,hähchenbrust,6
DEU,tony‘s,6
DEU,kaminwu,6
DEU,Tomaten mar,6
DEU,hummus ja,6
DEU,bio yog,6
DEU,thnfisch,6
DEU,fussbo,6
DEU,Backpap,6
DEU,corriande,6
DEU,honig se,6
DEU,toilrt,6
DEU,sesam ol,6
DEU,tatli,6
DEU,high protein coffee,6
DEU,pirin,6
DEU,sarotti,6
DEU,poridg,6
DEU,alaska seelachs,6
DEU,Mac and,6
DEU,grobe brat,6
DEU,export,6
DEU,smak,6
DEU,laktosefeei,6
DEU,salmin,6
DEU,thunfisch in eigenem saft,6
DEU,linseed,6
DEU,joghurt greek,6
DEU,heinz knoblauch,6
DEU,yomato,6
DEU,grill gemüse,6
DEU,rixdorfer,6
DEU,pok choi,6
DEU,rewe müsli,6
DEU,Naan,6
DEU,kirschp,6
DEU,würstchen veg,6
DEU,hot doc,6
DEU,kaffee 2,6
DEU,holzlöffel,6
DEU,reis lang,6
DEU,cold co,6
DEU,Lauchzw,6
DEU,maisstarke,6
DEU,jho,6
DEU,schokolade 90%,6
DEU,no egg,6
DEU,pistazie eis,6
DEU,Haselnuss creme,6
DEU,Osaft,6
DEU,donur,6
DEU,salzige heringe,6
DEU,speg,6
DEU,rennie,6
DEU,batta,6
DEU,brennn,6
DEU,bebe creme,6
DEU,profiterol,6
DEU,savignon,6
DEU,pomess,6
DEU,rewe wrap,6
DEU,chips sa,6
DEU,Gerichte,6
DEU,unterwäsche,6
DEU,fry oil,6
DEU,tabaksticks,6
DEU,Tomaten getrocknet,6
DEU,frostq,6
DEU,schwarz pfeffer,6
DEU,Hähchen,6
DEU,cease,6
DEU,tosya,6
DEU,puddinf,6
DEU,terrea sienna,6
DEU,tee hals,6
DEU,marzie,6
DEU,cucub,6
DEU,erdnuss bu,6
DEU,terami,6
DEU,comf,6
DEU,frittie,6
DEU,deoder,6
DEU,qtipp,6
DEU,burger bre,6
DEU,kartofd,6
DEU,kids world,6
DEU,softn,6
DEU,chiqui,6
DEU,beruhigung,6
DEU,yon,6
DEU,eistee fuze,6
DEU,Pick up,6
DEU,alpro match,6
DEU,Hänsch,6
DEU,chowmein,6
DEU,bio trash,6
DEU,delikatess brühe,6
DEU,yest,6
DEU,magen darm tee,6
DEU,Activ,6
DEU,protein t,6
DEU,alnatura fru,6
DEU,Bisco,6
DEU,aloo,6
DEU,instax,6
DEU,nuß,6
DEU,washing pod,6
DEU,browniw,6
DEU,vegane bolognese,6
DEU,Glück,6
DEU,buko skyr,6
DEU,suppeneinlage,6
DEU,argentina,6
DEU,tub,6
DEU,Blutorange,6
DEU,joghurt n,6
DEU,salal,6
DEU,dchlagsahne,6
DEU,kartoffel wedges,6
DEU,mais stärke,6
DEU,keks ja,6
DEU,clubma,6
DEU,kinder king,6
DEU,maschinenreiniger,6
DEU,yayla jogurt,6
DEU,Morzare,6
DEU,mct,6
DEU,rewe yogurt,6
DEU,quaxi,6
DEU,Käse Würfel,6
DEU,onhe su,6
DEU,Stur,6
DEU,schlagsahne bio,6
DEU,mandelmikch,6
DEU,marh,6
DEU,kasekuch,6
DEU,boxes,6
DEU,Lauchz,6
DEU,franzbrot,6
DEU,wine leaves,6
DEU,tk pommes,6
DEU,eis fu,6
DEU,trauben hell,6
DEU,brot ch,6
DEU,vollkorn sandwich,6
DEU,Zitronen saft,6
DEU,bitbu,6
DEU,heringsa,6
DEU,inne,6
DEU,parmw,6
DEU,vegan yo,6
DEU,kumchi,6
DEU,hardal,6
DEU,ohil,6
DEU,feuchtetü,6
DEU,sirup kaffee,6
DEU,blsck,6
DEU,Franui,6
DEU,ia,6
DEU,plastic cup,6
DEU,Starbuc,6
DEU,buldak nudeln,6
DEU,elex,6
DEU,griessb,6
DEU,Broc,6
DEU,kaffee konz,6
DEU,schokilade,6
DEU,tablets,6
DEU,pan di stelle,6
DEU,San Pellegrini,6
DEU,bilgur,6
DEU,eis al,6
DEU,coen,6
DEU,Bruno,6
DEU,sxhweine,6
DEU,polz,6
DEU,spot,6
DEU,schmezkäse,6
DEU,cocomilch,6
DEU,baci,6
DEU,toastkäs,6
DEU,brauner reis,6
DEU,beefj,6
DEU,salami yayla,6
DEU,elinad,6
DEU,Schokolade bitter,6
DEU,chokolad,6
DEU,Burgerbrötchen,6
DEU,buiscuit,6
DEU,Veltins,6
DEU,paprika süß,6
DEU,kelle,6
DEU,snackb,6
DEU,knodel,6
DEU,serviete,6
DEU,esq,6
DEU,kartot,6
DEU,küchenrein,6
DEU,achwamm,6
DEU,Sauce hol,6
DEU,cy,6
DEU,ice cra,6
DEU,Little,6
DEU,Sicilia,6
DEU,Kaffeefil,6
DEU,grüner te,6
DEU,Sy,6
DEU,fleisx,6
DEU,tissue toilet,6
DEU,granul,6
DEU,palette,6
DEU,otange,6
DEU,tatziki,6
DEU,Bischof,6
DEU,Hühnerb,6
DEU,"peroni 0,0",6
DEU,rewe t,6
DEU,coco oil,6
DEU,kichererbsenme,6
DEU,fugen,6
DEU,pezer,6
DEU,groechisch,6
DEU,karamell soße,6
DEU,superfood,6
DEU,mercie,6
DEU,spargeö,6
DEU,mozarellla,6
DEU,straciatel,6
DEU,nozarella,6
DEU,Kartoffelauflauf,6
DEU,Emm,6
DEU,painkiller,6
DEU,vollmilchschokol,6
DEU,taschentücjer,6
DEU,leberka,6
DEU,rotwein spanien,6
DEU,lotud,6
DEU,tiefkühlkräuter,6
DEU,halal fl,6
DEU,kadayıf,6
DEU,cuvumber,6
DEU,champn,6
DEU,cold pack,6
DEU,Pizzasauce,6
DEU,chips riffel,6
DEU,Sherry,6
DEU,drisch,6
DEU,lense,6
DEU,shampoi,6
DEU,gemahlende mandeln,6
DEU,More nutrition,6
DEU,runderhack,6
DEU,kult,6
DEU,sauergurk,6
DEU,calo,6
DEU,schlafen,6
DEU,bioei,6
DEU,sicherheits,6
DEU,kaffeweis,6
DEU,Buenos eis,6
DEU,h schlagsahne,6
DEU,orangenaaft,6
DEU,magerqur,6
DEU,almdudle,6
DEU,kekse ohne zucker,6
DEU,nuggat,6
DEU,Hackfleisch vegan,6
DEU,croisan,6
DEU,priz,6
DEU,marlboro go,6
DEU,Chef,6
DEU,Chee,6
DEU,schokolade laktosefrei,6
DEU,scharfer griech,6
DEU,Jps,6
DEU,frischmi,6
DEU,onion ri,6
DEU,küchenpapuer,6
DEU,flammkuxhen,6
DEU,sahnep,6
DEU,softca,6
DEU,protien milch,6
DEU,pflanzencrem,6
DEU,arctic click,6
DEU,vegan wu,6
DEU,einweg ha,6
DEU,Rügenw,6
DEU,lux,6
DEU,geroldteiner,6
DEU,champingo,6
DEU,antiox,6
DEU,blaubeerr,6
DEU,facewas,6
DEU,burger pattie,6
DEU,bts,6
DEU,bll,6
DEU,tiefgefr,6
DEU,mandelblätter,6
DEU,eszett,6
DEU,paesa,6
DEU,etiketten,6
DEU,chardonna,6
DEU,alpeci,6
DEU,edamma,6
DEU,spreequelle,6
DEU,grobes,6
DEU,Schal,6
DEU,peperroni,6
DEU,hitchcock,6
DEU,magarine light,6
DEU,protein kä,6
DEU,lunsen,6
DEU,Yougurt,6
DEU,agus,6
DEU,sex  toy,6
DEU,fruchtaufstr,6
DEU,erdeeren,6
DEU,putenbruat,6
DEU,pistazienkerne,6
DEU,pimpl,6
DEU,eis langnese,6
DEU,Cola koffein,6
DEU,allzwecl,6
DEU,rahm spinat,6
DEU,cayennepfeffer,6
DEU,schokomousse,6
DEU,geflügel fleischwurst,6
DEU,auff,6
DEU,köttbular,6
DEU,pepfer,6
DEU,ingwerpaste,6
DEU,hirtenkaese,6
DEU,halfer,6
DEU,brüt,6
DEU,steukäse,6
DEU,bad li,6
DEU,aprilose,6
DEU,vare,6
DEU,uucker,6
DEU,schoko r,6
DEU,ceaser salad,6
DEU,pflegeöl,6
DEU,saklıköy,6
DEU,bohnen kaffee,6
DEU,bagur,6
DEU,limr,6
DEU,snickers ice,6
DEU,ja schmelz,6
DEU,sahneh,6
DEU,dekaf,6
DEU,mandelsp,6
DEU,lalto,6
DEU,sahne vega,6
DEU,twee,6
DEU,tigare,6
DEU,Béchamel,6
DEU,hafermilch zuckerfrei,6
DEU,patros light,6
DEU,bacp,6
DEU,eilles,6
DEU,wrpas,6
DEU,kochen sahne,6
DEU,burger pattys,6
DEU,schinkr,6
DEU,rafe,6
DEU,schokosauc,6
DEU,melonen eis,6
DEU,wahlnüsse,6
DEU,isolierband,6
DEU,High p,6
DEU,mozarella kugeln,6
DEU,Schlemmer,6
DEU,greek yogourt,6
DEU,fetter,6
DEU,ja burger,6
DEU,toilet paler,6
DEU,kaffee gold,6
DEU,quark light,6
DEU,fed,6
DEU,motarell,6
DEU,wadd,6
DEU,zitronene,6
DEU,pizza gusta,6
DEU,oliven sch,6
DEU,gizi,6
DEU,WC r,6
DEU,sour cresm,6
DEU,q10,6
DEU,salmob,6
DEU,talis,6
DEU,british,6
DEU,microwave popcorn,6
DEU,Fata,6
DEU,chair,6
DEU,Käse chips,6
DEU,beeren ge,6
DEU,flugzeug,6
DEU,chambelle,6
DEU,bohnn,6
DEU,havann,6
DEU,rasierk,6
DEU,Zahnbü,6
DEU,pix,6
DEU,barista koko,6
DEU,hafer cru,6
DEU,parsly,6
DEU,toasts,6
DEU,odol med,6
DEU,champingions,6
DEU,katzenzu,6
DEU,kapa,6
DEU,Lakr,6
DEU,reice,6
DEU,alwayd,6
DEU,landliebe käse,6
DEU,honigtom,6
DEU,mix re,6
DEU,5 min ter,6
DEU,bio lemon,6
DEU,rokola,6
DEU,ice tea peach,6
DEU,kartoffelgra,6
DEU,Avacado,6
DEU,pizza glut,6
DEU,miracolu,6
DEU,resses,6
DEU,st al,6
DEU,lego blumen,6
DEU,E zi,6
DEU,Curry king,6
DEU,indis,6
DEU,vanilla sug,6
DEU,rewe salat,6
DEU,slipeinlag,6
DEU,Buttergem,6
DEU,erbb,6
DEU,gazoz zero,6
DEU,loff,6
DEU,Schokolade wei,6
DEU,gezucker,6
DEU,voca cola,6
DEU,durts,6
DEU,easchm,6
DEU,himmbe,6
DEU,shrinp,6
DEU,kühltasch,6
DEU,buscoff,6
DEU,fron,6
DEU,salat sosse,6
DEU,nahrung,6
DEU,back kako,6
DEU,pesto rossi,6
DEU,spagw,6
DEU,diet come,6
DEU,Hände,6
DEU,schweine schnitzel,6
DEU,99,6
DEU,tims,6
DEU,smothi,6
DEU,hähncgen,6
DEU,nudel salat,6
DEU,cover,6
DEU,dinkel pops,6
DEU,fruhlingsz,6
DEU,puffed,6
DEU,frisches brot,6
DEU,gemüseau,6
DEU,vita kraft,6
DEU,natures calling,6
DEU,containers,6
DEU,polent,6
DEU,soja schn,6
DEU,badreinige,6
DEU,Eisc,6
DEU,scm,6
DEU,corn sta,6
DEU,flammkuchrn,6
DEU,spitzpaprik,6
DEU,rossm,6
DEU,ölsardi,6
DEU,streikäse,6
DEU,laktosefreue,6
DEU,pirogi,6
DEU,nutella biscuits,6
DEU,Roh,6
DEU,erfn,6
DEU,süser,6
DEU,hale,6
DEU,vollkorn spa,6
DEU,Cookie bros,6
DEU,duş jeli,6
DEU,knoblauchsa,6
DEU,linsenwaffelb,6
DEU,chk,6
DEU,soülmaschine,6
DEU,Pizza Margherita,6
DEU,roile,6
DEU,Goud,6
DEU,fisch dose,6
DEU,hoghu,6
DEU,univer,6
DEU,hand gel,6
DEU,insektenspra,6
DEU,oatpy,6
DEU,barel,6
DEU,joghurt 5%,6
DEU,alnatura tomate,6
DEU,broche,6
DEU,drachenzun,6
DEU,obergin,6
DEU,schoko tro,6
DEU,grillgem,6
DEU,bitterschokol,6
DEU,Kontakt,6
DEU,cacau,6
DEU,tagliatte,6
DEU,barl,6
DEU,tampong,6
DEU,urque,6
DEU,pflanzencre,6
DEU,Mop,6
DEU,cold pressed,6
DEU,fleckenent,6
DEU,hafercreme,6
DEU,reiswaffl,6
DEU,mangosteen,6
DEU,saffr,6
DEU,regal,6
DEU,brisket,6
DEU,hachez,6
DEU,anerican,6
DEU,cocosw,6
DEU,kasekuc,6
DEU,Mezz,6
DEU,zero ice tea,6
DEU,kaffee mil,6
DEU,tofu gerä,6
DEU,gelierz,6
DEU,schinken n,6
DEU,seifw,6
DEU,spulen,6
DEU,schnür,6
DEU,dosenmilch,6
DEU,dunkel Schokolade,6
DEU,reee,6
DEU,basiki,6
DEU,crwm,6
DEU,zip loc,6
DEU,geün,6
DEU,kora,6
DEU,lachs gratin,6
DEU,san pall,6
DEU,farme,6
DEU,uce,6
DEU,nougar,6
DEU,rouge,6
DEU,Exqu,6
DEU,cremefraiche,6
DEU,Königen frischkäse,6
DEU,piem,6
DEU,mortadella veg,6
DEU,bassermann,6
DEU,kochs hinken,6
DEU,duschsch,6
DEU,tchib,6
DEU,cjo,6
DEU,Getro,6
DEU,taschentuecher,6
DEU,Pizza ja,6
DEU,käse bällchen,6
DEU,bohnensalat,6
DEU,follow foo,6
DEU,reeze,6
DEU,laktose fr,6
DEU,rohrzuck,6
DEU,waxy,6
DEU,babybre,6
DEU,proetin,6
DEU,feine wel,6
DEU,kindersnacks,6
DEU,chicken thig,6
DEU,rohrohrzucker,6
DEU,shmapoo,6
DEU,decc,6
DEU,käse grat,6
DEU,o.,6
DEU,hartweizengrie,6
DEU,studio,6
DEU,cron,6
DEU,paulander,6
DEU,paprika sweet,6
DEU,Mini moz,6
DEU,sojac,6
DEU,Dürüm,6
DEU,garneleb,6
DEU,corn balls,6
DEU,alpro c,6
DEU,tash,6
DEU,auslese,6
DEU,frozen spin,6
DEU,cheese and onion,6
DEU,reis m,6
DEU,rice crack,6
DEU,mayn,6
DEU,hengsten,6
DEU,kinder ri,6
DEU,antioxidant,6
DEU,Ketschup,6
DEU,twie,6
DEU,corn flex,6
DEU,Monstet,6
DEU,kinderi,6
DEU,mango c,6
DEU,laureta,6
DEU,graund,6
DEU,käsecracker,6
DEU,hluten,6
DEU,baguette knoblauch,6
DEU,hohes c vitamin,6
DEU,trs,6
DEU,Fertigsalat,6
DEU,Radie,6
DEU,frozen shrimp,6
DEU,hini,6
DEU,gefrorene heidelbeeren,6
DEU,blätc,6
DEU,fuze tes,6
DEU,rindee,6
DEU,wurst vege,6
DEU,Petersili,6
DEU,somat salz,6
DEU,Bann,6
DEU,hähnchengesc,6
DEU,volw,6
DEU,sahne me,6
DEU,gleid,6
DEU,inmocent,6
DEU,matcja,6
DEU,mandeln geho,6
DEU,strong,6
DEU,entenbr,6
DEU,thinfish,6
DEU,chocolate cooking,6
DEU,sparkling w,6
DEU,paprika geräu,6
DEU,hair serum,6
DEU,baled,6
DEU,Zahnpast,6
DEU,le b,6
DEU,aufstei,6
DEU,mini knödel,6
DEU,kartoffelpuffee,6
DEU,dinkelnude,6
DEU,rote w,6
DEU,nackens,6
DEU,apfelsinen,6
DEU,wudy,6
DEU,bullseye,6
DEU,coco drink,6
DEU,feigen senf,6
DEU,pfris,6
DEU,con c,6
DEU,gauze,6
DEU,brotmesser,6
DEU,Hot d,6
DEU,milch minus l,6
DEU,soaget,6
DEU,nurger,6
DEU,sher,6
DEU,büb,6
DEU,frsta,6
DEU,lemob,6
DEU,Krauter,6
DEU,Secconade,6
DEU,eclai,6
DEU,zwiebelri,6
DEU,glutenfrei.,6
DEU,bio parmesan,6
DEU,papru,6
DEU,milch 500ml,6
DEU,krsut,6
DEU,tolete,6
DEU,blackbe,6
DEU,Abflussreiniger,6
DEU,Gewürz gurk,6
DEU,tatü,6
DEU,Gemüse tk,6
DEU,anatura,6
DEU,magdale,6
DEU,la viell,6
DEU,vegan schlagsahne,6
DEU,dattelmus,6
DEU,volkorn nudeln,6
DEU,herm,6
DEU,toiletre,6
DEU,laxes,6
DEU,pists,6
DEU,brog,6
DEU,rewe ka,6
DEU,knuspermü,6
DEU,de beu,6
DEU,ja tiefkühl,6
DEU,döner sauce,6
DEU,fertig sal,6
DEU,waz,6
DEU,ajola,6
DEU,skyf,6
DEU,papriak,6
DEU,alnatura g,6
DEU,griek,6
DEU,große,6
DEU,nudrl,6
DEU,lindt excellence,6
DEU,cedda,6
DEU,gewürze paprika,6
DEU,laugummi,6
DEU,zwiwbel,6
DEU,Berries,6
DEU,rock salt,6
DEU,baskent,6
DEU,ibe,6
DEU,Geriebener käse,6
DEU,concea,6
DEU,kamillent,6
DEU,shredded mozzarella,6
DEU,parne,6
DEU,guark,6
DEU,beluga linsen,6
DEU,bella,6
DEU,fanta zeeo,6
DEU,wild b,6
DEU,chilly oil,6
DEU,oatk,6
DEU,hackflisch,6
DEU,vollkornpasta,6
DEU,hede,6
DEU,Haferflocken glutenfrei,6
DEU,blumrn,6
DEU,anti pasto,6
DEU,eisf,6
DEU,peszo,6
DEU,intencion,6
DEU,spinat bio,6
DEU,hähnchen sticks,6
DEU,barril,6
DEU,schnitl,6
DEU,hair band,6
DEU,gwfrorene,6
DEU,rotebee,6
DEU,Linsenchip,6
DEU,ice fream,6
DEU,Sommersby,6
DEU,müsli crunchy,6
DEU,nudeln fuss,6
DEU,korrian,6
DEU,protien wraps,6
DEU,zwiebrl,6
DEU,sprudel wass,6
DEU,mango sor,6
DEU,vibegar,6
DEU,mú,6
DEU,kinderc,6
DEU,geflügelwür,6
DEU,lsuch,6
DEU,teddy,6
DEU,Bule,6
DEU,grape leaves,6
DEU,tk himb,6
DEU,fulter,6
DEU,ginger garl,6
DEU,mcdonald,6
DEU,Parmigiano Reggiano,6
DEU,expres,6
DEU,mais mix,6
DEU,Schoko m,6
DEU,baquet,6
DEU,zwiebacl,6
DEU,hemp seeds,6
DEU,i deli,6
DEU,sports drink,6
DEU,korken,6
DEU,gmocchi,6
DEU,frischekäse,6
DEU,blasamico,6
DEU,icecream vegan,6
DEU,caraway,6
DEU,Margarita,6
DEU,curry past,6
DEU,else,6
DEU,raos,6
DEU,pattys,6
DEU,schüttelbrot,6
DEU,döner brot,6
DEU,keller,6
DEU,evital,6
DEU,zieb,6
DEU,kernige,6
DEU,haferfle,6
DEU,puebko,6
DEU,aktime,6
DEU,neapoli,6
DEU,gilete,6
DEU,hacfleisch,6
DEU,knäckr,6
DEU,Kf,6
DEU,joghurt 5,6
DEU,gähnchen,6
DEU,paprikage,6
DEU,zwiebel mix,6
DEU,back ka,6
DEU,sesameis,6
DEU,gucam,6
DEU,perdil,6
DEU,supengr,6
DEU,rewe classic wasser,6
DEU,yoy,6
DEU,hollain,6
DEU,Oba,6
DEU,geschnez,6
DEU,Blue,6
DEU,macn,6
DEU,alnatura erd,6
DEU,sossenbinder,6
DEU,pieter,6
DEU,kerir,6
DEU,FAGE,6
DEU,cocq,6
DEU,wrdb,6
DEU,pixza,6
DEU,yogurt rewe,6
DEU,hähnchen geschne,6
DEU,fruchtjog,6
DEU,gerauc,6
DEU,soja sah,6
DEU,weissweiness,6
DEU,topo,6
DEU,reis nu,6
DEU,mini möhren,6
DEU,gres,6
DEU,fleischers,6
DEU,frische voll,6
DEU,heav,6
DEU,cabanosi,6
DEU,Buchstabennudeln,6
DEU,poda,6
DEU,blauv,6
DEU,tabouleh,6
DEU,rl,6
DEU,terea bronze,6
DEU,gezuckerte konden,6
DEU,joghy,6
DEU,ocv,6
DEU,müllbeutel 60l,6
DEU,pwp,6
DEU,geribene,6
DEU,creamy lemon,6
DEU,rüb,6
DEU,greel,6
DEU,gevrek,6
DEU,Y food,6
DEU,wraps vollkorn,6
DEU,Drogerie,6
DEU,zimtst,6
DEU,diamond,6
DEU,radk,6
DEU,reis parb,6
DEU,pakcho,6
DEU,energy d,6
DEU,hähnchen schinken,6
DEU,alkohlfre,6
DEU,butter lak,6
DEU,bouil,6
DEU,salz brezel,6
DEU,tradi,6
DEU,currysa,6
DEU,croussant,6
DEU,Salzgurken,6
DEU,koch sahn,6
DEU,obi,6
DEU,rolled oat,6
DEU,stak,6
DEU,floor clean,6
DEU,Fleisch tk,6
DEU,honigwaffe,6
DEU,pub,6
DEU,dishwasher tablets,6
DEU,h2o,6
DEU,arth,6
DEU,chocoa,6
DEU,guoda,6
DEU,bratt,6
DEU,himbeerm,6
DEU,musca,6
DEU,Nudels,6
DEU,trockene toma,6
DEU,Dr. oe,6
DEU,pumpkin see,6
DEU,diet pepsi,6
DEU,saura,6
DEU,Ja col,6
DEU,eis.,6
DEU,Schwarze b,6
DEU,belegte Broetchen,6
DEU,wound,6
DEU,clay,6
DEU,weisb,6
DEU,honig waffel,6
DEU,honig nüsse,6
DEU,backschoko,6
DEU,dorado,6
DEU,cookie crisp,6
DEU,papiertüten,6
DEU,bananens,6
DEU,wallnüs,6
DEU,Wm,6
DEU,häagen dasz,6
DEU,tempon,6
DEU,tomaten kon,6
DEU,alcohol fre,6
DEU,elbgol,6
DEU,mcain,6
DEU,wasserris,6
DEU,comditioner,6
DEU,Schoko müsli,6
DEU,sagtotan,6
DEU,in aspik,6
DEU,vegane tee,6
DEU,dunkel schok,6
DEU,raw honey,6
DEU,ja egg,6
DEU,ürotein,6
DEU,balsamico crema,6
DEU,butterbr,6
DEU,Walnü,6
DEU,chicken heart,6
DEU,Geschn,6
DEU,seasm,6
DEU,ganel,6
DEU,Apfelkomp,6
DEU,cock ring,6
DEU,campo verde,6
DEU,redbull sugar,6
DEU,körniget,6
DEU,komd,6
DEU,saur sahne,6
DEU,gaffe,6
DEU,tüscher,6
DEU,Frucht jo,6
DEU,ACE,6
DEU,arla käse,6
DEU,kids toothpaste,6
DEU,chocolate sugar free,6
DEU,laktose free,6
DEU,schokolae,6
DEU,Weinschorle,6
DEU,spülmaschien,6
DEU,fanta zeri,6
DEU,Hähnchenbrust Aufschnitt,6
DEU,dige,6
DEU,rapd,6
DEU,löffelbisc,6
DEU,hänvhen,6
DEU,wasserko,6
DEU,domest,6
DEU,bened,6
DEU,krutons,6
DEU,Ja Käse,6
DEU,kinder happy,6
DEU,prite,6
DEU,berry juice,6
DEU,"Gezer Hackfleisch vom Rind halal, 500 g",6
DEU,Bio zitr,6
DEU,TOM,6
DEU,potstoes,6
DEU,hefw,6
DEU,bannas,6
DEU,weisbier,6
DEU,Aubergin,6
DEU,curly fr,6
DEU,pausenbrot,6
DEU,spex,6
DEU,jalapa,6
DEU,pizzateig mit,6
DEU,lecke,6
DEU,wwasser,6
DEU,sportgetränk,6
DEU,vodak,6
DEU,sushi mayo,6
DEU,würstchen ve,6
DEU,reti,6
DEU,süßu,6
DEU,salart,6
DEU,fenis,6
DEU,Torteli,6
DEU,tkg,6
DEU,Magnesium direkt,6
DEU,alpro erd,6
DEU,kichee,6
DEU,vanilla jo,6
DEU,kirchenerbsen,6
DEU,mozarella ligh,6
DEU,menemen,6
DEU,alcoholfr,6
DEU,knoblauch creme,6
DEU,radishes,6
DEU,Thi,6
DEU,putenf,6
DEU,haarklammer,6
DEU,reisf,6
DEU,kates,6
DEU,Spar,6
DEU,Delikatesse,6
DEU,pasz,6
DEU,toastbri,6
DEU,corn flo,6
DEU,zana,6
DEU,cherry co,6
DEU,spinattaschen,6
DEU,sommergemüse,6
DEU,Aco,6
DEU,Sonnenblumen ö,6
DEU,mozzarella stic,6
DEU,Tak,6
DEU,cookie doug,6
DEU,sardo,6
DEU,nudeln de,6
DEU,vanilla bean,6
DEU,carlo,6
DEU,chitos,6
DEU,Lemon soda,6
DEU,rotkrau,6
DEU,cola lifht,6
DEU,hagen da,6
DEU,cedar,6
DEU,soua,6
DEU,landleibe,6
DEU,geriebenen Käse,6
DEU,guz,6
DEU,toilettenpapier 3 lagig,6
DEU,Schokolade nuss,6
DEU,kirdch,6
DEU,spfelsaft,6
DEU,frozen str,6
DEU,griechische nudeln,6
DEU,einmachglas,6
DEU,sebamed shampoo,6
DEU,vegan egg,6
DEU,Fliegenfalle,6
DEU,bahls,6
DEU,ofenf,6
DEU,pastorma,6
DEU,tost käse,6
DEU,dill kräuter,6
DEU,Fass,6
DEU,qun,6
DEU,serrano schinken,6
DEU,Schokostreusel,6
DEU,harry voll,6
DEU,lucki,6
DEU,heinz Knoblauch,6
DEU,nee,6
DEU,rödt,6
DEU,corn ball,6
DEU,high protein cheese,6
DEU,Stiftgetränk,6
DEU,kirschmarmelade,6
DEU,Dis,6
DEU,chipsletten,6
DEU,waffels,6
DEU,Veganer k,6
DEU,geröstete paprika,6
DEU,käse über,6
DEU,red curry paste,6
DEU,blumenkohö,6
DEU,kerne mix,6
DEU,tirkey,6
DEU,white vine,6
DEU,salami chicken,6
DEU,keiser,6
DEU,deutsche markenbutter,6
DEU,toast glutenfrei,6
DEU,kpch,6
DEU,geflugel wurst,6
DEU,zahnv,6
DEU,oolong,6
DEU,wine dry,6
DEU,ja tom,6
DEU,whrmann,6
DEU,chicken cube,6
DEU,frape,6
DEU,gemüse t,6
DEU,sonnens,6
DEU,zwue,6
DEU,croutino,6
DEU,proseccco,6
DEU,alovera,6
DEU,Kinder Bueno,6
DEU,muffinf,6
DEU,mozzarellla,6
DEU,salami p,6
DEU,Geschi,6
DEU,soften,6
DEU,viramin,6
DEU,floo,6
DEU,biofleisch,6
DEU,apple vin,6
DEU,cola 1.25,6
DEU,knochenbr,6
DEU,baby bells,6
DEU,Erdnussmu,6
DEU,hobel,6
DEU,stich,6
DEU,ratat,6
DEU,leberp,6
DEU,ceresl,6
DEU,guancialle,6
DEU,cleanin,6
DEU,alnatura pesto,6
DEU,haselnussmu,6
DEU,weinbla,6
DEU,ZERO,6
DEU,Katj,6
DEU,pfeffersauce,6
DEU,scwe,6
DEU,haar sp,6
DEU,salami Geflügel,6
DEU,salathe,6
DEU,baria,6
DEU,lener,6
DEU,super zero,6
DEU,malo,6
DEU,briefumschläge,6
DEU,hot pot,6
DEU,Birthday,6
DEU,apfelsaftsch,6
DEU,Paulaner spezi,6
DEU,hähnchen k,6
DEU,sxhn,6
DEU,cookies vegan,6
DEU,deospra,6
DEU,ja jo,6
DEU,wein ros,6
DEU,griche,6
DEU,terij,6
DEU,popcorn microwave,6
DEU,blaubeeren gefroren,6
DEU,holunde,6
DEU,Zahnpas,6
DEU,edel bitter,6
DEU,Bio fleisch,6
DEU,butter g,6
DEU,surface,6
DEU,liner,6
DEU,pallmal,6
DEU,Soja sauce,6
DEU,Dr beckmann,6
DEU,fermentier,6
DEU,scall,6
DEU,bavaria blue,6
DEU,mango ei,6
DEU,doo,6
DEU,Carro,6
DEU,Kokoswa,6
DEU,snack wurst,6
DEU,obaza,6
DEU,kokosb,6
DEU,joghurt pfirsich,6
DEU,wagf,6
DEU,kuchen tk,6
DEU,mais tortillas,6
DEU,putenlachs,6
DEU,grauer,6
DEU,Vanille e,6
DEU,surp,6
DEU,Thomas henry,6
DEU,chili chips,6
DEU,yoghurett,6
DEU,saft kirsch,6
DEU,katott,6
DEU,bunte tüte,6
DEU,pflam,6
DEU,orangenm,6
DEU,spezzi,6
DEU,Alpro soja,6
DEU,katze flu,6
DEU,orange chocolate,6
DEU,alnatura r,6
DEU,bumix,6
DEU,saubohnen,6
DEU,hoo,6
DEU,Tomaten pa,6
DEU,brotsticks,6
DEU,ferto,6
DEU,aqua pa,6
DEU,schocko drops,6
DEU,feigensen,6
DEU,Pueblo Tabak,6
DEU,slad,6
DEU,Finish Tabs,6
DEU,shim,6
DEU,bio olivenöl,6
DEU,olivie,6
DEU,tortillq,6
DEU,Aca,6
DEU,nachoa,6
DEU,käse wü,6
DEU,tanger,6
DEU,vitaminw,6
DEU,hühnet,6
DEU,Hafer Milch,6
DEU,hirs,6
DEU,Bananenbrot,6
DEU,Kartoffeltasche,6
DEU,kajma,6
DEU,käse t,6
DEU,Rosi,6
DEU,backmischunf,6
DEU,alnatura bowl,6
DEU,apü,6
DEU,esa,6
DEU,salz g,6
DEU,kajes,6
DEU,India,6
DEU,paresan,6
DEU,kib,6
DEU,brer,6
DEU,gewurtz,6
DEU,Club m,6
DEU,r1 long,6
DEU,Zwiebelm,6
DEU,waschittel,6
DEU,Einweggrill,6
DEU,freund,6
DEU,montello,6
DEU,alcoholfre,6
DEU,Zim,6
DEU,staudensel,6
DEU,chili gewürz,6
DEU,Gutfr,6
DEU,schwarzwälde,6
DEU,pink gr,6
DEU,Wat,6
DEU,aodte,6
DEU,mli,6
DEU,studenten futter,6
DEU,zals,6
DEU,schweizer,6
DEU,bin b,6
DEU,aucu,6
DEU,type 405,6
DEU,mocha,6
DEU,rossman,6
DEU,raw bar,6
DEU,Schokolade vollmilch,6
DEU,alnatura butter,6
DEU,lipgloss,6
DEU,spanischer,6
DEU,trüffelkäse,6
DEU,bio baby,6
DEU,apfeltee,6
DEU,chiva,6
DEU,joint,6
DEU,"h Milch 1,5",6
DEU,protein dessert,6
DEU,marmala,6
DEU,sushi essig,6
DEU,old s,6
DEU,liet,6
DEU,kaffe wei,6
DEU,pecorini,6
DEU,spinatpizza,6
DEU,schwu,6
DEU,menu,6
DEU,anacks,6
DEU,protein coffe,6
DEU,zwiblen,6
DEU,sojab,6
DEU,100% schoko,6
DEU,waschge,6
DEU,hamburger bröt,6
DEU,brustfillet,6
DEU,klopapirr,6
DEU,reggi,6
DEU,butter biscuits,6
DEU,kucherolle,6
DEU,blend a,6
DEU,zencefil,6
DEU,toiket,6
DEU,magnum pi,6
DEU,zewa wisch,6
DEU,frozen pasta,6
DEU,persil pods,6
DEU,schinken nu,6
DEU,Protein ei,6
DEU,nivia,6
DEU,moskito,6
DEU,dänischer,6
DEU,offen chips,6
DEU,hänhen,6
DEU,farbtücher,6
DEU,soya mil,6
DEU,dimkel,6
DEU,aufschnitte,6
DEU,guo,6
DEU,eat happy,6
DEU,Hackfleisch gem,6
DEU,soy yo,6
DEU,kokosmiöch,6
DEU,bugs,6
DEU,volanti,6
DEU,delay spray,6
DEU,Bourbon,6
DEU,timb,6
DEU,lemon cak,6
DEU,Gauloises blau,6
DEU,Zeit für bro,6
DEU,bagwl,6
DEU,plker,6
DEU,proteinriegwl,6
DEU,Lee,6
DEU,dosensuppen,6
DEU,kaffee tabs,6
DEU,Ws,6
DEU,goenrg,6
DEU,hähnxhen,6
DEU,hummous,6
DEU,mischgetr,6
DEU,eidwürfel,6
DEU,rison,6
DEU,fusetea,6
DEU,allzweck reiniger,6
DEU,djuv,6
DEU,miracu,6
DEU,Kt,6
DEU,kugeln,6
DEU,dunkele schokolade,6
DEU,nagellackent,6
DEU,eusw,6
DEU,Mini Wassermelone,6
DEU,hafe milch,6
DEU,tooth p,6
DEU,paster,6
DEU,suahi,6
DEU,Leinsamen geschrotet,6
DEU,Emmen,6
DEU,kinder chocolate,6
DEU,duftöl,6
DEU,alanatura,6
DEU,Magnum eis,6
DEU,vanille vegan,6
DEU,Kaugu,6
DEU,zuckerguss,6
DEU,ginger alle,6
DEU,cashewmil,6
DEU,Wattes,6
DEU,kent,6
DEU,himbeereb,6
DEU,brem,6
DEU,Rote be,6
DEU,el paso,6
DEU,pizza vegetale,6
DEU,frischm,6
DEU,feosta,6
DEU,Hähnchen Aufschnitt,6
DEU,bio hähnchenbrust,6
DEU,pea protein,6
DEU,Knö,6
DEU,spirituose,6
DEU,amarone,6
DEU,advil,6
DEU,mandrln,6
DEU,sellery,6
DEU,protein sh,6
DEU,toia,6
DEU,rubin,6
DEU,feigens,6
DEU,reiseaf,6
DEU,sandwich t,6
DEU,st pelligrino,6
DEU,nussnougat,6
DEU,moka,6
DEU,akazie,6
DEU,blauberre,6
DEU,strapon,6
DEU,pasierte tomaten,6
DEU,espe,6
DEU,lactosefreie mil,6
DEU,fong,6
DEU,fleischwursr,6
DEU,deife,6
DEU,butterbrotpap,6
DEU,gewürzgruken,6
DEU,wasermel,6
DEU,joghurt 1 kg,6
DEU,mango dose,6
DEU,blend a med,6
DEU,Rühr,6
DEU,sallat,6
DEU,trocken futter,6
DEU,mullbeu,6
DEU,chicek,6
DEU,tomao,6
DEU,corned bee,6
DEU,mini cookies,6
DEU,kassle,6
DEU,tomatenpast,6
DEU,letzte chance,6
DEU,küxhen,6
DEU,Margar,6
DEU,Waffelröllc,6
DEU,menthol filter,6
DEU,eis am s,6
DEU,wasxhmi,6
DEU,knack&,6
DEU,sonneblum,6
DEU,lachsschink,6
DEU,Grillhähnchen,6
DEU,creapan,6
DEU,cheesepop,6
DEU,mozzarella vegan,6
DEU,zero tonic,6
DEU,saure Gurke,6
DEU,cew,6
DEU,maraqu,6
DEU,donauwe,6
DEU,backen schoko,6
DEU,hack fleisch,6
DEU,Butter toast,6
DEU,kartofeel,6
DEU,mikk,6
DEU,blütenhonig,6
DEU,tk zwiebel,6
DEU,erdbeerem,6
DEU,schwim,6
DEU,chocolate protein,6
DEU,bescha,6
DEU,steig,6
DEU,mozarelk,6
DEU,situ,6
DEU,geschirspül,6
DEU,zero col,6
DEU,oats milk,6
DEU,halstee,6
DEU,ingwer gemahlen,6
DEU,raiz,6
DEU,magnum pista,6
DEU,gefrorene Erbsen,6
DEU,rittee,6
DEU,sahne ohne,6
DEU,milchpulv,6
DEU,creme fri,6
DEU,mayo mix,6
DEU,aprikosen marmelade,6
DEU,rot weiß,6
DEU,wimper,6
DEU,jellies,6
DEU,Coppe,6
DEU,tk fleisch,6
DEU,vanilla zero,6
DEU,coconut flakes,6
DEU,pespi,6
DEU,hackfleisx,6
DEU,Feuchtes Toilettenpapier,6
DEU,femchel,6
DEU,pudding p,6
DEU,zizrone,6
DEU,gluten frei pizza,6
DEU,schinkwn,6
DEU,snacj,6
DEU,Kokus,6
DEU,markknochen,6
DEU,dr.oe,6
DEU,brezzel,6
DEU,feya,6
DEU,chipol,6
DEU,heise,6
DEU,Zucchi,6
DEU,riesenb,6
DEU,Grillk,6
DEU,rewe m,6
DEU,allzwecktüc,6
DEU,rewe minera,6
DEU,gemüsebä,6
DEU,Pepe,6
DEU,tillma,6
DEU,Rettertüten,6
DEU,staubt,6
DEU,sonnenblumen o,6
DEU,maza,6
DEU,blattsala,6
DEU,sushi ri,6
DEU,kräuterlin,6
DEU,kuchen rollen,6
DEU,fried rice,6
DEU,feüh,6
DEU,hahen,6
DEU,gulascj,6
DEU,pizza gust,6
DEU,roibu,6
DEU,kokos bari,6
DEU,eiskoffe,6
DEU,camberr,6
DEU,maultadchen,6
DEU,Nuss Nougat Creme,6
DEU,feine teewurst,6
DEU,cynar,6
DEU,la vache,6
DEU,freeway,6
DEU,dilm,6
DEU,wiezenmehl,6
DEU,schinken gekocht,6
DEU,kleider,6
DEU,le brit,6
DEU,eistt,6
DEU,cappuch,6
DEU,limoncel,6
DEU,rice waf,6
DEU,elfiq,6
DEU,aufbackbrezen,6
DEU,emma,6
DEU,panty liners,6
DEU,meo,6
DEU,crushed tomatoes,6
DEU,mma,6
DEU,Lipto,6
DEU,champignion,6
DEU,gingeral,6
DEU,sauer gu,6
DEU,elfbar liquid,6
DEU,rind würst,6
DEU,piata,6
DEU,küchenpapirr,6
DEU,yaa,6
DEU,prat,6
DEU,margarita mix,6
DEU,canesten,6
DEU,dessert sosse,6
DEU,chicken breadt,6
DEU,brik,6
DEU,hefeweiz,6
DEU,sanitiser,6
DEU,haz,6
DEU,laba,6
DEU,popcon,6
DEU,kabartma,6
DEU,duvel,6
DEU,fruehlings,6
DEU,Hütte,6
DEU,apfel m,6
DEU,kastanien,6
DEU,olin,6
DEU,oliven mandeln,6
DEU,28 b,6
DEU,spülmac,6
DEU,lotto,6
DEU,nos,6
DEU,pimenton,6
DEU,weißwü,6
DEU,krac,6
DEU,snacksa,6
DEU,Hollondaise,6
DEU,rhu,6
DEU,Pfa,6
DEU,ahi,6
DEU,albatur,6
DEU,baridta,6
DEU,kotbeu,6
DEU,tomatenket,6
DEU,Mandari,6
DEU,mAYO,6
DEU,öli,6
DEU,ced,6
DEU,mines,6
DEU,saucenbin,6
DEU,Schmelz käse,6
DEU,fleisch schwein,6
DEU,rama vegan,6
DEU,suppen gemuse,6
DEU,reiscra,6
DEU,still Wasser,6
DEU,chilli s,6
DEU,hustenb,6
DEU,saatenbr,6
DEU,woka,6
DEU,eotwein,6
DEU,cocos water,6
DEU,zazili,6
DEU,green mountain,6
DEU,milram porridge,6
DEU,sadi,6
DEU,rewe beste wahl eis,6
DEU,prep m,6
DEU,schweinelende,6
DEU,Cheese dip,6
DEU,neutrogen,6
DEU,five el,6
DEU,piguin,6
DEU,Reese's,6
DEU,mehls,6
DEU,beyl,6
DEU,milo,6
DEU,asia snack,6
DEU,alpro joghu,6
DEU,Joghurt nat,6
DEU,weischs,6
DEU,bratwn,6
DEU,Schnit,6
DEU,pepperoncini,6
DEU,svhwip,6
DEU,Chorizo,6
DEU,getrocknete tonaten,6
DEU,kaviarcreme,6
DEU,hefe flocken,6
DEU,tiefgefrorene,6
DEU,butterl,6
DEU,creme frisch,6
DEU,mülltpten,6
DEU,rachelli,6
DEU,kffee,6
DEU,perlcous,6
DEU,coca cola 1.5,6
DEU,chocofr,6
DEU,washing l,6
DEU,fish oil,6
DEU,pistazien gehackt,6
DEU,apfesaft,6
DEU,aperit,6
DEU,wasser stilm,6
DEU,kurschen,6
DEU,kaffee t,6
DEU,dry sh,6
DEU,druc,6
DEU,schoko k,6
DEU,vollrohr,6
DEU,essig rei,6
DEU,thunfisch bio,6
DEU,bayreuth,6
DEU,sertano,6
DEU,Braten,6
DEU,pan au,6
DEU,steakhouse,6
DEU,frül,6
DEU,iliv,6
DEU,Malte,6
DEU,chocolste,6
DEU,Eis kaffee,6
DEU,hafel,6
DEU,floradix,6
DEU,Gesichtsreinigung,6
DEU,Pall,6
DEU,Schokolade Zartbitter,6
DEU,krup,6
DEU,liona,6
DEU,pina cola,6
DEU,qbo,6
DEU,bioe,6
DEU,texicana,6
DEU,popkor,6
DEU,zupfk,6
DEU,krut,6
DEU,mehlklö,6
DEU,johr,6
DEU,porkbelly,6
DEU,icebe,6
DEU,frozen berri,6
DEU,snaxks,6
DEU,inkont,6
DEU,buzter,6
DEU,globes,6
DEU,milk vegan,6
DEU,mineralwasser 500 ml,6
DEU,Rasierklingen,6
DEU,paneet,6
DEU,naturjoghur,6
DEU,sekundenk,6
DEU,hähnchenvrust,6
DEU,karzoffeln,6
DEU,thunfisch saft,6
DEU,peotei,6
DEU,kartoffel pu,6
DEU,unstoppable,6
DEU,crip,6
DEU,schripp,6
DEU,haferkle,6
DEU,sorühsahne,6
DEU,cini m,6
DEU,kirscherbse,6
DEU,alkoholfri,6
DEU,baby glä,6
DEU,üi,6
DEU,lacsh,6
DEU,bio limette,6
DEU,Tomatensau,6
DEU,datteltomaten,6
DEU,pfeigen,6
DEU,zahnaeide,6
DEU,protien powder,6
DEU,aprikosenma,6
DEU,hater,6
DEU,worcestersauce,6
DEU,nem,6
DEU,holunderb,6
DEU,ohne mehl,6
DEU,fuschstäbchen,6
DEU,leberwurst hund,6
DEU,weiskäse,6
DEU,uw,6
DEU,pati,6
DEU,kartoffelknödel,6
DEU,sonnenbrille,6
DEU,deo mann,6
DEU,.a,6
DEU,bali curl,6
DEU,Angebo,6
DEU,bio mandel,6
DEU,mohit,6
DEU,kräutr,6
DEU,landschinken,6
DEU,creme l,6
DEU,shanpoo,6
DEU,Haarkur,6
DEU,kapernäpfel,6
DEU,pfeffersal,6
DEU,vier käse,6
DEU,mikrowellenreis,6
DEU,friek,6
DEU,wanner,6
DEU,amorelia,6
DEU,schicht,6
DEU,oil s,6
DEU,Mr.,6
DEU,spühlmaschi,6
DEU,more öl,6
DEU,zero geträ,6
DEU,face soap,6
DEU,Flu,6
DEU,Geschirrsp,6
DEU,frühlings zwiebel,6
DEU,miny,6
DEU,Eis wü,6
DEU,kewpi,6
DEU,Klo p,6
DEU,chicken fil,6
DEU,Brot glutenfrei,6
DEU,yomaten,6
DEU,frosz,6
DEU,chrry,6
DEU,vollkorn brötchen,6
DEU,Hähnchenleber,6
DEU,wold,6
DEU,tortte,6
DEU,american cookie,6
DEU,Tol,6
DEU,Bihnen,6
DEU,classi,6
DEU,Cerea,6
DEU,aminos,6
DEU,pfirsich eistee,6
DEU,tablett,6
DEU,zero lipton,6
DEU,morzz,6
DEU,oliven mit stein,6
DEU,mip,6
DEU,süsst,6
DEU,quarj,6
DEU,Gustav,6
DEU,Möve,6
DEU,makhana,6
DEU,hazeln,6
DEU,Ofenfrische,6
DEU,mango p,6
DEU,hamburger b,6
DEU,Sagne,6
DEU,wundsalbe,6
DEU,strohhal,6
DEU,spibat,6
DEU,Fischsauce,6
DEU,passierte tonaten,6
DEU,peache,6
DEU,aosta,6
DEU,vall,6
DEU,joghurt natu,6
DEU,straciatell,6
DEU,vampir,6
DEU,Eis Protein,6
DEU,kochsahne vegan,6
DEU,petersilir,6
DEU,bizzle,6
DEU,salt & vinegar,6
DEU,3i,6
DEU,rigatonni,6
DEU,zwit für brot,6
DEU,mayonäse,6
DEU,Da,6
DEU,Geflügel wiener,6
DEU,Troll,6
DEU,mappe,6
DEU,nudeln fu,6
DEU,cesae,6
DEU,zucker fein,6
DEU,lillydo,6
DEU,chink,6
DEU,LAC,6
DEU,tobler,6
DEU,milk organic,6
DEU,mans,6
DEU,mescal,6
DEU,frozen potato,6
DEU,eiskonf,6
DEU,fruit tea,6
DEU,kuchenteig,6
DEU,Schweineb,6
DEU,ingwer sho,6
DEU,milch coco,6
DEU,haselnuss milch,6
DEU,wafle,6
DEU,spel,6
DEU,dracheb,6
DEU,fritz spritz,6
DEU,popcorb,6
DEU,proteo,6
DEU,30,6
DEU,sonnt,6
DEU,vegan f,6
DEU,kort,6
DEU,lox,6
DEU,ketxh,6
DEU,zifa,6
DEU,damp,6
DEU,eisso,6
DEU,Magnes,6
DEU,nikotinsalz,6
DEU,blue berr,6
DEU,ja torti,6
DEU,oramgen,6
DEU,Mz,6
DEU,littl,6
DEU,sußstoff,6
DEU,Pirulo,6
DEU,salzm,6
DEU,fleks,6
DEU,high protein milchreis,6
DEU,schwarze bihnen,6
DEU,penuts,6
DEU,kartoffelsalaz,6
DEU,kraus,6
DEU,tomag,6
DEU,destiliertes wasser,6
DEU,coffee paper,6
DEU,tetr,6
DEU,everd,6
DEU,thunfid,6
DEU,hühner br,6
DEU,wasser vol,6
DEU,müi,6
DEU,qe,6
DEU,bartöl,6
DEU,trash b,6
DEU,chipe,6
DEU,protein dri,6
DEU,feuerwurst,6
DEU,mango pü,6
DEU,kräuter dip,6
DEU,spinatt,6
DEU,diape,6
DEU,wasseem,6
DEU,melkfett,6
DEU,Airwaves,6
DEU,vegan hak,6
DEU,clib,6
DEU,thai basili,6
DEU,sugar cubes,6
DEU,hubba bubba,6
DEU,frichkä,6
DEU,schlemmertöpfchen,6
DEU,yayla yo,6
DEU,schwarze linsen,6
DEU,Coro,6
DEU,shweppes,6
DEU,shiit,6
DEU,banana juice,6
DEU,sour crean,6
DEU,Gehacktes,6
DEU,beuteltee,6
DEU,quiche teig,6
DEU,wurst ja,6
DEU,Tortilla Chips,6
DEU,chremant,6
DEU,soir cream,6
DEU,gluen,6
DEU,kräuter so,6
DEU,parliam,6
DEU,Krautsa,6
DEU,Marmor,6
DEU,greek cheese,6
DEU,berliner ki,6
DEU,reine soda,6
DEU,"h-milch 1,5",6
DEU,brewdog,6
DEU,pickle in a,6
DEU,lamacum,6
DEU,suguk,6
DEU,valensi,6
DEU,freil,6
DEU,samd,6
DEU,wein al,6
DEU,Cappucino,6
DEU,chips salted,6
DEU,cheese sl,6
DEU,Hae,6
DEU,dental Kleber,6
DEU,omivenöl,6
DEU,hand wa,6
DEU,Apfelbrei,6
DEU,Reispa,6
DEU,Rippchen,6
DEU,aalt,6
DEU,prosu,6
DEU,schoko raspel,6
DEU,milchalt,6
DEU,proi,6
DEU,heiße zi,6
DEU,dr. pep,6
DEU,Sahne l,6
DEU,paprika pow,6
DEU,soeise,6
DEU,5 min terine,6
DEU,fasülye,6
DEU,avocadocreme,6
DEU,plain yogurt,6
DEU,dalma,6
DEU,kocj,6
DEU,guu,6
DEU,early,6
DEU,sesamo,6
DEU,San Pelle,6
DEU,topfr,6
DEU,taze soğan,6
DEU,pizza ris,6
DEU,räucherlac,6
DEU,geträne,6
DEU,lübzer,6
DEU,biter,6
DEU,saj,6
DEU,stangenbohnen,6
DEU,kotl,6
DEU,käsegriller,6
DEU,malboro crafted,6
DEU,vanille sky,6
DEU,pizza tomate,6
DEU,etdbeeren,6
DEU,haferflockeb,6
DEU,cuisin,6
DEU,pala,6
DEU,skyr erdbeere,6
DEU,potato pure,6
DEU,hallomi,6
DEU,mua,6
DEU,alnatua,6
DEU,zirr,6
DEU,natures,6
DEU,gesichtsc,6
DEU,allna,6
DEU,milch rei,6
DEU,schee,6
DEU,Volvoc,6
DEU,bauzner,6
DEU,wit,6
DEU,Delikatess,6
DEU,vri,6
DEU,kürdan,6
DEU,vegan l,6
DEU,käse krainer,6
DEU,oil raps,6
DEU,kicheree,6
DEU,5 min terr,6
DEU,blackfore,6
DEU,bota,6
DEU,sausage halal,6
DEU,esponja,6
DEU,7gun,6
DEU,bian,6
DEU,rituals,6
DEU,Stifte,6
DEU,flora,6
DEU,garlik,6
DEU,kake,6
DEU,sric,6
DEU,tk ger,6
DEU,dinkel toas,6
DEU,tk lachs,6
DEU,beeren m,6
DEU,pizza sp,6
DEU,gutenfrei,6
DEU,eis florida,6
DEU,Oral,6
DEU,teefil,6
DEU,beeren tiefkü,6
DEU,frucht jo,6
DEU,cold & dog,6
DEU,marabo,6
DEU,croass,6
DEU,Mandeldr,6
DEU,dildos,6
DEU,gezuckerte Kondensmilch,6
DEU,gelbwur,6
DEU,kery,6
DEU,cup no,6
DEU,radiess,6
DEU,cola diet,6
DEU,nature’s calling,6
DEU,Kochsahn,6
DEU,schokoö,6
DEU,Flutschfinger,6
DEU,becks blue,6
DEU,oest,6
DEU,schoko pulver,6
DEU,ditalini,6
DEU,balık,6
DEU,Griechischer jo,6
DEU,bickwurst,6
DEU,katzenfuter,6
DEU,maishänchen,6
DEU,milchmi,6
DEU,gnochh,6
DEU,Roma,6
DEU,h2,6
DEU,ja Toiletten,6
DEU,kitschen,6
DEU,guy,6
DEU,monster ener,6
DEU,fussmaske,6
DEU,halloumk,6
DEU,bötek,6
DEU,Natur joghurt,6
DEU,mint leaves,6
DEU,Bröchen,6
DEU,Mineralwasser 6,6
DEU,kaft,6
DEU,geschma,6
DEU,Frischkäe,6
DEU,tritop,6
DEU,aqua p,6
DEU,breakfa,6
DEU,chicken th,6
DEU,Baldrian,6
DEU,dip cheese,6
DEU,cookies milka,6
DEU,chocolate mil,6
DEU,eis aln,6
DEU,archi,6
DEU,kaisergemuse,6
DEU,vegan wurs,6
DEU,Quetsch,6
DEU,rindswur,6
DEU,hã,6
DEU,handfe,6
DEU,hollaindaise,6
DEU,youcoom,6
DEU,Wet wipe,6
DEU,wae,6
DEU,griech joghurt,6
DEU,ice candy,6
DEU,jägermeis,6
DEU,dunkle schokola,6
DEU,wrdbeeren,6
DEU,sugat,6
DEU,hot salsa,6
DEU,bergl,6
DEU,kelli,6
DEU,woy,6
DEU,grapw,6
DEU,gewurt,6
DEU,samba olek,6
DEU,kurbiskerne,6
DEU,griechischer joh,6
DEU,corona al,6
DEU,lebensmittelmotten,6
DEU,körner brötchen,6
DEU,firtz,6
DEU,sinu,6
DEU,Buter,6
DEU,eil,6
DEU,nusel,6
DEU,alnatura streich,6
DEU,pahme,6
DEU,Volic,6
DEU,Pflan,6
DEU,red bukl,6
DEU,apels,6
DEU,Terrea,6
DEU,haarentf,6
DEU,gemüse suppe,6
DEU,sugar syrup,6
DEU,hed,6
DEU,weißen,6
DEU,vegetarisch wurst,6
DEU,glutenfreies bier,6
DEU,confom,6
DEU,bier alloholfrei,6
DEU,tomate cherry,6
DEU,gerau,6
DEU,kartoffel brei,6
DEU,getrocknete aprikose,6
DEU,chocolte,6
DEU,neot,6
DEU,makkaron,6
DEU,sofort,6
DEU,Rügenwa,6
DEU,krem şanti,6
DEU,aubr,6
DEU,frischkäse.,6
DEU,liebstö,6
DEU,ksffe,6
DEU,alnatura e,6
DEU,butterkäse ja,6
DEU,eiweisstoast,6
DEU,herrenhäuser,6
DEU,Korea,6
DEU,burger brit,6
DEU,streichka,6
DEU,geriebene kä,6
DEU,pizza mozarella,6
DEU,strauß,6
DEU,Knoblauchpaste,6
DEU,harnelen,6
DEU,cup n,6
DEU,Mais chips,6
DEU,peanut buttet,6
DEU,hänchen keule,6
DEU,pah,6
DEU,lenor we,6
DEU,coffee ca,6
DEU,marken,6
DEU,Alk,6
DEU,öl zum braten,6
DEU,holen,6
DEU,elvis eis,6
DEU,matjesfilet,6
DEU,Sahnequark,6
DEU,mälzet,6
DEU,çamaşır deterjanı,6
DEU,alnatir,6
DEU,Eiweiß toast,6
DEU,tpilett,6
DEU,Coca Cola zero,6
DEU,Alkoholische Getränke,6
DEU,vita m,6
DEU,vittel,6
DEU,Jager,6
DEU,eier gekoch,6
DEU,afstrich,6
DEU,Can,6
DEU,pflanzenerde,6
DEU,lise,6
DEU,schlg,6
DEU,lolipop,6
DEU,ja voll,6
DEU,burcu,6
DEU,bitn,6
DEU,kaffek,6
DEU,alkohol frei bier,6
DEU,gpu,6
DEU,pizza.,6
DEU,afri cola zero,6
DEU,backpapier air,6
DEU,galls,6
DEU,Gefro,6
DEU,lipton tea,6
DEU,wholemeal,6
DEU,minikarotten,6
DEU,hitt,6
DEU,oliva,6
DEU,brathähnchengewürz,6
DEU,bernbacher,6
DEU,perioden,6
DEU,ceres,6
DEU,bier alcoholfrei,6
DEU,sandwich sauce,6
DEU,inkontinen,6
DEU,ert,6
DEU,Dov,6
DEU,ermann,6
DEU,mezo mix,6
DEU,letucce,6
DEU,Gero,6
DEU,cheakpea,6
DEU,kochdahne,6
DEU,hähnchebrust,6
DEU,Jogo,6
DEU,vanillearoma,6
DEU,überrasch,6
DEU,sahnejog,6
DEU,schot,6
DEU,flach,6
DEU,süsskartoffwl,6
DEU,mocarella,6
DEU,1 euro,6
DEU,haar wachs,6
DEU,bugel,6
DEU,zeroo,6
DEU,finn toast,6
DEU,corney,6
DEU,instant cof,6
DEU,vita co,6
DEU,nimm 2 soft,6
DEU,chocolate no sugar,6
DEU,canno,6
DEU,long rice,6
DEU,guanchale,6
DEU,gesalzene b,6
DEU,chilli pow,6
DEU,nuri,6
DEU,katzensteu,6
DEU,Bratkartoffel,6
DEU,fuse tee,6
DEU,kinderm,6
DEU,mois,6
DEU,Cremissimo,6
DEU,rote bewte,6
DEU,ferro,6
DEU,weise schokolade,6
DEU,koawa,6
DEU,bio basilikum,6
DEU,sanitiz,6
DEU,allzweckbeutel,6
DEU,tim m,6
DEU,gemüse aufstrich,6
DEU,Plombir,6
DEU,milch koko,6
DEU,schwerl,6
DEU,Asparagus,6
DEU,carm,6
DEU,rapunz,6
DEU,Wasabi,6
DEU,tortilas,6
DEU,raddis,6
DEU,pPrika,6
DEU,Adelhol,6
DEU,Weis,6
DEU,wet towel,6
DEU,mej,6
DEU,bohben,6
DEU,piko,6
DEU,Toilettenreiniger,6
DEU,clams,6
DEU,mier,6
DEU,mais ch,6
DEU,M&Ms,6
DEU,letti,6
DEU,Frischkäse Laktose,6
DEU,kiti,6
DEU,oaties,6
DEU,Tiger,6
DEU,Yay,6
DEU,Ja co,6
DEU,zahnpad,6
DEU,red null,6
DEU,eukalyp,6
DEU,Erfrischung,6
DEU,fressn,6
DEU,himbeermarm,6
DEU,Körperöl,6
DEU,chow,6
DEU,hefeklöse,6
DEU,Parmesan vegan,6
DEU,wattestab,6
DEU,Ingwershot,6
DEU,probiotisch,6
DEU,pilsener,6
DEU,müsli sch,6
DEU,integral,6
DEU,salakis light,6
DEU,piuza,6
DEU,gari,6
DEU,bitnen,6
DEU,Gluten free,6
DEU,garden gourm,6
DEU,highurt,6
DEU,sonnen blumen,6
DEU,urqu,6
DEU,Trü frü,6
DEU,"h milch 1,5%",6
DEU,tk er,6
DEU,quarq,6
DEU,hafw,6
DEU,carbs,6
DEU,Ben and Jerry,6
DEU,chru,6
DEU,cola ice,6
DEU,feuchtigk,6
DEU,samami,6
DEU,linder,6
DEU,kaffee ganze,6
DEU,didlo,6
DEU,sahnem,6
DEU,wc-frisch,6
DEU,Weißwein trocken,6
DEU,orangensaft bio,6
DEU,backed bean,6
DEU,stäbch,6
DEU,rana pasta,6
DEU,holy hy,6
DEU,mitacoli,6
DEU,burrate,6
DEU,gotter,6
DEU,vhedd,6
DEU,krfir,6
DEU,grill würstchen,6
DEU,aloe ver,6
DEU,knowblauch,6
DEU,Kna,6
DEU,käsel,6
DEU,alnatue,6
DEU,gatlic,6
DEU,hafercui,6
DEU,Nackensteaks,6
DEU,essis,6
DEU,schwarzkümme,6
DEU,radia,6
DEU,beas,6
DEU,ftosta,6
DEU,red bull organics,6
DEU,Ovomaltine,6
DEU,Eiweiß brot,6
DEU,verschl,6
DEU,ritterspirt,6
DEU,snack gur,6
DEU,assam,6
DEU,Sturbucks,6
DEU,gesalzene bu,6
DEU,I've,6
DEU,Hundef,6
DEU,rev,6
DEU,grillsau,6
DEU,oign,6
DEU,serano schinken,6
DEU,geschirrta,6
DEU,eis mochi,6
DEU,magerw,6
DEU,rams,6
DEU,acocad,6
DEU,oaetly,6
DEU,schleim,6
DEU,berliner weisse,6
DEU,salts,6
DEU,karzenstreu,6
DEU,pesto ve,6
DEU,chetos,6
DEU,schlag sah,6
DEU,aostw,6
DEU,essig g,6
DEU,Neutralreiniger,6
DEU,malto,6
DEU,thomapyrin,6
DEU,toipa,6
DEU,pimple patches,6
DEU,ornage,6
DEU,smoked turkey,6
DEU,parseley,6
DEU,Minutensteaks,6
DEU,toilet papee,6
DEU,milrahm,6
DEU,hunfe,6
DEU,yogurt plain,6
DEU,milk 3,6
DEU,ja mini,6
DEU,tic ta,6
DEU,Glasreinig,6
DEU,oatld,6
DEU,berliner berg,6
DEU,Amorelie Kiss - Berry Massagestab und Vibrator,6
DEU,Toscana,6
DEU,vsnille,6
DEU,back camem,6
DEU,backerbse,6
DEU,vössl,6
DEU,bio-,6
DEU,seawe,6
DEU,würstl,6
DEU,mallbor,6
DEU,trockener Weißwein,6
DEU,eisttee,6
DEU,Alnatura Eis,6
DEU,motch,6
DEU,berliner kaffee,6
DEU,apfel mark,6
DEU,weizento,6
DEU,revo,6
DEU,matcha besen,6
DEU,cake flour,6
DEU,mags,6
DEU,ice cof,6
DEU,Kokos milch,6
DEU,latz,6
DEU,soon to,6
DEU,creme leg,6
DEU,fabri,6
DEU,balm,6
DEU,colzero,6
DEU,after e,6
DEU,Nat,6
DEU,knibl,6
DEU,spinacj,6
DEU,eis h,6
DEU,neum,6
DEU,tomaten souce,6
DEU,gemüsesaf,6
DEU,waysa,6
DEU,backing paper,6
DEU,frischf,6
DEU,party garnelen,6
DEU,luftball,6
DEU,cookir,6
DEU,Käsebrötchen,6
DEU,tropifr,6
DEU,Mit,6
DEU,black an,6
DEU,haribo pico,6
DEU,yohg,6
DEU,intens,6
DEU,Kochsc,6
DEU,orangensft,6
DEU,like beef,6
DEU,joght,6
DEU,Bresaola,6
DEU,zoegen,6
DEU,knoba,6
DEU,chayenne,6
DEU,protein y,6
DEU,ani,6
DEU,l oreal,6
DEU,basmati re,6
DEU,hartzer,6
DEU,melonw,6
DEU,zuckere,6
DEU,berkäse,6
DEU,ayea,6
DEU,vorhang,6
DEU,alpro p,6
DEU,Cayennepfeffer,6
DEU,Body wash,6
DEU,Joghurt eis,6
DEU,vider,6
DEU,püll,6
DEU,nescafe c,6
DEU,lacktose,6
DEU,stachelbeere,6
DEU,tisu,6
DEU,mottenfalle,6
DEU,cami,6
DEU,werkzeug,6
DEU,snack vegan,6
DEU,reis uncle,6
DEU,bansne,6
DEU,paprikaschoten,6
DEU,chips c,6
DEU,Ja min,6
DEU,disp,6
DEU,kul,6
DEU,slipp,6
DEU,leeks,6
DEU,Melonen,6
DEU,Süßrahmbutter,6
DEU,kinder coun,6
DEU,oca cola,6
DEU,schnittbr,6
DEU,Peach,6
DEU,biopo,6
DEU,ziegen kase,6
DEU,süskarto,6
DEU,gyz,6
DEU,sparkling zero,6
DEU,flüssigsei,6
DEU,alim,6
DEU,Wäsche weiß,6
DEU,eis split,6
DEU,burgerp,6
DEU,jn,6
DEU,tavos,6
DEU,thre,6
DEU,vermo,6
DEU,innocenz,6
DEU,salami veggi,6
DEU,cheese mix,6
DEU,froach,6
DEU,Salatsauce,6
DEU,kaese vegan,6
DEU,cost,6
DEU,fist,6
DEU,Retter Tüte,6
DEU,Pani,6
DEU,linsenflips,6
DEU,schattenmorell,6
DEU,cheese low fat,6
DEU,kind bar,6
DEU,basilicu,6
DEU,ziegenmi,6
DEU,fladenbrit,6
DEU,streul,6
DEU,wäschepulver,6
DEU,cardomom,6
DEU,Kokos joghurt,6
DEU,schoko ros,6
DEU,thunfisch olivenöl,6
DEU,weißwein klein,6
DEU,flr,6
DEU,haushaltsr,6
DEU,mionett,6
DEU,buffe,6
DEU,bromberen,6
DEU,plumb,6
DEU,kronen,6
DEU,fish st,6
DEU,cola cher,6
DEU,no molk,6
DEU,atreu,6
DEU,Toastb,6
DEU,gpud,6
DEU,gurke eingelegt,6
DEU,tafels,6
DEU,tk himbeere,6
DEU,fage 0,6
DEU,Capri su,6
DEU,russische,6
DEU,bio Gurke,6
DEU,vegan pi,6
DEU,pwr,6
DEU,Teew,6
DEU,kekss,6
DEU,hafer ohne,6
DEU,honig waffeln,6
DEU,rinder steak,6
DEU,wrap rewe,6
DEU,kelog,6
DEU,petrrsilie,6
DEU,granap,6
DEU,back kaka,6
DEU,dark soy sauce,6
DEU,condense milk,6
DEU,pempa,6
DEU,Chantr,6
DEU,wasvhmittel,6
DEU,creme fraichr,6
DEU,brötchdn,6
DEU,vine l,6
DEU,Weißwei,6
DEU,oce cream,6
DEU,condim,6
DEU,bio bratwurst,6
DEU,hundekot,6
DEU,seasa,6
DEU,Kapseln,6
DEU,Nudelsoße,6
DEU,german,6
DEU,bohnr,6
DEU,teqi,6
DEU,nut bar,6
DEU,cuja mara,6
DEU,wasser 6er pack,6
DEU,takid,6
DEU,wasa knäcke,6
DEU,Aperitif,6
DEU,clerasil,6
DEU,Primitivo,6
DEU,nedcafe,6
DEU,electric,6
DEU,möhrensalat,6
DEU,cremesuppe,6
DEU,eostee,6
DEU,oil ra,6
DEU,fern,6
DEU,gemüsezwiebeln,6
DEU,bratensose,6
DEU,torre,6
DEU,zartbitters,6
DEU,compote,6
DEU,geriebener ka,6
DEU,filinche,6
DEU,snacks healthy,6
DEU,alnatura haferflocken,6
DEU,rice vineg,6
DEU,Alnatura Brötchen,6
DEU,duscjgel,6
DEU,kartoffel st,6
DEU,garden g,6
DEU,lavend,6
DEU,aranciata,6
DEU,käse sti,6
DEU,Pringels,6
DEU,Container,6
DEU,schenk,6
DEU,mascer,6
DEU,yaumi,6
DEU,tomaten aufstrich,6
DEU,food bag,6
DEU,muller milch,6
DEU,küchenf,6
DEU,morc,6
DEU,schojolade,6
DEU,wasse4,6
DEU,dinkelp,6
DEU,haferb,6
DEU,waffwl,6
DEU,frozen chips,6
DEU,küchenspray,6
DEU,salat t,6
DEU,tiefkühl bee,6
DEU,nudelsose,6
DEU,hähnchen flügel,6
DEU,kafa,6
DEU,nooe,6
DEU,sıvı yağ,6
DEU,diah,6
DEU,Joghurt lactosefrei,6
DEU,Mll,6
DEU,protein creme,6
DEU,reic,6
DEU,feta ja,6
DEU,Pastete,6
DEU,ülker pasta,6
DEU,Berry,6
DEU,pampel,6
DEU,lettuve,6
DEU,ice berg,6
DEU,bananen nektar,6
DEU,wattestäbc,6
DEU,kartoffeln m,6
DEU,kaffeb,6
DEU,Minus L,6
DEU,"milk 1,5",6
DEU,zip bags,6
DEU,katzengr,6
DEU,basismüsli,6
DEU,alnatura brötchen,6
DEU,waffele,6
DEU,filtre,6
DEU,yayla börek,6
DEU,käse d,6
DEU,protein nu,6
DEU,apfelsaftscho,6
DEU,peregrino,6
DEU,tatz,6
DEU,augentrop,6
DEU,sandich,6
DEU,tomaten getro,6
DEU,olv,6
DEU,Butter ge,6
DEU,amicel,6
DEU,dchnitzel,6
DEU,Minus,6
DEU,trutha,6
DEU,burgwe,6
DEU,mohrrü,6
DEU,mandelh,6
DEU,joghurt er,6
DEU,brzel,6
DEU,gecco,6
DEU,fachinge,6
DEU,coce zero,6
DEU,peoer,6
DEU,rewe coffee,6
DEU,bio zitron,6
DEU,Haargel,6
DEU,mager qua,6
DEU,geek,6
DEU,tostbro,6
DEU,Aluminium,6
DEU,toiöett,6
DEU,kokonusswasser,6
DEU,kaisergemü,6
DEU,vitamin d3,6
DEU,aier,6
DEU,Bernbacher,6
DEU,bräuner,6
DEU,fitnes,6
DEU,Nekta,6
DEU,bierschinke,6
DEU,knoopers,6
DEU,saalt,6
DEU,schär brot,6
DEU,tari,6
DEU,knorr brühe,6
DEU,lassgn,6
DEU,butterkas,6
DEU,raffin,6
DEU,gurne,6
DEU,bscon,6
DEU,reh,6
DEU,soft getränke,6
DEU,apfel kirsch,6
DEU,obwt,6
DEU,dog shampoo,6
DEU,cooa zero,6
DEU,plantef,6
DEU,Soja Sprossen,6
DEU,knusper musli,6
DEU,Vita col,6
DEU,sudzuk,6
DEU,face wipes,6
DEU,Geflügelwiener,6
DEU,cornfk,6
DEU,milch rötchen,6
DEU,bio l,6
DEU,wursta,6
DEU,potato chip,6
DEU,lacto frei,6
DEU,tassens,6
DEU,cuch,6
DEU,schweo,6
DEU,wok mix,6
DEU,chikp,6
DEU,haldi,6
DEU,nutea,6
DEU,pastA,6
DEU,chck,6
DEU,balo,6
DEU,knusper mü,6
DEU,cane sugar,6
DEU,kräutermischung,6
DEU,alnatura so,6
DEU,Weideglück Edamer Käsescheiben mild,6
DEU,stückkäse,6
DEU,jogurt gri,6
DEU,erdnussauce,6
DEU,grün apfel,6
DEU,brottrun,6
DEU,kohlrou,6
DEU,kuruyemis,6
DEU,cheryy,6
DEU,klobü,6
DEU,capelini,6
DEU,sojay,6
DEU,joghurt schoko,6
DEU,joghurt s,6
DEU,swiffee,6
DEU,coco amino,6
DEU,pilmen,6
DEU,avocado bio,6
DEU,geschirrspül tabs,6
DEU,steinpil,6
DEU,dinkel kekse,6
DEU,salami h,6
DEU,sadine,6
DEU,ja toast,6
DEU,sosse für,6
DEU,Bar,6
DEU,lor peynir,6
DEU,ja aufschnitt,6
DEU,Guinness,6
DEU,italienische kröuter,6
DEU,sojad,6
DEU,panini st,6
DEU,san pa,6
DEU,backpaier,6
DEU,milben,6
DEU,donkel,6
DEU,tricken,6
DEU,lozenges,6
DEU,kartoffel suppe,6
DEU,ungarische sa,6
DEU,tnic,6
DEU,milchgeist,6
DEU,Zitronensa,6
DEU,roher schinken,6
DEU,Ananas dose,6
DEU,toilet papa,6
DEU,spumante,6
DEU,knoblauchbagu,6
DEU,Leberwur,6
DEU,gratin k,6
DEU,grullen,6
DEU,Lauge,6
DEU,Grüne p,6
DEU,knoblauchbutt,6
DEU,baby windel,6
DEU,vig,6
DEU,hamburger käse,6
DEU,eingelegte g,6
DEU,puss,6
DEU,Volvic touch,6
DEU,knorr kr,6
DEU,coconut o,6
DEU,quäsr,6
DEU,ültj,6
DEU,corin,6
DEU,Creme fi,6
DEU,Grippostad,6
DEU,kornflackes,6
DEU,jarr,6
DEU,stat,6
DEU,joghyrt,6
DEU,sandwichbr,6
DEU,Wiesbauer,6
DEU,groechischer joghurt,6
DEU,Massageöl,6
DEU,rewe gouda,6
DEU,zitronenmelisse,6
DEU,snickerseis,6
DEU,mehl dinkel,6
DEU,TOMA,6
DEU,sparf,6
DEU,apfelp,6
DEU,paprika gewurz,6
DEU,crissa,6
DEU,vegane sagne,6
DEU,torri,6
DEU,chili k,6
DEU,laxs,6
DEU,himmbeeren,6
DEU,pfefferone,6
DEU,Soja jog,6
DEU,gesichtsreini,6
DEU,kagf,6
DEU,bagrl,6
DEU,burito,6
DEU,Nue,6
DEU,blas,6
DEU,ferrero küsschen,6
DEU,jud,6
DEU,cepa,6
DEU,anato,6
DEU,fins,6
DEU,strap on,6
DEU,ketchup zucker,6
DEU,Vitamin water,6
DEU,linsen flips,6
DEU,oinion,6
DEU,gelbe erbsen,6
DEU,duschgel männer,6
DEU,eins,6
DEU,tazi,6
DEU,Harissa,6
DEU,gkutenfrei,6
DEU,Bodenreinigung,6
DEU,Hundeeis,6
DEU,natur j,6
DEU,Mehl 550,6
DEU,Wisch,6
DEU,dlips,6
DEU,pitas,6
DEU,Gerold,6
DEU,Alaska seelachs,6
DEU,delikatessgurken,6
DEU,greenforc,6
DEU,feuchtes toilet,6
DEU,sinalc,6
DEU,napoletana,6
DEU,7da,6
DEU,cornedbeef,6
DEU,stadtsalat,6
DEU,tomate mark,6
DEU,ja fri,6
DEU,sprit zero,6
DEU,ei bacon,6
DEU,Kartoffeln fest,6
DEU,schirle,6
DEU,block käse,6
DEU,cetaphil,6
DEU,kräuterse,6
DEU,Senfgurken,6
DEU,Joghurt fettarm,6
DEU,ortel,6
DEU,milk cho,6
DEU,prang,6
DEU,milch frische,6
DEU,abr,6
DEU,vola light,6
DEU,tante f,6
DEU,frue,6
DEU,sesamol,6
DEU,aprite zero,6
DEU,Mürbeteig,6
DEU,vollmolch,6
DEU,bildschirm,6
DEU,wurts,6
DEU,goldene kiwi,6
DEU,puebli,6
DEU,knoper,6
DEU,ohila,6
DEU,buldka,6
DEU,gluten frei bier,6
DEU,bio oran,6
DEU,butter streich,6
DEU,grated c,6
DEU,scharfer gri,6
DEU,alnatura rice,6
DEU,sonntagsbrötchen,6
DEU,soups,6
DEU,tiger balm,6
DEU,gummu,6
DEU,marlob,6
DEU,tanq,6
DEU,Geburtstagskerzen,6
DEU,Corned beef,6
DEU,noodls,6
DEU,buldam,6
DEU,mozzarella s,6
DEU,suppe bio,6
DEU,edmam,6
DEU,heie,6
DEU,Fleischtomaten,6
DEU,saperavi,6
DEU,grillanzünder,6
DEU,belv,6
DEU,dattelsir,6
DEU,schinjen,6
DEU,yatla,6
DEU,lachgummies,6
DEU,geschenk tüte,6
DEU,krautsalar,6
DEU,vegan wirst,6
DEU,Weintrau,6
DEU,käse stre,6
DEU,konve,6
DEU,gratain,6
DEU,zwiebelpulv,6
DEU,staubsauger beutel,6
DEU,Pel,6
DEU,high protin,6
DEU,knoblauchpresse,6
DEU,instant nood,6
DEU,tk brö,6
DEU,habdsch,6
DEU,controller,6
DEU,ofanner,6
DEU,uf,6
DEU,bechamelso,6
DEU,milch glas,6
DEU,Moze,6
DEU,brötv,6
DEU,cammen,6
DEU,luicellas,6
DEU,braw,6
DEU,sesams,6
DEU,tacod,6
DEU,laban,6
DEU,ginget,6
DEU,spfelmus,6
DEU,käse moz,6
DEU,riegwl,6
DEU,pets deli,6
DEU,bilto,6
DEU,hähnchenbrust halal,6
DEU,zugband,6
DEU,water 6,6
DEU,Nudeln dinkel,6
DEU,vertuo,6
DEU,wurscht,6
DEU,friti,6
DEU,mape,6
DEU,ja nudel,6
DEU,veggie chicken,6
DEU,eis ko,6
DEU,Schwarztee,6
DEU,smelz,6
DEU,krauterba,6
DEU,mango pure,6
DEU,soja gran,6
DEU,zappes,6
DEU,fants zero,6
DEU,vwg,6
DEU,vanish oxi,6
DEU,salat Dressing,6
DEU,rewe bio gouda,6
DEU,voo,6
DEU,gebäckmischung,6
DEU,eı,6
DEU,nuddles,6
DEU,cremefrai,6
DEU,aoe,6
DEU,pfors,6
DEU,butter gesalz,6
DEU,reispaper,6
DEU,edm,6
DEU,rindha,6
DEU,fahita,6
DEU,terer,6
DEU,sheets,6
DEU,vegan ic,6
DEU,Maske,6
DEU,niu,6
DEU,ernus,6
DEU,teryak,6
DEU,hâ,6
DEU,saatan,6
DEU,pasta dauce,6
DEU,nick nack,6
DEU,mili,6
DEU,nöhren,6
DEU,uncle b,6
DEU,vanilien,6
DEU,Spülbürste,6
DEU,hafersahn,6
DEU,alür,6
DEU,american sand,6
DEU,fresh cre,6
DEU,muslie,6
DEU,salzstabgen,6
DEU,mehrko,6
DEU,Cole,6
DEU,puglia,6
DEU,vegane eis,6
DEU,eeb,6
DEU,pita chips,6
DEU,psrm,6
DEU,kekd,6
DEU,karibik,6
DEU,wellant,6
DEU,ingwr,6
DEU,This is f,6
DEU,carroten,6
DEU,"SanLucar Erdbeeren, 300 g",5
DEU,blocks,5
DEU,Fior di,5
DEU,grossmann,5
DEU,Hähnchenfilet,5
DEU,karjes,5
DEU,kinderbons,5
DEU,beans baked,5
DEU,fazer,5
DEU,high protein k,5
DEU,airfryee,5
DEU,becks lemon,5
DEU,rice wa,5
DEU,brauner zu ker,5
DEU,Nuss nou,5
DEU,laghs,5
DEU,california,5
DEU,sues,5
DEU,sodbrenne,5
DEU,Shower gel,5
DEU,hähnchensp,5
DEU,ice wurf,5
DEU,elini,5
DEU,zero ge,5
DEU,schoko chu,5
DEU,shs,5
DEU,herzstücke,5
DEU,mule,5
DEU,frsch,5
DEU,Geschir,5
DEU,chilli gew,5
DEU,yayala,5
DEU,saft mild,5
DEU,mozzerla,5
DEU,sami,5
DEU,erdnuß,5
DEU,preze,5
DEU,whater,5
DEU,bio chi,5
DEU,wasser st. leonhard,5
DEU,weiße schokola,5
DEU,schwarzkümmel öl,5
DEU,Konf,5
DEU,kuchenglasur,5
DEU,Haselnusscreme,5
DEU,radker,5
DEU,weizenklei,5
DEU,büre,5
DEU,wues,5
DEU,kartff,5
DEU,chilli mayo,5
DEU,Geschenkband,5
DEU,tola,5
DEU,vegan muffin,5
DEU,pasta rewe,5
DEU,corgette,5
DEU,latte macc,5
DEU,beya,5
DEU,milchschb,5
DEU,blauschim,5
DEU,tortiall,5
DEU,gefroren beeren,5
DEU,schokolade haselnuss,5
DEU,toiettenpapier,5
DEU,tee s,5
DEU,zigarettn,5
DEU,hazelnut chocolate,5
DEU,soonge,5
DEU,ben and Jerry,5
DEU,minutensch,5
DEU,coroma,5
DEU,oat cream,5
DEU,cappucci,5
DEU,spude,5
DEU,soya alpro,5
DEU,padan,5
DEU,veggie hackfleisch,5
DEU,vuse pod,5
DEU,brown s,5
DEU,Frozen berries,5
DEU,babi,5
DEU,kombil,5
DEU,joghurt erdb,5
DEU,fleckensalz,5
DEU,zukk,5
DEU,Vegan eis,5
DEU,nuggets veg,5
DEU,Far,5
DEU,violi,5
DEU,recharge,5
DEU,pistachio pudding,5
DEU,spniach,5
DEU,strainer,5
DEU,frosch was,5
DEU,bier alkohl,5
DEU,Oyster sauce,5
DEU,katjee,5
DEU,zitronen wasser,5
DEU,ded,5
DEU,sahnige,5
DEU,more zirup,5
DEU,liquid soa,5
DEU,crissini,5
DEU,volo,5
DEU,tarine,5
DEU,cals,5
DEU,salat dres,5
DEU,kitchen clean,5
DEU,schoko sticks,5
DEU,Alnatura reis,5
DEU,pair,5
DEU,musg,5
DEU,pfeffer wei,5
DEU,Pesto rosso,5
DEU,mön,5
DEU,milchkaf,5
DEU,toilez,5
DEU,holzst,5
DEU,Rab,5
DEU,düs,5
DEU,joghurt eimer,5
DEU,rote papr,5
DEU,Today,5
DEU,wurst a,5
DEU,tiefkühltorte,5
DEU,weizenbier alkoholfrei,5
DEU,strez,5
DEU,kakako,5
DEU,tk erd,5
DEU,groeß,5
DEU,butter schmalz,5
DEU,Gesichts,5
DEU,senf sü,5
DEU,Joghurt drink,5
DEU,riswü,5
DEU,voge,5
DEU,pommessa,5
DEU,chaat masala,5
DEU,schwine,5
DEU,quiet,5
DEU,rajm,5
DEU,zitronenkuche,5
DEU,der gr,5
DEU,kuchen mix,5
DEU,silberz,5
DEU,crushed i,5
DEU,haru,5
DEU,cherry Tomaten,5
DEU,yoghirt,5
DEU,Bahlsen,5
DEU,vanilke,5
DEU,sonneblume,5
DEU,snck,5
DEU,Joghurt mi,5
DEU,paprikachips,5
DEU,häncg,5
DEU,schaumfes,5
DEU,yippi,5
DEU,Put,5
DEU,süßer Aufstrich,5
DEU,äf,5
DEU,spühlmaschinen tabs,5
DEU,diav,5
DEU,hammer,5
DEU,wak,5
DEU,egfs,5
DEU,laundry pod,5
DEU,eis laktosefrei,5
DEU,bora,5
DEU,briche,5
DEU,eis sn,5
DEU,nateon,5
DEU,kottb,5
DEU,frucht zwerge,5
DEU,Vögel,5
DEU,zitronen so,5
DEU,käsereibe,5
DEU,lufterfri,5
DEU,peppee,5
DEU,wattesta,5
DEU,alü,5
DEU,guara,5
DEU,dampfnudel,5
DEU,black olive,5
DEU,sinn,5
DEU,O2,5
DEU,kokos yo,5
DEU,Eiweiß Brot,5
DEU,Hafer drink,5
DEU,Grüner,5
DEU,berchtesg,5
DEU,hampi,5
DEU,fiwch,5
DEU,backpapoer,5
DEU,back fisch,5
DEU,durstlöscher pfir,5
DEU,katus,5
DEU,geschirrtab,5
DEU,promo,5
DEU,Körpercreme,5
DEU,vegen,5
DEU,ülker kekse,5
DEU,weil,5
DEU,feuchte toilettenpapier,5
DEU,freilandhaltung,5
DEU,pizza bread,5
DEU,Gummibärchen vegan,5
DEU,chupa chup,5
DEU,coca colq,5
DEU,vegan Aufschnitt,5
DEU,seven spice,5
DEU,choclate milk,5
DEU,Tomatenmarkt,5
DEU,brennnessel,5
DEU,seil,5
DEU,butari,5
DEU,spck,5
DEU,kixher,5
DEU,reis bas,5
DEU,curaprox,5
DEU,baba gha,5
DEU,chinanudeln,5
DEU,marmelade him,5
DEU,pistazien milch,5
DEU,chips rosmarin,5
DEU,bon bons,5
DEU,Saure sa,5
DEU,Allzwecktücher,5
DEU,ice creqm,5
DEU,butar,5
DEU,koro pist,5
DEU,süssrahm,5
DEU,wein halb,5
DEU,hänchenbrühe,5
DEU,körnigerfrischkäse,5
DEU,ilivenöl,5
DEU,blackfo,5
DEU,joghurt schaf,5
DEU,klenex,5
DEU,Dn,5
DEU,jacobs 2,5
DEU,chai la,5
DEU,gran pada,5
DEU,Deospray,5
DEU,zees,5
DEU,little m,5
DEU,teeb,5
DEU,banns,5
DEU,porat,5
DEU,schlagsane,5
DEU,zarte hafer,5
DEU,trockeno,5
DEU,chicken schnitzel,5
DEU,lachsschin,5
DEU,geüwrz,5
DEU,rewe fe,5
DEU,haselnusseis,5
DEU,mitarella,5
DEU,Baumaterialien,5
DEU,Bolog,5
DEU,haribo vega,5
DEU,vape liquid,5
DEU,twox,5
DEU,fertiger,5
DEU,ft,5
DEU,bohnene,5
DEU,essigreinige,5
DEU,rewewasser,5
DEU,körniger frischläse,5
DEU,trocknertücher,5
DEU,Taa,5
DEU,monopoly,5
DEU,haarsham,5
DEU,vrTẁ,5
DEU,sumers,5
DEU,kase stick,5
DEU,pö,5
DEU,zoilettenpapier,5
DEU,water flavor,5
DEU,tuni,5
DEU,yogurt g,5
DEU,joghurt elinas,5
DEU,Sojade,5
DEU,glutenfrei müsli,5
DEU,fett entferner,5
DEU,papiertu,5
DEU,barillq,5
DEU,grillies,5
DEU,milch mä,5
DEU,acriv,5
DEU,sphage,5
DEU,Wunderbar,5
DEU,Spezialsalz,5
DEU,zahnseide sticks,5
DEU,sahlep,5
DEU,Kitchen roll,5
DEU,Käse Soße,5
DEU,alte,5
DEU,apfelachorle,5
DEU,plantur,5
DEU,müsliriegrl,5
DEU,hiet,5
DEU,chilli corn,5
DEU,jlo,5
DEU,aptamil 1+,5
DEU,leipnitzkeks,5
DEU,sallo,5
DEU,Wl,5
DEU,würtch,5
DEU,protein granola,5
DEU,bio eiwr,5
DEU,gin alkohol,5
DEU,srt,5
DEU,haarfarbe schwarz,5
DEU,grl,5
DEU,wurzelgemüse,5
DEU,sonnenfins,5
DEU,magnum pist,5
DEU,exfo,5
DEU,frozem,5
DEU,Sahe,5
DEU,saft or,5
DEU,garlic br,5
DEU,vitals,5
DEU,bio würst,5
DEU,tottilla,5
DEU,Trocke,5
DEU,birke,5
DEU,hundekotbeutel,5
DEU,Pool,5
DEU,coac,5
DEU,Glutenfre,5
DEU,ovamaltine,5
DEU,möhreb,5
DEU,hünerfrikasse,5
DEU,weisskr,5
DEU,kuech,5
DEU,curry36,5
DEU,oliven mit,5
DEU,nachfüllbeutel,5
DEU,kiriander,5
DEU,Nudeln alnatura,5
DEU,bio lauch,5
DEU,irische,5
DEU,halb und halb,5
DEU,sahne jogurt,5
DEU,grillreiniger,5
DEU,stur,5
DEU,geriffe,5
DEU,chili ö,5
DEU,geflügel wien,5
DEU,steiners,5
DEU,apw,5
DEU,Herdez,5
DEU,proteein,5
DEU,avacadi,5
DEU,sslz,5
DEU,flat peach,5
DEU,bueg,5
DEU,hotdog wü,5
DEU,Pepsi zero cherry,5
DEU,wiesemhof,5
DEU,warme,5
DEU,rote chili,5
DEU,mode,5
DEU,samdwi,5
DEU,Vollm,5
DEU,vermou,5
DEU,leicht kross,5
DEU,reis pudding,5
DEU,lacro,5
DEU,cinimi,5
DEU,süa,5
DEU,jogujrt,5
DEU,Gurken bio,5
DEU,chicken ti,5
DEU,siu,5
DEU,gefüllte paprik,5
DEU,dankl,5
DEU,cheese d,5
DEU,Orangen Saft,5
DEU,bio him,5
DEU,cheddar chee,5
DEU,heinike,5
DEU,messm,5
DEU,hsrzer,5
DEU,tonna,5
DEU,frijol,5
DEU,garcia,5
DEU,eerd,5
DEU,rubarb,5
DEU,letus,5
DEU,speciale,5
DEU,erdnüssw,5
DEU,potato c,5
DEU,Coppa,5
DEU,fertigp,5
DEU,kräuterqusrk,5
DEU,maggi br,5
DEU,würsch,5
DEU,vögel,5
DEU,reisbl,5
DEU,sportness,5
DEU,hashbrown,5
DEU,butell,5
DEU,edelsüs,5
DEU,energy z,5
DEU,picles,5
DEU,räuchee,5
DEU,mahn,5
DEU,kassele,5
DEU,bubble g,5
DEU,fertig salate,5
DEU,powers,5
DEU,papbecher,5
DEU,feuerzeug gas,5
DEU,tomaten dos,5
DEU,mehmet efendi,5
DEU,joghurtdre,5
DEU,pinin,5
DEU,puddings,5
DEU,kaste,5
DEU,kert,5
DEU,bulgzr,5
DEU,douna,5
DEU,sojaha,5
DEU,wasser b,5
DEU,low carb brot,5
DEU,softgetr,5
DEU,woe,5
DEU,Zigaretten pall,5
DEU,vroissant,5
DEU,dinkek,5
DEU,retertüte,5
DEU,Kleenex,5
DEU,Stär,5
DEU,oalty,5
DEU,biore,5
DEU,Paprika pulver,5
DEU,wasser gl,5
DEU,Textil,5
DEU,Knoblauch baguette,5
DEU,Kracher,5
DEU,coca v,5
DEU,rewe olive,5
DEU,erdnudd,5
DEU,veganer fleischsalat,5
DEU,cosm,5
DEU,scgoko,5
DEU,esw,5
DEU,klopapapier,5
DEU,milch eis,5
DEU,marlborp,5
DEU,magnum veg,5
DEU,Lasange,5
DEU,yoguurt,5
DEU,dard,5
DEU,paasierte,5
DEU,Schokolade ohne zucker,5
DEU,egg ja,5
DEU,rewe körn,5
DEU,haltbarkeit,5
DEU,wch,5
DEU,alnatura kä,5
DEU,rend,5
DEU,vanillia,5
DEU,floridaeis,5
DEU,wire,5
DEU,Raf,5
DEU,erdbeerwn,5
DEU,rice cri,5
DEU,dtarbucks,5
DEU,ksrtoff,5
DEU,zero orange,5
DEU,ja meat,5
DEU,doigh,5
DEU,jever f,5
DEU,lemongras,5
DEU,tonni,5
DEU,sandwhi,5
DEU,crosai,5
DEU,pepper flakes,5
DEU,Mort,5
DEU,Tortengus,5
DEU,odaft,5
DEU,lotus spread,5
DEU,Cornflak,5
DEU,"Seeberger Nusskernmischung, 150 g",5
DEU,chili o,5
DEU,zwoebe,5
DEU,zartbittersc,5
DEU,berentzen,5
DEU,glühwü,5
DEU,glas reini,5
DEU,erdbeerchips,5
DEU,schoko mil,5
DEU,cocktail sosse,5
DEU,popcorn salty,5
DEU,gouda mitte,5
DEU,grippe,5
DEU,ben & jerries,5
DEU,spühlmitte,5
DEU,weizenmisch,5
DEU,Kräuter bag,5
DEU,ice vream,5
DEU,mandeln g,5
DEU,kinsen,5
DEU,reez,5
DEU,kaiserschmarr,5
DEU,hogh protein,5
DEU,eis ohne,5
DEU,gabelsp,5
DEU,Terr,5
DEU,paprika rosenscharf,5
DEU,Erdnuss flips,5
DEU,gild,5
DEU,kaiserbrötchen,5
DEU,torrilla,5
DEU,milchgetränke,5
DEU,Spülmitt,5
DEU,support,5
DEU,gefi,5
DEU,Uludag,5
DEU,dalm,5
DEU,schwae,5
DEU,obl,5
DEU,kokos al,5
DEU,Protein chips,5
DEU,Vita coco,5
DEU,schollen,5
DEU,öm,5
DEU,Bil,5
DEU,halal hack,5
DEU,zuckererbsen,5
DEU,wasser zi,5
DEU,tootj,5
DEU,vegies,5
DEU,Kartoffel Salat,5
DEU,chicje,5
DEU,rice crac,5
DEU,weichmittel,5
DEU,chicken nuggest,5
DEU,cef,5
DEU,Gehack,5
DEU,schokoban,5
DEU,zitrone wasser,5
DEU,schine,5
DEU,potato puree,5
DEU,vanilla esse,5
DEU,Wurstaufschnitt,5
DEU,pliz,5
DEU,Rigato,5
DEU,shampio,5
DEU,jogurt d,5
DEU,grm,5
DEU,alnatura kaffee,5
DEU,geschirs,5
DEU,Volvic Touch,5
DEU,hotdog brö,5
DEU,roya,5
DEU,High prot,5
DEU,üar,5
DEU,toilet rol,5
DEU,lachs gefr,5
DEU,gesuchts,5
DEU,frischkös,5
DEU,veganes Hack,5
DEU,fenne,5
DEU,pelat,5
DEU,tereq,5
DEU,Aocado,5
DEU,bulasik,5
DEU,ofenkaese,5
DEU,wölkchen,5
DEU,multo,5
DEU,veganer jo,5
DEU,tunfisch pizza,5
DEU,tahnpasta,5
DEU,ja reis,5
DEU,pagen,5
DEU,tepp,5
DEU,blockha,5
DEU,yogurt 1,5
DEU,snek,5
DEU,ben & jerry‘s,5
DEU,ice rea,5
DEU,kokud,5
DEU,körner b,5
DEU,kogl,5
DEU,nuss riegel,5
DEU,gazer,5
DEU,pilzso,5
DEU,ludwigslust,5
DEU,nodle,5
DEU,profit,5
DEU,Leinsa,5
DEU,milk lact,5
DEU,corner,5
DEU,moussa,5
DEU,sodasan,5
DEU,suagr,5
DEU,gros,5
DEU,green t,5
DEU,chicken Nuggets,5
DEU,ben’,5
DEU,Brioch,5
DEU,China kohl,5
DEU,nugetts,5
DEU,tandoo,5
DEU,karroff,5
DEU,vanille sir,5
DEU,nussbaum,5
DEU,redbz,5
DEU,buh,5
DEU,hühnerfilet,5
DEU,maki,5
DEU,Ore,5
DEU,dursc,5
DEU,Spezi Zero,5
DEU,Raisin Nektar,5
DEU,fertigsoße,5
DEU,konzent,5
DEU,Paprika mag,5
DEU,three sixt,5
DEU,cocosnus,5
DEU,regensburger,5
DEU,swein,5
DEU,lemon ca,5
DEU,zauber,5
DEU,tk fertig,5
DEU,salad bowl,5
DEU,thai chilli,5
DEU,black vinegar,5
DEU,vere,5
DEU,rindswurs,5
DEU,vegan mortadella,5
DEU,hinbeere,5
DEU,burara,5
DEU,chamomille,5
DEU,apee,5
DEU,ferra,5
DEU,Ilo,5
DEU,rer,5
DEU,flour 550,5
DEU,gumib,5
DEU,capaccio,5
DEU,eiswürfeltüten,5
DEU,chilli p,5
DEU,ice wür,5
DEU,few,5
DEU,de ecco,5
DEU,espresso mar,5
DEU,zwiffer,5
DEU,raffelo,5
DEU,pink gin,5
DEU,alnatura bread,5
DEU,chilischote,5
DEU,dob,5
DEU,origan,5
DEU,beef st,5
DEU,caramel pudding,5
DEU,Dobendan,5
DEU,obadz,5
DEU,fertig s,5
DEU,knolli,5
DEU,erection,5
DEU,gouda streu,5
DEU,proteinpulve,5
DEU,Zeitung,5
DEU,pampers pants 6,5
DEU,schöfferhof,5
DEU,klassik,5
DEU,alnatura milk,5
DEU,maryl,5
DEU,bagguet,5
DEU,kichererbsenwaff,5
DEU,Ben's,5
DEU,wiener käse,5
DEU,carnivore,5
DEU,cherrY,5
DEU,poser,5
DEU,ziegen joghurt,5
DEU,orienta,5
DEU,balsmaico,5
DEU,chocome,5
DEU,Protein Pasta,5
DEU,alnatura hu,5
DEU,käse wien,5
DEU,Parmi,5
DEU,bicarb,5
DEU,doppelhe,5
DEU,Essiggurke,5
DEU,baktat,5
DEU,frische vollmil,5
DEU,Kaffee lö,5
DEU,pach,5
DEU,Kaffeesa,5
DEU,schmut,5
DEU,sparklinh,5
DEU,muco,5
DEU,shiita,5
DEU,orane,5
DEU,geflügek,5
DEU,uov,5
DEU,himbeeten,5
DEU,spagettie,5
DEU,küchentol,5
DEU,nzggets,5
DEU,kakaopulv,5
DEU,dusche gel,5
DEU,nodeln,5
DEU,hafersticks,5
DEU,capre,5
DEU,Pia,5
DEU,Develey,5
DEU,Tropfen,5
DEU,red ca,5
DEU,agava,5
DEU,fade,5
DEU,yemek,5
DEU,kichererbseb,5
DEU,vegane l,5
DEU,fleisch gewürz,5
DEU,Puding,5
DEU,softcak,5
DEU,zucchino,5
DEU,würtc,5
DEU,kaffeebecher,5
DEU,toboki,5
DEU,hirtenka,5
DEU,ket hup,5
DEU,asiatisc,5
DEU,dates syrup,5
DEU,Auto,5
DEU,vollkorn sp,5
DEU,Luc,5
DEU,bumb,5
DEU,dattelm,5
DEU,Youg,5
DEU,nudeln band,5
DEU,Ben an,5
DEU,liquorice,5
DEU,gish,5
DEU,hafefl,5
DEU,barbera,5
DEU,Alkohol fr,5
DEU,sida,5
DEU,chavr,5
DEU,knoblai,5
DEU,nugguts,5
DEU,siryp,5
DEU,Washting,5
DEU,credo,5
DEU,chedarr,5
DEU,scok,5
DEU,kahvaltılık,5
DEU,Geflügels,5
DEU,Red wine,5
DEU,miy,5
DEU,obst gef,5
DEU,süss kart,5
DEU,tiefkühlbeutel,5
DEU,CD,5
DEU,sahne yoghurt,5
DEU,Mülltü,5
DEU,Pizza s,5
DEU,chilli crisp,5
DEU,toiletr,5
DEU,hähnchen fl,5
DEU,toffie,5
DEU,luftspray,5
DEU,biscuts,5
DEU,chili con car,5
DEU,mült,5
DEU,Blaubeer,5
DEU,nudelpfanne,5
DEU,garliv,5
DEU,date sy,5
DEU,milcheis,5
DEU,Spülmaschinen tabs,5
DEU,Raisin,5
DEU,salami aticks,5
DEU,bio pommes,5
DEU,Volvic apfel,5
DEU,water sti,5
DEU,coconut crea,5
DEU,carsar,5
DEU,jogz,5
DEU,Schokolade eis,5
DEU,fevertree,5
DEU,zuckerrüben,5
DEU,fishsau,5
DEU,utop,5
DEU,ziggaretten,5
DEU,marmelade weniger zucker,5
DEU,mehl typ,5
DEU,eiste3,5
DEU,noodlr,5
DEU,kokoswssser,5
DEU,hafer mandel milch,5
DEU,KRAUT,5
DEU,la g,5
DEU,kohleabi,5
DEU,Anal,5
DEU,milka cho,5
DEU,kaffee eis,5
DEU,shredd,5
DEU,lber,5
DEU,gebis,5
DEU,volcano,5
DEU,kornis,5
DEU,Herzogin,5
DEU,mocho,5
DEU,be kin,5
DEU,himbeer sirup,5
DEU,tlmate,5
DEU,gönnr,5
DEU,Chio sac,5
DEU,kerzw,5
DEU,Griech.Joghurt,5
DEU,Stein,5
DEU,konz,5
DEU,icecrem,5
DEU,Buen,5
DEU,natur tofu,5
DEU,lindt chocolate,5
DEU,lindr,5
DEU,streichc,5
DEU,gewütz,5
DEU,harer,5
DEU,joguet,5
DEU,blimenkohl,5
DEU,alnatura tk,5
DEU,american toast,5
DEU,eierlikö,5
DEU,rinder minuten,5
DEU,moee,5
DEU,Buttertoast,5
DEU,Dress,5
DEU,crame,5
DEU,lebensbaum,5
DEU,de cocco,5
DEU,cini mi,5
DEU,cremfresh,5
DEU,Nüsse mix,5
DEU,dresing,5
DEU,entkoffeniert,5
DEU,soy sayce,5
DEU,wiswü,5
DEU,müllbeutel bio,5
DEU,weisswein trocken,5
DEU,der general,5
DEU,bio linsen,5
DEU,mini penne,5
DEU,Bergk,5
DEU,peanut buttee,5
DEU,barnhouse,5
DEU,joghurt mi,5
DEU,creme fraiche laktosefrei,5
DEU,sushire,5
DEU,"1,5l",5
DEU,salat gewü,5
DEU,ja Milch,5
DEU,Alnatura kekse,5
DEU,shamboo,5
DEU,ohne gluten,5
DEU,mandelmud,5
DEU,barab,5
DEU,Sunflower oil,5
DEU,tabak papier,5
DEU,erdbeeren getrocknet,5
DEU,bröthen,5
DEU,mezomix,5
DEU,mozzi,5
DEU,schokolins,5
DEU,dillso,5
DEU,heißluf,5
DEU,waffelröll,5
DEU,Match,5
DEU,apfelschore,5
DEU,kelogg,5
DEU,prw,5
DEU,milchprodukte,5
DEU,Krt,5
DEU,toaste,5
DEU,pizza fungh,5
DEU,todaydent,5
DEU,condom xl,5
DEU,camentbert,5
DEU,max king,5
DEU,lrmon,5
DEU,gemusw,5
DEU,spirz,5
DEU,grillfleisxh,5
DEU,paros,5
DEU,mario,5
DEU,redish,5
DEU,salzchips,5
DEU,sahnestwif,5
DEU,riessling,5
DEU,red one wax,5
DEU,pizzatom,5
DEU,bio brok,5
DEU,reisge,5
DEU,tennis,5
DEU,Butter chicken,5
DEU,Chips pap,5
DEU,quarkspeise,5
DEU,zitronella,5
DEU,kindern,5
DEU,magnum after,5
DEU,gefriebeutel,5
DEU,süser senf,5
DEU,mexicana,5
DEU,caber,5
DEU,fta,5
DEU,kalk reiniger,5
DEU,grichischer jo,5
DEU,brotwürfel,5
DEU,schokopud,5
DEU,cremebad,5
DEU,ums,5
DEU,korinder,5
DEU,fillinchen,5
DEU,mini kar,5
DEU,quellwasser,5
DEU,suv,5
DEU,soße nudel,5
DEU,weetabi,5
DEU,kuchentuche,5
DEU,bend,5
DEU,proteinchi,5
DEU,Bio pizza,5
DEU,curc,5
DEU,regatoni,5
DEU,gulaschsupp,5
DEU,catchup,5
DEU,coffee filt,5
DEU,osram,5
DEU,knoblauchsalz,5
DEU,fleiscv,5
DEU,Mer,5
DEU,kartofelbrei,5
DEU,proteinpuöver,5
DEU,gegl,5
DEU,äpfrl,5
DEU,grieches,5
DEU,nescafee,5
DEU,All,5
DEU,orangenschale,5
DEU,Oncle,5
DEU,gesichtspflege,5
DEU,Kräuter b,5
DEU,schwarzwaldmi,5
DEU,Farmers,5
DEU,apfel tee,5
DEU,Pat,5
DEU,ous,5
DEU,koro erdnuss,5
DEU,vegan fish,5
DEU,pampers grö,5
DEU,milchres,5
DEU,schwop,5
DEU,sakt,5
DEU,kaltscha,5
DEU,Vanille Sauce,5
DEU,mochies,5
DEU,imun,5
DEU,cadhew,5
DEU,Jump,5
DEU,taschentuchb,5
DEU,essig esse,5
DEU,fusscreme,5
DEU,reibekuche,5
DEU,bitter lemin,5
DEU,weiskr,5
DEU,Fel,5
DEU,gezer hack,5
DEU,kakao pu,5
DEU,Soup,5
DEU,apfelsxhorle,5
DEU,dove duschgel,5
DEU,milch bio frisch,5
DEU,casal garcia,5
DEU,xha,5
DEU,kitchenroll,5
DEU,belegte Brötchen,5
DEU,washinh,5
DEU,extra kaug,5
DEU,Protein Joghurt,5
DEU,oetkar,5
DEU,aour cream,5
DEU,combio,5
DEU,cogn,5
DEU,mashed pot,5
DEU,milchschnite,5
DEU,kuchenmi,5
DEU,wienet,5
DEU,enchilada,5
DEU,kbo,5
DEU,qinua,5
DEU,glass re,5
DEU,limescale,5
DEU,einl,5
DEU,hairs,5
DEU,corno,5
DEU,Brown sugar,5
DEU,starbucks coffee,5
DEU,pulve,5
DEU,fertig suppe,5
DEU,Antip,5
DEU,mullbeut,5
DEU,toffiff,5
DEU,R1 long,5
DEU,itim,5
DEU,leberwurst veg,5
DEU,Oaty,5
DEU,schikolade,5
DEU,jägers,5
DEU,baby wet,5
DEU,eistew,5
DEU,Hähnchen Brust,5
DEU,champignin,5
DEU,entkalke,5
DEU,krabbensala,5
DEU,wassemelone,5
DEU,burger sause,5
DEU,ja!wasser,5
DEU,sonnenblumen ö,5
DEU,broad,5
DEU,erdne,5
DEU,schmittlauch,5
DEU,bio pfi,5
DEU,cheese sandwich,5
DEU,naughty,5
DEU,knackerbrot,5
DEU,kokossahne,5
DEU,tiek,5
DEU,zipper bag,5
DEU,hollandi,5
DEU,käselauch,5
DEU,beer pack,5
DEU,frikadellem,5
DEU,liw,5
DEU,gb,5
DEU,toast b,5
DEU,Schocko,5
DEU,benas,5
DEU,vegane wiener,5
DEU,Kinder maxi,5
DEU,cassa,5
DEU,all surface cleaner,5
DEU,coolbox,5
DEU,light soy sauce,5
DEU,glace,5
DEU,rewe sprudel,5
DEU,insr,5
DEU,toilettenst,5
DEU,bumi,5
DEU,rote beeren,5
DEU,sonnensc,5
DEU,Schnken,5
DEU,scheuerm,5
DEU,Bebe,5
DEU,schäd,5
DEU,dairy,5
DEU,sahnemeer,5
DEU,nongs,5
DEU,WC rein,5
DEU,vodka sprite,5
DEU,dares,5
DEU,merl,5
DEU,Peso,5
DEU,antica,5
DEU,cocos creme,5
DEU,yayö,5
DEU,Basm,5
DEU,coscous,5
DEU,mäluer,5
DEU,rote beete sa,5
DEU,italienische kräut,5
DEU,musili,5
DEU,exquiss,5
DEU,oizz,5
DEU,Soma,5
DEU,letu,5
DEU,nudeln ülker,5
DEU,texikana,5
DEU,glutnfrei,5
DEU,zeitf,5
DEU,alpine,5
DEU,Joghurt skyr,5
DEU,soja crispies,5
DEU,family,5
DEU,trinkjogh,5
DEU,noughat,5
DEU,lacht,5
DEU,insts,5
DEU,genger,5
DEU,fluff,5
DEU,kartoffekn,5
DEU,grillgewürz,5
DEU,wurst s,5
DEU,Biersch,5
DEU,baon,5
DEU,weichw,5
DEU,Kartoffeln salat,5
DEU,nuss nouga,5
DEU,pflegespülung,5
DEU,organic wine,5
DEU,gelie,5
DEU,Butter g,5
DEU,Braz,5
DEU,weißein,5
DEU,torz,5
DEU,rotwein lieb,5
DEU,pamers,5
DEU,water glas,5
DEU,rotkappchen,5
DEU,filadel,5
DEU,alice,5
DEU,kandi,5
DEU,kase brot,5
DEU,bizzel,5
DEU,dext,5
DEU,jaffee,5
DEU,Bay,5
DEU,schoko trop,5
DEU,billy gree,5
DEU,tomage,5
DEU,baybe,5
DEU,boskop,5
DEU,st alb,5
DEU,eletrolyte,5
DEU,otriven,5
DEU,schokolade ohne,5
DEU,papiertüt,5
DEU,steinofen brot,5
DEU,bean paste,5
DEU,high protein tortilla,5
DEU,himbeersi,5
DEU,knoblauchsau,5
DEU,sū,5
DEU,parab,5
DEU,mais h,5
DEU,ega,5
DEU,wäsche tabs,5
DEU,fritz lemon,5
DEU,Wärmepflaster,5
DEU,oliven scheiben,5
DEU,Haltbare,5
DEU,teebaumöl,5
DEU,schokolade mandel,5
DEU,hawaiin,5
DEU,harves,5
DEU,Wassrr,5
DEU,Pizza mag,5
DEU,Papa,5
DEU,natto,5
DEU,kirschwn,5
DEU,curry maggi,5
DEU,kopenra,5
DEU,grüner s,5
DEU,Kucen,5
DEU,kloü,5
DEU,apper,5
DEU,maxi ki,5
DEU,schmerlz,5
DEU,Hager,5
DEU,hot brownie,5
DEU,gesxh,5
DEU,wiener veg,5
DEU,haack,5
DEU,zung,5
DEU,wiskas,5
DEU,tuchter,5
DEU,rohsch,5
DEU,okivenöl,5
DEU,putzmit,5
DEU,mù,5
DEU,mascat,5
DEU,wasser 5,5
DEU,tuhnfis,5
DEU,wasser i,5
DEU,decaffeinated,5
DEU,nip,5
DEU,obst dose,5
DEU,Sweet potato,5
DEU,wui,5
DEU,san lucat,5
DEU,ja Wasser,5
DEU,fils,5
DEU,crossing,5
DEU,always pads,5
DEU,figen,5
DEU,planted chicken,5
DEU,gentl,5
DEU,rote beete glas,5
DEU,Spie,5
DEU,früstü,5
DEU,pasta cream,5
DEU,sun sc,5
DEU,georgisch,5
DEU,griei,5
DEU,lnor,5
DEU,zauiki,5
DEU,kräuterbaq,5
DEU,rhö,5
DEU,Austernsauce,5
DEU,malboro gol,5
DEU,snax,5
DEU,deode,5
DEU,erdbeerp,5
DEU,quarkfein,5
DEU,"kartoffeln 2,5",5
DEU,70 cacao,5
DEU,köase,5
DEU,Diät,5
DEU,streichhöl,5
DEU,intim wasch,5
DEU,miraci,5
DEU,protein ehrmann,5
DEU,pinto beans,5
DEU,jour,5
DEU,wurst yayla,5
DEU,pflanzliche,5
DEU,aufschnitt sa,5
DEU,bergläse,5
DEU,sprote zero,5
DEU,listerine ohne,5
DEU,eiswürdel,5
DEU,Marlbor,5
DEU,"3,5",5
DEU,apricot jam,5
DEU,konfitu,5
DEU,Schwarzer,5
DEU,tossues,5
DEU,hähnchensala,5
DEU,caschew,5
DEU,five elephants,5
DEU,honn,5
DEU,oetly,5
DEU,Spätburgunder,5
DEU,vareniki,5
DEU,mozzarellastic,5
DEU,indiach,5
DEU,kirschmar,5
DEU,dome,5
DEU,weiß scho,5
DEU,bolognaise,5
DEU,Rindsw,5
DEU,Milchs,5
DEU,gewürz ketchup,5
DEU,miro,5
DEU,hackbällche,5
DEU,portugal,5
DEU,rassie,5
DEU,schwedenmilch,5
DEU,turmeri,5
DEU,süßkat,5
DEU,maherquark,5
DEU,honey nut,5
DEU,Salatkräuter,5
DEU,pasta voll,5
DEU,chashe,5
DEU,harry vita,5
DEU,biot,5
DEU,chicken ni,5
DEU,gemue,5
DEU,alkolfre,5
DEU,haar s,5
DEU,schear,5
DEU,toilettenpapirr,5
DEU,dosenöf,5
DEU,cheese chili,5
DEU,Knabber,5
DEU,trockenfuttee,5
DEU,therma,5
DEU,komde,5
DEU,apple sa,5
DEU,bauernhof,5
DEU,steK,5
DEU,glitenfrei,5
DEU,beigel,5
DEU,pinienkernr,5
DEU,slinach,5
DEU,butrer,5
DEU,Universal,5
DEU,stratt,5
DEU,hǎ,5
DEU,Thunfish,5
DEU,butat,5
DEU,onkel ben,5
DEU,burea,5
DEU,kivher,5
DEU,black l,5
DEU,Pizza Hawaii,5
DEU,ladeger,5
DEU,touch,5
DEU,red bull grün,5
DEU,conv,5
DEU,müllbeuteö,5
DEU,sippen,5
DEU,baby kar,5
DEU,glühl,5
DEU,retzer,5
DEU,andechser frischkäse,5
DEU,tuborg,5
DEU,koffer,5
DEU,eistee pfirsi,5
DEU,limw,5
DEU,mata,5
DEU,schlüm,5
DEU,Alice,5
DEU,fritz li,5
DEU,eistee mango,5
DEU,schimmel käse,5
DEU,pizza protein,5
DEU,handfeger,5
DEU,mandoline,5
DEU,pampers feucht,5
DEU,kil,5
DEU,zuckerfrei schokolade,5
DEU,schär mehl,5
DEU,quer,5
DEU,mais tortilla,5
DEU,"sekt 0,0",5
DEU,hinterschinke,5
DEU,racola,5
DEU,Zigarren,5
DEU,Creme frache,5
DEU,vegan grillen,5
DEU,Ahea,5
DEU,tomatensauve,5
DEU,112,5
DEU,vanilla jog,5
DEU,vegan salam,5
DEU,epsom,5
DEU,abovado,5
DEU,Mond,5
DEU,Gemüsebrü,5
DEU,mazza,5
DEU,fix s,5
DEU,paraboiled,5
DEU,porrif,5
DEU,hummus rewe,5
DEU,Frühstücksf,5
DEU,çizi,5
DEU,heringsfile,5
DEU,lünebest,5
DEU,sure sahne,5
DEU,al natur,5
DEU,eierplä,5
DEU,yakuly,5
DEU,carrote,5
DEU,tannenzäp,5
DEU,frosta0,5
DEU,kask,5
DEU,Eiscafé,5
DEU,gbo,5
DEU,sahne pudd,5
DEU,decor,5
DEU,mpzarella,5
DEU,Nasen,5
DEU,süse,5
DEU,kremali,5
DEU,johannesbe,5
DEU,coppenrath und,5
DEU,dura,5
DEU,wicke,5
DEU,Ie,5
DEU,frosta high protein,5
DEU,Sahne kochen,5
DEU,Zeit fu,5
DEU,ICE tea,5
DEU,Zir,5
DEU,beizen,5
DEU,knoblauv,5
DEU,panini wm,5
DEU,buttercroi,5
DEU,erythrot,5
DEU,Jack da,5
DEU,hendl,5
DEU,Duba,5
DEU,backofenreiniger,5
DEU,cold dr,5
DEU,uark,5
DEU,neckta,5
DEU,schro,5
DEU,paramoun,5
DEU,Kass,5
DEU,amerikaner,5
DEU,"haltbare milch 1,5",5
DEU,Cook,5
DEU,igah,5
DEU,gouda g,5
DEU,süä,5
DEU,mettwurs,5
DEU,morzarella sticks,5
DEU,backfo,5
DEU,procciuto,5
DEU,salcicc,5
DEU,hotdogbrötchen,5
DEU,Man vs. Machine,5
DEU,slip einlage,5
DEU,holznder,5
DEU,og,5
DEU,haribo b,5
DEU,pfefferbe,5
DEU,zettel,5
DEU,Aa,5
DEU,zigaretten jacordia,5
DEU,antipastu,5
DEU,künmel,5
DEU,Gy,5
DEU,rote bette,5
DEU,you c,5
DEU,honry,5
DEU,sojasoß,5
DEU,italian herbs,5
DEU,erdnuss utter,5
DEU,Streichkäse,5
DEU,Thunfisch ja,5
DEU,sprudel was,5
DEU,eisbwrg,5
DEU,chia sam,5
DEU,fruechte,5
DEU,eggs organic,5
DEU,esn designer,5
DEU,Stracia,5
DEU,fti,5
DEU,zartbitter 70,5
DEU,philips avent,5
DEU,apfel p,5
DEU,misu,5
DEU,veha,5
DEU,Dalat,5
DEU,avocada,5
DEU,qak,5
DEU,probioti,5
DEU,milch fr,5
DEU,lollys,5
DEU,raddler,5
DEU,gehs,5
DEU,dill gef,5
DEU,heidelbeersaft,5
DEU,plastiktüte,5
DEU,torilla chips,5
DEU,sü See,5
DEU,ôl,5
DEU,duachgel,5
DEU,karroffeln,5
DEU,Rewe beste wah,5
DEU,schoko erdbeere,5
DEU,kartoe,5
DEU,penne nudeln,5
DEU,Crac,5
DEU,hobbi,5
DEU,ack,5
DEU,corn ch,5
DEU,eiskuge,5
DEU,mango mara,5
DEU,brot backmischung,5
DEU,flafel,5
DEU,Kräuter butter,5
DEU,parado,5
DEU,ja bread,5
DEU,amino,5
DEU,asis,5
DEU,energiedrink,5
DEU,sojasah,5
DEU,wasser mit ges,5
DEU,senfe,5
DEU,salat dr,5
DEU,wasa kn,5
DEU,schweine nacken,5
DEU,yr,5
DEU,apfrlsaft,5
DEU,celebrat,5
DEU,süss sauer soße,5
DEU,sonnenschirm,5
DEU,karamelsirup,5
DEU,ketchup heinz,5
DEU,pwpsi,5
DEU,sicherheitsnadeln,5
DEU,60L,5
DEU,m n m,5
DEU,parmensan,5
DEU,pueböo,5
DEU,rabatt,5
DEU,Tho,5
DEU,Joghurette,5
DEU,spni,5
DEU,Sahne heri,5
DEU,kinder cook,5
DEU,peblo,5
DEU,naget,5
DEU,wild ber,5
DEU,pasta glute,5
DEU,augustiner hell,5
DEU,offee,5
DEU,Weißwein lieblich,5
DEU,süßla,5
DEU,morga,5
DEU,rescue b,5
DEU,mozarella streu,5
DEU,magentee,5
DEU,cabanossi nicht mit Käse,5
DEU,häage,5
DEU,chiken breast,5
DEU,küchen r,5
DEU,kirschensaft,5
DEU,saucy noodles,5
DEU,salchic,5
DEU,coct,5
DEU,watermelom,5
DEU,platter,5
DEU,bananrn,5
DEU,meeresfrüch,5
DEU,Kaffee ganze bohnen,5
DEU,doben,5
DEU,salmia,5
DEU,wascmi,5
DEU,Badre,5
DEU,Wasser eis,5
DEU,schokoreis,5
DEU,astra rakete,5
DEU,fels,5
DEU,auftsrich,5
DEU,hanseife,5
DEU,kuss,5
DEU,Cremefine,5
DEU,Krokant,5
DEU,weiß pfeffer,5
DEU,Medikament,5
DEU,taschenlampe,5
DEU,vanilla y,5
DEU,frozen beg,5
DEU,apfel kuchen,5
DEU,tomatı,5
DEU,zeytinyağ,5
DEU,elok,5
DEU,Eiscreme vegan,5
DEU,lräuter,5
DEU,glutenfrei bro,5
DEU,lahmacu,5
DEU,tiefkühl ferti,5
DEU,milk soya,5
DEU,fliegenspray,5
DEU,chipotlr,5
DEU,bio or,5
DEU,nassfu,5
DEU,geto,5
DEU,früchte tief,5
DEU,milchreis zimt,5
DEU,wasser sa,5
DEU,griessbr,5
DEU,25,5
DEU,milado,5
DEU,bier do,5
DEU,redbuk,5
DEU,burel,5
DEU,zimit,5
DEU,nüsse gesalzen,5
DEU,brotcj,5
DEU,eiskrem,5
DEU,hänchenbrust bio,5
DEU,bio banana,5
DEU,Muschel,5
DEU,fertog,5
DEU,WC e,5
DEU,Sauerki,5
DEU,aunergine,5
DEU,erbsensupp,5
DEU,saudage,5
DEU,Diabetes,5
DEU,krombachet,5
DEU,Bitter Lemon,5
DEU,jogurt laktose,5
DEU,alproo,5
DEU,Radler alkoholfrei,5
DEU,lemon cur,5
DEU,grounded,5
DEU,cigarets,5
DEU,acia,5
DEU,marlobo,5
DEU,klub,5
DEU,basin,5
DEU,schike,5
DEU,asia pfanne,5
DEU,Saaten,5
DEU,suncream,5
DEU,Bio toma,5
DEU,Fanta zer,5
DEU,toilettp,5
DEU,kaiserb,5
DEU,thunfiech,5
DEU,deutsc,5
DEU,gean,5
DEU,spötzle,5
DEU,edamamw,5
DEU,dill pickle,5
DEU,bächer,5
DEU,Fus,5
DEU,duschs,5
DEU,flutschfin,5
DEU,vodga,5
DEU,salat krönung,5
DEU,poky,5
DEU,اندومي,5
DEU,vanille ext,5
DEU,fui,5
DEU,kuchen pap,5
DEU,mango alnatura,5
DEU,spaghetti e,5
DEU,saupique,5
DEU,Guda,5
DEU,pistzien,5
DEU,hair rem,5
DEU,bio pola,5
DEU,dattelcreme,5
DEU,alnatura ei,5
DEU,cereale,5
DEU,falten,5
DEU,spea,5
DEU,Ja wiener,5
DEU,karttoffel,5
DEU,maggii,5
DEU,sommerro,5
DEU,seifr,5
DEU,irang,5
DEU,wasser stu,5
DEU,sero,5
DEU,gluten free chips,5
DEU,bathroom freshner,5
DEU,schafsjogh,5
DEU,cspri,5
DEU,power aid,5
DEU,porro,5
DEU,Spring onion,5
DEU,natree,5
DEU,Petersil,5
DEU,erdebe,5
DEU,salz spülmas,5
DEU,Pahmeyer,5
DEU,eine,5
DEU,Ja! Wasser,5
DEU,paule,5
DEU,milk frische,5
DEU,prun,5
DEU,vols,5
DEU,irische butter,5
DEU,fetta cheese,5
DEU,crunchy hafer,5
DEU,San peleg,5
DEU,nier,5
DEU,ass,5
DEU,cocodo,5
DEU,sonnenblummen,5
DEU,nuss mischung,5
DEU,pflanzliche milch,5
DEU,lemi,5
DEU,limbur,5
DEU,pouches,5
DEU,rababer,5
DEU,isoprop,5
DEU,kase ja,5
DEU,Heri,5
DEU,toilettenpapiwr,5
DEU,Parli,5
DEU,duschgel ph,5
DEU,cosmic crisp,5
DEU,Kuc,5
DEU,meeresfrücht,5
DEU,kpche,5
DEU,"energ,",5
DEU,grüze,5
DEU,vegan tk,5
DEU,Gurken eingelegt,5
DEU,Lambrusco,5
DEU,eiweißbeot,5
DEU,kekse kinder,5
DEU,keks creme,5
DEU,monce,5
DEU,vodla,5
DEU,nore,5
DEU,Kale,5
DEU,picorino,5
DEU,Calgon,5
DEU,vilv,5
DEU,ruge,5
DEU,Koch sahne,5
DEU,pantie,5
DEU,dentagard,5
DEU,alq,5
DEU,reisflo,5
DEU,camille,5
DEU,sex to,5
DEU,rewe bio k,5
DEU,mozartkugeln,5
DEU,hipro,5
DEU,Bullit,5
DEU,parmesqn,5
DEU,süßlart,5
DEU,mozzarella balls,5
DEU,teigblätter,5
DEU,lisch,5
DEU,7ip,5
DEU,salat topping,5
DEU,ice k,5
DEU,Sourcreme,5
DEU,krach,5
DEU,kokosmilch cremig,5
DEU,Google,5
DEU,Schäler,5
DEU,kut,5
DEU,paprikasauce,5
DEU,pezers,5
DEU,baby spina,5
DEU,aufbew,5
DEU,Toill,5
DEU,lams,5
DEU,berliner k,5
DEU,hinger,5
DEU,suppe knorr,5
DEU,hühnersupoe,5
DEU,biu,5
DEU,pasta prot,5
DEU,chiwa,5
DEU,"bier 5,0",5
DEU,Macadamia,5
DEU,vack,5
DEU,schokog,5
DEU,frankfur,5
DEU,hagebutte,5
DEU,raph,5
DEU,onigit,5
DEU,Trinkpäckchen,5
DEU,carotts,5
DEU,ise,5
DEU,frankreich,5
DEU,Wld,5
DEU,chocolate po,5
DEU,Mie,5
DEU,dill sauce,5
DEU,weißwein lieblich,5
DEU,tortilla mais,5
DEU,hänchdn,5
DEU,prel,5
DEU,Rindswurst,5
DEU,saft orang,5
DEU,toiler paper,5
DEU,clorex,5
DEU,limd,5
DEU,bananenmi,5
DEU,salat may,5
DEU,sherryessig,5
DEU,butze,5
DEU,rote Bete,5
DEU,inselten,5
DEU,roggenb,5
DEU,rewe pasta,5
DEU,höhnch,5
DEU,duppen,5
DEU,Katen,5
DEU,pasta fus,5
DEU,naturjighurt,5
DEU,Florida ei,5
DEU,Knoblauch pulver,5
DEU,frosta butter,5
DEU,sprudelwasser 1L,5
DEU,wrap gluten,5
DEU,sandals,5
DEU,alnatura lin,5
DEU,waffelb,5
DEU,suntar,5
DEU,regenbo,5
DEU,reis ko,5
DEU,frische milc,5
DEU,tirmisu,5
DEU,salami r,5
DEU,egg san,5
DEU,handspü,5
DEU,ofeb,5
DEU,glutenfrei kuchen,5
DEU,spritzi,5
DEU,niva,5
DEU,Dori,5
DEU,maö,5
DEU,nongshi,5
DEU,softi,5
DEU,snef,5
DEU,koppenr,5
DEU,gouda grated,5
DEU,red pap,5
DEU,cibatta,5
DEU,nudeln suppe,5
DEU,kräuterbaguet,5
DEU,Brus,5
DEU,Weihe,5
DEU,transparent,5
DEU,toilettenduft,5
DEU,pflanzenol,5
DEU,vegan thunfisch,5
DEU,passionsf,5
DEU,snaxk,5
DEU,Doppel,5
DEU,meine,5
DEU,Gönergy,5
DEU,blue corn,5
DEU,katzen snacks,5
DEU,schokoguss,5
DEU,Arrabiata,5
DEU,Schwarzkopf,5
DEU,bio Apfel,5
DEU,mühlenh,5
DEU,weizen alko,5
DEU,sultana,5
DEU,sekt alk,5
DEU,pizza x3,5
DEU,katzen essen,5
DEU,abt,5
DEU,baked rolls,5
DEU,grießpudd,5
DEU,goat yogurt,5
DEU,toiltte,5
DEU,arka,5
DEU,schmie,5
DEU,elecr,5
DEU,wadch,5
DEU,maishäh,5
DEU,Happyday,5
DEU,zm,5
DEU,Tomaten Dose,5
DEU,happy bi,5
DEU,zitronenkon,5
DEU,remiulade,5
DEU,becken,5
DEU,baref,5
DEU,belini,5
DEU,gelant,5
DEU,kerns,5
DEU,schmelkäse,5
DEU,achwar,5
DEU,rama cream,5
DEU,ablauf,5
DEU,schoko crem,5
DEU,rhabarbar,5
DEU,ja tissue,5
DEU,Rie,5
DEU,geni,5
DEU,backpapuer,5
DEU,kröni,5
DEU,margarit,5
DEU,oöiv,5
DEU,georgi,5
DEU,bio auf,5
DEU,leim,5
DEU,kurze haltbar,5
DEU,zartbitterschok,5
DEU,kräuterbagutte,5
DEU,allzweckr,5
DEU,nugatbits,5
DEU,Cranberr,5
DEU,Captain,5
DEU,bündner,5
DEU,Hühnerfr,5
DEU,käseaufschni,5
DEU,butter chicke,5
DEU,cola ohne koff,5
DEU,ppi,5
DEU,Malteser,5
DEU,fuce,5
DEU,mozatell,5
DEU,pulled beef,5
DEU,barilla vegan,5
DEU,davidhoff,5
DEU,Ahoi,5
DEU,geriebener gouda,5
DEU,swim,5
DEU,mocare,5
DEU,monsters,5
DEU,5 terrine,5
DEU,tender milka,5
DEU,Vollmi,5
DEU,zwiebekn,5
DEU,supengrün,5
DEU,geflügelmortadella,5
DEU,ground bee,5
DEU,pandan,5
DEU,fischtäbchen,5
DEU,proglide,5
DEU,la baume,5
DEU,joghurt ja!,5
DEU,Gemüse brühe,5
DEU,crispbread,5
DEU,reis-,5
DEU,volvic tou,5
DEU,cheese feta,5
DEU,co 2,5
DEU,lung,5
DEU,petersiloe,5
DEU,frish k,5
DEU,tripple,5
DEU,hygiene s,5
DEU,salted ca,5
DEU,mayonnaose,5
DEU,toilet rolls,5
DEU,tonny,5
DEU,königsberger klops,5
DEU,passiert tomaten,5
DEU,dessous,5
DEU,snack mö,5
DEU,putze,5
DEU,glass cl,5
DEU,brusce,5
DEU,paprika krä,5
DEU,wasser mit koh,5
DEU,jpghu,5
DEU,interme,5
DEU,sandwichsch,5
DEU,burgersau,5
DEU,kidnex,5
DEU,Hahnchenbrustfilet,5
DEU,Fritz Cola,5
DEU,uludah,5
DEU,tropisch,5
DEU,portob,5
DEU,Salat dre,5
DEU,rizz,5
DEU,heisse zitrone,5
DEU,Sojaso,5
DEU,hefefloc,5
DEU,yakisoba,5
DEU,Kokosmi,5
DEU,eis kaff,5
DEU,abendbrot,5
DEU,Wald,5
DEU,bratnudeln,5
DEU,gefrone,5
DEU,brot frisch,5
DEU,Bratka,5
DEU,gewürzmi,5
DEU,cola zero dose,5
DEU,Schokokekse,5
DEU,senf süss,5
DEU,hot dpg,5
DEU,sprr,5
DEU,Sesa,5
DEU,gerolsteiner still,5
DEU,brauen,5
DEU,süskar,5
DEU,onion chips,5
DEU,san carlo chips,5
DEU,vegat,5
DEU,milchn,5
DEU,Quark laktose,5
DEU,abschnink,5
DEU,brot eiweis,5
DEU,geschirrspühl,5
DEU,brotst,5
DEU,hipp 1,5
DEU,lamml,5
DEU,butter ka,5
DEU,elia,5
DEU,wascgmittel,5
DEU,mäkzer,5
DEU,Seller,5
DEU,blasentee,5
DEU,saucage,5
DEU,gefier,5
DEU,hafercrunch,5
DEU,zewa toilet,5
DEU,veggie w,5
DEU,eissosse,5
DEU,meu,5
DEU,akohol,5
DEU,trans,5
DEU,sessame,5
DEU,choco ch,5
DEU,dursl,5
DEU,rotwein georgien,5
DEU,bittrr,5
DEU,airfryer paper,5
DEU,air freyer,5
DEU,popcorn oatly,5
DEU,köfer,5
DEU,spülen,5
DEU,crumchy,5
DEU,heff,5
DEU,Fli,5
DEU,esamame,5
DEU,cough syrup,5
DEU,Kondensmilch gezuckert,5
DEU,kirt,5
DEU,kräuterbuttrr,5
DEU,sweps,5
DEU,sauce schoko,5
DEU,schokoerd,5
DEU,hüttenkäsw,5
DEU,saft direkt,5
DEU,ice caffe,5
DEU,schokolade eis,5
DEU,Milch lac,5
DEU,pampers gr,5
DEU,blue c,5
DEU,nudelgericht,5
DEU,bubble te,5
DEU,joghurt minus,5
DEU,schokochips,5
DEU,BIO,5
DEU,räucher lachs,5
DEU,yoko,5
DEU,einmalhandschuh,5
DEU,lop,5
DEU,damenb,5
DEU,fritz koma,5
DEU,toim,5
DEU,pumkin seeds,5
DEU,pumpa,5
DEU,anjol,5
DEU,ice pops,5
DEU,prop,5
DEU,la vielle,5
DEU,brillenputztücher,5
DEU,lasagneplatt,5
DEU,despa,5
DEU,müller protein,5
DEU,botani,5
DEU,frä,5
DEU,naam,5
DEU,bachos,5
DEU,salami stixk,5
DEU,tuva,5
DEU,flaky,5
DEU,Ja kä,5
DEU,Je,5
DEU,henna,5
DEU,jogurt mit,5
DEU,desparado,5
DEU,tonnato,5
DEU,kokusöl,5
DEU,keka,5
DEU,taco kit,5
DEU,kısır,5
DEU,coke li,5
DEU,Kräuterlikör,5
DEU,käsebälle,5
DEU,erdee,5
DEU,higaretten,5
DEU,Wurt,5
DEU,softgetränke,5
DEU,enr,5
DEU,weiß sch,5
DEU,turkey salami,5
DEU,Geflügelwurs,5
DEU,dosenfi,5
DEU,weiss wurst,5
DEU,leih,5
DEU,harry brötchen,5
DEU,eeg,5
DEU,backg,5
DEU,powet,5
DEU,feger,5
DEU,acao,5
DEU,frozen brot,5
DEU,momte,5
DEU,kursch,5
DEU,böack,5
DEU,üizz,5
DEU,mcvities,5
DEU,mtt,5
DEU,windel 6,5
DEU,fleischklösschen,5
DEU,sll,5
DEU,f1 lego,5
DEU,bio blueberries,5
DEU,Schokoladentafel,5
DEU,laktosefrei eis,5
DEU,Celebration,5
DEU,müllbeutel 50l,5
DEU,wolt marke,5
DEU,annana,5
DEU,alea,5
DEU,"Seeberger Edel-Nuss-Mix geröstet, gesalzen, 150 g",5
DEU,Rakete,5
DEU,happy d,5
DEU,aä,5
DEU,Natr,5
DEU,album,5
DEU,ingwer paste,5
DEU,schokorie,5
DEU,fenu,5
DEU,diced onion,5
DEU,protein brotchen,5
DEU,bread c,5
DEU,banano,5
DEU,egge,5
DEU,bio brat,5
DEU,Griechis,5
DEU,sauercream,5
DEU,rühenwalder,5
DEU,fanta l,5
DEU,hurl,5
DEU,Coca-Cola Original Taste Erfrischungsgetränk,5
DEU,Katzen nassfutter,5
DEU,gullasch,5
DEU,eti cin,5
DEU,elefa,5
DEU,absolut sprite,5
DEU,rava,5
DEU,ansn,5
DEU,vyl,5
DEU,pfeffersala,5
DEU,hene,5
DEU,no sugar drink,5
DEU,knobluach,5
DEU,eegs,5
DEU,ayrqn,5
DEU,toilet freshner,5
DEU,fruchtriege,5
DEU,frozen blu,5
DEU,tronk,5
DEU,heifel,5
DEU,Augenpads,5
DEU,vegane scho,5
DEU,thymiantee,5
DEU,wuers,5
DEU,süßwaren,5
DEU,buchstabe,5
DEU,Yogur,5
DEU,schir,5
DEU,gauda jung,5
DEU,schweinelachs,5
DEU,peffee,5
DEU,schäumer,5
DEU,zartbitterschokol,5
DEU,fanta cassis,5
DEU,brioce,5
DEU,butter spread,5
DEU,chips gluten,5
DEU,ochs,5
DEU,Ice cubes,5
DEU,Jalapenos,5
DEU,eite,5
DEU,ice lollies,5
DEU,tyrre,5
DEU,kochsagne,5
DEU,joghurt alpr,5
DEU,haferflockwn,5
DEU,Ruco,5
DEU,weissburgu,5
DEU,brötchen gefr,5
DEU,çamaşır suyu,5
DEU,yogurt fettarm,5
DEU,vienet,5
DEU,brltch,5
DEU,clothes washing,5
DEU,babz,5
DEU,sun dri,5
DEU,khaki,5
DEU,aosze,5
DEU,eama,5
DEU,kaffeweise,5
DEU,Gera,5
DEU,cococola,5
DEU,mozzeralla,5
DEU,schwarzküm,5
DEU,moistur,5
DEU,fleischsaöat,5
DEU,waste bag,5
DEU,nackensteaks,5
DEU,waschmk,5
DEU,high protein müsli,5
DEU,joghurtso,5
DEU,tört,5
DEU,spargrl,5
DEU,paradise creme,5
DEU,mia grande,5
DEU,rosinenbro,5
DEU,"Joghurt 0,1",5
DEU,coffee capsul,5
DEU,ristau,5
DEU,quark 20%,5
DEU,roy komb,5
DEU,heavy cr,5
DEU,orangsaft,5
DEU,heddar,5
DEU,joc,5
DEU,salzle,5
DEU,ornagen,5
DEU,sesam geröstet,5
DEU,luftschlange,5
DEU,knoböauc,5
DEU,wom,5
DEU,ostmost,5
DEU,wasser tetra,5
DEU,ice twa,5
DEU,marshmello,5
DEU,rindergehacktes,5
DEU,tind,5
DEU,alnatura juice,5
DEU,puffe,5
DEU,Pizza tonno,5
DEU,Festival,5
DEU,minra,5
DEU,müsli glutenfrei,5
DEU,pampers 9,5
DEU,Erbsen und möhren,5
DEU,tooth brush soft,5
DEU,beruh,5
DEU,finn brot,5
DEU,Frischkäse bio,5
DEU,schwarzen,5
DEU,TUC,5
DEU,sandwichs,5
DEU,proteinriegek,5
DEU,somat tabs,5
DEU,crossoi,5
DEU,harlic,5
DEU,pizza kässe,5
DEU,zoa,5
DEU,teesieb,5
DEU,Frische milch,5
DEU,einmalhan,5
DEU,sezar,5
DEU,rif,5
DEU,5-korn,5
DEU,heinz ketchup,5
DEU,alnatura q,5
DEU,cuse,5
DEU,anand,5
DEU,melpne,5
DEU,dinkel nud,5
DEU,medika,5
DEU,mango alpro,5
DEU,seaam,5
DEU,Tymbark,5
DEU,morcheln,5
DEU,totel,5
DEU,schweinenac,5
DEU,gemuse saft,5
DEU,esdig,5
DEU,erdnuss mu,5
DEU,spridelwasser,5
DEU,tzatzik,5
DEU,mazz,5
DEU,krapfen,5
DEU,kase s,5
DEU,switl,5
DEU,maisko,5
DEU,mamg,5
DEU,vegetarios,5
DEU,crs,5
DEU,motta,5
DEU,cumun,5
DEU,fahr,5
DEU,alesto,5
DEU,zimtschnec,5
DEU,zweiebe,5
DEU,chipps,5
DEU,tortigl,5
DEU,subergine,5
DEU,turq,5
DEU,tach,5
DEU,high protrin,5
DEU,kith,5
DEU,Crisps,5
DEU,cumin seed,5
DEU,more oil,5
DEU,gell,5
DEU,malboro mi,5
DEU,milk shake,5
DEU,sonnenkerne,5
DEU,vegta,5
DEU,thunfiscv,5
DEU,hidr,5
DEU,Gewür,5
DEU,shiri,5
DEU,bio hähnch,5
DEU,islak mendil,5
DEU,kohlro,5
DEU,alpro coconut,5
DEU,pambers,5
DEU,italienische limone,5
DEU,schabletten käse,5
DEU,magerquark bio,5
DEU,eis kokos,5
DEU,herrenschokolade,5
DEU,Kühne,5
DEU,frozen carrots,5
DEU,geruchs,5
DEU,konserve obst,5
DEU,süssrahmbutter,5
DEU,Spät,5
DEU,0.0%,5
DEU,pizza glu,5
DEU,waschpod,5
DEU,griechische jog,5
DEU,Vivess,5
DEU,petrell,5
DEU,salat m,5
DEU,wattestäbch,5
DEU,Zitronentee,5
DEU,gallsei,5
DEU,daf,5
DEU,rotwein süß,5
DEU,st. p,5
DEU,gurgen,5
DEU,barg,5
DEU,Käse Aufschnitt,5
DEU,decad,5
DEU,eistee volvi,5
DEU,terrea russet,5
DEU,rice pape,5
DEU,cumin powder,5
DEU,paté,5
DEU,kohleta,5
DEU,grillg,5
DEU,ksse,5
DEU,Störtebeker,5
DEU,matz,5
DEU,gemüsepfa,5
DEU,bueno creme,5
DEU,viva con agua,5
DEU,nudelsup,5
DEU,karse,5
DEU,basiliki,5
DEU,luxk,5
DEU,tillmann,5
DEU,muggets,5
DEU,folsäure,5
DEU,Feuerzeuggas,5
DEU,baumwolle,5
DEU,rostzwie,5
DEU,jugort,5
DEU,pistan,5
DEU,white wheaties,5
DEU,wendel,5
DEU,Mohnkuchen,5
DEU,smoke salmon,5
DEU,mear,5
DEU,dish cleaner,5
DEU,klebestift,5
DEU,Dan,5
DEU,tende,5
DEU,pico ba,5
DEU,putzmitte,5
DEU,zeba,5
DEU,apfelschot,5
DEU,sandwiche,5
DEU,Pulver,5
DEU,oyster sa,5
DEU,wahre sch,5
DEU,sakura,5
DEU,kıy,5
DEU,wine rot,5
DEU,apfel gr,5
DEU,burritos,5
DEU,uludağ,5
DEU,fanta grape,5
DEU,zb,5
DEU,isopropyl,5
DEU,lico,5
DEU,toel,5
DEU,sarimsak,5
DEU,schokobrötch,5
DEU,more fizzi,5
DEU,kischererbsen,5
DEU,oliv oil,5
DEU,dicecco,5
DEU,sojabo,5
DEU,kohletabletten,5
DEU,bio snack,5
DEU,picknik,5
DEU,San Pe,5
DEU,yoghurt lacto,5
DEU,teü,5
DEU,butterf,5
DEU,fischfr,5
DEU,rosa pfeffer,5
DEU,köseku,5
DEU,mosca,5
DEU,conchi,5
DEU,anti bacterial,5
DEU,kartoffeln meh,5
DEU,klopA,5
DEU,limonade zuckerfrei,5
DEU,Hun,5
DEU,abwa,5
DEU,tual,5
DEU,kinderschokol,5
DEU,rapseed,5
DEU,kleine wasser,5
DEU,marrow,5
DEU,ferreri,5
DEU,lerd,5
DEU,papag,5
DEU,tsc,5
DEU,Rindersalami,5
DEU,leibnis,5
DEU,geschenktasche,5
DEU,Reisp,5
DEU,thürin,5
DEU,Einweggeschirr,5
DEU,salzmü,5
DEU,sojag,5
DEU,alnatura eistee,5
DEU,abwasch,5
DEU,nüß,5
DEU,kapu,5
DEU,Ginger Ale,5
DEU,sahne 15,5
DEU,alpro joh,5
DEU,rebu,5
DEU,tobasc,5
DEU,lette,5
DEU,A4,5
DEU,senf mittelscharf,5
DEU,käse str,5
DEU,Tra,5
DEU,Dorit,5
DEU,coffee kap,5
DEU,tualetten,5
DEU,hähnchenbrühe,5
DEU,voke,5
DEU,Kartoffel Püree,5
DEU,solution,5
DEU,noro,5
DEU,totes,5
DEU,lume,5
DEU,lucar,5
DEU,ölive,5
DEU,wieder,5
DEU,gabelspaghetti,5
DEU,necafe,5
DEU,energy zer,5
DEU,dosenpfirsich,5
DEU,alnatura sala,5
DEU,Kreuz,5
DEU,reb bull,5
DEU,kidneyboh,5
DEU,coppenratg,5
DEU,tundi,5
DEU,Express Reis,5
DEU,Schoko Rosinen,5
DEU,peil,5
DEU,Plastik,5
DEU,früchte gefr,5
DEU,Aktiv,5
DEU,sultanien,5
DEU,salzletten,5
DEU,waffw,5
DEU,Samy,5
DEU,knabberartikel,5
DEU,liv,5
DEU,drumsti,5
DEU,spargek,5
DEU,wlinas,5
DEU,America,5
DEU,ziega,5
DEU,tomatensou,5
DEU,sahne 30%,5
DEU,kaesekuchen,5
DEU,wot,5
DEU,buagette,5
DEU,spinta,5
DEU,ih,5
DEU,küss,5
DEU,bletterteig,5
DEU,120L,5
DEU,wrigl,5
DEU,cill,5
DEU,courgettes,5
DEU,handsxhuhe,5
DEU,homos,5
DEU,minkas,5
DEU,carnitas,5
DEU,lachsöl,5
DEU,Trinkschokolade,5
DEU,erbsen möhrchen,5
DEU,panzertape,5
DEU,eingelegte gurk,5
DEU,"5,0 bier",5
DEU,kalbsleberwu,5
DEU,schokolade zartb,5
DEU,Allz,5
DEU,ayla,5
DEU,milk lakto,5
DEU,Aquarium mia,5
DEU,kälter Kaffee,5
DEU,lachsfilez,5
DEU,parmez,5
DEU,olu,5
DEU,Soa,5
DEU,sch8nken,5
DEU,Gorgon,5
DEU,karamel sutra,5
DEU,diabe,5
DEU,limse,5
DEU,mövem,5
DEU,buli,5
DEU,bokchoy,5
DEU,ruegel,5
DEU,innenfi,5
DEU,thunfischsa,5
DEU,Schnecken,5
DEU,frosch essig,5
DEU,waren,5
DEU,Elfa,5
DEU,Jalape,5
DEU,head and shou,5
DEU,chicolate chips,5
DEU,platic,5
DEU,herbst,5
DEU,dreamis,5
DEU,tomaten gestü,5
DEU,Traub,5
DEU,caramac,5
DEU,bio süsskartoffel,5
DEU,beeren ti,5
DEU,lilonade,5
DEU,vegan würst,5
DEU,Sake,5
DEU,protein pusding,5
DEU,friscjkäse,5
DEU,cocktailw,5
DEU,leckerl,5
DEU,mocar,5
DEU,leinsamem,5
DEU,pfirsichringe,5
DEU,alpro matcha kokos,5
DEU,Hähnchenbrust file,5
DEU,käseg,5
DEU,Zimtsch,5
DEU,Bäckerei,5
DEU,justegg,5
DEU,rimder,5
DEU,kirshe,5
DEU,suppenhun,5
DEU,hackbra,5
DEU,brõtchen,5
DEU,roge,5
DEU,this is fo,5
DEU,geront,5
DEU,pizzage,5
DEU,schwarze ol,5
DEU,kidney bea,5
DEU,fürst p,5
DEU,handcrem,5
DEU,Bio gu,5
DEU,Battery,5
DEU,Vileda,5
DEU,choviva,5
DEU,Lor,5
DEU,bistro bag,5
DEU,omiv,5
DEU,hilal,5
DEU,protein quäse,5
DEU,Natur jo,5
DEU,Schmerzen,5
DEU,marshmallo,5
DEU,reinigungsbürste,5
DEU,allze,5
DEU,pelemeni,5
DEU,klore,5
DEU,eberswal,5
DEU,naturji,5
DEU,zwiebel sahne,5
DEU,crumb,5
DEU,ell,5
DEU,thunvi,5
DEU,kaffee crema,5
DEU,mosqui,5
DEU,streuka,5
DEU,rista,5
DEU,leichte,5
DEU,César,5
DEU,spühlmaschinen salz,5
DEU,bebivita 1,5
DEU,Calip,5
DEU,salattüte,5
DEU,pfirsichtee,5
DEU,Geflügel sala,5
DEU,eis cookies,5
DEU,secconade,5
DEU,frischer saft,5
DEU,weiswrin,5
DEU,Blätterte,5
DEU,sahne fettarm,5
DEU,keks alnatura,5
DEU,servetele,5
DEU,food storage,5
DEU,toilettenpai,5
DEU,clun,5
DEU,Happy hippo,5
DEU,kuhne,5
DEU,graa,5
DEU,urger,5
DEU,süßkartoffelpommes,5
DEU,binb,5
DEU,mexikanis,5
DEU,cinnamon bun,5
DEU,volvic grün,5
DEU,LM,5
DEU,tomatensauce kinder,5
DEU,hamburgerbrötchen,5
DEU,air frier,5
DEU,schokoei,5
DEU,kartofln,5
DEU,oragne,5
DEU,nuts salted,5
DEU,Geflügelwürstchen,5
DEU,niveau,5
DEU,trash can,5
DEU,chicken bou,5
DEU,cresm,5
DEU,rugenwa,5
DEU,antacid,5
DEU,mould,5
DEU,schmo,5
DEU,Süßungsmittel,5
DEU,pringk,5
DEU,actine,5
DEU,händl,5
DEU,rostbrst,5
DEU,oliveira,5
DEU,dal delight,5
DEU,auftri,5
DEU,skyr alpr,5
DEU,arugul,5
DEU,chester käse,5
DEU,taschebtücher,5
DEU,hb,5
DEU,Urquel,5
DEU,hummus trio,5
DEU,spruhsa,5
DEU,pfannenkäse,5
DEU,boko,5
DEU,knoblauch baguett,5
DEU,glassnu,5
DEU,pizza roll,5
DEU,hud,5
DEU,seetan,5
DEU,Milch lactose,5
DEU,beaten,5
DEU,lm blau,5
DEU,micellar water,5
DEU,köftelik,5
DEU,küchenrplle,5
DEU,zaat,5
DEU,kräutetquark,5
DEU,Pfirsi,5
DEU,handswife,5
DEU,landbr,5
DEU,san da,5
DEU,Holle,5
DEU,kkäse,5
DEU,Desser,5
DEU,sed,5
DEU,cheeseball,5
DEU,tapen,5
DEU,sauer c,5
DEU,jalo,5
DEU,glücks,5
DEU,jagerme,5
DEU,rucv,5
DEU,stoff,5
DEU,horten,5
DEU,mischbro,5
DEU,not mil,5
DEU,ampule,5
DEU,Pfirsich dose,5
DEU,hähnchengewür,5
DEU,pizza 2x,5
DEU,hair s,5
DEU,head and shoul,5
DEU,nudelteig,5
DEU,listet,5
DEU,Jack link,5
DEU,Cat,5
DEU,sekundenkleb,5
DEU,anit,5
DEU,oommes,5
DEU,Trinkjoghurt,5
DEU,press,5
DEU,avv,5
DEU,gekochter schin,5
DEU,toddler,5
DEU,cafe kapseln,5
DEU,katzn,5
DEU,konfek,5
DEU,masdam,5
DEU,matcha eis,5
DEU,Remoul,5
DEU,coffee lavazza,5
DEU,taglietelle,5
DEU,jonig,5
DEU,erithryt,5
DEU,3 lagig,5
DEU,chessecake,5
DEU,sahne soße,5
DEU,pisa,5
DEU,frittieren,5
DEU,eiswürfl,5
DEU,tomaten in der dose,5
DEU,geschmackspulver,5
DEU,nuss nug,5
DEU,succhini,5
DEU,berliner pils,5
DEU,soya light,5
DEU,sandwo,5
DEU,trofie,5
DEU,beed,5
DEU,waschmitrel,5
DEU,hustenbo,5
DEU,San ma,5
DEU,vegan hänchen,5
DEU,bratolivenöl,5
DEU,cremr,5
DEU,snacks baby,5
DEU,Kirsch mar,5
DEU,jogurt gr,5
DEU,suna,5
DEU,jaka,5
DEU,rote spitz,5
DEU,friks,5
DEU,Kind,5
DEU,landlu,5
DEU,Aufb,5
DEU,frische m,5
DEU,ice crwam,5
DEU,spül tab,5
DEU,tiefkühl nudeln,5
DEU,Knuspe,5
DEU,knochb,5
DEU,chicken feet,5
DEU,spread cheese,5
DEU,Frankfurt,5
DEU,üt,5
DEU,staudensell,5
DEU,pizza gusto,5
DEU,wof,5
DEU,grocery,5
DEU,essreif,5
DEU,joghurt rewe bio,5
DEU,jever fu,5
DEU,roasted onions,5
DEU,cornflkes,5
DEU,granatapfelsir,5
DEU,lacm,5
DEU,alkoholfrei beer,5
DEU,Somersby,5
DEU,süssigleiten,5
DEU,tim mä,5
DEU,milchaufschäumer,5
DEU,pepsi mac,5
DEU,Alt,5
DEU,Pumpe,5
DEU,kinder joghurt,5
DEU,wasser stimm,5
DEU,chips a,5
DEU,wasser stll,5
DEU,lnobl,5
DEU,spicy sau,5
DEU,sanitar,5
DEU,amoothie,5
DEU,oliven mit knoblauch,5
DEU,brizz,5
DEU,Kräuter Butter,5
DEU,ja creme,5
DEU,grirs,5
DEU,bio hähnche,5
DEU,georgia,5
DEU,kinderpingu,5
DEU,avova,5
DEU,soy chunks,5
DEU,cake pop,5
DEU,el sabunu,5
DEU,elwktro,5
DEU,Zinksalbe,5
DEU,haferflocken ja,5
DEU,rösti ecken,5
DEU,Mau,5
DEU,mango Joghurt,5
DEU,Tunfisch pizza,5
DEU,chilli sau,5
DEU,Rostbratw,5
DEU,zp,5
DEU,wurst wiener,5
DEU,vannille,5
DEU,Käse gerie,5
DEU,ferrig,5
DEU,salami hal,5
DEU,succ,5
DEU,rostbratwurs,5
DEU,chamom,5
DEU,chokola,5
DEU,Holunderblüten,5
DEU,ES,5
DEU,snap peas,5
DEU,kefr,5
DEU,freezer bags,5
DEU,funny-,5
DEU,Kokosmilch light,5
DEU,nurs,5
DEU,blondi,5
DEU,Pommes sauce,5
DEU,harry sandwich,5
DEU,mountai,5
DEU,rice v,5
DEU,schokostück,5
DEU,pfit,5
DEU,waffelhörnchen,5
DEU,grenadil,5
DEU,ciko,5
DEU,smashed,5
DEU,coconut spread,5
DEU,beet juice,5
DEU,7%,5
DEU,calyps,5
DEU,mesmer,5
DEU,durstlösche,5
DEU,ja thu,5
DEU,monstwr,5
DEU,lattee,5
DEU,gefüllte nudeln,5
DEU,tomate d,5
DEU,arom,5
DEU,käse di,5
DEU,WC-Reiniger,5
DEU,brech bohnen,5
DEU,bio flei,5
DEU,oöive,5
DEU,alpro vanill,5
DEU,mix-rettertüte,5
DEU,sojagran,5
DEU,geröstete zwiebel,5
DEU,Ser,5
DEU,kasek,5
DEU,Hün,5
DEU,snickers ei,5
DEU,fingerf,5
DEU,rewe bio sch,5
DEU,hänchen flügel,5
DEU,linsenfl,5
DEU,Limonade zero,5
DEU,snackgurk,5
DEU,mazo,5
DEU,vollkorn toa,5
DEU,frischkäse alna,5
DEU,cheese stri,5
DEU,beyond m,5
DEU,oliven geschnitten,5
DEU,kristal,5
DEU,zortilla,5
DEU,deo damen,5
DEU,eis sosse,5
DEU,Basmati reis,5
DEU,pista icecream,5
DEU,aifback,5
DEU,putzmitt,5
DEU,You cook,5
DEU,wrapp,5
DEU,zweibac,5
DEU,thunfisch salat,5
DEU,kolh,5
DEU,haushaltstü,5
DEU,lammf,5
DEU,ciro,5
DEU,tk heidel,5
DEU,Tiefkühl Obst,5
DEU,chio pop,5
DEU,wape,5
DEU,shaving gel,5
DEU,coffee whit,5
DEU,kakao mil,5
DEU,erbd,5
DEU,shampoo bio,5
DEU,heal,5
DEU,müsk,5
DEU,Kaffee t,5
DEU,Röstzwiebel,5
DEU,würstchen geflü,5
DEU,nutlla,5
DEU,brto,5
DEU,casch,5
DEU,diced tomato,5
DEU,dattel sirup,5
DEU,peroni 0,5
DEU,bratwurd,5
DEU,twre,5
DEU,vegan crem,5
DEU,alpro dessert,5
DEU,sundae,5
DEU,dele,5
DEU,toothpaste sensodyne,5
DEU,tika,5
DEU,sevenup,5
DEU,obet,5
DEU,wasch pads,5
DEU,unagi,5
DEU,katuen,5
DEU,eis p,5
DEU,salz bre,5
DEU,vegan bur,5
DEU,geflügel wurdt,5
DEU,erişte,5
DEU,limetteb,5
DEU,cheeee,5
DEU,laurel,5
DEU,hanschuhe,5
DEU,fryer,5
DEU,sabdwich,5
DEU,geribener,5
DEU,lero,5
DEU,volvic hibi,5
DEU,bier 6er,5
DEU,alnatura bar,5
DEU,entrahmte milch,5
DEU,Kuchen vegan,5
DEU,ice crram,5
DEU,Light Käse,5
DEU,feus,5
DEU,tolietten,5
DEU,linsrn,5
DEU,vrö,5
DEU,bio snacks,5
DEU,enee,5
DEU,Wase,5
DEU,wasser cöassic,5
DEU,wasser j,5
DEU,laga,5
DEU,mais dosen,5
DEU,saumon,5
DEU,weiss b,5
DEU,cheese plate,5
DEU,paper c,5
DEU,dog foo,5
DEU,Mot,5
DEU,wurstauf,5
DEU,pfeife,5
DEU,fettucin,5
DEU,gesunde sna,5
DEU,Crème fraîche,5
DEU,Cigarette,5
DEU,weihenstephan milch,5
DEU,vegan morta,5
DEU,кола,5
DEU,vorratsdose,5
DEU,mini-,5
DEU,latexfrei,5
DEU,Rote bee,5
DEU,schokobrötcheb,5
DEU,cafè,5
DEU,pizza diavo,5
DEU,nikch,5
DEU,maker,5
DEU,majs,5
DEU,timato,5
DEU,gite,5
DEU,löwenz,5
DEU,soja schne,5
DEU,tomatillo,5
DEU,reni,5
DEU,tose,5
DEU,Berliner pils,5
DEU,Mohren,5
DEU,more i,5
DEU,pisto,5
DEU,geflügel morta,5
DEU,qus,5
DEU,allm,5
DEU,dinkel cracker,5
DEU,vab,5
DEU,salt pepper,5
DEU,Joghurt Laktose,5
DEU,riceca,5
DEU,truffle mayo,5
DEU,eisteepulver,5
DEU,achin,5
DEU,diavola,5
DEU,atum,5
DEU,kötbul,5
DEU,mikrowellen pommes,5
DEU,verban,5
DEU,putembrust,5
DEU,See,5
DEU,fischsr,5
DEU,keäuter,5
DEU,dche,5
DEU,butterfly,5
DEU,ypgu,5
DEU,woda,5
DEU,carazz,5
DEU,wasser ko,5
DEU,even,5
DEU,kartoffele,5
DEU,muel,5
DEU,knobelauch,5
DEU,Topfen,5
DEU,laktosefrei j,5
DEU,Smoothie ba,5
DEU,zungenreiniger,5
DEU,toast protein,5
DEU,Hamburger br,5
DEU,ketchup curry,5
DEU,balu,5
DEU,champigo,5
DEU,sumersby,5
DEU,vegane mor,5
DEU,Lava,5
DEU,ricw,5
DEU,Tagli,5
DEU,Bulette,5
DEU,hafwe,5
DEU,gurk3,5
DEU,rosam,5
DEU,cini min,5
DEU,sonenn,5
DEU,pizza käs,5
DEU,tortillachips,5
DEU,peas frozen,5
DEU,Erde,5
DEU,bisr,5
DEU,schaafskäse,5
DEU,kräterbutter,5
DEU,spaßgetränk,5
DEU,Heimatgut,5
DEU,lsf,5
DEU,peosecco,5
DEU,käse ve,5
DEU,paprika süss,5
DEU,dinkel alnatura,5
DEU,griespudd,5
DEU,kokos b,5
DEU,waser still,5
DEU,paulaner wei,5
DEU,tenga,5
DEU,speisequark laktosefrei,5
DEU,hammus,5
DEU,geflügel wur,5
DEU,pengui,5
DEU,dany sahne,5
DEU,choli,5
DEU,blattsa,5
DEU,Maiskolben,5
DEU,öliven öl,5
DEU,französ,5
DEU,bresd,5
DEU,alpro vanil,5
DEU,erdnussc,5
DEU,vagisan,5
DEU,mushrr,5
DEU,strawberrie,5
DEU,nespresso entko,5
DEU,saucenb,5
DEU,vasline,5
DEU,cappel,5
DEU,hundele,5
DEU,millk,5
DEU,beer 0,5
DEU,rahmk,5
DEU,simplyv,5
DEU,yogj,5
DEU,Speisest,5
DEU,waltmeister,5
DEU,eeier,5
DEU,Süße,5
DEU,core,5
DEU,hj,5
DEU,glutenfreie chips,5
DEU,toilet l,5
DEU,icecreme,5
DEU,bakpapier,5
DEU,elk,5
DEU,sagrotan no,5
DEU,cracket,5
DEU,apna,5
DEU,Austern,5
DEU,carlsber,5
DEU,ked,5
DEU,trockenob,5
DEU,Schokolade alnatura,5
DEU,wha,5
DEU,chillu,5
DEU,vegane würs,5
DEU,belvedere,5
DEU,snack käse,5
DEU,koro proteinriegel,5
DEU,cers,5
DEU,Krabbe,5
DEU,vegane Mayonnaise,5
DEU,catfood,5
DEU,jäger soße,5
DEU,oatly kokos,5
DEU,stella,5
DEU,kondensmilcj,5
DEU,ruby,5
DEU,pettersi,5
DEU,bbu,5
DEU,browm,5
DEU,obstgar,5
DEU,wm panini,5
DEU,zuckerw,5
DEU,gesichtsma,5
DEU,wasci,5
DEU,hänchenflügel,5
DEU,waschmittel weis,5
DEU,happy b,5
DEU,Happ,5
DEU,senf mittel,5
DEU,nescafe 3,5
DEU,nudeln spire,5
DEU,cordob,5
DEU,zitonensaft,5
DEU,soja gra,5
DEU,harty,5
DEU,saghne,5
DEU,Wein alkoholfrei,5
DEU,rice sushi,5
DEU,kereviz,5
DEU,ja toilet paper,5
DEU,moine,5
DEU,Häkchen,5
DEU,breakf,5
DEU,hähnchenw,5
DEU,Weiße bo,5
DEU,chips k,5
DEU,nm,5
DEU,coffe b,5
DEU,sweet chili sau,5
DEU,beeren frozen,5
DEU,wasch pods,5
DEU,cream milk,5
DEU,badreinigee,5
DEU,backpaper,5
DEU,cherry c,5
DEU,einwegh,5
DEU,haarwax,5
DEU,bio manufaktur havelland,5
DEU,mars protein,5
DEU,mermelada,5
DEU,ja mais,5
DEU,cola Ero,5
DEU,iglo msc,5
DEU,sahnesosse,5
DEU,pall mall rot,5
DEU,mleko,5
DEU,busco,5
DEU,vodka soda,5
DEU,maggi wür,5
DEU,Ice cr,5
DEU,edelnuss,5
DEU,cn,5
DEU,amla,5
DEU,bio olive oil,5
DEU,still was,5
DEU,jinn,5
DEU,wachsbrech,5
DEU,hacklfeisch,5
DEU,zarzi,5
DEU,vegan gummy,5
DEU,saski,5
DEU,espa,5
DEU,käsespä,5
DEU,ja miner,5
DEU,feisxh,5
DEU,icewü,5
DEU,Fran,5
DEU,Feuchtücher,5
DEU,portu,5
DEU,hamburgerbr,5
DEU,espresso decaf,5
DEU,ungezie,5
DEU,Lippenstift,5
DEU,nüsse geröstet,5
DEU,sauce asia,5
DEU,sprite light,5
DEU,allg,5
DEU,wiltm,5
DEU,kethup,5
DEU,ricecak,5
DEU,kaffee konze,5
DEU,kölsches wasser,5
DEU,zitrone getränk,5
DEU,capri sonne zero,5
DEU,jogurt 10%,5
DEU,Baby oil,5
DEU,bodyspray,5
DEU,cola gummi,5
DEU,laktosefrei frischk,5
DEU,poweradw,5
DEU,protein pudding vanille,5
DEU,milchreis baby,5
DEU,oasis,5
DEU,toilwtten,5
DEU,Vegg,5
DEU,altan,5
DEU,wärmeflasche,5
DEU,yes t,5
DEU,rose wei,5
DEU,English,5
DEU,chhe,5
DEU,sweetchilli,5
DEU,pipsi,5
DEU,brennpaste,5
DEU,spaz,5
DEU,duct tape,5
DEU,cardo,5
DEU,serve,5
DEU,frischkäse körniger,5
DEU,On,5
DEU,wasser 500 ml,5
DEU,Alnatura Tomaten,5
DEU,tiefkühl fertig,5
DEU,garbe,5
DEU,tomaten sou,5
DEU,brat pap,5
DEU,rwe,5
DEU,quittengelee,5
DEU,zuckererb,5
DEU,L'Oréal,5
DEU,kaffee wei,5
DEU,laktosefreie s,5
DEU,badma,5
DEU,feve,5
DEU,duftspü,5
DEU,light streu,5
DEU,rinder hac,5
DEU,mango skyr,5
DEU,kurkuna,5
DEU,skin food,5
DEU,eissi,5
DEU,ergülü,5
DEU,johurth,5
DEU,knabbereulen,5
DEU,komdo,5
DEU,snickere,5
DEU,annans,5
DEU,eis l,5
DEU,pranut butter,5
DEU,aunt,5
DEU,apfelstrud,5
DEU,Semme,5
DEU,Elotrans,5
DEU,zanahoria,5
DEU,lactose-free,5
DEU,stocher,5
DEU,mayonsise,5
DEU,cheese platter,5
DEU,Gochujang,5
DEU,drosta,5
DEU,tortilli,5
DEU,zinksa,5
DEU,leberwi,5
DEU,hähnchenleber,5
DEU,almetta,5
DEU,vulkano,5
DEU,yoghurt gri,5
DEU,kartoffelkr,5
DEU,30%,5
DEU,knäcke brot,5
DEU,kaku,5
DEU,Mix Rettertüte,5
DEU,provance,5
DEU,fip,5
DEU,law,5
DEU,bäll,5
DEU,syrip,5
DEU,8 krä,5
DEU,pimme,5
DEU,chewi,5
DEU,hähnchenspieße,5
DEU,Jelly,5
DEU,Schokolade za,5
DEU,wasser volv,5
DEU,hackfe,5
DEU,Käse b,5
DEU,coppenrath vegan,5
DEU,pike,5
DEU,oatly milch,5
DEU,Volc,5
DEU,schallotten,5
DEU,erascp,5
DEU,"bier 0,3",5
DEU,colam,5
DEU,gasflasche,5
DEU,Sour c,5
DEU,asiagem,5
DEU,sahnefest,5
DEU,gerk,5
DEU,roggenm,5
DEU,antis,5
DEU,icecream sandwich,5
DEU,anat,5
DEU,koskos,5
DEU,oragensa,5
DEU,maydo,5
DEU,frische Nudeln,5
DEU,salakus,5
DEU,semeln,5
DEU,romasa,5
DEU,spicy ma,5
DEU,ees,5
DEU,burraza,5
DEU,dr oetkar,5
DEU,Weleda,5
DEU,reisdr,5
DEU,berrys,5
DEU,zero m,5
DEU,Prawn,5
DEU,geriebenen k,5
DEU,weoch,5
DEU,sternfrucht,5
DEU,kaffee starbucks,5
DEU,sim card,5
DEU,schokora,5
DEU,Bio chips,5
DEU,gurken glas,5
DEU,Natur Jogurt,5
DEU,aig,5
DEU,gemüse gefr,5
DEU,volvic 6,5
DEU,cake.,5
DEU,Frankfurter Würstchen,5
DEU,schwarzer t,5
DEU,capseln,5
DEU,zewa k,5
DEU,Tortilla chi,5
DEU,hönigtomaten,5
DEU,Seba,5
DEU,risbel,5
DEU,geflügel lyoner,5
DEU,chicken winfs,5
DEU,goldstü,5
DEU,rucvola,5
DEU,schwedisch,5
DEU,Baking powder,5
DEU,mezzo zero,5
DEU,runder,5
DEU,oliven mit mandeln,5
DEU,Johg,5
DEU,käserolle,5
DEU,sppinat,5
DEU,kartenspiel,5
DEU,salami snacks,5
DEU,joghurtsoße,5
DEU,Gouda mittel,5
DEU,eisbersalat,5
DEU,chinotto,5
DEU,aranci,5
DEU,kill,5
DEU,Getre,5
DEU,käse mo,5
DEU,Curry wurst,5
DEU,dorr,5
DEU,zii,5
DEU,cookies dough,5
DEU,wocester,5
DEU,Bananenchips,5
DEU,eingelegte gu,5
DEU,rettertte,5
DEU,tramezz,5
DEU,bertoli,5
DEU,linsen braun,5
DEU,gurkenscheiben,5
DEU,mäh,5
DEU,laktosefreie joghurt,5
DEU,reisbandnudel,5
DEU,Säure,5
DEU,otaly,5
DEU,tru f,5
DEU,entspannung,5
DEU,uss,5
DEU,totr,5
DEU,dosenfr,5
DEU,Chia samen,5
DEU,nuggers,5
DEU,rinder b,5
DEU,hühnerfrikase,5
DEU,gater,5
DEU,hack vega,5
DEU,beef jetk,5
DEU,Cola 1,5
DEU,bio rinderhack,5
DEU,milka mini,5
DEU,schubken,5
DEU,Prep,5
DEU,erdnusssau,5
DEU,sreu,5
DEU,vanillescho,5
DEU,ouscous,5
DEU,Frott,5
DEU,onjon,5
DEU,waschmittr,5
DEU,nozz,5
DEU,Kinder jo,5
DEU,kräuter tief,5
DEU,mozarella cheese,5
DEU,razz,5
DEU,Milch 1.,5
DEU,tabou,5
DEU,hipp 2,5
DEU,tomaten ges,5
DEU,kindershampoo,5
DEU,Brot gluten,5
DEU,krus,5
DEU,purra,5
DEU,saga,5
DEU,parfume,5
DEU,frien,5
DEU,zucker raff,5
DEU,Schwei,5
DEU,weisser rum,5
DEU,knabe kola,5
DEU,katzen sti,5
DEU,pepper p,5
DEU,salami aufschnitt,5
DEU,e shisha,5
DEU,spruddel,5
DEU,seie,5
DEU,getrocknete T,5
DEU,mozarella ja,5
DEU,hackk,5
DEU,chochlate,5
DEU,wasser srill,5
DEU,Trock,5
DEU,Reissirup,5
DEU,vae,5
DEU,Jalap,5
DEU,srkt,5
DEU,Papp,5
DEU,putting,5
DEU,bnana,5
DEU,Sals,5
DEU,schokolade 60,5
DEU,Taschentü,5
DEU,magbum,5
DEU,sahne l,5
DEU,tropic,5
DEU,banoffee,5
DEU,frühöings,5
DEU,tomatensuace,5
DEU,käsesti,5
DEU,chilli sin carne,5
DEU,milchreis protein,5
DEU,gemuse mix,5
DEU,ready to go,5
DEU,Riffel,5
DEU,ağda,5
DEU,bio pf,5
DEU,daddy,5
DEU,Pozza,5
DEU,contact solution,5
DEU,hafermandel,5
DEU,hsc,5
DEU,ziy,5
DEU,denk,5
DEU,garm,5
DEU,rote ge,5
DEU,tunasalat,5
DEU,maseca,5
DEU,dry beef,5
DEU,blätter teig,5
DEU,tagel,5
DEU,grüne apfel,5
DEU,crema di,5
DEU,paprika r,5
DEU,hydr8,5
DEU,handshu,5
DEU,frozen veggie,5
DEU,kreuterq,5
DEU,koffeinf,5
DEU,Backschokolade,5
DEU,Ül,5
DEU,Smoothie bana,5
DEU,schokotröpchen,5
DEU,kookie,5
DEU,mango sorb,5
DEU,Klopfer,5
DEU,Rinder beinscheibe,5
DEU,cola lo,5
DEU,wascmittel,5
DEU,lor pey,5
DEU,obstsaft,5
DEU,Schokopulver,5
DEU,geser,5
DEU,straberry,5
DEU,volumentabak,5
DEU,FIFA,5
DEU,Germkn,5
DEU,kochschinken bio,5
DEU,überraschungstüte,5
DEU,Regenschirm,5
DEU,fleisch wurst,5
DEU,geramomt,5
DEU,putenha,5
DEU,jean carol,5
DEU,roasted pepper,5
DEU,sprühsahbe,5
DEU,kohlefilter,5
DEU,cola zeei,5
DEU,Koe,5
DEU,mascarpome,5
DEU,ziteo,5
DEU,üb,5
DEU,ersnus,5
DEU,Buttergemü,5
DEU,pfw,5
DEU,haargumm,5
DEU,Minecraft,5
DEU,frische nud,5
DEU,oat meal,5
DEU,kontaktlinsen lösung,5
DEU,rababa,5
DEU,salcc,5
DEU,fieb,5
DEU,Sefe,5
DEU,schnittkäs,5
DEU,burak,5
DEU,mozarlla,5
DEU,eetter,5
DEU,filterhü,5
DEU,buddak,5
DEU,Handkäs,5
DEU,wiesbau,5
DEU,apple cider vi,5
DEU,acuka,5
DEU,Frit,5
DEU,Schokolade laktosefrei,5
DEU,süß karto,5
DEU,tonuc,5
DEU,alnatura frisch,5
DEU,gouada,5
DEU,hotdog sauce,5
DEU,filter kaffe,5
DEU,servieten,5
DEU,Ravi,5
DEU,schwarzwurzel,5
DEU,mozzarella alnatura,5
DEU,frisj,5
DEU,iced kaffee,5
DEU,mango tiefkühl,5
DEU,absor,5
DEU,aroy d,5
DEU,katjey,5
DEU,kaffe pulver,5
DEU,h milch fettarm,5
DEU,hasrsp,5
DEU,soyasau,5
DEU,krack,5
DEU,Edamer,5
DEU,trinkmahlze,5
DEU,gekochter s,5
DEU,tiefkühlobs,5
DEU,Bart,5
DEU,milch prote,5
DEU,sport drink,5
DEU,feuits,5
DEU,lavr,5
DEU,chocolate ritter,5
DEU,blasen tee,5
DEU,chib,5
DEU,aucuk,5
DEU,Sor,5
DEU,Ben&,5
DEU,ult,5
DEU,böau,5
DEU,burger brio,5
DEU,umsch,5
DEU,schnittblumen,5
DEU,portwe,5
DEU,Ah,5
DEU,pablo,5
DEU,oniguri,5
DEU,McCain,5
DEU,Tonic zero,5
DEU,Mira,5
DEU,kros,5
DEU,"0,2 ml wein",5
DEU,petesi,5
DEU,rewe min,5
DEU,laktosefreie mil,5
DEU,negro,5
DEU,Schokotropfen,5
DEU,dinkel brö,5
DEU,burgerking,5
DEU,salat romana,5
DEU,rewe bestewahl,5
DEU,panthe,5
DEU,hoz,5
DEU,bio kräuter,5
DEU,Sos,5
DEU,nuts ja,5
DEU,aüß,5
DEU,spühlmaschin,5
DEU,kokos yog,5
DEU,hölen,5
DEU,basli,5
DEU,Kühlschrank,5
DEU,Biermischgetränk,5
DEU,Chicken wing,5
DEU,joghurtbutter,5
DEU,wiemer,5
DEU,ja ice cream,5
DEU,oliven mit mandel,5
DEU,fruchtsauce,5
DEU,bio Butter,5
DEU,voslauer,5
DEU,wasser clas,5
DEU,chips f,5
DEU,toilettpa,5
DEU,bio popcorn,5
DEU,karooten,5
DEU,Schinken spi,5
DEU,zucki,5
DEU,vegan patt,5
DEU,liko,5
DEU,sereano,5
DEU,curry leave,5
DEU,französische,5
DEU,alzw,5
DEU,mineralwassr,5
DEU,Cantuccini,5
DEU,sojasos,5
DEU,nordbra,5
DEU,toilettenpp,5
DEU,broh,5
DEU,zero i,5
DEU,akko,5
DEU,duach,5
DEU,frischkäse körn,5
DEU,snacktomaten,5
DEU,buko bal,5
DEU,puddingpulve,5
DEU,cops,5
DEU,käse tilsiter,5
DEU,iris,5
DEU,pizza tieg,5
DEU,Agar agar,5
DEU,sanpelle,5
DEU,Joghurt mit der,5
DEU,feuschte,5
DEU,cointreu,5
DEU,Heavy cream,5
DEU,butter kerrygold,5
DEU,sauce sweet,5
DEU,Rewe milch,5
DEU,mais torti,5
DEU,ziegenfris,5
DEU,parmrsan,5
DEU,orangenlik,5
DEU,haagen da,5
DEU,frostrawberry,5
DEU,münch,5
DEU,ndu,5
DEU,kartoffel taschen,5
DEU,weiswü,5
DEU,Fleischtomate,5
DEU,nikn,5
DEU,amaren,5
DEU,Iso,5
DEU,muo,5
DEU,hefek,5
DEU,Effect,5
DEU,ssla,5
DEU,rosted,5
DEU,schokotorte,5
DEU,rapeseed oil,5
DEU,sazik,5
DEU,Pete,5
DEU,zuckerr,5
DEU,pici,5
DEU,Lay,5
DEU,tomas,5
DEU,manne,5
DEU,ganzes huhn,5
DEU,parmegan,5
DEU,gehackte tomat,5
DEU,sprite tero,5
DEU,chris,5
DEU,vanille Pudding,5
DEU,ferrari,5
DEU,Bebivita,5
DEU,griechischer joghur,5
DEU,alpro prote,5
DEU,Häa,5
DEU,dll,5
DEU,kirschgr,5
DEU,aul,5
DEU,schwarzebohnen,5
DEU,duftste,5
DEU,bechamel so,5
DEU,flutsch finger,5
DEU,wasser sprit,5
DEU,‏w,5
DEU,hundeei,5
DEU,mozzera,5
DEU,proteinshak,5
DEU,h7,5
DEU,desserz,5
DEU,braunzucker,5
DEU,sahne laktos,5
DEU,Kaugummis,5
DEU,vrötchen,5
DEU,tangeri,5
DEU,weii,5
DEU,saturn,5
DEU,Cappuchino,5
DEU,salzstangem,5
DEU,marö,5
DEU,tomate sau,5
DEU,mallb,5
DEU,kokusnuss wasser,5
DEU,süsß,5
DEU,Hafer flocken,5
DEU,toq,5
DEU,cetri,5
DEU,feni,5
DEU,nachso,5
DEU,milka keks,5
DEU,paracetam,5
DEU,goldies,5
DEU,Ppura,5
DEU,Exqui,5
DEU,butter zum braten,5
DEU,levi,5
DEU,nudel penne,5
DEU,rühe,5
DEU,Konfit,5
DEU,roibo,5
DEU,schokoküss,5
DEU,erbsen und mö,5
DEU,soarkling,5
DEU,prisecco,5
DEU,aufschitt,5
DEU,gesalzene chips,5
DEU,hibiskustee,5
DEU,oarl,5
DEU,Backpul,5
DEU,klen,5
DEU,alcoholfree beer,5
DEU,passionsfr,5
DEU,mochit,5
DEU,rinderbacon,5
DEU,coke zero zero,5
DEU,zazu,5
DEU,red rice,5
DEU,sonnenblumöl,5
DEU,sprüde,5
DEU,boneless,5
DEU,marmelade weniger,5
DEU,heilwass,5
DEU,rindwu,5
DEU,Paramount,5
DEU,dinkel waffel,5
DEU,Wasser mit geschma,5
DEU,volvic z,5
DEU,zuchhin,5
DEU,snf,5
DEU,flunk,5
DEU,washing liq,5
DEU,kaffeebohnen 1kg,5
DEU,katzen leckerlie,5
DEU,Haselnussmus,5
DEU,putenschink,5
DEU,feta ch,5
DEU,seealgen,5
DEU,baer,5
DEU,glutenfrie,5
DEU,idon,5
DEU,Ins,5
DEU,Chesterfield,5
DEU,Pamesan,5
DEU,restaurante,5
DEU,lightbulb,5
DEU,fargalle,5
DEU,pasta g,5
DEU,crema balsamico,5
DEU,teigtas,5
DEU,rotkr,5
DEU,twiste,5
DEU,saußen,5
DEU,dart,5
DEU,beokolie,5
DEU,ich,5
DEU,küche r,5
DEU,paprika Gewürz,5
DEU,butterc,5
DEU,Silber,5
DEU,nescafr,5
DEU,Chickpea,5
DEU,sowzi,5
DEU,osafr,5
DEU,Pistazien creme,5
DEU,truth,5
DEU,protein n,5
DEU,vanni,5
DEU,tpas,5
DEU,mirta,5
DEU,essenz,5
DEU,rahmkä,5
DEU,baur,5
DEU,pfefferrahm,5
DEU,ketschuo,5
DEU,hotsog,5
DEU,Bepanthen,5
DEU,persil universal,5
DEU,salatdressin,5
DEU,grune bohnen,5
DEU,rücker,5
DEU,paris,5
DEU,hähnchenspieß,5
DEU,g9,5
DEU,low kcal,5
DEU,protein kaff,5
DEU,hot chilli,5
DEU,zero drink,5
DEU,wein wei,5
DEU,katjes sauer,5
DEU,eied,5
DEU,kartoffelspalten,5
DEU,cani,5
DEU,bio zwi,5
DEU,Smar,5
DEU,garlic seasoning,5
DEU,Land,5
DEU,brötchen protein,5
DEU,malbuch,5
DEU,prep my mea,5
DEU,mozeral,5
DEU,sauerkirch,5
DEU,kinder surprise,5
DEU,waachmittel,5
DEU,crap,5
DEU,zigarrett,5
DEU,Chipotle,5
DEU,riegel vegan,5
DEU,mø,5
DEU,cem,5
DEU,milka bro,5
DEU,rosinenstuten,5
DEU,cremm,5
DEU,proscuito,5
DEU,gsrnelen,5
DEU,back camembert,5
DEU,geanatapfel,5
DEU,malbora,5
DEU,mäler,5
DEU,Olien,5
DEU,pringlew,5
DEU,butter unge,5
DEU,yoğut,5
DEU,kombud,5
DEU,trap,5
DEU,farbt,5
DEU,scmand,5
DEU,hahe,5
DEU,Kaffee sahne,5
DEU,sucz,5
DEU,petwrsilie,5
DEU,gekochter sch,5
DEU,ernü,5
DEU,flensb,5
DEU,Tischdecke,5
DEU,sommerr,5
DEU,reisq,5
DEU,milch haltb,5
DEU,waffen,5
DEU,griechisch joghurt,5
DEU,Deli,5
DEU,Wiesen,5
DEU,choa,5
DEU,rewe kokos,5
DEU,pitenbrust,5
DEU,energy riegel,5
DEU,jalapeñ,5
DEU,saftoran,5
DEU,sushi re,5
DEU,mozzarre,5
DEU,kaffee weißer,5
DEU,chicken stick,5
DEU,olibe,5
DEU,nutella bi,5
DEU,Frühlingszwie,5
DEU,mirror,5
DEU,parslwy,5
DEU,kokosnusswa,5
DEU,juit,5
DEU,Waschmittel frosch,5
DEU,Lee kum,5
DEU,veganes hänchen,5
DEU,mauam,5
DEU,limos,5
DEU,klopspier,5
DEU,Jon,5
DEU,salted carame,5
DEU,trüffwl,5
DEU,seig,5
DEU,sauce chili,5
DEU,head a,5
DEU,dosenpf,5
DEU,löffelbisk,5
DEU,kräuter qua,5
DEU,spinaxh,5
DEU,hygiene tücher,5
DEU,geflügel sal,5
DEU,papada,5
DEU,brotd,5
DEU,corry,5
DEU,geschurr,5
DEU,naturr,5
DEU,kartoffeltasch,5
DEU,steake,5
DEU,alkho,5
DEU,pomer,5
DEU,erdnuss öl,5
DEU,vegan t,5
DEU,springf,5
DEU,sharpener,5
DEU,rote curry paste,5
DEU,body milk,5
DEU,btötchen,5
DEU,laktoae,5
DEU,kisney,5
DEU,fin cr,5
DEU,vollwasc,5
DEU,apfel s,5
DEU,elf bar pods,5
DEU,pomogr,5
DEU,chips aln,5
DEU,duftst,5
DEU,tk pizz,5
DEU,flasen,5
DEU,burger köse,5
DEU,Dorito,5
DEU,hähnbrust,5
DEU,cä,5
DEU,natural yoghurt,5
DEU,toilet papr,5
DEU,kaffe gold,5
DEU,marzipantorte,5
DEU,naturjoghurt laktosefrei,5
DEU,wadchmittel,5
DEU,Toilettenbürste,5
DEU,Bergader Bergbauern Käsescheiben mild-nussig,5
DEU,lenses,5
DEU,grießklö,5
DEU,carrot sticks,5
DEU,reis w,5
DEU,plastikt,5
DEU,De Cecco,5
DEU,Dr peppe,5
DEU,chuppa,5
DEU,knoblauch granuliert,5
DEU,Nektar,5
DEU,Königer,5
DEU,toate,5
DEU,bittermil,5
DEU,ironmaxx,5
DEU,schoko mü,5
DEU,protein mous,5
DEU,zeir,5
DEU,tempranillo,5
DEU,toalette,5
DEU,kokt,5
DEU,Crunchy Früchte,5
DEU,toilettpaper,5
DEU,toilettenpapier feu,5
DEU,manum,5
DEU,inkontine,5
DEU,Ostmann,5
DEU,apfesa,5
DEU,qass,5
DEU,Zwiebel duo,5
DEU,Käsestangen,5
DEU,zuckerapri,5
DEU,beü,5
DEU,windex,5
DEU,weisse Bohnen,5
DEU,"milch 1,5 ja",5
DEU,energy bull,5
DEU,Bratfett,5
DEU,piiza,5
DEU,zero calorie,5
DEU,whysk,5
DEU,grt,5
DEU,kqrto,5
DEU,Eiss,5
DEU,Kräuterbague,5
DEU,aponge,5
DEU,mortadellla,5
DEU,III,5
DEU,haarsha,5
DEU,mandel eis,5
DEU,brot ha,5
DEU,powder milk,5
DEU,fettr,5
DEU,frucj,5
DEU,magnum vega,5
DEU,klebeb,5
DEU,Kartoffelpur,5
DEU,zahnseidesticks,5
DEU,ben and herrys,5
DEU,vegan mil,5
DEU,Tote,5
DEU,pfankuc,5
DEU,orri,5
DEU,snack !t,5
DEU,apfelsine,5
DEU,Marathon,5
DEU,schote,5
DEU,tütw,5
DEU,spple,5
DEU,Pantene,5
DEU,bolig,5
DEU,Käse sauce,5
DEU,six pack,5
DEU,Blumenkoh,5
DEU,karotr,5
DEU,Himbeer sirup,5
DEU,carba,5
DEU,Taschentuch b,5
DEU,glamm,5
DEU,procs,5
DEU,geillkäse,5
DEU,jean&len,5
DEU,dinkelpop,5
DEU,snackmöhre,5
DEU,fruchtqua,5
DEU,Joghurt mango,5
DEU,rocola,5
DEU,bio kaff,5
DEU,Eierpfannkuchen,5
DEU,vegan flei,5
DEU,premix,5
DEU,cola zero 2,5
DEU,suç,5
DEU,Mehrfachsteckdose,5
DEU,Helles,5
DEU,chilli f,5
DEU,scheuermi,5
DEU,teewurdt,5
DEU,paulbe,5
DEU,mamb,5
DEU,lorbl,5
DEU,Philadel,5
DEU,buckwe,5
DEU,wasser zitr,5
DEU,piccoballa,5
DEU,milchbrötc,5
DEU,black chocolate,5
DEU,hamburger soße,5
DEU,gemusebru,5
DEU,kinder essen,5
DEU,tunfisch dose,5
DEU,ahrimp,5
DEU,speise quark,5
DEU,le gru,5
DEU,pitaya,5
DEU,erdnuss muss,5
DEU,dinkelpuffer,5
DEU,o mochi,5
DEU,radp,5
DEU,Yu,5
DEU,Niveau Öl,5
DEU,buillon,5
DEU,beve,5
DEU,Cocon,5
DEU,Eis c,5
DEU,vegane wur,5
DEU,Shake,5
DEU,puffing,5
DEU,protein grie,5
DEU,Ayrsn,5
DEU,saft 100,5
DEU,rindsalami,5
DEU,Wasser mit k,5
DEU,sauerteigb,5
DEU,speisestark,5
DEU,paradies creme,5
DEU,kalamari,5
DEU,poppadom,5
DEU,dany,5
DEU,Spu,5
DEU,Des,5
DEU,beeren mi,5
DEU,king size,5
DEU,pup,5
DEU,geschenkpapir,5
DEU,toallas,5
DEU,"SanLucar Rubin Cocktail-Tomaten mit Rispe, 400 g",5
DEU,bio ziege,5
DEU,dupp,5
DEU,bathroom tissues,5
DEU,patris,5
DEU,magen tee,5
DEU,Küchentuch,5
DEU,temma,5
DEU,Apfelwasser,5
DEU,creme lei,5
DEU,loh,5
DEU,fa duschgel,5
DEU,alzweckreiniger,5
DEU,schoko au,5
DEU,hähnchengeschne,5
DEU,maracujasa,5
DEU,trauben kernlos,5
DEU,instant noodel,5
DEU,Rahmsoße,5
DEU,purr,5
DEU,Rahmspina,5
DEU,sausage bio,5
DEU,Fliege,5
DEU,marlborl,5
DEU,kanan,5
DEU,pauö,5
DEU,dr peo,5
DEU,tampon mini,5
DEU,grapf,5
DEU,McDonald's,5
DEU,küchenril,5
DEU,wn,5
DEU,Thunfisch in Wasser,5
DEU,vegeter,5
DEU,oan,5
DEU,eis kak,5
DEU,bier 6,5
DEU,oyester,5
DEU,cheese crackers,5
DEU,dove dusch,5
DEU,Kräute,5
DEU,kefie,5
DEU,Ergülü,5
DEU,sesame o,5
DEU,penir,5
DEU,köä,5
DEU,sandwis,5
DEU,kücjenrolle,5
DEU,ice creame,5
DEU,Gauloi,5
DEU,totopos,5
DEU,bojnen,5
DEU,beetro,5
DEU,de gecc,5
DEU,ofenkäse vegan,5
DEU,tea black,5
DEU,mozzsrella,5
DEU,fanta zwro,5
DEU,tomato frito,5
DEU,spezi zer,5
DEU,scharfe Sosse,5
DEU,mngo,5
DEU,Koro protein,5
DEU,wein liebli,5
DEU,knoblauch pulv,5
DEU,leberpas,5
DEU,knipser,5
DEU,mandelmo,5
DEU,griechischer y,5
DEU,eissig,5
DEU,youh,5
DEU,froo,5
DEU,maemelade,5
DEU,halstabletten,5
DEU,gwür,5
DEU,dinkelpasta,5
DEU,poppi,5
DEU,wrab,5
DEU,giza,5
DEU,apfelesdig,5
DEU,eingelegter knoblauch,5
DEU,giros,5
DEU,instantkaffe,5
DEU,alkoholfreie sekt,5
DEU,mayd,5
DEU,totil,5
DEU,pinken,5
DEU,knort,5
DEU,pizza laktosefrei,5
DEU,prongels,5
DEU,pesta,5
DEU,mimz,5
DEU,backmischunh,5
DEU,eis mö,5
DEU,mirtadella,5
DEU,sslami,5
DEU,elix,5
DEU,Gerolsteiner medium,5
DEU,mapo,5
DEU,sback,5
DEU,thundisch,5
DEU,larott,5
DEU,cup noodel,5
DEU,Quark lakto,5
DEU,apfelss,5
DEU,Pastinake,5
DEU,rosenmehl,5
DEU,zitronenbrause,5
DEU,vanille wuark,5
DEU,sekt alkoh,5
DEU,eadler,5
DEU,urkorn,5
DEU,the butcher,5
DEU,teic,5
DEU,rewe beste wahl wass,5
DEU,eis koko,5
DEU,nudeln fussi,5
DEU,hlutenfrei,5
DEU,tinned beans,5
DEU,folsä,5
DEU,ghost,5
DEU,сыр,5
DEU,durstlöscher pfirsich,5
DEU,sandwich vollkorn,5
DEU,quetch,5
DEU,"Milch 3,5",5
DEU,fleckenteufel,5
DEU,Dickmanns,5
DEU,mortdella,5
DEU,Koria,5
DEU,frühlingszwiebek,5
DEU,Zwa,5
DEU,eur,5
DEU,et suyu,5
DEU,suchini,5
DEU,deka,5
DEU,schru,5
DEU,fenchel anis kümmel,5
DEU,gestückelte tomate,5
DEU,frischkäse lactose,5
DEU,biolusz,5
DEU,lego city,5
DEU,arpa şehriye,5
DEU,ursalz,5
DEU,aptamil 3,5
DEU,liminade,5
DEU,kej,5
DEU,Wäschepods,5
DEU,kiro,5
DEU,saer,5
DEU,emmentha,5
DEU,kinderbueno,5
DEU,Dr Pepper,5
DEU,Paprika bio,5
DEU,tiefkühl frü,5
DEU,dry sham,5
DEU,aufbavk,5
DEU,de rit,5
DEU,Tiefkühlpizza,5
DEU,ritter sport vegan,5
DEU,backformen,5
DEU,biorebe,5
DEU,bio wier,5
DEU,borot,5
DEU,oat f,5
DEU,American sandwich,5
DEU,Earl grey,5
DEU,toiletten ja,5
DEU,hirteb,5
DEU,ohrop,5
DEU,egf,5
DEU,sorit,5
DEU,cloro,5
DEU,balsamico dress,5
DEU,saftschorle,5
DEU,milk tea,5
DEU,petrrs,5
DEU,Bio g,5
DEU,ristorant,5
DEU,königsberger kl,5
DEU,Sek,5
DEU,granat apfel,5
DEU,suppengruen,5
DEU,seele,5
DEU,fruxht,5
DEU,gerieben k,5
DEU,flohsamensch,5
DEU,evert,5
DEU,spagi,5
DEU,black sesam,5
DEU,Kchen,5
DEU,eapresso,5
DEU,tomat pasta,5
DEU,Gemüe,5
DEU,ingwer saft,5
DEU,bell peoper,5
DEU,Vollmilch scho,5
DEU,Zip,5
DEU,scented,5
DEU,finrsse,5
DEU,Wrst,5
DEU,Blättert,5
DEU,vitamin k,5
DEU,dinkr,5
DEU,jägerso,5
DEU,chips more,5
DEU,monini,5
DEU,avon,5
DEU,vitakraf,5
DEU,rolled,5
DEU,weicj,5
DEU,cerav,5
DEU,Biolust,5
DEU,caot,5
DEU,eis berlin,5
DEU,pasya,5
DEU,dudch,5
DEU,truly,5
DEU,moss,5
DEU,würfelzuck,5
DEU,maxon,5
DEU,fair pl,5
DEU,steusel,5
DEU,gessner,5
DEU,Lubricant,5
DEU,viennetta,5
DEU,creme g,5
DEU,pickle in,5
DEU,proteinriegel koro,5
DEU,zugaret,5
DEU,hackfleisch gem,5
DEU,yogurt lactose free,5
DEU,halbfett,5
DEU,kochwurst,5
DEU,baby na,5
DEU,paletes,5
DEU,Cash,5
DEU,mortedella,5
DEU,protein pa,5
DEU,chillifl,5
DEU,cutl,5
DEU,yort,5
DEU,Brötchen tief,5
DEU,aprilosen,5
DEU,küchen ro,5
DEU,massa,5
DEU,waschmottel,5
DEU,maoam kracher,5
DEU,hafercoo,5
DEU,eiswä,5
DEU,puk,5
DEU,getrockene tom,5
DEU,sahne m,5
DEU,chocolad,5
DEU,Volvix,5
DEU,towe,5
DEU,sendling,5
DEU,granoöa,5
DEU,gaff,5
DEU,trockenfutte,5
DEU,ayçiçek,5
DEU,Pis,5
DEU,sex t,5
DEU,MÜLLBEUTEL,5
DEU,alnatura berg,5
DEU,zahnpasta white,5
DEU,spanich,5
DEU,wasmittel,5
DEU,sauregurke,5
DEU,Vita  cola,5
DEU,caramel popcorn,5
DEU,vegetarischer aufstrich,5
DEU,vitm,5
DEU,störtebe,5
DEU,kakao back,5
DEU,schocklade,5
DEU,Brasilien,5
DEU,high protein chips,5
DEU,rocksta,5
DEU,probiot,5
DEU,pinot g,5
DEU,paprika ro,5
DEU,schmelzkäsw,5
DEU,siede,5
DEU,ofenchip,5
DEU,göas,5
DEU,alaska see,5
DEU,erfrischun,5
DEU,glass clea,5
DEU,mizzar,5
DEU,uri,5
DEU,garnee,5
DEU,paulberge,5
DEU,Cell,5
DEU,weißbi,5
DEU,refresh,5
DEU,fox,5
DEU,ars,5
DEU,geröstete nüsse,5
DEU,torten creme,5
DEU,Apfel Birne Saft,5
DEU,kokos ra,5
DEU,Bref,5
DEU,Schokodrops,5
DEU,seet,5
DEU,Panier,5
DEU,suppen n,5
DEU,beie,5
DEU,ground nut,5
DEU,enten,5
DEU,Rote z,5
DEU,Knoblauch sau,5
DEU,vanilla coke zero,5
DEU,cte,5
DEU,Brtchen,5
DEU,schmelzkaese,5
DEU,Sweet,5
DEU,strum,5
DEU,rauchmandel,5
DEU,frozen fru,5
DEU,bio compa,5
DEU,söinat,5
DEU,smit,5
DEU,rewe high,5
DEU,alnatura brö,5
DEU,olive schwarz,5
DEU,Rügenwal,5
DEU,clr,5
DEU,ku h,5
DEU,gefrorenes gem,5
DEU,cornishons,5
DEU,alkoholfreie bier,5
DEU,erbsenm,5
DEU,converter,5
DEU,hanim,5
DEU,salqmi,5
DEU,davo,5
DEU,5 spice,5
DEU,wasser  still,5
DEU,cola lighr,5
DEU,lactosefrei butter,5
DEU,weiskraut,5
DEU,extra gum,5
DEU,snyd,5
DEU,essigreinig,5
DEU,Lucky strike,5
DEU,ice wur,5
DEU,Ohren,5
DEU,pepper zero,5
DEU,ohne sugar,5
DEU,mini donut,5
DEU,pizza alna,5
DEU,baby sha,5
DEU,milkslice,5
DEU,mancha,5
DEU,fischk,5
DEU,gewuer,5
DEU,Ery,5
DEU,cesear,5
DEU,proteinmilcj,5
DEU,buzdolabı poşeti,5
DEU,orzo sala,5
DEU,chicken sa,5
DEU,Nase,5
DEU,dampfnudeln,5
DEU,kurz h,5
DEU,Rewe Wasser,5
DEU,rdler,5
DEU,alpro not milk,5
DEU,Band,5
DEU,salatcre,5
DEU,aufschnittkäse,5
DEU,wassermelone bio,5
DEU,Meica,5
DEU,fonzie,5
DEU,fafalle,5
DEU,kaffee we,5
DEU,eidwür,5
DEU,heisel,5
DEU,erasci,5
DEU,light cream cheese,5
DEU,Mexikanisch,5
DEU,passionsfru,5
DEU,sesamstange,5
DEU,syri,5
DEU,brazilian,5
DEU,quarkcrem,5
DEU,rewe croissant,5
DEU,jack daniels cola,5
DEU,live,5
DEU,cb12,5
DEU,isopro,5
DEU,guh,5
DEU,alnatura sticks,5
DEU,Bio gurk,5
DEU,tomato salsa,5
DEU,fitness brot,5
DEU,cachaca,5
DEU,gekühlte getränke,5
DEU,salatgurken,5
DEU,tütensup,5
DEU,tk be,5
DEU,podravka,5
DEU,orasaft,5
DEU,tomato mark,5
DEU,bread harry,5
DEU,käse grill,5
DEU,cear,5
DEU,resuce,5
DEU,SAFT,5
DEU,brat wurst,5
DEU,petee,5
DEU,Kräuterlinge,5
DEU,vanu,5
DEU,hänchwn,5
DEU,trink joghurt,5
DEU,käz,5
DEU,huo,5
DEU,perlc,5
DEU,nutek,5
DEU,milch p,5
DEU,salvei,5
DEU,alnatura chip,5
DEU,Schokopu,5
DEU,Lö,5
DEU,kölln knusper,5
DEU,Melitta,5
DEU,alkoholfreis,5
DEU,xe,5
DEU,Feuchttüch,5
DEU,yoghurt soja,5
DEU,rnd,5
DEU,pasta käse,5
DEU,griesskl,5
DEU,schoko nips,5
DEU,sheva,5
DEU,Pumpernickel,5
DEU,dinkeltoas,5
DEU,temphe,5
DEU,Tamari,5
DEU,tiefkühl brö,5
DEU,ja moz,5
DEU,gläsern,5
DEU,dry frui,5
DEU,milk con,5
DEU,cleaning vinegar,5
DEU,pfeffer s,5
DEU,yourg,5
DEU,bio blueberry,5
DEU,leberknödel,5
DEU,caykur,5
DEU,blatterte,5
DEU,mischgemüs,5
DEU,Spargel grün,5
DEU,reis natur,5
DEU,pakchoy,5
DEU,meiste,5
DEU,Ass,5
DEU,olivenoi,5
DEU,tomaten soß,5
DEU,Alntura,5
DEU,milk lactose frei,5
DEU,rewe s,5
DEU,joghurt alternative,5
DEU,munchner,5
DEU,kalkent,5
DEU,Kinder trinken,5
DEU,haferlo,5
DEU,Türkei,5
DEU,kraur,5
DEU,filtertü,5
DEU,küchenroo,5
DEU,dinkelmehö,5
DEU,eıer,5
DEU,hhn,5
DEU,tuf,5
DEU,Chilipulver,5
DEU,dönerfleisch,5
DEU,marmelade ohne,5
DEU,fagw,5
DEU,adjika,5
DEU,intimwasch,5
DEU,Mrm,5
DEU,nudesalat,5
DEU,mazcha,5
DEU,geüne bohnen,5
DEU,trauben nuss,5
DEU,ja hähn,5
DEU,white egg,5
DEU,soy drink,5
DEU,toilet cle,5
DEU,apfelsaft nat,5
DEU,dinkel spag,5
DEU,brot rewe,5
DEU,harfermilch,5
DEU,croit,5
DEU,battee,5
DEU,mozerall,5
DEU,selleriw,5
DEU,umam,5
DEU,fusc,5
DEU,mekka,5
DEU,uc,5
DEU,fidchst,5
DEU,kisc,5
DEU,flutschfi,5
DEU,Pathos,5
DEU,kãs,5
DEU,heisluft,5
DEU,Briefumschlag,5
DEU,vollkornwrap,5
DEU,молоко,5
DEU,remoulade vegan,5
DEU,microfa,5
DEU,fırın,5
DEU,paprika gefüllt,5
DEU,spezi z,5
DEU,vanille pulver,5
DEU,Expressreis,5
DEU,Raum duft,5
DEU,corna,5
DEU,schoko tröp,5
DEU,Käse am,5
DEU,dark chol,5
DEU,naggi,5
DEU,jumpi,5
DEU,Bär,5
DEU,Ja c,5
DEU,frosch fett,5
DEU,camera,5
DEU,flus,5
DEU,lemond,5
DEU,sahne meer,5
DEU,swin,5
DEU,weissen,5
DEU,kucharek,5
DEU,Pizza m,5
DEU,proscio,5
DEU,apfel zwiebel,5
DEU,oktop,5
DEU,ingew,5
DEU,party mix,5
DEU,obsy,5
DEU,ebe,5
DEU,zira,5
DEU,percil,5
DEU,süßkartoffwl,5
DEU,tmmmm⁰,5
DEU,Rinderhac,5
DEU,Dr.pepper,5
DEU,see lachs,5
DEU,grken,5
DEU,avoccado,5
DEU,tk essen,5
DEU,Kräuterquark leicht,5
DEU,erdni,5
DEU,albray,5
DEU,Wäscheständer,5
DEU,toastbrötcheb,5
DEU,Einmalhandschuhe,5
DEU,"milch 3,5%",5
DEU,rote twiebel,5
DEU,kychen,5
DEU,sakr,5
DEU,rotwwin,5
DEU,american coo,5
DEU,haselnuss eis,5
DEU,sepzi,5
DEU,Alpenmilch,5
DEU,protein shak,5
DEU,gulascg,5
DEU,nodl,5
DEU,farina,5
DEU,to go salat,5
DEU,lauchzwievel,5
DEU,ingewer,5
DEU,banda,5
DEU,rind ha,5
DEU,weisk,5
DEU,botter,5
DEU,kotlet,5
DEU,edbeer,5
DEU,Butter bio,5
DEU,aufustiner,5
DEU,tg,5
DEU,olivel,5
DEU,aia,5
DEU,stäbche,5
DEU,vky,5
DEU,bolignese,5
DEU,lenor sensitiv,5
DEU,chips oliven,5
DEU,Creme frech,5
DEU,feuchtes klop,5
DEU,Spareribs,5
DEU,mespresso,5
DEU,hmilc,5
DEU,pfrische,5
DEU,Blättertei,5
DEU,dchw,5
DEU,vegan wur,5
DEU,harry eiweis,5
DEU,maccharoni,5
DEU,chips gesal,5
DEU,fruchs,5
DEU,suppenbrühe,5
DEU,Vanille Pudding,5
DEU,lactose free butter,5
DEU,wadder,5
DEU,ja tee,5
DEU,schüttel,5
DEU,musco,5
DEU,bqck,5
DEU,Chipd,5
DEU,festival,5
DEU,pizza p,5
DEU,blumenstra,5
DEU,knalle popcorn,5
DEU,Getränke eistee,5
DEU,ingwer zitrone,5
DEU,mülltütwn,5
DEU,kaufla,5
DEU,hard,5
DEU,brioche b,5
DEU,käse geriebem,5
DEU,belt,5
DEU,white onions,5
DEU,spnat,5
DEU,bio fleis,5
DEU,tiramidu,5
DEU,elvit,5
DEU,chipsy,5
DEU,mono,5
DEU,lögfel,5
DEU,douglas,5
DEU,Ritter spo,5
DEU,Wall,5
DEU,khri,5
DEU,milka kuh,5
DEU,simo,5
DEU,Harry bro,5
DEU,Tomaten gestückelt,5
DEU,e-zi,5
DEU,Batterien aa,5
DEU,olivenoe,5
DEU,paletta,5
DEU,apfelsaftsc,5
DEU,polo,5
DEU,crav,5
DEU,soya yo,5
DEU,ecken,5
DEU,rote s,5
DEU,caramel protein,5
DEU,getränk zero,5
DEU,dchnitz,5
DEU,Tomaten mutti,5
DEU,lazy,5
DEU,eisschoko,5
DEU,Cane,5
DEU,Pfirs,5
DEU,sppl,5
DEU,tiktak,5
DEU,white sau,5
DEU,himbeerma,5
DEU,sonnen creme,5
DEU,mini to,5
DEU,apfel shorle,5
DEU,getrocknete pilze,5
DEU,aktiv kohle,5
DEU,chili chee,5
DEU,brotsc,5
DEU,mini b,5
DEU,nuddl,5
DEU,etdn,5
DEU,yugo,5
DEU,uei,5
DEU,hatr,5
DEU,sheet mask,5
DEU,pssierte tomaten,5
DEU,tiefgek,5
DEU,käse al,5
DEU,füller,5
DEU,schlemmertö,5
DEU,pizza f,5
DEU,gnochu,5
DEU,kräuerbutter,5
DEU,nä,5
DEU,knaber,5
DEU,Teriyaki Sauce,5
DEU,Tomaen,5
DEU,vitak,5
DEU,Schnee,5
DEU,uva,5
DEU,scone,5
DEU,rode,5
DEU,creme männer,5
DEU,dark soy,5
DEU,cinoa,5
DEU,Ferment,5
DEU,nur die,5
DEU,bittet,5
DEU,sliced ham,5
DEU,palmherz,5
DEU,iqod,5
DEU,frische pa,5
DEU,griechischer yo,5
DEU,raucher tofu,5
DEU,Head,5
DEU,eednuss,5
DEU,Schokoladen Kuchen,5
DEU,croo,5
DEU,sancarlo,5
DEU,smel,5
DEU,grmü,5
DEU,schnü,5
DEU,almn,5
DEU,salatine,5
DEU,himbeerr,5
DEU,marbol,5
DEU,schanzen,5
DEU,slz,5
DEU,skin care,5
DEU,rosenscharf,5
DEU,jarri,5
DEU,gehackte tonaten,5
DEU,vegane sc,5
DEU,gebi,5
DEU,griescher,5
DEU,Barbe,5
DEU,Kirschen i,5
DEU,nikot,5
DEU,Vanille s,5
DEU,adler,5
DEU,eis am stil,5
DEU,thuni,5
DEU,körno,5
DEU,pasta glu,5
DEU,piement,5
DEU,wein s,5
DEU,passiete,5
DEU,kombuvha,5
DEU,sebame,5
DEU,bargett,5
DEU,mursli,5
DEU,pomegranite,5
DEU,Biomüll,5
DEU,eal,5
DEU,Kartofeln,5
DEU,fanta exptic,5
DEU,gioio,5
DEU,felinche,5
DEU,backa,5
DEU,emmu,5
DEU,fruchtpü,5
DEU,bioma,5
DEU,pfandkuchen,5
DEU,blun,5
DEU,sonnensch,5
DEU,nudeln klein,5
DEU,schockobrötchen,5
DEU,makeup en,5
DEU,cheese b,5
DEU,curry soße,5
DEU,lachsf,5
DEU,cornch,5
DEU,masdamer,5
DEU,babab,5
DEU,yoghurt eis,5
DEU,Protein jog,5
DEU,m&m cookie,5
DEU,like d,5
DEU,spulun,5
DEU,Brennessel,5
DEU,pueplo,5
DEU,pancheta,5
DEU,cocktail plant,5
DEU,nudwl,5
DEU,chockl,5
DEU,energy bullit,5
DEU,frischer kakao,5
DEU,burger brötc,5
DEU,würfelzuc,5
DEU,sommerroll,5
DEU,chicken bro,5
DEU,Dinkelbrötchen,5
DEU,seitenbach,5
DEU,apfelschorme,5
DEU,schafska,5
DEU,Sauerkir,5
DEU,milk 1,5
DEU,bindeb,5
DEU,mjo,5
DEU,gewürzsalz,5
DEU,eirt,5
DEU,chili fla,5
DEU,Erdbeer Joghurt,5
DEU,MELONE,5
DEU,milka chocolate,5
DEU,soya sahne,5
DEU,leberpa,5
DEU,kalte getr,5
DEU,cherry tomatos,5
DEU,kaffeepu,5
DEU,kirschjoghurt,5
DEU,jalepen,5
DEU,kackfleisch,5
DEU,schokoladenkuchen,5
DEU,snickers white,5
DEU,trockenwurst,5
DEU,salami protein,5
DEU,taka,5
DEU,Bat,5
DEU,erdinge,5
DEU,cottage pearls,5
DEU,bier ohne,5
DEU,Qur,5
DEU,Zitrone bio,5
DEU,Handcreme,5
DEU,nutritional ye,5
DEU,sivri,5
DEU,erba,5
DEU,pfepf,5
DEU,weisswürste,5
DEU,vegane remoulade,5
DEU,tiekühl,5
DEU,quail,5
DEU,nitro,5
DEU,wasser evian,5
DEU,Bade,5
DEU,bio rucola,5
DEU,rasiercreme,5
DEU,palom,5
DEU,Eistee ze,5
DEU,bavk,5
DEU,johannesb,5
DEU,Riesenbohnen,5
DEU,water+,5
DEU,salz dill,5
DEU,katroffeln,5
DEU,käse low fat,5
DEU,cocos milk,5
DEU,rosè,5
DEU,laugengeb,5
DEU,Orangesaft,5
DEU,Apo,5
DEU,watte pads,5
DEU,volvic Touch,5
DEU,thunfisch in öl,5
DEU,paso paso,5
DEU,kaffee ins,5
DEU,pistaccio,5
DEU,black aca,5
DEU,Valdo,5
DEU,schmelzflock,5
DEU,batata,5
DEU,limoncelo,5
DEU,joghurt vani,5
DEU,rotba,5
DEU,coca z,5
DEU,cremen,5
DEU,zahnpasta senso,5
DEU,mozzarellA,5
DEU,Kiner,5
DEU,Zwetsch,5
DEU,erdnusa,5
DEU,backteig,5
DEU,coca ca,5
DEU,wc st,5
DEU,Erbeeren,5
DEU,cola koffe,5
DEU,Kurz haltbar,5
DEU,schoko stück,5
DEU,traubrn,5
DEU,dessert sau,5
DEU,hula,5
DEU,Salbeitee,5
DEU,tomaten sugo,5
DEU,aluminum foil,5
DEU,tomaten getrock,5
DEU,schokoladen sauce,5
DEU,high po,5
DEU,frischkäse lactosefrei,5
DEU,hengst,5
DEU,pudding sch,5
DEU,Pfirsich tee,5
DEU,buchweizen nudeln,5
DEU,creme gesicht,5
DEU,kokussnuss,5
DEU,frish käse,5
DEU,catrice,5
DEU,pulled por,5
DEU,möbe,5
DEU,hüttenkäde,5
DEU,zitrone tee,5
DEU,Wasser 0,5
DEU,brot h,5
DEU,dud,5
DEU,salt and vineg,5
DEU,gard,5
DEU,ipho,5
DEU,swedish,5
DEU,mpz,5
DEU,sandwich ch,5
DEU,mungi,5
DEU,bio wine,5
DEU,macron,5
DEU,Überraschungstüte,5
DEU,Snick,5
DEU,vegqn,5
DEU,ziegenmil,5
DEU,tomaten in dose,5
DEU,banh,5
DEU,twiz,5
DEU,skyr lactose free,5
DEU,Wein lieblich,5
DEU,ingwer gema,5
DEU,bernhard metthew,5
DEU,meeretisch,5
DEU,washmitte,5
DEU,Aj,5
DEU,pasatta,5
DEU,Meere,5
DEU,Säure sahne,5
DEU,grillwurs,5
DEU,Joghurt 1kg,5
DEU,hub,5
DEU,lego star,5
DEU,sprudelwasder,5
DEU,toilettentücher,5
DEU,fizzy water,5
DEU,milsana,5
DEU,Wasser mit g,5
DEU,ketxhu,5
DEU,wäscheklammern,5
DEU,porridgw,5
DEU,nürnberger rostbrat,5
DEU,Milch b,5
DEU,augenma,5
DEU,ananassaf,5
DEU,jef,5
DEU,campi,5
DEU,Chis,5
DEU,larotte,5
DEU,Eierli,5
DEU,kurkuma shot,5
DEU,soja sch,5
DEU,landmilch,5
DEU,nok,5
DEU,mozzarella laktosefrei,5
DEU,cob,5
DEU,bio melone,5
DEU,hennesy,5
DEU,Dosen Tomaten,5
DEU,curs,5
DEU,apge,5
DEU,light moza,5
DEU,agl,5
DEU,stremem,5
DEU,sacrotan,5
DEU,cornedbee,5
DEU,sahnne,5
DEU,pizza margharita,5
DEU,plaum,5
DEU,schwipp schwap,5
DEU,cola zet,5
DEU,uncle bend,5
DEU,insel,5
DEU,schöfferh,5
DEU,tirf,5
DEU,mutti pizza,5
DEU,windl,5
DEU,gemüsebrüge,5
DEU,fischat,5
DEU,vegan burg,5
DEU,mangp,5
DEU,filou,5
DEU,jones,5
DEU,zero zu,5
DEU,marzialle,5
DEU,flüssignahrung,5
DEU,pesto gen,5
DEU,san carl,5
DEU,baby tü,5
DEU,timt,5
DEU,gia,5
DEU,rewe bis,5
DEU,mayyonaise,5
DEU,Nur noch,5
DEU,achni,5
DEU,spühli,5
DEU,ants,5
DEU,lemone,5
DEU,konfitür,5
DEU,cordonbleu,5
DEU,cigratte,5
DEU,Prinzenrolle,5
DEU,glassrei,5
DEU,philide,5
DEU,saure gueken,5
DEU,möhrenstifte,5
DEU,Äpel,5
DEU,late ma,5
DEU,hipp comfort,5
DEU,kaffesahn,5
DEU,zucher,5
DEU,pall mall red,5
DEU,Shower,5
DEU,neuseeland,5
DEU,Dichtungen,5
DEU,bulgur salat,5
DEU,shis,5
DEU,krust,5
DEU,flwisch,5
DEU,sabd,5
DEU,kaminwurz,5
DEU,Eistee zitrone,5
DEU,ja jog,5
DEU,schaumseife,5
DEU,pulled po,5
DEU,marmalde,5
DEU,batarie,5
DEU,Ricott,5
DEU,krautsalt,5
DEU,kolrab,5
DEU,schoko cross,5
DEU,koro pistazie,5
DEU,cantalo,5
DEU,rewe bio schoko,5
DEU,msgnum,5
DEU,tomato passiert,5
DEU,pizza h,5
DEU,schonol,5
DEU,Em,5
DEU,mehrkornb,5
DEU,barguette,5
DEU,le gr,5
DEU,mini wassermelone,5
DEU,nudeln farfalle,5
DEU,yippy,5
DEU,weiß schokolade,5
DEU,kartoffelsalad,5
DEU,kaffepad,5
DEU,milk 1.5%,5
DEU,backü,5
DEU,Fon,5
DEU,Frichkäse,5
DEU,batist,5
DEU,saro,5
DEU,toilet papaer,5
DEU,gemüsebeü,5
DEU,Abo,5
DEU,Süßkartoffe,5
DEU,brot tief,5
DEU,Ketc,5
DEU,ramrn,5
DEU,exquisit,5
DEU,redbulö,5
DEU,bulmer,5
DEU,plansch,5
DEU,milram käse,5
DEU,paper towl,5
DEU,bese,5
DEU,maff,5
DEU,hake,5
DEU,trockenfutter hund,5
DEU,kräuter creme,5
DEU,milch uht,5
DEU,Matt,5
DEU,dad,5
DEU,beag,5
DEU,zwiebelduo,5
DEU,Salami pizza,5
DEU,poweade,5
DEU,Windeln 5,5
DEU,delevey,5
DEU,chocolate pow,5
DEU,dubai s,5
DEU,ayrq,5
DEU,tipps,5
DEU,mozarwll,5
DEU,Mango Ayran,5
DEU,fisv,5
DEU,lactose free yo,5
DEU,junp,5
DEU,pommegr,5
DEU,butter bis,5
DEU,martini bianco,5
DEU,pesto rustico,5
DEU,wiesenhog,5
DEU,nürnbergee,5
DEU,sprinkle,5
DEU,beans white,5
DEU,kräuteressi,5
DEU,Mrl,5
DEU,Nor,5
DEU,avocado hass,5
DEU,domo,5
DEU,medjoo,5
DEU,Heringstopf,5
DEU,protein deink,5
DEU,actimell,5
DEU,öl s,5
DEU,icew,5
DEU,meß,5
DEU,zent,5
DEU,Sülmi,5
DEU,haferri,5
DEU,colc,5
DEU,odor,5
DEU,Cornicho,5
DEU,zwin,5
DEU,lachs ger,5
DEU,hsr,5
DEU,dela,5
DEU,keske,5
DEU,sahm,5
DEU,bahn,5
DEU,öl sonnenblumen,5
DEU,Kaffee ins,5
DEU,auftrisch,5
DEU,geflügelaufschnitt,5
DEU,milchmädch,5
DEU,find,5
DEU,gut&,5
DEU,bernhar,5
DEU,packpap,5
DEU,arnica,5
DEU,qar,5
DEU,wash gel,5
DEU,protein sticks,5
DEU,dice,5
DEU,kokosmilch fett,5
DEU,kprbis,5
DEU,eiswprfel,5
DEU,"0,0 bier",5
DEU,kichererbsenwaffel,5
DEU,greic,5
DEU,fillo,5
DEU,munc,5
DEU,phiad,5
DEU,edr,5
DEU,biner,5
DEU,joghue,5
DEU,orote,5
DEU,pastille,5
DEU,chili sau,5
DEU,sandi,5
DEU,körner käse,5
DEU,Vegane Milch,5
DEU,toiletten rei,5
DEU,ragu,5
DEU,Chicken Burger,5
DEU,protein riegel vegan,5
DEU,gunn,5
DEU,alpro yog,5
DEU,chlori,5
DEU,suppen nu,5
DEU,letter,5
DEU,kalter c,5
DEU,kloapier,5
DEU,geütze,5
DEU,Schnittk,5
DEU,katoffelpü,5
DEU,basilil,5
DEU,zitronenpfeffer,5
DEU,wassermelons,5
DEU,Beste Wahl,5
DEU,bohnenkaffee,5
DEU,wholly,5
DEU,rotkhol,5
DEU,fens,5
DEU,luckY,5
DEU,glaze,5
DEU,curry ki,5
DEU,snakc,5
DEU,genüsebrühe,5
DEU,foile,5
DEU,paradiscreme,5
DEU,callip,5
DEU,galaxy,5
DEU,eis nutella,5
DEU,Mm,5
DEU,kukide,5
DEU,hähnh,5
DEU,gummit,5
DEU,ovaltine,5
DEU,dunkel bier,5
DEU,grapfruit,5
DEU,metzo,5
DEU,microfi,5
DEU,granar,5
DEU,konvetüre,5
DEU,alnatura cookies,5
DEU,Minus l,5
DEU,spaghettin,5
DEU,croqu,5
DEU,saöa,5
DEU,Coppenrath und,5
DEU,"cola 1,25",5
DEU,pizza gl,5
DEU,feta kuh,5
DEU,vegane f,5
DEU,parath,5
DEU,italian dressing,5
DEU,apramil,5
DEU,Müsi,5
DEU,cooking oul,5
DEU,chari te,5
DEU,Damen,5
DEU,garnelwn,5
DEU,wizen,5
DEU,dinkel to,5
DEU,gemüse fr,5
DEU,küchentuc,5
DEU,kräutersal,5
DEU,zungenwurst,5
DEU,wok nudeln,5
DEU,nüsse seeberger,5
DEU,minus l milch,5
DEU,Zartbitter Schokolade,5
DEU,Kartoffelpu,5
DEU,feigenmarme,5
DEU,käse ch,5
DEU,Kaffee Bohnen,5
DEU,reacu,5
DEU,powerafe,5
DEU,brioches,5
DEU,mini shampoo,5
DEU,Tiefkühlbeeren,5
DEU,brötchen auf,5
DEU,heringsfi,5
DEU,chilies,5
DEU,BZ,5
DEU,grillwur,5
DEU,pfeffer gewürz,5
DEU,brõ,5
DEU,tegu,5
DEU,babywasse,5
DEU,san marza,5
DEU,manz,5
DEU,grr,5
DEU,Genuss pur,5
DEU,frozen sna,5
DEU,dr kargs,5
DEU,wassetr,5
DEU,opa,5
DEU,kreuzkümme,5
DEU,caipirinha,5
DEU,nescafw,5
DEU,cornd,5
DEU,pommes g,5
DEU,first,5
DEU,glutenfreie hafer,5
DEU,Jogurt laktosefrei,5
DEU,halal h,5
DEU,mixed salad,5
DEU,prima,5
DEU,goats,5
DEU,haribo colorado,5
DEU,baby be,5
DEU,yohur,5
DEU,inok,5
DEU,laoganma,5
DEU,geröstete Zwiebeln,5
DEU,worst,5
DEU,maischip,5
DEU,Kartoffel p,5
DEU,Zeit für Brot Bio Körnerkruste,5
DEU,alpro coc,5
DEU,tomato pass,5
DEU,sojacreme,5
DEU,mlzer,5
DEU,bica,5
DEU,zul,5
DEU,espresso kon,5
DEU,chamig,5
DEU,Tante Fanny,5
DEU,Gemüse br,5
DEU,thun ja,5
DEU,büge,5
DEU,soicy,5
DEU,tiefkühl Gemüse,5
DEU,rucuka,5
DEU,trockensc,5
DEU,dilk,5
DEU,saur cream,5
DEU,scht,5
DEU,speak,5
DEU,eingelegte paprika,5
DEU,slagsahne,5
DEU,tassensu,5
DEU,toilettenpao,5
DEU,Copa,5
DEU,oanko,5
DEU,japanisches,5
DEU,oka,5
DEU,capc,5
DEU,streichkäs,5
DEU,brot he,5
DEU,felix soup,5
DEU,esta,5
DEU,dried fruits,5
DEU,light chips,5
DEU,pikel,5
DEU,white wine small,5
DEU,baggel,5
DEU,reibekäse leicht,5
DEU,Proc,5
DEU,inste,5
DEU,tampons mini,5
DEU,microwell,5
DEU,weisswin,5
DEU,dubai sch,5
DEU,toastbroz,5
DEU,Mire,5
DEU,rewe beste wahl mineral,5
DEU,boli,5
DEU,alnatura erdbeere,5
DEU,alkohofrei,5
DEU,Ja sch,5
DEU,nagelkleber,5
DEU,zeitschrift,5
DEU,oarm,5
DEU,friwchk,5
DEU,kitchen wipes,5
DEU,Ries,5
DEU,milk almond,5
DEU,bd,5
DEU,laktose freie sahne,5
DEU,hamp,5
DEU,halapen,5
DEU,rewe juice,5
DEU,joghurt stracc,5
DEU,sahne alpro,5
DEU,lipton zer,5
DEU,eisa,5
DEU,Schokor,5
DEU,gaferflocken,5
DEU,Nippon,5
DEU,Joghurt va,5
DEU,Buldag,5
DEU,neap,5
DEU,tk blaubeeren,5
DEU,srirachs,5
DEU,busk,5
DEU,haloumni,5
DEU,skyr style,5
DEU,wein Alkoholfrei,5
DEU,disinfection,5
DEU,mac and ch,5
DEU,soyajoghurt,5
DEU,kauh,5
DEU,oktober,5
DEU,Bor,5
DEU,ja rice,5
DEU,maggi tüten,5
DEU,feuchttüchet,5
DEU,Fruchteis,5
DEU,Eryth,5
DEU,laktosefri,5
DEU,erbes,5
DEU,fischkon,5
DEU,röm,5
DEU,nuss nougat creme,5
DEU,Brau,5
DEU,rotkäppchen saft,5
DEU,griechisxher,5
DEU,teege,5
DEU,biocom,5
DEU,Granatapf,5
DEU,oarmesa,5
DEU,makrelenfil,5
DEU,tpma,5
DEU,muc,5
DEU,frei v,5
DEU,yofu,5
DEU,grichisc,5
DEU,rewe frei von,5
DEU,berot,5
DEU,keks baby,5
DEU,hpt,5
DEU,pimiento,5
DEU,chips fett,5
DEU,estrell,5
DEU,inoce,5
DEU,Sell,5
DEU,craf,5
DEU,krotte,5
DEU,schokoladen drops,5
DEU,schlumpfe,5
DEU,oberschenkel,5
DEU,Frta,5
DEU,timatenmark,5
DEU,honigto,5
DEU,alcohol free wine,5
DEU,weichkase,5
DEU,Fanta exotic,5
DEU,swiss cheese,5
DEU,nigg,5
DEU,dr oetke,5
DEU,mistard,5
DEU,gefrorenen,5
DEU,lebkuche,5
DEU,tortilla wra,5
DEU,geriben,5
DEU,butter bean,5
DEU,potay,5
DEU,wine small,5
DEU,Kartoffeln bio,5
DEU,espresso eis,5
DEU,suppengemuse,5
DEU,deo nive,5
DEU,chips onion,5
DEU,geister,5
DEU,lätter,5
DEU,ja ei,5
DEU,taitt,5
DEU,küx,5
DEU,mozzarellas,5
DEU,Dinkelmeh,5
DEU,rice fl,5
DEU,mixed fruit,5
DEU,wlf,5
DEU,soja yoghurt,5
DEU,griechischet,5
DEU,Protein wraps,5
DEU,roggenme,5
DEU,aod,5
DEU,Schinken vegan,5
DEU,dulce de,5
DEU,hartweizengriess,5
DEU,glässchen,5
DEU,carnelen,5
DEU,sauerkirschsaft,5
DEU,rinfer,5
DEU,wachtelbohnen,5
DEU,knochenb,5
DEU,zeit g,5
DEU,parmigianno,5
DEU,blutorangensaft,5
DEU,edma,5
DEU,prosh,5
DEU,gummihand,5
DEU,fishs,5
DEU,froata,5
DEU,sandorn,5
DEU,pizza sup,5
DEU,xan,5
DEU,harry kö,5
DEU,lutsc,5
DEU,pasta d,5
DEU,coronatest,5
DEU,body butter,5
DEU,schokolade dunk,5
DEU,marmelsde,5
DEU,chicken bu,5
DEU,garna,5
DEU,hüttenkö,5
DEU,springfo,5
DEU,kera,5
DEU,tabaso,5
DEU,Eis ja,5
DEU,Kaffee kaps,5
DEU,papier teller,5
DEU,maiswaffwln,5
DEU,snackwurst,5
DEU,getrocknete Toma,5
DEU,letchu,5
DEU,cerialie,5
DEU,käse lig,5
DEU,vanilla sirup,5
DEU,hänhn,5
DEU,lb,5
DEU,vine leaves,5
DEU,aili,5
DEU,Babyöl,5
DEU,parmegianno,5
DEU,azzam,5
DEU,mozzr,5
DEU,vom,5
DEU,white miso,5
DEU,Puff,5
DEU,moro,5
DEU,koru,5
DEU,salz gro,5
DEU,avocardo,5
DEU,o-saft,5
DEU,fanta le,5
DEU,Dattelsirup,5
DEU,chickenwingd,5
DEU,This,5
DEU,dentinox,5
DEU,Marmeladen,5
DEU,konzentr,5
DEU,tripp,5
DEU,schwarzer te,5
DEU,cafe cre,5
DEU,orecch,5
DEU,Almdud,5
DEU,chilli o,5
DEU,wodla,5
DEU,Eiee,5
DEU,jumjum,5
DEU,protein wrsps,5
DEU,like chic,5
DEU,oya,5
DEU,cll,5
DEU,tea tree,5
DEU,kartoffel gr,5
DEU,Enthaarungscreme,5
DEU,oatlY,5
DEU,schasc,5
DEU,haribo veg,5
DEU,alnatura schn,5
DEU,sundrie,5
DEU,ungesüßt,5
DEU,Datt,5
DEU,bio orangensaft,5
DEU,kakao landliebe,5
DEU,water m,5
DEU,belegte b,5
DEU,hot chips,5
DEU,Gemüse frisch,5
DEU,würstchrn,5
DEU,jod salz,5
DEU,rosinenbröt,5
DEU,gemuesebruehe,5
DEU,chedsa,5
DEU,milch entrahmt,5
DEU,parmaschin,5
DEU,fleisch ja,5
DEU,Stangen,5
DEU,kindle,5
DEU,üilz,5
DEU,duech,5
DEU,gratinkase,5
DEU,nabio,5
DEU,Sekt 0.2,5
DEU,mossar,5
DEU,erbsee,5
DEU,sxhok,5
DEU,elinas joghurt,5
DEU,focacci,5
DEU,avak,5
DEU,Paprk,5
DEU,buget,5
DEU,chickw,5
DEU,Tante fanny,5
DEU,ingwer bio,5
DEU,drpe,5
DEU,fleischsslat,5
DEU,marziale Pizza,5
DEU,scheibenkäsr,5
DEU,Ks,5
DEU,mTe,5
DEU,fixier,5
DEU,parmesan käse,5
DEU,schikol,5
DEU,mortadelle,5
DEU,conflakes,5
DEU,canela,5
DEU,Weiswein,5
DEU,thunfisch oliven,5
DEU,pizza teih,5
DEU,vegan sausages,5
DEU,oramge juice,5
DEU,Kre,5
DEU,nordb,5
DEU,canol,5
DEU,viled,5
DEU,crai,5
DEU,yfiod,5
DEU,beef s,5
DEU,leöon,5
DEU,droge,5
DEU,sonnen mais,5
DEU,hoppe,5
DEU,Coke z,5
DEU,Laugenbrezel,5
DEU,chocomilk,5
DEU,Kom,5
DEU,yugort,5
DEU,po.,5
DEU,gluh,5
DEU,bio wü,5
DEU,reis gekocht,5
DEU,kalkrei,5
DEU,kırmızı,5
DEU,Veganer aufschnitt,5
DEU,geme,5
DEU,creme fraishe,5
DEU,süß sauer sauce,5
DEU,Strudel,5
DEU,mggi,5
DEU,küchentpcher,5
DEU,knorr krä,5
DEU,karamel sauce,5
DEU,Brötchen frisch,5
DEU,kidney boh,5
DEU,staudenseller,5
DEU,kokosmilvh,5
DEU,acne,5
DEU,eclaire,5
DEU,blanc de noir,5
DEU,okives,5
DEU,aose,5
DEU,Cereals,5
DEU,ja lemonade,5
DEU,evet,5
DEU,frozen vegan,5
DEU,barista milcj,5
DEU,teekann,5
DEU,demet,5
DEU,chapagetti,5
DEU,was hm,5
DEU,lacti,5
DEU,pelem,5
DEU,energy b,5
DEU,feuchtr,5
DEU,covi,5
DEU,glutemfrei,5
DEU,duschgell,5
DEU,blendamed,5
DEU,pecete,5
DEU,persley,5
DEU,ofen kä,5
DEU,titamisu,5
DEU,alnatura musli,5
DEU,rotkö,5
DEU,cabr,5
DEU,schaschl,5
DEU,back pap,5
DEU,creame cheese,5
DEU,latte machiato,5
DEU,halloumo,5
DEU,kölln schoko,5
DEU,green b,5
DEU,nässe,5
DEU,vegan kekse,5
DEU,grec,5
DEU,krauterbaguette,5
DEU,blocl,5
DEU,cambert käse,5
DEU,macadami,5
DEU,kalg,5
DEU,rewe eier,5
DEU,fischko,5
DEU,white toast,5
DEU,snack car,5
DEU,mate zer,5
DEU,Streuk,5
DEU,pasdierte,5
DEU,brötchen rewe,5
DEU,Spare,5
DEU,Booster,5
DEU,Vanille Joghurt,5
DEU,Fo,5
DEU,käas,5
DEU,eis walnuss,5
DEU,food coloring,5
DEU,disheasher,5
DEU,eierp,5
DEU,naturtrüber,5
DEU,chocoate,5
DEU,macarpone,5
DEU,carbonata,5
DEU,käse gaud,5
DEU,chocolate bars,5
DEU,vss,5
DEU,hafermilch rewe,5
DEU,Tafelessig,5
DEU,ohnen,5
DEU,spirits,5
DEU,Alnatura reispfanne,5
DEU,alpi,5
DEU,seaf,5
DEU,Frischkse,5
DEU,Handsch,5
DEU,anam,5
DEU,schoko crossies,5
DEU,vegetarisches h,5
DEU,dipers,5
DEU,marle,5
DEU,schokocroi,5
DEU,vieille,5
DEU,softe,5
DEU,cocnu,5
DEU,regin,5
DEU,matcha oatly,5
DEU,nutalla,5
DEU,knoblauchwurst,5
DEU,chili sosse,5
DEU,reis sauce,5
DEU,san apart,5
DEU,tee filter,5
DEU,gefüllte p,5
DEU,offe,5
DEU,Bio kart,5
DEU,franzskaner,5
DEU,croii,5
DEU,Sticks,5
DEU,Chili öl,5
DEU,Rahmsauce,5
DEU,katjrd,5
DEU,americano,5
DEU,tiefgef,5
DEU,buffalo sauce,5
DEU,szeak,5
DEU,walm,5
DEU,Rote bete,5
DEU,loops,5
DEU,yoghurt 3,5
DEU,st leonhard,5
DEU,bio ko,5
DEU,körnerbr,5
DEU,sarfine,5
DEU,zero mate,5
DEU,tworg,5
DEU,cheede,5
DEU,pepep,5
DEU,"Ja! Hähnchen-Schnitten Cordon Bleu Art, 500 g",5
DEU,schwarze schoko,5
DEU,vollmilchscho,5
DEU,haribl,5
DEU,frühlingsze,5
DEU,jeger,5
DEU,Schockolade,5
DEU,Stille,5
DEU,tzak,5
DEU,glau,5
DEU,apfelrot,5
DEU,waschmaschiene,5
DEU,glast,5
DEU,eiweißriegel,5
DEU,Maryland,5
DEU,bananeb,5
DEU,hipp sensitiv,5
DEU,reibekäae,5
DEU,Lidl,5
DEU,dressinh,5
DEU,müsli kinder,5
DEU,dr.oetke,5
DEU,molis,5
DEU,Bäcker,5
DEU,früchtemüsli,5
DEU,ceratin,5
DEU,fusion,5
DEU,Rinder hackfleisch,5
DEU,finncrisp,5
DEU,kuruyemiş,5
DEU,peach ice,5
DEU,wasserflaschen,5
DEU,Hygiene sp,5
DEU,chaat,5
DEU,käse kinder,5
DEU,kaktusfeige,5
DEU,gemüsepf,5
DEU,Schwep,5
DEU,frischkäse fettarm,5
DEU,arztseife,5
DEU,Peelerz,5
DEU,vollwaschmi,5
DEU,grete,5
DEU,platz,5
DEU,edamamr,5
DEU,basisch,5
DEU,algae,5
DEU,arla sk,5
DEU,eiswr,5
DEU,beyaz pe,5
DEU,sonnenfinsternis brille,5
DEU,bsnane,5
DEU,china nu,5
DEU,WC pap,5
DEU,zirtone,5
DEU,ricecakes,5
DEU,soğan halkası,5
DEU,sonnenblumen ol,5
DEU,milchteis,5
DEU,eba,5
DEU,bolognesse,5
DEU,weißer tee,5
DEU,air frye,5
DEU,pfeffermü,5
DEU,pommes air,5
DEU,Rise,5
DEU,frankfurte,5
DEU,tortolini,5
DEU,brunc,5
DEU,paula pudding,5
DEU,pwter,5
DEU,Coff,5
DEU,mitesser,5
DEU,Kaffeebo,5
DEU,mnze,5
DEU,kiste wasser,5
DEU,quarm,5
DEU,hibisku,5
DEU,dill ge,5
DEU,Möhrchen,5
DEU,sufback,5
DEU,pizza speciale,5
DEU,cornfa,5
DEU,tuna olive,5
DEU,tomaten eingelegt,5
DEU,Sesam öl,5
DEU,swar,5
DEU,tec,5
DEU,katzenszreu,5
DEU,Ann,5
DEU,schkag,5
DEU,cup nudeln,5
DEU,spezi 0,5
DEU,chilly flakes,5
DEU,kodens,5
DEU,edber,5
DEU,ja o,5
DEU,salatmisch,5
DEU,knochblau,5
DEU,zwieve,5
DEU,brot zum aufbacken,5
DEU,hänchenfilet,5
DEU,spühlmasc,5
DEU,lebkuch,5
DEU,dinel,5
DEU,leder tuch Reinigung,5
DEU,tiefkühlger,5
DEU,ary,5
DEU,gyrosge,5
DEU,weizenmehl 1,5
DEU,fetta käse,5
DEU,avocato,5
DEU,stangense,5
DEU,eedbeeren,5
DEU,chead,5
DEU,pizza ziegenkäse,5
DEU,frisch kasse,5
DEU,beyz,5
DEU,milkmaid,5
DEU,cheddar käse,5
DEU,carri,5
DEU,hühm,5
DEU,cib,5
DEU,weizen brot,5
DEU,sharp,5
DEU,sucre,5
DEU,friits,5
DEU,blaubeerrn,5
DEU,schnii,5
DEU,douc,5
DEU,beri,5
DEU,mIs,5
DEU,eis cre,5
DEU,energiy,5
DEU,Maulbeere,5
DEU,Fuss,5
DEU,rewe bio skyr,5
DEU,bueno ei,5
DEU,eis zit,5
DEU,karotti,5
DEU,Grüne bo,5
DEU,sensodine,5
DEU,gartenk,5
DEU,bell paper,5
DEU,farmersala,5
DEU,ep,5
DEU,kavie,5
DEU,fisch s,5
DEU,gewurztraminer,5
DEU,geillen,5
DEU,saklik,5
DEU,salz s,5
DEU,üro,5
DEU,low fat mayo,5
DEU,sonnen Blumen oil,5
DEU,"milch 1,5 bio",5
DEU,salon,5
DEU,"3,8",5
DEU,sauregu,5
DEU,Ofenkä,5
DEU,biskre,5
DEU,"Ja! Schwarzwälder Schinken, 200 g",5
DEU,orgasm,5
DEU,Kokosraspel,5
DEU,funny frisc,5
DEU,capac,5
DEU,string ch,5
DEU,Ingwer sho,5
DEU,oepsi,5
DEU,lassag,5
DEU,ja! s,5
DEU,Gluteen,5
DEU,unter 1€,5
DEU,mix-retter,5
DEU,farfalke,5
DEU,Bromb,5
DEU,green gram,5
DEU,walnuss brot,5
DEU,pilsn,5
DEU,brokoki,5
DEU,bircher müsli,5
DEU,protect,5
DEU,zamzam,5
DEU,verstopf,5
DEU,crate,5
DEU,delia red,5
DEU,dpa,5
DEU,washing p,5
DEU,granna,5
DEU,käse sn,5
DEU,hand seif,5
DEU,matha,5
DEU,kapr,5
DEU,ramn,5
DEU,Condensed milk,5
DEU,raer,5
DEU,bio fri,5
DEU,camomile tea,5
DEU,sprequ,5
DEU,mezzo mic,5
DEU,bano,5
DEU,kartoffel auflauf,5
DEU,Tiefkühl gemüse,5
DEU,toiletren,5
DEU,Volvic Tee,5
DEU,madelm,5
DEU,cleani,5
DEU,chiasame,5
DEU,kaubonbo,5
DEU,thomas hen,5
DEU,youook,5
DEU,"Spreewaldhof Saure Gurken mit Salz und Dill,",5
DEU,Dire,5
DEU,emmentaler bio,5
DEU,eis pistaz,5
DEU,noilly,5
DEU,kaffee li,5
DEU,pocket co,5
DEU,raclet,5
DEU,blett,5
DEU,dosengetränk,5
DEU,toffiffe,5
DEU,gaua,5
DEU,apfela,5
DEU,acsi,5
DEU,blackber,5
DEU,uld,5
DEU,pferde,5
DEU,kaffee stick,5
DEU,grated ch,5
DEU,cheestrings,5
DEU,mövenpick yogurt,5
DEU,salz gurken,5
DEU,strawbrerry,5
DEU,Waschmittel color,5
DEU,The,5
DEU,glutenfri,5
DEU,burgw,5
DEU,morzs,5
DEU,Room,5
DEU,fante,5
DEU,Suschi,5
DEU,edn,5
DEU,Rinderrouladen,5
DEU,amri,5
DEU,cutt,5
DEU,redbull grün,5
DEU,lufa,5
DEU,natur jogu,5
DEU,laugenbrö,5
DEU,Seife flüssig,5
DEU,bio milcj,5
DEU,imstan,5
DEU,gurken sauer,5
DEU,zahnpasta elmex,5
DEU,lê brot,5
DEU,mango apfel,5
DEU,frischkädr,5
DEU,oren,5
DEU,Grüne bohn,5
DEU,courge,5
DEU,teink,5
DEU,aata,5
DEU,kaffee konzentr,5
DEU,somets,5
DEU,susik,5
DEU,käser,5
DEU,chrunchips,5
DEU,dinkel fl,5
DEU,kelloks,5
DEU,corn can,5
DEU,Milchshake,5
DEU,atlantic,5
DEU,nords,5
DEU,bio garnelen,5
DEU,dae,5
DEU,wein 1,5
DEU,peanutbutt,5
DEU,thunfisch aufstrich,5
DEU,karamellkekse,5
DEU,kinder ch,5
DEU,Tomaten sa,5
DEU,himbeersaft,5
DEU,cotton swabs,5
DEU,Tomaten do,5
DEU,joghurt sahne,5
DEU,erythritol,5
DEU,bread 750,5
DEU,mango dressing,5
DEU,zitroben,5
DEU,Kitchen paper,5
DEU,rothk,5
DEU,sanne,5
DEU,pizza amore,5
DEU,brot pure,5
DEU,Hot sauce,5
DEU,earbu,5
DEU,zimt schnecke,5
DEU,marloro,5
DEU,Zuckersirup,5
DEU,fritz ko,5
DEU,Brü,5
DEU,Biskuit,5
DEU,canello,5
DEU,maxonaise,5
DEU,chroi,5
DEU,nurel,5
DEU,vain,5
DEU,Nougat bi,5
DEU,sprudelwasset,5
DEU,handseifw,5
DEU,hackfleosch,5
DEU,glückwunsch,5
DEU,kaffes,5
DEU,juice fresh,5
DEU,saft anan,5
DEU,zogarette,5
DEU,essigku,5
DEU,vegetales,5
DEU,Chicke,5
DEU,spiralen,5
DEU,liquid s,5
DEU,feuchte toiletten,5
DEU,gf,5
DEU,lardon,5
DEU,üaprika,5
DEU,katzen stre,5
DEU,Artichoke,5
DEU,Apfelschorl,5
DEU,knack &,5
DEU,Gurken glas,5
DEU,nüll,5
DEU,sparsch,5
DEU,apfdl,5
DEU,apina,5
DEU,burgerbrötche,5
DEU,harry eiwei,5
DEU,Ja eistee,5
DEU,brokki,5
DEU,brezek,5
DEU,wachm,5
DEU,kaergar,5
DEU,saftora,5
DEU,schnap,5
DEU,ife cream,5
DEU,yumur,5
DEU,black a,5
DEU,süt laktozsuz,5
DEU,dried cranberries,5
DEU,schnitzlauch,5
DEU,häagen daz,5
DEU,glass clean,5
DEU,jorgurt,5
DEU,Kräuter frischkäse,5
DEU,alcohol spray,5
DEU,Wet wipes,5
DEU,Wiener wü,5
DEU,Vita cola,5
DEU,aschen,5
DEU,wäsche duft,5
DEU,knope,5
DEU,Krom,5
DEU,gut &,5
DEU,zeieb,5
DEU,Karro,5
DEU,locke,5
DEU,maultachen,5
DEU,ziruo,5
DEU,crosain,5
DEU,kasa,5
DEU,Sosis,5
DEU,oral B,5
DEU,obstkon,5
DEU,skyn,5
DEU,tunfisch in,5
DEU,br9,5
DEU,Waa,5
DEU,Joghurt Dressing,5
DEU,backzucker,5
DEU,saure gutke,5
DEU,Hygienesp,5
DEU,billy boy,5
DEU,korisnder,5
DEU,Hühnerbrü,5
DEU,Zuckerrüben,5
DEU,buisc,5
DEU,wrap prot,5
DEU,sardineb,5
DEU,cheese shre,5
DEU,milfoy,5
DEU,pizza dou,5
DEU,pizzaköse,5
DEU,Maggi f,5
DEU,grünlän,5
DEU,sparr,5
DEU,alpro co,5
DEU,danonr,5
DEU,parmesan bio,5
DEU,ztronensaft,5
DEU,zenker,5
DEU,black ac,5
DEU,blueberry jam,5
DEU,Vanilleex,5
DEU,jogure,5
DEU,yağsız kıyma,5
DEU,dalad,5
DEU,rotwein 250,5
DEU,zitronen konzentrat,5
DEU,antipadti,5
DEU,bröts,5
DEU,zeit fu,5
DEU,Salsa dip,5
DEU,cla zero,5
DEU,spülmo,5
DEU,putenschin,5
DEU,metr,5
DEU,launch,5
DEU,spinat alpro,5
DEU,passierte romaten,5
DEU,poss,5
DEU,Port,5
DEU,cola zwe,5
DEU,voö,5
DEU,Süßkarto,5
DEU,Marac,5
DEU,Brownies,5
DEU,wostok,5
DEU,babel,5
DEU,brot ohne mehl,5
DEU,spühlmaschienen,5
DEU,kwa,5
DEU,Feigling,5
DEU,butterr,5
DEU,cocoswa,5
DEU,dinkrl,5
DEU,hurten,5
DEU,blue b,5
DEU,teqila,5
DEU,120 liter,5
DEU,hearts,5
DEU,feuchtetücher baby,5
DEU,butternu,5
DEU,mozzarella scheiben,5
DEU,hot wheels,5
DEU,schmorr,5
DEU,3d,5
DEU,tvo,5
DEU,sog,5
DEU,chicken butter,5
DEU,radler a,5
DEU,Prte,5
DEU,hasrs,5
DEU,bio cham,5
DEU,zerel,5
DEU,hünerbrust,5
DEU,susu,5
DEU,Malbo,5
DEU,pueblo tabak,5
DEU,pltje,5
DEU,vegane Schinkenwürfel,5
DEU,heidelbeeren gefroren,5
DEU,madc,5
DEU,3in 1,5
DEU,alcholo,5
DEU,parmwsan,5
DEU,Brathering,5
DEU,hic,5
DEU,baby nah,5
DEU,safts,5
DEU,snack toma,5
DEU,götte,5
DEU,Apples,5
DEU,wasser volvi,5
DEU,Zigaretten pall mall,5
DEU,hänchensch,5
DEU,rewe saft,5
DEU,joghurt mit der e,5
DEU,hand sanit,5
DEU,hutter,5
DEU,baldria,5
DEU,lebanese,5
DEU,hofhurt,5
DEU,tüfrü,5
DEU,bio Gemüse,5
DEU,protein mouse,5
DEU,meone,5
DEU,warermelon,5
DEU,milchkakao,5
DEU,resu,5
DEU,ungeziefer,5
DEU,sman,5
DEU,sagrita,5
DEU,rotweinessi,5
DEU,Lychee,5
DEU,rond,5
DEU,fantas,5
DEU,davidoff sl,5
DEU,paprikamarj,5
DEU,pork skin,5
DEU,keloks,5
DEU,geriebener m,5
DEU,kork,5
DEU,wine bio,5
DEU,karamelsoße,5
DEU,deo m,5
DEU,tomate stückig,5
DEU,schlagsahnw,5
DEU,birkenzu,5
DEU,soya sosse,5
DEU,rasinen,5
DEU,ochsenbein,5
DEU,curry s,5
DEU,ja nuss,5
DEU,Cott,5
DEU,quina,5
DEU,oktopu,5
DEU,komserven,5
DEU,kucke,5
DEU,granny s,5
DEU,ıce cream,5
DEU,fack,5
DEU,waffelmix,5
DEU,chimichu,5
DEU,tilst,5
DEU,maggi bolognese,5
DEU,yumo,5
DEU,eingelegte zwiebeln,5
DEU,ben jerry vegan,5
DEU,phild,5
DEU,krombache,5
DEU,budvar,5
DEU,eiswürfeltü,5
DEU,mineraleasser,5
DEU,entfärber,5
DEU,geröstete zwiebeln,5
DEU,salat fer,5
DEU,spagehtt,5
DEU,Salatmix,5
DEU,saop,5
DEU,70% schokolade,5
DEU,Iqos,5
DEU,cornflackes,5
DEU,edelsal,5
DEU,tk e,5
DEU,Kiei,5
DEU,reiniguns,5
DEU,eistee pfirs,5
DEU,dinkel crunch,5
DEU,blurry,5
DEU,silicon,5
DEU,hafre,5
DEU,eş,5
DEU,kiese,5
DEU,instantgerichte,5
DEU,orangr,5
DEU,luce,5
DEU,mariendistel,5
DEU,Aufschnitt bio,5
DEU,frühstücksspeck,5
DEU,protein ca,5
DEU,abenteuer,5
DEU,Sparg,5
DEU,old ama,5
DEU,bio bacon,5
DEU,high orotein,5
DEU,uitrone,5
DEU,mundspülunh,5
DEU,qiar,5
DEU,klot,5
DEU,sojamehl,5
DEU,vaill,5
DEU,TABAK,5
DEU,weissbi,5
DEU,passierte timaten,5
DEU,mihl,5
DEU,gmocch,5
DEU,bula,5
DEU,elsta,5
DEU,keksd,5
DEU,schmutzradier,5
DEU,würstchem,5
DEU,peanut buttrr,5
DEU,Turkish coffee,5
DEU,Woda,5
DEU,milch oat,5
DEU,sprudelwssser,5
DEU,Schoko cro,5
DEU,mandelmilch ohne zucker,5
DEU,flowera,5
DEU,trockener Weißwei,5
DEU,denk mit,5
DEU,Mentos,5
DEU,wc f,5
DEU,Billig green,5
DEU,chocolate strawberry,5
DEU,cremissim,5
DEU,pear juice,5
DEU,tortelinni,5
DEU,Alkohol frei,5
DEU,ketchup kinder,5
DEU,ceylon zimt,5
DEU,rot kohl,5
DEU,burgersosse,5
DEU,seo,5
DEU,staubtuch,5
DEU,durstlösc,5
DEU,linsenwaffeö,5
DEU,This is,5
DEU,Ingwer s,5
DEU,brotchem,5
DEU,sandvi,5
DEU,saint albray,5
DEU,nackenstea,5
DEU,jackfr,5
DEU,spring onio,5
DEU,handgel,5
DEU,zigaretten winston,5
DEU,fleckens,5
DEU,lagsane,5
DEU,salatdressimg,5
DEU,eld,5
DEU,Black pepper,5
DEU,Zigaretten hül,5
DEU,s p,5
DEU,balsamico dressing,5
DEU,speisestärle,5
DEU,schokokucheb,5
DEU,euswürfel,5
DEU,borj,5
DEU,hong,5
DEU,Gel,5
DEU,kras,5
DEU,butter gl,5
DEU,züricher,5
DEU,laktosefrei frisch,5
DEU,brookies,5
DEU,kröuterbutter,5
DEU,mais dise,5
DEU,jessa,5
DEU,rice pu,5
DEU,käsewie,5
DEU,Erdnüsse geröstet,5
DEU,Rosemarie,5
DEU,knblauch,5
DEU,cahews,5
DEU,eod,5
DEU,saft m,5
DEU,apricosen,5
DEU,hafersa,5
DEU,Lchs,5
DEU,berliner kindle,5
DEU,geburs,5
DEU,harry 16,5
DEU,tomatena,5
DEU,parmaschink,5
DEU,3 glocken,5
DEU,tiefkühl fertiggerichte,5
DEU,schwamme,5
DEU,schockolad,5
DEU,cat liter,5
DEU,ritter spor,5
DEU,würmer,5
DEU,gefullte,5
DEU,krem santi,5
DEU,alpro sa,5
DEU,chooc,5
DEU,Mandelblättchen,5
DEU,budap,5
DEU,schwälbchen,5
DEU,äofel,5
DEU,balsamuco,5
DEU,käse hochland,5
DEU,pflaumens,5
DEU,monti,5
DEU,spinn,5
DEU,bauchfleisch,5
DEU,puderzucket,5
DEU,kaltbach,5
DEU,pigui,5
DEU,feg,5
DEU,Staub,5
DEU,karamell si,5
DEU,vegwn,5
DEU,zwebe,5
DEU,ina,5
DEU,theri,5
DEU,yaprak sarma,5
DEU,orange s,5
DEU,hipp rind,5
DEU,mix sala,5
DEU,biacuit,5
DEU,tonkatsu,5
DEU,zigatetten,5
DEU,digestiv,5
DEU,drei fr,5
DEU,balant,5
DEU,muesly,5
DEU,Spühlmittel,5
DEU,wasser e,5
DEU,washe,5
DEU,wäsche parfüm,5
DEU,Klo papier,5
DEU,immu,5
DEU,rahmsa,5
DEU,laj,5
DEU,cherrx,5
DEU,zc,5
DEU,hühnerfleisc,5
DEU,amaran,5
DEU,seelenwärmer,5
DEU,Eri,5
DEU,tasi,5
DEU,fekir,5
DEU,butternut squash,5
DEU,coke zeeo,5
DEU,alles,5
DEU,frischkäse alnatura,5
DEU,wasser 6 pack,5
DEU,haselnut,5
DEU,rosien,5
DEU,wasser kohlensä,5
DEU,Sush,5
DEU,wasser stiml,5
DEU,kodensmilch,5
DEU,Mn,5
DEU,kens,5
DEU,Dr Oetker glutenfrei,5
DEU,goldhirse,5
DEU,schoko brö,5
DEU,big sand,5
DEU,lumo,5
DEU,elektrolytes,5
DEU,bauerneintopf,5
DEU,mineralwasser medi,5
DEU,bulr,5
DEU,wasser z,5
DEU,colorad,5
DEU,Nestlé,5
DEU,ferer,5
DEU,Ofen käse,5
DEU,andom,5
DEU,dried mushroom,5
DEU,sandwich br,5
DEU,Frühli,5
DEU,zewa spar,5
DEU,brennsp,5
DEU,lenor waschmittel,5
DEU,vamel,5
DEU,joghurt laktosefr,5
DEU,glutefrei,5
DEU,samys,5
DEU,bitter lemon zero,5
DEU,kattenfutter,5
DEU,mste,5
DEU,nudelsieb,5
DEU,bio himbeeren,5
DEU,gefrierg,5
DEU,gj,5
DEU,getränje,5
DEU,Rosin,5
DEU,dr beckma,5
DEU,schokorieg,5
DEU,zitronenaroma,5
DEU,nissi,5
DEU,ice cream alnatura,5
DEU,panerr,5
DEU,Kartoffel taschen,5
DEU,intima,5
DEU,erbbe,5
DEU,ibus,5
DEU,Cok,5
DEU,aalad,5
DEU,ICE caffe,5
DEU,like me,5
DEU,sodaclub,5
DEU,fisxhstäbchen,5
DEU,inner,5
DEU,jeans,5
DEU,halomi,5
DEU,earl gre,5
DEU,Almd,5
DEU,halah,5
DEU,bullr,5
DEU,hair schwarz,5
DEU,Erdnüss,5
DEU,Cherry to,5
DEU,soy yog,5
DEU,silberzw,5
DEU,club matr,5
DEU,nudel vollkorn,5
DEU,quark alnatura,5
DEU,Bell pepper,5
DEU,cornflk,5
DEU,oystersauce,5
DEU,dunkel schoko,5
DEU,salumer,5
DEU,presunto,5
DEU,american san,5
DEU,SCHINKEN,5
DEU,roher,5
DEU,pmes,5
DEU,veggie aufschnitt,5
DEU,lubrificante,5
DEU,dairy milk,5
DEU,joghurt dress,5
DEU,salami hala,5
DEU,light bier,5
DEU,schärs,5
DEU,lh,5
DEU,chilip,5
DEU,7g,5
DEU,nussecken,5
DEU,freshener,5
DEU,sparer,5
DEU,Wasser 6er,5
DEU,xreme,5
DEU,patrod,5
DEU,heude,5
DEU,basilikjm,5
DEU,toilettr,5
DEU,vioblock,5
DEU,ceyl,5
DEU,bio ruc,5
DEU,Chicken breast,5
DEU,gesichtsmas,5
DEU,karamel sirup,5
DEU,cokezero,5
DEU,roma tomato,5
DEU,cordial,5
DEU,butterkäsr,5
DEU,creme fe,5
DEU,magdal,5
DEU,maschine,5
DEU,schnelle küche,5
DEU,buil,5
DEU,bguette,5
DEU,wilkin,5
DEU,kalinka,5
DEU,heck fleisch,5
DEU,Rohrreinig,5
DEU,morzza,5
DEU,Mischgetränk,5
DEU,airfrye,5
DEU,school,5
DEU,sauss,5
DEU,schoko tropf,5
DEU,jgh,5
DEU,Guanciale,5
DEU,waschbl,5
DEU,prio,5
DEU,frozen bluebe,5
DEU,zimtsta,5
DEU,diab,5
DEU,lemon sofa,5
DEU,Schokolade backen,5
DEU,Alkoholfrei bier,5
DEU,ypugurt,5
DEU,nev,5
DEU,kinderpasta,5
DEU,humkus,5
DEU,toilet papwr,5
DEU,riegel corny,5
DEU,buch weizen,5
DEU,Algen,5
DEU,vegan beef,5
DEU,geüner,5
DEU,mandelmis,5
DEU,sirs,5
DEU,ditt,5
DEU,Butcher,5
DEU,baguettte,5
DEU,weiß brot,5
DEU,Sekt 0,5
DEU,parmeza,5
DEU,bio Schokolade,5
DEU,Knoblauchb,5
DEU,filtee,5
DEU,lemongr,5
DEU,Milchbr,5
DEU,kiefer,5
DEU,Schampoo,5
DEU,Nuden,5
DEU,battar,5
DEU,swepp,5
DEU,bananar,5
DEU,chmp,5
DEU,binigo,5
DEU,grapefruit soda,5
DEU,relis,5
DEU,bewren,5
DEU,bio rewe,5
DEU,lental,5
DEU,double choco,5
DEU,salz geschirr,5
DEU,küchentille,5
DEU,anus,5
DEU,gemuse bruhe,5
DEU,knoblauchgewürz,5
DEU,mandel kokos,5
DEU,seasme,5
DEU,frexenet,5
DEU,dumb,5
DEU,Ulker,5
DEU,Paloma,5
DEU,miesli,5
DEU,kartoffel glas,5
DEU,bageö,5
DEU,marlboro goöd,5
DEU,kixhererbsen,5
DEU,nir,5
DEU,pastea,5
DEU,soft cook,5
DEU,sauresa,5
DEU,volcix,5
DEU,koghur,5
DEU,pizza glute,5
DEU,getrockneter,5
DEU,geflügelrolle,5
DEU,fish sti,5
DEU,lrotein,5
DEU,käse kr,5
DEU,Putenbrus,5
DEU,yougurth,5
DEU,reibekäE,5
DEU,maskara,5
DEU,rewe fei,5
DEU,geflügelfleisch,5
DEU,l-,5
DEU,mamd,5
DEU,frischekase,5
DEU,phar,5
DEU,terea sien,5
DEU,neutella,5
DEU,ja getr,5
DEU,milchalternativen,5
DEU,windel 5,5
DEU,potata,5
DEU,Sandwichscheiben,5
DEU,Würstc,5
DEU,Beba,5
DEU,carroy,5
DEU,dosh,5
DEU,perlg,5
DEU,alpro mandelmilch,5
DEU,esn whey,5
DEU,voelker,5
DEU,pizza thunf,5
DEU,Tikka,5
DEU,Jacky,5
DEU,Oyster,5
DEU,tofiffe,5
DEU,frühlinh,5
DEU,back kart,5
DEU,pflanzlich,5
DEU,wasser vi,5
DEU,verdure,5
DEU,putengesch,5
DEU,sojabohn,5
DEU,Sojabohnen,5
DEU,soya cream,5
DEU,almf,5
DEU,"wasser 0,3",5
DEU,prnne,5
DEU,snakcs,5
DEU,Tomaten ge,5
DEU,verv,5
DEU,mikka,5
DEU,hex,5
DEU,rice mehl,5
DEU,nozare,5
DEU,majonn,5
DEU,Fertige,5
DEU,wen cheng,5
DEU,sanbi,5
DEU,suzuc,5
DEU,jogourt,5
DEU,Geflügelwu,5
DEU,yaban,5
DEU,hygiene wasch,5
DEU,prepaid,5
DEU,Nesc,5
DEU,elko,5
DEU,zata,5
DEU,Belag,5
DEU,feta auf,5
DEU,spreeling,5
DEU,mozzerell,5
DEU,snack pap,5
DEU,Wasser zitrone,5
DEU,Shi,5
DEU,kaffee jacobs,5
DEU,frühlins,5
DEU,Garden gourmet,5
DEU,eis wurfe,5
DEU,flüssig seife,5
DEU,yer,5
DEU,cola zwei,5
DEU,kakao nib,5
DEU,pure tee,5
DEU,schola,5
DEU,Oatley,5
DEU,rinderbo,5
DEU,Hafermüsli,5
DEU,tomatensoße kinder,5
DEU,minced garlic,5
DEU,Streukä,5
DEU,chipfrisch,5
DEU,altura,5
DEU,lindo,5
DEU,wattw,5
DEU,spreeli,5
DEU,tiefkühlbröt,5
DEU,turtle,5
DEU,cellogs,5
DEU,alternativ,5
DEU,figg,5
DEU,rauke,5
DEU,spekulat,5
DEU,zazikki,5
DEU,skyr lactose frei,5
DEU,Erfrischungsstäbchen,5
DEU,Soja j,5
DEU,trsuben,5
DEU,pfepfer,5
DEU,hähnchen minuten,5
DEU,fisch gewürz,5
DEU,vegan jogu,5
DEU,Dinkeltoast,5
DEU,Mini Schnitzel,5
DEU,cooling bo,5
DEU,Schokolade zartb,5
DEU,Basilika,5
DEU,kartoffelteig,5
DEU,mizar,5
DEU,Knoblauch brot,5
DEU,ja! hänchenbrust,5
DEU,sxha,5
DEU,ters,5
DEU,erbsrn,5
DEU,mohrü,5
DEU,matjeshering,5
DEU,schwarzwalder,5
DEU,chocolate m,5
DEU,baby juice,5
DEU,ace saft,5
DEU,pfeffer gema,5
DEU,snake,5
DEU,speie,5
DEU,chili gew,5
DEU,mandara,5
DEU,eis san,5
DEU,frühlingd,5
DEU,coconut oi,5
DEU,Geriebene,5
DEU,red curr,5
DEU,paprika sahne,5
DEU,Fürst,5
DEU,kartofen,5
DEU,Radies,5
DEU,mymusli,5
DEU,thunfia,5
DEU,alpro jogu,5
DEU,wrap mais,5
DEU,belgi,5
DEU,cola oh,5
DEU,cola flasche,5
DEU,wet ti,5
DEU,hähnchen t,5
DEU,tomates basilikum,5
DEU,Hennessy,5
DEU,joomy,5
DEU,obst gemüse,5
DEU,vookies,5
DEU,eseka,5
DEU,ese,5
DEU,hand soa,5
DEU,макароны,5
DEU,bio Kartoffeln,5
DEU,"True Fruits Yellow Ingwer Shot, 99 ml",5
DEU,hefeweize,5
DEU,5 Minut,5
DEU,Light käse,5
DEU,trocken sh,5
DEU,aluschale,5
DEU,orng,5
DEU,roastb,5
DEU,gemüse fri,5
DEU,soflan,5
DEU,vegan nudeln,5
DEU,knovl,5
DEU,board,5
DEU,grunko,5
DEU,walmut,5
DEU,brown lentils,5
DEU,flis happy,5
DEU,jamo,5
DEU,Radler al,5
DEU,Dijon,5
DEU,essz,5
DEU,souff,5
DEU,Swirl,5
DEU,asianudeln,5
DEU,spuhlm,5
DEU,puten wurst,5
DEU,mezzi,5
DEU,Pfeffersalami,5
DEU,erdnuss kekse,5
DEU,capuchino,5
DEU,pfannkucheb,5
DEU,quarkrie,5
DEU,saub,5
DEU,coconut flake,5
DEU,Hella kirsch,5
DEU,kense,5
DEU,soja c,5
DEU,coffe capsule,5
DEU,ahvar,5
DEU,brotmehl,5
DEU,toiletten pappier,5
DEU,zirrone,5
DEU,Tofu natur,5
DEU,Top,5
DEU,wurzeln,5
DEU,lacuh,5
DEU,ashw,5
DEU,Bs,5
DEU,matl,5
DEU,würstchen rind,5
DEU,Weißkraut Salat,5
DEU,stillein,5
DEU,gnocki,5
DEU,speing,5
DEU,Wilhelm Brandenburg,5
DEU,flussi,5
DEU,rug,5
DEU,picni,5
DEU,papw,5
DEU,crosan,5
DEU,rasin,5
DEU,barbequ,5
DEU,lipliner,5
DEU,chutn,5
DEU,schaums,5
DEU,petersiöie,5
DEU,greak,5
DEU,chicken toast,5
DEU,sekund,5
DEU,apple sc,5
DEU,pürier,5
DEU,steri,5
DEU,roggenbr,5
DEU,Mungo,5
DEU,kräutermix,5
DEU,schrubber,5
DEU,schamong,5
DEU,cooking oi,5
DEU,arrabb,5
DEU,erdbb,5
DEU,retterüte,5
DEU,nuss Nougat,5
DEU,spain,5
DEU,balaamico,5
DEU,more coffee,5
DEU,sprosen,5
DEU,müsli weniger,5
DEU,combuch,5
DEU,trippl,5
DEU,elfbar elfa,5
DEU,Tagl,5
DEU,bef,5
DEU,reismilc,5
DEU,deo männer,5
DEU,Frisch käse,5
DEU,alnatura granola,5
DEU,Nougat b,5
DEU,wein alk,5
DEU,Haartönung,5
DEU,Joghurt 5,5
DEU,grapefruit saft,5
DEU,wasser spudel,5
DEU,tiefkühlo,5
DEU,darteln,5
DEU,mandelblätt,5
DEU,marghar,5
DEU,rasirer,5
DEU,liba,5
DEU,bordelaise,5
DEU,prostat,5
DEU,tung,5
DEU,high protein meal,5
DEU,tomato souce,5
DEU,speI,5
DEU,ananas d,5
DEU,peanur,5
DEU,kaffeeweiße,5
DEU,Glasnude,5
DEU,joghurt f,5
DEU,tempo sanft,5
DEU,xhamp,5
DEU,shwepp,5
DEU,wareniki,5
DEU,Dorfkrug,5
DEU,kindersaft,5
DEU,brennessel tee,5
DEU,zwineln,5
DEU,königin,5
DEU,ziegenkaese,5
DEU,setting,5
DEU,heringssa,5
DEU,amek,5
DEU,bio han,5
DEU,sahne sosse,5
DEU,Dus,5
DEU,hadchen,5
DEU,Korkenzieher,5
DEU,sauce bernaise,5
DEU,Pin,5
DEU,kalter kaffe,5
DEU,chips al,5
DEU,löslic,5
DEU,Vegan käse,5
DEU,istanb,5
DEU,maltz,5
DEU,verfall,5
DEU,Meggle,5
DEU,Q tip,5
DEU,didi,5
DEU,gesundes,5
DEU,grll,5
DEU,schichtkäse,5
DEU,gnoccho,5
DEU,erdbeerei,5
DEU,chao,5
DEU,okive oil,5
DEU,vio bio,5
DEU,zweiblen,5
DEU,blue label,5
DEU,sylter dressing,5
DEU,Vanille so,5
DEU,schinken wü,5
DEU,fertigsalate,5
DEU,mini muffins,5
DEU,majonais,5
DEU,pter,5
DEU,salatbox,5
DEU,milsani,5
DEU,kinder mil,5
DEU,schokomilcj,5
DEU,rewe bio brötchen,5
DEU,eldiven,5
DEU,Too,5
DEU,kuche papier,5
DEU,essigurke,5
DEU,spß,5
DEU,❄️,5
DEU,rewe bio frischkäse,5
DEU,sesamsoße,5
DEU,billie green salami,5
DEU,schocol,5
DEU,chips linse,5
DEU,trasg,5
DEU,uitronen,5
DEU,soon to e,5
DEU,zitroe,5
DEU,Dies,5
DEU,Carrots,5
DEU,ulk,5
DEU,cola zero koff,5
DEU,resche,5
DEU,stawberry,5
DEU,Einweghandschuhe,5
DEU,tenpeh,5
DEU,hähnchen g,5
DEU,kwi,5
DEU,cat li,5
DEU,cat l,5
DEU,lels,5
DEU,putenstreifen,5
DEU,jigh,5
DEU,wasser mit kohle,5
DEU,Instan,5
DEU,nipple,5
DEU,red bull sugar free,5
DEU,surface cleaner,5
DEU,snacks gesund,5
DEU,kattof,5
DEU,vert,5
DEU,mint ice cream,5
DEU,alnatura ha,5
DEU,Nur noch kurz,5
DEU,Biomanu,5
DEU,toilettenpaier,5
DEU,chicken brest,5
DEU,diamant,5
DEU,kondr,5
DEU,erdebeer,5
DEU,alnatura chocolate,5
DEU,chilled,5
DEU,eis form,5
DEU,kartoffel puree,5
DEU,hqckfleisch,5
DEU,trash bin,5
DEU,natur joghu,5
DEU,kole,5
DEU,casc,5
DEU,oatoy,5
DEU,heads,5
DEU,coca cola vanilla,5
DEU,trollinger,5
DEU,käsebröt,5
DEU,prok,5
DEU,norde,5
DEU,limette bio,5
DEU,handtucher,5
DEU,rubber gloves,5
DEU,hütenkäse,5
DEU,yoast,5
DEU,mac and chees,5
DEU,asch,5
DEU,schinken wür,5
DEU,telefon,5
DEU,local,5
DEU,vitamin shot,5
DEU,axe mit aluminiumsalze,5
DEU,wisp,5
DEU,la molis,5
DEU,tave,5
DEU,KoRo,5
DEU,umschläge,5
DEU,Bio huhn,5
DEU,haselnüss,5
DEU,currY,5
DEU,sonnn,5
DEU,Pepperoni,5
DEU,Misch,5
DEU,habuta,5
DEU,cuba libre,5
DEU,käse ched,5
DEU,Wilde,5
DEU,gruer,5
DEU,cremante,5
DEU,Dr Oetker Pizza,5
DEU,eisü,5
DEU,moskovska,5
DEU,MORE,5
DEU,volvic peach,5
DEU,tiefkühlt,5
DEU,hnocchi,5
DEU,kirschwasser,5
DEU,frozen st,5
DEU,mini wiener,5
DEU,ungwer,5
DEU,hd,5
DEU,Bio Gurke,5
DEU,lahmajun,5
DEU,bio lime,5
DEU,Sülze,5
DEU,soy cream,5
DEU,paral,5
DEU,beeren alnatura,5
DEU,salzgebäck,5
DEU,Arabisch,5
DEU,bauernto,5
DEU,crush eis,5
DEU,nutee,5
DEU,Süßes,5
DEU,butter 100,5
DEU,versand,5
DEU,ketchup ohne zucker,5
DEU,Budweiser,5
DEU,ekl,5
DEU,leinol,5
DEU,brot back,5
DEU,iii,5
DEU,WC frisch,5
DEU,mixers,5
DEU,schafsmilch,5
DEU,Preiselbeer,5
DEU,rewe cheese,5
DEU,elem,5
DEU,wasser Kohlensäure,5
DEU,makrelle,5
DEU,rote gru,5
DEU,eiswürfem,5
DEU,Annanas,5
DEU,mountain d,5
DEU,heud,5
DEU,saure kirschen,5
DEU,pistacc,5
DEU,alnatura jog,5
DEU,maea,5
DEU,lichen,5
DEU,creams,5
DEU,nuggeta,5
DEU,high Protein eis,5
DEU,gizz,5
DEU,perno,5
DEU,"Haribo Tropifrutti Fruchtgummi, 175 g",5
DEU,tin tomatoes,5
DEU,pizza 4,5
DEU,filet streifen,5
DEU,chash,5
DEU,malborp,5
DEU,frischcase,5
DEU,nk,5
DEU,äpfle,5
DEU,Eis am Stiel,5
DEU,kerrigold,5
DEU,harter,5
DEU,baby b,5
DEU,conchiglioni,5
DEU,arganöl,5
DEU,bsn,5
DEU,coca cols,5
DEU,schokolade edelbitter,5
DEU,Salat dressi,5
DEU,kartoffelstä,5
DEU,haferdrink barista,5
DEU,spaghettu,5
DEU,la gi,5
DEU,khu,5
DEU,popcorn salt,5
DEU,minze getrocknet,5
DEU,Pros,5
DEU,rosmarinkartoffeln,5
DEU,rump steak,5
DEU,ride,5
DEU,Haarmaske,5
DEU,porn,5
DEU,cory,5
DEU,mineralwasser m,5
DEU,creme fai,5
DEU,schoko dunkel,5
DEU,wet paper,5
DEU,traubensch,5
DEU,persisch,5
DEU,mukti,5
DEU,himalaya salz,5
DEU,Zuckerfreie,5
DEU,frosta fisch,5
DEU,Zunge,5
DEU,edsmame,5
DEU,lohrbeer,5
DEU,grobe leberwurst,5
DEU,wurst auf,5
DEU,naturh,5
DEU,Fana,5
DEU,eda sosis,5
DEU,haldiram,5
DEU,mülltute,5
DEU,feuchte toilettentücher,5
DEU,clust,5
DEU,lammla,5
DEU,chedde,5
DEU,orab,5
DEU,yogr,5
DEU,zitrne,5
DEU,aloko,5
DEU,kakao zum,5
DEU,äfel,5
DEU,lsa,5
DEU,coka cola zero,5
DEU,hütteb,5
DEU,extra white,5
DEU,fleischgewürz,5
DEU,kokosol,5
DEU,cotton bud,5
DEU,hachfl,5
DEU,räucher to,5
DEU,Frish,5
DEU,sext,5
DEU,toilettepap,5
DEU,wipes baby,5
DEU,gehakte tomaten,5
DEU,yaxla,5
DEU,suchuk,5
DEU,jogju,5
DEU,truefruits,5
DEU,Gut und günstig,5
DEU,finisch,5
DEU,rewe burger,5
DEU,müllermilch protein,5
DEU,sahne h,5
DEU,lithium,5
DEU,pizza gluten free,5
DEU,Käse g,5
DEU,quarkwerk,5
DEU,schmezk,5
DEU,oat fl,5
DEU,guts,5
DEU,5 min te,5
DEU,rahb,5
DEU,soba noodles,5
DEU,heimathut,5
DEU,mäzer,5
DEU,mazi,5
DEU,koro pr,5
DEU,paprika chilli,5
DEU,onk,5
DEU,torl,5
DEU,grill fl,5
DEU,dessert vegan,5
DEU,reisesa,5
DEU,vitamin zero,5
DEU,frozen mang,5
DEU,Rohrreinigung,5
DEU,deuts,5
DEU,kahvaltı,5
DEU,dän,5
DEU,bio mü,5
DEU,pfirsich tee,5
DEU,rewe was,5
DEU,tolit,5
DEU,massaman,5
DEU,herzst,5
DEU,rice cale,5
DEU,soice,5
DEU,Condom,5
DEU,fake meat,5
DEU,cola s,5
DEU,toilettpapi,5
DEU,Kot,5
DEU,yorgu,5
DEU,brot eiweiß,5
DEU,vegitable,5
DEU,italiano,5
DEU,kreuterquark,5
DEU,snitz,5
DEU,katjes vegan,5
DEU,beötch,5
DEU,ziegenfrischk,5
DEU,tempi,5
DEU,küchenschwamm,5
DEU,skyr va,5
DEU,Hähnchenbrus,5
DEU,proteinroegel,5
DEU,öko,5
DEU,spätburgunder,5
DEU,plastik teller,5
DEU,karrotini,5
DEU,roggenmeh,5
DEU,scrimps,5
DEU,mautner,5
DEU,sandwichtoa,5
DEU,koro erd,5
DEU,washmit,5
DEU,like mest,5
DEU,aubegine,5
DEU,rohrfre,5
DEU,brazilian nut,5
DEU,chua,5
DEU,whiskey cola,5
DEU,delu,5
DEU,spülseife,5
DEU,turme,5
DEU,edelb,5
DEU,hafermilch van,5
DEU,wrinkle,5
DEU,gray,5
DEU,"Milka Mini-Schokokekse, 185 g",5
DEU,paletss,5
DEU,Dino Nuggets,5
DEU,chips ofen,5
DEU,ztrone,5
DEU,tee minze,5
DEU,blockhous,5
DEU,glass noo,5
DEU,kosmetic,5
DEU,mangomark,5
DEU,bröo,5
DEU,interden,5
DEU,chilli pul,5
DEU,cranberrie,5
DEU,mizare,5
DEU,toilettenreini,5
DEU,Butterge,5
DEU,i qos,5
DEU,börchen,5
DEU,köse gouda,5
DEU,Sourcecode c,5
DEU,crp,5
DEU,bkumen,5
DEU,samyanh,5
DEU,samurai,5
DEU,band nudeln,5
DEU,chicken bouillon,5
DEU,oil sp,5
DEU,Wh,5
DEU,trocknen,5
DEU,basiöikum,5
DEU,masal,5
DEU,cheas,5
DEU,capri sun zero,5
DEU,annanass,5
DEU,tomatensuce,5
DEU,mixed vegetables,5
DEU,fleischa,5
DEU,mischb,5
DEU,voll nuss,5
DEU,dragonfruit,5
DEU,backbrö,5
DEU,brotstick,5
DEU,purina gourmet,5
DEU,svhmand,5
DEU,bohneb,5
DEU,sesamso,5
DEU,apfel-,5
DEU,3 bears,5
DEU,Oel,5
DEU,riccotta,5
DEU,champanger,5
DEU,schwarzer knoblauch,5
DEU,kürbis kerne,5
DEU,trink mahlzeit,5
DEU,laktosefreier jo,5
DEU,mangosaf,5
DEU,milchsh,5
DEU,guacemole,5
DEU,impr,5
DEU,alter schwede,5
DEU,basii,5
DEU,bbq sa,5
DEU,barlauch,5
DEU,vegan schlag,5
DEU,toilttenp,5
DEU,handd,5
DEU,chocolate nuts,5
DEU,zahp,5
DEU,mango vanille,5
DEU,bitterlem,5
DEU,alpina,5
DEU,sanpelegrino,5
DEU,zucker weiß,5
DEU,house blend,5
DEU,flasenbrot,5
DEU,matschs,5
DEU,artish,5
DEU,Tegern,5
DEU,kit k,5
DEU,zai,5
DEU,bio ge,5
DEU,reiseaffe,5
DEU,kokonuss milch,5
DEU,obz,5
DEU,cold beer,5
DEU,fitne,5
DEU,würdel,5
DEU,mozzet,5
DEU,Wok,5
DEU,fadennudel,5
DEU,müllbeutel 20,5
DEU,vegie,5
DEU,mini wini,5
DEU,kartoffel mal,5
DEU,Müllbeutel 120,5
DEU,stiel eis,5
DEU,quan,5
DEU,soufl,5
DEU,hänchenbrusz,5
DEU,kinder ca,5
DEU,aufschnitt salami,5
DEU,burrst,5
DEU,omami,5
DEU,süsse sahne,5
DEU,salaml,5
DEU,macarrao,5
DEU,loeffel,5
DEU,schokolade milk,5
DEU,griessklö,5
DEU,qas,5
DEU,white vin,5
DEU,halwa,5
DEU,edelsa,5
DEU,erfnüsse,5
DEU,greven,5
DEU,tee fenchel,5
DEU,tofe,5
DEU,"milk 3,8",5
DEU,seifenstück,5
DEU,ratsher,5
DEU,charc,5
DEU,fae,5
DEU,brocoo,5
DEU,kindertomaten,5
DEU,halal hackfleisch,5
DEU,vegan wür,5
DEU,Tüch,5
DEU,Maism,5
DEU,schicnken,5
DEU,f1,5
DEU,waaa,5
DEU,chikpe,5
DEU,rMen,5
DEU,kräuter q,5
DEU,geflügel bio,5
DEU,good b,5
DEU,austr,5
DEU,Eint,5
DEU,no su,5
DEU,sargot,5
DEU,aufstrich käse,5
DEU,maccaron,5
DEU,Volkorn,5
DEU,200ml,5
DEU,laugenecke,5
DEU,m and ms,5
DEU,kurbiske,5
DEU,rollon,5
DEU,tomatwnmark,5
DEU,Konfitü,5
DEU,vhampignons,5
DEU,jose,5
DEU,schokomüsl,5
DEU,lemonsoda,5
DEU,Fruchtaufstrich,5
DEU,Kloreiniger,5
DEU,pizzateu,5
DEU,pipe cleaner,5
DEU,entwä,5
DEU,tess,5
DEU,galban,5
DEU,süsskaet,5
DEU,yohhurt,5
DEU,Jack d,5
DEU,erbsene,5
DEU,cv,5
DEU,söbeke,5
DEU,krone,5
DEU,süinat,5
DEU,Toilettenpapier 3,5
DEU,allspice,5
DEU,müü,5
DEU,mutel,5
DEU,bütter,5
DEU,Popcor,5
DEU,loy,5
DEU,mais waf,5
DEU,weixhspüler,5
DEU,vegan but,5
DEU,Brotchips,5
DEU,suss sauer,5
DEU,Hänsche,5
DEU,hundeknochen,5
DEU,elinaa,5
DEU,germk,5
DEU,mango mark,5
DEU,veganes pesto,5
DEU,groll,5
DEU,tinic,5
DEU,milch s,5
DEU,sauerkirschen im glas,5
DEU,kaffee in,5
DEU,frosty,5
DEU,fröschl,5
DEU,kimbucha,5
DEU,magsrine,5
DEU,kmack,5
DEU,noir,5
DEU,iec,5
DEU,gepu,5
DEU,vegan sweets,5
DEU,fanta ja,5
DEU,Dinkel toa,5
DEU,paprika grü,5
DEU,mr chicken,5
DEU,ja tomato,5
DEU,pizza diav,5
DEU,bumen,5
DEU,dovgam,5
DEU,Badreini,5
DEU,usa,5
DEU,"mineralwasser 1,5",5
DEU,black peppe,5
DEU,ja honig,5
DEU,burger gur,5
DEU,chateau,5
DEU,markkno,5
DEU,chicken wurst,5
DEU,schnelzkä,5
DEU,pizzastangen,5
DEU,datten,5
DEU,Dog,5
DEU,rindersalam,5
DEU,pforsich,5
DEU,feine Welt,5
DEU,rafieschen,5
DEU,klare,5
DEU,mehl 40,5
DEU,Käses,5
DEU,suppen nude,5
DEU,feuttü,5
DEU,nudeln vegan,5
DEU,fleishwurst,5
DEU,prep my mesl,5
DEU,kase kuchen,5
DEU,alpenmilc,5
DEU,schweinefl,5
DEU,Kraeuterquark,5
DEU,butter croissant,5
DEU,tomstoes,5
DEU,ziegem,5
DEU,firs,5
DEU,vanilla c,5
DEU,Dinkelme,5
DEU,spaghetti de cecco,5
DEU,lebensmittelfar,5
DEU,kols,5
DEU,kouvert,5
DEU,taube,5
DEU,Korean,5
DEU,rubby,5
DEU,coxa,5
DEU,schicke,5
DEU,zuckerfrei eis,5
DEU,chcik,5
DEU,backing powder,5
DEU,alnatura popcorn,5
DEU,laktosegrei,5
DEU,mango bio,5
DEU,schokolade kaffee,5
DEU,cokta,5
DEU,volvic wassermelone,5
DEU,crunchy nuts,5
DEU,wasser kefir,5
DEU,Rana,5
DEU,brötchen coppenrath,5
DEU,pote,5
DEU,joki,5
DEU,gran dessert,5
DEU,cherrytomat,5
DEU,farge,5
DEU,rora,5
DEU,gefrohr,5
DEU,Löwen,5
DEU,nesa,5
DEU,linseneint,5
DEU,spring ro,5
DEU,ülket,5
DEU,udel,5
DEU,salzlet,5
DEU,Taglia,5
DEU,marmer,5
DEU,erdnuss soße,5
DEU,vanillesos,5
DEU,anzünder,5
DEU,White wine,5
DEU,monsz,5
DEU,zuckermelone,5
DEU,einto,5
DEU,Roastbeef,5
DEU,ohne zuker,5
DEU,nudeln spirelli,5
DEU,muschelnudel,5
DEU,salatmic,5
DEU,Gor,5
DEU,flö,5
DEU,brusse,5
DEU,ahornsyrup,5
DEU,käse lakto,5
DEU,ketcha,5
DEU,effect energy,5
DEU,crax,5
DEU,sizilianische,5
DEU,spsses,5
DEU,cola zero 1.5,5
DEU,zuvkerfrei,5
DEU,ziegenkäse pizza,5
DEU,apfelessog,5
DEU,bulrich,5
DEU,möhrens,5
DEU,joghurtalternative,5
DEU,zitronen brause,5
DEU,kücheneoll,5
DEU,wuat,5
DEU,Schlag sahne,5
DEU,löslicher ka,5
DEU,Schnittla,5
DEU,egss,5
DEU,karotten stifte,5
DEU,Mandelmil,5
DEU,Gemüse mix,5
DEU,bacon würfel,5
DEU,ovulation,5
DEU,poratoe,5
DEU,kartoffel gra,5
DEU,dessert saucen,5
DEU,cola syrup,5
DEU,geflügel s,5
DEU,spreque,5
DEU,deostick,5
DEU,suppe alnatura,5
DEU,Gebackene Bohnen,5
DEU,manden,5
DEU,halswärmer,5
DEU,medallions,5
DEU,Rinder Hackfleisch,5
DEU,choc chips,5
DEU,porc,5
DEU,dr oetker müsli,5
DEU,minced meet,5
DEU,tsbak,5
DEU,saft 100%,5
DEU,winston red,5
DEU,knoblauch öl,5
DEU,baterrie,5
DEU,grillspie,5
DEU,Wan,5
DEU,zimt stange,5
DEU,alnatura bohnen,5
DEU,filtr,5
DEU,president butter,5
DEU,wc-,5
DEU,Schnittl,5
DEU,alnatura nougatschoko,5
DEU,obla,5
DEU,kaffee nespresso,5
DEU,dz,5
DEU,coconuz,5
DEU,boners,5
DEU,dish washe,5
DEU,voelke,5
DEU,red peoper,5
DEU,Wasser mit gesch,5
DEU,darti,5
DEU,dano,5
DEU,schollenfilet,5
DEU,san marzan,5
DEU,Junior,5
DEU,pasta vegan,5
DEU,pan integral,5
DEU,garnelensalat,5
DEU,joghurt coco,5
DEU,badam,5
DEU,metzgerei,5
DEU,Rewe Feine Welt,5
DEU,gutke bio,5
DEU,thai curry paste,5
DEU,brokkolu,5
DEU,luff,5
DEU,orangenwein,5
DEU,SA,5
DEU,chily,5
DEU,tk ware,5
DEU,chicken winga,5
DEU,brou,5
DEU,gurken im glas,5
