Country,Query,Searches
AZE,rexona?utm_source=tiktok,19416
AZE,rexona,17656
AZE,rexona?utm_source=meta,14441
AZE,cola,6959
AZE,elidor,5828
AZE,sirab,5816
AZE,terea,5751
AZE,dondurma,5244
AZE,su,4687
AZE,pendir,3910
AZE,lays,3446
AZE,çörək,3413
AZE,yumurta,2963
AZE,kinder,2926
AZE,qaymaq,2830
AZE,salfet,2605
AZE,süd,2575
AZE,хлеб,2224
AZE,corek,2196
AZE,magnum,2164
AZE,limon,2014
AZE,sud,1894
AZE,pomidor,1890
AZE,winston,1879
AZE,sobranie,1801
AZE,xiyar,1748
AZE,toyuq,1721
AZE,red,1693
AZE,milla,1673
AZE,tum,1671
AZE,fairy,1662
AZE,сыр,1649
AZE,ayran,1633
AZE,xama,1608
AZE,kartof,1573
AZE,qatıq,1555
AZE,un,1526
AZE,fanta,1518
AZE,sprite,1493
AZE,молоко,1479
AZE,banan,1479
AZE,kotex,1459
AZE,вода,1413
AZE,творог,1411
AZE,pepsi,1402
AZE,yağ,1398
AZE,fuse,1397
AZE,protein,1325
AZE,sabun,1310
AZE,labne,1231
AZE,cips,1225
AZE,kola,1211
AZE,kofe,1210
AZE,qatiq,1198
AZE,яйца,1157
AZE,zeytun,1152
AZE,sleepy,1148
AZE,yag,1144
AZE,ariel,1141
AZE,tualet,1138
AZE,pringles,1137
AZE,coca,1130
AZE,redbull,1122
AZE,barilla,1095
AZE,yogurt,1088
AZE,kolbasa,1082
AZE,milk,1081
AZE,kəsmik,1076
AZE,çay,1062
AZE,buldak,1061
AZE,duz,1057
AZE,domestos,1052
AZE,milka,1028
AZE,lavaş,1015
AZE,bizon,1009
AZE,сметана,1007
AZE,doritos,981
AZE,zibil,951
AZE,grabstar,945
AZE,cola zero,941
AZE,water,919
AZE,selpak,911
AZE,file,910
AZE,makaron,898
AZE,mayonez,886
AZE,kent,885
AZE,red bull,875
AZE,bread,873
AZE,fuse tea,872
AZE,масло,859
AZE,tomat,834
AZE,tuna,834
AZE,grab,830
AZE,düyü,829
AZE,şəkər,818
AZE,siqaret,806
AZE,sa,805
AZE,çör,797
AZE,nutella,796
AZE,tere,777
AZE,sobra,774
AZE,exponenta,771
AZE,чипсы,770
AZE,qat,764
AZE,durex,762
AZE,persil,758
AZE,zero,752
AZE,сливки,744
AZE,bravo,740
AZE,салфетки,736
AZE,dondur,733
AZE,мороженое,730
AZE,smetan,710
AZE,kefir,709
AZE,soğan,708
AZE,oreo,708
AZE,wins,701
AZE,ice,696
AZE,kesmik,696
AZE,йогурт,686
AZE,sosis,679
AZE,haribo,651
AZE,rolton,651
AZE,qar,646
AZE,alma,634
AZE,xirdalan,625
AZE,pivə,619
AZE,sogan,618
AZE,кола,616
AZE,don,613
AZE,ploom,612
AZE,ice cream,609
AZE,badamli,595
AZE,greek,592
AZE,always,589
AZE,buz,584
AZE,col,583
AZE,şokolad,582
AZE,coca cola,582
AZE,lipton,581
AZE,borjomi,570
AZE,dove,563
AZE,pampers,562
AZE,lava,557
AZE,salfetka,554
AZE,chips,552
AZE,bombbar,552
AZE,diş,550
AZE,yunan,549
AZE,araz,549
AZE,huggies,547
AZE,мука,544
AZE,ma,542
AZE,dond,539
AZE,pive,538
AZE,лук,534
AZE,sarikiz,531
AZE,pinar,530
AZE,valio,528
AZE,suxari,527
AZE,sob,525
AZE,cay,522
AZE,nivea,520
AZE,yumu,519
AZE,кофе,517
AZE,badam,517
AZE,лаваш,515
AZE,cappy,514
AZE,si,506
AZE,duyu,504
AZE,yulaf,503
AZE,yoqurt,501
AZE,so,501
AZE,cheese,501
AZE,beer,499
AZE,şor,498
AZE,diet,497
AZE,win,496
AZE,колбаса,495
AZE,pesto,494
AZE,lavas,493
AZE,çörek,490
AZE,пиво,489
AZE,co,488
AZE,coffee,488
AZE,holland,485
AZE,qab,482
AZE,tort,479
AZE,qoz,478
AZE,winst,474
AZE,чай,474
AZE,eggs,472
AZE,pop,469
AZE,per,469
AZE,kök,468
AZE,turşu,468
AZE,vanil,468
AZE,expo,464
AZE,biber,462
AZE,qa,462
AZE,eti,460
AZE,sal,459
AZE,sobr,459
AZE,domes,458
AZE,sar,456
AZE,сахар,451
AZE,monster,448
AZE,sira,448
AZE,do,446
AZE,cheetos,446
AZE,chicken,445
AZE,molped,440
AZE,ya,438
AZE,noxud,435
AZE,garnier,431
AZE,bal,430
AZE,pe,429
AZE,курица,428
AZE,cipsi,427
AZE,pring,423
AZE,bibər,422
AZE,ter,420
AZE,qarğıdalı,419
AZE,sous,417
AZE,qara,416
AZE,saqqız,415
AZE,roshen,413
AZE,sarıkız,412
AZE,crax,411
AZE,piv,411
AZE,сок,410
AZE,ton,409
AZE,aura,408
AZE,рис,406
AZE,plombir,405
AZE,шоколад,404
AZE,badamlı,404
AZE,salat,403
AZE,takis,403
AZE,svalya,401
AZE,şampun,398
AZE,kakao,394
AZE,огурцы,394
AZE,felix,393
AZE,мыло,392
AZE,ət,392
AZE,al,388
AZE,печенье,387
AZE,sok,387
AZE,qayma,387
AZE,çiko,386
AZE,saçaq,386
AZE,qay,385
AZE,soda,385
AZE,mozarella,385
AZE,семечки,383
AZE,vanish,382
AZE,konfet,380
AZE,греческий,379
AZE,snickers,379
AZE,nescafe,378
AZE,redbul,378
AZE,orbit,378
AZE,dondu,377
AZE,yumur,376
AZE,лимон,376
AZE,çö,375
AZE,pasta,374
AZE,xleb,374
AZE,хлебцы,372
AZE,kamar,372
AZE,pesok,371
AZE,mayo,371
AZE,salf,370
AZE,yumurt,366
AZE,агуша,366
AZE,qulaq,364
AZE,sobrani,364
AZE,sun,363
AZE,майонез,363
AZE,alpro,362
AZE,bizim tarla,362
AZE,paket,362
AZE,iqos,361
AZE,lobya,361
AZE,çips,361
AZE,popcorn,359
AZE,wolt,358
AZE,çörə,354
AZE,dirol,352
AZE,банан,349
AZE,prin,348
AZE,chocolate,345
AZE,dardanel,344
AZE,tess,344
AZE,yum,343
AZE,kərə,342
AZE,kart,341
AZE,tomato,340
AZE,merci,339
AZE,rice,338
AZE,картошка,338
AZE,xurma,338
AZE,sarı,338
AZE,finish,337
AZE,di,336
AZE,sandora,336
AZE,saqq,336
AZE,ba,334
AZE,помидор,333
AZE,butter,332
AZE,reyhan,331
AZE,barni,330
AZE,soya,330
AZE,redb,330
AZE,ice tea,329
AZE,kol,329
AZE,ka,327
AZE,тунец,326
AZE,milli,326
AZE,соль,325
AZE,efes,324
AZE,сырок,324
AZE,qarpız,323
AZE,nestle,323
AZE,siqa,321
AZE,qabyuyan,321
AZE,elseve,321
AZE,ciko,320
AZE,algida,320
AZE,xırdalan,318
AZE,la,318
AZE,nəm,318
AZE,сваля,318
AZE,vernel,316
AZE,кефир,316
AZE,sobran,316
AZE,biscolata,315
AZE,şirniyyat,313
AZE,pomi,312
AZE,egg,311
AZE,yo,310
AZE,qusar,310
AZE,kahı,310
AZE,meyve,308
AZE,noodle,308
AZE,qarpiz,308
AZE,sari,308
AZE,ke,307
AZE,перец,307
AZE,top,305
AZE,кукуруза,304
AZE,sosiska,304
AZE,cornetto,302
AZE,nes,302
AZE,corona,301
AZE,salfe,300
AZE,sni,299
AZE,sir,299
AZE,fa,298
AZE,ramen,297
AZE,nar,297
AZE,əlcək,297
AZE,badaml,296
AZE,bez,296
AZE,dondurm,296
AZE,activia,295
AZE,sp,295
AZE,mo,294
AZE,ankara,293
AZE,şam,292
AZE,nanə,291
AZE,granola,291
AZE,su 5,291
AZE,bul,290
AZE,sab,289
AZE,karto,289
AZE,slee,289
AZE,зелень,288
AZE,сосиски,288
AZE,du,288
AZE,pobeda,288
AZE,mag,287
AZE,simit,287
AZE,dovga,287
AZE,макароны,287
AZE,sleep,286
AZE,гречка,286
AZE,sevgi,286
AZE,pi,286
AZE,patron,286
AZE,ozmo,286
AZE,duru,284
AZE,sacaq,283
AZE,tost,282
AZE,kok,282
AZE,şüyüd,282
AZE,şəkərsiz,281
AZE,qatı,281
AZE,sosi,281
AZE,perwoll,281
AZE,ace,280
AZE,göyərti,280
AZE,dietik,280
AZE,морковь,280
AZE,tur,279
AZE,spri,279
AZE,marojna,277
AZE,nori,277
AZE,savalan,276
AZE,мороженное,276
AZE,dori,276
AZE,nəm salfet,274
AZE,qaym,274
AZE,twix,273
AZE,burger,272
AZE,pişik,270
AZE,frambini,270
AZE,cream,270
AZE,sos,269
AZE,помидоры,269
AZE,sirok,268
AZE,mentos,268
AZE,perwol,264
AZE,yu,264
AZE,tea,264
AZE,bi,263
AZE,istisu,263
AZE,seker,263
AZE,шампунь,262
AZE,pend,262
AZE,saç,261
AZE,azer,260
AZE,magn,259
AZE,kitkat,259
AZE,erikli,259
AZE,schar,259
AZE,colgate,258
AZE,saqqiz,256
AZE,choco,254
AZE,lavash,254
AZE,meyvə,254
AZE,pro,252
AZE,se,252
AZE,bor,251
AZE,mətbəx,250
AZE,borj,249
AZE,mochi,249
AZE,bingo,248
AZE,nesquik,248
AZE,fu,247
AZE,spr,247
AZE,grabs,247
AZE,pr,246
AZE,corn,246
AZE,pa,246
AZE,ket,245
AZE,mercan,244
AZE,ko,244
AZE,coc,243
AZE,alpen,243
AZE,balıq,243
AZE,lemon,243
AZE,pantene,242
AZE,sugar,242
AZE,ananas,242
AZE,snus,241
AZE,m&m,241
AZE,krem,240
AZE,pizza,240
AZE,hell,240
AZE,qaraba,239
AZE,bar,239
AZE,borges,239
AZE,adicto,238
AZE,heinz,237
AZE,kompot,237
AZE,coffe,237
AZE,san,236
AZE,toyu,236
AZE,туалетная,236
AZE,bakili,235
AZE,sch,234
AZE,bizim,233
AZE,kahi,233
AZE,sezar,231
AZE,alça,231
AZE,maye sabun,229
AZE,kvas,228
AZE,qarp,228
AZE,моро,227
AZE,abad,226
AZE,old spice,226
AZE,göbələk,225
AZE,bella,225
AZE,zeyt,224
AZE,bib,223
AZE,cip,223
AZE,peçenye,223
AZE,mill,222
AZE,exp,222
AZE,lindt,222
AZE,burrata,221
AZE,sevimli dad,221
AZE,ki,221
AZE,pri,220
AZE,sucuk,220
AZE,bon,219
AZE,yuyucu,219
AZE,грибы,218
AZE,istiot,218
AZE,gilette,218
AZE,чеснок,218
AZE,kin,217
AZE,badimcan,217
AZE,gilas,217
AZE,splat,216
AZE,şəkər tozu,216
AZE,bonaqua,215
AZE,peps,215
AZE,qati,215
AZE,wine,215
AZE,garlic,214
AZE,to,214
AZE,perw,214
AZE,mərcan,214
AZE,туалетная бумага,213
AZE,head,213
AZE,mango,213
AZE,nute,212
AZE,süngər,212
AZE,snikers,211
AZE,veet,211
AZE,mars,211
AZE,порошок,211
AZE,lovita,210
AZE,ch,210
AZE,duş,210
AZE,natura,210
AZE,redbu,210
AZE,viski,210
AZE,banana,209
AZE,sirke,209
AZE,chupa,209
AZE,gobelek,209
AZE,pomid,208
AZE,badımcan,208
AZE,azersud,208
AZE,göy,208
AZE,sport,208
AZE,abc,208
AZE,araq,208
AZE,caster,207
AZE,ayra,207
AZE,bra,207
AZE,pep,207
AZE,bounty,207
AZE,филе,207
AZE,matcha,207
AZE,feta,206
AZE,мясо,206
AZE,сигареты,206
AZE,mar,205
AZE,чудо,205
AZE,vodka,205
AZE,pendi,205
AZE,кетчуп,205
AZE,прокладки,205
AZE,keşniş,204
AZE,bomb,204
AZE,qargidali,204
AZE,limo,203
AZE,ocb,203
AZE,fair,203
AZE,suxar,202
AZE,çiyələk,202
AZE,bana,202
AZE,bo,201
AZE,epica,201
AZE,cici,200
AZE,onion,200
AZE,aktivia,200
AZE,бумага,200
AZE,go,200
AZE,molfix,199
AZE,pınar,199
AZE,tutku,199
AZE,lime,198
AZE,maya,198
AZE,dovğa,197
AZE,bulgur,197
AZE,ketçup,197
AZE,tortilla,197
AZE,domest,197
AZE,соус,196
AZE,kərə yağı,196
AZE,mayon,196
AZE,loreal,195
AZE,kote,195
AZE,parmesan,195
AZE,isti,194
AZE,ketcup,194
AZE,cherry,194
AZE,ci,193
AZE,carte,193
AZE,pom,193
AZE,net,192
AZE,çərəz,192
AZE,cif,192
AZE,kəs,191
AZE,bueno,191
AZE,fan,191
AZE,core,191
AZE,flour,190
AZE,yuxa,190
AZE,bakılı,190
AZE,rol,190
AZE,te,190
AZE,jager,189
AZE,süt,189
AZE,sü,188
AZE,сухари,188
AZE,papi,187
AZE,qab yuyan,186
AZE,papia,186
AZE,bud,186
AZE,snaq,186
AZE,fus,186
AZE,sushi,186
AZE,tu,186
AZE,cor,186
AZE,salmon,186
AZE,tursu,185
AZE,dr milk,185
AZE,kent 4,185
AZE,bis,184
AZE,сгущенка,184
AZE,dubai,184
AZE,clear,183
AZE,expon,183
AZE,tonic,182
AZE,pamidor,182
AZE,jacobs,180
AZE,ulker,179
AZE,po,178
AZE,пельмени,178
AZE,president,178
AZE,mil,178
AZE,nut,178
AZE,qarğ,178
AZE,fai,177
AZE,quru,177
AZE,kruasan,177
AZE,prosecco,177
AZE,i am cheese,176
AZE,kokos,176
AZE,pen,176
AZE,kələm,175
AZE,арбуз,175
AZE,ağcaqanad,175
AZE,dr,174
AZE,sprit,174
AZE,azza,173
AZE,хле,172
AZE,mila,172
AZE,айран,172
AZE,bonduelle,172
AZE,sokolad,172
AZE,fleur,171
AZE,kar,171
AZE,xardal,170
AZE,бритва,170
AZE,kah,170
AZE,qaymag,170
AZE,araxis,170
AZE,moza,170
AZE,bombar,170
AZE,zavod,170
AZE,berqa,170
AZE,re,169
AZE,fıstıq,169
AZE,avokado,168
AZE,tera,168
AZE,gel,168
AZE,chipsim,168
AZE,wolt market,168
AZE,su 5l,168
AZE,bu,168
AZE,et,167
AZE,brav,167
AZE,lay,167
AZE,magnu,167
AZE,maggi,167
AZE,limonad,166
AZE,salt,166
AZE,lim,166
AZE,Winston,166
AZE,duru yağ,165
AZE,клубника,164
AZE,рыба,164
AZE,bio,164
AZE,terrea,164
AZE,parmezan,164
AZE,peanut,163
AZE,may,163
AZE,kek,163
AZE,губка,163
AZE,квас,162
AZE,гель для душа,162
AZE,lenor,161
AZE,siq,161
AZE,paprika,161
AZE,tvoroq,161
AZE,borjo,161
AZE,şərab,160
AZE,dual,160
AZE,dis,160
AZE,lakto,159
AZE,semi,159
AZE,ca,158
AZE,kağız,158
AZE,pepper,158
AZE,zeytun yağı,157
AZE,pringl,157
AZE,gra,157
AZE,makfa,157
AZE,sirkə,157
AZE,pronto,157
AZE,duş geli,156
AZE,potato,156
AZE,rio,156
AZE,makar,156
AZE,фарш,156
AZE,sand,155
AZE,qarğı,155
AZE,tampon,155
AZE,final,154
AZE,морож,154
AZE,bebeto,154
AZE,atena,153
AZE,prosto,153
AZE,dov,153
AZE,fant,153
AZE,sevimli,152
AZE,bad,152
AZE,maka,152
AZE,spagetti,152
AZE,7 days,152
AZE,axe,152
AZE,fusetea,151
AZE,креветки,151
AZE,goyerti,151
AZE,сухарики,151
AZE,зубная паста,150
AZE,keks,150
AZE,rolt,150
AZE,no,149
AZE,bulqur,149
AZE,milla dondurma,149
AZE,bur,149
AZE,kit,149
AZE,sarımsaq,149
AZE,nutell,149
AZE,baliq,148
AZE,oil,148
AZE,beef,148
AZE,dorit,148
AZE,baton,148
AZE,exponen,148
AZE,lotus,147
AZE,sor,147
AZE,donut,147
AZE,ketchup,147
AZE,nan,146
AZE,palmolive,146
AZE,avocado,146
AZE,elcek,146
AZE,доширак,146
AZE,send,146
AZE,smeta,146
AZE,juice,145
AZE,olive oil,145
AZE,oral b,145
AZE,kəsm,145
AZE,qabartma,145
AZE,şəkə,145
AZE,пакет,144
AZE,hindi,144
AZE,sle,144
AZE,укроп,144
AZE,ivanovka,143
AZE,лапша,143
AZE,sigaret,143
AZE,blanc,143
AZE,çudo,143
AZE,qənd,143
AZE,jelibon,143
AZE,capri,143
AZE,agusha,143
AZE,terra,142
AZE,оливки,142
AZE,mərci,142
AZE,xiya,142
AZE,winsto,142
AZE,tadim,142
AZE,ped,142
AZE,dom,142
AZE,qazlı,141
AZE,уксус,141
AZE,pomido,141
AZE,soap,140
AZE,cəfəri,140
AZE,çorek,140
AZE,ruffles,140
AZE,hind,140
AZE,batareya,139
AZE,kere,139
AZE,ban,139
AZE,rich,139
AZE,chi,139
AZE,snic,138
AZE,перчатки,138
AZE,qarabaşaq,138
AZE,nane,138
AZE,qatig,138
AZE,cho,138
AZE,qanad,137
AZE,геркулес,137
AZE,shampoo,137
AZE,barill,136
AZE,ex,136
AZE,sırok,136
AZE,vafli,136
AZE,tual,136
AZE,карто,136
AZE,par,135
AZE,nesq,135
AZE,bada,135
AZE,cudo,135
AZE,tuc,135
AZE,kind,135
AZE,pam,134
AZE,toilet paper,134
AZE,aquşa,134
AZE,meyv,134
AZE,xirda,134
AZE,toilet,134
AZE,uşaq,134
AZE,babyfox,134
AZE,semicka,134
AZE,dor,134
AZE,viola,133
AZE,selpa,133
AZE,sirk,133
AZE,beta,133
AZE,market,133
AZE,protex,133
AZE,песок,133
AZE,azercay,132
AZE,long,132
AZE,xle,132
AZE,moz,132
AZE,каша,132
AZE,na,131
AZE,chee,131
AZE,olive,131
AZE,baby,131
AZE,vi,131
AZE,düy,131
AZE,sac,131
AZE,капуста,131
AZE,suxa,131
AZE,şirə,131
AZE,gin,130
AZE,wi,130
AZE,картофель,130
AZE,sultan,130
AZE,amber,130
AZE,nuts,130
AZE,сираб,130
AZE,parme,130
AZE,qazli,130
AZE,cream cheese,130
AZE,sl,129
AZE,gil,129
AZE,gullon,129
AZE,rex,129
AZE,туалет,129
AZE,kru,129
AZE,греч,129
AZE,apple,129
AZE,popkorn,129
AZE,fe,129
AZE,ролтон,128
AZE,jerky,128
AZE,qəhvə,128
AZE,gluten,128
AZE,avakado,128
AZE,alpen gold,128
AZE,red bul,128
AZE,meat food,128
AZE,göb,128
AZE,tua,128
AZE,pin,127
AZE,soy,127
AZE,borjom,127
AZE,jam,127
AZE,конфеты,127
AZE,içki,127
AZE,alışqan,127
AZE,bulda,126
AZE,bisco,126
AZE,labn,126
AZE,parm,126
AZE,old,126
AZE,hugg,126
AZE,mochiki,126
AZE,purina,126
AZE,disk,125
AZE,xi,125
AZE,smet,125
AZE,çipsi,125
AZE,predo,125
AZE,nəm sal,125
AZE,çiy,125
AZE,moxito,125
AZE,pers,125
AZE,krevetka,125
AZE,biomio,125
AZE,coco,125
AZE,ne,125
AZE,yuyucu toz,125
AZE,prote,125
AZE,kivi,124
AZE,təndir,124
AZE,bizo,124
AZE,aqu,124
AZE,sarimsaq,124
AZE,греческий йогурт,124
AZE,kə,124
AZE,buratta,123
AZE,vani,123
AZE,томат,123
AZE,şeker,123
AZE,tom,123
AZE,зубная,123
AZE,fitness,123
AZE,ağ,123
AZE,mc,123
AZE,puding,123
AZE,пармезан,123
AZE,konserv,123
AZE,coke,123
AZE,mm,123
AZE,qazli su,122
AZE,киндер,122
AZE,tide,122
AZE,попкорн,122
AZE,tütün,122
AZE,yaşıl,122
AZE,biz,122
AZE,honey,122
AZE,snik,122
AZE,bak,122
AZE,laktoz,122
AZE,фасоль,122
AZE,turş,121
AZE,ld,121
AZE,какао,121
AZE,sampun,121
AZE,вино,121
AZE,protein bar,121
AZE,i am,121
AZE,maye,120
AZE,cem,120
AZE,Dondurma,120
AZE,tadım,120
AZE,az,120
AZE,greek yogurt,120
AZE,coconut,120
AZE,салат,120
AZE,bulka,119
AZE,kreker,119
AZE,m&,119
AZE,prost,119
AZE,lak,119
AZE,mak,119
AZE,ветчина,119
AZE,meat,119
AZE,yog,119
AZE,persol,119
AZE,panko,118
AZE,jameson,118
AZE,balzam,118
AZE,selp,118
AZE,mi,118
AZE,me,118
AZE,mol,118
AZE,paltar,118
AZE,rulon,118
AZE,krab,117
AZE,яшкино,117
AZE,sour cream,117
AZE,яйц,117
AZE,свр,116
AZE,ülgüc,116
AZE,cucumber,116
AZE,kfc,116
AZE,brest,116
AZE,tutun,116
AZE,нори,116
AZE,сал,116
AZE,smetana,116
AZE,cin,116
AZE,terr,116
AZE,qazlı su,115
AZE,sme,115
AZE,frosch,115
AZE,manqal,115
AZE,sval,115
AZE,anchor,115
AZE,yoghurt,115
AZE,bondu,115
AZE,kabak,115
AZE,sem,115
AZE,ta,114
AZE,творожный сыр,114
AZE,kagiz,114
AZE,mozzarella,114
AZE,tut,113
AZE,гатыг,113
AZE,горчица,113
AZE,bakili qiz,113
AZE,palette,113
AZE,dorito,113
AZE,prot,113
AZE,saçaqlı,113
AZE,parmalat,112
AZE,xir,112
AZE,zey,112
AZE,nem,112
AZE,dare,112
AZE,mey,112
AZE,джин,112
AZE,dəsmal,112
AZE,огур,112
AZE,albalı,112
AZE,bacon,112
AZE,pros,111
AZE,rollton,111
AZE,gillette,111
AZE,kinde,111
AZE,alca,111
AZE,semiçka,111
AZE,sh,111
AZE,tuale,111
AZE,krevet,111
AZE,yoq,111
AZE,duşes,111
AZE,gar,111
AZE,almond,111
AZE,фрукты,111
AZE,kaşar,111
AZE,go on,110
AZE,cheddar,110
AZE,raid,110
AZE,ac,110
AZE,ülker,110
AZE,dome,110
AZE,chip,110
AZE,сода,110
AZE,хлопья,110
AZE,sun pearl,110
AZE,stevia,110
AZE,super,110
AZE,индейка,110
AZE,mac,110
AZE,nem salfet,109
AZE,яйцо,109
AZE,губки,109
AZE,bona,109
AZE,snick,109
AZE,qaz,109
AZE,torba,109
AZE,xiy,109
AZE,pambıq,108
AZE,balqabaq,108
AZE,томатная паста,108
AZE,ver,108
AZE,sponge,108
AZE,perwo,108
AZE,nişasta,108
AZE,pecenye,108
AZE,простоквашино,108
AZE,qre,108
AZE,влажные,107
AZE,gizeh,107
AZE,kolb,107
AZE,ar,107
AZE,ro,107
AZE,7days,107
AZE,kon,107
AZE,savu,107
AZE,berga,107
AZE,яй,107
AZE,pudra,107
AZE,ja,106
AZE,xrus,106
AZE,saça,106
AZE,tualet ka,106
AZE,gö,106
AZE,evian,106
AZE,safe,106
AZE,ahmad,105
AZE,keş,105
AZE,pre,105
AZE,творо,105
AZE,pop kek,105
AZE,albeni,105
AZE,ni,105
AZE,ciyelek,105
AZE,протеин,105
AZE,toyug,104
AZE,şək,104
AZE,nu,104
AZE,моцарелла,104
AZE,гель,104
AZE,acti,103
AZE,hein,103
AZE,5l,103
AZE,bio mio,103
AZE,laym,103
AZE,sirop,103
AZE,noodles,103
AZE,икра,103
AZE,latiao,103
AZE,chabiant,103
AZE,condom,103
AZE,ara,102
AZE,st,102
AZE,lip,102
AZE,yogu,102
AZE,strawberry,102
AZE,dü,102
AZE,pamb,102
AZE,metbex,102
AZE,pinqvin,102
AZE,bom,102
AZE,domesto,102
AZE,moruq,102
AZE,яблоки,101
AZE,akti,101
AZE,çöp,101
AZE,sugar free,101
AZE,man,101
AZE,победа,101
AZE,rice up,101
AZE,zeytu,100
AZE,pepsi max,100
AZE,влажные салфетки,100
AZE,sour,100
AZE,cipsim,100
AZE,без сахара,100
AZE,kəsmi,100
AZE,мармелад,100
AZE,савушкин,100
AZE,nuggets,100
AZE,авокадо,100
AZE,qarab,99
AZE,spa,99
AZE,tooth,99
AZE,va,99
AZE,fleur alpine,99
AZE,xa,99
AZE,toma,99
AZE,che,99
AZE,mayanez,99
AZE,stra,98
AZE,ari,98
AZE,qazl,98
AZE,adazu,98
AZE,ho,98
AZE,mal,97
AZE,krema,97
AZE,spf,97
AZE,duru yag,97
AZE,biscol,97
AZE,şə,97
AZE,gum,97
AZE,qarg,97
AZE,püstə,97
AZE,бананы,97
AZE,tam,97
AZE,karamel,97
AZE,ketc,97
AZE,fram,97
AZE,siqar,97
AZE,soğ,97
AZE,bref,96
AZE,корм,96
AZE,gluten free,96
AZE,carrot,96
AZE,bari,96
AZE,sut,96
AZE,ketç,96
AZE,cake,96
AZE,wol,96
AZE,tahin,96
AZE,calgon,96
AZE,rakı,96
AZE,vici,96
AZE,kahve,95
AZE,мусор,95
AZE,prostok,95
AZE,da,95
AZE,savoiardi,95
AZE,сметан,95
AZE,proplan,95
AZE,fistiq,95
AZE,кондиционер,95
AZE,sarık,95
AZE,fındıq,95
AZE,li,95
AZE,орехи,94
AZE,capp,94
AZE,паста,94
AZE,toyuq file,94
AZE,паприка,94
AZE,boya,94
AZE,pisik,94
AZE,mayone,94
AZE,гре,94
AZE,арахис,94
AZE,be,93
AZE,mr,93
AZE,bonduel,93
AZE,kr,93
AZE,çi,93
AZE,döş,93
AZE,соевый,93
AZE,spirt,93
AZE,cofe,93
AZE,danone,93
AZE,dr korner,93
AZE,soğa,93
AZE,xird,93
AZE,xıyar,93
AZE,yashkino,93
AZE,bonfesto,93
AZE,kolba,92
AZE,rafaello,92
AZE,варенье,92
AZE,gerkules,92
AZE,пакеты,92
AZE,лимонад,92
AZE,tualet kağızı,92
AZE,duracell,92
AZE,duzlu,92
AZE,sel,92
AZE,qoğal,92
AZE,plom,92
AZE,br,92
AZE,lo,92
AZE,sloboda,92
AZE,venus,92
AZE,мед,91
AZE,suxarik,91
AZE,el,91
AZE,snack,91
AZE,сме,91
AZE,chia,91
AZE,şir,91
AZE,yarpaq,91
AZE,sammontana,91
AZE,sirab 5,91
AZE,sc,91
AZE,hot,90
AZE,ərik,90
AZE,nutel,90
AZE,pambiq,90
AZE,popkek,90
AZE,salami,90
AZE,xlebci,90
AZE,porta,90
AZE,cheet,90
AZE,qend,90
AZE,sariki,90
AZE,kes,90
AZE,berg,90
AZE,kaba,90
AZE,laktozsuz,90
AZE,günəbaxan,90
AZE,bisc,90
AZE,ayr,90
AZE,yumru,89
AZE,blue,89
AZE,corey,89
AZE,sweet,89
AZE,zefir,89
AZE,kit kat,89
AZE,su 5 l,89
AZE,hazır,89
AZE,жвачка,89
AZE,chupa chups,89
AZE,sveza,89
AZE,хоеб,89
AZE,grabst,88
AZE,салфе,88
AZE,овсянка,88
AZE,türk,88
AZE,pap,88
AZE,peanut butter,88
AZE,beans,88
AZE,xırda,88
AZE,soba,87
AZE,kişmiş,87
AZE,hillside,87
AZE,поми,87
AZE,spag,87
AZE,asahi,87
AZE,tissue,87
AZE,sunger,87
AZE,bura,87
AZE,ava,87
AZE,lab,87
AZE,avo,87
AZE,ferrero,87
AZE,indi,86
AZE,icecream,86
AZE,сгу,86
AZE,safeguard,86
AZE,kelem,86
AZE,paper,86
AZE,тесто,86
AZE,ze,86
AZE,kot,86
AZE,lokum,86
AZE,салф,86
AZE,üzüm,86
AZE,halal,86
AZE,горох,86
AZE,торт,86
AZE,nesqu,86
AZE,bazar,86
AZE,mimi,86
AZE,pinq,86
AZE,alış,86
AZE,kent feel,86
AZE,car,86
AZE,oral,85
AZE,uludag,85
AZE,sarı kız,85
AZE,jelly,85
AZE,yoqu,85
AZE,mozare,85
AZE,wipes,85
AZE,Cola,85
AZE,salam,85
AZE,черри,85
AZE,kurasan,85
AZE,3d,85
AZE,kley,85
AZE,rukola,85
AZE,max,85
AZE,hi,85
AZE,таорог,85
AZE,bulyon,85
AZE,yumo,85
AZE,ays,84
AZE,гречес,84
AZE,джем,84
AZE,сливочное масло,84
AZE,big bon,84
AZE,miller,84
AZE,hochland,84
AZE,шор,84
AZE,kre,84
AZE,savo,84
AZE,kukuruz,84
AZE,lav,84
AZE,peçen,84
AZE,куку,84
AZE,qu,84
AZE,hot dog,84
AZE,gerber,84
AZE,cörək,84
AZE,вода 5,84
AZE,orange,83
AZE,sn,83
AZE,xam,83
AZE,seker tozu,83
AZE,cat,83
AZE,rexo,83
AZE,düşes,83
AZE,de,83
AZE,dar,83
AZE,gill,83
AZE,schwe,83
AZE,ağca,83
AZE,simi,83
AZE,steak,83
AZE,bro,83
AZE,goy,82
AZE,baril,82
AZE,plastik,82
AZE,огурец,82
AZE,red b,82
AZE,əl,82
AZE,zeytun ya,82
AZE,fer,82
AZE,Su,82
AZE,rafa,82
AZE,isti su,82
AZE,papa,82
AZE,marivo,82
AZE,pal,82
AZE,banvit,82
AZE,candy,82
AZE,qargi,82
AZE,ga,82
AZE,sari kiz,82
AZE,portağal,82
AZE,салфет,81
AZE,xirdala,81
AZE,black,81
AZE,gre,81
AZE,azers,81
AZE,əriştə,81
AZE,Xırdalan,81
AZE,72,81
AZE,спагетти,81
AZE,paulaner,81
AZE,cereal,81
AZE,maro,81
AZE,xəmir,81
AZE,моло,81
AZE,Lays,81
AZE,boru,81
AZE,компот,80
AZE,çip,80
AZE,şüşə,80
AZE,döş əti,80
AZE,terea sun,80
AZE,sm,80
AZE,blueberry,80
AZE,yumoş,80
AZE,малина,80
AZE,водка,80
AZE,djin,80
AZE,makaro,80
AZE,смет,80
AZE,alp,80
AZE,damla,80
AZE,toothpaste,80
AZE,choco pie,80
AZE,dark,80
AZE,vermi,80
AZE,milky,80
AZE,brokoli,80
AZE,qoruyucu,80
AZE,tomatoes,80
AZE,палочки,80
AZE,toz,79
AZE,qum,79
AZE,siqare,79
AZE,бекон,79
AZE,oat,79
AZE,mirinda,79
AZE,ku,79
AZE,vanis,79
AZE,sirab su,79
AZE,arie,79
AZE,gree,79
AZE,gillete,79
AZE,dish,79
AZE,corab,78
AZE,gorilla,78
AZE,krua,78
AZE,buld,78
AZE,ken,78
AZE,darda,78
AZE,şaftalı,78
AZE,aysberq,78
AZE,смета,78
AZE,соевый соус,78
AZE,yaş,78
AZE,sup,78
AZE,hotdog,78
AZE,elle,78
AZE,pan,78
AZE,le,78
AZE,cola zer,78
AZE,iveriya,78
AZE,Sirab,77
AZE,hu,77
AZE,hazir,77
AZE,plitka,77
AZE,glade,77
AZE,tonik,77
AZE,грече,77
AZE,pringle,77
AZE,carte dor,77
AZE,baltika,77
AZE,aseton,77
AZE,full,77
AZE,приправа,77
AZE,тряпки,76
AZE,şabalıd,76
AZE,пломбир,76
AZE,diş fırçası,76
AZE,carmen,76
AZE,winc,76
AZE,saç boyası,76
AZE,sarıkı,76
AZE,su sirab,76
AZE,соси,76
AZE,straw,76
AZE,erik,75
AZE,лед,75
AZE,piyve,75
AZE,green,75
AZE,çöre,75
AZE,rolto,75
AZE,manna,75
AZE,гель для,75
AZE,мята,75
AZE,diş pastası,75
AZE,специи,75
AZE,nata,75
AZE,jel,75
AZE,neptun,75
AZE,mozza,75
AZE,moc,75
AZE,fifa,75
AZE,dus,75
AZE,хл,75
AZE,kirlangic,75
AZE,dönər,75
AZE,siga,75
AZE,sen,75
AZE,gran,75
AZE,bond,75
AZE,coff,74
AZE,kalbasa,74
AZE,krem pendir,74
AZE,mer,74
AZE,yaşıl çay,74
AZE,gille,74
AZE,van,74
AZE,maroj,74
AZE,tor,74
AZE,obertos,74
AZE,şoko,74
AZE,snicker,74
AZE,fruit,74
AZE,ватные,74
AZE,зефир,74
AZE,hava,74
AZE,ма,74
AZE,bekon,74
AZE,mascarpone,74
AZE,песто,74
AZE,carefree,74
AZE,baki,74
AZE,bag,74
AZE,heineken,73
AZE,fanat,73
AZE,mas,73
AZE,kalleh,73
AZE,kraker,73
AZE,вишня,73
AZE,dalin,73
AZE,сгущ,73
AZE,harika,73
AZE,scandic,73
AZE,ros,73
AZE,kapsul,73
AZE,basil,73
AZE,mos,73
AZE,крахмал,73
AZE,duses,73
AZE,sva,72
AZE,ra,72
AZE,hong,72
AZE,доместос,72
AZE,hari,72
AZE,лосось,72
AZE,ha,72
AZE,зажигалка,72
AZE,prime,72
AZE,torti,72
AZE,glutensiz,72
AZE,zuber,72
AZE,galina,72
AZE,cookie,71
AZE,sarim,71
AZE,mosq,71
AZE,araz market,71
AZE,azərçay,71
AZE,agca,71
AZE,boun,71
AZE,rahat,71
AZE,schweppes,71
AZE,вафли,71
AZE,danissimo,71
AZE,agcaqanad,71
AZE,gerda,71
AZE,saq,71
AZE,terxun,71
AZE,garage,71
AZE,sobranie caster,71
AZE,mustard,71
AZE,sirniyyat,71
AZE,iceberg,71
AZE,са,70
AZE,ədviyyat,70
AZE,lady,70
AZE,dogadan,70
AZE,olitalia,70
AZE,limon duzu,70
AZE,просто,70
AZE,chudo,70
AZE,smoking,70
AZE,грудка,70
AZE,zibi,70
AZE,чипс,70
AZE,xır,70
AZE,yemiş,70
AZE,çia,70
AZE,sabu,69
AZE,av,69
AZE,lifalif,69
AZE,bismak,69
AZE,saca,69
AZE,sausage,69
AZE,choc,69
AZE,iceland,69
AZE,kinder joy,69
AZE,ac bitir,69
AZE,beermix,69
AZE,lighter,69
AZE,mürəbbə,69
AZE,eskimo,69
AZE,печень,69
AZE,fra,69
AZE,tendir,69
AZE,mint,69
AZE,redd,69
AZE,x7,69
AZE,lipt,69
AZE,süng,69
AZE,спрайт,69
AZE,kesm,69
AZE,pendirli,69
AZE,toy,69
AZE,uludağ,69
AZE,ватные диски,69
AZE,лайм,69
AZE,çanax,69
AZE,tiramisu,69
AZE,cra,69
AZE,батарейки,69
AZE,nəm sa,69
AZE,gillet,69
AZE,sala,69
AZE,alwa,68
AZE,volcano,68
AZE,əski,68
AZE,jeli,68
AZE,senso,68
AZE,латяо,68
AZE,twi,68
AZE,семе,68
AZE,vişnə,68
AZE,duru ya,68
AZE,üz,68
AZE,holl,68
AZE,растишка,68
AZE,halva,68
AZE,turşu xiyar,68
AZE,belous,68
AZE,xlebtsi,68
AZE,sux,68
AZE,zeytun yagi,68
AZE,боржоми,68
AZE,marmelad,68
AZE,capri sun,68
AZE,cart,67
AZE,bakılı qız,67
AZE,turkey,67
AZE,tvorog,67
AZE,slavyanka,67
AZE,хлебц,67
AZE,multi,67
AZE,persi,67
AZE,cap,67
AZE,gül,67
AZE,rexon,67
AZE,şü,67
AZE,mozz,67
AZE,sendviç,67
AZE,spi,67
AZE,jack,67
AZE,küncüt,67
AZE,şa,67
AZE,ispanaq,67
AZE,peçe,67
AZE,фанта,67
AZE,lavazza,67
AZE,long chips,67
AZE,azər,67
AZE,albali,67
AZE,pall,67
AZE,winch,67
AZE,барни,67
AZE,qazoz,67
AZE,lettuce,67
AZE,badım,67
AZE,qabart,67
AZE,qatılaş,67
AZE,ушастый,67
AZE,malina,66
AZE,şokalad,66
AZE,mətbə,66
AZE,ekmek,66
AZE,west,66
AZE,qrecka,66
AZE,макарон,66
AZE,ping,66
AZE,tekila,66
AZE,кинза,66
AZE,kak,66
AZE,ay,66
AZE,kabrita,66
AZE,ruff,66
AZE,qarğıda,66
AZE,acı,66
AZE,moyanez,66
AZE,кунжут,66
AZE,xiyar tur,66
AZE,keşni,65
AZE,chorek,65
AZE,fuce,65
AZE,nogger,65
AZE,kedi dili,65
AZE,dark chocolate,65
AZE,mop,65
AZE,coke zero,65
AZE,schw,65
AZE,asperox,65
AZE,salfetk,65
AZE,hit,65
AZE,bin,65
AZE,yogur,65
AZE,кол,65
AZE,nesca,65
AZE,çanaq,65
AZE,ham,65
AZE,sev,65
AZE,от комаров,65
AZE,fish,65
AZE,je,65
AZE,nood,65
AZE,far,65
AZE,toothbrush,65
AZE,grass,65
AZE,old sp,65
AZE,gile,65
AZE,Terea,65
AZE,морожен,65
AZE,fi,64
AZE,pes,64
AZE,bişirmə,64
AZE,gouda,64
AZE,armud,64
AZE,divo,64
AZE,пергамент,64
AZE,holland pendiri,64
AZE,corne,64
AZE,активиа,64
AZE,winchester,64
AZE,azərsüd,64
AZE,rossman,64
AZE,azerçay,64
AZE,batat,64
AZE,superfresh,64
AZE,fr,64
AZE,sobraniye,64
AZE,roll,64
AZE,portagal,64
AZE,bon pari,64
AZE,tualet kagizi,64
AZE,bombb,64
AZE,xl,64
AZE,sig,64
AZE,slivki,64
AZE,sensodyne,64
AZE,hisə,64
AZE,leys,63
AZE,bonaq,63
AZE,gyoza,63
AZE,solo,63
AZE,uşaq bezi,63
AZE,coro,63
AZE,vanilla,63
AZE,aqusa,63
AZE,su 10,63
AZE,davidoff,63
AZE,петрушка,63
AZE,moloko,63
AZE,di martino,63
AZE,potatoes,63
AZE,рамен,63
AZE,жидкое мыло,63
AZE,кури,63
AZE,aktiv,63
AZE,port,63
AZE,кукуру,63
AZE,gün,63
AZE,sauce,63
AZE,kabartma,63
AZE,ber,63
AZE,yufka,63
AZE,kal,63
AZE,ко,63
AZE,qo,63
AZE,kitchen,63
AZE,berrak,63
AZE,vinegar,63
AZE,or,63
AZE,qubka,63
AZE,die,63
AZE,blan,62
AZE,soyuq,62
AZE,савоярди,62
AZE,bibə,62
AZE,nest,62
AZE,bir,62
AZE,fresh,62
AZE,activ,62
AZE,ginger,62
AZE,gr,62
AZE,dankek,62
AZE,bostan,62
AZE,astoria,62
AZE,fary,62
AZE,shower gel,62
AZE,мороже,62
AZE,intim,62
AZE,sam,62
AZE,mər,62
AZE,hicaz,62
AZE,sulu,62
AZE,fit,62
AZE,cup,62
AZE,селедка,62
AZE,мочалка,62
AZE,бумажные,62
AZE,батон,61
AZE,uzum,61
AZE,olala,61
AZE,vita,61
AZE,ic,61
AZE,burat,61
AZE,bata,61
AZE,tw,61
AZE,помид,61
AZE,stəkan,61
AZE,май,61
AZE,balqa,61
AZE,ob,61
AZE,nesqui,61
AZE,яблоко,61
AZE,plo,61
AZE,merc,61
AZE,tuvalet,61
AZE,yer,61
AZE,günə,61
AZE,soga,61
AZE,овощи,61
AZE,tun,61
AZE,mms,61
AZE,anti,61
AZE,tuborg,61
AZE,vanilin,61
AZE,краска,61
AZE,göyə,61
AZE,творожный,61
AZE,chipsi,61
AZE,exponent,61
AZE,qarox,61
AZE,бальзам,60
AZE,snacks,60
AZE,mehmet,60
AZE,pelmeni,60
AZE,hacı,60
AZE,nemiroff,60
AZE,teriyaki,60
AZE,ri,60
AZE,lat,60
AZE,spoon,60
AZE,şokolad yağı,60
AZE,mozar,60
AZE,vicenzi,60
AZE,mavi,60
AZE,chup,60
AZE,fıst,60
AZE,tora,60
AZE,cerez,60
AZE,actimel,60
AZE,sante,60
AZE,act,60
AZE,xlor,60
AZE,sigara,59
AZE,тряпка,59
AZE,squ,59
AZE,печен,59
AZE,gloves,59
AZE,kimder,59
AZE,çubuq,59
AZE,kolbas,59
AZE,aptek,59
AZE,sacaqli,59
AZE,tvoro,59
AZE,bbq,59
AZE,turk,59
AZE,olives,59
AZE,qırmızı,59
AZE,spinach,59
AZE,grabsta,59
AZE,ru,59
AZE,kərə yağ,59
AZE,deep,59
AZE,marvis,59
AZE,kof,59
AZE,semic,59
AZE,свекла,59
AZE,сникерс,59
AZE,cof,59
AZE,erdinger,59
AZE,пе,59
AZE,aç bitir,59
AZE,şüyü,59
AZE,qusar naturals,58
AZE,kere yagi,58
AZE,doymak,58
AZE,fuse te,58
AZE,toyuq filesi,58
AZE,stick,58
AZE,panten,58
AZE,m&ms,58
AZE,şamp,58
AZE,american,58
AZE,diş məcunu,58
AZE,aktivi,58
AZE,gilet,58
AZE,watermelon,58
AZE,oats,58
AZE,barjomi,58
AZE,biscoff,58
AZE,pl,58
AZE,освежитель,58
AZE,lactose,58
AZE,mann,58
AZE,toni,58
AZE,expone,58
AZE,mə,58
AZE,zirinc,58
AZE,фета,58
AZE,cör,58
AZE,тампоны,57
AZE,yoğurt,57
AZE,kesnis,57
AZE,fri,57
AZE,jardin,57
AZE,teres,57
AZE,nem sal,57
AZE,lampa,57
AZE,cat food,57
AZE,sarım,57
AZE,cornett,57
AZE,fil,57
AZE,verm,57
AZE,мо,57
AZE,kedi,57
AZE,xırd,57
AZE,салфетка,57
AZE,reyh,57
AZE,qreçka,57
AZE,he,57
AZE,feli,57
AZE,qabyu,57
AZE,ore,57
AZE,sando,57
AZE,air,57
AZE,kefi,56
AZE,pall mall,56
AZE,winston dual,56
AZE,sog,56
AZE,булгур,56
AZE,dezo,56
AZE,şokol,56
AZE,гриб,56
AZE,топ,56
AZE,dur,56
AZE,yumos,56
AZE,mayka,56
AZE,kruassan,56
AZE,lazanya,56
AZE,yash,56
AZE,twister,56
AZE,масло сливочное,56
AZE,qarabasaq,56
AZE,uluda,56
AZE,gi,56
AZE,qerkules,56
AZE,lakt,56
AZE,sarik,56
AZE,chivas,56
AZE,yağlı kağız,56
AZE,фунчоза,56
AZE,qula,56
AZE,dana,56
AZE,bitter,56
AZE,azersüd,56
AZE,molp,56
AZE,ross,55
AZE,пюре,55
AZE,kirlan,55
AZE,mara,55
AZE,silver,55
AZE,pol,55
AZE,pervol,55
AZE,фольга,55
AZE,kupiec,55
AZE,фисташки,55
AZE,icki,55
AZE,grand,55
AZE,комар,55
AZE,kotanyi,55
AZE,довга,55
AZE,mini,55
AZE,zib,55
AZE,колб,55
AZE,тв,55
AZE,wa,55
AZE,горошек,55
AZE,nid,55
AZE,big,55
AZE,bigbon,55
AZE,zoğal,55
AZE,кабачок,54
AZE,salça,54
AZE,kaju,54
AZE,adic,54
AZE,ag,54
AZE,lezzet,54
AZE,peynir,54
AZE,sav,54
AZE,bondue,54
AZE,dure,54
AZE,ober,54
AZE,diş pas,54
AZE,fini,54
AZE,шпинат,54
AZE,str,54
AZE,crackers,54
AZE,keno,54
AZE,cheeto,54
AZE,willie,54
AZE,mister,54
AZE,лабне,54
AZE,deo,54
AZE,alw,54
AZE,qara çörək,54
AZE,çili,54
AZE,red bu,54
AZE,qab yu,54
AZE,дрожжи,54
AZE,mərc,54
AZE,tərəvəz,53
AZE,presi,53
AZE,gavalı,53
AZE,tomato paste,53
AZE,avok,53
AZE,burata,53
AZE,çiyə,53
AZE,göbə,53
AZE,mentol,53
AZE,nesc,53
AZE,raf,53
AZE,avacado,53
AZE,краб,53
AZE,mushroom,53
AZE,lactose free,53
AZE,su 5 lt,53
AZE,antep,53
AZE,arko,53
AZE,крем,53
AZE,prima,53
AZE,as,53
AZE,protei,53
AZE,magna,53
AZE,saqqı,53
AZE,oli,53
AZE,разрыхлитель,53
AZE,sprey,53
AZE,suxarı,53
AZE,ferr,53
AZE,streç,53
AZE,dubay,53
AZE,usaq,53
AZE,kərə ya,53
AZE,cilit,53
AZE,mumtaz,53
AZE,слив,53
AZE,зубная щетка,53
AZE,maretti,53
AZE,cotton,53
AZE,monarch,52
AZE,marsh,52
AZE,frozen,52
AZE,tv,52
AZE,mısır,52
AZE,stre,52
AZE,white wine,52
AZE,ti,52
AZE,Kinder,52
AZE,sandwich,52
AZE,carls,52
AZE,sevi,52
AZE,shor,52
AZE,jele,52
AZE,burra,52
AZE,savus,52
AZE,kef,52
AZE,ist,52
AZE,сос,52
AZE,jilet,52
AZE,para,52
AZE,molto,52
AZE,xirdal,52
AZE,Buldak,52
AZE,yandiran,52
AZE,sham,52
AZE,крабовые,52
AZE,gliss,52
AZE,darçın,52
AZE,diş fır,52
AZE,strec,52
AZE,else,52
AZE,pet,52
AZE,ceferi,51
AZE,activi,51
AZE,balsamic,51
AZE,dr pepper,51
AZE,contex,51
AZE,plomb,51
AZE,şüy,51
AZE,harib,51
AZE,roshe,51
AZE,no sugar,51
AZE,təmizlik,51
AZE,çizi,51
AZE,mr snack,51
AZE,epi,51
AZE,his,51
AZE,пепси,51
AZE,jelatin,51
AZE,hug,51
AZE,enerji,51
AZE,brok,51
AZE,paxlava,51
AZE,apelsin,51
AZE,голубика,51
AZE,meyseri,51
AZE,illy,51
AZE,tünd,51
AZE,celery,51
AZE,coka,51
AZE,bat,51
AZE,черешня,51
AZE,kibrit,51
AZE,fin,50
AZE,Sobranie,50
AZE,corək,50
AZE,cornet,50
AZE,tamat,50
AZE,tüt,50
AZE,ricotta,50
AZE,garn,50
AZE,desmal,50
AZE,brown sugar,50
AZE,вермишель,50
AZE,сливочное,50
AZE,konserva,50
AZE,spaghetti,50
AZE,çaxır,50
AZE,qaymaq sud,50
AZE,piyv,50
AZE,йогур,50
AZE,mix,50
AZE,имбирь,50
AZE,təraş,50
AZE,кузя,50
AZE,mor,50
AZE,рисовая,50
AZE,şirni,50
AZE,cok,50
AZE,elsev,50
AZE,dan,50
AZE,hollan,50
AZE,bud dibi,50
AZE,сахарная пудра,50
AZE,göyərt,50
AZE,yas,50
AZE,brinza,49
AZE,mon,49
AZE,tequila,49
AZE,sanpe,49
AZE,nive,49
AZE,şalgam,49
AZE,konser,49
AZE,chili,49
AZE,göbelek,49
AZE,alisqan,49
AZE,Ariel,49
AZE,suyud,49
AZE,akt,49
AZE,Мороженое,49
AZE,qələm,49
AZE,coconut milk,49
AZE,fitnes,49
AZE,biscuit,49
AZE,vermişel,49
AZE,sniker,49
AZE,moch,49
AZE,йог,49
AZE,harry,49
AZE,gündəlik,49
AZE,sparkling,49
AZE,напитки,49
AZE,суп,49
AZE,leibniz,49
AZE,makarna,49
AZE,сы,49
AZE,slav,49
AZE,ванилин,49
AZE,сосис,49
AZE,ваниль,49
AZE,ciy,49
AZE,burr,49
AZE,garni,49
AZE,kaija,49
AZE,туал,49
AZE,pendir sous,49
AZE,bou,49
AZE,bakil,49
AZE,harrys,49
AZE,sarıkök,49
AZE,maska,49
AZE,badim,49
AZE,qatıla,49
AZE,pads,49
AZE,pingvin,49
AZE,xlebsi,49
AZE,kir,48
AZE,kokteyl,48
AZE,aci,48
AZE,oregano,48
AZE,an,48
AZE,qiymə,48
AZE,cr,48
AZE,sha,48
AZE,carlsberg,48
AZE,xı,48
AZE,bel,48
AZE,uni,48
AZE,нут,48
AZE,гель для стирки,48
AZE,kuncut,48
AZE,sevim,48
AZE,vol,48
AZE,туале,48
AZE,qlutensiz,48
AZE,sheker,48
AZE,jaguar,48
AZE,tərxun,48
AZE,piy,48
AZE,leib,48
AZE,droj,48
AZE,har,48
AZE,batar,48
AZE,milf,48
AZE,sendv,48
AZE,апельсин,48
AZE,mət,48
AZE,sim,48
AZE,raki,48
AZE,Fanta,48
AZE,ка,48
AZE,stekan,48
AZE,milfoy,48
AZE,vape,47
AZE,kra,47
AZE,qarğıdalı yağı,47
AZE,sleppy,47
AZE,tortil,47
AZE,smit,47
AZE,mangal,47
AZE,майо,47
AZE,taki,47
AZE,pamp,47
AZE,aa,47
AZE,салфетки влажные,47
AZE,şok,47
AZE,hamam,47
AZE,клей,47
AZE,gob,47
AZE,dö,47
AZE,yayla,47
AZE,jale,47
AZE,moyonez,47
AZE,carrots,47
AZE,greta,47
AZE,çovdar,47
AZE,coriander,47
AZE,бу,47
AZE,por,47
AZE,suşi,47
AZE,pest,47
AZE,со,47
AZE,gazi,47
AZE,yumru düyü,47
AZE,kaşa,47
AZE,vileda,47
AZE,sanp,47
AZE,rukkola,47
AZE,qabyuya,47
AZE,hacı turqay,47
AZE,dakota,47
AZE,пер,47
AZE,греческ,47
AZE,lovi,47
AZE,latte,47
AZE,esse,47
AZE,şəkər to,47
AZE,mətb,47
AZE,meyvə şirəsi,47
AZE,молок,47
AZE,alm,47
AZE,ананас,47
AZE,manzi,47
AZE,cookies,47
AZE,noxu,47
AZE,томатная,47
AZE,kün,47
AZE,желатин,47
AZE,zeytun yağ,47
AZE,keşn,47
AZE,friso,47
AZE,urban,47
AZE,şo,47
AZE,сгуще,46
AZE,doner,46
AZE,яица,46
AZE,nespresso,46
AZE,detergent,46
AZE,wolt ma,46
AZE,duba,46
AZE,arax,46
AZE,savushkin,46
AZE,semiç,46
AZE,sk,46
AZE,orange juice,46
AZE,şüyüt,46
AZE,shokolad,46
AZE,sko,46
AZE,ploo,46
AZE,qızıl,46
AZE,ritter,46
AZE,trash,46
AZE,паштет,46
AZE,сладости,46
AZE,морко,46
AZE,ку,46
AZE,картоф,46
AZE,tad,46
AZE,nugget,46
AZE,vin,46
AZE,gobe,46
AZE,garbage,46
AZE,yuyu,46
AZE,7up,46
AZE,sv,46
AZE,high,46
AZE,kimchi,46
AZE,icetea,46
AZE,ogx,46
AZE,pul biber,46
AZE,teos,46
AZE,siran,46
AZE,nabe,46
AZE,Araz,46
AZE,pu,46
AZE,ikra,46
AZE,твор,46
AZE,йогу,46
AZE,şirniyat,46
AZE,dırnaq,46
AZE,razor,46
AZE,au,46
AZE,süf,46
AZE,kismis,45
AZE,mixək,45
AZE,yağlı,45
AZE,вода 5л,45
AZE,berry,45
AZE,temizlik,45
AZE,pop corn,45
AZE,zer,45
AZE,parsley,45
AZE,duzlu xiyar,45
AZE,kinoa,45
AZE,limon suyu,45
AZE,maxito,45
AZE,chetos,45
AZE,hoşbeş,45
AZE,mus,45
AZE,dill,45
AZE,ruk,45
AZE,dr.,45
AZE,laktozasiz,45
AZE,wolt mar,45
AZE,кукур,45
AZE,club,45
AZE,ol,45
AZE,jin,45
AZE,aqua,45
AZE,can,45
AZE,pampers premium,45
AZE,yula,45
AZE,dus geli,45
AZE,dolma,45
AZE,5 l,45
AZE,mixek,45
AZE,şirin,45
AZE,chick,45
AZE,ketçu,45
AZE,feri,45
AZE,danet,45
AZE,diş f,45
AZE,краска для волос,45
AZE,qalina,45
AZE,biscola,45
AZE,haci,45
AZE,palmo,45
AZE,coca-cola,45
AZE,ləzzət,45
AZE,наполнитель,45
AZE,şi,45
AZE,tvo,45
AZE,sün,45
AZE,albal,45
AZE,сливк,45
AZE,bla,44
AZE,yoqur,44
AZE,Çörək,44
AZE,möcüzə,44
AZE,piyvə,44
AZE,ce,44
AZE,пингвин,44
AZE,брынза,44
AZE,kər,44
AZE,ton balığı,44
AZE,bazarstore,44
AZE,kul,44
AZE,sparkling water,44
AZE,pudding,44
AZE,cig,44
AZE,pres,44
AZE,cillit,44
AZE,əlcə,44
AZE,domik,44
AZE,alt,44
AZE,koreya,44
AZE,оливковое масло,44
AZE,zi,44
AZE,сироп,44
AZE,toast,44
AZE,bizim tar,44
AZE,dr.milk,44
AZE,huggi,44
AZE,seven,44
AZE,bara,44
AZE,alkoqolsuz,44
AZE,şal,44
AZE,star,44
AZE,salfer,44
AZE,Sprite,44
AZE,sevg,44
AZE,hei,44
AZE,ak,44
AZE,lipto,44
AZE,qost,44
AZE,pamper,44
AZE,ушные,44
AZE,nag,44
AZE,qutu,44
AZE,nəm salf,44
AZE,kaka,44
AZE,помидо,44
AZE,мор,44
AZE,ger,43
AZE,nagets,43
AZE,deodorant,43
AZE,korni,43
AZE,swe,43
AZE,kraxmal,43
AZE,qatıl,43
AZE,nox,43
AZE,mimoza,43
AZE,batare,43
AZE,ləpə,43
AZE,индилайт,43
AZE,Red,43
AZE,shampun,43
AZE,Doritos,43
AZE,fructis,43
AZE,jaco,43
AZE,american garden,43
AZE,almette,43
AZE,vinston,43
AZE,kako,43
AZE,yemi,43
AZE,kakos,43
AZE,salad,43
AZE,нагетсы,43
AZE,limona,43
AZE,семеч,43
AZE,düş,43
AZE,prostokva,43
AZE,jelibom,43
AZE,вод,43
AZE,hong qi,43
AZE,quş,43
AZE,yokosun,43
AZE,spage,43
AZE,gü,43
AZE,milla qatıq,43
AZE,algi,43
AZE,mogu,43
AZE,гор,43
AZE,su 5 litr,43
AZE,wet wipes,43
AZE,res,43
AZE,rosh,42
AZE,safeg,42
AZE,alpe,42
AZE,сли,42
AZE,skittles,42
AZE,fun,42
AZE,огурц,42
AZE,морков,42
AZE,sigar,42
AZE,yandıran,42
AZE,tarxun,42
AZE,Redbull,42
AZE,кукуруз,42
AZE,çorək,42
AZE,ballı,42
AZE,кеф,42
AZE,hyper,42
AZE,mons,42
AZE,sno,42
AZE,ric,42
AZE,pivo,42
AZE,айсберг,42
AZE,baby fox,42
AZE,ton ba,42
AZE,карт,42
AZE,buzz,42
AZE,qarabaş,42
AZE,xlebc,42
AZE,premier,42
AZE,aaa,42
AZE,fru,42
AZE,мягкий творог,42
AZE,lezva,42
AZE,natak,42
AZE,ço,42
AZE,kor,42
AZE,tuk,42
AZE,сгущен,42
AZE,old spi,42
AZE,dondurma milla,42
AZE,holla,42
AZE,balı,42
AZE,yosun,42
AZE,sendvic,42
AZE,kur,42
AZE,light,42
AZE,şirn,42
AZE,findiq,42
AZE,Süd,42
AZE,noo,42
AZE,esen,42
AZE,kent mentol,41
AZE,kruas,41
AZE,toxic,41
AZE,сиг,41
AZE,old s,41
AZE,qorox,41
AZE,çerez,41
AZE,kuru,41
AZE,bomba,41
AZE,suzme,41
AZE,acika,41
AZE,verne,41
AZE,sandor,41
AZE,fıstı,41
AZE,цезарь,41
AZE,sirab 5l,41
AZE,a4,41
AZE,ruf,41
AZE,cörek,41
AZE,kent 1,41
AZE,печенья,41
AZE,maq,41
AZE,alman,41
AZE,тоник,41
AZE,sac boyasi,41
AZE,qarpi,41
AZE,ça,41
AZE,er,41
AZE,bakı,41
AZE,baratt,41
AZE,sabr,41
AZE,гранола,41
AZE,снюс,41
AZE,простоква,41
AZE,шпроты,41
AZE,shrimp,41
AZE,just brutal,41
AZE,coca cola zero,41
AZE,lob,41
AZE,tvor,41
AZE,qaymaq süd,41
AZE,paper towel,41
AZE,alway,41
AZE,donat,41
AZE,активи,41
AZE,stella,41
AZE,aloe,41
AZE,spoonful,41
AZE,скумбрия,41
AZE,əncir,41
AZE,mamba,41
AZE,sung,41
AZE,mojito,41
AZE,jag,41
AZE,caramel,41
AZE,garlic bread,41
AZE,оливковое,41
AZE,düşbərə,41
AZE,колба,41
AZE,choko,40
AZE,servelat,40
AZE,şəkər toz,40
AZE,Pepsi,40
AZE,Grabstar,40
AZE,sarikok,40
AZE,çiyelek,40
AZE,по,40
AZE,lind,40
AZE,fettu,40
AZE,oliv,40
AZE,buket,40
AZE,3 inek,40
AZE,basmati,40
AZE,сухар,40
AZE,gazoz,40
AZE,nzs,40
AZE,moy,40
AZE,kisə,40
AZE,xana,40
AZE,spar,40
AZE,sla,40
AZE,подсолнечное,40
AZE,mince,40
AZE,mosqu,40
AZE,пече,40
AZE,kukruz,40
AZE,картош,40
AZE,skit,40
AZE,зелен,40
AZE,su 19,40
AZE,qabyuy,40
AZE,ve,40
AZE,jelib,40
AZE,zəncəfil,40
AZE,sweet potato,40
AZE,terre,40
AZE,kağ,40
AZE,тортилья,40
AZE,heyva,40
AZE,nişas,40
AZE,бумажные полотенца,40
AZE,malik,40
AZE,çeri,40
AZE,ягоды,40
AZE,sus,40
AZE,perv,40
AZE,pəhriz,40
AZE,qrec,40
AZE,cam,40
AZE,confectum,40
AZE,ste,40
AZE,дезодорант,40
AZE,kola zero,40
AZE,gavali,40
AZE,towel,40
AZE,mosquito,39
AZE,eri,39
AZE,burcu,39
AZE,jelibo,39
AZE,spo,39
AZE,adi,39
AZE,sumax,39
AZE,майоне,39
AZE,sna,39
AZE,darcin,39
AZE,shower,39
AZE,pami,39
AZE,framb,39
AZE,активия,39
AZE,yap,39
AZE,terevez,39
AZE,mal əti,39
AZE,sütaş,39
AZE,крекер,39
AZE,floor,39
AZE,sı,39
AZE,pudov,39
AZE,олив,39
AZE,kent4,39
AZE,frosh,39
AZE,düyü unu,39
AZE,praxi,39
AZE,овсян,39
AZE,fis,39
AZE,oxot,39
AZE,dondurulmuş,39
AZE,haci turqay,39
AZE,су,39
AZE,сельд,39
AZE,prose,39
AZE,ehrmann,39
AZE,bulq,39
AZE,baget,39
AZE,salafan,39
AZE,son,39
AZE,hisə verilmiş,39
AZE,pul,39
AZE,nur,39
AZE,mohito,39
AZE,diş pasta,39
AZE,сига,39
AZE,biskolata,38
AZE,əlc,38
AZE,cher,38
AZE,winston xs,38
AZE,орео,38
AZE,kinder bueno,38
AZE,epic,38
AZE,fist,38
AZE,püst,38
AZE,киви,38
AZE,sy,38
AZE,sosisk,38
AZE,sabin,38
AZE,duş gel,38
AZE,parasok,38
AZE,samyang,38
AZE,qusa,38
AZE,uzun,38
AZE,kore,38
AZE,гаты,38
AZE,qizil,38
AZE,pepsi zero,38
AZE,çprək,38
AZE,rice cake,38
AZE,qarpı,38
AZE,qarğıdal,38
AZE,gunebaxan,38
AZE,kırlan,38
AZE,seme,38
AZE,milla don,38
AZE,turs,38
AZE,pante,38
AZE,wo,38
AZE,green tea,38
AZE,palm,38
AZE,mosquitall,38
AZE,mineral,38
AZE,chay,38
AZE,dezodorant,38
AZE,cici bebe,38
AZE,remit,38
AZE,посуда,38
AZE,sak,38
AZE,fruto,38
AZE,fuce tea,38
AZE,баклажан,38
AZE,şar,38
AZE,crab,38
AZE,туа,38
AZE,ipek,38
AZE,fries,38
AZE,pea,38
AZE,şampu,38
AZE,white,38
AZE,nat,38
AZE,морожное,38
AZE,шокол,38
AZE,вода 5 л,38
AZE,qaymaq yağ,38
AZE,jer,38
AZE,ulu,38
AZE,dir,38
AZE,hipp,38
AZE,chees,38
AZE,qatığ,38
AZE,персик,38
AZE,cottage,38
AZE,Coca,37
AZE,greek yoghurt,37
AZE,pece,37
AZE,bonpari,37
AZE,heine,37
AZE,paxla,37
AZE,daraq,37
AZE,cola ze,37
AZE,richmond,37
AZE,conditioner,37
AZE,kim,37
AZE,yuna,37
AZE,çörəl,37
AZE,руккола,37
AZE,ab,37
AZE,5 lt,37
AZE,bonaqua 2,37
AZE,зуб,37
AZE,sabra,37
AZE,spagett,37
AZE,krivetka,37
AZE,gauda,37
AZE,морк,37
AZE,Salfet,37
AZE,maye sab,37
AZE,siy,37
AZE,papita,37
AZE,peso,37
AZE,cia,37
AZE,grax,37
AZE,jacob,37
AZE,qirmizi,37
AZE,qutab,37
AZE,paraşok,37
AZE,гу,37
AZE,nabeg,37
AZE,azersu,37
AZE,essen,37
AZE,сах,37
AZE,barn,37
AZE,motal,37
AZE,sidr,37
AZE,салфетк,37
AZE,canax,37
AZE,xiyar turşusu,37
AZE,про,37
AZE,london,37
AZE,sou,37
AZE,çikolata,37
AZE,borodin,37
AZE,listerine,37
AZE,zing,37
AZE,beretta,37
AZE,бана,37
AZE,qatılaşdırılmış süd,36
AZE,kuller,36
AZE,rasti,36
AZE,göyər,36
AZE,xur,36
AZE,редис,36
AZE,brownie,36
AZE,reyha,36
AZE,elle vire,36
AZE,sens,36
AZE,кар,36
AZE,pad,36
AZE,pure,36
AZE,стевия,36
AZE,рисовая мука,36
AZE,prezervativ,36
AZE,pretzel,36
AZE,yurdum,36
AZE,prez,36
AZE,vo,36
AZE,корица,36
AZE,steyk,36
AZE,xəngəl,36
AZE,chilli,36
AZE,губ,36
AZE,salsa,36
AZE,sabrani,36
AZE,sava,36
AZE,тыорог,36
AZE,cicibebe,36
AZE,spaget,36
AZE,desert,36
AZE,savoi,36
AZE,тво,36
AZE,ad,36
AZE,sendvi,36
AZE,popc,36
AZE,ball,36
AZE,saqqi,36
AZE,сух,36
AZE,nisasta,36
AZE,pipet,36
AZE,qab yuy,36
AZE,kere yag,36
AZE,crisps,36
AZE,mascar,36
AZE,cil,36
AZE,darling,36
AZE,mozarell,36
AZE,cottage cheese,36
AZE,sport pe,36
AZE,penne,36
AZE,tozu,36
AZE,alpengold,36
AZE,gaymag,36
AZE,maz,36
AZE,qızıl qusar,36
AZE,bloom,36
AZE,cha,36
AZE,craz,36
AZE,soyulmuş,36
AZE,vicen,36
AZE,laundry,36
AZE,sardelka,36
AZE,karam,36
AZE,mu,36
AZE,ehr,35
AZE,sammon,35
AZE,kap,35
AZE,круассан,35
AZE,kab,35
AZE,snike,35
AZE,diyet,35
AZE,pina,35
AZE,tualet k,35
AZE,met,35
AZE,istio,35
AZE,lays paprika,35
AZE,чиа,35
AZE,kartif,35
AZE,barila,35
AZE,nesquick,35
AZE,xiyar tu,35
AZE,milkis,35
AZE,gara,35
AZE,gelato,35
AZE,sitab,35
AZE,toblerone,35
AZE,haz,35
AZE,mərca,35
AZE,hosbes,35
AZE,barattolino,35
AZE,bount,35
AZE,coffee candy,35
AZE,muz,35
AZE,soj,35
AZE,bişirmə kağızı,35
AZE,biscuits,35
AZE,diablo,35
AZE,aysber,35
AZE,bakıl,35
AZE,su 5lt,35
AZE,jac,35
AZE,şaba,35
AZE,qab yuya,35
AZE,vet,35
AZE,базилик,35
AZE,purple,35
AZE,свал,35
AZE,popco,35
AZE,sensoy,35
AZE,fırça,35
AZE,слобода,35
AZE,spra,35
AZE,gul,35
AZE,pinqv,35
AZE,misir,35
AZE,bagdan,35
AZE,соленые огурцы,35
AZE,fıs,35
AZE,sünger,35
AZE,сл,35
AZE,ton bal,35
AZE,fisti,35
AZE,spray,35
AZE,qaf,35
AZE,докторская,35
AZE,laktoza,35
AZE,bizi,35
AZE,skoç,35
AZE,pudin,35
AZE,tr,35
AZE,wat,35
AZE,birbank,35
AZE,сырный,35
AZE,cola z,35
AZE,martini,35
AZE,Bravo,35
AZE,kuzya,35
AZE,əzmə,35
AZE,loby,35
AZE,bombba,35
AZE,konyak,35
AZE,dovğ,35
AZE,yasil cay,35
AZE,vern,35
AZE,coco cola,35
AZE,orb,35
AZE,is,35
AZE,ətir,34
AZE,kreve,34
AZE,broccoli,34
AZE,favorit,34
AZE,qarğıd,34
AZE,ту,34
AZE,konf,34
AZE,battery,34
AZE,aysberg,34
AZE,hazır qida,34
AZE,yeddi,34
AZE,komp,34
AZE,dovg,34
AZE,avak,34
AZE,cu,34
AZE,arpa,34
AZE,winston caster,34
AZE,mixbar,34
AZE,beyler,34
AZE,полотенца,34
AZE,züber,34
AZE,sw,34
AZE,vişn,34
AZE,kiwi,34
AZE,su 2l,34
AZE,pred,34
AZE,ulguc,34
AZE,кока,34
AZE,gofret,34
AZE,yar,34
AZE,halley,34
AZE,mister tum,34
AZE,leon,34
AZE,badam südü,34
AZE,alı,34
AZE,pecen,34
AZE,musli,34
AZE,prim,34
AZE,chu,34
AZE,dos,34
AZE,миндаль,34
AZE,йо,34
AZE,dəfnə,34
AZE,qaymaq yag,34
AZE,mr.,34
AZE,maraş,34
AZE,дыня,34
AZE,кокос,34
AZE,герку,34
AZE,patr,34
AZE,kulice,34
AZE,pro plan,34
AZE,qara corek,34
AZE,moya,34
AZE,Fairy,34
AZE,dispenser,34
AZE,milla pendir,34
AZE,moxi,34
AZE,ciyər,34
AZE,prezer,34
AZE,svaly,34
AZE,soyu,34
AZE,pant,34
AZE,puste,34
AZE,yand,34
AZE,yaş sal,34
AZE,canaq,34
AZE,лава,34
AZE,огу,34
AZE,пудинг,34
AZE,ge,34
AZE,шоко,33
AZE,dry,33
AZE,xurm,33
AZE,göyerti,33
AZE,zeytin,33
AZE,petru,33
AZE,kentfeel,33
AZE,rulet,33
AZE,şəkər t,33
AZE,yaş salfet,33
AZE,kompo,33
AZE,yun,33
AZE,mosqui,33
AZE,kabab,33
AZE,himalay,33
AZE,meyve suyu,33
AZE,pickle,33
AZE,sweets,33
AZE,çörəy,33
AZE,barj,33
AZE,чип,33
AZE,чтпсы,33
AZE,kapron,33
AZE,baking,33
AZE,pendit,33
AZE,maqnum,33
AZE,безлактозное,33
AZE,twilight,33
AZE,yaşıl noxud,33
AZE,oat milk,33
AZE,lacto,33
AZE,künefe,33
AZE,saftali,33
AZE,barbe,33
AZE,sekersiz,33
AZE,avaka,33
AZE,форель,33
AZE,turbo,33
AZE,qazsız su,33
AZE,hin,33
AZE,щетка,33
AZE,kömür,33
AZE,pampers 6,33
AZE,mebel,33
AZE,bre,33
AZE,care,33
AZE,davi,33
AZE,wet,33
AZE,ap,33
AZE,deli,33
AZE,organic,33
AZE,pickles,33
AZE,тряп,33
AZE,xırdala,33
AZE,huggies 6,33
AZE,tütü,33
AZE,broc,33
AZE,diabet,33
AZE,зернистый,33
AZE,Pendir,33
AZE,fuse t,33
AZE,bell,33
AZE,dishwasher,33
AZE,marker,33
AZE,kimyon,33
AZE,pel,33
AZE,brus,33
AZE,sul,33
AZE,kuku,33
AZE,danon,33
AZE,ciye,33
AZE,dəftər,33
AZE,taxta,33
AZE,ба,32
AZE,mətbəx kağızı,32
AZE,iç,32
AZE,xoyar,32
AZE,xs,32
AZE,za,32
AZE,siyənək,32
AZE,anc,32
AZE,2l,32
AZE,bol,32
AZE,men,32
AZE,zibil torbası,32
AZE,doğadan,32
AZE,ушастый нянь,32
AZE,sne,32
AZE,nehr,32
AZE,чи,32
AZE,alme,32
AZE,vins,32
AZE,delis,32
AZE,avoka,32
AZE,sucu,32
AZE,Вода,32
AZE,snaqer,32
AZE,sobranir,32
AZE,apples,32
AZE,meyve siresi,32
AZE,sobranie stick,32
AZE,kesmi,32
AZE,липтон,32
AZE,gune,32
AZE,glove,32
AZE,мюсли,32
AZE,maçalka,32
AZE,pud,32
AZE,hair,32
AZE,kətə,32
AZE,cilantro,32
AZE,brown,32
AZE,Сыр,32
AZE,kunefe,32
AZE,для,32
AZE,hardal,32
AZE,chocodate,32
AZE,без,32
AZE,xrusteam,32
AZE,maxi,32
AZE,qr,32
AZE,skum,32
AZE,Magnum,32
AZE,sirav,32
AZE,fet,32
AZE,sabalid,32
AZE,narşərab,32
AZE,tvarok,32
AZE,qara istiot,32
AZE,earl grey,32
AZE,bisk,32
AZE,cop,32
AZE,doktor,32
AZE,брокколи,32
AZE,serab,32
AZE,qaynaq,32
AZE,zakuska,32
AZE,tü,32
AZE,crispa,32
AZE,bun,32
AZE,sho,32
AZE,bioderma,32
AZE,ivano,32
AZE,sienna,32
AZE,овся,32
AZE,plastic,32
AZE,falqa,32
AZE,molpe,32
AZE,прок,32
AZE,baharat,32
AZE,qaragilə,32
AZE,kobi,32
AZE,kürü,32
AZE,ədvi,32
AZE,tə,31
AZE,cherr,31
AZE,airwick,31
AZE,pişi,31
AZE,fı,31
AZE,yumru duyu,31
AZE,sesame,31
AZE,gilett,31
AZE,yunan yo,31
AZE,qatıq milla,31
AZE,san pel,31
AZE,сливочный сыр,31
AZE,kanfet,31
AZE,бон пари,31
AZE,qogal,31
AZE,turshu,31
AZE,сосиск,31
AZE,simiçka,31
AZE,Siqaret,31
AZE,бонпари,31
AZE,farş,31
AZE,пере,31
AZE,red wine,31
AZE,argo,31
AZE,брест,31
AZE,earl,31
AZE,pat,31
AZE,burg,31
AZE,maqn,31
AZE,alko,31
AZE,ağ pendir,31
AZE,зу,31
AZE,желе,31
AZE,ülg,31
AZE,barista,31
AZE,hill,31
AZE,qə,31
AZE,трусы,31
AZE,peanuts,31
AZE,kampot,31
AZE,Qaymaq,31
AZE,сель,31
AZE,barinoff,31
AZE,peas,31
AZE,savoyardi,31
AZE,чечевица,31
AZE,hindu,31
AZE,plas,31
AZE,marojn,31
AZE,balzamik,31
AZE,саха,31
AZE,freken,31
AZE,tomato sauce,31
AZE,çuğundur,31
AZE,summer,31
AZE,mür,31
AZE,deod,31
AZE,power,31
AZE,кон,31
AZE,camay,31
AZE,chickpeas,31
AZE,zeytun yag,31
AZE,mia,31
AZE,rey,31
AZE,etimek,31
AZE,mesh,31
AZE,borg,31
AZE,kərəviz,31
AZE,göbələ,31
AZE,ener,31
AZE,saçaq pendir,31
AZE,rak,31
AZE,qatılaşdırılmış,31
AZE,манго,31
AZE,çor,31
AZE,hise,31
AZE,laus,31
AZE,ağcaqa,31
AZE,rubl,31
AZE,brea,31
AZE,steril,31
AZE,mountain dew,31
AZE,krev,31
AZE,mosquit,31
AZE,buns,31
AZE,sve,31
AZE,tamstore,31
AZE,winston mentol,31
AZE,qatla,31
AZE,fetu,31
AZE,oba,31
AZE,прос,31
AZE,qabyuyan maye,31
AZE,parlament,31
AZE,бульон,31
AZE,blu,31
AZE,gat,31
AZE,bos,31
AZE,oyuncaq,31
AZE,pobed,31
AZE,vaniş,31
AZE,absolut,30
AZE,colga,30
AZE,smile,30
AZE,absheron,30
AZE,clean,30
AZE,cö,30
AZE,kişniş,30
AZE,want,30
AZE,pure sense,30
AZE,тампон,30
AZE,malt,30
AZE,tiret,30
AZE,tomat pasta,30
AZE,sobrania,30
AZE,cappu,30
AZE,sarma,30
AZE,david,30
AZE,efes zero,30
AZE,herbal,30
AZE,3 inək,30
AZE,broko,30
AZE,qul,30
AZE,vice,30
AZE,motalino,30
AZE,mountain,30
AZE,tünd şokolad,30
AZE,цогурт,30
AZE,borek,30
AZE,gaz,30
AZE,ahmad tea,30
AZE,belo,30
AZE,fıstıq əzməsi,30
AZE,vitamin,30
AZE,naggets,30
AZE,mantı,30
AZE,krem şanti,30
AZE,chika,30
AZE,мохито,30
AZE,orion,30
AZE,freeze,30
AZE,dard,30
AZE,kruasa,30
AZE,cocoa,30
AZE,ana,30
AZE,3d dondurma,30
AZE,ополаскиватель,30
AZE,muesli,30
AZE,huggies 5,30
AZE,arap,30
AZE,süzmə,30
AZE,грудинка,30
AZE,petit,30
AZE,mento,30
AZE,kirl,30
AZE,çərə,30
AZE,nektarin,30
AZE,кола зеро,30
AZE,кефи,30
AZE,lady finger,30
AZE,molf,30
AZE,just,30
AZE,barbeku,30
AZE,nep,30
AZE,kır,30
AZE,aysb,30
AZE,sıyıq,30
AZE,hac,30
AZE,domestis,30
AZE,kirla,30
AZE,sol,30
AZE,фейри,30
AZE,Хлеб,30
AZE,nyan,30
AZE,seeds,30
AZE,buratt,30
AZE,ment,30
AZE,tursu xiyar,30
AZE,piş,30
AZE,badı,30
AZE,məzə,30
AZE,завтрак,30
AZE,fett,30
AZE,жевачка,30
AZE,balmy,30
AZE,drink,30
AZE,cachet,30
AZE,lati,30
AZE,ketch,30
AZE,kiş,30
AZE,paytaxt,30
AZE,sen soy,30
AZE,qaymak,30
AZE,stanley,30
AZE,araz mar,30
AZE,nescaf,30
AZE,manqa,30
AZE,limin,30
AZE,çana,30
AZE,bisirme,30
AZE,sobranie ballı,30
AZE,жидкое,29
AZE,softener,29
AZE,yaq,29
AZE,hal,29
AZE,uzun düyü,29
AZE,sakkiz,29
AZE,savush,29
AZE,5lt,29
AZE,cubuq,29
AZE,ла,29
AZE,joy,29
AZE,qaymaq pendir,29
AZE,разрых,29
AZE,xan,29
AZE,vis,29
AZE,sneakers,29
AZE,kisel,29
AZE,выпечка,29
AZE,xemir,29
AZE,leibn,29
AZE,сира,29
AZE,whiskey,29
AZE,milla qatiq,29
AZE,murebbe,29
AZE,poltino,29
AZE,мар,29
AZE,sin,29
AZE,Sud,29
AZE,кокосовое,29
AZE,kis,29
AZE,powerade,29
AZE,bue,29
AZE,sana,29
AZE,pudinq,29
AZE,zogal,29
AZE,french,29
AZE,lin,29
AZE,ag pendir,29
AZE,strac,29
AZE,pepsi mango,29
AZE,bubble,29
AZE,cheesecake,29
AZE,Milla,29
AZE,19,29
AZE,irmik,29
AZE,brokkoli,29
AZE,marlboro,29
AZE,coca col,29
AZE,gaval,29
AZE,kasar,29
AZE,сигар,29
AZE,popcor,29
AZE,sokalad,29
AZE,vali,29
AZE,kəklik,29
AZE,nə,29
AZE,просток,29
AZE,avoc,29
AZE,сырный соус,29
AZE,ketcu,29
AZE,çore,29
AZE,chic,29
AZE,golden,29
AZE,пудра,29
AZE,meys,29
AZE,olita,29
AZE,колбас,29
AZE,pişik qumu,29
AZE,iq,29
AZE,tvaroq,29
AZE,içkilər,29
AZE,göbəl,29
AZE,kitchen towel,29
AZE,Coca cola,29
AZE,viş,29
AZE,горчи,29
AZE,sasiska,29
AZE,cizi,29
AZE,turp,29
AZE,морковка,29
AZE,sarı k,29
AZE,slep,29
AZE,günəş,29
AZE,milföy,29
AZE,кет,29
AZE,taco,29
AZE,qəlyan,29
AZE,crystal,29
AZE,kornişon,29
AZE,mot,29
AZE,edviyyat,29
AZE,симит,29
AZE,mark,29
AZE,su bonaqua,29
AZE,суха,29
AZE,cracker,29
AZE,ancor,29
AZE,лимо,29
AZE,alba,29
AZE,camsil,29
AZE,bizom,29
AZE,perwool,29
AZE,bey,29
AZE,jame,29
AZE,капсулы,28
AZE,deep fresh,28
AZE,candle,28
AZE,nem sa,28
AZE,noodl,28
AZE,chocopie,28
AZE,сладкое,28
AZE,sku,28
AZE,boom,28
AZE,овсяное,28
AZE,bolqar,28
AZE,чили,28
AZE,filter,28
AZE,dardane,28
AZE,eski,28
AZE,bali,28
AZE,Молоко,28
AZE,tama,28
AZE,buddibi,28
AZE,томатный,28
AZE,tam store,28
AZE,əriş,28
AZE,cocacola,28
AZE,hoş,28
AZE,семга,28
AZE,lazan,28
AZE,patro,28
AZE,beden,28
AZE,qulaq çöpü,28
AZE,cupa,28
AZE,somon,28
AZE,masc,28
AZE,foil,28
AZE,швепс,28
AZE,labnr,28
AZE,mistral,28
AZE,bl,28
AZE,we,28
AZE,syrup,28
AZE,Monster,28
AZE,qizil qusar,28
AZE,kraska,28
AZE,konfe,28
AZE,zoo,28
AZE,кур,28
AZE,teq,28
AZE,onions,28
AZE,bonaqu,28
AZE,anka,28
AZE,oazis,28
AZE,Ayran,28
AZE,sq,28
AZE,крабовые палочки,28
AZE,ql,28
AZE,savuş,28
AZE,pie,28
AZE,gu,28
AZE,çik,28
AZE,crunchy,28
AZE,badam sudu,28
AZE,cre,28
AZE,donmuş,28
AZE,клуб,28
AZE,папа может,28
AZE,круасан,28
AZE,kom,28
AZE,белоус,28
AZE,ov,28
AZE,laimon,28
AZE,balık,28
AZE,cilet,28
AZE,цикорий,28
AZE,азерчай,28
AZE,qaba,28
AZE,hand soap,28
AZE,barjo,28
AZE,Lavaş,28
AZE,ali,28
AZE,popk,28
AZE,xrutka,28
AZE,сушки,28
AZE,сое,28
AZE,uz,28
AZE,prostokvashino,28
AZE,magnum mini,28
AZE,zencefil,28
AZE,peach,28
AZE,dunhill,28
AZE,зе,28
AZE,terea silver,28
AZE,duse,28
AZE,gubka,28
AZE,сырники,28
AZE,deniz,28
AZE,kəpək,28
AZE,roma,28
AZE,tar,28
AZE,мираторг,28
AZE,Cips,28
AZE,bananas,28
AZE,neo,28
AZE,ке,28
AZE,tuman,28
AZE,зеленый чай,28
AZE,rəngli,28
AZE,zo,28
AZE,herman,28
AZE,лимонная,28
AZE,оливк,28
AZE,pinqivin,28
AZE,злеб,28
AZE,energy,28
AZE,darç,28
AZE,narş,28
AZE,пленка,27
AZE,Gillette,27
AZE,essentuki,27
AZE,savuskin,27
AZE,maple,27
AZE,boro,27
AZE,əd,27
AZE,grecka,27
AZE,borodino,27
AZE,дезо,27
AZE,vetçina,27
AZE,пель,27
AZE,patron tum,27
AZE,domates,27
AZE,aze,27
AZE,Algida,27
AZE,qatık,27
AZE,tualet kag,27
AZE,bişir,27
AZE,ess,27
AZE,verme,27
AZE,пончик,27
AZE,vod,27
AZE,corel,27
AZE,carte d,27
AZE,мас,27
AZE,vic,27
AZE,bulqu,27
AZE,colg,27
AZE,rafae,27
AZE,maxeev,27
AZE,лак,27
AZE,dilim,27
AZE,jagermeister,27
AZE,magg,27
AZE,nachos,27
AZE,нутелла,27
AZE,water 5,27
AZE,sular,27
AZE,для посуды,27
AZE,черный хлеб,27
AZE,wafer,27
AZE,qe,27
AZE,forel,27
AZE,pinat,27
AZE,xlep,27
AZE,aur,27
AZE,котлеты,27
AZE,qoz l,27
AZE,sobraine,27
AZE,koteks,27
AZE,10,27
AZE,doşirak,27
AZE,xarda,27
AZE,yemək,27
AZE,jerk,27
AZE,clea,27
AZE,булка,27
AZE,hoch,27
AZE,pron,27
AZE,подсолнечное масло,27
AZE,кекс,27
AZE,до,27
AZE,şokola,27
AZE,lei,27
AZE,yagli,27
AZE,sunflower,27
AZE,pizz,27
AZE,saville,27
AZE,gl,27
AZE,qutu salfet,27
AZE,alg,27
AZE,coconut water,27
AZE,koka,27
AZE,isot,27
AZE,M&M,27
AZE,qaymaq 33,27
AZE,bebe,27
AZE,zeytun y,27
AZE,тыквенные,27
AZE,stakan,27
AZE,batareyka,27
AZE,nug,27
AZE,mozarel,27
AZE,kənd,27
AZE,kö,27
AZE,monar,27
AZE,lakomka,27
AZE,bater,27
AZE,lifa,27
AZE,agu,27
AZE,mazarella,27
AZE,fre,27
AZE,пи,27
AZE,keçi,27
AZE,croissant,27
AZE,asper,27
AZE,милка,27
AZE,сыр легкий,27
AZE,qranola,27
AZE,lemonade,27
AZE,you,27
AZE,peçenya,27
AZE,dushes,27
AZE,bulk,27
AZE,klok,27
AZE,nestl,27
AZE,green onion,27
AZE,sigare,27
AZE,маска,27
AZE,tuz,27
AZE,kotec,27
AZE,alis,27
AZE,роллтон,27
AZE,des,27
AZE,nemiro,27
AZE,elid,27
AZE,omo,27
AZE,qelyan,27
AZE,bonduell,27
AZE,palmol,27
AZE,ind,27
AZE,масло подсолнечное,27
AZE,куриное филе,27
AZE,keç,27
AZE,fol,27
AZE,koro,27
AZE,куриц,27
AZE,5L,27
AZE,се,26
AZE,fruits,26
AZE,ацетон,26
AZE,ессентуки,26
AZE,cə,26
AZE,sli,26
AZE,kişmi,26
AZE,balli,26
AZE,benimo,26
AZE,goz,26
AZE,дрож,26
AZE,tira,26
AZE,инди,26
AZE,shwe,26
AZE,прост,26
AZE,saglam,26
AZE,зеле,26
AZE,nugg,26
AZE,wolt m,26
AZE,prongles,26
AZE,barb,26
AZE,peti,26
AZE,стакан,26
AZE,uşas,26
AZE,teeth,26
AZE,чесно,26
AZE,bravo market,26
AZE,mango ananas,26
AZE,ear,26
AZE,latyao,26
AZE,orbi,26
AZE,свечи,26
AZE,supersun,26
AZE,курин,26
AZE,ye,26
AZE,plus,26
AZE,pişik yemi,26
AZE,матча,26
AZE,зубн,26
AZE,cofee,26
AZE,kent men,26
AZE,çubu,26
AZE,qara zeytun,26
AZE,srok,26
AZE,sire,26
AZE,ice te,26
AZE,adaz,26
AZE,ручка,26
AZE,winston x,26
AZE,feyxoa,26
AZE,сыр косичка,26
AZE,sirab 19,26
AZE,həşərat,26
AZE,buğda,26
AZE,домик,26
AZE,çiyəl,26
AZE,pancake,26
AZE,koroplast,26
AZE,buen,26
AZE,toybox,26
AZE,сел,26
AZE,samp,26
AZE,kukur,26
AZE,sosika,26
AZE,gatig,26
AZE,стики,26
AZE,мусорные,26
AZE,hinduşka,26
AZE,peppers,26
AZE,manqalüstü,26
AZE,kama,26
AZE,dis pastasi,26
AZE,fume,26
AZE,ülk,26
AZE,fıstık,26
AZE,гатых,26
AZE,пена,26
AZE,daniss,26
AZE,elc,26
AZE,axa,26
AZE,plombi,26
AZE,полотенце,26
AZE,delice,26
AZE,date,26
AZE,percil,26
AZE,onega,26
AZE,balig,26
AZE,şəkər pudrası,26
AZE,во,26
AZE,chet,26
AZE,belocka,26
AZE,goyer,26
AZE,рол,26
AZE,astara,26
AZE,ağc,26
AZE,one,26
AZE,kam,26
AZE,acılı,26
AZE,sakk,26
AZE,bazar store,26
AZE,dardan,26
AZE,носки,26
AZE,con,26
AZE,adict,26
AZE,qızıl balıq,26
AZE,sezar sous,26
AZE,fey,26
AZE,soy sauce,26
AZE,tob,26
AZE,фун,26
AZE,roltun,26
AZE,diş çöp,26
AZE,best,26
AZE,diyetik,26
AZE,sirab 10,26
AZE,орешки,26
AZE,сол,26
AZE,quickbury,26
AZE,manni,26
AZE,lamp,26
AZE,qida,26
AZE,ferry,26
AZE,winston boz,26
AZE,glu,26
AZE,börek,26
AZE,starbucks,26
AZE,saval,26
AZE,eco,26
AZE,kabart,26
AZE,Yumurta,26
AZE,лимонная кислота,25
AZE,ji,25
AZE,tualet kağ,25
AZE,кока кола,25
AZE,hoe,25
AZE,наггетсы,25
AZE,косичка,25
AZE,xlopya,25
AZE,zən,25
AZE,səhər,25
AZE,gab,25
AZE,savuşkin,25
AZE,tri,25
AZE,pelme,25
AZE,ker,25
AZE,wax,25
AZE,сухофрукты,25
AZE,yubi,25
AZE,ada,25
AZE,cili,25
AZE,hotdo,25
AZE,mat,25
AZE,pic,25
AZE,тост,25
AZE,pendirli sous,25
AZE,seaweed,25
AZE,hellim,25
AZE,pak,25
AZE,heavy cream,25
AZE,ferre,25
AZE,кабач,25
AZE,it,25
AZE,tomat pas,25
AZE,qreç,25
AZE,rukk,25
AZE,bizim sufre,25
AZE,kekik,25
AZE,günəba,25
AZE,bibar,25
AZE,torabika,25
AZE,şkolad,25
AZE,qabar,25
AZE,cotex,25
AZE,dəniz,25
AZE,qab şampunu,25
AZE,батончик,25
AZE,табак,25
AZE,ivanov,25
AZE,kons,25
AZE,təmiz,25
AZE,манная,25
AZE,binə,25
AZE,cigar,25
AZE,губк,25
AZE,elektron,25
AZE,marl,25
AZE,батарейка,25
AZE,терияки,25
AZE,gundelik,25
AZE,trolli,25
AZE,kızılay,25
AZE,labneh,25
AZE,şalqam,25
AZE,qarabaşa,25
AZE,greek yo,25
AZE,sorab,25
AZE,spir,25
AZE,влаж,25
AZE,sarimsa,25
AZE,spon,25
AZE,frisolac,25
AZE,говядина,25
AZE,гост,25
AZE,творож,25
AZE,cornflakes,25
AZE,ola,25
AZE,скотч,25
AZE,bon aqua,25
AZE,petra,25
AZE,карамель,25
AZE,crac,25
AZE,wash,25
AZE,мягкий,25
AZE,saçaqlı pendir,25
AZE,sun sal,25
AZE,boss,25
AZE,яблок,25
AZE,bişirmə ka,25
AZE,zəncə,25
AZE,труб,25
AZE,buldac,25
AZE,sağlam,25
AZE,drinks,25
AZE,moze,25
AZE,5 litr,25
AZE,su 2,25
AZE,кабачки,25
AZE,lovit,25
AZE,uksus,25
AZE,tük,25
AZE,hits,25
AZE,bebi,25
AZE,shamp,25
AZE,энергетик,25
AZE,салями,25
AZE,kukuru,25
AZE,xu,25
AZE,орегано,25
AZE,tiram,25
AZE,kri,25
AZE,golden plate,25
AZE,dil,25
AZE,манка,25
AZE,nemi,25
AZE,coron,25
AZE,səba,25
AZE,crack,25
AZE,pambi,25
AZE,yem,25
AZE,ül,25
AZE,baking paper,25
AZE,rozmarin,25
AZE,bizim tarl,25
AZE,ice crea,25
AZE,yantar,25
AZE,naget,25
AZE,napkin,25
AZE,sirap,25
AZE,tortill,25
AZE,tutu,25
AZE,visne,25
AZE,ameri,25
AZE,marshmallow,25
AZE,san pe,25
AZE,milla süd,25
AZE,шамп,25
AZE,морожено,25
AZE,kapya,24
AZE,panco,24
AZE,сахарный песок,24
AZE,несквик,24
AZE,esentuki,24
AZE,есентуки,24
AZE,lif,24
AZE,maza,24
AZE,granol,24
AZE,peçeny,24
AZE,bişirm,24
AZE,badam unu,24
AZE,alenka,24
AZE,sun pe,24
AZE,hol,24
AZE,toilet roll,24
AZE,sirab qaz,24
AZE,past,24
AZE,paket çay,24
AZE,scan,24
AZE,intim gel,24
AZE,palet,24
AZE,dispen,24
AZE,cəfə,24
AZE,72%,24
AZE,kuk,24
AZE,чернослив,24
AZE,fro,24
AZE,sensod,24
AZE,maqnoliya,24
AZE,kağı,24
AZE,pendir milla,24
AZE,duyy,24
AZE,стейк,24
AZE,pryanik,24
AZE,sun p,24
AZE,бон,24
AZE,yemis,24
AZE,eti crax,24
AZE,barjom,24
AZE,yes,24
AZE,gilə,24
AZE,azerc,24
AZE,bolmart,24
AZE,ax,24
AZE,azerduz,24
AZE,yunurta,24
AZE,kent nano,24
AZE,merca,24
AZE,manqo,24
AZE,I am,24
AZE,chocolate milk,24
AZE,hil,24
AZE,spices,24
AZE,günəbaxan yağı,24
AZE,indi layt,24
AZE,сулугуни,24
AZE,saf,24
AZE,Sobra,24
AZE,yulaf unu,24
AZE,iqo,24
AZE,oral-b,24
AZE,зеленый лук,24
AZE,bulg,24
AZE,qayçı,24
AZE,nocilla,24
AZE,gayma,24
AZE,donestos,24
AZE,jo,24
AZE,ədv,24
AZE,molfi,24
AZE,kent 8,24
AZE,акти,24
AZE,ушаст,24
AZE,actim,24
AZE,limonat,24
AZE,qargid,24
AZE,coko,24
AZE,mask,24
AZE,pil,24
AZE,skumbriya,24
AZE,Чипсы,24
AZE,diro,24
AZE,для стирки,24
AZE,pirinç,24
AZE,lego,24
AZE,füme,24
AZE,bing,24
AZE,folqa,24
AZE,сигарет,24
AZE,xrust,24
AZE,morojna,24
AZE,şokolad ya,24
AZE,mant,24
AZE,peroni,24
AZE,finis,24
AZE,korean,24
AZE,iran,24
AZE,анти,24
AZE,шоколадное масло,24
AZE,makiyaj,24
AZE,roka,24
AZE,laktozasız,24
AZE,tabasco,24
AZE,плитка,24
AZE,qaşıq,24
AZE,baba,24
AZE,си,24
AZE,poşet,24
AZE,beyaz,24
AZE,yumurts,24
AZE,dondurma plombir,24
AZE,орех,24
AZE,bıçaq,24
AZE,korea,24
AZE,boxer,24
AZE,qargida,24
AZE,моца,24
AZE,barat,24
AZE,hand,24
AZE,tər,24
AZE,bleach,24
AZE,sneak,24
AZE,хрутка,24
AZE,qaymaq ya,24
AZE,döymə,24
AZE,cana,24
AZE,corrk,24
AZE,ski,24
AZE,body,24
AZE,scha,24
AZE,Pringles,24
AZE,таблетки,24
AZE,süzme,24
AZE,kindet,24
AZE,iam,24
AZE,duş ge,24
AZE,stol,24
AZE,slepp,24
AZE,тушенка,24
AZE,sinə,24
AZE,bakery,24
AZE,wrap,24
AZE,yakamoz,24
AZE,soklar,24
AZE,kva,24
AZE,alafran,24
AZE,sun salfet,24
AZE,tok,24
AZE,kura,24
AZE,kalmar,23
AZE,semick,23
AZE,хлею,23
AZE,Qatıq,23
AZE,alpr,23
AZE,chocolate chips,23
AZE,berr,23
AZE,nehrə,23
AZE,suc,23
AZE,sirab 1,23
AZE,parmesa,23
AZE,lukas,23
AZE,bestpet,23
AZE,ceddar,23
AZE,paştet,23
AZE,magnol,23
AZE,ванил,23
AZE,jalə,23
AZE,chik,23
AZE,поп,23
AZE,her,23
AZE,та,23
AZE,ju,23
AZE,батат,23
AZE,cond,23
AZE,Bizon,23
AZE,pehriz,23
AZE,suma,23
AZE,fındı,23
AZE,ABC,23
AZE,blueb,23
AZE,перловка,23
AZE,бумага для выпечки,23
AZE,çöplü,23
AZE,ləzzət dünyası,23
AZE,nugger,23
AZE,magnun,23
AZE,kara,23
AZE,seza,23
AZE,dus gel,23
AZE,molo,23
AZE,winiston,23
AZE,алча,23
AZE,mouthwash,23
AZE,magnolia,23
AZE,qaymağ,23
AZE,uşa,23
AZE,виски,23
AZE,spicy,23
AZE,clean day,23
AZE,тереа,23
AZE,tortlar,23
AZE,уш,23
AZE,coca c,23
AZE,сахарный,23
AZE,dia,23
AZE,içim,23
AZE,barr,23
AZE,gobele,23
AZE,ай,23
AZE,Garnier,23
AZE,aci biber,23
AZE,pasta sauce,23
AZE,metb,23
AZE,св,23
AZE,araz ma,23
AZE,mum,23
AZE,rot,23
AZE,olivia,23
AZE,fros,23
AZE,кру,23
AZE,fuset,23
AZE,утенок,23
AZE,greek yog,23
AZE,ispa,23
AZE,chitos,23
AZE,фруто,23
AZE,бумага для,23
AZE,wella,23
AZE,pinar protein,23
AZE,hel,23
AZE,ləkə,23
AZE,ankor,23
AZE,stevi,23
AZE,tampo,23
AZE,soyulmu,23
AZE,туалетн,23
AZE,сигаре,23
AZE,leco,23
AZE,draft,23
AZE,ruko,23
AZE,sliv,23
AZE,çay paket,23
AZE,caprisun,23
AZE,çörey,23
AZE,giləzi,23
AZE,fistik,23
AZE,перча,23
AZE,dön,23
AZE,sobranie blue,23
AZE,tes,23
AZE,fl,23
AZE,döşəmə,23
AZE,суши,23
AZE,tomat pastası,23
AZE,dimes,23
AZE,alcohol,23
AZE,dp,23
AZE,джинн,23
AZE,cols,23
AZE,parmeza,23
AZE,firca,23
AZE,çörəkçi,23
AZE,vita1000,23
AZE,то,23
AZE,rast,23
AZE,alco,23
AZE,salfetqa,23
AZE,milla sud,23
AZE,безлак,23
AZE,fox,23
AZE,muffin,23
AZE,нектарин,23
AZE,маслины,23
AZE,westgold,23
AZE,whey,23
AZE,rastiska,23
AZE,james,23
AZE,qazsız,23
AZE,чеддер,23
AZE,наршараб,23
AZE,caxir,23
AZE,holland pendir,23
AZE,underwear,23
AZE,maye sa,23
AZE,jelebon,23
AZE,гат,23
AZE,sirab qazli,23
AZE,ladyfinger,23
AZE,john,23
AZE,kalinka,23
AZE,sas,23
AZE,kokt,23
AZE,бургер,23
AZE,malako,23
AZE,тря,23
AZE,ozera,23
AZE,I am cheese,23
AZE,hamburger,23
AZE,kişi,23
AZE,badam s,23
AZE,кондиционер для белья,23
AZE,спорт,23
AZE,she,23
AZE,blade,23
AZE,popeyes,23
AZE,aqusha,23
AZE,petr,23
AZE,glo,23
AZE,çp,23
AZE,qatiq milla,23
AZE,sarımsaq tozu,23
AZE,es,23
AZE,jalapeno,23
AZE,3D,23
AZE,çekirdek,23
AZE,ləziz,23
AZE,ватные палочки,23
AZE,suf,23
AZE,kələ,23
AZE,cəf,23
AZE,birdəfəlik,22
AZE,yumru d,22
AZE,citos,22
AZE,su 10l,22
AZE,val,22
AZE,bibe,22
AZE,chicken breast,22
AZE,mari,22
AZE,Çay,22
AZE,kitk,22
AZE,red onion,22
AZE,pelmen,22
AZE,кра,22
AZE,кре,22
AZE,A4,22
AZE,кревет,22
AZE,zolotoe,22
AZE,моцар,22
AZE,сырки,22
AZE,coffee mate,22
AZE,coca co,22
AZE,пол,22
AZE,kazbegi,22
AZE,grey,22
AZE,yaşkino,22
AZE,super sun,22
AZE,bru,22
AZE,meyvə suyu,22
AZE,viceroy,22
AZE,pot,22
AZE,dew,22
AZE,kartoşka,22
AZE,изюм,22
AZE,yasil,22
AZE,niv,22
AZE,laza,22
AZE,glute,22
AZE,iveri,22
AZE,fel,22
AZE,şeker tozu,22
AZE,tusonka,22
AZE,масло под,22
AZE,yemek,22
AZE,presiden,22
AZE,пищевая,22
AZE,ton b,22
AZE,макфа,22
AZE,şehriye,22
AZE,kise,22
AZE,pivə 0,22
AZE,samm,22
AZE,cl,22
AZE,pampers 5,22
AZE,yeast,22
AZE,çörəj,22
AZE,eh,22
AZE,rose,22
AZE,surab,22
AZE,stax,22
AZE,лакомка,22
AZE,qab şam,22
AZE,macalka,22
AZE,korner,22
AZE,рулон,22
AZE,indomie,22
AZE,yagli kagiz,22
AZE,sticks,22
AZE,го,22
AZE,AAA,22
AZE,lai,22
AZE,maça,22
AZE,легкий,22
AZE,kuler,22
AZE,pambig,22
AZE,tofu,22
AZE,macaron,22
AZE,domol,22
AZE,jelebom,22
AZE,dieti,22
AZE,green milk,22
AZE,zavo,22
AZE,su 1,22
AZE,mercimek,22
AZE,qarpuz,22
AZE,pec,22
AZE,соевое,22
AZE,obert,22
AZE,dondurmalar,22
AZE,çiyələ,22
AZE,bioblas,22
AZE,куриная,22
AZE,yarpa,22
AZE,tema,22
AZE,xırdal,22
AZE,siro,22
AZE,lor,22
AZE,bee,22
AZE,künc,22
AZE,милла,22
AZE,band,22
AZE,bizim ta,22
AZE,keklik,22
AZE,smo,22
AZE,балтика,22
AZE,glue,22
AZE,maltesers,22
AZE,favo,22
AZE,dura,22
AZE,dun,22
AZE,mira,22
AZE,pront,22
AZE,qab yuma,22
AZE,m&m’s,22
AZE,Toyuq,22
AZE,Winchester,22
AZE,chiko,22
AZE,gilezi,22
AZE,соленые,22
AZE,hon,22
AZE,wil,22
AZE,гр,22
AZE,garnie,22
AZE,eli,22
AZE,tak,22
AZE,ram,22
AZE,manq,22
AZE,land,22
AZE,pere,22
AZE,red pepper,22
AZE,erikl,22
AZE,duyu unu,22
AZE,xard,22
AZE,mandarin,22
AZE,dilmah,22
AZE,carr,22
AZE,capr,22
AZE,terea carmen,22
AZE,cal,22
AZE,masa,22
AZE,ушас,22
AZE,anch,22
AZE,glass,22
AZE,free,22
AZE,томатный сок,22
AZE,spirtli,22
AZE,oyun,22
AZE,рук,22
AZE,сардельки,22
AZE,шампанское,22
AZE,wasabi,22
AZE,şəkərs,22
AZE,black pepper,22
AZE,blueberries,22
AZE,qaymaq s,22
AZE,balza,22
AZE,пицца,22
AZE,fustea,22
AZE,trash bag,22
AZE,püre,22
AZE,sirab qazlı,22
AZE,kalqotka,22
AZE,стра,22
AZE,edamame,22
AZE,kend,22
AZE,safegu,22
AZE,ovçu,22
AZE,ivan,22
AZE,beb,22
AZE,beta tea,22
AZE,tof,22
AZE,duracel,22
AZE,rice cakes,22
AZE,cuc,22
AZE,utenok,22
AZE,caviar,21
AZE,knor,21
AZE,azovskaya,21
AZE,berq,21
AZE,parket,21
AZE,рыб,21
AZE,expa,21
AZE,рикотта,21
AZE,wolt mark,21
AZE,aq,21
AZE,hugges,21
AZE,lemo,21
AZE,monini,21
AZE,sil,21
AZE,qabartm,21
AZE,sirab 5 l,21
AZE,шо,21
AZE,lap,21
AZE,pineapple,21
AZE,milla dond,21
AZE,sea,21
AZE,майон,21
AZE,durex gel,21
AZE,детское,21
AZE,paul,21
AZE,Greek yogurt,21
AZE,davido,21
AZE,şokolaf,21
AZE,kag,21
AZE,крекеры,21
AZE,пластырь,21
AZE,ser,21
AZE,сельдь,21
AZE,natakh,21
AZE,cro,21
AZE,арб,21
AZE,kıyma,21
AZE,ciyar,21
AZE,spice,21
AZE,knorr,21
AZE,hand wash,21
AZE,carona,21
AZE,pankek,21
AZE,buckwheat,21
AZE,kırl,21
AZE,фруто няня,21
AZE,champion,21
AZE,шам,21
AZE,мака,21
AZE,high pro,21
AZE,doga,21
AZE,pı,21
AZE,duru y,21
AZE,Don,21
AZE,camam,21
AZE,fo,21
AZE,kuskus,21
AZE,kolbasa halal,21
AZE,royal,21
AZE,diş pa,21
AZE,nutela,21
AZE,sush,21
AZE,onigiri,21
AZE,qra,21
AZE,sacaq pendir,21
AZE,rico,21
AZE,alç,21
AZE,face,21
AZE,moro,21
AZE,пряник,21
AZE,cigarette,21
AZE,cila,21
AZE,washing,21
AZE,anan,21
AZE,slavya,21
AZE,lac,21
AZE,салыетки,21
AZE,oendir,21
AZE,mal eti,21
AZE,choclate,21
AZE,extra virgin,21
AZE,beer mix,21
AZE,mota,21
AZE,кориандр,21
AZE,johnson,21
AZE,gava,21
AZE,sarımsa,21
AZE,qəhv,21
AZE,simicka,21
AZE,zero sugar,21
AZE,jal,21
AZE,similac,21
AZE,xru,21
AZE,cic,21
AZE,селе,21
AZE,burrat,21
AZE,san p,21
AZE,qer,21
AZE,кр,21
AZE,azure,21
AZE,kitten,21
AZE,багет,21
AZE,nor,21
AZE,preside,21
AZE,tava,21
AZE,vegan,21
AZE,kəpəkli,21
AZE,qupka,21
AZE,soyulm,21
AZE,mocuze,21
AZE,waffle,21
AZE,balqabaq tumu,21
AZE,cugundur,21
AZE,neutrogena,21
AZE,cörə,21
AZE,badımca,21
AZE,çu,21
AZE,milla ayran,21
AZE,Beer,21
AZE,ciga,21
AZE,tualey,21
AZE,томаты,21
AZE,asp,21
AZE,7 day,21
AZE,metbe,21
AZE,ese,21
AZE,sutas,21
AZE,lu,21
AZE,boşqab,21
AZE,kaz,21
AZE,günəş kremi,21
AZE,maslo,21
AZE,mürə,21
AZE,tir,21
AZE,kife,21
AZE,Durex,21
AZE,agc,21
AZE,suluquni,21
AZE,fayr,21
AZE,nohut,21
AZE,lasagna,21
AZE,quick,21
AZE,ulk,21
AZE,aperol,21
AZE,yan,21
AZE,осве,21
AZE,qarabas,21
AZE,тыква,21
AZE,təravət,21
AZE,дюшес,21
AZE,qatıg,21
AZE,no1,21
AZE,33,21
AZE,sabun maye,21
AZE,qızıl quyu,21
AZE,maynez,21
AZE,susi,21
AZE,gerk,21
AZE,eg,21
AZE,saxlama,21
AZE,krivet,21
AZE,кулек,21
AZE,predator,21
AZE,pendır,21
AZE,аджика,21
AZE,plasti,21
AZE,сг,21
AZE,Bul,21
AZE,yaskino,21
AZE,ton baligi,21
AZE,fle,21
AZE,dezodo,20
AZE,vafl,20
AZE,gull,20
AZE,творожок,20
AZE,zir,20
AZE,ге,20
AZE,брок,20
AZE,spoo,20
AZE,gummy,20
AZE,sub,20
AZE,fruitella,20
AZE,masca,20
AZE,туалетна,20
AZE,mou,20
AZE,çiğ,20
AZE,barbek,20
AZE,qara çö,20
AZE,lavazz,20
AZE,cik,20
AZE,sudlu,20
AZE,qarışqa,20
AZE,pecenya,20
AZE,tac,20
AZE,delisimo,20
AZE,qaby,20
AZE,lays pap,20
AZE,vanel,20
AZE,salgam,20
AZE,борж,20
AZE,bean,20
AZE,бата,20
AZE,газ,20
AZE,kat,20
AZE,karpuz,20
AZE,vine,20
AZE,гри,20
AZE,цветная капуста,20
AZE,garli,20
AZE,kilkə,20
AZE,araxi,20
AZE,roth,20
AZE,ulud,20
AZE,seviml,20
AZE,qarıq,20
AZE,korovka,20
AZE,morfose,20
AZE,куриное,20
AZE,овощ,20
AZE,ог,20
AZE,qara çay,20
AZE,qauda,20
AZE,smoked,20
AZE,şəkət,20
AZE,ladyfingers,20
AZE,sad,20
AZE,nage,20
AZE,киноа,20
AZE,отруби,20
AZE,jala,20
AZE,sammo,20
AZE,Nutella,20
AZE,черника,20
AZE,döner,20
AZE,кимчи,20
AZE,rosko,20
AZE,niş,20
AZE,svala,20
AZE,fınd,20
AZE,cama,20
AZE,sarimsag,20
AZE,kornison,20
AZE,sır,20
AZE,Tum,20
AZE,sti,20
AZE,сыр творожный,20
AZE,bizin,20
AZE,monst,20
AZE,rum,20
AZE,krax,20
AZE,match,20
AZE,sr,20
AZE,terea amber,20
AZE,magnim,20
AZE,bau,20
AZE,wate,20
AZE,cle,20
AZE,raptor,20
AZE,balsam,20
AZE,miratorg,20
AZE,balqaba,20
AZE,vaseline,20
AZE,соки,20
AZE,соленья,20
AZE,sca,20
AZE,ləbu,20
AZE,xıy,20
AZE,pra,20
AZE,çipsim,20
AZE,diş past,20
AZE,nog,20
AZE,прокл,20
AZE,батарей,20
AZE,santa,20
AZE,palmoli,20
AZE,сем,20
AZE,ovqat,20
AZE,hotdoq,20
AZE,apple juice,20
AZE,winston xstyle,20
AZE,fav,20
AZE,brie,20
AZE,sult,20
AZE,fal,20
AZE,aktimel,20
AZE,şkalad,20
AZE,alpecin,20
AZE,rolling,20
AZE,perqament,20
AZE,Fuse tea,20
AZE,tru,20
AZE,oatmeal,20
AZE,три корочки,20
AZE,трубочки,20
AZE,виноград,20
AZE,cranberry,20
AZE,ajvar,20
AZE,сва,20
AZE,çəki,20
AZE,hippo,20
AZE,semiçk,20
AZE,titiz,20
AZE,состски,20
AZE,diş mə,20
AZE,мак,20
AZE,golf,20
AZE,milky way,20
AZE,acili,20
AZE,Haribo,20
AZE,кукурузное масло,20
AZE,bas,20
AZE,saçaql,20
AZE,səhər yeməyi,20
AZE,prosecc,20
AZE,поро,20
AZE,əri,20
AZE,ai,20
AZE,badımc,20
AZE,bang,20
AZE,агу,20
AZE,şampuan,20
AZE,head and shoulders,20
AZE,плавленный сыр,20
AZE,gobel,20
AZE,biskrem,20
AZE,kv,20
AZE,инжир,20
AZE,ketan,20
AZE,pale,20
AZE,baking soda,20
AZE,tams,20
AZE,fery,20
AZE,banka,20
AZE,детское питание,20
AZE,grec,20
AZE,sıyı,20
AZE,scw,20
AZE,pemdir,20
AZE,pas,20
AZE,meysəri,20
AZE,3 koro,20
AZE,gatorade,20
AZE,restorex,20
AZE,miratorq,20
AZE,kotex tampon,20
AZE,lubricant,20
AZE,magno,20
AZE,biotech,20
AZE,efe,20
AZE,fari,20
AZE,payt,20
AZE,laktozas,20
AZE,тряпк,20
AZE,salca,20
AZE,raw,20
AZE,7day,20
AZE,fuae,20
AZE,газированная,20
AZE,sakiz,20
AZE,diab,20
AZE,кор,20
AZE,donuts,20
AZE,ice c,20
AZE,alc,20
AZE,peç,20
AZE,badimca,20
AZE,kecup,20
AZE,lepe,20
AZE,сервелат,20
AZE,каба,20
AZE,собрание,20
AZE,презервативы,20
AZE,medi,20
AZE,pepp,20
AZE,круа,20
AZE,safegua,20
AZE,sorbet,20
AZE,коровка,20
AZE,pista,20
AZE,лёд,20
AZE,sche,20
AZE,wind,20
AZE,tablet,20
AZE,семечк,20
AZE,pringls,20
AZE,бульдак,20
AZE,qluten,20
AZE,plushe,20
AZE,qatl,20
AZE,sosik,20
AZE,kun,20
AZE,salyan,20
AZE,dosh,19
AZE,doshirak,19
AZE,süngə,19
AZE,горош,19
AZE,too,19
AZE,balik,19
AZE,magnium,19
AZE,fuc,19
AZE,agus,19
AZE,udon,19
AZE,diş ç,19
AZE,winche,19
AZE,qoz ləpəsi,19
AZE,macc,19
AZE,бура,19
AZE,1l,19
AZE,mavigile,19
AZE,tereA,19
AZE,cacao,19
AZE,rom,19
AZE,lə,19
AZE,qara ç,19
AZE,coo,19
AZE,mona,19
AZE,Lipton,19
AZE,sandwi,19
AZE,moroj,19
AZE,toxic waste,19
AZE,indo,19
AZE,kazbe,19
AZE,средство,19
AZE,chickpea,19
AZE,пончики,19
AZE,almond milk,19
AZE,dani,19
AZE,qazsiz,19
AZE,pota,19
AZE,oneqa,19
AZE,shu,19
AZE,ah,19
AZE,mikro,19
AZE,antiper,19
AZE,саву,19
AZE,сгущеное,19
AZE,зеленый,19
AZE,püs,19
AZE,вола,19
AZE,avokad,19
AZE,hindi fume,19
AZE,mətbəx kağ,19
AZE,snicke,19
AZE,cer,19
AZE,ushastiy,19
AZE,зел,19
AZE,yandi,19
AZE,anana,19
AZE,gor,19
AZE,Kent,19
AZE,almet,19
AZE,хлор,19
AZE,çə,19
AZE,diş fı,19
AZE,dondurna,19
AZE,0%,19
AZE,перга,19
AZE,milla qa,19
AZE,uno,19
AZE,şoka,19
AZE,dunh,19
AZE,am,19
AZE,рисовая бумага,19
AZE,sie,19
AZE,olter,19
AZE,natural,19
AZE,düşb,19
AZE,sacag,19
AZE,Oreo,19
AZE,cinnamon,19
AZE,катык,19
AZE,инд,19
AZE,qatılaşdı,19
AZE,ras,19
AZE,airab,19
AZE,bisko,19
AZE,vermesil,19
AZE,səth,19
AZE,xiyat,19
AZE,па,19
AZE,слива,19
AZE,dimov,19
AZE,balığ,19
AZE,zeytun qara,19
AZE,funçoza,19
AZE,üç,19
AZE,üç inək,19
AZE,чан,19
AZE,kət,19
AZE,средство для,19
AZE,Un,19
AZE,çoko,19
AZE,qus,19
AZE,bombarr,19
AZE,diş pastas,19
AZE,feyri,19
AZE,Milka,19
AZE,soyuq çay,19
AZE,nem salfetka,19
AZE,ciyer,19
AZE,cud,19
AZE,pudi,19
AZE,перчат,19
AZE,печ,19
AZE,nagg,19
AZE,кукурузные,19
AZE,че,19
AZE,dates,19
AZE,tonika,19
AZE,sap,19
AZE,барилла,19
AZE,günəb,19
AZE,Si,19
AZE,diş çöpü,19
AZE,savala,19
AZE,tic tac,19
AZE,popko,19
AZE,tofita,19
AZE,diş məc,19
AZE,calve,19
AZE,пеленки,19
AZE,ülgü,19
AZE,mö,19
AZE,azə,19
AZE,rahat market,19
AZE,dindurma,19
AZE,jack daniels,19
AZE,шокола,19
AZE,laya,19
AZE,buldag,19
AZE,сливо,19
AZE,отбеливатель,19
AZE,diş fırça,19
AZE,domino,19
AZE,alt paltarı,19
AZE,yağl,19
AZE,pobe,19
AZE,setka,19
AZE,arirl,19
AZE,cabbage,19
AZE,arag,19
AZE,моцаре,19
AZE,rochen,19
AZE,lov,19
AZE,prezident,19
AZE,mayan,19
AZE,yasamal,19
AZE,kesmim,19
AZE,lentil,19
AZE,azerchay,19
AZE,vermiş,19
AZE,сидр,19
AZE,dog,19
AZE,xiyar turşu,19
AZE,el sabunu,19
AZE,rukol,19
AZE,детский,19
AZE,оливко,19
AZE,Чай,19
AZE,cumin,19
AZE,fue,19
AZE,маскарпоне,19
AZE,фру,19
AZE,kətan,19
AZE,şanti,19
AZE,qlütensiz,19
AZE,prosta,19
AZE,mille,19
AZE,dərman,19
AZE,актив,19
AZE,iva,19
AZE,yara,19
AZE,latia,19
AZE,snea,19
AZE,tortila,19
AZE,фруктовый лед,19
AZE,water 5l,19
AZE,gazlı su,19
AZE,eda,19
AZE,şalğam,19
AZE,jon,19
AZE,gay,19
AZE,sau,19
AZE,qel,19
AZE,shw,19
AZE,krek,19
AZE,xiyar turş,19
AZE,start,19
AZE,bonfes,19
AZE,gündəlik bez,19
AZE,lent,19
AZE,туна,19
AZE,derman,19
AZE,danis,19
AZE,chapman,19
AZE,limonati,19
AZE,стиральный,19
AZE,yumşal,19
AZE,разры,19
AZE,gol,19
AZE,ala,19
AZE,şüşə silən,19
AZE,чан рамен,19
AZE,hos,19
AZE,mannı,19
AZE,barino,19
AZE,nemir,19
AZE,saç boy,19
AZE,scand,19
AZE,alma sir,19
AZE,gold,19
AZE,Xiyar,18
AZE,konse,18
AZE,gela,18
AZE,кукурузное,18
AZE,cat litter,18
AZE,yumuşaldıcı,18
AZE,qatlaş,18
AZE,peanu,18
AZE,su 5L,18
AZE,швабра,18
AZE,saç boya,18
AZE,oz,18
AZE,salfey,18
AZE,luna,18
AZE,dav,18
AZE,borod,18
AZE,qaro,18
AZE,xengel,18
AZE,арахисовая,18
AZE,qəh,18
AZE,темный шоколад,18
AZE,papri,18
AZE,солен,18
AZE,ince,18
AZE,acı bibər,18
AZE,terea twi,18
AZE,bebet,18
AZE,ranch,18
AZE,бума,18
AZE,dondurms,18
AZE,avoca,18
AZE,ciyel,18
AZE,jalape,18
AZE,безлакт,18
AZE,san pell,18
AZE,zirə,18
AZE,strawberries,18
AZE,uşaq şam,18
AZE,əfsanə,18
AZE,yesen,18
AZE,azelit,18
AZE,papa mojet,18
AZE,banket,18
AZE,pean,18
AZE,peosi,18
AZE,slo,18
AZE,clan,18
AZE,breakfast,18
AZE,laktos,18
AZE,karri,18
AZE,decaf,18
AZE,uzun ömür,18
AZE,кисель,18
AZE,premi,18
AZE,pendir sousu,18
AZE,sirab premium,18
AZE,sod,18
AZE,frambi,18
AZE,сгущенное,18
AZE,мороженн,18
AZE,миндальное молоко,18
AZE,tel,18
AZE,plast,18
AZE,mox,18
AZE,ərp,18
AZE,махеев,18
AZE,aç,18
AZE,losos,18
AZE,iç geyim,18
AZE,nud,18
AZE,way,18
AZE,tiss,18
AZE,диски,18
AZE,gündə,18
AZE,ground beef,18
AZE,rothmans,18
AZE,svez,18
AZE,möcüz,18
AZE,qız,18
AZE,carl,18
AZE,qatilas,18
AZE,will,18
AZE,abrau,18
AZE,макаро,18
AZE,edam,18
AZE,yarma,18
AZE,qerku,18
AZE,milla dondur,18
AZE,финики,18
AZE,lister,18
AZE,стиральный порошок,18
AZE,olivea,18
AZE,cups,18
AZE,eker,18
AZE,вода 5 литров,18
AZE,rezin,18
AZE,terea purple,18
AZE,подсол,18
AZE,моц,18
AZE,meze,18
AZE,йогурт греческий,18
AZE,читос,18
AZE,pfanner,18
AZE,lez,18
AZE,вода 5l,18
AZE,yumosh,18
AZE,бе,18
AZE,tuva,18
AZE,bam,18
AZE,hills,18
AZE,3 in,18
AZE,nail,18
AZE,ms,18
AZE,qulag,18
AZE,туне,18
AZE,xo,18
AZE,mozerella,18
AZE,cinque,18
AZE,sunflower oil,18
AZE,tumlar,18
AZE,draje,18
AZE,dish soap,18
AZE,Limon,18
AZE,qaymaw,18
AZE,gost,18
AZE,espresso,18
AZE,iver,18
AZE,черкизово,18
AZE,aviko,18
AZE,ushas,18
AZE,pampers 4,18
AZE,mavigil,18
AZE,горо,18
AZE,mineral su,18
AZE,ceri,18
AZE,fitn,18
AZE,для мытья посуды,18
AZE,at,18
AZE,fike,18
AZE,pinar sud,18
AZE,sasis,18
AZE,lolipop,18
AZE,хурма,18
AZE,yapi,18
AZE,индей,18
AZE,sacaql,18
AZE,gun,18
AZE,vyana,18
AZE,cucu,18
AZE,му,18
AZE,бор,18
AZE,sıy,18
AZE,rollt,18
AZE,scandi,18
AZE,yer f,18
AZE,yapış,18
AZE,dano,18
AZE,bədən,18
AZE,oyster,18
AZE,milla qat,18
AZE,ква,18
AZE,лейс,18
AZE,domdurma,18
AZE,qargidali yag,18
AZE,мусорные пакеты,18
AZE,арбу,18
AZE,xlebs,18
AZE,tamaşa,18
AZE,шампу,18
AZE,Qatiq,18
AZE,куркума,18
AZE,makyaj,18
AZE,мусорный,18
AZE,dos eti,18
AZE,südlü,18
AZE,посуд,18
AZE,ref,18
AZE,холодный чай,18
AZE,zeytun tumsuz,18
AZE,pişirme,18
AZE,comet,18
AZE,yumşaldıcı,18
AZE,gullo,18
AZE,avac,18
AZE,noutos,18
AZE,indom,18
AZE,фери,18
AZE,go protein,18
AZE,ince bulgur,18
AZE,aysbe,18
AZE,brut,18
AZE,мя,18
AZE,прокладка,18
AZE,cucumbers,18
AZE,qaysı,18
AZE,börək,18
AZE,овсяные,18
AZE,süta,18
AZE,lody,18
AZE,qol,18
AZE,xiyar t,18
AZE,minecraft,18
AZE,palta,18
AZE,dorado,18
AZE,sanpellegrino,18
AZE,брит,18
AZE,tobl,18
AZE,батаре,18
AZE,duy,18
AZE,hotd,18
AZE,кешью,18
AZE,sirniyat,18
AZE,ряженка,18
AZE,магги,18
AZE,sucuq,18
AZE,zen,18
AZE,ip,18
AZE,mega,18
AZE,lit,18
AZE,milla qaymaq,18
AZE,alışqa,18
AZE,plastik qab,18
AZE,ябло,18
AZE,pinkiss,18
AZE,yumi,18
AZE,antip,18
AZE,stev,18
AZE,smi,18
AZE,вла,18
AZE,кун,18
AZE,lavaz,18
AZE,coffe candy,18
AZE,zav,18
AZE,bri,18
AZE,арах,18
AZE,purina one,18
AZE,пахлава,18
AZE,greenfield,18
AZE,şokolad yağ,18
AZE,country,18
AZE,baby food,18
AZE,конди,18
AZE,tutk,18
AZE,uş,18
AZE,chocol,18
AZE,bizim t,18
AZE,yubil,18
AZE,bitki yağı,18
AZE,bine,18
AZE,подгузники,18
AZE,ağardıcı,18
AZE,листья,18
AZE,mətbəx salfeti,18
AZE,elek,18
AZE,miselyar,17
AZE,wes,17
AZE,moyo,17
AZE,lahmacun,17
AZE,ul,17
AZE,кофе молотый,17
AZE,смазка,17
AZE,keratin,17
AZE,bulğur,17
AZE,pake,17
AZE,pingv,17
AZE,petmol,17
AZE,rame,17
AZE,san pele,17
AZE,in,17
AZE,сельдерей,17
AZE,grape,17
AZE,pətə,17
AZE,sprite moxito,17
AZE,nabeglavi,17
AZE,rub,17
AZE,curry,17
AZE,bulku,17
AZE,badam süd,17
AZE,banduel,17
AZE,babyfo,17
AZE,миндальное,17
AZE,vinst,17
AZE,soyul,17
AZE,diabetik,17
AZE,nod,17
AZE,груд,17
AZE,korey,17
AZE,leziz,17
AZE,kerlli,17
AZE,extra,17
AZE,qargidal,17
AZE,brow,17
AZE,батар,17
AZE,dusbere,17
AZE,голу,17
AZE,пом,17
AZE,для пола,17
AZE,baratto,17
AZE,oni,17
AZE,dez,17
AZE,юбилейное,17
AZE,pirojki,17
AZE,havlu,17
AZE,памперс,17
AZE,дро,17
AZE,фумигатор,17
AZE,indomi,17
AZE,nivea men,17
AZE,qarağat,17
AZE,oldspice,17
AZE,kozinak,17
AZE,powder,17
AZE,kereviz,17
AZE,cashew,17
AZE,sasi,17
AZE,mü,17
AZE,гатык,17
AZE,marmela,17
AZE,ruby,17
AZE,yubile,17
AZE,smok,17
AZE,bab,17
AZE,прокла,17
AZE,pirinc,17
AZE,mazare,17
AZE,kırlangıç,17
AZE,pringels,17
AZE,булочки,17
AZE,elfbar,17
AZE,basdırma,17
AZE,barbekü,17
AZE,kontik,17
AZE,cikolata,17
AZE,Творог,17
AZE,qatila,17
AZE,ben,17
AZE,кальмар,17
AZE,cim cim,17
AZE,Kolbasa,17
AZE,kotan,17
AZE,ayaqqabı,17
AZE,milla yogurt,17
AZE,zeytun bağları,17
AZE,cas,17
AZE,uşast,17
AZE,sulu salfet,17
AZE,саво,17
AZE,borge,17
AZE,qiy,17
AZE,suyut,17
AZE,yese,17
AZE,Schweppes,17
AZE,ful,17
AZE,şekersiz,17
AZE,alışq,17
AZE,солфетки,17
AZE,ук,17
AZE,блины,17
AZE,kabar,17
AZE,ləziz çərəz,17
AZE,pla,17
AZE,eks,17
AZE,britva,17
AZE,zel,17
AZE,qoz lə,17
AZE,sobranıe,17
AZE,pomidot,17
AZE,albe,17
AZE,шарики,17
AZE,twinings,17
AZE,ank,17
AZE,bruschette,17
AZE,tvar,17
AZE,Kəsmik,17
AZE,üzü,17
AZE,maca,17
AZE,agcaqa,17
AZE,масло оливковое,17
AZE,maskar,17
AZE,gal,17
AZE,три,17
AZE,proseco,17
AZE,sonranie,17
AZE,moloed,17
AZE,оре,17
AZE,kü,17
AZE,fay,17
AZE,rollto,17
AZE,sandw,17
AZE,Fuse,17
AZE,тома,17
AZE,baby oil,17
AZE,буррата,17
AZE,djemius,17
AZE,humus,17
AZE,şe,17
AZE,belarus,17
AZE,colq,17
AZE,qargidali yagi,17
AZE,bavariya,17
AZE,whipped cream,17
AZE,dolce gusto,17
AZE,yumsaldici,17
AZE,köfte,17
AZE,Qusar,17
AZE,vanilya,17
AZE,elido,17
AZE,activa,17
AZE,аво,17
AZE,heyvan,17
AZE,moyan,17
AZE,huggie,17
AZE,карри,17
AZE,mazar,17
AZE,qoğa,17
AZE,fyse,17
AZE,usb,17
AZE,vermeşil,17
AZE,mix bar,17
AZE,памперсы,17
AZE,semecka,17
AZE,çəngəl,17
AZE,goyert,17
AZE,nutgo,17
AZE,ва,17
AZE,frut,17
AZE,моти,17
AZE,sanpel,17
AZE,m m,17
AZE,mozer,17
AZE,kagi,17
AZE,intense,17
AZE,napkins,17
AZE,мыр,17
AZE,Takis,17
AZE,mətbəx ka,17
AZE,wolt market yasamal,17
AZE,dezod,17
AZE,listerin,17
AZE,Mayonez,17
AZE,ev,17
AZE,mariv,17
AZE,Сливки,17
AZE,kotek,17
AZE,расти,17
AZE,diş p,17
AZE,sek,17
AZE,corriander,17
AZE,soya sous,17
AZE,qatıü,17
AZE,сахарная,17
AZE,sirab qazl,17
AZE,qril,17
AZE,mise,17
AZE,спички,17
AZE,ver nel,17
AZE,kan,17
AZE,мидии,17
AZE,salfet nəm,17
AZE,alma soku,17
AZE,kaunas,17
AZE,мыло жидкое,17
AZE,Winston mentol,17
AZE,ahm,17
AZE,doktorskaya,17
AZE,mabruk,17
AZE,абрикос,17
AZE,pril,17
AZE,kitka,17
AZE,joyzz,17
AZE,ernet,17
AZE,fıstığ,17
AZE,parla,17
AZE,gatiq,17
AZE,vaf,17
AZE,diş çö,17
AZE,grapes,17
AZE,parmez,17
AZE,bulgu,17
AZE,rizla,17
AZE,kaps,17
AZE,dirnaq,17
AZE,toi,17
AZE,pank,17
AZE,ezme,17
AZE,для мытья,17
AZE,shock,17
AZE,kərə y,17
AZE,altın,17
AZE,рукола,17
AZE,marshick,17
AZE,mohobbat,17
AZE,qaymaq qat,17
AZE,ris,17
AZE,filtr,17
AZE,rublev,17
AZE,Domestos,17
AZE,Tomat,17
AZE,quru meyve,17
AZE,qoxu,17
AZE,algid,17
AZE,pee,17
AZE,Protein,17
AZE,goat cheese,17
AZE,яблочный,17
AZE,terea twilight,17
AZE,pip,17
AZE,adapter,17
AZE,lux era,17
AZE,безла,17
AZE,pero,16
AZE,seher,16
AZE,колготки,16
AZE,çedar,16
AZE,инде,16
AZE,pesox,16
AZE,burger sous,16
AZE,ahmed,16
AZE,бумаж,16
AZE,bisirme kagizi,16
AZE,клу,16
AZE,wiston,16
AZE,rice vinegar,16
AZE,креве,16
AZE,зажига,16
AZE,pendir dilim,16
AZE,form,16
AZE,plum,16
AZE,siyiq,16
AZE,nept,16
AZE,барбекю,16
AZE,бакла,16
AZE,гру,16
AZE,beermi,16
AZE,peros,16
AZE,pis,16
AZE,magni,16
AZE,kağızı,16
AZE,spoonf,16
AZE,las,16
AZE,yuyucu gel,16
AZE,abur,16
AZE,karti,16
AZE,wipe,16
AZE,kekstra,16
AZE,yul,16
AZE,bath,16
AZE,ədviyy,16
AZE,cipsi lays,16
AZE,blanch,16
AZE,şiri,16
AZE,zero cola,16
AZE,фрук,16
AZE,ху,16
AZE,cider,16
AZE,subway,16
AZE,şəkərsiz dondurma,16
AZE,möcü,16
AZE,joyz,16
AZE,станок,16
AZE,пон,16
AZE,tic,16
AZE,xlepsi,16
AZE,sevgi dondurma,16
AZE,mozzarela,16
AZE,апельсиновый сок,16
AZE,fuz,16
AZE,n1,16
AZE,istis,16
AZE,essent,16
AZE,oyakata,16
AZE,cay paket,16
AZE,sari kok,16
AZE,leço,16
AZE,sorbe,16
AZE,uc inek,16
AZE,cəfər,16
AZE,pp,16
AZE,dro,16
AZE,lavaw,16
AZE,velo,16
AZE,ama,16
AZE,есен,16
AZE,fitne,16
AZE,греческий йо,16
AZE,prostokv,16
AZE,sarims,16
AZE,влажн,16
AZE,terea sun pearl,16
AZE,ickiler,16
AZE,potat,16
AZE,diapers,16
AZE,laixexi,16
AZE,marakuya,16
AZE,olmega,16
AZE,moxit,16
AZE,ceviz,16
AZE,body wash,16
AZE,korov,16
AZE,balqab,16
AZE,moun,16
AZE,lavaç,16
AZE,raff,16
AZE,teri,16
AZE,doğa,16
AZE,hot sauce,16
AZE,сгущеное молоко,16
AZE,parma,16
AZE,salted,16
AZE,corn flakes,16
AZE,lezz,16
AZE,ribeye,16
AZE,krak,16
AZE,bela,16
AZE,swim,16
AZE,см,16
AZE,fran,16
AZE,Wins,16
AZE,dis pas,16
AZE,med,16
AZE,paper towels,16
AZE,whi,16
AZE,onion powder,16
AZE,mush,16
AZE,арахисовая паста,16
AZE,monin,16
AZE,ар,16
AZE,слоеное тесто,16
AZE,mur,16
AZE,lats,16
AZE,cook,16
AZE,muka,16
AZE,lan,16
AZE,рисовые,16
AZE,петру,16
AZE,розмарин,16
AZE,тоника,16
AZE,dijon,16
AZE,emotion,16
AZE,rice paper,16
AZE,zip,16
AZE,qub,16
AZE,qı,16
AZE,kartof fri,16
AZE,dudomi,16
AZE,tərə,16
AZE,santal,16
AZE,fleu,16
AZE,tou,16
AZE,çerri,16
AZE,bildir,16
AZE,günəbaxa,16
AZE,mine,16
AZE,mavigilə,16
AZE,yapon,16
AZE,qabartma tozu,16
AZE,perlo,16
AZE,gazlı,16
AZE,süd qaymaq,16
AZE,га,16
AZE,muscle,16
AZE,Azza,16
AZE,i am chees,16
AZE,rossma,16
AZE,Felix,16
AZE,soup,16
AZE,пинг,16
AZE,камамбер,16
AZE,syoss,16
AZE,ahma,16
AZE,shaving,16
AZE,compact,16
AZE,qən,16
AZE,monster energy,16
AZE,хумус,16
AZE,maye sabu,16
AZE,pink,16
AZE,jil,16
AZE,vino,16
AZE,тархун,16
AZE,грецкий,16
AZE,zəfəran,16
AZE,sokola,16
AZE,tamp,16
AZE,uzun duyu,16
AZE,минеральная вода,16
AZE,qiyme,16
AZE,aceton,16
AZE,pendir so,16
AZE,yumuş,16
AZE,suxariki,16
AZE,ulduz,16
AZE,соусы,16
AZE,kukuruza,16
AZE,terea tw,16
AZE,sun salf,16
AZE,tart,16
AZE,corr,16
AZE,göbe,16
AZE,vio,16
AZE,chico,16
AZE,dondurma magnum,16
AZE,ağ şərab,16
AZE,qırmızı lobya,16
AZE,yashki,16
AZE,nerds,16
AZE,joh,16
AZE,saç bo,16
AZE,Sa,16
AZE,наге,16
AZE,macha,16
AZE,bus,16
AZE,diş məcu,16
AZE,nisa,16
AZE,fues,16
AZE,qaymaq kərə,16
AZE,tooth paste,16
AZE,кук,16
AZE,baza,16
AZE,aktivya,16
AZE,visk,16
AZE,cerkizovo,16
AZE,каштан,16
AZE,fanta nar,16
AZE,picnic,16
AZE,harr,16
AZE,tra,16
AZE,apte,16
AZE,qayn,16
AZE,fea,16
AZE,ketçap,16
AZE,bate,16
AZE,bizim s,16
AZE,чер,16
AZE,caref,16
AZE,фри,16
AZE,süzm,16
AZE,Exponenta,16
AZE,газировка,16
AZE,qatik,16
AZE,şorba,16
AZE,usa,16
AZE,zire,16
AZE,lubri,16
AZE,яблочный сок,16
AZE,efsane,16
AZE,пакеты для мусора,16
AZE,манна,16
AZE,pey,16
AZE,san pellegrino,16
AZE,Huggies,16
AZE,rastişka,16
AZE,pomegranate,16
AZE,rosman,16
AZE,растительное,16
AZE,camamber,16
AZE,pambı,16
AZE,milla feta,16
AZE,сыро,16
AZE,ремит,16
AZE,kent fee,16
AZE,üz yuma,16
AZE,bugda,16
AZE,çin,16
AZE,vane,16
AZE,ромашка,16
AZE,otaq,16
AZE,blin,16
AZE,сир,16
AZE,chunkies,16
AZE,Йогурт,16
AZE,kaş,16
AZE,tofi,16
AZE,баклажаны,16
AZE,qurudulmuş,16
AZE,сливки 33,16
AZE,dush,16
AZE,toyuğ,16
AZE,Always,16
AZE,toil,16
AZE,черный перец,16
AZE,ek,16
AZE,савуш,16
AZE,feas,16
AZE,damla şokolad,16
AZE,yağlı ka,16
AZE,terezi,16
AZE,cappi,16
AZE,premium,16
AZE,qrey,16
AZE,temiz,16
AZE,paula,16
AZE,oa,16
AZE,yoğ,16
AZE,matc,16
AZE,ват,16
AZE,Win,16
AZE,quinoa,16
AZE,simiç,16
AZE,sonra,16
AZE,marshik,16
AZE,хое,16
AZE,moru,16
AZE,esent,16
AZE,лак для волос,16
AZE,без глютена,16
AZE,nemirof,16
AZE,bira,16
AZE,Dondur,16
AZE,öküz,16
AZE,nar şərab,16
AZE,sprait,16
AZE,sobranie ball,16
AZE,puf,16
AZE,ча,16
AZE,calg,16
AZE,çer,16
AZE,limon du,16
AZE,димон,16
AZE,selpak tualet,16
AZE,sobranie balli,16
AZE,вишневый,15
AZE,масло растительное,15
AZE,tubo,15
AZE,yux,15
AZE,бо,15
AZE,soft,15
AZE,jumper,15
AZE,zənc,15
AZE,jasmin,15
AZE,mr muscle,15
AZE,yer fıstığı,15
AZE,azerç,15
AZE,pepe,15
AZE,lau,15
AZE,эскимо,15
AZE,oxo,15
AZE,баунти,15
AZE,brınza,15
AZE,petruska,15
AZE,pelm,15
AZE,basd,15
AZE,cigarettes,15
AZE,crisp,15
AZE,mate,15
AZE,Pantene,15
AZE,ağ şokolad,15
AZE,чайник,15
AZE,рисо,15
AZE,macco,15
AZE,seve,15
AZE,yaguar,15
AZE,Масло,15
AZE,sezar sousu,15
AZE,head and,15
AZE,peceny,15
AZE,вата,15
AZE,уша,15
AZE,bişi,15
AZE,deter,15
AZE,лазанья,15
AZE,qab şa,15
AZE,toble,15
AZE,roc,15
AZE,nab,15
AZE,paltar yuyan,15
AZE,kəklikotu,15
AZE,чери,15
AZE,mushrooms,15
AZE,ессен,15
AZE,true,15
AZE,rocher,15
AZE,dirab,15
AZE,protein milk,15
AZE,bakili giz,15
AZE,cocon,15
AZE,tt,15
AZE,səkər,15
AZE,isana,15
AZE,ушные палочки,15
AZE,yougurt,15
AZE,şabalı,15
AZE,vegetable,15
AZE,вода газ,15
AZE,banv,15
AZE,tavuk,15
AZE,горч,15
AZE,monkey,15
AZE,kək,15
AZE,sprayt,15
AZE,winches,15
AZE,korona,15
AZE,marm,15
AZE,нарезка,15
AZE,goril,15
AZE,гер,15
AZE,soya sousu,15
AZE,basdirma,15
AZE,pax,15
AZE,qiz,15
AZE,şirniy,15
AZE,waf,15
AZE,heets,15
AZE,chok,15
AZE,fleur a,15
AZE,vermisel,15
AZE,yub,15
AZE,besta,15
AZE,nis,15
AZE,мусорный пакет,15
AZE,ножницы,15
AZE,орбит,15
AZE,indilight,15
AZE,bitki,15
AZE,yandı,15
AZE,beylerbeyi,15
AZE,i am ch,15
AZE,mayonex,15
AZE,beypazarı,15
AZE,veg,15
AZE,baguette,15
AZE,tym,15
AZE,ant,15
AZE,narserab,15
AZE,nisas,15
AZE,ice cr,15
AZE,jannut,15
AZE,mr.snack,15
AZE,bafuri,15
AZE,defter,15
AZE,sur,15
AZE,soyuq kofe,15
AZE,ну,15
AZE,amb,15
AZE,antibak,15
AZE,растительное масло,15
AZE,funcoza,15
AZE,saç boyas,15
AZE,kalb,15
AZE,blok,15
AZE,huggies 4,15
AZE,slavy,15
AZE,cərəz,15
AZE,slobo,15
AZE,мешки,15
AZE,bombaar,15
AZE,efes draft,15
AZE,erdin,15
AZE,bb,15
AZE,lays duzlu,15
AZE,corny,15
AZE,lady fingers,15
AZE,sinek,15
AZE,yuyuc,15
AZE,laty,15
AZE,blinçik,15
AZE,qarğıdalı yağ,15
AZE,fıstıq əz,15
AZE,cadoro,15
AZE,donu,15
AZE,alma sirk,15
AZE,şaft,15
AZE,сухой,15
AZE,5l su,15
AZE,mcd,15
AZE,durec,15
AZE,панировочные,15
AZE,biş,15
AZE,33%,15
AZE,yumurya,15
AZE,diş sapı,15
AZE,herbs,15
AZE,qoz ləpə,15
AZE,siqara,15
AZE,preze,15
AZE,süs,15
AZE,гречк,15
AZE,tund,15
AZE,lotion,15
AZE,tomat pastas,15
AZE,də,15
AZE,zibil tor,15
AZE,sarımsak,15
AZE,swell,15
AZE,grano,15
AZE,acqua,15
AZE,dried,15
AZE,нагет,15
AZE,avaca,15
AZE,плав,15
AZE,badem,15
AZE,huggies elite soft,15
AZE,qarag,15
AZE,sit,15
AZE,верми,15
AZE,sokolad yagi,15
AZE,brush,15
AZE,kitchen roll,15
AZE,qelem,15
AZE,laktossuz,15
AZE,Xirdalan,15
AZE,yoko,15
AZE,ми,15
AZE,stanok,15
AZE,dondurul,15
AZE,sard,15
AZE,filo,15
AZE,kasa,15
AZE,пудов,15
AZE,гвоздика,15
AZE,pon,15
AZE,bişirme,15
AZE,toyuq fil,15
AZE,Efes,15
AZE,lacalut,15
AZE,контейнер,15
AZE,qadın,15
AZE,alb,15
AZE,su 20,15
AZE,organi,15
AZE,ağız,15
AZE,даваш,15
AZE,healthy,15
AZE,palmal,15
AZE,сендвич,15
AZE,sirin,15
AZE,ruffle,15
AZE,kf,15
AZE,шоколадное,15
AZE,baunti,15
AZE,ovcu,15
AZE,kinder pin,15
AZE,nem salf,15
AZE,cham,15
AZE,teki,15
AZE,sta,15
AZE,alma si,15
AZE,Sleepy,15
AZE,фей,15
AZE,gati,15
AZE,şəkərsi,15
AZE,qrenki,15
AZE,spirte,15
AZE,qaymaü,15
AZE,i am chee,15
AZE,qatılaşd,15
AZE,mayonaise,15
AZE,seke,15
AZE,dondurn,15
AZE,kalpasa,15
AZE,приправы,15
AZE,lavne,15
AZE,Yag,15
AZE,yağlı kağ,15
AZE,ağcaq,15
AZE,elce,15
AZE,qazs,15
AZE,молоко без,15
AZE,bonfe,15
AZE,йогурты,15
AZE,grabstat,15
AZE,молочный,15
AZE,la monde,15
AZE,scwe,15
AZE,paraş,15
AZE,filt,15
AZE,sour patch,15
AZE,balt,15
AZE,hen,15
AZE,шоколад плитка,15
AZE,batarey,15
AZE,duru sabun,15
AZE,huggies 3,15
AZE,pret,15
AZE,socks,15
AZE,high protein,15
AZE,twist,15
AZE,duşe,15
AZE,jem,15
AZE,хлоп,15
AZE,valii,15
AZE,prndir,15
AZE,çay berqa,15
AZE,hisə ver,15
AZE,апель,15
AZE,mogu mogu,15
AZE,kinder maxi,15
AZE,sez,15
AZE,cim,15
AZE,3 корочки,15
AZE,starb,15
AZE,qara çör,15
AZE,шоколадная паста,15
AZE,cafe,15
AZE,jela,15
AZE,cool,15
AZE,boz,15
AZE,mokate,15
AZE,kartog,15
AZE,ро,15
AZE,яб,15
AZE,julius,15
AZE,taft,15
AZE,baby wipes,15
AZE,slepy,15
AZE,min,15
AZE,tissues,15
AZE,авакадо,15
AZE,choco boy,15
AZE,qab y,15
AZE,pearl,15
AZE,çər,15
AZE,salfet nem,15
AZE,card,15
AZE,qaymaq qatıq,15
AZE,limonlu,15
AZE,marke,15
AZE,принглс,15
AZE,yunan y,15
AZE,marme,15
AZE,qəhvəyi,15
AZE,compact blue,15
AZE,favorite,15
AZE,Ritter,15
AZE,lays max,15
AZE,яшк,15
AZE,çubuk,15
AZE,ред,14
AZE,лампочка,14
AZE,şər,14
AZE,idman,14
AZE,sabranie,14
AZE,sera,14
AZE,təmizləyici,14
AZE,черный,14
AZE,morkov,14
AZE,qabyuyan tablet,14
AZE,yoğu,14
AZE,əridilmiş,14
AZE,krevetk,14
AZE,xalva,14
AZE,груша,14
AZE,свечки,14
AZE,komili,14
AZE,romaşka,14
AZE,savoiar,14
AZE,kəsmikli,14
AZE,medit,14
AZE,yessentuki,14
AZE,salm,14
AZE,nəm salfe,14
AZE,лезвие,14
AZE,bergen,14
AZE,pringless,14
AZE,rocs,14
AZE,efes 0,14
AZE,селед,14
AZE,kere ya,14
AZE,charger,14
AZE,feyx,14
AZE,baun,14
AZE,presid,14
AZE,komur,14
AZE,tva,14
AZE,плавленный,14
AZE,balq,14
AZE,7.1,14
AZE,olit,14
AZE,eveline,14
AZE,доритос,14
AZE,snag,14
AZE,nektar,14
AZE,şanpun,14
AZE,qazan,14
AZE,бадамлы,14
AZE,şaftal,14
AZE,fleur alpin,14
AZE,barin,14
AZE,pul bi,14
AZE,болгарский,14
AZE,wolt marke,14
AZE,кукурузный,14
AZE,vegetables,14
AZE,fayri,14
AZE,камам,14
AZE,zaji,14
AZE,mirin,14
AZE,ancho,14
AZE,вишн,14
AZE,çax,14
AZE,cleaner,14
AZE,çupa,14
AZE,tos,14
AZE,гель дл,14
AZE,oberto,14
AZE,ispana,14
AZE,gori,14
AZE,кент,14
AZE,sora,14
AZE,кондиц,14
AZE,marlb,14
AZE,dis fir,14
AZE,purin,14
AZE,suş,14
AZE,palt,14
AZE,lako,14
AZE,fars,14
AZE,test,14
AZE,minced,14
AZE,ase,14
AZE,tvix,14
AZE,bowl,14
AZE,slavyan,14
AZE,бри,14
AZE,картошк,14
AZE,ıspanaq,14
AZE,doş,14
AZE,walnut,14
AZE,o.b,14
AZE,laktosuz,14
AZE,peper,14
AZE,детское мыло,14
AZE,qurusu,14
AZE,qur,14
AZE,кетчу,14
AZE,long chip,14
AZE,winston men,14
AZE,бурак,14
AZE,cartedor,14
AZE,yumusaldici,14
AZE,shaurma,14
AZE,gargidali,14
AZE,пастила,14
AZE,kindee,14
AZE,küncü,14
AZE,bükmə,14
AZE,sheker tozu,14
AZE,whis,14
AZE,bisküvi,14
AZE,rus,14
AZE,bandu,14
AZE,lemons,14
AZE,weet,14
AZE,cast,14
AZE,mir,14
AZE,badi,14
AZE,love is,14
AZE,dis fircasi,14
AZE,hama,14
AZE,winstone,14
AZE,tab,14
AZE,winston blue,14
AZE,ring of,14
AZE,landmark,14
AZE,песо,14
AZE,мицелярная,14
AZE,bagi,14
AZE,cp,14
AZE,ав,14
AZE,condensed milk,14
AZE,крабо,14
AZE,ск,14
AZE,kindr,14
AZE,гречески,14
AZE,spirite,14
AZE,alben,14
AZE,спирт,14
AZE,бумажн,14
AZE,rafael,14
AZE,tik,14
AZE,qaragil,14
AZE,sür,14
AZE,cucum,14
AZE,ring,14
AZE,çe,14
AZE,alcopoint,14
AZE,зубна,14
AZE,bonf,14
AZE,булочка,14
AZE,консервы,14
AZE,qulaq copu,14
AZE,kartos,14
AZE,prpsi,14
AZE,dr körner,14
AZE,coca cola fifa,14
AZE,smoki,14
AZE,sarıms,14
AZE,balon,14
AZE,шок,14
AZE,apel,14
AZE,kizilay,14
AZE,snaq fabriq,14
AZE,fax,14
AZE,Saçaq,14
AZE,qaymaq k,14
AZE,papr,14
AZE,asa,14
AZE,suse,14
AZE,tahini,14
AZE,wini,14
AZE,butt,14
AZE,zibil torba,14
AZE,krem peynir,14
AZE,susam,14
AZE,arugula,14
AZE,gallina,14
AZE,1664,14
AZE,кетч,14
AZE,tomat pastasi,14
AZE,manqalustu,14
AZE,удон,14
AZE,lotte,14
AZE,einston,14
AZE,petruşka,14
AZE,кл,14
AZE,чесночный,14
AZE,qap,14
AZE,camembert,14
AZE,savi,14
AZE,sobranie ba,14
AZE,capy,14
AZE,kete,14
AZE,pendir holland,14
AZE,yunan yogurt,14
AZE,su 10lt,14
AZE,resto,14
AZE,vodk,14
AZE,браво,14
AZE,cocoa powder,14
AZE,sandviç,14
AZE,super fresh,14
AZE,pir,14
AZE,ollin,14
AZE,viagra,14
AZE,sacaqli pendir,14
AZE,baunty,14
AZE,dry idea,14
AZE,6%,14
AZE,sine,14
AZE,AA,14
AZE,gatı,14
AZE,rexsona,14
AZE,simic,14
AZE,cirə,14
AZE,prosec,14
AZE,alaf,14
AZE,aud,14
AZE,mis,14
AZE,vasabi,14
AZE,çud,14
AZE,youg,14
AZE,quru meyvə,14
AZE,боржо,14
AZE,Яйца,14
AZE,Araz market,14
AZE,terea s,14
AZE,хоебцы,14
AZE,чим чим,14
AZE,цветная,14
AZE,hummus,14
AZE,alkoqol,14
AZE,burrato,14
AZE,sun pea,14
AZE,форма,14
AZE,vetcina,14
AZE,yumurta abad,14
AZE,зажи,14
AZE,bres,14
AZE,yesentuki,14
AZE,garlic powder,14
AZE,персики,14
AZE,сып,14
AZE,terea summer,14
AZE,qarğıdalı ya,14
AZE,2032,14
AZE,hall,14
AZE,tamasha,14
AZE,natur,14
AZE,folga,14
AZE,bub,14
AZE,cole,14
AZE,blanche,14
AZE,fucetea,14
AZE,cola cherry,14
AZE,künəfə,14
AZE,cla,14
AZE,страч,14
AZE,pants,14
AZE,hazel,14
AZE,prostak,14
AZE,молоко безлактозное,14
AZE,black jack,14
AZE,sov,14
AZE,kalka,14
AZE,zibil torbasi,14
AZE,айс,14
AZE,berg tea,14
AZE,azz,14
AZE,palett,14
AZE,pistachio,14
AZE,teo,14
AZE,aspe,14
AZE,bacardi,14
AZE,nastoyka,14
AZE,çorey,14
AZE,altınbaşak,14
AZE,arbuz,14
AZE,patos,14
AZE,Noodle,14
AZE,мус,14
AZE,floss,14
AZE,shok,14
AZE,спагети,14
AZE,mayasız,14
AZE,ifoam,14
AZE,dob,14
AZE,köri,14
AZE,skoc,14
AZE,agusa,14
AZE,ов,14
AZE,ру,14
AZE,влажные сал,14
AZE,sabran,14
AZE,xlebt,14
AZE,layd,14
AZE,dep,14
AZE,мы,14
AZE,bonfest,14
AZE,bombbar dondurma,14
AZE,qubk,14
AZE,bizim tarla xiyar,14
AZE,peo,14
AZE,maxx,14
AZE,bağdan,14
AZE,ле,14
AZE,tamstor,14
AZE,соев,14
AZE,ricott,14
AZE,домес,14
AZE,Barilla,14
AZE,els,14
AZE,анчоус,14
AZE,побе,14
AZE,кукурузный крахмал,14
AZE,durex invisible,14
AZE,fleur al,14
AZE,nacho,14
AZE,chiken,14
AZE,свеч,14
AZE,blanka,14
AZE,pü,14
AZE,быстров,14
AZE,грецкий орех,14
AZE,cocktail,14
AZE,tulum,14
AZE,ne moloko,14
AZE,qor,14
AZE,tus,14
AZE,deliss,14
AZE,geyim,14
AZE,tumurta,14
AZE,sonr,14
AZE,cir,14
AZE,pur,14
AZE,чу,14
AZE,sia,14
AZE,qazsiz su,14
AZE,dr kor,14
AZE,шпрот,14
AZE,siqarer,14
AZE,chicke,14
AZE,wasa,14
AZE,düşe,14
AZE,grab star,14
AZE,natu,14
AZE,duş g,14
AZE,whipping cream,14
AZE,türk kahvesi,14
AZE,mcdo,14
AZE,семечка,14
AZE,leke,14
AZE,mang,14
AZE,scrub,14
AZE,winston silver,14
AZE,варен,14
AZE,strawb,14
AZE,ануша,14
AZE,kotany,14
AZE,sirni,14
AZE,leffe,14
AZE,propl,14
AZE,yaö,14
AZE,qizil baliq,14
AZE,iveria,14
AZE,oscar,14
AZE,онурцы,14
AZE,skolad,14
AZE,зубная нить,14
AZE,вани,14
AZE,gerku,14
AZE,icela,14
AZE,qoğ,14
AZE,biscolat,14
AZE,etir,14
AZE,şampinyon,14
AZE,qulaq çöp,14
AZE,eggplant,14
AZE,möc,14
AZE,tag,14
AZE,mayonnaise,14
AZE,yogh,13
AZE,durac,13
AZE,Greek,13
AZE,servalat,13
AZE,спрей,13
AZE,hıyar,13
AZE,бумага туалетная,13
AZE,голла,13
AZE,spite,13
AZE,alk,13
AZE,markov,13
AZE,hica,13
AZE,sıvı,13
AZE,portakal,13
AZE,nar ş,13
AZE,karbonat,13
AZE,кульки,13
AZE,Ma,13
AZE,curd,13
AZE,ара,13
AZE,sobranie ploom,13
AZE,şəkər pudra,13
AZE,Шоколад,13
AZE,ülkər,13
AZE,capsule,13
AZE,yaşıl soğan,13
AZE,belar,13
AZE,beyl,13
AZE,vola,13
AZE,palmoliv,13
AZE,пр,13
AZE,yubiley,13
AZE,antibakterial,13
AZE,cerki,13
AZE,encir,13
AZE,oralb,13
AZE,naqqets,13
AZE,metbex kagizi,13
AZE,mist,13
AZE,exponents,13
AZE,Nivea,13
AZE,lapşa,13
AZE,mehme,13
AZE,milkyway,13
AZE,конфе,13
AZE,kulok,13
AZE,azərs,13
AZE,təra,13
AZE,gairy,13
AZE,pampe,13
AZE,parmes,13
AZE,куриная грудка,13
AZE,lasagne,13
AZE,коф,13
AZE,слоеное,13
AZE,air wick,13
AZE,nohud,13
AZE,ground,13
AZE,dubai chocolate,13
AZE,turq,13
AZE,lr,13
AZE,fırın,13
AZE,Yogurt,13
AZE,жел,13
AZE,schwep,13
AZE,sladena,13
AZE,winso,13
AZE,mosa,13
AZE,ruffl,13
AZE,my,13
AZE,кухонные,13
AZE,skitt,13
AZE,popkor,13
AZE,dondurma sevgi,13
AZE,cihan,13
AZE,Tere,13
AZE,qarabasa,13
AZE,fıstıq əzmə,13
AZE,manti,13
AZE,karnitin,13
AZE,бул,13
AZE,alma sirkesi,13
AZE,teriya,13
AZE,копч,13
AZE,Sob,13
AZE,красный перец,13
AZE,яш,13
AZE,ламп,13
AZE,supe,13
AZE,ску,13
AZE,yunan yogurtu,13
AZE,kartod,13
AZE,huggies elite,13
AZE,sə,13
AZE,марме,13
AZE,hoşb,13
AZE,zeytun ba,13
AZE,protien,13
AZE,alma şi,13
AZE,qari,13
AZE,seven days,13
AZE,oman,13
AZE,chil,13
AZE,crunch,13
AZE,qəl,13
AZE,ted,13
AZE,qatlq,13
AZE,qab süngəri,13
AZE,os,13
AZE,pepperoni,13
AZE,sobranie com,13
AZE,fır,13
AZE,diy,13
AZE,iris,13
AZE,чим,13
AZE,lett,13
AZE,resbull,13
AZE,kreki,13
AZE,barbie,13
AZE,ozm,13
AZE,macar,13
AZE,wor,13
AZE,johns,13
AZE,molt,13
AZE,alma sirkəsi,13
AZE,göy soğan,13
AZE,lotu,13
AZE,brokol,13
AZE,spark,13
AZE,Chips,13
AZE,almett,13
AZE,гол,13
AZE,ene,13
AZE,dəs,13
AZE,блинчики,13
AZE,confe,13
AZE,готовая еда,13
AZE,winston ment,13
AZE,toyuü,13
AZE,vanili,13
AZE,tee,13
AZE,sorbon,13
AZE,fincan,13
AZE,dondi,13
AZE,truba,13
AZE,babay,13
AZE,orzo,13
AZE,berries,13
AZE,hazir qida,13
AZE,baltik,13
AZE,cry,13
AZE,plate,13
AZE,dodurma,13
AZE,aten,13
AZE,болгарский перец,13
AZE,taba,13
AZE,keçup,13
AZE,мамло,13
AZE,honq,13
AZE,sobranie compact,13
AZE,asto,13
AZE,bardak,13
AZE,alma s,13
AZE,voda,13
AZE,qlobus,13
AZE,diaper,13
AZE,südlü şokolad,13
AZE,wayer,13
AZE,san tortino,13
AZE,nəm salfetka,13
AZE,romaska,13
AZE,paltaryuyan,13
AZE,gyo,13
AZE,chocola,13
AZE,mosarella,13
AZE,bolgar,13
AZE,tən,13
AZE,kro,13
AZE,boğaz,13
AZE,diş fırç,13
AZE,usaq bezi,13
AZE,dis pasta,13
AZE,salg,13
AZE,cars,13
AZE,tesori,13
AZE,meinl,13
AZE,spring,13
AZE,масло оли,13
AZE,günd,13
AZE,coıa,13
AZE,quru nanə,13
AZE,dr k,13
AZE,конфет,13
AZE,hig,13
AZE,biscof,13
AZE,kras,13
AZE,beta çay,13
AZE,dam,13
AZE,sardines,13
AZE,sokol,13
AZE,olmeca,13
AZE,ora,13
AZE,парм,13
AZE,сливоч,13
AZE,dessert,13
AZE,chocolat,13
AZE,кус кус,13
AZE,бизон,13
AZE,семички,13
AZE,ehrman,13
AZE,toyuqlu,13
AZE,ice cre,13
AZE,bioder,13
AZE,souslar,13
AZE,nugge,13
AZE,shweppes,13
AZE,soko,13
AZE,ponte,13
AZE,dondutma,13
AZE,qadin,13
AZE,гауда,13
AZE,qariq,13
AZE,djinn,13
AZE,pendir sou,13
AZE,blac,13
AZE,krvetka,13
AZE,edvi,13
AZE,dara,13
AZE,milki,13
AZE,kirlang,13
AZE,спаржа,13
AZE,sardel,13
AZE,Persil,13
AZE,sari k,13
AZE,закуски,13
AZE,abso,13
AZE,turşu xi,13
AZE,şabal,13
AZE,tərəzi,13
AZE,rossmann,13
AZE,heineke,13
AZE,sarimsaq tozu,13
AZE,домик в деревне,13
AZE,kırlang,13
AZE,kinder hippo,13
AZE,pepero,13
AZE,sirsb,13
AZE,likor,13
AZE,мешок,13
AZE,kuz,13
AZE,goat,13
AZE,tomat p,13
AZE,еда,13
AZE,kabanos,13
AZE,eti cin,13
AZE,make up,13
AZE,ox,13
AZE,xmeli,13
AZE,tahi,13
AZE,qi,13
AZE,malte,13
AZE,kas,13
AZE,kraks,13
AZE,yer fı,13
AZE,bildirçin,13
AZE,oxotni,13
AZE,kagizi,13
AZE,heinken,13
AZE,qabaq,13
AZE,on,13
AZE,паке,13
AZE,buratto,13
AZE,персил,13
AZE,disp,13
AZE,хлеь,13
AZE,baker,13
AZE,белый сыр,13
AZE,xe,13
AZE,kabaç,13
AZE,natakhtari,13
AZE,sosiski,13
AZE,sirab qa,13
AZE,влажные салф,13
AZE,pork,13
AZE,eti mek,13
AZE,melon,13
AZE,pesoq,13
AZE,Lindt,13
AZE,qehve,13
AZE,kilke,13
AZE,yarp,13
AZE,temizlik bezi,13
AZE,potatoe,13
AZE,pub,13
AZE,царь,13
AZE,туалетная б,13
AZE,ches,13
AZE,henn,13
AZE,qulaq ç,13
AZE,erd,13
AZE,kadayıf,13
AZE,milla s,13
AZE,темный,13
AZE,icim,13
AZE,aleays,13
AZE,şah,13
AZE,domi,13
AZE,чупа,13
AZE,ice coffee,13
AZE,meyse,13
AZE,qırmızı soğan,13
AZE,com,13
AZE,meyvə qurusu,13
AZE,sport p,13
AZE,cloth,13
AZE,orea,13
AZE,kalqo,13
AZE,cola sero,13
AZE,mimo,13
AZE,ədviyyatlar,13
AZE,kilk,13
AZE,ehrma,13
AZE,toyuq bud,13
AZE,шампиньоны,13
AZE,quru salfet,13
AZE,koz,13
AZE,im,13
AZE,cipso,13
AZE,delic,13
AZE,firindan,13
AZE,20,13
AZE,спаге,13
AZE,блин,13
AZE,bazars,13
AZE,соевы,13
AZE,Cola zero,13
AZE,waymaq,13
AZE,sampu,13
AZE,pomidir,13
AZE,schwepp,13
AZE,шоколад без сахара,13
AZE,max fun,13
AZE,korj,13
AZE,tora bika,13
AZE,carte d’or,13
AZE,qav,13
AZE,perso,13
AZE,wasch,13
AZE,Qarpız,13
AZE,təzə,13
AZE,babyf,13
AZE,milla d,13
AZE,Kotex,13
AZE,antibacterial,13
AZE,sardine,13
AZE,dodaq,13
AZE,corem,13
AZE,sorite,13
AZE,jalap,13
AZE,hala,13
AZE,tequ,13
AZE,sobrabie,13
AZE,на,13
AZE,recona,13
AZE,kari,13
AZE,bum,13
AZE,but,13
AZE,donuz,13
AZE,hoc,13
AZE,lore,13
AZE,папа,13
AZE,qilas,13
AZE,сливочный,13
AZE,голлан,13
AZE,washing powder,13
AZE,sıro,13
AZE,tvi,13
AZE,губка для посуды,13
AZE,qargıdalı,13
AZE,безлактоз,13
AZE,tərlik,13
AZE,kortof,13
AZE,donmu,13
AZE,zibil t,13
AZE,poro,13
AZE,чуд,13
AZE,koko,13
AZE,siyə,13
AZE,key,13
AZE,xr,13
AZE,пиво 0,13
AZE,pakmaya,13
AZE,meyve şiresi,13
AZE,saç boyasi,13
AZE,favor,13
AZE,brutal,13
AZE,hacı tur,13
AZE,ezine,13
AZE,kire,13
AZE,lube,13
AZE,pul b,13
AZE,тетрадь,12
AZE,içk,12
AZE,vanilli,12
AZE,maxee,12
AZE,daş,12
AZE,подсолне,12
AZE,pə,12
AZE,hip,12
AZE,кускус,12
AZE,cere,12
AZE,mand,12
AZE,экспонента,12
AZE,starbu,12
AZE,avto,12
AZE,La,12
AZE,firin,12
AZE,cold,12
AZE,alma şirəsi,12
AZE,wince,12
AZE,ağcaqana,12
AZE,sırab,12
AZE,ballantines,12
AZE,ritter sport,12
AZE,мороженок,12
AZE,капуст,12
AZE,греческий й,12
AZE,haci tur,12
AZE,totuq,12
AZE,cot,12
AZE,ди,12
AZE,psilium,12
AZE,penir,12
AZE,xlop,12
AZE,qulaq çö,12
AZE,portag,12
AZE,del,12
AZE,yuyucu to,12
AZE,trash bags,12
AZE,Ace,12
AZE,Cheetos,12
AZE,pendie,12
AZE,find,12
AZE,olital,12
AZE,həşarat,12
AZE,buk,12
AZE,maccof,12
AZE,kür,12
AZE,aira,12
AZE,kay,12
AZE,sariqiz,12
AZE,film,12
AZE,nəm s,12
AZE,gunluk,12
AZE,qatilasdirilmis,12
AZE,dondut,12
AZE,хло,12
AZE,şokal,12
AZE,windt,12
AZE,бел,12
AZE,shagi,12
AZE,кислота,12
AZE,qlute,12
AZE,fuze,12
AZE,ruble,12
AZE,zucchini,12
AZE,безалкогольное,12
AZE,зерн,12
AZE,торти,12
AZE,willi,12
AZE,yaşıl no,12
AZE,hindi füme,12
AZE,haribi,12
AZE,unity,12
AZE,squs,12
AZE,compa,12
AZE,abs,12
AZE,protein yogurt,12
AZE,tarx,12
AZE,noğul,12
AZE,pudr,12
AZE,corian,12
AZE,zaj,12
AZE,каштаны,12
AZE,cola 0.5,12
AZE,ciyele,12
AZE,makf,12
AZE,monopak,12
AZE,bet,12
AZE,color,12
AZE,кукурузные палочки,12
AZE,spl,12
AZE,стирка,12
AZE,usastiy,12
AZE,phila,12
AZE,morug,12
AZE,turqay,12
AZE,milks,12
AZE,maggie,12
AZE,terlik,12
AZE,halal nemət,12
AZE,coll,12
AZE,тирамису,12
AZE,peynirci,12
AZE,qayç,12
AZE,pletka,12
AZE,neptu,12
AZE,яи,12
AZE,wellaton,12
AZE,eldiven,12
AZE,grabsyar,12
AZE,boran,12
AZE,кок,12
AZE,toyuq budu,12
AZE,nutt,12
AZE,koton,12
AZE,текила,12
AZE,кори,12
AZE,synergetic,12
AZE,перлов,12
AZE,капу,12
AZE,swep,12
AZE,mr mus,12
AZE,loreal ex,12
AZE,вода 10,12
AZE,qatil,12
AZE,круглый рис,12
AZE,pudra şekeri,12
AZE,dondurmq,12
AZE,persil gel,12
AZE,nehre,12
AZE,su 5 li,12
AZE,m & m,12
AZE,un m,12
AZE,соя,12
AZE,soyulmus,12
AZE,ağ paltar,12
AZE,ско,12
AZE,sriracha,12
AZE,goye,12
AZE,ape,12
AZE,hiss,12
AZE,pear,12
AZE,qaragile,12
AZE,firol,12
AZE,одноразовые,12
AZE,sulta,12
AZE,rəng,12
AZE,savoyar,12
AZE,Rolton,12
AZE,lem,12
AZE,kişm,12
AZE,indil,12
AZE,cefer,12
AZE,chore,12
AZE,sorma,12
AZE,yağ duru,12
AZE,pikolini,12
AZE,bubble tea,12
AZE,спра,12
AZE,muskat,12
AZE,mushr,12
AZE,krem pen,12
AZE,сав,12
AZE,philadelphia,12
AZE,hey,12
AZE,şire,12
AZE,grechka,12
AZE,ell,12
AZE,white cheese,12
AZE,brokk,12
AZE,cubu,12
AZE,was,12
AZE,легкий сыр,12
AZE,slob,12
AZE,sirniy,12
AZE,dönə,12
AZE,mecta,12
AZE,diril,12
AZE,pomace,12
AZE,axşam,12
AZE,maçal,12
AZE,три коровы,12
AZE,fairy qab,12
AZE,sac boya,12
AZE,nescafe gold,12
AZE,yah,12
AZE,oreos,12
AZE,qoruyu,12
AZE,wet wipe,12
AZE,страчателла,12
AZE,kəl,12
AZE,salt and vinegar,12
AZE,barattoli,12
AZE,rice chips,12
AZE,конф,12
AZE,altin,12
AZE,шампи,12
AZE,emborg,12
AZE,libresse,12
AZE,greçka,12
AZE,nutrlla,12
AZE,amer,12
AZE,kalq,12
AZE,boombar,12
AZE,nar serab,12
AZE,savoy,12
AZE,şalqa,12
AZE,finlandia,12
AZE,Rafaello,12
AZE,doğranmış,12
AZE,крах,12
AZE,alma şir,12
AZE,qran,12
AZE,indilayt,12
AZE,göyəm,12
AZE,pantine,12
AZE,полотен,12
AZE,ры,12
AZE,редиска,12
AZE,huggies 7,12
AZE,Roshen,12
AZE,птичье,12
AZE,nohu,12
AZE,crys,12
AZE,tərx,12
AZE,xiyae,12
AZE,asah,12
AZE,qaymaq milla,12
AZE,чебу,12
AZE,fir,12
AZE,Azərçay,12
AZE,wood,12
AZE,kent m,12
AZE,наг,12
AZE,vişne,12
AZE,Soğan,12
AZE,презер,12
AZE,cooki,12
AZE,donduru,12
AZE,tobler,12
AZE,raha,12
AZE,köpük,12
AZE,хо,12
AZE,su 1.5,12
AZE,yager,12
AZE,маро,12
AZE,covdar,12
AZE,pope,12
AZE,itburnu,12
AZE,sid,12
AZE,burgu,12
AZE,gazli,12
AZE,Xurma,12
AZE,чай зеленый,12
AZE,sport pecenye,12
AZE,lorea,12
AZE,windton,12
AZE,meysari,12
AZE,suzm,12
AZE,kp,12
AZE,qazo,12
AZE,enerj,12
AZE,mim,12
AZE,badimc,12
AZE,ovsanka,12
AZE,maşın,12
AZE,mantar,12
AZE,çörək zavod,12
AZE,nagget,12
AZE,pamid,12
AZE,isp,12
AZE,сгущенное молоко,12
AZE,mirato,12
AZE,пу,12
AZE,hot doq,12
AZE,çamaşır,12
AZE,tualet kağız,12
AZE,cash,12
AZE,limon fresh,12
AZE,fig,12
AZE,nişa,12
AZE,soy milk,12
AZE,попк,12
AZE,atabey,12
AZE,pendir feta,12
AZE,bala,12
AZE,kaymak,12
AZE,nagge,12
AZE,keto,12
AZE,pau,12
AZE,lays stax,12
AZE,Ritter sport,12
AZE,turk kahvesi,12
AZE,icel,12
AZE,finger,12
AZE,kimçi,12
AZE,buldaq,12
AZE,fabta,12
AZE,hershey,12
AZE,минералка,12
AZE,мистраль,12
AZE,raspberry,12
AZE,badam sü,12
AZE,пес,12
AZE,mixə,12
AZE,imperial,12
AZE,world,12
AZE,kulyok,12
AZE,aquş,12
AZE,kolbada,12
AZE,çötək,12
AZE,piva,12
AZE,Ba,12
AZE,штопор,12
AZE,разр,12
AZE,qua,12
AZE,nas,12
AZE,firinda,12
AZE,Keşniş,12
AZE,fuestea,12
AZE,mozzare,12
AZE,protec,12
AZE,tub,12
AZE,twil,12
AZE,seher yemeyi,12
AZE,мармеладки,12
AZE,qax,12
AZE,antiba,12
AZE,biot,12
AZE,вишневый сок,12
AZE,san seb,12
AZE,tooth brush,12
AZE,мусорн,12
AZE,qlü,12
AZE,sug,12
AZE,şkalat,12
AZE,loreal excellence,12
AZE,smart,12
AZE,xrut,12
AZE,красный лук,12
AZE,Top,12
AZE,biskvit,12
AZE,bombay,12
AZE,kalqot,12
AZE,baz,12
AZE,smoke,12
AZE,qarqidali,12
AZE,tuşonka,12
AZE,3d do,12
AZE,qarğıdalı unu,12
AZE,laktozs,12
AZE,dəsma,12
AZE,dr ko,12
AZE,корм для кошек,12
AZE,hugies,12
AZE,kreke,12
AZE,bags,12
AZE,vermes,12
AZE,xar,12
AZE,kull,12
AZE,sunar,12
AZE,günəbaxan tumu,12
AZE,pem,12
AZE,təmizlik bezi,12
AZE,коые,12
AZE,сврок,12
AZE,Winston boz,12
AZE,крем сыр,12
AZE,крылышки,12
AZE,dı,12
AZE,yaquar,12
AZE,экспо,12
AZE,piz,12
AZE,safeguar,12
AZE,cigaret,12
AZE,tamst,12
AZE,перч,12
AZE,arz,12
AZE,vermişe,12
AZE,feast,12
AZE,diet coke,12
AZE,super kontik,12
AZE,масло олив,12
AZE,kent f,12
AZE,şehr,12
AZE,plu,12
AZE,azer cay,12
AZE,gerkul,12
AZE,ли,12
AZE,remi,12
AZE,qatilasdirilmis sud,12
AZE,Rahat,12
AZE,giləmeyvə,12
AZE,sari ki,12
AZE,дез,12
AZE,frukto,12
AZE,aspero,12
AZE,агуш,12
AZE,ley,12
AZE,kec,12
AZE,Çiko,12
AZE,kuras,12
AZE,хрен,12
AZE,aqus,12
AZE,ağ ş,12
AZE,kajun,12
AZE,3d don,12
AZE,TOP,12
AZE,kony,12
AZE,ven,12
AZE,sarkiz,12
AZE,birdəfə,12
AZE,Alpen,12
AZE,krem santi,12
AZE,без лактозы,12
AZE,bluebe,12
AZE,овс,12
AZE,şafta,12
AZE,курага,12
AZE,кольаса,12
AZE,протеиновый,12
AZE,сырн,12
AZE,terea sil,12
AZE,electrolyte,12
AZE,sarıqız,12
AZE,чоко,12
AZE,qlüt,12
AZE,buly,12
AZE,zibil to,12
AZE,saqız,12
AZE,pif,12
AZE,Zero,12
AZE,qara is,12
AZE,3 d,12
AZE,ivanovk,12
AZE,petito,12
AZE,дезодарант,12
AZE,chicco,12
AZE,epika,12
AZE,çanta,12
AZE,em,12
AZE,pendir saçaq,12
AZE,гедза,12
AZE,yağsız,12
AZE,white vinegar,12
AZE,tualet kagiz,12
AZE,sarı kök,12
AZE,yumşaq,12
AZE,solfet,12
AZE,шампун,12
AZE,Makaron,12
AZE,limom,12
AZE,master,12
AZE,Fu,12
AZE,уксу,12
AZE,kurab,12
AZE,mr beast,12
AZE,banketnaya,12
AZE,french fries,12
AZE,meyveli,12
AZE,bin bags,12
AZE,паста зубная,12
AZE,tre,12
AZE,meh,12
AZE,прокладк,12
AZE,sirab qazs,12
AZE,magnat,12
AZE,keskin,12
AZE,xıya,12
AZE,terea t,12
AZE,yay,12
AZE,su 3,11
AZE,bolt,11
AZE,3 kor,11
AZE,camış,11
AZE,ша,11
AZE,patates,11
AZE,bubchen,11
AZE,twis,11
AZE,slip,11
AZE,çaydan,11
AZE,томатн,11
AZE,безалкогольное пиво,11
AZE,безлакто,11
AZE,su sira,11
AZE,tymbark,11
AZE,чйца,11
AZE,сла,11
AZE,шоколадная,11
AZE,макар,11
AZE,масло сли,11
AZE,sac bo,11
AZE,pirin,11
AZE,noger,11
AZE,раст,11
AZE,мясные чипсы,11
AZE,corak,11
AZE,aktiviya,11
AZE,рас,11
AZE,ватн,11
AZE,yulaf südü,11
AZE,quyruq,11
AZE,terea car,11
AZE,hurma,11
AZE,sarm,11
AZE,трусики,11
AZE,нить,11
AZE,şaf,11
AZE,кап,11
AZE,wint,11
AZE,mayones,11
AZE,qır,11
AZE,ciyələk,11
AZE,mcdonalds,11
AZE,filtre,11
AZE,shwep,11
AZE,diye,11
AZE,zibil torbas,11
AZE,klyok,11
AZE,kriv,11
AZE,cam sil,11
AZE,чокопай,11
AZE,uzu,11
AZE,maqnol,11
AZE,saffron,11
AZE,Al,11
AZE,3D dondurma,11
AZE,hohland,11
AZE,drive,11
AZE,sweet chili,11
AZE,xaça,11
AZE,yapı,11
AZE,русское море,11
AZE,kəllə,11
AZE,parchment,11
AZE,простокваш,11
AZE,baklava,11
AZE,зубочистки,11
AZE,qarı,11
AZE,ss,11
AZE,lumber,11
AZE,der,11
AZE,pingvi,11
AZE,sun pear,11
AZE,баклаж,11
AZE,Ter,11
AZE,halloumi,11
AZE,mama,11
AZE,discreet,11
AZE,teix,11
AZE,coffee joy,11
AZE,M&M's,11
AZE,xlebariki,11
AZE,тортил,11
AZE,neutro,11
AZE,Winston du,11
AZE,yağ zeytun,11
AZE,нож,11
AZE,nongshim,11
AZE,şəra,11
AZE,simetan,11
AZE,leno,11
AZE,süd lak,11
AZE,şalğ,11
AZE,lub,11
AZE,корнишоны,11
AZE,stracc,11
AZE,terea su,11
AZE,raffles,11
AZE,spoonfull,11
AZE,miss,11
AZE,long ch,11
AZE,yaş sa,11
AZE,sprite mo,11
AZE,kisnis,11
AZE,qreçk,11
AZE,walnuts,11
AZE,laba,11
AZE,yashk,11
AZE,gog,11
AZE,vozol,11
AZE,pul bibər,11
AZE,бак,11
AZE,ушн,11
AZE,xstyle,11
AZE,barrister,11
AZE,pendor,11
AZE,qerkul,11
AZE,life,11
AZE,came,11
AZE,skumbria,11
AZE,rengli,11
AZE,онега,11
AZE,salfet sun,11
AZE,əzməsi,11
AZE,Coca-Cola,11
AZE,softner,11
AZE,yumuşal,11
AZE,baf,11
AZE,qapaq,11
AZE,soğan tozu,11
AZE,zef,11
AZE,xrutk,11
AZE,semeçka,11
AZE,ice t,11
AZE,cilit bang,11
AZE,glutens,11
AZE,balan,11
AZE,italyan,11
AZE,увелка,11
AZE,su 5litr,11
AZE,moment,11
AZE,пиво без,11
AZE,нуте,11
AZE,siyəzən,11
AZE,wholemeal,11
AZE,millenium,11
AZE,yymurta,11
AZE,ferro,11
AZE,рулет,11
AZE,güne,11
AZE,Lakto,11
AZE,beloçka,11
AZE,pişiy,11
AZE,доши,11
AZE,pergament,11
AZE,seawill,11
AZE,plit,11
AZE,гель д,11
AZE,буратта,11
AZE,handwash,11
AZE,sinə əti,11
AZE,spe,11
AZE,Tuna,11
AZE,heinek,11
AZE,страча,11
AZE,viva,11
AZE,şirin süd,11
AZE,burcak,11
AZE,milla xama,11
AZE,растиш,11
AZE,falga,11
AZE,pods,11
AZE,böyü,11
AZE,lact,11
AZE,sun cream,11
AZE,кашта,11
AZE,şk,11
AZE,dones,11
AZE,Çör,11
AZE,qiym,11
AZE,бос,11
AZE,çəkili,11
AZE,100,11
AZE,средство для мытья,11
AZE,see,11
AZE,зажигал,11
AZE,funç,11
AZE,dub,11
AZE,kruass,11
AZE,lol,11
AZE,şəkərsix,11
AZE,5litr,11
AZE,zira,11
AZE,mısır unu,11
AZE,cubuk,11
AZE,pino,11
AZE,naqets,11
AZE,toile,11
AZE,мяс,11
AZE,к чаю,11
AZE,qab s,11
AZE,motali,11
AZE,rossm,11
AZE,toyiq,11
AZE,qoro,11
AZE,yukaf,11
AZE,де,11
AZE,şəkər pudr,11
AZE,ватрушка,11
AZE,nutr,11
AZE,yy,11
AZE,cream chee,11
AZE,mayas,11
AZE,средство для мытья посуды,11
AZE,spagh,11
AZE,xiyar tursu,11
AZE,bogaz,11
AZE,sakız,11
AZE,fettuc,11
AZE,fın,11
AZE,dosirak,11
AZE,qana,11
AZE,lam,11
AZE,том ям,11
AZE,bö,11
AZE,юбил,11
AZE,tape,11
AZE,persik,11
AZE,ferri,11
AZE,iceber,11
AZE,mult,11
AZE,Семечки,11
AZE,burger bun,11
AZE,скум,11
AZE,maç,11
AZE,bazarstor,11
AZE,mul,11
AZE,kl,11
AZE,тр,11
AZE,salfet qutu,11
AZE,fettucini,11
AZE,sax,11
AZE,donsurma,11
AZE,meyvi,11
AZE,bitir,11
AZE,quark,11
AZE,укр,11
AZE,dondurulm,11
AZE,тапочки,11
AZE,qatılaşdır,11
AZE,world cup,11
AZE,кондиционер для,11
AZE,nehrə ayranı,11
AZE,baking powder,11
AZE,bear,11
AZE,içkiler,11
AZE,o.b.,11
AZE,yumurtq,11
AZE,çorə,11
AZE,noxut,11
AZE,bit,11
AZE,malb,11
AZE,pellegrino,11
AZE,monarc,11
AZE,şirniyya,11
AZE,san sebastian,11
AZE,i am che,11
AZE,luppo,11
AZE,frutti,11
AZE,box,11
AZE,варень,11
AZE,rot front,11
AZE,владные,11
AZE,мороженно,11
AZE,золотое,11
AZE,pus,11
AZE,wafl,11
AZE,bon a,11
AZE,греческий йог,11
AZE,broth,11
AZE,проклад,11
AZE,sungər,11
AZE,carte d'or,11
AZE,sarı pendir,11
AZE,pendir sa,11
AZE,хрус,11
AZE,dj,11
AZE,cola 2,11
AZE,кат,11
AZE,kı,11
AZE,sarımsaqlı,11
AZE,paradontax,11
AZE,risoni,11
AZE,greek y,11
AZE,essentu,11
AZE,geab,11
AZE,tirami,11
AZE,gur,11
AZE,Elseve,11
AZE,kitchen paper,11
AZE,под,11
AZE,kokte,11
AZE,yağı,11
AZE,ton balı,11
AZE,yuy,11
AZE,breadcrumbs,11
AZE,мол,11
AZE,lotos,11
AZE,савушк,11
AZE,yunan yoqurtu,11
AZE,paste,11
AZE,antipers,11
AZE,din,11
AZE,zolot,11
AZE,toyuq döş,11
AZE,белый шоколад,11
AZE,il,11
AZE,sensody,11
AZE,LD,11
AZE,sıfır,11
AZE,torrent,11
AZE,bicaq,11
AZE,quzu,11
AZE,bora,11
AZE,kel,11
AZE,fersan,11
AZE,feastables,11
AZE,kupie,11
AZE,зернистый творог,11
AZE,gul kelem,11
AZE,минеральная,11
AZE,roltin,11
AZE,rok,11
AZE,capers,11
AZE,list,11
AZE,topping,11
AZE,cit,11
AZE,moci,11
AZE,garg,11
AZE,pomo,11
AZE,noddle,11
AZE,dəniz duzu,11
AZE,лампа,11
AZE,halv,11
AZE,bravi,11
AZE,cotek,11
AZE,pendur,11
AZE,yer fıs,11
AZE,suger,11
AZE,kofte,11
AZE,yerkökü,11
AZE,təndi,11
AZE,ayran nan,11
AZE,parmala,11
AZE,mortadella,11
AZE,sed,11
AZE,browni,11
AZE,gillett,11
AZE,sag,11
AZE,fruk,11
AZE,sandi,11
AZE,пшено,11
AZE,капсул,11
AZE,yess,11
AZE,toot,11
AZE,бум,11
AZE,cənnət,11
AZE,yag duru,11
AZE,яиц,11
AZE,latya,11
AZE,şerab,11
AZE,ekstra,11
AZE,azersü,11
AZE,bör,11
AZE,whipped,11
AZE,овсяная,11
AZE,круасс,11
AZE,loris,11
AZE,тун,11
AZE,tərəvə,11
AZE,kolbass,11
AZE,rest,11
AZE,prya,11
AZE,spritr,11
AZE,qizi,11
AZE,pay,11
AZE,песенье,11
AZE,курицы,11
AZE,çeddar,11
AZE,yumuşa,11
AZE,twili,11
AZE,brest litovsk,11
AZE,piknik,11
AZE,litovsk,11
AZE,ed,11
AZE,marti,11
AZE,kent fe,11
AZE,saç lak,11
AZE,qaymaq iran,11
AZE,qara düyü,11
AZE,hochla,11
AZE,black tea,11
AZE,cheto,11
AZE,russ,11
AZE,face wash,11
AZE,kireç,11
AZE,sobraniy,11
AZE,katı,11
AZE,ostankino,11
AZE,limi,11
AZE,paxl,11
AZE,бурат,11
AZE,презерватив,11
AZE,insect,11
AZE,farel,11
AZE,tereya,11
AZE,inston,11
AZE,herkules,11
AZE,volvic,11
AZE,edv,11
AZE,ciabatta,11
AZE,bişirmə k,11
AZE,hair spray,11
AZE,lah,11
AZE,aqar,11
AZE,kota,11
AZE,prosciutto,11
AZE,stək,11
AZE,burger çörəyi,11
AZE,kindrr,11
AZE,nong,11
AZE,dondirma,11
AZE,risotto,11
AZE,tabas,11
AZE,pop k,11
AZE,su badamli,11
AZE,coolmix,11
AZE,göyert,11
AZE,semolina,11
AZE,pına,11
AZE,dobdurma,11
AZE,maccofe,11
AZE,бальзамический,11
AZE,aza,11
AZE,seba,11
AZE,kruvasan,11
AZE,ciz,11
AZE,ankara makaron,11
AZE,gaym,11
AZE,arab,11
AZE,plitk,11
AZE,balparmak,11
AZE,capris,11
AZE,pine,11
AZE,su 10 l,11
AZE,su qaz,11
AZE,romashka,11
AZE,johnsons,11
AZE,defne,11
AZE,kotlet,11
AZE,feyr,11
AZE,kleenex,11
AZE,kent ment,11
AZE,ağcaqanaf,11
AZE,love,11
AZE,pick,11
AZE,çiya,11
AZE,cigg,11
AZE,san se,11
AZE,filr,11
AZE,сыр фета,11
AZE,glut,11
AZE,круас,11
AZE,kofr,11
AZE,kınder,11
AZE,salafa,11
AZE,finiş,11
AZE,flo,11
AZE,vetç,11
AZE,Crystalex,11
AZE,spong,11
AZE,qoc,11
AZE,fana,11
AZE,ferrero rocher,11
AZE,сухо,11
AZE,sərin,11
AZE,çan,11
AZE,lays pendir,11
AZE,вяленые,11
AZE,cpl,11
AZE,Колбаса,11
AZE,chesse,11
AZE,bonduella,11
AZE,zeferan,11
AZE,buck,11
AZE,doganay,11
AZE,rec,11
AZE,shave,11
AZE,sat,11
AZE,халва,11
AZE,Ice cream,11
AZE,superf,11
AZE,günebaxan,11
AZE,pendir qaymaq,11
AZE,Яшкино,11
AZE,ricot,11
AZE,zə,11
AZE,ketchu,11
AZE,ymurta,11
AZE,Sok,11
AZE,вет,11
AZE,airw,11
AZE,cau,11
AZE,misel,11
AZE,durez,11
AZE,toyuq f,11
AZE,hisə veril,11
AZE,salfetki,11
AZE,chedar,11
AZE,sardin,11
AZE,qaymaq 33%,11
AZE,dark choc,11
AZE,tandir,11
AZE,мил,11
AZE,lon,11
AZE,natax,11
AZE,Tualet,11
AZE,latex,11
AZE,бр,11
AZE,белочка,11
AZE,trufel,11
AZE,Dirol,11
AZE,желебом,11
AZE,sammonta,11
AZE,nohutos,11
AZE,cats,11
AZE,ferrer,11
AZE,mili,11
AZE,Лапша,11
AZE,dishwashing,11
AZE,creme,11
AZE,сыр белый,11
AZE,qızılbalıq,11
AZE,yeni raki,11
AZE,сыр плавленный,11
AZE,palma,11
AZE,volt,11
AZE,kibr,11
AZE,serin,11
AZE,ushast,11
AZE,mg,11
AZE,sport peçenye,11
AZE,перло,11
AZE,фа,11
AZE,савояр,11
AZE,skrab,11
AZE,terea blok,11
AZE,suluguni,11
AZE,wei,11
AZE,wille,11
AZE,grav,11
AZE,meyve şirəsi,11
AZE,tox,11
AZE,meatfood,11
AZE,pişik yeməyi,11
AZE,смесь,11
AZE,agardici,11
AZE,salget,11
AZE,rastiş,11
AZE,Winston dual,11
AZE,yaşı,11
AZE,mount,11
AZE,qıyma,11
AZE,кис,11
AZE,qal,11
AZE,лим,11
AZE,tax,11
AZE,колбаски,11
AZE,unagi,11
AZE,lux,10
AZE,lasa,10
AZE,rolrol,10
AZE,rozma,10
AZE,bagu,10
AZE,demir,10
AZE,bidon,10
AZE,yumurra,10
AZE,libress,10
AZE,əl kremi,10
AZE,shokol,10
AZE,yandır,10
AZE,оли,10
AZE,Barni,10
AZE,kids,10
AZE,tuv,10
AZE,bisma,10
AZE,qurut,10
AZE,protein süd,10
AZE,brauni,10
AZE,badam sud,10
AZE,globus,10
AZE,sumaq,10
AZE,греческий йогур,10
AZE,volcan,10
AZE,acı bi,10
AZE,zolo,10
AZE,baileys,10
AZE,karandaş,10
AZE,katıq,10
AZE,даниссимо,10
AZE,bişirmə kağ,10
AZE,sud 200,10
AZE,wet tissue,10
AZE,coca-,10
AZE,острый,10
AZE,noc,10
AZE,ginger ale,10
AZE,frukt,10
AZE,для туалета,10
AZE,fruc,10
AZE,toyi,10
AZE,смит,10
AZE,rastishka,10
AZE,neon,10
AZE,icec,10
AZE,финик,10
AZE,çiye,10
AZE,gusar,10
AZE,mavigi,10
AZE,dondue,10
AZE,Alma,10
AZE,qulağ,10
AZE,за,10
AZE,gül kələm,10
AZE,tobasco,10
AZE,рикота,10
AZE,paras,10
AZE,раз,10
AZE,blanca,10
AZE,cokokrem,10
AZE,mətbəx dəsmalı,10
AZE,siqarillo,10
AZE,fina,10
AZE,nogg,10
AZE,günəbaxan yağ,10
AZE,молоко безл,10
AZE,royal canin,10
AZE,meyvə şirə,10
AZE,yapışqan,10
AZE,milla pen,10
AZE,hovuz,10
AZE,burc,10
AZE,колп,10
AZE,superfr,10
AZE,sardina,10
AZE,kırla,10
AZE,bred,10
AZE,sab kolbasa,10
AZE,babayevski,10
AZE,диет,10
AZE,пельме,10
AZE,xaş,10
AZE,badamlo,10
AZE,vicer,10
AZE,aly,10
AZE,50,10
AZE,sobranie nazik,10
AZE,quru nane,10
AZE,can pa,10
AZE,leo,10
AZE,boomb,10
AZE,tamas,10
AZE,razyana,10
AZE,yandira,10
AZE,doğanay,10
AZE,масло слив,10
AZE,kabartma tozu,10
AZE,brokko,10
AZE,nina,10
AZE,babayev,10
AZE,сиетана,10
AZE,доме,10
AZE,iceb,10
AZE,Milk,10
AZE,мускатный орех,10
AZE,kos,10
AZE,winston xstyle dual,10
AZE,mirat,10
AZE,gaymaq,10
AZE,crem,10
AZE,zeytun bağ,10
AZE,mare,10
AZE,fitness shock,10
AZE,yop,10
AZE,dır,10
AZE,ton bali,10
AZE,liste,10
AZE,чай черный,10
AZE,alma sok,10
AZE,crea,10
AZE,Şəkər,10
AZE,мацарелла,10
AZE,perc,10
AZE,tissu,10
AZE,кокосовое молоко,10
AZE,фильтр,10
AZE,gogal,10
AZE,Su 5,10
AZE,сливочн,10
AZE,sarı bez,10
AZE,condoms,10
AZE,kaday,10
AZE,alma ş,10
AZE,shoko,10
AZE,pli,10
AZE,для труб,10
AZE,pallmall,10
AZE,ər,10
AZE,sausages,10
AZE,pump,10
AZE,green beans,10
AZE,qadın bezi,10
AZE,подс,10
AZE,pumpkin,10
AZE,milçək,10
AZE,7d,10
AZE,Redbul,10
AZE,saç b,10
AZE,fruct,10
AZE,креветк,10
AZE,tiktak,10
AZE,bebetto,10
AZE,паниров,10
AZE,Corek,10
AZE,оук,10
AZE,lady fin,10
AZE,пел,10
AZE,куз,10
AZE,Yağ,10
AZE,mantinga,10
AZE,super kley,10
AZE,скоч,10
AZE,muss,10
AZE,ре,10
AZE,ки,10
AZE,дубай,10
AZE,food,10
AZE,kau,10
AZE,boo,10
AZE,yandir,10
AZE,poroshok,10
AZE,çpr,10
AZE,brusc,10
AZE,yummi,10
AZE,точилка,10
AZE,мине,10
AZE,krem şan,10
AZE,a class,10
AZE,milli ət,10
AZE,алкоголь,10
AZE,kadayif,10
AZE,tubor,10
AZE,qab sampunu,10
AZE,fam,10
AZE,Dondu,10
AZE,лечо,10
AZE,danissim,10
AZE,absolute,10
AZE,kall,10
AZE,prax,10
AZE,персоль,10
AZE,uşaq şampunu,10
AZE,dus jeli,10
AZE,moh,10
AZE,ваниш,10
AZE,capi,10
AZE,10l,10
AZE,plug,10
AZE,turb,10
AZE,джи,10
AZE,Сырок,10
AZE,doritoa,10
AZE,şiriniyyat,10
AZE,müsli,10
AZE,salare,10
AZE,yerf,10
AZE,alkoqo,10
AZE,гречневая,10
AZE,засор,10
AZE,mavig,10
AZE,iş,10
AZE,qir,10
AZE,m and m,10
AZE,laz,10
AZE,рубле,10
AZE,hochl,10
AZE,mach,10
AZE,yumirta,10
AZE,winston cas,10
AZE,asparagus,10
AZE,lartof,10
AZE,Coffee,10
AZE,19l,10
AZE,Black,10
AZE,от,10
AZE,energ,10
AZE,abur cubur,10
AZE,nekt,10
AZE,lindor,10
AZE,garb,10
AZE,парме,10
AZE,rafaell,10
AZE,hisə verilmiş toyuq,10
AZE,Şokolad,10
AZE,Qa,10
AZE,duzlu xiya,10
AZE,qatix,10
AZE,мин,10
AZE,sour candy,10
AZE,pisi,10
AZE,konserve,10
AZE,qutu sal,10
AZE,qablar,10
AZE,balsami,10
AZE,şampan,10
AZE,hazır yeməklər,10
AZE,yuma,10
AZE,boş,10
AZE,winstom,10
AZE,fısdıq,10
AZE,yaş salfetka,10
AZE,iam cheese,10
AZE,gong,10
AZE,whisky,10
AZE,bs,10
AZE,dağ,10
AZE,tvaro,10
AZE,qaymaq qatiq,10
AZE,penfir,10
AZE,bism,10
AZE,пергаме,10
AZE,pov,10
AZE,summ,10
AZE,fairu,10
AZE,Siqa,10
AZE,диск,10
AZE,port bazar,10
AZE,шоколадка,10
AZE,qoru,10
AZE,zernis,10
AZE,greens,10
AZE,yeni,10
AZE,sprt,10
AZE,sobrane,10
AZE,kokos südü,10
AZE,coffee beans,10
AZE,10 l,10
AZE,troll,10
AZE,visqi,10
AZE,məcun,10
AZE,qarğıdalı y,10
AZE,ched,10
AZE,func,10
AZE,пре,10
AZE,коп,10
AZE,aqua panna,10
AZE,zenc,10
AZE,sip,10
AZE,marko,10
AZE,маасдам,10
AZE,ate,10
AZE,frosc,10
AZE,korex,10
AZE,soya so,10
AZE,ан,10
AZE,bişmiş,10
AZE,сдивки,10
AZE,rukkol,10
AZE,вода детская,10
AZE,kuli,10
AZE,sponful,10
AZE,sezar s,10
AZE,gliss kur,10
AZE,domestoa,10
AZE,pompa,10
AZE,nanəli,10
AZE,linder,10
AZE,замороженные,10
AZE,noxuf,10
AZE,shi,10
AZE,kirec,10
AZE,qarış,10
AZE,sasu,10
AZE,stix,10
AZE,marshme,10
AZE,moçi,10
AZE,ayran atena,10
AZE,coxa,10
AZE,qirmizi sogan,10
AZE,бородин,10
AZE,kapital,10
AZE,spiçka,10
AZE,kabr,10
AZE,pambiq disk,10
AZE,thyme,10
AZE,panpers,10
AZE,capry,10
AZE,криветки,10
AZE,nesquic,10
AZE,riz,10
AZE,kale,10
AZE,göz,10
AZE,sieab,10
AZE,палоч,10
AZE,dish wash,10
AZE,canag,10
AZE,fistig,10
AZE,смородина,10
AZE,monste,10
AZE,sarmisaq,10
AZE,котлет,10
AZE,fly,10
AZE,diffu,10
AZE,sirab qazsız,10
AZE,perqa,10
AZE,milla k,10
AZE,araz m,10
AZE,lot,10
AZE,magnoliya,10
AZE,брын,10
AZE,morfo,10
AZE,арахи,10
AZE,cöre,10
AZE,chocolate chip,10
AZE,cuppy,10
AZE,ks,10
AZE,saft,10
AZE,картофе,10
AZE,закуска,10
AZE,milla do,10
AZE,kif,10
AZE,коктейль,10
AZE,pampers pants,10
AZE,uşastıy,10
AZE,wis,10
AZE,jalapen,10
AZE,colgat,10
AZE,fusete,10
AZE,kondi,10
AZE,usag,10
AZE,burçak,10
AZE,dr.mil,10
AZE,pendir s,10
AZE,dəf,10
AZE,sobrai,10
AZE,uvelka,10
AZE,markof,10
AZE,volkano,10
AZE,roshen lovita,10
AZE,benim,10
AZE,chabi,10
AZE,böre,10
AZE,megastore,10
AZE,ləzzə,10
AZE,pretzels,10
AZE,cappt,10
AZE,qazi,10
AZE,winston du,10
AZE,mascarpo,10
AZE,dixlofos,10
AZE,бульба,10
AZE,пятно,10
AZE,kağız dəsmal,10
AZE,Do,10
AZE,tek,10
AZE,salfrt,10
AZE,So,10
AZE,яицо,10
AZE,kulek,10
AZE,qara şokolad,10
AZE,zence,10
AZE,len,10
AZE,dondura,10
AZE,şirniyyatlar,10
AZE,туалетная бу,10
AZE,oxy,10
AZE,bic,10
AZE,twilight pearl,10
AZE,konfer,10
AZE,pob,10
AZE,bid,10
AZE,beloc,10
AZE,açıcı,10
AZE,чес,10
AZE,edviy,10
AZE,крас,10
AZE,qazlı s,10
AZE,укро,10
AZE,tadı,10
AZE,тмин,10
AZE,sab kol,10
AZE,şan,10
AZE,гель для ду,10
AZE,syrop,10
AZE,hillsi,10
AZE,tarhun,10
AZE,вареники,10
AZE,fairy platinum,10
AZE,glass cleaner,10
AZE,unitaz,10
AZE,moyane,10
AZE,chery,10
AZE,sarı kı,10
AZE,chud,10
AZE,bast,10
AZE,bird,10
AZE,biob,10
AZE,sardelk,10
AZE,влажны,10
AZE,spin,10
AZE,yaglar,10
AZE,утка,10
AZE,dondurulmu,10
AZE,дрожж,10
AZE,colA,10
AZE,protein chips,10
AZE,jasmine,10
AZE,Hell,10
AZE,молокл,10
AZE,trub,10
AZE,cox,10
AZE,dana əti,10
AZE,dumpling,10
AZE,doshi,10
AZE,buta,10
AZE,мангал,10
AZE,keşyu,10
AZE,mochik,10
AZE,bog,10
AZE,alkoqolsuz pivə,10
AZE,aero,10
AZE,Pi,10
AZE,фе,10
AZE,салфетки влаж,10
AZE,toyuk,10
AZE,karabiber,10
AZE,bananlı,10
AZE,moynez,10
AZE,beerm,10
AZE,savuşk,10
AZE,kolpasa,10
AZE,jumex,10
AZE,kashar,10
AZE,face mask,10
AZE,7da,10
AZE,yarmarka,10
AZE,губка для,10
AZE,pul bib,10
AZE,ри,10
AZE,yesse,10
AZE,сгущёнка,10
AZE,stik,10
AZE,doktors,10
AZE,sufle,10
AZE,kepekli,10
AZE,saç maskası,10
AZE,dal,10
AZE,капсулы для стирки,10
AZE,fruit juice,10
AZE,duwes,10
AZE,бальзами,10
AZE,minced beef,10
AZE,propla,10
AZE,orep,10
AZE,galin,10
AZE,zü,10
AZE,ве,10
AZE,cemi,10
AZE,tənd,10
AZE,fust,10
AZE,asılqan,10
AZE,dip,10
AZE,go on protein,10
AZE,cheri,10
AZE,Qarğıdalı,10
AZE,tunec,10
AZE,fuze tea,10
AZE,plam,10
AZE,tobacco,10
AZE,qaymaq kesmik,10
AZE,quru süd,10
AZE,сп,10
AZE,dr. milk,10
AZE,tend,10
AZE,gül kələmi,10
AZE,camem,10
AZE,su 19l,10
AZE,vinsto,10
AZE,мини,10
AZE,elite soft,10
AZE,eti tutku,10
AZE,mediterranean,10
AZE,komet,10
AZE,hava t,10
AZE,фиста,10
AZE,coal,10
AZE,early,10
AZE,hitc,10
AZE,copen,10
AZE,дезод,10
AZE,kazb,10
AZE,labbe,10
AZE,dark cho,10
AZE,kalle,10
AZE,sari guc,10
AZE,siya,10
AZE,loli,10
AZE,diet store,10
AZE,hise verilmis,10
AZE,зубные,10
AZE,expanenta,10
AZE,посу,10
AZE,при,10
AZE,чупа чупс,10
AZE,jage,10
AZE,alsad,10
AZE,kiner,10
AZE,eriste,10
AZE,aroma,10
AZE,lays f,10
AZE,smokin,10
AZE,mr mu,10
AZE,tuç,10
AZE,su qazsız,10
AZE,sweps,10
AZE,rol rol,10
AZE,çit,10
AZE,winston balli,10
AZE,protein pudding,10
AZE,kere yağı,10
AZE,jeleb,10
AZE,броколи,10
AZE,balz,10
AZE,вер,10
AZE,şokalad yağı,10
AZE,hitschies,10
AZE,ədviy,10
AZE,трубочка,10
AZE,bir iki,10
AZE,şarap,10
AZE,orga,10
AZE,kəpə,10
AZE,манн,10
AZE,gila,10
AZE,gou,10
AZE,сгущенк,10
AZE,hima,10
AZE,salfet qu,10
AZE,onio,10
AZE,укс,10
AZE,соле,10
AZE,terea zing,10
AZE,günlük,10
AZE,camambert,10
AZE,dolce,10
AZE,piko,10
AZE,Dubai,10
AZE,pita,10
AZE,Kent 8,10
AZE,bottle,10
AZE,maasdam,10
AZE,basmat,10
AZE,sant,10
AZE,ломтик,10
AZE,qazlı içki,10
AZE,корм для собак,10
AZE,düşbere,10
AZE,gəncə,10
AZE,плом,10
AZE,tünd şoko,10
AZE,toff,10
AZE,sirab 10l,10
AZE,riko,9
AZE,icete,9
AZE,ec,9
AZE,loacker,9
AZE,удлинитель,9
AZE,jelat,9
AZE,пломб,9
AZE,xaoma,9
AZE,blo,9
AZE,reksona,9
AZE,чай пакет,9
AZE,qatiw,9
AZE,qara gavalı,9
AZE,Nestle,9
AZE,soa,9
AZE,kotez,9
AZE,milfö,9
AZE,papatya,9
AZE,tis,9
AZE,qara paltar,9
AZE,презе,9
AZE,sıvı sabun,9
AZE,yogurt milla,9
AZE,таблетки для,9
AZE,dımov,9
AZE,галина,9
AZE,kinder delice,9
AZE,holand,9
AZE,domat,9
AZE,bronz,9
AZE,tiyuq,9
AZE,actime,9
AZE,indi light,9
AZE,жва,9
AZE,protein puding,9
AZE,dix,9
AZE,almonds,9
AZE,jui,9
AZE,göy so,9
AZE,garbage bag,9
AZE,Patron,9
AZE,пар,9
AZE,daily,9
AZE,супер клей,9
AZE,condi,9
AZE,для мусора,9
AZE,erişte,9
AZE,termos,9
AZE,капус,9
AZE,miner,9
AZE,ale,9
AZE,bailey,9
AZE,danissi,9
AZE,mascotte,9
AZE,Wi,9
AZE,sobranie aroma,9
AZE,зубочи,9
AZE,kişn,9
AZE,azerseker,9
AZE,macarella,9
AZE,halal nemet,9
AZE,фас,9
AZE,koska,9
AZE,i am c,9
AZE,слобо,9
AZE,breas,9
AZE,микрофибра,9
AZE,aguşa,9
AZE,qlu,9
AZE,petibör,9
AZE,şirin kartof,9
AZE,mav,9
AZE,uzun d,9
AZE,варе,9
AZE,toffee,9
AZE,пряники,9
AZE,apr,9
AZE,heink,9
AZE,pinot,9
AZE,kent me,9
AZE,süt burger,9
AZE,lays dal,9
AZE,findi,9
AZE,kubar,9
AZE,лу,9
AZE,зернис,9
AZE,icecrea,9
AZE,kiev,9
AZE,19 l,9
AZE,birkart,9
AZE,xə,9
AZE,пельм,9
AZE,xlebç,9
AZE,qaymaqlı,9
AZE,приправыч,9
AZE,davidof,9
AZE,vit,9
AZE,krem p,9
AZE,ağ lobya,9
AZE,protein sud,9
AZE,Xama,9
AZE,десерт,9
AZE,pisik yemi,9
AZE,газированная вода,9
AZE,icecr,9
AZE,şokoladlı,9
AZE,beli,9
AZE,tobleron,9
AZE,america,9
AZE,kepek,9
AZE,hocland,9
AZE,stock,9
AZE,semiçqa,9
AZE,almon,9
AZE,kapers,9
AZE,beef jerky,9
AZE,sgu,9
AZE,сулу,9
AZE,semechka,9
AZE,votka,9
AZE,Bar,9
AZE,qazos,9
AZE,ağard,9
AZE,dol,9
AZE,одноразовая посуда,9
AZE,smicka,9
AZE,kabaçki,9
AZE,fistiq ezmesi,9
AZE,doğ,9
AZE,морс,9
AZE,kökə,9
AZE,yumy,9
AZE,coffee can,9
AZE,aktiva,9
AZE,Şampun,9
AZE,üç in,9
AZE,preda,9
AZE,белоу,9
AZE,persil ağ,9
AZE,makaton,9
AZE,Richmond,9
AZE,чипсв,9
AZE,bloo,9
AZE,нагетс,9
AZE,коко,9
AZE,erp,9
AZE,quru meyv,9
AZE,пап,9
AZE,ванильный сахар,9
AZE,tips,9
AZE,Eti,9
AZE,en,9
AZE,tsar,9
AZE,Kola,9
AZE,mavi guc,9
AZE,dra,9
AZE,kazbeg,9
AZE,freke,9
AZE,düşbə,9
AZE,best cow,9
AZE,yaşki,9
AZE,barra,9
AZE,Сыр косичка,9
AZE,azer sud,9
AZE,Сигареты,9
AZE,container,9
AZE,vermeş,9
AZE,простак,9
AZE,asian,9
AZE,zoğa,9
AZE,depi,9
AZE,груш,9
AZE,ос,9
AZE,yagl,9
AZE,days,9
AZE,tekil,9
AZE,grapefruit,9
AZE,rosma,9
AZE,liquid,9
AZE,canned,9
AZE,sosu,9
AZE,ярмарка,9
AZE,galeta,9
AZE,maccoffe,9
AZE,скраб,9
AZE,консер,9
AZE,carmen wave,9
AZE,terya,9
AZE,papa mo,9
AZE,prop,9
AZE,yuf,9
AZE,tost çörəyi,9
AZE,дж,9
AZE,jagu,9
AZE,tem,9
AZE,selena,9
AZE,35,9
AZE,kent mento,9
AZE,tumu,9
AZE,чипсы нори,9
AZE,via,9
AZE,5 L,9
AZE,litter,9
AZE,kozleme,9
AZE,qad,9
AZE,лак для,9
AZE,snager,9
AZE,pepsi man,9
AZE,skumb,9
AZE,жела,9
AZE,porcoz,9
AZE,зубочистка,9
AZE,korn,9
AZE,Duz,9
AZE,sulfatsiz,9
AZE,doy,9
AZE,ванили,9
AZE,Water,9
AZE,sirn,9
AZE,funço,9
AZE,üzüm sir,9
AZE,prezi,9
AZE,marse,9
AZE,cerri,9
AZE,масло подсол,9
AZE,фрутоняня,9
AZE,жева,9
AZE,colo,9
AZE,чесн,9
AZE,sobranie white,9
AZE,feliz,9
AZE,pət,9
AZE,arağ,9
AZE,kamaar,9
AZE,детский шампунь,9
AZE,панировка,9
AZE,azprotein,9
AZE,qatıw,9
AZE,kerli,9
AZE,азер,9
AZE,перец черный,9
AZE,File,9
AZE,mətbəx salfet,9
AZE,марм,9
AZE,мыло детское,9
AZE,freeze dried,9
AZE,dənli,9
AZE,birb,9
AZE,ballan,9
AZE,для полов,9
AZE,lays xama,9
AZE,ərişt,9
AZE,biscolota,9
AZE,огурцы соленые,9
AZE,flowers,9
AZE,hisə v,9
AZE,slime,9
AZE,volk,9
AZE,pendir mo,9
AZE,минер,9
AZE,nemirov,9
AZE,буль,9
AZE,manka,9
AZE,gazo,9
AZE,duzlu xi,9
AZE,spaq,9
AZE,let,9
AZE,hitschler,9
AZE,зажиг,9
AZE,drmilk,9
AZE,samon,9
AZE,актимель,9
AZE,xola,9
AZE,comfort,9
AZE,remia,9
AZE,badagoni,9
AZE,qusar nat,9
AZE,парашок,9
AZE,light pendir,9
AZE,жидкость,9
AZE,rukko,9
AZE,лист,9
AZE,dod,9
AZE,sobranis,9
AZE,фрукт,9
AZE,chit,9
AZE,qq,9
AZE,ziyar,9
AZE,tualet sal,9
AZE,cleaning,9
AZE,жи,9
AZE,moo,9
AZE,soya s,9
AZE,шампиньон,9
AZE,Soda,9
AZE,cafe mimi,9
AZE,sondurma,9
AZE,fisdiq,9
AZE,avico,9
AZE,chab,9
AZE,by,9
AZE,mala,9
AZE,glutensiz un,9
AZE,юбилей,9
AZE,üzqırxan,9
AZE,kefit,9
AZE,хдеб,9
AZE,marshm,9
AZE,грецк,9
AZE,barilla pesto,9
AZE,Çö,9
AZE,печенье спорт,9
AZE,сыр нарезка,9
AZE,kinder s,9
AZE,savill,9
AZE,бедра,9
AZE,laca,9
AZE,molfix 6,9
AZE,dr mil,9
AZE,fairy pla,9
AZE,dok,9
AZE,qalin,9
AZE,qays,9
AZE,крем для,9
AZE,для стекол,9
AZE,mayane,9
AZE,шампин,9
AZE,ləbuləb,9
AZE,winis,9
AZE,мешок для мусора,9
AZE,irn,9
AZE,масло кукурузное,9
AZE,48,9
AZE,хырдалан,9
AZE,cola cola,9
AZE,bite,9
AZE,summer wave,9
AZE,kai,9
AZE,vee,9
AZE,terev,9
AZE,cinn,9
AZE,drain,9
AZE,saç lakı,9
AZE,kabri,9
AZE,frenc,9
AZE,игрушки,9
AZE,böy,9
AZE,çiyələkli,9
AZE,мацаре,9
AZE,xlo,9
AZE,крупа,9
AZE,Dori,9
AZE,mamasita,9
AZE,mərcimək,9
AZE,nicea,9
AZE,масло сливо,9
AZE,stə,9
AZE,mahmud,9
AZE,winston compact,9
AZE,uşağ,9
AZE,пив,9
AZE,damino,9
AZE,wiski,9
AZE,morf,9
AZE,soya sosu,9
AZE,diş sap,9
AZE,confec,9
AZE,Mc,9
AZE,krem pe,9
AZE,pop ke,9
AZE,maa,9
AZE,brocolli,9
AZE,3d d,9
AZE,libre,9
AZE,goo,9
AZE,yaşıl ça,9
AZE,savoya,9
AZE,tebii,9
AZE,cappucino,9
AZE,кукурузн,9
AZE,спартак,9
AZE,bild,9
AZE,сосики,9
AZE,tot,9
AZE,spic,9
AZE,soğam,9
AZE,miad,9
AZE,qab süngər,9
AZE,seven up,9
AZE,Ploom,9
AZE,gerd,9
AZE,caste,9
AZE,bush,9
AZE,breadcrumb,9
AZE,cin tum,9
AZE,energy drink,9
AZE,amare,9
AZE,bakal,9
AZE,boranı,9
AZE,Пиво,9
AZE,maffin,9
AZE,xirdalam,9
AZE,leb,9
AZE,ме,9
AZE,gerkule,9
AZE,sirab 19l,9
AZE,qaragi,9
AZE,choco pi,9
AZE,kent1,9
AZE,броко,9
AZE,nic,9
AZE,эк,9
AZE,corneto,9
AZE,Fa,9
AZE,sport pec,9
AZE,halal nem,9
AZE,kesni,9
AZE,черн,9
AZE,како,9
AZE,сухой чеснок,9
AZE,bronze,9
AZE,домик в,9
AZE,baunt,9
AZE,спагет,9
AZE,kitab,9
AZE,avi,9
AZE,lezita,9
AZE,sirqb,9
AZE,фасо,9
AZE,milç,9
AZE,сардины,9
AZE,maskarpone,9
AZE,minec,9
AZE,ballen,9
AZE,süfrə,9
AZE,M&,9
AZE,влажные салфе,9
AZE,jameso,9
AZE,qəhvəyi şəkər,9
AZE,Neptun,9
AZE,dondurma mill,9
AZE,düye,9
AZE,comp,9
AZE,яйцп,9
AZE,katık,9
AZE,жвач,9
AZE,faity,9
AZE,soso,9
AZE,keci,9
AZE,рисовый уксус,9
AZE,cheese sauce,9
AZE,gula,9
AZE,ef,9
AZE,апельсиновый,9
AZE,кака,9
AZE,addicto,9
AZE,Tort,9
AZE,apels,9
AZE,yessen,9
AZE,гранат,9
AZE,lavad,9
AZE,water sirab,9
AZE,casademont,9
AZE,kərəv,9
AZE,pryan,9
AZE,wheat,9
AZE,дих,9
AZE,пищева,9
AZE,batteries,9
AZE,ак,9
AZE,huggies ultra comfort,9
AZE,zencef,9
AZE,qizil quyu,9
AZE,bonp,9
AZE,сухарик,9
AZE,vulkan,9
AZE,каймак,9
AZE,duş jeli,9
AZE,pampers 2,9
AZE,milkshake,9
AZE,порош,9
AZE,şokoladlı süd,9
AZE,darc,9
AZE,snu,9
AZE,зле,9
AZE,ligh,9
AZE,aset,9
AZE,yopokki,9
AZE,kasha,9
AZE,dona,9
AZE,bella dondurma,9
AZE,şamlar,9
AZE,adikto,9
AZE,san seba,9
AZE,тандыр,9
AZE,bakılı q,9
AZE,pepsi twist,9
AZE,qrabstar,9
AZE,моющее средство,9
AZE,ece,9
AZE,Bizim,9
AZE,famta,9
AZE,düyü kağızı,9
AZE,tarakan,9
AZE,qoyun,9
AZE,qan,9
AZE,kabartm,9
AZE,rosen,9
AZE,flint,9
AZE,weis,9
AZE,keny,9
AZE,obe,9
AZE,губки для посуды,9
AZE,Parmesan,9
AZE,pepsi m,9
AZE,sparja,9
AZE,loto,9
AZE,deepfresh,9
AZE,diş m,9
AZE,sandorra,9
AZE,absol,9
AZE,moji,9
AZE,kvad,9
AZE,шрирача,9
AZE,dardanel ton,9
AZE,yumuru,9
AZE,вода газированная,9
AZE,kond,9
AZE,dim,9
AZE,acik,9
AZE,şəkər pud,9
AZE,cats white,9
AZE,pereol,9
AZE,mazarel,9
AZE,cori,9
AZE,морепродукты,9
AZE,balm,9
AZE,dr. pepper,9
AZE,spaqetti,9
AZE,Печенье,9
AZE,glütensiz,9
AZE,bottega,9
AZE,şot,9
AZE,nesk,9
AZE,disposable,9
AZE,mozo,9
AZE,царицыно,9
AZE,сосиска,9
AZE,sprote,9
AZE,alumin,9
AZE,puri,9
AZE,батарея,9
AZE,Sirab 5,9
AZE,biskol,9
AZE,sula,9
AZE,минера,9
AZE,dixlo,9
AZE,tan,9
AZE,qaymaa,9
AZE,чистин,9
AZE,бело,9
AZE,yoqurr,9
AZE,atena ayran,9
AZE,us,9
AZE,multifruit,9
AZE,Zeytun,9
AZE,qatılaşdırı,9
AZE,yonca,9
AZE,sacaqlı,9
AZE,oyunca,9
AZE,антижир,9
AZE,борщ,9
AZE,mətbəx sal,9
AZE,kedidili,9
AZE,барбарис,9
AZE,shokki,9
AZE,toblero,9
AZE,qutu sa,9
AZE,bob,9
AZE,посидоры,9
AZE,cris,9
AZE,chicken nuggets,9
AZE,alweys,9
AZE,azerca,9
AZE,gargi,9
AZE,салфетки вла,9
AZE,su qazsiz,9
AZE,poo,9
AZE,sri,9
AZE,spor,9
AZE,svit,9
AZE,domik v,9
AZE,peyn,9
AZE,araz mark,9
AZE,günəbax,9
AZE,kaj,9
AZE,düyü un,9
AZE,bound,9
AZE,hazır yemək,9
AZE,sirnik,9
AZE,dough,9
AZE,bant,9
AZE,payta,9
AZE,порошо,9
AZE,ovsan,9
AZE,mətbəx dəs,9
AZE,sensodyn,9
AZE,Raid,9
AZE,Heinz,9
AZE,milkies,9
AZE,beyaz peynir,9
AZE,duZ,9
AZE,xırdalam,9
AZE,wolt market nasimi,9
AZE,turqu,9
AZE,tagli,9
AZE,Салфетки,9
AZE,qayiq,9
AZE,qara cay,9
AZE,fabric,9
AZE,prong,9
AZE,mozzar,9
AZE,Ессентуки,9
AZE,enoki,9
AZE,sirniyy,9
AZE,пл,9
AZE,sasika,9
AZE,westg,9
AZE,рубл,9
AZE,banaqua,9
AZE,нутел,9
AZE,kele,9
AZE,kolonya,9
AZE,təmizl,9
AZE,liver,9
AZE,rəngli bibər,9
AZE,qaya,9
AZE,dondurmA,9
AZE,life color,9
AZE,detox,9
AZE,esk,9
AZE,перг,9
AZE,Old,9
AZE,sorb,9
AZE,balqabag,9
AZE,doym,9
AZE,Sabun,9
AZE,kaşar pendir,9
AZE,xortica,9
AZE,рисова,9
AZE,rez,9
AZE,syner,9
AZE,rexs,9
AZE,свечка,9
AZE,dəmir,9
AZE,indian,9
AZE,ele,9
AZE,toilet pap,9
AZE,qarğıdalı yağı 5 l,9
AZE,зира,9
AZE,instant,9
AZE,Papia,9
AZE,slim,9
AZE,ghee,9
AZE,süz,9
AZE,мук,9
AZE,дов,9
AZE,масл,9
AZE,cerry,9
AZE,el kremi,9
AZE,kil,9
AZE,roltom,9
AZE,соивки,9
AZE,tantuni,9
AZE,лук зеленый,9
AZE,astori,9
AZE,лат,9
AZE,gunes,9
AZE,san sebas,9
AZE,dondurma tort,9
AZE,Wolt,9
AZE,те,9
AZE,neskafe,9
AZE,alkol,9
AZE,feel,9
AZE,fuse tra,9
AZE,garbage bags,9
AZE,sarkız,9
AZE,şek,9
AZE,nid istiot,9
AZE,mersi,9
AZE,holland pend,9
AZE,ovç,9
AZE,qsymaq,9
AZE,raffa,9
AZE,tumsuz,9
AZE,rəndə,9
AZE,blueberr,9
AZE,салфетки для уборки,9
AZE,selo,9
AZE,pars,9
AZE,птич,9
AZE,korniş,9
AZE,сво,9
AZE,ante,9
AZE,vizit,9
AZE,popsicle,9
AZE,raffaello,9
AZE,qaya duzu,9
AZE,savushk,9
AZE,a klass,9
AZE,mascarpon,9
AZE,milkway,9
AZE,doseme,9
AZE,заморо,9
AZE,sobranie sticks,9
AZE,xınalıq,9
AZE,şüşə sil,9
AZE,donurma,9
AZE,york,9
AZE,масло сливоч,9
AZE,aw,9
AZE,hatay,9
AZE,sun sa,9
AZE,бы,9
AZE,esmer,9
AZE,bildircin,9
AZE,şakalad,9
AZE,kunc,9
AZE,kendamil,9
AZE,carefr,9
AZE,henne,9
AZE,quru nan,9
AZE,марш,9
AZE,ok,9
AZE,xal,9
AZE,mouth,9
AZE,как,9
AZE,бан,9
AZE,oreqano,9
AZE,spla,9
AZE,incir,9
AZE,çıtır,9
AZE,Siq,9
AZE,60,9
AZE,Dr.,9
AZE,dr.korner,9
AZE,соленый,9
AZE,рейхан,9
AZE,aj,9
AZE,roch,9
AZE,dadlı,9
AZE,abra,9
AZE,kss,9
AZE,monster ultra,9
AZE,освеж,9
AZE,krakov,9
AZE,likon,9
AZE,guinness,9
AZE,pomudor,9
AZE,bin bag,9
AZE,fitstart,9
AZE,nem salfe,9
AZE,Latiao,9
AZE,paraşo,9
AZE,bukme,9
AZE,Кола,9
AZE,papi soft,9
AZE,wolt market landmark,9
AZE,slivk,9
AZE,saldet,9
AZE,təndir çörəyi,9
AZE,кул,9
AZE,abad yumurta,9
AZE,vicenz,8
AZE,yubileynoe,8
AZE,apt,8
AZE,yaprak,8
AZE,adi su,8
AZE,ac bi,8
AZE,pişma,8
AZE,şəkır,8
AZE,каты,8
AZE,garniet,8
AZE,twic,8
AZE,sarmi,8
AZE,kismi,8
AZE,südl,8
AZE,top power,8
AZE,pepsi ma,8
AZE,tuma,8
AZE,пиво безалкогольное,8
AZE,acr,8
AZE,mah,8
AZE,Chicken,8
AZE,bir kart,8
AZE,philadel,8
AZE,canbebe,8
AZE,алыча,8
AZE,water melon,8
AZE,mocarella,8
AZE,tea bags,8
AZE,şokolad tünd,8
AZE,poset,8
AZE,qaymsq,8
AZE,сплфетки,8
AZE,хлеб черный,8
AZE,майнез,8
AZE,plastilin,8
AZE,sobeanie,8
AZE,ağ pal,8
AZE,ad günü,8
AZE,заж,8
AZE,china,8
AZE,lactos,8
AZE,resb,8
AZE,jiguli,8
AZE,yaski,8
AZE,smarties,8
AZE,stara,8
AZE,kop,8
AZE,sinus,8
AZE,baş,8
AZE,chups,8
AZE,qabyuma,8
AZE,laim,8
AZE,мармела,8
AZE,cillit bang,8
AZE,Berg,8
AZE,kaanlar,8
AZE,sweetcorn,8
AZE,диети,8
AZE,əlçək,8
AZE,sanfor,8
AZE,pod,8
AZE,fasol,8
AZE,long cips,8
AZE,изю,8
AZE,milla qay,8
AZE,панировочные сухари,8
AZE,old spic,8
AZE,ово,8
AZE,meyvə şi,8
AZE,pinqi,8
AZE,yoqurd,8
AZE,danisimo,8
AZE,agar,8
AZE,axşam bazarı,8
AZE,salima,8
AZE,mirator,8
AZE,pani,8
AZE,лэйс,8
AZE,мацар,8
AZE,bravolli,8
AZE,oatmilk,8
AZE,перчатк,8
AZE,pərpə,8
AZE,проте,8
AZE,truf,8
AZE,просеко,8
AZE,aba,8
AZE,peçenyə,8
AZE,orio,8
AZE,nodl,8
AZE,vanak,8
AZE,quru me,8
AZE,sobranı,8
AZE,qas,8
AZE,масло подсолн,8
AZE,влажные с,8
AZE,кофе в зернах,8
AZE,san t,8
AZE,sobranie amber,8
AZE,пакеты для,8
AZE,rikotta,8
AZE,приправ,8
AZE,туалетная бум,8
AZE,shampu,8
AZE,og,8
AZE,siye,8
AZE,donm,8
AZE,americano,8
AZE,xitar,8
AZE,творог зернистый,8
AZE,qarışıq,8
AZE,sipirtli,8
AZE,ketan toxumu,8
AZE,картошка фри,8
AZE,Mozarella,8
AZE,гренки,8
AZE,som,8
AZE,сахарозаменитель,8
AZE,spiral,8
AZE,sofa,8
AZE,tomat past,8
AZE,chr,8
AZE,stic,8
AZE,liçi,8
AZE,батарейк,8
AZE,trea,8
AZE,çay beta,8
AZE,tolet,8
AZE,vie,8
AZE,qut,8
AZE,saxar,8
AZE,maden,8
AZE,sori,8
AZE,bug,8
AZE,kinkan,8
AZE,bombbat,8
AZE,marin,8
AZE,dondurma oreo,8
AZE,cudu,8
AZE,martel,8
AZE,lavi,8
AZE,seed,8
AZE,Сахар,8
AZE,тыкв,8
AZE,све,8
AZE,ruffels,8
AZE,org,8
AZE,folyo,8
AZE,свеча,8
AZE,tonic water,8
AZE,lib,8
AZE,canped,8
AZE,borodi,8
AZE,fleur alphine,8
AZE,qrechka,8
AZE,стр,8
AZE,Vyana,8
AZE,elec,8
AZE,kurdan,8
AZE,фр,8
AZE,parpardelle,8
AZE,kartoş,8
AZE,sien,8
AZE,eti pop,8
AZE,bonduele,8
AZE,bitki yagi,8
AZE,karr,8
AZE,дью,8
AZE,qatoq,8
AZE,gülüstan,8
AZE,biote,8
AZE,rekso,8
AZE,süd burger,8
AZE,лимона,8
AZE,uni baby,8
AZE,dobroflot,8
AZE,dilim pendir,8
AZE,paprik,8
AZE,diff,8
AZE,qaymq,8
AZE,roşen,8
AZE,cesar,8
AZE,ролт,8
AZE,ördək,8
AZE,hainz,8
AZE,сумка,8
AZE,duzl,8
AZE,rosm,8
AZE,likör,8
AZE,",,",8
AZE,минерал,8
AZE,yogurt yunan,8
AZE,vegas,8
AZE,bazar sto,8
AZE,savoiard,8
AZE,meysə,8
AZE,üzüm yarpağı,8
AZE,barri,8
AZE,sirab limon,8
AZE,starch,8
AZE,Coke zero,8
AZE,sər,8
AZE,соленый огурец,8
AZE,ty,8
AZE,strawberr,8
AZE,mentis,8
AZE,low calorie,8
AZE,fairy qabyuyan,8
AZE,dondurma plom,8
AZE,gorill,8
AZE,suta,8
AZE,alfredo,8
AZE,сулуг,8
AZE,жидкое мы,8
AZE,lavita,8
AZE,san pelegrino,8
AZE,finish quantum,8
AZE,pamuk,8
AZE,shortbread,8
AZE,tea bag,8
AZE,sini,8
AZE,milaf,8
AZE,крев,8
AZE,2 litr,8
AZE,şalga,8
AZE,asilqan,8
AZE,makeup,8
AZE,савоя,8
AZE,sobranie kss,8
AZE,qat qat,8
AZE,abink,8
AZE,viol,8
AZE,kat kat,8
AZE,göy soğ,8
AZE,камар,8
AZE,kurasa,8
AZE,тарталетки,8
AZE,Kartof,8
AZE,xaca,8
AZE,спрай,8
AZE,superfres,8
AZE,batilla,8
AZE,jose,8
AZE,cı,8
AZE,resbul,8
AZE,caf,8
AZE,tualrt,8
AZE,мачалка,8
AZE,fresh milk,8
AZE,koqda,8
AZE,corn chips,8
AZE,high pr,8
AZE,teryaki,8
AZE,солоко,8
AZE,sipir,8
AZE,savoyard,8
AZE,socket,8
AZE,bull,8
AZE,cerr,8
AZE,table,8
AZE,sivi,8
AZE,goy sogan,8
AZE,turshu xiyar,8
AZE,limonata,8
AZE,krot,8
AZE,kakao tozu,8
AZE,sezar so,8
AZE,мицеля,8
AZE,ариель,8
AZE,bud d,8
AZE,zeytum,8
AZE,айр,8
AZE,quru çay,8
AZE,kana,8
AZE,mercim,8
AZE,lettu,8
AZE,xəngə,8
AZE,döş eti,8
AZE,sobranie gold,8
AZE,детск,8
AZE,həşa,8
AZE,nars,8
AZE,kesmık,8
AZE,pf,8
AZE,туннц,8
AZE,vanilla extract,8
AZE,domestod,8
AZE,nodle,8
AZE,domeatos,8
AZE,gali,8
AZE,bazilik,8
AZE,koka kola,8
AZE,frutt,8
AZE,sabro,8
AZE,огурцы маринованные,8
AZE,xyar,8
AZE,bud di,8
AZE,бальза,8
AZE,AHMAD,8
AZE,macal,8
AZE,ал,8
AZE,avocad,8
AZE,xsk,8
AZE,quic,8
AZE,fleur alp,8
AZE,beypa,8
AZE,sulu yag,8
AZE,lays pen,8
AZE,erit,8
AZE,cooking cream,8
AZE,richmo,8
AZE,şəkər pu,8
AZE,iced,8
AZE,capsul,8
AZE,kokos yagi,8
AZE,pendir azer,8
AZE,фил,8
AZE,şokolad sousu,8
AZE,paşt,8
AZE,жид,8
AZE,сэндвич,8
AZE,olme,8
AZE,chabian,8
AZE,ipe,8
AZE,peraski,8
AZE,apple cider,8
AZE,прот,8
AZE,kaym,8
AZE,kuxna,8
AZE,leibnz,8
AZE,kenton,8
AZE,белый,8
AZE,alkogol,8
AZE,дошир,8
AZE,burak,8
AZE,ten,8
AZE,barella,8
AZE,Borges,8
AZE,салфетки для,8
AZE,qreck,8
AZE,beden geli,8
AZE,maqno,8
AZE,him,8
AZE,əs,8
AZE,yedi,8
AZE,uşaq bez,8
AZE,active,8
AZE,amar,8
AZE,копченая,8
AZE,sobranie ks,8
AZE,маршме,8
AZE,dovqa,8
AZE,ring of joy,8
AZE,Bu,8
AZE,qaş,8
AZE,pişik qum,8
AZE,xonça,8
AZE,из,8
AZE,nap,8
AZE,pepsı,8
AZE,fusilli,8
AZE,sarıklz,8
AZE,oe,8
AZE,xən,8
AZE,мёд,8
AZE,mnm,8
AZE,tro,8
AZE,ağ şə,8
AZE,soyuq içkilər,8
AZE,Düyü,8
AZE,ked,8
AZE,кружка,8
AZE,mik,8
AZE,toz biber,8
AZE,elifor,8
AZE,tadi,8
AZE,Badamli,8
AZE,Bread,8
AZE,qaymaq pen,8
AZE,lador,8
AZE,alpen gol,8
AZE,Pivə,8
AZE,ванильный,8
AZE,jan,8
AZE,zely,8
AZE,xxl,8
AZE,strawbe,8
AZE,bazar st,8
AZE,желудки,8
AZE,buğda unu,8
AZE,dunhil,8
AZE,kənd qat,8
AZE,ice cube,8
AZE,сухой завтрак,8
AZE,qarğıdalı nişastası,8
AZE,schaer,8
AZE,fettuccine,8
AZE,panadol,8
AZE,sandira,8
AZE,васаби,8
AZE,kum,8
AZE,раптор,8
AZE,grans,8
AZE,hair color,8
AZE,hea,8
AZE,teriy,8
AZE,Морковь,8
AZE,pesto sous,8
AZE,сметанв,8
AZE,rulo,8
AZE,duyu yumru,8
AZE,ayram,8
AZE,dondruma,8
AZE,adjika,8
AZE,çörel,8
AZE,ложка,8
AZE,sprinkles,8
AZE,vinc,8
AZE,пищевая пленка,8
AZE,pampers active baby,8
AZE,makarin,8
AZE,bah,8
AZE,консерва,8
AZE,сухой шампунь,8
AZE,wave,8
AZE,turkish,8
AZE,erik qurusu,8
AZE,bə,8
AZE,qargı,8
AZE,тортиль,8
AZE,дядя,8
AZE,yerfındığı,8
AZE,bubble gum,8
AZE,döş ət,8
AZE,grek,8
AZE,usas,8
AZE,paper to,8
AZE,plastic wrap,8
AZE,фунчо,8
AZE,qırm,8
AZE,грейп,8
AZE,мартини,8
AZE,загар,8
AZE,granstar,8
AZE,magnoli,8
AZE,bathroom,8
AZE,serv,8
AZE,эритритол,8
AZE,hazelnut,8
AZE,детс,8
AZE,Coke,8
AZE,rose wine,8
AZE,mel,8
AZE,pambıq disk,8
AZE,çanağ,8
AZE,xor,8
AZE,çuğun,8
AZE,ухо,8
AZE,buzlu,8
AZE,orang,8
AZE,dank,8
AZE,mirind,8
AZE,beypazari,8
AZE,yumru dü,8
AZE,curtis,8
AZE,plon,8
AZE,bon par,8
AZE,тофу,8
AZE,xrus team,8
AZE,мусорны,8
AZE,winston me,8
AZE,yağlı k,8
AZE,подсо,8
AZE,hindi f,8
AZE,qəly,8
AZE,savoia,8
AZE,mor mor,8
AZE,speite,8
AZE,лав,8
AZE,bakl,8
AZE,Ülker,8
AZE,lavabo,8
AZE,bolma,8
AZE,чеддар,8
AZE,grants,8
AZE,palmall,8
AZE,shar,8
AZE,tereq,8
AZE,donduema,8
AZE,powera,8
AZE,watiq,8
AZE,dondurma algida,8
AZE,ершик,8
AZE,mc donalds,8
AZE,m&m's,8
AZE,arabiata,8
AZE,zernistaya,8
AZE,roshem,8
AZE,klub,8
AZE,Badam,8
AZE,çöpl,8
AZE,зернист,8
AZE,bagel,8
AZE,xlebçi,8
AZE,черный шоколад,8
AZE,пергамен,8
AZE,коубника,8
AZE,сухоф,8
AZE,sex,8
AZE,bay,8
AZE,kartof free,8
AZE,голландский,8
AZE,plates,8
AZE,sum,8
AZE,лезвия,8
AZE,тык,8
AZE,семена,8
AZE,arir,8
AZE,zibil paketi,8
AZE,tualer,8
AZE,sleeppy,8
AZE,narşə,8
AZE,basma,8
AZE,çil,8
AZE,ata,8
AZE,mart,8
AZE,brewel,8
AZE,fren,8
AZE,narzan,8
AZE,sincap,8
AZE,бур,8
AZE,mürəbb,8
AZE,sweet po,8
AZE,schär,8
AZE,flower,8
AZE,petenek,8
AZE,faory,8
AZE,porçöz,8
AZE,higgies,8
AZE,uşaq salfet,8
AZE,takid,8
AZE,pepso,8
AZE,limon s,8
AZE,qatıx,8
AZE,Рис,8
AZE,крылья,8
AZE,moçalka,8
AZE,zibik,8
AZE,skot,8
AZE,коньяк,8
AZE,sunpearl,8
AZE,doya,8
AZE,yuva,8
AZE,strawber,8
AZE,guru,8
AZE,oazi,8
AZE,winston dua,8
AZE,сахаро,8
AZE,ll,8
AZE,puff,8
AZE,tür,8
AZE,sea salt,8
AZE,коровушка,8
AZE,pər,8
AZE,пеп,8
AZE,pete,8
AZE,pemo,8
AZE,antipe,8
AZE,badımcan k,8
AZE,рукк,8
AZE,gobeley,8
AZE,масло расти,8
AZE,араз,8
AZE,мира,8
AZE,smiçka,8
AZE,qerk,8
AZE,dondua,8
AZE,alma qurusu,8
AZE,truffle,8
AZE,şab,8
AZE,bake,8
AZE,геркуле,8
AZE,yak,8
AZE,oreo dondurma,8
AZE,sleepu,8
AZE,tuval,8
AZE,zing wave,8
AZE,french cow,8
AZE,xordalan,8
AZE,garnier color,8
AZE,колбаса докторская,8
AZE,дезодо,8
AZE,дош,8
AZE,göyçə,8
AZE,suga,8
AZE,luc,8
AZE,garag,8
AZE,bugles,8
AZE,kozi,8
AZE,manga,8
AZE,spartak,8
AZE,danke,8
AZE,тор,8
AZE,sulu sal,8
AZE,snax,8
AZE,molk,8
AZE,стира,8
AZE,pomodor,8
AZE,suz,8
AZE,kinder country,8
AZE,mozzarel,8
AZE,salo,8
AZE,dark ch,8
AZE,master fresh,8
AZE,Tortilla,8
AZE,dali,8
AZE,qaysi,8
AZE,yunan yoqurt,8
AZE,sladok,8
AZE,dido,8
AZE,lay's,8
AZE,porridge,8
AZE,still water,8
AZE,azərç,8
AZE,кинз,8
AZE,shal,8
AZE,mebelux,8
AZE,hennessy,8
AZE,marett,8
AZE,сн,8
AZE,hic,8
AZE,мускат,8
AZE,duzlu x,8
AZE,Selpak,8
AZE,посуды,8
AZE,Cappy,8
AZE,jardi,8
AZE,kartoska,8
AZE,qurudulmu,8
AZE,diey,8
AZE,dondir,8
AZE,gazl,8
AZE,gab yuyan,8
AZE,kk,8
AZE,agsu,8
AZE,makaroni,8
AZE,yumurta kənd,8
AZE,дубайский,8
AZE,bahlsen,8
AZE,iced tea,8
AZE,rothm,8
AZE,parmal,8
AZE,cora,8
AZE,Кофе,8
AZE,kağiz,8
AZE,fıstıq ə,8
AZE,djem,8
AZE,toyuq bulyonu,8
AZE,phi,8
AZE,biner,8
AZE,ədviyya,8
AZE,safta,8
AZE,yaşıl n,8
AZE,krendel,8
AZE,el sab,8
AZE,sut burger,8
AZE,голландский сыр,8
AZE,crystalex,8
AZE,Araz mar,8
AZE,garl,8
AZE,zülal,8
AZE,влажные са,8
AZE,pib,8
AZE,pastet,8
AZE,спец,8
AZE,Coca c,8
AZE,"sirab 1,5",8
AZE,holland pen,8
AZE,kinder pi,8
AZE,yaşıl alma,8
AZE,nudl,8
AZE,Pop kek,8
AZE,sobranie b,8
AZE,xams,8
AZE,mannaya,8
AZE,vatruska,8
AZE,lays 225,8
AZE,noci,8
AZE,magnuç,8
AZE,cedar,8
AZE,labaş,8
AZE,ман,8
AZE,cooking,8
AZE,calgo,8
AZE,dirna,8
AZE,ло,8
AZE,michel,8
AZE,Davidoff,8
AZE,cupcake,8
AZE,dort,8
AZE,salar,8
AZE,tam st,8
AZE,fuste,8
AZE,favorit premium,8
AZE,sabub,8
AZE,cicib,8
AZE,huggies ultra,8
AZE,mes,8
AZE,krahmal,8
AZE,хмели,8
AZE,frui,8
AZE,deodo,8
AZE,çiz,8
AZE,ıimon,8
AZE,stek,8
AZE,рам,8
AZE,azersud pendir,8
AZE,Tuc,8
AZE,maloko,8
AZE,üz qır,8
AZE,тушонка,8
AZE,laban,8
AZE,toba,8
AZE,кухон,8
AZE,appl,8
AZE,duck,8
AZE,spring onion,8
AZE,portağa,8
AZE,powe,8
AZE,green te,8
AZE,mətbəx k,8
AZE,аленка,8
AZE,erh,8
AZE,huggies 2,8
AZE,пирог,8
AZE,şpilka,8
AZE,isbanaq,8
AZE,redd bull,8
AZE,bonj,8
AZE,acı bib,8
AZE,yasa,8
AZE,karo,8
AZE,təmi,8
AZE,quta,8
AZE,duzu,8
AZE,şirin çili,8
AZE,бальзам для волос,8
AZE,pele,8
AZE,carme,8
AZE,şiş,8
AZE,motta,8
AZE,pisik qumu,8
AZE,пемолюкс,8
AZE,meyser,8
AZE,əl sabunu,8
AZE,redbi,8
AZE,siqari,8
AZE,Bella,8
AZE,termo,8
AZE,hair oil,8
AZE,sarı qız,8
AZE,ərik qurusu,8
AZE,pamido,8
AZE,птичье молоко,8
AZE,dispensor,8
AZE,araz su,8
AZE,parad,8
AZE,twining,8
AZE,yumuru düyü,8
AZE,alcop,8
AZE,hai,8
AZE,konder,8
AZE,içkil,8
AZE,shot,8
AZE,пласт,8
AZE,bombaster,8
AZE,greco,8
AZE,waterm,8
AZE,elma,8
AZE,losyon,8
AZE,tomatoe,8
AZE,unu,8
AZE,лабн,8
AZE,terx,8
AZE,un bismak,8
AZE,pimidor,8
AZE,посудомо,8
AZE,през,8
AZE,cirek,8
AZE,есент,8
AZE,paulan,8
AZE,ин,8
AZE,фундук,8
AZE,edviyat,8
AZE,icebe,8
AZE,anco,8
AZE,pendir sacaq,8
AZE,детский порошок,8
AZE,çaxı,8
AZE,масло подсо,8
AZE,cen,8
AZE,plaster,8
AZE,esentu,8
AZE,hoşbe,8
AZE,krem şa,8
AZE,hacı tu,8
AZE,səkə,8
AZE,qarği,8
AZE,vase,8
AZE,narsharab,8
AZE,fairy plat,8
AZE,kəsmil,8
AZE,зубо,8
AZE,bateriya,8
AZE,cococola,8
AZE,gulag,8
AZE,coca zero,8
AZE,urban care,8
AZE,сулугу,8
AZE,bell pepper,8
AZE,qargdali,8
AZE,ду,8
AZE,lays pendirli,8
AZE,zakus,8
AZE,konya,8
AZE,xörək,8
AZE,doyar,8
AZE,тере,8
AZE,kabacok,8
AZE,Bon,8
AZE,m and,8
AZE,pendir mozarella,8
AZE,paper cup,8
AZE,hirdalan,8
AZE,deterjan,8
AZE,kekl,8
AZE,milk powder,8
AZE,фруктовый,8
AZE,dux,8
AZE,5 litr su,8
AZE,Domes,8
AZE,шоколад горький,8
AZE,апельси,8
AZE,bizim süfrə,8
AZE,проста,8
AZE,skalad,8
AZE,bals,8
AZE,shaving cream,8
AZE,bonpar,8
AZE,Axe,8
AZE,nem s,8
AZE,бублик,8
AZE,azerça,8
AZE,bushmills,8
AZE,Qar,8
AZE,çiğ kö,8
AZE,lakom,8
AZE,мореовь,8
AZE,damak,8
AZE,ekler,8
AZE,паниро,8
AZE,yumut,8
AZE,bazarsto,8
AZE,semec,8
AZE,cola şüşə,8
AZE,fusr,8
AZE,çerr,8
AZE,oro,8
AZE,monk,8
AZE,но,8
AZE,health,8
AZE,Coke Zero,8
AZE,ülke,8
AZE,zirəli,8
AZE,hambur,8
AZE,water bottle,8
AZE,big b,8
AZE,для посуд,8
AZE,carte noire,8
AZE,aya,8
AZE,seledka,8
AZE,döşə,8
AZE,can ramen,8
AZE,yarpag,8
AZE,efes zer,8
AZE,miso,8
AZE,cax,8
AZE,fito,8
AZE,там,8
AZE,cooking paper,8
AZE,Pive,8
AZE,1.5,8
AZE,rasp,8
AZE,kedi di,8
AZE,costa,8
AZE,Курица,8
AZE,tam bu,8
AZE,window,8
AZE,oy,8
AZE,harino,8
AZE,wc kagizi,8
AZE,disk pambıq,8
AZE,kruassa,8
AZE,eti pop kek,8
AZE,yumusal,8
AZE,ottogi,8
AZE,печеньки,8
AZE,2025,8
AZE,xlebçı,8
AZE,салфетки в,8
AZE,dondurma mila,8
AZE,ehrm,8
AZE,su qa,8
AZE,lahma,8
AZE,для кухни,8
AZE,zu,8
AZE,соленые огур,8
AZE,мечта,8
AZE,imbir,8
AZE,biscolatta,8
AZE,tuslet,8
AZE,sierra,8
AZE,quru sal,8
AZE,olivi,8
AZE,zolotoy,8
AZE,сливочно,8
AZE,дук,8
AZE,pastası,8
AZE,Kofe,8
AZE,alma quru,8
AZE,краска для,8
AZE,toyuq fi,8
AZE,Yog,8
AZE,kabac,8
AZE,kagiz desmal,8
AZE,Fuse Tea Manqo-Ananas Ətirli Soyuq Çay 1l,8
AZE,oc,8
AZE,marshmellow,8
AZE,Wolt market,8
AZE,balsa,8
AZE,ritz,8
AZE,feiry,8
AZE,mikrofiber,8
AZE,şeke,8
AZE,limob,7
AZE,xəng,7
AZE,pudo,7
AZE,dilma,7
AZE,icing sugar,7
AZE,grinder,7
AZE,wc,7
AZE,mocu,7
AZE,prosseco,7
AZE,pəncərə,7
AZE,лимонный сок,7
AZE,kartoshka,7
AZE,3 i,7
AZE,Nori,7
AZE,Dr milk,7
AZE,alum,7
AZE,sirab 1.5,7
AZE,zəfə,7
AZE,qoz lepesi,7
AZE,туалет бумага,7
AZE,nutte,7
AZE,huggies salfet,7
AZE,шаро,7
AZE,eksp,7
AZE,şokolas,7
AZE,тимьян,7
AZE,res bull,7
AZE,гречне,7
AZE,лукум,7
AZE,macallan,7
AZE,Duracell,7
AZE,leek,7
AZE,фо,7
AZE,prem,7
AZE,rost,7
AZE,cappy al,7
AZE,dasmal,7
AZE,doma,7
AZE,üzərlik,7
AZE,спорт печенье,7
AZE,тер,7
AZE,spina,7
AZE,berri,7
AZE,bulaşık,7
AZE,mec,7
AZE,жидк,7
AZE,bp,7
AZE,Tera,7
AZE,proteim,7
AZE,qrilyaj,7
AZE,sokalad yagi,7
AZE,efes ze,7
AZE,fırı,7
AZE,грецкие орехи,7
AZE,toyyq,7
AZE,souce,7
AZE,jile,7
AZE,reng,7
AZE,crema,7
AZE,крем чиз,7
AZE,вожа,7
AZE,shc,7
AZE,salfeti,7
AZE,chickp,7
AZE,пиао,7
AZE,restor,7
AZE,ao,7
AZE,бадамл,7
AZE,pive xirdalan,7
AZE,şirin kart,7
AZE,марковь,7
AZE,pust,7
AZE,докторская колбаса,7
AZE,vermicelli,7
AZE,болг,7
AZE,fabric softner,7
AZE,şüş,7
AZE,Grab,7
AZE,badam su,7
AZE,paltar yum,7
AZE,cera,7
AZE,nemoloko,7
AZE,efes z,7
AZE,фунч,7
AZE,bazarst,7
AZE,safeq,7
AZE,sour cre,7
AZE,hoh,7
AZE,zibil paket,7
AZE,şokolad plitka,7
AZE,овсяное молоко,7
AZE,water pack,7
AZE,alt paltar,7
AZE,twinnings,7
AZE,ultra,7
AZE,fila,7
AZE,wilkinson,7
AZE,gən,7
AZE,proteinli,7
AZE,azer süd,7
AZE,ciki,7
AZE,nuttela,7
AZE,кислые,7
AZE,Az,7
AZE,quru m,7
AZE,wood cleaner,7
AZE,copenhagen,7
AZE,cheese slice,7
AZE,lom,7
AZE,rə,7
AZE,qaymaq y,7
AZE,xin,7
AZE,cinnabon,7
AZE,лен,7
AZE,limon tur,7
AZE,jard,7
AZE,sağ,7
AZE,жевач,7
AZE,фу,7
AZE,sqd,7
AZE,həş,7
AZE,cios,7
AZE,kaleh,7
AZE,Cipsim,7
AZE,roz,7
AZE,çoban,7
AZE,grenki,7
AZE,творого,7
AZE,сырны,7
AZE,ekspo,7
AZE,сухое,7
AZE,Туалетная бумага,7
AZE,syr,7
AZE,toghurt,7
AZE,гел,7
AZE,русское,7
AZE,qae,7
AZE,chupachups,7
AZE,şüyüf,7
AZE,hediyye,7
AZE,tte,7
AZE,julyen,7
AZE,лимонн,7
AZE,Gorilla,7
AZE,ia,7
AZE,ком,7
AZE,makfa un,7
AZE,bafur,7
AZE,vilka,7
AZE,творог мягкий,7
AZE,сало,7
AZE,su 19lt,7
AZE,maria,7
AZE,pətənə,7
AZE,ирис,7
AZE,the,7
AZE,cino,7
AZE,bandue,7
AZE,panna,7
AZE,кумин,7
AZE,ветчи,7
AZE,croi,7
AZE,MC,7
AZE,diş macunu,7
AZE,ac biti,7
AZE,dondurulmus,7
AZE,pomidi,7
AZE,tesla,7
AZE,beet,7
AZE,psi,7
AZE,makaron barilla,7
AZE,şalq,7
AZE,aseto,7
AZE,nataktari,7
AZE,iv,7
AZE,Vanish,7
AZE,təmizlik bez,7
AZE,oxotniç,7
AZE,pinqvi,7
AZE,wolt market bina,7
AZE,quru ət,7
AZE,kotex night,7
AZE,alvita,7
AZE,ессе,7
AZE,hitsch,7
AZE,kakaolu,7
AZE,Lava,7
AZE,raz,7
AZE,anans,7
AZE,galina blanka,7
AZE,cotton pad,7
AZE,pinar pro,7
AZE,sobranie bal,7
AZE,suși,7
AZE,chor,7
AZE,stəka,7
AZE,salmo,7
AZE,corri,7
AZE,Snikers,7
AZE,кокосов,7
AZE,Marojna,7
AZE,jä,7
AZE,sirab qazlı su,7
AZE,möcüze,7
AZE,fusion,7
AZE,barbekyu,7
AZE,копчен,7
AZE,для волос,7
AZE,pingui,7
AZE,senate,7
AZE,грец,7
AZE,xit,7
AZE,wee,7
AZE,корона,7
AZE,çikol,7
AZE,steviya,7
AZE,mehmet efendi,7
AZE,campari,7
AZE,nudul,7
AZE,тесто фило,7
AZE,клубни,7
AZE,tpyuq,7
AZE,americ,7
AZE,peanut bu,7
AZE,oat flo,7
AZE,tam buğda,7
AZE,Pop,7
AZE,устричный,7
AZE,Tortilla lavas,7
AZE,reks,7
AZE,gorox,7
AZE,biomed,7
AZE,şəkərbura,7
AZE,su 0.5,7
AZE,моцарел,7
AZE,fairy liquid,7
AZE,floor cleaner,7
AZE,коро,7
AZE,hell coff,7
AZE,Моро,7
AZE,süd milla,7
AZE,oreg,7
AZE,teraş,7
AZE,su sir,7
AZE,barattol,7
AZE,ulke,7
AZE,nataxtari,7
AZE,mormor,7
AZE,карандаш,7
AZE,fairy salfet,7
AZE,для выпечки,7
AZE,kəpəkl,7
AZE,грецкие,7
AZE,гранатовый,7
AZE,yufk,7
AZE,seth,7
AZE,coffee filter,7
AZE,dalga,7
AZE,hitchies,7
AZE,bildi,7
AZE,savuşki,7
AZE,karona,7
AZE,minsk,7
AZE,булки,7
AZE,sobranie compa,7
AZE,sari pendir,7
AZE,bigb,7
AZE,su 19 l,7
AZE,dind,7
AZE,volca,7
AZE,tarxu,7
AZE,acılı soya,7
AZE,ciyə,7
AZE,yer fın,7
AZE,pall ma,7
AZE,томатный соус,7
AZE,chikalab,7
AZE,dusb,7
AZE,breff,7
AZE,ıslak,7
AZE,carm,7
AZE,aluminium,7
AZE,baltika 0,7
AZE,sobranie ruby,7
AZE,siner,7
AZE,cheddar cheese,7
AZE,pudd,7
AZE,soqan,7
AZE,qaynag,7
AZE,бар,7
AZE,qarpıx,7
AZE,гарнец,7
AZE,тут,7
AZE,ska,7
AZE,hitch,7
AZE,шпильки,7
AZE,gas,7
AZE,dosi,7
AZE,sarıkıx,7
AZE,фруктовый сад,7
AZE,tualr,7
AZE,cool lime,7
AZE,qaymaq pend,7
AZE,sud qaymaq,7
AZE,xörək duzu,7
AZE,deniz duzu,7
AZE,purpl,7
AZE,mosquital,7
AZE,poltin,7
AZE,pena,7
AZE,маринованные огурцы,7
AZE,simila,7
AZE,nana,7
AZE,conf,7
AZE,fındıq əzməsi,7
AZE,çiy k,7
AZE,ast,7
AZE,sirab 5 lt,7
AZE,соус цезарь,7
AZE,cream ch,7
AZE,zeytun tum,7
AZE,nikotin,7
AZE,pınar protein,7
AZE,rise,7
AZE,alisqa,7
AZE,electro,7
AZE,есс,7
AZE,kinder bue,7
AZE,togurt,7
AZE,cocq,7
AZE,gon,7
AZE,parfum,7
AZE,şor qoğal,7
AZE,wet napkin,7
AZE,sis,7
AZE,fantola,7
AZE,xorek,7
AZE,pınar pendir,7
AZE,alma şirə,7
AZE,caper,7
AZE,qelya,7
AZE,magnum double,7
AZE,passion,7
AZE,gray,7
AZE,tomato pa,7
AZE,kereyağ,7
AZE,sleeoy,7
AZE,içməli,7
AZE,breaf,7
AZE,yumueta,7
AZE,çörək təndir,7
AZE,couscous,7
AZE,papa moj,7
AZE,хд,7
AZE,gaf,7
AZE,kapusta,7
AZE,almo,7
AZE,straci,7
AZE,marak,7
AZE,happy,7
AZE,кура,7
AZE,qayıq,7
AZE,şorb,7
AZE,маскарпо,7
AZE,titi,7
AZE,яблочный уксус,7
AZE,caffino,7
AZE,jons,7
AZE,sirab 5 litr,7
AZE,kotex ultra,7
AZE,молочный шоколад,7
AZE,дымов,7
AZE,yug,7
AZE,şəki,7
AZE,трубы,7
AZE,nages,7
AZE,kurabiye,7
AZE,bagd,7
AZE,lit energy,7
AZE,ayrab,7
AZE,pice,7
AZE,ring o,7
AZE,tendi,7
AZE,vita100,7
AZE,evi,7
AZE,molok,7
AZE,sarı güc,7
AZE,pili,7
AZE,coffee bean,7
AZE,qaymQ,7
AZE,хур,7
AZE,su qazli,7
AZE,dark choco,7
AZE,sushi rice,7
AZE,üz q,7
AZE,mozorella,7
AZE,крот,7
AZE,бритвы,7
AZE,skumbr,7
AZE,псилиум,7
AZE,gale,7
AZE,vatru,7
AZE,kurabi,7
AZE,tuz ruhu,7
AZE,plastic bag,7
AZE,bibər pastası,7
AZE,sirB,7
AZE,yaşıl nox,7
AZE,rek,7
AZE,круглый,7
AZE,Pinar,7
AZE,rafello,7
AZE,suluq,7
AZE,stan,7
AZE,Banan,7
AZE,wape,7
AZE,un doymak,7
AZE,koktel,7
AZE,чече,7
AZE,laminat,7
AZE,lifli,7
AZE,ən,7
AZE,каб,7
AZE,galaxy,7
AZE,zəf,7
AZE,bret,7
AZE,leg,7
AZE,parmi,7
AZE,cio,7
AZE,late,7
AZE,zeyrun,7
AZE,kaij,7
AZE,леденец,7
AZE,serve,7
AZE,tam sto,7
AZE,feta cheese,7
AZE,сырник,7
AZE,кондици,7
AZE,qatlas,7
AZE,leblebi,7
AZE,моллко,7
AZE,золотое солнышко,7
AZE,sesam,7
AZE,sunge,7
AZE,переу,7
AZE,freken bok,7
AZE,mangalustu,7
AZE,nature,7
AZE,multimeyve,7
AZE,çub,7
AZE,sirab 19 l,7
AZE,rotmans,7
AZE,dishwas,7
AZE,хлопь,7
AZE,colpa,7
AZE,qızı,7
AZE,çöt,7
AZE,küne,7
AZE,мускатный,7
AZE,maye yağ,7
AZE,üç inek,7
AZE,cac,7
AZE,sobrq,7
AZE,clay,7
AZE,мах,7
AZE,Natura,7
AZE,yas salfet,7
AZE,cire,7
AZE,Qost,7
AZE,hb,7
AZE,şalg,7
AZE,maxfun,7
AZE,depil,7
AZE,kondisioner,7
AZE,vineg,7
AZE,silit,7
AZE,pekmez,7
AZE,parex,7
AZE,çöe,7
AZE,borani,7
AZE,sac boyalari,7
AZE,кинд,7
AZE,лавровый лист,7
AZE,gigiyena,7
AZE,yoghurts,7
AZE,wolt market binagadi,7
AZE,lint,7
AZE,qali,7
AZE,capsu,7
AZE,cay beta,7
AZE,bruschetta,7
AZE,sulfat,7
AZE,salt & vinegar,7
AZE,həşə,7
AZE,зеро,7
AZE,tənək,7
AZE,rastis,7
AZE,грей,7
AZE,берга,7
AZE,azeri,7
AZE,paradon,7
AZE,dif,7
AZE,hone,7
AZE,Kol,7
AZE,sütburger,7
AZE,şirniyy,7
AZE,magnum badam,7
AZE,kamp,7
AZE,novita,7
AZE,перси,7
AZE,минтай,7
AZE,sprite m,7
AZE,caesar,7
AZE,Грибы,7
AZE,elit,7
AZE,exponeta,7
AZE,whisk,7
AZE,cıps,7
AZE,гоеческий,7
AZE,Frambini,7
AZE,sesame oil,7
AZE,перцы,7
AZE,Labne,7
AZE,8.1,7
AZE,ləzz,7
AZE,mice,7
AZE,расческа,7
AZE,мороженнле,7
AZE,rahat mar,7
AZE,danaca,7
AZE,sac laki,7
AZE,dorr,7
AZE,oral-,7
AZE,pendir çana,7
AZE,череш,7
AZE,Nanə,7
AZE,tampons,7
AZE,pudra ş,7
AZE,Ватные,7
AZE,qayçaq,7
AZE,su 3 litr,7
AZE,lubr,7
AZE,kinder p,7
AZE,şakalat,7
AZE,körner,7
AZE,jar,7
AZE,balla,7
AZE,шоколадный,7
AZE,biber pasta,7
AZE,karpu,7
AZE,emo,7
AZE,kere y,7
AZE,мокрые салфетки,7
AZE,biotin,7
AZE,has,7
AZE,tc,7
AZE,çitos,7
AZE,pingivin,7
AZE,сост,7
AZE,gelate,7
AZE,Ab,7
AZE,dutu,7
AZE,alch,7
AZE,Sar,7
AZE,шар,7
AZE,ponte rosso,7
AZE,choko pie,7
AZE,ağ tum,7
AZE,layt,7
AZE,гель для д,7
AZE,rolling papers,7
AZE,klee,7
AZE,early spring,7
AZE,turşular,7
AZE,turk kah,7
AZE,bes,7
AZE,безлактозн,7
AZE,brawo,7
AZE,frisia,7
AZE,сиро,7
AZE,det,7
AZE,ground coffee,7
AZE,bato,7
AZE,toyuq əti,7
AZE,qovrulmuş,7
AZE,3d dond,7
AZE,wh,7
AZE,qaymaq kefir,7
AZE,Сметана,7
AZE,terae,7
AZE,pera,7
AZE,имби,7
AZE,rubin,7
AZE,mediter,7
AZE,sarde,7
AZE,туалетная бума,7
AZE,wolt market yasa,7
AZE,legurme,7
AZE,zirin,7
AZE,kamamber,7
AZE,qara ist,7
AZE,quru s,7
AZE,цвет,7
AZE,bac,7
AZE,dik,7
AZE,ши,7
AZE,kenr,7
AZE,ви,7
AZE,istiyot,7
AZE,довг,7
AZE,manda,7
AZE,rib,7
AZE,suyu,7
AZE,cashews,7
AZE,chew,7
AZE,feta pendir,7
AZE,charcoal,7
AZE,lili,7
AZE,для загара,7
AZE,козинак,7
AZE,rit,7
AZE,круассаны,7
AZE,yogurt greek,7
AZE,nogul,7
AZE,chis,7
AZE,turba,7
AZE,sırma,7
AZE,xuristim,7
AZE,chuppa,7
AZE,savushki,7
AZE,stm,7
AZE,кин,7
AZE,smir,7
AZE,губки для,7
AZE,Mozzarella,7
AZE,evelin,7
AZE,durace,7
AZE,elektr,7
AZE,squş,7
AZE,doce,7
AZE,kinder bu,7
AZE,alma siresi,7
AZE,сырое,7
AZE,ae,7
AZE,tost çör,7
AZE,doa,7
AZE,qab ş,7
AZE,ick,7
AZE,chianti,7
AZE,beyp,7
AZE,çöpü,7
AZE,snaqe,7
AZE,cov,7
AZE,zak,7
AZE,rama,7
AZE,dietstore,7
AZE,yumsal,7
AZE,mercan toyuq,7
AZE,bai,7
AZE,rice flour,7
AZE,kabacki,7
AZE,напол,7
AZE,Chocolate,7
AZE,стекло,7
AZE,im cheese,7
AZE,no gluten,7
AZE,whole,7
AZE,çiyel,7
AZE,скумб,7
AZE,sakkız,7
AZE,blue 3,7
AZE,caylar,7
AZE,su qabı,7
AZE,çanaq pendir,7
AZE,cc,7
AZE,sirab alma,7
AZE,qaymaql,7
AZE,zerni,7
AZE,burger çör,7
AZE,asi,7
AZE,ağ çörək,7
AZE,kübar,7
AZE,sirab 5lt,7
AZE,albom,7
AZE,каран,7
AZE,kitex,7
AZE,crispy,7
AZE,hitches,7
AZE,kahv,7
AZE,tuba,7
AZE,aura 32,7
AZE,düşbər,7
AZE,Orion,7
AZE,nodul,7
AZE,giz,7
AZE,Qat,7
AZE,beta cay,7
AZE,lucky,7
AZE,индюшка,7
AZE,agush,7
AZE,мокрые,7
AZE,ст,7
AZE,крем для лица,7
AZE,milla qati,7
AZE,3 korochki,7
AZE,qard,7
AZE,duzlu karamel,7
AZE,cereals,7
AZE,uni family,7
AZE,mixe,7
AZE,carte do,7
AZE,broco,7
AZE,makat,7
AZE,nagger,7
AZE,яшки,7
AZE,naturals,7
AZE,Abc,7
AZE,петра,7
AZE,mmd,7
AZE,şaka,7
AZE,иасло,7
AZE,iced coffee,7
AZE,keshnish,7
AZE,yapo,7
AZE,айсб,7
AZE,gə,7
AZE,комаров,7
AZE,dezodarant,7
AZE,burge,7
AZE,kələm turşu,7
AZE,shin,7
AZE,kont,7
AZE,riceup,7
AZE,knife,7
AZE,manqal salatı,7
AZE,seplak,7
AZE,jack daniel,7
AZE,altinba,7
AZE,ballant,7
AZE,папри,7
AZE,mumt,7
AZE,cruston,7
AZE,teravet,7
AZE,ozno,7
AZE,kever,7
AZE,kronen,7
AZE,qulaq c,7
AZE,cream chees,7
AZE,tetea,7
AZE,sobranie compact caster,7
AZE,fise,7
AZE,meyvə şir,7
AZE,air freshner,7
AZE,liptin,7
AZE,musl,7
AZE,kno,7
AZE,auta,7
AZE,winchestr,7
AZE,tursh,7
AZE,ол,7
AZE,margarine,7
AZE,ney,7
AZE,Кетчуп,7
AZE,цик,7
AZE,dishwash,7
AZE,xuyar,7
AZE,листья салата,7
AZE,Şirniyyat,7
AZE,chun,7
AZE,Turkey,7
AZE,rən,7
AZE,dırna,7
AZE,tp,7
AZE,qusar natural,7
AZE,kori,7
AZE,ananad,7
AZE,краковская,7
AZE,çörək kəpəkli,7
AZE,pisik yemeyi,7
AZE,Картошка,7
AZE,аце,7
AZE,toboqqi,7
AZE,mayona,7
AZE,фрекен,7
AZE,turşu xıyar,7
AZE,кара,7
AZE,hə,7
AZE,Pamidor,7
AZE,frambin,7
AZE,hisə verilmi,7
AZE,bulba,7
AZE,коль,7
AZE,sarmısaq,7
AZE,cold spice,7
AZE,yumus,7
AZE,спе,7
AZE,ame,7
AZE,all,7
AZE,valip,7
AZE,xlev,7
AZE,hillsid,7
AZE,тортик,7
AZE,lychee,7
AZE,roll on,7
AZE,tabak,7
AZE,pendir ağ,7
AZE,Barni Şokoladlı Keks 150q,7
AZE,torte,7
AZE,моцарела,7
AZE,ev yu,7
AZE,borgers,7
AZE,kağıt,7
AZE,sneaker,7
AZE,biscolara,7
AZE,pınar süd,7
AZE,chocoboy,7
AZE,cheese triangle,7
AZE,saç sp,7
AZE,golden crown,7
AZE,makaron ankara,7
AZE,eti petit,7
AZE,amarillo,7
AZE,barinof,7
AZE,Qab,7
AZE,nek,7
AZE,qalina blanka,7
AZE,kukr,7
AZE,Mi,7
AZE,corə,7
AZE,çörək otu,7
AZE,dokt,7
AZE,igos,7
AZE,tost coreyi,7
AZE,kül,7
AZE,goral,7
AZE,dus ge,7
AZE,тахини,7
AZE,sunpe,7
AZE,Choco,7
AZE,shauma,7
AZE,ра,7
AZE,сыр гол,7
AZE,üz qırxan,7
AZE,Carte,7
AZE,balqabaq tum,7
AZE,пелен,7
AZE,ес,7
AZE,Sobrani,7
AZE,Hennessy,7
AZE,bulyo,7
AZE,iyar,7
AZE,xorek duzu,7
AZE,non,7
AZE,свеза,7
AZE,muskul,7
AZE,Reyhan,7
AZE,да,7
AZE,yamuna,7
AZE,əlcəj,7
AZE,tik tak,7
AZE,strawberry milk,7
AZE,sarl,7
AZE,banam,7
AZE,майка,7
AZE,perlova,7
AZE,not,7
AZE,кошачий,7
AZE,meyve qurusu,7
AZE,alt pal,7
AZE,alafr,7
AZE,sark,7
AZE,bavar,7
AZE,Ankara,7
AZE,sumac,7
AZE,maydo,7
AZE,shampo,7
AZE,sweet pota,7
AZE,qara biber,7
AZE,снущенка,7
AZE,Bi,7
AZE,decor up,7
AZE,bil,7
AZE,пало,7
AZE,Сок,7
AZE,ariel ag,7
AZE,hum,7
AZE,dırn,7
AZE,weih,7
AZE,a plus,7
AZE,ill,7
AZE,yağ kərə,7
AZE,ты,7
AZE,pupa,7
AZE,canta,7
AZE,goon,7
AZE,Pesto,7
AZE,cheeros,7
AZE,mocha,7
AZE,ovçular,7
AZE,rafe,7
AZE,ocaq,7
AZE,sport peç,7
AZE,pivə alko,7
AZE,pendir çanaq,7
AZE,xirt,7
AZE,skalat,7
AZE,sweet pot,7
AZE,соевое мясо,7
AZE,teze,7
AZE,lebuleb,7
AZE,çörğk,7
AZE,nutrilon,7
AZE,işıq,7
AZE,şələr,7
AZE,пиво беза,7
AZE,chocolates,7
AZE,saqqz,7
AZE,longch,7
AZE,стаканчик,7
AZE,gend,7
AZE,just br,7
AZE,cezar,7
AZE,tost pendir,7
AZE,flex,7
AZE,birdəf,7
AZE,кукурузная,7
AZE,quru sa,7
AZE,şokki,7
AZE,portaga,7
AZE,yulaflı,7
AZE,okuz,7
AZE,skotch,7
AZE,mango juice,7
AZE,topkek,7
AZE,viniston,7
AZE,donf,7
AZE,mürebbe,7
AZE,sancaq,7
AZE,diabe,7
AZE,alpin,7
AZE,borjomu,7
AZE,marqarin,7
AZE,multivitamin,7
AZE,Buz,7
AZE,nabeq,7
AZE,toyuq d,7
AZE,papp,7
AZE,alkogolsuz,7
AZE,chocl,7
AZE,том,7
AZE,Sarımsaq,7
AZE,süd məhsulları,7
AZE,luk,7
AZE,huggies pants,7
AZE,tagliatelle,7
AZE,Savoiardi,7
AZE,Salfetka,7
AZE,адж,7
AZE,huggies elite soft 3,7
AZE,cerea,7
AZE,rizl,7
AZE,banaqu,7
AZE,prezide,7
AZE,mıs,7
AZE,sarı güç,7
AZE,3 d dondurma,7
AZE,blincik,7
AZE,rikot,7
AZE,bədə,7
AZE,pınar beyaz,7
AZE,baldo,7
AZE,pişik dili,7
AZE,верме,7
AZE,конверт,7
AZE,tire,7
AZE,dondurma qabda,7
AZE,şüşe,7
AZE,soy sa,7
AZE,burca,7
AZE,əsgi,7
AZE,Киндер,7
AZE,виола,7
AZE,durex play,7
AZE,trol,7
AZE,pif paf,7
AZE,tokpoki,7
AZE,su böyük,7
AZE,Marlboro,7
AZE,коричневый сахар,7
AZE,led,7
AZE,toppoki,7
AZE,laye,7
AZE,печеньк,7
AZE,jell,7
AZE,peçeni,7
AZE,поло,7
AZE,portağ,7
AZE,мытья,7
AZE,uks,7
AZE,Tam,7
AZE,labme,7
AZE,toulet,7
AZE,balantines,7
AZE,yumr,7
AZE,пингв,7
AZE,salatlar,7
AZE,san tor,7
AZE,meller,7
AZE,dish washing,7
AZE,nish,7
AZE,milla q,7
AZE,belou,7
AZE,king,7
AZE,Lak,7
AZE,vermishel,7
AZE,pampers 7,7
AZE,zeda,7
AZE,çan ramen,7
AZE,aş,7
AZE,neu,7
AZE,ореш,7
AZE,park,7
AZE,milo,7
AZE,Pampers,7
AZE,19 crimes,7
AZE,ritte,7
AZE,голуб,7
AZE,fish fingers,7
AZE,chim,7
AZE,selfetka,7
AZE,диета,7
AZE,seld,7
AZE,quickburry,7
AZE,одноразо,7
AZE,birə,7
AZE,Qəhvə,7
AZE,piri,7
AZE,kinder cards,7
AZE,5 l su,7
AZE,qatiğ,7
AZE,индилай,7
AZE,tamasa,7
AZE,dibek,7
AZE,vetc,7
AZE,bezi,7
AZE,armu,7
AZE,after,7
AZE,cru,7
AZE,makarob,7
AZE,jiqu,7
AZE,compass,7
AZE,dy,7
AZE,мармел,7
AZE,yesun,7
AZE,гаймаг,7
AZE,замороженн,7
AZE,clin,7
AZE,salfet tualet,7
AZE,без са,7
AZE,solt,7
AZE,Qara,7
AZE,konteyner,7
AZE,кабачк,7
AZE,endir,7
AZE,flax,7
AZE,fairi,7
AZE,ecpo,7
AZE,chp,7
AZE,chupa chup,7
AZE,durex xxl,7
AZE,сола,7
AZE,yumusa,7
AZE,terea pearl,7
AZE,pretz,7
AZE,pivə məzə,7
AZE,syd,7
AZE,galeon,7
AZE,семена чиа,7
AZE,vazelin,7
AZE,karton,7
AZE,penguin,7
AZE,chill,7
AZE,Jager,7
AZE,deodarant,7
AZE,jus,7
AZE,barba,7
AZE,kolnasa,7
AZE,ton balıq,7
AZE,bolo,7
AZE,biorepair,7
AZE,bello,7
AZE,su 3l,7
AZE,toppo,7
AZE,sweet ch,7
AZE,saftal,7
AZE,sac boyası,7
AZE,qazlı içkilər,7
AZE,коробка,7
AZE,taxis,7
AZE,winston d,7
AZE,doğan,7
AZE,mosare,7
AZE,donest,7
AZE,sarbon,7
AZE,детски,7
AZE,marzipan,7
AZE,hairspray,7
AZE,qos,7
AZE,tam buğday,7
AZE,chupa c,7
AZE,корейская,7
AZE,туалетнач,7
AZE,aprite,7
AZE,бордоми,7
AZE,Qoz 200g,7
AZE,noxus,7
AZE,dush geli,7
AZE,мойарелла,7
AZE,pti,7
AZE,şüşə si,7
AZE,elekt,7
AZE,krako,7
AZE,petene,7
AZE,suncream,7
AZE,qaymaq neh,7
AZE,pancak,7
AZE,blinc,7
AZE,war,7
AZE,plambir,7
AZE,авока,7
AZE,sirma,7
AZE,karamel sirop,7
AZE,blueber,7
AZE,пятновыводитель,7
AZE,shoki,7
AZE,havuç,7
AZE,капсу,7
AZE,skumbri,7
AZE,уголь,7
AZE,şaurma,7
AZE,prune,7
AZE,dispe,7
AZE,princ,7
AZE,himala,7
AZE,pendu,7
AZE,vanila,7
AZE,ton baliq,7
AZE,magnum b,7
AZE,nad,7
AZE,sifir,7
AZE,cauli,7
AZE,TEREA,7
AZE,простокв,7
AZE,mörək,7
AZE,laktozasi,7
AZE,fıstıq əzm,7
AZE,diş sa,7
AZE,Mars,7
AZE,бритаа,7
AZE,i a,7
AZE,tuaket,7
AZE,type c,7
AZE,kolq,7
AZE,qırmızı bibər,7
AZE,oreo don,7
AZE,котле,7
AZE,cornstarch,7
AZE,крыл,7
AZE,saç spreyi,7
AZE,batter,7
AZE,hindistan,7
AZE,rah,7
AZE,скот,7
AZE,отбели,7
AZE,soua,7
AZE,kələm tur,7
AZE,bişirme ka,7
AZE,mr sn,7
AZE,tünd şo,7
AZE,makarom,7
AZE,çia toxumu,7
AZE,nou,7
AZE,oreo ice cream,7
AZE,Azər,7
AZE,yashinko,7
AZE,dish pastasi,7
AZE,sezar sou,7
AZE,domdur,7
AZE,oaz,7
AZE,oldsp,7
AZE,qranul,7
AZE,бурата,7
AZE,хрустим,7
AZE,badamdar,7
AZE,ph,7
AZE,nitro,7
AZE,bail,7
AZE,nesimi,7
AZE,xon,7
AZE,aptamil,7
AZE,shve,7
AZE,kik,7
AZE,Berg tea,7
AZE,acto,7
AZE,bialetti,7
AZE,qara tum,7
AZE,kesn,7
AZE,простокваши,7
AZE,tomo,7
AZE,pure sen,7
AZE,snaks,7
AZE,seloak,7
AZE,dji,7
AZE,makarn,7
AZE,сушк,7
AZE,dr pepp,7
AZE,nasimi,7
AZE,белизна,7
AZE,kle,7
AZE,make,7
AZE,zuc,7
AZE,hamur,7
AZE,рублевский,7
AZE,sud milla,7
AZE,сими,7
AZE,hid,7
AZE,yaka,7
AZE,Holland,7
AZE,jysk,7
AZE,pizza mizza,7
AZE,pendir moz,7
AZE,acı biber,7
AZE,shalgam,7
AZE,weiss,7
AZE,srira,7
AZE,buble,7
AZE,Lemon,6
AZE,icelan,6
AZE,oi,6
AZE,Банан,6
AZE,quru maya,6
AZE,candles,6
AZE,Bombbar,6
AZE,spirtsiz,6
AZE,50 qəpik,6
AZE,belaru,6
AZE,paraso,6
AZE,burato,6
AZE,для мытья полов,6
AZE,abocado,6
AZE,chamomile,6
AZE,fayry,6
AZE,sea will,6
AZE,chupa ch,6
AZE,sobranie ağ,6
AZE,siqaret ballı,6
AZE,needoh,6
AZE,smil,6
AZE,goro,6
AZE,sutaş,6
AZE,yaş salf,6
AZE,Dana,6
AZE,треска,6
AZE,газиров,6
AZE,stranger,6
AZE,gram,6
AZE,smoked salmon,6
AZE,rul,6
AZE,sardi,6
AZE,istipt,6
AZE,buldsk,6
AZE,Tütün,6
AZE,shokalad,6
AZE,biscu,6
AZE,bon p,6
AZE,Balqa,6
AZE,petib,6
AZE,cherries,6
AZE,az duzlu,6
AZE,maqnu,6
AZE,batereya,6
AZE,bann,6
AZE,şəkər əvəz,6
AZE,qai,6
AZE,cocac,6
AZE,cherki,6
AZE,barilla sauce,6
AZE,kino,6
AZE,драже,6
AZE,комары,6
AZE,musk,6
AZE,qanaf,6
AZE,mendil,6
AZE,chiyelek,6
AZE,alyonka,6
AZE,lil,6
AZE,qida boya,6
AZE,oluna,6
AZE,hisə ve,6
AZE,fusi,6
AZE,water 5 l,6
AZE,sarıl,6
AZE,lok,6
AZE,вилка,6
AZE,sac rengi,6
AZE,lahm,6
AZE,çiğ köfte,6
AZE,коре,6
AZE,maitre,6
AZE,bloknot,6
AZE,craks,6
AZE,servela,6
AZE,youghurt,6
AZE,şokalat,6
AZE,cörəy,6
AZE,skrumbiya,6
AZE,keklikotu,6
AZE,assorti,6
AZE,mayn,6
AZE,солень,6
AZE,elektron siqaret,6
AZE,Head,6
AZE,cod,6
AZE,муха,6
AZE,frisol,6
AZE,растите,6
AZE,nur corek,6
AZE,finla,6
AZE,parlam,6
AZE,спетана,6
AZE,azersut,6
AZE,kasmik,6
AZE,karbo,6
AZE,кома,6
AZE,ml,6
AZE,nesfit,6
AZE,kəa,6
AZE,молоуо,6
AZE,nar ek,6
AZE,ополаскива,6
AZE,qovluq,6
AZE,sandvic,6
AZE,pulpy,6
AZE,zeyr,6
AZE,Sweet+ Çudo Vafli Tortu 280q,6
AZE,Tahin,6
AZE,doğra,6
AZE,fanat suxari,6
AZE,milk chocolate,6
AZE,naneli,6
AZE,bava,6
AZE,лай,6
AZE,vitam,6
AZE,plombit,6
AZE,отбе,6
AZE,булг,6
AZE,солф,6
AZE,kptex,6
AZE,Sni,6
AZE,denli,6
AZE,krem şant,6
AZE,gilete,6
AZE,ferero,6
AZE,italian,6
AZE,topp,6
AZE,крабовы,6
AZE,dons,6
AZE,süd pınar,6
AZE,chetoos,6
AZE,team,6
AZE,ovcular,6
AZE,liptom,6
AZE,popsy,6
AZE,sushki,6
AZE,turşu xiya,6
AZE,3 korocki,6
AZE,иука,6
AZE,redd bul,6
AZE,baile,6
AZE,водк,6
AZE,Çudo,6
AZE,yunu,6
AZE,bişirme kağızı,6
AZE,erik quru,6
AZE,ani,6
AZE,kənd yumurtası,6
AZE,çöplü sok,6
AZE,spanaq,6
AZE,салфетки вл,6
AZE,куриные,6
AZE,stell,6
AZE,фэри,6
AZE,yashkin,6
AZE,nemli,6
AZE,ləb,6
AZE,moni,6
AZE,nutmeg,6
AZE,puro,6
AZE,овощи замороженные,6
AZE,feasta,6
AZE,beko,6
AZE,olitali,6
AZE,vedr,6
AZE,simiçqa,6
AZE,qara c,6
AZE,petrus,6
AZE,pinar pendir,6
AZE,dixlofo,6
AZE,usha,6
AZE,bonelle,6
AZE,corek otu,6
AZE,сola,6
AZE,primgles,6
AZE,Çiyələk,6
AZE,pendir çanax,6
AZE,su badam,6
AZE,pringkes,6
AZE,alim,6
AZE,pencil,6
AZE,jul,6
AZE,gubk,6
AZE,milc,6
AZE,pişik q,6
AZE,боржом,6
AZE,cab,6
AZE,масло раст,6
AZE,prawn,6
AZE,darçin,6
AZE,winsr,6
AZE,qaymaq pe,6
AZE,koln,6
AZE,газиро,6
AZE,panc,6
AZE,krem ş,6
AZE,тарелки,6
AZE,зеф,6
AZE,budw,6
AZE,kekli,6
AZE,Bulda,6
AZE,безлактозный,6
AZE,melisa,6
AZE,kürdan,6
AZE,hissə,6
AZE,творрг,6
AZE,вода сираб,6
AZE,дуба,6
AZE,raffae,6
AZE,maqnolia,6
AZE,fındık,6
AZE,mousse,6
AZE,parsl,6
AZE,krve,6
AZE,salqam,6
AZE,araz super,6
AZE,raisin,6
AZE,semichka,6
AZE,biscolaya,6
AZE,mexican,6
AZE,suxat,6
AZE,eritritol,6
AZE,рольон,6
AZE,qusar na,6
AZE,pate,6
AZE,molbed,6
AZE,rice pap,6
AZE,bir bank,6
AZE,tokpokki,6
AZE,mantin,6
AZE,роз,6
AZE,Ko,6
AZE,огуре,6
AZE,psyllium,6
AZE,hisse,6
AZE,ağ küncüd,6
AZE,pow,6
AZE,средство для посуды,6
AZE,iamch,6
AZE,hosh,6
AZE,su 1l,6
AZE,nar tur,6
AZE,mea,6
AZE,toothb,6
AZE,cheese ramen,6
AZE,labubu,6
AZE,пуддинг,6
AZE,riviera,6
AZE,nişast,6
AZE,fillet,6
AZE,hamburger buns,6
AZE,Dr,6
AZE,bantik,6
AZE,burger çörə,6
AZE,лоб,6
AZE,sosisla,6
AZE,suxari unu,6
AZE,energi,6
AZE,polish,6
AZE,krake,6
AZE,qaymaq kere,6
AZE,fany,6
AZE,desm,6
AZE,bron,6
AZE,cornf,6
AZE,Grabstar Toyuqlu Döymə Pirojki 66q,6
AZE,Budweiser,6
AZE,nocil,6
AZE,snaqfabric,6
AZE,маскар,6
AZE,celer,6
AZE,супер,6
AZE,gundelik bez,6
AZE,пица,6
AZE,adel,6
AZE,pendjr,6
AZE,twin,6
AZE,cupp,6
AZE,hamon,6
AZE,glutensi,6
AZE,kine,6
AZE,креветка,6
AZE,qab sun,6
AZE,m&s,6
AZE,qara co,6
AZE,nara,6
AZE,quru dondurma,6
AZE,şüüd,6
AZE,saba,6
AZE,йогурь,6
AZE,elf,6
AZE,авокад,6
AZE,посидор,6
AZE,pudra şəkəri,6
AZE,egs,6
AZE,Доширак,6
AZE,gerb,6
AZE,künə,6
AZE,цезар,6
AZE,сипсы,6
AZE,chilly,6
AZE,dime,6
AZE,darenka,6
AZE,estrella,6
AZE,xem,6
AZE,brest lit,6
AZE,tumeric,6
AZE,brovni,6
AZE,салыет,6
AZE,lays maxx,6
AZE,молоко кокос,6
AZE,марковка,6
AZE,sabali,6
AZE,çili so,6
AZE,sco,6
AZE,vermis,6
AZE,Co,6
AZE,üzüm yar,6
AZE,осьминог,6
AZE,hava ter,6
AZE,mmde,6
AZE,double,6
AZE,kokos sudu,6
AZE,Azer,6
AZE,maqnoli,6
AZE,qog,6
AZE,sunflower seeds,6
AZE,bitki yag,6
AZE,porosok,6
AZE,масло сл,6
AZE,Rafa,6
AZE,наш,6
AZE,roche,6
AZE,sərinlə,6
AZE,bina,6
AZE,seker toz,6
AZE,düyü u,6
AZE,goyərti,6
AZE,prip,6
AZE,mosar,6
AZE,mam,6
AZE,полот,6
AZE,gola,6
AZE,colla,6
AZE,lamin,6
AZE,ayz,6
AZE,su boyuk,6
AZE,dental floss,6
AZE,parmalay,6
AZE,Red bull,6
AZE,kuf,6
AZE,казб,6
AZE,chox,6
AZE,düyü yumru,6
AZE,kabel,6
AZE,mika,6
AZE,сгушенка,6
AZE,bonita,6
AZE,çaxır açan,6
AZE,qara isti,6
AZE,кама,6
AZE,zeytyn,6
AZE,souse,6
AZE,зубы,6
AZE,Berry,6
AZE,quru şampun,6
AZE,bank,6
AZE,pishik,6
AZE,hat,6
AZE,obi,6
AZE,ха,6
AZE,kfs,6
AZE,Li,6
AZE,yulaf un,6
AZE,milka tuc,6
AZE,Kefir,6
AZE,брокк,6
AZE,matça,6
AZE,фар,6
AZE,əsk,6
AZE,однораз,6
AZE,ut,6
AZE,krus,6
AZE,şampi,6
AZE,mila dondurma,6
AZE,torpaq,6
AZE,olive oul,6
AZE,ou,6
AZE,kondisi,6
AZE,rafaelo,6
AZE,kune,6
AZE,3 в 1,6
AZE,clu,6
AZE,sobranie 33,6
AZE,ecolatier,6
AZE,cola 1,6
AZE,samyan,6
AZE,dəsm,6
AZE,ypgurt,6
AZE,qy,6
AZE,иверия,6
AZE,масло рас,6
AZE,poroşok,6
AZE,napki,6
AZE,салфетки бумажные,6
AZE,beyaz sirke,6
AZE,Winston me,6
AZE,kali,6
AZE,picca,6
AZE,hair dye,6
AZE,barnu,6
AZE,einst,6
AZE,bizim tarla pomidor,6
AZE,yumş,6
AZE,burn,6
AZE,модоко,6
AZE,рисов,6
AZE,chedd,6
AZE,kebt,6
AZE,cugun,6
AZE,su 20 l,6
AZE,su 10L,6
AZE,tramisu,6
AZE,yumşaldı,6
AZE,vita1,6
AZE,brend,6
AZE,zip lock,6
AZE,vedrə,6
AZE,antiperspirant,6
AZE,protez,6
AZE,gabyuyan,6
AZE,Alpen Gold,6
AZE,Üzüm,6
AZE,təndir çö,6
AZE,pişik ye,6
AZE,bizim tarla kompot,6
AZE,сард,6
AZE,wilkin,6
AZE,chocodates,6
AZE,рахат,6
AZE,Лук,6
AZE,pizza pendiri,6
AZE,çili sous,6
AZE,frie,6
AZE,barilla penne,6
AZE,ilik,6
AZE,редбул,6
AZE,для курицы,6
AZE,lobster,6
AZE,mr s,6
AZE,yerkök,6
AZE,spaqett,6
AZE,тетра,6
AZE,bolmar,6
AZE,perlovka,6
AZE,üzq,6
AZE,lays pa,6
AZE,bommb,6
AZE,qaymaq sütaş,6
AZE,expi,6
AZE,qab yumaq,6
AZE,korovuşka,6
AZE,белок,6
AZE,fıstık ezmesi,6
AZE,garnier 8.1,6
AZE,yağlar,6
AZE,гедз,6
AZE,sosıska,6
AZE,kris,6
AZE,blub,6
AZE,cola 1.5,6
AZE,paket cay,6
AZE,boba,6
AZE,три коро,6
AZE,lanne,6
AZE,chizzpa,6
AZE,soyuq qəhvə,6
AZE,Fair,6
AZE,голубик,6
AZE,off,6
AZE,midye,6
AZE,Per,6
AZE,eksponenta,6
AZE,готовая,6
AZE,guiness,6
AZE,ballı tort,6
AZE,gazli su,6
AZE,плавлен,6
AZE,мац,6
AZE,dovşan,6
AZE,bubc,6
AZE,musc,6
AZE,инди лайт,6
AZE,юби,6
AZE,han,6
AZE,enginar,6
AZE,fur,6
AZE,jelly belly,6
AZE,M&m,6
AZE,kraler,6
AZE,kuş,6
AZE,creker,6
AZE,quru lobya,6
AZE,slivka,6
AZE,sonrani,6
AZE,corekci,6
AZE,slobada,6
AZE,perqam,6
AZE,qlüten,6
AZE,ulg,6
AZE,mahm,6
AZE,rad,6
AZE,just brut,6
AZE,cili sous,6
AZE,caro,6
AZE,simir,6
AZE,pastırma,6
AZE,Pomidor,6
AZE,pampers 3,6
AZE,взбитые сливки,6
AZE,gro,6
AZE,"Mərcan Təzə Toyuq Filesi, ~550 g(3pc)",6
AZE,hochlan,6
AZE,mikk,6
AZE,fee,6
AZE,yumsa,6
AZE,йогурт питьевой,6
AZE,pegah,6
AZE,carlsb,6
AZE,pfa,6
AZE,champ,6
AZE,beavo,6
AZE,pove,6
AZE,ei,6
AZE,freezer bag,6
AZE,Feta,6
AZE,pek,6
AZE,yaşıl merci,6
AZE,fətir,6
AZE,galbani,6
AZE,калька,6
AZE,Sp,6
AZE,kimc,6
AZE,şax,6
AZE,xırfalan,6
AZE,sprot,6
AZE,meyve şir,6
AZE,açma,6
AZE,erman,6
AZE,pervul,6
AZE,danhill,6
AZE,barrat,6
AZE,ovs,6
AZE,smiç,6
AZE,gutenberg,6
AZE,kt,6
AZE,sekerbura,6
AZE,fao,6
AZE,yur,6
AZE,filesi,6
AZE,slipper,6
AZE,aqca,6
AZE,pişik yem,6
AZE,колбоса,6
AZE,sundried,6
AZE,gabartma,6
AZE,Mar,6
AZE,моющее,6
AZE,Mərci,6
AZE,samya,6
AZE,doshir,6
AZE,Майонез,6
AZE,Alpro,6
AZE,пенка,6
AZE,cartd,6
AZE,Bibər,6
AZE,dairy,6
AZE,tarla,6
AZE,delisi,6
AZE,острый соус,6
AZE,слав,6
AZE,chan,6
AZE,şehri,6
AZE,limon so,6
AZE,siqeret,6
AZE,баклажа,6
AZE,sobe,6
AZE,yoqury,6
AZE,biom,6
AZE,лап,6
AZE,пончи,6
AZE,марино,6
AZE,chap,6
AZE,sobranie c,6
AZE,terea am,6
AZE,yumuşald,6
AZE,vap,6
AZE,mango ice cream,6
AZE,холодный,6
AZE,для детей,6
AZE,qlüte,6
AZE,jely,6
AZE,qstıq,6
AZE,агуша сок,6
AZE,weide,6
AZE,sleepy salfet,6
AZE,azeli,6
AZE,gülüm,6
AZE,stake,6
AZE,şəkəe,6
AZE,libres,6
AZE,uzun omur,6
AZE,expane,6
AZE,yer fındığı,6
AZE,sik,6
AZE,феликс,6
AZE,bizim sü,6
AZE,diş ma,6
AZE,Mo,6
AZE,mintay,6
AZE,bazar stor,6
AZE,gig,6
AZE,ramaska,6
AZE,магнум,6
AZE,jav,6
AZE,banyo,6
AZE,mayasiz,6
AZE,surprise egg,6
AZE,ekşi,6
AZE,wafli,6
AZE,krusan,6
AZE,harribo,6
AZE,bondi,6
AZE,cracks,6
AZE,kör,6
AZE,перловая,6
AZE,от налета,6
AZE,ополаск,6
AZE,lasag,6
AZE,moye,6
AZE,zıbıl,6
AZE,bizim ailə,6
AZE,Butter,6
AZE,sita,6
AZE,peçete,6
AZE,yarm,6
AZE,mints,6
AZE,just b,6
AZE,xonca,6
AZE,ayaqq,6
AZE,wilki,6
AZE,сливки 33%,6
AZE,kampo,6
AZE,Dr.milk,6
AZE,сыр пармезан,6
AZE,japan,6
AZE,dis firca,6
AZE,32,6
AZE,maccoffee,6
AZE,çupaçups,6
AZE,абрикосы,6
AZE,sheridan,6
AZE,çəkil,6
AZE,Winst,6
AZE,dark c,6
AZE,поп корн,6
AZE,qraf,6
AZE,Su 5l,6
AZE,miray,6
AZE,замороженные овощи,6
AZE,plus power,6
AZE,frek,6
AZE,heyv,6
AZE,чипси,6
AZE,captain,6
AZE,zoga,6
AZE,sun s,6
AZE,анкор,6
AZE,доярушка,6
AZE,salty,6
AZE,bosta,6
AZE,cengel,6
AZE,каш,6
AZE,panper,6
AZE,mounta,6
AZE,alafra,6
AZE,aliş,6
AZE,реди,6
AZE,средство от,6
AZE,лампочк,6
AZE,fsiry,6
AZE,Iceland,6
AZE,каперс,6
AZE,sele,6
AZE,linza,6
AZE,Sammontana,6
AZE,kapro,6
AZE,сыр моц,6
AZE,sousu,6
AZE,hugges 5,6
AZE,kus,6
AZE,qızıl q,6
AZE,4d,6
AZE,Греческий,6
AZE,lule,6
AZE,toilet pa,6
AZE,mehm,6
AZE,бумаг,6
AZE,faber,6
AZE,круасса,6
AZE,disk pam,6
AZE,grabstae,6
AZE,хаггис,6
AZE,ən. yüksək,6
AZE,уборка,6
AZE,topokki,6
AZE,confectu,6
AZE,черр,6
AZE,syo,6
AZE,crois,6
AZE,sari kök,6
AZE,yunan qatığı,6
AZE,superfre,6
AZE,neut,6
AZE,kem,6
AZE,classic,6
AZE,rolik,6
AZE,alkoqollu,6
AZE,tiramis,6
AZE,saç kremi,6
AZE,молоко бе,6
AZE,rəngl,6
AZE,saç rəngi,6
AZE,sabun duru,6
AZE,mado,6
AZE,qaaq,6
AZE,yapis,6
AZE,cleverest,6
AZE,turçu,6
AZE,heavy,6
AZE,mills,6
AZE,Jel,6
AZE,əlcek,6
AZE,сахарная пу,6
AZE,emsal,6
AZE,sili,6
AZE,becon,6
AZE,qayna,6
AZE,cad,6
AZE,спр,6
AZE,hazi,6
AZE,nəhrə,6
AZE,100%,6
AZE,əl krem,6
AZE,сло,6
AZE,qato,6
AZE,pinqiv,6
AZE,xirdalan 0,6
AZE,tbil,6
AZE,mw,6
AZE,hazir yemek,6
AZE,jaquar,6
AZE,vish,6
AZE,shoe,6
AZE,musta,6
AZE,hell co,6
AZE,uşaq yağı,6
AZE,ponidor,6
AZE,10 litr,6
AZE,lobi,6
AZE,çau,6
AZE,kənd yumurta,6
AZE,пирожки,6
AZE,dunhi,6
AZE,tualet 32,6
AZE,bite more,6
AZE,баль,6
AZE,pın,6
AZE,mcc,6
AZE,eti dare,6
AZE,riso,6
AZE,honq qi,6
AZE,maret,6
AZE,ladyfi,6
AZE,Doşirak Pendir Tamlı Əriştə 95q,6
AZE,lımon,6
AZE,lumb,6
AZE,cay berqa,6
AZE,голень,6
AZE,Qarpiz,6
AZE,Pizza,6
AZE,schweps,6
AZE,organik,6
AZE,delicates,6
AZE,wgg,6
AZE,detoks,6
AZE,plan,6
AZE,aalfet,6
AZE,atma çay,6
AZE,terxu,6
AZE,şəkər əvə,6
AZE,нор,6
AZE,rem,6
AZE,порошок стиральный,6
AZE,camamb,6
AZE,çiy köfte,6
AZE,игрушка,6
AZE,kata,6
AZE,пендир,6
AZE,makoron,6
AZE,вл,6
AZE,gipopo,6
AZE,qand,6
AZE,йогурт гре,6
AZE,qurudul,6
AZE,winaton,6
AZE,tomato ketchup,6
AZE,go pro,6
AZE,магнолия,6
AZE,saat,6
AZE,prostokvasino,6
AZE,abad kokos,6
AZE,гнезда,6
AZE,shisha,6
AZE,Biber,6
AZE,şampun sulfatsız,6
AZE,pai,6
AZE,um,6
AZE,shaker,6
AZE,yumuşatıcı,6
AZE,basturma,6
AZE,danzka,6
AZE,yas sal,6
AZE,shweps,6
AZE,I am c,6
AZE,ролто,6
AZE,dile,6
AZE,Badamlı,6
AZE,sobranie goy,6
AZE,Snickers,6
AZE,ватный,6
AZE,orega,6
AZE,paro,6
AZE,aqush,6
AZE,doşira,6
AZE,ягод,6
AZE,qaa,6
AZE,dondurma v,6
AZE,эксп,6
AZE,kapr,6
AZE,chito,6
AZE,Kərə yağı,6
AZE,nuger,6
AZE,elektron si,6
AZE,греческий йогу,6
AZE,torr,6
AZE,qoqal,6
AZE,для белья,6
AZE,azer s,6
AZE,toe,6
AZE,şor go,6
AZE,dore,6
AZE,erding,6
AZE,maye s,6
AZE,tost çö,6
AZE,roltn,6
AZE,pivə alkoqolsuz,6
AZE,oral B,6
AZE,pendir ag,6
AZE,ədviyat,6
AZE,quru pomidor,6
AZE,Pa,6
AZE,kob,6
AZE,su 5 L,6
AZE,layz,6
AZE,сыр твердый,6
AZE,ac b,6
AZE,organ,6
AZE,liko,6
AZE,snicers,6
AZE,mozere,6
AZE,rəngləmə,6
AZE,dusbe,6
AZE,low fat,6
AZE,süd 0.1,6
AZE,гел для душа,6
AZE,komar,6
AZE,libr,6
AZE,kalk,6
AZE,fresh bar,6
AZE,nurofen,6
AZE,gündəl,6
AZE,Гречка,6
AZE,spirtli içki,6
AZE,hercules,6
AZE,yer fistigi,6
AZE,pesti,6
AZE,moyenez,6
AZE,nar turşusu,6
AZE,виш,6
AZE,доктор,6
AZE,пена для бритья,6
AZE,зубная пас,6
AZE,pomidor yağda,6
AZE,Sl,6
AZE,yedd,6
AZE,utyonok,6
AZE,mocc,6
AZE,sari bez,6
AZE,coof,6
AZE,начос,6
AZE,пемо,6
AZE,lemon juice,6
AZE,nongs,6
AZE,frozen veg,6
AZE,kanfe,6
AZE,ləz,6
AZE,zeytun baglari,6
AZE,popeye,6
AZE,Fr,6
AZE,Cip,6
AZE,тыквенные семечки,6
AZE,oran,6
AZE,маргарин,6
AZE,lays fırından,6
AZE,cola vanil,6
AZE,шоколо,6
AZE,sultan duyu,6
AZE,frutella,6
AZE,cheese cake,6
AZE,keççup,6
AZE,tuş,6
AZE,oys,6
AZE,sabun 72,6
AZE,qaymaq kəsmik,6
AZE,sprite 0.5,6
AZE,çuğund,6
AZE,iphone,6
AZE,каши,6
AZE,слабода,6
AZE,herring,6
AZE,yumşa,6
AZE,moti,6
AZE,maş,6
AZE,ceylon,6
AZE,kaymaq,6
AZE,филе индейки,6
AZE,megast,6
AZE,sanpelle,6
AZE,влажные салфет,6
AZE,kokos s,6
AZE,şu,6
AZE,etim,6
AZE,condensed,6
AZE,agcaq,6
AZE,xlebcı,6
AZE,hair gel,6
AZE,toothpick,6
AZE,avtozaqar,6
AZE,Kvas,6
AZE,сибирская,6
AZE,вилки,6
AZE,Yoghurt,6
AZE,dondurça,6
AZE,cile,6
AZE,tost ç,6
AZE,plombur,6
AZE,depila,6
AZE,laviva,6
AZE,Карто,6
AZE,coffe kapsul,6
AZE,савушки,6
AZE,kaji,6
AZE,stracci,6
AZE,milli dad,6
AZE,bazar s,6
AZE,корниш,6
AZE,ıqos,6
AZE,salfet papi,6
AZE,4D,6
AZE,ветчин,6
AZE,natahtari,6
AZE,cool candy,6
AZE,gluten free bread,6
AZE,dovş,6
AZE,div,6
AZE,meet,6
AZE,notebook,6
AZE,qazdi su,6
AZE,șək,6
AZE,Popcorn,6
AZE,kabaçok,6
AZE,сыр коси,6
AZE,tomay,6
AZE,astor,6
AZE,təmizlə,6
AZE,şüşə silə,6
AZE,диабет,6
AZE,кунж,6
AZE,şampum,6
AZE,qırmı,6
AZE,душес,6
AZE,julius meinl,6
AZE,ura,6
AZE,washing liquid,6
AZE,biber pas,6
AZE,гречн,6
AZE,cina,6
AZE,indili,6
AZE,sakfet,6
AZE,eira,6
AZE,No,6
AZE,гогал,6
AZE,Bonfesto,6
AZE,rai,6
AZE,pop korn,6
AZE,sümük,6
AZE,strech,6
AZE,kotex bio,6
AZE,вяленые помидоры,6
AZE,xurcun,6
AZE,yelp,6
AZE,makiaj,6
AZE,arap sabunu,6
AZE,alt paltari,6
AZE,alişqan,6
AZE,sun qu,6
AZE,halal kolbasa,6
AZE,агар,6
AZE,predo 6,6
AZE,siqaret kent,6
AZE,burger ç,6
AZE,sabın,6
AZE,мороденое,6
AZE,restore,6
AZE,brin,6
AZE,saçak,6
AZE,Bazar,6
AZE,damla çikolata,6
AZE,mayne,6
AZE,нохуд,6
AZE,cicibe,6
AZE,kopuk,6
AZE,movhi,6
AZE,Suxari,6
AZE,Sobranie ploom,6
AZE,toyuq döş əti,6
AZE,çerkizovo,6
AZE,darçı,6
AZE,soya sos,6
AZE,otrubi,6
AZE,air fresh,6
AZE,borji,6
AZE,diş ip,6
AZE,вода с газом,6
AZE,Se,6
AZE,balqabaq tu,6
AZE,chocolate dark,6
AZE,bakin,6
AZE,Prime,6
AZE,nugets,6
AZE,vil,6
AZE,azərça,6
AZE,kamat,6
AZE,plov,6
AZE,waffer,6
AZE,qalet,6
AZE,cici b,6
AZE,olive oi,6
AZE,hard,6
AZE,atma,6
AZE,mozzarell,6
AZE,siyən,6
AZE,tabl,6
AZE,südd,6
AZE,yağ s,6
AZE,--sanitized--,6
AZE,fettucine,6
AZE,наш молочник,6
AZE,ori,6
AZE,Mag,6
AZE,alt pa,6
AZE,greek yogu,6
AZE,beer zero,6
AZE,mr sna,6
AZE,есентук,6
AZE,çörək qara,6
AZE,mediterr,6
AZE,deoda,6
AZE,masala,6
AZE,bibət,6
AZE,prok,6
AZE,креке,6
AZE,mal ə,6
AZE,paddlers,6
AZE,turşu lavaş,6
AZE,eye,6
AZE,narşerab,6
AZE,marschik,6
AZE,мице,6
AZE,liquid soap,6
AZE,yaprak sarma,6
AZE,alti,6
AZE,lays kfc,6
AZE,al afrah,6
AZE,lofe,6
AZE,lal,6
AZE,coconut oil,6
AZE,uzun dü,6
AZE,suşki,6
AZE,kərə yagı,6
AZE,choco p,6
AZE,знлень,6
AZE,froch,6
AZE,doctor,6
AZE,dako,6
AZE,delissimo,6
AZE,yuyucu maye,6
AZE,torb,6
AZE,starbuck,6
AZE,yerk,6
AZE,pendo,6
AZE,lays lime,6
AZE,мароженное,6
AZE,cerave,6
AZE,ənc,6
AZE,7 d,6
AZE,cito,6
AZE,agcaqan,6
AZE,fris,6
AZE,sanpell,6
AZE,брауни,6
AZE,yunurt,6
AZE,bruni,6
AZE,крупы,6
AZE,bravo mar,6
AZE,şokolad əzməsi,6
AZE,Qoz,6
AZE,gret,6
AZE,neh,6
AZE,Winston men,6
AZE,swee,6
AZE,Şam,6
AZE,kedi d,6
AZE,bolq,6
AZE,заморож,6
AZE,ухочистка,6
AZE,kəkl,6
AZE,нежный,6
AZE,barilla sous,6
AZE,мой,6
AZE,armudu,6
AZE,твикс,6
AZE,head shoulders,6
AZE,геркул,6
AZE,sobraniya,6
AZE,well,6
AZE,lifal,6
AZE,aper,6
AZE,shokki mokki,6
AZE,Sarıkız,6
AZE,camel,6
AZE,весы,6
AZE,кашт,6
AZE,Pring,6
AZE,qapa,6
AZE,печение,6
AZE,mörə,6
AZE,kule,6
AZE,tom yum,6
AZE,ветч,6
AZE,cheatos,6
AZE,Toilet paper,6
AZE,chabiant nar,6
AZE,cherry to,6
AZE,bonjour,6
AZE,доместо,6
AZE,oreqa,6
AZE,tartar,6
AZE,салы,6
AZE,ostan,6
AZE,растит,6
AZE,zaku,6
AZE,qlutensiz un,6
AZE,chocolatr,6
AZE,burger coreyi,6
AZE,qatlaşd,6
AZE,westgol,6
AZE,rapt,6
AZE,qoç,6
AZE,alo,6
AZE,Сосиски,6
AZE,xaçapuri,6
AZE,Bonaqua 2,6
AZE,lis,6
AZE,перс,6
AZE,кры,6
AZE,peron,6
AZE,krem pend,6
AZE,sürt,6
AZE,öncü,6
AZE,mmds,6
AZE,volc,6
AZE,muff,6
AZE,tartalet,6
AZE,мер,6
AZE,batt,6
AZE,qren,6
AZE,smecka,6
AZE,ана,6
AZE,лобстер,6
AZE,biskivit,6
AZE,oregan,6
AZE,pelle,6
AZE,futbol,6
AZE,sasisk,6
AZE,donestis,6
AZE,milkw,6
AZE,gummies,6
AZE,tamsto,6
AZE,food luck,6
AZE,terea twil,6
AZE,bisirme ka,6
AZE,lemon fresh,6
AZE,coca cola vanil,6
AZE,grap,6
AZE,frambuni,6
AZE,yarpaq dolması,6
AZE,salted caramel,6
AZE,toa,6
AZE,salga,6
AZE,pivə zero,6
AZE,дихлофос,6
AZE,dr korn,6
AZE,mmdens,6
AZE,antipersperant,6
AZE,песень,6
AZE,universal,6
AZE,hersheys,6
AZE,lezze,6
AZE,proseko,6
AZE,рисовый,6
AZE,ağ pe,6
AZE,alma suyu,6
AZE,su b,6
AZE,vien,6
AZE,qargidali unu,6
AZE,курасан,6
AZE,dishwa,6
AZE,сни,6
AZE,peperoni,6
AZE,слад,6
AZE,творожный свр,6
AZE,qiril,6
AZE,feir,6
AZE,bon pa,6
AZE,whole wheat,6
AZE,zama,6
AZE,altınb,6
AZE,come,6
AZE,peanut butt,6
AZE,Sun,6
AZE,parke,6
AZE,плас,6
AZE,body lotion,6
AZE,süt bur,6
AZE,mətbəxt,6
AZE,Nar,6
AZE,mors,6
AZE,baterya,6
AZE,türk kofesi,6
AZE,motalin,6
AZE,slobod,6
AZE,cryst,6
AZE,pomidor sousu,6
AZE,Kent feel,6
AZE,nail polish,6
AZE,овсяные хлопья,6
AZE,vegeta,6
AZE,bedin,6
AZE,творон,6
AZE,baize,6
AZE,alma sirkə,6
AZE,salaf,6
AZE,kays,6
AZE,Plombir,6
AZE,yasil noxud,6
AZE,şokolad y,6
AZE,протеиновое молоко,6
AZE,phil,6
AZE,kəamik,6
AZE,diş fırças,6
AZE,probis,6
AZE,aga,6
AZE,koke,6
AZE,barney,6
AZE,soslar,6
AZE,avakad,6
AZE,Eggs,6
AZE,lakomk,6
AZE,9.1,6
AZE,крако,6
AZE,butte,6
AZE,neq,6
AZE,pür,6
AZE,qatu,6
AZE,terea summer wave,6
AZE,gea,6
AZE,pinqivi,6
AZE,maras,6
AZE,sliced,6
AZE,kitkar,6
AZE,vul,6
AZE,шафран,6
AZE,lubrikant,6
AZE,buscuit,6
AZE,5 lt su,6
AZE,endirim,6
AZE,skitles,6
AZE,куриный фарш,6
AZE,iran qaymağı,6
AZE,3 inə,6
AZE,nur çörək,6
AZE,soya sou,6
AZE,yougu,6
AZE,киткат,6
AZE,kikkoman,6
AZE,soe,6
AZE,sarıkö,6
AZE,Saç,6
AZE,scotch,6
AZE,sobrain,6
AZE,Sibirskaya,6
AZE,bokal,6
AZE,köm,6
AZE,zeytun yagı,6
AZE,doktorsk,6
AZE,xlebts,6
AZE,шоколад молочный,6
AZE,deca,6
AZE,перец молотый,6
AZE,freshbox,6
AZE,есе,6
AZE,шоколадное молоко,6
AZE,kleene,6
AZE,lavaza,6
AZE,spit,6
AZE,döym,6
AZE,aç bi,6
AZE,athena,6
AZE,sanpele,6
AZE,goud,6
AZE,kinder pen,6
AZE,san pelleg,6
AZE,paltar sabunu,6
AZE,crysta,6
AZE,caram,6
AZE,reyxan,6
AZE,Big bon,6
AZE,arpa şehriye,6
AZE,форма для,6
AZE,çöeək,6
AZE,cipd,6
AZE,istisy,6
AZE,hollamd,6
AZE,lezv,6
AZE,şörək,6
AZE,salt vinegar,6
AZE,stelle,6
AZE,çuğu,6
AZE,ske,6
AZE,quickbu,6
AZE,зефи,6
AZE,labu,6
AZE,plastik stəkan,6
AZE,чипмы,6
AZE,Rexona,6
AZE,siqaretlər,6
AZE,joker,6
AZE,plombir dondurma,6
AZE,tuy,6
AZE,sensodine,6
AZE,красная,6
AZE,три к,6
AZE,tit,6
AZE,yuç,6
AZE,hennesy,6
AZE,unity food,6
AZE,чизбургер,6
AZE,бурр,6
AZE,wara,6
AZE,прмидор,6
AZE,bonfiesto,6
AZE,kupi,6
AZE,sampuan,6
AZE,mecun,6
AZE,yemish,6
AZE,mash,6
AZE,голл,6
AZE,coffee m,6
AZE,did,6
AZE,kartıf,6
AZE,cedric,6
AZE,dixl,6
AZE,proper,6
AZE,чедер,6
AZE,магнат,6
AZE,unityfood,6
AZE,kofe soyuq,6
AZE,dib,6
AZE,taglia,6
AZE,expan,6
AZE,freshbar,6
AZE,kisi,6
AZE,cherri,6
AZE,kala,6
AZE,sogam,6
AZE,qab sün,6
AZE,tempura,6
AZE,fry,6
AZE,ağsu,6
AZE,фисташка,6
AZE,fera,6
AZE,mont,6
AZE,sadq,6
AZE,meyve şi,6
AZE,kiv,6
AZE,побед,6
AZE,şaqalat,6
AZE,confect,6
AZE,qui,6
AZE,котлета,6
AZE,lays krab,6
AZE,pampers wipes,6
AZE,blue cheese,6
AZE,fab,6
AZE,Ch,6
AZE,сок яблочный,6
AZE,kss white,6
AZE,ədva,6
AZE,Влажные салфетки,6
AZE,Bo,6
AZE,грудки,6
AZE,лаком,6
AZE,mid,6
AZE,sime,6
AZE,spt,6
AZE,pesom,6
AZE,гази,6
AZE,koyex,6
AZE,karrof,6
AZE,salfet yaş,6
AZE,damestos,6
AZE,паст,6
AZE,ликер,6
AZE,fanra,6
AZE,имбир,6
AZE,sarki,6
AZE,water 5L,6
AZE,домик в дере,6
AZE,yağ sök,6
AZE,pervo,6
AZE,birges,6
AZE,acı sos,6
AZE,jalapenos,6
AZE,carro,6
AZE,cips lays,6
AZE,cherry tom,6
AZE,hot do,6
AZE,herba,6
AZE,kristal,6
AZE,sobranie legacy,6
AZE,qutu salf,6
AZE,liquor,6
AZE,рахат лукум,6
AZE,uşaq şamp,6
AZE,şomu,6
AZE,ikram,6
AZE,toffix,6
AZE,grimbergen,6
AZE,qara bibər,6
AZE,kalba,6
AZE,wilk,6
AZE,ор,6
AZE,Fuse Tea Limon Ətirli Soyuq Çay Banka 0.33l,6
AZE,sun dried,6
AZE,weihen,6
AZE,favori,6
AZE,bitey,6
AZE,yer fis,6
AZE,mosk,6
AZE,gazos,6
AZE,костровок,6
AZE,minced meat,6
AZE,prostokvaşino,6
AZE,azel,6
AZE,hanım,6
AZE,elektron s,6
AZE,pampers 1,6
AZE,sirab qazsiz,6
AZE,toyuq mercan,6
AZE,gızeh,6
AZE,selpal,6
AZE,süd 200,6
AZE,ye doy,6
AZE,xiyar duzlu,6
AZE,lina,6
AZE,mister mus,6
AZE,reb,6
AZE,полов,6
AZE,полотенц,6
AZE,fetir,6
AZE,bişirmə kağız,6
AZE,пиколини,6
AZE,balzami,6
AZE,простаква,6
AZE,bıber,6
AZE,çere,6
AZE,picni,6
AZE,maden suyu,6
AZE,tomate,6
AZE,душ,6
AZE,Zoo,6
AZE,заколка,6
AZE,toxum,6
AZE,su 10 lt,6
AZE,savun,6
AZE,qatlaşdırılmış,6
AZE,gaud,6
AZE,toyy,6
AZE,olds,6
AZE,ariel pods,6
AZE,fistik ezmesi,6
AZE,kabablar,6
AZE,моо,6
AZE,fele,6
AZE,dogada,6
AZE,батончики,6
AZE,sobranie sti,6
AZE,soyuducu,6
AZE,olterm,6
AZE,magbum,6
AZE,grech,6
AZE,balti,6
AZE,посудомойка,6
AZE,badam un,6
AZE,fif,6
AZE,открывалка,6
AZE,анчо,6
AZE,pomada,6
AZE,сахарн,6
AZE,consul,6
AZE,ag paltar,6
AZE,прип,6
AZE,qatılaşdırılm,6
AZE,Nes,6
AZE,bommbar,6
AZE,ведро,6
AZE,ябл,6
AZE,traş,6
AZE,müre,6
AZE,karpız,6
AZE,сельдирей,5
AZE,kitch,5
AZE,10L,5
AZE,Quru,5
AZE,листы,5
AZE,jelobon,5
AZE,turş konfet,5
AZE,gələm,5
AZE,газ вода,5
AZE,пищевой,5
AZE,nudle,5
AZE,cauliflower,5
AZE,American,5
AZE,мяч,5
AZE,kən,5
AZE,buzlu dondurma,5
AZE,winston mento,5
AZE,yasil sogan,5
AZE,cherkizovo,5
AZE,36,5
AZE,molla,5
AZE,bald,5
AZE,pomidor tur,5
AZE,кофэ,5
AZE,Mal,5
AZE,seasoning,5
AZE,qreyp,5
AZE,бро,5
AZE,qara çörə,5
AZE,tav,5
AZE,poncik,5
AZE,buğ,5
AZE,şaç,5
AZE,şokalaf,5
AZE,sirab q,5
AZE,zulal,5
AZE,Fant,5
AZE,düd,5
AZE,saqiz,5
AZE,venskaya,5
AZE,cefe,5
AZE,Semicka,5
AZE,uşaq peçenye,5
AZE,ким,5
AZE,мясные,5
AZE,лавровый,5
AZE,шоколад белый,5
AZE,hain,5
AZE,braw,5
AZE,masdam,5
AZE,qızıl bal,5
AZE,kinder pingui,5
AZE,солёная,5
AZE,barris,5
AZE,Oreo Kakao və Kremli Peçenye 5+1 228q,5
AZE,gurme,5
AZE,embo,5
AZE,латук,5
AZE,sma,5
AZE,Клубника,5
AZE,Algida spoonful,5
AZE,paspas,5
AZE,rye,5
AZE,bistrov,5
AZE,azcake,5
AZE,lik,5
AZE,сарди,5
AZE,coca-c,5
AZE,Sandwich,5
AZE,perga,5
AZE,perpe,5
AZE,дихл,5
AZE,makron,5
AZE,lentils,5
AZE,saki,5
AZE,мешок для,5
AZE,voi,5
AZE,gunə,5
AZE,cənn,5
AZE,rocket,5
AZE,ftor,5
AZE,iverya,5
AZE,gize,5
AZE,yağli,5
AZE,чед,5
AZE,Pringles Paprika 165q,5
AZE,saçaqli,5
AZE,paltar sab,5
AZE,шампинь,5
AZE,qardali,5
AZE,sensitive,5
AZE,water 1.5,5
AZE,pure se,5
AZE,eti adic,5
AZE,karame,5
AZE,ded,5
AZE,toyuq qanad,5
AZE,buldam,5
AZE,hir,5
AZE,морожн,5
AZE,kaun,5
AZE,yaşil,5
AZE,fire,5
AZE,bı,5
AZE,örgü,5
AZE,temi,5
AZE,mort,5
AZE,natyra,5
AZE,яц,5
AZE,duse tea,5
AZE,dondurma bakılı,5
AZE,qarpu,5
AZE,choo,5
AZE,mureb,5
AZE,prosti,5
AZE,bubble te,5
AZE,alcha,5
AZE,cezve,5
AZE,spageti,5
AZE,lv,5
AZE,bolognese,5
AZE,Prim,5
AZE,Шоко,5
AZE,garnir,5
AZE,токпоки,5
AZE,lady fing,5
AZE,BBQ,5
AZE,mega chips,5
AZE,saəfet,5
AZE,pişirmə,5
AZE,wınston,5
AZE,petite,5
AZE,maltes,5
AZE,бондю,5
AZE,mətbəx kağız,5
AZE,yedoy,5
AZE,metbex sal,5
AZE,sprate,5
AZE,gulab,5
AZE,crun,5
AZE,qayısı,5
AZE,st michel,5
AZE,куль,5
AZE,san pelle,5
AZE,şoraba,5
AZE,svalya lit,5
AZE,горяица,5
AZE,dd,5
AZE,бедро,5
AZE,duzdu xiyar,5
AZE,barbi,5
AZE,parfüm,5
AZE,xirdalan 9,5
AZE,малин,5
AZE,asta,5
AZE,semicqa,5
AZE,трубо,5
AZE,qarisiq,5
AZE,gran regale,5
AZE,salet,5
AZE,gummi,5
AZE,stel,5
AZE,full cola,5
AZE,tualet kağı,5
AZE,nescafe ori,5
AZE,попкор,5
AZE,jiquli,5
AZE,dis copu,5
AZE,pipe,5
AZE,Göyərti,5
AZE,cennet,5
AZE,Qargidali,5
AZE,keychup,5
AZE,bükmə tütün,5
AZE,ron,5
AZE,brocco,5
AZE,çörək nur,5
AZE,детское масло,5
AZE,ясь,5
AZE,kartoşk,5
AZE,сметана 10%,5
AZE,yok,5
AZE,ıslak mendil,5
AZE,чере,5
AZE,greko,5
AZE,mercy,5
AZE,cinq,5
AZE,shaver,5
AZE,sorban,5
AZE,mushroo,5
AZE,славянка,5
AZE,mascarp,5
AZE,baris,5
AZE,nivea duş geli,5
AZE,nova,5
AZE,petrushka,5
AZE,Go,5
AZE,vulcan,5
AZE,kapi,5
AZE,bombaa,5
AZE,aç bit,5
AZE,pranik,5
AZE,pşeno,5
AZE,leibni,5
AZE,saher,5
AZE,Redd,5
AZE,руколла,5
AZE,руб,5
AZE,alpine,5
AZE,tirret,5
AZE,korjik,5
AZE,пармез,5
AZE,eht,5
AZE,sprire,5
AZE,зубочист,5
AZE,soka,5
AZE,let it go,5
AZE,spot,5
AZE,kola 1,5
AZE,сах.,5
AZE,turqoise,5
AZE,fondurma,5
AZE,gulustan,5
AZE,frambibi,5
AZE,yag zeytun,5
AZE,yulaf s,5
AZE,чесночный соус,5
AZE,diș,5
AZE,richmon,5
AZE,batareka,5
AZE,проеладки,5
AZE,aura tualet,5
AZE,kent4 nano,5
AZE,кукурузный кра,5
AZE,eti tut,5
AZE,iran qayma,5
AZE,топ шлеп,5
AZE,şokolat,5
AZE,фи,5
AZE,süd laktozasız,5
AZE,юб,5
AZE,tvoroü,5
AZE,jill,5
AZE,lomon,5
AZE,kimch,5
AZE,Лаваш,5
AZE,biskivi,5
AZE,pəhriz kəsmik,5
AZE,strawbery,5
AZE,Limo,5
AZE,rucka,5
AZE,marcandrea,5
AZE,cappy lime,5
AZE,творожны,5
AZE,Duru,5
AZE,vorek,5
AZE,pinar pr,5
AZE,kids toothpaste,5
AZE,filadel,5
AZE,mazarela,5
AZE,bonag,5
AZE,Sirab su,5
AZE,yoyu,5
AZE,nash,5
AZE,oxi,5
AZE,dorri,5
AZE,head and shoulder,5
AZE,Cheese,5
AZE,dis cop,5
AZE,мицелярка,5
AZE,araq 250,5
AZE,грецки,5
AZE,duru yap,5
AZE,kakap,5
AZE,reçel,5
AZE,сырк,5
AZE,duru yaö,5
AZE,fairy tablet,5
AZE,pancetta,5
AZE,salted butter,5
AZE,San,5
AZE,Premier,5
AZE,hazir yemekler,5
AZE,vya,5
AZE,doda,5
AZE,şəkərəv,5
AZE,landmar,5
AZE,sogan tozu,5
AZE,shuyud,5
AZE,oersil,5
AZE,твердый сыр,5
AZE,bosqab,5
AZE,carefre,5
AZE,cola alman,5
AZE,краситель,5
AZE,svet,5
AZE,кое,5
AZE,yunur,5
AZE,noddles,5
AZE,ana bala,5
AZE,sae,5
AZE,prob,5
AZE,ermann,5
AZE,вязанка,5
AZE,zərf,5
AZE,sigarey,5
AZE,Cipsi,5
AZE,oranges,5
AZE,çərəzlər,5
AZE,sac b,5
AZE,peach juice,5
AZE,сгуш,5
AZE,winston duo,5
AZE,fistiq ez,5
AZE,türk ka,5
AZE,yosu,5
AZE,suntat,5
AZE,lum,5
AZE,candy bar,5
AZE,viag,5
AZE,Круассан,5
AZE,əf,5
AZE,uzun öm,5
AZE,di martin,5
AZE,актиме,5
AZE,choclates,5
AZE,jagua,5
AZE,coffe mate,5
AZE,вино белое,5
AZE,pees,5
AZE,vens,5
AZE,xruste,5
AZE,yel,5
AZE,head s,5
AZE,qarç,5
AZE,brac,5
AZE,sro,5
AZE,gunebaxan yag,5
AZE,fanr,5
AZE,beypaz,5
AZE,sarı kiz,5
AZE,mau,5
AZE,гриль,5
AZE,spira,5
AZE,vişi,5
AZE,qizil qu,5
AZE,prosci,5
AZE,woltmarket,5
AZE,sultan düyü,5
AZE,russkoe more,5
AZE,Pro,5
AZE,blank,5
AZE,Trolli,5
AZE,aran,5
AZE,pantenol,5
AZE,вешал,5
AZE,манная крупа,5
AZE,şpil,5
AZE,kenda,5
AZE,quru şam,5
AZE,sprite zero,5
AZE,nestea,5
AZE,pampers p,5
AZE,стиральн,5
AZE,duzlu xiy,5
AZE,paw,5
AZE,syro,5
AZE,7 da,5
AZE,full tea,5
AZE,Yashkino Qatılaşdırılmış Südlü Holland Vaflisi,5
AZE,ватные дис,5
AZE,bakili q,5
AZE,epik,5
AZE,To,5
AZE,yupi,5
AZE,smitan,5
AZE,soju,5
AZE,vernell,5
AZE,mach 3,5
AZE,gyoz,5
AZE,noneo,5
AZE,xaşxaş,5
AZE,alkoq,5
AZE,qab ma,5
AZE,saçag,5
AZE,ciy kofte,5
AZE,mister mu,5
AZE,5 lit,5
AZE,qazlı sular,5
AZE,Ролтон,5
AZE,сай,5
AZE,şorqoğal,5
AZE,xəmi,5
AZE,panirovka,5
AZE,mango pepsi,5
AZE,aqusa su,5
AZE,slavyank,5
AZE,сок апельсиновый,5
AZE,ayaq,5
AZE,yarko,5
AZE,süd qa,5
AZE,bucket,5
AZE,saa,5
AZE,нашетсы,5
AZE,kəkli,5
AZE,qaymaq ayran,5
AZE,bişmiş süd,5
AZE,friday,5
AZE,tvister,5
AZE,ufo,5
AZE,saı,5
AZE,qat qat xəmir,5
AZE,althaus,5
AZE,dumplings,5
AZE,спа,5
AZE,mr snac,5
AZE,stretch,5
AZE,Kul,5
AZE,snac,5
AZE,banke,5
AZE,kağız stəkan,5
AZE,вода 3,5
AZE,Lavash,5
AZE,mr.djemius,5
AZE,pampers nem salfet,5
AZE,fei,5
AZE,бом,5
AZE,strawberey,5
AZE,elite,5
AZE,pekoe,5
AZE,sevinli dad,5
AZE,karamel sous,5
AZE,algida vol,5
AZE,yaşk,5
AZE,mana,5
AZE,бакл,5
AZE,sugarfree,5
AZE,sweza,5
AZE,qab m,5
AZE,indi lay,5
AZE,ankara tel,5
AZE,qanat,5
AZE,yulafli,5
AZE,cott,5
AZE,чио,5
AZE,kola 2,5
AZE,üzüm yarpa,5
AZE,mev,5
AZE,gui,5
AZE,ispanag,5
AZE,ice tra,5
AZE,пита,5
AZE,quru mey,5
AZE,koreys,5
AZE,сушеный,5
AZE,sib,5
AZE,cake mix,5
AZE,valuo,5
AZE,bh,5
AZE,winston b,5
AZE,saurma,5
AZE,Olitalia,5
AZE,usast,5
AZE,маск,5
AZE,bonde,5
AZE,qarabaşak,5
AZE,Ayran 1 lt,5
AZE,yon,5
AZE,cornfl,5
AZE,sirab water,5
AZE,qarisqa,5
AZE,сасло,5
AZE,KFC,5
AZE,saxl,5
AZE,rosemary,5
AZE,мали,5
AZE,donur,5
AZE,dove sa,5
AZE,cross,5
AZE,gli,5
AZE,Heineken,5
AZE,passata,5
AZE,xala,5
AZE,qabyuyan kapsul,5
AZE,milla yo,5
AZE,rotm,5
AZE,commet,5
AZE,treska,5
AZE,sağlam qida,5
AZE,чеч,5
AZE,sirniyya,5
AZE,donduma,5
AZE,хлебец,5
AZE,chipotle,5
AZE,bulğ,5
AZE,sadə su,5
AZE,fiber,5
AZE,buZ,5
AZE,тушен,5
AZE,nemlendirici,5
AZE,зажигалк,5
AZE,pomod,5
AZE,анчоу,5
AZE,can eti,5
AZE,qoruyuc,5
AZE,Dakota,5
AZE,nicos,5
AZE,lima,5
AZE,ranc,5
AZE,bohem,5
AZE,kq,5
AZE,bea,5
AZE,pişik qu,5
AZE,kary,5
AZE,базил,5
AZE,цогур,5
AZE,brown sug,5
AZE,pomidoe,5
AZE,sosero,5
AZE,Bison,5
AZE,red dry,5
AZE,argan,5
AZE,compot,5
AZE,понч,5
AZE,break,5
AZE,dünya,5
AZE,Çips,5
AZE,qaymaq xama,5
AZE,cran,5
AZE,yogirt,5
AZE,Smirnoff,5
AZE,juic,5
AZE,wolt market nasim,5
AZE,azov,5
AZE,git,5
AZE,sonran,5
AZE,narlı,5
AZE,əristə,5
AZE,лосьон,5
AZE,dondurma 1,5
AZE,лосо,5
AZE,zet,5
AZE,кондицио,5
AZE,köftə,5
AZE,наггетс,5
AZE,toffi,5
AZE,riter,5
AZE,freshener,5
AZE,Pişik,5
AZE,nene,5
AZE,şəftəli,5
AZE,ролик,5
AZE,shredded cheese,5
AZE,olterman,5
AZE,garğı,5
AZE,tagl,5
AZE,tmin,5
AZE,papa m,5
AZE,elseve saç,5
AZE,millla,5
AZE,agiz,5
AZE,молоч,5
AZE,wip,5
AZE,bonbar,5
AZE,gator,5
AZE,креаетки,5
AZE,azersun,5
AZE,narsarab,5
AZE,коров,5
AZE,salfetka tualet,5
AZE,cornerto,5
AZE,kuruvasan,5
AZE,go pr,5
AZE,ton balig,5
AZE,Dietik,5
AZE,bread flour,5
AZE,roltu,5
AZE,şalğa,5
AZE,delica,5
AZE,morko,5
AZE,sobranje,5
AZE,35%,5
AZE,tibbi,5
AZE,solfetka,5
AZE,milla mar,5
AZE,Tora,5
AZE,rr,5
AZE,banna,5
AZE,fusea,5
AZE,шоколаж,5
AZE,qatıq azərsüd,5
AZE,kofe dene,5
AZE,тук,5
AZE,guneb,5
AZE,dis f,5
AZE,sarıq,5
AZE,fuse tes,5
AZE,chilli powder,5
AZE,спагетт,5
AZE,sunflow,5
AZE,pekin,5
AZE,dakot,5
AZE,qaz bal,5
AZE,united,5
AZE,Яй,5
AZE,pepci,5
AZE,makiy,5
AZE,Alt,5
AZE,детские салфетки,5
AZE,chokopay,5
AZE,movh,5
AZE,batarya,5
AZE,антибактериальные,5
AZE,mure,5
AZE,le petit,5
AZE,msm,5
AZE,копченная,5
AZE,friendship,5
AZE,tı,5
AZE,shv,5
AZE,тирет,5
AZE,camis,5
AZE,Çuğundur,5
AZE,spritw,5
AZE,kotr,5
AZE,avtomobil,5
AZE,кабачо,5
AZE,bombbar печенье,5
AZE,doyma,5
AZE,hindus,5
AZE,axot,5
AZE,pist,5
AZE,анана,5
AZE,ton balığl,5
AZE,спич,5
AZE,bastırma,5
AZE,qayci,5
AZE,lady fi,5
AZE,dem,5
AZE,caps,5
AZE,basdir,5
AZE,seker to,5
AZE,мочал,5
AZE,azercha,5
AZE,kere yagı,5
AZE,nuddle,5
AZE,Powerade,5
AZE,каз,5
AZE,chabia,5
AZE,пикник,5
AZE,kinder deli,5
AZE,пива,5
AZE,монстр,5
AZE,пан,5
AZE,тапки,5
AZE,eti burcak,5
AZE,крен,5
AZE,watee,5
AZE,yulad,5
AZE,marina,5
AZE,brendi,5
AZE,domestoz,5
AZE,qaymaq kes,5
AZE,халуми,5
AZE,icr,5
AZE,Ülgüc,5
AZE,fetuçini,5
AZE,deq,5
AZE,foam,5
AZE,sirs,5
AZE,1L,5
AZE,soyudu,5
AZE,kinf,5
AZE,karaba,5
AZE,şor q,5
AZE,вода 2,5
AZE,tutma,5
AZE,peyni,5
AZE,колла,5
AZE,7 up,5
AZE,sensodin,5
AZE,borjoni,5
AZE,анан,5
AZE,pt,5
AZE,kaan,5
AZE,батареи,5
AZE,сумах,5
AZE,era,5
AZE,veiro,5
AZE,om,5
AZE,moka,5
AZE,varen,5
AZE,marjona,5
AZE,Гатых,5
AZE,laixe,5
AZE,пемза,5
AZE,bisq,5
AZE,пепс,5
AZE,кош,5
AZE,kraxma,5
AZE,масло подс,5
AZE,tto,5
AZE,beetroot,5
AZE,cajun,5
AZE,asiya,5
AZE,полоте,5
AZE,зубная паст,5
AZE,сах песок,5
AZE,orange ju,5
AZE,biox,5
AZE,huggies elit soft night,5
AZE,şor qo,5
AZE,кисл,5
AZE,richm,5
AZE,malboro,5
AZE,moj,5
AZE,Noxud,5
AZE,roş,5
AZE,badamll,5
AZE,peri,5
AZE,kosla,5
AZE,azərsü,5
AZE,baby fo,5
AZE,hair brush,5
AZE,toyuw,5
AZE,маслин,5
AZE,qara çörek,5
AZE,sakalad,5
AZE,масло по,5
AZE,Araxis,5
AZE,Мороженое с шариками,5
AZE,джерки,5
AZE,süd lakt,5
AZE,craft,5
AZE,breast,5
AZE,snikets,5
AZE,nach,5
AZE,Molfix,5
AZE,тамп,5
AZE,опол,5
AZE,cigare,5
AZE,мешки для мусора,5
AZE,lactoz,5
AZE,kerl,5
AZE,erdi,5
AZE,sleept,5
AZE,lr44,5
AZE,pinqvin paket,5
AZE,lays classic,5
AZE,суш,5
AZE,aı,5
AZE,жасмин,5
AZE,parlamen,5
AZE,kila,5
AZE,Кола без,5
AZE,7.0,5
AZE,kərə yağları,5
AZE,vanill,5
AZE,pabeda,5
AZE,saçaqlı pe,5
AZE,uşaq ya,5
AZE,Matcha,5
AZE,сок 0.2,5
AZE,vedre,5
AZE,glov,5
AZE,Harika,5
AZE,marshmel,5
AZE,predat,5
AZE,Doşirak Toyuq Ətli Əriştə 110q,5
AZE,rahat ma,5
AZE,tam s,5
AZE,Yo,5
AZE,selpack,5
AZE,dr o,5
AZE,chizz,5
AZE,səba toyuq,5
AZE,al afra,5
AZE,xeng,5
AZE,şəkərəvəz,5
AZE,ABAD,5
AZE,Dr.Milk,5
AZE,Uludağ,5
AZE,zucc,5
AZE,Ne,5
AZE,qatilasdiri,5
AZE,ot,5
AZE,koto,5
AZE,корей,5
AZE,soy s,5
AZE,козина,5
AZE,snak,5
AZE,домест,5
AZE,gua,5
AZE,Bra,5
AZE,can əti,5
AZE,для бритья,5
AZE,груди,5
AZE,перец болгарский,5
AZE,strat,5
AZE,araz marke,5
AZE,sobraniw,5
AZE,vege,5
AZE,javobs,5
AZE,1000,5
AZE,qiyma,5
AZE,dondy,5
AZE,korian,5
AZE,peng,5
AZE,"1,5",5
AZE,моцарелл,5
AZE,angel,5
AZE,сан,5
AZE,Slavyanka,5
AZE,чай паке,5
AZE,Savalan,5
AZE,дл,5
AZE,mali,5
AZE,sabdora,5
AZE,pos,5
AZE,peynirci baba,5
AZE,potatos,5
AZE,Dondurm,5
AZE,spirtli icki,5
AZE,Ватные диски,5
AZE,kinder de,5
AZE,lebu,5
AZE,su pom,5
AZE,ватны,5
AZE,brit,5
AZE,təndir çörək,5
AZE,badimcan kurusu,5
AZE,Ladyfingers,5
AZE,batery,5
AZE,clo,5
AZE,хлеб для,5
AZE,пена для,5
AZE,xırf,5
AZE,terea twilight pearl,5
AZE,туш,5
AZE,nina farina,5
AZE,плавл,5
AZE,fabric softener,5
AZE,soyulmuş pomidor,5
AZE,osta,5
AZE,qirmizi kelem,5
AZE,şaqala,5
AZE,Mr snack,5
AZE,qol al,5
AZE,pastry,5
AZE,кориц,5
AZE,gence,5
AZE,cayenne,5
AZE,Айран,5
AZE,katof,5
AZE,sexar,5
AZE,inti,5
AZE,parpar,5
AZE,tünd şok,5
AZE,biobl,5
AZE,ватный диск,5
AZE,грана,5
AZE,булгу,5
AZE,teresa,5
AZE,winston com,5
AZE,cs,5
AZE,доска,5
AZE,rik,5
AZE,ягода,5
AZE,Chipsim,5
AZE,take,5
AZE,birthday,5
AZE,веш,5
AZE,goodmix,5
AZE,sport peçe,5
AZE,cocnu,5
AZE,Qayma,5
AZE,gurcu,5
AZE,gp,5
AZE,Rahat market,5
AZE,kilikya,5
AZE,diş fi,5
AZE,qırmızı kələm,5
AZE,suluqu,5
AZE,cola 0.,5
AZE,макаронв,5
AZE,agcaganad,5
AZE,maison,5
AZE,vert,5
AZE,winstob,5
AZE,напо,5
AZE,head and sh,5
AZE,сок томат,5
AZE,kın,5
AZE,qusar natur,5
AZE,pendirli s,5
AZE,kitchen spray,5
AZE,sobranie black,5
AZE,Perwoll,5
AZE,quru yem,5
AZE,miselar,5
AZE,sanpun,5
AZE,köp,5
AZE,sevimli d,5
AZE,tbilvino,5
AZE,cognac,5
AZE,mətbəx bezi,5
AZE,duzsuz,5
AZE,yeməklər,5
AZE,od,5
AZE,apricot,5
AZE,тварог,5
AZE,колгот,5
AZE,сре,5
AZE,ovsya,5
AZE,qaraqa,5
AZE,if,5
AZE,bafa,5
AZE,siqaret kent mentol,5
AZE,green peas,5
AZE,san tar,5
AZE,turşu x,5
AZE,behmez,5
AZE,черный чай,5
AZE,водв,5
AZE,şokolod,5
AZE,friso gold,5
AZE,бумажные полот,5
AZE,безгл,5
AZE,kona,5
AZE,Ət,5
AZE,miri,5
AZE,kalamar,5
AZE,tualet kagi,5
AZE,bodka,5
AZE,guten,5
AZE,salma,5
AZE,pfan,5
AZE,ağ gilas,5
AZE,бород,5
AZE,I am ch,5
AZE,sif,5
AZE,içməli su,5
AZE,antib,5
AZE,im tea,5
AZE,селедк,5
AZE,bio yogurt,5
AZE,sop,5
AZE,tost p,5
AZE,Ton,5
AZE,çim,5
AZE,greek yogur,5
AZE,tant,5
AZE,çəllək,5
AZE,орешк,5
AZE,dr.k,5
AZE,monge,5
AZE,earl gr,5
AZE,honey mustard,5
AZE,siqaret keno,5
AZE,grabatar,5
AZE,coolm,5
AZE,Gullon,5
AZE,watwr,5
AZE,moca,5
AZE,tutku tart,5
AZE,winston sil,5
AZE,protein pu,5
AZE,gri,5
AZE,бонпа,5
AZE,kada,5
AZE,şokoladlar,5
AZE,oyu,5
AZE,sorini,5
AZE,balique,5
AZE,fruiting,5
AZE,авака,5
AZE,buruq,5
AZE,фейр,5
AZE,doris,5
AZE,çipd,5
AZE,стаканы,5
AZE,клет,5
AZE,akb,5
AZE,сад,5
AZE,rikota,5
AZE,smoking pueblo,5
AZE,vita 1000,5
AZE,Зубная щетка,5
AZE,fish sauce,5
AZE,heini,5
AZE,tul,5
AZE,toilet cleaner,5
AZE,dr.körner,5
AZE,вин,5
AZE,juce,5
AZE,çeki,5
AZE,бумажное,5
AZE,mayinez,5
AZE,tomat şirəsi,5
AZE,sobira,5
AZE,winson,5
AZE,Coc,5
AZE,bublik,5
AZE,kəsçik,5
AZE,pervoll,5
AZE,macaroni,5
AZE,mazdam,5
AZE,yohurt,5
AZE,qarışıq çərəz,5
AZE,tresan,5
AZE,zeu,5
AZE,яйцв,5
AZE,zibiı,5
AZE,краски,5
AZE,кастрюля,5
AZE,natakhta,5
AZE,doritod,5
AZE,əridilmiş yağ,5
AZE,qarq,5
AZE,нох,5
AZE,fairy salf,5
AZE,итальянские,5
AZE,рошен,5
AZE,radish,5
AZE,frans,5
AZE,doritos shots,5
AZE,cherry pomi,5
AZE,pendir qay,5
AZE,qatıq mila,5
AZE,dressing,5
AZE,espr,5
AZE,ıspana,5
AZE,qlut,5
AZE,chia seeds,5
AZE,соленая,5
AZE,tom y,5
AZE,xirdalab,5
AZE,supurge,5
AZE,üyüdülmüş,5
AZE,qozlu,5
AZE,coria,5
AZE,sosid,5
AZE,haşa,5
AZE,brusch,5
AZE,temizleyici,5
AZE,куле,5
AZE,terea sienna,5
AZE,сгущё,5
AZE,popke,5
AZE,Ta,5
AZE,eti c,5
AZE,biss,5
AZE,capu,5
AZE,kukla,5
AZE,impact,5
AZE,sıqaret,5
AZE,altinbasak,5
AZE,mn,5
AZE,rozm,5
AZE,gulum,5
AZE,perma,5
AZE,dili,5
AZE,pomegranate wine,5
AZE,m &,5
AZE,kələm turş,5
AZE,entre,5
AZE,heal,5
AZE,fried,5
AZE,анчоусы,5
AZE,dondurma q,5
AZE,cofee candy,5
AZE,набеглави,5
AZE,roller,5
AZE,lavanda,5
AZE,eti gofret,5
AZE,prn,5
AZE,yasinko,5
AZE,Net,5
AZE,rolling paper,5
AZE,mackerel,5
AZE,seker pudrasi,5
AZE,soyuq su,5
AZE,sarıkəz,5
AZE,kupec,5
AZE,cherry tomato,5
AZE,çobanyastığı,5
AZE,milla içmeli,5
AZE,long c,5
AZE,quy,5
AZE,сметана ромашка,5
AZE,yq,5
AZE,rosem,5
AZE,rende,5
AZE,garpiz,5
AZE,пор,5
AZE,gida,5
AZE,собра,5
AZE,şeker to,5
AZE,natura alma,5
AZE,sirab 20,5
AZE,pisma,5
AZE,lato,5
AZE,бисквит,5
AZE,hennes,5
AZE,finlan,5
AZE,breat,5
AZE,doeitos,5
AZE,göy s,5
AZE,şotka,5
AZE,Mr,5
AZE,pringles paprika,5
AZE,milla mo,5
AZE,papeika,5
AZE,лемон,5
AZE,tursu xi,5
AZE,вишне,5
AZE,salfet selpak,5
AZE,səhər yem,5
AZE,brabo,5
AZE,medite,5
AZE,Nesquik,5
AZE,Şor,5
AZE,grant,5
AZE,water 10,5
AZE,воду,5
AZE,coolsy,5
AZE,hav,5
AZE,monopoly,5
AZE,copu,5
AZE,popey,5
AZE,xüsusi,5
AZE,düyu,5
AZE,рис круглый,5
AZE,tortilya,5
AZE,çempi,5
AZE,powder milk,5
AZE,kompakt,5
AZE,head &,5
AZE,semecki,5
AZE,таоро,5
AZE,moped,5
AZE,kəmik,5
AZE,fy,5
AZE,блендер,5
AZE,соленые о,5
AZE,dr p,5
AZE,pickl,5
AZE,mono,5
AZE,prezervatif,5
AZE,филадельфия,5
AZE,çemp,5
AZE,corn oil,5
AZE,молочный ломтик,5
AZE,banduelle,5
AZE,miste,5
AZE,greç,5
AZE,penır,5
AZE,kecu,5
AZE,sirab 0,5
AZE,adap,5
AZE,zelen,5
AZE,marinad,5
AZE,без сах,5
AZE,yunan qat,5
AZE,plonbir,5
AZE,çörək tən,5
AZE,port baku,5
AZE,karp,5
AZE,Big,5
AZE,draf,5
AZE,cinabon,5
AZE,pid,5
AZE,chike,5
AZE,yerfındı,5
AZE,əridilm,5
AZE,Badaml,5
AZE,ciya,5
AZE,zireli,5
AZE,faıry,5
AZE,duzlu balıq,5
AZE,Sandora,5
AZE,festables,5
AZE,Bakı,5
AZE,шипучка,5
AZE,dondurma pl,5
AZE,yulaf kepeyi,5
AZE,kendimiz,5
AZE,birjo,5
AZE,Loreal,5
AZE,Gel,5
AZE,барбекю соус,5
AZE,meyve s,5
AZE,duzlu xıyar,5
AZE,dondurma m,5
AZE,жвачки,5
AZE,сыр моцарелла,5
AZE,naggest,5
AZE,lifali,5
AZE,Araz ma,5
AZE,gelatin,5
AZE,barbecue,5
AZE,selpak mətbəx,5
AZE,gt,5
AZE,Sir,5
AZE,marshmal,5
AZE,cola c,5
AZE,прокладки ежедневные,5
AZE,nar şər,5
AZE,yanta,5
AZE,боро,5
AZE,sabrania,5
AZE,çaynik,5
AZE,grey goose,5
AZE,слобод,5
AZE,painkiller,5
AZE,tünd ş,5
AZE,exponentq,5
AZE,russkoe,5
AZE,pringled,5
AZE,bum buz,5
AZE,süd qaym,5
AZE,перловая крупа,5
AZE,sprıte,5
AZE,durex lub,5
AZE,larto,5
AZE,cola sifir,5
AZE,Te,5
AZE,maye yuyucu,5
AZE,коу,5
AZE,mako,5
AZE,pəhri,5
AZE,безл,5
AZE,lays papr,5
AZE,Lay,5
AZE,голуби,5
AZE,your,5
AZE,rublevsky,5
AZE,valiu,5
AZE,hoeg,5
AZE,Yubiley,5
AZE,заморожен,5
AZE,purp,5
AZE,sirab su 5,5
AZE,siqaret winston,5
AZE,marlbro,5
AZE,припр,5
AZE,dondurulmus meyve,5
AZE,tost corek,5
AZE,Nəm salfet,5
AZE,bakili qi,5
AZE,печенье детское,5
AZE,tol,5
AZE,kartı,5
AZE,hamil,5
AZE,golden grown,5
AZE,şirniyyay,5
AZE,çorba,5
AZE,ice lolly,5
AZE,protein rex,5
AZE,сухофр,5
AZE,oxotn,5
AZE,saç şampunu,5
AZE,yoghu,5
AZE,lyu,5
AZE,зубоч,5
AZE,0.0,5
AZE,conte,5
AZE,soo,5
AZE,xen,5
AZE,hagg,5
AZE,снятие,5
AZE,hand cream,5
AZE,hazı,5
AZE,wings,5
AZE,рис круг,5
AZE,Савушкина,5
AZE,kaetof,5
AZE,fumi,5
AZE,salame,5
AZE,pendir labne,5
AZE,соломка,5
AZE,острое,5
AZE,əfsa,5
AZE,süd m,5
AZE,salatalık,5
AZE,huggies night,5
AZE,club 4,5
AZE,маска для лица,5
AZE,sirab 10 l,5
AZE,nanə qurusu,5
AZE,dondurma oazis,5
AZE,magi,5
AZE,sani,5
AZE,вареная,5
AZE,felic,5
AZE,pesto sou,5
AZE,солфе,5
AZE,kapu,5
AZE,tamb,5
AZE,stanle,5
AZE,greceskiy,5
AZE,naş,5
AZE,goyce,5
AZE,xlepci,5
AZE,7.11,5
AZE,вино красное,5
AZE,dr.milk kefir,5
AZE,doşirok,5
AZE,Zeytun yağı,5
AZE,noğ,5
AZE,diqaret,5
AZE,yumutta,5
AZE,șokolad,5
AZE,essentuk,5
AZE,pinar su,5
AZE,луу,5
AZE,chipd,5
AZE,peleg,5
AZE,pomisor,5
AZE,russko,5
AZE,бумажное полотенце,5
AZE,горя,5
AZE,kort,5
AZE,chia seed,5
AZE,Krab,5
AZE,petruş,5
AZE,Buld,5
AZE,торты,5
AZE,kera,5
AZE,por çöz,5
AZE,pampers salfet,5
AZE,bubblegum,5
AZE,гранатовое,5
AZE,qab setka,5
AZE,manz,5
AZE,teria,5
AZE,bişirmə kağı,5
AZE,royal dansk,5
AZE,corn starch,5
AZE,yapisqan,5
AZE,sirniki,5
AZE,malfa,5
AZE,Fra,5
AZE,qolluq,5
AZE,lond,5
AZE,mosarell,5
AZE,сесечки,5
AZE,jum,5
AZE,favelli,5
AZE,порошек,5
AZE,qatıq qaymaq,5
AZE,веник,5
AZE,mov,5
AZE,bişmə,5
AZE,энергетики,5
AZE,жвачк,5
AZE,кеш,5
AZE,compote,5
AZE,heinke,5
AZE,ispan,5
AZE,gılas,5
AZE,sarıkiz,5
AZE,dr milk kefir,5
AZE,дядя ваня,5
AZE,хру,5
AZE,tri ko,5
AZE,Activia,5
AZE,mori,5
AZE,menthol,5
AZE,чистая линия,5
AZE,jak,5
AZE,sunflower seed,5
AZE,napoleon,5
AZE,nitella,5
AZE,солнце,5
AZE,magnum dondurma,5
AZE,atma cay,5
AZE,кошачий корм,5
AZE,milka oreo,5
AZE,qara gava,5
AZE,kesh,5
AZE,şaq,5
AZE,хи,5
AZE,trend,5
AZE,моющее сред,5
AZE,nekta,5
AZE,кухонные салфетки,5
AZE,вернель,5
AZE,edama,5
AZE,kitty,5
AZE,гуаш,5
AZE,blender,5
AZE,toping,5
AZE,Dove,5
AZE,surface,5
AZE,сардин,5
AZE,qulan,5
AZE,Qarğıdalı nişastası,5
AZE,qoy,5
AZE,shoulders,5
AZE,для мебели,5
AZE,ost,5
AZE,tost çörə,5
AZE,yataq,5
AZE,diz,5
AZE,sütlaç,5
AZE,zefi,5
AZE,lipton tea,5
AZE,zaqar,5
AZE,gənd,5
AZE,verbel,5
AZE,ütü,5
AZE,alvays,5
AZE,cola cherr,5
AZE,pane,5
AZE,rya,5
AZE,boğa,5
AZE,int,5
AZE,vişnəli,5
AZE,eol,5
AZE,tara,5
AZE,qara i,5
AZE,pho,5
AZE,teramisu,5
AZE,pendir ç,5
AZE,wisk,5
AZE,m and ms,5
AZE,Арбуз,5
AZE,creat,5
AZE,зелены,5
AZE,tuvale,5
AZE,Sal,5
AZE,usasti,5
AZE,kesk,5
AZE,Савушкин,5
AZE,nax,5
AZE,uşaq su,5
AZE,capry sun,5
AZE,snikerd,5
AZE,no s,5
AZE,Rio,5
AZE,hoega,5
AZE,dolu,5
AZE,sweetened,5
AZE,kizi,5
AZE,protein powder,5
AZE,birjomi,5
AZE,wolt market na,5
AZE,rd,5
AZE,трусы женские,5
AZE,londo,5
AZE,sirob,5
AZE,dr peppe,5
AZE,naqq,5
AZE,döş ə,5
AZE,grissini,5
AZE,Gilas,5
AZE,qara core,5
AZE,siyenek,5
AZE,Соль,5
AZE,kulak,5
AZE,fusw,5
AZE,Ki,5
AZE,Winston d,5
AZE,qus sudu,5
AZE,milla kəsmik,5
AZE,sura,5
AZE,nectarine,5
AZE,черки,5
AZE,yogood,5
AZE,tery,5
AZE,çaxir,5
AZE,filey,5
AZE,горячая,5
AZE,Patos,5
AZE,ipək,5
AZE,astar,5
AZE,plant,5
AZE,биг,5
AZE,mr be,5
AZE,чистая вода,5
AZE,sünge,5
AZE,sosia,5
AZE,dee,5
AZE,seker t,5
AZE,dit,5
AZE,plombir do,5
AZE,чизкейк,5
AZE,fındıq əz,5
AZE,saqqıx,5
AZE,coffebar,5
AZE,Fuse Tea,5
AZE,shah,5
AZE,рублев,5
AZE,Magnum Mini Badamlı Sendviç Dondurma 400ml,5
AZE,kəvər,5
AZE,каль,5
AZE,salya,5
AZE,aspa,5
AZE,yogury,5
AZE,qirm,5
AZE,su si,5
AZE,qrand,5
AZE,saglam qida,5
AZE,vafle,5
AZE,Parmalat,5
AZE,sadqı,5
AZE,qaragat,5
AZE,оладьи,5
AZE,drie,5
AZE,uzerlik,5
AZE,dosh eti,5
AZE,arzum,5
AZE,mr m,5
AZE,sağl,5
AZE,Borjomi,5
AZE,geabstar,5
AZE,грудк,5
AZE,топпинг,5
AZE,овсяная каша,5
AZE,beerka,5
AZE,biskre,5
AZE,collagen,5
AZE,сочинские,5
AZE,granula,5
AZE,cog,5
AZE,сыр плавленый,5
AZE,clear men,5
AZE,спаг,5
AZE,чили соус,5
AZE,гранатовый сок,5
AZE,tarragon,5
AZE,xoca,5
AZE,Azercay,5
AZE,pool,5
AZE,pendir canaq,5
AZE,лук красный,5
AZE,ща,5
AZE,sushu,5
AZE,ножки,5
AZE,bambuk,5
AZE,кабачковая,5
AZE,dl,5
AZE,koff,5
AZE,chiva,5
AZE,fues tea,5
AZE,vot,5
AZE,farsh,5
AZE,72 sabun,5
AZE,binqo,5
AZE,basilic,5
AZE,смеиана,5
AZE,sirniya,5
AZE,şuyu,5
AZE,rice basmati,5
AZE,shumanit,5
AZE,peach rings,5
AZE,gelateca,5
AZE,i e,5
AZE,n5,5
AZE,rex protein,5
AZE,gecik,5
AZE,donfurma,5
AZE,ançous,5
AZE,lasos,5
AZE,bafamlı,5
AZE,fusili,5
AZE,baa,5
AZE,sigareti,5
AZE,aloe vera,5
AZE,azərcay,5
AZE,kornis,5
AZE,sayra,5
AZE,натахтари,5
AZE,sirab 19lt,5
AZE,kinder max,5
AZE,klear,5
AZE,holland p,5
AZE,snow,5
AZE,diş pastasi,5
AZE,powdered sugar,5
AZE,ətli,5
AZE,alumi,5
AZE,бытовая химия,5
AZE,щоколад,5
AZE,bok,5
AZE,рисовая лапша,5
AZE,electrol,5
AZE,qaraqat,5
AZE,chicolate,5
AZE,bafu,5
AZE,milla yoqurt,5
AZE,quru cay,5
AZE,earl gray,5
AZE,хирдала,5
AZE,quru salfetka,5
AZE,реми,5
AZE,влажные салфетк,5
AZE,instant coffee,5
AZE,laix,5
AZE,səhər ye,5
AZE,badımcan kürü,5
AZE,hendr,5
AZE,grabster,5
AZE,сыо,5
AZE,qatılaşdırıl,5
AZE,digestive,5
AZE,yaf,5
AZE,Xirda,5
AZE,для снятия,5
AZE,sena,5
AZE,сушеная,5
AZE,утен,5
AZE,ваф,5
AZE,sanse,5
AZE,jann,5
AZE,tetra,5
AZE,liq,5
AZE,metbex kagi,5
AZE,кофе зерна,5
AZE,üaymaq,5
AZE,guneba,5
AZE,ez,5
AZE,map,5
AZE,mae,5
AZE,meyveler,5
AZE,duzdu,5
AZE,wal,5
AZE,baku,5
AZE,сосиськи,5
AZE,suşi nori,5
AZE,картоыель,5
AZE,corek tendir,5
AZE,turmeric,5
AZE,cugu,5
AZE,Araz m,5
AZE,persil a,5
AZE,əfs,5
AZE,красная фасоль,5
AZE,jinn,5
AZE,Dond,5
AZE,kerr,5
AZE,marshic,5
AZE,kofe dənə,5
AZE,Winston m,5
AZE,krispi,5
AZE,herb,5
AZE,blon,5
AZE,halap,5
AZE,5 li,5
AZE,Molped normal,5
AZE,bibır,5
AZE,nodd,5
AZE,vanya,5
AZE,Мука,5
AZE,m&m',5
AZE,gunebax,5
AZE,lobiya,5
AZE,vant,5
AZE,karon,5
AZE,mərcam,5
AZE,tequil,5
AZE,Qati,5
AZE,OGX,5
AZE,diş ipi,5
AZE,fov,5
AZE,vulcano,5
AZE,cur,5
AZE,berqq,5
AZE,klet,5
AZE,кухо,5
AZE,корнишон,5
AZE,воск,5
AZE,air fre,5
AZE,curma,5
AZE,cup noodles,5
AZE,dog food,5
AZE,dr pe,5
AZE,cocos,5
AZE,asti,5
AZE,lolip,5
AZE,подсолн,5
AZE,kinder egg,5
AZE,pringel,5
AZE,torres,5
AZE,апе,5
AZE,tarak,5
AZE,kagor,5
AZE,alcopo,5
AZE,сахар песок,5
AZE,Огур,5
AZE,kolbasa doktor,5
AZE,bubl,5
AZE,yayma,5
AZE,вешалка,5
AZE,плавленый,5
AZE,наггет,5
AZE,Barilla Penne Rigate 450q,5
AZE,jalep,5
AZE,dry shampoo,5
AZE,green bean,5
AZE,sobi,5
AZE,qab sungeri,5
AZE,vik,5
AZE,morojn,5
AZE,хлебцв,5
AZE,vips,5
AZE,камамб,5
AZE,сладкая,5
AZE,yoğur,5
AZE,верм,5
AZE,Baliq,5
AZE,qatiq mi,5
AZE,plus o,5
AZE,cool can,5
AZE,Агуша,5
AZE,яшкин,5
AZE,Çörə,5
AZE,cis,5
AZE,фольг,5
AZE,straciatella,5
AZE,su bidon,5
AZE,первол,5
AZE,ayaqqab,5
AZE,zeytun tumlu,5
AZE,fuse tea 1,5
AZE,spicy noodles,5
AZE,qam,5
AZE,протеиновое,5
AZE,сред,5
AZE,marmel,5
AZE,fındığ,5
AZE,Fus,5
AZE,dil pendiri,5
AZE,scho,5
AZE,sb,5
AZE,Sü,5
AZE,sweet corn,5
AZE,blak,5
AZE,nabat,5
AZE,fruti,5
AZE,deodrant,5
AZE,твороженый сыр,5
AZE,Pınar,5
AZE,pechenye,5
AZE,Qaz,5
AZE,huggies elit,5
AZE,yurdu,5
AZE,конд,5
AZE,üç i,5
AZE,хотдог,5
AZE,bistr,5
AZE,одивки,5
AZE,кокакола,5
AZE,molodci,5
AZE,париезан,5
AZE,birdefelik,5
AZE,berett,5
AZE,uşaq be,5
AZE,evel,5
AZE,tah,5
AZE,Finish,5
AZE,noxid,5
AZE,помидоры в,5
AZE,виног,5
AZE,cappy a,5
AZE,rosheb,5
AZE,eti pe,5
AZE,против,5
AZE,tereaa,5
AZE,cat li,5
AZE,zyn,5
AZE,kit ka,5
AZE,консерв,5
AZE,mustar,5
AZE,protein pinar,5
AZE,kindzmarauli,5
AZE,mal ət,5
AZE,бородинский,5
AZE,milla qatı,5
AZE,fantq,5
AZE,aglar,5
AZE,sucari,5
AZE,kalp,5
AZE,salfetka nəm,5
AZE,kedi dil,5
AZE,kletskaya,5
AZE,perl,5
AZE,kib,5
AZE,amerikano,5
AZE,сма,5
AZE,çay final,5
AZE,koy,5
AZE,maske,5
AZE,янтар,5
AZE,dezodor,5
AZE,parawok,5
AZE,maxit,5
AZE,sud lakto,5
AZE,biscolata mood,5
AZE,soyudulmuş,5
AZE,греча,5
AZE,палочки для ушей,5
AZE,kottex,5
AZE,Winsto,5
AZE,iran qaymaq,5
AZE,3 коро,5
AZE,woz,5
AZE,sokala,5
AZE,сухофрукт,5
AZE,Cornetto,5
AZE,belgian,5
AZE,ritt,5
AZE,сахарная пуд,5
AZE,пико,5
AZE,ag serab,5
AZE,svitlo,5
AZE,pringe,5
AZE,nar şerab,5
AZE,cpis,5
AZE,бела,5
AZE,misir unu,5
AZE,mr djemius,5
AZE,qarabasak,5
AZE,молочные,5
AZE,zibil kloku,5
AZE,tteo,5
AZE,pae,5
AZE,дихло,5
AZE,süd bur,5
AZE,dış,5
AZE,plain,5
AZE,dove soap,5
AZE,rublevski,5
AZE,tesor,5
AZE,clipper,5
AZE,sipirt,5
AZE,sorba,5
AZE,макароны без глютена,5
AZE,kronenbourg,5
AZE,sero,5
AZE,qatilaş,5
AZE,пани,5
AZE,Mix,5
AZE,Golden,5
AZE,kral,5
AZE,doşab,5
AZE,ea,5
AZE,1000 bereket,5
AZE,йогрут,5
AZE,маца,5
AZE,tarçın,5
AZE,однора,5
AZE,qatilasdir,5
AZE,naq,5
AZE,protein bars,5
AZE,toyb,5
AZE,təravə,5
AZE,tom yam,5
AZE,lapş,5
AZE,bombas,5
AZE,сливи,5
AZE,freez,5
AZE,bişirme kağız,5
AZE,narşarab,5
AZE,farry,5
AZE,sokl,5
AZE,qara pal,5
AZE,skotç,5
AZE,zajiqalka,5
AZE,латя,5
AZE,vermə,5
AZE,пиво zero,5
AZE,миска,5
AZE,lapsa,5
AZE,пронто,5
AZE,подсолнечн,5
AZE,bergtea,5
AZE,taf,5
AZE,şirə sadı,5
AZE,salt &,5
AZE,paş,5
AZE,rengli biber,5
AZE,kanat,5
AZE,барбе,5
AZE,gh,5
AZE,1tam,5
AZE,tualet salfet,5
AZE,mionetto,5
AZE,sauvignon,5
AZE,Зубная паста,5
AZE,spring onions,5
AZE,capicino,5
AZE,saly,5
AZE,кек,5
AZE,mouth wash,5
AZE,kəp,5
AZE,azərşəkər,5
AZE,gourme,5
AZE,arıqlama,5
AZE,semeck,5
AZE,мыльница,5
AZE,cote,5
AZE,coke z,5
AZE,micro,5
AZE,сыр ко,5
AZE,3 d don,5
AZE,sammontan,5
AZE,miler,5
AZE,индейки,5
AZE,Carte Noir,5
AZE,qaymaq sü,5
AZE,моющие,5
AZE,17,5
AZE,bakılı qı,5
AZE,wolt market xalqlar,5
AZE,леж,5
AZE,cola 2l,5
AZE,детские,5
AZE,qamaq,5
AZE,aquwa,5
AZE,poneda,5
AZE,Qarabaşaq,5
AZE,deqt,5
AZE,bebem,5
AZE,gavalı qurusu,5
AZE,KINDER,5
AZE,gras,5
AZE,delverde,5
AZE,ıspanak,5
AZE,banvi,5
AZE,black bean,5
AZE,greec,5
AZE,sirke u,5
AZE,chicken sausage,5
AZE,kraket,5
AZE,ежед,5
AZE,scot,5
AZE,ree,5
AZE,Istisu,5
AZE,nut go,5
AZE,nəm salfer,5
AZE,perlov,5
AZE,хлн,5
AZE,lieb,5
AZE,qlob,5
AZE,sirab 10lt,5
AZE,alea,5
AZE,toyug file,5
AZE,buz qab,5
AZE,su 10 litr,5
AZE,хозяй,5
AZE,дубайский шоколад,5
AZE,yashi,5
AZE,shallot,5
AZE,psil,5
AZE,специи для курицы,5
AZE,wine red,5
AZE,fork,5
AZE,tortillas,5
AZE,bompari,5
AZE,brrad,5
AZE,авок,5
AZE,aspara,5
AZE,sirab prem,5
AZE,roshen ağ,5
AZE,uz yuma,5
AZE,qızılgül,5
AZE,bədən geli,5
AZE,вялен,5
AZE,Sari,5
AZE,şüşə tə,5
AZE,gub,5
AZE,добрый,5
AZE,sorbett,5
AZE,dove sensitive,5
AZE,yağ çözücü,5
AZE,sıvı yağ,5
AZE,сардина,5
AZE,стеви,5
AZE,bluber,5
AZE,marj,5
AZE,xoy,5
AZE,acı sous,5
AZE,Molped,5
AZE,koropl,5
AZE,gizeh xxl,5
AZE,save,5
AZE,гречкский,5
AZE,air freshener,5
AZE,saç şam,5
AZE,karyof,5
AZE,teok,5
AZE,гран,5
AZE,saxlama qab,5
AZE,Ülker Çokokrem 400q,5
AZE,ive,5
AZE,сну,5
AZE,qau,5
AZE,sponfu,5
AZE,soyuq i,5
AZE,spaghe,5
AZE,peçenye sport,5
AZE,yi,5
AZE,vanna,5
AZE,elcey,5
AZE,biber pastasi,5
AZE,сф,5
AZE,qahve,5
AZE,qulaq cop,5
AZE,salfw,5
AZE,mack,5
AZE,Super,5
AZE,anlara,5
AZE,Twister,5
AZE,таор,5
AZE,krivetk,5
AZE,Kök,5
AZE,savayardi,5
AZE,azər süd,5
AZE,salfetler,5
AZE,coconitto,5
AZE,простоквашено,5
AZE,prp,5
AZE,ramaşka,5
AZE,dr pep,5
AZE,kamam,5
AZE,sans,5
AZE,ariel ağ,5
AZE,дю,5
AZE,tarta,5
AZE,крем брюле,5
AZE,əsmər,5
AZE,kondom,5
AZE,pepesi,5
AZE,svi,5
AZE,stey,5
AZE,mamasitas,5
AZE,salfetla,5
AZE,şəpit,5
AZE,milli sosis,5
AZE,сладена,5
AZE,qurud,5
AZE,yuyucu t,5
AZE,индейк,5
AZE,metbex ka,5
AZE,fruktoviy,5
AZE,kanf,5
AZE,cole zero,5
AZE,lavabo açıcı,5
AZE,тест,5
AZE,fueste,5
AZE,gelat,5
AZE,ıce,5
AZE,eskim,5
AZE,waffers,5
AZE,winston xst,5
AZE,perwoo,5
AZE,jet,5
AZE,kolpa,5
AZE,halu,5
AZE,malbr,5
AZE,malbro,5
AZE,Огурцы,5
AZE,mosquita,5
AZE,alam,5
AZE,бази,5
AZE,сыр сливочный,5
AZE,şaba.,5
AZE,glutenfree,5
AZE,сахао,5
AZE,nar ekşisi,5
AZE,beypazar,5
AZE,компо,5
AZE,fon,5
AZE,herk,5
AZE,parça,5
AZE,su5,5
AZE,saçağ,5
AZE,mayonrz,5
AZE,творожн,5
AZE,berra,5
AZE,molpef,5
AZE,оливков,5
AZE,soqa,5
AZE,колв,5
AZE,acqua panna,5
AZE,pringlrs,5
AZE,Консервы,5
AZE,cristalex,5
AZE,slad,5
AZE,body cream,5
AZE,toxi,5
AZE,фан,5
AZE,inte,5
AZE,dud,5
AZE,jelebo,5
AZE,quaker,5
AZE,Lime,5
AZE,qizil q,5
AZE,təndir ç,5
AZE,havalan,5
AZE,corn st,5
AZE,brocoli,5
AZE,Крабовые палочки,5
AZE,coban,5
AZE,sauvignon blanc wine,5
AZE,xalapeno,5
AZE,bounti,5
AZE,70%,5
AZE,сне,5
AZE,Final,5
AZE,Pobeda,5
AZE,toalet,5
AZE,feu,5
AZE,vichy,5
AZE,cals,5
AZE,tutqu,5
AZE,карты,5
AZE,buldak ramen,5
AZE,мокороны,5
AZE,mezeler,5
AZE,shirniyyat,5
AZE,Gost,5
AZE,dominos,5
AZE,monstr,5
AZE,hass,5
AZE,fıstık ez,5
AZE,burger s,5
AZE,cristal,5
AZE,aci sous,5
AZE,şokala,5
AZE,çiğ k,5
AZE,bişm,5
AZE,basdır,5
AZE,мила,5
AZE,bocek,5
AZE,sirab 5L,5
AZE,perq,5
AZE,ən böyük,5
AZE,lotus bis,5
AZE,funco,5
AZE,aquafresh,5
AZE,tərav,5
AZE,Qay,5
AZE,oyunc,5
AZE,Lovita,5
AZE,wati,5
AZE,взбитые,5
AZE,ушны,5
AZE,pibə,5
AZE,зелёный лук,5
AZE,дом,5
AZE,su bon,5
AZE,sulu sa,5
AZE,кругл,5
AZE,disk pa,5
AZE,cooking oil,5
AZE,baltika 9,5
AZE,масло сливочн,5
AZE,hise ver,5
AZE,pampers prem,5
AZE,kruq,5
AZE,daban,5
AZE,Греческий йогурт,5
AZE,paint,5
AZE,карбонаоа,5
AZE,hughies,5
AZE,Sira,5
AZE,twilig,5
AZE,laktozsu,5
AZE,зубные щетки,5
AZE,цве,5
AZE,teraa,5
AZE,hədiyyə,5
AZE,бульд,5
AZE,çempion,5
AZE,atış,5
AZE,kifə,5
AZE,фини,5
AZE,лосос,5
AZE,telefon,5
AZE,масло ол,5
AZE,barl,5
AZE,йогурт ванильный,5
AZE,rusk,5
AZE,salt grinder,5
AZE,salfetlər,5
AZE,pomidpr,5
AZE,kava,5
AZE,marjan,5
AZE,qup,5
AZE,топленое,5
AZE,paniro,5
AZE,biotec,5
AZE,ıa,5
AZE,Попкорн,5
AZE,finish duz,5
AZE,altınba,5
AZE,artichoke,5
AZE,iki,5
AZE,sobranie cas,5
AZE,sobranie ca,5
AZE,swimming,5
AZE,finsh,5
AZE,qab şan,5
AZE,ağ şəra,5
AZE,kakou,5
AZE,budwe,5
AZE,kinder cou,5
AZE,meysa,5
AZE,патрон,5
AZE,kosmetika,5
AZE,meyvə ş,5
AZE,washing up,5
AZE,иясо,5
AZE,maresi,5
AZE,narsh,5
AZE,hosb,5
AZE,banana milk,5
AZE,almond butter,5
AZE,состс,5
AZE,carlsber,5
AZE,Xir,5
AZE,pinguin,5
AZE,cill,5
AZE,sfc,5
AZE,lipton yaşıl,5
AZE,чиабата,5
AZE,kellogs,5
AZE,misi,5
AZE,beauty iz -ordinary,5
AZE,parl,5
AZE,морская соль,5
AZE,toilet pape,5
AZE,gy,5
AZE,süd 1l,5
AZE,jigu,5
AZE,rice ca,5
AZE,lays 70,5
AZE,fillandiya,5
AZE,mais,5
AZE,menengiç,5
AZE,огруцы,5
AZE,Hacı,5
AZE,antibakt,5
AZE,Bio,5
AZE,acd,5
AZE,бумага для запекания,5
AZE,kopbasa,5
AZE,моча,5
AZE,huggies 1,5
AZE,şabalid,5
AZE,pensir,5
AZE,lys,5
AZE,nure,5
AZE,ulusu,5
AZE,isma,5
AZE,kirlangi,5
AZE,Salf,5
AZE,neskaf,5
AZE,yerfı,5
AZE,creatine,5
